row_idx,y,p,NCT_ID,Disease,Drug_Clean,Phase,risk_tolerance,confidence_tier,tier_threshold,p_adj
133,0,0.014525461534530538,NCT02847650,Parkinson's Disease,PF-06649751,Phase 2,55.0,B_serious_chronic,0.6,0.014525461534530538
243,1,0.21145073940940504,NCT05695378,Multiple System Atrophy,KM-819,Phase 2,85.0,A_tox_tolerated,0.65,0.21145073940940504
244,1,0.9970879806100132,NCT05583110,Metastatic Breast Cancer,tucatinib,Phase 2,88.0,A_tox_tolerated,0.65,0.9970879806100132
245,1,0.011781939333779912,NCT05930938,Neck Cancer,Xevinapant,Phase 3,85.0,A_tox_tolerated,0.65,0.011781939333779912
246,1,0.11856070702610488,NCT05360264,refracTory pAncreaTic cancEr,decitabine,Phase 2,95.0,A_tox_tolerated,0.65,0.11856070702610488
248,1,0.23505310731976242,NCT04706507,respiratory failure,ganciclovir,Phase 3,90.0,A_tox_tolerated,0.65,0.23505310731976242
249,1,0.11953053772825262,NCT05055258,"Angioedema, Hereditary, Types I and II",KVD824,Phase 2,55.0,B_serious_chronic,0.6,0.11953053772825262
250,1,0.3311009388628072,NCT04820842,Narcolepsy Type 1 (NT 1),TAK-994,Phase 2,35.0,C_benign,0.5,0.3311009388628072
251,1,0.30749736980973585,NCT04398134,Chronic Hepatitis B,ABI-H2158,Phase 2,55.0,B_serious_chronic,0.6,0.30749736980973585
252,1,0.2139947386300415,NCT04220411,"Dermatitis, Atopic",AR100DP1,Phase 2,20.0,C_benign,0.5,0.2139947386300415
254,1,0.48433786156917363,NCT04209621,Ibrutinib-Resistant Chronic Lymphocytic Leukemia,duvelisib,Phase 2,82.0,A_tox_tolerated,0.65,0.48433786156917363
256,1,0.6504398266163627,NCT04220632,"GVHD,Acute",Itacitinib,Phase 2,80.0,A_tox_tolerated,0.65,0.6504398266163627
258,1,0.3311009388628072,NCT04096560,Narcolepsy Type 1 (NT1); Narcolepsy Type 2 (NT2),TAK-994,Phase 2,35.0,C_benign,0.5,0.3311009388628072
259,1,0.7017724671525452,NCT03718143,Acute Myeloid Leukemia,AZD1775 only,Phase 2,90.0,A_tox_tolerated,0.65,0.7017724671525452
260,1,0.6990437532603767,NCT03953677,Septic Shock; Vasopressor Resistance,Dexmedetomidine,Phase 3,88.0,A_tox_tolerated,0.65,0.6990437532603767
261,1,0.13043015890884918,NCT03377309,Amyotrophic Lateral Sclerosis,perampanel,Phase 2,95.0,A_tox_tolerated,0.65,0.13043015890884918
262,1,0.13645559554280565,NCT04165031,Advanced Solid Tumor; Non-Small Cell Lung Cancer; Colorectal Cancer,LY3499446,Phase 2,90.0,A_tox_tolerated,0.65,0.13645559554280565
263,1,0.7508419903379892,NCT03301415,Congenital Cytomegalovirus Infection,valganciclovir,Phase 2,55.0,B_serious_chronic,0.6,0.7508419903379892
264,1,0.8545071082888386,NCT03531827,Prostate Cancer,enzalutamide,Phase 2,72.0,A_tox_tolerated,0.65,0.8545071082888386
267,1,0.46909278164114027,NCT03729297,Gland Cancer,cabozantinib,Phase 2,75.0,A_tox_tolerated,0.65,0.46909278164114027
269,1,0.21359679144753496,NCT03436420,Non-Alcoholic Fatty Liver Disease,Gemcabene,Phase 2,40.0,B_serious_chronic,0.6,0.21359679144753496
271,1,0.31456012072879547,NCT03450707,Cardiac Arrest,Thiamine,Phase 2,95.0,A_tox_tolerated,0.65,0.31456012072879547
272,1,0.9981763021553925,NCT03093272,Prostate Cancer,apalutamide,Phase 2,72.0,A_tox_tolerated,0.65,0.9981763021553925
273,1,0.6746205134853528,NCT03373422,Endometriosis,BAY1128688,Phase 2,20.0,C_benign,0.5,0.6746205134853528
274,1,0.9999999999928724,NCT03131453,Alzheimer's Disease,CNP520,Phase 2/3,60.0,B_serious_chronic,0.6,0.9999999999928724
275,1,0.6248821182838828,NCT03381118,Acute Myeloid Leukemia,cytarabine,Phase 2,90.0,A_tox_tolerated,0.65,0.6248821182838828
277,1,0.678546227014034,NCT02722369,Lung Cancer,hydroxychloroquine,Phase 2,90.0,A_tox_tolerated,0.65,0.678546227014034
278,1,0.7483183825449157,NCT02874651,Nasopharyngeal Carcinoma,Apatinib,Phase 2,85.0,A_tox_tolerated,0.65,0.7483183825449157
279,1,0.44961283650912576,NCT02618577,Atrial High Rate Episodes,edoxaban,Phase 3,40.0,B_serious_chronic,0.6,0.44961283650912576
280,1,0.9999999734004044,NCT02956486,Alzheimer's Disease,Elenbecestat,Phase 3,60.0,B_serious_chronic,0.6,0.9999999734004044
281,1,0.388892214776369,NCT02711137,Solid Tumors,INCB057643,Phase 2,85.0,A_tox_tolerated,0.65,0.388892214776369
282,1,0.4378481132950293,NCT02820519,Neuropathic Pain,loxapine,Phase 2,30.0,C_benign,0.5,0.4378481132950293
283,1,0.9999719466166604,NCT02585388,Metastatic Breast Cancer,anastrozole,Phase 2,88.0,A_tox_tolerated,0.65,0.9999719466166604
284,1,0.35560732145241597,NCT02489500,AL Amyloidosis,Bortezomib,Phase 3,85.0,A_tox_tolerated,0.65,0.35560732145241597
285,1,0.7750787871471377,NCT02439138,Waldenstrom's Macroglobulinemia,idelalisib,Phase 2,72.0,A_tox_tolerated,0.65,0.7750787871471377
286,1,0.6722998735481223,NCT02495233,Lung Cancer,gilteritinib,Phase 2,90.0,A_tox_tolerated,0.65,0.6722998735481223
287,1,0.9999991295789762,NCT02585388,Metastatic Breast Cancer,letrozole,Phase 2,88.0,A_tox_tolerated,0.65,0.9999991295789762
288,1,0.9999411400272503,NCT02457910,Metastatic Breast Cancer,Taselisib,Phase 2,88.0,A_tox_tolerated,0.65,0.9999411400272503
289,1,0.06478063194331003,NCT02443194,Depression,duloxetine,Phase 3,40.0,B_serious_chronic,0.6,0.06478063194331003
293,1,0.8457182368682694,NCT02173756,Cancer,morphine,Phase 3,85.0,A_tox_tolerated,0.65,0.8457182368682694
294,1,0.19686912238313573,NCT01954082,retinopathy of prematurity,myo-Inositol 5%,Phase 3,55.0,B_serious_chronic,0.6,0.19686912238313573
295,1,0.8386339630015638,NCT01808950,Cell Carcinoma,0.06% Resiquimod - C,Phase 2,85.0,A_tox_tolerated,0.65,0.8386339630015638
296,1,0.10850472881366194,NCT01888965,Colorectal and Pancreas Cancer,Dovitinib,Phase 2,95.0,A_tox_tolerated,0.65,0.10850472881366194
297,1,0.16088933182220147,NCT01761747,Squamous Cell Lung and Head and Neck Cancer,ponatinib,Phase 2/3,88.0,A_tox_tolerated,0.65,0.16088933182220147
299,1,0.1100685547365585,NCT01266070,Von Hippel-Lindau Syndrome,Dovitinib,Phase 2,72.0,A_tox_tolerated,0.65,0.1100685547365585
300,1,0.9999999998623016,NCT01560585,Alzheimer's Disease,isotretinoin,Phase 2,60.0,B_serious_chronic,0.6,0.9999999998623016
301,1,0.009686081827740467,NCT00978432,Cell Lymphoma,panobinostat,Phase 2,85.0,A_tox_tolerated,0.65,0.009686081827740467
302,1,0.008246572202819857,NCT01792635,Type 2 Diabetes Mellitus,PF-05175157,Phase 2,40.0,B_serious_chronic,0.6,0.008246572202819857
303,1,0.4095241486913337,NCT01631279,"Unspecified Adult Solid Tumor, Protocol Specific",TH-4000 (Tarloxotinib),Phase 2,88.0,A_tox_tolerated,0.65,0.4095241486913337
305,1,0.19400409604074606,NCT01611662,Bladder Cancer,gemcitabine,Phase 2,75.0,A_tox_tolerated,0.65,0.19400409604074606
306,1,0.01256541961057751,NCT01319539,Breast Cancer,Akt Inhibitor MK2206,Phase 2,75.0,A_tox_tolerated,0.65,0.01256541961057751
307,1,0.005800447666861053,NCT01351675,Type 2 Diabetes,Bardoxolone Methyl:,Phase 3,40.0,B_serious_chronic,0.6,0.005800447666861053
308,1,0.8940488180162219,NCT01491633,Lung Cancer,Dasatinib,Phase 2,90.0,A_tox_tolerated,0.65,0.8940488180162219
309,1,0.9999999999981704,NCT01483690,Acute Lymphoblastic Leukemia; Precursor B-Cell Lymphoblastic Leukemia; Precursor T-Cell Lymphoblastic Leukemia,decitabine,Phase 2,90.0,A_tox_tolerated,0.65,0.9999999999981704
310,1,1.0,NCT01483690,Acute Lymphoblastic Leukemia; Precursor B-Cell Lymphoblastic Leukemia; Precursor T-Cell Lymphoblastic Leukemia,vorinostat,Phase 2,90.0,A_tox_tolerated,0.65,1.0
311,1,0.27458883612088425,NCT01277510,"Chronic Kidney Disease; Hyperparathyroidism; Hyperparathyroidism, Secondary; Kidney Disease; Secondary Hyperparathyroidism",cinacalcet,Phase 3,60.0,B_serious_chronic,0.6,0.27458883612088425
312,1,0.6645497139804368,NCT01388647,Operable HER2 Positive Breast Cancer,eribulin,Phase 2,80.0,A_tox_tolerated,0.65,0.6645497139804368
313,1,0.2080154276477244,NCT01151137,Atrial Fibrillation,dronedarone,Phase 3,45.0,B_serious_chronic,0.6,0.2080154276477244
314,1,0.999976620152772,NCT01108458,Pancreatic Cancer,Erlotinib,Phase 2,95.0,A_tox_tolerated,0.65,0.999976620152772
315,1,0.11296886725596775,NCT01127542,Chronic Lymphocytic Leukaemia,lenalidomide,Phase 2,70.0,A_tox_tolerated,0.65,0.11296886725596775
316,1,0.08462952524928644,NCT01179737,Pulmonary Arterial Hypertension,nilotinib,Phase 2,80.0,A_tox_tolerated,0.65,0.08462952524928644
317,1,0.01043704050261629,NCT01204853,"Hypertension, Pulmonary",sitaxentan,Phase 3,80.0,A_tox_tolerated,0.65,0.01043704050261629
318,1,0.010526798639702451,NCT01210443,"Hypertension, Pulmonary",sitaxentan,Phase 3,80.0,A_tox_tolerated,0.65,0.010526798639702451
319,1,0.33420751845662866,NCT00796510,Pulmonary Arterial Hypertension; Pulmonary Hypertension,sitaxentan,Phase 3,80.0,A_tox_tolerated,0.65,0.33420751845662866
320,0,0.006906663134133195,NCT07194694,Pain,bupivacaine,Phase 3,15.0,C_benign,0.5,0.006906663134133195
321,0,0.37571540480649723,NCT06576882,Helicobacter Pylori Infection; Gastritis; Vonoprazan; Adolescents,amoxicillin,Phase 3,28.0,C_benign,0.5,0.37571540480649723
322,0,0.21948407611577908,NCT06318481,"Stent Thrombosis; Myocardial Infarction, Acute",clopidogrel,Phase 3,82.0,A_tox_tolerated,0.65,0.21948407611577908
323,0,0.0162864356039109,NCT06192108,Type 2 Diabetes,dapagliflozin,Phase 3,40.0,B_serious_chronic,0.6,0.0162864356039109
324,0,0.01631557038464817,NCT06415773,Type 2 Diabetes,dapagliflozin,Phase 3,40.0,B_serious_chronic,0.6,0.01631557038464817
325,0,0.022964809732768286,NCT07028697,insomnia,daridorexant,Phase 3,15.0,C_benign,0.5,0.022964809732768286
326,0,0.011031760845373762,NCT07289945,Early Recovery in Elderly Patients; Cognitive Function,desflurane,Phase 3,10.0,C_benign,0.5,0.011031760845373762
327,0,0.006798412830123812,NCT05214911,allergic rhinitis,desloratadine,Phase 3,8.0,C_benign,0.5,0.006798412830123812
328,0,0.2751814507707996,NCT07326904,Gastro Oesophageal Reflux Disease,esomeprazole,Phase 3,20.0,C_benign,0.5,0.2751814507707996
329,0,0.16295016227151765,NCT06590870,Procedural Pain,fentanyl,Phase 3,8.0,C_benign,0.5,0.16295016227151765
330,0,0.7170147690124489,NCT06206408,hot flashes,fezolinetant,Phase 3,8.0,C_benign,0.5,0.7170147690124489
331,0,0.17469750547567053,NCT06685679,"Neonatal Diseases and Abnormalities; Neonatal Mortality; Pulmonary Arterial Hypertension; Pulmonary Arterial Hypertension, Children",melatonin,Phase 3,50.0,B_serious_chronic,0.6,0.17469750547567053
332,0,0.16526045752701543,NCT05486416,General Anesthesia,propofol,Phase 3,10.0,C_benign,0.5,0.16526045752701543
333,0,0.005881869074949986,NCT06391931,Anesthesia,propofol,Phase 3,15.0,C_benign,0.5,0.005881869074949986
334,0,0.4489711860500831,NCT06714669,intraoperative hypotension,remimazolam,Phase 3,45.0,B_serious_chronic,0.6,0.4489711860500831
335,0,0.13259641394334146,NCT06744777,Dengue Hemorrhagic Fever,ribavirin,Phase 3,80.0,A_tox_tolerated,0.65,0.13259641394334146
336,0,0.007116241877730456,NCT07289945,Early Recovery in Elderly Patients; Cognitive Function,sevoflurane,Phase 3,10.0,C_benign,0.5,0.007116241877730456
337,0,0.4941188646497093,NCT06466369,BPH With Other Lower Urinary Tract Symptoms,tadalafil,Phase 3,15.0,C_benign,0.5,0.4941188646497093
338,0,0.5244446189882785,NCT06258785,postoperative urinary retention,tizanidine,Phase 3,12.0,C_benign,0.5,0.5244446189882785
339,0,0.0023706690753013903,NCT05761574,Pain,acetaminophen,Phase 3,15.0,C_benign,0.5,0.0023706690753013903
340,0,0.006009719422628535,NCT05586971,gout,allopurinol,Phase 3,18.0,C_benign,0.5,0.006009719422628535
341,0,0.005374229271139286,NCT06088043,plaque psoriasis,apremilast,Phase 3,25.0,C_benign,0.5,0.005374229271139286
342,0,0.005374229271139286,NCT06108544,plaque psoriasis,apremilast,Phase 3,25.0,C_benign,0.5,0.005374229271139286
343,0,0.004286913076842191,NCT05861427,migraine,atogepant,Phase 3,20.0,C_benign,0.5,0.004286913076842191
344,0,0.31009701773288945,NCT05878093,Chronic Rhinosinusitis With Nasal Polyps,budesonide,Phase 3,15.0,C_benign,0.5,0.31009701773288945
345,0,0.007541289541616769,NCT06165679,hemodynamic instability,bupivacaine,Phase 3,80.0,A_tox_tolerated,0.65,0.007541289541616769
346,0,0.007117402728517841,NCT06616441,postoperative pain,bupivacaine,Phase 3,8.0,C_benign,0.5,0.007117402728517841
347,0,0.00345325973166708,NCT05682326,anemia,daprodustat,Phase 3,40.0,B_serious_chronic,0.6,0.00345325973166708
348,0,0.022805859642080328,NCT06010693,insomnia,daridorexant,Phase 3,15.0,C_benign,0.5,0.022805859642080328
349,0,0.19410743645457168,NCT05988671,Laparoscopic Cholecystectomy; Postoperative Nausea and Vomiting,dexamethasone,Phase 3,15.0,C_benign,0.5,0.19410743645457168
350,0,0.011256880538089643,NCT05763875,Hypercholesterolemia,ezetimibe,Phase 3,38.0,C_benign,0.5,0.011256880538089643
351,0,0.008906782941759972,NCT05692154,seasonal allergic rhinitis,fexofenadine,Phase 3,8.0,C_benign,0.5,0.008906782941759972
352,0,0.17781382971387458,NCT05690698,Hyperactive Delirium,haloperidol,Phase 3,40.0,B_serious_chronic,0.6,0.17781382971387458
353,0,0.3344112924588326,NCT05754996,hepatic encephalopathy,lactulose,Phase 3,75.0,A_tox_tolerated,0.65,0.3344112924588326
354,0,0.0124435991139761,NCT05794555,Cirrhosis,lactulose,Phase 3,80.0,A_tox_tolerated,0.65,0.0124435991139761
355,0,0.420335477821385,NCT05763823,Prevention of Cytomegalovirus Infection,letermovir,Phase 3,65.0,B_serious_chronic,0.6,0.420335477821385
356,0,0.12304932964365847,NCT06846307,traumatic brain injury,mannitol,Phase 3,82.0,A_tox_tolerated,0.65,0.12304932964365847
357,0,0.22558569627643799,NCT06103188,Anxiety; Preoperative Anxiety,melatonin,Phase 3,15.0,C_benign,0.5,0.22558569627643799
358,0,0.6319679728980112,NCT05680129,T2DM; Type 2 Diabetes Mellitus,metformin,Phase 3,40.0,B_serious_chronic,0.6,0.6319679728980112
360,0,0.14540605423981517,NCT06297954,upper gastrointestinal bleeding,metoclopramide,Phase 3,80.0,A_tox_tolerated,0.65,0.14540605423981517
361,0,0.37377527584170805,NCT05458609,Alcohol Use Disorder,naltrexone,Phase 3,40.0,B_serious_chronic,0.6,0.37377527584170805
362,0,0.1773783618542289,NCT05630833,Recurrent urinary tract infections,nitrofurantoin,Phase 3,25.0,C_benign,0.5,0.1773783618542289
363,0,0.010257567651962951,NCT05680870,in Cancer,omeprazole,Phase 3,85.0,A_tox_tolerated,0.65,0.010257567651962951
364,0,0.027538510247051673,NCT06165679,hemodynamic instability,prilocaine,Phase 3,80.0,A_tox_tolerated,0.65,0.027538510247051673
365,0,0.1766851737078552,NCT06091436,Infertility,progesterone,Phase 3,8.0,C_benign,0.5,0.1766851737078552
366,0,0.006844156568366633,NCT05615025,"Anesthesia, General; Neuromuscular Transmission Disorders",propofol,Phase 3,30.0,C_benign,0.5,0.006844156568366633
367,0,0.011403000974032528,NCT05836545,Healthy,remimazolam,Phase 3,5.0,C_benign,0.5,0.011403000974032528
368,0,0.011304022597547415,NCT06013345,atrial fibrillation,remimazolam,Phase 3,55.0,B_serious_chronic,0.6,0.011304022597547415
369,0,0.010467452469013283,NCT05810038,migraine,rimegepant,Phase 3,20.0,C_benign,0.5,0.010467452469013283
370,0,0.41195564697623616,NCT05779241,Schizophrenia; Schizoaffective Disorder,risperidone,Phase 3,62.0,B_serious_chronic,0.6,0.41195564697623616
371,0,0.05239219812279794,NCT05773846,Post-surgical Pain,ropivacaine,Phase 3,8.0,C_benign,0.5,0.05239219812279794
372,0,0.00774605824526482,NCT05615025,"Anesthesia, General; Neuromuscular Transmission Disorders",sevoflurane,Phase 3,30.0,C_benign,0.5,0.00774605824526482
373,0,0.19122771161349678,NCT06103825,sleep apnea,solriamfetol,Phase 3,40.0,B_serious_chronic,0.6,0.19122771161349678
374,0,0.27278410010544657,NCT05753670,Postoperative Retention of Urine,tamsulosin,Phase 3,15.0,C_benign,0.5,0.27278410010544657
375,0,0.004717332756333481,NCT06135415,actinic keratosis,tirbanibulin,Phase 3,18.0,C_benign,0.5,0.004717332756333481
376,0,0.21350265606914012,NCT06278402,Alopecia Areata; Alopecia Totalis; Alopecia Universalis,tofacitinib,Phase 3,10.0,C_benign,0.5,0.21350265606914012
377,0,0.329188446297543,NCT06215820,Acute Pain; Post Operative Pain; Pain,tramadol,Phase 3,8.0,C_benign,0.5,0.329188446297543
378,0,0.329188446297543,NCT06215859,Acute Pain; Post Operative Pain; Pain,tramadol,Phase 3,8.0,C_benign,0.5,0.329188446297543
379,0,0.22563450542253172,NCT05811676,"Hemorrhage, Postpartum; Placenta Previa",tranexamic acid,Phase 3,80.0,A_tox_tolerated,0.65,0.22563450542253172
380,0,0.0020446809325664673,NCT06288685,pain,triamcinolone,Phase 3,20.0,C_benign,0.5,0.0020446809325664673
381,0,0.005433317350759781,NCT06122649,plaque psoriasis,apremilast,Phase 3,25.0,C_benign,0.5,0.005433317350759781
382,0,0.15159576485755433,NCT05639946,neuropathic pain,brivaracetam,Phase 3,25.0,C_benign,0.5,0.15159576485755433
383,0,0.5643517303788317,NCT05726097,Colon Cancer; Inflammatory Bowel Diseases; Gastrointestinal Bleed; Colon Polyp,prucalopride,Phase 3,85.0,A_tox_tolerated,0.65,0.5643517303788317
384,0,0.2532522943648464,NCT05174065,palmoplantar pustulosis,apremilast,Phase 3,15.0,C_benign,0.5,0.2532522943648464
385,0,0.3979449824865456,NCT05216263,chronic migraine,atogepant,Phase 3,22.0,C_benign,0.5,0.3979449824865456
386,0,0.014956540031608822,NCT05311475,seasonal allergic rhinitis,azelastine,Phase 3,8.0,C_benign,0.5,0.014956540031608822
387,0,0.0023524514519024597,NCT05292586,asthma,beclomethasone dipropionate,Phase 3,42.0,B_serious_chronic,0.6,0.0023524514519024597
388,0,0.3136880209314193,NCT05656027,presbyopia,brimonidine,Phase 3,5.0,C_benign,0.5,0.3136880209314193
389,0,0.00688660202764837,NCT05624151,pain,bupivacaine,Phase 3,20.0,C_benign,0.5,0.00688660202764837
390,0,0.2641631643715729,NCT05430217,Vertigo; Autonomic Dysfunction,buspirone,Phase 3,30.0,C_benign,0.5,0.2641631643715729
391,0,0.017254662587379666,NCT05485805,Pain,caffeine,Phase 3,15.0,C_benign,0.5,0.017254662587379666
392,0,0.0068146788063787374,NCT05439616,autism spectrum disorder,cariprazine,Phase 3,20.0,C_benign,0.5,0.0068146788063787374
394,0,0.15365231880417268,NCT05196347,Chronic Kidney Diseases,dapagliflozin,Phase 3,60.0,B_serious_chronic,0.6,0.15365231880417268
395,0,0.42134533905859844,NCT05438875,purpura,eltrombopag,Phase 3,40.0,B_serious_chronic,0.6,0.42134533905859844
396,0,0.14035307417348336,NCT05364190,Chronic Heart Failure; Acute Heart Failure; Diabetes Mellitus,empagliflozin,Phase 3,80.0,A_tox_tolerated,0.65,0.14035307417348336
397,0,0.005488748995832316,NCT05950061,Major Depressive Disorder,escitalopram,Phase 3,42.0,B_serious_chronic,0.6,0.005488748995832316
398,0,0.44908852410345707,NCT05617820,Dyspareunia,estradiol,Phase 3,12.0,C_benign,0.5,0.44908852410345707
399,0,0.23351476973505497,NCT05570292,Gastric Residual Volume,folic acid,Phase 3,8.0,C_benign,0.5,0.23351476973505497
400,0,0.10638019115717734,NCT05620641,Post Operative Nausea and Vomiting; Sleeve Gastrectomy; Morbid Obesity,gabapentin,Phase 3,30.0,C_benign,0.5,0.10638019115717734
402,0,0.008613336631754186,NCT05475665,Essential Hypertension,irbesartan,Phase 3,40.0,B_serious_chronic,0.6,0.008613336631754186
403,0,0.008616637572403408,NCT05476354,Essential Hypertension,irbesartan,Phase 3,40.0,B_serious_chronic,0.6,0.008616637572403408
404,0,0.0017897424296047016,NCT03941860,Multiple Myeloma,ixazomib citrate,Phase 3,82.0,A_tox_tolerated,0.65,0.0017897424296047016
405,0,0.09476439613477332,NCT05233566,Postoperative Depression,ketamine,Phase 3,30.0,C_benign,0.5,0.09476439613477332
406,0,0.0032801789033487074,NCT05291598,total hip arthroplasty,ketorolac,Phase 3,25.0,C_benign,0.5,0.0032801789033487074
407,0,0.18484610271093138,NCT05629390,blepharitis,lotilaner,Phase 3,6.0,C_benign,0.5,0.18484610271093138
408,0,0.8024947219256383,NCT05167825,Pulmonary Arterial Hypertension,macitentan,Phase 3,80.0,A_tox_tolerated,0.65,0.8024947219256383
409,0,0.005119236839321495,NCT05137717,cytomegalovirus infection,maribavir,Phase 3,55.0,B_serious_chronic,0.6,0.005119236839321495
410,0,0.33523408947576516,NCT05174416,hypertrophic cardiomyopathy,mavacamten,Phase 3,70.0,A_tox_tolerated,0.65,0.33523408947576516
411,0,0.26401092890456185,NCT05414175,cardiomyopathy,mavacamten,Phase 3,75.0,A_tox_tolerated,0.65,0.26401092890456185
413,0,0.09930377875655043,NCT04979806,Complicated Urinary Tract Infection; Acute Pyelonephritis,meropenem,Phase 3,55.0,B_serious_chronic,0.6,0.09930377875655043
414,0,0.6437847326623678,NCT04826692,Huntington Disease,metformin,Phase 3,82.0,A_tox_tolerated,0.65,0.6437847326623678
415,0,0.00556076914134318,NCT05280496,Diabetes,metformin,Phase 3,40.0,B_serious_chronic,0.6,0.00556076914134318
416,0,0.47655996949078816,NCT05413369,Type 2 Diabetes Mellitus,metformin,Phase 3,40.0,B_serious_chronic,0.6,0.47655996949078816
417,0,0.28246821454436977,NCT05722951,Epilepsy,metformin,Phase 3,58.0,B_serious_chronic,0.6,0.28246821454436977
418,0,0.22661944815388227,NCT05097326,Labor induction,mifepristone,Phase 3,40.0,B_serious_chronic,0.6,0.22661944815388227
419,0,0.10072012089444174,NCT05097326,Labor induction,misoprostol,Phase 3,40.0,B_serious_chronic,0.6,0.10072012089444174
420,0,0.10070007683854121,NCT05424445,Labor induction,misoprostol,Phase 3,40.0,B_serious_chronic,0.6,0.10070007683854121
421,0,0.5054937162895583,NCT05355974,Anesthesia-induced hypotension,norepinephrine,Phase 3,30.0,C_benign,0.5,0.5054937162895583
422,0,0.19376739263916296,NCT05027802,fibrodysplasia ossificans progressiva,palovarotene,Phase 3,75.0,A_tox_tolerated,0.65,0.19376739263916296
423,0,0.22060848462872085,NCT05223166,excessive daytime sleepiness,pitolisant,Phase 3,18.0,C_benign,0.5,0.22060848462872085
424,0,0.22068072132098981,NCT05458128,idiopathic hypersomnia,pitolisant,Phase 3,15.0,C_benign,0.5,0.22068072132098981
425,0,0.16554045226483632,NCT05478174,General Anesthesia,propofol,Phase 3,10.0,C_benign,0.5,0.16554045226483632
426,0,0.010467452469013283,NCT05399485,migraine,rimegepant,Phase 3,20.0,C_benign,0.5,0.010467452469013283
427,0,0.005448268311922111,NCT05369793,type 2 diabetes mellitus,roflumilast,Phase 3,40.0,B_serious_chronic,0.6,0.005448268311922111
428,0,0.011196292931362529,NCT05301517,anemia,roxadustat,Phase 3,40.0,B_serious_chronic,0.6,0.011196292931362529
429,0,0.008499256666488875,NCT05950061,Major Depressive Disorder,sertraline,Phase 3,42.0,B_serious_chronic,0.6,0.008499256666488875
430,0,0.0069860763951987035,NCT05072704,total hip arthroplasty,sufentanil,Phase 3,25.0,C_benign,0.5,0.0069860763951987035
431,0,0.00519955176787692,NCT04937881,HIV infection,tenofovir alafenamide,Phase 3,62.0,B_serious_chronic,0.6,0.00519955176787692
432,0,0.2413808086174713,NCT06146478,Transfusion-dependent Beta-Thalassemia,thalidomide,Phase 3,62.0,B_serious_chronic,0.6,0.2413808086174713
433,0,0.484900490081972,NCT05429671,Total Knee Arthoplasty,tobramycin,Phase 3,18.0,C_benign,0.5,0.484900490081972
434,0,0.3296009939429177,NCT07043049,Shivering,tramadol,Phase 3,6.0,C_benign,0.5,0.3296009939429177
435,0,0.2682932767416558,NCT05601882,atopic dermatitis,upadacitinib,Phase 3,20.0,C_benign,0.5,0.2682932767416558
436,0,0.006326098257849288,NCT06248931,migraine,valproic acid,Phase 3,20.0,C_benign,0.5,0.006326098257849288
437,0,0.9861347821880828,NCT05320575,hemophagocytic lymphohistiocytosis,zanubrutinib,Phase 3,90.0,A_tox_tolerated,0.65,0.9861347821880828
438,0,0.006452404404137524,NCT05658380,Anesthesia,atropine,Phase 3,15.0,C_benign,0.5,0.006452404404137524
439,0,0.08174518245195297,NCT06948513,Pain Management,ibuprofen,Phase 3,15.0,C_benign,0.5,0.08174518245195297
441,0,0.006298835370506617,NCT04956432,gout,allopurinol,Phase 3,18.0,C_benign,0.5,0.006298835370506617
442,0,0.3981187247436847,NCT04829747,chronic migraine,atogepant,Phase 3,22.0,C_benign,0.5,0.3981187247436847
443,0,0.35926683748306604,NCT04476420,oral submucous fibrosis,betamethasone valerate,Phase 3,30.0,C_benign,0.5,0.35926683748306604
444,0,0.006947396943153383,NCT04825704,Pain,bupivacaine,Phase 3,15.0,C_benign,0.5,0.006947396943153383
445,0,0.00687133521432981,NCT04974385,pain,bupivacaine,Phase 3,20.0,C_benign,0.5,0.00687133521432981
446,0,0.22915280139061123,NCT05171179,Mammaplasty,bupivacaine,Phase 3,5.0,C_benign,0.5,0.22915280139061123
448,0,0.009878977482902429,NCT04345796,Tricuspid Regurgitation; Right Ventricular Dilatation,carvedilol,Phase 3,62.0,B_serious_chronic,0.6,0.009878977482902429
449,0,0.2633682651820884,NCT06754410,Lower Ureteric Stones,cetirizine,Phase 3,20.0,C_benign,0.5,0.2633682651820884
450,0,0.6926344784503584,NCT04847947,Pre-frail Elderly,vitamin D3,Phase 3,25.0,C_benign,0.5,0.6926344784503584
452,0,0.20668358353993468,NCT06120725,Ischemic Stroke,clopidogrel,Phase 3,82.0,A_tox_tolerated,0.65,0.20668358353993468
455,0,0.0032672880278346917,NCT04765371,Coronavirus Infection,dexamethasone,Phase 3,70.0,A_tox_tolerated,0.65,0.0032672880278346917
456,0,0.003538047390223742,NCT04707352,Heart Failure,dapagliflozin,Phase 3,80.0,A_tox_tolerated,0.65,0.003538047390223742
457,0,0.025478441385046534,NCT04636671,Covid19; Viral Pneumonia Human Coronavirus; Severe Acute Respiratory Syndrome,dexamethasone,Phase 3,85.0,A_tox_tolerated,0.65,0.025478441385046534
458,0,0.19448539663776795,NCT04655144,Post Uterine Artery Embolization Pain,dexamethasone,Phase 3,10.0,C_benign,0.5,0.19448539663776795
460,0,0.19417234482606308,NCT04976777,Macular Edema,dexamethasone,Phase 3,25.0,C_benign,0.5,0.19417234482606308
461,0,0.19407724987424607,NCT05564286,Chemoradiotherapy in Cervical Cancer,dexamethasone,Phase 3,85.0,A_tox_tolerated,0.65,0.19407724987424607
462,0,0.14786343022090875,NCT05001555,low back pain,dexketoprofen,Phase 3,12.0,C_benign,0.5,0.14786343022090875
463,0,0.002812624298063815,NCT04940390,migraine,dihydroergotamine,Phase 3,20.0,C_benign,0.5,0.002812624298063815
464,0,0.004850302852011867,NCT05083923,Multiple Sclerosis,diroximel fumarate,Phase 3,60.0,B_serious_chronic,0.6,0.004850302852011867
465,0,0.7403210578718182,NCT04504812,Improving Outcomes in People With Knee Osteoarthritis Pain,duloxetine,Phase 3,20.0,C_benign,0.5,0.7403210578718182
466,0,0.44816550296456337,NCT04730037,CTEPH,edoxaban,Phase 3,80.0,A_tox_tolerated,0.65,0.44816550296456337
467,0,0.003123413690289878,NCT04345796,Tricuspid Regurgitation; Right Ventricular Dilatation,empagliflozin,Phase 3,62.0,B_serious_chronic,0.6,0.003123413690289878
468,0,0.8293872900469342,NCT04934722,Prostate Cancer,enzalutamide,Phase 3,72.0,A_tox_tolerated,0.65,0.8293872900469342
470,0,0.895735197537341,NCT04774380,Lung Cancer,etoposide,Phase 3,90.0,A_tox_tolerated,0.65,0.895735197537341
471,0,0.46647735649496036,NCT04878016,SCLC,etoposide,Phase 3,90.0,A_tox_tolerated,0.65,0.46647735649496036
473,0,0.003497213203748095,NCT05185284,COVID-19,favipiravir,Phase 3,75.0,A_tox_tolerated,0.65,0.003497213203748095
474,0,0.003636412830769742,NCT05137184,Acute Pain; Ambulances,fentanyl,Phase 3,12.0,C_benign,0.5,0.003636412830769742
475,0,0.2953648837063625,NCT05848492,Invasive Candidiases,fluconazole,Phase 3,82.0,A_tox_tolerated,0.65,0.2953648837063625
476,0,0.10195090113001323,NCT04629703,pneumonia,fostamatinib,Phase 3,70.0,A_tox_tolerated,0.65,0.10195090113001323
477,0,0.006162765758003031,NCT04615624,preeclampsia,furosemide,Phase 3,75.0,A_tox_tolerated,0.65,0.006162765758003031
478,0,0.005850332122130442,NCT04752475,preeclampsia,furosemide,Phase 3,75.0,A_tox_tolerated,0.65,0.005850332122130442
479,0,0.004105974001124069,NCT05093621,heart failure,furosemide,Phase 3,80.0,A_tox_tolerated,0.65,0.004105974001124069
480,0,0.18175266123743183,NCT04935359,Metastatic Pancreatic Ductal Adenocarcinoma,gemcitabine,Phase 3,95.0,A_tox_tolerated,0.65,0.18175266123743183
481,0,0.4309394549300457,NCT04842604,Acute Myeloid Leukemia; Myelodysplastic Syndrome; Chronic Myelomonocytic Leukemia,glasdegib,Phase 3,90.0,A_tox_tolerated,0.65,0.4309394549300457
482,0,0.18407640903923211,NCT04918862,1mg Vs 3 mg of Granisetron,granisetron,Phase 3,10.0,C_benign,0.5,0.18407640903923211
483,0,0.0038122899002105636,NCT05087615,"Bariatric Surgery Candidate; Perioperative Complication; Nausea; Vomiting, Postoperative; Drug Effect",granisetron,Phase 3,25.0,C_benign,0.5,0.0038122899002105636
484,0,0.7784168686410018,NCT04750707,Sickle Cell Anemia in Children,hydroxyurea,Phase 3,65.0,B_serious_chronic,0.6,0.7784168686410018
485,0,0.006063334361571182,NCT04819776,bipolar I disorder,iloperidone,Phase 3,52.0,B_serious_chronic,0.6,0.006063334361571182
486,0,0.009935565394431922,NCT04684238,sedation,isoflurane,Phase 3,15.0,C_benign,0.5,0.009935565394431922
488,0,0.003965790584204054,NCT04955158,Sore Throat,ketamine,Phase 3,5.0,C_benign,0.5,0.003965790584204054
490,0,0.6037235642766463,NCT04874935,Breast Cancer,lansoprazole,Phase 3,75.0,A_tox_tolerated,0.65,0.6037235642766463
491,0,0.631311058223344,NCT07079540,Reflux Esophagitis,lansoprazole,Phase 3,22.0,C_benign,0.5,0.631311058223344
492,0,0.0062041383308861775,NCT04591353,total hip arthroplasty,lidocaine,Phase 3,25.0,C_benign,0.5,0.0062041383308861775
493,0,0.32604572666453346,NCT04775225,juvenile idiopathic arthritis,lidocaine,Phase 3,50.0,B_serious_chronic,0.6,0.32604572666453346
494,0,0.0057037761246161,NCT04985942,Major Depressive Disorder,lumateperone,Phase 3,42.0,B_serious_chronic,0.6,0.0057037761246161
495,0,0.0057037761246161,NCT05061706,Major Depressive Disorder,lumateperone,Phase 3,42.0,B_serious_chronic,0.6,0.0057037761246161
496,0,0.0055277391286321365,NCT05061719,Major Depressive Disorder,lumateperone,Phase 3,42.0,B_serious_chronic,0.6,0.0055277391286321365
497,0,0.5127218569627512,NCT04786873,isolated growth hormone deficiency type IA,macimorelin,Phase 3,30.0,C_benign,0.5,0.5127218569627512
500,0,0.6316168837975222,NCT04221750,Frailty; Sarcopenic Obesity; Aging,metformin,Phase 3,30.0,C_benign,0.5,0.6316168837975222
501,0,0.12496319435328125,NCT04807348,Type 2 Diabetes,metformin,Phase 3,40.0,B_serious_chronic,0.6,0.12496319435328125
502,0,0.019991894751668404,NCT05137184,Acute Pain; Ambulances,methoxyflurane,Phase 3,12.0,C_benign,0.5,0.019991894751668404
503,0,0.06357485513503609,NCT04636671,Covid19; Viral Pneumonia Human Coronavirus; Severe Acute Respiratory Syndrome,methylprednisolone,Phase 3,85.0,A_tox_tolerated,0.65,0.06357485513503609
505,0,0.0027590000094061653,NCT05087615,"Bariatric Surgery Candidate; Perioperative Complication; Nausea; Vomiting, Postoperative; Drug Effect",metoclopramide,Phase 3,25.0,C_benign,0.5,0.0027590000094061653
506,0,0.07842379254619883,NCT04927312,Complicated Intra-abdominal Infection,metronidazole,Phase 3,65.0,B_serious_chronic,0.6,0.07842379254619883
507,0,0.14123467807438372,NCT04624750,myotonic dystrophy type 1,mexiletine,Phase 3,65.0,B_serious_chronic,0.6,0.14123467807438372
508,0,0.012907662483754235,NCT04515186,mania,miltefosine,Phase 3,45.0,B_serious_chronic,0.6,0.012907662483754235
509,0,0.21539214622365876,NCT05065190,"Lung Diseases, Interstitial",nintedanib,Phase 3,75.0,A_tox_tolerated,0.65,0.21539214622365876
510,0,0.003715522263503446,NCT05276596,hypotension,norepinephrine,Phase 3,40.0,B_serious_chronic,0.6,0.003715522263503446
512,0,0.2978739666321307,NCT04779242,Community-acquired Pneumonia; Bacterial Pneumonia,omadacycline,Phase 3,60.0,B_serious_chronic,0.6,0.2978739666321307
513,0,0.0061224054054760165,NCT05087615,"Bariatric Surgery Candidate; Perioperative Complication; Nausea; Vomiting, Postoperative; Drug Effect",ondansetron,Phase 3,25.0,C_benign,0.5,0.0061224054054760165
514,0,0.004119359747144125,NCT04765371,Coronavirus Infection,prednisolone,Phase 3,70.0,A_tox_tolerated,0.65,0.004119359747144125
515,0,0.9692373725194819,NCT04887506,Prostate Cancer,prednisone,Phase 3,72.0,A_tox_tolerated,0.65,0.9692373725194819
516,0,0.003813006995267898,NCT04411836,malaria,primaquine,Phase 3,75.0,A_tox_tolerated,0.65,0.003813006995267898
517,0,0.005870802826934684,NCT04711837,Anesthesia,propofol,Phase 3,15.0,C_benign,0.5,0.005870802826934684
518,0,0.16936713304360393,NCT04958746,Gynecological Outpatient Surgery,propofol,Phase 3,12.0,C_benign,0.5,0.16936713304360393
519,0,0.0028276330194329847,NCT04940689,Anesthesia,remifentanil,Phase 3,15.0,C_benign,0.5,0.0028276330194329847
520,0,0.9999990969068276,NCT04800172,obesity,roflumilast,Phase 3,35.0,C_benign,0.5,0.9999990969068276
521,0,0.40898758039855954,NCT04676334,Metastatic Castration-Resistant Prostate Cancer; Ovarian Cancer; Epithelial Ovarian Cancer; Fallopian Tube Cancer; Peritoneal Cancer; Other Solid Tumor,rucaparib,Phase 3,92.0,A_tox_tolerated,0.65,0.40898758039855954
522,0,0.012439091966897697,NCT04921969,Atopic Dermatitis,ruxolitinib,Phase 3,20.0,C_benign,0.5,0.012439091966897697
523,0,0.6038177090273003,NCT04565990,"Hypertension, Pulmonary",selexipag,Phase 3,80.0,A_tox_tolerated,0.65,0.6038177090273003
524,0,0.8178848523211538,NCT04304261,"Diabetes Mellitus, Type 2; Cognitive Functions Confusion",sitagliptin,Phase 3,42.0,B_serious_chronic,0.6,0.8178848523211538
525,0,0.01362771870178392,NCT06413082,Hypertension,spironolactone,Phase 3,40.0,B_serious_chronic,0.6,0.01362771870178392
526,0,0.0271533894379004,NCT04411836,malaria,tafenoquine,Phase 3,75.0,A_tox_tolerated,0.65,0.0271533894379004
527,0,0.0024940107214611374,NCT05385744,Multiple Sclerosis,teriflunomide,Phase 3,60.0,B_serious_chronic,0.6,0.0024940107214611374
528,0,0.005496138447976473,NCT05093621,heart failure,torsemide,Phase 3,80.0,A_tox_tolerated,0.65,0.005496138447976473
529,0,0.22570328044224422,NCT04635007,"Cesarean Section Complications; Blood Loss, Surgical; Misoprostol; Tranexamic Acid",tranexamic acid,Phase 3,55.0,B_serious_chronic,0.6,0.22570328044224422
531,0,0.010153230367252464,NCT04707768,anemia of chronic kidney disease,vadadustat,Phase 3,48.0,B_serious_chronic,0.6,0.010153230367252464
534,0,0.7179202352458006,NCT05033886,hot flashes,fezolinetant,Phase 3,8.0,C_benign,0.5,0.7179202352458006
536,0,0.07693558058086651,NCT04472429,Anal Carcinoma,paclitaxel,Phase 3,80.0,A_tox_tolerated,0.65,0.07693558058086651
538,0,0.0026189600387716895,NCT04429022,"Pain, Postoperative",acetaminophen,Phase 3,8.0,C_benign,0.5,0.0026189600387716895
540,0,0.0033643483507074246,NCT04401579,COVID-19,baricitinib,Phase 3,75.0,A_tox_tolerated,0.65,0.0033643483507074246
544,0,0.4549394836612917,NCT05175066,Cardiomyopathies; Chemotherapy Effect; Diastolic Dysfunction; Systolic Dysfunction,bisoprolol,Phase 3,75.0,A_tox_tolerated,0.65,0.4549394836612917
545,0,0.0038204737958326797,NCT04258839,autism spectrum disorder,brexpiprazole,Phase 3,20.0,C_benign,0.5,0.0038204737958326797
546,0,0.18410433309797927,NCT03342027,HIV; Smoking Cessation,bupropion,Phase 3,62.0,B_serious_chronic,0.6,0.18410433309797927
547,0,0.014731769812715734,NCT04388319,Smoking Cessation,bupropion,Phase 3,25.0,C_benign,0.5,0.014731769812715734
548,0,0.9970936198921377,NCT04338269,Cell Carcinoma,cabozantinib,Phase 3,85.0,A_tox_tolerated,0.65,0.9970936198921377
550,0,0.0038308596260100635,NCT04429022,"Pain, Postoperative",celecoxib,Phase 3,8.0,C_benign,0.5,0.0038308596260100635
551,0,0.2645447504270602,NCT04237090,Breast Cancer; Lung Cancer; Ovarian Cancer; Oesophageal Cancer; Head Cancer Neck; Cervical Cancer; Endometrial Cancer,cetirizine,Phase 3,88.0,A_tox_tolerated,0.65,0.2645447504270602
556,0,0.22530004387350983,NCT04110340,"Plague, Bubonic; Plague, Pneumonic",ciprofloxacin,Phase 3,95.0,A_tox_tolerated,0.65,0.22530004387350983
560,0,0.3848564667568747,NCT04469465,Paroxysmal Nocturnal Hemoglobinuria,danicopan,Phase 3,80.0,A_tox_tolerated,0.65,0.3848564667568747
561,0,0.0036360237738914058,NCT04213677,Polycystic Ovary Syndrome,dapagliflozin,Phase 3,25.0,C_benign,0.5,0.0036360237738914058
562,0,0.1615503412245522,NCT04564742,Acute Myocardial Infarction; Heart Failure,dapagliflozin,Phase 3,82.0,A_tox_tolerated,0.65,0.1615503412245522
563,0,0.01648892834133193,NCT04634500,Type 2 Diabetes,dapagliflozin,Phase 3,40.0,B_serious_chronic,0.6,0.01648892834133193
564,0,0.19520312905871423,NCT04189107,"Analgesia; Surgery; Cancer of Head and Neck; Oropharyngeal Cancer; Carcinoma of Unknown Primary; Pain, Postoperative; Postoperative Pain",dexamethasone,Phase 3,80.0,A_tox_tolerated,0.65,0.19520312905871423
565,0,0.1946758393083658,NCT04509973,Covid19; Hypoxia,dexamethasone,Phase 3,80.0,A_tox_tolerated,0.65,0.1946758393083658
567,0,0.22819696122926106,NCT04890626,SARS-CoV-2 Infection,dexamethasone,Phase 3,55.0,B_serious_chronic,0.6,0.22819696122926106
568,0,0.1946438497321893,NCT05195242,COVID-19; Thrombosis Embolism; Bleeding,dexamethasone,Phase 3,80.0,A_tox_tolerated,0.65,0.1946438497321893
569,0,0.0027253777915957843,NCT04406649,migraine,dihydroergotamine,Phase 3,20.0,C_benign,0.5,0.0027253777915957843
570,0,0.04674874005964169,NCT04166331,Sepsis,dobutamine,Phase 3,82.0,A_tox_tolerated,0.65,0.04674874005964169
571,0,0.013506902118636099,NCT04079452,HIV-1 infection,doravirine,Phase 3,62.0,B_serious_chronic,0.6,0.013506902118636099
572,0,0.003242726638171245,NCT04157751,Heart Failure,empagliflozin,Phase 3,80.0,A_tox_tolerated,0.65,0.003242726638171245
573,0,0.011244563828565956,NCT04233801,Type 2 Diabetes,empagliflozin,Phase 3,40.0,B_serious_chronic,0.6,0.011244563828565956
575,0,0.336981281701752,NCT04032119,Gastric Neoplasm; Early Gastric Cancer,epinephrine,Phase 3,72.0,A_tox_tolerated,0.65,0.336981281701752
576,0,0.0058097975849134235,NCT04231331,valvular heart disease,ertugliflozin,Phase 3,65.0,B_serious_chronic,0.6,0.0058097975849134235
577,0,0.5344296353879585,NCT04476446,Esketamine Treatment in Participants With Treatment Resistant Depression,esketamine,Phase 3,55.0,B_serious_chronic,0.6,0.5344296353879585
579,0,0.44961562342198425,NCT04192266,PTSD,estradiol,Phase 3,40.0,B_serious_chronic,0.6,0.44961562342198425
580,0,0.8040708678470491,NCT04256421,Lung Cancer,etoposide,Phase 3,90.0,A_tox_tolerated,0.65,0.8040708678470491
581,0,0.8288307376842194,NCT04712903,Lung Cancer,etoposide,Phase 3,90.0,A_tox_tolerated,0.65,0.8288307376842194
582,0,0.13153242287558692,NCT03996369,Ulcerative Colitis,etrasimod,Phase 3,58.0,B_serious_chronic,0.6,0.13153242287558692
583,0,0.1321900006275402,NCT04706793,Ulcerative Colitis,etrasimod,Phase 3,58.0,B_serious_chronic,0.6,0.1321900006275402
586,0,0.0035475386899991523,NCT04542694,COVID-19,favipiravir,Phase 3,75.0,A_tox_tolerated,0.65,0.0035475386899991523
591,0,0.15977977799549944,NCT04128540,Aortic Coarctation; Erector Spinae Plane Block; Paediatric,fentanyl,Phase 3,55.0,B_serious_chronic,0.6,0.15977977799549944
593,0,0.7295816618210901,NCT04451226,hot flashes,fezolinetant,Phase 3,8.0,C_benign,0.5,0.7295816618210901
594,0,0.10635863809048915,NCT04230980,Post-Operative Pain,gabapentin,Phase 3,8.0,C_benign,0.5,0.10635863809048915
595,0,0.003775070109378653,NCT04429022,"Pain, Postoperative",gabapentin,Phase 3,8.0,C_benign,0.5,0.003775070109378653
596,0,0.11679523187855485,NCT04391569,status epilepticus,ganaxolone,Phase 3,88.0,A_tox_tolerated,0.65,0.11679523187855485
597,0,0.5200698010077038,NCT04193176,chronic cough,gefapixant,Phase 3,12.0,C_benign,0.5,0.5200698010077038
598,0,0.5201132697487847,NCT04193202,chronic cough,gefapixant,Phase 3,12.0,C_benign,0.5,0.5201132697487847
599,0,0.9408855172570446,NCT04182204,Cell Lymphoma,gemcitabine,Phase 3,85.0,A_tox_tolerated,0.65,0.9408855172570446
621,0,0.009295604905537113,NCT03588429,Anesthesia,isoflurane,Phase 3,15.0,C_benign,0.5,0.009295604905537113
622,0,0.01122258261911555,NCT05696509,valvular heart disease,isoflurane,Phase 3,65.0,B_serious_chronic,0.6,0.01122258261911555
623,0,0.00427039079290763,NCT04312048,pain,isosorbide mononitrate,Phase 3,20.0,C_benign,0.5,0.00427039079290763
624,0,0.003500546053988862,NCT04646694,Postoperative Pain,ketamine,Phase 3,8.0,C_benign,0.5,0.003500546053988862
625,0,0.0031588804733154287,NCT04429022,"Pain, Postoperative",ketorolac,Phase 3,8.0,C_benign,0.5,0.0031588804733154287
626,0,0.005534461864364282,NCT04627285,epilepsy,lacosamide,Phase 3,58.0,B_serious_chronic,0.6,0.005534461864364282
627,0,0.025649264240287663,NCT04549168,insomnia,lemborexant,Phase 3,15.0,C_benign,0.5,0.025649264240287663
628,0,0.9876849022471594,NCT04199104,Cell Carcinoma,lenvatinib,Phase 3,85.0,A_tox_tolerated,0.65,0.9876849022471594
629,0,0.2312709227783632,NCT04889118,Advanced Melanoma,lenvatinib,Phase 3,90.0,A_tox_tolerated,0.65,0.2312709227783632
630,0,0.9877005344101673,NCT05523323,Cell Carcinoma,lenvatinib,Phase 3,85.0,A_tox_tolerated,0.65,0.9877005344101673
631,0,0.28383334080794154,NCT06486870,PCOS (Polycystic Ovary Syndrome) of Bilateral Ovaries,letrozole,Phase 3,25.0,C_benign,0.5,0.28383334080794154
632,0,0.005895069485640292,NCT04500158,Pain,lidocaine,Phase 3,15.0,C_benign,0.5,0.005895069485640292
633,0,0.4497375783016532,NCT04285515,Depression,lumateperone,Phase 3,40.0,B_serious_chronic,0.6,0.4497375783016532
634,0,0.7520928786864468,NCT04185363,progressive familial intrahepatic cholestasis,maralixibat,Phase 3,75.0,A_tox_tolerated,0.65,0.7520928786864468
635,0,0.3350894779782904,NCT04349072,hypertrophic cardiomyopathy,mavacamten,Phase 3,70.0,A_tox_tolerated,0.65,0.3350894779782904
636,0,0.561677887875794,NCT04478721,Bacteremia,meropenem,Phase 3,75.0,A_tox_tolerated,0.65,0.561677887875794
637,0,0.6330486149465175,NCT04264897,Aging; Insulin Sensitivity; Chronic Disease; Mitochondria; Insulin Resistance,metformin,Phase 3,20.0,C_benign,0.5,0.6330486149465175
638,0,0.6316963060949218,NCT05921942,Colon Cancer,metformin,Phase 3,85.0,A_tox_tolerated,0.65,0.6316963060949218
639,0,0.013200531072322663,NCT04618497,pain,methoxyflurane,Phase 3,20.0,C_benign,0.5,0.013200531072322663
641,0,0.0037442243914257655,NCT03947827,Treatment Resistant Depression,minocycline,Phase 3,55.0,B_serious_chronic,0.6,0.0037442243914257655
642,0,0.0672451350701097,NCT04173494,Primary Myelofibrosis; Post-polycythemia Vera Myelofibrosis; Post-essential Thrombocythemia Myelofibrosis,momelotinib,Phase 3,78.0,A_tox_tolerated,0.65,0.0672451350701097
643,0,0.01750605716903795,NCT04433390,constipation,naloxegol,Phase 3,8.0,C_benign,0.5,0.01750605716903795
644,0,0.06540152280612295,NCT04538534,vasospastic angina,nicardipine,Phase 3,50.0,B_serious_chronic,0.6,0.06540152280612295
645,0,0.04525275748334319,NCT04317430,Diabetic Nephropathies,niclosamide,Phase 3,58.0,B_serious_chronic,0.6,0.04525275748334319
646,0,0.17939207401641613,NCT03925025,organophosphate poisoning,nimodipine,Phase 3,88.0,A_tox_tolerated,0.65,0.17939207401641613
649,0,0.17747003627803654,NCT04187144,Recurrent urinary tract infections,nitrofurantoin,Phase 3,25.0,C_benign,0.5,0.17747003627803654
650,0,0.5057166040967791,NCT04501861,Intraoperative hypotension,norepinephrine,Phase 3,25.0,C_benign,0.5,0.5057166040967791
653,0,0.07695330793934115,NCT04540211,Metastatic Esophageal Carcinoma,paclitaxel,Phase 3,92.0,A_tox_tolerated,0.65,0.07695330793934115
654,0,0.8703160745189376,NCT05318443,Lung Cancer,paclitaxel,Phase 3,90.0,A_tox_tolerated,0.65,0.8703160745189376
658,0,0.6267935199276926,NCT04414761,IVF; GnRH Antagonist; PPOS,progesterone,Phase 3,10.0,C_benign,0.5,0.6267935199276926
659,0,0.006833836365710178,NCT04400201,sedation,propofol,Phase 3,15.0,C_benign,0.5,0.006833836365710178
660,0,0.16533168506492507,NCT04511728,Induction and Maintenance of General Anesthesia,propofol,Phase 3,25.0,C_benign,0.5,0.16533168506492507
661,0,0.16533168506492507,NCT04620031,Sedation in Intensive Care,propofol,Phase 3,40.0,B_serious_chronic,0.6,0.16533168506492507
662,0,0.006341506461157565,NCT05696509,valvular heart disease,propofol,Phase 3,65.0,B_serious_chronic,0.6,0.006341506461157565
663,0,0.010764840527685138,NCT04280705,COVID-19,remdesivir,Phase 3,75.0,A_tox_tolerated,0.65,0.010764840527685138
664,0,0.009873573987027507,NCT04292730,COVID-19,remdesivir,Phase 3,75.0,A_tox_tolerated,0.65,0.009873573987027507
665,0,0.010125543554820648,NCT04292899,COVID-19,remdesivir,Phase 3,75.0,A_tox_tolerated,0.65,0.010125543554820648
667,0,0.2729329947994699,NCT04409262,COVID-19 Pneumonia,remdesivir,Phase 3,80.0,A_tox_tolerated,0.65,0.2729329947994699
668,0,0.010259353076166567,NCT04492475,COVID-19,remdesivir,Phase 3,75.0,A_tox_tolerated,0.65,0.010259353076166567
669,0,0.33975896112295834,NCT04546581,COVID; COVID-19; SARS-CoV-2; SARS (Severe Acute Respiratory Syndrome),remdesivir,Phase 3,85.0,A_tox_tolerated,0.65,0.33975896112295834
670,0,0.30451673556537,NCT04593940,Covid19,remdesivir,Phase 3,75.0,A_tox_tolerated,0.65,0.30451673556537
671,0,0.3509669380911952,NCT04678739,Covid19; Covid-19 ARDS,remdesivir,Phase 3,90.0,A_tox_tolerated,0.65,0.3509669380911952
672,0,0.2856549332773179,NCT04853901,Covid19,remdesivir,Phase 3,75.0,A_tox_tolerated,0.65,0.2856549332773179
673,0,0.010380501113410734,NCT04574362,migraine,rimegepant,Phase 3,20.0,C_benign,0.5,0.010380501113410734
675,0,0.10993662453494746,NCT04327063,Breast Cancer,ropivacaine,Phase 3,75.0,A_tox_tolerated,0.65,0.10993662453494746
676,0,0.006578620784128542,NCT04910165,Pain,ropivacaine,Phase 3,15.0,C_benign,0.5,0.006578620784128542
677,0,0.01192014866590263,NCT04410198,anemia,roxadustat,Phase 3,40.0,B_serious_chronic,0.6,0.01192014866590263
678,0,0.01192014866590263,NCT04484857,anemia,roxadustat,Phase 3,40.0,B_serious_chronic,0.6,0.01192014866590263
679,0,0.758694930428591,NCT04227522,Ovarian Cancer,rucaparib,Phase 3,88.0,A_tox_tolerated,0.65,0.758694930428591
681,0,0.17023489133720188,NCT04472598,Myelofibrosis (MF),ruxolitinib,Phase 3,78.0,A_tox_tolerated,0.65,0.17023489133720188
682,0,0.009181465125322075,NCT04534725,in Cancer,selinexor,Phase 3,85.0,A_tox_tolerated,0.65,0.009181465125322075
683,0,0.0065725332758274965,NCT03588429,Anesthesia,sevoflurane,Phase 3,15.0,C_benign,0.5,0.0065725332758274965
684,0,0.006652432341565695,NCT03841812,pain,sevoflurane,Phase 3,20.0,C_benign,0.5,0.006652432341565695
686,0,0.007468055139397478,NCT05696509,valvular heart disease,sevoflurane,Phase 3,65.0,B_serious_chronic,0.6,0.007468055139397478
688,0,0.08840500496744805,NCT04158076,Hypercholesterolemia; Hypertension,telmisartan,Phase 3,42.0,B_serious_chronic,0.6,0.08840500496744805
689,0,0.0024604971434772473,NCT04410978,Multiple Sclerosis,teriflunomide,Phase 3,60.0,B_serious_chronic,0.6,0.0024604971434772473
690,0,0.22535635190187922,NCT04427618,Postpartum Hemorrhage; Tranexamic Acid,tranexamic acid,Phase 3,80.0,A_tox_tolerated,0.65,0.22535635190187922
691,0,0.2717106340132459,NCT04195698,atopic dermatitis,upadacitinib,Phase 3,20.0,C_benign,0.5,0.2717106340132459
692,0,0.010099075363595045,NCT04313153,anemia,vadadustat,Phase 3,40.0,B_serious_chronic,0.6,0.010099075363595045
693,0,0.4661052042512822,NCT04138706,Clostridium Difficile Infection,vancomycin,Phase 3,55.0,B_serious_chronic,0.6,0.4661052042512822
694,0,0.010070003521459859,NCT04015414,smoking cessation,varenicline,Phase 3,30.0,C_benign,0.5,0.010070003521459859
695,0,0.8828596716173923,NCT04590404,tobacco use disorder,varenicline,Phase 3,30.0,C_benign,0.5,0.8828596716173923
696,0,0.0114459193498468,NCT04285567,Chronic Lymphocytic Leukemia,venetoclax,Phase 3,70.0,A_tox_tolerated,0.65,0.0114459193498468
697,0,0.9991489528188886,NCT04509622,Acute Myeloid Leukemia,venetoclax,Phase 3,90.0,A_tox_tolerated,0.65,0.9991489528188886
698,0,0.10237966976022883,NCT05705089,Left Ventricular Thrombus; ST Segment Elevation Myocardial Infarction,warfarin,Phase 3,82.0,A_tox_tolerated,0.65,0.10237966976022883
699,0,0.03307912403632991,NCT04388319,Smoking Cessation,zonisamide,Phase 3,25.0,C_benign,0.5,0.03307912403632991
700,0,0.13964286360524675,NCT04123405,rhinosinusitis,acetylcysteine,Phase 3,12.0,C_benign,0.5,0.13964286360524675
701,0,0.020399368339441247,NCT04271917,Pain,cannabidiol,Phase 3,15.0,C_benign,0.5,0.020399368339441247
702,0,0.14772848608602537,NCT04175834,Multiple Sclerosis; Infusion Reaction,diphenhydramine,Phase 3,60.0,B_serious_chronic,0.6,0.14772848608602537
706,0,0.4710796380348417,NCT04218734,Type 2 Diabetes Mellitus,metformin,Phase 3,40.0,B_serious_chronic,0.6,0.4710796380348417
707,0,0.5064277512566259,NCT04536194,congenital heart disease,norepinephrine,Phase 3,68.0,B_serious_chronic,0.6,0.5064277512566259
708,0,0.21390571235237382,NCT04598451,Pemphigus Vulgaris; Pemphigus Foliaceus,prednisone,Phase 3,70.0,A_tox_tolerated,0.65,0.21390571235237382
709,0,0.6261497338592281,NCT04537078,"Infertility, Female",progesterone,Phase 3,8.0,C_benign,0.5,0.6261497338592281
710,0,0.1706582012399684,NCT04530344,Vitiligo,ruxolitinib,Phase 3,8.0,C_benign,0.5,0.1706582012399684
711,0,0.4116534399881576,NCT04394975,Cell Cancer,sunitinib,Phase 3,85.0,A_tox_tolerated,0.65,0.4116534399881576
712,0,0.04826721483144771,NCT04008706,Chronic Lymphocytic Leukemia,acalabrutinib,Phase 3,70.0,A_tox_tolerated,0.65,0.04826721483144771
713,0,0.9982532234265993,NCT03596866,Lung Cancer,alectinib,Phase 3,90.0,A_tox_tolerated,0.65,0.9982532234265993
714,0,0.016840286502359202,NCT05782192,Type 2 Diabetes,alogliptin,Phase 3,40.0,B_serious_chronic,0.6,0.016840286502359202
715,0,0.3765931913654231,NCT03545373,Tuberculosis; Respiratory Tract Infections; Pneumonia,amoxicillin,Phase 3,70.0,A_tox_tolerated,0.65,0.3765931913654231
716,0,0.25266467075066695,NCT03721172,psoriasis,apremilast,Phase 3,25.0,C_benign,0.5,0.25266467075066695
717,0,0.2525935887367998,NCT03777436,psoriasis,apremilast,Phase 3,25.0,C_benign,0.5,0.2525935887367998
718,0,0.0055685294842935384,NCT03930186,plaque psoriasis,apremilast,Phase 3,25.0,C_benign,0.5,0.0055685294842935384
719,0,0.2612065358748792,NCT04175613,psoriasis,apremilast,Phase 3,25.0,C_benign,0.5,0.2612065358748792
720,0,0.28475530282069217,NCT03735979,ischemic stroke,argatroban,Phase 3,88.0,A_tox_tolerated,0.65,0.28475530282069217
721,0,0.3981198345444176,NCT03939312,episodic migraine,atogepant,Phase 3,18.0,C_benign,0.5,0.3981198345444176
722,0,0.11990961923545469,NCT03768427,Hypercholesterolemia,atorvastatin,Phase 3,38.0,C_benign,0.5,0.11990961923545469
724,0,0.15277510985231627,NCT03899259,Alopecia Areata,baricitinib,Phase 3,10.0,C_benign,0.5,0.15277510985231627
725,0,0.003768908590794773,NCT03874494,schizophrenia,brexpiprazole,Phase 3,55.0,B_serious_chronic,0.6,0.003768908590794773
726,0,0.05779373133331076,NCT04124614,Post Traumatic Stress Disorder,brexpiprazole,Phase 3,40.0,B_serious_chronic,0.6,0.05779373133331076
727,0,0.7946717618611105,NCT04162522,Depression,brexpiprazole,Phase 3,40.0,B_serious_chronic,0.6,0.7946717618611105
730,0,0.004334594735079622,NCT03685630,epilepsy,brivaracetam,Phase 3,58.0,B_serious_chronic,0.6,0.004334594735079622
731,0,0.006888351960956074,NCT03639389,Pain,bupivacaine,Phase 3,15.0,C_benign,0.5,0.006888351960956074
732,0,0.4986762641272258,NCT05164549,Opioid Use Disorder,buprenorphine,Phase 3,60.0,B_serious_chronic,0.6,0.4986762641272258
733,0,0.011476033740402713,NCT03897439,Smoking Cessation,bupropion,Phase 3,25.0,C_benign,0.5,0.011476033740402713
734,0,0.02058852545705907,NCT03802591,Gastric Adenocarcinoma; Gastroesophageal Junction Adenocarcinoma,capecitabine,Phase 3,85.0,A_tox_tolerated,0.65,0.02058852545705907
735,0,0.38001281490482136,NCT03813784,Metastatic Gastric Cancer,capecitabine,Phase 3,92.0,A_tox_tolerated,0.65,0.38001281490482136
736,0,0.0235017523948442,NCT03794388,breast cancer,capsaicin,Phase 3,80.0,A_tox_tolerated,0.65,0.0235017523948442
737,0,0.07448491342174157,NCT04041791,pneumonia,ceftriaxone,Phase 3,70.0,A_tox_tolerated,0.65,0.07448491342174157
738,0,0.6891172154859891,NCT03742505,vitamin D deficiency,vitamin D3,Phase 3,15.0,C_benign,0.5,0.6891172154859891
739,0,0.0028488065293571286,NCT04121403,Multiple Sclerosis,cladribine,Phase 3,60.0,B_serious_chronic,0.6,0.0028488065293571286
740,0,0.2698187442596921,NCT03725930,Child Preschool,clonidine,Phase 3,10.0,C_benign,0.5,0.2698187442596921
741,0,0.21425364922631265,NCT03645057,atopic dermatitis,crisaborole,Phase 3,20.0,C_benign,0.5,0.21425364922631265
742,0,0.003902818149789322,NCT03723252,Nonalcoholic Steatohepatitis,dapagliflozin,Phase 3,55.0,B_serious_chronic,0.6,0.003902818149789322
744,0,0.15938901901896024,NCT03877237,Heart Failure With Reduced Ejection Fraction (HFrEF),dapagliflozin,Phase 3,80.0,A_tox_tolerated,0.65,0.15938901901896024
745,0,0.0028130852841189657,NCT03901482,migraine,dihydroergotamine,Phase 3,20.0,C_benign,0.5,0.0028130852841189657
746,0,0.023792051063134756,NCT03778931,Advanced Breast Cancer,elacestrant,Phase 3,85.0,A_tox_tolerated,0.65,0.023792051063134756
747,0,0.14534454746712897,NCT03939637,immune thrombocytopenia,eltrombopag,Phase 3,50.0,B_serious_chronic,0.6,0.14534454746712897
748,0,0.0032017036574884194,NCT03594110,Chronic Kidney Disease,empagliflozin,Phase 3,60.0,B_serious_chronic,0.6,0.0032017036574884194
749,0,0.2818032948635652,NCT03917459,"Heart Failure; Heart Failure, Systolic; Erectile Dysfunction",enalapril,Phase 3,80.0,A_tox_tolerated,0.65,0.2818032948635652
750,0,0.13535713342031794,NCT03788967,complicated urinary tract infection,ertapenem,Phase 3,52.0,B_serious_chronic,0.6,0.13535713342031794
751,0,0.005526175421368395,NCT03717194,Diabetes,ertugliflozin,Phase 3,40.0,B_serious_chronic,0.6,0.005526175421368395
752,0,0.20252839885237767,NCT04162522,Depression,escitalopram,Phase 3,40.0,B_serious_chronic,0.6,0.20252839885237767
753,0,0.8157805325395551,NCT04005716,Lung Cancer,etoposide,Phase 3,90.0,A_tox_tolerated,0.65,0.8157805325395551
754,0,0.9821340568902904,NCT04028050,Lung Cancer,etoposide,Phase 3,90.0,A_tox_tolerated,0.65,0.9821340568902904
755,0,0.13156136792615797,NCT03945188,Ulcerative Colitis,etrasimod,Phase 3,58.0,B_serious_chronic,0.6,0.13156136792615797
756,0,0.5810679443830704,NCT03952039,myelofibrosis,fedratinib,Phase 3,80.0,A_tox_tolerated,0.65,0.5810679443830704
757,0,0.7211361843033248,NCT04003142,hot flashes,fezolinetant,Phase 3,8.0,C_benign,0.5,0.7211361843033248
758,0,0.018704447109619958,NCT03764618,anemia,fostamatinib,Phase 3,40.0,B_serious_chronic,0.6,0.018704447109619958
759,0,0.00326903003885306,NCT03806530,End Stage Renal Disease; Restless Legs Syndrome,gabapentin,Phase 3,78.0,A_tox_tolerated,0.65,0.00326903003885306
760,0,0.0071576232307478,NCT03699254,Transplantation Infection; Cytomegalovirus Infections,ganciclovir,Phase 3,68.0,B_serious_chronic,0.6,0.0071576232307478
761,0,0.17245365592333362,NCT03673072,Gallbladder Carcinoma,gemcitabine,Phase 3,90.0,A_tox_tolerated,0.65,0.17245365592333362
762,0,0.18336527268027267,NCT03924986,Metastatic Nasopharyngeal Cancer,gemcitabine,Phase 3,88.0,A_tox_tolerated,0.65,0.18336527268027267
764,0,0.08399060932476118,NCT04327843,Schizophrenia; Medication Nonadherence; Schizo Affective Disorder,haloperidol decanoate,Phase 3,62.0,B_serious_chronic,0.6,0.08399060932476118
765,0,0.43623380374738446,NCT04197115,Sepsis; Septic Shock,hydrocortisone,Phase 3,85.0,A_tox_tolerated,0.65,0.43623380374738446
766,0,0.7558143300954511,NCT03789591,Sickle Cell Disease; Sickle Cell Anemia,hydroxyurea,Phase 3,65.0,B_serious_chronic,0.6,0.7558143300954511
767,0,0.08449943399873727,NCT04476069,Pain Management,ibuprofen,Phase 3,15.0,C_benign,0.5,0.08449943399873727
770,0,0.06560922660814253,NCT03831854,Reducing Psychological Side Effects of Ketamine,ketamine,Phase 3,10.0,C_benign,0.5,0.06560922660814253
772,0,0.07137583253114363,NCT06185127,Lung Diseases; Diagnosis; Anesthesia,ketamine,Phase 3,40.0,B_serious_chronic,0.6,0.07137583253114363
773,0,0.10091959089496086,NCT03678675,Post-cesarean pain,ketorolac,Phase 3,8.0,C_benign,0.5,0.10091959089496086
774,0,0.12519959690374025,NCT03967847,rotator cuff tear,ketorolac,Phase 3,12.0,C_benign,0.5,0.12519959690374025
775,0,0.09338014020679548,NCT04133623,Acute Pain Due to Trauma,ketorolac,Phase 3,15.0,C_benign,0.5,0.09338014020679548
776,0,0.002954825533808303,NCT04246541,Postoperative Pain,ketorolac,Phase 3,8.0,C_benign,0.5,0.002954825533808303
777,0,0.002987601835553999,NCT04246554,Postoperative Pain,ketorolac,Phase 3,8.0,C_benign,0.5,0.002987601835553999
778,0,0.03674766616392524,NCT03779178,atrial fibrillation,landiolol,Phase 3,55.0,B_serious_chronic,0.6,0.03674766616392524
779,0,0.6010864679421977,NCT04124926,Erosive Esophagitis,lansoprazole,Phase 3,25.0,C_benign,0.5,0.6010864679421977
780,0,0.007163744965077701,NCT03670810,migraine,lasmiditan,Phase 3,20.0,C_benign,0.5,0.007163744965077701
788,0,0.7871166273200505,NCT04716933,Lung Cancer,lenvatinib,Phase 3,90.0,A_tox_tolerated,0.65,0.7871166273200505
790,0,0.010962995215894101,NCT03930615,cytomegalovirus infection,letermovir,Phase 3,55.0,B_serious_chronic,0.6,0.010962995215894101
791,0,0.04458233955670945,NCT03621280,Cushing syndrome,levoketoconazole,Phase 3,55.0,B_serious_chronic,0.6,0.04458233955670945
793,0,0.32695483064275105,NCT03844984,septic shock,lidocaine,Phase 3,90.0,A_tox_tolerated,0.65,0.32695483064275105
795,0,0.7555228860810173,NCT03905330,progressive familial intrahepatic cholestasis,maralixibat,Phase 3,75.0,A_tox_tolerated,0.65,0.7555228860810173
796,0,0.49217724130287355,NCT03675139,endometrial hyperplasia,medroxyprogesterone acetate,Phase 3,25.0,C_benign,0.5,0.49217724130287355
797,0,0.5614707011867421,NCT03840148,Urinary Tract Infections; Acute Pyelonephritis,meropenem,Phase 3,55.0,B_serious_chronic,0.6,0.5614707011867421
798,0,0.12115993723373704,NCT03798054,Type 2 Diabetes,metformin,Phase 3,40.0,B_serious_chronic,0.6,0.12115993723373704
799,0,0.11977970924310447,NCT03798080,Type 2 Diabetes,metformin,Phase 3,40.0,B_serious_chronic,0.6,0.11977970924310447
800,0,0.12274486006799738,NCT03862716,Type 2 Diabetes,metformin,Phase 3,40.0,B_serious_chronic,0.6,0.12274486006799738
801,0,0.47111537654369257,NCT04029480,Type 2 Diabetes Mellitus,metformin,Phase 3,40.0,B_serious_chronic,0.6,0.47111537654369257
802,0,0.17490755352651857,NCT05118542,Graves disease,methimazole,Phase 3,40.0,B_serious_chronic,0.6,0.17490755352651857
803,0,0.10076843540780064,NCT05108597,uterine fibroids,misoprostol,Phase 3,15.0,C_benign,0.5,0.10076843540780064
804,0,0.6219616788584214,NCT03853798,pyruvate kinase deficiency,mitapivat,Phase 3,55.0,B_serious_chronic,0.6,0.6219616788584214
805,0,0.367197309263657,NCT03899103,Steroid-Dependent Nephrotic Syndrome,mycophenolate mofetil,Phase 3,50.0,B_serious_chronic,0.6,0.367197309263657
807,0,0.7384819623366088,NCT03283007,Lung-transplant Recipients,nintedanib,Phase 3,75.0,A_tox_tolerated,0.65,0.7384819623366088
808,0,0.21275847154926555,NCT03820726,"Lung Diseases, Interstitial",nintedanib,Phase 3,75.0,A_tox_tolerated,0.65,0.21275847154926555
809,0,0.2151024413500397,NCT04093024,"Lung Diseases, Interstitial",nintedanib,Phase 3,75.0,A_tox_tolerated,0.65,0.2151024413500397
810,0,0.17747003627803654,NCT04020341,Recurrent urinary tract infections,nitrofurantoin,Phase 3,25.0,C_benign,0.5,0.17747003627803654
811,0,0.08438567554678418,NCT04789005,Spinal anesthesia-induced hypotension,norepinephrine,Phase 3,20.0,C_benign,0.5,0.08438567554678418
812,0,0.993469472978739,NCT03834519,Prostate Cancer,olaparib,Phase 3,72.0,A_tox_tolerated,0.65,0.993469472978739
813,0,0.012980996630413032,NCT03915769,ulcerative colitis,ozanimod,Phase 3,50.0,B_serious_chronic,0.6,0.012980996630413032
816,0,0.9920859110007877,NCT03940196,Ovarian Cancer,paclitaxel,Phase 3,88.0,A_tox_tolerated,0.65,0.9920859110007877
817,0,0.07683741650134901,NCT03943667,Metastatic Pancreatic Adenocarcinoma,paclitaxel,Phase 3,95.0,A_tox_tolerated,0.65,0.07683741650134901
818,0,0.9951483049852008,NCT03957590,Cell Carcinoma,paclitaxel,Phase 3,85.0,A_tox_tolerated,0.65,0.9951483049852008
819,0,0.0773296006685636,NCT04177108,Participants With Locally Advanced or Metastatic Triple-Negative Breast Cancer,paclitaxel,Phase 3,90.0,A_tox_tolerated,0.65,0.0773296006685636
820,0,0.47507566688765124,NCT03762018,Pleural Mesothelioma Malignant Advanced,pemetrexed,Phase 3,92.0,A_tox_tolerated,0.65,0.47507566688765124
821,0,0.004226992997712742,NCT03802240,NSCLC,pemetrexed,Phase 3,88.0,A_tox_tolerated,0.65,0.004226992997712742
822,0,0.057258600941557325,NCT04789005,Spinal anesthesia-induced hypotension,phenylephrine,Phase 3,20.0,C_benign,0.5,0.057258600941557325
824,0,0.6624403714806892,NCT03893097,schistosomiasis,praziquantel,Phase 3,45.0,B_serious_chronic,0.6,0.6624403714806892
825,0,0.6391727885526769,NCT04209543,Vasomotor Symptoms; Menopausal Symptoms,progesterone,Phase 3,12.0,C_benign,0.5,0.6391727885526769
826,0,0.1660407787117072,NCT03808844,Induction of Anesthesia,propofol,Phase 3,25.0,C_benign,0.5,0.1660407787117072
827,0,0.16533168506492507,NCT03921775,Anesthesia for Elective Surgery Patients,propofol,Phase 3,12.0,C_benign,0.5,0.16533168506492507
828,0,0.1660407787117072,NCT04111159,Sedation or Anesthesia,propofol,Phase 3,15.0,C_benign,0.5,0.1660407787117072
829,0,0.08956504606235745,NCT05118542,Graves disease,propylthiouracil,Phase 3,40.0,B_serious_chronic,0.6,0.08956504606235745
830,0,0.011077324967226954,NCT04155515,Cirrhosis,ribavirin,Phase 3,80.0,A_tox_tolerated,0.65,0.011077324967226954
831,0,0.30184600993654104,NCT03702582,Atrial Fibrillation; Stroke; Bleeding,rivaroxaban,Phase 3,75.0,A_tox_tolerated,0.65,0.30184600993654104
832,0,0.30281938555317084,NCT03996772,Atrial Fibrillation; Intracerebral Hemorrhage,rivaroxaban,Phase 3,80.0,A_tox_tolerated,0.65,0.30281938555317084
833,0,0.0026254193531047186,NCT03806530,End Stage Renal Disease; Restless Legs Syndrome,ropinirole,Phase 3,78.0,A_tox_tolerated,0.65,0.0026254193531047186
834,0,0.05006350290001922,NCT03936387,Post-Sternotomy Pain,ropivacaine,Phase 3,12.0,C_benign,0.5,0.05006350290001922
835,0,0.17137948014235474,NCT05663827,Steroid Refractory GVHD,ruxolitinib,Phase 3,85.0,A_tox_tolerated,0.65,0.17137948014235474
836,0,0.00549075647309123,NCT03881371,Parkinson's Disease,safinamide,Phase 3,55.0,B_serious_chronic,0.6,0.00549075647309123
837,0,0.26271634616665435,NCT03988530,motion sickness,scopolamine,Phase 3,5.0,C_benign,0.5,0.26271634616665435
838,0,0.37732322105501304,NCT03935217,trichomoniasis,secnidazole,Phase 3,10.0,C_benign,0.5,0.37732322105501304
839,0,0.5102634723911661,NCT03623243,multiple sclerosis,siponimod,Phase 3,60.0,B_serious_chronic,0.6,0.5102634723911661
840,0,0.24596095678850735,NCT04017832,Type 2 Diabetes,sitagliptin,Phase 3,40.0,B_serious_chronic,0.6,0.24596095678850735
841,0,0.012845161165826836,NCT03883698,hepatitis C virus infection,sofosbuvir,Phase 3,60.0,B_serious_chronic,0.6,0.012845161165826836
842,0,0.0058178104001569645,NCT03894046,bacterial pneumonia,sulbactam,Phase 3,72.0,A_tox_tolerated,0.65,0.0058178104001569645
843,0,0.003240182910251743,NCT03956355,plaque psoriasis,tapinarof,Phase 3,25.0,C_benign,0.5,0.003240182910251743
844,0,0.003243682034902551,NCT03983980,plaque psoriasis,tapinarof,Phase 3,25.0,C_benign,0.5,0.003243682034902551
845,0,0.07987690633244762,NCT03176134,skin and soft tissue bacterial infection,tedizolid phosphate,Phase 3,45.0,B_serious_chronic,0.6,0.07987690633244762
846,0,0.08852630878121803,NCT03872232,Hypercholesterolemia; Hypertension,telmisartan,Phase 3,42.0,B_serious_chronic,0.6,0.08852630878121803
849,0,0.010538784139699775,NCT03915860,acne vulgaris,trifarotene,Phase 3,8.0,C_benign,0.5,0.010538784139699775
850,0,0.4399339187643063,NCT03725202,giant cell arteritis,upadacitinib,Phase 3,62.0,B_serious_chronic,0.6,0.4399339187643063
851,0,0.437864014311355,NCT04169373,spondyloarthritis,upadacitinib,Phase 3,40.0,B_serious_chronic,0.6,0.437864014311355
852,0,0.4787802794853505,NCT04102579,"Chorea, Huntington",valbenazine,Phase 3,85.0,A_tox_tolerated,0.65,0.4787802794853505
853,0,0.008472192267250067,NCT03699254,Transplantation Infection; Cytomegalovirus Infections,valganciclovir,Phase 3,68.0,B_serious_chronic,0.6,0.008472192267250067
854,0,0.4682244784829221,NCT03595553,Clostridium Difficile Infection,vancomycin,Phase 3,55.0,B_serious_chronic,0.6,0.4682244784829221
856,0,0.12852722168644898,NCT03902080,overactive bladder,vibegron,Phase 3,15.0,C_benign,0.5,0.12852722168644898
857,0,0.127421596064982,NCT04103450,overactive bladder,vibegron,Phase 3,15.0,C_benign,0.5,0.127421596064982
858,0,0.1505639609534261,NCT03979352,Type1 Diabetes Mellitus,empagliflozin,Phase 3,55.0,B_serious_chronic,0.6,0.1505639609534261
859,0,0.7211361843033248,NCT04003155,hot flashes,fezolinetant,Phase 3,8.0,C_benign,0.5,0.7211361843033248
860,0,0.7210540054819132,NCT04003389,hot flashes,fezolinetant,Phase 3,8.0,C_benign,0.5,0.7210540054819132
861,0,0.007576244338205118,NCT03349684,"Diabetes Mellitus, Type 2",acarbose,Phase 3,40.0,B_serious_chronic,0.6,0.007576244338205118
862,0,0.0025193770447820675,NCT03554018,Low Back Pain,acetaminophen,Phase 3,18.0,C_benign,0.5,0.0025193770447820675
863,0,0.07334438557363884,NCT03584373,Nephrolithiasis,acetaminophen,Phase 3,20.0,C_benign,0.5,0.07334438557363884
864,0,0.48404060024494966,NCT04392362,supraventricular tachycardia,adenosine,Phase 3,40.0,B_serious_chronic,0.6,0.48404060024494966
865,0,0.2977616227854599,NCT03474276,acute malnutrition,albendazole,Phase 3,70.0,A_tox_tolerated,0.65,0.2977616227854599
866,0,0.6510463161509701,NCT03439046,Breast Cancer,alpelisib,Phase 3,75.0,A_tox_tolerated,0.65,0.6510463161509701
867,0,0.003344189353676619,NCT05437224,pulmonary arterial hypertension,ambrisentan,Phase 3,82.0,A_tox_tolerated,0.65,0.003344189353676619
868,0,0.0021643565981010584,NCT06416735,essential hypertension,amiloride,Phase 3,42.0,B_serious_chronic,0.6,0.0021643565981010584
869,0,0.018272508347648174,NCT03153150,"Intracranial Hemorrhages; Intracranial Hemorrhage, Hypertensive; Subarachnoid Hemorrhage; Subdural Hematoma; Intraventricular Hemorrhage; Atrial Fibrillation; Atrial Flutter; Small Vessel Cerebrovascular Disease; Microhaemorrhage",apixaban,Phase 3,88.0,A_tox_tolerated,0.65,0.018272508347648174
870,0,0.4407369015408384,NCT05208398,Left Ventricular Thrombus,apixaban,Phase 3,70.0,A_tox_tolerated,0.65,0.4407369015408384
871,0,0.24960672285426347,NCT03611751,psoriasis,apremilast,Phase 3,25.0,C_benign,0.5,0.24960672285426347
872,0,0.24960672285426347,NCT03624127,psoriasis,apremilast,Phase 3,25.0,C_benign,0.5,0.24960672285426347
874,0,0.3969852867547436,NCT03700320,episodic migraine,atogepant,Phase 3,18.0,C_benign,0.5,0.3969852867547436
875,0,0.3988037810560101,NCT03777059,episodic migraine,atogepant,Phase 3,18.0,C_benign,0.5,0.3988037810560101
876,0,0.5401639990273324,NCT03415178,Hypercholesterolaemia,atorvastatin,Phase 3,38.0,C_benign,0.5,0.5401639990273324
877,0,0.38638325152929925,NCT03334253,Myopia,atropine,Phase 3,8.0,C_benign,0.5,0.38638325152929925
878,0,0.17451915773900525,NCT03164473,Eosinophilic Granulomatosis With Polyangiitis,azathioprine,Phase 3,70.0,A_tox_tolerated,0.65,0.17451915773900525
879,0,0.004278436131781871,NCT03334435,Atopic Dermatitis,baricitinib,Phase 3,20.0,C_benign,0.5,0.004278436131781871
880,0,0.004276957009527749,NCT03428100,Atopic Dermatitis,baricitinib,Phase 3,20.0,C_benign,0.5,0.004276957009527749
881,0,0.004311557608441596,NCT03435081,Atopic Dermatitis,baricitinib,Phase 3,20.0,C_benign,0.5,0.004311557608441596
883,0,0.004308169996852818,NCT03733301,Atopic Dermatitis,baricitinib,Phase 3,20.0,C_benign,0.5,0.004308169996852818
884,0,0.1547245343224234,NCT03773978,Juvenile Idiopathic Arthritis,baricitinib,Phase 3,50.0,B_serious_chronic,0.6,0.1547245343224234
887,0,0.060150007400487884,NCT03548584,Alzheimer disease,brexpiprazole,Phase 3,60.0,B_serious_chronic,0.6,0.060150007400487884
888,0,0.057725964537388805,NCT03594123,Alzheimer's disease biomarker measurement,brexpiprazole,Phase 3,55.0,B_serious_chronic,0.6,0.057725964537388805
889,0,0.057930812502982196,NCT03724942,Alzheimer disease,brexpiprazole,Phase 3,60.0,B_serious_chronic,0.6,0.057930812502982196
890,0,0.004025012461118349,NCT03737474,Major Depressive Disorder,brexpiprazole,Phase 3,42.0,B_serious_chronic,0.6,0.004025012461118349
891,0,0.3812166173346784,NCT03615326,Gastric Neoplasms; Gastroesophageal Junction Adenocarcinoma,capecitabine,Phase 3,85.0,A_tox_tolerated,0.65,0.3812166173346784
892,0,0.016921353270506857,NCT03745170,Gastric Cancer,capecitabine,Phase 3,85.0,A_tox_tolerated,0.65,0.016921353270506857
893,0,0.38479757211949617,NCT03777657,Junction Carcinoma,capecitabine,Phase 3,82.0,A_tox_tolerated,0.65,0.38479757211949617
895,0,0.004957505014848995,NCT03738215,Major Depressive Disorder,cariprazine,Phase 3,42.0,B_serious_chronic,0.6,0.004957505014848995
896,0,0.004957505014848995,NCT03739203,Major Depressive Disorder,cariprazine,Phase 3,42.0,B_serious_chronic,0.6,0.004957505014848995
897,0,0.446034427368952,NCT03678753,combined generalized and focal epilepsy,cenobamate,Phase 3,60.0,B_serious_chronic,0.6,0.446034427368952
899,0,0.6880957724060863,NCT04476511,vitamin D deficiency,vitamin D3,Phase 3,15.0,C_benign,0.5,0.6880957724060863
900,0,0.24977529274900728,NCT03299244,Secondary Hyperparathyroidism; Chronic Kidney Disease,cinacalcet,Phase 3,55.0,B_serious_chronic,0.6,0.24977529274900728
901,0,0.22455819222862877,NCT03354598,Uncomplicated Urinary Tract Infection,ciprofloxacin,Phase 3,22.0,C_benign,0.5,0.22455819222862877
903,0,0.007710839857583052,NCT03357874,Acute Coronary Syndrome,clopidogrel,Phase 3,80.0,A_tox_tolerated,0.65,0.007710839857583052
907,0,0.6408291505993642,NCT03379727,Acute Myeloid Leukemia,cytarabine,Phase 3,90.0,A_tox_tolerated,0.65,0.6408291505993642
908,0,0.003934926838892116,NCT03619213,Heart Failure With Preserved Ejection Fraction,dapagliflozin,Phase 3,75.0,A_tox_tolerated,0.65,0.003934926838892116
909,0,0.21619352326177338,NCT03138733,Staphylococcus Aureus Bacteremia,daptomycin,Phase 3,82.0,A_tox_tolerated,0.65,0.21619352326177338
910,0,0.02288542462959948,NCT03575104,insomnia,daridorexant,Phase 3,15.0,C_benign,0.5,0.02288542462959948
911,0,0.19456434823272914,NCT03100786,Tuberculosis; Tuberculous Meningitis; Drug-Induced Liver Injury,dexamethasone,Phase 3,88.0,A_tox_tolerated,0.65,0.19456434823272914
912,0,0.19410055309389113,NCT03396107,Cesarean Section Complications,dexamethasone,Phase 3,45.0,B_serious_chronic,0.6,0.19410055309389113
913,0,0.19519688157665335,NCT03555929,Hand Wound; Wrist Wound; Forearm Wound; Hand Fracture; Wrist Fracture; Forearm Fracture,dexamethasone,Phase 3,12.0,C_benign,0.5,0.19519688157665335
914,0,0.19417493767558086,NCT03598426,Hypersensitivity Reactions,dexamethasone,Phase 3,40.0,B_serious_chronic,0.6,0.19417493767558086
915,0,0.5729349065858367,NCT03718273,Atrial Fibrillation; Heart Diseases,digoxin,Phase 3,50.0,B_serious_chronic,0.6,0.5729349065858367
916,0,0.15952779413250875,NCT05761418,uterine fibroids,dinoprostone,Phase 3,15.0,C_benign,0.5,0.15952779413250875
917,0,0.008538458902790392,NCT03048422,HIV infection,dolutegravir,Phase 3,62.0,B_serious_chronic,0.6,0.008538458902790392
918,0,0.008784275984165934,NCT03249181,HIV-1 infection,dolutegravir,Phase 3,62.0,B_serious_chronic,0.6,0.008784275984165934
919,0,0.025842081931519177,NCT03153150,"Intracranial Hemorrhages; Intracranial Hemorrhage, Hypertensive; Subarachnoid Hemorrhage; Subdural Hematoma; Intraventricular Hemorrhage; Atrial Fibrillation; Atrial Flutter; Small Vessel Cerebrovascular Disease; Microhaemorrhage",edoxaban,Phase 3,88.0,A_tox_tolerated,0.65,0.025842081931519177
920,0,0.4379037900974505,NCT03395639,Cardiac Disease,edoxaban,Phase 3,75.0,A_tox_tolerated,0.65,0.4379037900974505
921,0,0.008443448584839808,NCT03515096,Thrombocytopenia,eltrombopag,Phase 3,45.0,B_serious_chronic,0.6,0.008443448584839808
923,0,0.0034617402340347382,NCT03429543,Diabetes,empagliflozin,Phase 3,40.0,B_serious_chronic,0.6,0.0034617402340347382
926,0,0.0025693776189181115,NCT03434197,Osteoarthritis,esflurbiprofen,Phase 3,25.0,C_benign,0.5,0.0025693776189181115
927,0,0.006017677627011331,NCT03569475,Major Depressive Disorder,fluoxetine,Phase 3,42.0,B_serious_chronic,0.6,0.006017677627011331
928,0,0.7390453064041085,NCT03591068,nasal polyps,fluticasone propionate,Phase 3,10.0,C_benign,0.5,0.7390453064041085
929,0,0.3071576299354234,NCT03439046,Breast Cancer,fulvestrant,Phase 3,75.0,A_tox_tolerated,0.65,0.3071576299354234
930,0,0.004105974001124069,NCT03296813,heart failure,furosemide,Phase 3,80.0,A_tox_tolerated,0.65,0.004105974001124069
931,0,0.5201412453725622,NCT03449134,chronic cough,gefapixant,Phase 3,12.0,C_benign,0.5,0.5201412453725622
932,0,0.5201460084697882,NCT03696108,chronic cough,gefapixant,Phase 3,12.0,C_benign,0.5,0.5201460084697882
933,0,0.17189652624587212,NCT03126435,Metastatic Pancreas Cancer; Locally Advanced Pancreatic Cancer; Pancreatic Adenocarcinoma,gemcitabine,Phase 3,95.0,A_tox_tolerated,0.65,0.17189652624587212
934,0,0.17262766802250618,NCT03377491,Pancreas Adenocarcinoma,gemcitabine,Phase 3,95.0,A_tox_tolerated,0.65,0.17262766802250618
935,0,0.0023133121496887953,NCT03629925,NSCLC,gemcitabine,Phase 3,88.0,A_tox_tolerated,0.65,0.0023133121496887953
936,0,0.003862458926308965,NCT04613726,"Vomiting, Postoperative; Postoperative Complications; Hypotension",granisetron,Phase 3,35.0,C_benign,0.5,0.003862458926308965
937,0,0.14297751820506843,NCT03509350,Sepsis,hydrocortisone,Phase 3,82.0,A_tox_tolerated,0.65,0.14297751820506843
938,0,0.5230327939495376,NCT03375515,Severe Cancer,hydromorphone,Phase 3,90.0,A_tox_tolerated,0.65,0.5230327939495376
939,0,0.49778133637416816,NCT03474679,Graft vs Host Disease,ibrutinib,Phase 3,78.0,A_tox_tolerated,0.65,0.49778133637416816
940,0,0.13026789181520507,NCT03404518,"Outpatient Surgery; Pain, Postoperative",ibuprofen,Phase 3,8.0,C_benign,0.5,0.13026789181520507
941,0,0.13022973181822445,NCT03571737,Acute Musculoskeletal Disease; Sprains; Sprains and Strains; Injuries; Emergencies; Trauma; Acute Pain,ibuprofen,Phase 3,15.0,C_benign,0.5,0.13022973181822445
942,0,0.0037445015151620796,NCT03729973,Sore Throat,ketamine,Phase 3,5.0,C_benign,0.5,0.0037445015151620796
943,0,0.2423296098430879,NCT03585374,Acute Traumatic Pain,ketoprofen,Phase 3,15.0,C_benign,0.5,0.2423296098430879
944,0,0.0032089568368601773,NCT03485625,pain,ketorolac,Phase 3,20.0,C_benign,0.5,0.0032089568368601773
945,0,0.007144000134303674,NCT03311945,HIV-1 infection,lamivudine,Phase 3,62.0,B_serious_chronic,0.6,0.007144000134303674
946,0,0.23091268545951849,NCT03517449,Advanced Endometrial Cancer,lenvatinib,Phase 3,82.0,A_tox_tolerated,0.65,0.23091268545951849
947,0,0.42311544716271554,NCT03443869,CMV Disease,letermovir,Phase 3,70.0,A_tox_tolerated,0.65,0.42311544716271554
948,0,0.2844691312759962,NCT02912988,Subfertility,letrozole,Phase 3,8.0,C_benign,0.5,0.2844691312759962
949,0,0.45714606893077814,NCT03439046,Breast Cancer,letrozole,Phase 3,75.0,A_tox_tolerated,0.65,0.45714606893077814
950,0,0.004203137730781359,NCT03750786,Advanced Colorectal Cancer,leucovorin,Phase 3,85.0,A_tox_tolerated,0.65,0.004203137730781359
951,0,0.46594419887094746,NCT03898622,TSH Control in Patients With Chronic Kidney Disease,levothyroxine,Phase 3,45.0,B_serious_chronic,0.6,0.46594419887094746
952,0,0.0061917355651254224,NCT03729973,Sore Throat,lidocaine,Phase 3,5.0,C_benign,0.5,0.0061917355651254224
953,0,0.004084194484072645,NCT03429543,Diabetes,linagliptin,Phase 3,40.0,B_serious_chronic,0.6,0.004084194484072645
954,0,0.0028499918419431004,NCT03583333,bacterial pneumonia,linezolid,Phase 3,72.0,A_tox_tolerated,0.65,0.0028499918419431004
955,0,0.3713796172591924,NCT03719313,Hepatitis Delta Virus,lonafarnib,Phase 3,68.0,B_serious_chronic,0.6,0.3713796172591924
956,0,0.6678090077993962,NCT02705573,"Kidney Transplantation, Mannitol",mannitol,Phase 3,62.0,B_serious_chronic,0.6,0.6678090077993962
957,0,0.005173314970687337,NCT03505489,asthma,mannitol,Phase 3,42.0,B_serious_chronic,0.6,0.005173314970687337
958,0,0.11937454674529875,NCT03529123,Type 2 Diabetes,metformin,Phase 3,40.0,B_serious_chronic,0.6,0.11937454674529875
959,0,0.004600653950682565,NCT03841591,Diabetes,metformin,Phase 3,40.0,B_serious_chronic,0.6,0.004600653950682565
960,0,0.00479846003347324,NCT05451147,Diabetes Mellitus,metformin,Phase 3,42.0,B_serious_chronic,0.6,0.00479846003347324
961,0,0.005394967705857523,NCT03505489,asthma,methacholine,Phase 3,42.0,B_serious_chronic,0.6,0.005394967705857523
962,0,0.28077312072196864,NCT03794505,Shoulder Arthritis,methylprednisolone acetate,Phase 3,15.0,C_benign,0.5,0.28077312072196864
963,0,0.33087440068979834,NCT03729362,late-onset Pompe disease,miglustat,Phase 3,70.0,A_tox_tolerated,0.65,0.33087440068979834
965,0,0.10069418965898684,NCT05761418,uterine fibroids,misoprostol,Phase 3,15.0,C_benign,0.5,0.10069418965898684
966,0,0.2894760854936588,NCT03825887,Mucositis Pain,nalbuphine,Phase 3,15.0,C_benign,0.5,0.2894760854936588
967,0,0.22957164791444976,NCT03542552,Placenta previa,nifedipine,Phase 3,70.0,A_tox_tolerated,0.65,0.22957164791444976
971,0,0.27819094368303643,NCT03367572,Breast Cancer,olanzapine,Phase 3,75.0,A_tox_tolerated,0.65,0.27819094368303643
973,0,0.9999903235952756,NCT03286842,Metastatic Breast Cancer,olaparib,Phase 3,88.0,A_tox_tolerated,0.65,0.9999903235952756
974,0,0.6043489735904733,NCT03402841,Ovarian Cancer,olaparib,Phase 3,88.0,A_tox_tolerated,0.65,0.6043489735904733
977,0,0.8588836130960853,NCT03296163,Lung Cancer,paclitaxel,Phase 3,90.0,A_tox_tolerated,0.65,0.8588836130960853
978,0,0.8086711724453177,NCT03337724,Breast Cancer,paclitaxel,Phase 3,75.0,A_tox_tolerated,0.65,0.8086711724453177
979,0,0.7781709872696589,NCT03493854,Breast Cancer,paclitaxel,Phase 3,75.0,A_tox_tolerated,0.65,0.7781709872696589
980,0,0.7753665081007977,NCT03556358,Breast Cancer,paclitaxel,Phase 3,75.0,A_tox_tolerated,0.65,0.7753665081007977
981,0,0.07699987952658997,NCT03594747,Advanced Lung Cancer,paclitaxel,Phase 3,90.0,A_tox_tolerated,0.65,0.07699987952658997
983,0,0.07715751464317182,NCT03635489,Primary Peritoneal Cancer,paclitaxel,Phase 3,90.0,A_tox_tolerated,0.65,0.07715751464317182
984,0,0.07687053812204185,NCT03635567,Metastatic Cervical Cancer,paclitaxel,Phase 3,90.0,A_tox_tolerated,0.65,0.07687053812204185
985,0,0.8678236114539721,NCT03866993,Lung Cancer,paclitaxel,Phase 3,90.0,A_tox_tolerated,0.65,0.8678236114539721
986,0,0.3741355320847909,NCT03374800,"Gastrointestinal Hemorrhage (Clinically Important, Upper)",pantoprazole,Phase 3,72.0,A_tox_tolerated,0.65,0.3741355320847909
988,0,0.010895665282094225,NCT03660059,Rheumatoid Arthritis,peficitinib,Phase 3,58.0,B_serious_chronic,0.6,0.010895665282094225
989,0,0.004419643569842213,NCT03607539,NSCLC,pemetrexed,Phase 3,88.0,A_tox_tolerated,0.65,0.004419643569842213
990,0,0.7110186089600405,NCT03663205,Lung Cancer,pemetrexed,Phase 3,90.0,A_tox_tolerated,0.65,0.7110186089600405
991,0,0.008183820971659372,NCT03153150,"Intracranial Hemorrhages; Intracranial Hemorrhage, Hypertensive; Subarachnoid Hemorrhage; Subdural Hematoma; Intraventricular Hemorrhage; Atrial Fibrillation; Atrial Flutter; Small Vessel Cerebrovascular Disease; Microhaemorrhage",phenindione,Phase 3,88.0,A_tox_tolerated,0.65,0.008183820971659372
992,0,0.4834304750161033,NCT03575052,neuropsychiatric symptoms of neurodegenerative disease,pimavanserin,Phase 3,55.0,B_serious_chronic,0.6,0.4834304750161033
993,0,0.4820040726213806,NCT03623321,neuropsychiatric symptoms of neurodegenerative disease,pimavanserin,Phase 3,55.0,B_serious_chronic,0.6,0.4820040726213806
994,0,0.4761937528780222,NCT03367572,Breast Cancer,prochlorperazine,Phase 3,75.0,A_tox_tolerated,0.65,0.4761937528780222
995,0,0.0067828670365504,NCT01519154,sedation,propofol,Phase 3,15.0,C_benign,0.5,0.0067828670365504
996,0,0.1660407787117072,NCT03674008,Sedation or Anesthesia,propofol,Phase 3,15.0,C_benign,0.5,0.1660407787117072
997,0,0.006764390704052814,NCT03779061,sedation,propofol,Phase 3,15.0,C_benign,0.5,0.006764390704052814
998,0,0.14386702970360066,NCT04034771,traumatic brain injury,propofol,Phase 3,82.0,A_tox_tolerated,0.65,0.14386702970360066
999,0,0.010393969978038676,NCT03311945,HIV-1 infection,raltegravir,Phase 3,62.0,B_serious_chronic,0.6,0.010393969978038676
1000,0,0.44875540905031563,NCT03661489,"Anesthesia, Intravenous",remimazolam,Phase 3,15.0,C_benign,0.5,0.44875540905031563
1001,0,0.5232208332052188,NCT03439046,Breast Cancer,ribociclib,Phase 3,75.0,A_tox_tolerated,0.65,0.5232208332052188
1003,0,0.010469963066395804,NCT03461757,migraine,rimegepant,Phase 3,20.0,C_benign,0.5,0.010469963066395804
1004,0,0.019393884649980864,NCT03153150,"Intracranial Hemorrhages; Intracranial Hemorrhage, Hypertensive; Subarachnoid Hemorrhage; Subdural Hematoma; Intraventricular Hemorrhage; Atrial Fibrillation; Atrial Flutter; Small Vessel Cerebrovascular Disease; Microhaemorrhage",rivaroxaban,Phase 3,88.0,A_tox_tolerated,0.65,0.019393884649980864
1005,0,0.02210041016157833,NCT03387670,Multiple Sclerosis,simvastatin,Phase 3,60.0,B_serious_chronic,0.6,0.02210041016157833
1007,0,0.3438637271470163,NCT05576675,Gastrointestinal Surgery,sufentanil,Phase 3,25.0,C_benign,0.5,0.3438637271470163
1008,0,0.026866730601116173,NCT02802501,malaria,tafenoquine,Phase 3,75.0,A_tox_tolerated,0.65,0.026866730601116173
1010,0,0.5549749440482171,NCT03427125,hyperphosphatemia,tenapanor,Phase 3,45.0,B_serious_chronic,0.6,0.5549749440482171
1011,0,0.20100507736670742,NCT03354429,Acute Ischaemic Stroke; Transient Ischaemic Attack,ticagrelor,Phase 3,80.0,A_tox_tolerated,0.65,0.20100507736670742
1012,0,0.0168203674656227,NCT03357874,Acute Coronary Syndrome,ticagrelor,Phase 3,80.0,A_tox_tolerated,0.65,0.0168203674656227
1013,0,0.09050008016973703,NCT03486457,Psoriatic Arthritis,tofacitinib,Phase 3,55.0,B_serious_chronic,0.6,0.09050008016973703
1014,0,0.21328851515693295,NCT03502616,Ankylosing Spondylitis,tofacitinib,Phase 3,40.0,B_serious_chronic,0.6,0.21328851515693295
1015,0,0.5655477641042633,NCT03255226,Pediatric Congestive Heart Failure (CHF) Patients With Volume Overload,tolvaptan,Phase 3,80.0,A_tox_tolerated,0.65,0.5655477641042633
1016,0,0.48860253623908345,NCT03088813,Lung Cancer,topotecan,Phase 3,90.0,A_tox_tolerated,0.65,0.48860253623908345
1017,0,0.005496138447976473,NCT03296813,heart failure,torsemide,Phase 3,80.0,A_tox_tolerated,0.65,0.005496138447976473
1018,0,0.667744569395514,NCT03551626,Malignant Melanoma,trametinib,Phase 3,80.0,A_tox_tolerated,0.65,0.667744569395514
1019,0,0.2246779392786645,NCT02775773,Post Partum Haemorrhage,tranexamic acid,Phase 3,80.0,A_tox_tolerated,0.65,0.2246779392786645
1022,0,0.22571483679787088,NCT03505723,Perioperative Bleeding; Venous Thrombosis; Arterial Thrombosis,tranexamic acid,Phase 3,70.0,A_tox_tolerated,0.65,0.22571483679787088
1023,0,0.22506280690262495,NCT03565276,Post Partum Hemorrhage,tranexamic acid,Phase 3,80.0,A_tox_tolerated,0.65,0.22506280690262495
1024,0,0.22738618295113006,NCT03846973,Tranexamic Acid,tranexamic acid,Phase 3,30.0,C_benign,0.5,0.22738618295113006
1026,0,0.008305328683288904,NCT02955212,Rheumatoid Arthritis,upadacitinib,Phase 3,58.0,B_serious_chronic,0.6,0.008305328683288904
1027,0,0.2679882001110874,NCT03569293,atopic dermatitis,upadacitinib,Phase 3,20.0,C_benign,0.5,0.2679882001110874
1028,0,0.2675872780912104,NCT03607422,atopic dermatitis,upadacitinib,Phase 3,20.0,C_benign,0.5,0.2675872780912104
1029,0,0.008311489493377922,NCT03653026,ulcerative colitis,upadacitinib,Phase 3,50.0,B_serious_chronic,0.6,0.008311489493377922
1030,0,0.2675514643972698,NCT03661138,atopic dermatitis,upadacitinib,Phase 3,20.0,C_benign,0.5,0.2675514643972698
1032,0,0.1271114858657344,NCT03583372,overactive bladder,vibegron,Phase 3,15.0,C_benign,0.5,0.1271114858657344
1033,0,0.0018229443823885028,NCT03153150,"Intracranial Hemorrhages; Intracranial Hemorrhage, Hypertensive; Subarachnoid Hemorrhage; Subdural Hematoma; Intraventricular Hemorrhage; Atrial Fibrillation; Atrial Flutter; Small Vessel Cerebrovascular Disease; Microhaemorrhage",warfarin,Phase 3,88.0,A_tox_tolerated,0.65,0.0018229443823885028
1034,0,0.10180203567020221,NCT03232398,Acute Myocardial Infarction; Left Ventricular Thrombosis; Anticoagulants and Bleeding Disorders,warfarin,Phase 3,80.0,A_tox_tolerated,0.65,0.10180203567020221
1035,0,0.21276349082300205,NCT03734016,Chronic Lymphocytic Leukemia,zanubrutinib,Phase 3,70.0,A_tox_tolerated,0.65,0.21276349082300205
1036,0,0.08616346729426257,NCT03465722,GIST,avapritinib,Phase 3,72.0,A_tox_tolerated,0.65,0.08616346729426257
1037,0,0.3806482607281577,NCT03675737,Stomach Neoplasms,capecitabine,Phase 3,85.0,A_tox_tolerated,0.65,0.3806482607281577
1039,0,0.11681529433358909,NCT03572933,CDKL5 deficiency disorder,ganaxolone,Phase 3,70.0,A_tox_tolerated,0.65,0.11681529433358909
1041,0,0.007957636135694246,NCT03553498,pain,hydromorphone,Phase 3,20.0,C_benign,0.5,0.007957636135694246
1042,0,0.2547110672972901,NCT03665779,Induction of Labor Affected Fetus / Newborn; Rupture of Membranes Prior to Onset of Labor,isosorbide mononitrate,Phase 3,50.0,B_serious_chronic,0.6,0.2547110672972901
1043,0,0.23034223976303037,NCT03713593,Advanced Hepatocellular Carcinoma,lenvatinib,Phase 3,90.0,A_tox_tolerated,0.65,0.23034223976303037
1044,0,0.7388424407306255,NCT03422328,Pulmonary Arterial Hypertension; Chronic Thromboembolic Pulmonary Hypertension,macitentan,Phase 3,80.0,A_tox_tolerated,0.65,0.7388424407306255
1045,0,0.33502684120222276,NCT03470545,hypertrophic cardiomyopathy,mavacamten,Phase 3,70.0,A_tox_tolerated,0.65,0.33502684120222276
1046,0,0.4821060782140048,NCT03219437,Psoriasis,methotrexate,Phase 3,45.0,B_serious_chronic,0.6,0.4821060782140048
1047,0,0.007013444995688745,NCT04613726,"Vomiting, Postoperative; Postoperative Complications; Hypotension",ondansetron,Phase 3,35.0,C_benign,0.5,0.007013444995688745
1048,0,0.07726710696357304,NCT03691090,Advanced Esophageal Cancer,paclitaxel,Phase 3,90.0,A_tox_tolerated,0.65,0.07726710696357304
1049,0,0.7103860720621553,NCT03515837,Lung Cancer,pemetrexed,Phase 3,90.0,A_tox_tolerated,0.65,0.7103860720621553
1050,0,0.3149468178635157,NCT03149809,Urinary Symptoms in Parkinson Disease,solifenacin,Phase 3,40.0,B_serious_chronic,0.6,0.3149468178635157
1051,0,0.014453382673668224,NCT03334682,acne vulgaris,spironolactone,Phase 3,8.0,C_benign,0.5,0.014453382673668224
1052,0,0.1271141440138534,NCT03492281,overactive bladder,vibegron,Phase 3,15.0,C_benign,0.5,0.1271141440138534
1053,0,0.17935595380365893,NCT03009981,Relapsed Prostate Cancer,abiraterone acetate,Phase 3,85.0,A_tox_tolerated,0.65,0.17935595380365893
1054,0,0.2965980757498333,NCT03014167,filariasis,albendazole,Phase 3,35.0,C_benign,0.5,0.2965980757498333
1055,0,0.007241733014550555,NCT03137303,COPD,albuterol,Phase 3,60.0,B_serious_chronic,0.6,0.007241733014550555
1056,0,0.002965838202644777,NCT03185065,Multiple Sclerosis,amantadine,Phase 3,60.0,B_serious_chronic,0.6,0.002965838202644777
1057,0,0.3418509945769997,NCT02924285,Therapy of Premature Ventricular Contractions in Patients With Structural Heart Disease,amiodarone,Phase 3,60.0,B_serious_chronic,0.6,0.3418509945769997
1058,0,0.18465748986995867,NCT03009981,Relapsed Prostate Cancer,apalutamide,Phase 3,85.0,A_tox_tolerated,0.65,0.18465748986995867
1059,0,0.4257475868476601,NCT02933697,Atrial Fibrillation; End-stage Kidney Disease,apixaban,Phase 3,70.0,A_tox_tolerated,0.65,0.4257475868476601
1060,0,0.29149829936439603,NCT03045406,With Cancer,apixaban,Phase 3,85.0,A_tox_tolerated,0.65,0.29149829936439603
1061,0,0.44315422658000914,NCT03080883,Secondary Cancer,apixaban,Phase 3,82.0,A_tox_tolerated,0.65,0.44315422658000914
1062,0,0.2523828567567873,NCT03123471,psoriasis,apremilast,Phase 3,25.0,C_benign,0.5,0.2523828567567873
1063,0,0.008838496695000808,NCT03106779,Chronic Myelogenous Leukemia,asciminib,Phase 3,70.0,A_tox_tolerated,0.65,0.008838496695000808
1064,0,0.20968458454013694,NCT03179631,"Muscular Dystrophy, Duchenne; Muscular Dystrophies; Muscular Disorders, Atrophic; Muscular Diseases; Musculoskeletal Disease; Neuromuscular Diseases; Nervous System Diseases; Genetic Diseases, X-Linked; Genetic Diseases, Inborn",ataluren,Phase 3,80.0,A_tox_tolerated,0.65,0.20968458454013694
1066,0,0.5063404476764892,NCT03268954,Participants With Higher-Risk Myelodysplastic Syndrome,azacitidine,Phase 3,85.0,A_tox_tolerated,0.65,0.5063404476764892
1067,0,0.004308128479922835,NCT03334396,Atopic Dermatitis,baricitinib,Phase 3,20.0,C_benign,0.5,0.004308128479922835
1068,0,0.004308128479922835,NCT03334422,Atopic Dermatitis,baricitinib,Phase 3,20.0,C_benign,0.5,0.004308128479922835
1069,0,0.18922047672263181,NCT03337308,Hyperlipidemias,bempedoic acid,Phase 3,38.0,C_benign,0.5,0.18922047672263181
1070,0,0.17466892335970172,NCT03100318,hyperuricemia,benzbromarone,Phase 3,25.0,C_benign,0.5,0.17466892335970172
1073,0,0.0041505348665426215,NCT03287869,bipolar I disorder,brexpiprazole,Phase 3,52.0,B_serious_chronic,0.6,0.0041505348665426215
1074,0,0.004376668224040125,NCT03083665,epilepsy,brivaracetam,Phase 3,58.0,B_serious_chronic,0.6,0.004376668224040125
1075,0,0.0042822237211612045,NCT03250377,epilepsy,brivaracetam,Phase 3,58.0,B_serious_chronic,0.6,0.0042822237211612045
1077,0,0.00687133521432981,NCT03027661,Pain,bupivacaine,Phase 3,15.0,C_benign,0.5,0.00687133521432981
1078,0,0.49814659241880654,NCT02526212,opioid use disorder,buprenorphine,Phase 3,45.0,B_serious_chronic,0.6,0.49814659241880654
1079,0,0.5010017125290368,NCT03232346,opioid use disorder,buprenorphine,Phase 3,45.0,B_serious_chronic,0.6,0.5010017125290368
1080,0,0.017389779433877116,NCT03006705,Gastric Cancer,capecitabine,Phase 3,85.0,A_tox_tolerated,0.65,0.017389779433877116
1081,0,0.9996016427726241,NCT03084939,Metastatic Breast Cancer,capecitabine,Phase 3,88.0,A_tox_tolerated,0.65,0.9996016427726241
1082,0,0.0700338560487378,NCT03032380,Healthcare-associated Pneumonia (HCAP); Hospital Acquired Pneumonia (HAP); Ventilator Associated Pneumonia (VAP),cefiderocol,Phase 3,80.0,A_tox_tolerated,0.65,0.0700338560487378
1083,0,0.3646214385904923,NCT03269994,pancreatic cancer,cefoxitin,Phase 3,95.0,A_tox_tolerated,0.65,0.3646214385904923
1084,0,0.16124249316052608,NCT03294395,gonorrhea,ceftriaxone,Phase 3,22.0,C_benign,0.5,0.16124249316052608
1085,0,0.004854261163418782,NCT03396588,neonatal abstinence syndrome,clonidine,Phase 3,40.0,B_serious_chronic,0.6,0.004854261163418782
1086,0,0.35982716688270394,NCT02814916,Methicillin-Resistant Staphylococcus Aureus; Bacterial Infections; Staphylococcal Skin Infections,dalbavancin,Phase 3,65.0,B_serious_chronic,0.6,0.35982716688270394
1087,0,0.15322960531005334,NCT02984644,Type II; Diabetes,dapagliflozin,Phase 3,40.0,B_serious_chronic,0.6,0.15322960531005334
1088,0,0.16131460866672356,NCT03036124,Chronic Heart Failure With Reduced Ejection Fraction (HFrEF),dapagliflozin,Phase 3,80.0,A_tox_tolerated,0.65,0.16131460866672356
1089,0,0.003455365363285523,NCT03036150,Chronic Kidney Disease,dapagliflozin,Phase 3,60.0,B_serious_chronic,0.6,0.003455365363285523
1090,0,0.007176165114335875,NCT03199053,Type 2 Diabetes Mellitus,dapagliflozin,Phase 3,40.0,B_serious_chronic,0.6,0.007176165114335875
1091,0,0.003415468904519625,NCT03029208,anemia,daprodustat,Phase 3,40.0,B_serious_chronic,0.6,0.003415468904519625
1092,0,0.19465569711054237,NCT03011905,"Brachial Plexus Block; Pain, Postoperative",dexamethasone,Phase 3,10.0,C_benign,0.5,0.19465569711054237
1093,0,0.001983360543066537,NCT03029234,Multiple Myeloma,dexamethasone,Phase 3,82.0,A_tox_tolerated,0.65,0.001983360543066537
1095,0,0.001971022562875824,NCT03158688,Multiple Myeloma,dexamethasone,Phase 3,82.0,A_tox_tolerated,0.65,0.001971022562875824
1097,0,0.001971024899441165,NCT03234972,Multiple Myeloma,dexamethasone,Phase 3,82.0,A_tox_tolerated,0.65,0.001971024899441165
1098,0,0.399834090073394,NCT03001661,Induction of Labor Affected Fetus / Newborn,dinoprostone,Phase 3,45.0,B_serious_chronic,0.6,0.399834090073394
1099,0,0.24653214925802533,NCT03067597,cervical ripening,dinoprostone,Phase 3,8.0,C_benign,0.5,0.24653214925802533
1100,0,0.2461289078287646,NCT03067727,cervical ripening,dinoprostone,Phase 3,8.0,C_benign,0.5,0.2461289078287646
1101,0,0.008248478346300936,NCT02976259,HIV infection,dolutegravir,Phase 3,62.0,B_serious_chronic,0.6,0.008248478346300936
1103,0,0.008971535587801527,NCT03122262,HIV-1 infection,dolutegravir,Phase 3,62.0,B_serious_chronic,0.6,0.008971535587801527
1104,0,0.07204742900457198,NCT03176693,pheochromocytoma and paraganglioma,doxazosin,Phase 3,70.0,A_tox_tolerated,0.65,0.07204742900457198
1105,0,0.4504809839994186,NCT02798471,Venous Thromboembolism (VTE); Pulmonary Embolism; Deep Vein Thrombosis (DVT),edoxaban,Phase 3,76.0,A_tox_tolerated,0.65,0.4504809839994186
1106,0,0.774920821709195,NCT02866175,Atrial Fibrillation,edoxaban,Phase 3,45.0,B_serious_chronic,0.6,0.774920821709195
1107,0,0.7746351854437946,NCT02942576,Atrial Fibrillation,edoxaban,Phase 3,45.0,B_serious_chronic,0.6,0.7746351854437946
1108,0,0.4495175366572807,NCT03244319,MV(Mitral Valve) Repair,edoxaban,Phase 3,60.0,B_serious_chronic,0.6,0.4495175366572807
1109,0,0.00326784666247566,NCT03057951,Heart Failure,empagliflozin,Phase 3,80.0,A_tox_tolerated,0.65,0.00326784666247566
1110,0,0.003242726638171245,NCT03057977,Heart Failure,empagliflozin,Phase 3,80.0,A_tox_tolerated,0.65,0.003242726638171245
1112,0,0.003720594202326133,NCT03066804,Heart Failure With Preserved Ejection Fraction,enalapril,Phase 3,75.0,A_tox_tolerated,0.65,0.003720594202326133
1114,0,0.14521331706782242,NCT03016312,Prostrate Cancer,enzalutamide,Phase 3,72.0,A_tox_tolerated,0.65,0.14521331706782242
1115,0,0.0972737901745083,NCT03032510,complicated urinary tract infection,eravacycline,Phase 3,52.0,B_serious_chronic,0.6,0.0972737901745083
1116,0,0.7928118816323767,NCT03264547,Breast Cancer,eribulin,Phase 3,75.0,A_tox_tolerated,0.65,0.7928118816323767
1117,0,0.00926216479459636,NCT03039192,Major Depressive Disorder,esketamine,Phase 3,42.0,B_serious_chronic,0.6,0.00926216479459636
1118,0,0.009251554453342536,NCT03097133,Major Depressive Disorder,esketamine,Phase 3,42.0,B_serious_chronic,0.6,0.009251554453342536
1119,0,0.45763415402290236,NCT03066778,Participants With Extensive Stage Small Cell Lung Cancer,etoposide,Phase 3,92.0,A_tox_tolerated,0.65,0.45763415402290236
1120,0,0.12848322436515286,NCT03337308,Hyperlipidemias,ezetimibe,Phase 3,38.0,C_benign,0.5,0.12848322436515286
1121,0,0.0037140472560219574,NCT04414800,"Multiple Trauma; Pain, Acute",fentanyl,Phase 3,70.0,A_tox_tolerated,0.65,0.0037140472560219574
1122,0,0.011517311155505717,NCT03025308,Rheumatoid Arthritis,filgotinib,Phase 3,58.0,B_serious_chronic,0.6,0.011517311155505717
1123,0,0.0038789099639177536,NCT03143153,Esophageal Cancer,fluorouracil,Phase 3,88.0,A_tox_tolerated,0.65,0.0038789099639177536
1124,0,0.2201953391901413,NCT04628325,congestive heart failure,furosemide,Phase 3,80.0,A_tox_tolerated,0.65,0.2201953391901413
1126,0,0.7620531133571917,NCT03128515,Sickle Cell Anemia; Sickle Cell Disease; Malaria,hydroxyurea,Phase 3,68.0,B_serious_chronic,0.6,0.7620531133571917
1127,0,0.4805770519006449,NCT03053440,Waldenström's Macroglobulinemia,ibrutinib,Phase 3,72.0,A_tox_tolerated,0.65,0.4805770519006449
1128,0,0.9999978419782215,NCT03112174,Cell Lymphoma,ibrutinib,Phase 3,85.0,A_tox_tolerated,0.65,0.9999978419782215
1129,0,0.003084629338418865,NCT02863575,Pain,ibuprofen,Phase 3,15.0,C_benign,0.5,0.003084629338418865
1130,0,0.13095756672794853,NCT04037514,Patent Ductus Arteriosus After Premature Birth,ibuprofen,Phase 3,60.0,B_serious_chronic,0.6,0.13095756672794853
1131,0,0.3675665462179588,NCT03068312,cystic fibrosis,ivacaftor,Phase 3,68.0,B_serious_chronic,0.6,0.3675665462179588
1132,0,0.36741798975786394,NCT03150719,cystic fibrosis,ivacaftor,Phase 3,68.0,B_serious_chronic,0.6,0.36741798975786394
1134,0,0.10798442429231854,NCT02920528,Treatment of Acute Pain,ketamine,Phase 3,12.0,C_benign,0.5,0.10798442429231854
1135,0,0.029211280633516478,NCT03104140,Septic Shock,ketamine,Phase 3,85.0,A_tox_tolerated,0.65,0.029211280633516478
1136,0,0.0038800411036736373,NCT04414800,"Multiple Trauma; Pain, Acute",ketamine,Phase 3,70.0,A_tox_tolerated,0.65,0.0038800411036736373
1137,0,0.019016862949274117,NCT03320486,tinea pedis,ketoconazole,Phase 3,5.0,C_benign,0.5,0.019016862949274117
1138,0,0.15491530951805355,NCT03050307,Gastric Ulcer,lansoprazole,Phase 3,30.0,C_benign,0.5,0.15491530951805355
1139,0,0.6647954578597524,NCT03050359,Duodenal Ulcer,lansoprazole,Phase 3,30.0,C_benign,0.5,0.6647954578597524
1140,0,0.23225541685689083,NCT02966093,Thyroid Cancer,lenvatinib,Phase 3,60.0,B_serious_chronic,0.6,0.23225541685689083
1141,0,0.22155997879567293,NCT02818738,Maintaining Remission After the First Flare of Steroid Sensitive Nephrotic Syndrome,levamisole hydrochloride,Phase 3,45.0,B_serious_chronic,0.6,0.22155997879567293
1142,0,0.36539407578058425,NCT03340064,Partial Seizures,levetiracetam,Phase 3,55.0,B_serious_chronic,0.6,0.36539407578058425
1143,0,0.04484333744294995,NCT03277690,Cushing syndrome,levoketoconazole,Phase 3,55.0,B_serious_chronic,0.6,0.04484333744294995
1144,0,0.021924023890333745,NCT02720198,Major Depressive Disorder,levomilnacipran,Phase 3,42.0,B_serious_chronic,0.6,0.021924023890333745
1146,0,0.0036590275954813344,NCT03086486,tuberculosis,linezolid,Phase 3,72.0,A_tox_tolerated,0.65,0.0036590275954813344
1147,0,0.11959979535008629,NCT03097861,chronic idiopathic constipation,lubiprostone,Phase 3,12.0,C_benign,0.5,0.11959979535008629
1148,0,0.44863193266208884,NCT03249376,Depression,lumateperone,Phase 3,40.0,B_serious_chronic,0.6,0.44863193266208884
1149,0,0.8024448816667012,NCT02932410,Pulmonary Arterial Hypertension,macitentan,Phase 3,80.0,A_tox_tolerated,0.65,0.8024448816667012
1150,0,0.2589581861790785,NCT02927067,Cytomegalovirus (CMV),maribavir,Phase 3,50.0,B_serious_chronic,0.6,0.2589581861790785
1151,0,0.47224889241852785,NCT03066830,Type 2 Diabetes Mellitus,metformin,Phase 3,40.0,B_serious_chronic,0.6,0.47224889241852785
1152,0,0.12274486006799738,NCT03130426,Type 2 Diabetes,metformin,Phase 3,40.0,B_serious_chronic,0.6,0.12274486006799738
1153,0,0.11905664376648566,NCT03214380,Type 2 Diabetes,metformin,Phase 3,40.0,B_serious_chronic,0.6,0.11905664376648566
1154,0,0.1200644487089757,NCT03268005,Type 2 Diabetes,metformin,Phase 3,40.0,B_serious_chronic,0.6,0.1200644487089757
1155,0,0.6318173767651101,NCT03309007,diabetes,metformin,Phase 3,42.0,B_serious_chronic,0.6,0.6318173767651101
1156,0,0.6311093452689392,NCT02980276,Reduction of Gestational Diabetes,metformin,Phase 3,40.0,B_serious_chronic,0.6,0.6311093452689392
1157,0,0.013390547915138006,NCT03215056,Pain,methoxyflurane,Phase 3,15.0,C_benign,0.5,0.013390547915138006
1158,0,0.5986395769707683,NCT03256903,Trauma Pain,methoxyflurane,Phase 3,18.0,C_benign,0.5,0.5986395769707683
1159,0,0.2085216096435803,NCT02700685,attention deficit hyperactivity disorder,methylphenidate,Phase 3,22.0,C_benign,0.5,0.2085216096435803
1160,0,0.0015626581171247268,NCT03185065,Multiple Sclerosis,methylphenidate,Phase 3,60.0,B_serious_chronic,0.6,0.0015626581171247268
1162,0,0.14465873954513356,NCT03220958,Post-Traumatic Headache,metoclopramide,Phase 3,15.0,C_benign,0.5,0.14465873954513356
1163,0,0.012605423587811937,NCT03069677,Anxiety,midazolam,Phase 3,20.0,C_benign,0.5,0.012605423587811937
1165,0,0.3889595806365556,NCT03148574,postpartum hemorrhage,misoprostol,Phase 3,85.0,A_tox_tolerated,0.65,0.3889595806365556
1166,0,0.00365306010923796,NCT03185065,Multiple Sclerosis,modafinil,Phase 3,60.0,B_serious_chronic,0.6,0.00365306010923796
1167,0,0.09361172018072998,NCT03085797,chronic rhinosinusitis with nasal polyps,mometasone furoate,Phase 3,18.0,C_benign,0.5,0.09361172018072998
1168,0,0.3896855476029024,NCT02990286,"Lung Disease, Interstitial",mycophenolate mofetil,Phase 3,75.0,A_tox_tolerated,0.65,0.3896855476029024
1169,0,0.017973385185341174,NCT03156452,Immune Thrombocytopenia,mycophenolate mofetil,Phase 3,50.0,B_serious_chronic,0.6,0.017973385185341174
1170,0,0.13951839988381604,NCT03248037,Fuchs' endothelial dystrophy,netarsudil,Phase 3,20.0,C_benign,0.5,0.13951839988381604
1171,0,0.0042830037365720885,NCT03091699,smoking cessation,nicotine,Phase 3,30.0,C_benign,0.5,0.0042830037365720885
1172,0,0.217118306057659,NCT02999178,"Lung Diseases, Interstitial",nintedanib,Phase 3,75.0,A_tox_tolerated,0.65,0.217118306057659
1173,0,0.2271874237543948,NCT03313180,"Lung Diseases, Interstitial",nintedanib,Phase 3,75.0,A_tox_tolerated,0.65,0.2271874237543948
1174,0,0.2774161447508275,NCT03187769,Schizophrenia; Schizophreniform Disorders; Bipolar I Disorder,olanzapine,Phase 3,62.0,B_serious_chronic,0.6,0.2774161447508275
1175,0,0.1336017386656574,NCT03219710,Chemotherapy-induced Nausea and Vomiting,olanzapine,Phase 3,20.0,C_benign,0.5,0.1336017386656574
1176,0,0.4533318239771047,NCT03205228,Globus,omeprazole,Phase 3,8.0,C_benign,0.5,0.4533318239771047
1177,0,0.1440821643474508,NCT03352323,rosacea,oxymetazoline,Phase 3,5.0,C_benign,0.5,0.1440821643474508
1178,0,0.07723418087556588,NCT02898077,Gastroesophageal Cancer,paclitaxel,Phase 3,85.0,A_tox_tolerated,0.65,0.07723418087556588
1179,0,0.7750643210679359,NCT03036488,Breast Cancer,paclitaxel,Phase 3,75.0,A_tox_tolerated,0.65,0.7750643210679359
1180,0,0.07696855263699984,NCT03038100,Primary Peritoneal Cancer,paclitaxel,Phase 3,90.0,A_tox_tolerated,0.65,0.07696855263699984
1181,0,0.05614902086499636,NCT03064126,"Peripheral Artery Disease; Atherosclerosis; Artery Diseases, Peripheral; Plaque, Atherosclerotic; Occlusive Arterial Disease",paclitaxel,Phase 3,50.0,B_serious_chronic,0.6,0.05614902086499636
1182,0,0.8613088678206722,NCT03117049,Lung Cancer,paclitaxel,Phase 3,90.0,A_tox_tolerated,0.65,0.8613088678206722
1183,0,0.7826766155795866,NCT03125902,Breast Cancer,paclitaxel,Phase 3,75.0,A_tox_tolerated,0.65,0.7826766155795866
1184,0,0.8656701840885143,NCT03169335,Lung Cancer,paclitaxel,Phase 3,90.0,A_tox_tolerated,0.65,0.8656701840885143
1185,0,0.8587714142146575,NCT03329911,Lung Cancer,paclitaxel,Phase 3,90.0,A_tox_tolerated,0.65,0.8587714142146575
1186,0,0.8843884233613117,NCT03875092,Lung Cancer,paclitaxel,Phase 3,90.0,A_tox_tolerated,0.65,0.8843884233613117
1187,0,0.07719083389117964,NCT06781073,Cervical Carcinoma,paclitaxel,Phase 3,85.0,A_tox_tolerated,0.65,0.07719083389117964
1188,0,0.1921562085355763,NCT03312634,fibrodysplasia ossificans progressiva,palovarotene,Phase 3,75.0,A_tox_tolerated,0.65,0.1921562085355763
1189,0,0.386632553289046,NCT02929563,Gastrointestinal Hemorrhage,pantoprazole,Phase 3,68.0,B_serious_chronic,0.6,0.386632553289046
1190,0,0.7101187784321564,NCT02864251,Lung Cancer,pemetrexed,Phase 3,90.0,A_tox_tolerated,0.65,0.7101187784321564
1191,0,0.004188780993777596,NCT03134872,NSCLC,pemetrexed,Phase 3,88.0,A_tox_tolerated,0.65,0.004188780993777596
1193,0,0.009869418368701921,NCT03374956,Obesity,phentermine,Phase 3,35.0,C_benign,0.5,0.009869418368701921
1194,0,0.11347091624059527,NCT03208933,Idiopathic Pulmonary Fibrosis,pirfenidone,Phase 3,88.0,A_tox_tolerated,0.65,0.11347091624059527
1195,0,0.0036226565676816813,NCT03232073,Multiple Sclerosis,ponesimod,Phase 3,60.0,B_serious_chronic,0.6,0.0036226565676816813
1196,0,0.20447119994776886,NCT02961257,Prostate Cancer Metastatic,prednisone,Phase 3,88.0,A_tox_tolerated,0.65,0.20447119994776886
1198,0,0.006310570647713143,NCT03086486,tuberculosis,pretomanid,Phase 3,72.0,A_tox_tolerated,0.65,0.006310570647713143
1199,0,0.006853778376218677,NCT03022240,Cognitive Change; Behavior,propofol,Phase 3,30.0,C_benign,0.5,0.006853778376218677
1200,0,0.006751530849446774,NCT03425474,sedation,propofol,Phase 3,15.0,C_benign,0.5,0.006751530849446774
1202,0,0.005819427709626424,NCT02720198,Major Depressive Disorder,quetiapine,Phase 3,42.0,B_serious_chronic,0.6,0.005819427709626424
1203,0,0.011802804597723714,NCT03029689,HIV infection,raltegravir,Phase 3,62.0,B_serious_chronic,0.6,0.011802804597723714
1204,0,0.00312776915656523,NCT03065309,hypotension,remifentanil,Phase 3,40.0,B_serious_chronic,0.6,0.00312776915656523
1205,0,0.4491726699069806,NCT03669484,General Anaesthesia,remimazolam,Phase 3,10.0,C_benign,0.5,0.4491726699069806
1206,0,0.01046361546621708,NCT03235479,migraine,rimegepant,Phase 3,20.0,C_benign,0.5,0.01046361546621708
1207,0,0.01046361546621708,NCT03237845,migraine,rimegepant,Phase 3,20.0,C_benign,0.5,0.01046361546621708
1208,0,0.3030059718365676,NCT03055026,Extended Antithrombotic Prophylaxis After Laparoscopic Surgery for Colorectal Cancer,rivaroxaban,Phase 3,65.0,B_serious_chronic,0.6,0.3030059718365676
1209,0,0.3019918379629397,NCT03181386,Atrial Fibrillation; Periodontal Disease; Hemorrhage,rivaroxaban,Phase 3,45.0,B_serious_chronic,0.6,0.3019918379629397
1210,0,0.30254792344098297,NCT04569279,Cerebral Vein Thrombosis,rivaroxaban,Phase 3,80.0,A_tox_tolerated,0.65,0.30254792344098297
1211,0,0.0065667893593644115,NCT02959476,Pain,ropivacaine,Phase 3,15.0,C_benign,0.5,0.0065667893593644115
1212,0,0.008817391519143758,NCT02855944,Primary Peritoneal Cancer,rucaparib,Phase 3,90.0,A_tox_tolerated,0.65,0.008817391519143758
1213,0,0.9089392867842939,NCT02975934,Prostate Cancer,rucaparib,Phase 3,72.0,A_tox_tolerated,0.65,0.9089392867842939
1214,0,0.17083316351075206,NCT03112603,Graft-versus-host Disease (GVHD),ruxolitinib,Phase 3,78.0,A_tox_tolerated,0.65,0.17083316351075206
1215,0,0.00915735853215487,NCT03110562,Multiple Myeloma,selinexor,Phase 3,82.0,A_tox_tolerated,0.65,0.00915735853215487
1216,0,0.0075216196889701156,NCT03022240,Cognitive Change; Behavior,sevoflurane,Phase 3,30.0,C_benign,0.5,0.0075216196889701156
1217,0,0.7202671416827717,NCT02713945,Noonan Syndrome,simvastatin,Phase 3,55.0,B_serious_chronic,0.6,0.7202671416827717
1218,0,0.2508812987635075,NCT03061214,Type 2 Diabetes,sitagliptin,Phase 3,40.0,B_serious_chronic,0.6,0.2508812987635075
1219,0,0.23678996919552472,NCT03076112,Type 2 Diabetes,sitagliptin,Phase 3,40.0,B_serious_chronic,0.6,0.23678996919552472
1220,0,0.24428095808110628,NCT03115112,Type 2 Diabetes,sitagliptin,Phase 3,40.0,B_serious_chronic,0.6,0.24428095808110628
1221,0,0.013930200572851015,NCT03995485,hepatitis C virus infection,sofosbuvir,Phase 3,60.0,B_serious_chronic,0.6,0.013930200572851015
1222,0,0.07556559652227221,NCT03242018,Type 2 Diabetes,sotagliflozin,Phase 3,40.0,B_serious_chronic,0.6,0.07556559652227221
1223,0,0.07597479291947304,NCT03242252,Type 2 Diabetes,sotagliflozin,Phase 3,40.0,B_serious_chronic,0.6,0.07597479291947304
1224,0,0.09271936154640892,NCT03285594,Type 2 Diabetes Mellitus,sotagliflozin,Phase 3,40.0,B_serious_chronic,0.6,0.09271936154640892
1225,0,0.07825144875249804,NCT03351478,Type 2 Diabetes Mellitus,sotagliflozin,Phase 3,40.0,B_serious_chronic,0.6,0.07825144875249804
1226,0,0.72236075453928,NCT03260894,Renal Cell Carcinoma (RCC),sunitinib,Phase 3,80.0,A_tox_tolerated,0.65,0.72236075453928
1227,0,0.0023574893755845096,NCT03373201,insomnia,tasimelteon,Phase 3,15.0,C_benign,0.5,0.0023574893755845096
1228,0,0.005319026347937616,NCT03122262,HIV-1 infection,tenofovir alafenamide,Phase 3,62.0,B_serious_chronic,0.6,0.005319026347937616
1229,0,0.002465520432147783,NCT03277248,Multiple Sclerosis,teriflunomide,Phase 3,60.0,B_serious_chronic,0.6,0.002465520432147783
1230,0,0.00246526182396829,NCT03277261,Multiple Sclerosis,teriflunomide,Phase 3,60.0,B_serious_chronic,0.6,0.00246526182396829
1232,0,0.15557494763036603,NCT02997358,leiomyosarcoma,trabectedin,Phase 3,90.0,A_tox_tolerated,0.65,0.15557494763036603
1233,0,0.16117022175299953,NCT03290378,Pain Management,tramadol,Phase 3,15.0,C_benign,0.5,0.16117022175299953
1234,0,0.16426500234725516,NCT03395808,Pain Management,tramadol,Phase 3,15.0,C_benign,0.5,0.16426500234725516
1235,0,0.015130139427255985,NCT03191903,Osteoarthritis,triamcinolone hexacetonide,Phase 3,25.0,C_benign,0.5,0.015130139427255985
1236,0,0.015131862955894481,NCT03390036,Osteoarthritis,triamcinolone hexacetonide,Phase 3,25.0,C_benign,0.5,0.015131862955894481
1237,0,0.005108323585431895,NCT03118297,contraception,ulipristal acetate,Phase 3,5.0,C_benign,0.5,0.005108323585431895
1238,0,0.00816045891709718,NCT03086343,Rheumatoid Arthritis,upadacitinib,Phase 3,58.0,B_serious_chronic,0.6,0.00816045891709718
1239,0,0.1327061116642662,NCT03104374,Psoriatic Arthritis,upadacitinib,Phase 3,55.0,B_serious_chronic,0.6,0.1327061116642662
1240,0,0.13238771874580485,NCT03104400,Psoriatic Arthritis,upadacitinib,Phase 3,55.0,B_serious_chronic,0.6,0.13238771874580485
1241,0,0.008343182091987256,NCT03345836,Crohn's disease,upadacitinib,Phase 3,55.0,B_serious_chronic,0.6,0.008343182091987256
1242,0,0.0083107438806445,NCT03345849,Crohn's disease,upadacitinib,Phase 3,55.0,B_serious_chronic,0.6,0.0083107438806445
1243,0,0.010069224444276914,NCT02957786,smoking cessation,varenicline,Phase 3,30.0,C_benign,0.5,0.010069224444276914
1244,0,0.8827425909969628,NCT03262662,tobacco use disorder,varenicline,Phase 3,30.0,C_benign,0.5,0.8827425909969628
1245,0,0.3605682767718498,NCT02908672,Advanced Melanoma,vemurafenib,Phase 3,90.0,A_tox_tolerated,0.65,0.3605682767718498
1247,0,0.7912214971927963,NCT03112174,Cell Lymphoma,venetoclax,Phase 3,85.0,A_tox_tolerated,0.65,0.7912214971927963
1248,0,0.004411368161414808,NCT03108625,Major Depressive Disorder,vortioxetine,Phase 3,42.0,B_serious_chronic,0.6,0.004411368161414808
1250,0,0.01020529735778688,NCT03067441,Hypercholesterolemia,bempedoic acid,Phase 3,38.0,C_benign,0.5,0.01020529735778688
1251,0,0.0019680014052567254,NCT03275285,Multiple Myeloma,dexamethasone,Phase 3,82.0,A_tox_tolerated,0.65,0.0019680014052567254
1253,0,0.3995774224228606,NCT02851797,Duchenne muscular dystrophy,givinostat,Phase 3,80.0,A_tox_tolerated,0.65,0.3995774224228606
1254,0,0.19351831195484495,NCT02947347,Follicular Lymphoma,ibrutinib,Phase 3,68.0,B_serious_chronic,0.6,0.19351831195484495
1256,0,0.21452894736153943,NCT02502175,Medication-assisted Treatment of Opioid Use Disorder,methadone,Phase 3,55.0,B_serious_chronic,0.6,0.21452894736153943
1257,0,0.9912030582010362,NCT02987543,Prostate Cancer,olaparib,Phase 3,72.0,A_tox_tolerated,0.65,0.9912030582010362
1258,0,0.3194870942427231,NCT02629042,Pulpitis,prednisolone,Phase 3,8.0,C_benign,0.5,0.3194870942427231
1259,0,0.49133354127305806,NCT03043157,Muscle Relaxation,rocuronium,Phase 3,15.0,C_benign,0.5,0.49133354127305806
1260,0,0.018034042133339277,NCT02964936,chronic kidney disease,roxadustat,Phase 3,62.0,B_serious_chronic,0.6,0.018034042133339277
1261,0,0.01858975191424963,NCT02988973,chronic kidney disease,roxadustat,Phase 3,62.0,B_serious_chronic,0.6,0.01858975191424963
1262,0,0.0733870077644726,NCT03131713,Non-melanoma Skin Cancer,acetaminophen,Phase 3,40.0,B_serious_chronic,0.6,0.0733870077644726
1263,0,0.4208903895438857,NCT02885636,Congestive heart failure,albuterol,Phase 3,80.0,A_tox_tolerated,0.65,0.4208903895438857
1265,0,0.004068676517032954,NCT02935530,venous thromboembolism,argatroban,Phase 3,72.0,A_tox_tolerated,0.65,0.004068676517032954
1266,0,0.12048769894339299,NCT02662569,Diabetes,atorvastatin,Phase 3,40.0,B_serious_chronic,0.6,0.12048769894339299
1268,0,0.5396886152193747,NCT03433196,Hypercholesterolemia in Coronaory Heart Disease,atorvastatin,Phase 3,58.0,B_serious_chronic,0.6,0.5396886152193747
1269,0,0.3854297032180231,NCT02870478,Myopia,atropine,Phase 3,8.0,C_benign,0.5,0.3854297032180231
1271,0,0.629336210529243,NCT03001076,Hypercholesterolemia; Atherosclerosis; Statin Adverse Reaction,bempedoic acid,Phase 3,45.0,B_serious_chronic,0.6,0.629336210529243
1272,0,0.3100212598730016,NCT02604173,Acute Mountain Sickness,budesonide,Phase 3,25.0,C_benign,0.5,0.3100212598730016
1273,0,0.006995035872657529,NCT02949674,Pain,bupivacaine,Phase 3,15.0,C_benign,0.5,0.006995035872657529
1274,0,0.0233502487878265,NCT02634788,Pain,buprenorphine,Phase 3,15.0,C_benign,0.5,0.0233502487878265
1275,0,0.010654876191454532,NCT02741791,Major Depressive Disorder,bupropion,Phase 3,42.0,B_serious_chronic,0.6,0.010654876191454532
1277,0,0.0406795151144951,NCT02820987,Septic Shock,cefepime,Phase 3,85.0,A_tox_tolerated,0.65,0.0406795151144951
1278,0,0.3806739267974943,NCT02514278,Organ Preservation in Rectal Cancer,capecitabine,Phase 3,80.0,A_tox_tolerated,0.65,0.3806739267974943
1279,0,0.3804167410375349,NCT02551237,Advanced Rectal Carcinoma,capecitabine,Phase 3,85.0,A_tox_tolerated,0.65,0.3804167410375349
1280,0,0.02405295278211641,NCT02700815,Acute Pain,capsaicin,Phase 3,10.0,C_benign,0.5,0.02405295278211641
1281,0,0.19723618803519155,NCT02670538,Treatment of the Depressive Episode in Participants With Bipolar I Disorder,cariprazine,Phase 3,55.0,B_serious_chronic,0.6,0.19723618803519155
1282,0,0.37776680913043525,NCT02670551,Depression,cariprazine,Phase 3,40.0,B_serious_chronic,0.6,0.37776680913043525
1283,0,0.012750202255271325,NCT02714595,Sepsis,cefiderocol,Phase 3,82.0,A_tox_tolerated,0.65,0.012750202255271325
1284,0,0.007473850073273347,NCT02659033,bacterial infection,cefotaxime,Phase 3,50.0,B_serious_chronic,0.6,0.007473850073273347
1285,0,0.002955082038860346,NCT02688400,Osteoarthritis,celecoxib,Phase 3,25.0,C_benign,0.5,0.002955082038860346
1287,0,0.0030992915547447763,NCT02725411,Low Back Pain,celecoxib,Phase 3,18.0,C_benign,0.5,0.0030992915547447763
1288,0,0.015583993049056732,NCT02754765,"Tuberculosis, Multidrug-Resistant; Infection, Bacterial; Pulmonary Tuberculoses",clofazimine,Phase 3,80.0,A_tox_tolerated,0.65,0.015583993049056732
1289,0,0.004923718695960933,NCT02655965,Locoregional Analgesia in Breast Surgery,clonidine,Phase 3,12.0,C_benign,0.5,0.004923718695960933
1291,0,0.015075051447490884,NCT02737501,Anaplastic Lymphoma,crizotinib,Phase 3,85.0,A_tox_tolerated,0.65,0.015075051447490884
1292,0,0.4923438426063864,NCT02913326,Thromboembolism,dabigatran etexilate,Phase 3,72.0,A_tox_tolerated,0.65,0.4923438426063864
1293,0,0.016548057634231263,NCT02681094,Type 2 Diabetes,dapagliflozin,Phase 3,40.0,B_serious_chronic,0.6,0.016548057634231263
1295,0,0.003415468904519625,NCT02876835,anemia,daprodustat,Phase 3,40.0,B_serious_chronic,0.6,0.003415468904519625
1296,0,0.44463774221929553,NCT02879305,aspergillosis,daprodustat,Phase 3,78.0,A_tox_tolerated,0.65,0.44463774221929553
1297,0,0.008465352779004865,NCT02634008,hepatitis C virus infection,dasabuvir,Phase 3,60.0,B_serious_chronic,0.6,0.008465352779004865
1298,0,0.13200676765741076,NCT02679573,Community Acquired Bacterial Pneumonia,delafloxacin,Phase 3,60.0,B_serious_chronic,0.6,0.13200676765741076
1299,0,0.037541607564495406,NCT02754765,"Tuberculosis, Multidrug-Resistant; Infection, Bacterial; Pulmonary Tuberculoses",delamanid,Phase 3,80.0,A_tox_tolerated,0.65,0.037541607564495406
1300,0,0.011675864927797774,NCT02698514,"Anesthesia, General",desflurane,Phase 3,15.0,C_benign,0.5,0.011675864927797774
1301,0,0.008519714430859282,NCT02830243,Anesthesia,desflurane,Phase 3,15.0,C_benign,0.5,0.008519714430859282
1302,0,0.008519714430859282,NCT02872389,Anesthesia,desflurane,Phase 3,15.0,C_benign,0.5,0.008519714430859282
1303,0,0.1945085862572403,NCT02121262,Macular Edema,dexamethasone,Phase 3,25.0,C_benign,0.5,0.1945085862572403
1304,0,0.19447356276274547,NCT02767219,Glaucoma,dexamethasone,Phase 3,28.0,C_benign,0.5,0.19447356276274547
1305,0,0.025673762558806955,NCT02794441,Migraine,dexamethasone,Phase 3,20.0,C_benign,0.5,0.025673762558806955
1306,0,0.001971024899441165,NCT02811978,Multiple Myeloma,dexamethasone,Phase 3,82.0,A_tox_tolerated,0.65,0.001971024899441165
1307,0,0.19555211599995842,NCT02904538,Pain Management After Surgery,dexamethasone,Phase 3,8.0,C_benign,0.5,0.19555211599995842
1309,0,0.004063692808393049,NCT02700815,Acute Pain,diclofenac,Phase 3,10.0,C_benign,0.5,0.004063692808393049
1311,0,0.2816628951078831,NCT02900378,Chronic Heart Failure With Reduced Ejection Fraction,enalapril,Phase 3,80.0,A_tox_tolerated,0.65,0.2816628951078831
1312,0,0.7662188434481022,NCT02677896,Prostate Cancer,enzalutamide,Phase 3,72.0,A_tox_tolerated,0.65,0.7662188434481022
1313,0,0.004331711484424039,NCT02890173,Essential Hypertension,eplerenone,Phase 3,40.0,B_serious_chronic,0.6,0.004331711484424039
1314,0,0.17803822080964826,NCT02784704,Complicated Intra-abdominal Infections; Complicated Appendicitis,eravacycline,Phase 3,65.0,B_serious_chronic,0.6,0.17803822080964826
1315,0,0.4490327628698695,NCT02995694,Atrophic Vaginitis,estradiol,Phase 3,8.0,C_benign,0.5,0.4490327628698695
1317,0,0.8049720627990771,NCT02763579,Lung Cancer,etoposide,Phase 3,90.0,A_tox_tolerated,0.65,0.8049720627990771
1318,0,0.011304189405501885,NCT02634580,Hypercholesterolemia,ezetimibe,Phase 3,38.0,C_benign,0.5,0.011304189405501885
1319,0,0.5971372474608511,NCT02748057,Hypercholesterolemia; Familial Hypercholesterolemia,ezetimibe,Phase 3,48.0,B_serious_chronic,0.6,0.5971372474608511
1320,0,0.011295033870025128,NCT02749994,Hypercholesterolemia,ezetimibe,Phase 3,38.0,C_benign,0.5,0.011295033870025128
1321,0,0.22004511078618022,NCT02823353,primary biliary cirrhosis,fenofibrate,Phase 3,65.0,B_serious_chronic,0.6,0.22004511078618022
1322,0,0.21825527156170255,NCT03001817,severe hypertriglyceridemia,fenofibrate,Phase 3,50.0,B_serious_chronic,0.6,0.21825527156170255
1323,0,0.2182484693511718,NCT03011450,severe hypertriglyceridemia,fenofibrate,Phase 3,50.0,B_serious_chronic,0.6,0.2182484693511718
1324,0,0.003594560963817317,NCT02880540,Obesity,fentanyl,Phase 3,35.0,C_benign,0.5,0.003594560963817317
1325,0,0.7865435545357081,NCT03025789,"Trypanosomiasis, African; Sleeping Sickness; Trypanosomiasis; Gambian",fexinidazole,Phase 3,92.0,A_tox_tolerated,0.65,0.7865435545357081
1326,0,0.011821422487190448,NCT02873936,Rheumatoid Arthritis,filgotinib,Phase 3,58.0,B_serious_chronic,0.6,0.011821422487190448
1327,0,0.01068746678987642,NCT02886728,Rheumatoid Arthritis,filgotinib,Phase 3,58.0,B_serious_chronic,0.6,0.01068746678987642
1328,0,0.01245033041658239,NCT02889796,Rheumatoid Arthritis,filgotinib,Phase 3,58.0,B_serious_chronic,0.6,0.01245033041658239
1329,0,0.011447376136614618,NCT02914522,ulcerative colitis,filgotinib,Phase 3,50.0,B_serious_chronic,0.6,0.011447376136614618
1330,0,0.011763115784727707,NCT02914561,Crohn's disease,filgotinib,Phase 3,55.0,B_serious_chronic,0.6,0.011763115784727707
1331,0,0.5301867141085272,NCT03004469,androgenetic alopecia,finasteride,Phase 3,6.0,C_benign,0.5,0.5301867141085272
1332,0,0.3245955473064572,NCT02751632,Psychotic Disorders; Personality Disorders; Clinical High Risk,fluoxetine,Phase 3,58.0,B_serious_chronic,0.6,0.3245955473064572
1333,0,0.5252106292045475,NCT02980133,asthma,fluticasone propionate,Phase 3,42.0,B_serious_chronic,0.6,0.5252106292045475
1334,0,0.17394477432571076,NCT02695771,Urinary Bladder Neoplasms,gemcitabine,Phase 3,78.0,A_tox_tolerated,0.65,0.17394477432571076
1335,0,0.17427147890009792,NCT02807636,Metastatic Urothelial Carcinoma,gemcitabine,Phase 3,90.0,A_tox_tolerated,0.65,0.17427147890009792
1337,0,0.17228313363127448,NCT02993731,"Carcinoma, Pancreatic Ductal",gemcitabine,Phase 3,95.0,A_tox_tolerated,0.65,0.17228313363127448
1338,0,0.004233604028692129,NCT02769481,Type 2 Diabetes,glimepiride,Phase 3,40.0,B_serious_chronic,0.6,0.004233604028692129
1339,0,0.46931357158832865,NCT03062280,Congenital Adrenal Hyperplasia,hydrocortisone,Phase 3,50.0,B_serious_chronic,0.6,0.46931357158832865
1340,0,0.20913369592441974,NCT02950051,Previously Untreated Chronic Lymphocytic Leukemia,ibrutinib,Phase 3,70.0,A_tox_tolerated,0.65,0.20913369592441974
1341,0,0.1306419008272906,NCT03022253,Patent Ductus Arteriosus,ibuprofen,Phase 3,55.0,B_serious_chronic,0.6,0.1306419008272906
1342,0,0.2952039366386865,NCT02597361,"Ehlers-Danlos Syndrome, Vascular Type",irbesartan,Phase 3,78.0,A_tox_tolerated,0.65,0.2952039366386865
1343,0,0.33770814582743364,NCT02980016,Tuberculosis; HIV,isoniazid,Phase 3,78.0,A_tox_tolerated,0.65,0.33770814582743364
1344,0,0.3681273956725476,NCT02934698,cystic fibrosis,ivacaftor,Phase 3,68.0,B_serious_chronic,0.6,0.3681273956725476
1345,0,0.07039923762473843,NCT02778880,Pain; Traumatic Limb Injury,ketamine,Phase 3,25.0,C_benign,0.5,0.07039923762473843
1346,0,0.07091863317583051,NCT02927379,Abdominal Cancer,ketamine,Phase 3,85.0,A_tox_tolerated,0.65,0.07091863317583051
1348,0,0.23202873415469752,NCT02905045,Pain Relief,ketoprofen,Phase 3,15.0,C_benign,0.5,0.23202873415469752
1349,0,0.23628166266044026,NCT02905058,Pain Relief,ketoprofen,Phase 3,15.0,C_benign,0.5,0.23628166266044026
1350,0,0.005064828594339765,NCT02582866,epilepsy,lacosamide,Phase 3,58.0,B_serious_chronic,0.6,0.005064828594339765
1351,0,0.013506011751099,NCT03419975,open-angle glaucoma,latanoprost,Phase 3,30.0,C_benign,0.5,0.013506011751099
1352,0,0.020351243973986355,NCT02705534,Cirrhosis,ledipasvir,Phase 3,80.0,A_tox_tolerated,0.65,0.020351243973986355
1353,0,0.025790834225496374,NCT02783729,insomnia,lemborexant,Phase 3,15.0,C_benign,0.5,0.025790834225496374
1354,0,0.008124651788788828,NCT02600923,Advanced Breast Cancer,letrozole,Phase 3,85.0,A_tox_tolerated,0.65,0.008124651788788828
1355,0,0.17286710798535282,NCT03241472,Infertility,letrozole,Phase 3,8.0,C_benign,0.5,0.17286710798535282
1356,0,0.07111210530420524,NCT02578368,gastric cancer,leucovorin,Phase 3,85.0,A_tox_tolerated,0.65,0.07111210530420524
1358,0,0.0027820757640649287,NCT02754765,"Tuberculosis, Multidrug-Resistant; Infection, Bacterial; Pulmonary Tuberculoses",linezolid,Phase 3,80.0,A_tox_tolerated,0.65,0.0027820757640649287
1359,0,0.01016179171633289,NCT02671383,HIV infection,lopinavir,Phase 3,62.0,B_serious_chronic,0.6,0.01016179171633289
1360,0,0.003991198462831446,NCT02651155,constipation,lubiprostone,Phase 3,8.0,C_benign,0.5,0.003991198462831446
1361,0,0.119794157479488,NCT02695719,chronic idiopathic constipation,lubiprostone,Phase 3,12.0,C_benign,0.5,0.119794157479488
1362,0,0.003991198462831446,NCT02729909,constipation,lubiprostone,Phase 3,8.0,C_benign,0.5,0.003991198462831446
1363,0,0.27048884087187636,NCT02766777,functional constipation,lubiprostone,Phase 3,8.0,C_benign,0.5,0.27048884087187636
1364,0,0.09865310036902812,NCT02820987,Septic Shock,meropenem,Phase 3,85.0,A_tox_tolerated,0.65,0.09865310036902812
1365,0,0.25883081886573167,NCT02931539,Cytomegalovirus (CMV),maribavir,Phase 3,50.0,B_serious_chronic,0.6,0.25883081886573167
1366,0,0.4174534455685153,NCT02112578,Vertigo,meclizine,Phase 3,15.0,C_benign,0.5,0.4174534455685153
1367,0,0.0029434269146360937,NCT02386319,Anxiety,melatonin,Phase 3,20.0,C_benign,0.5,0.0029434269146360937
1368,0,0.07636893320656712,NCT02536417,Delirium,melatonin,Phase 3,45.0,B_serious_chronic,0.6,0.07636893320656712
1371,0,0.47719115789540095,NCT02752412,Type 2 Diabetes Mellitus,metformin,Phase 3,40.0,B_serious_chronic,0.6,0.47719115789540095
1372,0,0.46765678725974863,NCT02794792,Type 2 Diabetes Mellitus,metformin,Phase 3,40.0,B_serious_chronic,0.6,0.46765678725974863
1373,0,0.4728457255667771,NCT02831361,Type 2 Diabetes Mellitus,metformin,Phase 3,40.0,B_serious_chronic,0.6,0.4728457255667771
1374,0,0.4719639445798691,NCT02926950,Type 2 Diabetes Mellitus,metformin,Phase 3,40.0,B_serious_chronic,0.6,0.4719639445798691
1375,0,0.6304821063316652,NCT03320694,Management of Gestational Diabetes,metformin,Phase 3,40.0,B_serious_chronic,0.6,0.6304821063316652
1376,0,0.6310809393509695,NCT03792984,Polycystic Ovary Syndrome; Vitamin D Deficiency/Insufficiency,metformin,Phase 3,25.0,C_benign,0.5,0.6310809393509695
1377,0,0.007896752238171146,NCT02558010,Pain,methadone,Phase 3,15.0,C_benign,0.5,0.007896752238171146
1378,0,0.010798791876956737,NCT02831569,Pain,methocarbamol,Phase 3,15.0,C_benign,0.5,0.010798791876956737
1379,0,0.48202408446010836,NCT02634801,Plaque Psoriasis,methotrexate,Phase 3,35.0,C_benign,0.5,0.48202408446010836
1381,0,0.11328512079350468,NCT03148860,Psoriatic Arthritis,methotrexate,Phase 3,55.0,B_serious_chronic,0.6,0.11328512079350468
1382,0,0.0032596931550671338,NCT03332719,Rheumatoid Arthritis,methotrexate,Phase 3,58.0,B_serious_chronic,0.6,0.0032596931550671338
1383,0,0.20868370481239729,NCT02346201,Apathy,methylphenidate,Phase 3,10.0,C_benign,0.5,0.20868370481239729
1384,0,0.24039507418584946,NCT02650609,Chronic Subdural Hematomas,methylprednisolone,Phase 3,65.0,B_serious_chronic,0.6,0.24039507418584946
1385,0,0.22470085685609256,NCT02666703,Cardiopulmonary Bypass,methylprednisolone,Phase 3,60.0,B_serious_chronic,0.6,0.22470085685609256
1386,0,0.7760521914942655,NCT02887976,Prostate Cancer,methylprednisolone,Phase 3,72.0,A_tox_tolerated,0.65,0.7760521914942655
1387,0,0.23475370185601774,NCT02985229,medical abortion,mifepristone,Phase 3,15.0,C_benign,0.5,0.23475370185601774
1389,0,0.44415858935441105,NCT02751931,Neurogenic Detrusor Overactivity,mirabegron,Phase 3,30.0,C_benign,0.5,0.44415858935441105
1390,0,0.0035497949890976655,NCT02202967,anemia,misoprostol,Phase 3,40.0,B_serious_chronic,0.6,0.0035497949890976655
1391,0,0.32043524459611705,NCT02758340,Labor pain,misoprostol,Phase 3,15.0,C_benign,0.5,0.32043524459611705
1392,0,0.10094978939233709,NCT02985229,medical abortion,misoprostol,Phase 3,15.0,C_benign,0.5,0.10094978939233709
1393,0,0.1514130793373447,NCT02563327,Tuberculosis,moxifloxacin,Phase 3,68.0,B_serious_chronic,0.6,0.1514130793373447
1394,0,0.1512957572892914,NCT02754765,"Tuberculosis, Multidrug-Resistant; Infection, Bacterial; Pulmonary Tuberculoses",moxifloxacin,Phase 3,80.0,A_tox_tolerated,0.65,0.1512957572892914
1396,0,0.3737296212038749,NCT02652585,Alcoholism,naltrexone,Phase 3,40.0,B_serious_chronic,0.6,0.3737296212038749
1397,0,0.3738489484882404,NCT02696434,Use in Conjunction With Buprenorphine in Adults With Opioid Use Disorder,naltrexone,Phase 3,55.0,B_serious_chronic,0.6,0.3738489484882404
1398,0,0.004304565854400089,NCT02521662,smoking cessation,nicotine,Phase 3,30.0,C_benign,0.5,0.004304565854400089
1399,0,0.3653067681978409,NCT02802345,Idiopathic Pulmonary Fibrosis,nintedanib,Phase 3,88.0,A_tox_tolerated,0.65,0.3653067681978409
1400,0,0.003773365962101649,NCT03215797,hypotension,norepinephrine,Phase 3,40.0,B_serious_chronic,0.6,0.003773365962101649
1401,0,0.002389792806551494,NCT02694328,Schizophrenia,olanzapine,Phase 3,62.0,B_serious_chronic,0.6,0.002389792806551494
1402,0,0.2770130749202392,NCT02861859,Breast Cancer,olanzapine,Phase 3,75.0,A_tox_tolerated,0.65,0.2770130749202392
1403,0,0.010095763216044884,NCT02815709,pain,oliceridine,Phase 3,20.0,C_benign,0.5,0.010095763216044884
1404,0,0.010095763216044884,NCT02820324,pain,oliceridine,Phase 3,20.0,C_benign,0.5,0.010095763216044884
1405,0,0.30079885448001864,NCT02877927,skin and soft tissue Staphylococcus aureus infection,omadacycline,Phase 3,45.0,B_serious_chronic,0.6,0.30079885448001864
1406,0,0.42450953325143564,NCT04140058,Hypotension; Nausea; Vomiting,ondansetron,Phase 3,25.0,C_benign,0.5,0.42450953325143564
1407,0,0.2174400566834575,NCT02638337,vaginal dryness,ospemifene,Phase 3,5.0,C_benign,0.5,0.2174400566834575
1408,0,0.8584343357587685,NCT02754882,Lung Cancer,paclitaxel,Phase 3,90.0,A_tox_tolerated,0.65,0.8584343357587685
1409,0,0.8843884233613117,NCT02775435,Lung Cancer,paclitaxel,Phase 3,90.0,A_tox_tolerated,0.65,0.8843884233613117
1410,0,0.8671707090552984,NCT02810457,Lung Cancer,paclitaxel,Phase 3,90.0,A_tox_tolerated,0.65,0.8671707090552984
1411,0,0.37436126587604274,NCT03998969,Esophageal Disease,pantoprazole,Phase 3,35.0,C_benign,0.5,0.37436126587604274
1412,0,0.7099361876615198,NCT02578680,Lung Cancer,pemetrexed,Phase 3,90.0,A_tox_tolerated,0.65,0.7099361876615198
1413,0,0.7428185393110265,NCT02657434,Lung Cancer,pemetrexed,Phase 3,90.0,A_tox_tolerated,0.65,0.7428185393110265
1414,0,0.47435267787590635,NCT02899299,Mesothelioma,pemetrexed,Phase 3,92.0,A_tox_tolerated,0.65,0.47435267787590635
1415,0,0.7100940141195908,NCT03950674,Lung Cancer,pemetrexed,Phase 3,90.0,A_tox_tolerated,0.65,0.7100940141195908
1416,0,0.003452581739569793,NCT02849626,epilepsy,perampanel,Phase 3,58.0,B_serious_chronic,0.6,0.003452581739569793
1417,0,0.35016718851594897,NCT02407782,scabies,permethrin,Phase 3,8.0,C_benign,0.5,0.35016718851594897
1418,0,0.6853850589833848,NCT01657448,dysuria,phenazopyridine,Phase 3,10.0,C_benign,0.5,0.6853850589833848
1419,0,0.008118398282016681,NCT02806713,pain,phenazopyridine,Phase 3,20.0,C_benign,0.5,0.008118398282016681
1421,0,0.20540945115069822,NCT02689778,diabetic nephropathy,pirfenidone,Phase 3,58.0,B_serious_chronic,0.6,0.20540945115069822
1422,0,0.6273592261366975,NCT02697331,Preterm Birth; Twin Dichorionic Diamniotic Placenta,progesterone,Phase 3,75.0,A_tox_tolerated,0.65,0.6273592261366975
1423,0,0.17674513532670788,NCT02736032,Infertility,progesterone,Phase 3,8.0,C_benign,0.5,0.17674513532670788
1425,0,0.009198449497180915,NCT02754765,"Tuberculosis, Multidrug-Resistant; Infection, Bacterial; Pulmonary Tuberculoses",pyrazinamide,Phase 3,80.0,A_tox_tolerated,0.65,0.009198449497180915
1426,0,0.04992169129493029,NCT03043820,schizophrenia,raloxifene,Phase 3,55.0,B_serious_chronic,0.6,0.04992169129493029
1427,0,0.013361325297733484,NCT02924727,Acute Myocardial Infarction,ramipril,Phase 3,80.0,A_tox_tolerated,0.65,0.013361325297733484
1430,0,0.012467708674418643,NCT02634008,hepatitis C virus infection,ribavirin,Phase 3,60.0,B_serious_chronic,0.6,0.012467708674418643
1431,0,0.01082102520830559,NCT02705534,Cirrhosis,ribavirin,Phase 3,80.0,A_tox_tolerated,0.65,0.01082102520830559
1432,0,0.56345990070559,NCT02941926,Breast Cancer,ribociclib,Phase 3,75.0,A_tox_tolerated,0.65,0.56345990070559
1433,0,0.010093073536764053,NCT02563327,Tuberculosis,rifapentine,Phase 3,68.0,B_serious_chronic,0.6,0.010093073536764053
1434,0,0.468060386878088,NCT03020082,Chronic Hepatitis C,ritonavir,Phase 3,55.0,B_serious_chronic,0.6,0.468060386878088
1435,0,0.30176668680083296,NCT02833948,Aortic Valve Stenosis; Cardiovascular Diseases; Heart Valve Diseases; Ventricular Outflow Obstruction; Thrombosis,rivaroxaban,Phase 3,70.0,A_tox_tolerated,0.65,0.30176668680083296
1436,0,0.3032702570228391,NCT02846532,Thrombosis,rivaroxaban,Phase 3,68.0,B_serious_chronic,0.6,0.3032702570228391
1437,0,0.5167720861817522,NCT02839642,Classical progressive supranuclear palsy,rivastigmine,Phase 3,80.0,A_tox_tolerated,0.65,0.5167720861817522
1438,0,0.007634292106609042,NCT02655965,Locoregional Analgesia in Breast Surgery,ropivacaine,Phase 3,12.0,C_benign,0.5,0.007634292106609042
1439,0,0.006495011378238447,NCT02949674,Pain,ropivacaine,Phase 3,15.0,C_benign,0.5,0.006495011378238447
1440,0,0.05400916110007294,NCT03480165,Anesthesia; Functional; Anesthesia,ropivacaine,Phase 3,15.0,C_benign,0.5,0.05400916110007294
1442,0,0.00775339303652729,NCT02698514,"Anesthesia, General",sevoflurane,Phase 3,15.0,C_benign,0.5,0.00775339303652729
1443,0,0.006615583567365735,NCT02830243,Anesthesia,sevoflurane,Phase 3,15.0,C_benign,0.5,0.006615583567365735
1444,0,0.006615583567365735,NCT02872389,Anesthesia,sevoflurane,Phase 3,15.0,C_benign,0.5,0.006615583567365735
1445,0,0.4031303189393586,NCT02738879,Type 2 Diabetes Mellitus,sitagliptin,Phase 3,40.0,B_serious_chronic,0.6,0.4031303189393586
1446,0,0.40491378855203913,NCT02791490,Type 2 Diabetes Mellitus,sitagliptin,Phase 3,40.0,B_serious_chronic,0.6,0.40491378855203913
1447,0,0.014348919026504592,NCT02705534,Cirrhosis,sofosbuvir,Phase 3,80.0,A_tox_tolerated,0.65,0.014348919026504592
1448,0,0.41166256091933784,NCT02684006,Cell Cancer,sunitinib,Phase 3,85.0,A_tox_tolerated,0.65,0.41166256091933784
1449,0,0.9999999999976108,NCT02750306,Alzheimer's Disease,suvorexant,Phase 3,60.0,B_serious_chronic,0.6,0.9999999999976108
1450,0,0.7482299730294155,NCT02791230,transthyretin amyloid cardiomyopathy,tafamidis,Phase 3,78.0,A_tox_tolerated,0.65,0.7482299730294155
1451,0,0.5596385450858425,NCT02675998,hyperphosphatemia,tenapanor,Phase 3,45.0,B_serious_chronic,0.6,0.5596385450858425
1452,0,0.022271992491713678,NCT02727751,irritable bowel syndrome,tenapanor,Phase 3,15.0,C_benign,0.5,0.022271992491713678
1453,0,0.5714302927693513,NCT02964273,Autosomal Dominant Polycystic Kidney Disease (ADPKD),tolvaptan,Phase 3,55.0,B_serious_chronic,0.6,0.5714302927693513
1454,0,0.8965404864627888,NCT02273804,Obese Children and Adolescents,topiramate,Phase 3,30.0,C_benign,0.5,0.8965404864627888
1455,0,0.4886692233526418,NCT02566993,Lung Cancer,topotecan,Phase 3,90.0,A_tox_tolerated,0.65,0.4886692233526418
1456,0,0.1578068051104207,NCT02903004,Tube Cancer,trabectedin,Phase 3,82.0,A_tox_tolerated,0.65,0.1578068051104207
1457,0,0.009804256187015392,NCT02982161,Acute Pain,tramadol,Phase 3,10.0,C_benign,0.5,0.009804256187015392
1458,0,0.007745903685840693,NCT02578901,Thrombocytopenia,tranexamic acid,Phase 3,45.0,B_serious_chronic,0.6,0.007745903685840693
1459,0,0.22608887985242276,NCT02650791,Hematologic Neoplasms,tranexamic acid,Phase 3,85.0,A_tox_tolerated,0.65,0.22608887985242276
1460,0,0.2247042230010608,NCT02702128,Peri-operative Hemorrhage or Hematoma; Surgery; Retrognathism,tranexamic acid,Phase 3,40.0,B_serious_chronic,0.6,0.2247042230010608
1461,0,0.23001011306005212,NCT02993341,Hip Fracture; Anemia,tranexamic acid,Phase 3,55.0,B_serious_chronic,0.6,0.23001011306005212
1462,0,0.2247309003118893,NCT03060889,Placenta Previa,tranexamic acid,Phase 3,70.0,A_tox_tolerated,0.65,0.2247309003118893
1463,0,0.004698766270948696,NCT02914509,open-angle glaucoma,travoprost,Phase 3,30.0,C_benign,0.5,0.004698766270948696
1464,0,0.12768650650484614,NCT02556424,Inflammatory Macular Edema,triamcinolone,Phase 3,25.0,C_benign,0.5,0.12768650650484614
1465,0,0.2145588388300362,NCT02828163,pemphigus vulgaris,triamcinolone acetonide,Phase 3,65.0,B_serious_chronic,0.6,0.2145588388300362
1466,0,0.006106985806316923,NCT02828020,migraine,ubrogepant,Phase 3,20.0,C_benign,0.5,0.006106985806316923
1467,0,0.006106985806316923,NCT02867709,migraine,ubrogepant,Phase 3,20.0,C_benign,0.5,0.006106985806316923
1468,0,0.006001471199961949,NCT02873221,migraine,ubrogepant,Phase 3,20.0,C_benign,0.5,0.006001471199961949
1469,0,0.008296043502721506,NCT02706847,Rheumatoid Arthritis,upadacitinib,Phase 3,58.0,B_serious_chronic,0.6,0.008296043502721506
1470,0,0.008155657359892609,NCT02706873,Rheumatoid Arthritis,upadacitinib,Phase 3,58.0,B_serious_chronic,0.6,0.008155657359892609
1471,0,0.008261853122670892,NCT02706951,Rheumatoid Arthritis,upadacitinib,Phase 3,58.0,B_serious_chronic,0.6,0.008261853122670892
1472,0,0.010108820851480304,NCT02680574,anemia,vadadustat,Phase 3,40.0,B_serious_chronic,0.6,0.010108820851480304
1473,0,0.010104008664277719,NCT02865850,anemia,vadadustat,Phase 3,40.0,B_serious_chronic,0.6,0.010104008664277719
1474,0,0.010104008664277719,NCT02892149,anemia,vadadustat,Phase 3,40.0,B_serious_chronic,0.6,0.010104008664277719
1475,0,0.47326926787063683,NCT02736955,Tardive Dyskinesia,valbenazine,Phase 3,30.0,C_benign,0.5,0.47326926787063683
1476,0,0.009542636511228886,NCT02460900,HIV infection,varenicline,Phase 3,62.0,B_serious_chronic,0.6,0.009542636511228886
1477,0,0.010064313029028393,NCT02755597,Multiple Myeloma,venetoclax,Phase 3,82.0,A_tox_tolerated,0.65,0.010064313029028393
1478,0,0.011041719198047395,NCT02756611,Chronic Lymphocytic Leukemia,venetoclax,Phase 3,70.0,A_tox_tolerated,0.65,0.011041719198047395
1479,0,0.18748909098424757,NCT02950051,Previously Untreated Chronic Lymphocytic Leukemia,venetoclax,Phase 3,70.0,A_tox_tolerated,0.65,0.18748909098424757
1480,0,0.5288026896495951,NCT02980731,Your Cancer,venetoclax,Phase 3,85.0,A_tox_tolerated,0.65,0.5288026896495951
1481,0,0.006129762287012408,NCT02861534,heart failure,vericiguat,Phase 3,80.0,A_tox_tolerated,0.65,0.006129762287012408
1482,0,0.028991897272213872,NCT03075241,Sleep Disorder,zolpidem,Phase 3,15.0,C_benign,0.5,0.028991897272213872
1483,0,0.3802337696747806,NCT02900352,alcohol use disorder measurement,zonisamide,Phase 3,48.0,B_serious_chronic,0.6,0.3802337696747806
1484,0,0.3205157122321981,NCT02732912,sleep disorder,zopiclone,Phase 3,15.0,C_benign,0.5,0.3205157122321981
1485,0,0.014639388891309713,NCT03004625,hepatitis C virus infection,asunaprevir,Phase 3,60.0,B_serious_chronic,0.6,0.014639388891309713
1487,0,0.009790977223958209,NCT02988115,Hypercholesterolemia,bempedoic acid,Phase 3,38.0,C_benign,0.5,0.009790977223958209
1488,0,0.009790977223958209,NCT02991118,Hypercholesterolemia,bempedoic acid,Phase 3,38.0,C_benign,0.5,0.009790977223958209
1489,0,0.16925193096307614,NCT02946073,Chronic pain,buprenorphine,Phase 3,20.0,C_benign,0.5,0.16925193096307614
1491,0,0.012963209314898383,NCT02659033,bacterial infection,ceftriaxone,Phase 3,50.0,B_serious_chronic,0.6,0.012963209314898383
1492,0,0.22245846273172867,NCT02869009,Ischemic Stroke,clopidogrel,Phase 3,82.0,A_tox_tolerated,0.65,0.22245846273172867
1493,0,0.003983581810802317,NCT03004625,hepatitis C virus infection,daclatasvir,Phase 3,60.0,B_serious_chronic,0.6,0.003983581810802317
1494,0,0.0044786965658588865,NCT02863328,Type 2 Diabetes Mellitus,empagliflozin,Phase 3,40.0,B_serious_chronic,0.6,0.0044786965658588865
1496,0,0.025630291546780336,NCT02952820,insomnia,lemborexant,Phase 3,15.0,C_benign,0.5,0.025630291546780336
1497,0,0.0037875181903588963,NCT02897349,"Diabetes Mellitus, Type 2",linagliptin,Phase 3,40.0,B_serious_chronic,0.6,0.0037875181903588963
1498,0,0.1139513295176899,NCT02697734,pituitary-dependent Cushing's disease,osilodrostat,Phase 3,60.0,B_serious_chronic,0.6,0.1139513295176899
1499,0,0.6037295046306895,NCT03059238,liver cancer,parecoxib sodium,Phase 3,92.0,A_tox_tolerated,0.65,0.6037295046306895
1500,0,0.0028813333725154155,NCT03215797,hypotension,phenylephrine,Phase 3,40.0,B_serious_chronic,0.6,0.0028813333725154155
1501,0,0.22094801089313543,NCT02611687,narcolepsy without cataplexy,pitolisant,Phase 3,18.0,C_benign,0.5,0.22094801089313543
1502,0,0.05704642006434417,NCT02486627,Complicated Urinary Tract Infection; Acute Pyelonephritis,plazomicin,Phase 3,55.0,B_serious_chronic,0.6,0.05704642006434417
1503,0,0.16542823354820047,NCT04486690,Open Heart Surgery,propofol,Phase 3,70.0,A_tox_tolerated,0.65,0.16542823354820047
1504,0,0.3466682703920886,NCT03096847,Women and Men With Hormone-receptor Positive Locally Advanced or Metastatic Breast Cancer,ribociclib,Phase 3,88.0,A_tox_tolerated,0.65,0.3466682703920886
1505,0,0.017156896354267336,NCT02410772,Tuberculosis,rifapentine,Phase 3,68.0,B_serious_chronic,0.6,0.017156896354267336
1506,0,0.3024672508451866,NCT02746185,Neoplasm; Venous Thromboembolism,rivaroxaban,Phase 3,82.0,A_tox_tolerated,0.65,0.3024672508451866
1507,0,0.027490064371344027,NCT02779764,anemia of chronic kidney disease,roxadustat,Phase 3,48.0,B_serious_chronic,0.6,0.027490064371344027
1508,0,0.013692537977544416,NCT02780141,anemia of chronic kidney disease,roxadustat,Phase 3,48.0,B_serious_chronic,0.6,0.013692537977544416
1509,0,0.017615684943941768,NCT02780726,anemia of chronic kidney disease,roxadustat,Phase 3,48.0,B_serious_chronic,0.6,0.017615684943941768
1510,0,0.013841106932524428,NCT02952092,anemia of chronic kidney disease,roxadustat,Phase 3,48.0,B_serious_chronic,0.6,0.013841106932524428
1511,0,0.23526629582107067,NCT02607865,Type 2 Diabetes,sitagliptin,Phase 3,40.0,B_serious_chronic,0.6,0.23526629582107067
1512,0,0.400994021378591,NCT02849080,Type 2 Diabetes Mellitus,sitagliptin,Phase 3,40.0,B_serious_chronic,0.6,0.400994021378591
1513,0,0.16393143038352648,NCT02629965,COPD,tiotropium,Phase 3,60.0,B_serious_chronic,0.6,0.16393143038352648
1514,0,0.2233959479658553,NCT03036813,sickle cell disease,voxelotor,Phase 3,65.0,B_serious_chronic,0.6,0.2233959479658553
1515,0,0.3930681795634248,NCT02503306,erectile dysfunction,avanafil,Phase 3,8.0,C_benign,0.5,0.3930681795634248
1516,0,0.12661190271981967,NCT02315495,Type 2 Diabetes,acarbose,Phase 3,40.0,B_serious_chronic,0.6,0.12661190271981967
1517,0,0.04475186719761737,NCT02604342,Anaplastic Lymphoma,alectinib,Phase 3,85.0,A_tox_tolerated,0.65,0.04475186719761737
1518,0,0.02278221828640905,NCT02437318,Advanced Breast Cancer,alpelisib,Phase 3,85.0,A_tox_tolerated,0.65,0.02278221828640905
1519,0,0.3427331635485755,NCT03587025,Prevention of Pain,amitriptyline,Phase 3,12.0,C_benign,0.5,0.3427331635485755
1521,0,0.4250541588427545,NCT02283294,Transient Ischemic Attack; Stroke; Atrial Fibrillation,apixaban,Phase 3,80.0,A_tox_tolerated,0.65,0.4250541588427545
1522,0,0.4409755313243261,NCT02369653,With Leukemia,apixaban,Phase 3,90.0,A_tox_tolerated,0.65,0.4409755313243261
1524,0,0.2945431443012233,NCT02585713,With Cancer,apixaban,Phase 3,85.0,A_tox_tolerated,0.65,0.2945431443012233
1525,0,0.006741635019200443,NCT02496078,hepatitis C virus infection,asunaprevir,Phase 3,60.0,B_serious_chronic,0.6,0.006741635019200443
1526,0,0.5397377436413837,NCT02522117,Renal Insufficiency,atorvastatin,Phase 3,55.0,B_serious_chronic,0.6,0.5397377436413837
1527,0,0.12112171057848178,NCT02584504,Hypercholesterolemia,atorvastatin,Phase 3,38.0,C_benign,0.5,0.12112171057848178
1528,0,0.5356062430579298,NCT02586155,"Diabetes Mellitus, Type 2; Coronary Artery Disease",atorvastatin,Phase 3,62.0,B_serious_chronic,0.6,0.5356062430579298
1529,0,0.9165461402081544,NCT02577406,Acute Myeloid Leukemia,azacitidine,Phase 3,90.0,A_tox_tolerated,0.65,0.9165461402081544
1530,0,0.010433326715456447,NCT02480764,essential hypertension,azilsartan medoxomil,Phase 3,42.0,B_serious_chronic,0.6,0.010433326715456447
1531,0,0.13583248096839512,NCT02980562,inflammatory bowel disease,bisacodyl,Phase 3,55.0,B_serious_chronic,0.6,0.13583248096839512
1532,0,0.003843807366568819,NCT02194933,schizophrenia,brexpiprazole,Phase 3,55.0,B_serious_chronic,0.6,0.003843807366568819
1533,0,0.007000528306934761,NCT02665273,migraine,bupivacaine,Phase 3,20.0,C_benign,0.5,0.007000528306934761
1534,0,0.007029304624715871,NCT02752971,Postoperative Pain,bupivacaine,Phase 3,8.0,C_benign,0.5,0.007029304624715871
1535,0,0.5025987095923519,NCT02187198,opioid dependence,buprenorphine,Phase 3,45.0,B_serious_chronic,0.6,0.5025987095923519
1536,0,0.010693061539043324,NCT02191397,Major Depressive Disorder,bupropion,Phase 3,42.0,B_serious_chronic,0.6,0.010693061539043324
1537,0,0.5369931209161879,NCT03271918,non-functioning pituitary adenoma,cabergoline,Phase 3,40.0,B_serious_chronic,0.6,0.5369931209161879
1538,0,0.016113266328732223,NCT02395640,Advanced Gastric Cancer,capecitabine,Phase 3,88.0,A_tox_tolerated,0.65,0.016113266328732223
1539,0,0.3841694033566831,NCT02494583,Gastric Adenocarcinoma,capecitabine,Phase 3,85.0,A_tox_tolerated,0.65,0.3841694033566831
1540,0,0.9170959411307683,NCT02426775,methylmalonic acidemia or propionic acidemia,carglumic acid,Phase 3,80.0,A_tox_tolerated,0.65,0.9170959411307683
1541,0,0.16104475154514158,NCT02424461,urinary tract infection,ceftriaxone,Phase 3,30.0,C_benign,0.5,0.16104475154514158
1542,0,0.6881006699443868,NCT02750293,vitamin D deficiency,vitamin D3,Phase 3,15.0,C_benign,0.5,0.6881006699443868
1543,0,0.3780224233656592,NCT02341417,"Secondary Hyperparathyroidism, Chronic Kidney Disease",cinacalcet,Phase 3,55.0,B_serious_chronic,0.6,0.3780224233656592
1544,0,0.5755898310890356,NCT02502032,fasciculation,cisatracurium,Phase 3,10.0,C_benign,0.5,0.5755898310890356
1546,0,0.22037637885229514,NCT02217501,Peripheral Arterial Disease,clopidogrel,Phase 3,55.0,B_serious_chronic,0.6,0.22037637885229514
1547,0,0.2202346207924455,NCT02298088,Acute ST Segment Elevation Myocardial Infarction; Thrombolysis in Myocardial Infarction Flow,clopidogrel,Phase 3,82.0,A_tox_tolerated,0.65,0.2202346207924455
1548,0,0.0076380584850136435,NCT02429271,Myocardial Infarction; ST Segment Elevation Myocardial Infarction (STEMI),clopidogrel,Phase 3,85.0,A_tox_tolerated,0.65,0.0076380584850136435
1549,0,0.6296969544809794,NCT02545075,IV Melanoma,dacarbazine,Phase 3,90.0,A_tox_tolerated,0.65,0.6296969544809794
1550,0,0.00382116831656647,NCT02319031,hepatitis C virus infection,daclatasvir,Phase 3,60.0,B_serious_chronic,0.6,0.00382116831656647
1551,0,0.0038351241366645582,NCT02496078,hepatitis C virus infection,daclatasvir,Phase 3,60.0,B_serious_chronic,0.6,0.0038351241366645582
1552,0,0.003845138395951553,NCT02596880,Cirrhosis,daclatasvir,Phase 3,80.0,A_tox_tolerated,0.65,0.003845138395951553
1553,0,0.3379072247192165,NCT03563664,Unexplained Infertility,danazol,Phase 3,12.0,C_benign,0.5,0.3379072247192165
1554,0,0.016747960025479357,NCT02419612,Type 2 Diabetes,dapagliflozin,Phase 3,40.0,B_serious_chronic,0.6,0.016747960025479357
1555,0,0.0030105842430162345,NCT02460978,Type 1 Diabetes,dapagliflozin,Phase 3,55.0,B_serious_chronic,0.6,0.0030105842430162345
1556,0,0.002987154377849466,NCT02518945,Type 1 Diabetes,dapagliflozin,Phase 3,55.0,B_serious_chronic,0.6,0.002987154377849466
1557,0,0.03170639056380316,NCT02592421,Type II Diabetes Mellitus,dapagliflozin,Phase 3,40.0,B_serious_chronic,0.6,0.03170639056380316
1558,0,0.11646940381006525,NCT02487563,Thrombocytopenia; Hematologic Diseases,decitabine,Phase 3,50.0,B_serious_chronic,0.6,0.11646940381006525
1559,0,0.3691402797268256,NCT02322502,Anesthesia With Use of LMA (Laryngeal Mask Airway),desflurane,Phase 3,15.0,C_benign,0.5,0.3691402797268256
1560,0,0.011675864927797774,NCT02609802,Orthopedic Disorders,desflurane,Phase 3,25.0,C_benign,0.5,0.011675864927797774
1561,0,0.0019782713240833693,NCT02412878,Multiple Myeloma,dexamethasone,Phase 3,82.0,A_tox_tolerated,0.65,0.0019782713240833693
1562,0,0.19466164023116078,NCT02445326,Chronic Allergic Conjunctivitis,dexamethasone,Phase 3,8.0,C_benign,0.5,0.19466164023116078
1563,0,0.0032811624673316554,NCT02517021,Chemotherapy-Induced Nausea and Vomiting,dexamethasone,Phase 3,20.0,C_benign,0.5,0.0032811624673316554
1564,0,0.1942826133928549,NCT02547623,Cataract,dexamethasone,Phase 3,10.0,C_benign,0.5,0.1942826133928549
1565,0,0.00327178432057853,NCT02557035,Chemotherapy-Induced Nausea and Vomiting,dexamethasone,Phase 3,20.0,C_benign,0.5,0.00327178432057853
1567,0,0.0021795269648946292,NCT02698995,Postoperative Pain,dexamethasone,Phase 3,8.0,C_benign,0.5,0.0021795269648946292
1568,0,0.1941386458784889,NCT02725008,Pediatric Asthma,dexamethasone,Phase 3,40.0,B_serious_chronic,0.6,0.1941386458784889
1569,0,0.19487747146329165,NCT02736175,Post-Surgical Ocular Pain; Post-Surgical Ocular Inflammation,dexamethasone,Phase 3,10.0,C_benign,0.5,0.19487747146329165
1570,0,0.19466164023116078,NCT02988882,Chronic Allergic Conjunctivitis,dexamethasone,Phase 3,8.0,C_benign,0.5,0.19466164023116078
1571,0,0.19470055699691738,NCT03674294,Gastrointestinal Neoplasms; Chemotherapy-induced Nausea and Vomiting,dexamethasone,Phase 3,82.0,A_tox_tolerated,0.65,0.19470055699691738
1572,0,0.15775122652979476,NCT02476422,Post Operative Dental Pain,diclofenac,Phase 3,8.0,C_benign,0.5,0.15775122652979476
1573,0,0.06832079769908934,NCT02335346,Osteoarthritis,duloxetine,Phase 3,25.0,C_benign,0.5,0.06832079769908934
1574,0,0.4472004985003789,NCT02073682,Venous Thromboembolism (VTE); Deep Vein Thrombosis (DVT); Pulmonary Embolism (PE); Cancer,edoxaban,Phase 3,85.0,A_tox_tolerated,0.65,0.4472004985003789
1575,0,0.42293516256244856,NCT02099747,severe aplastic anemia,eltrombopag,Phase 3,85.0,A_tox_tolerated,0.65,0.42293516256244856
1576,0,0.04640660147090194,NCT02414958,Type 1 Diabetes Mellitus,empagliflozin,Phase 3,55.0,B_serious_chronic,0.6,0.04640660147090194
1577,0,0.17613965584533436,NCT02580591,"Diabetes Mellitus, Type 1",empagliflozin,Phase 3,48.0,B_serious_chronic,0.6,0.17613965584533436
1578,0,0.28200546458392084,NCT02468232,Heart Failure With Reduced Ejection Fraction (HF-rEF),enalapril,Phase 3,80.0,A_tox_tolerated,0.65,0.28200546458392084
1579,0,0.3371609750236047,NCT02534571,Acute Upper Gastrointestinal Bleeding,epinephrine,Phase 3,75.0,A_tox_tolerated,0.65,0.3371609750236047
1580,0,0.006427390014142253,NCT02354352,Duchenne Muscular Dystrophy,eplerenone,Phase 3,80.0,A_tox_tolerated,0.65,0.006427390014142253
1581,0,0.00541005158634551,NCT02191397,Major Depressive Disorder,escitalopram,Phase 3,42.0,B_serious_chronic,0.6,0.00541005158634551
1582,0,0.7416073318692535,NCT02417064,Depression,esketamine,Phase 3,40.0,B_serious_chronic,0.6,0.7416073318692535
1583,0,0.7419217403119668,NCT02418585,Depression,esketamine,Phase 3,40.0,B_serious_chronic,0.6,0.7419217403119668
1585,0,0.5332083640602474,NCT02493868,Relapse Prevention in Adult Participants With Treatment-resistant Depression,esketamine,Phase 3,55.0,B_serious_chronic,0.6,0.5332083640602474
1586,0,0.44983058601448117,NCT03848234,Schizophrenia; Schizoaffective Disorder; Schizophreniform Disorders,estradiol,Phase 3,62.0,B_serious_chronic,0.6,0.44983058601448117
1587,0,0.33963812771381524,NCT02614482,Overactive Bladder Syndrome,fesoterodine,Phase 3,18.0,C_benign,0.5,0.33963812771381524
1588,0,0.003921629076193578,NCT02446418,Asthma,fluticasone furoate,Phase 3,40.0,B_serious_chronic,0.6,0.003921629076193578
1589,0,0.003632551020496577,NCT02502734,asthma,fluticasone furoate,Phase 3,42.0,B_serious_chronic,0.6,0.003632551020496577
1590,0,0.0034417700871407497,NCT01960075,Benzodiazepine Refractory Status Epilepticus,fosphenytoin,Phase 3,90.0,A_tox_tolerated,0.65,0.0034417700871407497
1592,0,0.30120769855982654,NCT02345681,fluid overload,furosemide,Phase 3,55.0,B_serious_chronic,0.6,0.30120769855982654
1593,0,0.6001478527724244,NCT02480114,Neck Cancer,gabapentin,Phase 3,85.0,A_tox_tolerated,0.65,0.6001478527724244
1594,0,0.1086026285744841,NCT03158376,Chronic Pain,gabapentin,Phase 3,20.0,C_benign,0.5,0.1086026285744841
1595,0,0.0024338272469412114,NCT02395016,Metastatic Pancreatic Cancer,gemcitabine,Phase 3,95.0,A_tox_tolerated,0.65,0.0024338272469412114
1596,0,0.4696620937505318,NCT02517489,Community Acquired Pneumonia,hydrocortisone,Phase 3,60.0,B_serious_chronic,0.6,0.4696620937505318
1597,0,0.03610502546761276,NCT02301156,Chronic Lymphocytic Leukemia,ibrutinib,Phase 3,70.0,A_tox_tolerated,0.65,0.03610502546761276
1598,0,0.03785556721444487,NCT02436668,Metastatic Pancreatic Adenocarcinoma,ibrutinib,Phase 3,95.0,A_tox_tolerated,0.65,0.03785556721444487
1599,0,0.1309840754432271,NCT02272725,Acute Kidney Injury; Exercise-associated Hyponatremia; Perceived Exertion,ibuprofen,Phase 3,70.0,A_tox_tolerated,0.65,0.1309840754432271
1600,0,0.13008149835111013,NCT02330926,Cachexia in Advanced Cancer,ibuprofen,Phase 3,90.0,A_tox_tolerated,0.65,0.13008149835111013
1601,0,0.1319464251758012,NCT02477007,Pain; Long-bone Fractures,ibuprofen,Phase 3,20.0,C_benign,0.5,0.1319464251758012
1602,0,0.23093728986188164,NCT02385188,extramammary Paget disease,imiquimod,Phase 3,45.0,B_serious_chronic,0.6,0.23093728986188164
1603,0,0.23020303094957012,NCT02394132,lentigo maligna melanoma,imiquimod,Phase 3,70.0,A_tox_tolerated,0.65,0.23020303094957012
1604,0,0.00701580133809101,NCT02598505,heart failure,indacaterol,Phase 3,80.0,A_tox_tolerated,0.65,0.00701580133809101
1605,0,0.0038578571634448667,NCT02361216,actinic keratosis,ingenol mebutate,Phase 3,18.0,C_benign,0.5,0.0038578571634448667
1606,0,0.2941332746517305,NCT02789033,diabetic foot ulcer,isosorbide dinitrate,Phase 3,50.0,B_serious_chronic,0.6,0.2941332746517305
1607,0,0.36717951983907887,NCT02347657,cystic fibrosis,ivacaftor,Phase 3,68.0,B_serious_chronic,0.6,0.36717951983907887
1608,0,0.36871078529073475,NCT02390219,cystic fibrosis,ivacaftor,Phase 3,68.0,B_serious_chronic,0.6,0.36871078529073475
1609,0,0.3672909397351733,NCT02392234,cystic fibrosis,ivacaftor,Phase 3,68.0,B_serious_chronic,0.6,0.3672909397351733
1610,0,0.36606765953162645,NCT02412111,cystic fibrosis,ivacaftor,Phase 3,68.0,B_serious_chronic,0.6,0.36606765953162645
1611,0,0.36709934271846656,NCT02516410,cystic fibrosis,ivacaftor,Phase 3,68.0,B_serious_chronic,0.6,0.36709934271846656
1612,0,0.0707913081412019,NCT02556606,Treatment Resistant Late-Life Depression,ketamine,Phase 3,55.0,B_serious_chronic,0.6,0.0707913081412019
1613,0,0.08361680946627856,NCT02465255,Acute Abdominal Pain,ketorolac,Phase 3,30.0,C_benign,0.5,0.08361680946627856
1615,0,0.6006924079435862,NCT02388724,Erosive Esophagitis,lansoprazole,Phase 3,25.0,C_benign,0.5,0.6006924079435862
1616,0,0.6010804391218105,NCT02388737,Erosive Esophagitis,lansoprazole,Phase 3,25.0,C_benign,0.5,0.6010804391218105
1617,0,0.0071511929322471525,NCT02565186,migraine,lasmiditan,Phase 3,20.0,C_benign,0.5,0.0071511929322471525
1618,0,0.0018680005007746248,NCT02322320,Multiple Myeloma,lenalidomide,Phase 3,82.0,A_tox_tolerated,0.65,0.0018680005007746248
1619,0,0.007250705246985123,NCT02297438,Advanced Breast Cancer,letrozole,Phase 3,85.0,A_tox_tolerated,0.65,0.007250705246985123
1620,0,0.009122393110343175,NCT02491320,Polycystic Ovary Syndrome,letrozole,Phase 3,25.0,C_benign,0.5,0.009122393110343175
1621,0,0.2872938432933706,NCT02900105,"Azoospermia, Nonobstructive; Oligozoospermia",letrozole,Phase 3,10.0,C_benign,0.5,0.2872938432933706
1622,0,0.4529423266643441,NCT02545504,gastric adenocarcinoma,leucovorin,Phase 3,85.0,A_tox_tolerated,0.65,0.4529423266643441
1623,0,0.004985822406548279,NCT01960075,Benzodiazepine Refractory Status Epilepticus,levetiracetam,Phase 3,90.0,A_tox_tolerated,0.65,0.004985822406548279
1625,0,0.9999816596665859,NCT02525016,obesity,lidocaine,Phase 3,35.0,C_benign,0.5,0.9999816596665859
1626,0,0.005661658166365524,NCT02990364,pain,lidocaine,Phase 3,20.0,C_benign,0.5,0.005661658166365524
1627,0,0.008015268135104291,NCT02453555,Type 2 Diabetes Mellitus,linagliptin,Phase 3,40.0,B_serious_chronic,0.6,0.008015268135104291
1629,0,0.2142823607783651,NCT02333799,pulmonary tuberculosis,linezolid,Phase 3,72.0,A_tox_tolerated,0.65,0.2142823607783651
1630,0,0.373217179094968,NCT02363998,opioid withdrawal,lofexidine,Phase 3,30.0,C_benign,0.5,0.373217179094968
1631,0,0.008199357049986445,NCT02235909,Hypertension,losartan,Phase 3,40.0,B_serious_chronic,0.6,0.008199357049986445
1632,0,0.11992356133157142,NCT02481947,chronic idiopathic constipation,lubiprostone,Phase 3,12.0,C_benign,0.5,0.11992356133157142
1633,0,0.22699714799280155,NCT02390219,cystic fibrosis,lumacaftor,Phase 3,68.0,B_serious_chronic,0.6,0.22699714799280155
1634,0,0.09534631404237515,NCT02389621,Thrombocytopenia in Patients With Chronic Liver Disease,lusutrombopag,Phase 3,55.0,B_serious_chronic,0.6,0.09534631404237515
1635,0,0.5319196616495312,NCT02558829,growth hormone deficiency,macimorelin,Phase 3,25.0,C_benign,0.5,0.5319196616495312
1636,0,0.003052226370079114,NCT02197221,Multiple Myeloma,melphalan,Phase 3,82.0,A_tox_tolerated,0.65,0.003052226370079114
1638,0,0.3179855152093828,NCT02519543,Bipolar Disorder,metformin,Phase 3,40.0,B_serious_chronic,0.6,0.3179855152093828
1639,0,0.11916995175698157,NCT02551874,Type 2 Diabetes,metformin,Phase 3,40.0,B_serious_chronic,0.6,0.11916995175698157
1640,0,0.004610711282607616,NCT02586129,Diabetes,metformin,Phase 3,40.0,B_serious_chronic,0.6,0.004610711282607616
1641,0,0.47111537654369257,NCT02597049,Type 2 Diabetes Mellitus,metformin,Phase 3,40.0,B_serious_chronic,0.6,0.47111537654369257
1642,0,0.12007683122705144,NCT02638805,Type 2 Diabetes,metformin,Phase 3,40.0,B_serious_chronic,0.6,0.12007683122705144
1643,0,0.48242734595977144,NCT02345850,Prevention of Graft-versus-Host Disease,methotrexate,Phase 3,80.0,A_tox_tolerated,0.65,0.48242734595977144
1644,0,0.11253631688620762,NCT02376790,Psoriatic Arthritis,methotrexate,Phase 3,55.0,B_serious_chronic,0.6,0.11253631688620762
1645,0,0.003223981267788978,NCT02504268,Rheumatoid Arthritis,methotrexate,Phase 3,58.0,B_serious_chronic,0.6,0.003223981267788978
1646,0,0.0032256872718983364,NCT02553018,Rheumatoid Arthritis,methotrexate,Phase 3,58.0,B_serious_chronic,0.6,0.0032256872718983364
1647,0,0.003352489522376945,NCT02744196,Rheumatoid Arthritis,methotrexate,Phase 3,58.0,B_serious_chronic,0.6,0.003352489522376945
1648,0,0.11328074465980645,NCT04108468,Psoriatic Arthritis,methotrexate,Phase 3,55.0,B_serious_chronic,0.6,0.11328074465980645
1649,0,0.5991667985977418,NCT02604225,cancer,methoxyflurane,Phase 3,85.0,A_tox_tolerated,0.65,0.5991667985977418
1650,0,0.22579938752859058,NCT02319343,Osteoarthrosis,methylprednisolone,Phase 3,25.0,C_benign,0.5,0.22579938752859058
1651,0,0.22579938752859058,NCT02332603,Osteoarthrosis,methylprednisolone,Phase 3,25.0,C_benign,0.5,0.22579938752859058
1652,0,0.22579938752859058,NCT02332616,Osteoarthrosis,methylprednisolone,Phase 3,25.0,C_benign,0.5,0.22579938752859058
1653,0,0.22579938752859058,NCT02332629,Osteoarthrosis,methylprednisolone,Phase 3,25.0,C_benign,0.5,0.22579938752859058
1654,0,0.22415180188320177,NCT03308084,Dysphasia,methylprednisolone,Phase 3,28.0,C_benign,0.5,0.22415180188320177
1655,0,0.3555296078723637,NCT02308007,Vaginal Infection,metronidazole,Phase 3,12.0,C_benign,0.5,0.3555296078723637
1656,0,0.35549620806176574,NCT02308033,Vaginal Infection,metronidazole,Phase 3,12.0,C_benign,0.5,0.35549620806176574
1657,0,0.3894687409934209,NCT02163616,postpartum hemorrhage,misoprostol,Phase 3,85.0,A_tox_tolerated,0.65,0.3894687409934209
1658,0,0.003579560175659613,NCT03790371,contraception,misoprostol,Phase 3,5.0,C_benign,0.5,0.003579560175659613
1659,0,0.012342038531601495,NCT02498509,perennial allergic rhinitis,mometasone furoate,Phase 3,8.0,C_benign,0.5,0.012342038531601495
1660,0,0.011911603668798575,NCT02554786,asthma,mometasone furoate,Phase 3,42.0,B_serious_chronic,0.6,0.011911603668798575
1662,0,0.3726624747907029,NCT02383589,Pemphigus Vulgaris,mycophenolate mofetil,Phase 3,70.0,A_tox_tolerated,0.65,0.3726624747907029
1663,0,0.0187372511101624,NCT02630628,Lupus Nephritis,mycophenolate mofetil,Phase 3,68.0,B_serious_chronic,0.6,0.0187372511101624
1664,0,0.23213999693251158,NCT02505971,capillary infantile hemangioma,nadolol,Phase 3,20.0,C_benign,0.5,0.23213999693251158
1665,0,0.7455736259628849,NCT02597933,Patients With Scleroderma Related Lung Fibrosis,nintedanib,Phase 3,82.0,A_tox_tolerated,0.65,0.7455736259628849
1666,0,0.0025362218214033836,NCT02612922,Influenza,nitazoxanide,Phase 3,40.0,B_serious_chronic,0.6,0.0025362218214033836
1667,0,0.5866368905364003,NCT02282020,Breast Cancer,olaparib,Phase 3,75.0,A_tox_tolerated,0.65,0.5866368905364003
1669,0,0.0023901379410361744,NCT02634346,Schizophrenia,olanzapine,Phase 3,62.0,B_serious_chronic,0.6,0.0023901379410361744
1670,0,0.2771729000945939,NCT02635984,Complications of Bone Marrow Transplant; Hematologic Neoplasms,olanzapine,Phase 3,90.0,A_tox_tolerated,0.65,0.2771729000945939
1671,0,0.6047616875068612,NCT02477644,Ovarian Cancer,olaparib,Phase 3,88.0,A_tox_tolerated,0.65,0.6047616875068612
1672,0,0.2977637510021641,NCT02378480,skin and soft tissue Staphylococcus aureus infection,omadacycline,Phase 3,45.0,B_serious_chronic,0.6,0.2977637510021641
1673,0,0.2978019425837678,NCT02531438,Bacterial Pneumonia; Community-Acquired Infections,omadacycline,Phase 3,65.0,B_serious_chronic,0.6,0.2978019425837678
1674,0,0.010255756507009117,NCT02369159,Influenza,oseltamivir,Phase 3,40.0,B_serious_chronic,0.6,0.010255756507009117
1675,0,0.07111530088092591,NCT02364999,NSCLC,paclitaxel,Phase 3,88.0,A_tox_tolerated,0.65,0.07111530088092591
1676,0,0.8642431134910458,NCT02366143,Lung Cancer,paclitaxel,Phase 3,90.0,A_tox_tolerated,0.65,0.8642431134910458
1677,0,0.8693965766274742,NCT02367794,Lung Cancer,paclitaxel,Phase 3,90.0,A_tox_tolerated,0.65,0.8693965766274742
1678,0,0.07689151923255266,NCT02501954,Endometrial Clear Cell Adenocarcinoma; Endometrial Serous Adenocarcinoma; Stage IIIA Uterine Corpus Cancer; Stage IIIB Uterine Corpus Cancer; Stage IIIC Uterine Corpus Cancer; Stage IVA Uterine Corpus Cancer,paclitaxel,Phase 3,88.0,A_tox_tolerated,0.65,0.07689151923255266
1679,0,0.09317078089126343,NCT02290327,Stress Ulcer Prophylaxis,pantoprazole,Phase 3,40.0,B_serious_chronic,0.6,0.09317078089126343
1680,0,0.71077471094583,NCT02367781,Lung Cancer,pemetrexed,Phase 3,90.0,A_tox_tolerated,0.65,0.71077471094583
1681,0,0.0033842612598965925,NCT02427607,epilepsy,perampanel,Phase 3,58.0,B_serious_chronic,0.6,0.0033842612598965925
1682,0,0.350867113478316,NCT02572986,scabies,permethrin,Phase 3,8.0,C_benign,0.5,0.350867113478316
1683,0,0.3648750226157841,NCT02371369,tenosynovial giant cell tumor,pexidartinib,Phase 3,35.0,C_benign,0.5,0.3648750226157841
1684,0,0.12832052517008768,NCT03650270,status epilepticus,phenobarbital,Phase 3,88.0,A_tox_tolerated,0.65,0.12832052517008768
1685,0,0.32380628324103655,NCT03141970,Nephrotic Syndrome,prednisolone,Phase 3,55.0,B_serious_chronic,0.6,0.32380628324103655
1686,0,0.3253402960873365,NCT03298061,Churg-Strauss Syndrome; Eosinophilic Granulomatosis With Polyangiitis,prednisolone,Phase 3,70.0,A_tox_tolerated,0.65,0.3253402960873365
1687,0,0.0033540913200228893,NCT02457221,Lupus Nephritis,prednisone,Phase 3,68.0,B_serious_chronic,0.6,0.0033540913200228893
1689,0,0.44892142659070605,NCT02290873,Colonoscopy,remimazolam,Phase 3,8.0,C_benign,0.5,0.44892142659070605
1690,0,0.4490534802806295,NCT02296892,Bronchoscopy,remimazolam,Phase 3,15.0,C_benign,0.5,0.4490534802806295
1691,0,0.4490534802806295,NCT02532647,Colonoscopy,remimazolam,Phase 3,8.0,C_benign,0.5,0.4490534802806295
1692,0,0.0108306775043707,NCT02442284,Cirrhosis,ribavirin,Phase 3,80.0,A_tox_tolerated,0.65,0.0108306775043707
1693,0,0.01263469540539779,NCT02422615,Advanced Breast Cancer,ribociclib,Phase 3,85.0,A_tox_tolerated,0.65,0.01263469540539779
1694,0,0.020031144491251873,NCT02469155,Schizophrenia,risperidone,Phase 3,62.0,B_serious_chronic,0.6,0.020031144491251873
1695,0,0.30258066837141273,NCT02164578,Type 2 Diabetic Patients,rivaroxaban,Phase 3,40.0,B_serious_chronic,0.6,0.30258066837141273
1696,0,0.30350687903720514,NCT02486445,Deep Venous Thrombosis,rivaroxaban,Phase 3,55.0,B_serious_chronic,0.6,0.30350687903720514
1698,0,0.5090670078465533,NCT04122547,bronchiectasis,roflumilast,Phase 3,50.0,B_serious_chronic,0.6,0.5090670078465533
1699,0,0.10947397614733581,NCT02408393,Breast Cancer,ropivacaine,Phase 3,75.0,A_tox_tolerated,0.65,0.10947397614733581
1700,0,0.006475907358041355,NCT02410317,pain,ropivacaine,Phase 3,20.0,C_benign,0.5,0.006475907358041355
1701,0,0.013195842536507362,NCT02273726,anemia of chronic kidney disease,roxadustat,Phase 3,48.0,B_serious_chronic,0.6,0.013195842536507362
1702,0,0.007918307942197944,NCT02413346,acne vulgaris,sarecycline,Phase 3,8.0,C_benign,0.5,0.007918307942197944
1703,0,0.7498585086550343,NCT02471183,Pulmonary Arterial Hypertension,selexipag,Phase 3,80.0,A_tox_tolerated,0.65,0.7498585086550343
1705,0,0.00775339303652729,NCT02609802,Orthopedic Disorders,sevoflurane,Phase 3,25.0,C_benign,0.5,0.00775339303652729
1706,0,0.4016483473569643,NCT02532855,Type 2 Diabetes Mellitus,sitagliptin,Phase 3,40.0,B_serious_chronic,0.6,0.4016483473569643
1707,0,0.4026273810168897,NCT02536248,Type 2 Diabetes Mellitus,sitagliptin,Phase 3,40.0,B_serious_chronic,0.6,0.4026273810168897
1708,0,0.405650977417156,NCT02564211,Type 2 Diabetes Mellitus,sitagliptin,Phase 3,40.0,B_serious_chronic,0.6,0.405650977417156
1709,0,0.40266518203885326,NCT02577003,Type 2 Diabetes Mellitus,sitagliptin,Phase 3,40.0,B_serious_chronic,0.6,0.40266518203885326
1710,0,0.40266518203885326,NCT02577016,Type 2 Diabetes Mellitus,sitagliptin,Phase 3,40.0,B_serious_chronic,0.6,0.40266518203885326
1711,0,0.013389678498127245,NCT02250807,hepatitis C virus infection,sofosbuvir,Phase 3,60.0,B_serious_chronic,0.6,0.013389678498127245
1712,0,0.01306988335626218,NCT02319031,hepatitis C virus infection,sofosbuvir,Phase 3,60.0,B_serious_chronic,0.6,0.01306988335626218
1713,0,0.014106705767386929,NCT02596880,Cirrhosis,sofosbuvir,Phase 3,80.0,A_tox_tolerated,0.65,0.014106705767386929
1714,0,0.12774064462156204,NCT02384941,Type 1 Diabetes Mellitus,sotagliflozin,Phase 3,55.0,B_serious_chronic,0.6,0.12774064462156204
1715,0,0.12750973138697436,NCT02421510,Type 1 Diabetes Mellitus,sotagliflozin,Phase 3,55.0,B_serious_chronic,0.6,0.12750973138697436
1716,0,0.005898615495376958,NCT02531035,Type 1 Diabetes,sotagliflozin,Phase 3,55.0,B_serious_chronic,0.6,0.005898615495376958
1717,0,0.01642632537976372,NCT02354352,Duchenne Muscular Dystrophy,spironolactone,Phase 3,80.0,A_tox_tolerated,0.65,0.01642632537976372
1718,0,0.9998900525971054,NCT02420821,Cell Carcinoma,sunitinib,Phase 3,85.0,A_tox_tolerated,0.65,0.9998900525971054
1719,0,0.7642320200484518,NCT02216123,"Malaria, Vivax",tafenoquine,Phase 3,50.0,B_serious_chronic,0.6,0.7642320200484518
1720,0,0.2728551571247816,NCT02486653,Urinary Retention; Urinary Tract Infections,tamsulosin,Phase 3,30.0,C_benign,0.5,0.2728551571247816
1722,0,0.0883431978822486,NCT03566316,Hypertension With Hyperlipidemia,telmisartan,Phase 3,40.0,B_serious_chronic,0.6,0.0883431978822486
1723,0,0.022333718868838857,NCT02621892,irritable bowel syndrome,tenapanor,Phase 3,15.0,C_benign,0.5,0.022333718868838857
1724,0,0.022333068564985247,NCT02686138,irritable bowel syndrome,tenapanor,Phase 3,15.0,C_benign,0.5,0.022333068564985247
1725,0,0.09371583372916943,NCT02354222,Type 2 Diabetes,teneligliptin,Phase 3,40.0,B_serious_chronic,0.6,0.09371583372916943
1726,0,0.09371583372916943,NCT02354235,Type 2 Diabetes,teneligliptin,Phase 3,40.0,B_serious_chronic,0.6,0.09371583372916943
1727,0,0.017501210758972062,NCT02567994,type 2 diabetes mellitus,teneligliptin,Phase 3,40.0,B_serious_chronic,0.6,0.017501210758972062
1728,0,0.0025776032823844773,NCT02587195,Multiple Sclerosis,teriflunomide,Phase 3,60.0,B_serious_chronic,0.6,0.0025776032823844773
1730,0,0.019914269646915582,NCT02325466,Type 2 Diabetes,ticagrelor,Phase 3,40.0,B_serious_chronic,0.6,0.019914269646915582
1731,0,0.014280423966692535,NCT02429271,Myocardial Infarction; ST Segment Elevation Myocardial Infarction (STEMI),ticagrelor,Phase 3,85.0,A_tox_tolerated,0.65,0.014280423966692535
1732,0,0.1921500228735764,NCT02675205,Cerebral Aneurysm,ticagrelor,Phase 3,85.0,A_tox_tolerated,0.65,0.1921500228735764
1733,0,0.1639486790894314,NCT02518139,Chronic Obstructive Pulmonary Disease,tiotropium,Phase 3,60.0,B_serious_chronic,0.6,0.1639486790894314
1734,0,0.5678278325745505,NCT03803124,"Polycystic Kidney, Autosomal Dominant",tolvaptan,Phase 3,55.0,B_serious_chronic,0.6,0.5678278325745505
1735,0,0.6739288617922774,NCT02421588,Ovarian Cancer,topotecan,Phase 3,88.0,A_tox_tolerated,0.65,0.6739288617922774
1736,0,0.48855346290470153,NCT02481830,Lung Cancer,topotecan,Phase 3,90.0,A_tox_tolerated,0.65,0.48855346290470153
1737,0,0.1564506818148301,NCT02672527,With Sarcoma,trabectedin,Phase 3,82.0,A_tox_tolerated,0.65,0.1564506818148301
1738,0,0.23012601313779077,NCT02086500,Traumatic Hemorrhage,tranexamic acid,Phase 3,85.0,A_tox_tolerated,0.65,0.23012601313779077
1740,0,0.22661710156191112,NCT02546648,Atherosclerotic Disease; Perioperative Bleeding,tranexamic acid,Phase 3,55.0,B_serious_chronic,0.6,0.22661710156191112
1741,0,0.22723965072723518,NCT03469947,Hemorrhagic Shock; Trauma Injury,tranexamic acid,Phase 3,90.0,A_tox_tolerated,0.65,0.22723965072723518
1742,0,0.008296043502721506,NCT02675426,Rheumatoid Arthritis,upadacitinib,Phase 3,58.0,B_serious_chronic,0.6,0.008296043502721506
1743,0,0.010108820851480304,NCT02648347,anemia,vadadustat,Phase 3,40.0,B_serious_chronic,0.6,0.010108820851480304
1744,0,0.006439679967604195,NCT01960075,Benzodiazepine Refractory Status Epilepticus,valproic acid,Phase 3,90.0,A_tox_tolerated,0.65,0.006439679967604195
1745,0,0.4682482567714764,NCT02607618,Skin Structures and Soft Tissue Infections,vancomycin,Phase 3,42.0,B_serious_chronic,0.6,0.4682482567714764
1746,0,0.0072741141952124225,NCT02446418,Asthma,vilanterol,Phase 3,40.0,B_serious_chronic,0.6,0.0072741141952124225
1748,0,0.004076497267885415,NCT02436239,Major Depressive Disorder,vilazodone,Phase 3,42.0,B_serious_chronic,0.6,0.004076497267885415
1749,0,0.004451541354542043,NCT02389816,Major Depressive Disorder,vortioxetine,Phase 3,42.0,B_serious_chronic,0.6,0.004451541354542043
1750,0,0.006024405761484464,NCT02920905,postoperative pain,atracurium,Phase 3,8.0,C_benign,0.5,0.006024405761484464
1751,0,0.3100414960375899,NCT03687515,Chronic Rhinosinusitis With Polyposis,budesonide,Phase 3,15.0,C_benign,0.5,0.3100414960375899
1752,0,0.38629538369323246,NCT02460419,Metastatic Nasopharyngeal Carcinoma,capecitabine,Phase 3,88.0,A_tox_tolerated,0.65,0.38629538369323246
1753,0,0.012047212957433384,NCT02551094,coronary artery disease,colchicine,Phase 3,68.0,B_serious_chronic,0.6,0.012047212957433384
1754,0,0.003018814439708306,NCT02476617,hepatitis C virus infection,dasabuvir,Phase 3,60.0,B_serious_chronic,0.6,0.003018814439708306
1755,0,0.0029912590997996035,NCT02582632,hepatitis C virus infection,dasabuvir,Phase 3,60.0,B_serious_chronic,0.6,0.0029912590997996035
1756,0,0.015227470154655132,NCT02989519,preterm labor and delivery,dydrogesterone,Phase 3,65.0,B_serious_chronic,0.6,0.015227470154655132
1757,0,0.1634999573230387,NCT02395653,Acute Post-op Pain,fentanyl,Phase 3,8.0,C_benign,0.5,0.1634999573230387
1758,0,0.0040231031235228535,NCT02059499,Anal Intraepithelial Neoplasia; High-grade Squamous Intraepithelial Lesion; HIV Infection,fluorouracil,Phase 3,60.0,B_serious_chronic,0.6,0.0040231031235228535
1760,0,0.8516047366628751,NCT02421939,Acute Myeloid Leukemia,gilteritinib,Phase 3,90.0,A_tox_tolerated,0.65,0.8516047366628751
1761,0,0.004459654884297582,NCT02059499,Anal Intraepithelial Neoplasia; High-grade Squamous Intraepithelial Lesion; HIV Infection,imiquimod,Phase 3,60.0,B_serious_chronic,0.6,0.004459654884297582
1763,0,0.04540804068481621,NCT02570490,skin and soft tissue bacterial infection,linezolid,Phase 3,45.0,B_serious_chronic,0.6,0.04540804068481621
1764,0,0.6315180271090263,NCT02491333,Polycystic Ovary Syndrome; Insulin Resistance,metformin,Phase 3,25.0,C_benign,0.5,0.6315180271090263
1765,0,0.014909189182048532,NCT02297945,Cushing syndrome,metyrapone,Phase 3,55.0,B_serious_chronic,0.6,0.014909189182048532
1767,0,0.07687556857502278,NCT02370498,Gastric Adenocarcinoma; Gastroesophageal Junction Adenocarcinoma,paclitaxel,Phase 3,85.0,A_tox_tolerated,0.65,0.07687556857502278
1768,0,0.2988172297983477,NCT02425644,MUltiple Sclerosis,ponesimod,Phase 3,60.0,B_serious_chronic,0.6,0.2988172297983477
1769,0,0.3570131592493849,NCT03349333,unspecified peripheral T-cell lymphoma,pralatrexate,Phase 3,90.0,A_tox_tolerated,0.65,0.3570131592493849
1770,0,0.16530319698149443,NCT02492282,"Anesthesia, General; Anesthesia, Intravenous",propofol,Phase 3,15.0,C_benign,0.5,0.16530319698149443
1771,0,0.010800271273589113,NCT02442271,hepatitis C virus infection,ribavirin,Phase 3,60.0,B_serious_chronic,0.6,0.010800271273589113
1772,0,0.010795775657782735,NCT02517528,hepatitis C virus infection,ribavirin,Phase 3,60.0,B_serious_chronic,0.6,0.010795775657782735
1773,0,0.010798588524312858,NCT02609659,hepatitis C virus infection,ribavirin,Phase 3,60.0,B_serious_chronic,0.6,0.010798588524312858
1775,0,0.1639189123857541,NCT02296138,Chronic Obstructive Pulmonary Disease,tiotropium,Phase 3,60.0,B_serious_chronic,0.6,0.1639189123857541
1776,0,0.008385581808776355,NCT02566967,Rheumatoid Arthritis,tofacitinib,Phase 3,58.0,B_serious_chronic,0.6,0.008385581808776355
1777,0,0.4682482567714764,NCT02600611,Skin Structures and Soft Tissue Infections,vancomycin,Phase 3,42.0,B_serious_chronic,0.6,0.4682482567714764
1778,0,0.9563235213768877,NCT04056754,Prostate Cancer,abiraterone acetate,Phase 3,72.0,A_tox_tolerated,0.65,0.9563235213768877
1779,0,0.7165507125189883,NCT02044380,Lung Cancer,afatinib,Phase 3,90.0,A_tox_tolerated,0.65,0.7165507125189883
1780,0,0.04475918981204265,NCT02075840,Anaplastic Lymphoma,alectinib,Phase 3,85.0,A_tox_tolerated,0.65,0.04475918981204265
1783,0,0.06261404385299348,NCT02896621,Hypertension; Sleep Apnea,amlodipine,Phase 3,40.0,B_serious_chronic,0.6,0.06261404385299348
1784,0,0.44158622883391596,NCT02066454,Myeloma; Venous Thromboembolism,apixaban,Phase 3,82.0,A_tox_tolerated,0.65,0.44158622883391596
1785,0,0.2525301184957221,NCT02307513,Behcet syndrome,apremilast,Phase 3,55.0,B_serious_chronic,0.6,0.2525301184957221
1786,0,0.007424678007633334,NCT01995266,hepatitis C virus infection,asunaprevir,Phase 3,60.0,B_serious_chronic,0.6,0.007424678007633334
1787,0,0.1282861793407082,NCT02135029,Hyperlipidemia,atorvastatin,Phase 3,38.0,C_benign,0.5,0.1282861793407082
1788,0,0.539576979183431,NCT02189837,Primary Hyperlipidemia and Mixed Dyslipidemia,atorvastatin,Phase 3,38.0,C_benign,0.5,0.539576979183431
1789,0,0.010533598173927562,NCT02203916,essential hypertension,azilsartan medoxomil,Phase 3,42.0,B_serious_chronic,0.6,0.010533598173927562
1790,0,0.003328328516263146,NCT02265705,Rheumatoid Arthritis,baricitinib,Phase 3,58.0,B_serious_chronic,0.6,0.003328328516263146
1791,0,0.00239123235920069,NCT02139644,asthma,beclomethasone dipropionate,Phase 3,42.0,B_serious_chronic,0.6,0.00239123235920069
1792,0,0.037727900035658866,NCT02130557,Chronic Myelogenous Leukemia,bosutinib,Phase 3,70.0,A_tox_tolerated,0.65,0.037727900035658866
1793,0,0.0037928765771972684,NCT02054702,schizophrenia,brexpiprazole,Phase 3,55.0,B_serious_chronic,0.6,0.0037928765771972684
1794,0,0.17715561944624397,NCT02289352,rosacea,brimonidine,Phase 3,5.0,C_benign,0.5,0.17715561944624397
1795,0,0.04926989467860894,NCT02087306,adenovirus infection,brincidofovir,Phase 3,30.0,C_benign,0.5,0.04926989467860894
1797,0,0.016136909298832734,NCT02114359,Advanced Gastric Cancer,capecitabine,Phase 3,88.0,A_tox_tolerated,0.65,0.016136909298832734
1798,0,0.9996831474909016,NCT02253459,Metastatic Breast Cancer,capecitabine,Phase 3,88.0,A_tox_tolerated,0.65,0.9996831474909016
1799,0,0.0036576090652184813,NCT02108366,"Influenza, Human",celecoxib,Phase 3,40.0,B_serious_chronic,0.6,0.0036576090652184813
1800,0,0.4347866478798517,NCT02001012,Uncomplicated Knowlesi Malaria,chloroquine,Phase 3,62.0,B_serious_chronic,0.6,0.4347866478798517
1802,0,0.2260458704414106,NCT02068846,HIV; Salivary Gland Disease; Benign Lymphoepithelial Lesion,ciprofloxacin,Phase 3,62.0,B_serious_chronic,0.6,0.2260458704414106
1804,0,0.09402363128237365,NCT02625753,PRK Post-operative Pain,codeine,Phase 3,8.0,C_benign,0.5,0.09402363128237365
1805,0,0.012521262542326439,NCT02282098,atrial fibrillation,colchicine,Phase 3,55.0,B_serious_chronic,0.6,0.012521262542326439
1806,0,0.624693737576371,NCT02319135,Acute Myeloid Leukemia,cytarabine,Phase 3,90.0,A_tox_tolerated,0.65,0.624693737576371
1807,0,0.6289039235662464,NCT01974752,Metastatic Uveal Melanoma,dacarbazine,Phase 3,92.0,A_tox_tolerated,0.65,0.6289039235662464
1808,0,0.0038595472336125035,NCT01995266,hepatitis C virus infection,daclatasvir,Phase 3,60.0,B_serious_chronic,0.6,0.0038595472336125035
1809,0,0.00384357284008372,NCT02032875,hepatitis C virus infection,daclatasvir,Phase 3,60.0,B_serious_chronic,0.6,0.00384357284008372
1810,0,0.0038341543307160108,NCT02032888,hepatitis C virus infection,daclatasvir,Phase 3,60.0,B_serious_chronic,0.6,0.0038341543307160108
1811,0,0.0038397226928780005,NCT02032901,hepatitis C virus infection,daclatasvir,Phase 3,60.0,B_serious_chronic,0.6,0.0038397226928780005
1812,0,0.0038413170907188655,NCT02282709,hepatitis C virus infection,daclatasvir,Phase 3,60.0,B_serious_chronic,0.6,0.0038413170907188655
1813,0,0.3616000789945263,NCT02127970,Cellulitis,dalbavancin,Phase 3,35.0,C_benign,0.5,0.3616000789945263
1814,0,0.0030228823755950483,NCT02096705,Diabetes,dapagliflozin,Phase 3,40.0,B_serious_chronic,0.6,0.0030228823755950483
1815,0,0.0029969998607770167,NCT02229396,Diabetes Mellitus,dapagliflozin,Phase 3,42.0,B_serious_chronic,0.6,0.0029969998607770167
1816,0,0.003011525770926937,NCT02268214,Type 1 Diabetes,dapagliflozin,Phase 3,55.0,B_serious_chronic,0.6,0.003011525770926937
1817,0,0.016629708244382636,NCT02284893,Type 2 Diabetes,dapagliflozin,Phase 3,40.0,B_serious_chronic,0.6,0.016629708244382636
1818,0,0.04020681107575137,NCT02383238,Diabetes Mellitus Type 2,dapagliflozin,Phase 3,40.0,B_serious_chronic,0.6,0.04020681107575137
1819,0,0.22273580124027906,NCT02142075,Renal Failure; Critical Care; Gram Positive Bacteria,daptomycin,Phase 3,82.0,A_tox_tolerated,0.65,0.22273580124027906
1820,0,0.06224689842921298,NCT02143570,overactive bladder,darifenacin,Phase 3,15.0,C_benign,0.5,0.06224689842921298
1821,0,0.0020188421950091628,NCT02216422,hepatitis C virus infection,dasabuvir,Phase 3,60.0,B_serious_chronic,0.6,0.0020188421950091628
1822,0,0.00199759284625185,NCT02219503,hepatitis C virus infection,dasabuvir,Phase 3,60.0,B_serious_chronic,0.6,0.00199759284625185
1824,0,0.4567805324512175,NCT01825512,microcytic anemia with liver iron overload,deferiprone,Phase 3,50.0,B_serious_chronic,0.6,0.4567805324512175
1825,0,0.613937923009181,NCT02035267,submental fat,deoxycholic acid,Phase 3,3.0,C_benign,0.5,0.613937923009181
1826,0,0.19470614176703022,NCT01971645,Knee Injury,dexamethasone,Phase 3,15.0,C_benign,0.5,0.19470614176703022
1827,0,0.19431890373151278,NCT02034019,Treatment of Ocular Inflammation and Pain,dexamethasone,Phase 3,18.0,C_benign,0.5,0.19431890373151278
1828,0,0.19487747146329165,NCT02089113,Post-Surgical Ocular Pain; Post-Surgical Ocular Inflammation,dexamethasone,Phase 3,10.0,C_benign,0.5,0.19487747146329165
1829,0,0.0019678368083226204,NCT02136134,Multiple Myeloma,dexamethasone,Phase 3,82.0,A_tox_tolerated,0.65,0.0019678368083226204
1830,0,0.025519564337966337,NCT02215980,MULTIPLE MYELOMA,dexamethasone,Phase 3,82.0,A_tox_tolerated,0.65,0.025519564337966337
1831,0,0.13825318542787374,NCT02133105,cardiorenal syndrome,dobutamine,Phase 3,80.0,A_tox_tolerated,0.65,0.13825318542787374
1833,0,0.0645408842549134,NCT02248480,Osteoarthritis,duloxetine,Phase 3,25.0,C_benign,0.5,0.0645408842549134
1834,0,0.25251349497491676,NCT02014584,alopecia,dutasteride,Phase 3,6.0,C_benign,0.5,0.25251349497491676
1835,0,0.7747059597829757,NCT02072434,Atrial Fibrillation,edoxaban,Phase 3,45.0,B_serious_chronic,0.6,0.7747059597829757
1836,0,0.04615212011329421,NCT02471963,Diabetes Mellitus Type 2,empagliflozin,Phase 3,40.0,B_serious_chronic,0.6,0.04615212011329421
1837,0,0.8029871415578608,NCT02288247,Prostate Cancer,enzalutamide,Phase 3,72.0,A_tox_tolerated,0.65,0.8029871415578608
1838,0,0.003764916160702825,NCT02294461,Metastatic Prostate Cancer,enzalutamide,Phase 3,82.0,A_tox_tolerated,0.65,0.003764916160702825
1839,0,0.3367252632390877,NCT02807298,Irreversible Pulpitis,epinephrine,Phase 3,8.0,C_benign,0.5,0.3367252632390877
1840,0,0.09827279233964377,NCT01978938,complicated urinary tract infection,eravacycline,Phase 3,52.0,B_serious_chronic,0.6,0.09827279233964377
1841,0,0.01060066110919411,NCT02226003,Type 2 Diabetes Mellitus,ertugliflozin,Phase 3,40.0,B_serious_chronic,0.6,0.01060066110919411
1842,0,0.14714079642694672,NCT02157376,Stress Ulcer Prophylaxis,esomeprazole,Phase 3,40.0,B_serious_chronic,0.6,0.14714079642694672
1843,0,0.4498151341497495,NCT02253173,Vulvovaginal Atrophy; Menopause; Dyspareunia; Painful Intercourse,estradiol,Phase 3,10.0,C_benign,0.5,0.4498151341497495
1844,0,0.007903617501128491,NCT02750917,pain,etoricoxib,Phase 3,20.0,C_benign,0.5,0.007903617501128491
1845,0,0.011287426562586434,NCT03288038,Hypercholesterolemia,ezetimibe,Phase 3,38.0,C_benign,0.5,0.011287426562586434
1846,0,0.005704354828590041,NCT02262143,mixed dyslipidemia,fenofibrate,Phase 3,40.0,B_serious_chronic,0.6,0.005704354828590041
1847,0,0.0028069640642285785,NCT02145975,Postoperative Pain,fentanyl,Phase 3,8.0,C_benign,0.5,0.0028069640642285785
1848,0,0.336865550588059,NCT02327936,Overactive Bladder Syndrome,fesoterodine,Phase 3,18.0,C_benign,0.5,0.336865550588059
1850,0,0.5363803314631813,NCT04332978,perennial allergic rhinitis,fluticasone propionate,Phase 3,8.0,C_benign,0.5,0.5363803314631813
1851,0,0.1809255470410893,NCT02077192,immune thrombocytopenia,fostamatinib,Phase 3,50.0,B_serious_chronic,0.6,0.1809255470410893
1852,0,0.16929734393809065,NCT02076399,immune thrombocytopenia,fostamatinib,Phase 3,50.0,B_serious_chronic,0.6,0.16929734393809065
1853,0,0.172218949193726,NCT01964430,Patients With Resected Pancreatic Cancer,gemcitabine,Phase 3,90.0,A_tox_tolerated,0.65,0.172218949193726
1854,0,0.9964938553947379,NCT02043288,Pancreatic Cancer,gemcitabine,Phase 3,95.0,A_tox_tolerated,0.65,0.9964938553947379
1855,0,0.9944954175503584,NCT03766295,Pancreatic Cancer,gemcitabine,Phase 3,95.0,A_tox_tolerated,0.65,0.9944954175503584
1856,0,0.3661720420140445,NCT01954056,"Infant, Newborn, Diseases; Cardiovascular Insufficiency",hydrocortisone,Phase 3,80.0,A_tox_tolerated,0.65,0.3661720420140445
1857,0,0.26073034917545995,NCT02095990,melasma,hydroquinone,Phase 3,5.0,C_benign,0.5,0.26073034917545995
1858,0,0.7624314447615188,NCT01976416,Sickle Cell Anemia; Sickle Cell Disease; Malaria,hydroxyurea,Phase 3,68.0,B_serious_chronic,0.6,0.7624314447615188
1859,0,0.4969661783075138,NCT02165397,Waldenström's Macroglobulinemia,ibrutinib,Phase 3,72.0,A_tox_tolerated,0.65,0.4969661783075138
1860,0,0.03871923136361795,NCT02264574,Chronic Lymphocytic Leukemia,ibrutinib,Phase 3,70.0,A_tox_tolerated,0.65,0.03871923136361795
1861,0,0.48041470052674795,NCT02863718,Risk of Disease,ibrutinib,Phase 3,30.0,C_benign,0.5,0.48041470052674795
1862,0,0.3727059496628658,NCT02168842,Parkinson Disease,isradipine,Phase 3,55.0,B_serious_chronic,0.6,0.3727059496628658
1863,0,0.0017833880150215809,NCT02181413,Multiple Myeloma,ixazomib citrate,Phase 3,82.0,A_tox_tolerated,0.65,0.0017833880150215809
1864,0,0.06768308699365515,NCT02021240,Post-operative Pain,ketamine,Phase 3,8.0,C_benign,0.5,0.06768308699365515
1865,0,0.35365841386822516,NCT01911975,sodium channelopathy-related small fiber neuropathy,lacosamide,Phase 3,25.0,C_benign,0.5,0.35365841386822516
1866,0,0.005622167613908657,NCT01964560,epilepsy,lacosamide,Phase 3,58.0,B_serious_chronic,0.6,0.005622167613908657
1867,0,0.005067651663888051,NCT02124564,epilepsy,lacosamide,Phase 3,58.0,B_serious_chronic,0.6,0.005067651663888051
1868,0,0.532614583963539,NCT02263079,chronic hepatitis B virus infection,lamivudine,Phase 3,62.0,B_serious_chronic,0.6,0.532614583963539
1871,0,0.07790141707930401,NCT02128061,Diffuse Large B Cell Lymphoma,lenalidomide,Phase 3,85.0,A_tox_tolerated,0.65,0.07790141707930401
1872,0,0.01955397209131482,NCT02215980,MULTIPLE MYELOMA,lenalidomide,Phase 3,82.0,A_tox_tolerated,0.65,0.01955397209131482
1873,0,0.01117990521337835,NCT02137772,cytomegalovirus infection,letermovir,Phase 3,55.0,B_serious_chronic,0.6,0.01117990521337835
1874,0,0.2802329899107187,NCT02739516,Unexplained Infertility,letrozole,Phase 3,12.0,C_benign,0.5,0.2802329899107187
1875,0,0.3707863300863424,NCT02073773,Ischaemic Stroke,levodopa,Phase 3,82.0,A_tox_tolerated,0.65,0.3707863300863424
1876,0,0.044774397887853534,NCT01838551,Cushing syndrome,levoketoconazole,Phase 3,55.0,B_serious_chronic,0.6,0.044774397887853534
1877,0,0.3257299973424181,NCT02217267,peripheral neuropathy,lidocaine,Phase 3,25.0,C_benign,0.5,0.3257299973424181
1878,0,0.32585403449157757,NCT02726737,Local Anesthesia,lidocaine,Phase 3,8.0,C_benign,0.5,0.32585403449157757
1879,0,0.7530191705844071,NCT02284516,dry eye syndrome,lifitegrast,Phase 3,8.0,C_benign,0.5,0.7530191705844071
1880,0,0.0038169907660434267,NCT02015299,Diabetes,linagliptin,Phase 3,40.0,B_serious_chronic,0.6,0.0038169907660434267
1881,0,0.19068875227699666,NCT02066402,gram-positive bacterial infections,linezolid,Phase 3,55.0,B_serious_chronic,0.6,0.19068875227699666
1883,0,0.37957735057646513,NCT02239380,Status Epilepticus,lorazepam,Phase 3,82.0,A_tox_tolerated,0.65,0.37957735057646513
1884,0,0.28413373885401627,NCT02232763,Proteinuria,losartan,Phase 3,40.0,B_serious_chronic,0.6,0.28413373885401627
1885,0,0.2834000651617101,NCT02232776,"Glomerulonephritis, IGA",losartan,Phase 3,55.0,B_serious_chronic,0.6,0.2834000651617101
1886,0,0.2718450988380766,NCT02248961,Arterial Hypertension,losartan,Phase 3,40.0,B_serious_chronic,0.6,0.2718450988380766
1887,0,0.2704945632126078,NCT02138136,functional constipation,lubiprostone,Phase 3,8.0,C_benign,0.5,0.2704945632126078
1888,0,0.22571731639420073,NCT01955187,MEMBRANOUS NEPHROPATHY,methylprednisolone,Phase 3,55.0,B_serious_chronic,0.6,0.22571731639420073
1889,0,0.8027060506904189,NCT02112487,Pulmonary Arterial Hypertension,macitentan,Phase 3,80.0,A_tox_tolerated,0.65,0.8027060506904189
1890,0,0.2534117250759351,NCT02034162,helminth infection,mebendazole,Phase 3,30.0,C_benign,0.5,0.2534117250759351
1891,0,0.5611755364144806,NCT02070757,Healthcare-Associated Pneumonia; Ventilator-Associated Pneumonia; Lung Diseases,meropenem,Phase 3,80.0,A_tox_tolerated,0.65,0.5611755364144806
1892,0,0.5644481461102998,NCT03477422,Urinary Tract Infection Complicated; Acute Pyelonephritis,meropenem,Phase 3,55.0,B_serious_chronic,0.6,0.5644481461102998
1893,0,0.0042808475096631545,NCT02280629,ulcerative colitis,mesalamine,Phase 3,50.0,B_serious_chronic,0.6,0.0042808475096631545
1894,0,0.6329987726395856,NCT02040376,Brain Tumor Treated With Cranial or Cranial-Spinal Radiation,metformin,Phase 3,80.0,A_tox_tolerated,0.65,0.6329987726395856
1895,0,0.004782265391306373,NCT02045290,Type 1 Diabetes,metformin,Phase 3,55.0,B_serious_chronic,0.6,0.004782265391306373
1896,0,0.11914542368107886,NCT02058147,Type 2 Diabetes,metformin,Phase 3,40.0,B_serious_chronic,0.6,0.11914542368107886
1897,0,0.004695989852318627,NCT02152371,Diabetes,metformin,Phase 3,40.0,B_serious_chronic,0.6,0.004695989852318627
1898,0,0.11895742273946326,NCT01386671,Type 2 Diabetes,metformin,Phase 3,40.0,B_serious_chronic,0.6,0.11895742273946326
1899,0,0.4728216268536306,NCT02068443,Type 2 Diabetes Mellitus,metformin,Phase 3,40.0,B_serious_chronic,0.6,0.4728216268536306
1900,0,0.0032455135116709498,NCT01987479,Rheumatoid Arthritis,methotrexate,Phase 3,58.0,B_serious_chronic,0.6,0.0032455135116709498
1901,0,0.003248944708528878,NCT02001987,Rheumatoid Arthritis,methotrexate,Phase 3,58.0,B_serious_chronic,0.6,0.003248944708528878
1902,0,0.48367589622453055,NCT02037191,ALOPECIA AREATA,methotrexate,Phase 3,10.0,C_benign,0.5,0.48367589622453055
1903,0,0.003258930635110713,NCT02046603,Rheumatoid Arthritis,methotrexate,Phase 3,58.0,B_serious_chronic,0.6,0.003258930635110713
1904,0,0.003248944708528878,NCT02046616,Rheumatoid Arthritis,methotrexate,Phase 3,58.0,B_serious_chronic,0.6,0.003248944708528878
1905,0,0.1129409217558754,NCT02065713,Psoriatic Arthritis,methotrexate,Phase 3,55.0,B_serious_chronic,0.6,0.1129409217558754
1906,0,0.48186647857470966,NCT02105636,Neck Carcinoma,methotrexate,Phase 3,85.0,A_tox_tolerated,0.65,0.48186647857470966
1907,0,0.003232411491903564,NCT02151851,Rheumatoid Arthritis,methotrexate,Phase 3,58.0,B_serious_chronic,0.6,0.003232411491903564
1908,0,0.4819724413033752,NCT02152696,Persistent Pregnancy of Unknown Location; Ectopic Pregnancy,methotrexate,Phase 3,80.0,A_tox_tolerated,0.65,0.4819724413033752
1909,0,0.4825765767553727,NCT02196701,Psoriasis,methotrexate,Phase 3,45.0,B_serious_chronic,0.6,0.4825765767553727
1910,0,0.48193745417917067,NCT02252042,Recurrent or Metastatic Head and Neck Cancer,methotrexate,Phase 3,90.0,A_tox_tolerated,0.65,0.48193745417917067
1911,0,0.48240761139241484,NCT02277444,"Arthritis, Juvenile",methotrexate,Phase 3,45.0,B_serious_chronic,0.6,0.48240761139241484
1912,0,0.22371424617231234,NCT03311425,Dysphagia,methylprednisolone,Phase 3,30.0,C_benign,0.5,0.22371424617231234
1913,0,0.012599851774209081,NCT02096900,Parental/Caregiver Anxiety; Child's Anxiety,midazolam,Phase 3,10.0,C_benign,0.5,0.012599851774209081
1914,0,0.21817137338443865,NCT02250703,Preoperative Sedation,midazolam,Phase 3,8.0,C_benign,0.5,0.21817137338443865
1915,0,0.011468652957900383,NCT02325583,epilepsy,midazolam,Phase 3,58.0,B_serious_chronic,0.6,0.011468652957900383
1916,0,0.15086503835287873,NCT02307565,spinal cord injury,midodrine,Phase 3,70.0,A_tox_tolerated,0.65,0.15086503835287873
1917,0,0.7099037406664456,NCT02012491,spontaneous abortion,mifepristone,Phase 3,25.0,C_benign,0.5,0.7099037406664456
1918,0,0.5254005708183973,NCT02011958,visceral Leishmaniasis,miltefosine,Phase 3,85.0,A_tox_tolerated,0.65,0.5254005708183973
1919,0,0.5159749550815566,NCT02193022,post-kala-azar dermal leishmaniasis,miltefosine,Phase 3,30.0,C_benign,0.5,0.5159749550815566
1920,0,0.4420056036217943,NCT02045862,Urinary Bladder Overactive; Overactive Bladder; Urgency Incontinence; Urinary Bladder Diseases\Urologic Diseases,mirabegron,Phase 3,18.0,C_benign,0.5,0.4420056036217943
1921,0,0.3576763514887705,NCT02336750,Breast Cancer,mirtazapine,Phase 3,75.0,A_tox_tolerated,0.65,0.3576763514887705
1923,0,0.3679500596207472,NCT01951885,Chronic Myelogenous Leukemia; Acute Lymphoblastic Leukemia; Acute Myeloid Leukemia; Acute Biphenotypic Leukemia; Myelodysplastic Syndrome; Myeloproliferative Neoplasm; Non-Hodgkin Lymphoma; Hodgkins Disease; Chronic Lymphocytic Leukemia; Multiple Myeloma,mycophenolate mofetil,Phase 3,95.0,A_tox_tolerated,0.65,0.3679500596207472
1924,0,0.010426873898095934,NCT02334488,Chronic Kidney Disease,mycophenolic acid,Phase 3,60.0,B_serious_chronic,0.6,0.010426873898095934
1925,0,0.24710015904253782,NCT01959074,ureteral stent-related symptoms,naftopidil,Phase 3,8.0,C_benign,0.5,0.24710015904253782
1926,0,0.0052328675523750645,NCT02132533,preterm labor and delivery,nifedipine,Phase 3,65.0,B_serious_chronic,0.6,0.0052328675523750645
1927,0,0.08665544696456409,NCT02272777,Chronic Myelogenous Leukemia,nilotinib,Phase 3,70.0,A_tox_tolerated,0.65,0.08665544696456409
1928,0,0.5845131977582778,NCT02323529,tyrosinemia type I,nitisinone,Phase 3,80.0,A_tox_tolerated,0.65,0.5845131977582778
1929,0,0.508435260354311,NCT02479529,Vasoplegic syndrome,norepinephrine,Phase 3,82.0,A_tox_tolerated,0.65,0.508435260354311
1930,0,0.006650341160774231,NCT03106454,contraception,norethindrone,Phase 3,5.0,C_benign,0.5,0.006650341160774231
1931,0,0.07348872618959046,NCT02116530,With Cancer,olanzapine,Phase 3,85.0,A_tox_tolerated,0.65,0.07348872618959046
1932,0,0.9999985906777056,NCT02184195,Pancreatic Cancer,olaparib,Phase 3,95.0,A_tox_tolerated,0.65,0.9999985906777056
1933,0,0.07332178282244425,NCT02161146,allergic conjunctivitis,olopatadine,Phase 3,8.0,C_benign,0.5,0.07332178282244425
1934,0,0.4571933966563667,NCT03362281,Peptic Ulcer Hemorrhage,omeprazole,Phase 3,70.0,A_tox_tolerated,0.65,0.4571933966563667
1935,0,0.010573457756898708,NCT02294058,Multiple Sclerosis,ozanimod,Phase 3,60.0,B_serious_chronic,0.6,0.010573457756898708
1936,0,0.690629955062871,NCT02090764,impetigo,ozenoxacin,Phase 3,8.0,C_benign,0.5,0.690629955062871
1937,0,0.7936644436001483,NCT01964391,Breast Cancer,paclitaxel,Phase 3,75.0,A_tox_tolerated,0.65,0.7936644436001483
1938,0,0.07686515415503112,NCT01966471,Primary Breast Cancer,paclitaxel,Phase 3,80.0,A_tox_tolerated,0.65,0.07686515415503112
1939,0,0.9999999943258796,NCT01989676,Metastatic Breast Cancer,paclitaxel,Phase 3,88.0,A_tox_tolerated,0.65,0.9999999943258796
1940,0,0.7741979637712019,NCT02032277,Breast Cancer,paclitaxel,Phase 3,75.0,A_tox_tolerated,0.65,0.7741979637712019
1941,0,0.8609949961751994,NCT02106546,Lung Cancer,paclitaxel,Phase 3,90.0,A_tox_tolerated,0.65,0.8609949961751994
1942,0,0.07737284366045225,NCT02125344,Neoadjuvant Treatment of Patients With High-risk Early Breast Cancer,paclitaxel,Phase 3,80.0,A_tox_tolerated,0.65,0.07737284366045225
1943,0,0.7744799024121701,NCT02163694,Breast Cancer,paclitaxel,Phase 3,75.0,A_tox_tolerated,0.65,0.7744799024121701
1944,0,0.07908552642908237,NCT02178956,Junction Cancer,paclitaxel,Phase 3,82.0,A_tox_tolerated,0.65,0.07908552642908237
1945,0,0.7823772638102042,NCT02194166,Breast Cancer,paclitaxel,Phase 3,75.0,A_tox_tolerated,0.65,0.7823772638102042
1946,0,0.07732592348580221,NCT02214381,Early Primary Breast Cancer,paclitaxel,Phase 3,70.0,A_tox_tolerated,0.65,0.07732592348580221
1947,0,0.015782913392641727,NCT02305849,Rheumatoid Arthritis,peficitinib,Phase 3,58.0,B_serious_chronic,0.6,0.015782913392641727
1948,0,0.010990407710273353,NCT02308163,Rheumatoid Arthritis,peficitinib,Phase 3,58.0,B_serious_chronic,0.6,0.010990407710273353
1949,0,0.570801248742719,NCT02304783,Renal Colic,piroxicam,Phase 3,18.0,C_benign,0.5,0.570801248742719
1950,0,0.2935777317471,NCT01774838,Acute Coronary Syndrome; Unstable Angina,prasugrel,Phase 3,80.0,A_tox_tolerated,0.65,0.2935777317471
1951,0,0.0032483305376709293,NCT02000336,Rheumatoid Arthritis,prednisolone,Phase 3,58.0,B_serious_chronic,0.6,0.0032483305376709293
1952,0,0.9692854334970743,NCT03761225,Prostate Cancer,prednisone,Phase 3,72.0,A_tox_tolerated,0.65,0.9692854334970743
1953,0,0.003793929971464016,NCT02259426,malaria,primaquine,Phase 3,75.0,A_tox_tolerated,0.65,0.003793929971464016
1954,0,0.010265879795542564,NCT02131233,HIV infection,raltegravir,Phase 3,62.0,B_serious_chronic,0.6,0.010265879795542564
1955,0,0.4647347206688515,NCT03764267,Breast Diseases,remifentanil,Phase 3,40.0,B_serious_chronic,0.6,0.4647347206688515
1956,0,0.010964023440503401,NCT02006745,HIV infection,ribavirin,Phase 3,62.0,B_serious_chronic,0.6,0.010964023440503401
1957,0,0.010800712760797526,NCT02023112,hepatitis C virus infection,ribavirin,Phase 3,60.0,B_serious_chronic,0.6,0.010800712760797526
1958,0,0.010783609811301265,NCT02032875,hepatitis C virus infection,ribavirin,Phase 3,60.0,B_serious_chronic,0.6,0.010783609811301265
1959,0,0.010794927907274631,NCT02105701,hepatitis C virus infection,ribavirin,Phase 3,60.0,B_serious_chronic,0.6,0.010794927907274631
1960,0,0.010922417537320529,NCT03090035,hepatitis C virus infection,ribavirin,Phase 3,60.0,B_serious_chronic,0.6,0.010922417537320529
1961,0,0.018852193860342314,NCT02278120,Advanced Breast Cancer,ribociclib,Phase 3,85.0,A_tox_tolerated,0.65,0.018852193860342314
1962,0,0.020048586070997732,NCT02109562,Schizophrenia,risperidone,Phase 3,62.0,B_serious_chronic,0.6,0.020048586070997732
1963,0,0.3026946832642634,NCT02123524,Symptomatic Superficial Vein Thrombosis,rivaroxaban,Phase 3,25.0,C_benign,0.5,0.3026946832642634
1964,0,0.006004016009684254,NCT02165826,COPD,roflumilast,Phase 3,60.0,B_serious_chronic,0.6,0.006004016009684254
1965,0,0.0072644791345301,NCT02340520,COPD,roflumilast,Phase 3,60.0,B_serious_chronic,0.6,0.0072644791345301
1966,0,0.06688392458039849,NCT02154763,Bariatric Surgery Candidate,ropivacaine,Phase 3,30.0,C_benign,0.5,0.06688392458039849
1967,0,0.00652101553565847,NCT02256228,Pain,ropivacaine,Phase 3,15.0,C_benign,0.5,0.00652101553565847
1968,0,0.014615889460883569,NCT02021318,anemia of chronic kidney disease,roxadustat,Phase 3,48.0,B_serious_chronic,0.6,0.014615889460883569
1969,0,0.014619643050982312,NCT02052310,anemia of chronic kidney disease,roxadustat,Phase 3,48.0,B_serious_chronic,0.6,0.014619643050982312
1970,0,0.012924798391113934,NCT02174627,anemia,roxadustat,Phase 3,40.0,B_serious_chronic,0.6,0.012924798391113934
1971,0,0.011666805600501883,NCT02174731,anemia,roxadustat,Phase 3,40.0,B_serious_chronic,0.6,0.011666805600501883
1972,0,0.011199225692527981,NCT02278341,anemia,roxadustat,Phase 3,40.0,B_serious_chronic,0.6,0.011199225692527981
1973,0,0.7660615926805479,NCT01968213,Ovarian Cancer,rucaparib,Phase 3,88.0,A_tox_tolerated,0.65,0.7660615926805479
1974,0,0.1702919456141686,NCT02038036,Polycythemia Vera,ruxolitinib,Phase 3,65.0,B_serious_chronic,0.6,0.1702919456141686
1975,0,0.17142354293235362,NCT02087059,Primary Myelofibrosis (MF),ruxolitinib,Phase 3,78.0,A_tox_tolerated,0.65,0.17142354293235362
1976,0,0.1713978637729413,NCT02292446,Polycythemia Vera,ruxolitinib,Phase 3,65.0,B_serious_chronic,0.6,0.1713978637729413
1977,0,0.008442287782278558,NCT02320149,acne vulgaris,sarecycline,Phase 3,8.0,C_benign,0.5,0.008442287782278558
1978,0,0.008392023833912087,NCT02322866,acne vulgaris,sarecycline,Phase 3,8.0,C_benign,0.5,0.008392023833912087
1979,0,0.7197418247434056,NCT02067949,Critical Illness,simvastatin,Phase 3,85.0,A_tox_tolerated,0.65,0.7197418247434056
1980,0,0.2506422440556587,NCT02173457,Type 2 Diabetes,sitagliptin,Phase 3,40.0,B_serious_chronic,0.6,0.2506422440556587
1981,0,0.40420248763310324,NCT02226003,Type 2 Diabetes Mellitus,sitagliptin,Phase 3,40.0,B_serious_chronic,0.6,0.40420248763310324
1982,0,0.014152437096763771,NCT02032875,hepatitis C virus infection,sofosbuvir,Phase 3,60.0,B_serious_chronic,0.6,0.014152437096763771
1983,0,0.013816293841578675,NCT02032888,hepatitis C virus infection,sofosbuvir,Phase 3,60.0,B_serious_chronic,0.6,0.013816293841578675
1984,0,0.013854971514955895,NCT02032901,hepatitis C virus infection,sofosbuvir,Phase 3,60.0,B_serious_chronic,0.6,0.013854971514955895
1985,0,0.013866724763171367,NCT02074514,hepatitis C virus infection,sofosbuvir,Phase 3,60.0,B_serious_chronic,0.6,0.013866724763171367
1986,0,0.9998885981657955,NCT02231749,Cell Carcinoma,sunitinib,Phase 3,85.0,A_tox_tolerated,0.65,0.9998885981657955
1987,0,0.9999999999985695,NCT01824290,"Hypertension, Pulmonary",tadalafil,Phase 3,80.0,A_tox_tolerated,0.65,0.9999999999985695
1988,0,0.10365631260838166,NCT02019420,pneumonia,tedizolid phosphate,Phase 3,70.0,A_tox_tolerated,0.65,0.10365631260838166
1990,0,0.13355617554607574,NCT02203253,Neoplasms,thalidomide,Phase 3,82.0,A_tox_tolerated,0.65,0.13355617554607574
1991,0,0.014354038571000705,NCT01930591,Acute Myocardial Infarction,ticagrelor,Phase 3,80.0,A_tox_tolerated,0.65,0.014354038571000705
1992,0,0.16395261573090386,NCT01911364,Chronic Obstructive Pulmonary Disease,tiotropium,Phase 3,60.0,B_serious_chronic,0.6,0.16395261573090386
1993,0,0.09059181447569953,NCT01976364,Psoriatic Arthritis,tofacitinib,Phase 3,55.0,B_serious_chronic,0.6,0.09059181447569953
1994,0,0.008232920293957124,NCT02281552,Rheumatoid Arthritis,tofacitinib,Phase 3,58.0,B_serious_chronic,0.6,0.008232920293957124
1995,0,0.5674370071499669,NCT02251275,"Polycystic Kidney, Autosomal Dominant",tolvaptan,Phase 3,55.0,B_serious_chronic,0.6,0.5674370071499669
1996,0,0.5819732909901232,NCT02201251,Epilepsy,topiramate,Phase 3,58.0,B_serious_chronic,0.6,0.5819732909901232
1997,0,0.22730850783362583,NCT01651182,Cancer; Tumour; Surgery,tranexamic acid,Phase 3,85.0,A_tox_tolerated,0.65,0.22730850783362583
1998,0,0.22591380275008652,NCT02125890,Abdominal Aortic Aneurysms,tranexamic acid,Phase 3,75.0,A_tox_tolerated,0.65,0.22591380275008652
2000,0,0.22720502561884817,NCT02393300,Total Blood Loss,tranexamic acid,Phase 3,40.0,B_serious_chronic,0.6,0.22720502561884817
2001,0,0.001963969732298132,NCT02022930,Osteoarthritis,triamcinolone acetonide,Phase 3,25.0,C_benign,0.5,0.001963969732298132
2002,0,0.2171377925110937,NCT02873026,ocular trauma,triamcinolone acetonide,Phase 3,40.0,B_serious_chronic,0.6,0.2171377925110937
2003,0,0.003608859300731848,NCT02207829,Chronic Obstructive Pulmonary Disease,umeclidinium,Phase 3,60.0,B_serious_chronic,0.6,0.003608859300731848
2004,0,0.46467760406613356,NCT01987895,Clostridium Difficile Infection,vancomycin,Phase 3,55.0,B_serious_chronic,0.6,0.46467760406613356
2005,0,0.4885458403542229,NCT02284126,Infection; Surgery; Nervous System Diseases,vancomycin,Phase 3,60.0,B_serious_chronic,0.6,0.4885458403542229
2006,0,0.01188760905791435,NCT02005471,Chronic Lymphocytic Leukemia,venetoclax,Phase 3,70.0,A_tox_tolerated,0.65,0.01188760905791435
2007,0,0.01030112750038965,NCT02242942,Chronic Lymphocytic Leukemia,venetoclax,Phase 3,70.0,A_tox_tolerated,0.65,0.01030112750038965
2008,0,0.007224660567878449,NCT02105974,Chronic Obstructive Pulmonary Disease,vilanterol,Phase 3,60.0,B_serious_chronic,0.6,0.007224660567878449
2009,0,0.5092834031448442,NCT02282709,chronic hepatitis C virus infection,asunaprevir,Phase 3,62.0,B_serious_chronic,0.6,0.5092834031448442
2010,0,0.49228646767391737,NCT02079727,Knee Osteoarthritis,celecoxib,Phase 3,20.0,C_benign,0.5,0.49228646767391737
2011,0,0.515022438748667,NCT02197416,Venous Thromboembolism; Secondary Prevention,dabigatran etexilate,Phase 3,72.0,A_tox_tolerated,0.65,0.515022438748667
2013,0,0.003018814439708306,NCT02207088,hepatitis C virus infection,dasabuvir,Phase 3,60.0,B_serious_chronic,0.6,0.003018814439708306
2015,0,0.11840656406472175,NCT01984684,Skin and Subcutaneous Tissue Bacterial Infections; Skin Structures and Soft Tissue Infections,delafloxacin,Phase 3,42.0,B_serious_chronic,0.6,0.11840656406472175
2016,0,0.008258603047439372,NCT02263326,HIV infection,dolutegravir,Phase 3,62.0,B_serious_chronic,0.6,0.008258603047439372
2018,0,0.0038509619685595854,NCT02135419,Anal Cancer,fluorouracil,Phase 3,80.0,A_tox_tolerated,0.65,0.0038509619685595854
2019,0,0.028134881170424796,NCT01647932,heart failure,hydrochlorothiazide,Phase 3,80.0,A_tox_tolerated,0.65,0.028134881170424796
2020,0,0.00438672405043179,NCT02135419,Anal Cancer,imiquimod,Phase 3,80.0,A_tox_tolerated,0.65,0.00438672405043179
2021,0,0.006716501035143829,NCT02263326,HIV infection,lamivudine,Phase 3,62.0,B_serious_chronic,0.6,0.006716501035143829
2022,0,0.0068059891978875745,NCT02369965,HIV infection,lamivudine,Phase 3,62.0,B_serious_chronic,0.6,0.0068059891978875745
2023,0,0.00419954381104346,NCT02180217,Cushing syndrome,osilodrostat,Phase 3,55.0,B_serious_chronic,0.6,0.00419954381104346
2024,0,0.2799813799633767,NCT01970371,Bloodstream Infections (BSI) Due to CRE; Hospital-Acquired Bacterial Pneumonia (HABP) Due to CRE; Ventilator-Associated Bacterial Pneumonia (VABP) Due to CRE; Complicated Urinary Tract Infection (cUTI) Due to CRE; Acute Pyelonephritis (AP) Due to CRE,plazomicin,Phase 3,90.0,A_tox_tolerated,0.65,0.2799813799633767
2025,0,0.04485590041395793,NCT02830906,Postoperative Nausea and Vomiting,ramosetron,Phase 3,10.0,C_benign,0.5,0.04485590041395793
2027,0,0.010810640772162584,NCT02265237,hepatitis C virus infection,ribavirin,Phase 3,60.0,B_serious_chronic,0.6,0.010810640772162584
2028,0,0.23457899982204253,NCT02254291,Type 2 Diabetes,sitagliptin,Phase 3,40.0,B_serious_chronic,0.6,0.23457899982204253
2030,0,0.1640110475058302,NCT02085161,chronic obstructive pulmonary disease,tiotropium,Phase 3,60.0,B_serious_chronic,0.6,0.1640110475058302
2031,0,0.22773177010697795,NCT02312440,Blood Loss,tranexamic acid,Phase 3,40.0,B_serious_chronic,0.6,0.22773177010697795
2032,0,0.4669328799247511,NCT02179658,Clostridium Difficile,vancomycin,Phase 3,55.0,B_serious_chronic,0.6,0.4669328799247511
2033,0,0.028948184561847,NCT02096900,Parental/Caregiver Anxiety; Child's Anxiety,zolpidem,Phase 3,10.0,C_benign,0.5,0.028948184561847
2034,0,0.9566111317584681,NCT01715285,Prostate Cancer,abiraterone acetate,Phase 3,72.0,A_tox_tolerated,0.65,0.9566111317584681
2035,0,0.00256236409535624,NCT01606319,Asthma; Wheezing,acetaminophen,Phase 3,40.0,B_serious_chronic,0.6,0.00256236409535624
2036,0,0.19898706200029884,NCT01406080,photoaging,adapalene,Phase 3,5.0,C_benign,0.5,0.19898706200029884
2037,0,0.017004619146352783,NCT01809743,coronary artery disease,adenosine,Phase 3,68.0,B_serious_chronic,0.6,0.017004619146352783
2038,0,0.7316125997124756,NCT01853826,Lung Cancer,afatinib,Phase 3,90.0,A_tox_tolerated,0.65,0.7316125997124756
2039,0,0.21385080435430165,NCT01856478,Cell Cancer,afatinib,Phase 3,85.0,A_tox_tolerated,0.65,0.21385080435430165
2040,0,0.7347960694772242,NCT01953913,Lung Cancer,afatinib,Phase 3,90.0,A_tox_tolerated,0.65,0.7347960694772242
2041,0,0.006366216576169803,NCT01825031,Human Immunodeficiency Virus,albendazole,Phase 3,62.0,B_serious_chronic,0.6,0.006366216576169803
2042,0,0.3627059403221093,NCT01805726,Bronchoscopy; Conscious Sedation,alfentanil,Phase 3,15.0,C_benign,0.5,0.3627059403221093
2043,0,0.017211744444314635,NCT01890122,Type 2 Diabetes,alogliptin,Phase 3,40.0,B_serious_chronic,0.6,0.017211744444314635
2044,0,0.004958568867403068,NCT01829529,Healthy,amoxicillin,Phase 3,5.0,C_benign,0.5,0.004958568867403068
2045,0,0.11982292469178946,NCT02974348,Drug Resistant Malaria Due to Plasmodium Falciparum,amoxicillin,Phase 3,85.0,A_tox_tolerated,0.65,0.11982292469178946
2046,0,0.44055669991793545,NCT01780987,Deep Vein Thrombosis; Pulmonary Embolism,apixaban,Phase 3,75.0,A_tox_tolerated,0.65,0.44055669991793545
2047,0,0.006055691723953105,NCT02563704,malaria,artesunate,Phase 3,75.0,A_tox_tolerated,0.65,0.006055691723953105
2050,0,0.2697174823285756,NCT02342275,hemangioma,atenolol,Phase 3,15.0,C_benign,0.5,0.2697174823285756
2051,0,0.1213984937346065,NCT01946815,Coronary Artery Disease,atorvastatin,Phase 3,65.0,B_serious_chronic,0.6,0.1213984937346065
2052,0,0.5443012884693474,NCT01953328,Hyperlipidemia or Mixed Dyslipidemia at High Risk for Cardiovascular Events,atorvastatin,Phase 3,48.0,B_serious_chronic,0.6,0.5443012884693474
2053,0,0.539879875620797,NCT02084069,Heart Valve Diseases,atorvastatin,Phase 3,65.0,B_serious_chronic,0.6,0.539879875620797
2054,0,0.222748176747539,NCT01663623,Vasculitis,azathioprine,Phase 3,68.0,B_serious_chronic,0.6,0.222748176747539
2055,0,0.1937332891349624,NCT01697267,Anti-Neutrophil Cytoplasmic Antibody-Associated Vasculitis; Microscopic Polyangiitis; Wegener Granulomatosis,azathioprine,Phase 3,80.0,A_tox_tolerated,0.65,0.1937332891349624
2056,0,0.003359848594603654,NCT01721044,Rheumatoid Arthritis,baricitinib,Phase 3,58.0,B_serious_chronic,0.6,0.003359848594603654
2057,0,0.0033987002907939212,NCT01885078,Rheumatoid Arthritis,baricitinib,Phase 3,58.0,B_serious_chronic,0.6,0.0033987002907939212
2059,0,0.010322281858808657,NCT02548832,mixed dyslipidemia,berberine,Phase 3,40.0,B_serious_chronic,0.6,0.010322281858808657
2060,0,0.17239112895192,NCT01838941,peroxisome biogenesis disorder,betaine,Phase 3,80.0,A_tox_tolerated,0.65,0.17239112895192
2061,0,0.0289862035954249,NCT01809691,Metastatic Prostate Cancer,bicalutamide,Phase 3,82.0,A_tox_tolerated,0.65,0.0289862035954249
2062,0,0.9383833072364706,NCT02085252,Prostate Cancer,bicalutamide,Phase 3,72.0,A_tox_tolerated,0.65,0.9383833072364706
2063,0,0.015406289183418354,NCT01982240,chronic idiopathic constipation,bisacodyl,Phase 3,12.0,C_benign,0.5,0.015406289183418354
2064,0,0.01098007525133098,NCT01945294,hepatitis C virus infection,boceprevir,Phase 3,60.0,B_serious_chronic,0.6,0.01098007525133098
2066,0,0.003782568047742507,NCT01810783,schizophrenia,brexpiprazole,Phase 3,55.0,B_serious_chronic,0.6,0.003782568047742507
2068,0,0.00375994584537005,NCT01942733,Major Depressive Disorder,brexpiprazole,Phase 3,42.0,B_serious_chronic,0.6,0.00375994584537005
2069,0,0.0037884263467434787,NCT01942785,Major Depressive Disorder,brexpiprazole,Phase 3,42.0,B_serious_chronic,0.6,0.0037884263467434787
2070,0,0.003983936087850082,NCT02012218,Major Depressive Disorder,brexpiprazole,Phase 3,42.0,B_serious_chronic,0.6,0.003983936087850082
2071,0,0.00379538458481139,NCT02013531,Major Depressive Disorder,brexpiprazole,Phase 3,42.0,B_serious_chronic,0.6,0.00379538458481139
2072,0,0.0037848754153559927,NCT02013609,Major Depressive Disorder,brexpiprazole,Phase 3,42.0,B_serious_chronic,0.6,0.0037848754153559927
2073,0,0.003791336735908346,NCT02013622,schizophrenia,brexpiprazole,Phase 3,55.0,B_serious_chronic,0.6,0.003791336735908346
2074,0,0.014682374391720288,NCT01769170,cytomegalovirus infection,brincidofovir,Phase 3,55.0,B_serious_chronic,0.6,0.014682374391720288
2075,0,0.10981511765055282,NCT02065219,Chronic pain,bupivacaine,Phase 3,20.0,C_benign,0.5,0.10981511765055282
2076,0,0.10981511765055282,NCT02065804,Chronic pain,bupivacaine,Phase 3,20.0,C_benign,0.5,0.10981511765055282
2077,0,0.007528238432390944,NCT03013361,Functional Endoscopic Sinus Surgery (FESS),bupivacaine,Phase 3,12.0,C_benign,0.5,0.007528238432390944
2078,0,0.49874614803221407,NCT01848054,opioid use disorder,buprenorphine,Phase 3,45.0,B_serious_chronic,0.6,0.49874614803221407
2079,0,0.498422812187017,NCT01908842,opioid dependence,buprenorphine,Phase 3,45.0,B_serious_chronic,0.6,0.498422812187017
2080,0,0.3316512939853299,NCT03140449,facial angiofibroma,calcitriol,Phase 3,12.0,C_benign,0.5,0.3316512939853299
2081,0,0.017764962934469875,NCT01774786,Gastric Cancer,capecitabine,Phase 3,85.0,A_tox_tolerated,0.65,0.017764962934469875
2082,0,0.3802759125303976,NCT01918852,Colorectal Cancer; Metastases,capecitabine,Phase 3,95.0,A_tox_tolerated,0.65,0.3802759125303976
2083,0,0.38054260354394087,NCT01996306,Colorectal Neoplasms; Neoplasm Metastasis; Intestinal Neoplasms; Gastrointestinal Neoplasms; Digestive System Neoplasms,capecitabine,Phase 3,95.0,A_tox_tolerated,0.65,0.38054260354394087
2084,0,0.004947490567533741,NCT01838876,Major Depressive Disorder,cariprazine,Phase 3,42.0,B_serious_chronic,0.6,0.004947490567533741
2085,0,0.3133650772088263,NCT01724450,Breast Cancer; Heart Failure; Cardiotoxicity,carvedilol,Phase 3,80.0,A_tox_tolerated,0.65,0.3133650772088263
2086,0,0.003192982270559264,NCT01765296,Osteoarthritis,celecoxib,Phase 3,25.0,C_benign,0.5,0.003192982270559264
2087,0,0.6806294208249175,NCT01828099,Lung Cancer,ceritinib,Phase 3,90.0,A_tox_tolerated,0.65,0.6806294208249175
2088,0,0.31537086337143494,NCT01828112,Non-Small Cell Lung Cancer,ceritinib,Phase 3,88.0,A_tox_tolerated,0.65,0.31537086337143494
2089,0,0.2209802482853697,NCT02644395,Hypertension; Kidney Transplantation,chlorthalidone,Phase 3,62.0,B_serious_chronic,0.6,0.2209802482853697
2090,0,0.6881074042248982,NCT02069990,vitamin D deficiency,vitamin D3,Phase 3,15.0,C_benign,0.5,0.6881074042248982
2091,0,0.14626434970214636,NCT02087007,vasospastic angina,cilostazol,Phase 3,50.0,B_serious_chronic,0.6,0.14626434970214636
2092,0,0.14624296945853318,NCT02094469,vasospastic angina,cilostazol,Phase 3,50.0,B_serious_chronic,0.6,0.14624296945853318
2093,0,0.24583218725293357,NCT01896232,Secondary Hyperparathyroidism; Chronic Kidney Disease,cinacalcet,Phase 3,55.0,B_serious_chronic,0.6,0.24583218725293357
2094,0,0.5783856596379368,NCT02481193,fasciculation,cisatracurium,Phase 3,10.0,C_benign,0.5,0.5783856596379368
2095,0,0.004263310672750742,NCT01870024,Status Epilepticus; Epilepsy,clonazepam,Phase 3,82.0,A_tox_tolerated,0.65,0.004263310672750742
2096,0,0.27075611291367413,NCT02181543,Is an Only Child,clonidine,Phase 3,5.0,C_benign,0.5,0.27075611291367413
2097,0,0.2698082324199576,NCT02324413,Negative Behaviour Change,clonidine,Phase 3,10.0,C_benign,0.5,0.2698082324199576
2098,0,0.2083402402359858,NCT01758614,Carotid Artery Occlusion; Middle Cerebral Artery Occlusion; Stroke,clopidogrel,Phase 3,85.0,A_tox_tolerated,0.65,0.2083402402359858
2099,0,0.2136627600218281,NCT01993823,otomycosis,clotrimazole,Phase 3,8.0,C_benign,0.5,0.2136627600218281
2100,0,0.08885610013844832,NCT01843530,ACE inhibitor-induced angioedema,cortisone acetate,Phase 3,45.0,B_serious_chronic,0.6,0.08885610013844832
2102,0,0.008590156308715468,NCT01721772,Metastatic Melanoma,dacarbazine,Phase 3,90.0,A_tox_tolerated,0.65,0.008590156308715468
2103,0,0.0942248735929155,NCT01763164,positive Melanoma,dacarbazine,Phase 3,90.0,A_tox_tolerated,0.65,0.0942248735929155
2104,0,0.003832064151805481,NCT01741545,hepatitis C virus infection,daclatasvir,Phase 3,60.0,B_serious_chronic,0.6,0.003832064151805481
2108,0,0.11744587862448501,NCT01811732,Skin and Subcutaneous Tissue Bacterial Infections,delafloxacin,Phase 3,42.0,B_serious_chronic,0.6,0.11744587862448501
2109,0,0.464197302142605,NCT01916967,urticaria,desloratadine,Phase 3,10.0,C_benign,0.5,0.464197302142605
2111,0,0.14637429887893996,NCT02023164,Acute Urticaria,diphenhydramine,Phase 3,10.0,C_benign,0.5,0.14637429887893996
2112,0,0.7415005755324711,NCT01855919,Back Pain Lower Back Chronic,duloxetine,Phase 3,15.0,C_benign,0.5,0.7415005755324711
2113,0,0.7533081560585009,NCT01914666,Back Pain Lower Back Chronic,duloxetine,Phase 3,15.0,C_benign,0.5,0.7533081560585009
2114,0,0.06462668811983426,NCT01931475,Osteoarthritis,duloxetine,Phase 3,25.0,C_benign,0.5,0.06462668811983426
2115,0,0.1469847658691556,NCT02004522,Chronic Lymphocytic Leukemia; Small Lymphocytic Lymphoma,duvelisib,Phase 3,70.0,A_tox_tolerated,0.65,0.1469847658691556
2117,0,0.004892919418572528,NCT01947855,Type 2 Diabetes Mellitus,empagliflozin,Phase 3,40.0,B_serious_chronic,0.6,0.004892919418572528
2118,0,0.8041753027279416,NCT02003924,Prostate Cancer,enzalutamide,Phase 3,72.0,A_tox_tolerated,0.65,0.8041753027279416
2119,0,0.33680721127563357,NCT01861015,Uterine Myomas,epinephrine,Phase 3,20.0,C_benign,0.5,0.33680721127563357
2121,0,0.18906188937757992,NCT01844856,complicated intra-abdominal infection,eravacycline,Phase 3,75.0,A_tox_tolerated,0.65,0.18906188937757992
2122,0,0.01071387355536244,NCT01986881,Type 2 Diabetes Mellitus,ertugliflozin,Phase 3,40.0,B_serious_chronic,0.6,0.01071387355536244
2123,0,0.3886898925401402,NCT02153567,Dyspepsia; Anxiety; Depression,escitalopram,Phase 3,30.0,C_benign,0.5,0.3886898925401402
2125,0,0.007677507971661957,NCT01942668,Menopause,estradiol,Phase 3,12.0,C_benign,0.5,0.007677507971661957
2126,0,0.013057319397761757,NCT01763827,Hyperlipidemia,ezetimibe,Phase 3,38.0,C_benign,0.5,0.013057319397761757
2127,0,0.013064918700195372,NCT01763905,Hyperlipidemia,ezetimibe,Phase 3,38.0,C_benign,0.5,0.013064918700195372
2128,0,0.5956197223346238,NCT01849068,Metabolic Syndrome X,ezetimibe,Phase 3,35.0,C_benign,0.5,0.5956197223346238
2129,0,0.16114441572277052,NCT02004899,"Anesthetic, Sedative or Analgesic Complications in Labor or Delivery",fentanyl,Phase 3,35.0,C_benign,0.5,0.16114441572277052
2130,0,0.3176972886295884,NCT01503515,Fungal Infection; Hematopoietic and Lymphoid Cell Neoplasm,fluconazole,Phase 3,85.0,A_tox_tolerated,0.65,0.3176972886295884
2131,0,0.29094542396557127,NCT01806623,Vulvovaginal Candidiasis,fluconazole,Phase 3,8.0,C_benign,0.5,0.29094542396557127
2132,0,0.0030327763083088043,NCT01825031,Human Immunodeficiency Virus,fluconazole,Phase 3,62.0,B_serious_chronic,0.6,0.0030327763083088043
2134,0,0.006094058867597662,NCT01808651,Major Depressive Disorder,fluoxetine,Phase 3,42.0,B_serious_chronic,0.6,0.006094058867597662
2135,0,0.7389738947752807,NCT01622569,nasal polyps,fluticasone propionate,Phase 3,10.0,C_benign,0.5,0.7389738947752807
2136,0,0.6537874394899861,NCT01623310,chronic rhinosinusitis with nasal polyps,fluticasone propionate,Phase 3,18.0,C_benign,0.5,0.6537874394899861
2137,0,0.65378730306262,NCT01623323,chronic rhinosinusitis with nasal polyps,fluticasone propionate,Phase 3,18.0,C_benign,0.5,0.65378730306262
2138,0,0.7389738947752807,NCT01624662,nasal polyps,fluticasone propionate,Phase 3,10.0,C_benign,0.5,0.7389738947752807
2139,0,0.0023518349029209686,NCT03359057,contraception,folic acid,Phase 3,5.0,C_benign,0.5,0.0023518349029209686
2140,0,0.0041491971869680455,NCT01870024,Status Epilepticus; Epilepsy,fosphenytoin,Phase 3,82.0,A_tox_tolerated,0.65,0.0041491971869680455
2141,0,0.9981038684765192,NCT01942135,Metastatic Breast Cancer,fulvestrant,Phase 3,88.0,A_tox_tolerated,0.65,0.9981038684765192
2142,0,0.0032551131164558766,NCT01888497,Healthy,gabapentin,Phase 3,5.0,C_benign,0.5,0.0032551131164558766
2143,0,0.012630408471390164,NCT01774721,NSCLC,gefitinib,Phase 3,88.0,A_tox_tolerated,0.65,0.012630408471390164
2145,0,0.00441755457216404,NCT01769378,Type 2 Diabetes,glimepiride,Phase 3,40.0,B_serious_chronic,0.6,0.00441755457216404
2146,0,0.03800707456101251,NCT03088670,"Diabetes Mellitus, Type 2",gosogliptin,Phase 3,40.0,B_serious_chronic,0.6,0.03800707456101251
2147,0,0.025051328092606663,NCT01811459,Delirium,haloperidol,Phase 3,45.0,B_serious_chronic,0.6,0.025051328092606663
2148,0,0.1775562881497479,NCT01862302,Postoperative Confusion,haloperidol,Phase 3,20.0,C_benign,0.5,0.1775562881497479
2149,0,0.4098788563911013,NCT02714543,Oral SubMucous Fibrosis,hydrocortisone,Phase 3,40.0,B_serious_chronic,0.6,0.4098788563911013
2150,0,0.17890462001887267,NCT01949805,Polycythemia Vera,hydroxyurea,Phase 3,65.0,B_serious_chronic,0.6,0.17890462001887267
2151,0,0.16989294267523905,NCT01722487,Chronic Lymphocytic Leukemia; Small Lymphocytic Lymphoma,ibrutinib,Phase 3,70.0,A_tox_tolerated,0.65,0.16989294267523905
2152,0,0.05151561008832199,NCT01724346,Chronic Lymphocytic Leukemia,ibrutinib,Phase 3,70.0,A_tox_tolerated,0.65,0.05151561008832199
2153,0,0.9999998711435685,NCT01776840,Cell Lymphoma,ibrutinib,Phase 3,85.0,A_tox_tolerated,0.65,0.9999998711435685
2155,0,0.490773025044683,NCT01973387,Refractory Chronic Leukemia,ibrutinib,Phase 3,85.0,A_tox_tolerated,0.65,0.490773025044683
2156,0,0.0038179822900614945,NCT01606319,Asthma; Wheezing,ibuprofen,Phase 3,40.0,B_serious_chronic,0.6,0.0038179822900614945
2157,0,0.13132299519904841,NCT01755728,PDA,ibuprofen,Phase 3,55.0,B_serious_chronic,0.6,0.13132299519904841
2158,0,0.23009338930629006,NCT01861535,cervical intraepithelial neoplasia,imiquimod,Phase 3,28.0,C_benign,0.5,0.23009338930629006
2159,0,0.004395188144076845,NCT02120898,actinic keratosis,imiquimod,Phase 3,18.0,C_benign,0.5,0.004395188144076845
2160,0,0.006914876577430529,NCT01778062,COPD,indacaterol,Phase 3,60.0,B_serious_chronic,0.6,0.006914876577430529
2161,0,0.6283567669368588,NCT01839084,Renal Function After Partial Nephrectomy,isoflurane,Phase 3,30.0,C_benign,0.5,0.6283567669368588
2162,0,0.006126264041269458,NCT01825031,Human Immunodeficiency Virus,isoniazid,Phase 3,62.0,B_serious_chronic,0.6,0.006126264041269458
2163,0,0.36860326947432276,NCT01705145,cystic fibrosis,ivacaftor,Phase 3,68.0,B_serious_chronic,0.6,0.36860326947432276
2164,0,0.36798822935591236,NCT01707290,cystic fibrosis,ivacaftor,Phase 3,68.0,B_serious_chronic,0.6,0.36798822935591236
2165,0,0.3678730854582824,NCT01807923,cystic fibrosis,ivacaftor,Phase 3,68.0,B_serious_chronic,0.6,0.3678730854582824
2166,0,0.368005904610455,NCT01807949,cystic fibrosis,ivacaftor,Phase 3,68.0,B_serious_chronic,0.6,0.368005904610455
2167,0,0.3688055998897471,NCT01897233,cystic fibrosis,ivacaftor,Phase 3,68.0,B_serious_chronic,0.6,0.3688055998897471
2168,0,0.3672909397351733,NCT01931839,cystic fibrosis,ivacaftor,Phase 3,68.0,B_serious_chronic,0.6,0.3672909397351733
2169,0,0.3680687618942904,NCT01946412,cystic fibrosis,ivacaftor,Phase 3,68.0,B_serious_chronic,0.6,0.3680687618942904
2170,0,0.06486681772190188,NCT06310850,Epidural Catheterization; Thoracic; Procedural Pain,ketamine,Phase 3,10.0,C_benign,0.5,0.06486681772190188
2171,0,0.006239382072861566,NCT01832038,epilepsy,lacosamide,Phase 3,58.0,B_serious_chronic,0.6,0.006239382072861566
2172,0,0.004921382479538594,NCT01921205,epilepsy,lacosamide,Phase 3,58.0,B_serious_chronic,0.6,0.004921382479538594
2173,0,0.3480426996075388,NCT01939561,Dystrophia Myotonica Type 1; Myotonia Congenita; Paramyotonia Congenita; Hyperkalemic Periodic Paralysis; Potassium-Aggravated Myotonia,lamotrigine,Phase 3,62.0,B_serious_chronic,0.6,0.3480426996075388
2174,0,0.07696761271175148,NCT01865110,Mantle Cell Lymphoma,lenalidomide,Phase 3,80.0,A_tox_tolerated,0.65,0.07696761271175148
2175,0,0.022022724632930334,NCT01938001,Follicular Lymphoma,lenalidomide,Phase 3,68.0,B_serious_chronic,0.6,0.022022724632930334
2176,0,0.23045127931402654,NCT01761266,Hepatocellular Carcinoma,lenvatinib,Phase 3,88.0,A_tox_tolerated,0.65,0.23045127931402654
2177,0,0.007159077982782413,NCT01808131,gout,lesinurad,Phase 3,18.0,C_benign,0.5,0.007159077982782413
2178,0,0.007250705246985123,NCT01740427,Advanced Breast Cancer,letrozole,Phase 3,85.0,A_tox_tolerated,0.65,0.007250705246985123
2179,0,0.17294592694307928,NCT02304107,Infertility,letrozole,Phase 3,8.0,C_benign,0.5,0.17294592694307928
2180,0,0.365768212328718,NCT01392768,Epilepsy; Partial Seizures,levetiracetam,Phase 3,56.0,B_serious_chronic,0.6,0.365768212328718
2181,0,0.36493991194678116,NCT01954121,Epilepsy; Partial Seizures,levetiracetam,Phase 3,56.0,B_serious_chronic,0.6,0.36493991194678116
2182,0,0.005585450763694722,NCT01944098,Postoperative Pain,lidocaine,Phase 3,8.0,C_benign,0.5,0.005585450763694722
2183,0,0.006194049618746944,NCT01734785,Type 2 Diabetes,linagliptin,Phase 3,40.0,B_serious_chronic,0.6,0.006194049618746944
2184,0,0.1398614749383274,NCT02376075,Arterial Hypertension; Albuminuria,linagliptin,Phase 3,42.0,B_serious_chronic,0.6,0.1398614749383274
2185,0,0.1924319042402734,NCT01967225,skin infection,linezolid,Phase 3,35.0,C_benign,0.5,0.1924319042402734
2186,0,0.00398404137857773,NCT01827293,Peripheral Vertigo.,lorazepam,Phase 3,15.0,C_benign,0.5,0.00398404137857773
2188,0,0.009108136831152035,NCT01475643,cataract,loteprednol etabonate,Phase 3,10.0,C_benign,0.5,0.009108136831152035
2189,0,0.06647792042987274,NCT01779271,Fever,loxoprofen,Phase 3,12.0,C_benign,0.5,0.06647792042987274
2192,0,0.22725173918888916,NCT01897233,cystic fibrosis,lumacaftor,Phase 3,68.0,B_serious_chronic,0.6,0.22725173918888916
2193,0,0.8024916329174845,NCT01841762,Pulmonary Arterial Hypertension,macitentan,Phase 3,80.0,A_tox_tolerated,0.65,0.8024916329174845
2194,0,0.003057297981754958,NCT01916252,Multiple Myeloma,melphalan,Phase 3,82.0,A_tox_tolerated,0.65,0.003057297981754958
2195,0,0.3103683832013872,NCT02078063,Insertion of Intrauterine Contraception,mepivacaine,Phase 3,5.0,C_benign,0.5,0.3103683832013872
2196,0,0.0069368922834843975,NCT01677923,Obesity,metformin,Phase 3,35.0,C_benign,0.5,0.0069368922834843975
2197,0,0.6338213008800543,NCT01697566,Endometrial Cancer,metformin,Phase 3,72.0,A_tox_tolerated,0.65,0.6338213008800543
2200,0,0.48319094462017365,NCT01787396,Type 2 Diabetes Mellitus,metformin,Phase 3,40.0,B_serious_chronic,0.6,0.48319094462017365
2201,0,0.004782265391306373,NCT01808690,Type 1 Diabetes,metformin,Phase 3,55.0,B_serious_chronic,0.6,0.004782265391306373
2202,0,0.6355036333054616,NCT01825798,Overweight; Autism Spectrum Disorder,metformin,Phase 3,25.0,C_benign,0.5,0.6355036333054616
2203,0,0.47008910160921413,NCT02033889,Type 2 Diabetes Mellitus,metformin,Phase 3,40.0,B_serious_chronic,0.6,0.47008910160921413
2204,0,0.6348904477189562,NCT02514629,Hypogonadism; Obesity,metformin,Phase 3,30.0,C_benign,0.5,0.6348904477189562
2205,0,0.6315894310995885,NCT02773927,Metabolic Syndrome,metformin,Phase 3,35.0,C_benign,0.5,0.6315894310995885
2206,0,0.6315894310995885,NCT02778776,Metabolic Syndrome,metformin,Phase 3,35.0,C_benign,0.5,0.6315894310995885
2207,0,0.009203221726069844,NCT01958476,neonatal abstinence syndrome,methadone,Phase 3,40.0,B_serious_chronic,0.6,0.009203221726069844
2209,0,0.004310867575836541,NCT01829295,Uveitis,methotrexate,Phase 3,40.0,B_serious_chronic,0.6,0.004310867575836541
2210,0,0.7998858931673145,NCT01884623,Neck Cancer,methotrexate,Phase 3,85.0,A_tox_tolerated,0.65,0.7998858931673145
2211,0,0.48231317437398485,NCT02902861,Psoriasis Vulgaris,methotrexate,Phase 3,45.0,B_serious_chronic,0.6,0.48231317437398485
2212,0,0.23631960505584687,NCT01579539,Thyroid-associated Ophthalmopathy; Dry Eye Syndrome,methylprednisolone,Phase 3,30.0,C_benign,0.5,0.23631960505584687
2213,0,0.3561303094092171,NCT01644643,Complicated Urinary Tract Infection; Complicated Intra-abdominal Infection,metronidazole,Phase 3,65.0,B_serious_chronic,0.6,0.3561303094092171
2214,0,0.35513782257328774,NCT02328144,Hemorrhoids,metronidazole,Phase 3,8.0,C_benign,0.5,0.35513782257328774
2215,0,0.4421339417387583,NCT01972841,Urinary Bladder Overactive; Urinary Bladder Diseases\Urologic Diseases; Overactive Bladder; Urgency Incontinence,mirabegron,Phase 3,18.0,C_benign,0.5,0.4421339417387583
2216,0,0.4427945595500793,NCT02476175,Overactive Bladder; Urinary Incontinence,mirabegron,Phase 3,18.0,C_benign,0.5,0.4427945595500793
2217,0,0.3889503643439808,NCT01801410,Pre-eclampsia; Fetus or Newborn; Effects of Induction of Labor,misoprostol,Phase 3,80.0,A_tox_tolerated,0.65,0.3889503643439808
2218,0,0.10058384963084537,NCT02061657,uterine fibroids,misoprostol,Phase 3,15.0,C_benign,0.5,0.10058384963084537
2219,0,0.06677105771525027,NCT01969838,Primary Myelofibrosis; Post-Polycythemia Vera Myelofibrosis; Post-Essential Thrombocythemia Myelofibrosis,momelotinib,Phase 3,78.0,A_tox_tolerated,0.65,0.06677105771525027
2220,0,0.7224920861334974,NCT01968733,Community-acquired Bacterial Pneumonia,moxifloxacin,Phase 3,60.0,B_serious_chronic,0.6,0.7224920861334974
2221,0,0.40275384066316156,NCT02494505,Chronic Inflammatory Demyelinating Polyradiculopathy,mycophenolate mofetil,Phase 3,55.0,B_serious_chronic,0.6,0.40275384066316156
2222,0,0.01931748319411484,NCT01829295,Uveitis,mycophenolate mofetil,Phase 3,40.0,B_serious_chronic,0.6,0.01931748319411484
2223,0,0.3737171456701175,NCT01856712,Alcohol Dependence,naltrexone,Phase 3,40.0,B_serious_chronic,0.6,0.3737171456701175
2224,0,0.005294355796030969,NCT05170061,Hypertension,nebivolol,Phase 3,40.0,B_serious_chronic,0.6,0.005294355796030969
2225,0,0.45993823243180226,NCT01743989,Philadelphia Chromosome Positive (PH+) Chronic Myelogenous Leukemia in Chronic Phase (CML-CP),nilotinib,Phase 3,75.0,A_tox_tolerated,0.65,0.45993823243180226
2226,0,0.36667941724918424,NCT01979952,Idiopathic Pulmonary Fibrosis,nintedanib,Phase 3,88.0,A_tox_tolerated,0.65,0.36667941724918424
2227,0,0.0026787197473165047,NCT01610245,Influenza,nitazoxanide,Phase 3,40.0,B_serious_chronic,0.6,0.0026787197473165047
2228,0,0.012061667648845887,NCT01924533,Advanced Gastric Cancer,olaparib,Phase 3,88.0,A_tox_tolerated,0.65,0.012061667648845887
2229,0,0.015391187653172777,NCT01755156,Type 2 Diabetes Mellitus,omarigliptin,Phase 3,40.0,B_serious_chronic,0.6,0.015391187653172777
2231,0,0.015153808314890549,NCT01841697,Type 2 Diabetes Mellitus,omarigliptin,Phase 3,40.0,B_serious_chronic,0.6,0.015153808314890549
2232,0,0.479105204415826,NCT01661101,Myocardial Injury After Noncardiac Surgery (MINS),omeprazole,Phase 3,65.0,B_serious_chronic,0.6,0.479105204415826
2233,0,0.2941782184997502,NCT01855256,hyperhidrosis,oxybutynin,Phase 3,8.0,C_benign,0.5,0.2941782184997502
2234,0,0.2867252106935889,NCT02538302,nocturnal enuresis,oxybutynin,Phase 3,8.0,C_benign,0.5,0.2867252106935889
2235,0,0.010573457756898708,NCT02047734,Multiple Sclerosis,ozanimod,Phase 3,60.0,B_serious_chronic,0.6,0.010573457756898708
2236,0,0.0769550907634253,NCT01763671,Advanced Lung Cancer,paclitaxel,Phase 3,90.0,A_tox_tolerated,0.65,0.0769550907634253
2237,0,0.7752970351330226,NCT01822314,Breast Cancer,paclitaxel,Phase 3,75.0,A_tox_tolerated,0.65,0.7752970351330226
2238,0,0.07687601968046069,NCT01839773,Gastric Cancer,paclitaxel,Phase 3,85.0,A_tox_tolerated,0.65,0.07687601968046069
2239,0,0.7859089617972067,NCT01901146,Breast Cancer,paclitaxel,Phase 3,75.0,A_tox_tolerated,0.65,0.7859089617972067
2240,0,0.7933563969160383,NCT01940497,Breast Cancer,paclitaxel,Phase 3,75.0,A_tox_tolerated,0.65,0.7933563969160383
2241,0,0.8604937981857462,NCT01966003,Lung Cancer,paclitaxel,Phase 3,90.0,A_tox_tolerated,0.65,0.8604937981857462
2242,0,0.9999999942872364,NCT02019277,Metastatic Breast Cancer,paclitaxel,Phase 3,88.0,A_tox_tolerated,0.65,0.9999999942872364
2243,0,0.07729585744385563,NCT02835586,Critical Ischemia,paclitaxel,Phase 3,80.0,A_tox_tolerated,0.65,0.07729585744385563
2244,0,0.3731999601480499,NCT01776424,Prevention & Control,pantoprazole,Phase 3,15.0,C_benign,0.5,0.3731999601480499
2245,0,0.3847391016482643,NCT01790659,cutaneous Leishmaniasis,paromomycin,Phase 3,30.0,C_benign,0.5,0.3847391016482643
2247,0,0.1609324857942957,NCT02222376,diabetic foot ulcer,pirfenidone,Phase 3,50.0,B_serious_chronic,0.6,0.1609324857942957
2248,0,0.22047908992974002,NCT01800045,narcolepsy,pitolisant,Phase 3,18.0,C_benign,0.5,0.22047908992974002
2249,0,0.001901933388334376,NCT01767714,Non-Hodgkin's Lymphoma,plerixafor,Phase 3,82.0,A_tox_tolerated,0.65,0.001901933388334376
2250,0,0.011803175026518686,NCT01734928,Multiple Myeloma,pomalidomide,Phase 3,82.0,A_tox_tolerated,0.65,0.011803175026518686
2252,0,0.20367245461061656,NCT01641510,Acute Coronary Syndromes,prasugrel,Phase 3,80.0,A_tox_tolerated,0.65,0.20367245461061656
2253,0,0.16878134375395495,NCT01853072,Non-Proliferative Diabetic Retinopathy; Cataract,prednisolone acetate,Phase 3,25.0,C_benign,0.5,0.16878134375395495
2254,0,0.16878134375395495,NCT01872611,Non-Proliferative Diabetic Retinopathy; Cataract,prednisolone acetate,Phase 3,25.0,C_benign,0.5,0.16878134375395495
2256,0,0.2278673207539994,NCT01924286,Immune Reconstitution Inflammatory Syndrome; HIV; Tuberculosis,prednisone,Phase 3,80.0,A_tox_tolerated,0.65,0.2278673207539994
2257,0,0.010904053548771175,NCT01942668,Menopause,progesterone,Phase 3,12.0,C_benign,0.5,0.010904053548771175
2258,0,0.008003699583709167,NCT01827293,Peripheral Vertigo.,promethazine,Phase 3,15.0,C_benign,0.5,0.008003699583709167
2260,0,0.16531782929716404,NCT01856998,General Anesthesia; Elective Surgery,propofol,Phase 3,10.0,C_benign,0.5,0.16531782929716404
2261,0,0.5653860949660945,NCT01864915,Bowel Cleansing; Colon Capsule Completion Times,prucalopride,Phase 3,5.0,C_benign,0.5,0.5653860949660945
2262,0,0.06052163039630609,NCT01811459,Delirium,quetiapine,Phase 3,45.0,B_serious_chronic,0.6,0.06052163039630609
2263,0,0.007734835627766623,NCT02563704,malaria,quinine,Phase 3,75.0,A_tox_tolerated,0.65,0.007734835627766623
2264,0,0.07116140901044388,NCT02974348,Drug Resistant Malaria Due to Plasmodium Falciparum,quinine,Phase 3,85.0,A_tox_tolerated,0.65,0.07116140901044388
2265,0,0.4486595128180258,NCT02135107,PPI Resistant Gastroesophageal Reflux Disease,rabeprazole,Phase 3,18.0,C_benign,0.5,0.4486595128180258
2266,0,0.010880014858279562,NCT01825031,Human Immunodeficiency Virus,raltegravir,Phase 3,62.0,B_serious_chronic,0.6,0.010880014858279562
2267,0,0.2212718005476902,NCT01754259,"Diabetes, Type I; Diabetes, Type II; Angina; Coronary Artery Disease",ranolazine,Phase 3,62.0,B_serious_chronic,0.6,0.2212718005476902
2268,0,0.0028516630260495557,NCT01998165,Anesthesia,remifentanil,Phase 3,15.0,C_benign,0.5,0.0028516630260495557
2269,0,0.010779380005579564,NCT01754974,hepatitis C virus infection,ribavirin,Phase 3,60.0,B_serious_chronic,0.6,0.010779380005579564
2270,0,0.01083523398119619,NCT01833533,hepatitis C virus infection,ribavirin,Phase 3,60.0,B_serious_chronic,0.6,0.01083523398119619
2271,0,0.13253414090431323,NCT01854528,Treatment of Chronic Hepatitis C Infection,ribavirin,Phase 3,58.0,B_serious_chronic,0.6,0.13253414090431323
2272,0,0.01077133210427612,NCT01854697,hepatitis C virus infection,ribavirin,Phase 3,60.0,B_serious_chronic,0.6,0.01077133210427612
2273,0,0.018030248388155166,NCT01958021,Advanced Breast Cancer,ribociclib,Phase 3,85.0,A_tox_tolerated,0.65,0.018030248388155166
2274,0,0.009631086188112615,NCT01709084,HIV-1 infection,rilpivirine,Phase 3,62.0,B_serious_chronic,0.6,0.009631086188112615
2275,0,0.4550326652221293,NCT01910402,"Infection, Human Immunodeficiency Virus; HIV Infections",ritonavir,Phase 3,62.0,B_serious_chronic,0.6,0.4550326652221293
2276,0,0.3025086514325669,NCT01431456,Venous Thromboembolism,rivaroxaban,Phase 3,75.0,A_tox_tolerated,0.65,0.3025086514325669
2280,0,0.006984578582790779,NCT03013361,Functional Endoscopic Sinus Surgery (FESS),ropivacaine,Phase 3,12.0,C_benign,0.5,0.006984578582790779
2281,0,0.013613976895192037,NCT01887600,anemia of chronic kidney disease,roxadustat,Phase 3,48.0,B_serious_chronic,0.6,0.013613976895192037
2283,0,0.7183317967232039,NCT02030041,Dyslipidemias,simvastatin,Phase 3,38.0,C_benign,0.5,0.7183317967232039
2284,0,0.4012028934611805,NCT01652729,Type 2 Diabetes Mellitus,sitagliptin,Phase 3,40.0,B_serious_chronic,0.6,0.4012028934611805
2285,0,0.23363361205005403,NCT01937598,Type 2 Diabetes,sitagliptin,Phase 3,40.0,B_serious_chronic,0.6,0.23363361205005403
2286,0,0.8099171279209166,NCT02043054,Type 2 DIAbetes,sitagliptin,Phase 3,40.0,B_serious_chronic,0.6,0.8099171279209166
2287,0,0.013527014397233339,NCT01783678,hepatitis C virus infection,sofosbuvir,Phase 3,60.0,B_serious_chronic,0.6,0.013527014397233339
2288,0,0.013286472087065326,NCT01910636,hepatitis C virus infection,sofosbuvir,Phase 3,60.0,B_serious_chronic,0.6,0.013286472087065326
2289,0,0.01367049149941033,NCT02021643,hepatitis C virus infection,sofosbuvir,Phase 3,60.0,B_serious_chronic,0.6,0.01367049149941033
2291,0,0.016818362748817206,NCT01853553,autosomal dominant polycystic kidney disease,spironolactone,Phase 3,62.0,B_serious_chronic,0.6,0.016818362748817206
2292,0,0.7458514252432519,NCT01994889,transthyretin amyloid cardiomyopathy,tafamidis,Phase 3,78.0,A_tox_tolerated,0.65,0.7458514252432519
2293,0,0.08843541600284148,NCT01914432,Hyperlipidemia; Hypertension,telmisartan,Phase 3,42.0,B_serious_chronic,0.6,0.08843541600284148
2294,0,0.013752803073378294,NCT01961336,infertility,testosterone,Phase 3,10.0,C_benign,0.5,0.013752803073378294
2295,0,0.024923849596272564,NCT01805596,Coronary Artery Disease; Endothelial Function,ticagrelor,Phase 3,60.0,B_serious_chronic,0.6,0.024923849596272564
2297,0,0.18880541170449833,NCT01961856,Platelet Reactivity,ticagrelor,Phase 3,55.0,B_serious_chronic,0.6,0.18880541170449833
2298,0,0.016300923132082666,NCT02163954,Chronic Kidney Disease,ticagrelor,Phase 3,60.0,B_serious_chronic,0.6,0.016300923132082666
2299,0,0.09072608820343567,NCT01882439,Psoriatic Arthritis,tofacitinib,Phase 3,55.0,B_serious_chronic,0.6,0.09072608820343567
2300,0,0.15577461666156328,NCT01846611,Tube Cancer,trabectedin,Phase 3,82.0,A_tox_tolerated,0.65,0.15577461666156328
2301,0,0.3282970605729793,NCT01721031,Indwelling Urinary Catheter; Male Patients; General Anesthesia,tramadol,Phase 3,25.0,C_benign,0.5,0.3282970605729793
2302,0,0.12070769320517638,NCT01682083,positive Melanoma,trametinib,Phase 3,90.0,A_tox_tolerated,0.65,0.12070769320517638
2304,0,0.22484836771882835,NCT01881568,Blood Loss,tranexamic acid,Phase 3,40.0,B_serious_chronic,0.6,0.22484836771882835
2305,0,0.22484870579388624,NCT02150720,Hip Fracture; Blood Loss,tranexamic acid,Phase 3,55.0,B_serious_chronic,0.6,0.22484870579388624
2306,0,0.39040377229231865,NCT01406080,photoaging,tretinoin,Phase 3,5.0,C_benign,0.5,0.39040377229231865
2307,0,0.39015604678047333,NCT02249767,acne,tretinoin,Phase 3,8.0,C_benign,0.5,0.39015604678047333
2308,0,0.21206314984582275,NCT02329600,oral lichen planus,triamcinolone acetonide,Phase 3,15.0,C_benign,0.5,0.21206314984582275
2309,0,0.7541463102257981,NCT02005822,Congenital Cytomegalovirus Infection; Sensorineural Hearing Loss,valganciclovir,Phase 3,55.0,B_serious_chronic,0.6,0.7541463102257981
2310,0,0.46467760406613356,NCT01983683,Clostridium Difficile Infection,vancomycin,Phase 3,55.0,B_serious_chronic,0.6,0.46467760406613356
2311,0,0.882678217661818,NCT01756885,Smoking Among Cancer,varenicline,Phase 3,30.0,C_benign,0.5,0.882678217661818
2312,0,0.02228562343962883,NCT01689519,Metastatic Melanoma,vemurafenib,Phase 3,90.0,A_tox_tolerated,0.65,0.02228562343962883
2313,0,0.33553327893819435,NCT01844115,generalized anxiety disorder,vilazodone,Phase 3,18.0,C_benign,0.5,0.33553327893819435
2314,0,0.0041124074190465485,NCT01878292,Major Depressive Disorder,vilazodone,Phase 3,42.0,B_serious_chronic,0.6,0.0041124074190465485
2315,0,0.3853157002738957,NCT01871558,Type 2 Diabetes Mellitus (T2DM),vildagliptin,Phase 3,40.0,B_serious_chronic,0.6,0.3853157002738957
2317,0,0.00684400123134552,NCT01911780,Hypertension,amlodipine,Phase 3,40.0,B_serious_chronic,0.6,0.00684400123134552
2318,0,0.20618078776631413,NCT01929031,"Pain, Postoperative; Tooth Diseases",caffeine,Phase 3,8.0,C_benign,0.5,0.20618078776631413
2319,0,0.008097317133266002,NCT01805596,Coronary Artery Disease; Endothelial Function,clopidogrel,Phase 3,60.0,B_serious_chronic,0.6,0.008097317133266002
2320,0,0.30335891901343465,NCT01895777,Venous Thromboembolism,dabigatran etexilate,Phase 3,75.0,A_tox_tolerated,0.65,0.30335891901343465
2321,0,0.42775610534325,NCT01762761,purpura,eltrombopag,Phase 3,40.0,B_serious_chronic,0.6,0.42775610534325
2322,0,0.015285733118135813,NCT02949193,Diabetes,evogliptin,Phase 3,40.0,B_serious_chronic,0.6,0.015285733118135813
2324,0,0.002309820267902696,NCT01986361,acute pharyngitis,flurbiprofen,Phase 3,10.0,C_benign,0.5,0.002309820267902696
2327,0,0.08546487298953016,NCT01929031,"Pain, Postoperative; Tooth Diseases",ibuprofen,Phase 3,8.0,C_benign,0.5,0.08546487298953016
2328,0,0.007159077982782413,NCT01808144,gout,lesinurad,Phase 3,18.0,C_benign,0.5,0.007159077982782413
2329,0,0.3369306833445986,NCT01814553,"Carcinoma, Non-Small-Cell Lung",loperamide,Phase 3,90.0,A_tox_tolerated,0.65,0.3369306833445986
2330,0,0.18681399058001508,NCT02147548,Healthy Volunteers,lorazepam,Phase 3,5.0,C_benign,0.5,0.18681399058001508
2331,0,0.22626037575507282,NCT01700959,Cancer Malignancies,melatonin,Phase 3,85.0,A_tox_tolerated,0.65,0.22626037575507282
2332,0,0.46845925696492313,NCT01871415,Type 2 Diabetes Mellitus,metformin,Phase 3,40.0,B_serious_chronic,0.6,0.46845925696492313
2333,0,0.11299588020490232,NCT01871649,Psoriatic Arthritis,methotrexate,Phase 3,55.0,B_serious_chronic,0.6,0.11299588020490232
2334,0,0.0034011494410194133,NCT01995201,Rheumatoid Arthritis,methotrexate,Phase 3,58.0,B_serious_chronic,0.6,0.0034011494410194133
2335,0,0.22301082058002414,NCT01974024,Dexamethasone-induced Hiccup in Chemotherapy,methylprednisolone,Phase 3,8.0,C_benign,0.5,0.22301082058002414
2336,0,0.1417361972985401,NCT02135510,solid tumor,metoclopramide,Phase 3,85.0,A_tox_tolerated,0.65,0.1417361972985401
2337,0,0.4427945595500793,NCT02468830,Overactive Bladder; Urinary Incontinence,mirabegron,Phase 3,18.0,C_benign,0.5,0.4427945595500793
2338,0,0.3889137783781108,NCT02086994,Pre-eclampsia,misoprostol,Phase 3,80.0,A_tox_tolerated,0.65,0.3889137783781108
2339,0,0.9999991290976432,NCT01808573,Metastatic Breast Cancer,neratinib,Phase 3,88.0,A_tox_tolerated,0.65,0.9999991290976432
2340,0,0.006386556951609191,NCT01531114,Diabetes Mellitus,prasugrel,Phase 3,42.0,B_serious_chronic,0.6,0.006386556951609191
2341,0,0.7235231650810643,NCT01729871,Atrial Fibrillation,rivaroxaban,Phase 3,45.0,B_serious_chronic,0.6,0.7235231650810643
2342,0,0.23991754084873138,NCT01455870,Type 2 Diabetes,sitagliptin,Phase 3,40.0,B_serious_chronic,0.6,0.23991754084873138
2343,0,0.2508812987635075,NCT01930188,Type 2 Diabetes,sitagliptin,Phase 3,40.0,B_serious_chronic,0.6,0.2508812987635075
2344,0,0.04124449594632318,NCT01767519,overactive bladder,solifenacin,Phase 3,15.0,C_benign,0.5,0.04124449594632318
2345,0,0.999999742713449,NCT01945775,Metastatic Breast Cancer,talazoparib,Phase 3,88.0,A_tox_tolerated,0.65,0.999999742713449
2346,0,0.013901131065183647,NCT01573442,breast cancer,testosterone,Phase 3,80.0,A_tox_tolerated,0.65,0.013901131065183647
2347,0,0.012655518696470237,NCT01531114,Diabetes Mellitus,ticagrelor,Phase 3,42.0,B_serious_chronic,0.6,0.012655518696470237
2348,0,0.1639309745783477,NCT01964352,Chronic Obstructive Pulmonary Disease,tiotropium,Phase 3,60.0,B_serious_chronic,0.6,0.1639309745783477
2349,0,0.16405430337781227,NCT01969721,COPD,tiotropium,Phase 3,60.0,B_serious_chronic,0.6,0.16405430337781227
2350,0,0.1639309745783477,NCT02006732,Chronic Obstructive Pulmonary Disease,tiotropium,Phase 3,60.0,B_serious_chronic,0.6,0.1639309745783477
2351,0,0.64333914672257,NCT01909453,Mutant Melanoma,vemurafenib,Phase 3,82.0,A_tox_tolerated,0.65,0.64333914672257
2352,0,0.00946535768905903,NCT01352715,HIV-1 infection,abacavir,Phase 3,62.0,B_serious_chronic,0.6,0.00946535768905903
2353,0,0.30667989733206763,NCT01517802,Metastatic Castration-resistant Prostate Cancer; Metastatic Breast Cancer,abiraterone acetate,Phase 3,90.0,A_tox_tolerated,0.65,0.30667989733206763
2354,0,0.9582539736709904,NCT01695135,Prostate Cancer,abiraterone acetate,Phase 3,72.0,A_tox_tolerated,0.65,0.9582539736709904
2355,0,0.24205335278097903,NCT01605136,erythropoietic protoporphyria,afamelanotide,Phase 3,30.0,C_benign,0.5,0.24205335278097903
2356,0,0.21144205284773304,NCT01345682,Cell Cancer,afatinib,Phase 3,85.0,A_tox_tolerated,0.65,0.21144205284773304
2358,0,0.29731204750264173,NCT03238131,onchocerciasis,albendazole,Phase 3,45.0,B_serious_chronic,0.6,0.29731204750264173
2359,0,0.301721612640658,NCT01724528,Tumor Lysis Syndrome,allopurinol,Phase 3,80.0,A_tox_tolerated,0.65,0.301721612640658
2360,0,0.006591424692737768,NCT01987570,ankle sprain,allopurinol,Phase 3,5.0,C_benign,0.5,0.006591424692737768
2361,0,0.011778602708418129,NCT01521962,Diabetes Mellitus,alogliptin,Phase 3,42.0,B_serious_chronic,0.6,0.011778602708418129
2362,0,0.06311113058756919,NCT01395199,Thalassemia; Iron Overload,amlodipine,Phase 3,60.0,B_serious_chronic,0.6,0.06311113058756919
2363,0,0.006852768937770049,NCT01663233,Essential Hypertension,amlodipine,Phase 3,40.0,B_serious_chronic,0.6,0.006852768937770049
2364,0,0.25270837696364756,NCT01690299,psoriasis,apremilast,Phase 3,25.0,C_benign,0.5,0.25270837696364756
2365,0,0.009035379984497948,NCT00764478,bipolar disorder,asenapine,Phase 3,52.0,B_serious_chronic,0.6,0.009035379984497948
2366,0,0.008833850260889587,NCT01617187,Schizophrenia,asenapine,Phase 3,62.0,B_serious_chronic,0.6,0.008833850260889587
2367,0,0.009194149634167158,NCT01617200,Schizophrenia,asenapine,Phase 3,62.0,B_serious_chronic,0.6,0.009194149634167158
2368,0,0.007417581743307644,NCT01573351,hepatitis C virus infection,asunaprevir,Phase 3,60.0,B_serious_chronic,0.6,0.007417581743307644
2369,0,0.0067744713008390574,NCT01718145,hepatitis C virus infection,asunaprevir,Phase 3,60.0,B_serious_chronic,0.6,0.0067744713008390574
2370,0,0.20185732785468186,NCT01557400,Duchenne Muscular Dystrophy; Becker Muscular Dystrophy; Dystrophinopathy,ataluren,Phase 3,80.0,A_tox_tolerated,0.65,0.20185732785468186
2371,0,0.5401622398501142,NCT01543555,Myocardial Infarction; Peripheral Vascular Disease; Aortic Aneurism,atorvastatin,Phase 3,82.0,A_tox_tolerated,0.65,0.5401622398501142
2372,0,0.12718926466609076,NCT01820767,Chronic Kidney Disease,atorvastatin,Phase 3,60.0,B_serious_chronic,0.6,0.12718926466609076
2373,0,0.5398437187928992,NCT02355704,Renal Insufficiency,atorvastatin,Phase 3,55.0,B_serious_chronic,0.6,0.5398437187928992
2374,0,0.0027050360786441408,NCT01727193,Myasthenia Gravis,azathioprine,Phase 3,58.0,B_serious_chronic,0.6,0.0027050360786441408
2376,0,0.0033078083117930256,NCT01710358,Rheumatoid Arthritis,baricitinib,Phase 3,58.0,B_serious_chronic,0.6,0.0033078083117930256
2377,0,0.0034210458125013554,NCT01711359,Rheumatoid Arthritis,baricitinib,Phase 3,58.0,B_serious_chronic,0.6,0.0034210458125013554
2378,0,0.003359848594603654,NCT01721057,Rheumatoid Arthritis,baricitinib,Phase 3,58.0,B_serious_chronic,0.6,0.003359848594603654
2380,0,0.012352593515991429,NCT01583218,venous thromboembolism,betrixaban,Phase 3,72.0,A_tox_tolerated,0.65,0.012352593515991429
2382,0,0.0037689330461747605,NCT01516424,Schizophrenia,blonanserin,Phase 3,62.0,B_serious_chronic,0.6,0.0037689330461747605
2383,0,0.010547838682294076,NCT01544920,hepatitis C virus infection,boceprevir,Phase 3,60.0,B_serious_chronic,0.6,0.010547838682294076
2384,0,0.013580955443059484,NCT01585584,hepatitis C virus infection,boceprevir,Phase 3,60.0,B_serious_chronic,0.6,0.013580955443059484
2385,0,0.00387313250081982,NCT01668797,schizophrenia,brexpiprazole,Phase 3,55.0,B_serious_chronic,0.6,0.00387313250081982
2386,0,0.0037551570941696255,NCT01727726,Major Depressive Disorder,brexpiprazole,Phase 3,42.0,B_serious_chronic,0.6,0.0037551570941696255
2387,0,0.004281916439412048,NCT01653262,epilepsy,brivaracetam,Phase 3,58.0,B_serious_chronic,0.6,0.004281916439412048
2388,0,0.0042822237211612045,NCT01728077,epilepsy,brivaracetam,Phase 3,58.0,B_serious_chronic,0.6,0.0042822237211612045
2389,0,0.1290154967150537,NCT01939314,Headache,bupivacaine,Phase 3,12.0,C_benign,0.5,0.1290154967150537
2390,0,0.02321456692981123,NCT01633944,Low back pain,buprenorphine,Phase 3,18.0,C_benign,0.5,0.02321456692981123
2391,0,0.023229936130245467,NCT01675167,Low back pain,buprenorphine,Phase 3,18.0,C_benign,0.5,0.023229936130245467
2392,0,0.5372220455039336,NCT01535859,Prevention of Ovarian Hyperstimulation Syndrome,cabergoline,Phase 3,50.0,B_serious_chronic,0.6,0.5372220455039336
2393,0,0.99999999999969,NCT01718873,Metastatic Colorectal Cancer,capecitabine,Phase 3,90.0,A_tox_tolerated,0.65,0.99999999999969
2394,0,0.3804167410375349,NCT01804790,Advanced Rectal Cancer,capecitabine,Phase 3,85.0,A_tox_tolerated,0.65,0.3804167410375349
2396,0,0.6173856583265213,NCT01499277,Complicated Skin and Soft Tissue Infection,ceftaroline fosamil,Phase 3,50.0,B_serious_chronic,0.6,0.6173856583265213
2397,0,0.4708327757637537,NCT01543685,Other Acute Postoperative Pain,celecoxib,Phase 3,8.0,C_benign,0.5,0.4708327757637537
2398,0,0.4349386338371328,NCT01378286,Malaria,chloroquine,Phase 3,65.0,B_serious_chronic,0.6,0.4349386338371328
2399,0,0.43526411128924175,NCT01443130,Malaria,chloroquine,Phase 3,65.0,B_serious_chronic,0.6,0.43526411128924175
2400,0,0.4349406295383891,NCT01640574,Vivax Malaria,chloroquine,Phase 3,60.0,B_serious_chronic,0.6,0.4349406295383891
2401,0,0.27114857573349604,NCT01559012,hyperemesis gravidarum,clonidine,Phase 3,35.0,C_benign,0.5,0.27114857573349604
2402,0,0.0070712768115107185,NCT01543932,Coronary Artery Disease,clopidogrel,Phase 3,65.0,B_serious_chronic,0.6,0.0070712768115107185
2403,0,0.007439597528186926,NCT01626534,Acute Coronary Syndrome,clopidogrel,Phase 3,80.0,A_tox_tolerated,0.65,0.007439597528186926
2404,0,0.22038968351926264,NCT01790997,Acute Ischemic Stroke,clopidogrel,Phase 3,80.0,A_tox_tolerated,0.65,0.22038968351926264
2405,0,0.10219485488252236,NCT03021343,arrhythmia,colchicine,Phase 3,62.0,B_serious_chronic,0.6,0.10219485488252236
2406,0,0.9823591788650401,NCT01639001,Lung Cancer,crizotinib,Phase 3,90.0,A_tox_tolerated,0.65,0.9823591788650401
2407,0,0.003826364701989071,NCT01492426,hepatitis C virus infection,daclatasvir,Phase 3,60.0,B_serious_chronic,0.6,0.003826364701989071
2408,0,0.003871009568100914,NCT01573351,hepatitis C virus infection,daclatasvir,Phase 3,60.0,B_serious_chronic,0.6,0.003871009568100914
2409,0,0.003834571704084766,NCT01616524,hepatitis C virus infection,daclatasvir,Phase 3,60.0,B_serious_chronic,0.6,0.003834571704084766
2410,0,0.0038237021426323014,NCT01718145,hepatitis C virus infection,daclatasvir,Phase 3,60.0,B_serious_chronic,0.6,0.0038237021426323014
2411,0,0.016322425148492404,NCT01606007,Type 2 Diabetes,dapagliflozin,Phase 3,40.0,B_serious_chronic,0.6,0.016322425148492404
2412,0,0.017648801584680053,NCT01619059,Type 2 Diabetes,dapagliflozin,Phase 3,40.0,B_serious_chronic,0.6,0.017648801584680053
2413,0,0.016650023781253843,NCT01646320,Type 2 Diabetes,dapagliflozin,Phase 3,40.0,B_serious_chronic,0.6,0.016650023781253843
2414,0,0.017901575370268773,NCT01265550,gastroesophageal reflux disease,desipramine,Phase 3,15.0,C_benign,0.5,0.017901575370268773
2415,0,0.00196768029205856,NCT01568866,Multiple Myeloma,dexamethasone,Phase 3,82.0,A_tox_tolerated,0.65,0.00196768029205856
2416,0,0.19474101010075756,NCT01734044,Purpura; Idiopathic Thrombocytopenic Purpura,dexamethasone,Phase 3,50.0,B_serious_chronic,0.6,0.19474101010075756
2417,0,0.0033110996926825065,NCT02351622,Immune Thrombocytopenia,dexamethasone,Phase 3,50.0,B_serious_chronic,0.6,0.0033110996926825065
2418,0,0.0034497716324305427,NCT01510912,Osteoarthritis,diclofenac,Phase 3,25.0,C_benign,0.5,0.0034497716324305427
2419,0,0.19697153743328075,NCT01532882,chronic venous disease,diosmin,Phase 3,18.0,C_benign,0.5,0.19697153743328075
2420,0,0.18048429515889702,NCT01499199,infection,dolutegravir,Phase 3,60.0,B_serious_chronic,0.6,0.18048429515889702
2421,0,0.7442543981199993,NCT01621191,Fibromyalgia,duloxetine,Phase 3,18.0,C_benign,0.5,0.7442543981199993
2422,0,0.012305781934420956,NCT01516060,HIV infection,efavirenz,Phase 3,62.0,B_serious_chronic,0.6,0.012305781934420956
2423,0,0.14793705771878624,NCT01520909,immune thrombocytopenia,eltrombopag,Phase 3,50.0,B_serious_chronic,0.6,0.14793705771878624
2424,0,0.14053856505115514,NCT01621204,immune thrombocytopenia,eltrombopag,Phase 3,50.0,B_serious_chronic,0.6,0.14053856505115514
2425,0,0.009793780055482726,NCT01553591,irritable bowel syndrome,eluxadoline,Phase 3,15.0,C_benign,0.5,0.009793780055482726
2426,0,0.009793780055482726,NCT01553747,irritable bowel syndrome,eluxadoline,Phase 3,15.0,C_benign,0.5,0.009793780055482726
2427,0,0.01212037856295054,NCT01586442,Type 2 Diabetes,eplerenone,Phase 3,40.0,B_serious_chronic,0.6,0.01212037856295054
2428,0,0.011740078510038087,NCT01631227,Essential Hypertension,eprosartan,Phase 3,40.0,B_serious_chronic,0.6,0.011740078510038087
2429,0,0.011261795504745242,NCT01644188,Hypercholesterolemia,ezetimibe,Phase 3,38.0,C_benign,0.5,0.011261795504745242
2430,0,0.011261795504745242,NCT01644474,Hypercholesterolemia,ezetimibe,Phase 3,38.0,C_benign,0.5,0.011261795504745242
2431,0,0.011284285364051749,NCT01730053,Hypercholesterolemia,ezetimibe,Phase 3,38.0,C_benign,0.5,0.011284285364051749
2432,0,0.18574455210672902,NCT01281007,genital herpes,famciclovir,Phase 3,12.0,C_benign,0.5,0.18574455210672902
2433,0,0.18565544561128183,NCT01327144,Herpes Zoster,famciclovir,Phase 3,22.0,C_benign,0.5,0.18565544561128183
2434,0,0.0065468178390016615,NCT01497262,Multiple Sclerosis,fingolimod,Phase 3,60.0,B_serious_chronic,0.6,0.0065468178390016615
2435,0,0.39682170907844305,NCT01625182,chronic inflammatory demyelinating polyradiculoneuropathy,fingolimod,Phase 3,55.0,B_serious_chronic,0.6,0.39682170907844305
2436,0,0.003662646690362048,NCT01691885,chronic obstructive pulmonary disease,fluticasone furoate,Phase 3,60.0,B_serious_chronic,0.6,0.003662646690362048
2437,0,0.00387261357614217,NCT01622231,rhinitis,fluticasone furoate,Phase 3,8.0,C_benign,0.5,0.00387261357614217
2438,0,0.0037947590257426888,NCT01630135,perennial allergic rhinitis,fluticasone furoate,Phase 3,8.0,C_benign,0.5,0.0037947590257426888
2439,0,0.5466606346355302,NCT01817790,allergic rhinitis,fluticasone propionate,Phase 3,8.0,C_benign,0.5,0.5466606346355302
2440,0,0.006688103871921913,NCT01857583,venous thromboembolism,fondaparinux,Phase 3,72.0,A_tox_tolerated,0.65,0.006688103871921913
2441,0,0.9983227074414902,NCT01610284,Metastatic Breast Cancer,fulvestrant,Phase 3,88.0,A_tox_tolerated,0.65,0.9983227074414902
2442,0,0.004256064333360121,NCT01459809,Type 2 Diabetes,glimepiride,Phase 3,40.0,B_serious_chronic,0.6,0.004256064333360121
2444,0,0.17254146228160583,NCT01526135,Pancreatic Adenocarcinoma (Ductal Adenocarcinoma),gemcitabine,Phase 3,95.0,A_tox_tolerated,0.65,0.17254146228160583
2445,0,0.17260490697607117,NCT01631136,Maintenance Therapies in Advanced Non Small Cell Lung Cancer,gemcitabine,Phase 3,90.0,A_tox_tolerated,0.65,0.17260490697607117
2446,0,0.17194638426870307,NCT01746979,Metastatic or Locally Advanced Unresectable Pancreatic Adenocarcinoma,gemcitabine,Phase 3,95.0,A_tox_tolerated,0.65,0.17194638426870307
2447,0,0.1878165859806177,NCT01585792,Diabetic Patients,glimepiride,Phase 3,40.0,B_serious_chronic,0.6,0.1878165859806177
2448,0,0.03752620438831929,NCT01644500,Type 2 Diabetes Mellitus,glimepiride,Phase 3,40.0,B_serious_chronic,0.6,0.03752620438831929
2450,0,0.003912170589358244,NCT01536392,Vaginal Cancer,granisetron,Phase 3,82.0,A_tox_tolerated,0.65,0.003912170589358244
2451,0,0.17748627169784642,NCT01750541,Psychomotor Agitation,haloperidol,Phase 3,35.0,C_benign,0.5,0.17748627169784642
2452,0,0.005162730824407857,NCT01538875,preeclampsia,hydralazine,Phase 3,75.0,A_tox_tolerated,0.65,0.005162730824407857
2453,0,0.03693529301686491,NCT01611090,Chronic Lymphocytic Leukemia,ibrutinib,Phase 3,70.0,A_tox_tolerated,0.65,0.03693529301686491
2454,0,0.9999999237132933,NCT01646021,Cell Lymphoma,ibrutinib,Phase 3,85.0,A_tox_tolerated,0.65,0.9999999237132933
2455,0,0.003396843053808163,NCT01562717,Pain,ibuprofen,Phase 3,15.0,C_benign,0.5,0.003396843053808163
2456,0,0.003396843053808163,NCT01563289,Pain,ibuprofen,Phase 3,15.0,C_benign,0.5,0.003396843053808163
2457,0,0.13010844885949926,NCT01567072,Forearm Fracture,ibuprofen,Phase 3,12.0,C_benign,0.5,0.13010844885949926
2458,0,0.13588063461511785,NCT01630278,Patent Ductus Arteriosus,ibuprofen,Phase 3,55.0,B_serious_chronic,0.6,0.13588063461511785
2459,0,0.13274962596263035,NCT02441530,Primary Dysmenorrhoea,ibuprofen,Phase 3,12.0,C_benign,0.5,0.13274962596263035
2460,0,0.6709399165226002,NCT01539512,Previously Treated Chronic Lymphocytic Leukemia,idelalisib,Phase 3,72.0,A_tox_tolerated,0.65,0.6709399165226002
2461,0,0.6757465097358637,NCT01569295,Previously Treated Chronic Lymphocytic Leukemia,idelalisib,Phase 3,72.0,A_tox_tolerated,0.65,0.6757465097358637
2463,0,0.3675494443048956,NCT01614470,cystic fibrosis,ivacaftor,Phase 3,68.0,B_serious_chronic,0.6,0.3675494443048956
2465,0,0.0037230055648681095,NCT01465997,epilepsy,lacosamide,Phase 3,58.0,B_serious_chronic,0.6,0.0037230055648681095
2466,0,0.007231536712924691,NCT01352715,HIV-1 infection,lamivudine,Phase 3,62.0,B_serious_chronic,0.6,0.007231536712924691
2467,0,0.5199626145934634,NCT01580202,chronic hepatitis B virus infection,lamivudine,Phase 3,62.0,B_serious_chronic,0.6,0.5199626145934634
2469,0,0.6185224135610243,NCT01456247,Gastric Ulcers; Duodenal Ulcers,lansoprazole,Phase 3,30.0,C_benign,0.5,0.6185224135610243
2470,0,0.0014219145990205019,NCT01727193,Myasthenia Gravis,leflunomide,Phase 3,58.0,B_serious_chronic,0.6,0.0014219145990205019
2471,0,0.02204436220151882,NCT01650701,Follicular Lymphoma,lenalidomide,Phase 3,68.0,B_serious_chronic,0.6,0.02204436220151882
2472,0,0.0039252627650039115,NCT01510158,gout,lesinurad,Phase 3,18.0,C_benign,0.5,0.0039252627650039115
2473,0,0.004401165120734451,NCT01510769,gout,lesinurad,Phase 3,18.0,C_benign,0.5,0.004401165120734451
2474,0,0.0046882760020872105,NCT01563081,rhinitis,levocetirizine,Phase 3,8.0,C_benign,0.5,0.0046882760020872105
2475,0,0.004397695616040332,NCT01640535,perennial allergic rhinitis,levocetirizine,Phase 3,8.0,C_benign,0.5,0.004397695616040332
2476,0,0.006733752944291594,NCT01401647,cardiac arrest,lidocaine,Phase 3,95.0,A_tox_tolerated,0.65,0.006733752944291594
2477,0,0.005664129686058827,NCT01694134,Low back pain,lidocaine,Phase 3,18.0,C_benign,0.5,0.005664129686058827
2478,0,0.33471881374168183,NCT01708330,Nonviable pregnancy,lidocaine,Phase 3,40.0,B_serious_chronic,0.6,0.33471881374168183
2479,0,0.7530705757870894,NCT01636206,dry eye syndrome,lifitegrast,Phase 3,8.0,C_benign,0.5,0.7530705757870894
2480,0,0.7531152540072062,NCT01743729,dry eye syndrome,lifitegrast,Phase 3,8.0,C_benign,0.5,0.7531152540072062
2481,0,0.0060325280769008005,NCT01835678,Type 2 Diabetes,linagliptin,Phase 3,40.0,B_serious_chronic,0.6,0.0060325280769008005
2482,0,0.37921225468712205,NCT01901003,Perioperative Anxiety,lorazepam,Phase 3,8.0,C_benign,0.5,0.37921225468712205
2483,0,0.1196466487971762,NCT01674530,chronic idiopathic constipation,lubiprostone,Phase 3,12.0,C_benign,0.5,0.1196466487971762
2484,0,0.11967478150119622,NCT01459809,Type 2 Diabetes,metformin,Phase 3,40.0,B_serious_chronic,0.6,0.11967478150119622
2485,0,0.22681615064699664,NCT01566474,Barrett's Esophagus,melatonin,Phase 3,30.0,C_benign,0.5,0.22681615064699664
2486,0,0.24707063761065456,NCT01705639,Diabetes; Glucose Tolerance,melatonin,Phase 3,38.0,C_benign,0.5,0.24707063761065456
2487,0,0.005301600391859562,NCT02706054,Low Back Pain,meloxicam,Phase 3,18.0,C_benign,0.5,0.005301600391859562
2488,0,0.563937299159921,NCT01292031,Ventilator-associated Bacterial Pneumonia,meropenem,Phase 3,82.0,A_tox_tolerated,0.65,0.563937299159921
2489,0,0.1005818219926721,NCT01551394,Sepsis,meropenem,Phase 3,82.0,A_tox_tolerated,0.65,0.1005818219926721
2490,0,0.46792252012461955,NCT01517412,Type 2 Diabetes Mellitus,metformin,Phase 3,40.0,B_serious_chronic,0.6,0.46792252012461955
2491,0,0.47372839386142457,NCT01545388,Type 2 Diabetes Mellitus,metformin,Phase 3,40.0,B_serious_chronic,0.6,0.47372839386142457
2492,0,0.11916676489776556,NCT01624259,Type 2 Diabetes,metformin,Phase 3,40.0,B_serious_chronic,0.6,0.11916676489776556
2493,0,0.4686826825582334,NCT01648582,Type 2 Diabetes Mellitus,metformin,Phase 3,40.0,B_serious_chronic,0.6,0.4686826825582334
2494,0,0.48318924176863226,NCT01702298,Type 2 Diabetes Mellitus,metformin,Phase 3,40.0,B_serious_chronic,0.6,0.48318924176863226
2495,0,0.6332722083545657,NCT01792830,Poor Glycemic Control,metformin,Phase 3,40.0,B_serious_chronic,0.6,0.6332722083545657
2496,0,0.004660977228968499,NCT01915550,Diabetes Mellitus,metformin,Phase 3,42.0,B_serious_chronic,0.6,0.004660977228968499
2497,0,0.2103896908034811,NCT01793480,of Cancer,methadone,Phase 3,85.0,A_tox_tolerated,0.65,0.2103896908034811
2499,0,0.14459279415126175,NCT02222220,sialorrhea,metoclopramide,Phase 3,10.0,C_benign,0.5,0.14459279415126175
2500,0,0.21843835694245922,NCT01837290,hip fracture,midazolam,Phase 3,55.0,B_serious_chronic,0.6,0.21843835694245922
2501,0,0.011302353363962325,NCT02058485,Hypertension,midazolam,Phase 3,40.0,B_serious_chronic,0.6,0.011302353363962325
2502,0,0.0032593256509187095,NCT01531959,hypotension,midodrine,Phase 3,40.0,B_serious_chronic,0.6,0.0032593256509187095
2504,0,0.4420047703093399,NCT01638000,"Urologic Diseases; Urinary Bladder, Overactive; Urinary Bladder Diseases",mirabegron,Phase 3,18.0,C_benign,0.5,0.4420047703093399
2505,0,0.38936108261814256,NCT01506388,Failed labor induction,misoprostol,Phase 3,30.0,C_benign,0.5,0.38936108261814256
2506,0,0.004066524230928103,NCT01612065,infertility,misoprostol,Phase 3,10.0,C_benign,0.5,0.004066524230928103
2508,0,0.38896150490991993,NCT02053922,postpartum hemorrhage,misoprostol,Phase 3,85.0,A_tox_tolerated,0.65,0.38896150490991993
2509,0,0.012467224760772133,NCT01372865,allergic rhinitis,mometasone furoate,Phase 3,8.0,C_benign,0.5,0.012467224760772133
2510,0,0.012373401010753704,NCT01673659,seasonal allergic rhinitis,mometasone furoate,Phase 3,8.0,C_benign,0.5,0.012373401010753704
2511,0,0.15069352497085947,NCT01658020,Chronic Obstructive Pulmonary Disease,moxifloxacin,Phase 3,60.0,B_serious_chronic,0.6,0.15069352497085947
2512,0,0.7203899453315745,NCT01756339,Community-acquired Bacterial Pneumonia,moxifloxacin,Phase 3,60.0,B_serious_chronic,0.6,0.7203899453315745
2514,0,0.1287945706444696,NCT01648634,cardiomyopathy,nebivolol,Phase 3,75.0,A_tox_tolerated,0.65,0.1287945706444696
2515,0,0.004296448168013556,NCT01702532,smoking cessation,nicotine,Phase 3,30.0,C_benign,0.5,0.004296448168013556
2516,0,0.40677947572382867,NCT01535391,Chronic Myeloid Leukemia,nilotinib,Phase 3,70.0,A_tox_tolerated,0.65,0.40677947572382867
2517,0,0.3559025874185392,NCT01657604,Chronic Myeloid Leukemia,nilotinib,Phase 3,70.0,A_tox_tolerated,0.65,0.3559025874185392
2518,0,0.3669053674990506,NCT01619085,Idiopathic Pulmonary Fibrosis,nintedanib,Phase 3,88.0,A_tox_tolerated,0.65,0.3669053674990506
2519,0,0.015251351709157635,NCT01682759,Type 2 Diabetes Mellitus,omarigliptin,Phase 3,40.0,B_serious_chronic,0.6,0.015251351709157635
2520,0,0.017122461162985037,NCT01697592,Type 2 Diabetes Mellitus,omarigliptin,Phase 3,40.0,B_serious_chronic,0.6,0.017122461162985037
2521,0,0.015108083000076466,NCT01698775,Type 2 Diabetes Mellitus,omarigliptin,Phase 3,40.0,B_serious_chronic,0.6,0.015108083000076466
2522,0,0.015212499385192979,NCT01703221,Type 2 Diabetes Mellitus,omarigliptin,Phase 3,40.0,B_serious_chronic,0.6,0.015212499385192979
2523,0,0.015405318767249154,NCT01704261,Type 2 Diabetes Mellitus,omarigliptin,Phase 3,40.0,B_serious_chronic,0.6,0.015405318767249154
2524,0,0.015391187653172777,NCT01717313,Type 2 Diabetes Mellitus,omarigliptin,Phase 3,40.0,B_serious_chronic,0.6,0.015391187653172777
2525,0,0.007127688544213817,NCT01536392,Vaginal Cancer,ondansetron,Phase 3,82.0,A_tox_tolerated,0.65,0.007127688544213817
2526,0,0.2885080409604598,NCT01557244,neurogenic bladder,oxybutynin,Phase 3,30.0,C_benign,0.5,0.2885080409604598
2527,0,0.0768798330815695,NCT01414608,Advanced Cervical Cancer,paclitaxel,Phase 3,85.0,A_tox_tolerated,0.65,0.0768798330815695
2528,0,0.9999999943116127,NCT01526369,Metastatic Breast Cancer,paclitaxel,Phase 3,88.0,A_tox_tolerated,0.65,0.9999999943116127
2529,0,0.04674497109570321,NCT01572038,Advanced Breast Cancer,paclitaxel,Phase 3,85.0,A_tox_tolerated,0.65,0.04674497109570321
2530,0,0.07703699850153875,NCT01583426,Early Breast Cancer,paclitaxel,Phase 3,70.0,A_tox_tolerated,0.65,0.07703699850153875
2531,0,0.7738804345096064,NCT01644890,Breast Cancer,paclitaxel,Phase 3,75.0,A_tox_tolerated,0.65,0.7738804345096064
2532,0,0.9999999945339157,NCT01663727,Metastatic Breast Cancer,paclitaxel,Phase 3,88.0,A_tox_tolerated,0.65,0.9999999945339157
2533,0,0.8615169675523902,NCT01763645,Lung Cancer,paclitaxel,Phase 3,90.0,A_tox_tolerated,0.65,0.8615169675523902
2534,0,0.9999999942708161,NCT01764022,Metastatic Breast Cancer,paclitaxel,Phase 3,88.0,A_tox_tolerated,0.65,0.9999999942708161
2535,0,0.7739618500303437,NCT02472964,Breast Cancer,paclitaxel,Phase 3,75.0,A_tox_tolerated,0.65,0.7739618500303437
2536,0,0.37303011630651817,NCT02084420,Peptic Ulcer,pantoprazole,Phase 3,35.0,C_benign,0.5,0.37303011630651817
2537,0,0.014095602732893609,NCT01638013,Rheumatoid Arthritis,peficitinib,Phase 3,58.0,B_serious_chronic,0.6,0.014095602732893609
2538,0,0.1310287361001594,NCT01618695,focal epilepsy,perampanel,Phase 3,58.0,B_serious_chronic,0.6,0.1310287361001594
2539,0,0.011881469936717659,NCT01712789,Multiple Myeloma,pomalidomide,Phase 3,82.0,A_tox_tolerated,0.65,0.011881469936717659
2540,0,0.006495380350288138,NCT01543932,Coronary Artery Disease,prasugrel,Phase 3,65.0,B_serious_chronic,0.6,0.006495380350288138
2541,0,0.006979190343183239,NCT01609647,Acute Coronary Syndrome,prasugrel,Phase 3,80.0,A_tox_tolerated,0.65,0.006979190343183239
2542,0,0.32018869091335567,NCT01828437,Infantile Spasms,prednisolone,Phase 3,70.0,A_tox_tolerated,0.65,0.32018869091335567
2544,0,0.010432378069645786,NCT01352715,HIV-1 infection,raltegravir,Phase 3,62.0,B_serious_chronic,0.6,0.010432378069645786
2545,0,0.6264358822742133,NCT01485978,"Renal Insufficiency, Chronic",ramipril,Phase 3,58.0,B_serious_chronic,0.6,0.6264358822742133
2546,0,0.008738003274376016,NCT01494987,Type 2 Diabetes Mellitus,ranolazine,Phase 3,40.0,B_serious_chronic,0.6,0.008738003274376016
2548,0,0.4640353871224476,NCT01735669,Non-cephalic Presentation; Inhalation of Nitrous Oxide; Pregnancy Complications; Complications; Cesarean Section; Fetus or Neonate Affected by External Version Before Labor,remifentanil,Phase 3,50.0,B_serious_chronic,0.6,0.4640353871224476
2549,0,0.010795775657782735,NCT01466192,hepatitis C virus infection,ribavirin,Phase 3,60.0,B_serious_chronic,0.6,0.010795775657782735
2550,0,0.010797167780597828,NCT01498068,hepatitis C virus infection,ribavirin,Phase 3,60.0,B_serious_chronic,0.6,0.010797167780597828
2551,0,0.010803060608985593,NCT01513941,hepatitis C virus infection,ribavirin,Phase 3,60.0,B_serious_chronic,0.6,0.010803060608985593
2552,0,0.010798972365230596,NCT01571583,hepatitis C virus infection,ribavirin,Phase 3,60.0,B_serious_chronic,0.6,0.010798972365230596
2553,0,0.010846414978751984,NCT01598090,hepatitis C virus infection,ribavirin,Phase 3,60.0,B_serious_chronic,0.6,0.010846414978751984
2554,0,0.010796766183354034,NCT01674725,hepatitis C virus infection,ribavirin,Phase 3,60.0,B_serious_chronic,0.6,0.010796766183354034
2555,0,0.010835062988667299,NCT01715415,hepatitis C virus infection,ribavirin,Phase 3,60.0,B_serious_chronic,0.6,0.010835062988667299
2556,0,0.010835062988667299,NCT01716585,hepatitis C virus infection,ribavirin,Phase 3,60.0,B_serious_chronic,0.6,0.010835062988667299
2557,0,0.01083523398119619,NCT01767116,hepatitis C virus infection,ribavirin,Phase 3,60.0,B_serious_chronic,0.6,0.01083523398119619
2558,0,0.41381563720186343,NCT01624675,Autistic Disorder in Children and Adolescents,risperidone,Phase 3,20.0,C_benign,0.5,0.41381563720186343
2559,0,0.45514948717715703,NCT01448707,Human Immunodeficiency Virus (HIV) Infections; Acquired Immunodeficiency Syndrome (AIDS) Virus,ritonavir,Phase 3,72.0,A_tox_tolerated,0.65,0.45514948717715703
2560,0,0.308533156451457,NCT01499953,Superficial Vein Thrombosis,rivaroxaban,Phase 3,25.0,C_benign,0.5,0.308533156451457
2562,0,0.4034581935833629,NCT01499849,Chemotherapy-induced Nausea and Vomiting,rolapitant,Phase 3,20.0,C_benign,0.5,0.4034581935833629
2563,0,0.4034581935833629,NCT01500213,Chemotherapy-induced Nausea and Vomiting,rolapitant,Phase 3,20.0,C_benign,0.5,0.4034581935833629
2564,0,0.40333360725000167,NCT01500226,Chemotherapy-induced Nausea and Vomiting,rolapitant,Phase 3,20.0,C_benign,0.5,0.40333360725000167
2565,0,0.13025497128327473,NCT01537042,restless legs syndrome,rotigotine,Phase 3,10.0,C_benign,0.5,0.13025497128327473
2567,0,0.0032192233605190523,NCT01646255,Parkinson's Disease,rotigotine,Phase 3,55.0,B_serious_chronic,0.6,0.0032192233605190523
2568,0,0.0032190648411806857,NCT01646268,Parkinson's Disease,rotigotine,Phase 3,55.0,B_serious_chronic,0.6,0.0032190648411806857
2569,0,0.003193606543086247,NCT01723904,Parkinson's Disease,rotigotine,Phase 3,55.0,B_serious_chronic,0.6,0.003193606543086247
2570,0,0.014176166608097862,NCT01750190,anemia of chronic kidney disease,roxadustat,Phase 3,48.0,B_serious_chronic,0.6,0.014176166608097862
2572,0,0.47805246017790015,NCT01912391,Borderline personality disorder,selegiline,Phase 3,40.0,B_serious_chronic,0.6,0.47805246017790015
2573,0,0.4029314912180283,NCT01462266,Type 2 Diabetes Mellitus,sitagliptin,Phase 3,40.0,B_serious_chronic,0.6,0.4029314912180283
2575,0,0.7200402044259657,NCT01552694,Inflammation; Macrophage Infiltration; Cardiovascular Disease,sitagliptin,Phase 3,55.0,B_serious_chronic,0.6,0.7200402044259657
2576,0,0.4040940736922436,NCT01590771,Type 2 Diabetes Mellitus,sitagliptin,Phase 3,40.0,B_serious_chronic,0.6,0.4040940736922436
2577,0,0.40366954112324366,NCT01590797,Type 2 Diabetes Mellitus,sitagliptin,Phase 3,40.0,B_serious_chronic,0.6,0.40366954112324366
2578,0,0.013274972386142747,NCT01641640,hepatitis C virus infection,sofosbuvir,Phase 3,60.0,B_serious_chronic,0.6,0.013274972386142747
2579,0,0.005710353491357667,NCT02670772,HIV infection,stavudine,Phase 3,62.0,B_serious_chronic,0.6,0.005710353491357667
2580,0,0.384965656255423,NCT01694277,Gastrointestinal Stromal Tumors,sunitinib,Phase 3,72.0,A_tox_tolerated,0.65,0.384965656255423
2581,0,0.14979283710645336,NCT01553981,"Lung Diseases, Interstitial",tadalafil,Phase 3,75.0,A_tox_tolerated,0.65,0.14979283710645336
2582,0,0.2914622217143106,NCT01638247,Breast Cancer,tamoxifen,Phase 3,75.0,A_tox_tolerated,0.65,0.2914622217143106
2584,0,0.46540170305634465,NCT01595581,osteoarthritis,testosterone,Phase 3,20.0,C_benign,0.5,0.46540170305634465
2585,0,0.37756625491050955,NCT01543321,tardive dyskinesia,tetrabenazine,Phase 3,20.0,C_benign,0.5,0.37756625491050955
2586,0,0.1907186598156363,NCT01511471,Platelet Reactivity,ticagrelor,Phase 3,55.0,B_serious_chronic,0.6,0.1907186598156363
2587,0,0.011705127223455469,NCT01543932,Coronary Artery Disease,ticagrelor,Phase 3,65.0,B_serious_chronic,0.6,0.011705127223455469
2589,0,0.1639468033750247,NCT01533922,COPD,tiotropium,Phase 3,60.0,B_serious_chronic,0.6,0.1639468033750247
2590,0,0.1639468033750247,NCT01533935,COPD,tiotropium,Phase 3,60.0,B_serious_chronic,0.6,0.1639468033750247
2591,0,0.16393143038352648,NCT01574651,Chronic Obstructive Pulmonary Disease,tiotropium,Phase 3,60.0,B_serious_chronic,0.6,0.16393143038352648
2592,0,0.16393166736259418,NCT01610037,Chronic Obstructive Pulmonary Disease,tiotropium,Phase 3,60.0,B_serious_chronic,0.6,0.16393166736259418
2593,0,0.16393654441443345,NCT01613326,Chronic Obstructive Pulmonary Disease,tiotropium,Phase 3,60.0,B_serious_chronic,0.6,0.16393654441443345
2594,0,0.16399139880023525,NCT01694771,chronic obstructive pulmonary disease,tiotropium,Phase 3,60.0,B_serious_chronic,0.6,0.16399139880023525
2595,0,0.16399139880023525,NCT01696058,chronic obstructive pulmonary disease,tiotropium,Phase 3,60.0,B_serious_chronic,0.6,0.16399139880023525
2596,0,0.567298362449679,NCT01618448,Cardiac-induced Edema,tolvaptan,Phase 3,55.0,B_serious_chronic,0.6,0.567298362449679
2598,0,0.5679303759188981,NCT01651156,Cardiac Edema,tolvaptan,Phase 3,55.0,B_serious_chronic,0.6,0.5679303759188981
2599,0,0.15562806233577137,NCT01692678,liposarcoma or leiomyosarcoma,trabectedin,Phase 3,90.0,A_tox_tolerated,0.65,0.15562806233577137
2601,0,0.3321961718481597,NCT01889979,Pain During Labour,tramadol,Phase 3,15.0,C_benign,0.5,0.3321961718481597
2602,0,0.6535726387038654,NCT01584648,mutant Melanoma,trametinib,Phase 3,90.0,A_tox_tolerated,0.65,0.6535726387038654
2603,0,0.6547438531124813,NCT01597908,Cutaneous Melanoma,trametinib,Phase 3,80.0,A_tox_tolerated,0.65,0.6547438531124813
2605,0,0.224639432064654,NCT01594671,Blood Loss,tranexamic acid,Phase 3,40.0,B_serious_chronic,0.6,0.224639432064654
2606,0,0.22496295920755652,NCT02684851,Acetabular Fractures,tranexamic acid,Phase 3,25.0,C_benign,0.5,0.22496295920755652
2607,0,0.008833733913025133,NCT02086929,Major Depression,trazodone,Phase 3,42.0,B_serious_chronic,0.6,0.008833733913025133
2608,0,0.46520605434080836,NCT01597505,Clostridium Difficile Infection,vancomycin,Phase 3,55.0,B_serious_chronic,0.6,0.46520605434080836
2609,0,0.4672207603151103,NCT01598311,Clostridium Difficile Infection,vancomycin,Phase 3,55.0,B_serious_chronic,0.6,0.4672207603151103
2610,0,0.8829348292687778,NCT01509547,nicotine dependence,varenicline,Phase 3,30.0,C_benign,0.5,0.8829348292687778
2611,0,0.009580658380757945,NCT01694732,Chronic Obstructive Pulmonary Disease,varenicline,Phase 3,60.0,B_serious_chronic,0.6,0.009580658380757945
2612,0,0.8826855656426419,NCT01710137,nicotine dependence,varenicline,Phase 3,30.0,C_benign,0.5,0.8826855656426419
2613,0,0.6547208301906515,NCT01667419,Mutant Melanoma,vemurafenib,Phase 3,82.0,A_tox_tolerated,0.65,0.6547208301906515
2614,0,0.0364152794710453,NCT01557712,Major Depressive Disorder,venlafaxine,Phase 3,42.0,B_serious_chronic,0.6,0.0364152794710453
2615,0,0.007291942868068624,NCT01691885,chronic obstructive pulmonary disease,vilanterol,Phase 3,60.0,B_serious_chronic,0.6,0.007291942868068624
2616,0,0.3380913738876048,NCT01629966,generalized anxiety disorder,vilazodone,Phase 3,18.0,C_benign,0.5,0.3380913738876048
2617,0,0.3376392761270684,NCT02015546,major depressive disorder,vilazodone,Phase 3,45.0,B_serious_chronic,0.6,0.3376392761270684
2618,0,0.1852665285098049,NCT01582230,Type 2 Diabetes Mellitus,vildagliptin,Phase 3,40.0,B_serious_chronic,0.6,0.1852665285098049
2619,0,0.603020713006017,NCT01728805,Cutaneous T-Cell Lymphoma,vorinostat,Phase 3,70.0,A_tox_tolerated,0.65,0.603020713006017
2620,0,0.09706147235832505,NCT01516814,Pulmonary Embolism,warfarin,Phase 3,78.0,A_tox_tolerated,0.65,0.09706147235832505
2621,0,0.09705525054598374,NCT01516840,Deep Vein Thrombosis,warfarin,Phase 3,55.0,B_serious_chronic,0.6,0.09705525054598374
2622,0,0.0061127967338872715,NCT01352715,HIV-1 infection,zidovudine,Phase 3,62.0,B_serious_chronic,0.6,0.0061127967338872715
2623,0,0.7009758402425146,NCT01523587,Lung Cancer,afatinib,Phase 3,90.0,A_tox_tolerated,0.65,0.7009758402425146
2624,0,0.3830972341766589,NCT01808313,vascular disease,ambrisentan,Phase 3,55.0,B_serious_chronic,0.6,0.3830972341766589
2625,0,0.23417767437633188,NCT01401647,cardiac arrest,amiodarone,Phase 3,95.0,A_tox_tolerated,0.65,0.23417767437633188
2626,0,0.008390434240147049,NCT01395992,bipolar I disorder,asenapine,Phase 3,52.0,B_serious_chronic,0.6,0.008390434240147049
2627,0,0.0034062391292459804,NCT01265550,gastroesophageal reflux disease,baclofen,Phase 3,15.0,C_benign,0.5,0.0034062391292459804
2628,0,0.0029465687888277302,NCT01743651,Multiple Sclerosis,baclofen,Phase 3,60.0,B_serious_chronic,0.6,0.0029465687888277302
2630,0,0.0023494531979225243,NCT02179268,Bone Mineral Density Quantitative Trait Locus 7,citalopram,Phase 3,15.0,C_benign,0.5,0.0023494531979225243
2631,0,0.20254041217754343,NCT01655706,Depression,escitalopram,Phase 3,40.0,B_serious_chronic,0.6,0.20254041217754343
2632,0,0.2741935847440442,NCT01628731,fluid overload,furosemide,Phase 3,55.0,B_serious_chronic,0.6,0.2741935847440442
2633,0,0.03620451437052408,NCT01578707,Chronic Lymphocytic Leukemia,ibrutinib,Phase 3,70.0,A_tox_tolerated,0.65,0.03620451437052408
2634,0,0.001873816153068719,NCT01556776,Chronic Lymphocytic Leukemia,lenalidomide,Phase 3,70.0,A_tox_tolerated,0.65,0.001873816153068719
2635,0,0.004045190879297356,NCT01508702,gout,lesinurad,Phase 3,18.0,C_benign,0.5,0.004045190879297356
2636,0,0.003894945872279054,NCT01650246,gout,lesinurad,Phase 3,18.0,C_benign,0.5,0.003894945872279054
2637,0,0.6694672010081816,NCT01606787,renal cell carcinoma,mannitol,Phase 3,85.0,A_tox_tolerated,0.65,0.6694672010081816
2638,0,0.12609836509130032,NCT01541215,Type 2 Diabetes,metformin,Phase 3,40.0,B_serious_chronic,0.6,0.12609836509130032
2639,0,0.0032358675990815876,NCT01587989,Rheumatoid Arthritis,methotrexate,Phase 3,58.0,B_serious_chronic,0.6,0.0032358675990815876
2640,0,0.0020358832754032276,NCT01541605,mania,methylphenidate,Phase 3,45.0,B_serious_chronic,0.6,0.0020358832754032276
2641,0,0.002641316495585233,NCT01559727,Heart Failure,prednisone,Phase 3,80.0,A_tox_tolerated,0.65,0.002641316495585233
2642,0,0.9691945665997117,NCT01578655,Prostate Cancer,prednisone,Phase 3,72.0,A_tox_tolerated,0.65,0.9691945665997117
2643,0,0.023071415276062247,NCT01556165,Parkinson's Disease,rasagiline,Phase 3,55.0,B_serious_chronic,0.6,0.023071415276062247
2645,0,0.00803557808240194,NCT02179268,Bone Mineral Density Quantitative Trait Locus 7,sertraline,Phase 3,15.0,C_benign,0.5,0.00803557808240194
2646,0,0.1639468033750247,NCT01559116,Chronic Obstructive Pulmonary Disease,tiotropium,Phase 3,60.0,B_serious_chronic,0.6,0.1639468033750247
2647,0,0.09292910113400239,NCT01458951,Ulcerative Colitis,tofacitinib,Phase 3,58.0,B_serious_chronic,0.6,0.09292910113400239
2648,0,0.09292910113400239,NCT01465763,Ulcerative Colitis,tofacitinib,Phase 3,58.0,B_serious_chronic,0.6,0.09292910113400239
2649,0,0.03904802525505078,NCT02179268,Bone Mineral Density Quantitative Trait Locus 7,venlafaxine,Phase 3,15.0,C_benign,0.5,0.03904802525505078
2651,0,0.24215811600277787,NCT04578496,erythropoietic protoporphyria,afamelanotide,Phase 3,30.0,C_benign,0.5,0.24215811600277787
2653,0,0.005996361599547795,NCT01736514,gout,allopurinol,Phase 3,18.0,C_benign,0.5,0.005996361599547795
2654,0,0.005993412308417834,NCT02082769,gout,allopurinol,Phase 3,18.0,C_benign,0.5,0.005993412308417834
2655,0,0.017251765424576803,NCT01456130,Type 2 Diabetes,alogliptin,Phase 3,40.0,B_serious_chronic,0.6,0.017251765424576803
2656,0,0.37569181716167266,NCT01399723,Pneumonia,amoxicillin,Phase 3,65.0,B_serious_chronic,0.6,0.37569181716167266
2657,0,0.24860923236418397,NCT01529528,Type 2 Diabetes Mellitus,anagliptin,Phase 3,40.0,B_serious_chronic,0.6,0.24860923236418397
2658,0,0.24041283456779422,NCT01529541,Type 2 Diabetes Mellitus,anagliptin,Phase 3,40.0,B_serious_chronic,0.6,0.24041283456779422
2660,0,0.008130971491122163,NCT01244828,schizophrenia,asenapine,Phase 3,55.0,B_serious_chronic,0.6,0.008130971491122163
2661,0,0.6216732307879431,NCT01349907,Pediatric Bipolar Disorder,asenapine,Phase 3,50.0,B_serious_chronic,0.6,0.6216732307879431
2662,0,0.5403192466451756,NCT01278459,Pre-Eclampsia,atorvastatin,Phase 3,80.0,A_tox_tolerated,0.65,0.5403192466451756
2663,0,0.12003583843921913,NCT01370603,Hypercholesterolemia,atorvastatin,Phase 3,38.0,C_benign,0.5,0.12003583843921913
2664,0,0.5270371296604027,NCT01251393,cocaine dependence,biperiden,Phase 3,40.0,B_serious_chronic,0.6,0.5270371296604027
2665,0,0.011374520840761782,NCT01425203,hepatitis C virus infection,boceprevir,Phase 3,60.0,B_serious_chronic,0.6,0.011374520840761782
2666,0,0.017763076859052717,NCT01338415,pulmonary arterial hypertension,bosentan,Phase 3,82.0,A_tox_tolerated,0.65,0.017763076859052717
2667,0,0.004281916439412048,NCT01339559,epilepsy,brivaracetam,Phase 3,58.0,B_serious_chronic,0.6,0.004281916439412048
2668,0,0.0023988762494244085,NCT01360021,Asthma,budesonide,Phase 3,40.0,B_serious_chronic,0.6,0.0023988762494244085
2669,0,0.040188376776833776,NCT01407575,Treatment Resistant Depression,buprenorphine,Phase 3,55.0,B_serious_chronic,0.6,0.040188376776833776
2670,0,0.01153095554677972,NCT01303861,Nicotine Dependence,bupropion,Phase 3,25.0,C_benign,0.5,0.01153095554677972
2671,0,0.012181417657603676,NCT01406223,Nicotine Dependence,bupropion,Phase 3,25.0,C_benign,0.5,0.012181417657603676
2672,0,0.010306993974068247,NCT01384539,chronic kidney disease,calcitriol,Phase 3,62.0,B_serious_chronic,0.6,0.010306993974068247
2674,0,0.7204340395903859,NCT01234337,Breast Cancer,capecitabine,Phase 3,75.0,A_tox_tolerated,0.65,0.7204340395903859
2675,0,0.004984743915375822,NCT01412060,schizophrenia,cariprazine,Phase 3,55.0,B_serious_chronic,0.6,0.004984743915375822
2676,0,0.30913215675845773,NCT01503606,Preterm premature rupture of membranes,cefazolin,Phase 3,70.0,A_tox_tolerated,0.65,0.30913215675845773
2677,0,0.012783503038660559,NCT01371838,bacterial pneumonia,ceftriaxone,Phase 3,72.0,A_tox_tolerated,0.65,0.012783503038660559
2678,0,0.0030079487166361886,NCT01354145,Osteoarthritis,celecoxib,Phase 3,25.0,C_benign,0.5,0.0030079487166361886
2679,0,0.4708327757637537,NCT01462435,Other Acute Postoperative Pain,celecoxib,Phase 3,8.0,C_benign,0.5,0.4708327757637537
2680,0,0.004038895667324227,NCT01484119,seasonal allergic rhinitis,cetirizine,Phase 3,8.0,C_benign,0.5,0.004038895667324227
2681,0,0.005281188661421732,NCT01292720,heart failure,vitamin D3,Phase 3,80.0,A_tox_tolerated,0.65,0.005281188661421732
2682,0,0.011215092560106,NCT01384539,chronic kidney disease,vitamin D3,Phase 3,62.0,B_serious_chronic,0.6,0.011215092560106
2683,0,0.047468450882629146,NCT01248065,asthma,ciclesonide,Phase 3,42.0,B_serious_chronic,0.6,0.047468450882629146
2684,0,0.047353157968052464,NCT01455194,asthma,ciclesonide,Phase 3,42.0,B_serious_chronic,0.6,0.047353157968052464
2685,0,0.007693144105761762,NCT02266030,coronary artery disease,cilostazol,Phase 3,68.0,B_serious_chronic,0.6,0.007693144105761762
2687,0,0.8051304381238209,NCT01471444,Acute Myeloid Leukemia,clofarabine,Phase 3,90.0,A_tox_tolerated,0.65,0.8051304381238209
2688,0,0.8052040812777358,NCT02085408,Acute Myeloid Leukemia,clofarabine,Phase 3,90.0,A_tox_tolerated,0.65,0.8052040812777358
2689,0,0.11606622740510095,NCT01439984,premature ejaculation,clomipramine,Phase 3,5.0,C_benign,0.5,0.11606622740510095
2691,0,0.1598441428024743,NCT01505790,Acute Coronary Syndromes,clopidogrel,Phase 3,80.0,A_tox_tolerated,0.65,0.1598441428024743
2692,0,0.21117723351611778,NCT01515345,Platelet Inhibition; Coronary Stent Implantation,clopidogrel,Phase 3,70.0,A_tox_tolerated,0.65,0.21117723351611778
2693,0,0.003825376164124217,NCT01389323,hepatitis C virus infection,daclatasvir,Phase 3,60.0,B_serious_chronic,0.6,0.003825376164124217
2694,0,0.0038312101830111577,NCT01471574,hepatitis C virus infection,daclatasvir,Phase 3,60.0,B_serious_chronic,0.6,0.0038312101830111577
2695,0,0.3603305640659531,NCT01339091,Cellulitis,dalbavancin,Phase 3,35.0,C_benign,0.5,0.3603305640659531
2696,0,0.007174805114041183,NCT01294423,Type 2 Diabetes Mellitus,dapagliflozin,Phase 3,40.0,B_serious_chronic,0.6,0.007174805114041183
2697,0,0.03854827978704896,NCT01294436,diabetes Mellitus,dapagliflozin,Phase 3,42.0,B_serious_chronic,0.6,0.03854827978704896
2698,0,0.6193191801590274,NCT01303796,Acute Myeloid Leukemia,decitabine,Phase 3,90.0,A_tox_tolerated,0.65,0.6193191801590274
2699,0,0.6493211629908917,NCT02085408,Acute Myeloid Leukemia,decitabine,Phase 3,90.0,A_tox_tolerated,0.65,0.6493211629908917
2700,0,0.006751628476835992,NCT01400828,seasonal allergic rhinitis,desloratadine,Phase 3,8.0,C_benign,0.5,0.006751628476835992
2701,0,0.19428789854198253,NCT01154192,PCOS,dexamethasone,Phase 3,25.0,C_benign,0.5,0.19428789854198253
2702,0,0.19473853548424724,NCT01189292,Thyroidectomy; Thyroid Diseases,dexamethasone,Phase 3,35.0,C_benign,0.5,0.19473853548424724
2703,0,0.1949557971226998,NCT01248585,Bone Metastases,dexamethasone,Phase 3,80.0,A_tox_tolerated,0.65,0.1949557971226998
2704,0,0.19448568281751447,NCT01297010,Vomiting Postoperative,dexamethasone,Phase 3,8.0,C_benign,0.5,0.19448568281751447
2705,0,0.0032638834624973525,NCT01339260,Chemotherapy-Induced Nausea and Vomiting,dexamethasone,Phase 3,20.0,C_benign,0.5,0.0032638834624973525
2706,0,0.0032715196330834083,NCT01363479,Chemotherapy-Induced Nausea and Vomiting,dexamethasone,Phase 3,20.0,C_benign,0.5,0.0032715196330834083
2707,0,0.0032672952108749875,NCT01376297,Chemotherapy-Induced Nausea and Vomiting,dexamethasone,Phase 3,20.0,C_benign,0.5,0.0032672952108749875
2709,0,0.19467690365978957,NCT01408082,Blepharitis,dexamethasone,Phase 3,5.0,C_benign,0.5,0.19467690365978957
2710,0,0.15947535903402205,NCT01456611,Osteo Arthritis of the Knee,diclofenac,Phase 3,25.0,C_benign,0.5,0.15947535903402205
2711,0,0.0035339863088182264,NCT01461369,Osteoarthritis,diclofenac,Phase 3,25.0,C_benign,0.5,0.0035339863088182264
2712,0,0.15007874334746113,NCT01264939,Chronic Idiopathic Urticaria,diphenhydramine,Phase 3,15.0,C_benign,0.5,0.15007874334746113
2713,0,0.16773278458516838,NCT01263015,infection,dolutegravir,Phase 3,60.0,B_serious_chronic,0.6,0.16773278458516838
2714,0,0.7426801887262675,NCT01179672,"Diabetic Neuropathy, Painful",duloxetine,Phase 3,35.0,C_benign,0.5,0.7426801887262675
2715,0,0.741578689159714,NCT01226511,"Anxiety Neuroses; Anxiety States, Neurotic; Neuroses, Anxiety",duloxetine,Phase 3,20.0,C_benign,0.5,0.741578689159714
2717,0,0.014521977236597783,NCT01271894,HIV infection,efavirenz,Phase 3,62.0,B_serious_chronic,0.6,0.014521977236597783
2718,0,0.01241231357460384,NCT01451333,HIV infection,efavirenz,Phase 3,62.0,B_serious_chronic,0.6,0.01241231357460384
2719,0,0.00351885184955143,NCT01470144,pulmonary arterial hypertension,epoprostenol,Phase 3,82.0,A_tox_tolerated,0.65,0.00351885184955143
2720,0,0.9368412861245483,NCT01454934,Lung Cancer,eribulin,Phase 3,90.0,A_tox_tolerated,0.65,0.9368412861245483
2721,0,0.5461332134173175,NCT01370616,diabetic foot infection,ertapenem,Phase 3,60.0,B_serious_chronic,0.6,0.5461332134173175
2722,0,0.2849789246725411,NCT01370525,Heartburn,esomeprazole,Phase 3,12.0,C_benign,0.5,0.2849789246725411
2723,0,0.2849789246725411,NCT01370538,Heartburn,esomeprazole,Phase 3,12.0,C_benign,0.5,0.2849789246725411
2724,0,0.006950185146090004,NCT01100164,insomnia,eszopiclone,Phase 3,15.0,C_benign,0.5,0.006950185146090004
2725,0,0.8163643849709779,NCT01450761,Lung Cancer,etoposide,Phase 3,90.0,A_tox_tolerated,0.65,0.8163643849709779
2726,0,0.5458310291727759,NCT01229774,Coxarthrosis; Arthroplasties Hip Replacement; Perioperative Blood Loss,etoricoxib,Phase 3,30.0,C_benign,0.5,0.5458310291727759
2727,0,0.20006191213780525,NCT01462370,Dysmenorrhea,etoricoxib,Phase 3,15.0,C_benign,0.5,0.20006191213780525
2728,0,0.009696754872444369,NCT01408186,Upper Gastrointestinal Bleeding,famotidine,Phase 3,80.0,A_tox_tolerated,0.65,0.009696754872444369
2729,0,0.0026054283106945685,NCT01270659,Pain,fentanyl,Phase 3,15.0,C_benign,0.5,0.0026054283106945685
2730,0,0.6767702144531496,NCT01307579,Acute Myeloid Leukemia,fluconazole,Phase 3,90.0,A_tox_tolerated,0.65,0.6767702144531496
2731,0,0.01455559740005261,NCT01304706,diabetic macular edema,fluocinolone acetonide,Phase 3,30.0,C_benign,0.5,0.01455559740005261
2732,0,0.23495176676679802,NCT01407432,male infertility,folic acid,Phase 3,10.0,C_benign,0.5,0.23495176676679802
2734,0,0.003113801849683506,NCT01116583,"Pain, Postoperative",gabapentin,Phase 3,8.0,C_benign,0.5,0.003113801849683506
2735,0,0.10331185534813885,NCT02120703,Intervertebral Disc Prolapse,gabapentin,Phase 3,20.0,C_benign,0.5,0.10331185534813885
2736,0,0.9826672984293477,NCT01404260,Lung Cancer,gefitinib,Phase 3,90.0,A_tox_tolerated,0.65,0.9826672984293477
2737,0,0.00231693031754896,NCT01360853,Metastatic Pancreatic Cancer,gemcitabine,Phase 3,95.0,A_tox_tolerated,0.65,0.00231693031754896
2738,0,0.003192925471526653,NCT01211522,Delirium; Impaired Cognition; Long Term Psychologic Disorders,haloperidol,Phase 3,45.0,B_serious_chronic,0.6,0.003192925471526653
2739,0,0.4844464830100056,NCT01353313,"Infant, Newborn; Infant, Small for Gestational Age; Infant, Very Low Birth Weight; Infant, Premature; Bronchopulmonary Dysplasia",hydrocortisone,Phase 3,80.0,A_tox_tolerated,0.65,0.4844464830100056
2740,0,0.47419952476546745,NCT02266589,Septic Shock; Sepsis,hydrocortisone,Phase 3,85.0,A_tox_tolerated,0.65,0.47419952476546745
2742,0,0.8008467044064236,NCT01259856,High Risk Polycythemia Vera; High Risk Essential Thrombocythemia,hydroxyurea,Phase 3,62.0,B_serious_chronic,0.6,0.8008467044064236
2743,0,0.052105544824564046,NCT01462370,Dysmenorrhea,ibuprofen,Phase 3,15.0,C_benign,0.5,0.052105544824564046
2744,0,0.4848527827454056,NCT01303406,Friedreich ataxia,idebenone,Phase 3,70.0,A_tox_tolerated,0.65,0.4848527827454056
2745,0,0.005691227247525732,NCT01291511,schizophrenia,iloperidone,Phase 3,55.0,B_serious_chronic,0.6,0.005691227247525732
2746,0,0.4356674064035621,NCT01392469,Pulmonary Arterial Hypertension,imatinib,Phase 3,80.0,A_tox_tolerated,0.65,0.4356674064035621
2747,0,0.34487163843280144,NCT01511289,Chronic Myeloid Leukemia,imatinib,Phase 3,70.0,A_tox_tolerated,0.65,0.34487163843280144
2748,0,0.006633506677542167,NCT01232894,chronic obstructive pulmonary disease,indacaterol,Phase 3,60.0,B_serious_chronic,0.6,0.006633506677542167
2749,0,0.2873755577505165,NCT01442987,Hypertension; Hyperlipidemia,irbesartan,Phase 3,40.0,B_serious_chronic,0.6,0.2873755577505165
2750,0,0.1680241728687595,NCT00170209,Latent Tuberculosis Infection,isoniazid,Phase 3,35.0,C_benign,0.5,0.1680241728687595
2751,0,0.7268556882547457,NCT01474590,Acne,isotretinoin,Phase 3,5.0,C_benign,0.5,0.7268556882547457
2752,0,0.08168835383494408,NCT01326325,Refractory Cancer,ketamine,Phase 3,92.0,A_tox_tolerated,0.65,0.08168835383494408
2753,0,0.0665135280005787,NCT01387139,Procedural Sedation and Analgesia,ketamine,Phase 3,12.0,C_benign,0.5,0.0665135280005787
2754,0,0.0034020466985961394,NCT01983020,Postoperative Pain,ketamine,Phase 3,8.0,C_benign,0.5,0.0034020466985961394
2755,0,0.0035727379680823733,NCT01243177,epilepsy,lacosamide,Phase 3,58.0,B_serious_chronic,0.6,0.0035727379680823733
2756,0,0.006081444145448334,NCT01484977,epilepsy,lacosamide,Phase 3,58.0,B_serious_chronic,0.6,0.006081444145448334
2757,0,0.15180088911782003,NCT01452711,Gastric Ulcer,lansoprazole,Phase 3,30.0,C_benign,0.5,0.15180088911782003
2758,0,0.6268530720088072,NCT01452724,Duodenal Ulcer,lansoprazole,Phase 3,30.0,C_benign,0.5,0.6268530720088072
2759,0,0.6285830883602879,NCT01452750,Gastric Ulcers; Duodenal Ulcers,lansoprazole,Phase 3,30.0,C_benign,0.5,0.6285830883602879
2760,0,0.6285830883602879,NCT01452763,Gastric Ulcers; Duodenal Ulcers,lansoprazole,Phase 3,30.0,C_benign,0.5,0.6285830883602879
2761,0,0.6185224135610243,NCT01456260,Gastric Ulcers; Duodenal Ulcers,lansoprazole,Phase 3,30.0,C_benign,0.5,0.6185224135610243
2762,0,0.6010804391218105,NCT01459367,Erosive Esophagitis,lansoprazole,Phase 3,25.0,C_benign,0.5,0.6010804391218105
2764,0,0.23222028365109698,NCT01321554,Thyroid Cancer,lenvatinib,Phase 3,60.0,B_serious_chronic,0.6,0.23222028365109698
2765,0,0.004017890580288541,NCT01493531,gout,lesinurad,Phase 3,18.0,C_benign,0.5,0.004017890580288541
2766,0,0.003754626174632336,NCT01494506,Metastatic Pancreatic Cancer,leucovorin,Phase 3,95.0,A_tox_tolerated,0.65,0.003754626174632336
2767,0,0.36572790474332734,NCT01292837,Epilepsy; Generalized Tonic-clonic Seizures,levetiracetam,Phase 3,60.0,B_serious_chronic,0.6,0.36572790474332734
2768,0,0.36641187398694797,NCT01398956,Epilepsy; Generalized Tonic-clonic Seizures,levetiracetam,Phase 3,60.0,B_serious_chronic,0.6,0.36641187398694797
2769,0,0.006096237478649824,NCT01458431,pain,levobupivacaine,Phase 3,20.0,C_benign,0.5,0.006096237478649824
2770,0,0.005278748053526172,NCT01227655,Parkinson's Disease,levodopa,Phase 3,55.0,B_serious_chronic,0.6,0.005278748053526172
2771,0,0.005721166785047282,NCT01154738,Anesthesia,lidocaine,Phase 3,15.0,C_benign,0.5,0.005721166785047282
2772,0,0.005963918054772433,NCT01983020,Postoperative Pain,lidocaine,Phase 3,8.0,C_benign,0.5,0.005963918054772433
2773,0,0.7531169397154146,NCT01421498,dry eye syndrome,lifitegrast,Phase 3,8.0,C_benign,0.5,0.7531169397154146
2774,0,0.045037404954779904,NCT01421511,skin and soft tissue bacterial infection,linezolid,Phase 3,45.0,B_serious_chronic,0.6,0.045037404954779904
2775,0,0.008965335421436228,NCT01051219,Nonalcoholic Steatohepatitis,losartan,Phase 3,55.0,B_serious_chronic,0.6,0.008965335421436228
2776,0,0.008105298504857616,NCT01307046,Hypertension,losartan,Phase 3,40.0,B_serious_chronic,0.6,0.008105298504857616
2777,0,0.008105298504857616,NCT01302691,Hypertension,losartan,Phase 3,40.0,B_serious_chronic,0.6,0.008105298504857616
2778,0,0.2710104439626103,NCT01324284,colorectal carcinoma,lubiprostone,Phase 3,82.0,A_tox_tolerated,0.65,0.2710104439626103
2779,0,0.11963839773341448,NCT01372423,chronic idiopathic constipation,lubiprostone,Phase 3,12.0,C_benign,0.5,0.11963839773341448
2780,0,0.17423617243001255,NCT01147289,Lumbar Sciatic Pain,meloxicam,Phase 3,18.0,C_benign,0.5,0.17423617243001255
2781,0,0.003186192041377001,NCT01413178,Multiple Myeloma,melphalan,Phase 3,82.0,A_tox_tolerated,0.65,0.003186192041377001
2782,0,0.50058897075358,NCT01877837,Sickle Cell Disease,melphalan,Phase 3,65.0,B_serious_chronic,0.6,0.50058897075358
2783,0,0.0833616042249212,NCT01411176,gastric cancer,menthol,Phase 3,85.0,A_tox_tolerated,0.65,0.0833616042249212
2784,0,0.08770710507440023,NCT01411189,gastric cancer,menthol,Phase 3,85.0,A_tox_tolerated,0.65,0.08770710507440023
2785,0,0.18020247810037834,NCT01445678,Complicated Intra-abdominal Infection,meropenem,Phase 3,65.0,B_serious_chronic,0.6,0.18020247810037834
2788,0,0.4688743137838062,NCT01368081,Type 2 Diabetes Mellitus,metformin,Phase 3,40.0,B_serious_chronic,0.6,0.4688743137838062
2789,0,0.46808767804161977,NCT01370707,Type 2 Diabetes Mellitus,metformin,Phase 3,40.0,B_serious_chronic,0.6,0.46808767804161977
2790,0,0.47960023046213796,NCT01381900,Type 2 Diabetes Mellitus,metformin,Phase 3,40.0,B_serious_chronic,0.6,0.47960023046213796
2791,0,0.004619401102109522,NCT01483560,Type 1 Diabetes,metformin,Phase 3,55.0,B_serious_chronic,0.6,0.004619401102109522
2792,0,0.6301915812891095,NCT01487993,Obesity; Insulin Resistance,metformin,Phase 3,35.0,C_benign,0.5,0.6301915812891095
2793,0,0.471890419495968,NCT01760447,Type 2 Diabetes Mellitus,metformin,Phase 3,40.0,B_serious_chronic,0.6,0.471890419495968
2794,0,0.005114883010004867,NCT03086005,Polycystic Ovary Syndrome,metformin,Phase 3,25.0,C_benign,0.5,0.005114883010004867
2795,0,0.48241498438590746,NCT01984099,Hydatidiform Mole,methotrexate,Phase 3,55.0,B_serious_chronic,0.6,0.48241498438590746
2796,0,0.01333997192719565,NCT01420159,pain,methoxyflurane,Phase 3,20.0,C_benign,0.5,0.01333997192719565
2797,0,0.35548938019736676,NCT01275560,Anal Incontinence,metronidazole,Phase 3,15.0,C_benign,0.5,0.35548938019736676
2798,0,0.36791779210297043,NCT01473836,Intra-abdominal Infections,metronidazole,Phase 3,72.0,A_tox_tolerated,0.65,0.36791779210297043
2800,0,0.12997211678321835,NCT02336477,non-dystrophic myotonia,mexiletine,Phase 3,30.0,C_benign,0.5,0.12997211678321835
2801,0,0.36677297794867353,NCT01436279,cervical ripening,mifepristone,Phase 3,8.0,C_benign,0.5,0.36677297794867353
2802,0,0.8417547040673957,NCT01403662,Depression,minocycline,Phase 3,40.0,B_serious_chronic,0.6,0.8417547040673957
2803,0,0.7693350299716173,NCT01429272,Depression,minocycline,Phase 3,40.0,B_serious_chronic,0.6,0.7693350299716173
2804,0,0.389052709160267,NCT01412073,Cesarean complications,misoprostol,Phase 3,45.0,B_serious_chronic,0.6,0.389052709160267
2805,0,0.76758073198256,NCT01298336,"Atypical; Mycobacterium, Pulmonary, Tuberculous",moxifloxacin,Phase 3,65.0,B_serious_chronic,0.6,0.76758073198256
2806,0,0.37373058687001726,NCT01342549,Alcohol Use Disorder,naltrexone,Phase 3,40.0,B_serious_chronic,0.6,0.37373058687001726
2807,0,0.363307357691415,NCT01254188,Chronic Myeloid Leukemia,nilotinib,Phase 3,70.0,A_tox_tolerated,0.65,0.363307357691415
2808,0,0.3550452587005354,NCT01275196,Chronic Myeloid Leukemia,nilotinib,Phase 3,70.0,A_tox_tolerated,0.65,0.3550452587005354
2809,0,0.42471237715032706,NCT01257672,Gastroenteritis; Vomiting; Acute Gastroenteritis,ondansetron,Phase 3,20.0,C_benign,0.5,0.42471237715032706
2810,0,0.4250970881296835,NCT01362530,Chemotherapy Induced Nausea and Vomiting,ondansetron,Phase 3,20.0,C_benign,0.5,0.4250970881296835
2811,0,0.12328598322578217,NCT01395901,Postoperative Nausea and Vomiting,ondansetron,Phase 3,10.0,C_benign,0.5,0.12328598322578217
2812,0,0.005872200314021758,NCT01442376,Chemotherapy-Induced Nausea and Vomiting,ondansetron,Phase 3,20.0,C_benign,0.5,0.005872200314021758
2813,0,0.01018849431135782,NCT01231620,"Influenza, Human",oseltamivir,Phase 3,40.0,B_serious_chronic,0.6,0.01018849431135782
2814,0,0.2920925725954481,NCT01716624,neurogenic bladder,oxybutynin,Phase 3,30.0,C_benign,0.5,0.2920925725954481
2815,0,0.08147110160442124,NCT01196390,Esophageal Cancer,paclitaxel,Phase 3,88.0,A_tox_tolerated,0.65,0.08147110160442124
2816,0,0.07685292364277171,NCT01248403,Gastric Carcinoma,paclitaxel,Phase 3,85.0,A_tox_tolerated,0.65,0.07685292364277171
2817,0,0.7916393668515629,NCT01275677,Breast Cancer,paclitaxel,Phase 3,75.0,A_tox_tolerated,0.65,0.7916393668515629
2818,0,0.8613294258974651,NCT01285609,Lung Cancer,paclitaxel,Phase 3,90.0,A_tox_tolerated,0.65,0.8613294258974651
2819,0,0.07702279629466532,NCT01358877,Primary Breast Cancer,paclitaxel,Phase 3,80.0,A_tox_tolerated,0.65,0.07702279629466532
2820,0,0.8612960605784545,NCT01364012,Lung Cancer,paclitaxel,Phase 3,90.0,A_tox_tolerated,0.65,0.8612960605784545
2821,0,0.9948136617512363,NCT01462890,Ovarian Cancer,paclitaxel,Phase 3,88.0,A_tox_tolerated,0.65,0.9948136617512363
2822,0,0.07689753078609318,NCT04031703,Triple Negative Breast Cancer,paclitaxel,Phase 3,85.0,A_tox_tolerated,0.65,0.07689753078609318
2823,0,0.005028957702834314,NCT01662310,schizophrenia,paliperidone,Phase 3,55.0,B_serious_chronic,0.6,0.005028957702834314
2824,0,0.7104081198961789,NCT01351415,Lung Cancer,pemetrexed,Phase 3,90.0,A_tox_tolerated,0.65,0.7104081198961789
2825,0,0.005367465580927511,NCT01360762,HIV infection,pentamidine,Phase 3,62.0,B_serious_chronic,0.6,0.005367465580927511
2826,0,0.1310287361001594,NCT01393743,generalized tonic-clonic seizures,perampanel,Phase 3,62.0,B_serious_chronic,0.6,0.1310287361001594
2827,0,0.0027759090725436365,NCT01413958,seasonal allergic rhinitis,phenylephrine,Phase 3,8.0,C_benign,0.5,0.0027759090725436365
2828,0,0.09580914167204493,NCT01366209,Idiopathic Pulmonary Fibrosis,pirfenidone,Phase 3,88.0,A_tox_tolerated,0.65,0.09580914167204493
2829,0,0.001869869679075209,NCT01146834,Multiple Myeloma,plerixafor,Phase 3,82.0,A_tox_tolerated,0.65,0.001869869679075209
2830,0,0.294365371949404,NCT01304472,Coronary Artery Disease (CAD),prasugrel,Phase 3,65.0,B_serious_chronic,0.6,0.294365371949404
2831,0,0.2935781771298506,NCT01327534,Myocardial Infarction; STEMI,prasugrel,Phase 3,85.0,A_tox_tolerated,0.65,0.2935781771298506
2832,0,0.29296024971576873,NCT01338909,Myocardial Infarction,prasugrel,Phase 3,82.0,A_tox_tolerated,0.65,0.29296024971576873
2833,0,0.0038362134810666195,NCT01272635,Asthma; Wheezing,prednisolone,Phase 3,40.0,B_serious_chronic,0.6,0.0038362134810666195
2834,0,0.9692085156701516,NCT01308567,Prostate Cancer,prednisone,Phase 3,72.0,A_tox_tolerated,0.65,0.9692085156701516
2835,0,0.005031563064554189,NCT01365598,Plasmodium falciparum malaria,primaquine,Phase 3,85.0,A_tox_tolerated,0.65,0.005031563064554189
2837,0,0.23193947238852672,NCT01349010,hyperlipidemia,probucol,Phase 3,40.0,B_serious_chronic,0.6,0.23193947238852672
2838,0,0.020569459336240815,NCT01408186,Upper Gastrointestinal Bleeding,rabeprazole,Phase 3,80.0,A_tox_tolerated,0.65,0.020569459336240815
2839,0,0.050278826621762085,NCT01573637,schizophrenia,raloxifene,Phase 3,55.0,B_serious_chronic,0.6,0.050278826621762085
2840,0,0.01032473237181184,NCT01453192,HIV-1 infection,raltegravir,Phase 3,62.0,B_serious_chronic,0.6,0.01032473237181184
2843,0,0.008484932984083792,NCT01472185,Type 2 Diabetes Mellitus,ranolazine,Phase 3,40.0,B_serious_chronic,0.6,0.008484932984083792
2844,0,0.023068097511056807,NCT01736891,Parkinson's Disease,rasagiline,Phase 3,55.0,B_serious_chronic,0.6,0.023068097511056807
2845,0,0.010790941540481058,NCT01318694,hepatitis C virus infection,ribavirin,Phase 3,60.0,B_serious_chronic,0.6,0.010790941540481058
2846,0,0.010808857107584124,NCT01433887,hepatitis C virus infection,ribavirin,Phase 3,60.0,B_serious_chronic,0.6,0.010808857107584124
2847,0,0.010835721110914331,NCT01448044,hepatitis C virus infection,ribavirin,Phase 3,60.0,B_serious_chronic,0.6,0.010835721110914331
2848,0,0.010795775657782735,NCT01468584,hepatitis C virus infection,ribavirin,Phase 3,60.0,B_serious_chronic,0.6,0.010795775657782735
2849,0,0.010798972365230596,NCT01479868,hepatitis C virus infection,ribavirin,Phase 3,60.0,B_serious_chronic,0.6,0.010798972365230596
2850,0,0.0949961506497196,NCT00170209,Latent Tuberculosis Infection,rifampin,Phase 3,35.0,C_benign,0.5,0.0949961506497196
2851,0,0.00957986253901344,NCT01266902,HIV-1 infection,rilpivirine,Phase 3,62.0,B_serious_chronic,0.6,0.00957986253901344
2852,0,0.02001561745126157,NCT01295372,Schizophrenia,risperidone,Phase 3,62.0,B_serious_chronic,0.6,0.02001561745126157
2853,0,0.4609633857816483,NCT01281813,HIV-1 Infections,ritonavir,Phase 3,62.0,B_serious_chronic,0.6,0.4609633857816483
2854,0,0.4673753183649546,NCT01335698,HIV,ritonavir,Phase 3,62.0,B_serious_chronic,0.6,0.4673753183649546
2855,0,0.005584378194776441,NCT01313494,Chronic Obstructive Pulmonary Disease,roflumilast,Phase 3,60.0,B_serious_chronic,0.6,0.005584378194776441
2856,0,0.2264146464550178,NCT01405053,Lennox-Gastaut syndrome,rufinamide,Phase 3,68.0,B_serious_chronic,0.6,0.2264146464550178
2857,0,0.3666602778473761,NCT01285271,coronary artery bypass,sevoflurane,Phase 3,72.0,A_tox_tolerated,0.65,0.3666602778473761
2859,0,0.022017365475811058,NCT01266434,Asthma,simvastatin,Phase 3,40.0,B_serious_chronic,0.6,0.022017365475811058
2860,0,0.2359424252123244,NCT01334229,Type 2 Diabetes,sitagliptin,Phase 3,40.0,B_serious_chronic,0.6,0.2359424252123244
2861,0,0.012850655102208997,NCT01497366,hepatitis C virus infection,sofosbuvir,Phase 3,60.0,B_serious_chronic,0.6,0.012850655102208997
2862,0,0.004137613764860881,NCT01462812,migraine,sumatriptan,Phase 3,20.0,C_benign,0.5,0.004137613764860881
2864,0,0.5046982437028161,NCT01460342,Benign Prostatic Hyperplasia,tadalafil,Phase 3,15.0,C_benign,0.5,0.5046982437028161
2865,0,0.29316572093333887,NCT02995772,Breast Cancer,tamoxifen,Phase 3,75.0,A_tox_tolerated,0.65,0.29316572093333887
2866,0,0.014000500484004873,NCT01433107,tinea pedis,terbinafine,Phase 3,5.0,C_benign,0.5,0.014000500484004873
2867,0,0.46635471491582053,NCT01446042,male hypogonadism,testosterone,Phase 3,15.0,C_benign,0.5,0.46635471491582053
2868,0,0.002122717474861302,NCT02101359,cataract,tetracaine,Phase 3,10.0,C_benign,0.5,0.002122717474861302
2869,0,0.1442430058155915,NCT01294462,Acute Coronary Syndrome; Percutaneous Coronary Intervention,ticagrelor,Phase 3,80.0,A_tox_tolerated,0.65,0.1442430058155915
2870,0,0.1446629570055333,NCT01360437,Coronary Artery Disease; Acute Coronary Syndrome,ticagrelor,Phase 3,80.0,A_tox_tolerated,0.65,0.1446629570055333
2871,0,0.16393312648978853,NCT01285492,Chronic Obstructive Pulmonary Disease,tiotropium,Phase 3,60.0,B_serious_chronic,0.6,0.16393312648978853
2872,0,0.16392561265409572,NCT01290874,asthma,tiotropium,Phase 3,42.0,B_serious_chronic,0.6,0.16392561265409572
2873,0,0.16393901460268415,NCT01395888,COPD,tiotropium,Phase 3,60.0,B_serious_chronic,0.6,0.16393901460268415
2874,0,0.16392749010023752,NCT01462929,Chronic Obstructive Pulmonary Disease,tiotropium,Phase 3,60.0,B_serious_chronic,0.6,0.16392749010023752
2875,0,0.16393166736259418,NCT01490125,Chronic Obstructive Pulmonary Disease,tiotropium,Phase 3,60.0,B_serious_chronic,0.6,0.16393166736259418
2876,0,0.3135540270866722,NCT01291433,radiation-induced brachial plexopathy,tocopherol acetate,Phase 3,30.0,C_benign,0.5,0.3135540270866722
2877,0,0.5693227404682442,NCT01556646,Cirrhosis; Hepatic Encephalopathy; Hyponatremia,tolvaptan,Phase 3,85.0,A_tox_tolerated,0.65,0.5693227404682442
2878,0,0.1556559823649995,NCT01343277,liposarcoma or leiomyosarcoma,trabectedin,Phase 3,90.0,A_tox_tolerated,0.65,0.1556559823649995
2879,0,0.7066759375465214,NCT01379989,Ovarian Cancer,trabectedin,Phase 3,88.0,A_tox_tolerated,0.65,0.7066759375465214
2880,0,0.007287602162035611,NCT01519245,Coronary Artery Disease,tranexamic acid,Phase 3,65.0,B_serious_chronic,0.6,0.007287602162035611
2881,0,0.22517955140405613,NCT02781597,Hemoptysis,tranexamic acid,Phase 3,55.0,B_serious_chronic,0.6,0.22517955140405613
2882,0,0.0019776836917815956,NCT01356602,gout,triamcinolone acetonide,Phase 3,18.0,C_benign,0.5,0.0019776836917815956
2883,0,0.5755868398694982,NCT01298323,Locally Advanced or Metastatic Medullary Thyroid Cancer; Medullary Thyroid Cancer,vandetanib,Phase 3,82.0,A_tox_tolerated,0.65,0.5755868398694982
2884,0,0.01009438524037356,NCT01184664,smoking cessation,varenicline,Phase 3,30.0,C_benign,0.5,0.01009438524037356
2885,0,0.01009532305039491,NCT01206010,smoking cessation,varenicline,Phase 3,30.0,C_benign,0.5,0.01009532305039491
2886,0,0.01047148924343888,NCT01303861,Nicotine Dependence,varenicline,Phase 3,25.0,C_benign,0.5,0.01047148924343888
2887,0,0.010496901429245975,NCT01406223,Nicotine Dependence,varenicline,Phase 3,25.0,C_benign,0.5,0.010496901429245975
2888,0,0.023094948469300446,NCT01307397,Metastatic Melanoma,vemurafenib,Phase 3,90.0,A_tox_tolerated,0.65,0.023094948469300446
2889,0,0.0073825519832656505,NCT01336608,COPD,vilanterol,Phase 3,60.0,B_serious_chronic,0.6,0.0073825519832656505
2890,0,0.0507374430487747,NCT01497522,Type 2 Diabetes,vildagliptin,Phase 3,40.0,B_serious_chronic,0.6,0.0507374430487747
2891,0,0.00553254554394853,NCT01200758,Non-Hodgkin's Lymphoma,vincristine,Phase 3,82.0,A_tox_tolerated,0.65,0.00553254554394853
2893,0,0.20003713843528806,NCT01364649,Treatment of Major Depressive Disorder,vortioxetine,Phase 3,45.0,B_serious_chronic,0.6,0.20003713843528806
2894,0,0.044920965008587596,NCT01211522,Delirium; Impaired Cognition; Long Term Psychologic Disorders,ziprasidone,Phase 3,45.0,B_serious_chronic,0.6,0.044920965008587596
2895,0,0.32495546435460315,NCT01369576,obstructive sleep apnea,zopiclone,Phase 3,40.0,B_serious_chronic,0.6,0.32495546435460315
2896,0,0.6239564138824721,NCT01244815,Pediatric Bipolar Disorder,asenapine,Phase 3,50.0,B_serious_chronic,0.6,0.6239564138824721
2897,0,0.009042286369476992,NCT01396291,bipolar disorder,asenapine,Phase 3,52.0,B_serious_chronic,0.6,0.009042286369476992
2898,0,0.06425780942959473,NCT02575729,Carpal Tunnel Syndrome,betamethasone,Phase 3,15.0,C_benign,0.5,0.06425780942959473
2899,0,0.01602748715168436,NCT01223352,pulmonary arterial hypertension,bosentan,Phase 3,82.0,A_tox_tolerated,0.65,0.01602748715168436
2900,0,0.22888731002351248,NCT01423292,Laparoscopic Colecctomy,bupivacaine,Phase 3,25.0,C_benign,0.5,0.22888731002351248
2901,0,0.0083682624148796,NCT01395290,Diabetes,vitamin D3,Phase 3,40.0,B_serious_chronic,0.6,0.0083682624148796
2902,0,0.04771823003379272,NCT01401465,perennial allergic rhinitis,ciclesonide,Phase 3,8.0,C_benign,0.5,0.04771823003379272
2903,0,0.016628633923254643,NCT01392677,Type 2 Diabetes,dapagliflozin,Phase 3,40.0,B_serious_chronic,0.6,0.016628633923254643
2904,0,0.17950593358588196,NCT01328041,infection,dolutegravir,Phase 3,60.0,B_serious_chronic,0.6,0.17950593358588196
2905,0,0.06475011416167813,NCT01504178,Parkinson's Disease,duloxetine,Phase 3,55.0,B_serious_chronic,0.6,0.06475011416167813
2907,0,0.00609118318205133,NCT01372150,Major Depressive Disorder,fluoxetine,Phase 3,42.0,B_serious_chronic,0.6,0.00609118318205133
2909,0,0.003694260075635891,NCT01431950,asthma,fluticasone furoate,Phase 3,42.0,B_serious_chronic,0.6,0.003694260075635891
2910,0,0.17721427800247597,NCT01231347,Adenocarcinoma of the Pancreas; Advanced Solid Tumors; Cancer; Cancer of Pancreas; Cancer of the Pancreas; Metastases; Metastatic Cancer; Metastatic Pancreatic Cancer; Pancreas Cancer; Pancreatic Cancer; Bone Metastases; Endocrine Cancer; Oncology; Oncology Patients; Solid Tumors; Advanced Malignancy,gemcitabine,Phase 3,95.0,A_tox_tolerated,0.65,0.17721427800247597
2912,0,0.006194049618746944,NCT01422876,Type 2 Diabetes,linagliptin,Phase 3,40.0,B_serious_chronic,0.6,0.006194049618746944
2913,0,0.4585194636137375,NCT01290939,glioblastoma multiforme,lomustine,Phase 3,95.0,A_tox_tolerated,0.65,0.4585194636137375
2914,0,0.0046737022475565,NCT01505426,Diabetes,metformin,Phase 3,40.0,B_serious_chronic,0.6,0.0046737022475565
2915,0,0.0032365012013682915,NCT01235507,Rheumatoid Arthritis,methotrexate,Phase 3,58.0,B_serious_chronic,0.6,0.0032365012013682915
2916,0,0.003226883411227832,NCT01353859,Rheumatoid Arthritis,methotrexate,Phase 3,58.0,B_serious_chronic,0.6,0.003226883411227832
2917,0,0.012358470939798671,NCT01470053,perennial allergic rhinitis,mometasone furoate,Phase 3,8.0,C_benign,0.5,0.012358470939798671
2918,0,0.0067522966440189515,NCT01316107,type 2 diabetes mellitus,nateglinide,Phase 3,40.0,B_serious_chronic,0.6,0.0067522966440189515
2919,0,0.005289632345808926,NCT01499134,Hypertension,nebivolol,Phase 3,40.0,B_serious_chronic,0.6,0.005289632345808926
2920,0,0.01189178939275748,NCT01311687,Multiple Myeloma,pomalidomide,Phase 3,82.0,A_tox_tolerated,0.65,0.01189178939275748
2921,0,0.011899533436148624,NCT01324947,Multiple Myeloma,pomalidomide,Phase 3,82.0,A_tox_tolerated,0.65,0.011899533436148624
2922,0,0.6701732572237049,NCT01376349,Postmenopausal Cancer,prasterone,Phase 3,82.0,A_tox_tolerated,0.65,0.6701732572237049
2925,0,0.0024439595686908343,NCT01306721,seasonal allergic rhinitis,pseudoephedrine,Phase 3,8.0,C_benign,0.5,0.0024439595686908343
2926,0,0.0107781885368065,NCT01370642,hepatitis C virus infection,ribavirin,Phase 3,60.0,B_serious_chronic,0.6,0.0107781885368065
2927,0,0.010795775657782735,NCT01405560,hepatitis C virus infection,ribavirin,Phase 3,60.0,B_serious_chronic,0.6,0.010795775657782735
2928,0,0.010796766183354034,NCT01405937,hepatitis C virus infection,ribavirin,Phase 3,60.0,B_serious_chronic,0.6,0.010796766183354034
2929,0,0.018153132663268658,NCT01296412,"Diabetes Mellitus, Type 2",sitagliptin,Phase 3,40.0,B_serious_chronic,0.6,0.018153132663268658
2931,0,0.748572796618803,NCT01435655,transthyretin amyloid polyneuropathy,tafamidis,Phase 3,65.0,B_serious_chronic,0.6,0.748572796618803
2933,0,0.11067639161052278,NCT01430754,non-24-hour sleep-wake disorder,tasimelteon,Phase 3,15.0,C_benign,0.5,0.11067639161052278
2934,0,0.09427944561589381,NCT01301833,Type 2 Diabetes,teneligliptin,Phase 3,40.0,B_serious_chronic,0.6,0.09427944561589381
2935,0,0.16393706979834105,NCT01294787,Chronic Obstructive Pulmonary Disease,tiotropium,Phase 3,60.0,B_serious_chronic,0.6,0.16393706979834105
2936,0,0.1639468033750247,NCT01431274,Chronic Obstructive Pulmonary Disease,tiotropium,Phase 3,60.0,B_serious_chronic,0.6,0.1639468033750247
2937,0,0.1639468033750247,NCT01431287,Chronic Obstructive Pulmonary Disease,tiotropium,Phase 3,60.0,B_serious_chronic,0.6,0.1639468033750247
2939,0,0.0605689149809648,NCT01357252,Type 2 Diabetes,vildagliptin,Phase 3,40.0,B_serious_chronic,0.6,0.0605689149809648
2940,0,0.0023732868672378337,NCT01115673,Pain,acetaminophen,Phase 3,15.0,C_benign,0.5,0.0023732868672378337
2941,0,0.00237218436361577,NCT01216163,Pain,acetaminophen,Phase 3,15.0,C_benign,0.5,0.00237218436361577
2942,0,0.24283575165575746,NCT04704713,polymorphic light eruption,afamelanotide,Phase 3,5.0,C_benign,0.5,0.24283575165575746
2943,0,0.13556415987616272,NCT01235637,Child Comfort; Morphine; Intensive Care Units; Pediatric,alfentanil,Phase 3,60.0,B_serious_chronic,0.6,0.13556415987616272
2944,0,0.013864051646621967,NCT01151410,Hypertension,aliskiren,Phase 3,40.0,B_serious_chronic,0.6,0.013864051646621967
2945,0,0.014261212359721087,NCT01318395,pulmonary arterial hypertension,aliskiren,Phase 3,82.0,A_tox_tolerated,0.65,0.014261212359721087
2946,0,0.3933696078924938,NCT01715207,Marfan syndrome,aliskiren,Phase 3,60.0,B_serious_chronic,0.6,0.3933696078924938
2947,0,0.009479152476339703,NCT01092221,mania,allopurinol,Phase 3,45.0,B_serious_chronic,0.6,0.009479152476339703
2948,0,0.2683071944512253,NCT01101035,cardiovascular disease,allopurinol,Phase 3,68.0,B_serious_chronic,0.6,0.2683071944512253
2949,0,0.01708012282695486,NCT01289119,Type 2 Diabetes,alogliptin,Phase 3,40.0,B_serious_chronic,0.6,0.01708012282695486
2950,0,0.3002235310510266,NCT01224210,portopulmonary hypertension,ambrisentan,Phase 3,82.0,A_tox_tolerated,0.65,0.3002235310510266
2951,0,0.23425545785127352,NCT01173809,atrial fibrillation,amiodarone,Phase 3,55.0,B_serious_chronic,0.6,0.23425545785127352
2952,0,0.005374229271139286,NCT01194219,plaque psoriasis,apremilast,Phase 3,25.0,C_benign,0.5,0.005374229271139286
2953,0,0.005568734999632552,NCT01232283,plaque psoriasis,apremilast,Phase 3,25.0,C_benign,0.5,0.005568734999632552
2955,0,0.006102420260399688,NCT01072929,Major Depression,armodafinil,Phase 3,42.0,B_serious_chronic,0.6,0.006102420260399688
2956,0,0.008083717727485307,NCT01142596,schizophrenia,asenapine,Phase 3,55.0,B_serious_chronic,0.6,0.008083717727485307
2957,0,0.20097197588236507,NCT01140451,Cystic Fibrosis,ataluren,Phase 3,70.0,A_tox_tolerated,0.65,0.20097197588236507
2958,0,0.1206605164207933,NCT01236365,Type 1 Diabetes,atorvastatin,Phase 3,55.0,B_serious_chronic,0.6,0.1206605164207933
2959,0,0.9168877093630652,NCT01074047,Acute Myeloid Leukemia,azacitidine,Phase 3,90.0,A_tox_tolerated,0.65,0.9168877093630652
2960,0,0.0023403007481400894,NCT01133626,perennial allergic rhinitis,beclomethasone dipropionate,Phase 3,8.0,C_benign,0.5,0.0023403007481400894
2961,0,0.01613179926228161,NCT01059630,Non-Hodgkin's Lymphoma,bendamustine,Phase 3,82.0,A_tox_tolerated,0.65,0.01613179926228161
2962,0,0.8050080369775635,NCT01073163,Cell Lymphoma,bendamustine,Phase 3,85.0,A_tox_tolerated,0.65,0.8050080369775635
2963,0,0.0640794285044087,NCT01222247,Pregnancy; Respiratory Distress Syndrome; Pregnancy Outcomes; Preterm Birth,betamethasone,Phase 3,80.0,A_tox_tolerated,0.65,0.0640794285044087
2964,0,0.35934633758902995,NCT01218607,Mild Pulmonary Vascular Disease,bosentan,Phase 3,45.0,B_serious_chronic,0.6,0.35934633758902995
2965,0,0.04935332483958599,NCT01143181,adenovirus infection,brincidofovir,Phase 3,30.0,C_benign,0.5,0.04935332483958599
2966,0,0.004488843117179031,NCT01261325,epilepsy,brivaracetam,Phase 3,58.0,B_serious_chronic,0.6,0.004488843117179031
2968,0,0.31042389685249994,NCT01100112,"Colitis, Ulcerative",budesonide,Phase 3,55.0,B_serious_chronic,0.6,0.31042389685249994
2969,0,0.0025475422261235004,NCT01209208,Lymphocytic Colitis,budesonide,Phase 3,18.0,C_benign,0.5,0.0025475422261235004
2970,0,0.49803183488123076,NCT01114308,opioid use disorder,buprenorphine,Phase 3,45.0,B_serious_chronic,0.6,0.49803183488123076
2972,0,0.012058603632127473,NCT00943618,Smoking Cessation,bupropion,Phase 3,25.0,C_benign,0.5,0.012058603632127473
2973,0,0.0038486863288562435,NCT01135212,essential hypertension,candesartan cilexetil,Phase 3,42.0,B_serious_chronic,0.6,0.0038486863288562435
2974,0,0.9996322283389272,NCT01026142,Metastatic Breast Cancer,capecitabine,Phase 3,88.0,A_tox_tolerated,0.65,0.9996322283389272
2975,0,0.0162852173063875,NCT01097018,Advanced Colorectal Cancer,capecitabine,Phase 3,85.0,A_tox_tolerated,0.65,0.0162852173063875
2976,0,0.724281975741759,NCT01112826,Breast Cancer,capecitabine,Phase 3,75.0,A_tox_tolerated,0.65,0.724281975741759
2977,0,0.4996628169613131,NCT05029297,diabetic neuropathy,capsaicin,Phase 3,30.0,C_benign,0.5,0.4996628169613131
2978,0,0.005930198130813946,NCT01058096,bipolar disorder,cariprazine,Phase 3,52.0,B_serious_chronic,0.6,0.005930198130813946
2979,0,0.19032437109381148,NCT01058668,Bipolar I Disorder,cariprazine,Phase 3,40.0,B_serious_chronic,0.6,0.19032437109381148
2980,0,0.1887951195298281,NCT01059539,Bipolar I Disorder,cariprazine,Phase 3,40.0,B_serious_chronic,0.6,0.1887951195298281
2981,0,0.00491710212569485,NCT01104766,schizophrenia,cariprazine,Phase 3,55.0,B_serious_chronic,0.6,0.00491710212569485
2982,0,0.004988105724915148,NCT01104779,schizophrenia,cariprazine,Phase 3,55.0,B_serious_chronic,0.6,0.004988105724915148
2983,0,0.005430058187385467,NCT01104792,schizophrenia,cariprazine,Phase 3,55.0,B_serious_chronic,0.6,0.005430058187385467
2985,0,0.6880943550774901,NCT01138475,Gastric Bypass; Parathyroid Hormone,vitamin D3,Phase 3,25.0,C_benign,0.5,0.6880943550774901
2986,0,0.6881042538686272,NCT01190683,vitamin D deficiency,vitamin D3,Phase 3,15.0,C_benign,0.5,0.6881042538686272
2987,0,0.01170500572131956,NCT02005718,chronic kidney disease,vitamin D3,Phase 3,62.0,B_serious_chronic,0.6,0.01170500572131956
2988,0,0.2543351949049283,NCT00975221,"Hyperparathyroidism, Primary; Hypercalcemia",cinacalcet,Phase 3,45.0,B_serious_chronic,0.6,0.2543351949049283
2989,0,0.22477332072485945,NCT01208922,Traveler's Diarrhea,ciprofloxacin,Phase 3,12.0,C_benign,0.5,0.22477332072485945
2990,0,0.0038880564930372508,NCT01179828,Low back pain,clobazam,Phase 3,18.0,C_benign,0.5,0.0038880564930372508
2991,0,0.007205572765963697,NCT01031680,Type 2 Diabetes Mellitus,dapagliflozin,Phase 3,40.0,B_serious_chronic,0.6,0.007205572765963697
2992,0,0.007205572765963697,NCT01042977,Type 2 Diabetes Mellitus,dapagliflozin,Phase 3,40.0,B_serious_chronic,0.6,0.007205572765963697
2993,0,0.016671639163293193,NCT01095653,Type 2 Diabetes,dapagliflozin,Phase 3,40.0,B_serious_chronic,0.6,0.016671639163293193
2994,0,0.01693908926867429,NCT01095666,Type 2 Diabetes,dapagliflozin,Phase 3,40.0,B_serious_chronic,0.6,0.01693908926867429
2995,0,0.016550821468030198,NCT01137474,Type 2 Diabetes,dapagliflozin,Phase 3,40.0,B_serious_chronic,0.6,0.016550821468030198
2996,0,0.016714557463192458,NCT01195662,Type 2 Diabetes,dapagliflozin,Phase 3,40.0,B_serious_chronic,0.6,0.016714557463192458
2997,0,0.2157581822740786,NCT01184872,Infections,daptomycin,Phase 3,55.0,B_serious_chronic,0.6,0.2157581822740786
2998,0,0.011491355923756252,NCT01219881,Cystoscopes; Baxter Anaesthesia Brand of Desflurane; Sevoflurane,desflurane,Phase 3,10.0,C_benign,0.5,0.011491355923756252
2999,0,0.9921141898867527,NCT01527786,Depression,desvenlafaxine,Phase 3,40.0,B_serious_chronic,0.6,0.9921141898867527
3000,0,0.19427554319689683,NCT01062568,Development,dexamethasone,Phase 3,10.0,C_benign,0.5,0.19427554319689683
3002,0,0.007901858987478172,NCT01176240,Parkinson's Disease,droxidopa,Phase 3,55.0,B_serious_chronic,0.6,0.007901858987478172
3004,0,0.06468120720690358,NCT01140906,Major Depressive Disorder,duloxetine,Phase 3,42.0,B_serious_chronic,0.6,0.06468120720690358
3005,0,0.003962257684195248,NCT01212991,Metastatic Prostate Cancer,enzalutamide,Phase 3,82.0,A_tox_tolerated,0.65,0.003962257684195248
3006,0,0.005486185991303527,NCT01115855,Heart Failure,eplerenone,Phase 3,80.0,A_tox_tolerated,0.65,0.005486185991303527
3007,0,0.5020402107265216,NCT01319344,Metabolic Syndrome; Endothelial Dysfunction,eplerenone,Phase 3,38.0,C_benign,0.5,0.5020402107265216
3008,0,0.5321905748836999,NCT01069900,intra-abdominal infection,ertapenem,Phase 3,75.0,A_tox_tolerated,0.65,0.5321905748836999
3009,0,0.0039403039295981875,NCT01422720,epilepsy,eslicarbazepine acetate,Phase 3,58.0,B_serious_chronic,0.6,0.0039403039295981875
3010,0,0.3051315163857148,NCT01069939,Prevention,esomeprazole,Phase 3,15.0,C_benign,0.5,0.3051315163857148
3011,0,0.005440157673132107,NCT01198834,ankle sprain,etodolac,Phase 3,5.0,C_benign,0.5,0.005440157673132107
3012,0,0.5582802626411215,NCT01091675,ankylosing spondylitis,etoricoxib,Phase 3,52.0,B_serious_chronic,0.6,0.5582802626411215
3013,0,0.006538482973707049,NCT01199861,Multiple Sclerosis,fingolimod,Phase 3,60.0,B_serious_chronic,0.6,0.006538482973707049
3014,0,0.006539200545267021,NCT01201356,Multiple Sclerosis,fingolimod,Phase 3,60.0,B_serious_chronic,0.6,0.006539200545267021
3015,0,0.0036685447270360825,NCT01086384,asthma,fluticasone furoate,Phase 3,42.0,B_serious_chronic,0.6,0.0036685447270360825
3016,0,0.0036280239105572986,NCT01159912,asthma,fluticasone furoate,Phase 3,42.0,B_serious_chronic,0.6,0.0036280239105572986
3017,0,0.7554364887830808,NCT00981058,Lung Cancer,gemcitabine,Phase 3,90.0,A_tox_tolerated,0.65,0.7554364887830808
3018,0,0.17313853877673457,NCT01072981,Surgically Resected Pancreatic Cancer,gemcitabine,Phase 3,85.0,A_tox_tolerated,0.65,0.17313853877673457
3019,0,0.004217647219017273,NCT01167881,Type 2 Diabetes,glimepiride,Phase 3,40.0,B_serious_chronic,0.6,0.004217647219017273
3020,0,0.037444194720660004,NCT01189890,Type 2 Diabetes Mellitus,glimepiride,Phase 3,40.0,B_serious_chronic,0.6,0.037444194720660004
3021,0,0.14761055361305625,NCT01087658,colorectal cancer,glutamine,Phase 3,82.0,A_tox_tolerated,0.65,0.14761055361305625
3024,0,0.1304613432733126,NCT01171794,Altitude Sickness,ibuprofen,Phase 3,25.0,C_benign,0.5,0.1304613432733126
3025,0,0.36497720073869944,NCT01151852,Gastrointestinal Stromal Tumors,imatinib,Phase 3,72.0,A_tox_tolerated,0.65,0.36497720073869944
3026,0,0.00673675992607139,NCT01068600,chronic obstructive pulmonary disease,indacaterol,Phase 3,60.0,B_serious_chronic,0.6,0.00673675992607139
3027,0,0.006647682554855194,NCT01079130,asthma,indacaterol,Phase 3,42.0,B_serious_chronic,0.6,0.006647682554855194
3028,0,0.006649917148542528,NCT01089127,Chronic Obstructive Pulmonary Disease,indacaterol,Phase 3,60.0,B_serious_chronic,0.6,0.006649917148542528
3029,0,0.36819023086766467,NCT01117012,cystic fibrosis,ivacaftor,Phase 3,68.0,B_serious_chronic,0.6,0.36819023086766467
3031,0,0.10377231288746762,NCT00770133,allergic conjunctivitis,ketotifen,Phase 3,8.0,C_benign,0.5,0.10377231288746762
3032,0,0.5971117160077857,NCT01509261,Erosive Esophagitis; GERD,lansoprazole,Phase 3,25.0,C_benign,0.5,0.5971117160077857
3033,0,0.07943213167837318,NCT01029262,Anemia,lenalidomide,Phase 3,30.0,C_benign,0.5,0.07943213167837318
3034,0,0.001854805789837255,NCT01109004,Multiple Myeloma,lenalidomide,Phase 3,82.0,A_tox_tolerated,0.65,0.001854805789837255
3035,0,0.07931019878222423,NCT01243476,Myelodysplastic Syndrome,lenalidomide,Phase 3,75.0,A_tox_tolerated,0.65,0.07931019878222423
3036,0,0.99999669561353,NCT01121848,Pancreatic Cancer,leucovorin,Phase 3,95.0,A_tox_tolerated,0.65,0.99999669561353
3037,0,0.3654037171880903,NCT01063764,Epilepsy; Partial Seizures,levetiracetam,Phase 3,56.0,B_serious_chronic,0.6,0.3654037171880903
3038,0,0.36599674822537354,NCT01228747,Epilepsy; Generalized Tonic-Clonic Seizures,levetiracetam,Phase 3,60.0,B_serious_chronic,0.6,0.36599674822537354
3039,0,0.006728901942245092,NCT01198834,ankle sprain,lidocaine,Phase 3,5.0,C_benign,0.5,0.006728901942245092
3040,0,0.09115003805057673,NCT01087502,diabetes Mellitus,linagliptin,Phase 3,42.0,B_serious_chronic,0.6,0.09115003805057673
3041,0,0.0061889192305703,NCT01194830,Type 2 Diabetes,linagliptin,Phase 3,40.0,B_serious_chronic,0.6,0.0061889192305703
3042,0,0.0038595486325489594,NCT01204294,"Diabetes Mellitus, Type 2",linagliptin,Phase 3,40.0,B_serious_chronic,0.6,0.0038595486325489594
3043,0,0.0040138628746025475,NCT01214239,"Diabetes Mellitus, Type 2",linagliptin,Phase 3,40.0,B_serious_chronic,0.6,0.0040138628746025475
3044,0,0.0040138628746025475,NCT01215097,"Diabetes Mellitus, Type 2",linagliptin,Phase 3,40.0,B_serious_chronic,0.6,0.0040138628746025475
3045,0,0.045037404954779904,NCT01170221,skin and soft tissue bacterial infection,linezolid,Phase 3,45.0,B_serious_chronic,0.6,0.045037404954779904
3046,0,0.41673247322923945,NCT01060072,inflammation,loteprednol etabonate,Phase 3,30.0,C_benign,0.5,0.41673247322923945
3047,0,0.27078407313873015,NCT01298219,opioid-induced constipation,lubiprostone,Phase 3,12.0,C_benign,0.5,0.27078407313873015
3048,0,0.13837089382263282,NCT01173562,Healthy Volunteers,mebendazole,Phase 3,5.0,C_benign,0.5,0.13837089382263282
3049,0,0.06504430616574386,NCT01357031,Migraine,melatonin,Phase 3,20.0,C_benign,0.5,0.06504430616574386
3050,0,0.004827535803637839,NCT01209208,Lymphocytic Colitis,mesalamine,Phase 3,18.0,C_benign,0.5,0.004827535803637839
3051,0,0.003757661427709791,NCT01412372,irritable bowel syndrome,mesalamine,Phase 3,15.0,C_benign,0.5,0.003757661427709791
3052,0,0.49321237311326477,NCT01034111,Type 2 Diabetes Mellitus,metformin,Phase 3,40.0,B_serious_chronic,0.6,0.49321237311326477
3053,0,0.4675967251043419,NCT01076075,Type 2 Diabetes Mellitus,metformin,Phase 3,40.0,B_serious_chronic,0.6,0.4675967251043419
3054,0,0.0060883053187953395,NCT01106625,"Diabetes Mellitus, Type 2",metformin,Phase 3,40.0,B_serious_chronic,0.6,0.0060883053187953395
3055,0,0.4680953852176641,NCT01126580,Type 2 Diabetes Mellitus,metformin,Phase 3,40.0,B_serious_chronic,0.6,0.4680953852176641
3056,0,0.005080152799566795,NCT01137812,"Diabetes Mellitus, Type 2",metformin,Phase 3,40.0,B_serious_chronic,0.6,0.005080152799566795
3057,0,0.4724956736240237,NCT01169779,Type 2 Diabetes Mellitus,metformin,Phase 3,40.0,B_serious_chronic,0.6,0.4724956736240237
3058,0,0.003224898838023016,NCT01063062,Rheumatoid Arthritis,methotrexate,Phase 3,58.0,B_serious_chronic,0.6,0.003224898838023016
3059,0,0.0032393827163770482,NCT01142726,Rheumatoid Arthritis,methotrexate,Phase 3,58.0,B_serious_chronic,0.6,0.0032393827163770482
3060,0,0.004669909819895612,NCT01188798,Graft-versus-host Disease,methotrexate,Phase 3,78.0,A_tox_tolerated,0.65,0.004669909819895612
3061,0,0.0042919367962684475,NCT01232920,Uveitis,methotrexate,Phase 3,40.0,B_serious_chronic,0.6,0.0042919367962684475
3062,0,0.4820668893438248,NCT01251614,Plaque Psoriasis,methotrexate,Phase 3,35.0,C_benign,0.5,0.4820668893438248
3063,0,0.02626576224297812,NCT01186770,constipation,methylnaltrexone,Phase 3,8.0,C_benign,0.5,0.02626576224297812
3064,0,0.20338168087490988,NCT01371565,pituitary-dependent Cushing's disease,mifepristone,Phase 3,60.0,B_serious_chronic,0.6,0.20338168087490988
3065,0,0.2809668324616471,NCT01302964,Autism Spectrum Disorders,mirtazapine,Phase 3,20.0,C_benign,0.5,0.2809668324616471
3066,0,0.01198285467917024,NCT02937285,Multiple Sclerosis,mitoxantrone,Phase 3,60.0,B_serious_chronic,0.6,0.01198285467917024
3067,0,0.0039014884709431376,NCT01440621,in Cancer,modafinil,Phase 3,85.0,A_tox_tolerated,0.65,0.0039014884709431376
3068,0,0.012416515426345632,NCT01135134,perennial allergic rhinitis,mometasone furoate,Phase 3,8.0,C_benign,0.5,0.012416515426345632
3069,0,0.3883204796932215,NCT01002742,Graft-versus-Host Disease; Immune System Disorders,mycophenolate mofetil,Phase 3,78.0,A_tox_tolerated,0.65,0.3883204796932215
3070,0,0.36765275707358774,NCT01092962,Idiopathic Nephrotic Syndrome,mycophenolate mofetil,Phase 3,55.0,B_serious_chronic,0.6,0.36765275707358774
3071,0,0.01829408579700409,NCT01232920,Uveitis,mycophenolate mofetil,Phase 3,40.0,B_serious_chronic,0.6,0.01829408579700409
3072,0,0.41855262160526596,NCT01140217,Contraceptive Usage,norethindrone acetate,Phase 3,5.0,C_benign,0.5,0.41855262160526596
3073,0,0.006105671423895731,NCT01065649,gastroesophageal reflux disease,nortriptyline,Phase 3,15.0,C_benign,0.5,0.006105671423895731
3074,0,0.11621232607359015,NCT01150162,Gastric Ulcer,omeprazole,Phase 3,30.0,C_benign,0.5,0.11621232607359015
3075,0,0.4543815224995512,NCT01338077,Gastroesophageal Reflux Disease; Heartburn,omeprazole,Phase 3,20.0,C_benign,0.5,0.4543815224995512
3076,0,0.4247370686287554,NCT01121042,Schizoaffective and Schizophreniform Disorders; Schizophrenia,ondansetron,Phase 3,62.0,B_serious_chronic,0.6,0.4247370686287554
3077,0,0.999999994325209,NCT01084876,Metastatic Breast Cancer,paclitaxel,Phase 3,88.0,A_tox_tolerated,0.65,0.999999994325209
3078,0,0.8832912779294585,NCT01107626,Lung Cancer,paclitaxel,Phase 3,90.0,A_tox_tolerated,0.65,0.8832912779294585
3079,0,0.9997546703128377,NCT01166542,Neck Cancer,paclitaxel,Phase 3,85.0,A_tox_tolerated,0.65,0.9997546703128377
3080,0,0.07707474863488306,NCT01170663,Gastric Cancer,paclitaxel,Phase 3,85.0,A_tox_tolerated,0.65,0.07707474863488306
3081,0,0.9942057879628766,NCT01204749,Ovarian Cancer,paclitaxel,Phase 3,88.0,A_tox_tolerated,0.65,0.9942057879628766
3082,0,0.9925491479491063,NCT01239732,Ovarian Cancer,paclitaxel,Phase 3,88.0,A_tox_tolerated,0.65,0.9925491479491063
3083,0,0.7943234830301803,NCT04127019,Breast Cancer,paclitaxel,Phase 3,75.0,A_tox_tolerated,0.65,0.7943234830301803
3084,0,0.47800005276989255,NCT01034163,Hodgkin lymphoma,panobinostat,Phase 3,75.0,A_tox_tolerated,0.65,0.47800005276989255
3085,0,0.00914259675195106,NCT01188798,Graft-versus-host Disease,pentostatin,Phase 3,78.0,A_tox_tolerated,0.65,0.00914259675195106
3086,0,0.009919750619674627,NCT01284556,epilepsy,phenobarbital,Phase 3,58.0,B_serious_chronic,0.6,0.009919750619674627
3087,0,0.14910122050322144,NCT01225081,Type 2 Diabetes Mellitus,pioglitazone,Phase 3,40.0,B_serious_chronic,0.6,0.14910122050322144
3089,0,0.2858246149002189,NCT01155765,Hemodialysis; Chronic Renal Failure,prasugrel,Phase 3,78.0,A_tox_tolerated,0.65,0.2858246149002189
3090,0,0.293134755065671,NCT01336348,ST Segment Elevation Myocardial Infarction,prasugrel,Phase 3,82.0,A_tox_tolerated,0.65,0.293134755065671
3091,0,0.0031551636339157917,NCT01353235,Chronic Obstructive Pulmonary Disease,prednisolone,Phase 3,60.0,B_serious_chronic,0.6,0.0031551636339157917
3092,0,0.0028002585066465137,NCT01124838,Uveitis,prednisone,Phase 3,40.0,B_serious_chronic,0.6,0.0028002585066465137
3093,0,0.0027992200525151388,NCT01138657,Uveitis,prednisone,Phase 3,40.0,B_serious_chronic,0.6,0.0027992200525151388
3094,0,0.9692999405005283,NCT01193244,Prostate Cancer,prednisone,Phase 3,72.0,A_tox_tolerated,0.65,0.9692999405005283
3095,0,0.9692999405005283,NCT01193257,Prostate Cancer,prednisone,Phase 3,72.0,A_tox_tolerated,0.65,0.9692999405005283
3096,0,0.6300302024283593,NCT01143064,Brain Injuries,progesterone,Phase 3,70.0,A_tox_tolerated,0.65,0.6300302024283593
3097,0,0.004444035787542022,NCT01116206,constipation,prucalopride,Phase 3,8.0,C_benign,0.5,0.004444035787542022
3098,0,0.004439023909814965,NCT01147926,constipation,prucalopride,Phase 3,8.0,C_benign,0.5,0.004439023909814965
3099,0,0.00441718920242522,NCT01251822,constipation,prucalopride,Phase 3,8.0,C_benign,0.5,0.00441718920242522
3100,0,0.22443668711239476,NCT01197846,Bipolar Disorder,quetiapine,Phase 3,40.0,B_serious_chronic,0.6,0.22443668711239476
3101,0,0.008168979085622285,NCT01258049,Plasmodium falciparum malaria,quinine,Phase 3,85.0,A_tox_tolerated,0.65,0.008168979085622285
3102,0,0.14834309220837197,NCT01231516,infection,raltegravir,Phase 3,60.0,B_serious_chronic,0.6,0.14834309220837197
3103,0,0.19697975842162005,NCT01174173,Angina; Pulmonary Arterial Hypertension,ranolazine,Phase 3,80.0,A_tox_tolerated,0.65,0.19697975842162005
3104,0,0.01080114608439815,NCT01241760,hepatitis C virus infection,ribavirin,Phase 3,60.0,B_serious_chronic,0.6,0.01080114608439815
3105,0,0.010763339756354929,NCT01263860,hepatitis C virus infection,ribavirin,Phase 3,60.0,B_serious_chronic,0.6,0.010763339756354929
3106,0,0.4558409711539449,NCT01106586,HIV; HIV Infections,ritonavir,Phase 3,62.0,B_serious_chronic,0.6,0.4558409711539449
3107,0,0.3030906098904849,NCT01094886,"Arthritis; Osteoarthritis, Knee; Osteoarthritis, Hip; Thromboembolism",rivaroxaban,Phase 3,40.0,B_serious_chronic,0.6,0.3030906098904849
3109,0,0.006517565955191973,NCT01082744,Pain,ropivacaine,Phase 3,15.0,C_benign,0.5,0.006517565955191973
3110,0,0.23174982575588254,NCT01151540,Lennox-Gastaut syndrome,rufinamide,Phase 3,68.0,B_serious_chronic,0.6,0.23174982575588254
3112,0,0.007897317970161466,NCT01098318,Major Depressive Disorder,sertraline,Phase 3,42.0,B_serious_chronic,0.6,0.007897317970161466
3113,0,0.3370417861515264,NCT01214382,Roux en Y Gastric Bypass Surgery,sertraline,Phase 3,35.0,C_benign,0.5,0.3370417861515264
3114,0,0.005248050821779926,NCT01120405,coronary artery disease,sevoflurane,Phase 3,68.0,B_serious_chronic,0.6,0.005248050821779926
3115,0,0.007346223423159937,NCT01219881,Cystoscopes; Baxter Anaesthesia Brand of Desflurane; Sevoflurane,sevoflurane,Phase 3,10.0,C_benign,0.5,0.007346223423159937
3117,0,0.7161423859580112,NCT02134626,Portal Hypertension; Esophageal Varices; Liver Cirrhosis,simvastatin,Phase 3,82.0,A_tox_tolerated,0.65,0.7161423859580112
3118,0,0.022332816923400122,NCT01081834,"Diabetes Mellitus, Type 2",sitagliptin,Phase 3,40.0,B_serious_chronic,0.6,0.022332816923400122
3119,0,0.020496906669594805,NCT01106677,"Diabetes Mellitus, Type 2",sitagliptin,Phase 3,40.0,B_serious_chronic,0.6,0.020496906669594805
3120,0,0.24736496262774912,NCT01177813,Type 2 Diabetes,sitagliptin,Phase 3,40.0,B_serious_chronic,0.6,0.24736496262774912
3121,0,0.23483702284988467,NCT01340768,Type 2 Diabetes,sitagliptin,Phase 3,40.0,B_serious_chronic,0.6,0.23483702284988467
3122,0,0.18271434833781652,NCT00803023,fibromyalgia,sodium oxybate,Phase 3,15.0,C_benign,0.5,0.18271434833781652
3124,0,0.16934540221689776,NCT01235637,Child Comfort; Morphine; Intensive Care Units; Pediatric,sufentanil,Phase 3,60.0,B_serious_chronic,0.6,0.16934540221689776
3125,0,0.9998885173000296,NCT01265901,Cell Carcinoma,sunitinib,Phase 3,85.0,A_tox_tolerated,0.65,0.9998885173000296
3126,0,0.4917554101460576,NCT01139762,Benign Prostatic Hyperplasia; Enlarged Prostate,tadalafil,Phase 3,15.0,C_benign,0.5,0.4917554101460576
3127,0,0.4959005989947817,NCT01152190,Benign Prostatic Hyperplasia,tadalafil,Phase 3,15.0,C_benign,0.5,0.4959005989947817
3128,0,0.0018532655064473547,NCT01222520,Hypertension,telmisartan,Phase 3,40.0,B_serious_chronic,0.6,0.0018532655064473547
3129,0,0.1639804219675998,NCT01119937,chronic obstructive pulmonary disease,tiotropium,Phase 3,60.0,B_serious_chronic,0.6,0.1639804219675998
3130,0,0.4906193611528785,NCT01076010,Subjects Who Have Participated in a Study of Tivozanib Versus Sorafenib in Kidney Carcinoma,tivozanib,Phase 3,80.0,A_tox_tolerated,0.65,0.4906193611528785
3131,0,0.007681227803392377,NCT01179828,Low back pain,tolterodine,Phase 3,18.0,C_benign,0.5,0.007681227803392377
3132,0,0.5698568018764059,NCT01214421,Autosomal Dominant Polycystic Kidney Disease (ADPKD),tolvaptan,Phase 3,55.0,B_serious_chronic,0.6,0.5698568018764059
3133,0,0.5696695904191269,NCT01349348,Ascites; Hepatic Cirrhosis,tolvaptan,Phase 3,80.0,A_tox_tolerated,0.65,0.5696695904191269
3134,0,0.12835158778113903,NCT01417754,Circulatory; Change,toremifene,Phase 3,30.0,C_benign,0.5,0.12835158778113903
3135,0,0.22502519490727552,NCT01306370,Knee Arthropathy,tranexamic acid,Phase 3,20.0,C_benign,0.5,0.22502519490727552
3136,0,0.008769446460107822,NCT01142258,Sleep Disorder,trazodone,Phase 3,15.0,C_benign,0.5,0.008769446460107822
3137,0,0.0025304246582851684,NCT01572350,diabetic macular edema,triamcinolone acetonide,Phase 3,30.0,C_benign,0.5,0.0025304246582851684
3138,0,0.5811714865850888,NCT01176409,Human Immunodeficiency Virus; Herpes Simplex,valacyclovir,Phase 3,62.0,B_serious_chronic,0.6,0.5811714865850888
3139,0,0.010456742830524512,NCT00943618,Smoking Cessation,varenicline,Phase 3,25.0,C_benign,0.5,0.010456742830524512
3140,0,0.883154517896768,NCT01162239,nicotine dependence,varenicline,Phase 3,30.0,C_benign,0.5,0.883154517896768
3141,0,0.882625429770313,NCT01314001,nicotine dependence,varenicline,Phase 3,30.0,C_benign,0.5,0.882625429770313
3142,0,0.02232978526880065,NCT01006980,Metastatic Melanoma,vemurafenib,Phase 3,90.0,A_tox_tolerated,0.65,0.02232978526880065
3144,0,0.40671582884677243,NCT01122641,Insulin Resistance; Microvascular Disease,vildagliptin,Phase 3,40.0,B_serious_chronic,0.6,0.40671582884677243
3145,0,0.044029239280484744,NCT01159249,Type 2 Diabetes,vildagliptin,Phase 3,40.0,B_serious_chronic,0.6,0.044029239280484744
3146,0,0.1830210546642311,NCT01224366,Type 2 Diabetes Mellitus,vildagliptin,Phase 3,40.0,B_serious_chronic,0.6,0.1830210546642311
3147,0,0.18536152486039686,NCT01233622,Type 2 Diabetes Mellitus,vildagliptin,Phase 3,40.0,B_serious_chronic,0.6,0.18536152486039686
3148,0,0.037113885992620686,NCT01257451,Type 2 Diabetes,vildagliptin,Phase 3,40.0,B_serious_chronic,0.6,0.037113885992620686
3149,0,0.07262643659907611,NCT01262586,Type II Diabetes Mellitus,vildagliptin,Phase 3,40.0,B_serious_chronic,0.6,0.07262643659907611
3150,0,0.03536095393497054,NCT01822548,Type 2 Diabetes,vildagliptin,Phase 3,40.0,B_serious_chronic,0.6,0.03536095393497054
3151,0,0.2003090094304915,NCT01152996,depressive disorder,vortioxetine,Phase 3,40.0,B_serious_chronic,0.6,0.2003090094304915
3152,0,0.004443555061212079,NCT01153009,Major Depressive Disorder,vortioxetine,Phase 3,42.0,B_serious_chronic,0.6,0.004443555061212079
3153,0,0.004453580506526289,NCT01163266,Major Depressive Disorder,vortioxetine,Phase 3,42.0,B_serious_chronic,0.6,0.004453580506526289
3155,0,0.0015101276272074804,NCT01130025,in Cancer,warfarin,Phase 3,85.0,A_tox_tolerated,0.65,0.0015101276272074804
3156,0,0.10021599181739886,NCT01182441,Atrial Fibrillation; Stroke,warfarin,Phase 3,75.0,A_tox_tolerated,0.65,0.10021599181739886
3157,0,0.03909504418343886,NCT01758640,Anticoagulation in Pregnancy,warfarin,Phase 3,45.0,B_serious_chronic,0.6,0.03909504418343886
3158,0,0.9999770038720263,NCT01178073,"Hypertension, Pulmonary",ambrisentan,Phase 3,80.0,A_tox_tolerated,0.65,0.9999770038720263
3160,0,0.008034231611746101,NCT01190267,schizophrenia,asenapine,Phase 3,55.0,B_serious_chronic,0.6,0.008034231611746101
3161,0,0.12019453193073312,NCT01154036,Hypercholesterolemia,atorvastatin,Phase 3,38.0,C_benign,0.5,0.12019453193073312
3162,0,0.002702380886272926,NCT01113489,allergic rhinitis,beclomethasone dipropionate,Phase 3,8.0,C_benign,0.5,0.002702380886272926
3163,0,0.13580422949841958,NCT01073930,Bowel Preparation,bisacodyl,Phase 3,5.0,C_benign,0.5,0.13580422949841958
3164,0,0.13580422949841958,NCT01073943,Bowel Preparation,bisacodyl,Phase 3,5.0,C_benign,0.5,0.13580422949841958
3165,0,0.02518317915065933,NCT01078714,autism spectrum disorder,bumetanide,Phase 3,20.0,C_benign,0.5,0.02518317915065933
3166,0,0.0165723386453559,NCT01217892,Type 2 Diabetes,dapagliflozin,Phase 3,40.0,B_serious_chronic,0.6,0.0165723386453559
3167,0,0.20834507816823797,NCT01182376,Atrial Fibrillation,dronedarone,Phase 3,45.0,B_serious_chronic,0.6,0.20834507816823797
3168,0,0.5393482019350408,NCT01254344,Infection; Surgical Site Infection,ertapenem,Phase 3,40.0,B_serious_chronic,0.6,0.5393482019350408
3169,0,0.004905859888260466,NCT01118572,postoperative pain,etodolac,Phase 3,8.0,C_benign,0.5,0.004905859888260466
3170,0,0.01756749076421802,NCT01197521,Rheumatoid Arthritis,fostamatinib,Phase 3,58.0,B_serious_chronic,0.6,0.01756749076421802
3171,0,0.01756749076421802,NCT01197534,Rheumatoid Arthritis,fostamatinib,Phase 3,58.0,B_serious_chronic,0.6,0.01756749076421802
3172,0,0.01756749076421802,NCT01197755,Rheumatoid Arthritis,fostamatinib,Phase 3,58.0,B_serious_chronic,0.6,0.01756749076421802
3173,0,0.05181522807924717,NCT01002573,Fever,ibuprofen,Phase 3,12.0,C_benign,0.5,0.05181522807924717
3174,0,0.004738127648443347,NCT00922233,Healthy,levonorgestrel,Phase 3,5.0,C_benign,0.5,0.004738127648443347
3175,0,0.00667764994350184,NCT01084005,Type 2 Diabetes,linagliptin,Phase 3,40.0,B_serious_chronic,0.6,0.00667764994350184
3176,0,0.00677257718862363,NCT01243424,Type 2 Diabetes,linagliptin,Phase 3,40.0,B_serious_chronic,0.6,0.00677257718862363
3177,0,0.004074840385877599,NCT01090713,binge eating disorder,lisdexamfetamine,Phase 3,22.0,C_benign,0.5,0.004074840385877599
3178,0,0.27581052899128217,NCT00971165,Hypertension; Cardiovascular Disease,losartan,Phase 3,55.0,B_serious_chronic,0.6,0.27581052899128217
3179,0,0.46948943595608145,NCT01135433,Type 2 Diabetes Mellitus,metformin,Phase 3,40.0,B_serious_chronic,0.6,0.46948943595608145
3181,0,0.00846195156188676,NCT01131273,HIV infection,methadone,Phase 3,62.0,B_serious_chronic,0.6,0.00846195156188676
3182,0,0.0032234734661790387,NCT01034137,Rheumatoid Arthritis,methotrexate,Phase 3,58.0,B_serious_chronic,0.6,0.0032234734661790387
3183,0,0.0032259205269803194,NCT01185301,Rheumatoid Arthritis,methotrexate,Phase 3,58.0,B_serious_chronic,0.6,0.0032259205269803194
3184,0,0.012326524727750398,NCT01165424,perennial allergic rhinitis,mometasone furoate,Phase 3,8.0,C_benign,0.5,0.012326524727750398
3185,0,0.3902155771631148,NCT01014442,Lung Transplantation,mycophenolate mofetil,Phase 3,80.0,A_tox_tolerated,0.65,0.3902155771631148
3186,0,0.9999999945007151,NCT01120184,Metastatic Breast Cancer,paclitaxel,Phase 3,88.0,A_tox_tolerated,0.65,0.9999999945007151
3187,0,0.7894554659157584,NCT02729441,Diabetes; Microalbuminuria,perindopril,Phase 3,45.0,B_serious_chronic,0.6,0.7894554659157584
3188,0,0.08798755723807532,NCT01758640,Anticoagulation in Pregnancy,phenindione,Phase 3,45.0,B_serious_chronic,0.6,0.08798755723807532
3189,0,0.2953585514398659,NCT01109784,Coronary Artery Disease (CAD); Acute Coronary Syndrome (ACS),prasugrel,Phase 3,80.0,A_tox_tolerated,0.65,0.2953585514398659
3191,0,0.33091057637920934,NCT00532493,post-traumatic stress disorder,prazosin,Phase 3,40.0,B_serious_chronic,0.6,0.33091057637920934
3192,0,0.14850103571413067,NCT01227824,infection,raltegravir,Phase 3,60.0,B_serious_chronic,0.6,0.14850103571413067
3193,0,0.46517375685276025,NCT01048398,Labor pain,remifentanil,Phase 3,15.0,C_benign,0.5,0.46517375685276025
3194,0,0.01612408965108867,NCT01719770,cardiac arrest,rocuronium,Phase 3,95.0,A_tox_tolerated,0.65,0.01612408965108867
3195,0,0.23849361505145011,NCT01046110,Type 2 Diabetes,sitagliptin,Phase 3,40.0,B_serious_chronic,0.6,0.23849361505145011
3196,0,0.23579554128432054,NCT01098539,Type 2 Diabetes,sitagliptin,Phase 3,40.0,B_serious_chronic,0.6,0.23579554128432054
3197,0,0.016743631026638228,NCT01062763,diabetes mellitus,spironolactone,Phase 3,42.0,B_serious_chronic,0.6,0.016743631026638228
3198,0,0.7231384783583865,NCT01064310,Metastatic Kidney Cancer,sunitinib,Phase 3,88.0,A_tox_tolerated,0.65,0.7231384783583865
3199,0,0.9999999998501368,NCT01178073,"Hypertension, Pulmonary",tadalafil,Phase 3,80.0,A_tox_tolerated,0.65,0.9999999998501368
3200,0,0.010314511417921723,NCT01087671,open-angle glaucoma,tafluprost,Phase 3,30.0,C_benign,0.5,0.010314511417921723
3201,0,0.10448235496818312,NCT01163032,non-24-hour sleep-wake disorder,tasimelteon,Phase 3,15.0,C_benign,0.5,0.10448235496818312
3202,0,0.16393706979834105,NCT01120691,COPD,tiotropium,Phase 3,60.0,B_serious_chronic,0.6,0.16393706979834105
3203,0,0.16394506659171176,NCT01202188,Chronic Obstructive Pulmonary Disease,tiotropium,Phase 3,60.0,B_serious_chronic,0.6,0.16394506659171176
3204,0,0.5673396802143236,NCT01280721,Autosomal Dominant Polycystic Kidney Disease （ADPKD),tolvaptan,Phase 3,55.0,B_serious_chronic,0.6,0.5673396802143236
3207,1,0.011502380023226766,NCT01133990,Metastatic Colorectal Cancer,E7820,Phase 2,90.0,A_tox_tolerated,0.65,0.011502380023226766
3209,1,0.021286629049165718,NCT06515418,obesity,Oral Azelaprag (BGE-105),Phase 2,35.0,C_benign,0.5,0.021286629049165718
3210,1,0.5474387109583289,NCT06065059,Breast Cancer; Ovarian Cancer; Pancreas Cancer; Prostate Cancer; BRCA1 Mutation; BRCA-Mutated Ovarian Carcinoma; BRCA-Associated Breast Carcinoma; HRD Positive Advanced Ovarian Cancer,TNG348,Phase 2,90.0,A_tox_tolerated,0.65,0.5474387109583289
3211,1,0.15538973809251996,NCT04501614,Acute Lymphoblastic Leukemia,ponatinib,Phase 2,90.0,A_tox_tolerated,0.65,0.15538973809251996
3212,1,0.7498484341240754,NCT05038020,Diabetic Retinopathy,AKST4290,Phase 2,40.0,B_serious_chronic,0.6,0.7498484341240754
3213,1,0.7061164570833011,NCT04793399,Chronic Leukemia,bosutinib,Phase 2,75.0,A_tox_tolerated,0.65,0.7061164570833011
3214,1,0.44101193454231835,NCT04142658,Aortic Valve Disease; Aortic Valve Stenosis; Aortic Valve Failure,apixaban,Phase 3,70.0,A_tox_tolerated,0.65,0.44101193454231835
3215,1,0.39400654990790407,NCT03976648,Systemic Sclerosis,GLPG1690,Phase 2,70.0,A_tox_tolerated,0.65,0.39400654990790407
3216,1,0.7159706555735474,NCT04023721,"Hepatitis B; HBV; Hepatitis B, Chronic",Inarigivir soproxil,Phase 2,58.0,B_serious_chronic,0.6,0.7159706555735474
3217,1,0.6661060191280479,NCT03774745,"Pregnancy, Unwanted",progesterone,Phase 2,20.0,C_benign,0.5,0.6661060191280479
3218,1,0.39608811412228917,NCT03711162,Subjects With Idiopathic Pulmonary Fibrosis,GLPG1690,Phase 3,82.0,A_tox_tolerated,0.65,0.39608811412228917
3219,1,0.39608811412228917,NCT03733444,Participants With Idiopathic Pulmonary Fibrosis,GLPG1690,Phase 3,85.0,A_tox_tolerated,0.65,0.39608811412228917
3220,1,0.9992090903000614,NCT02910882,Pancreatic Cancer,gemcitabine,Phase 2,95.0,A_tox_tolerated,0.65,0.9992090903000614
3221,1,0.010012823854881624,NCT02055690,Ovarian Cancer,Fosbretabulin,Phase 2,88.0,A_tox_tolerated,0.65,0.010012823854881624
3222,1,0.7635117477944433,NCT01717898,Prostate Cancer,BEZ235,Phase 2,72.0,A_tox_tolerated,0.65,0.7635117477944433
3223,1,0.8445036071187564,NCT01796470,Chronic Lymphocytic Leukemia; Mantle Cell Lymphoma; Diffuse Large B-cell Lymphoma; Indolent Non-Hodgkin's Lymphoma,Entospletinib,Phase 2,85.0,A_tox_tolerated,0.65,0.8445036071187564
3224,1,0.7760432564834391,NCT01796470,Chronic Lymphocytic Leukemia; Mantle Cell Lymphoma; Diffuse Large B-cell Lymphoma; Indolent Non-Hodgkin's Lymphoma,idelalisib,Phase 2,85.0,A_tox_tolerated,0.65,0.7760432564834391
3225,1,0.7230211310716742,NCT01402817,Neurofibromatosis; NF1; Plexiform Neurofibromas,sunitinib,Phase 2,60.0,B_serious_chronic,0.6,0.7230211310716742
3226,1,0.996446404206716,NCT01453595,Cell Carcinoma,BEZ235,Phase 2,85.0,A_tox_tolerated,0.65,0.996446404206716
3228,1,0.999999999999256,NCT01453140,Graft Versus Host Disease,cyclophosphamide,Phase 2,78.0,A_tox_tolerated,0.65,0.999999999999256
3229,1,1.0,NCT01453140,Graft Versus Host Disease,azacitidine,Phase 2,78.0,A_tox_tolerated,0.65,1.0
3232,1,0.800871371116008,NCT01205685,Hormone-Sensitive Metastatic Breast Cancer,Erlotinib,Phase 2,88.0,A_tox_tolerated,0.65,0.800871371116008
3233,1,0.8017634167430371,NCT01205685,Hormone-Sensitive Metastatic Breast Cancer,OSI-906,Phase 2,88.0,A_tox_tolerated,0.65,0.8017634167430371
3274,1,0.4643114275486546,NCT01732640,Squamous Cell Carcinoma of the Head and Neck,afatinib,Phase 2,85.0,A_tox_tolerated,0.65,0.4643114275486546
3276,0,0.5065465805149933,NCT02978716,Triple-Negative Breast Neoplasms; Breast Neoplasm; Breast Cancer; Triple-Negative Breast Cancer,carboplatin,Phase 2,85.0,A_tox_tolerated,0.65,0.5065465805149933
3277,0,0.5218360611939078,NCT02034916,Breast Neoplasms; BRCA 1 Gene Mutation; BRCA 2 Gene Mutation,talazoparib,Phase 2,75.0,A_tox_tolerated,0.65,0.5218360611939078
3280,0,0.33904848695236406,NCT04709380,Radiotherapy; Toripalimab; Sorafenib; Advanced Hepatocellular Carcinoma,Sorafenib,Phase 3,90.0,A_tox_tolerated,0.65,0.33904848695236406
3282,0,0.9739154723118219,NCT04409288,Prostate Cancer,apalutamide,Phase 3,72.0,A_tox_tolerated,0.65,0.9739154723118219
3283,0,0.19494487792615459,NCT04327401,"Coronavirus Infection; Pneumonia, Viral; Acute Respiratory Distress Syndrome",dexamethasone,Phase 3,90.0,A_tox_tolerated,0.65,0.19494487792615459
3289,0,0.46673056021373976,NCT03796650,Clostridium Difficile Infection,vancomycin,Phase 3,55.0,B_serious_chronic,0.6,0.46673056021373976
3300,0,0.11426468629933066,NCT02735343,Headache,prochlorperazine,Phase 3,12.0,C_benign,0.5,0.11426468629933066
3314,0,0.19173358272686364,NCT01287741,Diffuse Large B-Cell Lymphoma,cyclophosphamide,Phase 3,85.0,A_tox_tolerated,0.65,0.19173358272686364
3315,0,0.7831443545970553,NCT01425307,Sickle Cell Anemia,hydroxyurea,Phase 3,65.0,B_serious_chronic,0.6,0.7831443545970553
