aact_name,clean,nontherap_reason,n_trials
Placebo,Placebo,ext:placebo,24989
placebo,placebo,ext:placebo,2885
Saline,Saline,ext:saline,658
Placebos,Placebos,ext:placebo,527
Normal saline,Normal saline,ext:saline,483
Placebo Oral Tablet,Placebo Oral Tablet,ext:placebo,392
Normal Saline,Normal Saline,ext:saline,298
Placebo oral capsule,Placebo oral capsule,ext:placebo,297
Placebo oral tablet,Placebo oral tablet,ext:placebo,250
Vehicle,Vehicle,ext:vehicle,234
normal saline,normal saline,ext:saline,206
Matching Placebo,Matching Placebo,ext:placebo,144
saline,saline,ext:saline,119
Magnesium Sulfate,Magnesium Sulfate,ext:magnesium sulfate,110
Placebo Comparator,Placebo Comparator,ext:placebo,109
Matching placebo,Matching placebo,ext:placebo,89
Comparator: Placebo,Comparator: Placebo,ext:placebo,82
Oxygen,Oxygen,ext:oxygen,82
Placebo tablet,Placebo tablet,ext:placebo,68
Placebo Administration,Placebo Administration,ext:placebo,66
Saline Solution,Saline Solution,ext:saline,64
Mannitol,Mannitol,ext:mannitol,60
Magnesium sulfate,Magnesium sulfate,ext:magnesium sulfate,60
Placebo comparator,Placebo comparator,ext:placebo,58
PLACEBO,PLACEBO,ext:placebo,57
Placebo capsule,Placebo capsule,ext:placebo,54
Placebo Oral Capsule,Placebo Oral Capsule,ext:placebo,53
Placebo gel,Placebo gel,ext:placebo,50
Comparator: placebo,Comparator: placebo,ext:placebo,49
18F-FDG,18F-FDG,radiotracer/imaging,44
Alcohol,Alcohol,ext:alcohol,42
Placebo capsules,Placebo capsules,ext:placebo,41
Vehicle Cream,Vehicle Cream,ext:vehicle,41
Sodium chloride,Sodium chloride,canonical:Sodium Chloride,39
Isotonic saline,Isotonic saline,ext:saline,38
0.9% saline,0.9% saline,ext:saline,37
Sodium bicarbonate,Sodium bicarbonate,ext:sodium bicarbonate,37
Ethanol,Ethanol,ext:ethanol,37
Saline solution,Saline solution,ext:saline,37
Placebo tablets,Placebo tablets,ext:placebo,35
Oral Placebo,Oral Placebo,ext:placebo,34
Placebo Patch,Placebo Patch,ext:placebo,34
Placebo pill,Placebo pill,ext:placebo,34
Placebo control,Placebo control,ext:placebo,33
Placebo IV,Placebo IV,ext:placebo,32
Saline 0.9%,Saline 0.9%,ext:saline,31
NaCl 0.9%,NaCl 0.9%,canonical:NaCl 0.9%,30
NaCl,NaCl,ext:nacl,29
Placebo cream,Placebo cream,ext:placebo,29
Placebo solution,Placebo solution,ext:placebo,29
Placebo patch,Placebo patch,ext:placebo,28
Placebo Control,Placebo Control,ext:placebo,28
Vehicle cream,Vehicle cream,ext:vehicle,28
Glucose,Glucose,ext:glucose,27
Iron sucrose,Iron sucrose,ext:sucrose,27
matching placebo,matching placebo,ext:placebo,27
Gadolinium,Gadolinium,ext:gadolinium,27
Placebo Tablet,Placebo Tablet,ext:placebo,27
placebo gel,placebo gel,ext:placebo,27
Placebo SC,Placebo SC,ext:placebo,27
Vehicle gel,Vehicle gel,ext:vehicle,26
Placebo Gel,Placebo Gel,ext:placebo,26
saline solution,saline solution,ext:saline,26
Placebo injection,Placebo injection,ext:placebo,26
Placebo group,Placebo group,ext:placebo,25
Placebo Capsule,Placebo Capsule,ext:placebo,25
0.9% sodium chloride,0.9% sodium chloride,canonical:Sodium Chloride,25
177Lu-PSMA-617,177Lu-PSMA-617,radiotracer/imaging,25
Sodium Bicarbonate,Sodium Bicarbonate,ext:sodium bicarbonate,25
Sodium Chloride,Sodium Chloride,canonical:Sodium Chloride,25
Saline placebo,Saline placebo,ext:placebo,24
Placebo nasal spray,Placebo nasal spray,ext:placebo,24
Placebo Tablets,Placebo Tablets,ext:placebo,23
Saline Placebo,Saline Placebo,ext:placebo,23
Placebo Injection,Placebo Injection,ext:placebo,23
normal Saline,normal Saline,ext:saline,23
Hypertonic saline,Hypertonic saline,ext:saline,23
0.9% Sodium Chloride Injection,0.9% Sodium Chloride Injection,canonical:Sodium Chloride,22
Placebo (semaglutide),Placebo (semaglutide),ext:placebo,22
Sodium Chloride 0.9%,Sodium Chloride 0.9%,canonical:Sodium Chloride,21
Linaclotide,Linaclotide,ext:nacl,21
Hyperbaric oxygen,Hyperbaric oxygen,ext:oxygen,20
Comparator: placebo (unspecified),Comparator: placebo (unspecified),ext:placebo,20
68Ga-PSMA-11,68Ga-PSMA-11,radiotracer/imaging,20
"Saline (NaCl 0,9 %) (placebo)","Saline (NaCl 0,9 %) (placebo)",ext:placebo,20
Sterile Normal Saline (0.9% NaCl),Sterile Normal Saline (0.9% NaCl),ext:saline,19
motexafin gadolinium,motexafin gadolinium,ext:gadolinium,19
Vehicle Foam,Vehicle Foam,ext:vehicle,19
sodium chloride,sodium chloride,canonical:Sodium Chloride,19
Vehicle Gel,Vehicle Gel,ext:vehicle,19
Flortaucipir F18,Flortaucipir F18,radiotracer/imaging,19
0.9% NaCl,0.9% NaCl,ext:nacl,19
florbetapir F 18,florbetapir F 18,radiotracer/imaging,18
Dextrose,Dextrose,ext:dextrose,18
Placebo - Cap,Placebo - Cap,ext:placebo,18
18F-DCFPyL,18F-DCFPyL,radiotracer/imaging,18
Placebo (saline),Placebo (saline),ext:placebo,18
magnesium sulfate,magnesium sulfate,ext:magnesium sulfate,18
isotonic saline,isotonic saline,ext:saline,17
Oral placebo,Oral placebo,ext:placebo,17
Intranasal placebo,Intranasal placebo,ext:placebo,17
Placebo 2,Placebo 2,ext:placebo,17
Inhaled Placebo,Inhaled Placebo,ext:placebo,17
0.9% Sodium Chloride,0.9% Sodium Chloride,canonical:Sodium Chloride,17
sodium bicarbonate,sodium bicarbonate,ext:sodium bicarbonate,17
Comparator: Placebo (unspecified),Comparator: Placebo (unspecified),ext:placebo,17
Placebo infusion,Placebo infusion,ext:placebo,17
Vehicle Ophthalmic Solution,Vehicle Ophthalmic Solution,ext:vehicle,16
Sodium Chloride 0.9% Inj,Sodium Chloride 0.9% Inj,canonical:Sodium Chloride,16
Placebo 1,Placebo 1,ext:placebo,16
0.9% normal saline,0.9% normal saline,ext:saline,16
Moxifloxacin Placebo,Moxifloxacin Placebo,ext:placebo,16
Placebo Cream,Placebo Cream,ext:placebo,16
Matched placebo,Matched placebo,ext:placebo,15
placebo capsule,placebo capsule,ext:placebo,15
oxygen,oxygen,ext:oxygen,15
Ringer's Lactate,Ringer's Lactate,ext:ringer,15
68Ga-FAPI,68Ga-FAPI,radiotracer/imaging,15
Placebo MDI,Placebo MDI,ext:placebo,15
Saline injection,Saline injection,ext:saline,15
Lactated Ringer,Lactated Ringer,ext:ringer,15
0.9% Saline,0.9% Saline,ext:saline,14
Sodium chloride 0.9%,Sodium chloride 0.9%,canonical:Sodium Chloride,14
0.9%sodium chloride,0.9%sodium chloride,canonical:Sodium Chloride,14
Intravenous Placebo,Intravenous Placebo,ext:placebo,14
Sterile water,Sterile water,ext:sterile water,14
Placebo Nasal Spray,Placebo Nasal Spray,ext:placebo,14
0.9% Normal Saline,0.9% Normal Saline,ext:saline,14
IV Placebo,IV Placebo,ext:placebo,14
Placebo - Concentrate,Placebo - Concentrate,ext:placebo,14
Placebo to indacaterol,Placebo to indacaterol,ext:placebo,14
Ringer lactate,Ringer lactate,ext:ringer,13
Normal Saline (Placebo),Normal Saline (Placebo),ext:placebo,13
mannitol,mannitol,ext:mannitol,13
Hypertonic Saline,Hypertonic Saline,ext:saline,13
placebo patch,placebo patch,ext:placebo,13
Placebo Capsules,Placebo Capsules,ext:placebo,13
saline placebo,saline placebo,ext:placebo,12
Placebo Drug,Placebo Drug,ext:placebo,12
Placebo administration,Placebo administration,ext:placebo,12
placebo comparator,placebo comparator,ext:placebo,12
Normal Saline (0.9% NaCl),Normal Saline (0.9% NaCl),ext:saline,12
Placebo DPI,Placebo DPI,ext:placebo,12
68Ga-PSMA,68Ga-PSMA,radiotracer/imaging,12
Matched Placebo,Matched Placebo,ext:placebo,12
Saline Solution for Injection,Saline Solution for Injection,ext:saline,12
Placebo Ophthalmic Solution,Placebo Ophthalmic Solution,ext:placebo,11
Dextrose 5% in water,Dextrose 5% in water,ext:dextrose,11
Placebo single dose,Placebo single dose,ext:placebo,11
Oxygen gas,Oxygen gas,ext:oxygen,11
Vehicle foam,Vehicle foam,ext:vehicle,11
"Normal Saline Flush, 0.9% Injectable Solution","Normal Saline Flush, 0.9% Injectable Solution",ext:saline,11
Inhaled placebo,Inhaled placebo,ext:placebo,11
Isotonic Saline,Isotonic Saline,ext:saline,11
placebo treatment,placebo treatment,ext:placebo,11
"NaCl 0,9%","NaCl 0,9%",ext:nacl,11
Sucrose,Sucrose,ext:sucrose,11
Placebo Group,Placebo Group,ext:placebo,11
Saline infusion,Saline infusion,ext:saline,11
0.9% sodium chloride solution,0.9% sodium chloride solution,canonical:Sodium Chloride,11
Saline Injection,Saline Injection,ext:saline,10
Placebo (for alirocumab),Placebo (for alirocumab),ext:placebo,10
Placebo - IV,Placebo - IV,ext:placebo,10
Placebo - SC,Placebo - SC,ext:placebo,10
Ringer's lactate,Ringer's lactate,ext:ringer,10
Placebo (Normal Saline),Placebo (Normal Saline),ext:placebo,10
Lactated Ringer's solution,Lactated Ringer's solution,ext:ringer,10
Placebo; oral,Placebo; oral,ext:placebo,10
placebo tablet,placebo tablet,ext:placebo,10
Saline (0.9% NaCl),Saline (0.9% NaCl),ext:saline,10
Placebo ointment,Placebo ointment,ext:placebo,10
Vehicle Lotion,Vehicle Lotion,ext:vehicle,10
Intranasal Placebo,Intranasal Placebo,ext:placebo,10
Intravenous placebo,Intravenous placebo,ext:placebo,10
oral placebo,oral placebo,ext:placebo,10
placebo for risankizumab,placebo for risankizumab,ext:placebo,9
Placebo to match filgotinib,Placebo to match filgotinib,ext:placebo,9
Fludeoxyglucose F-18,Fludeoxyglucose F-18,radiotracer/imaging,9
placebo cream,placebo cream,ext:placebo,9
Normal Saline 0.9% Infusion Solution Bag,Normal Saline 0.9% Infusion Solution Bag,ext:saline,9
saline 0.9%,saline 0.9%,ext:saline,9
Vehicle Control,Vehicle Control,ext:vehicle,9
FDG,FDG,radiotracer/imaging,9
Placebo (normal saline),Placebo (normal saline),ext:placebo,9
5% Dextrose,5% Dextrose,ext:dextrose,9
placebo group,placebo group,ext:placebo,9
Placebo drug,Placebo drug,ext:placebo,9
Placebo ophthalmic solution,Placebo ophthalmic solution,ext:placebo,9
Placebo for Upadacitinib,Placebo for Upadacitinib,ext:placebo,9
placebo capsules,placebo capsules,ext:placebo,9
Sodium Chloride Injection,Sodium Chloride Injection,canonical:Sodium Chloride,8
Normal saline solution,Normal saline solution,ext:saline,8
Placebo Solution,Placebo Solution,ext:placebo,8
Placebo to tiotropium,Placebo to tiotropium,ext:placebo,8
Placebo mouthwash,Placebo mouthwash,ext:placebo,8
Normal saline infusion,Normal saline infusion,ext:saline,8
Placebo semaglutide,Placebo semaglutide,ext:placebo,8
matched placebo,matched placebo,ext:placebo,8
Sterile saline,Sterile saline,ext:saline,8
Placebo (for Rimonabant),Placebo (for Rimonabant),ext:placebo,8
68Ga-DOTATATE,68Ga-DOTATATE,radiotracer/imaging,8
physiological saline,physiological saline,ext:saline,8
Iron Sucrose,Iron Sucrose,ext:sucrose,8
Placebo Comparator: Placebo,Placebo Comparator: Placebo,ext:placebo,8
Placebo (vehicle) nasal spray,Placebo (vehicle) nasal spray,ext:placebo,8
vehicle gel,vehicle gel,ext:vehicle,8
Placebo treatment,Placebo treatment,ext:placebo,8
Vehicle ointment,Vehicle ointment,ext:vehicle,8
placebo tablets,placebo tablets,ext:placebo,8
0.9%NaCl,0.9%NaCl,ext:nacl,8
18F-DOPA,18F-DOPA,radiotracer/imaging,7
Vehicle control,Vehicle control,ext:vehicle,7
TDF Placebo,TDF Placebo,ext:placebo,7
Physiologic saline,Physiologic saline,ext:saline,7
0.9 % saline,0.9 % saline,ext:saline,7
Placebo suspension,Placebo suspension,ext:placebo,7
Moxifloxacin placebo,Moxifloxacin placebo,ext:placebo,7
Placebo Oral,Placebo Oral,ext:placebo,7
Placebo medication,Placebo medication,ext:placebo,7
Placebo Infusion,Placebo Infusion,ext:placebo,7
placebo pill,placebo pill,ext:placebo,7
Vehicle Topical Gel,Vehicle Topical Gel,ext:vehicle,7
Hyperbaric Oxygen,Hyperbaric Oxygen,ext:oxygen,7
Potassium Chloride,Potassium Chloride,ext:potassium chloride,7
Placebo cagrilintide,Placebo cagrilintide,ext:placebo,7
Placebo MDPI,Placebo MDPI,ext:placebo,7
placebo solution,placebo solution,ext:placebo,7
placebo nasal spray,placebo nasal spray,ext:placebo,7
Vehicle (placebo),Vehicle (placebo),ext:placebo,7
18F-PSMA-1007,18F-PSMA-1007,radiotracer/imaging,7
Placebo (Saline),Placebo (Saline),ext:placebo,7
SC Placebo,SC Placebo,ext:placebo,7
Placebo Pill,Placebo Pill,ext:placebo,7
Water for injection,Water for injection,ext:water for injection,7
glucose,glucose,ext:glucose,7
100% Oxygen,100% Oxygen,ext:oxygen,7
0.9% Sodium chloride,0.9% Sodium chloride,canonical:Sodium Chloride,7
Calcium Chloride,Calcium Chloride,ext:calcium chloride,7
Placebo to Ertugliflozin,Placebo to Ertugliflozin,ext:placebo,7
IV normal saline,IV normal saline,ext:saline,7
Lansoprazole Placebo,Lansoprazole Placebo,ext:placebo,7
Sodium Chloride 9mg/mL,Sodium Chloride 9mg/mL,canonical:Sodium Chloride,7
Placebo BID,Placebo BID,ext:placebo,7
Saline Nasal Spray,Saline Nasal Spray,ext:saline,7
Saline spray,Saline spray,ext:saline,7
Placebo SL Tablet,Placebo SL Tablet,ext:placebo,7
Placebo Cap,Placebo Cap,ext:placebo,7
Placebo pills,Placebo pills,ext:placebo,7
Placebo Arm,Placebo Arm,ext:placebo,7
18F-AV-1451,18F-AV-1451,radiotracer/imaging,7
Isotonic NaCl,Isotonic NaCl,ext:nacl,6
Vehicle (Placebo),Vehicle (Placebo),ext:placebo,6
Placebo to match,Placebo to match,ext:placebo,6
177Lu-DOTATOC,177Lu-DOTATOC,radiotracer/imaging,6
Dextrose 5%,Dextrose 5%,ext:dextrose,6
Normal saline injection,Normal saline injection,ext:saline,6
Relugolix placebo,Relugolix placebo,ext:placebo,6
Nitrogen,Nitrogen,ext:nitrogen,6
Placebo oral solution,Placebo oral solution,ext:placebo,6
177Lu-DOTATATE,177Lu-DOTATATE,radiotracer/imaging,6
Sterile Saline,Sterile Saline,ext:saline,6
Control (placebo) group,Control (placebo) group,ext:placebo,6
Placebo (sugar pill),Placebo (sugar pill),ext:placebo,6
Normal saline 0.9%,Normal saline 0.9%,ext:saline,6
0.9% NaCl solution,0.9% NaCl solution,ext:nacl,6
Normal saline placebo,Normal saline placebo,ext:placebo,6
perillyl alcohol,perillyl alcohol,ext:alcohol,6
placebo control,placebo control,ext:placebo,6
Motexafin Gadolinium,Motexafin Gadolinium,ext:gadolinium,6
Isotonic Sodium Chloride,Isotonic Sodium Chloride,canonical:Sodium Chloride,6
Placebo inhalation,Placebo inhalation,ext:placebo,6
Placebo Cannabis,Placebo Cannabis,ext:placebo,6
Placebo (SC),Placebo (SC),ext:placebo,6
Isotonic saline solution,Isotonic saline solution,ext:saline,6
Placebo (vehicle),Placebo (vehicle),ext:placebo,6
vehicle,vehicle,ext:vehicle,6
Placebo Oral Solution,Placebo Oral Solution,ext:placebo,6
Placebo of LCZ696,Placebo of LCZ696,ext:placebo,6
11C-ER176,11C-ER176,radiotracer/imaging,6
Placebo transdermal patch,Placebo transdermal patch,ext:placebo,6
[68Ga]Ga-PentixaFor,[68Ga]Ga-PentixaFor,radiotracer/imaging,6
Lactated Ringers,Lactated Ringers,ext:ringer,6
AMG 386 Placebo,AMG 386 Placebo,ext:placebo,6
IV placebo,IV placebo,ext:placebo,6
0.9 % NaCl,0.9 % NaCl,ext:nacl,6
Placebo to Indacaterol,Placebo to Indacaterol,ext:placebo,6
Sodium Lactate,Sodium Lactate,canonical:Sodium Lactate,6
68Ga-P16-093,68Ga-P16-093,radiotracer/imaging,6
intranasal placebo,intranasal placebo,ext:placebo,6
64Cu-SAR-bisPSMA,64Cu-SAR-bisPSMA,radiotracer/imaging,6
Placebo for upadacitinib,Placebo for upadacitinib,ext:placebo,6
Normal Saline 10 mL Injection,Normal Saline 10 mL Injection,ext:saline,6
18F-DCFPyL Injection,18F-DCFPyL Injection,radiotracer/imaging,6
[18F]PI-2620,[18F]PI-2620,radiotracer/imaging,6
Delgocitinib cream vehicle,Delgocitinib cream vehicle,ext:vehicle,6
0.9% NaCl physiological saline,0.9% NaCl physiological saline,ext:saline,6
Administration of placebo,Administration of placebo,ext:placebo,6
Everolimus Placebo,Everolimus Placebo,ext:placebo,6
normal saline 0.9%,normal saline 0.9%,ext:saline,6
Sodium chloride (placebo),Sodium chloride (placebo),canonical:Sodium Chloride,6
VC005 Tablets Placebo,VC005 Tablets Placebo,ext:placebo,6
Placebo + SOC,Placebo + SOC,ext:placebo,5
Placebo arm,Placebo arm,ext:placebo,5
18F-fluciclovine,18F-fluciclovine,radiotracer/imaging,5
Alcohol (Ethanol),Alcohol (Ethanol),ext:ethanol,5
Placebo (SAD),Placebo (SAD),ext:placebo,5
Liraglutide 3 mg placebo,Liraglutide 3 mg placebo,ext:placebo,5
[18F]FluorThanatrace,[18F]FluorThanatrace,radiotracer/imaging,5
F-18 FDG,F-18 FDG,radiotracer/imaging,5
5% dextrose in water,5% dextrose in water,ext:dextrose,5
placebo infusion,placebo infusion,ext:placebo,5
Placebo Oil,Placebo Oil,ext:placebo,5
Sodium Glucose Co-transporter 2 (SGLT2) Inhibitor,Sodium Glucose Co-transporter 2 (SGLT2) Inhibitor,ext:glucose,5
Placebo for MAD,Placebo for MAD,ext:placebo,5
Placebo for SAD,Placebo for SAD,ext:placebo,5
hypertonic saline,hypertonic saline,ext:saline,5
Placebo Film,Placebo Film,ext:placebo,5
18F fluciclovine,18F fluciclovine,radiotracer/imaging,5
Hyperbaric Oxygen Therapy,Hyperbaric Oxygen Therapy,ext:oxygen,5
Sodium chloride solution,Sodium chloride solution,canonical:Sodium Chloride,5
alcohol,alcohol,ext:alcohol,5
HS-10374-matched placebo tablets,HS-10374-matched placebo tablets,ext:placebo,5
FTC/TDF Placebo,FTC/TDF Placebo,ext:placebo,5
Placebo matched to atacicept,Placebo matched to atacicept,ext:placebo,5
Potassium chloride,Potassium chloride,ext:potassium chloride,5
Cream vehicle,Cream vehicle,ext:vehicle,5
[18F]fluoro-2-deoxy-D-glucose (FDG),[18F]fluoro-2-deoxy-D-glucose (FDG),radiotracer/imaging,5
Placebo to sitagliptin,Placebo to sitagliptin,ext:placebo,5
Placebo for lenvatinib,Placebo for lenvatinib,ext:placebo,5
PAC-14028 cream vehicle,PAC-14028 cream vehicle,ext:vehicle,5
[18F]NOS,[18F]NOS,radiotracer/imaging,5
225Ac-J591,225Ac-J591,radiotracer/imaging,5
Normal Saline 0.9%,Normal Saline 0.9%,ext:saline,5
Placebo granules,Placebo granules,ext:placebo,5
hyperbaric oxygen,hyperbaric oxygen,ext:oxygen,5
Placebo + placebo,Placebo + placebo,ext:placebo,5
B/F/TAF Placebo,B/F/TAF Placebo,ext:placebo,5
Nacl 0.9%,Nacl 0.9%,canonical:NaCl 0.9%,5
treprostinil diethanolamine,treprostinil diethanolamine,ext:ethanol,5
Normal Saline along with standard treatment,Normal Saline along with standard treatment,ext:saline,5
placebo eye drops,placebo eye drops,ext:placebo,5
18F-MK-6240,18F-MK-6240,radiotracer/imaging,5
Linaclotide 290 micrograms,Linaclotide 290 micrograms,ext:nacl,5
placebo for adalimumab,placebo for adalimumab,ext:placebo,5
Sodium Chloride (NaCl) 0.9 %,Sodium Chloride (NaCl) 0.9 %,canonical:Sodium Chloride,5
Placebo Treatment,Placebo Treatment,ext:placebo,5
Placebo to omarigliptin,Placebo to omarigliptin,ext:placebo,5
saline infusion,saline infusion,ext:saline,5
Motexafin Gadolinium Injection,Motexafin Gadolinium Injection,ext:gadolinium,5
Placebo to Sitagliptin,Placebo to Sitagliptin,ext:placebo,5
sterile saline,sterile saline,ext:saline,5
Lactated Ringer's Solution,Lactated Ringer's Solution,ext:ringer,5
IDP-118 Vehicle Lotion,IDP-118 Vehicle Lotion,ext:vehicle,5
Placebo Ointment,Placebo Ointment,ext:placebo,5
F/TAF Placebo,F/TAF Placebo,ext:placebo,5
Fluorodopa F 18,Fluorodopa F 18,radiotracer/imaging,5
TAK-438 Placebo,TAK-438 Placebo,ext:placebo,5
Placebo A,Placebo A,ext:placebo,5
Placebo (matched to SUZ),Placebo (matched to SUZ),ext:placebo,5
Placebo (for Dupilumab),Placebo (for Dupilumab),ext:placebo,5
bimatoprost vehicle solution,bimatoprost vehicle solution,ext:vehicle,5
linaclotide,linaclotide,ext:nacl,5
Placebo (matched to HB/APAP),Placebo (matched to HB/APAP),ext:placebo,5
Placebo to Evolocumab,Placebo to Evolocumab,ext:placebo,5
"Saline Solution (NaCl 0,9%)","Saline Solution (NaCl 0,9%)",ext:saline,5
Placebo.,Placebo.,ext:placebo,5
18-FDG,18-FDG,radiotracer/imaging,5
Placebo suppository,Placebo suppository,ext:placebo,5
Placebo spray,Placebo spray,ext:placebo,5
68Ga-Pentixafor,68Ga-Pentixafor,radiotracer/imaging,5
TAF Placebo,TAF Placebo,ext:placebo,5
68Ga-BNOTA-PRGD2,68Ga-BNOTA-PRGD2,radiotracer/imaging,5
Normal Saline Solution,Normal Saline Solution,ext:saline,5
18F-MFBG,18F-MFBG,radiotracer/imaging,5
"Saline (0.9%, sterile, for infusion)","Saline (0.9%, sterile, for infusion)",ext:saline,5
Placebo pMDI,Placebo pMDI,ext:placebo,5
Calcium chloride,Calcium chloride,ext:calcium chloride,5
Broncho-Vaxom,Broncho-Vaxom,canonical:Broncho-Vaxom,5
Florbetapir F 18,Florbetapir F 18,radiotracer/imaging,5
Placebo to BIC/FTC/TAF,Placebo to BIC/FTC/TAF,ext:placebo,5
Placebo for Atogepant,Placebo for Atogepant,ext:placebo,5
[68Ga]Ga-PSMA-11,[68Ga]Ga-PSMA-11,radiotracer/imaging,5
Medical air,Medical air,ext:medical air,4
Placebo to NVA237,Placebo to NVA237,ext:placebo,4
Placebo to match RBV,Placebo to match RBV,ext:placebo,4
10% dextrose,10% dextrose,ext:dextrose,4
Normal Saline Flush,Normal Saline Flush,ext:saline,4
Placebo to salmeterol,Placebo to salmeterol,ext:placebo,4
68Ga-FAPI-04,68Ga-FAPI-04,radiotracer/imaging,4
Ondansetron Placebo,Ondansetron Placebo,ext:placebo,4
placebo to TA,placebo to TA,ext:placebo,4
Dapagliflozin placebo,Dapagliflozin placebo,ext:placebo,4
Fish oil placebo,Fish oil placebo,ext:placebo,4
Nasal Carbon Dioxide,Nasal Carbon Dioxide,ext:carbon dioxide,4
AGN-199201 Vehicle,AGN-199201 Vehicle,ext:vehicle,4
Lactose Placebo,Lactose Placebo,ext:placebo,4
GV1001 Placebo,GV1001 Placebo,ext:placebo,4
Placebo intravenous,Placebo intravenous,ext:placebo,4
Placebo for BOTOX,Placebo for BOTOX,ext:placebo,4
Tiragolumab Matching Placebo,Tiragolumab Matching Placebo,ext:placebo,4
LX4211 Placebo,LX4211 Placebo,ext:placebo,4
Placebo + Placebo,Placebo + Placebo,ext:placebo,4
Topical Solution Vehicle,Topical Solution Vehicle,ext:vehicle,4
Placebo film,Placebo film,ext:placebo,4
Placebo oil,Placebo oil,ext:placebo,4
Placebo (blinded),Placebo (blinded),ext:placebo,4
4 mL Injection of Placebo,4 mL Injection of Placebo,ext:placebo,4
HL-1186 placebo,HL-1186 placebo,ext:placebo,4
Sodium-glucose cotransporter 2 inhibitor,Sodium-glucose cotransporter 2 inhibitor,ext:glucose,4
Placebo (MAD),Placebo (MAD),ext:placebo,4
Vehicle Spray,Vehicle Spray,ext:vehicle,4
Placebo (0.9% saline),Placebo (0.9% saline),ext:placebo,4
Lactated Ringer Solution,Lactated Ringer Solution,ext:ringer,4
Bupivacaine + saline,Bupivacaine + saline,ext:saline,4
Sterile Water Injection,Sterile Water Injection,ext:sterile water,4
Medical Air,Medical Air,ext:medical air,4
NaCl (placebo),NaCl (placebo),ext:placebo,4
iron sucrose,iron sucrose,ext:sucrose,4
Saline nasal spray,Saline nasal spray,ext:saline,4
Placebo Part B,Placebo Part B,ext:placebo,4
Placebo Topical Solution,Placebo Topical Solution,ext:placebo,4
placebo (saline),placebo (saline),ext:placebo,4
Gel Vehicle,Gel Vehicle,ext:vehicle,4
Topical Gel Vehicle,Topical Gel Vehicle,ext:vehicle,4
"Lactated Ringers, Intravenous","Lactated Ringers, Intravenous",ext:ringer,4
Sugar Pill (placebo),Sugar Pill (placebo),ext:placebo,4
Filgotinib placebo,Filgotinib placebo,ext:placebo,4
Placebo (Semaglutide),Placebo (Semaglutide),ext:placebo,4
Florbetapir (18F),Florbetapir (18F),radiotracer/imaging,4
intravenous placebo,intravenous placebo,ext:placebo,4
Placebo - Capsule,Placebo - Capsule,ext:placebo,4
placebo oral tablet,placebo oral tablet,ext:placebo,4
Placebo Topical Gel,Placebo Topical Gel,ext:placebo,4
0.9% Saline Solution,0.9% Saline Solution,ext:saline,4
Vehicle Ointment,Vehicle Ointment,ext:vehicle,4
Nexagon® vehicle,Nexagon vehicle,ext:vehicle,4
IDP-121 Vehicle Lotion,IDP-121 Vehicle Lotion,ext:vehicle,4
Matching Placebo Patch,Matching Placebo Patch,ext:placebo,4
[68Ga]Ga-NeoB,[68Ga]Ga-NeoB,radiotracer/imaging,4
[177Lu]Lu-NeoB,[177Lu]Lu-NeoB,radiotracer/imaging,4
177Lu-J591,177Lu-J591,radiotracer/imaging,4
Placebo (Part 2),Placebo (Part 2),ext:placebo,4
Placebo oral capsules,Placebo oral capsules,ext:placebo,4
Placebo to metformin,Placebo to metformin,ext:placebo,4
Intravenous saline,Intravenous saline,ext:saline,4
NT 201 Placebo,NT 201 Placebo,ext:placebo,4
[177Lu]Lu-PSMA I&T,[177Lu]Lu-PSMA I&T,radiotracer/imaging,4
Placebo to ISL,Placebo to ISL,ext:placebo,4
Estradiol/norethindrone acetate placebo,Estradiol/norethindrone acetate placebo,ext:placebo,4
Placebo for ABBV-932,Placebo for ABBV-932,ext:placebo,4
Placebo to match FF/UMEC/VI,Placebo to match FF/UMEC/VI,ext:placebo,4
Treprostinil diethanolamine,Treprostinil diethanolamine,ext:ethanol,4
18F-FSPG,18F-FSPG,radiotracer/imaging,4
Placebo Nasal Aerosol,Placebo Nasal Aerosol,ext:placebo,4
[18F] Flutemetamol,[18F] Flutemetamol,radiotracer/imaging,4
Placebo saline,Placebo saline,ext:placebo,4
5% dextrose,5% dextrose,ext:dextrose,4
Vehicle solution,Vehicle solution,ext:vehicle,4
0.9% saline solution,0.9% saline solution,ext:saline,4
Placebo (high dose),Placebo (high dose),ext:placebo,4
Placebo to Denosumab,Placebo to Denosumab,ext:placebo,4
Dapagliflozin Placebo,Dapagliflozin Placebo,ext:placebo,4
Ringer acetate,Ringer acetate,ext:ringer,4
ALK Diluent,ALK Diluent,ext:diluent,4
[18F]Flutemetamol,[18F]Flutemetamol,radiotracer/imaging,4
Placebo for ribavirin,Placebo for ribavirin,ext:placebo,4
[18F]F-AraG,[18F]F-AraG,radiotracer/imaging,4
vehicle cream,vehicle cream,ext:vehicle,4
Sorbitol,Sorbitol,ext:sorbitol,4
[18F]GTP1,[18F]GTP1,radiotracer/imaging,4
0.9% sodium chloride injection,0.9% sodium chloride injection,canonical:Sodium Chloride,4
Saline (placebo),Saline (placebo),ext:placebo,4
Tirzepatide Placebo,Tirzepatide Placebo,ext:placebo,4
Placebo for guselkumab,Placebo for guselkumab,ext:placebo,4
Placebo to Aliskiren,Placebo to Aliskiren,ext:placebo,4
dextrose,dextrose,ext:dextrose,4
Isotonic sodium chloride solution,Isotonic sodium chloride solution,canonical:Sodium Chloride,4
Vehicle Solution,Vehicle Solution,ext:vehicle,4
Placebo matching with Saxagliptin,Placebo matching with Saxagliptin,ext:placebo,4
68Ga-RM2,68Ga-RM2,radiotracer/imaging,4
[68Ga]CBP8,[68Ga]CBP8,radiotracer/imaging,4
18F-AV-133,18F-AV-133,radiotracer/imaging,4
68Ga-FAPi-46,68Ga-FAPi-46,radiotracer/imaging,4
TAK-951 Placebo,TAK-951 Placebo,ext:placebo,4
Hyperbaric oxygen therapy,Hyperbaric oxygen therapy,ext:oxygen,4
E/C/F/TDF Placebo,E/C/F/TDF Placebo,ext:placebo,4
Iron Sucrose Injection,Iron Sucrose Injection,ext:sucrose,4
18F-FLT,18F-FLT,radiotracer/imaging,4
Drug: Placebo,Drug: Placebo,ext:placebo,4
Placebo twice daily,Placebo twice daily,ext:placebo,4
3% Sodium Chloride,3% Sodium Chloride,canonical:Sodium Chloride,4
Topical Placebo,Topical Placebo,ext:placebo,4
Normal saline (placebo),Normal saline (placebo),ext:placebo,4
18F-DTBZ,18F-DTBZ,radiotracer/imaging,4
Obeldesivir Placebo,Obeldesivir Placebo,ext:placebo,4
Dextrose 5,Dextrose 5,ext:dextrose,4
Placebo for moxifloxacin,Placebo for moxifloxacin,ext:placebo,4
Intravenous normal saline injection,Intravenous normal saline injection,ext:saline,4
sodium chloride 0.9%,sodium chloride 0.9%,canonical:Sodium Chloride,4
IDP-126 Vehicle Gel,IDP-126 Vehicle Gel,ext:vehicle,4
Physiological saline solution,Physiological saline solution,ext:saline,4
Placebo (D5W),Placebo (D5W),ext:placebo,4
11C-Choline,11C-Choline,radiotracer/imaging,4
Placebo powder,Placebo powder,ext:placebo,4
Placebo (IV),Placebo (IV),ext:placebo,4
SHR-1918 placebo,SHR-1918 placebo,ext:placebo,4
medical air,medical air,ext:medical air,4
sterile water,sterile water,ext:sterile water,4
Placebo matching Dapagliflozin,Placebo matching Dapagliflozin,ext:placebo,4
Placebo Spray,Placebo Spray,ext:placebo,4
Inactive Placebo,Inactive Placebo,ext:placebo,4
Placebo tablet to match 75 mg linzagolix tablet,Placebo tablet to match 75 mg linzagolix tablet,ext:placebo,4
Placebo tablet to match 200 mg linzagolix tablet,Placebo tablet to match 200 mg linzagolix tablet,ext:placebo,4
Placebo capsule to match Add-back capsule,Placebo capsule to match Add-back capsule,ext:placebo,4
Antidepressant + Placebo,Antidepressant + Placebo,ext:placebo,4
Motexafin gadolinium,Motexafin gadolinium,ext:gadolinium,4
placebo injection,placebo injection,ext:placebo,4
"Comparator: ezetimibe, placebo","Comparator: ezetimibe, placebo",ext:placebo,4
Nitrogen gas,Nitrogen gas,ext:nitrogen,4
Placebo Peel,Placebo Peel,ext:placebo,4
Placebo (for teriflunomide),Placebo (for teriflunomide),ext:placebo,4
boronophenylalanine-fructose complex,boronophenylalanine-fructose complex,ext:fructose,4
Technetium Tc99m Sestamibi,Technetium Tc99m Sestamibi,radiotracer/imaging,4
68Ga-Dotatate,68Ga-Dotatate,radiotracer/imaging,4
Placebo inhalation capsules,Placebo inhalation capsules,ext:placebo,3
11C-PS13,11C-PS13,radiotracer/imaging,3
Placebo (saline solution),Placebo (saline solution),ext:placebo,3
Placebo caplet of DLBS2411,Placebo caplet of DLBS2411,ext:placebo,3
Nebulized Magnesium Sulfate,Nebulized Magnesium Sulfate,ext:magnesium sulfate,3
Rivaroxaban placebo,Rivaroxaban placebo,ext:placebo,3
177Lu-Dotatate,177Lu-Dotatate,radiotracer/imaging,3
70% isopropyl alcohol,70% isopropyl alcohol,ext:alcohol,3
Alcohol beverage,Alcohol beverage,ext:alcohol,3
Placebo Dose 1,Placebo Dose 1,ext:placebo,3
Control (placebo),Control (placebo),ext:placebo,3
68Ga-PSMA-HBED-CC,68Ga-PSMA-HBED-CC,radiotracer/imaging,3
Placebo Eye Drops,Placebo Eye Drops,ext:placebo,3
[18F]FTC-146,[18F]FTC-146,radiotracer/imaging,3
P-321 Ophthalmic Solution placebo,P-321 Ophthalmic Solution placebo,ext:placebo,3
placebo po,placebo po,ext:placebo,3
sodium chloride infusion,sodium chloride infusion,canonical:Sodium Chloride,3
Placebo to Glimepiride,Placebo to Glimepiride,ext:placebo,3
18F-rhPSMA-7.3,18F-rhPSMA-7.3,radiotracer/imaging,3
18F-PF-06445974,18F-PF-06445974,radiotracer/imaging,3
Placebo 50 mg,Placebo 50 mg,ext:placebo,3
Placebo 100 mg,Placebo 100 mg,ext:placebo,3
Placebo multiple doses,Placebo multiple doses,ext:placebo,3
Placebo B,Placebo B,ext:placebo,3
placebo drug,placebo drug,ext:placebo,3
Dextrose 5% (D5W),Dextrose 5% (D5W),ext:dextrose,3
BI 10773 Placebo,BI 10773 Placebo,ext:placebo,3
Placebo vaginal gel,Placebo vaginal gel,ext:placebo,3
Moxifloxacin-matching Placebo,Moxifloxacin-matching Placebo,ext:placebo,3
GSP 301 Placebo NS,GSP 301 Placebo NS,ext:placebo,3
Normal Saline Placebo,Normal Saline Placebo,ext:placebo,3
Isopropyl Alcohol,Isopropyl Alcohol,ext:alcohol,3
18F-FAPI,18F-FAPI,radiotracer/imaging,3
20% D-glucose (aq),20% D-glucose (aq),ext:glucose,3
Normal saline instillation,Normal saline instillation,ext:saline,3
Placebo IV Infusion,Placebo IV Infusion,ext:placebo,3
Placebo (for gefapixant),Placebo (for gefapixant),ext:placebo,3
Placebo to Salmeterol,Placebo to Salmeterol,ext:placebo,3
Placebo gum,Placebo gum,ext:placebo,3
linagliptin placebo,linagliptin placebo,ext:placebo,3
iodinated contrast dye,iodinated contrast dye,ext:contrast,3
Placebo vaginal ring,Placebo vaginal ring,ext:placebo,3
Placebo to Methotrexate,Placebo to Methotrexate,ext:placebo,3
Placebo First,Placebo First,ext:placebo,3
Placebo (PB),Placebo (PB),ext:placebo,3
[18F]FAPI-74 PET/CT,[18F]FAPI-74 PET/CT,radiotracer/imaging,3
Cannabis placebo,Cannabis placebo,ext:placebo,3
Sterile normal saline (0.9%),Sterile normal saline (0.9%),ext:saline,3
Placebo (GA-0034),Placebo (GA-0034),ext:placebo,3
Placebo (NNC0174-0833),Placebo (NNC0174-0833),ext:placebo,3
Placebo saline solution,Placebo saline solution,ext:placebo,3
Placebo (Part B),Placebo (Part B),ext:placebo,3
Double-Blind Placebo,Double-Blind Placebo,ext:placebo,3
[177Lu]Lu-PSMA-617,[177Lu]Lu-PSMA-617,radiotracer/imaging,3
HDM1005 injection or placebo,HDM1005 injection or placebo,ext:placebo,3
Placebo Gefitinib 250 mg,Placebo Gefitinib 250 mg,ext:placebo,3
Matching placebo to sitagliptin,Matching placebo to sitagliptin,ext:placebo,3
11C-PiB,11C-PiB,radiotracer/imaging,3
Placebo (Part 1),Placebo (Part 1),ext:placebo,3
Carbon Dioxide,Carbon Dioxide,ext:carbon dioxide,3
Placebo matched to CagriSema (Cagrilintide B and Semaglutide I),Placebo matched to CagriSema (Cagrilintide B and Semaglutide I),ext:placebo,3
dapsone gel vehicle,dapsone gel vehicle,ext:vehicle,3
Palmitoylethanolamide,Palmitoylethanolamide,ext:ethanol,3
Placebo (P),Placebo (P),ext:placebo,3
Placebo to Grazoprevir,Placebo to Grazoprevir,ext:placebo,3
[11C]-CS1P1,[11C]-CS1P1,radiotracer/imaging,3
Placebo (IM),Placebo (IM),ext:placebo,3
febuxostat tablets + placebo of HR091506 tablets,febuxostat tablets + placebo of HR091506 tablets,ext:placebo,3
HR091506 tablets + placebo of febuxostat tablets,HR091506 tablets + placebo of febuxostat tablets,ext:placebo,3
5% glucose injection,5% glucose injection,ext:glucose,3
0.9% Normal saline,0.9% Normal saline,ext:saline,3
Dextrose in Water,Dextrose in Water,ext:dextrose,3
Placebo matching with BMS-823778,Placebo matching with BMS-823778,ext:placebo,3
placebo administration,placebo administration,ext:placebo,3
Transdermal Placebo Patch,Transdermal Placebo Patch,ext:placebo,3
Mannitol (20%),Mannitol (20%),ext:mannitol,3
Placebo for Saxagliptin,Placebo for Saxagliptin,ext:placebo,3
Placebo for ABBV-382,Placebo for ABBV-382,ext:placebo,3
68Ga-DOTATOC,68Ga-DOTATOC,radiotracer/imaging,3
CTP-543 matching placebo,CTP-543 matching placebo,ext:placebo,3
Placebo to QVA149,Placebo to QVA149,ext:placebo,3
ZGN-440 sterile diluent,ZGN-440 sterile diluent,ext:diluent,3
AR-15512 vehicle ophthalmic solution,AR-15512 vehicle ophthalmic solution,ext:vehicle,3
E/C/F/TAF Placebo,E/C/F/TAF Placebo,ext:placebo,3
Placebo + ADT,Placebo + ADT,ext:placebo,3
Placebo to Metformin,Placebo to Metformin,ext:placebo,3
placebo to dexamethasone,placebo to dexamethasone,ext:placebo,3
Sublingual Placebo,Sublingual Placebo,ext:placebo,3
Lutetium[177Lu] Oxodotreotide Injection,Lutetium[177Lu] Oxodotreotide Injection,radiotracer/imaging,3
Heparinized saline,Heparinized saline,ext:saline,3
DWP16001 Placebo,DWP16001 Placebo,ext:placebo,3
Group 1: Placebo,Group 1: Placebo,ext:placebo,3
SHEN26 placebo,SHEN26 placebo,ext:placebo,3
Placebo to match Tolebrutinib,Placebo to match Tolebrutinib,ext:placebo,3
89Zr-bevacizumab,89Zr-bevacizumab,radiotracer/imaging,3
[18F]Florbetapir,[18F]Florbetapir,radiotracer/imaging,3
[18F]MNI-958,[18F]MNI-958,radiotracer/imaging,3
Sodium Bicarbonate (NaHCO3),Sodium Bicarbonate (NaHCO3),ext:sodium bicarbonate,3
[18F]FDG,[18F]FDG,radiotracer/imaging,3
[18F]F-RESCA-RT4,[18F]F-RESCA-RT4,radiotracer/imaging,3
[18F]F-RESCA-T4,[18F]F-RESCA-T4,radiotracer/imaging,3
[68Ga]Ga-NOTA-T4,[68Ga]Ga-NOTA-T4,radiotracer/imaging,3
Placebo Lotion,Placebo Lotion,ext:placebo,3
Placebo for adalimumab,Placebo for adalimumab,ext:placebo,3
Placebo to DOR/ISL,Placebo to DOR/ISL,ext:placebo,3
18F-DCFBC,18F-DCFBC,radiotracer/imaging,3
Inhaled mannitol,Inhaled mannitol,ext:mannitol,3
Single dose placebo,Single dose placebo,ext:placebo,3
Lanraplenib placebo,Lanraplenib placebo,ext:placebo,3
ethanol,ethanol,ext:ethanol,3
Modafinil Placebo,Modafinil Placebo,ext:placebo,3
TP-03 Vehicle,TP-03 Vehicle,ext:vehicle,3
Placebo + Cognitive Behavioral Therapy,Placebo + Cognitive Behavioral Therapy,ext:placebo,3
Sterile Water for Injection,Sterile Water for Injection,ext:water for injection,3
0.9 % sodium chloride,0.9 % sodium chloride,canonical:Sodium Chloride,3
HS-10383 Placebo,HS-10383 Placebo,ext:placebo,3
Placebo (PBO),Placebo (PBO),ext:placebo,3
11C-PIB,11C-PIB,radiotracer/imaging,3
placebo-corifollitropin alfa,placebo-corifollitropin alfa,ext:placebo,3
ISIS 301012 or Placebo,ISIS 301012 or Placebo,ext:placebo,3
Placebo intranasal spray,Placebo intranasal spray,ext:placebo,3
131I-MIBG,131I-MIBG,radiotracer/imaging,3
Placebo (Part 1 - SAD),Placebo (Part 1 - SAD),ext:placebo,3
Placebo (Part 2 - MAD),Placebo (Part 2 - MAD),ext:placebo,3
Placebo (matched to IVA),Placebo (matched to IVA),ext:placebo,3
MRI contrast-enhancing agents,MRI contrast-enhancing agents,ext:contrast,3
Placebo (low dose),Placebo (low dose),ext:placebo,3
Vancomycin Placebo,Vancomycin Placebo,ext:placebo,3
Placebo (NNC0487-0111),Placebo (NNC0487-0111),ext:placebo,3
Lactated Ringer's,Lactated Ringer's,ext:ringer,3
Placebo matching mepolizumab,Placebo matching mepolizumab,ext:placebo,3
Pill Placebo,Pill Placebo,ext:placebo,3
Omeprazole/sodium bicarbonate,Omeprazole/sodium bicarbonate,ext:sodium bicarbonate,3
64Cu-SARTATE,64Cu-SARTATE,radiotracer/imaging,3
Placebo to match AZD8529,Placebo to match AZD8529,ext:placebo,3
Physiological saline,Physiological saline,ext:saline,3
sterile normal saline (0.9% NaCl),sterile normal saline (0.9% NaCl),ext:saline,3
18F-Florbetaben,18F-Florbetaben,radiotracer/imaging,3
Placebo-matching Ubrogepant,Placebo-matching Ubrogepant,ext:placebo,3
Placebo for Aliskiren,Placebo for Aliskiren,ext:placebo,3
Placebo for pembrolizumab,Placebo for pembrolizumab,ext:placebo,3
Glucose-dependent Insulinotropic Polypeptide (GIP),Glucose-dependent Insulinotropic Polypeptide (GIP),ext:glucose,3
5% Glucose Injection,5% Glucose Injection,ext:glucose,3
Ointment vehicle,Ointment vehicle,ext:vehicle,3
Placebo cannabis,Placebo cannabis,ext:placebo,3
Placebo of CDP870,Placebo of CDP870,ext:placebo,3
ADX10059 Matching Placebo,ADX10059 Matching Placebo,ext:placebo,3
Intravenous normal saline,Intravenous normal saline,ext:saline,3
Saline control,Saline control,ext:saline,3
11C-PBR28,11C-PBR28,radiotracer/imaging,3
Physiological saline solution (as placebo),Physiological saline solution (as placebo),ext:placebo,3
normal saline (placebo),normal saline (placebo),ext:placebo,3
placebo of cilostazol,placebo of cilostazol,ext:placebo,3
Magnesium Sulfate and Bupivacaine 0.125%,Magnesium Sulfate and Bupivacaine 0.125%,ext:magnesium sulfate,3
Linaclotide 145 micrograms,Linaclotide 145 micrograms,ext:nacl,3
Placebo for Ezetimibe,Placebo for Ezetimibe,ext:placebo,3
Placebo eye drops,Placebo eye drops,ext:placebo,3
Bacteriostatic saline,Bacteriostatic saline,ext:saline,3
normal saline solution,normal saline solution,ext:saline,3
[18F]THK-5351,[18F]THK-5351,radiotracer/imaging,3
Placebo inhaler,Placebo inhaler,ext:placebo,3
Matching placebo nasal spray,Matching placebo nasal spray,ext:placebo,3
Vedolizumab Placebo,Vedolizumab Placebo,ext:placebo,3
Placebo for ritonavir,Placebo for ritonavir,ext:placebo,3
Placebo for Elagolix,Placebo for Elagolix,ext:placebo,3
placebo control group,placebo control group,ext:placebo,3
11C-MC1,11C-MC1,radiotracer/imaging,3
SABER-Placebo,SABER-Placebo,ext:placebo,3
Placebo of Enalapril,Placebo of Enalapril,ext:placebo,3
Placebo plus Docetaxel,Placebo plus Docetaxel,ext:placebo,3
IV Saline,IV Saline,ext:saline,3
Saline infusion (placebo),Saline infusion (placebo),ext:placebo,3
Placebo Respimat,Placebo Respimat,ext:placebo,3
Placebo Mouthwash,Placebo Mouthwash,ext:placebo,3
Placebo foam,Placebo foam,ext:placebo,3
"Normal Saline Flush, 0.9% Injectable Solution_#1","Normal Saline Flush, 0.9% Injectable Solution_#1",ext:saline,3
Placebo Inhaler,Placebo Inhaler,ext:placebo,3
Placebo of DA-302168S,Placebo of DA-302168S,ext:placebo,3
Magnesium sulfate administration,Magnesium sulfate administration,ext:magnesium sulfate,3
AZR-MD-001 Vehicle,AZR-MD-001 Vehicle,ext:vehicle,3
[11C]AZ14132516,[11C]AZ14132516,radiotracer/imaging,3
Transdermal placebo patch,Transdermal placebo patch,ext:placebo,3
Control group (placebo),Control group (placebo),ext:placebo,3
Placebo (for sarilumab),Placebo (for sarilumab),ext:placebo,3
[18F]APN-1607,[18F]APN-1607,radiotracer/imaging,3
[18F](+/-)NOS,[18F](+/-)NOS,radiotracer/imaging,3
Daily placebo,Daily placebo,ext:placebo,3
Atezolizumab Placebo,Atezolizumab Placebo,ext:placebo,3
placebos,placebos,ext:placebo,3
HRS9531 injection Placebo,HRS9531 injection Placebo,ext:placebo,3
Saline Infusion,Saline Infusion,ext:saline,3
ICP-332 Placebo Tablets,ICP-332 Placebo Tablets,ext:placebo,3
Control: Placebo,Control: Placebo,ext:placebo,3
Maltodextrin (Placebo),Maltodextrin (Placebo),ext:placebo,3
Placebo sugar pill,Placebo sugar pill,ext:placebo,3
Travoprost Vehicle,Travoprost Vehicle,ext:vehicle,3
Doripenem placebo,Doripenem placebo,ext:placebo,3
DTG Placebo,DTG Placebo,ext:placebo,3
Normal Saline (placebo),Normal Saline (placebo),ext:placebo,3
3% hypertonic saline,3% hypertonic saline,ext:saline,3
Placebo IV infusion,Placebo IV infusion,ext:placebo,3
Placebo to Oseltamivir,Placebo to Oseltamivir,ext:placebo,3
Control (Normal saline),Control (Normal saline),ext:saline,3
Placebo (for Dronedarone),Placebo (for Dronedarone),ext:placebo,3
Lactated ringers solution,Lactated ringers solution,ext:ringer,3
Placebo-Saline,Placebo-Saline,ext:placebo,3
Placebo (oral),Placebo (oral),ext:placebo,3
Dextrose 50,Dextrose 50,ext:dextrose,3
Placebo Suspension,Placebo Suspension,ext:placebo,3
IDP-122 Vehicle Lotion,IDP-122 Vehicle Lotion,ext:vehicle,3
Placebo multiple dose,Placebo multiple dose,ext:placebo,3
PLacebo,PLacebo,ext:placebo,3
placebo (unspecified),placebo (unspecified),ext:placebo,3
Sitagliptin Placebo,Sitagliptin Placebo,ext:placebo,3
68Ga-FAPI/18F-FDG,68Ga-FAPI/18F-FDG,radiotracer/imaging,3
Oxygen (placebo),Oxygen (placebo),ext:placebo,3
Placebo ethanol,Placebo ethanol,ext:placebo,3
QAX576 placebo,QAX576 placebo,ext:placebo,3
Placebo (Normal saline),Placebo (Normal saline),ext:placebo,3
Physiologic saline solution,Physiologic saline solution,ext:saline,3
hrIL-2 placebo,hrIL-2 placebo,ext:placebo,3
Placebo once daily,Placebo once daily,ext:placebo,3
Placebo-HFA,Placebo-HFA,ext:placebo,3
Placebo for elsubrutinib,Placebo for elsubrutinib,ext:placebo,3
SHR-1905 Placebo Injection,SHR-1905 Placebo Injection,ext:placebo,3
SRP plus placebo gel,SRP plus placebo gel,ext:placebo,3
Placebo to Zoledronic Acid,Placebo to Zoledronic Acid,ext:placebo,3
Placebo for TransCon CNP,Placebo for TransCon CNP,ext:placebo,3
Dextrose 10%,Dextrose 10%,ext:dextrose,3
Placebo to canakinumab,Placebo to canakinumab,ext:placebo,3
Placebo matching with Dapagliflozin,Placebo matching with Dapagliflozin,ext:placebo,3
TAK-875 Placebo,TAK-875 Placebo,ext:placebo,3
Placebo of Olmesartan,Placebo of Olmesartan,ext:placebo,3
Vehicle of the test product,Vehicle of the test product,ext:vehicle,3
[68Ga]Ga DOTA-5G and [177Lu]Lu DOTA-ABM-5G.,[68Ga]Ga DOTA-5G and [177Lu]Lu DOTA-ABM-5G.,radiotracer/imaging,3
TDF placebo,TDF placebo,ext:placebo,3
Fluorine F 18 Fluorodopa,Fluorine F 18 Fluorodopa,radiotracer/imaging,3
Ringer's Solution,Ringer's Solution,ext:ringer,3
macrogol3350 NA sulphate NACL KCL ascorbic acid NA ascorbate,macrogol3350 NA sulphate NACL KCL ascorbic acid NA ascorbate,ext:nacl,3
"Placebo (Sodium Chloride Injection, 0.9%)","Placebo (Sodium Chloride Injection, 0.9%)",canonical:Sodium Chloride,3
Matching Placebo Tablets,Matching Placebo Tablets,ext:placebo,3
Vehicle ophthalmic solution,Vehicle ophthalmic solution,ext:vehicle,3
Placebo 100mg,Placebo 100mg,ext:placebo,3
Placebo (Normal saline solution),Placebo (Normal saline solution),ext:placebo,3
68Ga-DOTATOC PET/CT,68Ga-DOTATOC PET/CT,radiotracer/imaging,3
Febuxostat placebo,Febuxostat placebo,ext:placebo,3
Placebo Olanzapine,Placebo Olanzapine,ext:placebo,3
177Lu-DOTA0-Tyr3-Octreotate,177Lu-DOTA0-Tyr3-Octreotate,radiotracer/imaging,3
Placebo to FTC/TDF,Placebo to FTC/TDF,ext:placebo,3
18F-FMISO,18F-FMISO,radiotracer/imaging,3
Vedolizumab placebo,Vedolizumab placebo,ext:placebo,3
Matching placebo tablets,Matching placebo tablets,ext:placebo,3
Saline Nasal,Saline Nasal,ext:saline,3
placebo granules,placebo granules,ext:placebo,3
131I-TM601,131I-TM601,radiotracer/imaging,3
NMDAE plus Placebo Cap,NMDAE plus Placebo Cap,ext:placebo,3
saline control,saline control,ext:saline,3
"Cold crystalloid infusions, 0.9%NaCl or Ringer's solution","Cold crystalloid infusions, 0.9%NaCl or Ringer's solution",ext:nacl,3
177Lu-DOTA-EB-TATE,177Lu-DOTA-EB-TATE,radiotracer/imaging,3
BKM120 matching placebo,BKM120 matching placebo,ext:placebo,3
Placebo IM,Placebo IM,ext:placebo,3
Placebo ODT,Placebo ODT,ext:placebo,3
Saline injection (Octreotide LAR placebo),Saline injection (Octreotide LAR placebo),ext:placebo,3
matching placebo of emodepside,matching placebo of emodepside,ext:placebo,3
[18F]PSMA-1007,[18F]PSMA-1007,radiotracer/imaging,3
Active Ethanol,Active Ethanol,ext:ethanol,3
Placebo TID,Placebo TID,ext:placebo,3
Placebo of THDBH120 injection,Placebo of THDBH120 injection,ext:placebo,3
Placebo to Elbasvir,Placebo to Elbasvir,ext:placebo,3
Placebo of MCI-186,Placebo of MCI-186,ext:placebo,3
placebo (artificial tears),placebo (artificial tears),ext:placebo,3
[18F]NAV4694,[18F]NAV4694,radiotracer/imaging,3
Pioglitazone placebo,Pioglitazone placebo,ext:placebo,3
18F-Fluciclovine,18F-Fluciclovine,radiotracer/imaging,3
Semaglutide placebo,Semaglutide placebo,ext:placebo,3
131I-rituximab,131I-rituximab,radiotracer/imaging,3
Placebo 250 mg,Placebo 250 mg,ext:placebo,3
89Zr-Girentuximab,89Zr-Girentuximab,radiotracer/imaging,3
Placebo (0.9% sodium chloride),Placebo (0.9% sodium chloride),canonical:Sodium Chloride,3
prolotherapy solution of 20% dextrose,prolotherapy solution of 20% dextrose,ext:dextrose,3
Dummy Placebo,Dummy Placebo,ext:placebo,3
Iodinated Contrast Media (ICM),Iodinated Contrast Media (ICM),ext:contrast,3
0.9 % Normal Saline,0.9 % Normal Saline,ext:saline,3
Placebo inhalation powder,Placebo inhalation powder,ext:placebo,3
Placebo Alendronate,Placebo Alendronate,ext:placebo,3
Hypertonic saline solution,Hypertonic saline solution,ext:saline,3
[177Lu]Lu-DOTA-TATE,[177Lu]Lu-DOTA-TATE,radiotracer/imaging,3
[68Ga]Ga-DOTA-TATE,[68Ga]Ga-DOTA-TATE,radiotracer/imaging,3
Placebo Part A,Placebo Part A,ext:placebo,3
Placebo (for Alirocumab),Placebo (for Alirocumab),ext:placebo,3
Diluent,Diluent,ext:diluent,3
123I-mIBG (meta-iodobenzylguanidine),123I-mIBG (meta-iodobenzylguanidine),radiotracer/imaging,3
florbetapir (18F),florbetapir (18F),radiotracer/imaging,3
Placebo to match momelotinib,Placebo to match momelotinib,ext:placebo,3
Normal saline and placebo capsule,Normal saline and placebo capsule,ext:placebo,3
99mTc-3PRGD2,99mTc-3PRGD2,radiotracer/imaging,3
177Lu-PNT2002,177Lu-PNT2002,radiotracer/imaging,3
Technetium99,Technetium99,radiotracer/imaging,3
Placebo drops,Placebo drops,ext:placebo,3
Glucose solution,Glucose solution,ext:glucose,3
normal saline group,normal saline group,ext:saline,3
68Ga-NOTA-RM26,68Ga-NOTA-RM26,radiotracer/imaging,3
[11C]PIB,[11C]PIB,radiotracer/imaging,3
Placebo to match SOF,Placebo to match SOF,ext:placebo,3
Placebo Aspirin,Placebo Aspirin,ext:placebo,3
placebo vehicle gel,placebo vehicle gel,ext:placebo,3
18F-NaF,18F-NaF,radiotracer/imaging,3
Donepezil placebo,Donepezil placebo,ext:placebo,3
177Lu-PSMA,177Lu-PSMA,radiotracer/imaging,3
Aspirin Placebo,Aspirin Placebo,ext:placebo,3
Control placebo,Control placebo,ext:placebo,3
Topical saline,Topical saline,ext:saline,3
68Ga-NODAGA-E[c(RGDyK)]2,68Ga-NODAGA-E[c(RGDyK)]2,radiotracer/imaging,3
Telmisartan placebo,Telmisartan placebo,ext:placebo,2
[18F]AV-1451,[18F]AV-1451,radiotracer/imaging,2
68Ga-NEB,68Ga-NEB,radiotracer/imaging,2
Placebo (for REGN475/SAR164877),Placebo (for REGN475/SAR164877),ext:placebo,2
Vehicle of Loteprednol Etabonate,Vehicle of Loteprednol Etabonate,ext:vehicle,2
Sodium Bicarbonate Oral Capsule,Sodium Bicarbonate Oral Capsule,ext:sodium bicarbonate,2
Cetirizine Placebo,Cetirizine Placebo,ext:placebo,2
RVL-1201 Vehicle Placebo,RVL-1201 Vehicle Placebo,ext:placebo,2
Placebo to tocilizumab,Placebo to tocilizumab,ext:placebo,2
Placebo for CAB LA,Placebo for CAB LA,ext:placebo,2
PF-04457845 / matched placebo,PF-04457845 / matched placebo,ext:placebo,2
Matching placebo capsules,Matching placebo capsules,ext:placebo,2
NaCl %0.9,NaCl %0.9,ext:nacl,2
Alogliptin Placebo,Alogliptin Placebo,ext:placebo,2
Metformin Placebo,Metformin Placebo,ext:placebo,2
Placebo for Moxifloxacin,Placebo for Moxifloxacin,ext:placebo,2
225Ac-LNC1011,225Ac-LNC1011,radiotracer/imaging,2
Placebo of aspirin,Placebo of aspirin,ext:placebo,2
QLM3003 Placebo,QLM3003 Placebo,ext:placebo,2
Ringer solution,Ringer solution,ext:ringer,2
Placebo beverage,Placebo beverage,ext:placebo,2
Phase 3; Placebo,Phase 3; Placebo,ext:placebo,2
Placebo sublingual tablet,Placebo sublingual tablet,ext:placebo,2
Phase 2; Placebo,Phase 2; Placebo,ext:placebo,2
177Lu-PSMA-I&T,177Lu-PSMA-I&T,radiotracer/imaging,2
Normal saline irrigation,Normal saline irrigation,ext:saline,2
Saline administration as placebo,Saline administration as placebo,ext:placebo,2
Double-blind Placebo,Double-blind Placebo,ext:placebo,2
11C-acetate,11C-acetate,radiotracer/imaging,2
IV Magnesium Sulfate,IV Magnesium Sulfate,ext:magnesium sulfate,2
Oxygen Gas for Inhalation,Oxygen Gas for Inhalation,ext:oxygen,2
Placebo (QVA149),Placebo (QVA149),ext:placebo,2
Placebo Subcutaneous,Placebo Subcutaneous,ext:placebo,2
SHAPE measurement (Sonazoid ultrasoud contrast agent),SHAPE measurement (Sonazoid ultrasoud contrast agent),ext:contrast,2
Saline Inhalants,Saline Inhalants,ext:saline,2
Placebo Intravenous,Placebo Intravenous,ext:placebo,2
BMS-986278 Placebo,BMS-986278 Placebo,ext:placebo,2
Topical Placebo Gel,Topical Placebo Gel,ext:placebo,2
XKH001 Placebo Injection,XKH001 Placebo Injection,ext:placebo,2
Adalimumab placebo,Adalimumab placebo,ext:placebo,2
Placebo Sugar Pill,Placebo Sugar Pill,ext:placebo,2
1.85GBq (50 mCi) of 177Lu-EB-PSMA-617,1.85GBq (50 mCi) of 177Lu-EB-PSMA-617,radiotracer/imaging,2
Placebo Ophthalmic Solution (Vehicle),Placebo Ophthalmic Solution (Vehicle),ext:placebo,2
Placebo to match sirukumab,Placebo to match sirukumab,ext:placebo,2
F18-FDG,F18-FDG,radiotracer/imaging,2
Drug placebo,Drug placebo,ext:placebo,2
Injection of 99mTc-NM-02,Injection of 99mTc-NM-02,radiotracer/imaging,2
"Hypertonic Saline Solution, 1 Ml","Hypertonic Saline Solution, 1 Ml",ext:saline,2
Saline solution for injection,Saline solution for injection,ext:saline,2
[11C]UCB-J radiotracer,[11C]UCB-J radiotracer,radiotracer/imaging,2
IDP-120 Vehicle Gel,IDP-120 Vehicle Gel,ext:vehicle,2
Placebo + Methotrexate,Placebo + Methotrexate,ext:placebo,2
Technetium-TC99m-labeled Annexin A5,Technetium-TC99m-labeled Annexin A5,radiotracer/imaging,2
"Placebo, extended-release microspheres","Placebo, extended-release microspheres",ext:placebo,2
Glucose-dependent Insulinotropic Polypeptide plus Xenin-25,Glucose-dependent Insulinotropic Polypeptide plus Xenin-25,ext:glucose,2
Placebo plaster,Placebo plaster,ext:placebo,2
Sitagliptin placebo,Sitagliptin placebo,ext:placebo,2
Placebo PO,Placebo PO,ext:placebo,2
Placebo for sitagliptin,Placebo for sitagliptin,ext:placebo,2
Matching placebo to glimepiride,Matching placebo to glimepiride,ext:placebo,2
Placebo SABER-Bupivacaine Treatment 1b,Placebo SABER-Bupivacaine Treatment 1b,ext:placebo,2
Placebo SABER-Bupivacaine Treatment 2b,Placebo SABER-Bupivacaine Treatment 2b,ext:placebo,2
64Cu-ATSM,64Cu-ATSM,radiotracer/imaging,2
18F-PBR06,18F-PBR06,radiotracer/imaging,2
68Ga-PSMA-617,68Ga-PSMA-617,radiotracer/imaging,2
vehicle control,vehicle control,ext:vehicle,2
Placebo to Alendronate,Placebo to Alendronate,ext:placebo,2
Gadolinium-Chelate,Gadolinium-Chelate,ext:gadolinium,2
Placebo to match Andecaliximab,Placebo to match Andecaliximab,ext:placebo,2
Dose-matched Placebo to Suvorexant,Dose-matched Placebo to Suvorexant,ext:placebo,2
Placebo (including Maltodextrin),Placebo (including Maltodextrin),ext:placebo,2
Olopatadine 0.2% Vehicle,Olopatadine 0.2% Vehicle,ext:vehicle,2
Placebo Prednisolone,Placebo Prednisolone,ext:placebo,2
Modulation of Inspired Fraction of Oxygen (FiO2),Modulation of Inspired Fraction of Oxygen (FiO2),ext:oxygen,2
0.9% NaCl isotonic saline solution,0.9% NaCl isotonic saline solution,ext:saline,2
Physiological Saline,Physiological Saline,ext:saline,2
Lutetium [177Lu] BL-ARC001,Lutetium [177Lu] BL-ARC001,radiotracer/imaging,2
Placebo to triamcinolone acetonide,Placebo to triamcinolone acetonide,ext:placebo,2
6-[18F]Fluorodopamine,6-[18F]Fluorodopamine,radiotracer/imaging,2
Granulocyte colony-stimulating factor plus placebo,Granulocyte colony-stimulating factor plus placebo,ext:placebo,2
Saline solution (NaCl 0.9%),Saline solution (NaCl 0.9%),canonical:NaCl 0.9%,2
Placebo (matched to ELX/TEZ/IVA),Placebo (matched to ELX/TEZ/IVA),ext:placebo,2
Placebo (matched to VX-121/TEZ/D-IVA),Placebo (matched to VX-121/TEZ/D-IVA),ext:placebo,2
Placebo to Etanercept,Placebo to Etanercept,ext:placebo,2
89Zr-TLX250,89Zr-TLX250,radiotracer/imaging,2
Placebo matching BI 1291583,Placebo matching BI 1291583,ext:placebo,2
Iodinated Contrast Agent,Iodinated Contrast Agent,ext:contrast,2
13N-Ammonia,13N-Ammonia,radiotracer/imaging,2
Placebo RVX000222,Placebo RVX000222,ext:placebo,2
Placebo for ORM-12741,Placebo for ORM-12741,ext:placebo,2
Placebo matching lenvatinib,Placebo matching lenvatinib,ext:placebo,2
"Placebo, Saline","Placebo, Saline",ext:placebo,2
Placebo control group,Placebo control group,ext:placebo,2
Intravenous Alcohol,Intravenous Alcohol,ext:alcohol,2
TAK-954 Placebo,TAK-954 Placebo,ext:placebo,2
Placebo orodispersible tablet twice daily,Placebo orodispersible tablet twice daily,ext:placebo,2
perfluorinated gas/oxygen mixture,perfluorinated gas/oxygen mixture,ext:oxygen,2
Baricitinib Placebo,Baricitinib Placebo,ext:placebo,2
Placebo (single dose),Placebo (single dose),ext:placebo,2
Mannitol cream,Mannitol cream,ext:mannitol,2
Dextrose prolotherapy,Dextrose prolotherapy,ext:dextrose,2
Injection of 68Ga-NOTA-AE105,Injection of 68Ga-NOTA-AE105,radiotracer/imaging,2
0.9% NaCl & Refresh Liquigel,0.9% NaCl & Refresh Liquigel,ext:nacl,2
Placebo to HCTZ,Placebo to HCTZ,ext:placebo,2
Placebo Turbuhaler®,Placebo Turbuhaler,ext:placebo,2
Atripla Placebo,Atripla Placebo,ext:placebo,2
Stribild Placebo,Stribild Placebo,ext:placebo,2
Rifaximin Placebo,Rifaximin Placebo,ext:placebo,2
MY008211A tablets matched placebo,MY008211A tablets matched placebo,ext:placebo,2
89Zr-J591,89Zr-J591,radiotracer/imaging,2
MRI contrast-enhancing preparations,MRI contrast-enhancing preparations,ext:contrast,2
MLN1202 Placebo,MLN1202 Placebo,ext:placebo,2
TT-00920 Placebo,TT-00920 Placebo,ext:placebo,2
Placebo Ketamine,Placebo Ketamine,ext:placebo,2
68Ga-HBED-CC-PSMA,68Ga-HBED-CC-PSMA,radiotracer/imaging,2
Placebo Inhalation Powder,Placebo Inhalation Powder,ext:placebo,2
"sodium chloride 0,9%","sodium chloride 0,9%",canonical:Sodium Chloride,2
0.3%/1% vehicle gel only,0.3%/1% vehicle gel only,ext:vehicle,2
SHR0302 placebo comparator,SHR0302 placebo comparator,ext:placebo,2
Magnesium Sulfate 10 MG/ML,Magnesium Sulfate 10 MG/ML,ext:magnesium sulfate,2
Isotonic saline 0.9%,Isotonic saline 0.9%,ext:saline,2
Lenalidomide placebo,Lenalidomide placebo,ext:placebo,2
SPARC Placebo,SPARC Placebo,ext:placebo,2
Placebo capsules of Minocycline hydrochloride capsules,Placebo capsules of Minocycline hydrochloride capsules,ext:placebo,2
Fluticasone propionate placebo,Fluticasone propionate placebo,ext:placebo,2
Placebo-SC,Placebo-SC,ext:placebo,2
Lactate Ringer,Lactate Ringer,ext:ringer,2
Ethanol Solution,Ethanol Solution,ext:ethanol,2
Intravenous normal saline (NS 0.9),Intravenous normal saline (NS 0.9),ext:saline,2
25mg/week oral placebo tablets,25mg/week oral placebo tablets,ext:placebo,2
Placebo (for Tiotropium),Placebo (for Tiotropium),ext:placebo,2
11C-choline,11C-choline,radiotracer/imaging,2
Matching Placebo (B),Matching Placebo (B),ext:placebo,2
Placebo to match BI 730357,Placebo to match BI 730357,ext:placebo,2
Sodium Bicarbonate Solution,Sodium Bicarbonate Solution,ext:sodium bicarbonate,2
Comparator: placebo / Duration of Treatment - 1 day,Comparator: placebo / Duration of Treatment - 1 day,ext:placebo,2
Placebo Ophthalmic solution,Placebo Ophthalmic solution,ext:placebo,2
Placebo injection (normal saline),Placebo injection (normal saline),ext:placebo,2
Carbon dioxide,Carbon dioxide,ext:carbon dioxide,2
Placebo intramuscular injection,Placebo intramuscular injection,ext:placebo,2
Prednisone Placebo,Prednisone Placebo,ext:placebo,2
Placebo of ZT006,Placebo of ZT006,ext:placebo,2
Arthrocentesis with ringer solution,Arthrocentesis with ringer solution,ext:ringer,2
Atorvastatin Placebo,Atorvastatin Placebo,ext:placebo,2
PF-07038124 or vehicle,PF-07038124 or vehicle,ext:vehicle,2
Placebo for ABT-450/r/ABT-267,Placebo for ABT-450/r/ABT-267,ext:placebo,2
Placebo for ABT-333,Placebo for ABT-333,ext:placebo,2
Placebo matching Saxagliptin,Placebo matching Saxagliptin,ext:placebo,2
Placebo matching Metformin,Placebo matching Metformin,ext:placebo,2
11C-butanol,11C-butanol,radiotracer/imaging,2
Placebo-Normal Saline,Placebo-Normal Saline,ext:placebo,2
Open Label Placebo,Open Label Placebo,ext:placebo,2
Matching placebo to K-757 and matching placebo to K-833,Matching placebo to K-757 and matching placebo to K-833,ext:placebo,2
Placebo Matching Mitapivat,Placebo Matching Mitapivat,ext:placebo,2
"Placebo, tablet","Placebo, tablet",ext:placebo,2
Placebo-IV,Placebo-IV,ext:placebo,2
Linagliptin placebo,Linagliptin placebo,ext:placebo,2
[68Ga]P3,[68Ga]P3,radiotracer/imaging,2
Dextrose 20 % in Water,Dextrose 20 % in Water,ext:dextrose,2
Tirzepatide-Placebo,Tirzepatide-Placebo,ext:placebo,2
Nebulized normal saline,Nebulized normal saline,ext:saline,2
intranasal Placebo,intranasal Placebo,ext:placebo,2
oral-spray 0.9% NaCl physiological saline solution,oral-spray 0.9% NaCl physiological saline solution,ext:saline,2
Intrathecal Saline,Intrathecal Saline,ext:saline,2
Alcohol placebo,Alcohol placebo,ext:placebo,2
18F-fluoromisonidazole,18F-fluoromisonidazole,radiotracer/imaging,2
Stillen® Tab Placebo,Stillen Tab Placebo,ext:placebo,2
Methotrexate placebo,Methotrexate placebo,ext:placebo,2
Ringer's solution,Ringer's solution,ext:ringer,2
18F-florbetaben,18F-florbetaben,radiotracer/imaging,2
Sodium-glucose cotransporter 2 (SGLT2) inhibitors,Sodium-glucose cotransporter 2 (SGLT2) inhibitors,ext:glucose,2
LEO 29102 Cream Vehicle,LEO 29102 Cream Vehicle,ext:vehicle,2
dehydrated alcohol,dehydrated alcohol,ext:alcohol,2
Sterile Sodium Chloride,Sterile Sodium Chloride,canonical:Sodium Chloride,2
Palmitoylethanolamide (PEA),Palmitoylethanolamide (PEA),ext:ethanol,2
Aerosolized Placebo,Aerosolized Placebo,ext:placebo,2
SHR-1209 Placebo,SHR-1209 Placebo,ext:placebo,2
Placebo to aliskiren,Placebo to aliskiren,ext:placebo,2
Placebo for MK-8892,Placebo for MK-8892,ext:placebo,2
Placebo Testosterone,Placebo Testosterone,ext:placebo,2
Trifarotene Vehicle Cream,Trifarotene Vehicle Cream,ext:vehicle,2
[11C]Acetate,[11C]Acetate,radiotracer/imaging,2
Oseltamivir Placebo,Oseltamivir Placebo,ext:placebo,2
placebo NRT,placebo NRT,ext:placebo,2
TAK-063 Placebo,TAK-063 Placebo,ext:placebo,2
[18F]FLT,[18F]FLT,radiotracer/imaging,2
Vehicle of P-3073,Vehicle of P-3073,ext:vehicle,2
COBI placebo,COBI placebo,ext:placebo,2
RTV placebo,RTV placebo,ext:placebo,2
[18F]FP-R01-MG-F2,[18F]FP-R01-MG-F2,radiotracer/imaging,2
placebo for ustekinumab,placebo for ustekinumab,ext:placebo,2
JNJ-77242113 Matching Placebo,JNJ-77242113 Matching Placebo,ext:placebo,2
Deucravacitinib Matching Placebo,Deucravacitinib Matching Placebo,ext:placebo,2
68Ga-FAP-2286,68Ga-FAP-2286,radiotracer/imaging,2
NaCl 0.9% 100ml,NaCl 0.9% 100ml,canonical:NaCl 0.9%,2
Matching Placebo Tablet,Matching Placebo Tablet,ext:placebo,2
placebo mouthwash,placebo mouthwash,ext:placebo,2
a placebo of exosomes derived from human induced pluripotent stem cell for injection,a placebo of exosomes derived from human induced pluripotent stem cell for injection,ext:placebo,2
18F-FDG Injection,18F-FDG Injection,radiotracer/imaging,2
Ropivacaine 0.25%-NaCl 0.9% Injectable Solution,Ropivacaine 0.25%-NaCl 0.9% Injectable Solution,canonical:NaCl 0.9%,2
[18F]CTT1057,[18F]CTT1057,radiotracer/imaging,2
technetium-99m - Diethylenetriaminepentaacetic acid,technetium-99m - Diethylenetriaminepentaacetic acid,radiotracer/imaging,2
Placebo Pills,Placebo Pills,ext:placebo,2
Limonene capsules(Placebo),Limonene capsules(Placebo),ext:placebo,2
Potassium Chloride (KCl),Potassium Chloride (KCl),ext:potassium chloride,2
Placebo MAD,Placebo MAD,ext:placebo,2
Normal Saline as Placebo,Normal Saline as Placebo,ext:placebo,2
Technetium Tc-99m Sulfur Colloid,Technetium Tc-99m Sulfur Colloid,radiotracer/imaging,2
Control Placebo,Control Placebo,ext:placebo,2
ENERGI-F703 matched vehicle,ENERGI-F703 matched vehicle,ext:vehicle,2
RV1729 matching placebo single dose,RV1729 matching placebo single dose,ext:placebo,2
Placebo (PBS-20% sucrose),Placebo (PBS-20% sucrose),ext:placebo,2
GSK1521498 or placebo,GSK1521498 or placebo,ext:placebo,2
124-Iodine-cG250 (124I-cG250),124-Iodine-cG250 (124I-cG250),radiotracer/imaging,2
Placebo SC LEN,Placebo SC LEN,ext:placebo,2
[11C]-PIB,[11C]-PIB,radiotracer/imaging,2
Placebo (for Pregabalin),Placebo (for Pregabalin),ext:placebo,2
Placebo for risankizumab,Placebo for risankizumab,ext:placebo,2
Placebo control drug,Placebo control drug,ext:placebo,2
5% glucose,5% glucose,ext:glucose,2
Placebo of Simvastatin,Placebo of Simvastatin,ext:placebo,2
5ml of inhaled normal saline,5ml of inhaled normal saline,ext:saline,2
Placebo (for SSR411298),Placebo (for SSR411298),ext:placebo,2
Placebo Propranolol,Placebo Propranolol,ext:placebo,2
Placebo matching survodutide,Placebo matching survodutide,ext:placebo,2
Clonidine Placebo,Clonidine Placebo,ext:placebo,2
Antidepressant + placebo,Antidepressant + placebo,ext:placebo,2
"Placebo, vehicle control","Placebo, vehicle control",ext:placebo,2
[177Lu]Lu-XT117,[177Lu]Lu-XT117,radiotracer/imaging,2
Placebo marked PEXSIG,Placebo marked PEXSIG,ext:placebo,2
"Placebo,","Placebo,",ext:placebo,2
Intranasal placebo administration,Intranasal placebo administration,ext:placebo,2
18F-FPPRGD2,18F-FPPRGD2,radiotracer/imaging,2
Active Placebo,Active Placebo,ext:placebo,2
Placebo for Estradiol/Norethindrone Acetate,Placebo for Estradiol/Norethindrone Acetate,ext:placebo,2
Smoked Placebo Cannabis Low CBD/low THC,Smoked Placebo Cannabis Low CBD/low THC,ext:placebo,2
Tamoxifen (Nolvadex) placebo,Tamoxifen (Nolvadex) placebo,ext:placebo,2
Dapagliflozin matching placebo,Dapagliflozin matching placebo,ext:placebo,2
[11C]ER176,[11C]ER176,radiotracer/imaging,2
Placebo to MK-8527,Placebo to MK-8527,ext:placebo,2
ADV placebo,ADV placebo,ext:placebo,2
Placebo or sugar pill,Placebo or sugar pill,ext:placebo,2
Ketamine + Magnesium sulfate (drug combination),Ketamine + Magnesium sulfate (drug combination),ext:magnesium sulfate,2
The placebo of Suxiao Jiuxin Pills,The placebo of Suxiao Jiuxin Pills,ext:placebo,2
EQ001 Placebo,EQ001 Placebo,ext:placebo,2
Placebo to Ezetimibe,Placebo to Ezetimibe,ext:placebo,2
nasal saline spray,nasal saline spray,ext:saline,2
Placebo to Upadacitinib,Placebo to Upadacitinib,ext:placebo,2
Contrast enhanced Ultrasound,Contrast enhanced Ultrasound,ext:contrast,2
BTA-C585 matching placebo,BTA-C585 matching placebo,ext:placebo,2
68Ga-NOTA-exendin-4,68Ga-NOTA-exendin-4,radiotracer/imaging,2
Control: Placebo administration,Control: Placebo administration,ext:placebo,2
177Lu-PSMA-0057,177Lu-PSMA-0057,radiotracer/imaging,2
18F-fluorofuranylnorprogesterone,18F-fluorofuranylnorprogesterone,radiotracer/imaging,2
Placebo first,Placebo first,ext:placebo,2
Liquid nitrogen,Liquid nitrogen,ext:nitrogen,2
Roflumilast placebo,Roflumilast placebo,ext:placebo,2
TAK-831 Placebo,TAK-831 Placebo,ext:placebo,2
Oral Placebo Tablet,Oral Placebo Tablet,ext:placebo,2
Placebo oral liquid,Placebo oral liquid,ext:placebo,2
Placebo - Losartan,Placebo - Losartan,ext:placebo,2
MG-K10/Placebo,MG-K10/Placebo,ext:placebo,2
Ringer's Lactate Crystalloid Solutions,Ringer's Lactate Crystalloid Solutions,ext:ringer,2
Magnesium Sulfate high dose,Magnesium Sulfate high dose,ext:magnesium sulfate,2
Active Oral Ethanol,Active Oral Ethanol,ext:ethanol,2
Barium,Barium,ext:barium,2
Hypertonic sodium lactate,Hypertonic sodium lactate,canonical:Sodium Lactate,2
Technetium (99mTc),Technetium (99mTc),radiotracer/imaging,2
Placebo Antibiotic and Valortim,Placebo Antibiotic and Valortim,ext:placebo,2
Avonex® matched Placebo,Avonex matched Placebo,ext:placebo,2
Evobrutinib matched Placebo,Evobrutinib matched Placebo,ext:placebo,2
saline solution (placebo),saline solution (placebo),ext:placebo,2
Placebo 3ml,Placebo 3ml,ext:placebo,2
Matching Placebo (Solanezumab),Matching Placebo (Solanezumab),ext:placebo,2
Matching Placebo (Gantenerumab),Matching Placebo (Gantenerumab),ext:placebo,2
Placebo matching gepotidacin,Placebo matching gepotidacin,ext:placebo,2
Placebo matching nitrofurantoin,Placebo matching nitrofurantoin,ext:placebo,2
Matching Placebo (E2814),Matching Placebo (E2814),ext:placebo,2
Beetroot juice placebo,Beetroot juice placebo,ext:placebo,2
Placebo (matched to VX-548),Placebo (matched to VX-548),ext:placebo,2
Placebo (Vehicle) ophthalmic solution,Placebo (Vehicle) ophthalmic solution,ext:placebo,2
Liraglutide - Placebo,Liraglutide - Placebo,ext:placebo,2
Placebo for anacetrapib,Placebo for anacetrapib,ext:placebo,2
Placebo (matching),Placebo (matching),ext:placebo,2
F-18 Fluorodeoxyglucose,F-18 Fluorodeoxyglucose,ext:glucose,2
Control: Saline,Control: Saline,ext:saline,2
Aprepitant placebo,Aprepitant placebo,ext:placebo,2
11C-Acetate,11C-Acetate,radiotracer/imaging,2
Bacteriostatic Normal Saline,Bacteriostatic Normal Saline,ext:saline,2
STSA-1002 Injection Placebo,STSA-1002 Injection Placebo,ext:placebo,2
Placebo Nicotine Patch,Placebo Nicotine Patch,ext:placebo,2
Placebo & Aspirin,Placebo & Aspirin,ext:placebo,2
64Cu-FBP8,64Cu-FBP8,radiotracer/imaging,2
[18F]MK-3328,[18F]MK-3328,radiotracer/imaging,2
aplindore MR tablets or Placebo,aplindore MR tablets or Placebo,ext:placebo,2
111In-DAC,111In-DAC,radiotracer/imaging,2
inhaled placebo,inhaled placebo,ext:placebo,2
ICP-488 Placebo,ICP-488 Placebo,ext:placebo,2
"Placebo, multiple ascending doses, oral suspension","Placebo, multiple ascending doses, oral suspension",ext:placebo,2
inhaled hypertonic saline (7%),inhaled hypertonic saline (7%),ext:saline,2
Vehicle topical gel,Vehicle topical gel,ext:vehicle,2
Placebo NDPI,Placebo NDPI,ext:placebo,2
EC17 imaging contrast agent,EC17 imaging contrast agent,ext:contrast,2
Placebo for Atorvastatin,Placebo for Atorvastatin,ext:placebo,2
ABC/DTG/3TC Placebo,ABC/DTG/3TC Placebo,ext:placebo,2
HS-10384-matched placebo tablets,HS-10384-matched placebo tablets,ext:placebo,2
Placebo to Romosozumab,Placebo to Romosozumab,ext:placebo,2
Placebo - Solution,Placebo - Solution,ext:placebo,2
Placebo ELLIPTA DPI,Placebo ELLIPTA DPI,ext:placebo,2
Placebo (1.0 ml),Placebo (1.0 ml),ext:placebo,2
Placebo (0.5 ml),Placebo (0.5 ml),ext:placebo,2
Vitamin Complex (placebo),Vitamin Complex (placebo),ext:placebo,2
Placebo topical gel,Placebo topical gel,ext:placebo,2
TNP-2198 Placebo,TNP-2198 Placebo,ext:placebo,2
FDG-PET,FDG-PET,radiotracer/imaging,2
Topical gel vehicle,Topical gel vehicle,ext:vehicle,2
"Contrast Media, Magnetic Resonance","Contrast Media, Magnetic Resonance",ext:contrast,2
Sodium chloride solution 0.9% (saline),Sodium chloride solution 0.9% (saline),canonical:Sodium Chloride,2
Vehicle of test product,Vehicle of test product,ext:vehicle,2
Placebo MDI HFA,Placebo MDI HFA,ext:placebo,2
[11C]APP311,[11C]APP311,radiotracer/imaging,2
Ringer's lactate solution,Ringer's lactate solution,ext:ringer,2
Saline 9%,Saline 9%,ext:saline,2
95% ethanol,95% ethanol,ext:ethanol,2
177Lu-LNC1011,177Lu-LNC1011,radiotracer/imaging,2
Hypertonic Saline 3%,Hypertonic Saline 3%,ext:saline,2
Inactive Placebo Gas,Inactive Placebo Gas,ext:placebo,2
Placebo for JNJ-56136379,Placebo for JNJ-56136379,ext:placebo,2
Placebo for JNJ-73763989,Placebo for JNJ-73763989,ext:placebo,2
sodium chloride injection,sodium chloride injection,canonical:Sodium Chloride,2
NaCl 9/00,NaCl 9/00,ext:nacl,2
Placebo colchicine,Placebo colchicine,ext:placebo,2
Saline Nasal Mist,Saline Nasal Mist,ext:saline,2
Tildacerfont/Placebo,Tildacerfont/Placebo,ext:placebo,2
Placebo for nirmatrelvir,Placebo for nirmatrelvir,ext:placebo,2
[F-18] Fluorodopa Positron Emission Tomography,[F-18] Fluorodopa Positron Emission Tomography,radiotracer/imaging,2
Intra-articular saline injection,Intra-articular saline injection,ext:saline,2
oral lollipop with placebo,oral lollipop with placebo,ext:placebo,2
Placebo (NNC6019-0001),Placebo (NNC6019-0001),ext:placebo,2
Placebo to Palonosetron,Placebo to Palonosetron,ext:placebo,2
Placebo to Ondansetron,Placebo to Ondansetron,ext:placebo,2
ZGN-440 Placebo for Injectable Suspension,ZGN-440 Placebo for Injectable Suspension,ext:placebo,2
18F-PSMA,18F-PSMA,radiotracer/imaging,2
0.9 % normal saline,0.9 % normal saline,ext:saline,2
Methotrexate Placebo,Methotrexate Placebo,ext:placebo,2
Adalimumab Placebo,Adalimumab Placebo,ext:placebo,2
"Placebo, the same intranasal spray solution without PA9159 active ingredient","Placebo, the same intranasal spray solution without PA9159 active ingredient",ext:placebo,2
Placebo ASP8062,Placebo ASP8062,ext:placebo,2
Placebo to ezetimibe/atorvastatin,Placebo to ezetimibe/atorvastatin,ext:placebo,2
Placebo to ezetimibe,Placebo to ezetimibe,ext:placebo,2
Placebo to atorvastatin,Placebo to atorvastatin,ext:placebo,2
Placebo (for Aspirin),Placebo (for Aspirin),ext:placebo,2
Alcoholic beverage,Alcoholic beverage,ext:alcohol,2
Topical placebo cream,Topical placebo cream,ext:placebo,2
FB2001 placebo,FB2001 placebo,ext:placebo,2
Contrast Media,Contrast Media,ext:contrast,2
HT-6184 Placebo,HT-6184 Placebo,ext:placebo,2
4 mL injection of Placebo,4 mL injection of Placebo,ext:placebo,2
VX-509 matching placebo,VX-509 matching placebo,ext:placebo,2
68Ga-FAPI-46,68Ga-FAPI-46,radiotracer/imaging,2
Placebo for MK-8150,Placebo for MK-8150,ext:placebo,2
[18F]RO6958948,[18F]RO6958948,radiotracer/imaging,2
Placebo of YJ001 for Spray Use,Placebo of YJ001 for Spray Use,ext:placebo,2
Placebo (PLB),Placebo (PLB),ext:placebo,2
Placebo to Match Filgotinib,Placebo to Match Filgotinib,ext:placebo,2
Isopropyl Alcohol 70% Topical Application Solution,Isopropyl Alcohol 70% Topical Application Solution,ext:alcohol,2
SHR0302 placebo,SHR0302 placebo,ext:placebo,2
Placebo to BI 1026706,Placebo to BI 1026706,ext:placebo,2
64Cu-SAR-BBN,64Cu-SAR-BBN,radiotracer/imaging,2
Ranolazine placebo,Ranolazine placebo,ext:placebo,2
Low dose Placebo,Low dose Placebo,ext:placebo,2
sterile saline solution,sterile saline solution,ext:saline,2
Intervention A Placebo,Intervention A Placebo,ext:placebo,2
Intervention B Placebo,Intervention B Placebo,ext:placebo,2
Intervention C Placebo,Intervention C Placebo,ext:placebo,2
Intervention D Placebo,Intervention D Placebo,ext:placebo,2
Placebo for Product 0405,Placebo for Product 0405,ext:placebo,2
Placebo to glipizide,Placebo to glipizide,ext:placebo,2
Superior laryngeal nerve block - Placebo (saline),Superior laryngeal nerve block - Placebo (saline),ext:placebo,2
moxifloxacin placebo,moxifloxacin placebo,ext:placebo,2
Placebo matching enalapril,Placebo matching enalapril,ext:placebo,2
3'-Deoxy-3'-18f-Fluorothymidine,3'-Deoxy-3'-18f-Fluorothymidine,radiotracer/imaging,2
Placebo topical cream,Placebo topical cream,ext:placebo,2
Placebo granule,Placebo granule,ext:placebo,2
Placebo to match aficamten,Placebo to match aficamten,ext:placebo,2
Saline -- placebo comparator,Saline -- placebo comparator,ext:placebo,2
Ethanol Lock,Ethanol Lock,ext:ethanol,2
Placebo inhalation powder capsules,Placebo inhalation powder capsules,ext:placebo,2
Letrozole-matching placebo,Letrozole-matching placebo,ext:placebo,2
Amcenestrant-matching placebo,Amcenestrant-matching placebo,ext:placebo,2
Preservative free normal saline,Preservative free normal saline,ext:saline,2
Placebo (for ATG),Placebo (for ATG),ext:placebo,2
Placebo Tablet or Capsule,Placebo Tablet or Capsule,ext:placebo,2
Placebo vaginal cream,Placebo vaginal cream,ext:placebo,2
Placebo to match metoprolol succinate,Placebo to match metoprolol succinate,ext:placebo,2
Prednisone placebo,Prednisone placebo,ext:placebo,2
68Ga-NODAGA-RGD PET/CT,68Ga-NODAGA-RGD PET/CT,radiotracer/imaging,2
[11C]MK-3168,[11C]MK-3168,radiotracer/imaging,2
Placebo 150 μg,Placebo 150 μg,ext:placebo,2
Placebo matching Permixon® 160 mg,Placebo matching Permixon 160 mg,ext:placebo,2
Teneligliptin Placebo Oral Tablet,Teneligliptin Placebo Oral Tablet,ext:placebo,2
Placebo 300 μg,Placebo 300 μg,ext:placebo,2
Placebo to match Teriflunomide,Placebo to match Teriflunomide,ext:placebo,2
Apixaban Placebo,Apixaban Placebo,ext:placebo,2
omeprazole/sodium bicarbonate,omeprazole/sodium bicarbonate,ext:sodium bicarbonate,2
placebo Capsule,placebo Capsule,ext:placebo,2
ZuraPrep Vehicle,ZuraPrep Vehicle,ext:vehicle,2
[68Ga]PSMA,[68Ga]PSMA,radiotracer/imaging,2
Mitapivat-matching placebo,Mitapivat-matching placebo,ext:placebo,2
Placebo (human albumin 1%),Placebo (human albumin 1%),ext:placebo,2
Sham/placebo,Sham/placebo,ext:placebo,2
Ringers Solution,Ringers Solution,ext:ringer,2
Placebo Teriparatide,Placebo Teriparatide,ext:placebo,2
Combination ipratropium/salbutamol or placebo (nebulization),Combination ipratropium/salbutamol or placebo (nebulization),ext:placebo,2
18F-fluorofuranylnorprogesterone PET / MRI,18F-fluorofuranylnorprogesterone PET / MRI,radiotracer/imaging,2
Injection of normal saline,Injection of normal saline,ext:saline,2
Loperamide placebo,Loperamide placebo,ext:placebo,2
"0,9% saline","0,9% saline",ext:saline,2
Placebo inhalation solution,Placebo inhalation solution,ext:placebo,2
Dexamethasone Placebo,Dexamethasone Placebo,ext:placebo,2
Fosaprepitant Placebo,Fosaprepitant Placebo,ext:placebo,2
"Placebo (0,9% NaCl solution)","Placebo (0,9% NaCl solution)",ext:placebo,2
[11C]raclopride,[11C]raclopride,radiotracer/imaging,2
Placebo 250 mg Tablets,Placebo 250 mg Tablets,ext:placebo,2
MC-1101 Vehicle,MC-1101 Vehicle,ext:vehicle,2
AZVUDINE placebo,AZVUDINE placebo,ext:placebo,2
Ringer Lactate,Ringer Lactate,ext:ringer,2
Placebo (lactose),Placebo (lactose),ext:placebo,2
Tiotropium matching placebo,Tiotropium matching placebo,ext:placebo,2
Placebo to BAY3283142,Placebo to BAY3283142,ext:placebo,2
Active placebo,Active placebo,ext:placebo,2
MC2-25 vehicle,MC2-25 vehicle,ext:vehicle,2
[18F]ISO-1,[18F]ISO-1,radiotracer/imaging,2
fludeoxyglucose F 18,fludeoxyglucose F 18,radiotracer/imaging,2
Matching Placebo (IV),Matching Placebo (IV),ext:placebo,2
Matching Placebo (SC),Matching Placebo (SC),ext:placebo,2
Normal (0.9%) saline,Normal (0.9%) saline,ext:saline,2
68Ga-DOTA-FAPI,68Ga-DOTA-FAPI,radiotracer/imaging,2
"0.9% Sodium Chloride, USP","0.9% Sodium Chloride, USP",canonical:Sodium Chloride,2
Roflumilast Placebo,Roflumilast Placebo,ext:placebo,2
Placebo (Vehicle Gel),Placebo (Vehicle Gel),ext:placebo,2
Sodium Chloride 0.9% Inhl 3Ml,Sodium Chloride 0.9% Inhl 3Ml,canonical:Sodium Chloride,2
Sodium Bicarbonate Ringer's Solution,Sodium Bicarbonate Ringer's Solution,ext:ringer,2
Placebo of Roflumilast,Placebo of Roflumilast,ext:placebo,2
Placebo (Sugar Pill),Placebo (Sugar Pill),ext:placebo,2
Placebo for NVR 3-778,Placebo for NVR 3-778,ext:placebo,2
"Comparator: celecoxib, placebo","Comparator: celecoxib, placebo",ext:placebo,2
Placebo for Azithromycin,Placebo for Azithromycin,ext:placebo,2
[11C]NNC-112,[11C]NNC-112,radiotracer/imaging,2
ONO-2952 Matching Placebo,ONO-2952 Matching Placebo,ext:placebo,2
placebo monotherapy,placebo monotherapy,ext:placebo,2
Sodium Chloride 9 mg/ml,Sodium Chloride 9 mg/ml,canonical:Sodium Chloride,2
Placebo Injection 6 mL,Placebo Injection 6 mL,ext:placebo,2
Placebo matched to Ivacaftor,Placebo matched to Ivacaftor,ext:placebo,2
Placebo of DLBS3233,Placebo of DLBS3233,ext:placebo,2
Placebo matched to VX-661,Placebo matched to VX-661,ext:placebo,2
Placebo of Hepalatide,Placebo of Hepalatide,ext:placebo,2
Placebo 5mg,Placebo 5mg,ext:placebo,2
Edaravone Dexborneol placebo,Edaravone Dexborneol placebo,ext:placebo,2
Normal Saline Solution (NSS),Normal Saline Solution (NSS),ext:saline,2
Placebo (Saline solution),Placebo (Saline solution),ext:placebo,2
177Lu-PP-F11N,177Lu-PP-F11N,radiotracer/imaging,2
18F-MK6240,18F-MK6240,radiotracer/imaging,2
18F-Fluoromisonidazole,18F-Fluoromisonidazole,radiotracer/imaging,2
BOTOX 100U in normal saline,BOTOX 100U in normal saline,ext:saline,2
Placebo Eyedrops,Placebo Eyedrops,ext:placebo,2
Dose-matched Placebo to TS-142,Dose-matched Placebo to TS-142,ext:placebo,2
Placebo Sufentanil NanoTab PCA System,Placebo Sufentanil NanoTab PCA System,ext:placebo,2
[18F]DPA-714,[18F]DPA-714,radiotracer/imaging,2
Placebo to match idelalisib,Placebo to match idelalisib,ext:placebo,2
F 18 AV-1451 (Flortaucipir),F 18 AV-1451 (Flortaucipir),radiotracer/imaging,2
Placebo Linezolid,Placebo Linezolid,ext:placebo,2
[11C]-Pittsburgh Compound B ([11C]PiB),[11C]-Pittsburgh Compound B ([11C]PiB),radiotracer/imaging,2
Placebo Vaginal Gel,Placebo Vaginal Gel,ext:placebo,2
placebo sugar pill,placebo sugar pill,ext:placebo,2
ASA placebo,ASA placebo,ext:placebo,2
sham oxygen (room air),sham oxygen (room air),ext:oxygen,2
Placebo tablets BID,Placebo tablets BID,ext:placebo,2
Sham oxygen (room air),Sham oxygen (room air),ext:oxygen,2
[177Lu]Ludotadipep,[177Lu]Ludotadipep,radiotracer/imaging,2
Placebo for VIB4920,Placebo for VIB4920,ext:placebo,2
Sodium Bicarbonate Powder and ondansetron,Sodium Bicarbonate Powder and ondansetron,ext:sodium bicarbonate,2
RV1729 matching placebo 28 day repeat dose,RV1729 matching placebo 28 day repeat dose,ext:placebo,2
Dexpramipexole Placebo,Dexpramipexole Placebo,ext:placebo,2
Placebo QD,Placebo QD,ext:placebo,2
Placebo oral,Placebo oral,ext:placebo,2
Placebo to izokibep,Placebo to izokibep,ext:placebo,2
budesonide/formoterol 'as needed' + budesonide placebo bid,budesonide/formoterol 'as needed' + budesonide placebo bid,ext:placebo,2
metformin placebo,metformin placebo,ext:placebo,2
Lidocaine with Epinephrine+ Normal saline,Lidocaine with Epinephrine+ Normal saline,ext:saline,2
Placebo EC-18,Placebo EC-18,ext:placebo,2
Levofloxacin Placebo,Levofloxacin Placebo,ext:placebo,2
99mTc-MIP-1404,99mTc-MIP-1404,radiotracer/imaging,2
Placebo (Vehicle),Placebo (Vehicle),ext:placebo,2
0.9% Physiological Saline,0.9% Physiological Saline,ext:saline,2
68Ga-HTK03149,68Ga-HTK03149,radiotracer/imaging,2
Intravenous iron sucrose,Intravenous iron sucrose,ext:sucrose,2
Control group placebo,Control group placebo,ext:placebo,2
99mTc-DARPinG3,99mTc-DARPinG3,radiotracer/imaging,2
Placebo oral rinse,Placebo oral rinse,ext:placebo,2
Comparator: placebo / Duration of Treatment: 1 day,Comparator: placebo / Duration of Treatment: 1 day,ext:placebo,2
Placebo to MK-8189,Placebo to MK-8189,ext:placebo,2
Chlorhexidine-alcohol,Chlorhexidine-alcohol,ext:alcohol,2
Placebo Bupropion,Placebo Bupropion,ext:placebo,2
GEn Placebo,GEn Placebo,ext:placebo,2
Nacl,Nacl,ext:nacl,2
Oxygen Therapy,Oxygen Therapy,ext:oxygen,2
NAC 0mg/day (Placebo),NAC 0mg/day (Placebo),ext:placebo,2
Matching placebo to KX-826,Matching placebo to KX-826,ext:placebo,2
18F-DTBZ AV-133,18F-DTBZ AV-133,radiotracer/imaging,2
Polidocanol with Glucose,Polidocanol with Glucose,ext:glucose,2
JTK-853 or Placebo,JTK-853 or Placebo,ext:placebo,2
Saline water,Saline water,ext:saline,2
Gallium-68 labelled (68Ga-) FAP-2286,Gallium-68 labelled (68Ga-) FAP-2286,radiotracer/imaging,2
placebo hCRF,placebo hCRF,ext:placebo,2
Matching vehicle control,Matching vehicle control,ext:vehicle,2
Atezolizumab Matching Placebo,Atezolizumab Matching Placebo,ext:placebo,2
177Lu-DOTA-TATE,177Lu-DOTA-TATE,radiotracer/imaging,2
Saline (Placebo),Saline (Placebo),ext:placebo,2
X842 Placebo,X842 Placebo,ext:placebo,2
BIIB122-Matching Placebo,BIIB122-Matching Placebo,ext:placebo,2
Gel vehicle,Gel vehicle,ext:vehicle,2
Placebo to ibuprofen,Placebo to ibuprofen,ext:placebo,2
FST-100 Vehicle,FST-100 Vehicle,ext:vehicle,2
Placebo matching Respimat,Placebo matching Respimat,ext:placebo,2
sodium bicarbonate 4.2%,sodium bicarbonate 4.2%,ext:sodium bicarbonate,2
18F-PM-PBB3,18F-PM-PBB3,radiotracer/imaging,2
Placebo SH-1028 tablets,Placebo SH-1028 tablets,ext:placebo,2
Placebo + 30 mg Apremilast,Placebo + 30 mg Apremilast,ext:placebo,2
Placebo + 20 mg Apremilast,Placebo + 20 mg Apremilast,ext:placebo,2
"Placebo, Normal Saline","Placebo, Normal Saline",ext:placebo,2
Placebo Inhalation Powder NDPI,Placebo Inhalation Powder NDPI,ext:placebo,2
Placebo Intravenous Injection,Placebo Intravenous Injection,ext:placebo,2
placebo intravenous infusion,placebo intravenous infusion,ext:placebo,2
Placebo TDS,Placebo TDS,ext:placebo,2
FTC/RPV/TAF Placebo,FTC/RPV/TAF Placebo,ext:placebo,2
Placebo SC Injection,Placebo SC Injection,ext:placebo,2
Placebo matching BI 1839100,Placebo matching BI 1839100,ext:placebo,2
SPH4336 Tablets Placebo,SPH4336 Tablets Placebo,ext:placebo,2
18F Fluoroestradiol Radiopharmaceutical with PET/CT,18F Fluoroestradiol Radiopharmaceutical with PET/CT,radiotracer/imaging,2
sodium chloride 0.9% solution,sodium chloride 0.9% solution,canonical:Sodium Chloride,2
"C-82 Topical Gel, Placebo","C-82 Topical Gel, Placebo",ext:placebo,2
18F-Fluselenamyl,18F-Fluselenamyl,radiotracer/imaging,2
Placebo Saline,Placebo Saline,ext:placebo,2
Placebo Comparator: Vehicle,Placebo Comparator: Vehicle,ext:placebo,2
68Ga-FF58,68Ga-FF58,radiotracer/imaging,2
Placebo for ABBV-903,Placebo for ABBV-903,ext:placebo,2
sucrose,sucrose,ext:sucrose,2
Placebo Subcutaneous injection,Placebo Subcutaneous injection,ext:placebo,2
Placebo for Risankizumab,Placebo for Risankizumab,ext:placebo,2
Placebo Q4W,Placebo Q4W,ext:placebo,2
Placebo Q2W,Placebo Q2W,ext:placebo,2
placebo (lower baseline platelet count),placebo (lower baseline platelet count),ext:placebo,2
"placebo, fostamatinib","placebo, fostamatinib",ext:placebo,2
placebo (higher baseline platelet count),placebo (higher baseline platelet count),ext:placebo,2
Intravenous Magnesium Sulfate,Intravenous Magnesium Sulfate,ext:magnesium sulfate,2
Placebo to match mirabegron,Placebo to match mirabegron,ext:placebo,2
[18F] PBR111,[18F] PBR111,radiotracer/imaging,2
Lutetium [177Lu] oxodotreotide/dotatate,Lutetium [177Lu] oxodotreotide/dotatate,radiotracer/imaging,2
Diagnostic Test: 68Ga-DOTATATE,Diagnostic Test: 68Ga-DOTATATE,radiotracer/imaging,2
SHR-1707 placebo,SHR-1707 placebo,ext:placebo,2
Orelabrutinib Placebo,Orelabrutinib Placebo,ext:placebo,2
Dapsone Gel Vehicle,Dapsone Gel Vehicle,ext:vehicle,2
placebo saline,placebo saline,ext:placebo,2
Anastrozole placebo,Anastrozole placebo,ext:placebo,2
Placebo every 4 weeks,Placebo every 4 weeks,ext:placebo,2
64Cu-Dotatate,64Cu-Dotatate,radiotracer/imaging,2
Amoxicillin Placebo,Amoxicillin Placebo,ext:placebo,2
[18F]-PI2620,[18F]-PI2620,radiotracer/imaging,2
Aerosolized placebo,Aerosolized placebo,ext:placebo,2
Placebo to match sofosbuvir,Placebo to match sofosbuvir,ext:placebo,2
Placebo every 2 weeks,Placebo every 2 weeks,ext:placebo,2
[18F]Fluoroestradiol (FES) PET/CT,[18F]Fluoroestradiol (FES) PET/CT,radiotracer/imaging,2
Remdesivir placebo,Remdesivir placebo,ext:placebo,2
Vehicle topical,Vehicle topical,ext:vehicle,2
Placebo (NNC0480-0389),Placebo (NNC0480-0389),ext:placebo,2
Orteronel Placebo,Orteronel Placebo,ext:placebo,2
acetated Ringers,acetated Ringers,ext:ringer,2
Placebo to BI 1060469,Placebo to BI 1060469,ext:placebo,2
24% Sucrose,24% Sucrose,ext:sucrose,2
Navtemadlin Placebo,Navtemadlin Placebo,ext:placebo,2
Placebo atorvastatin,Placebo atorvastatin,ext:placebo,2
Escitalopram + Placebo,Escitalopram + Placebo,ext:placebo,2
TAK-058 Placebo,TAK-058 Placebo,ext:placebo,2
"Bexagliflozin tablets, placebo","Bexagliflozin tablets, placebo",ext:placebo,2
Vonoprazan Placebo,Vonoprazan Placebo,ext:placebo,2
UBT251 Injection 4.0 mg (ID 1.0 mg) and UBT251 Injection Placebo,UBT251 Injection 4.0 mg (ID 1.0 mg) and UBT251 Injection Placebo,ext:placebo,2
UBT251 Injection 4.0 mg (ID 0.5 mg) and UBT251 Injection Placebo,UBT251 Injection 4.0 mg (ID 0.5 mg) and UBT251 Injection Placebo,ext:placebo,2
UBT251 Injection 2.0 mg and UBT251 Injection Placebo,UBT251 Injection 2.0 mg and UBT251 Injection Placebo,ext:placebo,2
LCZ696 matching placebo,LCZ696 matching placebo,ext:placebo,2
GSK1292263 matching placebo,GSK1292263 matching placebo,ext:placebo,2
TQC3721 suspension placebo for inhalation,TQC3721 suspension placebo for inhalation,ext:placebo,2
Placebo matching Olodaterol,Placebo matching Olodaterol,ext:placebo,2
UBT251 Injection 6.0 mg and UBT251 Injection Placebo,UBT251 Injection 6.0 mg and UBT251 Injection Placebo,ext:placebo,2
NPC-22 Placebo,NPC-22 Placebo,ext:placebo,2
Orlistat Placebo,Orlistat Placebo,ext:placebo,2
Placebo to KVD824,Placebo to KVD824,ext:placebo,2
[18F]3F-PHPG,[18F]3F-PHPG,radiotracer/imaging,2
[18F]4F-MHPG,[18F]4F-MHPG,radiotracer/imaging,2
Mycophenolate Mofetil Placebo,Mycophenolate Mofetil Placebo,ext:placebo,2
Florbetapir F18,Florbetapir F18,radiotracer/imaging,2
IV saline,IV saline,ext:saline,2
ATV Placebo,ATV Placebo,ext:placebo,2
[11C]CPPC Injection,[11C]CPPC Injection,radiotracer/imaging,2
Matching placebo to omarigliptin,Matching placebo to omarigliptin,ext:placebo,2
Placebo Semaglutide,Placebo Semaglutide,ext:placebo,2
RTV Placebo,RTV Placebo,ext:placebo,2
68Ga PSMA-11 injection,68Ga PSMA-11 injection,radiotracer/imaging,2
0.9% sodium chloride ﬂuid administration,0.9% sodium chloride ﬂuid administration,canonical:Sodium Chloride,2
Magnesium sulfate 50% - 1g/h,Magnesium sulfate 50% - 1g/h,ext:magnesium sulfate,2
Cefepime placebo,Cefepime placebo,ext:placebo,2
Jin-shui Huan-xian granule placebo,Jin-shui Huan-xian granule placebo,ext:placebo,2
Ringer lactate (RL),Ringer lactate (RL),ext:ringer,2
Placebo CBD,Placebo CBD,ext:placebo,2
Bupivacaine saline,Bupivacaine saline,ext:saline,2
LISTERINE ZERO Alcohol Mouthwash COOL MINT,LISTERINE ZERO Alcohol Mouthwash COOL MINT,ext:alcohol,2
Placebo Enema,Placebo Enema,ext:placebo,2
Dextrose infusion,Dextrose infusion,ext:dextrose,2
Iron Sucrose IV,Iron Sucrose IV,ext:sucrose,2
Placebo to BI 135585,Placebo to BI 135585,ext:placebo,2
C: Placebo,C: Placebo,ext:placebo,2
Placebo to match PEG-Tα1,Placebo to match PEG-Tα1,ext:placebo,2
Naproxen placebo,Naproxen placebo,ext:placebo,2
Ropivacaine + saline solution,Ropivacaine + saline solution,ext:saline,2
Lidocaine in Saline,Lidocaine in Saline,ext:saline,2
"Placebo, intranasal","Placebo, intranasal",ext:placebo,2
Placebo Capsule(s),Placebo Capsule(s),ext:placebo,2
Glimepiride Placebo,Glimepiride Placebo,ext:placebo,2
Placebo to Omarigliptin,Placebo to Omarigliptin,ext:placebo,2
Potassium chloride powder,Potassium chloride powder,ext:potassium chloride,2
"Matching Vehicle Placebo for APP13007, 0.05%","Matching Vehicle Placebo for APP13007, 0.05%",ext:placebo,2
64Cu-DOTA-ECL1i,64Cu-DOTA-ECL1i,radiotracer/imaging,2
placebo then misoprostol,placebo then misoprostol,ext:placebo,2
Technetium Tc 99m EC20,Technetium Tc 99m EC20,radiotracer/imaging,2
Saline Solution for Block,Saline Solution for Block,ext:saline,2
Matching Placebo for Inclisiran,Matching Placebo for Inclisiran,ext:placebo,2
Rabeprazole Placebo,Rabeprazole Placebo,ext:placebo,2
Placebo for Naftopidil,Placebo for Naftopidil,ext:placebo,2
5% Dextrose (D5) in Normal Saline (NS),5% Dextrose (D5) in Normal Saline (NS),ext:saline,2
Clopidogrel placebo,Clopidogrel placebo,ext:placebo,2
Placebo Almonertinib,Placebo Almonertinib,ext:placebo,2
Glucose 25%,Glucose 25%,ext:glucose,2
bimatoprost vehicle,bimatoprost vehicle,ext:vehicle,2
Nevirapine placebo,Nevirapine placebo,ext:placebo,2
Oxygen (O2),Oxygen (O2),ext:oxygen,2
Magnesium Sulfate Injection,Magnesium Sulfate Injection,ext:magnesium sulfate,2
Placebo to alogliptin,Placebo to alogliptin,ext:placebo,2
Timolol Vehicle (placebo),Timolol Vehicle (placebo),ext:placebo,2
Placebo Ophthalmic Topical Cream,Placebo Ophthalmic Topical Cream,ext:placebo,2
Solution Vehicle,Solution Vehicle,ext:vehicle,2
Gemigliptin placebo,Gemigliptin placebo,ext:placebo,2
Placebo (NNC0581-0001),Placebo (NNC0581-0001),ext:placebo,2
Placebo syrup,Placebo syrup,ext:placebo,2
Placebo Atherolive,Placebo Atherolive,ext:placebo,2
Placebo capsule of Omeprazole,Placebo capsule of Omeprazole,ext:placebo,2
Normal Saline for Injection,Normal Saline for Injection,ext:saline,2
KarXT + KarX-EC Matching Placebo,KarXT + KarX-EC Matching Placebo,ext:placebo,2
Scaling and root planing plus placebo,Scaling and root planing plus placebo,ext:placebo,2
18F-Fluciclatide,18F-Fluciclatide,radiotracer/imaging,2
"Placebo/CP-690,550","Placebo/CP-690,550",ext:placebo,2
Alcohol hand sanitizer foam,Alcohol hand sanitizer foam,ext:alcohol,2
Placebo Vaginal,Placebo Vaginal,ext:placebo,2
Placebo for hydrocortisone,Placebo for hydrocortisone,ext:placebo,2
PF-05175157 or Placebo,PF-05175157 or Placebo,ext:placebo,2
Placebo matching with BMS-820836,Placebo matching with BMS-820836,ext:placebo,2
Placebo matching Daclatasvir,Placebo matching Daclatasvir,ext:placebo,2
Dextrose 15 % in Water,Dextrose 15 % in Water,ext:dextrose,2
Placebo to MK-0954A,Placebo to MK-0954A,ext:placebo,2
Acyclovir placebo,Acyclovir placebo,ext:placebo,2
Placebo Asenapine,Placebo Asenapine,ext:placebo,2
68Ga-RM26,68Ga-RM26,radiotracer/imaging,2
Part A: Placebo,Part A: Placebo,ext:placebo,2
Placebo to fluticasone/salmeterol,Placebo to fluticasone/salmeterol,ext:placebo,2
M518101 Vehicle,M518101 Vehicle,ext:vehicle,2
68Ga-RGD,68Ga-RGD,radiotracer/imaging,2
Placebo multiple,Placebo multiple,ext:placebo,2
Placebo single,Placebo single,ext:placebo,2
Placebo only,Placebo only,ext:placebo,2
Sodium Bicarbonate Ringer's Injection,Sodium Bicarbonate Ringer's Injection,ext:ringer,2
placebo (normal saline),placebo (normal saline),ext:placebo,2
88% sucrose po solution,88% sucrose po solution,ext:sucrose,2
Placebo matching IMU-838 tablets,Placebo matching IMU-838 tablets,ext:placebo,2
Placebo metformin,Placebo metformin,ext:placebo,2
Matching Placebo (Remternetug),Matching Placebo (Remternetug),ext:placebo,2
Phentolamine Ophthalmic Solution Vehicle,Phentolamine Ophthalmic Solution Vehicle,ext:vehicle,2
Placebo HandiHaler®,Placebo HandiHaler,ext:placebo,2
QA108 granules placebo,QA108 granules placebo,ext:placebo,2
Placebo for CTP-730,Placebo for CTP-730,ext:placebo,2
Ticagrelor Placebo,Ticagrelor Placebo,ext:placebo,2
Placebo (matched to pregabalin),Placebo (matched to pregabalin),ext:placebo,2
Technetium-99m - Diethylenetriaminepentaacetic acid,Technetium-99m - Diethylenetriaminepentaacetic acid,radiotracer/imaging,2
Lumacaftor Placebo,Lumacaftor Placebo,ext:placebo,2
Ivacaftor Placebo,Ivacaftor Placebo,ext:placebo,2
ArabinoFuranosylGuanine [18F]F-AraG,ArabinoFuranosylGuanine [18F]F-AraG,radiotracer/imaging,2
HLX07 placebo,HLX07 placebo,ext:placebo,2
Vancomycin-matching placebo,Vancomycin-matching placebo,ext:placebo,2
Flortaucipir,Flortaucipir,radiotracer/imaging,2
Cadazolid-matching placebo,Cadazolid-matching placebo,ext:placebo,2
Placebo and standard of care,Placebo and standard of care,ext:placebo,2
Placebo 60 MG,Placebo 60 MG,ext:placebo,2
Placebo 30 MG,Placebo 30 MG,ext:placebo,2
Dutasteride placebo,Dutasteride placebo,ext:placebo,2
0.9% Sodium Chloride Injection as Placebo,0.9% Sodium Chloride Injection as Placebo,canonical:Sodium Chloride,2
[18F]-FDG,[18F]-FDG,radiotracer/imaging,2
PF-06651600 or Placebo,PF-06651600 or Placebo,ext:placebo,2
Placebo Methotrexate,Placebo Methotrexate,ext:placebo,2
PB-201 matched placebo,PB-201 matched placebo,ext:placebo,2
Placebo to match ranolazine,Placebo to match ranolazine,ext:placebo,2
Placebo Spiromax,Placebo Spiromax,ext:placebo,2
Placebo 10 mg,Placebo 10 mg,ext:placebo,2
Linezolid Placebo,Linezolid Placebo,ext:placebo,2
"contrast agent, Gadolinium","contrast agent, Gadolinium",ext:contrast,2
[18F]fluoroestradiol (FES),[18F]fluoroestradiol (FES),radiotracer/imaging,2
Placebo for dapagliflozin,Placebo for dapagliflozin,ext:placebo,2
Placebo matching Nepadutant oral solution,Placebo matching Nepadutant oral solution,ext:placebo,2
0.9% sodium chloride for injection,0.9% sodium chloride for injection,canonical:Sodium Chloride,2
Perfluorinated Gas/Oxygen Mixture,Perfluorinated Gas/Oxygen Mixture,ext:oxygen,2
The placebo capsules,The placebo capsules,ext:placebo,2
Drug: Placebo (ZP8396),Drug: Placebo (ZP8396),ext:placebo,2
A-101 Vehicle,A-101 Vehicle,ext:vehicle,2
[18F]MC225,[18F]MC225,radiotracer/imaging,2
Placebo product,Placebo product,ext:placebo,2
Vehicle Controlled Placebo,Vehicle Controlled Placebo,ext:placebo,2
Placebo THC,Placebo THC,ext:placebo,2
Placebo to Atorvastatin,Placebo to Atorvastatin,ext:placebo,2
magnesium sulfate group,magnesium sulfate group,ext:magnesium sulfate,2
Elagolix placebo,Elagolix placebo,ext:placebo,2
Placebo as SC Injection,Placebo as SC Injection,ext:placebo,2
18F-PFPN,18F-PFPN,radiotracer/imaging,2
[18F]AV-45 PET amyloid binding imaging,[18F]AV-45 PET amyloid binding imaging,radiotracer/imaging,2
Placebo for YN001,Placebo for YN001,ext:placebo,2
matching placebo injections,matching placebo injections,ext:placebo,2
Placebo Colchicine,Placebo Colchicine,ext:placebo,2
Placebo matching with INX-08189,Placebo matching with INX-08189,ext:placebo,2
Ocrelizumab-matching placebo,Ocrelizumab-matching placebo,ext:placebo,2
Interferon beta-1a-matching placebo,Interferon beta-1a-matching placebo,ext:placebo,2
68Ga-NY104,68Ga-NY104,radiotracer/imaging,2
Half-normal saline,Half-normal saline,ext:saline,2
Placebo - sugar pill,Placebo - sugar pill,ext:placebo,2
placebo to indacaterol maleate/mometasone furoate,placebo to indacaterol maleate/mometasone furoate,ext:placebo,2
Placebo (PBO) oral capsules,Placebo (PBO) oral capsules,ext:placebo,2
153Sm-DOTMP,153Sm-DOTMP,radiotracer/imaging,2
placebo (sugar),placebo (sugar),ext:placebo,2
Placebo Vehicle,Placebo Vehicle,ext:placebo,2
HEC Placebo Gel,HEC Placebo Gel,ext:placebo,2
TAK-079 Placebo,TAK-079 Placebo,ext:placebo,2
placebo of Sanchitongshu,placebo of Sanchitongshu,ext:placebo,2
68Ga-DOTATATE PET/CT,68Ga-DOTATATE PET/CT,radiotracer/imaging,2
Fixed 50:50 mixture of nitrous oxide and oxygen,Fixed 50:50 mixture of nitrous oxide and oxygen,ext:oxygen,2
The placebo group,The placebo group,ext:placebo,2
Technetium [99mTc]-H7ND injection,Technetium [99mTc]-H7ND injection,radiotracer/imaging,2
Subcutaneous Placebo,Subcutaneous Placebo,ext:placebo,2
Intranasal normal saline,Intranasal normal saline,ext:saline,2
"Dexmedetomidine in 0.9 % NaCl 1,000 Mcg/250 mL (4 Mcg/mL) INTRAVEN INFUSION BOTTLE (ML)","Dexmedetomidine in 0.9 % NaCl 1,000 Mcg/250 mL (4 Mcg/mL) INTRAVEN INFUSION BOTTLE (ML)",ext:nacl,2
placebo implant,placebo implant,ext:placebo,2
ZP Vehicle,ZP Vehicle,ext:vehicle,2
Placebo + Paclitaxel,Placebo + Paclitaxel,ext:placebo,2
Placebo for Losartan,Placebo for Losartan,ext:placebo,2
Placebo for olaparib,Placebo for olaparib,ext:placebo,2
13N-ammonia,13N-ammonia,radiotracer/imaging,2
GSK961081 matching placebo,GSK961081 matching placebo,ext:placebo,2
Placebo of AngongNiuhuang pill,Placebo of AngongNiuhuang pill,ext:placebo,2
68Ga-JH04,68Ga-JH04,radiotracer/imaging,2
70% ethanol,70% ethanol,ext:ethanol,2
20% mannitol,20% mannitol,ext:mannitol,2
DWP14012 40mg placebo,DWP14012 40mg placebo,ext:placebo,2
Lactose placebo,Lactose placebo,ext:placebo,2
Saline IV,Saline IV,ext:saline,2
Natural saline inhalation,Natural saline inhalation,ext:saline,2
Placebo to Elagolix,Placebo to Elagolix,ext:placebo,2
Placebo (ID),Placebo (ID),ext:placebo,2
[18F]FluorThanatrace ([18F]FTT),[18F]FluorThanatrace ([18F]FTT),radiotracer/imaging,2
Titrated Oxygen,Titrated Oxygen,ext:oxygen,2
Placebo dose,Placebo dose,ext:placebo,2
68Ga-NOTA-AE105,68Ga-NOTA-AE105,radiotracer/imaging,2
Placebo HFA,Placebo HFA,ext:placebo,2
99mTc-PYP,99mTc-PYP,radiotracer/imaging,2
carmustine in ethanol,carmustine in ethanol,ext:ethanol,2
Placebo injections,Placebo injections,ext:placebo,2
Placebo for E2/NETA,Placebo for E2/NETA,ext:placebo,2
Placebo to match hydroxyurea,Placebo to match hydroxyurea,ext:placebo,2
Vehicle (Placebo) applied BID,Vehicle (Placebo) applied BID,ext:placebo,2
Normal Saline 0.9% Infusion Solution,Normal Saline 0.9% Infusion Solution,ext:saline,2
[18F]F-PSMA-N5,[18F]F-PSMA-N5,radiotracer/imaging,2
TQC2938 Placebo,TQC2938 Placebo,ext:placebo,2
Placebo Inhalation Solution,Placebo Inhalation Solution,ext:placebo,2
Placebo CagriSema,Placebo CagriSema,ext:placebo,2
HRS9531placebo,HRS9531placebo,ext:placebo,2
Placebo - Sodium Chloride,Placebo - Sodium Chloride,canonical:Sodium Chloride,2
STSP-0902 Placebo,STSP-0902 Placebo,ext:placebo,2
Placebo Ritonavir,Placebo Ritonavir,ext:placebo,2
Placebo Comparator: Placebo-Control Arm 0.9% Sodium Chloride,Placebo Comparator: Placebo-Control Arm 0.9% Sodium Chloride,canonical:Sodium Chloride,2
Placebo: Normal saline,Placebo: Normal saline,ext:placebo,2
Emtricitabine/tenofovir disoproxil fumarate placebo,Emtricitabine/tenofovir disoproxil fumarate placebo,ext:placebo,2
Tenofovir disoproxil fumarate placebo,Tenofovir disoproxil fumarate placebo,ext:placebo,2
SAR441566 matching Placebo,SAR441566 matching Placebo,ext:placebo,2
Placebo oral tablets,Placebo oral tablets,ext:placebo,2
Placebo-rituximab,Placebo-rituximab,ext:placebo,2
18F-FMAU,18F-FMAU,radiotracer/imaging,2
"0 ppm F (placebo, negative control)","0 ppm F (placebo, negative control)",ext:placebo,2
Placebo to montelukast,Placebo to montelukast,ext:placebo,2
Matching placebo to pioglitazone,Matching placebo to pioglitazone,ext:placebo,2
TQC3927 powder for inhalation placebo,TQC3927 powder for inhalation placebo,ext:placebo,2
Saline Water (Control),Saline Water (Control),ext:saline,2
placebo-recFSH (follitropin alfa),placebo-recFSH (follitropin alfa),ext:placebo,2
Intranasal saline,Intranasal saline,ext:saline,2
Melantonin Placebo,Melantonin Placebo,ext:placebo,2
Placebo for Corifollitropin Alfa,Placebo for Corifollitropin Alfa,ext:placebo,2
Placebo for RecFSH/Follitropin beta,Placebo for RecFSH/Follitropin beta,ext:placebo,2
Solriamfetol Placebo,Solriamfetol Placebo,ext:placebo,2
Intra-arterial Mannitol,Intra-arterial Mannitol,ext:mannitol,2
Placebo (PCB),Placebo (PCB),ext:placebo,2
0.9% Isotonic Saline (IS),0.9% Isotonic Saline (IS),ext:saline,2
7% Hypertonic Saline (HS),7% Hypertonic Saline (HS),ext:saline,2
18F-Fluorocholine,18F-Fluorocholine,radiotracer/imaging,2
Placebo depot,Placebo depot,ext:placebo,2
Bimagrumab Placebo,Bimagrumab Placebo,ext:placebo,2
Placebo Varnish,Placebo Varnish,ext:placebo,2
9MW3011 placebo,9MW3011 placebo,ext:placebo,2
IDP-124 Vehicle Lotion,IDP-124 Vehicle Lotion,ext:vehicle,2
LEO 138559 placebo,LEO 138559 placebo,ext:placebo,2
Placebo 300mg,Placebo 300mg,ext:placebo,2
Placebo (for Semuloparin sodium),Placebo (for Semuloparin sodium),ext:placebo,2
HEC placebo gel,HEC placebo gel,ext:placebo,2
Injection of 18F-FDG,Injection of 18F-FDG,radiotracer/imaging,2
[11C]PBR28,[11C]PBR28,radiotracer/imaging,2
Nasal Placebo,Nasal Placebo,ext:placebo,2
Placebo ( sugar pill),Placebo ( sugar pill),ext:placebo,2
selenium placebo,selenium placebo,ext:placebo,2
Sodium chloride [NaCl],Sodium chloride [NaCl],canonical:Sodium Chloride,2
Darusentan Placebo,Darusentan Placebo,ext:placebo,2
Placebo for TQC3721 inhalation powder,Placebo for TQC3721 inhalation powder,ext:placebo,2
Placebo toothpaste,Placebo toothpaste,ext:placebo,2
Placebo (Sodium Chloride),Placebo (Sodium Chloride),canonical:Sodium Chloride,2
Placebo (for K-877),Placebo (for K-877),ext:placebo,2
18F-DCFPyL PET/CT,18F-DCFPyL PET/CT,radiotracer/imaging,2
Vehicle of KPI-121 0.25% Ophthalmic Suspension,Vehicle of KPI-121 0.25% Ophthalmic Suspension,ext:vehicle,2
placebo lozenges,placebo lozenges,ext:placebo,2
Dextrose solution,Dextrose solution,ext:dextrose,2
Placebo 25mg,Placebo 25mg,ext:placebo,2
Placebo (matched to VX-993),Placebo (matched to VX-993),ext:placebo,2
Matching placebo in prefilled syringe,Matching placebo in prefilled syringe,ext:placebo,2
placebo to indacaterol,placebo to indacaterol,ext:placebo,2
placebo to formoterol,placebo to formoterol,ext:placebo,2
ARQ-151 vehicle cream,ARQ-151 vehicle cream,ext:vehicle,2
"Iron Sucrose injection (Reference product, Venofer) and Iron Sucrose injection (Test product, manufactured by Sichuan Huiyu Pharmaceutical Co., Ltd)","Iron Sucrose injection (Reference product, Venofer) and Iron Sucrose injection (Test product, manufactured by Sichuan Huiyu Pharmaceutical Co., Ltd)",ext:sucrose,2
"Iron Sucrose injection (Test product, manufactured by Sichuan Huiyu Pharmaceutical Co., Ltd) and Iron Sucrose injection (Reference product, Venofer)","Iron Sucrose injection (Test product, manufactured by Sichuan Huiyu Pharmaceutical Co., Ltd) and Iron Sucrose injection (Reference product, Venofer)",ext:sucrose,2
Placebo Ezetimibe,Placebo Ezetimibe,ext:placebo,2
Placebo 40 mg,Placebo 40 mg,ext:placebo,2
Nitrogen Mustard,Nitrogen Mustard,ext:nitrogen,2
Placebo to Mirabegron,Placebo to Mirabegron,ext:placebo,2
Placebo to Tolterodine,Placebo to Tolterodine,ext:placebo,2
Placebo of HM15211,Placebo of HM15211,ext:placebo,2
30% Oxygen,30% Oxygen,ext:oxygen,2
40% Oxygen,40% Oxygen,ext:oxygen,2
60% Oxygen,60% Oxygen,ext:oxygen,2
80% Oxygen,80% Oxygen,ext:oxygen,2
68Ga-RM2 PET/CT,68Ga-RM2 PET/CT,radiotracer/imaging,2
68Ga-PSMA-617 PET/CT,68Ga-PSMA-617 PET/CT,radiotracer/imaging,2
68GA-DOTA-dPNE,68GA-DOTA-dPNE,radiotracer/imaging,2
Placebo (insulin glargine),Placebo (insulin glargine),ext:placebo,2
Control placebo (C),Control placebo (C),ext:placebo,2
valsartan placebo,valsartan placebo,ext:placebo,2
Placebo gas,Placebo gas,ext:placebo,2
SAN021 Placebo,SAN021 Placebo,ext:placebo,2
Safinamide Methanesulfonate matching placebo,Safinamide Methanesulfonate matching placebo,ext:placebo,2
Isopropyl alcohol,Isopropyl alcohol,ext:alcohol,2
Placebo of Rituximab,Placebo of Rituximab,ext:placebo,2
Sodium chloride administration,Sodium chloride administration,canonical:Sodium Chloride,2
"Placebo (NaCl 0,9%)","Placebo (NaCl 0,9%)",ext:placebo,2
A solution of 0.9% Saline,A solution of 0.9% Saline,ext:saline,2
Sodium Chloride 0.9% Intravenous Solution,Sodium Chloride 0.9% Intravenous Solution,canonical:Sodium Chloride,2
Placebo (for warfarin),Placebo (for warfarin),ext:placebo,2
Ringer's Lactate solution,Ringer's Lactate solution,ext:ringer,2
Intravenous Iron Sucrose,Intravenous Iron Sucrose,ext:sucrose,2
[68Ga]Ga-NOTA-RT4,[68Ga]Ga-NOTA-RT4,radiotracer/imaging,2
PO Placebo,PO Placebo,ext:placebo,2
Bupivacaine + Magnesium sulfate,Bupivacaine + Magnesium sulfate,ext:magnesium sulfate,2
Placebo-containing MNA,Placebo-containing MNA,ext:placebo,2
Placebo (unspecified),Placebo (unspecified),ext:placebo,2
Placebo (NaCl 0.9%),Placebo (NaCl 0.9%),canonical:NaCl 0.9%,2
Placebo for ABI-H0731,Placebo for ABI-H0731,ext:placebo,2
Placebo for Pembrolizumab,Placebo for Pembrolizumab,ext:placebo,2
Adapalene Lotion Vehicle,Adapalene Lotion Vehicle,ext:vehicle,2
gentamicin-collagen sponge dipped in saline,gentamicin-collagen sponge dipped in saline,ext:saline,2
placebo collagen sponge,placebo collagen sponge,ext:placebo,2
Cediranib Placebo,Cediranib Placebo,ext:placebo,2
One injection of 68Ga-NOTA-AE105,One injection of 68Ga-NOTA-AE105,radiotracer/imaging,2
Comparator : placebo (unspecified) /Duration of Treatment : 12 Weeks,Comparator : placebo (unspecified) /Duration of Treatment : 12 Weeks,ext:placebo,2
Placebo to formoterol,Placebo to formoterol,ext:placebo,2
[18F]F-AraG (2'-deoxy-2'-fluoro-9-β-D-arabinofuranosylguanine),[18F]F-AraG (2'-deoxy-2'-fluoro-9-β-D-arabinofuranosylguanine),radiotracer/imaging,2
Esomeprazole placebo,Esomeprazole placebo,ext:placebo,2
Apixaban-matching placebo,Apixaban-matching placebo,ext:placebo,2
Enoxaparin-matching placebo,Enoxaparin-matching placebo,ext:placebo,2
Placebo to vismodegib,Placebo to vismodegib,ext:placebo,2
Placebo lozenge,Placebo lozenge,ext:placebo,2
Placebo of Artemisia Herb 95% Ethanol Soft Ext.(20→1) 60mg,Placebo of Artemisia Herb 95% Ethanol Soft Ext.(20→1) 60mg,ext:placebo,2
Placebo of the CKD-495 75mg,Placebo of the CKD-495 75mg,ext:placebo,2
TCM placebo plus conventional drug,TCM placebo plus conventional drug,ext:placebo,2
Placebo for DCCR,Placebo for DCCR,ext:placebo,2
placebo vaginal tablet,placebo vaginal tablet,ext:placebo,2
SMC placebo,SMC placebo,ext:placebo,2
Matching Placebo BID,Matching Placebo BID,ext:placebo,2
Placebo to match Tofacitinib,Placebo to match Tofacitinib,ext:placebo,2
Comparator : placebo (unspecified),Comparator : placebo (unspecified),ext:placebo,2
Placebo to match cilofexor,Placebo to match cilofexor,ext:placebo,2
ozanimod placebo,ozanimod placebo,ext:placebo,2
CD14152 placebo,CD14152 placebo,ext:placebo,2
intravenous saline,intravenous saline,ext:saline,2
18F-αvβ6-BP,18F-αvβ6-BP,radiotracer/imaging,2
Aprepitant Injection Placebo,Aprepitant Injection Placebo,ext:placebo,2
H-1337 Placebo,H-1337 Placebo,ext:placebo,2
Placebo to Match BVY,Placebo to Match BVY,ext:placebo,2
Placebo to Match GS1720/GS-4182 FDC,Placebo to Match GS1720/GS-4182 FDC,ext:placebo,2
Isotonic NaCl (Placebo),Isotonic NaCl (Placebo),ext:placebo,2
[68Ga]Ga-FAPI-46,[68Ga]Ga-FAPI-46,radiotracer/imaging,2
placebo oral capsules,placebo oral capsules,ext:placebo,2
Iron Sucrose Solution for Injection,Iron Sucrose Solution for Injection,ext:sucrose,2
Placebo NanoTab,Placebo NanoTab,ext:placebo,2
Sodium Chloride Injection 0.9%,Sodium Chloride Injection 0.9%,canonical:Sodium Chloride,2
Placebo group (control arm),Placebo group (control arm),ext:placebo,2
Normal saline rinses.,Normal saline rinses.,ext:saline,2
placebo enteric-coated tablets,placebo enteric-coated tablets,ext:placebo,2
Oxygen-15 Water,Oxygen-15 Water,ext:oxygen,2
linaclotide acetate,linaclotide acetate,ext:nacl,2
0.9% sodium chloride (normal saline),0.9% sodium chloride (normal saline),canonical:Sodium Chloride,2
68Ga-BBN-IRDye800CW,68Ga-BBN-IRDye800CW,radiotracer/imaging,2
Dehydrated alcohol,Dehydrated alcohol,ext:alcohol,2
gadolinium-chelate,gadolinium-chelate,ext:gadolinium,2
SHR-1819 Injection Placebo,SHR-1819 Injection Placebo,ext:placebo,2
Polyethylene glycol 3350 NA bicarbonate NaCl KCl (Movicol),Polyethylene glycol 3350 NA bicarbonate NaCl KCl (Movicol),ext:nacl,2
Technetium (99mTc) sestamibi,Technetium (99mTc) sestamibi,radiotracer/imaging,2
IDP-123 Vehicle Lotion,IDP-123 Vehicle Lotion,ext:vehicle,2
Placebo to match sunobinop,Placebo to match sunobinop,ext:placebo,2
Nebulized 3% saline,Nebulized 3% saline,ext:saline,2
Placebo for Recombinant Human Chymotrypsin(OsrhCT),Placebo for Recombinant Human Chymotrypsin(OsrhCT),ext:placebo,2
Placebo to Fosfomycin,Placebo to Fosfomycin,ext:placebo,2
Placebo to Arctuvan,Placebo to Arctuvan,ext:placebo,2
Placebo for MEM 3454,Placebo for MEM 3454,ext:placebo,2
Placebo IVR,Placebo IVR,ext:placebo,2
Placebo of HM15275,Placebo of HM15275,ext:placebo,2
oral placebo treatment (placebo-control for ATD),oral placebo treatment (placebo-control for ATD),ext:placebo,2
intranasal placebo treatment (placebo-control for oxytocin),intranasal placebo treatment (placebo-control for oxytocin),ext:placebo,2
House dust mite allergen extract in combination with CYT003-QbG10-placebo,House dust mite allergen extract in combination with CYT003-QbG10-placebo,ext:placebo,2
"Patidegib Topical Gel, Vehicle","Patidegib Topical Gel, Vehicle",ext:vehicle,2
Sodium-glucose transport-2 (SGLT-2) inhibitors,Sodium-glucose transport-2 (SGLT-2) inhibitors,ext:glucose,2
Sugar Pill (Placebo),Sugar Pill (Placebo),ext:placebo,2
0.9%NaCl solution,0.9%NaCl solution,ext:nacl,2
GT20029 matching placebo,GT20029 matching placebo,ext:placebo,2
A-101 Vehicle Solution,A-101 Vehicle Solution,ext:vehicle,2
Iodinated contrast agents,Iodinated contrast agents,ext:contrast,2
Matched Placebos,Matched Placebos,ext:placebo,2
Corticosteroid with normal saline,Corticosteroid with normal saline,ext:saline,2
Placebo Comparator: Saline,Placebo Comparator: Saline,ext:placebo,2
18F-FAZA,18F-FAZA,radiotracer/imaging,2
Placebo Tiotropium,Placebo Tiotropium,ext:placebo,2
Placebo to Azathioprine,Placebo to Azathioprine,ext:placebo,2
valdecoxib/placebo,valdecoxib/placebo,ext:placebo,2
[68Ga]Ga-FAPI-46 PET/CT,[68Ga]Ga-FAPI-46 PET/CT,radiotracer/imaging,2
SHR-3045 Placebo Injection,SHR-3045 Placebo Injection,ext:placebo,2
Placebo (Formulation buffer S9b),Placebo (Formulation buffer S9b),ext:placebo,2
Montelukast Placebo,Montelukast Placebo,ext:placebo,2
Matching placebo control,Matching placebo control,ext:placebo,2
DE-104 vehicle,DE-104 vehicle,ext:vehicle,2
Nexagon™ or Nexagon™ vehicle,Nexagon or Nexagon vehicle,ext:vehicle,2
placebo softgel,placebo softgel,ext:placebo,2
Latanoprost Vehicle,Latanoprost Vehicle,ext:vehicle,2
placebo subcutaneous administration,placebo subcutaneous administration,ext:placebo,2
18F-THK-5351,18F-THK-5351,radiotracer/imaging,2
Pill placebo,Pill placebo,ext:placebo,2
Placebo vitamin D3,Placebo vitamin D3,ext:placebo,2
98% dehydrated alcohol,98% dehydrated alcohol,ext:alcohol,2
Placebo for ABT-869,Placebo for ABT-869,ext:placebo,2
Identical Placebo,Identical Placebo,ext:placebo,2
Placebo to match adalimumab,Placebo to match adalimumab,ext:placebo,2
Ezetimibe Placebo,Ezetimibe Placebo,ext:placebo,2
Simvastatin Placebo,Simvastatin Placebo,ext:placebo,2
Placebo to Baloxavir Marboxil,Placebo to Baloxavir Marboxil,ext:placebo,2
Placebo (calcined magnesia),Placebo (calcined magnesia),ext:placebo,2
Placebo - 100 mg,Placebo - 100 mg,ext:placebo,2
Placebo - 50 mg,Placebo - 50 mg,ext:placebo,2
Placebo Medication,Placebo Medication,ext:placebo,2
[18F]-FAPI-74,[18F]-FAPI-74,radiotracer/imaging,2
nitrogen gas,nitrogen gas,ext:nitrogen,2
Placebo (Gel vehicle),Placebo (Gel vehicle),ext:placebo,2
CD-LD IR Placebo,CD-LD IR Placebo,ext:placebo,2
[18F]MNI-1054,[18F]MNI-1054,radiotracer/imaging,2
Placebo to match budesonide/formoterol,Placebo to match budesonide/formoterol,ext:placebo,2
placebo to match tiotropium,placebo to match tiotropium,ext:placebo,2
placebo IV,placebo IV,ext:placebo,2
[212Pb]VMT-alpha-NET,[212Pb]VMT-alpha-NET,radiotracer/imaging,2
Placebo for Omalizumab,Placebo for Omalizumab,ext:placebo,2
Placebo Oral Capsule [CEBOCAP],Placebo Oral Capsule [CEBOCAP],ext:placebo,2
TAK-925 Placebo,TAK-925 Placebo,ext:placebo,2
[18F]F-RESCA-RB14,[18F]F-RESCA-RB14,radiotracer/imaging,2
Ringer's Acetate,Ringer's Acetate,ext:ringer,2
89Zr-Pembrolizumab,89Zr-Pembrolizumab,radiotracer/imaging,2
Ramelteon and Placebo,Ramelteon and Placebo,ext:placebo,2
Placebo to match SEL 6 mg,Placebo to match SEL 6 mg,ext:placebo,2
similar placebo to mebendazole,similar placebo to mebendazole,ext:placebo,2
Finasteride placebo,Finasteride placebo,ext:placebo,2
Placebo (WO3988),Placebo (WO3988),ext:placebo,2
Staccato Placebo,Staccato Placebo,ext:placebo,2
GS-9450 Placebo,GS-9450 Placebo,ext:placebo,2
0.9% Normal Saline (NS),0.9% Normal Saline (NS),ext:saline,2
[18F]Florbetaben,[18F]Florbetaben,radiotracer/imaging,2
placebo FFNS,placebo FFNS,ext:placebo,2
placebo FPNS,placebo FPNS,ext:placebo,2
Placebo matching dupilumab,Placebo matching dupilumab,ext:placebo,2
64Cu-LLP2A,64Cu-LLP2A,radiotracer/imaging,2
Placebo for Sitagliptin,Placebo for Sitagliptin,ext:placebo,2
Placebo plus immunosuppression,Placebo plus immunosuppression,ext:placebo,2
Normal saline group,Normal saline group,ext:saline,2
[123I]β-CIT,[123I]β-CIT,radiotracer/imaging,2
CTP-543 Matching Placebo,CTP-543 Matching Placebo,ext:placebo,2
Placebo - Saline,Placebo - Saline,ext:placebo,2
Placebo capsules - end of infusion,Placebo capsules - end of infusion,ext:placebo,2
Iron sucrose (Venofer),Iron sucrose (Venofer),ext:sucrose,2
Placebo bolus & placebo infusion,Placebo bolus & placebo infusion,ext:placebo,2
Normal Saline Infusion (Placebo),Normal Saline Infusion (Placebo),ext:placebo,2
TEV-48125 or placebo,TEV-48125 or placebo,ext:placebo,2
Paracetamol Placebo,Paracetamol Placebo,ext:placebo,2
Double Blind Placebo,Double Blind Placebo,ext:placebo,2
Placebo for Odanacatib,Placebo for Odanacatib,ext:placebo,2
NVP-1203-R placebo,NVP-1203-R placebo,ext:placebo,2
NVP-1203 placebo,NVP-1203 placebo,ext:placebo,2
Placebo sublingual,Placebo sublingual,ext:placebo,2
Placebo to match SEL 18 mg,Placebo to match SEL 18 mg,ext:placebo,2
Placebo ev,Placebo ev,ext:placebo,2
Sodium Chloride 9mg/ml Injection,Sodium Chloride 9mg/ml Injection,canonical:Sodium Chloride,2
Methadone placebo,Methadone placebo,ext:placebo,2
"Vehicle topical ocular, eye drops","Vehicle topical ocular, eye drops",ext:vehicle,2
NACL 0.9%,NACL 0.9%,canonical:NaCl 0.9%,2
Placebo Alcohol,Placebo Alcohol,ext:placebo,2
[18F]F-Ara-G,[18F]F-Ara-G,radiotracer/imaging,2
Eplerenone-matching Placebo,Eplerenone-matching Placebo,ext:placebo,2
LCI699-matching Placebo,LCI699-matching Placebo,ext:placebo,2
Normal saline (0.9%),Normal saline (0.9%),ext:saline,2
SMC021 Placebo,SMC021 Placebo,ext:placebo,2
ceftobiprole plus placebo,ceftobiprole plus placebo,ext:placebo,2
Administration of Placebo,Administration of Placebo,ext:placebo,2
Multiple intravenous doses of placebo,Multiple intravenous doses of placebo,ext:placebo,2
Placebo Gabapentin,Placebo Gabapentin,ext:placebo,2
Single intravenous doses of placebo,Single intravenous doses of placebo,ext:placebo,2
Placebo Vaginal Insert,Placebo Vaginal Insert,ext:placebo,2
Ibuprofen Placebo,Ibuprofen Placebo,ext:placebo,2
Dextrose Water,Dextrose Water,ext:dextrose,2
Placebo remedy,Placebo remedy,ext:placebo,2
Placebo 400 mg,Placebo 400 mg,ext:placebo,2
Butylphthalide Placebo,Butylphthalide Placebo,ext:placebo,2
Placebo 10mg,Placebo 10mg,ext:placebo,2
Butylphthalide and Sodium Chloride Injection,Butylphthalide and Sodium Chloride Injection,canonical:Sodium Chloride,2
IDP-118 Vehicle Cream,IDP-118 Vehicle Cream,ext:vehicle,2
MOB015B vehicle,MOB015B vehicle,ext:vehicle,2
placebo of warfarin,placebo of warfarin,ext:placebo,2
Placebo (NaCl),Placebo (NaCl),ext:placebo,2
Saline placebo for pembrolizumab,Saline placebo for pembrolizumab,ext:placebo,2
Genicular nerve block with saline,Genicular nerve block with saline,ext:saline,2
CEUS or Contrast enhanced Ultrasound,CEUS or Contrast enhanced Ultrasound,ext:contrast,2
Placebo to match Add-back,Placebo to match Add-back,ext:placebo,2
Lemborexant-matched placebo,Lemborexant-matched placebo,ext:placebo,2
Alcohol Placebo,Alcohol Placebo,ext:placebo,2
Placebo to match OBE2109,Placebo to match OBE2109,ext:placebo,2
AN2728 Ointment Vehicle,AN2728 Ointment Vehicle,ext:vehicle,2
[18F]-FTC-146,[18F]-FTC-146,radiotracer/imaging,2
placebo pills,placebo pills,ext:placebo,2
Placebo (sitagliptin),Placebo (sitagliptin),ext:placebo,2
Placebo to match B/F/TAF,Placebo to match B/F/TAF,ext:placebo,2
Placebo of Aliskiren,Placebo of Aliskiren,ext:placebo,2
Warfarin placebo,Warfarin placebo,ext:placebo,2
Aspirin placebo,Aspirin placebo,ext:placebo,2
Placebo 6 mL,Placebo 6 mL,ext:placebo,2
HRS-2129 placebo,HRS-2129 placebo,ext:placebo,2
Technosphere Placebo,Technosphere Placebo,ext:placebo,2
sodium bicarbonate solution,sodium bicarbonate solution,ext:sodium bicarbonate,2
Oxygen 30 %,Oxygen 30 %,ext:oxygen,2
Iron Sucrose injection,Iron Sucrose injection,ext:sucrose,2
Cohort C: placebo,Cohort C: placebo,ext:placebo,2
"Sodium chloride injection USP, 0.9% (placebo)","Sodium chloride injection USP, 0.9% (placebo)",canonical:Sodium Chloride,2
Placebo for Rosuvastatin,Placebo for Rosuvastatin,ext:placebo,2
Placebo Cediranib,Placebo Cediranib,ext:placebo,2
Placebo to omalizumab,Placebo to omalizumab,ext:placebo,2
Placebo (Simulant TTYP01 Tablets),Placebo (Simulant TTYP01 Tablets),ext:placebo,2
Colchicine-Placebo,Colchicine-Placebo,ext:placebo,2
aleniglipron or placebo,aleniglipron or placebo,ext:placebo,2
Fluorodeoxyglucose,Fluorodeoxyglucose,ext:glucose,2
dextrose 5%,dextrose 5%,ext:dextrose,2
Sodium Chloride solution,Sodium Chloride solution,canonical:Sodium Chloride,2
Alcohol (Oral),Alcohol (Oral),ext:alcohol,2
Teriflunomide-matching placebo capsules,Teriflunomide-matching placebo capsules,ext:placebo,2
Comparator: placebo to pioglitazone,Comparator: placebo to pioglitazone,ext:placebo,2
TAK-071 Placebo,TAK-071 Placebo,ext:placebo,2
Matching placebo of ofatumumab subcutaneous injections,Matching placebo of ofatumumab subcutaneous injections,ext:placebo,2
[18F]FSPG,[18F]FSPG,radiotracer/imaging,2
LY03017-Placebo,LY03017-Placebo,ext:placebo,2
68Ga-NOTA-BBN-RGD,68Ga-NOTA-BBN-RGD,radiotracer/imaging,2
S-2367 Placebo,S-2367 Placebo,ext:placebo,2
24% oral sucrose,24% oral sucrose,ext:sucrose,2
placebo to misoprostol,placebo to misoprostol,ext:placebo,2
Placebo Niacin,Placebo Niacin,ext:placebo,2
Preservative-free Saline,Preservative-free Saline,ext:saline,2
Placebo for Icalcaprant,Placebo for Icalcaprant,ext:placebo,2
Cohort A: placebo,Cohort A: placebo,ext:placebo,2
VC005 Placebo group,VC005 Placebo group,ext:placebo,2
Solifenacin succinate placebo,Solifenacin succinate placebo,ext:placebo,2
[18F]MNI-968,[18F]MNI-968,radiotracer/imaging,2
Cohort B: placebo,Cohort B: placebo,ext:placebo,2
One injection of 68Ga-NODAGA-E[c(RGDyK)]2,One injection of 68Ga-NODAGA-E[c(RGDyK)]2,radiotracer/imaging,2
ZT002 Placebo,ZT002 Placebo,ext:placebo,2
Contrast,Contrast,ext:contrast,2
exenatide and placebo,exenatide and placebo,ext:placebo,2
Empagliflozin placebo,Empagliflozin placebo,ext:placebo,2
infliximab or placebo,infliximab or placebo,ext:placebo,2
Donepezil Placebo,Donepezil Placebo,ext:placebo,2
The Placebo of Herbal Medicine C-117,The Placebo of Herbal Medicine C-117,ext:placebo,2
DA-8010 Placebo,DA-8010 Placebo,ext:placebo,2
Oral sodium chloride,Oral sodium chloride,canonical:Sodium Chloride,1
Comparable Placebo of drug,Comparable Placebo of drug,ext:placebo,1
Intravenous sodium chloride,Intravenous sodium chloride,canonical:Sodium Chloride,1
Placebo (blinded therapy),Placebo (blinded therapy),ext:placebo,1
Ciprofloxacin placebo,Ciprofloxacin placebo,ext:placebo,1
Tamsulosin Hydrochloride Placebo,Tamsulosin Hydrochloride Placebo,ext:placebo,1
Oral placebo Gentamycin,Oral placebo Gentamycin,ext:placebo,1
Oral placebo Ornidazole,Oral placebo Ornidazole,ext:placebo,1
Adrenaline saline irrigation,Adrenaline saline irrigation,ext:saline,1
placebo 6.3mg,placebo 6.3mg,ext:placebo,1
placebo 2.1mg,placebo 2.1mg,ext:placebo,1
placebo 4.2mg,placebo 4.2mg,ext:placebo,1
131I-aGPC3,131I-aGPC3,radiotracer/imaging,1
Oxygen 10 l/min,Oxygen 10 l/min,ext:oxygen,1
20ml of normal saline solution,20ml of normal saline solution,ext:saline,1
Placebo Liraglutide Pen Injector,Placebo Liraglutide Pen Injector,ext:placebo,1
Giredestrant-matched Placebo,Giredestrant-matched Placebo,ext:placebo,1
oxygen 0.25l/min,oxygen 0.25l/min,ext:oxygen,1
Oxygen 70l/min,Oxygen 70l/min,ext:oxygen,1
Low dose Low molecular weight heparin or Placebo,Low dose Low molecular weight heparin or Placebo,ext:placebo,1
Oxygen 2l/min,Oxygen 2l/min,ext:oxygen,1
3.7 GBq (100 mCi) of 177Lu-DOTA-EB-TATE without amino acids (lysine and arginine),3.7 GBq (100 mCi) of 177Lu-DOTA-EB-TATE without amino acids (lysine and arginine),radiotracer/imaging,1
3.7 GBq (100 mCi) of 177Lu-DOTA-EB-TATE with amino acids (lysine and arginine),3.7 GBq (100 mCi) of 177Lu-DOTA-EB-TATE with amino acids (lysine and arginine),radiotracer/imaging,1
177Lu-DOTA-EB-TATE 3,177Lu-DOTA-EB-TATE 3,radiotracer/imaging,1
Glucose/Amino acids/Lipids,Glucose/Amino acids/Lipids,ext:glucose,1
Letrozole-matched Placebo,Letrozole-matched Placebo,ext:placebo,1
Glucose/Amino acids,Glucose/Amino acids,ext:glucose,1
Tenofovir disoproxil fumarate tablet;Placebo of Pradefovir Mesylate,Tenofovir disoproxil fumarate tablet;Placebo of Pradefovir Mesylate,ext:placebo,1
Vehicle of Bilastine Ophthalmic Solution,Vehicle of Bilastine Ophthalmic Solution,ext:vehicle,1
Pradefovir Mesylate;Placebo of Tenofovir disoproxil fumarate tablet,Pradefovir Mesylate;Placebo of Tenofovir disoproxil fumarate tablet,ext:placebo,1
Placebo - 1st Cycle,Placebo - 1st Cycle,ext:placebo,1
Placebo matched to fenebrutinib,Placebo matched to fenebrutinib,ext:placebo,1
Placebo matched to ocrelizumab,Placebo matched to ocrelizumab,ext:placebo,1
bupivacaine +saline,bupivacaine +saline,ext:saline,1
High oxygenation target,High oxygenation target,ext:oxygen,1
Low oxygenation target,Low oxygenation target,ext:oxygen,1
[11C]PiB and 18F-labeled DPA-714 PET scan,[11C]PiB and 18F-labeled DPA-714 PET scan,radiotracer/imaging,1
Magnesium sulfate- Fentanyl,Magnesium sulfate- Fentanyl,ext:magnesium sulfate,1
Patients (women of reproductive age suffering from non-alcoholic fatty liver with polycystic ovary syndrome) receiving 500 mg curcumin capsules (prepared from the extraction of turmeric in the laborat,Patients (women of reproductive age suffering from non-alcoholic fatty liver with polycystic ovary syndrome) receiving 500 mg curcumin capsules (prepared from the extraction of turmeric in the laborat,ext:alcohol,1
Placebo for famotidine,Placebo for famotidine,ext:placebo,1
Placebo injectable solution,Placebo injectable solution,ext:placebo,1
Placebo Vaginal gel with applicator,Placebo Vaginal gel with applicator,ext:placebo,1
Intravenous normal saline as placebo immediately before wire crossing during primary percutaneous coronary intervention,Intravenous normal saline as placebo immediately before wire crossing during primary percutaneous coronary intervention,ext:placebo,1
Inspiratory oxygen fraction,Inspiratory oxygen fraction,ext:oxygen,1
Identical looking placebo,Identical looking placebo,ext:placebo,1
Crisaborole Vehicle,Crisaborole Vehicle,ext:vehicle,1
intravenous +saline lidocaine,intravenous +saline lidocaine,ext:saline,1
saline + intraperitoneal lidocaine,saline + intraperitoneal lidocaine,ext:saline,1
Placebo oral capsule QD,Placebo oral capsule QD,ext:placebo,1
ACE-2494 or placebo,ACE-2494 or placebo,ext:placebo,1
E2511 Matched Placebo,E2511 Matched Placebo,ext:placebo,1
KHN702 placebo,KHN702 placebo,ext:placebo,1
177Lu-DOTA-EB-TATE 1,177Lu-DOTA-EB-TATE 1,radiotracer/imaging,1
177Lu-DOTA-EB-TATE 2,177Lu-DOTA-EB-TATE 2,radiotracer/imaging,1
Rectal placebo,Rectal placebo,ext:placebo,1
BOS172767 matching placebo capsules,BOS172767 matching placebo capsules,ext:placebo,1
Saline (Isotonic Saline Solution 0.9% ),Saline (Isotonic Saline Solution 0.9% ),ext:saline,1
BOS172767 matching placebo tablets,BOS172767 matching placebo tablets,ext:placebo,1
27% Ethanol plus essential oils,27% Ethanol plus essential oils,ext:ethanol,1
[11C]osimertinib,[11C]osimertinib,radiotracer/imaging,1
11C-MCI,11C-MCI,radiotracer/imaging,1
normal saline inhalation,normal saline inhalation,ext:saline,1
MAT taper with placebo,MAT taper with placebo,ext:placebo,1
Placebo for MORF-057,Placebo for MORF-057,ext:placebo,1
[11C]MPC6827,[11C]MPC6827,radiotracer/imaging,1
Buqitongluo Granule Placebo,Buqitongluo Granule Placebo,ext:placebo,1
Magnesium sulfate for 24 hour,Magnesium sulfate for 24 hour,ext:magnesium sulfate,1
Magnesium sulfate for 12 hour,Magnesium sulfate for 12 hour,ext:magnesium sulfate,1
Placebo losartan capsule,Placebo losartan capsule,ext:placebo,1
Ivermectin + Doxycycline + Placebo,Ivermectin + Doxycycline + Placebo,ext:placebo,1
89Zr-DFO-CZP,89Zr-DFO-CZP,radiotracer/imaging,1
Metronidazole Placebo,Metronidazole Placebo,ext:placebo,1
Ringer,Ringer,ext:ringer,1
Saline (as a placebo),Saline (as a placebo),ext:placebo,1
Ivermectin + Placebo,Ivermectin + Placebo,ext:placebo,1
89Zr-DFO-cRGDY-PEG-Cy5-C' dots PET Imaging,89Zr-DFO-cRGDY-PEG-Cy5-C' dots PET Imaging,radiotracer/imaging,1
18FDG PET/CT scan,18FDG PET/CT scan,radiotracer/imaging,1
Diclectin placebo,Diclectin placebo,ext:placebo,1
11C-Martinostat,11C-Martinostat,radiotracer/imaging,1
Zilucoplan placebo,Zilucoplan placebo,ext:placebo,1
Lanadelumab placebo,Lanadelumab placebo,ext:placebo,1
Apremilast placebo,Apremilast placebo,ext:placebo,1
Placebo (two doses),Placebo (two doses),ext:placebo,1
Administration of placebo hydrocortisone,Administration of placebo hydrocortisone,ext:placebo,1
Administration of placebo AVP,Administration of placebo AVP,ext:placebo,1
99mTc-MIRC208,99mTc-MIRC208,radiotracer/imaging,1
Nebulized Saline,Nebulized Saline,ext:saline,1
Placebo: Tapioca Powder,Placebo: Tapioca Powder,ext:placebo,1
Placebo Eflornithine Topical,Placebo Eflornithine Topical,ext:placebo,1
"Suvemcitug placebo injection, trifluridine/tipiracil tablets","Suvemcitug placebo injection, trifluridine/tipiracil tablets",ext:placebo,1
Placebo (for Tacrolimus),Placebo (for Tacrolimus),ext:placebo,1
isopropyl alcohol 70% inhalation,isopropyl alcohol 70% inhalation,ext:alcohol,1
Placebo to match F/TDF,Placebo to match F/TDF,ext:placebo,1
Placebo Formulation,Placebo Formulation,ext:placebo,1
Placebo for GLA,Placebo for GLA,ext:placebo,1
Placebo for SLIT PE,Placebo for SLIT PE,ext:placebo,1
Placebo to match DTG,Placebo to match DTG,ext:placebo,1
Placebo [Ambulatory Cohort] only,Placebo [Ambulatory Cohort] only,ext:placebo,1
Pilot study II: Placebo,Pilot study II: Placebo,ext:placebo,1
Placebo beet root juice,Placebo beet root juice,ext:placebo,1
Placebo (matching plinabulin placebo),Placebo (matching plinabulin placebo),ext:placebo,1
Vehicle Control (Placebo),Vehicle Control (Placebo),ext:placebo,1
FTX-6058/placebo oral capsule(s),FTX-6058/placebo oral capsule(s),ext:placebo,1
Tegoprazan dose D or placebo,Tegoprazan dose D or placebo,ext:placebo,1
Tegoprazan dose C or placebo,Tegoprazan dose C or placebo,ext:placebo,1
Tegoprazan dose B or placebo,Tegoprazan dose B or placebo,ext:placebo,1
Tegoprazan dose A or placebo,Tegoprazan dose A or placebo,ext:placebo,1
18F-AV1451,18F-AV1451,radiotracer/imaging,1
EG-009A Placebo,EG-009A Placebo,ext:placebo,1
18F-DA,18F-DA,radiotracer/imaging,1
Ibuprofen Injection and normal saline,Ibuprofen Injection and normal saline,ext:saline,1
Paracetamol injection and normal saline,Paracetamol injection and normal saline,ext:saline,1
Saline solution application,Saline solution application,ext:saline,1
XSLJZ Placebo,XSLJZ Placebo,ext:placebo,1
Matching Placebo subcutaneous injection,Matching Placebo subcutaneous injection,ext:placebo,1
Placebo to Ulonivirine,Placebo to Ulonivirine,ext:placebo,1
Dose Response Curve Placebo,Dose Response Curve Placebo,ext:placebo,1
Mg (magnesium sulfate),Mg (magnesium sulfate),ext:magnesium sulfate,1
Control (saline),Control (saline),ext:saline,1
Placebo+ Standard of Care (SOC),Placebo+ Standard of Care (SOC),ext:placebo,1
Placebo 140mg+Atorvastatin,Placebo 140mg+Atorvastatin,ext:placebo,1
Placebo to match tiotropium,Placebo to match tiotropium,ext:placebo,1
Ethanol with Asprin,Ethanol with Asprin,ext:ethanol,1
NPC-15 and/or Placebo,NPC-15 and/or Placebo,ext:placebo,1
Bevacizumab and placebo,Bevacizumab and placebo,ext:placebo,1
Percutaneous ethanol injection,Percutaneous ethanol injection,ext:ethanol,1
[212Pb]Pb-MP0712,[212Pb]Pb-MP0712,radiotracer/imaging,1
Placebo vaginal suppositories,Placebo vaginal suppositories,ext:placebo,1
Placebo 420mg+Atorvastatin,Placebo 420mg+Atorvastatin,ext:placebo,1
Hypertonic Dextrose Solution,Hypertonic Dextrose Solution,ext:dextrose,1
Contrast-Enhanced Ultrasound using Lumason,Contrast-Enhanced Ultrasound using Lumason,ext:contrast,1
Ketanserin Placebo,Ketanserin Placebo,ext:placebo,1
Placebo erector spinae plane perineural administration,Placebo erector spinae plane perineural administration,ext:placebo,1
Oxygen (15-O) Water,Oxygen (15-O) Water,ext:oxygen,1
Nebulize %3 Sodium Chloride,Nebulize %3 Sodium Chloride,canonical:Sodium Chloride,1
[18F]AV-45,[18F]AV-45,radiotracer/imaging,1
Placebo for ketamine,Placebo for ketamine,ext:placebo,1
IV Solution Placebo,IV Solution Placebo,ext:placebo,1
Normal Saline (Intravenous),Normal Saline (Intravenous),ext:saline,1
Placebo of Molidustat (BAY85-3934),Placebo of Molidustat (BAY85-3934),ext:placebo,1
Placebo of Darbepoetin alfa,Placebo of Darbepoetin alfa,ext:placebo,1
"Placebo,extended-release microspheres","Placebo,extended-release microspheres",ext:placebo,1
Placebo for modafinil,Placebo for modafinil,ext:placebo,1
Hydroxychloroquine + Sorbitol,Hydroxychloroquine + Sorbitol,ext:sorbitol,1
VCT220 Placebo Tablet,VCT220 Placebo Tablet,ext:placebo,1
Placebo for BIC/FTC/TAF,Placebo for BIC/FTC/TAF,ext:placebo,1
Placebo to ISL/ULO,Placebo to ISL/ULO,ext:placebo,1
Placebo (NNC0268-0965),Placebo (NNC0268-0965),ext:placebo,1
18F-FES PET,18F-FES PET,radiotracer/imaging,1
CP1050 or Placebo,CP1050 or Placebo,ext:placebo,1
[18F]MK-6240,[18F]MK-6240,radiotracer/imaging,1
Epidural morphine 3 mg + IV saline,Epidural morphine 3 mg + IV saline,ext:saline,1
"Placebo oral sweetener (Clio tablets, sweetener with a dispenser, Instantina GES, Vienna, Austria).","Placebo oral sweetener (Clio tablets, sweetener with a dispenser, Instantina GES, Vienna, Austria).",ext:placebo,1
Epidural saline + IV saline,Epidural saline + IV saline,ext:saline,1
Placebo of excipient(s) will be administered,Placebo of excipient(s) will be administered,ext:placebo,1
89Zr-DFO-REGN3767,89Zr-DFO-REGN3767,radiotracer/imaging,1
Placebo of DA-5515,Placebo of DA-5515,ext:placebo,1
vehicle plaster,vehicle plaster,ext:vehicle,1
Placebo (NNC0363-0845),Placebo (NNC0363-0845),ext:placebo,1
0.9% (w/v) saline,0.9% (w/v) saline,ext:saline,1
Ropivacaine + Saline,Ropivacaine + Saline,ext:saline,1
Methylprednisolone 40 mg + Ropivacaine + Saline,Methylprednisolone 40 mg + Ropivacaine + Saline,ext:saline,1
Morphine or Placebo,Morphine or Placebo,ext:placebo,1
[99mTc]Tc-DB8,[99mTc]Tc-DB8,radiotracer/imaging,1
Matching Placebo of CORT125134,Matching Placebo of CORT125134,ext:placebo,1
LX9211 Matching Placebo,LX9211 Matching Placebo,ext:placebo,1
Buprenorphine or Placebo,Buprenorphine or Placebo,ext:placebo,1
Changkang Placebo Granule,Changkang Placebo Granule,ext:placebo,1
irone sucrose,irone sucrose,ext:sucrose,1
"Elamipretide will be supplied as a sterile 5.0 mL single-patient, multi-dose glass vial containing 3.75 mL of elamipretide solution (elamipretide [80 mg/mL], phosphate buffer, and benzyl alcohol)","Elamipretide will be supplied as a sterile 5.0 mL single-patient, multi-dose glass vial containing 3.75 mL of elamipretide solution (elamipretide [80 mg/mL], phosphate buffer, and benzyl alcohol)",ext:alcohol,1
Dextrose 5%/Nacl 0.3% Inj_#3,Dextrose 5%/Nacl 0.3% Inj_#3,ext:nacl,1
Placebo/Control,Placebo/Control,ext:placebo,1
Broncho-Vaxom®,Broncho-Vaxom,canonical:Broncho-Vaxom,1
Placebo Oral + Placebo Oral,Placebo Oral + Placebo Oral,ext:placebo,1
SR419 placebo,SR419 placebo,ext:placebo,1
12 mg betamethasone + placebo,12 mg betamethasone + placebo,ext:placebo,1
active control placebo,active control placebo,ext:placebo,1
The placebo of tong-jiang granules,The placebo of tong-jiang granules,ext:placebo,1
The placebo of Chang 'an II Recipe,The placebo of Chang 'an II Recipe,ext:placebo,1
with placebo spray application,with placebo spray application,ext:placebo,1
MLC901 or Placebo,MLC901 or Placebo,ext:placebo,1
Placebo in combination with Epirubicin,Placebo in combination with Epirubicin,ext:placebo,1
250 mL 0.9% sterile saline,250 mL 0.9% sterile saline,ext:saline,1
Sanhuangjingshimingwan Placebo,Sanhuangjingshimingwan Placebo,ext:placebo,1
1000 mL 0.9% sterile saline,1000 mL 0.9% sterile saline,ext:saline,1
Buspirone placebo,Buspirone placebo,ext:placebo,1
Vitamin D3 or Placebo,Vitamin D3 or Placebo,ext:placebo,1
Placebo Osimertinib 80mg/40mg,Placebo Osimertinib 80mg/40mg,ext:placebo,1
[11C]-PBR28,[11C]-PBR28,radiotracer/imaging,1
Plasma-Activated Saline Solution (PASS) Bladder Instillation,Plasma-Activated Saline Solution (PASS) Bladder Instillation,ext:saline,1
Cenobamate placebo,Cenobamate placebo,ext:placebo,1
Hydrocortisone Placebo,Hydrocortisone Placebo,ext:placebo,1
Thiamine Placebo,Thiamine Placebo,ext:placebo,1
Vitamin C Placebo,Vitamin C Placebo,ext:placebo,1
Placebo - 14 day repeat dose,Placebo - 14 day repeat dose,ext:placebo,1
Mannitol 20% Infusion,Mannitol 20% Infusion,ext:mannitol,1
Placebo - single dose,Placebo - single dose,ext:placebo,1
Alprazolam Placebo,Alprazolam Placebo,ext:placebo,1
Placebo - 7 day repeat dose,Placebo - 7 day repeat dose,ext:placebo,1
Diclofenac oral + Placebo Oral,Diclofenac oral + Placebo Oral,ext:placebo,1
Placebo to Match RDV,Placebo to Match RDV,ext:placebo,1
EMB-001 Placebo,EMB-001 Placebo,ext:placebo,1
ACT-541478 high or low dose (or placebo),ACT-541478 high or low dose (or placebo),ext:placebo,1
68GA PSMA-HBED-CC,68GA PSMA-HBED-CC,radiotracer/imaging,1
Doxycycline Placebo,Doxycycline Placebo,ext:placebo,1
Trifarotene Vehicle,Trifarotene Vehicle,ext:vehicle,1
Evinacumab placebo,Evinacumab placebo,ext:placebo,1
ALN-ANG3 placebo,ALN-ANG3 placebo,ext:placebo,1
Grazax® Placebo,Grazax Placebo,ext:placebo,1
Dupixent® Placebo,Dupixent Placebo,ext:placebo,1
Placebo for Elsubrutinib,Placebo for Elsubrutinib,ext:placebo,1
Placebo-50mg,Placebo-50mg,ext:placebo,1
Normal saline Nasal Spray,Normal saline Nasal Spray,ext:saline,1
Placebo-25mg,Placebo-25mg,ext:placebo,1
"Mesenchymal Stem Cell + NaCl 0,9% 2ml","Mesenchymal Stem Cell + NaCl 0,9% 2ml",ext:nacl,1
Placebo-150mg,Placebo-150mg,ext:placebo,1
Placebo for Niraparib,Placebo for Niraparib,ext:placebo,1
Nebulized Magnesium sulfate,Nebulized Magnesium sulfate,ext:magnesium sulfate,1
AR-15512 Ophthalmic Solution Vehicle,AR-15512 Ophthalmic Solution Vehicle,ext:vehicle,1
Nitrofurantoin Prophylaxis/Placebo,Nitrofurantoin Prophylaxis/Placebo,ext:placebo,1
diclofenac potassium + placebo,diclofenac potassium + placebo,ext:placebo,1
Ketoprofen + placebo,Ketoprofen + placebo,ext:placebo,1
Isotonic dextrose 5% in water solution,Isotonic dextrose 5% in water solution,ext:dextrose,1
Placebo for levosimendan,Placebo for levosimendan,ext:placebo,1
Songling Xuemaikang Capsule Placebo,Songling Xuemaikang Capsule Placebo,ext:placebo,1
68Ga-DOTA/NOTA-FAPI-04,68Ga-DOTA/NOTA-FAPI-04,radiotracer/imaging,1
"placebo, intranasal","placebo, intranasal",ext:placebo,1
placebo for rizankizumab,placebo for rizankizumab,ext:placebo,1
Placebo matching BI 764198,Placebo matching BI 764198,ext:placebo,1
"placebo, intramuscular","placebo, intramuscular",ext:placebo,1
Placebo Daclatasvir 60 mg,Placebo Daclatasvir 60 mg,ext:placebo,1
Placebo Atazanavir,Placebo Atazanavir,ext:placebo,1
Placebo Sofusbuvir + Daclatasvir 60 mg,Placebo Sofusbuvir + Daclatasvir 60 mg,ext:placebo,1
Placebo +SBRT,Placebo +SBRT,ext:placebo,1
Sodium Bicarbonate Toothpaste,Sodium Bicarbonate Toothpaste,ext:sodium bicarbonate,1
89Zr-DFO-daratumumab,89Zr-DFO-daratumumab,radiotracer/imaging,1
Isotonic Saline (0.9% NaCl),Isotonic Saline (0.9% NaCl),ext:saline,1
Placebo for Navitoclax,Placebo for Navitoclax,ext:placebo,1
Placebo empty capsule,Placebo empty capsule,ext:placebo,1
Placebo for Treatment C,Placebo for Treatment C,ext:placebo,1
Placebo for Treatment B,Placebo for Treatment B,ext:placebo,1
Placebo for Treatment A,Placebo for Treatment A,ext:placebo,1
Cephalexin + placebo,Cephalexin + placebo,ext:placebo,1
"Qishenyiqi dripping pills placebo, 12 bags","Qishenyiqi dripping pills placebo, 12 bags",ext:placebo,1
"Qishenyiqi dripping pills placebo, 9 bags","Qishenyiqi dripping pills placebo, 9 bags",ext:placebo,1
"Qishenyiqi dripping pills placebo, 6 bags","Qishenyiqi dripping pills placebo, 6 bags",ext:placebo,1
Local administration of placebo (saline solution),Local administration of placebo (saline solution),ext:placebo,1
KN046 placebo,KN046 placebo,ext:placebo,1
"Allopregnanolone (Allo) with Dexolve in 0.9% saline for injection manufactured by University of California, Davis","Allopregnanolone (Allo) with Dexolve in 0.9% saline for injection manufactured by University of California, Davis",ext:saline,1
18F-AlF-NOTA-neurotensin,18F-AlF-NOTA-neurotensin,radiotracer/imaging,1
AXR-270 Vehicle,AXR-270 Vehicle,ext:vehicle,1
Placebo Comparator - Placebo,Placebo Comparator - Placebo,ext:placebo,1
Normal Saline 0.9% 1.2 ml,Normal Saline 0.9% 1.2 ml,ext:saline,1
Placebo creams/gels,Placebo creams/gels,ext:placebo,1
Etoricoxib Placebo,Etoricoxib Placebo,ext:placebo,1
Huzhang granule Placebo,Huzhang granule Placebo,ext:placebo,1
"Placebo pills and distilled water 3 pills,3 times daily","Placebo pills and distilled water 3 pills,3 times daily",ext:placebo,1
Standard Of Care (SOC) + Placebo,Standard Of Care (SOC) + Placebo,ext:placebo,1
[11C]Yohimbine,[11C]Yohimbine,radiotracer/imaging,1
Placebo - ice,Placebo - ice,ext:placebo,1
Placebo - alone,Placebo - alone,ext:placebo,1
Dextrose 20% solution,Dextrose 20% solution,ext:dextrose,1
[11C]Yohimbine (Part B1) and [11C]Yohimbine + clonidine (Part B2),[11C]Yohimbine (Part B1) and [11C]Yohimbine + clonidine (Part B2),radiotracer/imaging,1
Treatment with placebo,Treatment with placebo,ext:placebo,1
Placebo (3 softgels),Placebo (3 softgels),ext:placebo,1
Placebo (1 softgel),Placebo (1 softgel),ext:placebo,1
Bawei Shenqi Pill placebo,Bawei Shenqi Pill placebo,ext:placebo,1
Placebo- 2.00 mg/kg,Placebo- 2.00 mg/kg,ext:placebo,1
Placebo- 1.00 mg/kg,Placebo- 1.00 mg/kg,ext:placebo,1
Placebo- 0.20 mg/kg,Placebo- 0.20 mg/kg,ext:placebo,1
Placebo- 0.10 mg/kg,Placebo- 0.10 mg/kg,ext:placebo,1
MT-1186-matching placebo,MT-1186-matching placebo,ext:placebo,1
18F-AlF-NOTA-octreotide,18F-AlF-NOTA-octreotide,radiotracer/imaging,1
Bolus placebo,Bolus placebo,ext:placebo,1
AZD8154 Placebo Monodose DPI presented in capsules,AZD8154 Placebo Monodose DPI presented in capsules,ext:placebo,1
TAK-671 Placebo,TAK-671 Placebo,ext:placebo,1
TS-142 Placebo,TS-142 Placebo,ext:placebo,1
High Flow Oxygen,High Flow Oxygen,ext:oxygen,1
Magnesium sulfate 33% solution,Magnesium sulfate 33% solution,ext:magnesium sulfate,1
Low Flow Oxygen,Low Flow Oxygen,ext:oxygen,1
99mTc-NTP 15-5 at a diagnostic activity of 5 MBq/kg,99mTc-NTP 15-5 at a diagnostic activity of 5 MBq/kg,radiotracer/imaging,1
99mTc-NTP 15-5 at a diagnostic activity of 15 MBq/kg,99mTc-NTP 15-5 at a diagnostic activity of 15 MBq/kg,radiotracer/imaging,1
99mTc-NTP 15-5 at a diagnostic activity of 10 MBq/kg,99mTc-NTP 15-5 at a diagnostic activity of 10 MBq/kg,radiotracer/imaging,1
ASC41 placebo,ASC41 placebo,ext:placebo,1
[68Ga]-PSMA-R2,[68Ga]-PSMA-R2,radiotracer/imaging,1
investigational radiotracer [18F]MK6240,investigational radiotracer [18F]MK6240,radiotracer/imaging,1
177Lu-PSMA-R2,177Lu-PSMA-R2,radiotracer/imaging,1
"Placebo, single dose","Placebo, single dose",ext:placebo,1
"Placebo, multiple doses","Placebo, multiple doses",ext:placebo,1
One tablet of Acetylsalicylic Acid and one dose of IV placebo,One tablet of Acetylsalicylic Acid and one dose of IV placebo,ext:placebo,1
Intravenous injection of Tenecteplase and one dose of placebo tablet,Intravenous injection of Tenecteplase and one dose of placebo tablet,ext:placebo,1
[18F]FLOR (FC303) Injection,[18F]FLOR (FC303) Injection,radiotracer/imaging,1
Sulfasalazine's placebo,Sulfasalazine's placebo,ext:placebo,1
Ambrisentan's placebo,Ambrisentan's placebo,ext:placebo,1
Normal Saline intranasal and placebo inhaler,Normal Saline intranasal and placebo inhaler,ext:placebo,1
"Group B. ""Muscle relaxant #2"": succinylcholine +saline; ""Muscle relaxant #1"": rocuronium + sugammadex;","Group B. ""Muscle relaxant #2"": succinylcholine +saline; ""Muscle relaxant #1"": rocuronium + sugammadex",ext:saline,1
"Group A. ""Muscle relaxant #1"": rocuronium + sugammadex; ""Muscle relaxant #2"": succinylcholine +saline","Group A. ""Muscle relaxant #1"": rocuronium + sugammadex; ""Muscle relaxant #2"": succinylcholine +saline",ext:saline,1
"Normal Saline 0,9%","Normal Saline 0,9%",ext:saline,1
Tolterodine placebo,Tolterodine placebo,ext:placebo,1
Vibegron placebo,Vibegron placebo,ext:placebo,1
[18F]F-AraG Injection,[18F]F-AraG Injection,radiotracer/imaging,1
Oral Placebo Gentamycin,Oral Placebo Gentamycin,ext:placebo,1
HRS-1893 Tablet Placebo,HRS-1893 Tablet Placebo,ext:placebo,1
MC2-01 vehicle,MC2-01 vehicle,ext:vehicle,1
Oral Placebo Ornidazole,Oral Placebo Ornidazole,ext:placebo,1
Liberal Oxygen,Liberal Oxygen,ext:oxygen,1
HEC121120 placebo tablets,HEC121120 placebo tablets,ext:placebo,1
Placebo + L-NMMA,Placebo + L-NMMA,ext:placebo,1
entecavir placebo tablets,entecavir placebo tablets,ext:placebo,1
[18F]FPyGal,[18F]FPyGal,radiotracer/imaging,1
Teduglutide + Normal Saline,Teduglutide + Normal Saline,ext:saline,1
placebo plus fosaprepitant-based triple regimen,placebo plus fosaprepitant-based triple regimen,ext:placebo,1
Aspirin/placebo,Aspirin/placebo,ext:placebo,1
18F-mFBG for intravenous administration,18F-mFBG for intravenous administration,radiotracer/imaging,1
Placebo matching to GSK3858279 (SC or IV),Placebo matching to GSK3858279 (SC or IV),ext:placebo,1
Placebo matching to GSK3858279 (SC),Placebo matching to GSK3858279 (SC),ext:placebo,1
Placebo 0.9% NaCl solution,Placebo 0.9% NaCl solution,ext:placebo,1
topical irrigation with gentamicin (80mg diluted in 1L 0.9% normal saline),topical irrigation with gentamicin (80mg diluted in 1L 0.9% normal saline),ext:saline,1
topical irrigation with sterile normal saline (NS),topical irrigation with sterile normal saline (NS),ext:saline,1
"Alcohol, Ethyl","Alcohol, Ethyl",ext:alcohol,1
[11C]-Lu AF88434,[11C]-Lu AF88434,radiotracer/imaging,1
"local ifiltration Bupivacaine, Meloxican and placebo","local ifiltration Bupivacaine, Meloxican and placebo",ext:placebo,1
Sham-transplantation Placebo,Sham-transplantation Placebo,ext:placebo,1
Group 1-64CU-DOTA-ECL1i (radioactive imaging medicine),Group 1-64CU-DOTA-ECL1i (radioactive imaging medicine),radiotracer/imaging,1
AG-946 Matched Placebo,AG-946 Matched Placebo,ext:placebo,1
Group 2 64CU-DOTA-ECL1i (radioactive imaging medicine),Group 2 64CU-DOTA-ECL1i (radioactive imaging medicine),radiotracer/imaging,1
%0.9 NaCl 10ml/kg,%0.9 NaCl 10ml/kg,ext:nacl,1
Physiologic saline - esmolol dummy,Physiologic saline - esmolol dummy,ext:saline,1
Placebo tablets matching Mycophenolate Mofetil,Placebo tablets matching Mycophenolate Mofetil,ext:placebo,1
Placebo oral capsule + PAP,Placebo oral capsule + PAP,ext:placebo,1
Placebo Ticagrelor,Placebo Ticagrelor,ext:placebo,1
Physiologic saline - glucagon dummy,Physiologic saline - glucagon dummy,ext:saline,1
Hypertonic saline solution plus intravenous furosemide,Hypertonic saline solution plus intravenous furosemide,ext:saline,1
%0.9 NaCl 20ml/kg,%0.9 NaCl 20ml/kg,ext:nacl,1
vehicle oil,vehicle oil,ext:vehicle,1
To keep open (TKO) infusion of 0.9% normal saline,To keep open (TKO) infusion of 0.9% normal saline,ext:saline,1
89Zr-Df-IAB22M2C,89Zr-Df-IAB22M2C,radiotracer/imaging,1
Vehicle Eye Drops,Vehicle Eye Drops,ext:vehicle,1
30% glucose,30% glucose,ext:glucose,1
NaCl 0.0308 MEQ/ML Injectable Solution,NaCl 0.0308 MEQ/ML Injectable Solution,ext:nacl,1
isotonic dextrose 5% in water (D5W) solution,isotonic dextrose 5% in water (D5W) solution,ext:dextrose,1
LABA/LAMA or Placebo inhalation,LABA/LAMA or Placebo inhalation,ext:placebo,1
placebo ondansetron with dexamethasone,placebo ondansetron with dexamethasone,ext:placebo,1
Placebo Single Ascending Dose,Placebo Single Ascending Dose,ext:placebo,1
placebo of vitamin B6 and magnesium,placebo of vitamin B6 and magnesium,ext:placebo,1
3-[18F]Fluoro-para-hydroxyphenethylguanidine,3-[18F]Fluoro-para-hydroxyphenethylguanidine,radiotracer/imaging,1
Oral Micronized Progesterone + Placebo,Oral Micronized Progesterone + Placebo,ext:placebo,1
Placebo Subcutaneous Solution,Placebo Subcutaneous Solution,ext:placebo,1
Transdermal Estradiol + Placebo,Transdermal Estradiol + Placebo,ext:placebo,1
Sodium Lactate high dose,Sodium Lactate high dose,canonical:Sodium Lactate,1
CGS-200 Vehicle,CGS-200 Vehicle,ext:vehicle,1
Sodium Lactate light dose,Sodium Lactate light dose,canonical:Sodium Lactate,1
NaCl infusion,NaCl infusion,ext:nacl,1
[123I] metaiodobenzylguanidine,[123I] metaiodobenzylguanidine,radiotracer/imaging,1
Placebo Multiple Ascending Dose,Placebo Multiple Ascending Dose,ext:placebo,1
IV saline infusion +Sham patch,IV saline infusion +Sham patch,ext:saline,1
Placebo - Preservative-free artificial tears,Placebo - Preservative-free artificial tears,ext:placebo,1
Bicarbonated Ringer's solution,Bicarbonated Ringer's solution,ext:ringer,1
Medical oxygen,Medical oxygen,ext:oxygen,1
TAK-418 Matching Placebo,TAK-418 Matching Placebo,ext:placebo,1
JKN2301 Placebo,JKN2301 Placebo,ext:placebo,1
177Lu-3BP-227 (also called 177Lu-IPN01087),177Lu-3BP-227 (also called 177Lu-IPN01087),radiotracer/imaging,1
HNC664 placebos Single dose,HNC664 placebos Single dose,ext:placebo,1
SA1211 injection placebo,SA1211 injection placebo,ext:placebo,1
Favipiravir Placebo,Favipiravir Placebo,ext:placebo,1
IV saline infusion,IV saline infusion,ext:saline,1
Bicarbonate Ringer's solution,Bicarbonate Ringer's solution,ext:ringer,1
Placebo for Bamlanivimab 7000mg,Placebo for Bamlanivimab 7000mg,ext:placebo,1
Placebo for BRII-196+BRII-198,Placebo for BRII-196+BRII-198,ext:placebo,1
Placebo for BMS-986414 + BMS-986413,Placebo for BMS-986414 + BMS-986413,ext:placebo,1
Placebo for AZD7442 (IV),Placebo for AZD7442 (IV),ext:placebo,1
Placebo for AZD7442 (IM),Placebo for AZD7442 (IM),ext:placebo,1
Placebo for Bamlanivimab 700mg,Placebo for Bamlanivimab 700mg,ext:placebo,1
Placebo for Camostat,Placebo for Camostat,ext:placebo,1
Placebo for SNG001,Placebo for SNG001,ext:placebo,1
Placebo for SAB-185 (low dose),Placebo for SAB-185 (low dose),ext:placebo,1
Placebo for SAB-185 (high dose),Placebo for SAB-185 (high dose),ext:placebo,1
Placebo Normal Saline (NS),Placebo Normal Saline (NS),ext:placebo,1
Placebo matching for Selinexor (continuous therapy),Placebo matching for Selinexor (continuous therapy),ext:placebo,1
Ultrasound Microbubble Contrast Agent,Ultrasound Microbubble Contrast Agent,ext:contrast,1
Sanhuang Jingshiming/Pills placebo,Sanhuang Jingshiming/Pills placebo,ext:placebo,1
Placebo matching for Selinexor (combination therapy),Placebo matching for Selinexor (combination therapy),ext:placebo,1
"bolus of dextrose, reducing the glucose infusion, insulin","bolus of dextrose, reducing the glucose infusion, insulin",ext:glucose,1
Chlorthalidone with potassium chloride,Chlorthalidone with potassium chloride,ext:potassium chloride,1
BOTOX 100U in normal saline with placebo,BOTOX 100U in normal saline with placebo,ext:placebo,1
BOTOX 100U in normal saline with zinc,BOTOX 100U in normal saline with zinc,ext:saline,1
Sintilimab placebo and lenalidomide placebo,Sintilimab placebo and lenalidomide placebo,ext:placebo,1
Matching placebo to Seltorexant,Matching placebo to Seltorexant,ext:placebo,1
Matching placebo to Quetiapine XR,Matching placebo to Quetiapine XR,ext:placebo,1
Placebo Vehicle Gel,Placebo Vehicle Gel,ext:placebo,1
Pregabalin 75 mg Placebo,Pregabalin 75 mg Placebo,ext:placebo,1
Pregabalin 300 mg Placebo,Pregabalin 300 mg Placebo,ext:placebo,1
placebo oral solution,placebo oral solution,ext:placebo,1
Normal Saline (NS) .9% 10 mL Injection,Normal Saline (NS) .9% 10 mL Injection,ext:saline,1
TSG-01 and Placebo,TSG-01 and Placebo,ext:placebo,1
Lansoprazole 15 mg placebo,Lansoprazole 15 mg placebo,ext:placebo,1
DWP14012 20mg placebo,DWP14012 20mg placebo,ext:placebo,1
"Sodium chloride, USP, for injection (0.9% NaCl)","Sodium chloride, USP, for injection (0.9% NaCl)",canonical:Sodium Chloride,1
the second-generation non-ionic monomer contrast,the second-generation non-ionic monomer contrast,ext:contrast,1
Intravenous isotonic fluid - NaCl 131-154 mmol/L in 5% dextrose,Intravenous isotonic fluid - NaCl 131-154 mmol/L in 5% dextrose,ext:nacl,1
Intravenous Hypotonic fluid- Sodium Chloride < 130 mmol/L,Intravenous Hypotonic fluid- Sodium Chloride < 130 mmol/L,canonical:Sodium Chloride,1
Methylprednisolone placebo,Methylprednisolone placebo,ext:placebo,1
Oxygen 80 %,Oxygen 80 %,ext:oxygen,1
NX9 Oral Contrast Agent,NX9 Oral Contrast Agent,ext:contrast,1
saline infiltration,saline infiltration,ext:saline,1
saline intranasal,saline intranasal,ext:saline,1
Placebo: WST-057 4mL topical solution,Placebo: WST-057 4mL topical solution,ext:placebo,1
Sterile isotonic saline solution,Sterile isotonic saline solution,ext:saline,1
18F-FDG (intravenous),18F-FDG (intravenous),radiotracer/imaging,1
sodium bicarbonate 8.4%,sodium bicarbonate 8.4%,ext:sodium bicarbonate,1
KT-474/Placebo,KT-474/Placebo,ext:placebo,1
Toripalimab mimetic (placebo),Toripalimab mimetic (placebo),ext:placebo,1
18F-FET (intravenous),18F-FET (intravenous),radiotracer/imaging,1
18F-FET (oral),18F-FET (oral),radiotracer/imaging,1
DDO-3055 tablets；Placebo,DDO-3055 tablets；Placebo,ext:placebo,1
18F-FDG (oral),18F-FDG (oral),radiotracer/imaging,1
Placebo for PF-06946860,Placebo for PF-06946860,ext:placebo,1
Placebo (0.9 % Saline),Placebo (0.9 % Saline),ext:placebo,1
SHR2150；Placebo,SHR2150；Placebo,ext:placebo,1
"Placebo once daily for two weeks, then twice daily for two weeks","Placebo once daily for two weeks, then twice daily for two weeks",ext:placebo,1
Alcohol injection,Alcohol injection,ext:alcohol,1
Sodium Chloride Oral Product,Sodium Chloride Oral Product,canonical:Sodium Chloride,1
Potassium Chloride Oral Product,Potassium Chloride Oral Product,ext:potassium chloride,1
"Saline Solutions, Intraocular","Saline Solutions, Intraocular",ext:saline,1
"Dextrose Oral Tablet, Chewable","Dextrose Oral Tablet, Chewable",ext:dextrose,1
"indoleamine 2,3-dioxygenase 1 (IDO-1) inhibitor","indoleamine 2,3-dioxygenase 1 (IDO-1) inhibitor",ext:oxygen,1
Placebo for IV infusion,Placebo for IV infusion,ext:placebo,1
HUDC_VT(Glucose 200mg/Sodium chloride 200mg),HUDC_VT(Glucose 200mg/Sodium chloride 200mg),canonical:Sodium Chloride,1
HUDC_VT (Glucose 400mg/Sodium chloride 200mg),HUDC_VT (Glucose 400mg/Sodium chloride 200mg),canonical:Sodium Chloride,1
HUDC_VT (Glucose 400mg),HUDC_VT (Glucose 400mg),ext:glucose,1
HUDC_VT (Sodium chloride 200mg),HUDC_VT (Sodium chloride 200mg),canonical:Sodium Chloride,1
Placebo to HLX10,Placebo to HLX10,ext:placebo,1
Magnesium Sulfate (2 Ampoules),Magnesium Sulfate (2 Ampoules),ext:magnesium sulfate,1
Placebo insulin icodec,Placebo insulin icodec,ext:placebo,1
Placebo insulin degludec,Placebo insulin degludec,ext:placebo,1
Placebo to relacorilant,Placebo to relacorilant,ext:placebo,1
Recombinant Interferon gamma 1b placebo,Recombinant Interferon gamma 1b placebo,ext:placebo,1
[11C] acetate,[11C] acetate,radiotracer/imaging,1
Placebo gas for inhalation,Placebo gas for inhalation,ext:placebo,1
Ribavirin Placebo,Ribavirin Placebo,ext:placebo,1
Ritonavir Placebo,Ritonavir Placebo,ext:placebo,1
Ravidasvir Placebo,Ravidasvir Placebo,ext:placebo,1
Danoprevir Placebo,Danoprevir Placebo,ext:placebo,1
placebo powder,placebo powder,ext:placebo,1
Microtracer matching placebo (SAD - Absolute Bioavailability),Microtracer matching placebo (SAD - Absolute Bioavailability),ext:placebo,1
Microtracer matching placebo (MAD - ADME),Microtracer matching placebo (MAD - ADME),ext:placebo,1
RDV Placebo,RDV Placebo,ext:placebo,1
CST-2: Placebo,CST-2: Placebo,ext:placebo,1
Placebo for SAR440340,Placebo for SAR440340,ext:placebo,1
Placebo for dupilumab,Placebo for dupilumab,ext:placebo,1
Calcium Hydroxide + Normal Saline,Calcium Hydroxide + Normal Saline,ext:saline,1
CST-5: Placebo,CST-5: Placebo,ext:placebo,1
Gadolinium-based Contrast Agent (GBCA) for MRI,Gadolinium-based Contrast Agent (GBCA) for MRI,ext:contrast,1
Isosorbide Mononitrate Placebo,Isosorbide Mononitrate Placebo,ext:placebo,1
18F-MK6240 injection,18F-MK6240 injection,radiotracer/imaging,1
Placebo matching BI 685509,Placebo matching BI 685509,ext:placebo,1
sodium chloride solution,sodium chloride solution,canonical:Sodium Chloride,1
Saline Control Periarticular Injection (PAI),Saline Control Periarticular Injection (PAI),ext:saline,1
placebo arm,placebo arm,ext:placebo,1
SHR0302 Placebo Tablets,SHR0302 Placebo Tablets,ext:placebo,1
SHR0302 Base Placebo Gel,SHR0302 Base Placebo Gel,ext:placebo,1
18F-PEG3-FPN,18F-PEG3-FPN,radiotracer/imaging,1
PSMA-based 18F-DCFPyL PET tracer for PET/CT exams,PSMA-based 18F-DCFPyL PET tracer for PET/CT exams,radiotracer/imaging,1
Placebo BID Tablet,Placebo BID Tablet,ext:placebo,1
BEN2293 (0.25% or 1.0% w/w) or matching placebo,BEN2293 (0.25% or 1.0% w/w) or matching placebo,ext:placebo,1
Placebo 275 mg,Placebo 275 mg,ext:placebo,1
Placebo 350mg,Placebo 350mg,ext:placebo,1
111In-DTPA-exendin-4,111In-DTPA-exendin-4,radiotracer/imaging,1
isotonic saline 1mg•kg-1,isotonic saline 1mg•kg-1,ext:saline,1
Placebo 175 mg,Placebo 175 mg,ext:placebo,1
"Placebo 1.5 ml, prefilled pen-injector for subcutaneous injection solution","Placebo 1.5 ml, prefilled pen-injector for subcutaneous injection solution",ext:placebo,1
Contrast Enhanced Voiding Urosonography with Urodynamic Testing,Contrast Enhanced Voiding Urosonography with Urodynamic Testing,ext:contrast,1
Placebo solution for IV infusion on Day 15,Placebo solution for IV infusion on Day 15,ext:placebo,1
"clenbuterol (CST-103), nadolol (CST-107), matching placebo","clenbuterol (CST-103), nadolol (CST-107), matching placebo",ext:placebo,1
Placebo for osimertinib (AZD9291) pemetrexed cisplatin or carboplatin,Placebo for osimertinib (AZD9291) pemetrexed cisplatin or carboplatin,ext:placebo,1
Nebulized 5% Hypertonic saline,Nebulized 5% Hypertonic saline,ext:saline,1
Placebo patches,Placebo patches,ext:placebo,1
FB2001 Placebo,FB2001 Placebo,ext:placebo,1
L.M.X.4 cream with J-Tip saline injection,L.M.X.4 cream with J-Tip saline injection,ext:saline,1
Placebo CHF6366,Placebo CHF6366,ext:placebo,1
Benznidazole Placebo,Benznidazole Placebo,ext:placebo,1
E1224 Placebo,E1224 Placebo,ext:placebo,1
"Injection, placebo of toxin + corticoid","Injection, placebo of toxin + corticoid",ext:placebo,1
"Injection, botulinum toxin + placebo corticoid","Injection, botulinum toxin + placebo corticoid",ext:placebo,1
"(RS)-baclofen, naltrexone hydrochloride and D-sorbitol","(RS)-baclofen, naltrexone hydrochloride and D-sorbitol",ext:sorbitol,1
PET/CT Scan with 11C-ER176,PET/CT Scan with 11C-ER176,radiotracer/imaging,1
Montelukast Placebo Oral Tablet,Montelukast Placebo Oral Tablet,ext:placebo,1
Placebo Pen Injector,Placebo Pen Injector,ext:placebo,1
ATx201 Placebo Gel,ATx201 Placebo Gel,ext:placebo,1
Placebo for AZD4604 for inhalation via DPI,Placebo for AZD4604 for inhalation via DPI,ext:placebo,1
Injection of normal saline in the hepatic hilum for the sham procedure,Injection of normal saline in the hepatic hilum for the sham procedure,ext:saline,1
placebo based quadriple therapy,placebo based quadriple therapy,ext:placebo,1
split dose vs standard dose of sodium pico sulfate plus magnesium sulfate in children for bowel cleansing,split dose vs standard dose of sodium pico sulfate plus magnesium sulfate in children for bowel cleansing,ext:magnesium sulfate,1
Placebo matching to spesolimab- solution for injection,Placebo matching to spesolimab- solution for injection,ext:placebo,1
Omega-3-acid ethyl ester or Placebo,Omega-3-acid ethyl ester or Placebo,ext:placebo,1
LSF emodepside (BAY 44-4400) or matching placebo,LSF emodepside (BAY 44-4400) or matching placebo,ext:placebo,1
"Saline solution, hypotonic","Saline solution, hypotonic",ext:saline,1
70% v/v Isopropyl Alcohol Surgical Solution,70% v/v Isopropyl Alcohol Surgical Solution,ext:alcohol,1
2%w/v Chlorhexidine Gluconate / 70% v/v Isopropyl Alcohol,2%w/v Chlorhexidine Gluconate / 70% v/v Isopropyl Alcohol,ext:alcohol,1
PF-07321332 Dose 4 or Placebo (Fed),PF-07321332 Dose 4 or Placebo (Fed),ext:placebo,1
68Ga-Sgc8,68Ga-Sgc8,radiotracer/imaging,1
89Zr-trastuzumab,89Zr-trastuzumab,radiotracer/imaging,1
NaCl preconditioning before renal artery stenosis dilation,NaCl preconditioning before renal artery stenosis dilation,ext:nacl,1
Placebo matching spesolimab - solution for infusion,Placebo matching spesolimab - solution for infusion,ext:placebo,1
Placebo to match 500 mg HTD1801,Placebo to match 500 mg HTD1801,ext:placebo,1
Placebo to match 1000 mg HTD1801,Placebo to match 1000 mg HTD1801,ext:placebo,1
Placebo to match 2000 mg HTD1801,Placebo to match 2000 mg HTD1801,ext:placebo,1
"68Ga-HER2 affibody,18F-FDG, 18F-FES","68Ga-HER2 affibody,18F-FDG, 18F-FES",radiotracer/imaging,1
Placebo/vehicle,Placebo/vehicle,ext:placebo,1
"Placebo oral capsule, fasted","Placebo oral capsule, fasted",ext:placebo,1
"Placebo oral capsule, fed","Placebo oral capsule, fed",ext:placebo,1
placebo、 BP102、 XELOX,placebo、 BP102、 XELOX,ext:placebo,1
0.05 BAC Alcohol,0.05 BAC Alcohol,ext:alcohol,1
0.08 BAC Alcohol,0.08 BAC Alcohol,ext:alcohol,1
Metformin DR Placebo,Metformin DR Placebo,ext:placebo,1
LEO 152020 placebo,LEO 152020 placebo,ext:placebo,1
placebo with matching dosage,placebo with matching dosage,ext:placebo,1
Metformin IR placebo,Metformin IR placebo,ext:placebo,1
Ketamine Hydrochloride in saline,Ketamine Hydrochloride in saline,ext:saline,1
YanXinShi placebo pills,YanXinShi placebo pills,ext:placebo,1
F18 Florbetapir (amyvid) cardiac PET/CT imaging,F18 Florbetapir (amyvid) cardiac PET/CT imaging,radiotracer/imaging,1
Placebo Cutaneous Cream application,Placebo Cutaneous Cream application,ext:placebo,1
[68Ga]Pentixafor,[68Ga]Pentixafor,radiotracer/imaging,1
YYC506 Placebo,YYC506 Placebo,ext:placebo,1
Oral dose CNTX-6016 or oral dose Placebo,Oral dose CNTX-6016 or oral dose Placebo,ext:placebo,1
Isotone saline water,Isotone saline water,ext:saline,1
Botulinum Toxin Type A in saline water,Botulinum Toxin Type A in saline water,ext:saline,1
99mTc-based PSMA Imaging and Surgery Agent,99mTc-based PSMA Imaging and Surgery Agent,radiotracer/imaging,1
Placebo (Vehicle) Suppository (Nivagen),Placebo (Vehicle) Suppository (Nivagen),ext:placebo,1
Contrast-Enhanced Ultrasound,Contrast-Enhanced Ultrasound,ext:contrast,1
68Ga-citrate PET/MR,68Ga-citrate PET/MR,radiotracer/imaging,1
PK101-002 placebo,PK101-002 placebo,ext:placebo,1
PK101 placebo,PK101 placebo,ext:placebo,1
"Substance like alcohol, marijuana, etc.","Substance like alcohol, marijuana, etc.",ext:alcohol,1
SZC Placebo,SZC Placebo,ext:placebo,1
Placebo for VNRX-9945,Placebo for VNRX-9945,ext:placebo,1
Placebo of Prednisone,Placebo of Prednisone,ext:placebo,1
Placebo of Anakinra,Placebo of Anakinra,ext:placebo,1
placebo (0.9% NaCl (normal saline)),placebo (0.9% NaCl (normal saline)),ext:placebo,1
Afuresertib/placebo,Afuresertib/placebo,ext:placebo,1
Treatment of MTX and TwHF placebo,Treatment of MTX and TwHF placebo,ext:placebo,1
Treatment of TwHF and MTX placebo,Treatment of TwHF and MTX placebo,ext:placebo,1
TCM placebo granule plus conventional drug,TCM placebo granule plus conventional drug,ext:placebo,1
Placebo 0% Lotion,Placebo 0% Lotion,ext:placebo,1
Furmonertinib 80 mg placebo,Furmonertinib 80 mg placebo,ext:placebo,1
"palonosetron, dexamethasone, and fosaprepitant dissolved in 0.9% NaCl","palonosetron, dexamethasone, and fosaprepitant dissolved in 0.9% NaCl",ext:nacl,1
"palonosetron, dexamethasone, and 0.9% NaCl","palonosetron, dexamethasone, and 0.9% NaCl",ext:nacl,1
"68Ga-DOTA-FAPI, 177Lu-DOTA-FAPI","68Ga-DOTA-FAPI, 177Lu-DOTA-FAPI",radiotracer/imaging,1
Placebo / Saline,Placebo / Saline,ext:placebo,1
Matching Placebo for BAF312 solution,Matching Placebo for BAF312 solution,ext:placebo,1
Matching Placebo for BAF312 tablet,Matching Placebo for BAF312 tablet,ext:placebo,1
Placebo for Atorvastatin 40mg,Placebo for Atorvastatin 40mg,ext:placebo,1
Placebo for Fimasartan 120mg,Placebo for Fimasartan 120mg,ext:placebo,1
Placebo + additive coformulation,Placebo + additive coformulation,ext:placebo,1
Placebo semaglutide pen injector,Placebo semaglutide pen injector,ext:placebo,1
CKD-314 Placebo+SOC,CKD-314 Placebo+SOC,ext:placebo,1
Treatment of Panlongqi placebo,Treatment of Panlongqi placebo,ext:placebo,1
Placebo SLIT-tablet,Placebo SLIT-tablet,ext:placebo,1
saline (0.9 NACI),saline (0.9 NACI),ext:saline,1
Core Treatment Placebo Comparator: Placebo,Core Treatment Placebo Comparator: Placebo,ext:placebo,1
Placebo matching 600 mg Spesolimab,Placebo matching 600 mg Spesolimab,ext:placebo,1
Placebo matching 1200 mg Spesolimab,Placebo matching 1200 mg Spesolimab,ext:placebo,1
Lidocaine Spray: Each ml contained 10 mg lidocaine and ethanol. Applied to the local site to provide anesthesia,Lidocaine Spray: Each ml contained 10 mg lidocaine and ethanol. Applied to the local site to provide anesthesia,ext:ethanol,1
Prescribe placebo tablets,Prescribe placebo tablets,ext:placebo,1
Placebo matching Chromium Picolinate,Placebo matching Chromium Picolinate,ext:placebo,1
2 capsules Ibuprofen and 1 placebo,2 capsules Ibuprofen and 1 placebo,ext:placebo,1
capsule Chlorpheniramine 4mg and 1 Placebo,capsule Chlorpheniramine 4mg and 1 Placebo,ext:placebo,1
TBI-223 Placebo,TBI-223 Placebo,ext:placebo,1
"0.5% cholorbutanol, saline","0.5% cholorbutanol, saline",ext:saline,1
Placebo for infusions,Placebo for infusions,ext:placebo,1
Placebo for prednisolone,Placebo for prednisolone,ext:placebo,1
[18F]FMISO-PET with contrast-enhanced MRI,[18F]FMISO-PET with contrast-enhanced MRI,radiotracer/imaging,1
23.4% Sodium Chloride,23.4% Sodium Chloride,canonical:Sodium Chloride,1
GT0918 tablets or placebo,GT0918 tablets or placebo,ext:placebo,1
8.4% Sodium Bicarbonate,8.4% Sodium Bicarbonate,ext:sodium bicarbonate,1
Matching Placebos for GST-HG141 tablets,Matching Placebos for GST-HG141 tablets,ext:placebo,1
13N Amonia,13N Amonia,radiotracer/imaging,1
Respirogen Micro-Oxygen,Respirogen Micro-Oxygen,ext:oxygen,1
"Placebo, Part 2 of the study","Placebo, Part 2 of the study",ext:placebo,1
"Placebo, Part 1 of the study","Placebo, Part 1 of the study",ext:placebo,1
Nitric Oxide 0.5 % / Nitrogen 99.5 % Gas for Inhalation,Nitric Oxide 0.5 % / Nitrogen 99.5 % Gas for Inhalation,ext:nitrogen,1
DFD-03 Vehicle Lotion 0%,DFD-03 Vehicle Lotion 0%,ext:vehicle,1
Tazorac Vehicle Cream 0%,Tazorac Vehicle Cream 0%,ext:vehicle,1
[68Ga] Ga-DO3A-VS-Cys40-Exendin-4 (GLP-1 receptor tracer),[68Ga] Ga-DO3A-VS-Cys40-Exendin-4 (GLP-1 receptor tracer),radiotracer/imaging,1
[68Ga] Ga-DO3A-VS-Cys40-Tuna-2 (glucagon receptor tracer),[68Ga] Ga-DO3A-VS-Cys40-Tuna-2 (glucagon receptor tracer),radiotracer/imaging,1
Iloperidone Placebo,Iloperidone Placebo,ext:placebo,1
HT-101 placebo,HT-101 placebo,ext:placebo,1
HT-102 placebo,HT-102 placebo,ext:placebo,1
"IV Placebo, non-active","IV Placebo, non-active",ext:placebo,1
Full dose Pantoprazole plus matching placebo,Full dose Pantoprazole plus matching placebo,ext:placebo,1
"Placebo (subcutaneous, single dose)","Placebo (subcutaneous, single dose)",ext:placebo,1
"Placebo (intravenous, single dose)","Placebo (intravenous, single dose)",ext:placebo,1
"Placebo (intravenous, multiple dose)","Placebo (intravenous, multiple dose)",ext:placebo,1
Normal Saline Placebo Infusion,Normal Saline Placebo Infusion,ext:placebo,1
Placebo-matched Moxifloxacin,Placebo-matched Moxifloxacin,ext:placebo,1
Placebo-matched CBP-307,Placebo-matched CBP-307,ext:placebo,1
Tafasitamab placebo,Tafasitamab placebo,ext:placebo,1
Placebo hydrogel,Placebo hydrogel,ext:placebo,1
Part C: Placebo,Part C: Placebo,ext:placebo,1
Part B:Placebo,Part B:Placebo,ext:placebo,1
placebo of AD-2081,placebo of AD-2081,ext:placebo,1
placebo of AD-208,placebo of AD-208,ext:placebo,1
Part A:Placebo,Part A:Placebo,ext:placebo,1
Half Dose Pantoprazole plus matching placebo,Half Dose Pantoprazole plus matching placebo,ext:placebo,1
Diammonium Glycyrrhizinate Placebo,Diammonium Glycyrrhizinate Placebo,ext:placebo,1
Magnesium Isoglycyrrhizinate Placebo,Magnesium Isoglycyrrhizinate Placebo,ext:placebo,1
Sodium Bicarbonate 8.4% Solution for Injection,Sodium Bicarbonate 8.4% Solution for Injection,ext:sodium bicarbonate,1
Local Saline Infusion,Local Saline Infusion,ext:saline,1
Placebo plus enzalutamide,Placebo plus enzalutamide,ext:placebo,1
RL-007 Matching Placebo,RL-007 Matching Placebo,ext:placebo,1
Placebo inhaled,Placebo inhaled,ext:placebo,1
ARQ-252 Vehicle cream,ARQ-252 Vehicle cream,ext:vehicle,1
"Contrast Dye, Iodinated","Contrast Dye, Iodinated",ext:contrast,1
BEBT-701 Injection Placebo（0.9% Sodium Chloride Injection）,BEBT-701 Injection Placebo（0.9% Sodium Chloride Injection）,canonical:Sodium Chloride,1
nasal saline,nasal saline,ext:saline,1
89Zr-daratumumab PET/CT,89Zr-daratumumab PET/CT,radiotracer/imaging,1
Placebo Fisetin,Placebo Fisetin,ext:placebo,1
Hypertonic (10%) saline,Hypertonic (10%) saline,ext:saline,1
AICH-placebo,AICH-placebo,ext:placebo,1
Placebo (TCl),Placebo (TCl),ext:placebo,1
Placebo (drinking water),Placebo (drinking water),ext:placebo,1
Placebo ELLIPTA,Placebo ELLIPTA,ext:placebo,1
Dextrose 5% and Lidocaine,Dextrose 5% and Lidocaine,ext:dextrose,1
Recombinant Human Follitropin Alfa 、Fructose 、Tetyacycline Hydrochloride Capsules、Cetrorelix Acetate Powder,Recombinant Human Follitropin Alfa 、Fructose 、Tetyacycline Hydrochloride Capsules、Cetrorelix Acetate Powder,ext:fructose,1
Hypertonic Saturated Saline Mouth Rinse Active Arm,Hypertonic Saturated Saline Mouth Rinse Active Arm,ext:saline,1
Remdesivir Placebo,Remdesivir Placebo,ext:placebo,1
Aviptadil Placebo,Aviptadil Placebo,ext:placebo,1
Chinese medicine compound placebo combined with symptomatic treatments,Chinese medicine compound placebo combined with symptomatic treatments,ext:placebo,1
89Zr-CD147,89Zr-CD147,radiotracer/imaging,1
1.8% lidocaine plus 0.76% sodium bicarbonate,1.8% lidocaine plus 0.76% sodium bicarbonate,ext:sodium bicarbonate,1
Omega-3 Polyunsaturated Fatty Acids (Fish Oil 1000 mg (contains 500 mg DHA & 100 mg EPA)) or placebo capsules.,Omega-3 Polyunsaturated Fatty Acids (Fish Oil 1000 mg (contains 500 mg DHA & 100 mg EPA)) or placebo capsules.,ext:placebo,1
DOTATOC-68Ga PET at 6 months,DOTATOC-68Ga PET at 6 months,radiotracer/imaging,1
DOTATOC-68Ga PET initial,DOTATOC-68Ga PET initial,radiotracer/imaging,1
Placebo (Ambrisentan-matching),Placebo (Ambrisentan-matching),ext:placebo,1
Dextrose 20 % in 500 ML Injection,Dextrose 20 % in 500 ML Injection,ext:dextrose,1
PET scanner with injection of 18 FDG (18F-2-fluoro-2-deoxy-D-glucose) (radiolabel),PET scanner with injection of 18 FDG (18F-2-fluoro-2-deoxy-D-glucose) (radiolabel),radiotracer/imaging,1
Placebo（normal saline）,Placebo（normal saline）,ext:placebo,1
Liraglutide (Saxenda) 6Mg/Ml Inj Pen 3Ml or Placebo,Liraglutide (Saxenda) 6Mg/Ml Inj Pen 3Ml or Placebo,ext:placebo,1
Strawberry juice as (placebo),Strawberry juice as (placebo),ext:placebo,1
Matching Placebo for Upadacitinib,Matching Placebo for Upadacitinib,ext:placebo,1
89Zr-panitumumab,89Zr-panitumumab,radiotracer/imaging,1
[18F]F13640,[18F]F13640,radiotracer/imaging,1
Continuous infusion placebo,Continuous infusion placebo,ext:placebo,1
Sodium Lactated Ringer's Injection,Sodium Lactated Ringer's Injection,canonical:Sodium Lactate,1
Approved dosing regimen placebo,Approved dosing regimen placebo,ext:placebo,1
Placebo for ABBV-2B04,Placebo for ABBV-2B04,ext:placebo,1
Sterile Water as control,Sterile Water as control,ext:sterile water,1
177Lu-DFC413,177Lu-DFC413,radiotracer/imaging,1
68Ga-NNS309,68Ga-NNS309,radiotracer/imaging,1
Placebo of the CKD-495 150mg,Placebo of the CKD-495 150mg,ext:placebo,1
Placebo of the Rebamipide 100mg,Placebo of the Rebamipide 100mg,ext:placebo,1
Placebo for ABBV-47D11,Placebo for ABBV-47D11,ext:placebo,1
Magnesium sulfate dose through real weight group,Magnesium sulfate dose through real weight group,ext:magnesium sulfate,1
Magnesium sulfate dose through corrected ideal weight group,Magnesium sulfate dose through corrected ideal weight group,ext:magnesium sulfate,1
[18F]-JNJ-64413739,[18F]-JNJ-64413739,radiotracer/imaging,1
Artemisiae argyi folium 95% ethanol ext.(20→1) 60mg,Artemisiae argyi folium 95% ethanol ext.(20→1) 60mg,ext:ethanol,1
Zilretta Injectable Product or Placebo,Zilretta Injectable Product or Placebo,ext:placebo,1
Placebo for Pregabalin,Placebo for Pregabalin,ext:placebo,1
Placebo for BAY1817080,Placebo for BAY1817080,ext:placebo,1
Darbepoetin alfa-matching placebo,Darbepoetin alfa-matching placebo,ext:placebo,1
MT-6548-matching placebo,MT-6548-matching placebo,ext:placebo,1
Trigger point injection with normal saline,Trigger point injection with normal saline,ext:saline,1
68Ga-G23,68Ga-G23,radiotracer/imaging,1
Placebo Mucoadhesive Buccal Tablet,Placebo Mucoadhesive Buccal Tablet,ext:placebo,1
68Ga-G21,68Ga-G21,radiotracer/imaging,1
Erector Spinae (ESP) Block with placebo,Erector Spinae (ESP) Block with placebo,ext:placebo,1
Radiation: 131I-MIBG,Radiation: 131I-MIBG,radiotracer/imaging,1
"lidocaine, bupivacaine, hyaluronidase , saline","lidocaine, bupivacaine, hyaluronidase , saline",ext:saline,1
"valacyclovir, chenodeoxycholic acid, and enalaprilat, after polysorbate 80 and placebo","valacyclovir, chenodeoxycholic acid, and enalaprilat, after polysorbate 80 and placebo",ext:placebo,1
"pravastatin and chenodeoxycholic acid, after metformin and placebo","pravastatin and chenodeoxycholic acid, after metformin and placebo",ext:placebo,1
Placebo tabletes,Placebo tabletes,ext:placebo,1
Preservative-free saline,Preservative-free saline,ext:saline,1
Placebo of HL301 tablet,Placebo of HL301 tablet,ext:placebo,1
111In-IPN01087 Low dose,111In-IPN01087 Low dose,radiotracer/imaging,1
111In-IPN01087 High dose,111In-IPN01087 High dose,radiotracer/imaging,1
Placebo- C,Placebo- C,ext:placebo,1
Vehicle of LEO 90100 foam,Vehicle of LEO 90100 foam,ext:vehicle,1
2-[18F]-FA PET/CT,2-[18F]-FA PET/CT,radiotracer/imaging,1
Phentolamine Ophthalmic Solution Vehicle (Placebo),Phentolamine Ophthalmic Solution Vehicle (Placebo),ext:placebo,1
Placebo (Added 4/2020),Placebo (Added 4/2020),ext:placebo,1
Placebo (Not used as of 4/2020),Placebo (Not used as of 4/2020),ext:placebo,1
Placebo of HL237 tablet,Placebo of HL237 tablet,ext:placebo,1
Empagliflozin 10mg oral tablet and placebo pen injector matching semaglutide,Empagliflozin 10mg oral tablet and placebo pen injector matching semaglutide,ext:placebo,1
inhalation of %100 oxygen + intravenous midazolam,inhalation of %100 oxygen + intravenous midazolam,ext:oxygen,1
Placebo matching empagliflozin and placebo pen injector matching semaglutide,Placebo matching empagliflozin and placebo pen injector matching semaglutide,ext:placebo,1
Inhalation of Nitrous oxide (Laughing gas) + intravenous saline,Inhalation of Nitrous oxide (Laughing gas) + intravenous saline,ext:saline,1
Sham iPACK block with 20ml normal saline,Sham iPACK block with 20ml normal saline,ext:saline,1
Control Cream with Saline,Control Cream with Saline,ext:saline,1
Placebo Cream with Naloxone,Placebo Cream with Naloxone,ext:placebo,1
Placebo Cream with Saline,Placebo Cream with Saline,ext:placebo,1
"Alpha-interferon, abidol, ribavirin, Buzhong Yiqi plus and minus formula, Huhuang Detoxicity Paste, Baimu Qingre Jiedu Paste and 5% glucose","Alpha-interferon, abidol, ribavirin, Buzhong Yiqi plus and minus formula, Huhuang Detoxicity Paste, Baimu Qingre Jiedu Paste and 5% glucose",ext:glucose,1
Psilocybin + Placebo,Psilocybin + Placebo,ext:placebo,1
WXG placebo,WXG placebo,ext:placebo,1
ALXN2050-matching Placebo,ALXN2050-matching Placebo,ext:placebo,1
Tetramethylpyrazine nitrone (TBN) tablet / Placebo,Tetramethylpyrazine nitrone (TBN) tablet / Placebo,ext:placebo,1
"Placebo, 0.9% saline solution","Placebo, 0.9% saline solution",ext:placebo,1
"Placebo for ""Deficiency of Qi and Yin""","Placebo for ""Deficiency of Qi and Yin""",ext:placebo,1
"Placebo for ""Deficiency of Qi and Yang""","Placebo for ""Deficiency of Qi and Yang""",ext:placebo,1
TCM placebo and conventional drug,TCM placebo and conventional drug,ext:placebo,1
NaCl 0.9% NS,NaCl 0.9% NS,canonical:NaCl 0.9%,1
NaCl 3% HS,NaCl 3% HS,ext:nacl,1
Placebo to FTC/TAF,Placebo to FTC/TAF,ext:placebo,1
"BVL-GSK098 capsule, placebo","BVL-GSK098 capsule, placebo",ext:placebo,1
"Giving 500 mL of normal saline intravenously as a bolus over 20 minutes, followed by 1,000 mL normal saline at 150 mL/hour","Giving 500 mL of normal saline intravenously as a bolus over 20 minutes, followed by 1,000 mL normal saline at 150 mL/hour",ext:saline,1
Magnesium Sulfate & bupivacaine,Magnesium Sulfate & bupivacaine,ext:magnesium sulfate,1
Treatment B (Placebo): Nasal spray with no active dose (Dymista vehicle) at Visit 5,Treatment B (Placebo): Nasal spray with no active dose (Dymista vehicle) at Visit 5,ext:placebo,1
Treatment B (Placebo): Nasal spray with no active dose (Dymista vehicle) at Visit 3,Treatment B (Placebo): Nasal spray with no active dose (Dymista vehicle) at Visit 3,ext:placebo,1
Glucon-D 99.4% (Placebo),Glucon-D 99.4% (Placebo),ext:placebo,1
Pioglitazone placebo tablet,Pioglitazone placebo tablet,ext:placebo,1
Placebo/TMPS,Placebo/TMPS,ext:placebo,1
Placebo 500 mg Tablets + Prednisone 20mg Tablets,Placebo 500 mg Tablets + Prednisone 20mg Tablets,ext:placebo,1
Placebo Azathioprine,Placebo Azathioprine,ext:placebo,1
Sodium Bicarbonate 150Meq/L/D5W Inj,Sodium Bicarbonate 150Meq/L/D5W Inj,ext:sodium bicarbonate,1
Placebo Prednisone,Placebo Prednisone,ext:placebo,1
One day with a dose of active THC cannabis paired with alcohol,One day with a dose of active THC cannabis paired with alcohol,ext:alcohol,1
One day with a dose of placebo cannabis paired with alcohol,One day with a dose of placebo cannabis paired with alcohol,ext:placebo,1
Placebo to Frespaciguat,Placebo to Frespaciguat,ext:placebo,1
Placebo Ribavirin,Placebo Ribavirin,ext:placebo,1
Placebo Nitazoxanide,Placebo Nitazoxanide,ext:placebo,1
Placebo Hydroxychloroquine,Placebo Hydroxychloroquine,ext:placebo,1
control group was induced with midazolam 0.05 mg/kg followed by normal saline maintenance of 0.1 ml·kg-1·h-1,control group was induced with midazolam 0.05 mg/kg followed by normal saline maintenance of 0.1 ml·kg-1·h-1,ext:saline,1
dl-Methylphenidate plus Cannabidiol Placebo solution,dl-Methylphenidate plus Cannabidiol Placebo solution,ext:placebo,1
[18F] AV-133 PET Imaging,[18F] AV-133 PET Imaging,radiotracer/imaging,1
Ondansetron 16 mg with Placebo,Ondansetron 16 mg with Placebo,ext:placebo,1
Sodium Chloride 0.9% or 5% Dextrose Intravenous,Sodium Chloride 0.9% or 5% Dextrose Intravenous,canonical:Sodium Chloride,1
Sodium Chloride 0.9% Injection,Sodium Chloride 0.9% Injection,canonical:Sodium Chloride,1
Gallium 68 Dotatate,Gallium 68 Dotatate,radiotracer/imaging,1
Placebo (for liraglutide),Placebo (for liraglutide),ext:placebo,1
Placebo concentrate for solution for infusion,Placebo concentrate for solution for infusion,ext:placebo,1
Nivolumab-Placebo,Nivolumab-Placebo,ext:placebo,1
Ipilimumab-Placebo,Ipilimumab-Placebo,ext:placebo,1
Placebo of NICOTINE Transdermal patch,Placebo of NICOTINE Transdermal patch,ext:placebo,1
Savolitinib + Placebo,Savolitinib + Placebo,ext:placebo,1
ARD-885 Placebo Tablet,ARD-885 Placebo Tablet,ext:placebo,1
minocycline (200 mg daily) and NAC (1200 mg daily) followed by placebo,minocycline (200 mg daily) and NAC (1200 mg daily) followed by placebo,ext:placebo,1
Placebo followed by minocycline (200 mg daily) and NAC (1200 mg daily),Placebo followed by minocycline (200 mg daily) and NAC (1200 mg daily),ext:placebo,1
OCA Placebo,OCA Placebo,ext:placebo,1
Bezafibrate 400 mg Placebo,Bezafibrate 400 mg Placebo,ext:placebo,1
Bezafibrate 200 mg Placebo,Bezafibrate 200 mg Placebo,ext:placebo,1
placebo for lvarmacitinib,placebo for lvarmacitinib,ext:placebo,1
Finlândia Association + finasteride placebo,Finlândia Association + finasteride placebo,ext:placebo,1
"Misoprostol, placebo","Misoprostol, placebo",ext:placebo,1
Stage 1: Placebo (double-blinded),Stage 1: Placebo (double-blinded),ext:placebo,1
BBT-401-1S or Placebo,BBT-401-1S or Placebo,ext:placebo,1
18F-FMPP,18F-FMPP,radiotracer/imaging,1
TJ107 placebo,TJ107 placebo,ext:placebo,1
Sodium Bicarbonate Tablets,Sodium Bicarbonate Tablets,ext:sodium bicarbonate,1
68Ga-ICAM-1pep,68Ga-ICAM-1pep,radiotracer/imaging,1
sodium bicarbonate Ringer injection,sodium bicarbonate Ringer injection,ext:ringer,1
"Patch, Placebo","Patch, Placebo",ext:placebo,1
Transversus abdominus plane placebo,Transversus abdominus plane placebo,ext:placebo,1
Placebo to risperidone,Placebo to risperidone,ext:placebo,1
Pembrolizumab placebo (saline),Pembrolizumab placebo (saline),ext:placebo,1
Olaparib matching placebo,Olaparib matching placebo,ext:placebo,1
NaCl 9 MG/ML Injectable Solution,NaCl 9 MG/ML Injectable Solution,ext:nacl,1
Placebo (sterline saline 0.9%),Placebo (sterline saline 0.9%),ext:placebo,1
Copper-64 labeled (64Cu-) FAP-2286,Copper-64 labeled (64Cu-) FAP-2286,radiotracer/imaging,1
0.9% physiological saline,0.9% physiological saline,ext:saline,1
"saline infusion, ketoprofen, paracetamol","saline infusion, ketoprofen, paracetamol",ext:saline,1
Vehicle of ADX-102 Topical Dermal Cream,Vehicle of ADX-102 Topical Dermal Cream,ext:vehicle,1
Placebo Bufei Huatan granule,Placebo Bufei Huatan granule,ext:placebo,1
Normal saline 0.9% IV infusion,Normal saline 0.9% IV infusion,ext:saline,1
Placebo Yifei Qinghua granule,Placebo Yifei Qinghua granule,ext:placebo,1
"Nacl 0,9 %","Nacl 0,9 %",ext:nacl,1
"Low Osmolar Contrast Material, 300-399 Mg/Ml Iodine Concentration, Per Ml","Low Osmolar Contrast Material, 300-399 Mg/Ml Iodine Concentration, Per Ml",ext:contrast,1
"700mg BID (1400mg total daily) IMT-002, D-methyldopa, active formulation in capsule or Placebo, microcrystalline cellulose in capsule","700mg BID (1400mg total daily) IMT-002, D-methyldopa, active formulation in capsule or Placebo, microcrystalline cellulose in capsule",ext:placebo,1
"350mg BID (700mg total daily) IMT-002, D-methyldopa, active formulation in capsule or Placebo, microcrystalline cellulose in capsule","350mg BID (700mg total daily) IMT-002, D-methyldopa, active formulation in capsule or Placebo, microcrystalline cellulose in capsule",ext:placebo,1
"1050mg QD (1050mg total daily) IMT-002, D-methyldopa, active formulation in capsule or Placebo, microcrystalline cellulose in capsule","1050mg QD (1050mg total daily) IMT-002, D-methyldopa, active formulation in capsule or Placebo, microcrystalline cellulose in capsule",ext:placebo,1
"1050mg BID (2100mg total daily) IMT-002, D-methyldopa, active formulation in capsule or Placebo, microcrystalline cellulose in capsule","1050mg BID (2100mg total daily) IMT-002, D-methyldopa, active formulation in capsule or Placebo, microcrystalline cellulose in capsule",ext:placebo,1
Placebo to ACV,Placebo to ACV,ext:placebo,1
Placebo to LET,Placebo to LET,ext:placebo,1
Placebo (ziltivekimab),Placebo (ziltivekimab),ext:placebo,1
Placebo to VGCV,Placebo to VGCV,ext:placebo,1
Placebo / Clazakizumab,Placebo / Clazakizumab,ext:placebo,1
KHK4827-Placebo,KHK4827-Placebo,ext:placebo,1
18F-2-fluoro-2-deoxy-D-glucose,18F-2-fluoro-2-deoxy-D-glucose,radiotracer/imaging,1
placebo+chemotherapy,placebo+chemotherapy,ext:placebo,1
Placebo to match CILO,Placebo to match CILO,ext:placebo,1
Placebo-LDE phase 2,Placebo-LDE phase 2,ext:placebo,1
Placebo to match FIR,Placebo to match FIR,ext:placebo,1
Placebo to match SEL,Placebo to match SEL,ext:placebo,1
sterile normal saline,sterile normal saline,ext:saline,1
89Zr-TAK-164,89Zr-TAK-164,radiotracer/imaging,1
Pradigastat Tablets 20mg matching Placebo,Pradigastat Tablets 20mg matching Placebo,ext:placebo,1
Camrelizumab;Pemetrexed and Carboplatin;Placebo,Camrelizumab;Pemetrexed and Carboplatin;Placebo,ext:placebo,1
Pradigastat Tablets 40mg matching Placebo,Pradigastat Tablets 40mg matching Placebo,ext:placebo,1
Placebo for GS3-007a dry suspension,Placebo for GS3-007a dry suspension,ext:placebo,1
Placebo to match Jaktinib,Placebo to match Jaktinib,ext:placebo,1
Placebo to match Hydroxycarbamide,Placebo to match Hydroxycarbamide,ext:placebo,1
Placebo-LDE,Placebo-LDE,ext:placebo,1
Isocaloric dextrose placebo,Isocaloric dextrose placebo,ext:placebo,1
Placebo of FX06,Placebo of FX06,ext:placebo,1
Placebo sugar pill caplet,Placebo sugar pill caplet,ext:placebo,1
Stage 2-Placebo,Stage 2-Placebo,ext:placebo,1
177Lu-EB-PSMA-617,177Lu-EB-PSMA-617,radiotracer/imaging,1
placebo capsule (vitamin c),placebo capsule (vitamin c),ext:placebo,1
0.9% saline and succinyl choline 1mg/ kg,0.9% saline and succinyl choline 1mg/ kg,ext:saline,1
Placebo C,Placebo C,ext:placebo,1
HPP737 or placebo,HPP737 or placebo,ext:placebo,1
AZD9833 placebo,AZD9833 placebo,ext:placebo,1
Placebo Dose 2,Placebo Dose 2,ext:placebo,1
Placebo with Remdesivir,Placebo with Remdesivir,ext:placebo,1
Enteral oxygen therapy,Enteral oxygen therapy,ext:oxygen,1
Placebo 40 mL Saline 0.9%,Placebo 40 mL Saline 0.9%,ext:placebo,1
Placebo (Vehicle Cream),Placebo (Vehicle Cream),ext:placebo,1
"Nicotine patch, oral mecamylamine, placebo","Nicotine patch, oral mecamylamine, placebo",ext:placebo,1
[18F] CFA,[18F] CFA,radiotracer/imaging,1
Traditional Chinese medicine granules placebo,Traditional Chinese medicine granules placebo,ext:placebo,1
MET409 Placebo,MET409 Placebo,ext:placebo,1
Placebo (Cohort 3),Placebo (Cohort 3),ext:placebo,1
Placebo (Cohorts 1 and 2),Placebo (Cohorts 1 and 2),ext:placebo,1
Magnesium sulfate versus ketamine,Magnesium sulfate versus ketamine,ext:magnesium sulfate,1
Placebo Oral Tablet with calcium and clomiphene citrate,Placebo Oral Tablet with calcium and clomiphene citrate,ext:placebo,1
99mTc-pertechnetate aerosol,99mTc-pertechnetate aerosol,radiotracer/imaging,1
VB19055 placebo,VB19055 placebo,ext:placebo,1
[18F]F AraG,[18F]F AraG,radiotracer/imaging,1
64Cu-DOTA-TLX592,64Cu-DOTA-TLX592,radiotracer/imaging,1
Placebo tablets similar to rosuvastatin 20mg tablets,Placebo tablets similar to rosuvastatin 20mg tablets,ext:placebo,1
Vehicle TDS,Vehicle TDS,ext:vehicle,1
"ALK diluent 0,3% human albumin","ALK diluent 0,3% human albumin",ext:diluent,1
[68Ga]Ga-NOTA-RF,[68Ga]Ga-NOTA-RF,radiotracer/imaging,1
TAK-510 Placebo,TAK-510 Placebo,ext:placebo,1
preoperative normal saline inhalation,preoperative normal saline inhalation,ext:saline,1
Fucicort® Lipid cream vehicle,Fucicort Lipid cream vehicle,ext:vehicle,1
PF-06651600 Placebo,PF-06651600 Placebo,ext:placebo,1
Placebo PF-06700841,Placebo PF-06700841,ext:placebo,1
Nalfurafine Hydrochloride+Placebo,Nalfurafine Hydrochloride+Placebo,ext:placebo,1
Placebo of Levosimendan,Placebo of Levosimendan,ext:placebo,1
Placebo with enzalutamide,Placebo with enzalutamide,ext:placebo,1
GX-I7 vehicle,GX-I7 vehicle,ext:vehicle,1
Placebo oral tablet preoperative administration,Placebo oral tablet preoperative administration,ext:placebo,1
Warfarin Potassium placebo,Warfarin Potassium placebo,ext:placebo,1
Edoxaban placebo,Edoxaban placebo,ext:placebo,1
"placebo (control, normal saline)","placebo (control, normal saline)",ext:placebo,1
IV Sodium Chloride 0.9 %,IV Sodium Chloride 0.9 %,canonical:Sodium Chloride,1
"[18F]Fluoropivalate ([18F]Fluoro-2,2-Dimethylpropionic Acid)","[18F]Fluoropivalate ([18F]Fluoro-2,2-Dimethylpropionic Acid)",radiotracer/imaging,1
Dextrose 0,Dextrose 0,ext:dextrose,1
Dextrose 1,Dextrose 1,ext:dextrose,1
Placebo (Harmine),Placebo (Harmine),ext:placebo,1
Placebo (DMT),Placebo (DMT),ext:placebo,1
Saline vials or bags,Saline vials or bags,ext:saline,1
Placebo (NNC0194-0499 ),Placebo (NNC0194-0499 ),ext:placebo,1
Low contrast dose CT,Low contrast dose CT,ext:contrast,1
Conventional CT (contrast agent),Conventional CT (contrast agent),ext:contrast,1
Gemcitabine combined with carboplatin plus placebo,Gemcitabine combined with carboplatin plus placebo,ext:placebo,1
Part A and B: Placebo,Part A and B: Placebo,ext:placebo,1
Corsodyl® Alcohol free -0.2 % Chlorhexidine digluconate,Corsodyl Alcohol free -0.2 % Chlorhexidine digluconate,ext:alcohol,1
placebo for acetaminophen,placebo for acetaminophen,ext:placebo,1
placebo for ibuprofen,placebo for ibuprofen,ext:placebo,1
Active pharmacological placebo,Active pharmacological placebo,ext:placebo,1
SHAPE measurement using the ultrasound contrast agent Lumason (sulfur hexafluoride lipid-type A microspheres),SHAPE measurement using the ultrasound contrast agent Lumason (sulfur hexafluoride lipid-type A microspheres),ext:contrast,1
SHAPE measurement using the ultrasound contrast agent Sonazoid (perfluorobutane microbubbles),SHAPE measurement using the ultrasound contrast agent Sonazoid (perfluorobutane microbubbles),ext:contrast,1
18F-LY3546117 Injection,18F-LY3546117 Injection,radiotracer/imaging,1
[18F]F-AraG Imaging,[18F]F-AraG Imaging,radiotracer/imaging,1
177Lu-Dotatate PRRT,177Lu-Dotatate PRRT,radiotracer/imaging,1
99mTc-Fucoidan SPECT,99mTc-Fucoidan SPECT,radiotracer/imaging,1
Placebo for Brufen,Placebo for Brufen,ext:placebo,1
E2730-matched placebo,E2730-matched placebo,ext:placebo,1
"Placebo of Abilify 2, 5, 10, 15mg (Tablet)","Placebo of Abilify 2, 5, 10, 15mg (Tablet)",ext:placebo,1
ELC (matching placebo for ALIS),ELC (matching placebo for ALIS),ext:placebo,1
Recombinant Respiratory Syncytial Virus Vaccine (BARS13) /placebo,Recombinant Respiratory Syncytial Virus Vaccine (BARS13) /placebo,ext:placebo,1
Deposition of saline,Deposition of saline,ext:saline,1
Previously treated with EN3835 up to 1.74 mg or Placebo in EN3835-210 or the pivotal phase 3 studies,Previously treated with EN3835 up to 1.74 mg or Placebo in EN3835-210 or the pivotal phase 3 studies,ext:placebo,1
Placebo for Camostat Mesilate,Placebo for Camostat Mesilate,ext:placebo,1
NPC-09 placebo,NPC-09 placebo,ext:placebo,1
Poly-ICLC (Hiltonol®) or Placebo,Poly-ICLC (Hiltonol) or Placebo,ext:placebo,1
Placebo 150 mg tablets,Placebo 150 mg tablets,ext:placebo,1
70% Ethanol Alcohol,70% Ethanol Alcohol,ext:ethanol,1
Vaginal placebo,Vaginal placebo,ext:placebo,1
Oral Upadacitinib Placebo,Oral Upadacitinib Placebo,ext:placebo,1
Placebo in combination with nivolumab,Placebo in combination with nivolumab,ext:placebo,1
11C-Trimethoprim,11C-Trimethoprim,radiotracer/imaging,1
Vehicle Opthalmic Solution,Vehicle Opthalmic Solution,ext:vehicle,1
"Methylprednisolone, Placebo","Methylprednisolone, Placebo",ext:placebo,1
PBI-4050/ Placebo,PBI-4050/ Placebo,ext:placebo,1
Placebo Part A (SAD),Placebo Part A (SAD),ext:placebo,1
Placebo Part B (MAD),Placebo Part B (MAD),ext:placebo,1
air/oxygen,air/oxygen,ext:oxygen,1
Placebo of HS-25,Placebo of HS-25,ext:placebo,1
Wenyang Huoxue placebo,Wenyang Huoxue placebo,ext:placebo,1
Matching placebo: Tartaric acid,Matching placebo: Tartaric acid,ext:placebo,1
Oral Glucose Tolerance Test (OGTT),Oral Glucose Tolerance Test (OGTT),ext:glucose,1
Fuzuloparib Placebo， Abiraterone acetate and Prednisone,Fuzuloparib Placebo， Abiraterone acetate and Prednisone,ext:placebo,1
Placebo Part E (MAD),Placebo Part E (MAD),ext:placebo,1
Placebo film-coated tablet,Placebo film-coated tablet,ext:placebo,1
"CBL-514, placebo","CBL-514, placebo",ext:placebo,1
MHB018A injection Placebo,MHB018A injection Placebo,ext:placebo,1
TLC19 Vehicle,TLC19 Vehicle,ext:vehicle,1
Berberine placebo tablets,Berberine placebo tablets,ext:placebo,1
Ticagrelor + placebo,Ticagrelor + placebo,ext:placebo,1
Inulin placebo tablets,Inulin placebo tablets,ext:placebo,1
Treatment of TongBi placebo,Treatment of TongBi placebo,ext:placebo,1
68Ga-PSMA-generator vs. 68Ga-PSMA-cyclotron,68Ga-PSMA-generator vs. 68Ga-PSMA-cyclotron,radiotracer/imaging,1
Transdermal patch placebo,Transdermal patch placebo,ext:placebo,1
89Zr-GSK2398852 (89Zr-labeled anti-SAP mAb),89Zr-GSK2398852 (89Zr-labeled anti-SAP mAb),radiotracer/imaging,1
intermittent boluses of Hypertonic saline,intermittent boluses of Hypertonic saline,ext:saline,1
continuous infusion of Hypertonic saline,continuous infusion of Hypertonic saline,ext:saline,1
Placebo to ZSP1273,Placebo to ZSP1273,ext:placebo,1
"Hand antisepsis with a solution of alcohol, chlorhexidine digluconate and potassium sorbate.","Hand antisepsis with a solution of alcohol, chlorhexidine digluconate and potassium sorbate.",ext:alcohol,1
68Ga-PSMA PET/CT,68Ga-PSMA PET/CT,radiotracer/imaging,1
68Ga-DOTA-JR11,68Ga-DOTA-JR11,radiotracer/imaging,1
FE203799 Placebo GLP-2 analogue,FE203799 Placebo GLP-2 analogue,ext:placebo,1
Placebo Option 2,Placebo Option 2,ext:placebo,1
Placebo Option 1,Placebo Option 1,ext:placebo,1
ASC 41 Placebo,ASC 41 Placebo,ext:placebo,1
Ampreloxetine Placebo,Ampreloxetine Placebo,ext:placebo,1
[18F]DCFPyL,[18F]DCFPyL,radiotracer/imaging,1
"""Normal Saline""","""Normal Saline""",ext:saline,1
Placebo (NNC0247-0829),Placebo (NNC0247-0829),ext:placebo,1
Sodium bicarbonate infusion,Sodium bicarbonate infusion,ext:sodium bicarbonate,1
68Ga-PSMA-0057,68Ga-PSMA-0057,radiotracer/imaging,1
89Zr-DFO-Atezolizumab,89Zr-DFO-Atezolizumab,radiotracer/imaging,1
Placebo for Oral IR-LD/CD,Placebo for Oral IR-LD/CD,ext:placebo,1
D/C/F/TAF FDC placebo,D/C/F/TAF FDC placebo,ext:placebo,1
Placebo umbilical cord blood infusion,Placebo umbilical cord blood infusion,ext:placebo,1
Corticosteroid vs. Dextrose,Corticosteroid vs. Dextrose,ext:dextrose,1
Placebo erythropoietin injection,Placebo erythropoietin injection,ext:placebo,1
TORIPALIMAB INJECTION(JS001 ) Carboplatin Cisplatin Etoposide Placebo,TORIPALIMAB INJECTION(JS001 ) Carboplatin Cisplatin Etoposide Placebo,ext:placebo,1
Sorafenib+placebo,Sorafenib+placebo,ext:placebo,1
Esomeprazole 40mg placebo,Esomeprazole 40mg placebo,ext:placebo,1
Injection of hypertonic saline,Injection of hypertonic saline,ext:saline,1
Injection of Isotonic saline,Injection of Isotonic saline,ext:saline,1
"1.5% Xylitol, 0.5% Glucose, and 0.02% L-carnitine","1.5% Xylitol, 0.5% Glucose, and 0.02% L-carnitine",ext:glucose,1
"0.7% Xylitol, 0.5% Glucose, and 0.02% L-carnitine","0.7% Xylitol, 0.5% Glucose, and 0.02% L-carnitine",ext:glucose,1
Durvalumab placebo,Durvalumab placebo,ext:placebo,1
Placebo olaparib,Placebo olaparib,ext:placebo,1
[18F]DPA-714 Positron Emission Tomography Scan,[18F]DPA-714 Positron Emission Tomography Scan,radiotracer/imaging,1
Positron Emission Tomography (PET) with [18F]-FEOBV,Positron Emission Tomography (PET) with [18F]-FEOBV,radiotracer/imaging,1
Positron Emission Tomography (PET) with [18F]-FDOPA,Positron Emission Tomography (PET) with [18F]-FDOPA,radiotracer/imaging,1
Half Normal Saline 0.45% Infusion Solution Bag,Half Normal Saline 0.45% Infusion Solution Bag,ext:saline,1
Placebo (Group P),Placebo (Group P),ext:placebo,1
FT-4101 placebo,FT-4101 placebo,ext:placebo,1
Metronidazole and Amoxicillin placebos,Metronidazole and Amoxicillin placebos,ext:placebo,1
Magnesium sulfate group,Magnesium sulfate group,ext:magnesium sulfate,1
Placebo Low Dose,Placebo Low Dose,ext:placebo,1
Placebo High Dose,Placebo High Dose,ext:placebo,1
0.9% natural saline,0.9% natural saline,ext:saline,1
D-2570 Placebo,D-2570 Placebo,ext:placebo,1
YN001 20mg Dose + 5% glucose injection,YN001 20mg Dose + 5% glucose injection,ext:glucose,1
ASP8062 Placebo,ASP8062 Placebo,ext:placebo,1
Magnesium sulfate through real weight group,Magnesium sulfate through real weight group,ext:magnesium sulfate,1
Magnesium sulfate through ideal corrected weight group,Magnesium sulfate through ideal corrected weight group,ext:magnesium sulfate,1
Placebo of EBP05,Placebo of EBP05,ext:placebo,1
Placebo to Rifamycin SV-MMX,Placebo to Rifamycin SV-MMX,ext:placebo,1
[11C]Martinostat,[11C]Martinostat,radiotracer/imaging,1
Placebo LSF,Placebo LSF,ext:placebo,1
Placebo to ertugliflozin 5 mg,Placebo to ertugliflozin 5 mg,ext:placebo,1
Placebo to ertugliflozin 15 mg,Placebo to ertugliflozin 15 mg,ext:placebo,1
90Y DOTATATE and 177Lu DOTATATE (mix each of 50%),90Y DOTATATE and 177Lu DOTATATE (mix each of 50%),radiotracer/imaging,1
(177Lu-DOTAOTyr3)Octreotate,(177Lu-DOTAOTyr3)Octreotate,radiotracer/imaging,1
Injectable Placebo,Injectable Placebo,ext:placebo,1
N-acetyl cysteine then Placebo,N-acetyl cysteine then Placebo,ext:placebo,1
Placebo then N-acetyl cysteine,Placebo then N-acetyl cysteine,ext:placebo,1
Placebo to match Seladelpar,Placebo to match Seladelpar,ext:placebo,1
Placebo matching to Dapagliflozin 10 mg,Placebo matching to Dapagliflozin 10 mg,ext:placebo,1
Phenylephrine infusion and Ringer-Acetate bolus,Phenylephrine infusion and Ringer-Acetate bolus,ext:ringer,1
Placebo and sequential therapy,Placebo and sequential therapy,ext:placebo,1
Placebo salve,Placebo salve,ext:placebo,1
Placebo iv,Placebo iv,ext:placebo,1
Sucrose 24% Oral Solution,Sucrose 24% Oral Solution,ext:sucrose,1
GV1001 placebo,GV1001 placebo,ext:placebo,1
Sodium Valproate matched placebo,Sodium Valproate matched placebo,ext:placebo,1
Placebo of HM15136,Placebo of HM15136,ext:placebo,1
200mg IV thiamine in 50mL 0.9% saline,200mg IV thiamine in 50mL 0.9% saline,ext:saline,1
Proscar placebo,Proscar placebo,ext:placebo,1
R2: Lenalidomide plus placebo maintenance,R2: Lenalidomide plus placebo maintenance,ext:placebo,1
Placebo of Ruyizhenbao Pill,Placebo of Ruyizhenbao Pill,ext:placebo,1
18F-DCFPyL-iPSMA,18F-DCFPyL-iPSMA,radiotracer/imaging,1
Placebo Lonafarnib,Placebo Lonafarnib,ext:placebo,1
68Ga-HBED-iPSMA,68Ga-HBED-iPSMA,radiotracer/imaging,1
Treatment administration (Levetiracetam or placebo),Treatment administration (Levetiracetam or placebo),ext:placebo,1
Placebo for MEDI0382 high dose,Placebo for MEDI0382 high dose,ext:placebo,1
Placebo matching moxifloxacin tablet,Placebo matching moxifloxacin tablet,ext:placebo,1
Placebo matching CS-3150,Placebo matching CS-3150,ext:placebo,1
Placebo for MEDI0382 low dose,Placebo for MEDI0382 low dose,ext:placebo,1
Placebo Foam,Placebo Foam,ext:placebo,1
CKD-497 placebo,CKD-497 placebo,ext:placebo,1
Comparator placebo,Comparator placebo,ext:placebo,1
Idebenone/placebo,Idebenone/placebo,ext:placebo,1
"""Ketamine"" and ""dexmedetomidine"" and ""propofol"" and ""0.9%saline""","""Ketamine"" and ""dexmedetomidine"" and ""propofol"" and ""0.9%saline""",ext:saline,1
18F-C-SNAT4,18F-C-SNAT4,radiotracer/imaging,1
Placebo (oral semaglutide),Placebo (oral semaglutide),ext:placebo,1
SJP002 Placebo 1,SJP002 Placebo 1,ext:placebo,1
SJP002 Placebo 2,SJP002 Placebo 2,ext:placebo,1
Lactated Ringers Solution for Injection,Lactated Ringers Solution for Injection,ext:ringer,1
40 cc sterile saline solution,40 cc sterile saline solution,ext:saline,1
Nitrogen Gas for Inhalation,Nitrogen Gas for Inhalation,ext:nitrogen,1
[68Ga]-NeoBOMB1,[68Ga]-NeoBOMB1,radiotracer/imaging,1
Placebo to Esomeprazole,Placebo to Esomeprazole,ext:placebo,1
Placebo to Sildenafil Citrate,Placebo to Sildenafil Citrate,ext:placebo,1
18F-DOPA PET,18F-DOPA PET,radiotracer/imaging,1
Placebo-AG019,Placebo-AG019,ext:placebo,1
Placebo-Teplizumab,Placebo-Teplizumab,ext:placebo,1
Placebo for relugolix,Placebo for relugolix,ext:placebo,1
Topical Vehicle,Topical Vehicle,ext:vehicle,1
99mTc niacinamide polyethylene glycol bicyclic RGD peptide (99mTc-3PRGD2),99mTc niacinamide polyethylene glycol bicyclic RGD peptide (99mTc-3PRGD2),radiotracer/imaging,1
SHR placebo,SHR placebo,ext:placebo,1
Placebo (insulin 287),Placebo (insulin 287),ext:placebo,1
bosunitib sorbitol,bosunitib sorbitol,ext:sorbitol,1
bosutinib in mannitol high sweet,bosutinib in mannitol high sweet,ext:mannitol,1
bosutinib in mannitol low sweet,bosutinib in mannitol low sweet,ext:mannitol,1
Bosutinib Mannitol,Bosutinib Mannitol,ext:mannitol,1
Placebo - Parts A + B,Placebo - Parts A + B,ext:placebo,1
Placebo Bufei Jianpi granule,Placebo Bufei Jianpi granule,ext:placebo,1
Placebo of Nifedipine,Placebo of Nifedipine,ext:placebo,1
bupivacaine plus mannitol,bupivacaine plus mannitol,ext:mannitol,1
Placebo Bufei Yishen granule,Placebo Bufei Yishen granule,ext:placebo,1
TQH2929 Placebo,TQH2929 Placebo,ext:placebo,1
GCK 100 mg + Placebo 200 mg,GCK 100 mg + Placebo 200 mg,ext:placebo,1
GCK 200 mg + Placebo 100 mg,GCK 200 mg + Placebo 100 mg,ext:placebo,1
Epinephrine or normal saline,Epinephrine or normal saline,ext:saline,1
SPH3127 tablet Placebo,SPH3127 tablet Placebo,ext:placebo,1
60% Oxygen Group - Infants will start in 60% oxygen,60% Oxygen Group - Infants will start in 60% oxygen,ext:oxygen,1
30% Oxygen Group - Infants will start in 30% oxygen,30% Oxygen Group - Infants will start in 30% oxygen,ext:oxygen,1
Contrast Enhanced Ultrasound (CEUS),Contrast Enhanced Ultrasound (CEUS),ext:contrast,1
Positron Emission Tomography using [11 Carbon]-3-amino-4-(2-dimethylaminomethylphenylsulfanyl)-benzonitrile ([11C]-DASB) and [18 Fluorine]-altanserin ([18F]-altanserin),Positron Emission Tomography using [11 Carbon]-3-amino-4-(2-dimethylaminomethylphenylsulfanyl)-benzonitrile ([11C]-DASB) and [18 Fluorine]-altanserin ([18F]-altanserin),radiotracer/imaging,1
Placebo ABBV-3067,Placebo ABBV-3067,ext:placebo,1
Placebo ABBV-2222,Placebo ABBV-2222,ext:placebo,1
Positron Emission Tomography using [18 Fluorine]-altanserin ([18F]-altanserin),Positron Emission Tomography using [18 Fluorine]-altanserin ([18F]-altanserin),radiotracer/imaging,1
Yangxin Dawayimixike Honey Paste placebo,Yangxin Dawayimixike Honey Paste placebo,ext:placebo,1
Radium bromatum/Apis mellifica/Belladonna placebo pills,Radium bromatum/Apis mellifica/Belladonna placebo pills,ext:placebo,1
Placebo pills of Radium bromatum,Placebo pills of Radium bromatum,ext:placebo,1
PRRT with 177Lu-DOTATATE,PRRT with 177Lu-DOTATATE,radiotracer/imaging,1
[18F]DPA-714-PET/MRI,[18F]DPA-714-PET/MRI,radiotracer/imaging,1
SmofKabiven® extra Nitrogen,SmofKabiven extra Nitrogen,ext:nitrogen,1
"Polyethylene glycol 3350, sodium sulfate anhydrous, sodium bicarbonate, sodium chloride, potassium chloride, aspartame;Bisacodyl","Polyethylene glycol 3350, sodium sulfate anhydrous, sodium bicarbonate, sodium chloride, potassium chloride, aspartame;Bisacodyl",canonical:Sodium Chloride,1
Placebo multiple ascending doses,Placebo multiple ascending doses,ext:placebo,1
Vasoactive Intestinal Peptide (VIP) and Saline,Vasoactive Intestinal Peptide (VIP) and Saline,ext:saline,1
Topical vehicle solution,Topical vehicle solution,ext:vehicle,1
Placebo for Verinurad,Placebo for Verinurad,ext:placebo,1
Placebo for Allopurinol,Placebo for Allopurinol,ext:placebo,1
placebo drops,placebo drops,ext:placebo,1
Placebo patch and pill,Placebo patch and pill,ext:placebo,1
CD5789 Cream Vehicle,CD5789 Cream Vehicle,ext:vehicle,1
Placebo to dupilumab,Placebo to dupilumab,ext:placebo,1
Placebo to upadacitinib,Placebo to upadacitinib,ext:placebo,1
REGN3500-Matching Placebo,REGN3500-Matching Placebo,ext:placebo,1
"Normal Saline Flush, 0.9%, 20mL topical","Normal Saline Flush, 0.9%, 20mL topical",ext:saline,1
Placebo to MK-4334,Placebo to MK-4334,ext:placebo,1
"1.36%, 1.5%, 2.27%, 2.5%, 3.86%, 2.25% Glucose PD Solution","1.36%, 1.5%, 2.27%, 2.5%, 3.86%, 2.25% Glucose PD Solution",ext:glucose,1
Placebo Plaster,Placebo Plaster,ext:placebo,1
68Ga-PSMA-11 PET/MRI,68Ga-PSMA-11 PET/MRI,radiotracer/imaging,1
rhNGF 20 μg/ml + vehicle,rhNGF 20 μg/ml + vehicle,ext:vehicle,1
Placebo in Oral Dosage Form,Placebo in Oral Dosage Form,ext:placebo,1
Placebo matching dostarlimab,Placebo matching dostarlimab,ext:placebo,1
Pittsburgh Compound B,Pittsburgh Compound B,radiotracer/imaging,1
Placebo matching Niraparib,Placebo matching Niraparib,ext:placebo,1
[111In]-FPI-1547 Injection,[111In]-FPI-1547 Injection,radiotracer/imaging,1
[225Ac]-FPI-1434 Injection multi-dose,[225Ac]-FPI-1434 Injection multi-dose,radiotracer/imaging,1
[225Ac]-FPI-1434 Injection single-dose,[225Ac]-FPI-1434 Injection single-dose,radiotracer/imaging,1
Sensitive Eyes® Plus Saline Solution,Sensitive Eyes Plus Saline Solution,ext:saline,1
Placebo (for amantadine sulphate),Placebo (for amantadine sulphate),ext:placebo,1
FMX101 vehicle,FMX101 vehicle,ext:vehicle,1
valsartan matching placebo,valsartan matching placebo,ext:placebo,1
Cream Vehicle,Cream Vehicle,ext:vehicle,1
sacubitril/valsartan matching placebo,sacubitril/valsartan matching placebo,ext:placebo,1
Intraduodenal placebo,Intraduodenal placebo,ext:placebo,1
Intragastric placebo,Intragastric placebo,ext:placebo,1
Placebo p.o,Placebo p.o,ext:placebo,1
Placebo of HP515 20mg Tablet,Placebo of HP515 20mg Tablet,ext:placebo,1
VIM0423 Placebo,VIM0423 Placebo,ext:placebo,1
placebo1 and placebo2,placebo1 and placebo2,ext:placebo,1
placebo1 and celecoxib,placebo1 and celecoxib,ext:placebo,1
Dextrose 5% in water (D5W),Dextrose 5% in water (D5W),ext:dextrose,1
TAK-988 Placebo,TAK-988 Placebo,ext:placebo,1
JNJ-53718678 Placebo,JNJ-53718678 Placebo,ext:placebo,1
Magnesium Sulfate infusion,Magnesium Sulfate infusion,ext:magnesium sulfate,1
HIP1601 Placebo,HIP1601 Placebo,ext:placebo,1
HGP1705 Placebo,HGP1705 Placebo,ext:placebo,1
Step 2: Placebo,Step 2: Placebo,ext:placebo,1
MAD: Placebo,MAD: Placebo,ext:placebo,1
SAD: Placebo,SAD: Placebo,ext:placebo,1
Phenelzine placebo,Phenelzine placebo,ext:placebo,1
[68Ga]PSMA-PET/MRI or PET/CT,[68Ga]PSMA-PET/MRI or PET/CT,radiotracer/imaging,1
Placebo oral liquid and mouthwash,Placebo oral liquid and mouthwash,ext:placebo,1
Topical Vehicle Gel,Topical Vehicle Gel,ext:vehicle,1
MAL Vehicle Cream,MAL Vehicle Cream,ext:vehicle,1
131I-PSMA-1095 Radioligand Therapy (RLT),131I-PSMA-1095 Radioligand Therapy (RLT),radiotracer/imaging,1
Chiglitazar Placebo,Chiglitazar Placebo,ext:placebo,1
Caffeine Anhydrous with large sucrose pill,Caffeine Anhydrous with large sucrose pill,ext:sucrose,1
Caffeine Anhydrous with small sucrose pill,Caffeine Anhydrous with small sucrose pill,ext:sucrose,1
ENERGI-F703 GEL matched vehicle,ENERGI-F703 GEL matched vehicle,ext:vehicle,1
Natrium/ Kalium/ Magnesium sulfate,Natrium/ Kalium/ Magnesium sulfate,ext:magnesium sulfate,1
Preserved saline in reconstitution of Botox,Preserved saline in reconstitution of Botox,ext:saline,1
placebo alcohol,placebo alcohol,ext:placebo,1
Placebo (matched to NNC0487-0111),Placebo (matched to NNC0487-0111),ext:placebo,1
Placebo (liraglutide),Placebo (liraglutide),ext:placebo,1
placebo Soft Capsules,placebo Soft Capsules,ext:placebo,1
0.9% Sodium Chloride (NaCl),0.9% Sodium Chloride (NaCl),canonical:Sodium Chloride,1
0.9% NaCl (normal saline),0.9% NaCl (normal saline),ext:saline,1
Medical air (sham O2),Medical air (sham O2),ext:medical air,1
Oxygen 40 %,Oxygen 40 %,ext:oxygen,1
Placebo (vehicle control) nasal spray,Placebo (vehicle control) nasal spray,ext:placebo,1
FEC/TE Placebo,FEC/TE Placebo,ext:placebo,1
CHF6563 matched placebo,CHF6563 matched placebo,ext:placebo,1
Morphine matched placebo,Morphine matched placebo,ext:placebo,1
Atorvastatin - placebo controlled clinical trial,Atorvastatin - placebo controlled clinical trial,ext:placebo,1
SHR3680(Placebo),SHR3680(Placebo),ext:placebo,1
SHR3162(Placebo),SHR3162(Placebo),ext:placebo,1
lactated Ringer's solution,lactated Ringer's solution,ext:ringer,1
Placebo to S-600918,Placebo to S-600918,ext:placebo,1
225Ac-TR2205 Injection,225Ac-TR2205 Injection,radiotracer/imaging,1
Placebo curcumin capsule,Placebo curcumin capsule,ext:placebo,1
Saline 0.9% infusion,Saline 0.9% infusion,ext:saline,1
13C-glucose,13C-glucose,ext:glucose,1
Placebo for Ivermectin cream 1%,Placebo for Ivermectin cream 1%,ext:placebo,1
Placebo (for FP-045 oral solution),Placebo (for FP-045 oral solution),ext:placebo,1
Placebo (for diazoxide),Placebo (for diazoxide),ext:placebo,1
Liposomal Placebo,Liposomal Placebo,ext:placebo,1
Ibuprofen Placebo Tab,Ibuprofen Placebo Tab,ext:placebo,1
X0002 Placebo Spray,X0002 Placebo Spray,ext:placebo,1
Topical minoxidil 5% in pure ethanol alone,Topical minoxidil 5% in pure ethanol alone,ext:ethanol,1
Saline dressing,Saline dressing,ext:saline,1
"APP13007 Placebo, 0.1%","APP13007 Placebo, 0.1%",ext:placebo,1
"APP13007 Placebo, 0.05%","APP13007 Placebo, 0.05%",ext:placebo,1
Fluorine-18 Labeled [18F]-JNJ-64511070,Fluorine-18 Labeled [18F]-JNJ-64511070,radiotracer/imaging,1
Topical minoxidil 5% in 90% ethanol and 5% propylene glycol,Topical minoxidil 5% in 90% ethanol and 5% propylene glycol,ext:ethanol,1
ASLAN004 Placebo,ASLAN004 Placebo,ext:placebo,1
GLUCOSE 10%,GLUCOSE 10%,ext:glucose,1
Placebo vaginal insert,Placebo vaginal insert,ext:placebo,1
glucose water,glucose water,ext:glucose,1
enzalutamide Placebo,enzalutamide Placebo,ext:placebo,1
Glucose IV,Glucose IV,ext:glucose,1
Placebo for Immediate Release Topiramate,Placebo for Immediate Release Topiramate,ext:placebo,1
Placebo for Phentermine,Placebo for Phentermine,ext:placebo,1
Placebo for Zebinix 1600mg,Placebo for Zebinix 1600mg,ext:placebo,1
Placebo for Zebinix 800mg,Placebo for Zebinix 800mg,ext:placebo,1
Placebo for Zebinix 400mg,Placebo for Zebinix 400mg,ext:placebo,1
Placebo capsules (containing Avicel blend),Placebo capsules (containing Avicel blend),ext:placebo,1
Normal saline + Standard Treatment,Normal saline + Standard Treatment,ext:saline,1
Bacteriophage Placebo,Bacteriophage Placebo,ext:placebo,1
MABp1 (Bermekimab) OR Placebo,MABp1 (Bermekimab) OR Placebo,ext:placebo,1
"Sodium Chloride 0,9%","Sodium Chloride 0,9%",canonical:Sodium Chloride,1
Placebo for ABI-H2158,Placebo for ABI-H2158,ext:placebo,1
21% oxygen,21% oxygen,ext:oxygen,1
Placebo estradiol,Placebo estradiol,ext:placebo,1
Placebo GnRH antagonist,Placebo GnRH antagonist,ext:placebo,1
injection of 68Ga-DOTATATE,injection of 68Ga-DOTATATE,radiotracer/imaging,1
Technetium Tc 99M,Technetium Tc 99M,radiotracer/imaging,1
control group: Clomiphene Citrate Tablets and Bushen Culuan Decoction placebo,control group: Clomiphene Citrate Tablets and Bushen Culuan Decoction placebo,ext:placebo,1
experimental group: Bushen Culuan Decoction and Clomiphene Citrate Tablets placebo,experimental group: Bushen Culuan Decoction and Clomiphene Citrate Tablets placebo,ext:placebo,1
Placebo TK-112690,Placebo TK-112690,ext:placebo,1
YHDF Placebo,YHDF Placebo,ext:placebo,1
Memantine or placebo,Memantine or placebo,ext:placebo,1
Placebo matching SYHA136 10 mg,Placebo matching SYHA136 10 mg,ext:placebo,1
Placebo matching SYHA136 1 mg,Placebo matching SYHA136 1 mg,ext:placebo,1
Placebo matching SYHA136 0.5 mg,Placebo matching SYHA136 0.5 mg,ext:placebo,1
HRS-7249 injection placebo set,HRS-7249 injection placebo set,ext:placebo,1
SHR-1918 injection placebo set,SHR-1918 injection placebo set,ext:placebo,1
Placebo of Gastrodia and Uncaria granule,Placebo of Gastrodia and Uncaria granule,ext:placebo,1
Placebo matching SYHA136 2.5 mg,Placebo matching SYHA136 2.5 mg,ext:placebo,1
Placebo matching SYHA136 20 mg,Placebo matching SYHA136 20 mg,ext:placebo,1
Placebo matching SYHA136 35 mg,Placebo matching SYHA136 35 mg,ext:placebo,1
Placebo matching SYHA136 5 mg,Placebo matching SYHA136 5 mg,ext:placebo,1
Placebo matching SYHA136 50 mg,Placebo matching SYHA136 50 mg,ext:placebo,1
Bifidobacterium tetrad live bacteria tablet placebo plus Helicobacter pylori quadruple eradication therapy,Bifidobacterium tetrad live bacteria tablet placebo plus Helicobacter pylori quadruple eradication therapy,ext:placebo,1
Placebo of HP515 10 mg Tablet,Placebo of HP515 10 mg Tablet,ext:placebo,1
GDC Vehicle Lotion,GDC Vehicle Lotion,ext:vehicle,1
Preservative-free 0.9% sodium chloride (Placebo),Preservative-free 0.9% sodium chloride (Placebo),canonical:Sodium Chloride,1
Placebo of 'Tonifying Spleen and Kidney Sequential Regimen,Placebo of 'Tonifying Spleen and Kidney Sequential Regimen,ext:placebo,1
Scalp blocks with ropivacaine and intravenous saline,Scalp blocks with ropivacaine and intravenous saline,ext:saline,1
Placebo (PSL),Placebo (PSL),ext:placebo,1
PLACEBO for week 0 - 26,PLACEBO for week 0 - 26,ext:placebo,1
SN1011 placebo,SN1011 placebo,ext:placebo,1
Bupivacaine 0.75% in Dextrose Inj 8.25%,Bupivacaine 0.75% in Dextrose Inj 8.25%,ext:dextrose,1
Placebo Oral capsule,Placebo Oral capsule,ext:placebo,1
Normal saline pyloric injection,Normal saline pyloric injection,ext:saline,1
FET: Normal Saline,FET: Normal Saline,ext:saline,1
TV-46046 Placebo,TV-46046 Placebo,ext:placebo,1
Ulonivirine Placebo,Ulonivirine Placebo,ext:placebo,1
IVF: hCG and normal saline,IVF: hCG and normal saline,ext:saline,1
PvP003 placebo,PvP003 placebo,ext:placebo,1
Ibuprofen and placebo,Ibuprofen and placebo,ext:placebo,1
Dose Escalation of Placebo,Dose Escalation of Placebo,ext:placebo,1
Placebo (NNC0165-1875),Placebo (NNC0165-1875),ext:placebo,1
18F-AraG,18F-AraG,radiotracer/imaging,1
Placebo oral capsule; From August 2020 'no additional treatment',Placebo oral capsule; From August 2020 'no additional treatment',ext:placebo,1
Placebo Oral Capsules,Placebo Oral Capsules,ext:placebo,1
Luspatercept plus placebo,Luspatercept plus placebo,ext:placebo,1
[18F]PSMA-1007 Injection,[18F]PSMA-1007 Injection,radiotracer/imaging,1
PET with radiotracer [11C]PBR-28 ( or [11C]ER176),PET with radiotracer [11C]PBR-28 ( or [11C]ER176),radiotracer/imaging,1
[11C]-NOP46,[11C]-NOP46,radiotracer/imaging,1
Placebo for Rozibafusp Alfa,Placebo for Rozibafusp Alfa,ext:placebo,1
Gadolinium contrast infusion,Gadolinium contrast infusion,ext:contrast,1
Placebo (NNC0385-0434),Placebo (NNC0385-0434),ext:placebo,1
Danazol/Placebo,Danazol/Placebo,ext:placebo,1
"Super selective transarterial chemoembolization of CHC, with doxorubicin reconstituted in 5cc iso-osmolar ionic iodinated contrast media","Super selective transarterial chemoembolization of CHC, with doxorubicin reconstituted in 5cc iso-osmolar ionic iodinated contrast media",ext:contrast,1
Treatment by Placebo,Treatment by Placebo,ext:placebo,1
Long-Term Follow-Up of Patients who Received Placebo,Long-Term Follow-Up of Patients who Received Placebo,ext:placebo,1
Sodium Bicarbonate 7.5% Injection,Sodium Bicarbonate 7.5% Injection,ext:sodium bicarbonate,1
NaCl; saline,NaCl; saline,ext:saline,1
"Super selective transarterial chemoembolization of CHC, with doxorubicin reconstituted in 5cc normal saline","Super selective transarterial chemoembolization of CHC, with doxorubicin reconstituted in 5cc normal saline",ext:saline,1
"[F18]-ASEM (3-(1,4-diazabicyclo[3.2.2]nonan-4-yl)-6-[18F]fluorodibenzo[b,d]thiophene 5,5-dioxide)","[F18]-ASEM (3-(1,4-diazabicyclo[3.2.2]nonan-4-yl)-6-[18F]fluorodibenzo[b,d]thiophene 5,5-dioxide)",radiotracer/imaging,1
BBT-401-1S first and then Placebo,BBT-401-1S first and then Placebo,ext:placebo,1
Placebo first and then BBT-401-1S,Placebo first and then BBT-401-1S,ext:placebo,1
Placebo (NaCl 0.9%) eye drops,Placebo (NaCl 0.9%) eye drops,canonical:NaCl 0.9%,1
Placebo Oral Suspension,Placebo Oral Suspension,ext:placebo,1
40ml of 0.9% normal saline,40ml of 0.9% normal saline,ext:saline,1
Placebo plus Morphine,Placebo plus Morphine,ext:placebo,1
Placebo Saline Infusion,Placebo Saline Infusion,ext:placebo,1
L-arginine 1.4% 250 ml + placebo 250 ml,L-arginine 1.4% 250 ml + placebo 250 ml,ext:placebo,1
Fluoroglutamine [18F]F-GLN,Fluoroglutamine [18F]F-GLN,radiotracer/imaging,1
Two-hour dwell with Dianeal Low-Calcium with 4.25% Dextrose,Two-hour dwell with Dianeal Low-Calcium with 4.25% Dextrose,ext:dextrose,1
Two-hour dwell with 10% dextrose in sterile water,Two-hour dwell with 10% dextrose in sterile water,ext:sterile water,1
"Placebo, Trastuzumab, Docetaxel","Placebo, Trastuzumab, Docetaxel",ext:placebo,1
F-02-2-Na Matching Placebo (75mg),F-02-2-Na Matching Placebo (75mg),ext:placebo,1
Zavegepant matching placebo,Zavegepant matching placebo,ext:placebo,1
Placebo first then Aquamin®,Placebo first then Aquamin,ext:placebo,1
Placebo TG,Placebo TG,ext:placebo,1
Placebo Abivertinib Maleate Capsules,Placebo Abivertinib Maleate Capsules,ext:placebo,1
Heparinized Saline,Heparinized Saline,ext:saline,1
Placebo soft capsule,Placebo soft capsule,ext:placebo,1
Magnesium Sulfate 30 mg/kg intravenous diluted in 100 ml Normal Saline.,Magnesium Sulfate 30 mg/kg intravenous diluted in 100 ml Normal Saline.,ext:saline,1
Placebo Gefitinib Tablets,Placebo Gefitinib Tablets,ext:placebo,1
Placebo matching BI 1358894,Placebo matching BI 1358894,ext:placebo,1
Placebo (Liraglutide 3.0 mg),Placebo (Liraglutide 3.0 mg),ext:placebo,1
placebo+cisplatin or carboplatin + 5-Fluorouracil (5-FU),placebo+cisplatin or carboplatin + 5-Fluorouracil (5-FU),ext:placebo,1
TED + glucose,TED + glucose,ext:glucose,1
CS1001 placebo,CS1001 placebo,ext:placebo,1
ALX-101 Gel Vehicle,ALX-101 Gel Vehicle,ext:vehicle,1
Placebo2,Placebo2,ext:placebo,1
Placebo1,Placebo1,ext:placebo,1
Lactate Ringer's Solution,Lactate Ringer's Solution,ext:ringer,1
Iodine Povacrylex 7 MG/ML / Isopropyl Alcohol 0.74 ML/ML,Iodine Povacrylex 7 MG/ML / Isopropyl Alcohol 0.74 ML/ML,ext:alcohol,1
Chlorhexidine Gluconate 20 MG/ML / Isopropyl Alcohol 0.7 ML/ML,Chlorhexidine Gluconate 20 MG/ML / Isopropyl Alcohol 0.7 ML/ML,ext:alcohol,1
Placebo FP-025 capsules,Placebo FP-025 capsules,ext:placebo,1
SGB-7342-Matching placebo,SGB-7342-Matching placebo,ext:placebo,1
[177Lu]-NeoB,[177Lu]-NeoB,radiotracer/imaging,1
Hydrogel of placebo,Hydrogel of placebo,ext:placebo,1
70% topical ethanol solution,70% topical ethanol solution,ext:ethanol,1
Placebo 1.7 ml Subcutaneous Solution,Placebo 1.7 ml Subcutaneous Solution,ext:placebo,1
bupivacaine S75:R25 plus 8% glucose,bupivacaine S75:R25 plus 8% glucose,ext:glucose,1
bupivacaine S50:R50 plus 8% glucose,bupivacaine S50:R50 plus 8% glucose,ext:glucose,1
[68Ga]-NeoB,[68Ga]-NeoB,radiotracer/imaging,1
placebo treatment during 3 days,placebo treatment during 3 days,ext:placebo,1
Locally approved intravenous contrast medium for contrast enhanced magnetic resonance imaging (MRI),Locally approved intravenous contrast medium for contrast enhanced magnetic resonance imaging (MRI),ext:contrast,1
saline IV,saline IV,ext:saline,1
AD-35 30 mg + Placebo of AD-35 30 mg,AD-35 30 mg + Placebo of AD-35 30 mg,ext:placebo,1
Placebo of AD-35 60mg /AD-35 30mg,Placebo of AD-35 60mg /AD-35 30mg,ext:placebo,1
Placebo of AD-35 60mg /AD-35 60mg,Placebo of AD-35 60mg /AD-35 60mg,ext:placebo,1
Injection of 18F-ASIS,Injection of 18F-ASIS,radiotracer/imaging,1
Symbicort® Turbohaler® plus CHF 1535 pMDI Placebo,Symbicort Turbohaler plus CHF 1535 pMDI Placebo,ext:placebo,1
CHF 1535 100/6 µg pMDI plus Symbicort® Turbohaler® Placebo,CHF 1535 100/6 µg pMDI plus Symbicort Turbohaler Placebo,ext:placebo,1
F-02-2-Na Matching Placebo (100mg) -Multiple dose,F-02-2-Na Matching Placebo (100mg) -Multiple dose,ext:placebo,1
[18F]PBR06,[18F]PBR06,radiotracer/imaging,1
F-02-2-Na Matching Placebo (150 mg),F-02-2-Na Matching Placebo (150 mg),ext:placebo,1
Injection of sodium chloride,Injection of sodium chloride,canonical:Sodium Chloride,1
Placebo - injection,Placebo - injection,ext:placebo,1
F-02-2-Na Matching Placebo (5mg),F-02-2-Na Matching Placebo (5mg),ext:placebo,1
Placebo solution for risankizumab,Placebo solution for risankizumab,ext:placebo,1
F-02-2-Na Matching Placebo (200 mg),F-02-2-Na Matching Placebo (200 mg),ext:placebo,1
"Ropivacaine, Saline","Ropivacaine, Saline",ext:saline,1
F-02-2-Na Matching Placebo (25mg),F-02-2-Na Matching Placebo (25mg),ext:placebo,1
F-02-2-Na Matching Placebo (25mg) -Multiple dose,F-02-2-Na Matching Placebo (25mg) -Multiple dose,ext:placebo,1
Ropivacaine 0.2%-NaCl 0.9% Injectable Solution,Ropivacaine 0.2%-NaCl 0.9% Injectable Solution,canonical:NaCl 0.9%,1
F-02-2-Na Matching Placebo (50mg) -Multiple dose,F-02-2-Na Matching Placebo (50mg) -Multiple dose,ext:placebo,1
pelubiprofen placebo,pelubiprofen placebo,ext:placebo,1
F-02-2-Na Matching Placebo (0.5mg),F-02-2-Na Matching Placebo (0.5mg),ext:placebo,1
normal saline and salbutamol,normal saline and salbutamol,ext:saline,1
hypertonic saline and salbutamol,hypertonic saline and salbutamol,ext:saline,1
Placebo topical suspension,Placebo topical suspension,ext:placebo,1
Placebo for Multi-Allergen Oral Immunotherapy,Placebo for Multi-Allergen Oral Immunotherapy,ext:placebo,1
Mometasone furoate placebo,Mometasone furoate placebo,ext:placebo,1
Placebo AC0058TA,Placebo AC0058TA,ext:placebo,1
Vehicle Ophthalmic Solution QID to BID,Vehicle Ophthalmic Solution QID to BID,ext:vehicle,1
Vehicle Ophthalmic Solution QID,Vehicle Ophthalmic Solution QID,ext:vehicle,1
Placebo pressurized metered dose inhaler,Placebo pressurized metered dose inhaler,ext:placebo,1
Dextrose 5% W/ Sodium Chloride 0.225%,Dextrose 5% W/ Sodium Chloride 0.225%,canonical:Sodium Chloride,1
FT-4202/Placebo,FT-4202/Placebo,ext:placebo,1
18F-Fludarabine,18F-Fludarabine,radiotracer/imaging,1
Rapastinel Matched Placebo,Rapastinel Matched Placebo,ext:placebo,1
Alprazolam Matched Placebo,Alprazolam Matched Placebo,ext:placebo,1
Placebo (Corn starch pill manufactured to mimic VGH-BPH1),Placebo (Corn starch pill manufactured to mimic VGH-BPH1),ext:placebo,1
Matching Placebo for SER-401,Matching Placebo for SER-401,ext:placebo,1
Placebo nasalspray,Placebo nasalspray,ext:placebo,1
Placebo for antibiotic,Placebo for antibiotic,ext:placebo,1
Placebo+BSC,Placebo+BSC,ext:placebo,1
F 18 T807 Flortaucipir,F 18 T807 Flortaucipir,radiotracer/imaging,1
[64Cu]FBP8,[64Cu]FBP8,radiotracer/imaging,1
"Placebo Metered-Dose Inhaler without PA9159, Twice daily for 28 days","Placebo Metered-Dose Inhaler without PA9159, Twice daily for 28 days",ext:placebo,1
Ketamine Matched Placebo,Ketamine Matched Placebo,ext:placebo,1
Placebo to TOP1630 0.1% Ophthalmic Solution TID OU,Placebo to TOP1630 0.1% Ophthalmic Solution TID OU,ext:placebo,1
Placebo Narlaprevir,Placebo Narlaprevir,ext:placebo,1
"AMPH ER Tab Matching Placebo 5, 10, 15 and 20 mg","AMPH ER Tab Matching Placebo 5, 10, 15 and 20 mg",ext:placebo,1
18F- DCFPyL PET/CT,18F- DCFPyL PET/CT,radiotracer/imaging,1
Placebo Atorvastatin,Placebo Atorvastatin,ext:placebo,1
"NaCL 0,9%","NaCL 0,9%",ext:nacl,1
Placebo oral Zinc capsule,Placebo oral Zinc capsule,ext:placebo,1
Lidocaine Hydrochloride 0.8% in Dextrose 5% Solution,Lidocaine Hydrochloride 0.8% in Dextrose 5% Solution,ext:dextrose,1
18-F-Flortaucipir,18-F-Flortaucipir,radiotracer/imaging,1
0.9% saline + albuterol,0.9% saline + albuterol,ext:saline,1
Placebo for ABBV-3373,Placebo for ABBV-3373,ext:placebo,1
Contrast enhanced ultrasound with Lumason,Contrast enhanced ultrasound with Lumason,ext:contrast,1
Group P (Placebo Control Group),Group P (Placebo Control Group),ext:placebo,1
Kylo-11 or matched placebo,Kylo-11 or matched placebo,ext:placebo,1
Placebo to VAY736,Placebo to VAY736,ext:placebo,1
Placebo to MAS825,Placebo to MAS825,ext:placebo,1
Placebo to LYS006,Placebo to LYS006,ext:placebo,1
Placebo to LOU064,Placebo to LOU064,ext:placebo,1
Placebo to CFZ533,Placebo to CFZ533,ext:placebo,1
TQF3250 placebo,TQF3250 placebo,ext:placebo,1
Topiramate matching placebo,Topiramate matching placebo,ext:placebo,1
Subjects treated with Empagliflozin or any Sodium-glucose cotransporter-2 (SGLT-2) inhibitor,Subjects treated with Empagliflozin or any Sodium-glucose cotransporter-2 (SGLT-2) inhibitor,ext:glucose,1
0.9% SODIUM CHLORIDE 9g/L injection BP,0.9% SODIUM CHLORIDE 9g/L injection BP,canonical:Sodium Chloride,1
Placebo+Standard Therapy,Placebo+Standard Therapy,ext:placebo,1
[11C]PXT012253,[11C]PXT012253,radiotracer/imaging,1
Placebo oil for oral use,Placebo oil for oral use,ext:placebo,1
60% oxygen group,60% oxygen group,ext:oxygen,1
30% oxygen group,30% oxygen group,ext:oxygen,1
Zhizhu Kuanzhong Placebo Capsule,Zhizhu Kuanzhong Placebo Capsule,ext:placebo,1
Placebo for Balovaptan Treatment C,Placebo for Balovaptan Treatment C,ext:placebo,1
Placebo enteric-coated tablet,Placebo enteric-coated tablet,ext:placebo,1
Placebo for Balovaptan Treatment D,Placebo for Balovaptan Treatment D,ext:placebo,1
Nitrous Oxide + Oxygen Gas (Product),Nitrous Oxide + Oxygen Gas (Product),ext:oxygen,1
Placebo for Moxifloxacin Treatment C,Placebo for Moxifloxacin Treatment C,ext:placebo,1
Placebo for Moxifloxacin Treatment D,Placebo for Moxifloxacin Treatment D,ext:placebo,1
Placebo SC/S,Placebo SC/S,ext:placebo,1
Placebo IV/S,Placebo IV/S,ext:placebo,1
Placebo IV/M,Placebo IV/M,ext:placebo,1
1500ml of 2.5% mannitol,1500ml of 2.5% mannitol,ext:mannitol,1
Magnesium sulfate 50mg,Magnesium sulfate 50mg,ext:magnesium sulfate,1
Magnesium sulfate 30 mg,Magnesium sulfate 30 mg,ext:magnesium sulfate,1
Placebo for Moxifloxacin Treatment A,Placebo for Moxifloxacin Treatment A,ext:placebo,1
Group PB/Placebo-Bupivacaine,Group PB/Placebo-Bupivacaine,ext:placebo,1
Placebo for Moxifloxacin Treatment B,Placebo for Moxifloxacin Treatment B,ext:placebo,1
[18F]-4FN,[18F]-4FN,radiotracer/imaging,1
"Placebo (SL pill qd, IM injection q4weeks)","Placebo (SL pill qd, IM injection q4weeks)",ext:placebo,1
Sodium Glucose Transporter 2 inhibitor,Sodium Glucose Transporter 2 inhibitor,ext:glucose,1
Placebo Ropinirole,Placebo Ropinirole,ext:placebo,1
64Cu-DOTA-ECLIi,64Cu-DOTA-ECLIi,radiotracer/imaging,1
different volume of 2.5% mannitol,different volume of 2.5% mannitol,ext:mannitol,1
Oxygen (NRBM),Oxygen (NRBM),ext:oxygen,1
Oxygen (NIV),Oxygen (NIV),ext:oxygen,1
Placebo as an adjunct to lifestyle intervention,Placebo as an adjunct to lifestyle intervention,ext:placebo,1
Placebo/Janagliflozin,Placebo/Janagliflozin,ext:placebo,1
Placebo for AG-221,Placebo for AG-221,ext:placebo,1
Placebo for AG-120,Placebo for AG-120,ext:placebo,1
Gemigliptin Placebo,Gemigliptin Placebo,ext:placebo,1
Placebo SL Tablets,Placebo SL Tablets,ext:placebo,1
Echinacea purpurea alcoholic extract,Echinacea purpurea alcoholic extract,ext:alcohol,1
Oxycodone/Placebo,Oxycodone/Placebo,ext:placebo,1
Vehicle Topical Solution,Vehicle Topical Solution,ext:vehicle,1
99mTc-PYP or 99m Tc-HDP,99mTc-PYP or 99m Tc-HDP,radiotracer/imaging,1
2% alcoholic chlorhexidine skin prep (SKIN PREP),2% alcoholic chlorhexidine skin prep (SKIN PREP),ext:alcohol,1
Ondansetron 16mg with Saline & Tariquidar,Ondansetron 16mg with Saline & Tariquidar,ext:saline,1
Ondansetron 8mg with Saline & Tariquidar,Ondansetron 8mg with Saline & Tariquidar,ext:saline,1
68Ga RM2,68Ga RM2,radiotracer/imaging,1
Placebo of Aprepitant,Placebo of Aprepitant,ext:placebo,1
Placebo of Hydroxyzine,Placebo of Hydroxyzine,ext:placebo,1
MT-6345 Placebo,MT-6345 Placebo,ext:placebo,1
Saline Nonopioid anesthesia,Saline Nonopioid anesthesia,ext:saline,1
Transdermal Hydrocolloid Placebo Patch,Transdermal Hydrocolloid Placebo Patch,ext:placebo,1
Isotonic-saline,Isotonic-saline,ext:saline,1
Placebo AST2818 80mg//40 mg,Placebo AST2818 80mg//40 mg,ext:placebo,1
"Ensifentrine (formerly RPL554) placebo twice daily, in addition to tiotropium","Ensifentrine (formerly RPL554) placebo twice daily, in addition to tiotropium",ext:placebo,1
Placebo (US),Placebo (US),ext:placebo,1
Placebo (China),Placebo (China),ext:placebo,1
Artesunate-mefloquine+placebo,Artesunate-mefloquine+placebo,ext:placebo,1
Artemether-lumefantrine+placebo,Artemether-lumefantrine+placebo,ext:placebo,1
Fludeoxyglucose 18F,Fludeoxyglucose 18F,radiotracer/imaging,1
"Ensifentrine (formerly RPL554) 3.0 mg twice daily plus placebo, in addition to tiotropium","Ensifentrine (formerly RPL554) 3.0 mg twice daily plus placebo, in addition to tiotropium",ext:placebo,1
"Ensifentrine (formerly RPL554) 1.5 mg twice daily plus placebo, in addition to tiotropium","Ensifentrine (formerly RPL554) 1.5 mg twice daily plus placebo, in addition to tiotropium",ext:placebo,1
Intrapleural administration of normal saline injection,Intrapleural administration of normal saline injection,ext:saline,1
MRx0518/placebo Capsules,MRx0518/placebo Capsules,ext:placebo,1
"Ensifentrine (formerly RPL554) 0.75 mg twice daily plus placebo, in addition to tiotropium","Ensifentrine (formerly RPL554) 0.75 mg twice daily plus placebo, in addition to tiotropium",ext:placebo,1
"Ensifentrine (formerly RPL554) 0.375 mg twice daily plus placebo, in addition to tiotropium","Ensifentrine (formerly RPL554) 0.375 mg twice daily plus placebo, in addition to tiotropium",ext:placebo,1
Cabozantinib-matched placebo,Cabozantinib-matched placebo,ext:placebo,1
Taodan Granules Placebo,Taodan Granules Placebo,ext:placebo,1
99mTc-MAG3-BIIB067,99mTc-MAG3-BIIB067,radiotracer/imaging,1
Placebo followed by zicotinide,Placebo followed by zicotinide,ext:placebo,1
zicotinide followed by placebo,zicotinide followed by placebo,ext:placebo,1
TAK-018 Placebo,TAK-018 Placebo,ext:placebo,1
Placebo oral capsule/placebo comparator,Placebo oral capsule/placebo comparator,ext:placebo,1
[89Zr]Panitumumab PET-MRI,[89Zr]Panitumumab PET-MRI,radiotracer/imaging,1
Jueyin placebo granules,Jueyin placebo granules,ext:placebo,1
Placebo to match manipulated oxycodone IR ADF.,Placebo to match manipulated oxycodone IR ADF.,ext:placebo,1
Placebo to match oxycodone API powder,Placebo to match oxycodone API powder,ext:placebo,1
Placebo + Gemcitabine + Nab-paclitaxel or Placebo + FOLFIRINOX,Placebo + Gemcitabine + Nab-paclitaxel or Placebo + FOLFIRINOX,ext:placebo,1
SkQ1 (Vehicle),SkQ1 (Vehicle),ext:vehicle,1
Saline cervical flushing,Saline cervical flushing,ext:saline,1
Control: Standard Care + Placebo,Control: Standard Care + Placebo,ext:placebo,1
Placebo Auto-Injector,Placebo Auto-Injector,ext:placebo,1
placebo to bupivacaine,placebo to bupivacaine,ext:placebo,1
Placebo of DNDI-0690,Placebo of DNDI-0690,ext:placebo,1
100ml normal saline 0.9 percent,100ml normal saline 0.9 percent,ext:saline,1
Hydromorphone placebo,Hydromorphone placebo,ext:placebo,1
Placebo (matched to TEZ/IVA),Placebo (matched to TEZ/IVA),ext:placebo,1
Placebo (matched to VX-121 suspension),Placebo (matched to VX-121 suspension),ext:placebo,1
TAK-994 Placebo,TAK-994 Placebo,ext:placebo,1
Placebo (matched to VX-121 tablet),Placebo (matched to VX-121 tablet),ext:placebo,1
Acetaminophen placebo,Acetaminophen placebo,ext:placebo,1
Irbesartan-Matching Placebo,Irbesartan-Matching Placebo,ext:placebo,1
ALN-AGT01-Matching Placebo,ALN-AGT01-Matching Placebo,ext:placebo,1
Placebo matching to BI 409306,Placebo matching to BI 409306,ext:placebo,1
Placebo - Granules in Capsule,Placebo - Granules in Capsule,ext:placebo,1
Placebo for atorvastatin,Placebo for atorvastatin,ext:placebo,1
Vinorelbine + placebo,Vinorelbine + placebo,ext:placebo,1
DW4902 Placebo,DW4902 Placebo,ext:placebo,1
Placebo for FDC EZ/Ator,Placebo for FDC EZ/Ator,ext:placebo,1
Alflutinib Mesylate (AST2818) 80mg//40 mg+ placebo,Alflutinib Mesylate (AST2818) 80mg//40 mg+ placebo,ext:placebo,1
TQL block with saline,TQL block with saline,ext:saline,1
Magnesium Sulfate/bupivacaine,Magnesium Sulfate/bupivacaine,ext:magnesium sulfate,1
Placebo to moxifloxacin encapsulated tablets,Placebo to moxifloxacin encapsulated tablets,ext:placebo,1
Placebo to cebranopadol encapsulated tablets,Placebo to cebranopadol encapsulated tablets,ext:placebo,1
Placebo for SER-287,Placebo for SER-287,ext:placebo,1
Placebos (125 mg),Placebos (125 mg),ext:placebo,1
Within-Subject Active vs Placebo Topical Applications,Within-Subject Active vs Placebo Topical Applications,ext:placebo,1
Within-Subject Active vs. Placebo Topical Applications,Within-Subject Active vs. Placebo Topical Applications,ext:placebo,1
Placebo for Vancomycin Pre-Treatment,Placebo for Vancomycin Pre-Treatment,ext:placebo,1
% 0.9 NaCl,% 0.9 NaCl,ext:nacl,1
Oral treatment of placebo soft capsule,Oral treatment of placebo soft capsule,ext:placebo,1
Jueyin Granules Placebo,Jueyin Granules Placebo,ext:placebo,1
Ropivacaine 0.2%-Sodium Chloride 0.9% Injectable Solution unilaterally,Ropivacaine 0.2%-Sodium Chloride 0.9% Injectable Solution unilaterally,canonical:Sodium Chloride,1
Ropivacaine 0.2%-Sodium Chloride 0.9% Injectable Solution bilaterally,Ropivacaine 0.2%-Sodium Chloride 0.9% Injectable Solution bilaterally,canonical:Sodium Chloride,1
Chlorhexidine-Alcohol,Chlorhexidine-Alcohol,ext:alcohol,1
Povidone-Iodine-Alcohol,Povidone-Iodine-Alcohol,ext:alcohol,1
Placebo matching cebranopadol,Placebo matching cebranopadol,ext:placebo,1
Placebo matching hydromorphone,Placebo matching hydromorphone,ext:placebo,1
Placebo: 2 tablets containing same excipients except active compound,Placebo: 2 tablets containing same excipients except active compound,ext:placebo,1
99Tc-MDP(99Technetium-Methylenediphosphonate Injection),99Tc-MDP(99Technetium-Methylenediphosphonate Injection),radiotracer/imaging,1
Placebo of CKD-351,Placebo of CKD-351,ext:placebo,1
Placebo of D930,Placebo of D930,ext:placebo,1
Homeopathic placebo,Homeopathic placebo,ext:placebo,1
Placebo Single Dose,Placebo Single Dose,ext:placebo,1
Placebo Multiple Doses,Placebo Multiple Doses,ext:placebo,1
5% glucose Infusion solution,5% glucose Infusion solution,ext:glucose,1
Placebo matching moxifloxacin capsule,Placebo matching moxifloxacin capsule,ext:placebo,1
Placebo matching CG5503 PR tablet,Placebo matching CG5503 PR tablet,ext:placebo,1
Placebo for Belimumab,Placebo for Belimumab,ext:placebo,1
VB-1953 - 0% (Vehicle),VB-1953 - 0% (Vehicle),ext:vehicle,1
Placebo SAD,Placebo SAD,ext:placebo,1
flortaucipir F 18,flortaucipir F 18,radiotracer/imaging,1
flortaucipir F18,flortaucipir F18,radiotracer/imaging,1
saline 09%,saline 09%,ext:saline,1
Genicular nerve block with dextrose,Genicular nerve block with dextrose,ext:dextrose,1
"Challenge: Applications of MC2-01 vehicle, no irradiation","Challenge: Applications of MC2-01 vehicle, no irradiation",ext:vehicle,1
"Challenge: Applications of MC2-01 vehicle, irradiation","Challenge: Applications of MC2-01 vehicle, irradiation",ext:vehicle,1
Placebo to Dapagliflozin,Placebo to Dapagliflozin,ext:placebo,1
"Placebo white, oblong, scored tablet","Placebo white, oblong, scored tablet",ext:placebo,1
"Induction: Applications of MC2-01 vehicle, irradiation","Induction: Applications of MC2-01 vehicle, irradiation",ext:vehicle,1
"Induction: Applications of MC2-01 vehicle, no irradiation","Induction: Applications of MC2-01 vehicle, no irradiation",ext:vehicle,1
200 mL of 50% Glucose,200 mL of 50% Glucose,ext:glucose,1
2.00 GBq of 177Lu-EB-PSMA-617,2.00 GBq of 177Lu-EB-PSMA-617,radiotracer/imaging,1
150 mL of 50% Glucose,150 mL of 50% Glucose,ext:glucose,1
3.70GBq of 177Lu-EB-PSMA-617,3.70GBq of 177Lu-EB-PSMA-617,radiotracer/imaging,1
100 mL of 50% Glucose,100 mL of 50% Glucose,ext:glucose,1
Placebo tadalafil,Placebo tadalafil,ext:placebo,1
Placebo Saline Injection,Placebo Saline Injection,ext:placebo,1
Placebo macitentan,Placebo macitentan,ext:placebo,1
Placebo FDC,Placebo FDC,ext:placebo,1
1.11GBq of 177Lu-EB-PSMA-617,1.11GBq of 177Lu-EB-PSMA-617,radiotracer/imaging,1
50 mL of 50% Glucose,50 mL of 50% Glucose,ext:glucose,1
[18F]FLT-PET/CT,[18F]FLT-PET/CT,radiotracer/imaging,1
Study Drug Placebo,Study Drug Placebo,ext:placebo,1
Placebo to Etanerceot,Placebo to Etanerceot,ext:placebo,1
[18F]P16-129,[18F]P16-129,radiotracer/imaging,1
placebo to progesterone 200mg,placebo to progesterone 200mg,ext:placebo,1
placebo to progesterone 400mg,placebo to progesterone 400mg,ext:placebo,1
Placebo of Rifaximin,Placebo of Rifaximin,ext:placebo,1
[89Zr]Zr-BI 754111,[89Zr]Zr-BI 754111,radiotracer/imaging,1
[18F]P17-059,[18F]P17-059,radiotracer/imaging,1
Placebo for RV521,Placebo for RV521,ext:placebo,1
LBL-047 placebo for injection,LBL-047 placebo for injection,ext:placebo,1
iv Lignocaine vs placebo,iv Lignocaine vs placebo,ext:placebo,1
Matching placebo patch to R,Matching placebo patch to R,ext:placebo,1
Matching placebo patch to T1,Matching placebo patch to T1,ext:placebo,1
Matching placebo patch to T2,Matching placebo patch to T2,ext:placebo,1
Placebo of IR tablet,Placebo of IR tablet,ext:placebo,1
Placebo of PR tablet,Placebo of PR tablet,ext:placebo,1
Positron Emission Tomography using 18F-FDG,Positron Emission Tomography using 18F-FDG,radiotracer/imaging,1
Positron Emission Tomography using 18F-FCH,Positron Emission Tomography using 18F-FCH,radiotracer/imaging,1
"MC2-01 vehicle, no irradiation","MC2-01 vehicle, no irradiation",ext:vehicle,1
"MC2-01 vehicle, irradiation","MC2-01 vehicle, irradiation",ext:vehicle,1
Placebo Tea,Placebo Tea,ext:placebo,1
Placebo-IFX-1,Placebo-IFX-1,ext:placebo,1
Placebo-Glucocorticoid (Placebo-GC),Placebo-Glucocorticoid (Placebo-GC),ext:placebo,1
Ixazomib (NINLARO®) capsules / Matching placebo capsules,Ixazomib (NINLARO) capsules / Matching placebo capsules,ext:placebo,1
PART 1: Double-blind Placebo-controlled,PART 1: Double-blind Placebo-controlled,ext:placebo,1
10% glucose solution,10% glucose solution,ext:glucose,1
Placebo matching GSK3640254 Mesylate salt,Placebo matching GSK3640254 Mesylate salt,ext:placebo,1
[131I]ICF01012 (therapeutic dose level 2),[131I]ICF01012 (therapeutic dose level 2),radiotracer/imaging,1
[131I]ICF01012 (therapeutic dose level 3),[131I]ICF01012 (therapeutic dose level 3),radiotracer/imaging,1
[131I]ICF01012 (therapeutic dose level 4),[131I]ICF01012 (therapeutic dose level 4),radiotracer/imaging,1
NaCl (C),NaCl (C),ext:nacl,1
[131I]ICF01012 (therapeutic dose level 1),[131I]ICF01012 (therapeutic dose level 1),radiotracer/imaging,1
PF-06826647 or Placebo,PF-06826647 or Placebo,ext:placebo,1
Daily injection of KBP/placebo for up to 28 days,Daily injection of KBP/placebo for up to 28 days,ext:placebo,1
ATSN-101 Diluent Solution,ATSN-101 Diluent Solution,ext:diluent,1
Placebo for Olaparib,Placebo for Olaparib,ext:placebo,1
Enalapril matching placebo,Enalapril matching placebo,ext:placebo,1
ONO-7684 Placebo,ONO-7684 Placebo,ext:placebo,1
placebo to tranexamic acid,placebo to tranexamic acid,ext:placebo,1
TS-161 Placebo,TS-161 Placebo,ext:placebo,1
CT-G20 Placebo,CT-G20 Placebo,ext:placebo,1
CT-G11 Placebo,CT-G11 Placebo,ext:placebo,1
Placebo for ABBV-157,Placebo for ABBV-157,ext:placebo,1
Placebo for DCR-HBVS,Placebo for DCR-HBVS,ext:placebo,1
Artesunate-mefloquine+placebo (AS-MQ+PBO),Artesunate-mefloquine+placebo (AS-MQ+PBO),ext:placebo,1
Artemether-lumefantrine + placebo (AL+PBO),Artemether-lumefantrine + placebo (AL+PBO),ext:placebo,1
177Lu-DOTA-tyr3-OCTREOTATE,177Lu-DOTA-tyr3-OCTREOTATE,radiotracer/imaging,1
Conservative fluid strategy: 12 mL/kg/h of Lactated Ringer (LR).&Restrictive fluid strategy:6 mL/kg/h of Lactated Ringer (LR).,Conservative fluid strategy: 12 mL/kg/h of Lactated Ringer (LR).&Restrictive fluid strategy:6 mL/kg/h of Lactated Ringer (LR).,ext:ringer,1
Cisplatin+placebo,Cisplatin+placebo,ext:placebo,1
Ringer's solution acetate,Ringer's solution acetate,ext:ringer,1
Placebo（Normal saline）,Placebo（Normal saline）,ext:placebo,1
Cardiac Perfusion and Metabolism with [11C] Acetate PET/CT,Cardiac Perfusion and Metabolism with [11C] Acetate PET/CT,radiotracer/imaging,1
Dihydroartemisinin Piperaquine Placebo,Dihydroartemisinin Piperaquine Placebo,ext:placebo,1
Placebo 4 mL Solution for Injection,Placebo 4 mL Solution for Injection,ext:placebo,1
placebo to oxytocin,placebo to oxytocin,ext:placebo,1
5% dextrose water,5% dextrose water,ext:dextrose,1
Sulfadoxine pyrimethamine + Amodiaquine placebo,Sulfadoxine pyrimethamine + Amodiaquine placebo,ext:placebo,1
placebo to 17-OHPC,placebo to 17-OHPC,ext:placebo,1
ACT541468 placebo,ACT541468 placebo,ext:placebo,1
placebo to carbetocin,placebo to carbetocin,ext:placebo,1
Vehicle Ophthalmic Solution (0.25% Novel Formulation) QID to BID,Vehicle Ophthalmic Solution (0.25% Novel Formulation) QID to BID,ext:vehicle,1
cephalosporin + Placebos,cephalosporin + Placebos,ext:placebo,1
Placebo Granules for Huangjing Yangji Formula,Placebo Granules for Huangjing Yangji Formula,ext:placebo,1
Preoperative modafinil + postoperative placebo,Preoperative modafinil + postoperative placebo,ext:placebo,1
Normal saline with epinephrine,Normal saline with epinephrine,ext:saline,1
Preoperative placebo + postoperative placebo,Preoperative placebo + postoperative placebo,ext:placebo,1
Thioctic Acid and placebo(γ-linoleic acid),Thioctic Acid and placebo(γ-linoleic acid),ext:placebo,1
γ-linoleic acid and placebo(Thioctic Acid),γ-linoleic acid and placebo(Thioctic Acid),ext:placebo,1
Huang qi gui zhi wu wu granule placebo,Huang qi gui zhi wu wu granule placebo,ext:placebo,1
Continuous infusion of Iso Saline in ESP catheter,Continuous infusion of Iso Saline in ESP catheter,ext:saline,1
Control Group (heparin or continuous saline),Control Group (heparin or continuous saline),ext:saline,1
Placebo plus placebo,Placebo plus placebo,ext:placebo,1
controlled-ileal-release nicotinic acid as multiple dose placebo,controlled-ileal-release nicotinic acid as multiple dose placebo,ext:placebo,1
Alcohol: Oral administration,Alcohol: Oral administration,ext:alcohol,1
Alcohol: Intravenous administration,Alcohol: Intravenous administration,ext:alcohol,1
GX-P1 or Placebo (dose level 3),GX-P1 or Placebo (dose level 3),ext:placebo,1
GX-P1 or Placebo (dose level 2),GX-P1 or Placebo (dose level 2),ext:placebo,1
GX-P1 or Placebo (dose level 1),GX-P1 or Placebo (dose level 1),ext:placebo,1
"Within-Subject test of blinded study medication (stimulant, benzodiazepine, opioid, cannabinoid, over-the-counter pain medication, or placebo)","Within-Subject test of blinded study medication (stimulant, benzodiazepine, opioid, cannabinoid, over-the-counter pain medication, or placebo)",ext:placebo,1
Placebo Topical Ointment,Placebo Topical Ointment,ext:placebo,1
injectable saline,injectable saline,ext:saline,1
Oral Sodium Lactate,Oral Sodium Lactate,canonical:Sodium Lactate,1
Intravenous sodium lactate,Intravenous sodium lactate,canonical:Sodium Lactate,1
Low dose vehicle control,Low dose vehicle control,ext:vehicle,1
High dose vehicle control,High dose vehicle control,ext:vehicle,1
SPECT or SPECT-CT with 99mTc-1-thio-D-glucose,SPECT or SPECT-CT with 99mTc-1-thio-D-glucose,radiotracer/imaging,1
epinephrine + saline,epinephrine + saline,ext:saline,1
epinephrine + ropivacaine +saline,epinephrine + ropivacaine +saline,ext:saline,1
Gadolinium ethoxybenzyl diethylenetriamine pentaacetic acid,Gadolinium ethoxybenzyl diethylenetriamine pentaacetic acid,ext:gadolinium,1
Dose-Placebo,Dose-Placebo,ext:placebo,1
[211At]NaAt,[211At]NaAt,radiotracer/imaging,1
SGLT2 Inhibitor - Sodium Glucose Cotransporter Subtype 2 Inhibitor Product,SGLT2 Inhibitor - Sodium Glucose Cotransporter Subtype 2 Inhibitor Product,ext:glucose,1
30 milliliters of 0.9% NaCl,30 milliliters of 0.9% NaCl,ext:nacl,1
5% Dextrose refrigerated,5% Dextrose refrigerated,ext:dextrose,1
5% Dextrose (room temperature),5% Dextrose (room temperature),ext:dextrose,1
40ml of Ringer's Lactate,40ml of Ringer's Lactate,ext:ringer,1
Placebo into the intranasal mucosa,Placebo into the intranasal mucosa,ext:placebo,1
99mTc-RWY,99mTc-RWY,radiotracer/imaging,1
Placebo SC Q4W,Placebo SC Q4W,ext:placebo,1
Placebo (Phase 2),Placebo (Phase 2),ext:placebo,1
K-924 HD Placebo,K-924 HD Placebo,ext:placebo,1
ompenaclid,ompenaclid,ext:nacl,1
K-924 LD Placebo,K-924 LD Placebo,ext:placebo,1
18F-FAPI-74,18F-FAPI-74,radiotracer/imaging,1
Placebo Xiao zhong fang granules,Placebo Xiao zhong fang granules,ext:placebo,1
Placebo、Chemotherapeutic,Placebo、Chemotherapeutic,ext:placebo,1
SHR-1918/ SHR-1918 placebo,SHR-1918/ SHR-1918 placebo,ext:placebo,1
Cohort 4: AR882 or placebo,Cohort 4: AR882 or placebo,ext:placebo,1
Placebo for VNRX-5024,Placebo for VNRX-5024,ext:placebo,1
Placebo injection (Period 1),Placebo injection (Period 1),ext:placebo,1
Placebo injection (Period 2),Placebo injection (Period 2),ext:placebo,1
Cohort 3: AR882 or placebo,Cohort 3: AR882 or placebo,ext:placebo,1
Cohort 2: AR882 or placebo,Cohort 2: AR882 or placebo,ext:placebo,1
Cohort 1: AR882 or placebo,Cohort 1: AR882 or placebo,ext:placebo,1
18F-FTC-146,18F-FTC-146,radiotracer/imaging,1
[18F]MNI-1126,[18F]MNI-1126,radiotracer/imaging,1
Hetrombopag Olamine ；Hetrombopag Olamine Placebo,Hetrombopag Olamine ；Hetrombopag Olamine Placebo,ext:placebo,1
TCM Placebo,TCM Placebo,ext:placebo,1
KMRC011 10μg or Placebo,KMRC011 10μg or Placebo,ext:placebo,1
KMRC011 15μg or Placebo,KMRC011 15μg or Placebo,ext:placebo,1
KMRC011 20μg or Placebo,KMRC011 20μg or Placebo,ext:placebo,1
KMRC011 25μg or Placebo,KMRC011 25μg or Placebo,ext:placebo,1
KMRC011 5μg or Placebo,KMRC011 5μg or Placebo,ext:placebo,1
[18F]-DPA-714 PET/CT scan,[18F]-DPA-714 PET/CT scan,radiotracer/imaging,1
Placebo (treatment C),Placebo (treatment C),ext:placebo,1
Zhigancao Tang placebo granule,Zhigancao Tang placebo granule,ext:placebo,1
Inactive placebo,Inactive placebo,ext:placebo,1
Topical placebo,Topical placebo,ext:placebo,1
SAGE-324 Placebo,SAGE-324 Placebo,ext:placebo,1
Placebo Vehicle only,Placebo Vehicle only,ext:placebo,1
Glucagon 12.5ng/kg/min and 0.9% saline,Glucagon 12.5ng/kg/min and 0.9% saline,ext:saline,1
RSS0343 tablets Placebo,RSS0343 tablets Placebo,ext:placebo,1
"Dexmedetomidine Hydrochloride, or Saline","Dexmedetomidine Hydrochloride, or Saline",ext:saline,1
18F-florbetapir,18F-florbetapir,radiotracer/imaging,1
FNC placebo,FNC placebo,ext:placebo,1
3TC placebo,3TC placebo,ext:placebo,1
Prophylactic administration of antithyroid drugs before iodinated contrast media exposure,Prophylactic administration of antithyroid drugs before iodinated contrast media exposure,ext:contrast,1
Tranexamic Acid / Sodium chloride,Tranexamic Acid / Sodium chloride,canonical:Sodium Chloride,1
Chinese medicine placebo,Chinese medicine placebo,ext:placebo,1
Sub-tenon injection of saline followed by a sub-tenon injection of aflibercept,Sub-tenon injection of saline followed by a sub-tenon injection of aflibercept,ext:saline,1
Normal Saline Infusion + standard of care,Normal Saline Infusion + standard of care,ext:saline,1
"D013, placebo of D326, placebo of D337","D013, placebo of D326, placebo of D337",ext:placebo,1
"placebo of D013, D326, D337","placebo of D013, D326, D337",ext:placebo,1
[18F]flumazenil,[18F]flumazenil,radiotracer/imaging,1
Placebo 1 mL prefilled syringe,Placebo 1 mL prefilled syringe,ext:placebo,1
18F-FMISO PET,18F-FMISO PET,radiotracer/imaging,1
Placebo 2 mL auto-injector,Placebo 2 mL auto-injector,ext:placebo,1
18F-FLT PET,18F-FLT PET,radiotracer/imaging,1
Placebo of Bezafibrate in addition to standard UDCA therapy,Placebo of Bezafibrate in addition to standard UDCA therapy,ext:placebo,1
Placebo with Butyrate,Placebo with Butyrate,ext:placebo,1
JP-1366 placebo,JP-1366 placebo,ext:placebo,1
[18F] Flortaucipir,[18F] Flortaucipir,radiotracer/imaging,1
[11C] PiB,[11C] PiB,radiotracer/imaging,1
Placebo (2.5-60.mg) oral capsule,Placebo (2.5-60.mg) oral capsule,ext:placebo,1
Placebo oral (15.0-50.0mg) capsule,Placebo oral (15.0-50.0mg) capsule,ext:placebo,1
Infusate with MTX110 and gadolinium,Infusate with MTX110 and gadolinium,ext:gadolinium,1
[18F]fluoropropyl-trimethoprim,[18F]fluoropropyl-trimethoprim,radiotracer/imaging,1
Placebo for LUT014 Gel,Placebo for LUT014 Gel,ext:placebo,1
Placebo (NNC0472-0147),Placebo (NNC0472-0147),ext:placebo,1
Suvorexant Placebo,Suvorexant Placebo,ext:placebo,1
Placebo: Nitrate-depleted,Placebo: Nitrate-depleted,ext:placebo,1
FMT oral placebo,FMT oral placebo,ext:placebo,1
Oral Vancomycin placebo,Oral Vancomycin placebo,ext:placebo,1
Placebo Gel (no Povidone-Iodine),Placebo Gel (no Povidone-Iodine),ext:placebo,1
Placebo (NNC0113-2023),Placebo (NNC0113-2023),ext:placebo,1
Sublingual Placebo Film,Sublingual Placebo Film,ext:placebo,1
HL-PIF cap.160/2mg + Placebo,HL-PIF cap.160/2mg + Placebo,ext:placebo,1
Livalo tab. 2mg + Placebo,Livalo tab. 2mg + Placebo,ext:placebo,1
Placebo 12.5mg,Placebo 12.5mg,ext:placebo,1
Magnesium Sulfate 1000 MG,Magnesium Sulfate 1000 MG,ext:magnesium sulfate,1
Placebo 50mg,Placebo 50mg,ext:placebo,1
"Conventional medicines (Oxygen therapy, alfa interferon via aerosol inhalation, and lopinavir/ritonavir) and Traditional Chinese Medicines (TCMs) granules","Conventional medicines (Oxygen therapy, alfa interferon via aerosol inhalation, and lopinavir/ritonavir) and Traditional Chinese Medicines (TCMs) granules",ext:oxygen,1
"Conventional medicines (Oxygen therapy, alfa interferon via aerosol inhalation, and lopinavir/ritonavir)","Conventional medicines (Oxygen therapy, alfa interferon via aerosol inhalation, and lopinavir/ritonavir)",ext:oxygen,1
Oral Alcohol Challenge,Oral Alcohol Challenge,ext:alcohol,1
"2-(2-([18F]fluoro)pyridin-4-yl)-9H-pyrrolo[2,3-b:4,5-c']dipyridine","2-(2-([18F]fluoro)pyridin-4-yl)-9H-pyrrolo[2,3-b:4,5-c']dipyridine",radiotracer/imaging,1
USB005 Ophthalmic Solution Placebo,USB005 Ophthalmic Solution Placebo,ext:placebo,1
Placebo oral soft chew,Placebo oral soft chew,ext:placebo,1
Sulodexide and placebo,Sulodexide and placebo,ext:placebo,1
AK120 or placebo- Part 2- Cohort 4,AK120 or placebo- Part 2- Cohort 4,ext:placebo,1
AK120 or placebo- Part 2- Cohort 3,AK120 or placebo- Part 2- Cohort 3,ext:placebo,1
2% adrenaline lidocaine associated with 4.2% sodium bicarbonate,2% adrenaline lidocaine associated with 4.2% sodium bicarbonate,ext:sodium bicarbonate,1
AK120 or placebo- Part 2- Cohort 2,AK120 or placebo- Part 2- Cohort 2,ext:placebo,1
AK120 or placebo- Part 2- Cohort 1,AK120 or placebo- Part 2- Cohort 1,ext:placebo,1
AK120 or placebo- Part 1- Cohort 5,AK120 or placebo- Part 1- Cohort 5,ext:placebo,1
AK120 or placebo- Part 1- Cohort 4,AK120 or placebo- Part 1- Cohort 4,ext:placebo,1
AK120 or placebo- Part 1- Cohort 3,AK120 or placebo- Part 1- Cohort 3,ext:placebo,1
AK120 or placebo- Part 1- Cohort 2,AK120 or placebo- Part 1- Cohort 2,ext:placebo,1
AK120 or placebo- Part 1- Cohort 1,AK120 or placebo- Part 1- Cohort 1,ext:placebo,1
Artemisia Herb 95% Ethanol Soft Ext.(20→1) 60mg,Artemisia Herb 95% Ethanol Soft Ext.(20→1) 60mg,ext:ethanol,1
IM Placebo,IM Placebo,ext:placebo,1
"Normal saline, Midazolam","Normal saline, Midazolam",ext:saline,1
"The isotope 68Ga, NETSPOT and 18F-FDG-PET/CT","The isotope 68Ga, NETSPOT and 18F-FDG-PET/CT",radiotracer/imaging,1
Dostarlimab-Placebo,Dostarlimab-Placebo,ext:placebo,1
Niraparib-Placebo,Niraparib-Placebo,ext:placebo,1
The Placebo of Tongfu capsules,The Placebo of Tongfu capsules,ext:placebo,1
PB-119 placebo + Glucophage®,PB-119 placebo + Glucophage,ext:placebo,1
[18F]ABBV-965i,[18F]ABBV-965i,radiotracer/imaging,1
Rivaroxaban placebo tablets,Rivaroxaban placebo tablets,ext:placebo,1
Sarilumab-matching placebo,Sarilumab-matching placebo,ext:placebo,1
Prednisone-matching placebo,Prednisone-matching placebo,ext:placebo,1
TRK-750/Placebo,TRK-750/Placebo,ext:placebo,1
Placebo/TRK-750,Placebo/TRK-750,ext:placebo,1
Sarilumab matching placebo,Sarilumab matching placebo,ext:placebo,1
Prednisone matching placebo,Prednisone matching placebo,ext:placebo,1
Placebo to match TQA3526,Placebo to match TQA3526,ext:placebo,1
Oral placebo supplementation,Oral placebo supplementation,ext:placebo,1
Placebo (for Diazoxide),Placebo (for Diazoxide),ext:placebo,1
[18F]-DCFPyl Ligand,[18F]-DCFPyl Ligand,radiotracer/imaging,1
99mTc-HPArk2,99mTc-HPArk2,radiotracer/imaging,1
[18F]MK-0947,[18F]MK-0947,radiotracer/imaging,1
RSS0343 Tablets Placebo,RSS0343 Tablets Placebo,ext:placebo,1
Placebo (for Naloxone),Placebo (for Naloxone),ext:placebo,1
Placebo - Lactose,Placebo - Lactose,ext:placebo,1
Normal saline IV,Normal saline IV,ext:saline,1
Dapagliflozin 10 mg placebo to match,Dapagliflozin 10 mg placebo to match,ext:placebo,1
Dapagliflozin 5 mg placebo to match,Dapagliflozin 5 mg placebo to match,ext:placebo,1
Placebo to ABI-H3733 Solid Oral Dosage Form,Placebo to ABI-H3733 Solid Oral Dosage Form,ext:placebo,1
Placebo to ABI-H3733 Liquid Oral Dosage Form,Placebo to ABI-H3733 Liquid Oral Dosage Form,ext:placebo,1
PT320 2.0mg Placebo,PT320 2.0mg Placebo,ext:placebo,1
olaparib placebo,olaparib placebo,ext:placebo,1
Pitavastatin and placebo,Pitavastatin and placebo,ext:placebo,1
durvalumab placebo,durvalumab placebo,ext:placebo,1
JNJ-64565111-matching Placebo,JNJ-64565111-matching Placebo,ext:placebo,1
Xueshuanxinmaining placebo,Xueshuanxinmaining placebo,ext:placebo,1
[18F]ABBV-964i,[18F]ABBV-964i,radiotracer/imaging,1
Yangxin Shengmai placebo,Yangxin Shengmai placebo,ext:placebo,1
Cannabis: placebo and medium THC/medium CBD,Cannabis: placebo and medium THC/medium CBD,ext:placebo,1
177Lu-DOTA-TATE + olaparib,177Lu-DOTA-TATE + olaparib,radiotracer/imaging,1
ringer acetate,ringer acetate,ext:ringer,1
Celecoxib Capsule Placebo,Celecoxib Capsule Placebo,ext:placebo,1
Placebo for Levodopa/Carbidopa (LD/CD),Placebo for Levodopa/Carbidopa (LD/CD),ext:placebo,1
Placebo for ABBV-951,Placebo for ABBV-951,ext:placebo,1
ARQ-252 Vehicle Cream,ARQ-252 Vehicle Cream,ext:vehicle,1
Hydroxychloroquine (placebo),Hydroxychloroquine (placebo),ext:placebo,1
Zinc (Placebo),Zinc (Placebo),ext:placebo,1
"Part 2, Placebo Group","Part 2, Placebo Group",ext:placebo,1
"Part 1, Placebo Group","Part 1, Placebo Group",ext:placebo,1
Placebo Seeding,Placebo Seeding,ext:placebo,1
18F-labeled DPA-714 PET scan,18F-labeled DPA-714 PET scan,radiotracer/imaging,1
Placebo/Klobetasol APL oral gel 0.025%,Placebo/Klobetasol APL oral gel 0.025%,ext:placebo,1
MDI placebo,MDI placebo,ext:placebo,1
PET/CT using PET ligands [F-18]FDG and [F-18]DPA-714,PET/CT using PET ligands [F-18]FDG and [F-18]DPA-714,radiotracer/imaging,1
Placebo - Part 1 Group 4,Placebo - Part 1 Group 4,ext:placebo,1
Placebo - Part 2 Group 6,Placebo - Part 2 Group 6,ext:placebo,1
Placebo plus standard preventive measures,Placebo plus standard preventive measures,ext:placebo,1
Placebo onitment,Placebo onitment,ext:placebo,1
Placebo: Calcium citrate,Placebo: Calcium citrate,ext:placebo,1
Hyperosmolar Saline,Hyperosmolar Saline,ext:saline,1
BCD101 Placebo Liquid Formulation,BCD101 Placebo Liquid Formulation,ext:placebo,1
SOC + Placebo,SOC + Placebo,ext:placebo,1
Placebo oral solution and mouthwash,Placebo oral solution and mouthwash,ext:placebo,1
Duloxetine Hydrochloride Enteric-coated Capsule Placebo,Duloxetine Hydrochloride Enteric-coated Capsule Placebo,ext:placebo,1
"Desvenlafaxine Succinate Sustained-Release Tablet Placebo, Duloxetine Hydrochloride Enteric-coated Capsule","Desvenlafaxine Succinate Sustained-Release Tablet Placebo, Duloxetine Hydrochloride Enteric-coated Capsule",ext:placebo,1
"Desvenlafaxine Succinate Sustained-Release Tablet , Duloxetine Hydrochloride Enteric-coated Capsule Placebo","Desvenlafaxine Succinate Sustained-Release Tablet , Duloxetine Hydrochloride Enteric-coated Capsule Placebo",ext:placebo,1
IV placebo matched to WCK 5222 / Moxifloxacin IV solution,IV placebo matched to WCK 5222 / Moxifloxacin IV solution,ext:placebo,1
placebo matched to 5-HTP,placebo matched to 5-HTP,ext:placebo,1
Continuous Bladder Irrigation with normal saline,Continuous Bladder Irrigation with normal saline,ext:saline,1
68Ga-XH06,68Ga-XH06,radiotracer/imaging,1
Matching placebo for selinexor,Matching placebo for selinexor,ext:placebo,1
18F-choline PET,18F-choline PET,radiotracer/imaging,1
"Hydroxychloroquine, lopinavir/ritonavir or azithromycin and placebo (standard therapy)","Hydroxychloroquine, lopinavir/ritonavir or azithromycin and placebo (standard therapy)",ext:placebo,1
Escitalopram 20 mg tablet + Placebo,Escitalopram 20 mg tablet + Placebo,ext:placebo,1
0.5% sodium hypochlorite solution and 70% ethanol,0.5% sodium hypochlorite solution and 70% ethanol,ext:ethanol,1
Ropivacaine plus normal saline,Ropivacaine plus normal saline,ext:saline,1
Placebo 2 mg,Placebo 2 mg,ext:placebo,1
Placebo I (Semaglutide),Placebo I (Semaglutide),ext:placebo,1
Placebo II (Semaglutide),Placebo II (Semaglutide),ext:placebo,1
Continuous Bladder Irrigation with hypertonic saline,Continuous Bladder Irrigation with hypertonic saline,ext:saline,1
Placebo (100 ml),Placebo (100 ml),ext:placebo,1
Placebo (250 ml),Placebo (250 ml),ext:placebo,1
18f-florbetaben,18f-florbetaben,radiotracer/imaging,1
Placebo 4 mg,Placebo 4 mg,ext:placebo,1
Inert tablet containing sugar (placebo),Inert tablet containing sugar (placebo),ext:placebo,1
Placebo matching SCIT,Placebo matching SCIT,ext:placebo,1
18F-fluoroestradiol,18F-fluoroestradiol,radiotracer/imaging,1
HRS-2129 Tablet Placebo,HRS-2129 Tablet Placebo,ext:placebo,1
placebo saline injection,placebo saline injection,ext:placebo,1
5%Povidone Iodine- 69%Ethanol,5%Povidone Iodine- 69%Ethanol,ext:ethanol,1
SHR-2906 Injection Placebo,SHR-2906 Injection Placebo,ext:placebo,1
D013(placebo),D013(placebo),ext:placebo,1
CKD-828(placebo),CKD-828(placebo),ext:placebo,1
0.0mg placebo Varenicline b.i.d.,0.0mg placebo Varenicline b.i.d.,ext:placebo,1
D326(placebo),D326(placebo),ext:placebo,1
D337(placebo),D337(placebo),ext:placebo,1
Glucose-Dependent Insulin-Releasing Hormone[3-30],Glucose-Dependent Insulin-Releasing Hormone[3-30],ext:glucose,1
glucose-dependent insulinotropic peptide,glucose-dependent insulinotropic peptide,ext:glucose,1
UTTR1147A Placebo,UTTR1147A Placebo,ext:placebo,1
UTTR1147A-matched Placebo,UTTR1147A-matched Placebo,ext:placebo,1
MSTT1041A-matched Placebo,MSTT1041A-matched Placebo,ext:placebo,1
Placebo for this trial,Placebo for this trial,ext:placebo,1
Nicotine saline infusion 0.00mcg/kg/s,Nicotine saline infusion 0.00mcg/kg/s,ext:saline,1
Placebo: Hydroxychloroquine,Placebo: Hydroxychloroquine,ext:placebo,1
Placebo: Emtricitabine/tenofovir disoproxil Placebo,Placebo: Emtricitabine/tenofovir disoproxil Placebo,ext:placebo,1
18F-FDOPA,18F-FDOPA,radiotracer/imaging,1
11C-DASB,11C-DASB,radiotracer/imaging,1
DWP14012 Y mg placebo,DWP14012 Y mg placebo,ext:placebo,1
DWP14012 X mg placebo,DWP14012 X mg placebo,ext:placebo,1
Lansoprazole 15 mg Placebo,Lansoprazole 15 mg Placebo,ext:placebo,1
DWP14012 20 mg placebo,DWP14012 20 mg placebo,ext:placebo,1
18F-flurpiridaz,18F-flurpiridaz,radiotracer/imaging,1
ATx201 OINTMENT vehicle,ATx201 OINTMENT vehicle,ext:vehicle,1
intravenous Placebo,intravenous Placebo,ext:placebo,1
Open-Label Placebo,Open-Label Placebo,ext:placebo,1
Placebo of Mycophenolate Mofetil,Placebo of Mycophenolate Mofetil,ext:placebo,1
Standard of Care (SOC) gadolinium Breast MRI,Standard of Care (SOC) gadolinium Breast MRI,ext:gadolinium,1
reduced 1/4 dose gadolinium Breast MRI with Artificial Intelligence (AI) to aid in evaluation.,reduced 1/4 dose gadolinium Breast MRI with Artificial Intelligence (AI) to aid in evaluation.,ext:gadolinium,1
18F-fluorocholine,18F-fluorocholine,radiotracer/imaging,1
THC or Placebo,THC or Placebo,ext:placebo,1
18F-JNJ-64326067,18F-JNJ-64326067,radiotracer/imaging,1
Sterile Normal Saline for Intravenous Use,Sterile Normal Saline for Intravenous Use,ext:saline,1
Placebo of D086,Placebo of D086,ext:placebo,1
Placebo of CKD-330,Placebo of CKD-330,ext:placebo,1
Placebo for verinurad,Placebo for verinurad,ext:placebo,1
Placebo of D723,Placebo of D723,ext:placebo,1
Placebo for allopurinol,Placebo for allopurinol,ext:placebo,1
spartalizumab placebo,spartalizumab placebo,ext:placebo,1
A single low dose ketamine infusion as compared to the IV infusion of active placebo - ketorolac on chronic pain and PTSD symptoms.,A single low dose ketamine infusion as compared to the IV infusion of active placebo - ketorolac on chronic pain and PTSD symptoms.,ext:placebo,1
EUS enhanced with contrast to evaluate pancreas,EUS enhanced with contrast to evaluate pancreas,ext:contrast,1
Placebo for Norflo Oro,Placebo for Norflo Oro,ext:placebo,1
Jianpi Qinghua placebo granules,Jianpi Qinghua placebo granules,ext:placebo,1
Danazol + sodium chloride,Danazol + sodium chloride,canonical:Sodium Chloride,1
Placebo of Hydroxychloroquine,Placebo of Hydroxychloroquine,ext:placebo,1
Placebo of LPV/r Tablets,Placebo of LPV/r Tablets,ext:placebo,1
[11C]MeDAS,[11C]MeDAS,radiotracer/imaging,1
[18F]FMISO PET/MRI imaging,[18F]FMISO PET/MRI imaging,radiotracer/imaging,1
lactated ringers,lactated ringers,ext:ringer,1
18F-Flortaucipir,18F-Flortaucipir,radiotracer/imaging,1
ONO-5788 Placebo,ONO-5788 Placebo,ext:placebo,1
NaCl 7.5%,NaCl 7.5%,ext:nacl,1
Group 2 Placebo,Group 2 Placebo,ext:placebo,1
"""Placebo""","""Placebo""",ext:placebo,1
ketamine plus magnesium sulfate plus general anesthesia,ketamine plus magnesium sulfate plus general anesthesia,ext:magnesium sulfate,1
Magnesium sulfate plus general anesthesia,Magnesium sulfate plus general anesthesia,ext:magnesium sulfate,1
Crisaborole Placebo Vehicle,Crisaborole Placebo Vehicle,ext:placebo,1
Induction of anesthesia with placebo spray prior to surgery,Induction of anesthesia with placebo spray prior to surgery,ext:placebo,1
Subgingival application of placebo gel,Subgingival application of placebo gel,ext:placebo,1
2: Placebo Comparator,2: Placebo Comparator,ext:placebo,1
vaginal placebo,vaginal placebo,ext:placebo,1
"NaCl 0,9%,","NaCl 0,9%,",ext:nacl,1
Placebo for Hydroxychloroquine,Placebo for Hydroxychloroquine,ext:placebo,1
SY-008 matching placebo,SY-008 matching placebo,ext:placebo,1
SY-009 matching placebo,SY-009 matching placebo,ext:placebo,1
Hydroxychloroquine + placebo,Hydroxychloroquine + placebo,ext:placebo,1
hydroxychloroquine placebo,hydroxychloroquine placebo,ext:placebo,1
Saline oral/nasal rinse,Saline oral/nasal rinse,ext:saline,1
UBX0101 or placebo,UBX0101 or placebo,ext:placebo,1
Placebo vaginal suppository,Placebo vaginal suppository,ext:placebo,1
Placebo to KVD900,Placebo to KVD900,ext:placebo,1
Treatment Group - ESP block with SAP normal saline,Treatment Group - ESP block with SAP normal saline,ext:saline,1
Placebo (NNC0165-1562),Placebo (NNC0165-1562),ext:placebo,1
68Ga-Labeled PSMA,68Ga-Labeled PSMA,radiotracer/imaging,1
IDp-120 Vehicle Gel,IDp-120 Vehicle Gel,ext:vehicle,1
Placebo to Empagliflozin,Placebo to Empagliflozin,ext:placebo,1
ALZ-801 or matching placebo,ALZ-801 or matching placebo,ext:placebo,1
89Zr-daratumumab,89Zr-daratumumab,radiotracer/imaging,1
Placebo/ Regular Oil,Placebo/ Regular Oil,ext:placebo,1
Bivalirudin placebo,Bivalirudin placebo,ext:placebo,1
4cycles(Placebo + platinum-based doublet chemotherapy)+13 cycles(Placebo ),4cycles(Placebo + platinum-based doublet chemotherapy)+13 cycles(Placebo ),ext:placebo,1
009-B1 (active --> placebo) crossover,009-B1 (active --> placebo) crossover,ext:placebo,1
18F-fluciclovine PET Scan,18F-fluciclovine PET Scan,radiotracer/imaging,1
Enoxaparin placebo syringe,Enoxaparin placebo syringe,ext:placebo,1
Unfractionated heparin placebo,Unfractionated heparin placebo,ext:placebo,1
009-B2 (placebo --> active) crossover,009-B2 (placebo --> active) crossover,ext:placebo,1
SHR-2173 Injection Placebo,SHR-2173 Injection Placebo,ext:placebo,1
Etrasimod matching placebo,Etrasimod matching placebo,ext:placebo,1
Jiashen Tablets Placebo,Jiashen Tablets Placebo,ext:placebo,1
CSPCHA115 600 mg; Matching placebo 600 mg,CSPCHA115 600 mg; Matching placebo 600 mg,ext:placebo,1
CSPCHA115 400 mg; Matching placebo 400 mg,CSPCHA115 400 mg; Matching placebo 400 mg,ext:placebo,1
CSPCHA115 200 mg; Matching placebo 200 mg,CSPCHA115 200 mg; Matching placebo 200 mg,ext:placebo,1
Placebo (NNC9204-1706),Placebo (NNC9204-1706),ext:placebo,1
CSPCHA115 100 mg; Matching placebo 100 mg,CSPCHA115 100 mg; Matching placebo 100 mg,ext:placebo,1
Placebo matching DBPR108; Sitagliptin; DBPR108,Placebo matching DBPR108; Sitagliptin; DBPR108,ext:placebo,1
Placebo matching DBPR108; Placebo matching sitagliptin; DBPR108,Placebo matching DBPR108; Placebo matching sitagliptin; DBPR108,ext:placebo,1
DBPR108; Placebo matching sitagliptin,DBPR108; Placebo matching sitagliptin,ext:placebo,1
IV 18F-BMS-986229,IV 18F-BMS-986229,radiotracer/imaging,1
18F-BMS-986229 Injection,18F-BMS-986229 Injection,radiotracer/imaging,1
Xingnaojing placebo injection,Xingnaojing placebo injection,ext:placebo,1
18F-fluorocholine PET/CT.,18F-fluorocholine PET/CT.,radiotracer/imaging,1
The placebo,The placebo,ext:placebo,1
topical gel vehicle,topical gel vehicle,ext:vehicle,1
Tandospirone + Amlodipine placebo,Tandospirone + Amlodipine placebo,ext:placebo,1
Tandospirone placebo + Amlodipine,Tandospirone placebo + Amlodipine,ext:placebo,1
Tandospirone placebo + Amlodipine placebo,Tandospirone placebo + Amlodipine placebo,ext:placebo,1
Oral Lenacapavir Placebo,Oral Lenacapavir Placebo,ext:placebo,1
LDE-Placebo,LDE-Placebo,ext:placebo,1
PLACEBO - 4,PLACEBO - 4,ext:placebo,1
62% ethyl alcohol-based hand sanitizer,62% ethyl alcohol-based hand sanitizer,ext:alcohol,1
Standard of Care Placebo,Standard of Care Placebo,ext:placebo,1
[18F]GP1 positron emission tomography/computed tomography,[18F]GP1 positron emission tomography/computed tomography,radiotracer/imaging,1
Placebo Pretreatment,Placebo Pretreatment,ext:placebo,1
Placebo administered by Magnair,Placebo administered by Magnair,ext:placebo,1
Placebo Celecoxib,Placebo Celecoxib,ext:placebo,1
Placebo for Ipatasertib,Placebo for Ipatasertib,ext:placebo,1
Placebo for Atezolizumab,Placebo for Atezolizumab,ext:placebo,1
SLN124 is a GalNAc conjugated double stranded fully modified siRNA. Sodium chloride 0.9% w/v is used as Placebo,SLN124 is a GalNAc conjugated double stranded fully modified siRNA. Sodium chloride 0.9% w/v is used as Placebo,canonical:Sodium Chloride,1
Placebo Lidocaine,Placebo Lidocaine,ext:placebo,1
Caps Placebo,Caps Placebo,ext:placebo,1
Placebo Acetaminophen,Placebo Acetaminophen,ext:placebo,1
placebo with Clozapine,placebo with Clozapine,ext:placebo,1
Post-Op Placebo 1,Post-Op Placebo 1,ext:placebo,1
Post-Op Placebo 2,Post-Op Placebo 2,ext:placebo,1
Pre-Op Placebo 1,Pre-Op Placebo 1,ext:placebo,1
Prolotherapy with 25% Dextrose,Prolotherapy with 25% Dextrose,ext:dextrose,1
"Drug:dexamethasone in group Dexamethasone,fentanyl in group Fentanyl,normal saline 0.9%in group Control","Drug:dexamethasone in group Dexamethasone,fentanyl in group Fentanyl,normal saline 0.9%in group Control",ext:saline,1
Placebo & Entecavir,Placebo & Entecavir,ext:placebo,1
Adapalene Gel 0.3% Vehicle Placebo,Adapalene Gel 0.3% Vehicle Placebo,ext:placebo,1
SRP + placebo,SRP + placebo,ext:placebo,1
Tianqi Pingchan Granule Placebo,Tianqi Pingchan Granule Placebo,ext:placebo,1
Ondansetron 8mg or matched placebo tablets,Ondansetron 8mg or matched placebo tablets,ext:placebo,1
177Lu-DTPA-omburtamab,177Lu-DTPA-omburtamab,radiotracer/imaging,1
Placebo for MD1003,Placebo for MD1003,ext:placebo,1
radionuclide therapy with [177Lu]Lu--TEFAPI-06,radionuclide therapy with [177Lu]Lu--TEFAPI-06,radiotracer/imaging,1
Placebo Combined With Amantadine,Placebo Combined With Amantadine,ext:placebo,1
550 mg naproxen + 300 mg rebamipide + placebo,550 mg naproxen + 300 mg rebamipide + placebo,ext:placebo,1
Valaciclovir placebo,Valaciclovir placebo,ext:placebo,1
550 mg naproxen + placebo + 20 mg rabeprazole,550 mg naproxen + placebo + 20 mg rabeprazole,ext:placebo,1
550 mg naproxen + placebo + placebo,550 mg naproxen + placebo + placebo,ext:placebo,1
placebo metered dose inhaler,placebo metered dose inhaler,ext:placebo,1
Magnesium Sulfate in Parenteral Dosage Form,Magnesium Sulfate in Parenteral Dosage Form,ext:magnesium sulfate,1
Testosterone placebo (vaseline),Testosterone placebo (vaseline),ext:placebo,1
Ethanol placebo (lemon-flavoured water),Ethanol placebo (lemon-flavoured water),ext:placebo,1
Patients will be randomized to receive EHP-101 or Placebo,Patients will be randomized to receive EHP-101 or Placebo,ext:placebo,1
Saline Bolus Infusion,Saline Bolus Infusion,ext:saline,1
Placebo (fasting),Placebo (fasting),ext:placebo,1
Placebo dronabinol,Placebo dronabinol,ext:placebo,1
[18F]PARPi,[18F]PARPi,radiotracer/imaging,1
Placebo to match danazol,Placebo to match danazol,ext:placebo,1
Placebo in MCT oil oral solution,Placebo in MCT oil oral solution,ext:placebo,1
[18F]Fluoropropyl-Trimethoprim,[18F]Fluoropropyl-Trimethoprim,radiotracer/imaging,1
Placebo oral tablet 500 mg,Placebo oral tablet 500 mg,ext:placebo,1
CFZ533 Placebo,CFZ533 Placebo,ext:placebo,1
VAY736 Placebo,VAY736 Placebo,ext:placebo,1
"a. Standard iodine scrub, 3% hydrogen peroxide prep, follow by ChloraPrep (2% chlorhexidine gluconate and 70% isopropyl alcohol","a. Standard iodine scrub, 3% hydrogen peroxide prep, follow by ChloraPrep (2% chlorhexidine gluconate and 70% isopropyl alcohol",ext:alcohol,1
Placebo (feeding),Placebo (feeding),ext:placebo,1
Placebo plus chemotherapy,Placebo plus chemotherapy,ext:placebo,1
Evogliptin Placebo,Evogliptin Placebo,ext:placebo,1
Qing Re Huo Xue (QRHX) granule placebo,Qing Re Huo Xue (QRHX) granule placebo,ext:placebo,1
placebo of acetaminophen IV,placebo of acetaminophen IV,ext:placebo,1
"Placebo matching DBPR108 tablet(100mg), Placebo matching DBPR108 tablet(50mg)","Placebo matching DBPR108 tablet(100mg), Placebo matching DBPR108 tablet(50mg)",ext:placebo,1
"DBPR108 tablet(50mg), Placebo matching DBPR108 tablet(100mg)","DBPR108 tablet(50mg), Placebo matching DBPR108 tablet(100mg)",ext:placebo,1
"DBPR108 tablet(100mg), Placebo matching DBPR108 tablet(50mg), Placebo matching DBPR108 tablet(100mg)","DBPR108 tablet(100mg), Placebo matching DBPR108 tablet(50mg), Placebo matching DBPR108 tablet(100mg)",ext:placebo,1
"DBPR108 tablet(100mg), Placebo matching DBPR108 tablet(50mg)","DBPR108 tablet(100mg), Placebo matching DBPR108 tablet(50mg)",ext:placebo,1
EB01 Cream Placebo,EB01 Cream Placebo,ext:placebo,1
Placebo- sodium chloride,Placebo- sodium chloride,canonical:Sodium Chloride,1
Control: Lacated Ringers,Control: Lacated Ringers,ext:ringer,1
Placebo (0.9% Sodium chloride) infusion,Placebo (0.9% Sodium chloride) infusion,canonical:Sodium Chloride,1
Letrozole SIE + Palbociclib + Oral placebo,Letrozole SIE + Palbociclib + Oral placebo,ext:placebo,1
Placebo 1200 mg,Placebo 1200 mg,ext:placebo,1
Placebo 200 mg,Placebo 200 mg,ext:placebo,1
Normal Saline Infusion from ON-Q Pump,Normal Saline Infusion from ON-Q Pump,ext:saline,1
Placebo ABBV-0805,Placebo ABBV-0805,ext:placebo,1
Saline (0.9% sodium chloride),Saline (0.9% sodium chloride),canonical:Sodium Chloride,1
Topical corticosteroid and placebo capsules,Topical corticosteroid and placebo capsules,ext:placebo,1
Placebo 600 mg,Placebo 600 mg,ext:placebo,1
Placebo 900 mg,Placebo 900 mg,ext:placebo,1
Oral Femara® + Palbociclib + Injectable placebo,Oral Femara + Palbociclib + Injectable placebo,ext:placebo,1
"Metformin, pioglitazone and placebo","Metformin, pioglitazone and placebo",ext:placebo,1
Placebo GenSci142,Placebo GenSci142,ext:placebo,1
Stage IV: Colon Cancer Placebo,Stage IV: Colon Cancer Placebo,ext:placebo,1
"Betnovate, betamethasone dipropionate ointment 0.1% and placebo","Betnovate, betamethasone dipropionate ointment 0.1% and placebo",ext:placebo,1
[68Ga]Ga-PSMA,[68Ga]Ga-PSMA,radiotracer/imaging,1
Stage IV Breast Cancer Placebo,Stage IV Breast Cancer Placebo,ext:placebo,1
Cervical Cancer Stage IV Placebo,Cervical Cancer Stage IV Placebo,ext:placebo,1
ShenqiDihuang Decoction placebo,ShenqiDihuang Decoction placebo,ext:placebo,1
Cancer of the Prostate Placebo,Cancer of the Prostate Placebo,ext:placebo,1
Sham O2 (medical air),Sham O2 (medical air),ext:medical air,1
Liothyronine Sodium (T3+0.9% sodium chloride) modified formulation specifically for airway instillation.,Liothyronine Sodium (T3+0.9% sodium chloride) modified formulation specifically for airway instillation.,canonical:Sodium Chloride,1
Marcaine (placebo),Marcaine (placebo),ext:placebo,1
Normal vs. high inspired oxygen,Normal vs. high inspired oxygen,ext:oxygen,1
Phenylephrine's effect on brain oxygenation,Phenylephrine's effect on brain oxygenation,ext:oxygen,1
HuangQi Decoction placebo,HuangQi Decoction placebo,ext:placebo,1
[68Ga]Ga-DOTA-CAIX peptide,[68Ga]Ga-DOTA-CAIX peptide,radiotracer/imaging,1
[68Ga]Ga-NOTA-CD70 antibody fragment,[68Ga]Ga-NOTA-CD70 antibody fragment,radiotracer/imaging,1
Oxygen supplementation,Oxygen supplementation,ext:oxygen,1
111In-DOTA-h11B6,111In-DOTA-h11B6,radiotracer/imaging,1
Acetazolamide + supplemental oxygen + PAP therapy,Acetazolamide + supplemental oxygen + PAP therapy,ext:oxygen,1
Placebo Inulin,Placebo Inulin,ext:placebo,1
Injection of 68Ga-FL-031,Injection of 68Ga-FL-031,radiotracer/imaging,1
Placebo ASK120067,Placebo ASK120067,ext:placebo,1
Ziltivekimab Placebo,Ziltivekimab Placebo,ext:placebo,1
Placebo matching oral contraceptive,Placebo matching oral contraceptive,ext:placebo,1
ZSP1601 Placebo,ZSP1601 Placebo,ext:placebo,1
64Cu-DOTATATE,64Cu-DOTATATE,radiotracer/imaging,1
"EPO (600UI/Kg, sub-cutaneous) and Ferric Carboxymaltose (FCM) (20 mg/kg in 250 mL of saline solution 0.9% over 15 min)","EPO (600UI/Kg, sub-cutaneous) and Ferric Carboxymaltose (FCM) (20 mg/kg in 250 mL of saline solution 0.9% over 15 min)",ext:saline,1
Molar Sodium Lactate,Molar Sodium Lactate,canonical:Sodium Lactate,1
placebo containing low-dose fufang E'Jiao Jiang,placebo containing low-dose fufang E'Jiao Jiang,ext:placebo,1
Placebo Spiriva capsule,Placebo Spiriva capsule,ext:placebo,1
Placebo Tiotropium inhalation powder type A,Placebo Tiotropium inhalation powder type A,ext:placebo,1
LEO 134310 vehicle,LEO 134310 vehicle,ext:vehicle,1
Placebo Tiotropium inhalation powder type B,Placebo Tiotropium inhalation powder type B,ext:placebo,1
Placebo + SCO,Placebo + SCO,ext:placebo,1
Ribociclib Placebo,Ribociclib Placebo,ext:placebo,1
"Sevoflurane, Lidocaine 2% Injectable Solution, Ketamine, Dexmedetomidine, Magnesium Sulfate","Sevoflurane, Lidocaine 2% Injectable Solution, Ketamine, Dexmedetomidine, Magnesium Sulfate",ext:magnesium sulfate,1
Placebos+chemo,Placebos+chemo,ext:placebo,1
Placebo Dydrogesterone oral tablet,Placebo Dydrogesterone oral tablet,ext:placebo,1
Placebo Micronized progesterone,Placebo Micronized progesterone,ext:placebo,1
vasoconstrictor and oxytocin's placebo treatment,vasoconstrictor and oxytocin's placebo treatment,ext:placebo,1
vasoconstrictor's placebo and oxytocin treatment,vasoconstrictor's placebo and oxytocin treatment,ext:placebo,1
[11C] Pittsburgh Compound-B (PIB),[11C] Pittsburgh Compound-B (PIB),radiotracer/imaging,1
Placebo to GSK3196165/ Sarilumab,Placebo to GSK3196165/ Sarilumab,ext:placebo,1
124I-p5+14 Injection,124I-p5+14 Injection,radiotracer/imaging,1
PF-07038124 and Vehicle,PF-07038124 and Vehicle,ext:vehicle,1
Topical approved placebo,Topical approved placebo,ext:placebo,1
68Ga-Citrate PET/MRI,68Ga-Citrate PET/MRI,radiotracer/imaging,1
89ZR-DF-IAB2M,89ZR-DF-IAB2M,radiotracer/imaging,1
ZSP0678 Placebo,ZSP0678 Placebo,ext:placebo,1
Xiang Ju Ru Pi Ning capsule placebo,Xiang Ju Ru Pi Ning capsule placebo,ext:placebo,1
18F-OGA-1,18F-OGA-1,radiotracer/imaging,1
Cannabis (THC) (Inhaled) Placebo,Cannabis (THC) (Inhaled) Placebo,ext:placebo,1
Alcohol (oral),Alcohol (oral),ext:alcohol,1
Fluzoparib placebo,Fluzoparib placebo,ext:placebo,1
Placebo gloves and socks,Placebo gloves and socks,ext:placebo,1
oral applications of Placebo,oral applications of Placebo,ext:placebo,1
Carbowhite placebo,Carbowhite placebo,ext:placebo,1
Placebo (plant fiber) for melatonin,Placebo (plant fiber) for melatonin,ext:placebo,1
Comparison of BN201 treatment with Placebo,Comparison of BN201 treatment with Placebo,ext:placebo,1
Electronic cigarette with nicotine (ECwN) plus placebo tablets of varenicline,Electronic cigarette with nicotine (ECwN) plus placebo tablets of varenicline,ext:placebo,1
Electronic cigarette without nicotine (ECwoN) plus placebo tablets of varenicline,Electronic cigarette without nicotine (ECwoN) plus placebo tablets of varenicline,ext:placebo,1
Placebo to DOR,Placebo to DOR,ext:placebo,1
E2814-matched placebo,E2814-matched placebo,ext:placebo,1
Open Placebo,Open Placebo,ext:placebo,1
[18F]- PARPi,[18F]- PARPi,radiotracer/imaging,1
Placebo ORAL TABLET,Placebo ORAL TABLET,ext:placebo,1
canakinumab-matching placebo,canakinumab-matching placebo,ext:placebo,1
Matching placebo of AK0529,Matching placebo of AK0529,ext:placebo,1
Active ingredient-free vehicle cream,Active ingredient-free vehicle cream,ext:vehicle,1
"loco-regional anesthesia serratus plane bloc (Ropivacaine 2 mg/mL, 40 mL) and paravertebral placebo bloc (saline, 20 mL)","loco-regional anesthesia serratus plane bloc (Ropivacaine 2 mg/mL, 40 mL) and paravertebral placebo bloc (saline, 20 mL)",ext:placebo,1
"Loco-regional anesthesia : paravertebral bloc (Ropivacaine 4 mg/mL, 20 mL) and serratus plane placebo bloc (saline, 40 mL)","Loco-regional anesthesia : paravertebral bloc (Ropivacaine 4 mg/mL, 20 mL) and serratus plane placebo bloc (saline, 40 mL)",ext:placebo,1
"Dexmedetomidine, Ketamine, Magnesium sulfate","Dexmedetomidine, Ketamine, Magnesium sulfate",ext:magnesium sulfate,1
Placebo to pembrolizumab,Placebo to pembrolizumab,ext:placebo,1
Saline Solution intravenously,Saline Solution intravenously,ext:saline,1
18F-FluorThanatrace,18F-FluorThanatrace,radiotracer/imaging,1
DPI-386 Placebo Nasal Gel,DPI-386 Placebo Nasal Gel,ext:placebo,1
Group 5: Compound Edaravone/Placebo Injection,Group 5: Compound Edaravone/Placebo Injection,ext:placebo,1
Group 4: Compound Edaravone/Placebo Injection,Group 4: Compound Edaravone/Placebo Injection,ext:placebo,1
Group 3: Compound Edaravone/Placebo Injection,Group 3: Compound Edaravone/Placebo Injection,ext:placebo,1
Group 2: Compound Edaravone/Placebo Injection,Group 2: Compound Edaravone/Placebo Injection,ext:placebo,1
Group 1: Compound Edaravone/Placebo Injection,Group 1: Compound Edaravone/Placebo Injection,ext:placebo,1
Placebo for CK-3773274,Placebo for CK-3773274,ext:placebo,1
Placebo (fed),Placebo (fed),ext:placebo,1
Placebo (fasted),Placebo (fasted),ext:placebo,1
NPC-21 Placebo,NPC-21 Placebo,ext:placebo,1
225Ac-PSMA,225Ac-PSMA,radiotracer/imaging,1
matched placebo comparator,matched placebo comparator,ext:placebo,1
EA1080-matching placebo,EA1080-matching placebo,ext:placebo,1
Placebo to FDC DOR/ISL,Placebo to FDC DOR/ISL,ext:placebo,1
Placebo lead in,Placebo lead in,ext:placebo,1
99mTc-3PRGD2 injection,99mTc-3PRGD2 injection,radiotracer/imaging,1
Placebo BCRL,Placebo BCRL,ext:placebo,1
Gallium 68 Macro-aggregated albumin,Gallium 68 Macro-aggregated albumin,radiotracer/imaging,1
JTM201 in normal saline,JTM201 in normal saline,ext:saline,1
Placebo Pretreatment plus Standard IVF/ICSI,Placebo Pretreatment plus Standard IVF/ICSI,ext:placebo,1
Probiotic Placebo,Probiotic Placebo,ext:placebo,1
Bupivacaine/Dextrose,Bupivacaine/Dextrose,ext:dextrose,1
"Placebo, Once-daily","Placebo, Once-daily",ext:placebo,1
"TLL018 tablet, placebo","TLL018 tablet, placebo",ext:placebo,1
Phase II placebo,Phase II placebo,ext:placebo,1
Placebo to Pembrolizumab,Placebo to Pembrolizumab,ext:placebo,1
"Injection of [99mTc]Tc-ZHER2:4107, SPECT/CT","Injection of [99mTc]Tc-ZHER2:4107, SPECT/CT",radiotracer/imaging,1
18F-FCH PET,18F-FCH PET,radiotracer/imaging,1
68Ga-PSMA-11 PET,68Ga-PSMA-11 PET,radiotracer/imaging,1
Nebulised hypertonic saline,Nebulised hypertonic saline,ext:saline,1
Gefitinib-matching placebo 250 mg,Gefitinib-matching placebo 250 mg,ext:placebo,1
ATI-2173 Placebo,ATI-2173 Placebo,ext:placebo,1
18F-S16,18F-S16,radiotracer/imaging,1
Lazertinib-matching placebo 240 mg/160 mg,Lazertinib-matching placebo 240 mg/160 mg,ext:placebo,1
18F-NaF PET/CT,18F-NaF PET/CT,radiotracer/imaging,1
Placebo matching CORT113176 Lipid Capsule Formulation,Placebo matching CORT113176 Lipid Capsule Formulation,ext:placebo,1
Normobaric oxygen therapy,Normobaric oxygen therapy,ext:oxygen,1
Placebo prefilled injector pen,Placebo prefilled injector pen,ext:placebo,1
Xylocaine 1 % and Normal Saline,Xylocaine 1 % and Normal Saline,ext:saline,1
"Placebo- Serum Fizyolojik Izotonik 0,9% 10 ml ampul","Placebo- Serum Fizyolojik Izotonik 0,9% 10 ml ampul",ext:placebo,1
Placebo for AZD7594 once daily.,Placebo for AZD7594 once daily.,ext:placebo,1
[18F]FDOPA,[18F]FDOPA,radiotracer/imaging,1
AK111 or Placebo,AK111 or Placebo,ext:placebo,1
Elobixibat placebo + cholestyramine powder placebo,Elobixibat placebo + cholestyramine powder placebo,ext:placebo,1
Elobixibat placebo + cholestyramine powder 9g (cholestyramine 4g),Elobixibat placebo + cholestyramine powder 9g (cholestyramine 4g),ext:placebo,1
Elobixibat 10mg + cholestyramine powder placebo,Elobixibat 10mg + cholestyramine powder placebo,ext:placebo,1
50 mg 89Zr-DFO-Nimotuzumab,50 mg 89Zr-DFO-Nimotuzumab,radiotracer/imaging,1
1 mg 89Zr-DFO-Nimotuzumab,1 mg 89Zr-DFO-Nimotuzumab,radiotracer/imaging,1
"Ringer's (8.6 g/L sodium chloride, 0.33 g/L calcium chloride, 0.3 g/L potassium chloride) Solution","Ringer's (8.6 g/L sodium chloride, 0.33 g/L calcium chloride, 0.3 g/L potassium chloride) Solution",canonical:Sodium Chloride,1
Combination Product: triamcinolone and saline,Combination Product: triamcinolone and saline,ext:saline,1
Normal Saline Catheter Lock Solution,Normal Saline Catheter Lock Solution,ext:saline,1
Sodium Bicarbonate Catheter Lock Solution,Sodium Bicarbonate Catheter Lock Solution,ext:sodium bicarbonate,1
5 days of placebo,5 days of placebo,ext:placebo,1
Angong Niuhuang Wan Placebo,Angong Niuhuang Wan Placebo,ext:placebo,1
Tebipenem Pivoxil Hydrobromide (TBPM-PI-HBr) + Placebo,Tebipenem Pivoxil Hydrobromide (TBPM-PI-HBr) + Placebo,ext:placebo,1
Sterile Normal Saline (IV Solution),Sterile Normal Saline (IV Solution),ext:saline,1
Topical vancomycin paste (1g vancomycin powder + 4mL sterile saline) and Collatamp G gentamicin-eluting sponge (Azralez Pharmaceuticals; 2.0mg gentamicin sulphate/cm2 to cover wound),Topical vancomycin paste (1g vancomycin powder + 4mL sterile saline) and Collatamp G gentamicin-eluting sponge (Azralez Pharmaceuticals; 2.0mg gentamicin sulphate/cm2 to cover wound),ext:saline,1
Placebo Gefitinib,Placebo Gefitinib,ext:placebo,1
Placebo to match olaparib,Placebo to match olaparib,ext:placebo,1
Placebo (A2),Placebo (A2),ext:placebo,1
Placebo letrozole,Placebo letrozole,ext:placebo,1
Lead-in Enzalutamide followed by Placebo/Enzalutamide,Lead-in Enzalutamide followed by Placebo/Enzalutamide,ext:placebo,1
Lead-in Darolutamide followed by Placebo/Darolutamide,Lead-in Darolutamide followed by Placebo/Darolutamide,ext:placebo,1
PlaceboB,PlaceboB,ext:placebo,1
PlaceboA,PlaceboA,ext:placebo,1
0.9% saline group,0.9% saline group,ext:saline,1
Nofazinlimab (CS1003) Placebo+Lenvatinib,Nofazinlimab (CS1003) Placebo+Lenvatinib,ext:placebo,1
Placebo Delta-9-THC,Placebo Delta-9-THC,ext:placebo,1
Nitrous Oxide-Oxygen,Nitrous Oxide-Oxygen,ext:oxygen,1
89Zr-DFO-SC16.56,89Zr-DFO-SC16.56,radiotracer/imaging,1
saline injection therapy in post-acne atrophic scars,saline injection therapy in post-acne atrophic scars,ext:saline,1
Placebo Capsule (matched dosing schedule),Placebo Capsule (matched dosing schedule),ext:placebo,1
Placebo intercostal nerve block with normal saline,Placebo intercostal nerve block with normal saline,ext:placebo,1
Placebo 4-week course,Placebo 4-week course,ext:placebo,1
Topical Pentoxifylline Gel (Vehicle +PTX),Topical Pentoxifylline Gel (Vehicle +PTX),ext:vehicle,1
Placebo+ Fluorouracil+Cisplatin,Placebo+ Fluorouracil+Cisplatin,ext:placebo,1
[18F]fallypride,[18F]fallypride,radiotracer/imaging,1
Topical Placebo Gel (Vehicle),Topical Placebo Gel (Vehicle),ext:placebo,1
branebrutinib placebo,branebrutinib placebo,ext:placebo,1
11C-Methylreboxetine (11C-MRB),11C-Methylreboxetine (11C-MRB),radiotracer/imaging,1
18F-Dopamine,18F-Dopamine,radiotracer/imaging,1
68Ga-NOTA-MAL-Cys39-exendin-4,68Ga-NOTA-MAL-Cys39-exendin-4,radiotracer/imaging,1
Placebo protein powder,Placebo protein powder,ext:placebo,1
14C-ACT-1014-6470 microtracer placebo,14C-ACT-1014-6470 microtracer placebo,ext:placebo,1
Placebo omega-3,Placebo omega-3,ext:placebo,1
isotonic sodium chloride solution placebo plus isotonic sodium chloride solution placebo,isotonic sodium chloride solution placebo plus isotonic sodium chloride solution placebo,canonical:Sodium Chloride,1
0.45% Sodium Chloride,0.45% Sodium Chloride,canonical:Sodium Chloride,1
Dextrose 15% and lidocaine 1% infiltration,Dextrose 15% and lidocaine 1% infiltration,ext:dextrose,1
IMCY-0098 or placebo,IMCY-0098 or placebo,ext:placebo,1
[68Ga]DOTATATE-PET/MRI,[68Ga]DOTATATE-PET/MRI,radiotracer/imaging,1
Hypertonic Saline ( 3% Sodium Chloride Saline),Hypertonic Saline ( 3% Sodium Chloride Saline),canonical:Sodium Chloride,1
Isotonic Saline ( 0.9% Sodium Chloride Saline),Isotonic Saline ( 0.9% Sodium Chloride Saline),canonical:Sodium Chloride,1
Ftortiazinon (tablets 300 mg) 1/2 dose +placebo+ Maxipim,Ftortiazinon (tablets 300 mg) 1/2 dose +placebo+ Maxipim,ext:placebo,1
0.9% Sodium Chloride 20mL Injection,0.9% Sodium Chloride 20mL Injection,canonical:Sodium Chloride,1
25% Hypertonic Saline Bath,25% Hypertonic Saline Bath,ext:saline,1
IBI3011 Placebo,IBI3011 Placebo,ext:placebo,1
Anaprazole Sodium Placebo,Anaprazole Sodium Placebo,ext:placebo,1
hyaluronic acid with mannitol,hyaluronic acid with mannitol,ext:mannitol,1
hyaluronic acid with sorbitol,hyaluronic acid with sorbitol,ext:sorbitol,1
Vehicle Gel Base,Vehicle Gel Base,ext:vehicle,1
Probenecid or placebo single administration,Probenecid or placebo single administration,ext:placebo,1
OAC + placebo of Aspirin 100mg od,OAC + placebo of Aspirin 100mg od,ext:placebo,1
Isopropyl alcohol & Chlorhexidine Gluconate Antiseptic,Isopropyl alcohol & Chlorhexidine Gluconate Antiseptic,ext:alcohol,1
Placebo comparator: Placebo (Douglas Pharmaceuticals America Ltd.),Placebo comparator: Placebo (Douglas Pharmaceuticals America Ltd.),ext:placebo,1
Placebo (Mim8),Placebo (Mim8),ext:placebo,1
[18F]MNI-1054 (radiotracer),[18F]MNI-1054 (radiotracer),radiotracer/imaging,1
Chinese herbs-I placebo,Chinese herbs-I placebo,ext:placebo,1
Chinese herbs-II placebo,Chinese herbs-II placebo,ext:placebo,1
Alpelisib matching Placebo,Alpelisib matching Placebo,ext:placebo,1
Placebo for CIN-102,Placebo for CIN-102,ext:placebo,1
Placebo Yiqi Huoxue Huatan granule,Placebo Yiqi Huoxue Huatan granule,ext:placebo,1
18F-Fluoro Dopa Imaging,18F-Fluoro Dopa Imaging,radiotracer/imaging,1
Placebo group: Placebo Injection,Placebo group: Placebo Injection,ext:placebo,1
Natrium Dextrose,Natrium Dextrose,ext:dextrose,1
10% Dextrose,10% Dextrose,ext:dextrose,1
18F Sodium Fluoride,18F Sodium Fluoride,radiotracer/imaging,1
SkQ1 Vehicle Solution,SkQ1 Vehicle Solution,ext:vehicle,1
Vitamin E-creme (Remederm®) vs Vaseline (Placebo),Vitamin E-creme (Remederm) vs Vaseline (Placebo),ext:placebo,1
Magnesium Sulfate，Sodium Sulfate and Potassium Sulfate Concentrate Oral Solution,Magnesium Sulfate，Sodium Sulfate and Potassium Sulfate Concentrate Oral Solution,ext:magnesium sulfate,1
Heparin saline lock,Heparin saline lock,ext:saline,1
Unilateral Neurolytic Celiac Plexus Block with Absolute Alcohol,Unilateral Neurolytic Celiac Plexus Block with Absolute Alcohol,ext:alcohol,1
Bilateral Neurolytic Celiac Plexus Block with Absolute Alcohol,Bilateral Neurolytic Celiac Plexus Block with Absolute Alcohol,ext:alcohol,1
"Saline solution, 0.6%","Saline solution, 0.6%",ext:saline,1
Deuremidevir Hydrobromide for Suspension Placebo,Deuremidevir Hydrobromide for Suspension Placebo,ext:placebo,1
PF-07054894 or placebo,PF-07054894 or placebo,ext:placebo,1
A51R2 Placebo,A51R2 Placebo,ext:placebo,1
Placebo Aspirin + Placebo Acid folic,Placebo Aspirin + Placebo Acid folic,ext:placebo,1
Placebo Nasal Spray 0 mg/spray,Placebo Nasal Spray 0 mg/spray,ext:placebo,1
AJU-A51 Placebo,AJU-A51 Placebo,ext:placebo,1
Tasimelteon Placebo,Tasimelteon Placebo,ext:placebo,1
Active Control Placebo,Active Control Placebo,ext:placebo,1
ophthalmic saline eye drops,ophthalmic saline eye drops,ext:saline,1
Triethanolamine cream,Triethanolamine cream,ext:ethanol,1
2-phenylethanol rose scent,2-phenylethanol rose scent,ext:ethanol,1
Placebo sugar capsules,Placebo sugar capsules,ext:placebo,1
Nalbuphine Versus Magnesium Sulfate,Nalbuphine Versus Magnesium Sulfate,ext:magnesium sulfate,1
177Lu-RAD204,177Lu-RAD204,radiotracer/imaging,1
Ivabradine Placebo,Ivabradine Placebo,ext:placebo,1
IVIG Placebo,IVIG Placebo,ext:placebo,1
Ivabradine Placebo + Usual Care,Ivabradine Placebo + Usual Care,ext:placebo,1
Ivabradine Placebo + Coordinated Care,Ivabradine Placebo + Coordinated Care,ext:placebo,1
IVIG Placebo + Usual Care,IVIG Placebo + Usual Care,ext:placebo,1
IVIG Placebo + Coordinated Care,IVIG Placebo + Coordinated Care,ext:placebo,1
RSS0393 ointment；Placebo,RSS0393 ointment；Placebo,ext:placebo,1
dapagliflozin 10 mg and matching placebo for balcinrenone/dapagliflozin,dapagliflozin 10 mg and matching placebo for balcinrenone/dapagliflozin,ext:placebo,1
balcinrenone/dapagliflozin 40 mg/10 mg and matching placebo for dapagliflozin 10 mg,balcinrenone/dapagliflozin 40 mg/10 mg and matching placebo for dapagliflozin 10 mg,ext:placebo,1
balcinrenone/dapagliflozin 15 mg/10 mg and matching placebo for dapagliflozin 10 mg,balcinrenone/dapagliflozin 15 mg/10 mg and matching placebo for dapagliflozin 10 mg,ext:placebo,1
AND017 Placebo,AND017 Placebo,ext:placebo,1
Matching placebo to K-757 and K-833 QD,Matching placebo to K-757 and K-833 QD,ext:placebo,1
Matching placebo to K-757 and K-833 BID,Matching placebo to K-757 and K-833 BID,ext:placebo,1
Paracetamol and Mannitol Injection,Paracetamol and Mannitol Injection,ext:mannitol,1
11C-M503 PET,11C-M503 PET,radiotracer/imaging,1
Placebo + TCS,Placebo + TCS,ext:placebo,1
Placebo + Capecitabine,Placebo + Capecitabine,ext:placebo,1
[18F] FZTA,[18F] FZTA,radiotracer/imaging,1
Placebo for L-Citrulline,Placebo for L-Citrulline,ext:placebo,1
Placebo for BH4,Placebo for BH4,ext:placebo,1
Bmg dose administration group- Placebo,Bmg dose administration group- Placebo,ext:placebo,1
Amg dose administration group- Placebo,Amg dose administration group- Placebo,ext:placebo,1
Single administration Emg dose Group-Placebo,Single administration Emg dose Group-Placebo,ext:placebo,1
Single administration Dmg dose Group-Placebo,Single administration Dmg dose Group-Placebo,ext:placebo,1
Single administration Cmg dose Group-Placebo,Single administration Cmg dose Group-Placebo,ext:placebo,1
Single administration Bmg dose Group-Placebo,Single administration Bmg dose Group-Placebo,ext:placebo,1
Single administration Amg dose Group-Placebo,Single administration Amg dose Group-Placebo,ext:placebo,1
Multiple administration Emg dose group - Placebo,Multiple administration Emg dose group - Placebo,ext:placebo,1
Multiple administration Dmg dose group - Placebo,Multiple administration Dmg dose group - Placebo,ext:placebo,1
Multiple administration Cmg dose group - Placebo,Multiple administration Cmg dose group - Placebo,ext:placebo,1
Multiple administration Bmg dose group - Placebo,Multiple administration Bmg dose group - Placebo,ext:placebo,1
Multiple administration Amg dose group - Placebo,Multiple administration Amg dose group - Placebo,ext:placebo,1
Bushen quhan zhiwang decoction placebo,Bushen quhan zhiwang decoction placebo,ext:placebo,1
Placebo Formulation C SC,Placebo Formulation C SC,ext:placebo,1
Placebo Formulation B SC,Placebo Formulation B SC,ext:placebo,1
Placebo Formulation B IM,Placebo Formulation B IM,ext:placebo,1
Placebo Formulation A SC,Placebo Formulation A SC,ext:placebo,1
Placebo Formulation A IM,Placebo Formulation A IM,ext:placebo,1
"[6,6-2H2] D-glucose","[6,6-2H2] D-glucose",ext:glucose,1
Saline solution isotonic 0.9% NaCl,Saline solution isotonic 0.9% NaCl,ext:saline,1
[18F]F-FAPI PET-CT,[18F]F-FAPI PET-CT,radiotracer/imaging,1
placebo + low molecular weight heparin,placebo + low molecular weight heparin,ext:placebo,1
Placebo matching BI 3034701,Placebo matching BI 3034701,ext:placebo,1
injection Dextrose water,injection Dextrose water,ext:dextrose,1
Carpal Tunnel Hydrodissection with %5 dextrose in water injection,Carpal Tunnel Hydrodissection with %5 dextrose in water injection,ext:dextrose,1
AD-2091 Placebo,AD-2091 Placebo,ext:placebo,1
Placebo for BI 456906,Placebo for BI 456906,ext:placebo,1
Placebo for BI 1820237,Placebo for BI 1820237,ext:placebo,1
[18F]-fluoromannitol,[18F]-fluoromannitol,radiotracer/imaging,1
Placebo topical spray solution,Placebo topical spray solution,ext:placebo,1
Dapagliflozin 10 mg and matching placebo for balcinrenone/dapa gliflozin,Dapagliflozin 10 mg and matching placebo for balcinrenone/dapa gliflozin,ext:placebo,1
Balcinrenone/dapagliflozin 40 mg/10 mg and matching placebo for dapagliflozin 10 mg,Balcinrenone/dapagliflozin 40 mg/10 mg and matching placebo for dapagliflozin 10 mg,ext:placebo,1
Balcinrenone/dapagliflozin 15 mg/10 mg and matching placebo for dapagliflozin 10 mg,Balcinrenone/dapagliflozin 15 mg/10 mg and matching placebo for dapagliflozin 10 mg,ext:placebo,1
ND-003 placebo 80mg,ND-003 placebo 80mg,ext:placebo,1
Topical Placebo Oil rolled onto the cheek.,Topical Placebo Oil rolled onto the cheek.,ext:placebo,1
TDM-180935 topical vehicle ointment 2,TDM-180935 topical vehicle ointment 2,ext:vehicle,1
TDM-180935 topical vehicle ointment 1,TDM-180935 topical vehicle ointment 1,ext:vehicle,1
Inhalation Solution Placebo,Inhalation Solution Placebo,ext:placebo,1
ND-003 placebo 40mg,ND-003 placebo 40mg,ext:placebo,1
ND-003 placebo 300mg,ND-003 placebo 300mg,ext:placebo,1
ND-003 placebo 240mg,ND-003 placebo 240mg,ext:placebo,1
ND-003 placebo 160mg,ND-003 placebo 160mg,ext:placebo,1
Experimental drug [177Lu]Lu-PentixaTher,Experimental drug [177Lu]Lu-PentixaTher,radiotracer/imaging,1
MAD_placebo_Dose 2,MAD_placebo_Dose 2,ext:placebo,1
MAD_placebo_Dose 1,MAD_placebo_Dose 1,ext:placebo,1
MAD_ placebo_Dose 3,MAD_ placebo_Dose 3,ext:placebo,1
APC148 and Placebo,APC148 and Placebo,ext:placebo,1
Whole-human anti-tetanus toxin monoclonal antibody A82 / B86 injection placebo,Whole-human anti-tetanus toxin monoclonal antibody A82 / B86 injection placebo,ext:placebo,1
"VVN001 Ophthalmic Solution, Vehicle","VVN001 Ophthalmic Solution, Vehicle",ext:vehicle,1
AD-209 Placebo,AD-209 Placebo,ext:placebo,1
Placebo (NNC6022-0001),Placebo (NNC6022-0001),ext:placebo,1
[11C]savolitinib,[11C]savolitinib,radiotracer/imaging,1
Nebulized ketamine (0.5 mg/kg in normal saline to a total volume of 5ml) plus standard asthma excaerbationcare,Nebulized ketamine (0.5 mg/kg in normal saline to a total volume of 5ml) plus standard asthma excaerbationcare,ext:saline,1
Placebo(Vehicle),Placebo(Vehicle),ext:placebo,1
Placebo nebulization (5 mL normal saline) plus standard asthma care,Placebo nebulization (5 mL normal saline) plus standard asthma care,ext:placebo,1
(AJU-S56 5% and placebo),(AJU-S56 5% and placebo),ext:placebo,1
TNP-2092 capsules placebo,TNP-2092 capsules placebo,ext:placebo,1
Placebo to match BIC/LEN,Placebo to match BIC/LEN,ext:placebo,1
placebo for Nimotuzumab,placebo for Nimotuzumab,ext:placebo,1
Letermovir placebo,Letermovir placebo,ext:placebo,1
Placebo matching BI 1819479,Placebo matching BI 1819479,ext:placebo,1
Placebo of AST-001,Placebo of AST-001,ext:placebo,1
"Normal Saline (Placebo, Intranasal)","Normal Saline (Placebo, Intranasal)",ext:placebo,1
OM-89 Placebo [Uro-Vaxom® Capsule Placebo],OM-89 Placebo [Uro-Vaxom Capsule Placebo],ext:placebo,1
"Deucrictibant, Placebo","Deucrictibant, Placebo",ext:placebo,1
SXC-2023 Placebo,SXC-2023 Placebo,ext:placebo,1
Sucrose+ Hesperetin,Sucrose+ Hesperetin,ext:sucrose,1
Normal saline heated up to 50 °C,Normal saline heated up to 50 °C,ext:saline,1
"Injection, 177Lu-PSMA-I&T, 1GBq","Injection, 177Lu-PSMA-I&T, 1GBq",radiotracer/imaging,1
Placebo matching BI 3031185,Placebo matching BI 3031185,ext:placebo,1
68Ga-R11228,68Ga-R11228,radiotracer/imaging,1
TAK-279 Placebo,TAK-279 Placebo,ext:placebo,1
Matching placebo of AYP-101,Matching placebo of AYP-101,ext:placebo,1
177Lu-R11228,177Lu-R11228,radiotracer/imaging,1
Oral contrast media application,Oral contrast media application,ext:contrast,1
Placebo to DA-1726,Placebo to DA-1726,ext:placebo,1
Saline 2ml,Saline 2ml,ext:saline,1
HRS-7535;Placebo,HRS-7535;Placebo,ext:placebo,1
placebo formula,placebo formula,ext:placebo,1
Placebo Sham Injection,Placebo Sham Injection,ext:placebo,1
Placebo for EGCG 600 mg,Placebo for EGCG 600 mg,ext:placebo,1
Placebo for EGCG 300 mg,Placebo for EGCG 300 mg,ext:placebo,1
Injection of a gadolinium contrast agen,Injection of a gadolinium contrast agen,ext:contrast,1
Placebo (placebo matching zibotentan capsule and placebo matching dapagliflozin tablet),Placebo (placebo matching zibotentan capsule and placebo matching dapagliflozin tablet),ext:placebo,1
Dapagliflozin in combination with placebo,Dapagliflozin in combination with placebo,ext:placebo,1
Chenodeoxycholic acid Placebo,Chenodeoxycholic acid Placebo,ext:placebo,1
JS1-1-01 pills; JS1-1-01 placebo pills; Duloxetine hydrochloride placebo capsules,JS1-1-01 pills; JS1-1-01 placebo pills; Duloxetine hydrochloride placebo capsules,ext:placebo,1
Placebo to match GST-HG131,Placebo to match GST-HG131,ext:placebo,1
NCP112 Placebo,NCP112 Placebo,ext:placebo,1
[11C]-PHNO,[11C]-PHNO,radiotracer/imaging,1
68Ge/68Ga Generator,68Ge/68Ga Generator,radiotracer/imaging,1
WP1302 placebo,WP1302 placebo,ext:placebo,1
Part B: RM-718 or placebo (matched to specific RM-718 dose cohort),Part B: RM-718 or placebo (matched to specific RM-718 dose cohort),ext:placebo,1
Part A: RM-718 or placebo (matched to specific RM-718 dose cohort),Part A: RM-718 or placebo (matched to specific RM-718 dose cohort),ext:placebo,1
Placebo Control Dentifrice,Placebo Control Dentifrice,ext:placebo,1
GP/PFLL+placebo,GP/PFLL+placebo,ext:placebo,1
XH-S004 placebo tablet,XH-S004 placebo tablet,ext:placebo,1
Placebo Matched to Low-Dose Cannabidiol,Placebo Matched to Low-Dose Cannabidiol,ext:placebo,1
Ketamine 1 Mg/mL-NaCl 0.9% Intravenous Solution,Ketamine 1 Mg/mL-NaCl 0.9% Intravenous Solution,canonical:NaCl 0.9%,1
Placebo Matched to Moderate-Dose Cannabidiol,Placebo Matched to Moderate-Dose Cannabidiol,ext:placebo,1
177Lu-LNC1003 Injection group 3,177Lu-LNC1003 Injection group 3,radiotracer/imaging,1
177Lu-LNC1003 Injection group 2,177Lu-LNC1003 Injection group 2,radiotracer/imaging,1
177Lu-LNC1003 Injection group 1,177Lu-LNC1003 Injection group 1,radiotracer/imaging,1
Tramadol Placebo,Tramadol Placebo,ext:placebo,1
Dipyrone Placebo,Dipyrone Placebo,ext:placebo,1
DIT112 Placebo,DIT112 Placebo,ext:placebo,1
7% Hypertonic Saline via nebulization,7% Hypertonic Saline via nebulization,ext:saline,1
Placebo - Healthy Participants,Placebo - Healthy Participants,ext:placebo,1
Placebo Corn Starch,Placebo Corn Starch,ext:placebo,1
Placebo - MCI/AD,Placebo - MCI/AD,ext:placebo,1
Placebo（JS005）,Placebo（JS005）,ext:placebo,1
QLS-111 vehicle ophthalmic solution,QLS-111 vehicle ophthalmic solution,ext:vehicle,1
Vehicle (Placebo solution),Vehicle (Placebo solution),ext:placebo,1
18F-Pentixafor,18F-Pentixafor,radiotracer/imaging,1
Placebo metered-dose inhaler,Placebo metered-dose inhaler,ext:placebo,1
Placebo with soybean oil,Placebo with soybean oil,ext:placebo,1
Zibotentan + placebo (placebo matching dapagliflozin tablet),Zibotentan + placebo (placebo matching dapagliflozin tablet),ext:placebo,1
68Ga-Her2-affibody,68Ga-Her2-affibody,radiotracer/imaging,1
Placebo of AD-224C,Placebo of AD-224C,ext:placebo,1
Placebo of AD-224B,Placebo of AD-224B,ext:placebo,1
Placebo of AD-224A,Placebo of AD-224A,ext:placebo,1
Placebo Group(Vehicle),Placebo Group(Vehicle),ext:placebo,1
[68Ga]Ga-DWJ155,[68Ga]Ga-DWJ155,radiotracer/imaging,1
Placebo-to-match GS-1427,Placebo-to-match GS-1427,ext:placebo,1
Ilaprazole Placebo,Ilaprazole Placebo,ext:placebo,1
HRS9531 placebo,HRS9531 placebo,ext:placebo,1
Control/Placebo group,Control/Placebo group,ext:placebo,1
"HRS-9563, placebo","HRS-9563, placebo",ext:placebo,1
Placebo-containing tablets,Placebo-containing tablets,ext:placebo,1
Matching Placebo-Trevogrumab,Matching Placebo-Trevogrumab,ext:placebo,1
Matching Placebo-Part A,Matching Placebo-Part A,ext:placebo,1
Matching Placebo-Garetosmab,Matching Placebo-Garetosmab,ext:placebo,1
LY3841136-Placebo,LY3841136-Placebo,ext:placebo,1
Saline solution 0.9% of sodium chloride,Saline solution 0.9% of sodium chloride,canonical:Sodium Chloride,1
Sodium bicarbonate 4 G,Sodium bicarbonate 4 G,ext:sodium bicarbonate,1
HRS-9821 Powder for Inhalation placebo,HRS-9821 Powder for Inhalation placebo,ext:placebo,1
CVL237 placebo tablets,CVL237 placebo tablets,ext:placebo,1
68Ga-DOTATATE Injection,68Ga-DOTATATE Injection,radiotracer/imaging,1
Matching placebo rectal insert,Matching placebo rectal insert,ext:placebo,1
IV thrombolysis + placebo (control group),IV thrombolysis + placebo (control group),ext:placebo,1
Human interferon alfa 1b inhalation solution placebo,Human interferon alfa 1b inhalation solution placebo,ext:placebo,1
Camrelizumab + chemotherapy+placebo,Camrelizumab + chemotherapy+placebo,ext:placebo,1
68Ga-Fibroblast activation protein inhibitor,68Ga-Fibroblast activation protein inhibitor,radiotracer/imaging,1
Palmitoylethanolamide 600mg twice a day,Palmitoylethanolamide 600mg twice a day,ext:ethanol,1
OXYGEN THERAPY,OXYGEN THERAPY,ext:oxygen,1
Visually identical placebo Metformin hydrochloride extended-release tablets,Visually identical placebo Metformin hydrochloride extended-release tablets,ext:placebo,1
"Aminophylline , magnesium sulphate and placebo","Aminophylline , magnesium sulphate and placebo",ext:placebo,1
Placebo of DWJ1464,Placebo of DWJ1464,ext:placebo,1
Multiple doses Placebo,Multiple doses Placebo,ext:placebo,1
SAD matching placebo,SAD matching placebo,ext:placebo,1
Fermented Deglycyrrhizinated Licorice (FDGL),Fermented Deglycyrrhizinated Licorice (FDGL),radiotracer/imaging,1
The placebo Arm: The placebo of IMC-003,The placebo Arm: The placebo of IMC-003,ext:placebo,1
Darolutamide matched placebo,Darolutamide matched placebo,ext:placebo,1
MAD matching placebo,MAD matching placebo,ext:placebo,1
Active Placebo Dose MDMA,Active Placebo Dose MDMA,ext:placebo,1
Single dose placebo (food effect),Single dose placebo (food effect),ext:placebo,1
Single dose Placebo,Single dose Placebo,ext:placebo,1
A195/placebo,A195/placebo,ext:placebo,1
Test drug XT1061 capsules and placebo，Multiple dosing group,Test drug XT1061 capsules and placebo，Multiple dosing group,ext:placebo,1
Test drug XT1061 capsules and placebo，Food Impact Group,Test drug XT1061 capsules and placebo，Food Impact Group,ext:placebo,1
"Test drug XT1061 capsules and placebo,Single dose group","Test drug XT1061 capsules and placebo,Single dose group",ext:placebo,1
Intravenous 0.9% Sodium Chloride,Intravenous 0.9% Sodium Chloride,canonical:Sodium Chloride,1
LV232/Placebo,LV232/Placebo,ext:placebo,1
Amoxicillin + Placebo,Amoxicillin + Placebo,ext:placebo,1
Control saline injection,Control saline injection,ext:saline,1
18F-DPA-714,18F-DPA-714,radiotracer/imaging,1
TQA3038 injection/placebo,TQA3038 injection/placebo,ext:placebo,1
normal saline - intravenous,normal saline - intravenous,ext:saline,1
normal saline - injection,normal saline - injection,ext:saline,1
AD-2022 Placebo,AD-2022 Placebo,ext:placebo,1
AD-2021 Placebo,AD-2021 Placebo,ext:placebo,1
Placebo 3 days,Placebo 3 days,ext:placebo,1
TQB3702 placebo,TQB3702 placebo,ext:placebo,1
"Tranexamic Acid in NaCl,Iso-Os 1,000 Mg/100 mL (10 Mg/mL) INTRAVEN INTRAVENOUS SOLUTION, PIGGYBACK (ML)","Tranexamic Acid in NaCl,Iso-Os 1,000 Mg/100 mL (10 Mg/mL) INTRAVEN INTRAVENOUS SOLUTION, PIGGYBACK (ML)",ext:nacl,1
[18F]F-PSMA-1007,[18F]F-PSMA-1007,radiotracer/imaging,1
E2086 Placebo,E2086 Placebo,ext:placebo,1
Active Comparator Placebo,Active Comparator Placebo,ext:placebo,1
Hydroxyurea placebo,Hydroxyurea placebo,ext:placebo,1
Bomedemstat placebo,Bomedemstat placebo,ext:placebo,1
68Ga-DOTA-NI-FAPI04,68Ga-DOTA-NI-FAPI04,radiotracer/imaging,1
[68Ga]Ga-P15-041,[68Ga]Ga-P15-041,radiotracer/imaging,1
"Sanhan Huayin recipe placebo, Qingre Huatan recipe placebo or Zaoshi Huatan recipe placebo","Sanhan Huayin recipe placebo, Qingre Huatan recipe placebo or Zaoshi Huatan recipe placebo",ext:placebo,1
[68Ga] B7H3 Affibody-BCH,[68Ga] B7H3 Affibody-BCH,radiotracer/imaging,1
[89Zr]Zr-DFO-BIIB080,[89Zr]Zr-DFO-BIIB080,radiotracer/imaging,1
QL0911 plus Placebo,QL0911 plus Placebo,ext:placebo,1
Placebo+cisplatin/carboplatin+paclitaxel+Bevacizumab,Placebo+cisplatin/carboplatin+paclitaxel+Bevacizumab,ext:placebo,1
[89Zr]Zr-Df-Crefmirlimab PET imaging,[89Zr]Zr-Df-Crefmirlimab PET imaging,radiotracer/imaging,1
[18F]F-AraG PET imaging,[18F]F-AraG PET imaging,radiotracer/imaging,1
[18F]-FET-βAG-TOCA,[18F]-FET-βAG-TOCA,radiotracer/imaging,1
68Ga-PSMA-11//68Ga-PSMA-617,68Ga-PSMA-11//68Ga-PSMA-617,radiotracer/imaging,1
68Ga-AAZTA-093,68Ga-AAZTA-093,radiotracer/imaging,1
Single Ascending Dose of Placebo,Single Ascending Dose of Placebo,ext:placebo,1
Fexuprazan Injection placebo,Fexuprazan Injection placebo,ext:placebo,1
Lanston Capsule 15 mg placebo,Lanston Capsule 15 mg placebo,ext:placebo,1
JP-1366 10 mg placebo,JP-1366 10 mg placebo,ext:placebo,1
Placebo of Iron Carboxymaltose,Placebo of Iron Carboxymaltose,ext:placebo,1
Placebo of Dapagliflozin,Placebo of Dapagliflozin,ext:placebo,1
Placebo to (S)-pindolol benzoate,Placebo to (S)-pindolol benzoate,ext:placebo,1
RSS0343 tablets ；placebo,RSS0343 tablets ；placebo,ext:placebo,1
%0.9 Saline,%0.9 Saline,ext:saline,1
Epaminurad placebo,Epaminurad placebo,ext:placebo,1
Placebo to AZD4604,Placebo to AZD4604,ext:placebo,1
SHR6508 plus oral placebo tablets,SHR6508 plus oral placebo tablets,ext:placebo,1
Cinacalcet plus intravenous placebo,Cinacalcet plus intravenous placebo,ext:placebo,1
[68Ga] MDM2/MDMX Peptide,[68Ga] MDM2/MDMX Peptide,radiotracer/imaging,1
[18F]MNI-1216,[18F]MNI-1216,radiotracer/imaging,1
microbubble CEUS Contrast Enhanced Ultrasound (CEUS),microbubble CEUS Contrast Enhanced Ultrasound (CEUS),ext:contrast,1
0.2 ml dose of sucrose,0.2 ml dose of sucrose,ext:sucrose,1
Placebo in addition to UDCA therapy,Placebo in addition to UDCA therapy,ext:placebo,1
Nebulized 3% sodium chloride solution,Nebulized 3% sodium chloride solution,canonical:Sodium Chloride,1
"SC injections of Placebo every 4 weeks (q4w), one injection of 0.4 mL","SC injections of Placebo every 4 weeks (q4w), one injection of 0.4 mL",ext:placebo,1
Placebo 0.5 mg po,Placebo 0.5 mg po,ext:placebo,1
[89Zr]Zr-DFO-emapalumab,[89Zr]Zr-DFO-emapalumab,radiotracer/imaging,1
Injection of Isotonic saline + 2 mg morphine into the epidural space,Injection of Isotonic saline + 2 mg morphine into the epidural space,ext:saline,1
Injection of 500 mg magnesium sulfate + 2 mg morphine into the epidural space,Injection of 500 mg magnesium sulfate + 2 mg morphine into the epidural space,ext:magnesium sulfate,1
AR-17043 Vehicle,AR-17043 Vehicle,ext:vehicle,1
Placebo of AD-227C,Placebo of AD-227C,ext:placebo,1
Placebo of AD-227B,Placebo of AD-227B,ext:placebo,1
Placebo drug ( normal saline ),Placebo drug ( normal saline ),ext:placebo,1
SIM0718 injection of placebo,SIM0718 injection of placebo,ext:placebo,1
Mosapride citrate 5 mg + DA-9701 30 mg placebo,Mosapride citrate 5 mg + DA-9701 30 mg placebo,ext:placebo,1
saline mouth wash,saline mouth wash,ext:saline,1
Isotonic Saline with Dextrose,Isotonic Saline with Dextrose,ext:saline,1
IBI355 placebo,IBI355 placebo,ext:placebo,1
89Zr-Oxine-RY_SW01 Cell Injection,89Zr-Oxine-RY_SW01 Cell Injection,radiotracer/imaging,1
68Ga-LNC1007 Injection,68Ga-LNC1007 Injection,radiotracer/imaging,1
Placebo matching BI 1815368,Placebo matching BI 1815368,ext:placebo,1
intravenous 50 mL of saline injection of 0.9% after umbilical cord clamping.,intravenous 50 mL of saline injection of 0.9% after umbilical cord clamping.,ext:saline,1
"Neostigmine 20μg/kg (Neostigmine Methylsulphate 0.5 mg, Amriya Pharm.Ind.) and atropine 0.01 mg/kg (diluted in 50 ml saline; 0.9% for 10 min) following umbilical cord clamping.","Neostigmine 20μg/kg (Neostigmine Methylsulphate 0.5 mg, Amriya Pharm.Ind.) and atropine 0.01 mg/kg (diluted in 50 ml saline; 0.9% for 10 min) following umbilical cord clamping.",ext:saline,1
15mL of Normal Saline,15mL of Normal Saline,ext:saline,1
177Lu-PMSA-617,177Lu-PMSA-617,radiotracer/imaging,1
control group (standard of care + placebo).,control group (standard of care + placebo).,ext:placebo,1
Placebo- Part B,Placebo- Part B,ext:placebo,1
Placebo- Part A,Placebo- Part A,ext:placebo,1
Group M (lidocaine with Magnesium sulfate),Group M (lidocaine with Magnesium sulfate),ext:magnesium sulfate,1
Group C (lidocaine with saline),Group C (lidocaine with saline),ext:saline,1
Group B (lidocaine with Sodium bicarbonate),Group B (lidocaine with Sodium bicarbonate),ext:sodium bicarbonate,1
placebo intravenous administration,placebo intravenous administration,ext:placebo,1
Placebo multiple subcutaneous administration,Placebo multiple subcutaneous administration,ext:placebo,1
CS0159 placebo,CS0159 placebo,ext:placebo,1
[225Ac]Ac-FL-020,[225Ac]Ac-FL-020,radiotracer/imaging,1
[111In]In-FL-020,[111In]In-FL-020,radiotracer/imaging,1
Glucose Peritoneal Dialysis Solution,Glucose Peritoneal Dialysis Solution,ext:glucose,1
MTT with antibiotic preconditioning + placebo supplementation,MTT with antibiotic preconditioning + placebo supplementation,ext:placebo,1
Glucose 30% Intravenous Solution,Glucose 30% Intravenous Solution,ext:glucose,1
TQB2450 placebo + Anlotinib placebo,TQB2450 placebo + Anlotinib placebo,ext:placebo,1
SHR0302 Base Gel Placebo,SHR0302 Base Gel Placebo,ext:placebo,1
18F-LNC1007 Injection,18F-LNC1007 Injection,radiotracer/imaging,1
SHR-1918; SHR-1918 Placebo,SHR-1918; SHR-1918 Placebo,ext:placebo,1
"NaCl 0,9 %","NaCl 0,9 %",ext:nacl,1
Matching placebo for visugromab,Matching placebo for visugromab,ext:placebo,1
DAOIB plus placebo,DAOIB plus placebo,ext:placebo,1
Lactated Ringer's (control),Lactated Ringer's (control),ext:ringer,1
FE999302 Placebo,FE999302 Placebo,ext:placebo,1
cetylpyridinium chloride (0.075%) and zinc alcohol free mouthwash,cetylpyridinium chloride (0.075%) and zinc alcohol free mouthwash,ext:alcohol,1
Navtemadlin placebo,Navtemadlin placebo,ext:placebo,1
Normal Saline Control Group,Normal Saline Control Group,ext:saline,1
Sodium Chloride injection,Sodium Chloride injection,canonical:Sodium Chloride,1
Formulation 5 (placebo),Formulation 5 (placebo),ext:placebo,1
Shenqi Fuwei Mixture Placebo,Shenqi Fuwei Mixture Placebo,ext:placebo,1
YD0293 placebo,YD0293 placebo,ext:placebo,1
antibiotics and saline.,antibiotics and saline.,ext:saline,1
Placebo for Belumosudil,Placebo for Belumosudil,ext:placebo,1
64Cu-DOTA-AE105,64Cu-DOTA-AE105,radiotracer/imaging,1
Dexmedetomidine in 0.9 % NaCl 200 Mcg/50 mL (4 Mcg/mL) INTRAVEN INFUSION BOTTLE (ML),Dexmedetomidine in 0.9 % NaCl 200 Mcg/50 mL (4 Mcg/mL) INTRAVEN INFUSION BOTTLE (ML),ext:nacl,1
Diagnostic injection of [123I]I-DARPIN-Ec1,Diagnostic injection of [123I]I-DARPIN-Ec1,radiotracer/imaging,1
68Ga-NB381,68Ga-NB381,radiotracer/imaging,1
ABI-5366 Placebo,ABI-5366 Placebo,ext:placebo,1
Flonoltinib Maleate Tablets placebo,Flonoltinib Maleate Tablets placebo,ext:placebo,1
Sivelestat sodium placebo,Sivelestat sodium placebo,ext:placebo,1
Dexamethasone placebo,Dexamethasone placebo,ext:placebo,1
68Ga-PSFA,68Ga-PSFA,radiotracer/imaging,1
Placebo with 4 meal strategies,Placebo with 4 meal strategies,ext:placebo,1
Placebo of TQC2731,Placebo of TQC2731,ext:placebo,1
Placebo contains 5%-10% Zhengyuan Capsule total mixed powder,Placebo contains 5%-10% Zhengyuan Capsule total mixed powder,ext:placebo,1
177Lu-NYM032 injection,177Lu-NYM032 injection,radiotracer/imaging,1
HS-10398 Placebo,HS-10398 Placebo,ext:placebo,1
68Ga-aGPC3-scFv/Fab,68Ga-aGPC3-scFv/Fab,radiotracer/imaging,1
[111In]In-DOTA-ANTI-CEA antibody injection,[111In]In-DOTA-ANTI-CEA antibody injection,radiotracer/imaging,1
PP405 Topical Vehicle Gel,PP405 Topical Vehicle Gel,ext:vehicle,1
68Ga-NYM032 injection,68Ga-NYM032 injection,radiotracer/imaging,1
68Ga-NYM005 injection,68Ga-NYM005 injection,radiotracer/imaging,1
"oral chloral hydrate,intranasal dexmedetomidine and buccal normal saline","oral chloral hydrate,intranasal dexmedetomidine and buccal normal saline",ext:saline,1
buccal midazolam +oral placebo syrup,buccal midazolam +oral placebo syrup,ext:placebo,1
BRC-002 Placebo,BRC-002 Placebo,ext:placebo,1
Placebo Multiple dose,Placebo Multiple dose,ext:placebo,1
Placebo Single dose,Placebo Single dose,ext:placebo,1
AZD0233 Placebo,AZD0233 Placebo,ext:placebo,1
Placebo IEM tablet,Placebo IEM tablet,ext:placebo,1
Ringer's lactated solution,Ringer's lactated solution,ext:ringer,1
3% hypertonic Saline,3% hypertonic Saline,ext:saline,1
Negative irritant solution of 0.9% saline,Negative irritant solution of 0.9% saline,ext:saline,1
Mibavademab-Placebo,Mibavademab-Placebo,ext:placebo,1
Intraarterial and intravenous placebo,Intraarterial and intravenous placebo,ext:placebo,1
Saline Solution (Placebo),Saline Solution (Placebo),ext:placebo,1
Placebo 10mg Tab,Placebo 10mg Tab,ext:placebo,1
Sodium alginate + sodium bicarbonate + magaldrate + simeticone,Sodium alginate + sodium bicarbonate + magaldrate + simeticone,ext:sodium bicarbonate,1
"Normal saline, Lidocaine, dexmetomidine","Normal saline, Lidocaine, dexmetomidine",ext:saline,1
[68Ga]GA-DOTA-TATE,[68Ga]GA-DOTA-TATE,radiotracer/imaging,1
Placebo+AK111,Placebo+AK111,ext:placebo,1
Placebo-to-match SION-719,Placebo-to-match SION-719,ext:placebo,1
Placebo ZL-1102 0% w/w gel QD for 16 weeks,Placebo ZL-1102 0% w/w gel QD for 16 weeks,ext:placebo,1
Placebo ZL-1102 0% w/w gel BID for 16 weeks,Placebo ZL-1102 0% w/w gel BID for 16 weeks,ext:placebo,1
Bufei Recipe placebo,Bufei Recipe placebo,ext:placebo,1
2-Deoxy-D-glucose,2-Deoxy-D-glucose,ext:glucose,1
177Lu-AB-3PRGD2 radioligand therapy,177Lu-AB-3PRGD2 radioligand therapy,radiotracer/imaging,1
NovoRapid®; HR011408 injection Placebo,NovoRapid; HR011408 injection Placebo,ext:placebo,1
HR011408 injection; HR011408 injection Placebo,HR011408 injection; HR011408 injection Placebo,ext:placebo,1
HR011408 injection Placebo; HR011408 injection,HR011408 injection Placebo; HR011408 injection,ext:placebo,1
[177Lu]Lu-EVS459,[177Lu]Lu-EVS459,radiotracer/imaging,1
[68Ga]Ga-EVS459,[68Ga]Ga-EVS459,radiotracer/imaging,1
Placebo immediate-release nicotinic acid (SAD),Placebo immediate-release nicotinic acid (SAD),ext:placebo,1
Placebo controlled-ileal-release nicotinic acid (SAD/MAD),Placebo controlled-ileal-release nicotinic acid (SAD/MAD),ext:placebo,1
177Lu-Dansyl-PSMA radioligand therapy,177Lu-Dansyl-PSMA radioligand therapy,radiotracer/imaging,1
Placebo for the AZA 75mg/m^2,Placebo for the AZA 75mg/m^2,ext:placebo,1
Placebo for the AZA 35mg/m^2,Placebo for the AZA 35mg/m^2,ext:placebo,1
Placebo for the AZA 20mg/m^2,Placebo for the AZA 20mg/m^2,ext:placebo,1
Placebo for the AZA 10mg/m^2,Placebo for the AZA 10mg/m^2,ext:placebo,1
Magnesium Sulfate 4 G,Magnesium Sulfate 4 G,ext:magnesium sulfate,1
Magnesium Sulfate 2 G,Magnesium Sulfate 2 G,ext:magnesium sulfate,1
Placebo Rivaroxaban,Placebo Rivaroxaban,ext:placebo,1
Placebo Only,Placebo Only,ext:placebo,1
regular dose of placebo,regular dose of placebo,ext:placebo,1
2x regular dose of placebo,2x regular dose of placebo,ext:placebo,1
Multiple dose placebo,Multiple dose placebo,ext:placebo,1
Dapoxetine placebo,Dapoxetine placebo,ext:placebo,1
[68Ga]Ga-Sa-DABI-4,[68Ga]Ga-Sa-DABI-4,radiotracer/imaging,1
99mTc-QULIC-5-P1,99mTc-QULIC-5-P1,radiotracer/imaging,1
Placebo for Ubrogepant,Placebo for Ubrogepant,ext:placebo,1
Placebo fasted/fed,Placebo fasted/fed,ext:placebo,1
Cornstarch Placebo 54mg,Cornstarch Placebo 54mg,ext:placebo,1
Cornstarch Placebo 20mg,Cornstarch Placebo 20mg,ext:placebo,1
Administration of the sham (PLACEBO),Administration of the sham (PLACEBO),ext:placebo,1
ZL-82 placebo,ZL-82 placebo,ext:placebo,1
Placebo PO QD,Placebo PO QD,ext:placebo,1
Placebo HLD200 capsules,Placebo HLD200 capsules,ext:placebo,1
GB001 recombinant peptide spray placebo,GB001 recombinant peptide spray placebo,ext:placebo,1
Varnishes placebo,Varnishes placebo,ext:placebo,1
Matching placebo to BI 3731579,Matching placebo to BI 3731579,ext:placebo,1
Intracervical Injection of saline,Intracervical Injection of saline,ext:saline,1
Chinese Herbal formula Placebo,Chinese Herbal formula Placebo,ext:placebo,1
"Intravenous infusion of ketamine, lidocaine, Magnesium sulfate","Intravenous infusion of ketamine, lidocaine, Magnesium sulfate",ext:magnesium sulfate,1
"Intravenous infusion of dexmedetomidine, lidocaine, Magnesium sulfate","Intravenous infusion of dexmedetomidine, lidocaine, Magnesium sulfate",ext:magnesium sulfate,1
"Intravenous Infusion of propofol, lidocaine, Magnesium sulfate","Intravenous Infusion of propofol, lidocaine, Magnesium sulfate",ext:magnesium sulfate,1
Aerobic exercise + Calcined magnesia (placebo),Aerobic exercise + Calcined magnesia (placebo),ext:placebo,1
[18F]AlF-OC,[18F]AlF-OC,radiotracer/imaging,1
"mastalgia-oil placebo, tamoxifen","mastalgia-oil placebo, tamoxifen",ext:placebo,1
"Similar cephalosporin (cefepime, ceftriaxone, cefaclor, cephalexin, cefixime, or cefdinir) antibiotic double-blind placebo-controlled drug challenge","Similar cephalosporin (cefepime, ceftriaxone, cefaclor, cephalexin, cefixime, or cefdinir) antibiotic double-blind placebo-controlled drug challenge",ext:placebo,1
Dissimilar cephalosporin (ceftriaxone or cefazolin) antibiotic double-blind placebo-controlled drug challenge,Dissimilar cephalosporin (ceftriaxone or cefazolin) antibiotic double-blind placebo-controlled drug challenge,ext:placebo,1
"Culprit cephalosporin (cefazolin, ceftazidime, ceftriaxone, cefepime, cephalexin, cefaclor, cefadroxil, cefuroxime, cefpodoxime, cefdinir, or cefixime) double-blind placebo-controlled drug challenge","Culprit cephalosporin (cefazolin, ceftazidime, ceftriaxone, cefepime, cephalexin, cefaclor, cefadroxil, cefuroxime, cefpodoxime, cefdinir, or cefixime) double-blind placebo-controlled drug challenge",ext:placebo,1
Amoxicillin double-blind placebo-controlled drug challenge,Amoxicillin double-blind placebo-controlled drug challenge,ext:placebo,1
"mastalgia-oil, tamoxifen placebo","mastalgia-oil, tamoxifen placebo",ext:placebo,1
Dexmedetomidine in 0.9 % NaCl 20 Mcg/5 mL (4 Mcg/mL) INTRAVEN SYRINGE (ML),Dexmedetomidine in 0.9 % NaCl 20 Mcg/5 mL (4 Mcg/mL) INTRAVEN SYRINGE (ML),ext:nacl,1
[18F]PBR111,[18F]PBR111,radiotracer/imaging,1
Placebo Ophthalmic Ointment,Placebo Ophthalmic Ointment,ext:placebo,1
ZE46-0134 or placebo,ZE46-0134 or placebo,ext:placebo,1
IVW-1001 Placebo,IVW-1001 Placebo,ext:placebo,1
Ketamine + Magnesium sulfate,Ketamine + Magnesium sulfate,ext:magnesium sulfate,1
Placebo for Ublituximab,Placebo for Ublituximab,ext:placebo,1
"curcumin, saffron, Combination of saffron and curcumin and placebo","curcumin, saffron, Combination of saffron and curcumin and placebo",ext:placebo,1
Normal saline nebulization combined with the compound methoxyphenamine capsule,Normal saline nebulization combined with the compound methoxyphenamine capsule,ext:saline,1
18F-Alfatide Injection,18F-Alfatide Injection,radiotracer/imaging,1
68Ga-HX01 Injection(0.1mCi/kg),68Ga-HX01 Injection(0.1mCi/kg),radiotracer/imaging,1
68Ga-HX01 Injection(0.07mCi/kg),68Ga-HX01 Injection(0.07mCi/kg),radiotracer/imaging,1
68Ga-HX01 Injection(0.05mCi/kg),68Ga-HX01 Injection(0.05mCi/kg),radiotracer/imaging,1
Drug: Placebo for ABBV-1088,Drug: Placebo for ABBV-1088,ext:placebo,1
Tulobuterol patch with placebo dry syrup,Tulobuterol patch with placebo dry syrup,ext:placebo,1
Semaglutide placebo (Group B),Semaglutide placebo (Group B),ext:placebo,1
Semaglutide placebo (Group A),Semaglutide placebo (Group A),ext:placebo,1
NNC0194-0499 placebo,NNC0194-0499 placebo,ext:placebo,1
Cagrilintide placebo,Cagrilintide placebo,ext:placebo,1
Atock Dry Syrup with placebo patch,Atock Dry Syrup with placebo patch,ext:placebo,1
225Ac-DOTATATE,225Ac-DOTATATE,radiotracer/imaging,1
ZL-82 placebo 25mg,ZL-82 placebo 25mg,ext:placebo,1
ZL-82 placebo 100mg,ZL-82 placebo 100mg,ext:placebo,1
DA-1241 Placebo,DA-1241 Placebo,ext:placebo,1
68Ga-PSMA-33,68Ga-PSMA-33,radiotracer/imaging,1
Vehicle of TP-03,Vehicle of TP-03,ext:vehicle,1
Placebo matching Dapaglifolzin,Placebo matching Dapaglifolzin,ext:placebo,1
ZL-82 placebo 200mg,ZL-82 placebo 200mg,ext:placebo,1
ZL-82 placebo 300mg,ZL-82 placebo 300mg,ext:placebo,1
ZL-82 placebo 450mg,ZL-82 placebo 450mg,ext:placebo,1
Insulin injection and blood glucose,Insulin injection and blood glucose,ext:glucose,1
Vitamin D3 or Saline injection at ipsilateral deltoid muscle,Vitamin D3 or Saline injection at ipsilateral deltoid muscle,ext:saline,1
zL-82 placebo 12.5mg,zL-82 placebo 12.5mg,ext:placebo,1
ZL-82 placebo 600mg,ZL-82 placebo 600mg,ext:placebo,1
ZL-82 placebo 50mg,ZL-82 placebo 50mg,ext:placebo,1
Exertional Oxygen,Exertional Oxygen,ext:oxygen,1
IBI112/placebo,IBI112/placebo,ext:placebo,1
Serum saline intravenous,Serum saline intravenous,ext:saline,1
AD-223C Placebo,AD-223C Placebo,ext:placebo,1
AD-223B Placebo,AD-223B Placebo,ext:placebo,1
AD-223A Placebo,AD-223A Placebo,ext:placebo,1
Placebo - 2 Placebo DMTS Patches,Placebo - 2 Placebo DMTS Patches,ext:placebo,1
6 cm2 - 1 Active and 1 Placebo DMTS Patches,6 cm2 - 1 Active and 1 Placebo DMTS Patches,ext:placebo,1
18 mL ropivacaine 0.5% + 2 mL radiopaque contrast,18 mL ropivacaine 0.5% + 2 mL radiopaque contrast,ext:contrast,1
"CT-868 Pen Injector, Placebo","CT-868 Pen Injector, Placebo",ext:placebo,1
ILIT + placebo,ILIT + placebo,ext:placebo,1
Arm A: 177Lu rhPSMA-10.1,Arm A: 177Lu rhPSMA-10.1,radiotracer/imaging,1
0.9% Saline Infusion,0.9% Saline Infusion,ext:saline,1
Magnesium Sulfate Infusion,Magnesium Sulfate Infusion,ext:magnesium sulfate,1
Placebo pretreatment before ovarian stimulation,Placebo pretreatment before ovarian stimulation,ext:placebo,1
Placebo pretreatment before endometrial preparation for frozen embryo transfer,Placebo pretreatment before endometrial preparation for frozen embryo transfer,ext:placebo,1
Placebo of ID110521156,Placebo of ID110521156,ext:placebo,1
HSK39004 Placebo,HSK39004 Placebo,ext:placebo,1
Placebo smoked cannabis,Placebo smoked cannabis,ext:placebo,1
Jiuweihuaban Pill placebo,Jiuweihuaban Pill placebo,ext:placebo,1
[18F]DK222 radiotracer,[18F]DK222 radiotracer,radiotracer/imaging,1
177Lu-PSMA-1 (radiopharmaceutical),177Lu-PSMA-1 (radiopharmaceutical),radiotracer/imaging,1
Placebo Finerenone,Placebo Finerenone,ext:placebo,1
topical placebo tablet,topical placebo tablet,ext:placebo,1
VH4011499 Matching Placebo,VH4011499 Matching Placebo,ext:placebo,1
VH4004280 Matching Placebo,VH4004280 Matching Placebo,ext:placebo,1
Icotinib + Befotertinib placebo,Icotinib + Befotertinib placebo,ext:placebo,1
Befotertinib + Icotinib placebo,Befotertinib + Icotinib placebo,ext:placebo,1
Placebo to match Indacaterol Maleate and Glycopyrronium Bromide Powder for inhalation,Placebo to match Indacaterol Maleate and Glycopyrronium Bromide Powder for inhalation,ext:placebo,1
Placebo to match HRG2005 inhalation,Placebo to match HRG2005 inhalation,ext:placebo,1
"single-dose propranolol, single-dose placebo, and single-dose madopar by order","single-dose propranolol, single-dose placebo, and single-dose madopar by order",ext:placebo,1
"single-dose propranolol, single-dose madopar, and single-dose placebo by order","single-dose propranolol, single-dose madopar, and single-dose placebo by order",ext:placebo,1
"single-dose placebo, single-dose propranolol, and single-dose madopar by order","single-dose placebo, single-dose propranolol, and single-dose madopar by order",ext:placebo,1
"single-dose placebo, single-dose madopar, and single-dose propranolol by order","single-dose placebo, single-dose madopar, and single-dose propranolol by order",ext:placebo,1
Placebo of Erdos capsule,Placebo of Erdos capsule,ext:placebo,1
Placebo of Bronpass Tab.,Placebo of Bronpass Tab.,ext:placebo,1
TQC2731 matching placebo,TQC2731 matching placebo,ext:placebo,1
Vehicle and BAM8-22 application,Vehicle and BAM8-22 application,ext:vehicle,1
Mongolian Medicine ZhenBao Pills Placebo,Mongolian Medicine ZhenBao Pills Placebo,ext:placebo,1
Placebo Vaginal Film with Square Corners,Placebo Vaginal Film with Square Corners,ext:placebo,1
Placebo - Study Part One,Placebo - Study Part One,ext:placebo,1
BAT4406F Placebos,BAT4406F Placebos,ext:placebo,1
Placebo to remibrutinib,Placebo to remibrutinib,ext:placebo,1
Placebo - Study Part Two,Placebo - Study Part Two,ext:placebo,1
Placebo Vaginal Film with Rounded Corners,Placebo Vaginal Film with Rounded Corners,ext:placebo,1
Placebo (Injection),Placebo (Injection),ext:placebo,1
5% dextrose injections with methylprednisolone acetate 40 mg/ml,5% dextrose injections with methylprednisolone acetate 40 mg/ml,ext:dextrose,1
5% dextrose injection,5% dextrose injection,ext:dextrose,1
Arm B: 177Lu rhPSMA-10.1 plus Degarelix,Arm B: 177Lu rhPSMA-10.1 plus Degarelix,radiotracer/imaging,1
"single-dose madopar, single-dose placebo, and single-dose propranolol by order","single-dose madopar, single-dose placebo, and single-dose propranolol by order",ext:placebo,1
Placebo RecFSH / follitropin alfa,Placebo RecFSH / follitropin alfa,ext:placebo,1
Placebo GenSci094,Placebo GenSci094,ext:placebo,1
SHR-3032 Placebo,SHR-3032 Placebo,ext:placebo,1
YCT-529 Placebo,YCT-529 Placebo,ext:placebo,1
Oral ciprofloxacin placebo,Oral ciprofloxacin placebo,ext:placebo,1
Control group:DH001 placebo,Control group:DH001 placebo,ext:placebo,1
Matching Placebo vaginal insert,Matching Placebo vaginal insert,ext:placebo,1
"0,9% normal saline 20mL","0,9% normal saline 20mL",ext:saline,1
Placebo and normal saline,Placebo and normal saline,ext:placebo,1
HRS-7450 ；Placebo,HRS-7450 ；Placebo,ext:placebo,1
Placebo TCM ultrasonic atomization treatment (PA),Placebo TCM ultrasonic atomization treatment (PA),ext:placebo,1
TQH2722 injection matching placebo,TQH2722 injection matching placebo,ext:placebo,1
29 ml bupivacaine 0.25% + 1 ml saline,29 ml bupivacaine 0.25% + 1 ml saline,ext:saline,1
placebo; abiraterone acetate tablets; prednisone tablets,placebo; abiraterone acetate tablets; prednisone tablets,ext:placebo,1
18F-DCFPyl,18F-DCFPyl,radiotracer/imaging,1
Whole body study and SPECT with [99mTc]Tc-BQ0413,Whole body study and SPECT with [99mTc]Tc-BQ0413,radiotracer/imaging,1
Placebo Multivitamin,Placebo Multivitamin,ext:placebo,1
Placebo DLBS5055,Placebo DLBS5055,ext:placebo,1
Placebo (sucrose),Placebo (sucrose),ext:placebo,1
Placebo for toripalimab,Placebo for toripalimab,ext:placebo,1
Placebo for Tifcemalimab,Placebo for Tifcemalimab,ext:placebo,1
MAS825 Placebo,MAS825 Placebo,ext:placebo,1
DFV890 placebo,DFV890 placebo,ext:placebo,1
FDA-approved gadolinium-based intravenous contrast agent,FDA-approved gadolinium-based intravenous contrast agent,ext:contrast,1
0.9 % Sodium Chloride,0.9 % Sodium Chloride,canonical:Sodium Chloride,1
Placebo for CMV-MVA Triplex,Placebo for CMV-MVA Triplex,ext:placebo,1
Placebo (246mg press pill),Placebo (246mg press pill),ext:placebo,1
Qingzhu Granules Placebo,Qingzhu Granules Placebo,ext:placebo,1
Treatment C : Placebo,Treatment C : Placebo,ext:placebo,1
"""Mesalamine"" and ""Placebo""","""Mesalamine"" and ""Placebo""",ext:placebo,1
Placebo(SAD),Placebo(SAD),ext:placebo,1
25 mg Diphenhydramine (5 min) + Normal Saline,25 mg Diphenhydramine (5 min) + Normal Saline,ext:saline,1
0.3mg/kg/min Dimethyltryptamine + Normal Saline infusion,0.3mg/kg/min Dimethyltryptamine + Normal Saline infusion,ext:saline,1
Iclepertin Placebo,Iclepertin Placebo,ext:placebo,1
Matching Placebo for Guanxinning,Matching Placebo for Guanxinning,ext:placebo,1
LT-002-158/Placebo oral tablet(s),LT-002-158/Placebo oral tablet(s),ext:placebo,1
Zanzalintinib-matched Placebo,Zanzalintinib-matched Placebo,ext:placebo,1
Phase II:[177Lu]Lu-XT033 Injection,Phase II:[177Lu]Lu-XT033 Injection,radiotracer/imaging,1
Phase I:[177Lu]Lu-XT033 Injection,Phase I:[177Lu]Lu-XT033 Injection,radiotracer/imaging,1
Placebo matching BI 3802876,Placebo matching BI 3802876,ext:placebo,1
TQA3038 injection matching placebo,TQA3038 injection matching placebo,ext:placebo,1
[18F]F-ARAG PET,[18F]F-ARAG PET,radiotracer/imaging,1
Placebo plus best supportive care,Placebo plus best supportive care,ext:placebo,1
Placebo to Lu AG06474,Placebo to Lu AG06474,ext:placebo,1
Placebo for Navepegritide,Placebo for Navepegritide,ext:placebo,1
PRRT with 177Lu-EB-FAPI,PRRT with 177Lu-EB-FAPI,radiotracer/imaging,1
Placebo in 3 Cohorts,Placebo in 3 Cohorts,ext:placebo,1
Xeruborbactam Oral Prodrug Placebo,Xeruborbactam Oral Prodrug Placebo,ext:placebo,1
Ceftibuten Placebo,Ceftibuten Placebo,ext:placebo,1
Placebo in Cohorts 1 to 7,Placebo in Cohorts 1 to 7,ext:placebo,1
"single-dose madopar, single-dose propranolol, and single-dose placebo by order","single-dose madopar, single-dose propranolol, and single-dose placebo by order",ext:placebo,1
225Ac-PSMA-R2,225Ac-PSMA-R2,radiotracer/imaging,1
Progesterone Placebo Soft Capsule,Progesterone Placebo Soft Capsule,ext:placebo,1
Estradiol Placebo Gel,Estradiol Placebo Gel,ext:placebo,1
ZYIL1 capsules 50 mg and 25 mg Placebo,ZYIL1 capsules 50 mg and 25 mg Placebo,ext:placebo,1
ZYIL1 capsules 25 mg and 50 mg Placebo,ZYIL1 capsules 25 mg and 50 mg Placebo,ext:placebo,1
Matching placebo 25 mg and Matching placebo 50 mg,Matching placebo 25 mg and Matching placebo 50 mg,ext:placebo,1
Ultrasound guided rectus sheath block with normal saline,Ultrasound guided rectus sheath block with normal saline,ext:saline,1
placebo for genakumab,placebo for genakumab,ext:placebo,1
placebo for Diprospan,placebo for Diprospan,ext:placebo,1
Ompenaclid,Ompenaclid,ext:nacl,1
Ropivacaine with placebo,Ropivacaine with placebo,ext:placebo,1
0.9% NaCl 2000ml,0.9% NaCl 2000ml,ext:nacl,1
0.9% NaCl 200-400ml,0.9% NaCl 200-400ml,ext:nacl,1
68Ga-DOTATATE and 68Ga-FAPI,68Ga-DOTATATE and 68Ga-FAPI,radiotracer/imaging,1
CD38-SADA:177Lu-DOTA Complex,CD38-SADA:177Lu-DOTA Complex,radiotracer/imaging,1
68Ga-NOTA-SNA002,68Ga-NOTA-SNA002,radiotracer/imaging,1
Placebo matching BI 3032950,Placebo matching BI 3032950,ext:placebo,1
TQB3454 tablets matching placebo,TQB3454 tablets matching placebo,ext:placebo,1
Buccal Placebo,Buccal Placebo,ext:placebo,1
Regular Human Insulin then Placebo,Regular Human Insulin then Placebo,ext:placebo,1
Placebo then Regular Human Insulin,Placebo then Regular Human Insulin,ext:placebo,1
Placebo for avacopan,Placebo for avacopan,ext:placebo,1
TQC3721 matching placebo for inhalation,TQC3721 matching placebo for inhalation,ext:placebo,1
placebo plus paclitaxel,placebo plus paclitaxel,ext:placebo,1
Dextrose Solution,Dextrose Solution,ext:dextrose,1
Ritonavir plus nirmatrelvir-matching placebo,Ritonavir plus nirmatrelvir-matching placebo,ext:placebo,1
Rotator interval hydro-dissection with dextrose 5%,Rotator interval hydro-dissection with dextrose 5%,ext:dextrose,1
Injection of peptide p5+14 radiolabeled with iodine-124 (124I-AT-01),Injection of peptide p5+14 radiolabeled with iodine-124 (124I-AT-01),radiotracer/imaging,1
sham continuous adductor canal block - ShACB NaCl,sham continuous adductor canal block - ShACB NaCl,ext:nacl,1
Continous intravenous infusion of 5% Glucose solution,Continous intravenous infusion of 5% Glucose solution,ext:glucose,1
Continous intravenous infusion of 0.9% Sodium Chloride solution,Continous intravenous infusion of 0.9% Sodium Chloride solution,canonical:Sodium Chloride,1
177Lu-DOTA-EB-FAPI radionuclide therapy,177Lu-DOTA-EB-FAPI radionuclide therapy,radiotracer/imaging,1
Saline + Resistance exercise training,Saline + Resistance exercise training,ext:saline,1
[89Zr]Zr-BI 764532,[89Zr]Zr-BI 764532,radiotracer/imaging,1
LSD (150 µg) + placebo,LSD (150 µg) + placebo,ext:placebo,1
Placebo of TQC3721 Suspension for Inhalation,Placebo of TQC3721 Suspension for Inhalation,ext:placebo,1
89Zr-DFO-AP-101,89Zr-DFO-AP-101,radiotracer/imaging,1
Matching placebo rectal foam,Matching placebo rectal foam,ext:placebo,1
177Lu-FF58,177Lu-FF58,radiotracer/imaging,1
Magnesium sulfate in erector spinae plane block,Magnesium sulfate in erector spinae plane block,ext:magnesium sulfate,1
dl-3-butylphthalide placebo,dl-3-butylphthalide placebo,ext:placebo,1
DW1125E placebo,DW1125E placebo,ext:placebo,1
DW1125A-1 placebo,DW1125A-1 placebo,ext:placebo,1
DW1125A placebo,DW1125A placebo,ext:placebo,1
DW1125 placebo,DW1125 placebo,ext:placebo,1
Placebo matching BI 3006337,Placebo matching BI 3006337,ext:placebo,1
TQH2722 injection matching Placebo,TQH2722 injection matching Placebo,ext:placebo,1
[89Zr]Zr-CIT,[89Zr]Zr-CIT,radiotracer/imaging,1
MT2004 Capsule Placebo,MT2004 Capsule Placebo,ext:placebo,1
K-757 120 mg BID and matching placebo to K-833,K-757 120 mg BID and matching placebo to K-833,ext:placebo,1
68Ga-FXX489,68Ga-FXX489,radiotracer/imaging,1
stroke-physiological saline solution (SPSS),stroke-physiological saline solution (SPSS),ext:saline,1
SIM0278 Injection/Placebo,SIM0278 Injection/Placebo,ext:placebo,1
USL Placebo,USL Placebo,ext:placebo,1
Ondansetron 4mg + dexmedetomidine 0.5 ug/kg + normal saline .,Ondansetron 4mg + dexmedetomidine 0.5 ug/kg + normal saline .,ext:saline,1
Ondansetron 4mg + dexamethasone 8mg + normal saline.,Ondansetron 4mg + dexamethasone 8mg + normal saline.,ext:saline,1
Epetraborole and matching placebo,Epetraborole and matching placebo,ext:placebo,1
Warm saline,Warm saline,ext:saline,1
Placebo Comparator: CHF6001 Placebo,Placebo Comparator: CHF6001 Placebo,ext:placebo,1
Placebo for Tocilizumab,Placebo for Tocilizumab,ext:placebo,1
Placebo for Budigalimab,Placebo for Budigalimab,ext:placebo,1
11C-HY-2-15 PET,11C-HY-2-15 PET,radiotracer/imaging,1
placebo with matching volume,placebo with matching volume,ext:placebo,1
Placebo for 3BNC117-LS-J,Placebo for 3BNC117-LS-J,ext:placebo,1
Placebo for 10-1074-LS-J,Placebo for 10-1074-LS-J,ext:placebo,1
Part 1 Placebo,Part 1 Placebo,ext:placebo,1
Yiqi Yangyin Formula placebo,Yiqi Yangyin Formula placebo,ext:placebo,1
acetaminophen mannitol,acetaminophen mannitol,ext:mannitol,1
Placebo Cagrilintide,Placebo Cagrilintide,ext:placebo,1
SHR-3167 Placebo,SHR-3167 Placebo,ext:placebo,1
Intraarticular Knee Placebo,Intraarticular Knee Placebo,ext:placebo,1
Genicular Nerve Placebo,Genicular Nerve Placebo,ext:placebo,1
"LAU-7b for 1 cycle, then placebo","LAU-7b for 1 cycle, then placebo",ext:placebo,1
68Ga-R8760 injection at pre-defined dose levels,68Ga-R8760 injection at pre-defined dose levels,radiotracer/imaging,1
68Ga-R8760 injection,68Ga-R8760 injection,radiotracer/imaging,1
Placebo matching BI 1584862,Placebo matching BI 1584862,ext:placebo,1
[18F]Florastamin Injection,[18F]Florastamin Injection,radiotracer/imaging,1
Placebo of IN10018,Placebo of IN10018,ext:placebo,1
60%Oxygen,60%Oxygen,ext:oxygen,1
30%Oxygen,30%Oxygen,ext:oxygen,1
"Iron sucrose, Human Erythropoietin Injection, Vitamin C","Iron sucrose, Human Erythropoietin Injection, Vitamin C",ext:sucrose,1
Chiglitazar placebo,Chiglitazar placebo,ext:placebo,1
Qishen Yiqi Dripping Pills placebo 3 bags,Qishen Yiqi Dripping Pills placebo 3 bags,ext:placebo,1
18F-SMBT-1,18F-SMBT-1,radiotracer/imaging,1
VC005 Placebo,VC005 Placebo,ext:placebo,1
99mTc-ABH2,99mTc-ABH2,radiotracer/imaging,1
Capsulized placebo transfer containing dilution solution,Capsulized placebo transfer containing dilution solution,ext:placebo,1
68Ga-A3,68Ga-A3,radiotracer/imaging,1
Antimicrobial Peptide PL-5 Topical Spray and Placebo,Antimicrobial Peptide PL-5 Topical Spray and Placebo,ext:placebo,1
GenSci048 placebo,GenSci048 placebo,ext:placebo,1
CS32582 capsule（low dose） or matched placebo,CS32582 capsule（low dose） or matched placebo,ext:placebo,1
Placebo Moxidectin,Placebo Moxidectin,ext:placebo,1
Placebo Albendazole,Placebo Albendazole,ext:placebo,1
Huazhi Rougan Granule Placebo granule,Huazhi Rougan Granule Placebo granule,ext:placebo,1
Placebo combined with SOX (S-1/oxaliplatin) regimen,Placebo combined with SOX (S-1/oxaliplatin) regimen,ext:placebo,1
CS32582 capsule（high dose） or matched placebo,CS32582 capsule（high dose） or matched placebo,ext:placebo,1
Placebo (SARS-CoV-2 domain),Placebo (SARS-CoV-2 domain),ext:placebo,1
Placebo (Influenza virus domain),Placebo (Influenza virus domain),ext:placebo,1
Placebo via rectal enema,Placebo via rectal enema,ext:placebo,1
repaglinide; midazolam; SHR4640 placebo,repaglinide; midazolam; SHR4640 placebo,ext:placebo,1
[89Zr]Zr-DFO-APAC,[89Zr]Zr-DFO-APAC,radiotracer/imaging,1
saline irrigations,saline irrigations,ext:saline,1
repaglinide; midazolam; SHR4640; SHR4640 placebo,repaglinide; midazolam; SHR4640; SHR4640 placebo,ext:placebo,1
Placebo oral vial,Placebo oral vial,ext:placebo,1
Placebo to moxifloxacin,Placebo to moxifloxacin,ext:placebo,1
Placebo to BI 456906,Placebo to BI 456906,ext:placebo,1
compound E Jiao Jiang(cEJJ) placebo,compound E Jiao Jiang(cEJJ) placebo,ext:placebo,1
Placebos during SRP,Placebos during SRP,ext:placebo,1
Placebos after SRP,Placebos after SRP,ext:placebo,1
FDG radiotracer,FDG radiotracer,radiotracer/imaging,1
QY101Placebo/QY101 ointment,QY101Placebo/QY101 ointment,ext:placebo,1
Iodine-containing Contrast Media,Iodine-containing Contrast Media,ext:contrast,1
Esketamine and Magnesium sulfate,Esketamine and Magnesium sulfate,ext:magnesium sulfate,1
Placebo Ivermectin ODT,Placebo Ivermectin ODT,ext:placebo,1
[177Lu]Lu-SN201,[177Lu]Lu-SN201,radiotracer/imaging,1
JX09 or placebo SAD,JX09 or placebo SAD,ext:placebo,1
JX09 or placebo MAD,JX09 or placebo MAD,ext:placebo,1
TNP-2092 placebo capsules,TNP-2092 placebo capsules,ext:placebo,1
Megestrol Acetate Oral Suspension Placebo combined with standard therapy,Megestrol Acetate Oral Suspension Placebo combined with standard therapy,ext:placebo,1
magnesium sulfate.,magnesium sulfate.,ext:magnesium sulfate,1
Intravenous infusion of placebo,Intravenous infusion of placebo,ext:placebo,1
Intravenous hypertonic saline 3%,Intravenous hypertonic saline 3%,ext:saline,1
Hypertonic saline 3% nebulizer,Hypertonic saline 3% nebulizer,ext:saline,1
Placebo 7.5 mg,Placebo 7.5 mg,ext:placebo,1
Placebo 22.5 mg,Placebo 22.5 mg,ext:placebo,1
Placebo 15 mg,Placebo 15 mg,ext:placebo,1
Placebo probucol,Placebo probucol,ext:placebo,1
0.9% Sodium Chloride (placebo),0.9% Sodium Chloride (placebo),canonical:Sodium Chloride,1
HRS-1780 tablet；Henagliflozin Proline tablet；HRS-1780 tablet placebo ；Henagliflozin Proline tablet placebo,HRS-1780 tablet；Henagliflozin Proline tablet；HRS-1780 tablet placebo ；Henagliflozin Proline tablet placebo,ext:placebo,1
89Zr-Patritumab deruxtecan,89Zr-Patritumab deruxtecan,radiotracer/imaging,1
Dimolegin placebo,Dimolegin placebo,ext:placebo,1
Sodium enoxaparine placebo,Sodium enoxaparine placebo,ext:placebo,1
Benztropine Mesylate 0.5 MG and passive placebo RAP,Benztropine Mesylate 0.5 MG and passive placebo RAP,ext:placebo,1
18F-mFBG,18F-mFBG,radiotracer/imaging,1
Placebo matching BI 765423,Placebo matching BI 765423,ext:placebo,1
Placebo (active placebo),Placebo (active placebo),ext:placebo,1
TQH3906 placebo,TQH3906 placebo,ext:placebo,1
RZ358 (5 mg/kg) + SOC (Standard-of-Care) or Placebo + SOC,RZ358 (5 mg/kg) + SOC (Standard-of-Care) or Placebo + SOC,ext:placebo,1
RZ358 (10 mg/kg) or Placebo + SOC,RZ358 (10 mg/kg) or Placebo + SOC,ext:placebo,1
Placebo to zopiclone,Placebo to zopiclone,ext:placebo,1
famotidine plus10ml normal saline,famotidine plus10ml normal saline,ext:saline,1
HS-10511 Tablets Placebo,HS-10511 Tablets Placebo,ext:placebo,1
Placebo for 3BNC117-LS,Placebo for 3BNC117-LS,ext:placebo,1
Placebo for 10-1074-LS,Placebo for 10-1074-LS,ext:placebo,1
Zipalertinib Matching-placebo,Zipalertinib Matching-placebo,ext:placebo,1
Placebo matching atorvastatin,Placebo matching atorvastatin,ext:placebo,1
Immediate release torsemide placebo,Immediate release torsemide placebo,ext:placebo,1
Extended release torsemide placebo,Extended release torsemide placebo,ext:placebo,1
Intrathecal 1.6 ml 0.75% bupivacaine in 8.25% dextrose combined with 15 mcg fentanyl and 150 mcg preservative-free morphine,Intrathecal 1.6 ml 0.75% bupivacaine in 8.25% dextrose combined with 15 mcg fentanyl and 150 mcg preservative-free morphine,ext:dextrose,1
Xuanfei Baidu Granule Placebo,Xuanfei Baidu Granule Placebo,ext:placebo,1
[89Zr]Zr-crefmirlimab berdoxam,[89Zr]Zr-crefmirlimab berdoxam,radiotracer/imaging,1
225Ac-PSMA-Trillium (BAY3563254),225Ac-PSMA-Trillium (BAY3563254),radiotracer/imaging,1
Saline bags,Saline bags,ext:saline,1
"Sodium Chloride 0.9% for Injection, Preservative Free","Sodium Chloride 0.9% for Injection, Preservative Free",canonical:Sodium Chloride,1
Placebo to elinzanetant,Placebo to elinzanetant,ext:placebo,1
Placebo Capsule (Part 3),Placebo Capsule (Part 3),ext:placebo,1
Placebo Capsule (Part 1),Placebo Capsule (Part 1),ext:placebo,1
Sodium Chloride 0.9% Inj pre-exposure,Sodium Chloride 0.9% Inj pre-exposure,canonical:Sodium Chloride,1
Placebo for FB-101,Placebo for FB-101,ext:placebo,1
Sodium Chloride 0.9% Inj post-exposure,Sodium Chloride 0.9% Inj post-exposure,canonical:Sodium Chloride,1
Placebo ( FE),Placebo ( FE),ext:placebo,1
SHEN211 placebo tablets,SHEN211 placebo tablets,ext:placebo,1
Placebo matching BI 456906,Placebo matching BI 456906,ext:placebo,1
Placebo caplets of Proliverenol,Placebo caplets of Proliverenol,ext:placebo,1
225Ac-FAPI-XT,225Ac-FAPI-XT,radiotracer/imaging,1
Sleeve gastrectomy followed with early mazdutide placebo initation,Sleeve gastrectomy followed with early mazdutide placebo initation,ext:placebo,1
Ayr Saline Nasal Gel,Ayr Saline Nasal Gel,ext:saline,1
Cephalexin or placebo,Cephalexin or placebo,ext:placebo,1
Placebo + usual care,Placebo + usual care,ext:placebo,1
placebo subcutaneously injected +Platinum-based doublet chemotherapy intravenous injection,placebo subcutaneously injected +Platinum-based doublet chemotherapy intravenous injection,ext:placebo,1
[18F]Fluorodeoxyglucose,[18F]Fluorodeoxyglucose,radiotracer/imaging,1
Radiation: 18F-AlF-FAPi-04,Radiation: 18F-AlF-FAPi-04,radiotracer/imaging,1
Treatment B: Placebo (Azelastine 0.15% vehicle) nasal spray,Treatment B: Placebo (Azelastine 0.15% vehicle) nasal spray,ext:placebo,1
Radiation: 18F-FDG,Radiation: 18F-FDG,radiotracer/imaging,1
Use of magnesium sulfate to prevent and stop fits in pre-eclampsia and Eclampsia,Use of magnesium sulfate to prevent and stop fits in pre-eclampsia and Eclampsia,ext:magnesium sulfate,1
Placebo of Omega-3 fatty acid softgel capsule,Placebo of Omega-3 fatty acid softgel capsule,ext:placebo,1
Magnesium Sulfate within the first hour,Magnesium Sulfate within the first hour,ext:magnesium sulfate,1
Listerine Total Care Zero Alcohol Mouthwash,Listerine Total Care Zero Alcohol Mouthwash,ext:alcohol,1
Acetaminophen/Placebo,Acetaminophen/Placebo,ext:placebo,1
Placebo Subcutaneous (SC) Injection,Placebo Subcutaneous (SC) Injection,ext:placebo,1
Placebo Intravenous (IV) Infusion,Placebo Intravenous (IV) Infusion,ext:placebo,1
Shuxuening injection or placebo,Shuxuening injection or placebo,ext:placebo,1
Placebo for PF-07868489,Placebo for PF-07868489,ext:placebo,1
Placebo (NNC0560-0004),Placebo (NNC0560-0004),ext:placebo,1
EG017 ointment placebo,EG017 ointment placebo,ext:placebo,1
225Ac-PSMA-XT,225Ac-PSMA-XT,radiotracer/imaging,1
cryotherapy with sterile saline at 2.5ºC,cryotherapy with sterile saline at 2.5ºC,ext:saline,1
control with sterile saline at room temperature,control with sterile saline at room temperature,ext:saline,1
Intravenous thrombolysis plus placebo,Intravenous thrombolysis plus placebo,ext:placebo,1
Xuanfei Baidu granule Placebo,Xuanfei Baidu granule Placebo,ext:placebo,1
NUV001 placebo cohort 4,NUV001 placebo cohort 4,ext:placebo,1
NUV001 placebo cohort 3,NUV001 placebo cohort 3,ext:placebo,1
Intravenous placebo before endovascular thrombectomy,Intravenous placebo before endovascular thrombectomy,ext:placebo,1
NUV001 placebo cohort 2,NUV001 placebo cohort 2,ext:placebo,1
NUV001 placebo cohort 1,NUV001 placebo cohort 1,ext:placebo,1
Placebo injection for IV infusion,Placebo injection for IV infusion,ext:placebo,1
Placebo (Cohort B),Placebo (Cohort B),ext:placebo,1
Placebo (Cohort A),Placebo (Cohort A),ext:placebo,1
VV119 Placebo(SAD),VV119 Placebo(SAD),ext:placebo,1
18F-fluciclovine injection,18F-fluciclovine injection,radiotracer/imaging,1
TollB-001 placebo,TollB-001 placebo,ext:placebo,1
Lactated Ringer's Injection (crystalloid),Lactated Ringer's Injection (crystalloid),ext:ringer,1
Aspirin Throat Spray and Placebo Tablet,Aspirin Throat Spray and Placebo Tablet,ext:placebo,1
submucosal 2 mL 0.9% isotonic sodium chloride application,submucosal 2 mL 0.9% isotonic sodium chloride application,canonical:Sodium Chloride,1
placebo-Q2W,placebo-Q2W,ext:placebo,1
"Placebo of D064 and D702, QD","Placebo of D064 and D702, QD",ext:placebo,1
"D064 and Placebo of D702, QD","D064 and Placebo of D702, QD",ext:placebo,1
Placebo (1.5 ml),Placebo (1.5 ml),ext:placebo,1
50 ml of normal saline intravenous infusion,50 ml of normal saline intravenous infusion,ext:saline,1
250 ML NaCl 4.5 MG/ML Injection,250 ML NaCl 4.5 MG/ML Injection,ext:nacl,1
PET scan of 68Ga-FAPI,PET scan of 68Ga-FAPI,radiotracer/imaging,1
Active placebo (low dose of psilocybin),Active placebo (low dose of psilocybin),ext:placebo,1
Ningmitai placebo,Ningmitai placebo,ext:placebo,1
Celecoxib placebo,Celecoxib placebo,ext:placebo,1
Placebo suspension or capsule,Placebo suspension or capsule,ext:placebo,1
68Ga-DOTA-MGS5,68Ga-DOTA-MGS5,radiotracer/imaging,1
oral glucose 25%,oral glucose 25%,ext:glucose,1
TQ-A3334 placebo tablets,TQ-A3334 placebo tablets,ext:placebo,1
CHF6333 Placebo,CHF6333 Placebo,ext:placebo,1
hydrodilation with Normal saline,hydrodilation with Normal saline,ext:saline,1
hydrodilation with 15% hypertonic dextrose,hydrodilation with 15% hypertonic dextrose,ext:dextrose,1
15% hypertonic dextrose,15% hypertonic dextrose,ext:dextrose,1
Sodium lactate,Sodium lactate,canonical:Sodium Lactate,1
68Ga-NOTA-H006 is injected intravenously with a dose of 1.8 MBq[0.05MCi]/kg.,68Ga-NOTA-H006 is injected intravenously with a dose of 1.8 MBq[0.05MCi]/kg.,radiotracer/imaging,1
Placebo and Triamcinolone ointment,Placebo and Triamcinolone ointment,ext:placebo,1
Placebo Comparator 0.25 mg/kg/day,Placebo Comparator 0.25 mg/kg/day,ext:placebo,1
SG301 SC Placebo,SG301 SC Placebo,ext:placebo,1
GUB014295-PLACEBO,GUB014295-PLACEBO,ext:placebo,1
"SBI-100 Ophthalmic Emulsion, Placebo","SBI-100 Ophthalmic Emulsion, Placebo",ext:placebo,1
18F-FDHT,18F-FDHT,radiotracer/imaging,1
AP026 (TQA2226) for injection matching placebo,AP026 (TQA2226) for injection matching placebo,ext:placebo,1
Placebo matching BI 765845,Placebo matching BI 765845,ext:placebo,1
Placebo supplementation,Placebo supplementation,ext:placebo,1
Placebo (Capsule/Tablet),Placebo (Capsule/Tablet),ext:placebo,1
steroid(beclomethasone dipropionate 400 μg/day) and salbutamol with 0.9% normal saline,steroid(beclomethasone dipropionate 400 μg/day) and salbutamol with 0.9% normal saline,ext:saline,1
3% normal saline,3% normal saline,ext:saline,1
[18F]Florbetazine ([18F]92),[18F]Florbetazine ([18F]92),radiotracer/imaging,1
Oxytocin + normal saline,Oxytocin + normal saline,ext:saline,1
TQB2450 +Androtinib Placebo+Docetaxel,TQB2450 +Androtinib Placebo+Docetaxel,ext:placebo,1
DA-5219 Placebo,DA-5219 Placebo,ext:placebo,1
"Placebo QD + SGLT2i QD, Washout, Lorundrostat 25mg+SGLT2i QD","Placebo QD + SGLT2i QD, Washout, Lorundrostat 25mg+SGLT2i QD",ext:placebo,1
"Lorundrostat 25mg+SGLT2i QD, Washout, Placebo+SGLT2i QD","Lorundrostat 25mg+SGLT2i QD, Washout, Placebo+SGLT2i QD",ext:placebo,1
Sodium Chloride 0.9 % in 5 ML Injection,Sodium Chloride 0.9 % in 5 ML Injection,canonical:Sodium Chloride,1
BIIB142-Matching Placebo,BIIB142-Matching Placebo,ext:placebo,1
Placebo ( Revefenacin and Formoterol ),Placebo ( Revefenacin and Formoterol ),ext:placebo,1
68Ga-NOTA-PEG2-RM26,68Ga-NOTA-PEG2-RM26,radiotracer/imaging,1
[225Ac]-FPI-2068,[225Ac]-FPI-2068,radiotracer/imaging,1
[111In]-FPI-2107,[111In]-FPI-2107,radiotracer/imaging,1
Bupivacaine plus normal saline,Bupivacaine plus normal saline,ext:saline,1
Bupivacaine plus normal saline containing MgSO4,Bupivacaine plus normal saline containing MgSO4,ext:saline,1
rocuronium-normal-saline mixture,rocuronium-normal-saline mixture,ext:saline,1
Placebo to BAY3018250,Placebo to BAY3018250,ext:placebo,1
"HEC88473, Placebo, Dulaglutide","HEC88473, Placebo, Dulaglutide",ext:placebo,1
[212Pb] VMT-α-NET,[212Pb] VMT-α-NET,radiotracer/imaging,1
Placebo for ABBV-141,Placebo for ABBV-141,ext:placebo,1
Normal Saline Eye Drops,Normal Saline Eye Drops,ext:saline,1
saline +5% albumin,saline +5% albumin,ext:saline,1
[89Zr]Zr-DFO-RD06,[89Zr]Zr-DFO-RD06,radiotracer/imaging,1
[89Zr]Zr-DFO-RB6,[89Zr]Zr-DFO-RB6,radiotracer/imaging,1
[89Zr]Zr-DFO-R8B4,[89Zr]Zr-DFO-R8B4,radiotracer/imaging,1
[68Ga]Ga-NOTA-RD06,[68Ga]Ga-NOTA-RD06,radiotracer/imaging,1
[68Ga]Ga-NOTA-R8B4,[68Ga]Ga-NOTA-R8B4,radiotracer/imaging,1
[18F]F-RESCA-RD06,[18F]F-RESCA-RD06,radiotracer/imaging,1
[18F]F-RESCA-RCCB6,[18F]F-RESCA-RCCB6,radiotracer/imaging,1
[18F]F-RESCA-R8B4,[18F]F-RESCA-R8B4,radiotracer/imaging,1
ringer lactate (20ml/kg),ringer lactate (20ml/kg),ext:ringer,1
Placebo (injection),Placebo (injection),ext:placebo,1
Moxifloxacin Matching Placebo,Moxifloxacin Matching Placebo,ext:placebo,1
BMS-986419 Matching Placebo,BMS-986419 Matching Placebo,ext:placebo,1
111In-ABD147,111In-ABD147,radiotracer/imaging,1
injection of dextrose 25% in retrodiscal tissues,injection of dextrose 25% in retrodiscal tissues,ext:dextrose,1
injection of dextrose 10% in retrodiscal tissues,injection of dextrose 10% in retrodiscal tissues,ext:dextrose,1
Budesonide buffered with 0.9% isotonic saline.,Budesonide buffered with 0.9% isotonic saline.,ext:saline,1
0.00025% Lacripep ophthalmic solution and Placebo,0.00025% Lacripep ophthalmic solution and Placebo,ext:placebo,1
Chemical Denervation with Absolute Alcohol,Chemical Denervation with Absolute Alcohol,ext:alcohol,1
SHR-1139 Injections Placebo,SHR-1139 Injections Placebo,ext:placebo,1
SAL0140 placebo,SAL0140 placebo,ext:placebo,1
Oral placebo solution,Oral placebo solution,ext:placebo,1
Mexidol + Placebo,Mexidol + Placebo,ext:placebo,1
Gargle with 2.5% sodium bicarbonate solution during radiotherapy,Gargle with 2.5% sodium bicarbonate solution during radiotherapy,ext:sodium bicarbonate,1
Gargle with 0.9% sodium chloride solution during radiotherapy,Gargle with 0.9% sodium chloride solution during radiotherapy,canonical:Sodium Chloride,1
HRS-1301 placebo,HRS-1301 placebo,ext:placebo,1
Qingre Huatan Formula placebo,Qingre Huatan Formula placebo,ext:placebo,1
Placebo for micronized progesterone,Placebo for micronized progesterone,ext:placebo,1
Placebo for estradiol gel,Placebo for estradiol gel,ext:placebo,1
Dietary Supplement: Vitamin D3 placebo,Dietary Supplement: Vitamin D3 placebo,ext:placebo,1
Technetium-99m Diethylenetriaminepentaacetic Acid,Technetium-99m Diethylenetriaminepentaacetic Acid,radiotracer/imaging,1
Anhydrous glucose,Anhydrous glucose,ext:glucose,1
Ringer lactate (RLS),Ringer lactate (RLS),ext:ringer,1
Dextran+Ringer Lactat(D+RLS),Dextran+Ringer Lactat(D+RLS),ext:ringer,1
Placebo combined with androgen deprivation treatment group,Placebo combined with androgen deprivation treatment group,ext:placebo,1
5% dextrose prolotherapy,5% dextrose prolotherapy,ext:dextrose,1
Ornidazole and Sodium Chloride Injection,Ornidazole and Sodium Chloride Injection,canonical:Sodium Chloride,1
[68Ga]Ga-ABY-025,[68Ga]Ga-ABY-025,radiotracer/imaging,1
radionuclide therapy with 177Lu-PSMA-I&T,radionuclide therapy with 177Lu-PSMA-I&T,radiotracer/imaging,1
Placebo for Sulfamethoxazole-Trimethoprim,Placebo for Sulfamethoxazole-Trimethoprim,ext:placebo,1
HRS9531 Tablet placebo,HRS9531 Tablet placebo,ext:placebo,1
Placebo&HS-20137,Placebo&HS-20137,ext:placebo,1
SYH2062-Matching placebo,SYH2062-Matching placebo,ext:placebo,1
[68Ga]Ga-OncoCAIX,[68Ga]Ga-OncoCAIX,radiotracer/imaging,1
[68Ga]Ga-OncoACP3,[68Ga]Ga-OncoACP3,radiotracer/imaging,1
Placebo (twice daily),Placebo (twice daily),ext:placebo,1
Pioglitazone 15 mg increased to 30 mg after 2 weeks plus Empagliflozin Placebo,Pioglitazone 15 mg increased to 30 mg after 2 weeks plus Empagliflozin Placebo,ext:placebo,1
Pioglitazone placebo + Empagliflozin placebo,Pioglitazone placebo + Empagliflozin placebo,ext:placebo,1
Opioid Placebo,Opioid Placebo,ext:placebo,1
Placebo (Matching for Propranolol & Etodolac),Placebo (Matching for Propranolol & Etodolac),ext:placebo,1
Empagliflozin 25 MG plus Pioglitazone placebo,Empagliflozin 25 MG plus Pioglitazone placebo,ext:placebo,1
TQB3702 Placebo,TQB3702 Placebo,ext:placebo,1
TQB3702 Tablets+TQB3702 Placebo,TQB3702 Tablets+TQB3702 Placebo,ext:placebo,1
caramel dyed starch placebo,caramel dyed starch placebo,ext:placebo,1
SHR-1139 Injection Placebo,SHR-1139 Injection Placebo,ext:placebo,1
Placebo for LYN-005,Placebo for LYN-005,ext:placebo,1
Placebo comparator to 20 mg capsule,Placebo comparator to 20 mg capsule,ext:placebo,1
Placebo for IR Risperidone,Placebo for IR Risperidone,ext:placebo,1
Placebo comparator to XR tablet,Placebo comparator to XR tablet,ext:placebo,1
177Lu-Dotatate (7.4 Gigabecquerel/cycle) during 30 min intravenous infusion every 8 weeks (q8w) x 4 cycles; 2) and 3) as in the experimental arm.,177Lu-Dotatate (7.4 Gigabecquerel/cycle) during 30 min intravenous infusion every 8 weeks (q8w) x 4 cycles; 2) and 3) as in the experimental arm.,radiotracer/imaging,1
177Lu-Dotatate (7.4 Gigabecquerel/cycle) during 30 min intravenous infusion every 16 weeks (q8w) x 4 cycles; 2) and 3) as in the experimental arm.,177Lu-Dotatate (7.4 Gigabecquerel/cycle) during 30 min intravenous infusion every 16 weeks (q8w) x 4 cycles; 2) and 3) as in the experimental arm.,radiotracer/imaging,1
intranasal normal saline for preanasthetic sedation for Adenotonsillectomy,intranasal normal saline for preanasthetic sedation for Adenotonsillectomy,ext:saline,1
A 10-mL syringe of 10 mcg/mL fentanyl (induction syringe) and a 50-mL syringe of saline (infusion syringe) will be prepared as placebo.,A 10-mL syringe of 10 mcg/mL fentanyl (induction syringe) and a 50-mL syringe of saline (infusion syringe) will be prepared as placebo.,ext:placebo,1
"Placebo (Part A, Double-blind)","Placebo (Part A, Double-blind)",ext:placebo,1
68Ga-GP-01 Injection,68Ga-GP-01 Injection,radiotracer/imaging,1
"HDM1002 placebo, oral, once daily, 52 weeks","HDM1002 placebo, oral, once daily, 52 weeks",ext:placebo,1
Low-dose placebo control group,Low-dose placebo control group,ext:placebo,1
group c: will recieve .9% saline,group c: will recieve .9% saline,ext:saline,1
High-dose placebo control group,High-dose placebo control group,ext:placebo,1
Psilocybin placebo,Psilocybin placebo,ext:placebo,1
"3,4-Methylenedioxymethamphetamine placebo","3,4-Methylenedioxymethamphetamine placebo",ext:placebo,1
"Encapsulated placebo (matched for color, weight, smell and size)","Encapsulated placebo (matched for color, weight, smell and size)",ext:placebo,1
Saline (NaCl),Saline (NaCl),ext:saline,1
CX2101A placebo tablet,CX2101A placebo tablet,ext:placebo,1
CX2101A placebo enteric-coated tablet,CX2101A placebo enteric-coated tablet,ext:placebo,1
Placebo plus background lipid-modifying therapy,Placebo plus background lipid-modifying therapy,ext:placebo,1
"[177Lu]Lu-PSMA-617 (Pluvicto, Novartis)","[177Lu]Lu-PSMA-617 (Pluvicto, Novartis)",radiotracer/imaging,1
Placebo combined with androgen deprivation therapy,Placebo combined with androgen deprivation therapy,ext:placebo,1
AL2846 Placebo,AL2846 Placebo,ext:placebo,1
Placebo in combination with metformin,Placebo in combination with metformin,ext:placebo,1
"0,9% saline solution, eye drops","0,9% saline solution, eye drops",ext:saline,1
SHR-1314 Placebo Injection,SHR-1314 Placebo Injection,ext:placebo,1
DR10624 Injection Placebo (referred to as placebo),DR10624 Injection Placebo (referred to as placebo),ext:placebo,1
"Part D - Randomised, placebo-controlled, expansion cohort in participants with axSpA","Part D - Randomised, placebo-controlled, expansion cohort in participants with axSpA",ext:placebo,1
normal saline IV,normal saline IV,ext:saline,1
5% Dextrose/Water,5% Dextrose/Water,ext:dextrose,1
11C-JMJ-129,11C-JMJ-129,radiotracer/imaging,1
SKY-0515 Placebo,SKY-0515 Placebo,ext:placebo,1
Placebo-controlled（SAD）,Placebo-controlled（SAD）,ext:placebo,1
Placebo-controlled（MAD）,Placebo-controlled（MAD）,ext:placebo,1
Saline (control group),Saline (control group),ext:saline,1
Placebo comparator: placebo treatment group,Placebo comparator: placebo treatment group,ext:placebo,1
Placebo in clinic,Placebo in clinic,ext:placebo,1
Placebo in the OR,Placebo in the OR,ext:placebo,1
Remibrutinib matching placebo,Remibrutinib matching placebo,ext:placebo,1
Placebo solution for injection,Placebo solution for injection,ext:placebo,1
"Cohort 2A (Pocenbrodib monotherapy), Cohort 2B (Pocenbrodib + abiraterone acetate), Cohort 2C (Pocenbrodib + olaparib), Cohort 2D (Pocenbrodib + 177Lu-PSMA-617","Cohort 2A (Pocenbrodib monotherapy), Cohort 2B (Pocenbrodib + abiraterone acetate), Cohort 2C (Pocenbrodib + olaparib), Cohort 2D (Pocenbrodib + 177Lu-PSMA-617",radiotracer/imaging,1
ZE63-0302 or placebo,ZE63-0302 or placebo,ext:placebo,1
Placebo-controlled group,Placebo-controlled group,ext:placebo,1
Intra-arterial Saline,Intra-arterial Saline,ext:saline,1
SHR0302Base gel placebo,SHR0302Base gel placebo,ext:placebo,1
Placebo - TT5 vehicle,Placebo - TT5 vehicle,ext:placebo,1
IL-22 (F-652) Placebo,IL-22 (F-652) Placebo,ext:placebo,1
placebo for QL1604,placebo for QL1604,ext:placebo,1
placebo for Iparomlimab and Tuvonralimab (QL1706),placebo for Iparomlimab and Tuvonralimab (QL1706),ext:placebo,1
Placebo to match CK-4021586,Placebo to match CK-4021586,ext:placebo,1
placebo + artificial tear,placebo + artificial tear,ext:placebo,1
IMC-001 placebo and optimal medical treatment,IMC-001 placebo and optimal medical treatment,ext:placebo,1
ATTO-1310 Placebo,ATTO-1310 Placebo,ext:placebo,1
ZE50-0134 or placebo,ZE50-0134 or placebo,ext:placebo,1
TQC2938 injection Placebo,TQC2938 injection Placebo,ext:placebo,1
0.1ml/kg normal saline,0.1ml/kg normal saline,ext:saline,1
Placebo plus TAU,Placebo plus TAU,ext:placebo,1
Placebo in combination with Cytarabine Injection,Placebo in combination with Cytarabine Injection,ext:placebo,1
Placebo-matching BI 1584862,Placebo-matching BI 1584862,ext:placebo,1
111In-XYIMSR-01,111In-XYIMSR-01,radiotracer/imaging,1
Ginkgo Biloba like Placebo,Ginkgo Biloba like Placebo,ext:placebo,1
Desmopressin like Placebo,Desmopressin like Placebo,ext:placebo,1
Placebo in combination with semaglutide,Placebo in combination with semaglutide,ext:placebo,1
fluconazole capsules/placebo,fluconazole capsules/placebo,ext:placebo,1
WXSH0102/placebo,WXSH0102/placebo,ext:placebo,1
Cyclosporine ophthalmic gel vehicle,Cyclosporine ophthalmic gel vehicle,ext:vehicle,1
Placebo matching Vicadrostat,Placebo matching Vicadrostat,ext:placebo,1
Dexmedetomidine with Mannitol,Dexmedetomidine with Mannitol,ext:mannitol,1
Placebo and Plitidepsin 1.5mg/day,Placebo and Plitidepsin 1.5mg/day,ext:placebo,1
Normal Saline (0.9% Sodium Chloride),Normal Saline (0.9% Sodium Chloride),canonical:Sodium Chloride,1
Levamlodipine placebo,Levamlodipine placebo,ext:placebo,1
Ceftazidime± avibactam with placebo,Ceftazidime± avibactam with placebo,ext:placebo,1
placebo spot cream,placebo spot cream,ext:placebo,1
placebo cream combination,placebo cream combination,ext:placebo,1
placebo cleanser,placebo cleanser,ext:placebo,1
Placebo acetylsalicylic acid (100 mg) / 0.9% sodium chloride,Placebo acetylsalicylic acid (100 mg) / 0.9% sodium chloride,canonical:Sodium Chloride,1
RAD101 (18F-FPIA),RAD101 (18F-FPIA),radiotracer/imaging,1
XNW5004 placebo; Chidamide,XNW5004 placebo; Chidamide,ext:placebo,1
XNW5004 ; Chidamide placebo,XNW5004 ; Chidamide placebo,ext:placebo,1
A placebo gel,A placebo gel,ext:placebo,1
Rosuvastatin/Dapagliflozin placebo,Rosuvastatin/Dapagliflozin placebo,ext:placebo,1
Comparator 1: Dapagliflozin/Rosuvastatin placebo,Comparator 1: Dapagliflozin/Rosuvastatin placebo,ext:placebo,1
SYH9056 placebo,SYH9056 placebo,ext:placebo,1
Placebo gel (no Brimonidine tartrate),Placebo gel (no Brimonidine tartrate),ext:placebo,1
Nitazoxanide 600Mg Oral Tablet / placebo oral tablet,Nitazoxanide 600Mg Oral Tablet / placebo oral tablet,ext:placebo,1
HRS-7535 tablet placebo,HRS-7535 tablet placebo,ext:placebo,1
Placebo matched to SC0062,Placebo matched to SC0062,ext:placebo,1
"The cocktail of 0.5% ropivacaine ,5%sodium bicarbonate and 10 mg dexamethasone","The cocktail of 0.5% ropivacaine ,5%sodium bicarbonate and 10 mg dexamethasone",ext:sodium bicarbonate,1
high flow oxygen therapy rate adjusted of lung volumes measured,high flow oxygen therapy rate adjusted of lung volumes measured,ext:oxygen,1
Placebo comparator - no ceftriaxone,Placebo comparator - no ceftriaxone,ext:placebo,1
Ceftriaxone 2g diluted in >200ml 0.9%sodium chloride,Ceftriaxone 2g diluted in >200ml 0.9%sodium chloride,canonical:Sodium Chloride,1
Placebo followed by Fisetin,Placebo followed by Fisetin,ext:placebo,1
Fisetin followed by Placebo,Fisetin followed by Placebo,ext:placebo,1
177Lu-DOTATATE injection,177Lu-DOTATATE injection,radiotracer/imaging,1
HRS-1893 placebo,HRS-1893 placebo,ext:placebo,1
[18F]CSB-321,[18F]CSB-321,radiotracer/imaging,1
Cooled Sodium Chloride Injection,Cooled Sodium Chloride Injection,canonical:Sodium Chloride,1
SHR-2004 placebo,SHR-2004 placebo,ext:placebo,1
Enoxaparin sodium injection placebo,Enoxaparin sodium injection placebo,ext:placebo,1
18F-CP6A,18F-CP6A,radiotracer/imaging,1
68Ga-PSMA-CYC,68Ga-PSMA-CYC,radiotracer/imaging,1
buffered 2% hypertonic saline,buffered 2% hypertonic saline,ext:saline,1
10ml of 10% saline is injected centrally,10ml of 10% saline is injected centrally,ext:saline,1
177Lu-RAD202,177Lu-RAD202,radiotracer/imaging,1
lidocaine group ( nebulized lidocaine + saline) total volume 4 ml,lidocaine group ( nebulized lidocaine + saline) total volume 4 ml,ext:saline,1
Other: placebo,Other: placebo,ext:placebo,1
Placebo with cognitive behavioural therapy intervention,Placebo with cognitive behavioural therapy intervention,ext:placebo,1
68Ga-NODAGA-SNA006,68Ga-NODAGA-SNA006,radiotracer/imaging,1
alcohol neurolysis,alcohol neurolysis,ext:alcohol,1
Placebo matching nerandomilast,Placebo matching nerandomilast,ext:placebo,1
saline irrigation,saline irrigation,ext:saline,1
2% Lidocaine HCl + saline,2% Lidocaine HCl + saline,ext:saline,1
Cold Saline,Cold Saline,ext:saline,1
Vorasidenib Placebo,Vorasidenib Placebo,ext:placebo,1
Placebo Nasal Spray - Placebo Nasal Spray,Placebo Nasal Spray - Placebo Nasal Spray,ext:placebo,1
Fasedienol Nasal Spray - Placebo Nasal Spray,Fasedienol Nasal Spray - Placebo Nasal Spray,ext:placebo,1
IP1 control cream (Vehicle base),IP1 control cream (Vehicle base),ext:vehicle,1
SAL0133 placebo,SAL0133 placebo,ext:placebo,1
RO7837195 Matched Placebo,RO7837195 Matched Placebo,ext:placebo,1
BL1332 ophthalmic vehicle,BL1332 ophthalmic vehicle,ext:vehicle,1
Carbarmazepine Placebo,Carbarmazepine Placebo,ext:placebo,1
GV101 placebo,GV101 placebo,ext:placebo,1
RG6289 placebo,RG6289 placebo,ext:placebo,1
68Ga-NOTA-Nectin-4 antibody fragment,68Ga-NOTA-Nectin-4 antibody fragment,radiotracer/imaging,1
SHR-2173 ；Placebo,SHR-2173 ；Placebo,ext:placebo,1
Donanemab placebo,Donanemab placebo,ext:placebo,1
68Ga-dPNE,68Ga-dPNE,radiotracer/imaging,1
Continuous popliteal nerve block with normal saline,Continuous popliteal nerve block with normal saline,ext:saline,1
SGB-3383-Matching placebo,SGB-3383-Matching placebo,ext:placebo,1
MHB018A placebo,MHB018A placebo,ext:placebo,1
D-Mannitol,D-Mannitol,ext:mannitol,1
TQA3605 tablets Placebo,TQA3605 tablets Placebo,ext:placebo,1
"Placebo (2 tab), PO, qd.","Placebo (2 tab), PO, qd.",ext:placebo,1
Ketamine and Magnesium Sulfate,Ketamine and Magnesium Sulfate,ext:magnesium sulfate,1
Mastalgia-oil placebo,Mastalgia-oil placebo,ext:placebo,1
SHR7280 Placebo Tablet,SHR7280 Placebo Tablet,ext:placebo,1
SCAI-005 0.08% or placebo 2drops,SCAI-005 0.08% or placebo 2drops,ext:placebo,1
SCAI-005 0.08% or placebo,SCAI-005 0.08% or placebo,ext:placebo,1
SCAI-005 0.04% or placebo,SCAI-005 0.04% or placebo,ext:placebo,1
Sucrose Iron，subcutaneous recombinant human erythropoietin，intravenous vitamin C,Sucrose Iron，subcutaneous recombinant human erythropoietin，intravenous vitamin C,ext:sucrose,1
Methyl Cellulose Placebo,Methyl Cellulose Placebo,ext:placebo,1
"contrast media (Imeron 350, active ingredient Iomeprol) volume according to sex-specific blood volume","contrast media (Imeron 350, active ingredient Iomeprol) volume according to sex-specific blood volume",ext:contrast,1
18F-metaFluorobenzylguanidine,18F-metaFluorobenzylguanidine,radiotracer/imaging,1
RO7204239 Matching Placebo,RO7204239 Matching Placebo,ext:placebo,1
Sodium-glucose cotransporter-2 Inhibitors,Sodium-glucose cotransporter-2 Inhibitors,ext:glucose,1
124I AT-01,124I AT-01,radiotracer/imaging,1
Placebo Administered SC,Placebo Administered SC,ext:placebo,1
64Cu-PORPHYSOMES,64Cu-PORPHYSOMES,radiotracer/imaging,1
Placebo given,Placebo given,ext:placebo,1
Placebo Tablet: BID,Placebo Tablet: BID,ext:placebo,1
"Placebo (SIF only, no capsaicin or Flupirtine)","Placebo (SIF only, no capsaicin or Flupirtine)",ext:placebo,1
"Placebo, Maraviroc","Placebo, Maraviroc",ext:placebo,1
"Placebo, Atorvastatin","Placebo, Atorvastatin",ext:placebo,1
Placebo to match zasocitinib,Placebo to match zasocitinib,ext:placebo,1
Placebo to match deucravacitinib,Placebo to match deucravacitinib,ext:placebo,1
Placebo Romosozumab,Placebo Romosozumab,ext:placebo,1
Placebo+Semaglutide,Placebo+Semaglutide,ext:placebo,1
131I-apamistmab,131I-apamistmab,radiotracer/imaging,1
self-manufactured 40% dextrose gel,self-manufactured 40% dextrose gel,ext:dextrose,1
0.9g Naltrexone Implant + 0.6g Naltrexone Implant Placebo,0.9g Naltrexone Implant + 0.6g Naltrexone Implant Placebo,ext:placebo,1
CnU placebo capsule 500 mg(250mg 2 capsule),CnU placebo capsule 500 mg(250mg 2 capsule),ext:placebo,1
"Prusogliptin placebo, Dapagliflozin(high dose), Dapagliflozin (low dose) placebo, plus metformin XR","Prusogliptin placebo, Dapagliflozin(high dose), Dapagliflozin (low dose) placebo, plus metformin XR",ext:placebo,1
Gel PKB171 placebo,Gel PKB171 placebo,ext:placebo,1
"Prusogliptin, Dapagliflozin (high dose) placebo, Dapagliflozin(low dose) placebo, plus metformin XR","Prusogliptin, Dapagliflozin (high dose) placebo, Dapagliflozin(low dose) placebo, plus metformin XR",ext:placebo,1
GenSci134 Placebo,GenSci134 Placebo,ext:placebo,1
"Prusogliptin, Dapagliflozin(high dose) placebo, Dapagliflozin (low dose), plus metformin XR","Prusogliptin, Dapagliflozin(high dose) placebo, Dapagliflozin (low dose), plus metformin XR",ext:placebo,1
"Prusogliptin, Dapagliflozin(high dose), Dapagliflozin (low dose) placebo, plus metformin XR","Prusogliptin, Dapagliflozin(high dose), Dapagliflozin (low dose) placebo, plus metformin XR",ext:placebo,1
177Lu-CTR-FAPI nuclide-targeted therapy,177Lu-CTR-FAPI nuclide-targeted therapy,radiotracer/imaging,1
Antipsychotics plus Placebo,Antipsychotics plus Placebo,ext:placebo,1
Matching placebo Part B,Matching placebo Part B,ext:placebo,1
Matching placebo Part A,Matching placebo Part A,ext:placebo,1
"FICOXPEA® is an oral combination of Phycocyanin, Palmitoylethanolamide and selenium","FICOXPEA is an oral combination of Phycocyanin, Palmitoylethanolamide and selenium",ext:ethanol,1
18F-Florbetapir or 18F-Flutemetamol,18F-Florbetapir or 18F-Flutemetamol,radiotracer/imaging,1
placebo for remdesivir,placebo for remdesivir,ext:placebo,1
placebo for ibuzatrelvir,placebo for ibuzatrelvir,ext:placebo,1
PG-033 placebo comparator,PG-033 placebo comparator,ext:placebo,1
CONTINUE NASAL SALINE IRRIGATION WITH OR WITHOUT STEROID,CONTINUE NASAL SALINE IRRIGATION WITH OR WITHOUT STEROID,ext:saline,1
89Zr-LNCab190,89Zr-LNCab190,radiotracer/imaging,1
89Zr-LNCab072,89Zr-LNCab072,radiotracer/imaging,1
89Zr-LNCab002,89Zr-LNCab002,radiotracer/imaging,1
89Zr-LNCab104,89Zr-LNCab104,radiotracer/imaging,1
89Zr-LNCab103,89Zr-LNCab103,radiotracer/imaging,1
Upadacitinib Placebo,Upadacitinib Placebo,ext:placebo,1
[18F]F-RESCA-EPCD6,[18F]F-RESCA-EPCD6,radiotracer/imaging,1
One tablet of placebo of dapagliflozin 10 mg,One tablet of placebo of dapagliflozin 10 mg,ext:placebo,1
Placebo (Sodium Chloride Injection 0.9%),Placebo (Sodium Chloride Injection 0.9%),canonical:Sodium Chloride,1
ASC50 tablets or matching placebo,ASC50 tablets or matching placebo,ext:placebo,1
OX118 or placebo,OX118 or placebo,ext:placebo,1
[64Cu]Cu-AKY-1189 (imaging),[64Cu]Cu-AKY-1189 (imaging),radiotracer/imaging,1
[225Ac]Ac-AKY-1189 (therapeutic),[225Ac]Ac-AKY-1189 (therapeutic),radiotracer/imaging,1
Vitamin D 5000 IU+ placebo,Vitamin D 5000 IU+ placebo,ext:placebo,1
"Placebo : calcium carbonate 500 mg, microcrystalline cellulose, magnesium stearate, sodium starch glycolate","Placebo : calcium carbonate 500 mg, microcrystalline cellulose, magnesium stearate, sodium starch glycolate",ext:placebo,1
"Prusogliptin placebo, Dapagliflozin (high dose) placebo, Dapagliflozin (low dose), plus metformin XR","Prusogliptin placebo, Dapagliflozin (high dose) placebo, Dapagliflozin (low dose), plus metformin XR",ext:placebo,1
[68Ga]Ga-NOTA-EPCD6,[68Ga]Ga-NOTA-EPCD6,radiotracer/imaging,1
HRS-1893 Placebo Tablets,HRS-1893 Placebo Tablets,ext:placebo,1
[68Ga]Ga DOTA-5G,[68Ga]Ga DOTA-5G,radiotracer/imaging,1
Drug：Placebo,Drug：Placebo,ext:placebo,1
PLACEBO: 2.5mL of normal saline 0.9% and benzalkonium chloride 0.02%,PLACEBO: 2.5mL of normal saline 0.9% and benzalkonium chloride 0.02%,ext:placebo,1
Ultrasonic atomization of normal saline,Ultrasonic atomization of normal saline,ext:saline,1
ASC30 tablets or ASC30 tablets A1 or placebo,ASC30 tablets or ASC30 tablets A1 or placebo,ext:placebo,1
BEBT-209 Placebo capluses,BEBT-209 Placebo capluses,ext:placebo,1
local application of placebo gel,local application of placebo gel,ext:placebo,1
Placebo to LXE408,Placebo to LXE408,ext:placebo,1
[18F]MK6240,[18F]MK6240,radiotracer/imaging,1
[ 18F]3F4AP,[ 18F]3F4AP,radiotracer/imaging,1
[111In]In-DOTA-TCO-trastuzumab,[111In]In-DOTA-TCO-trastuzumab,radiotracer/imaging,1
Group (C) will receive normal saline post-anesthetic discontinuation.,Group (C) will receive normal saline post-anesthetic discontinuation.,ext:saline,1
Intravenous Ethanol,Intravenous Ethanol,ext:ethanol,1
Rabeprazole + Anaprazole placebo,Rabeprazole + Anaprazole placebo,ext:placebo,1
Anaprazole + Rabeprazole placebo,Anaprazole + Rabeprazole placebo,ext:placebo,1
SHR-2017、Denosumab placebo,SHR-2017、Denosumab placebo,ext:placebo,1
0.9 % Normal Saline 35ml,0.9 % Normal Saline 35ml,ext:saline,1
Ursa tab. 200mg & CnU placebo cap. 250mg,Ursa tab. 200mg & CnU placebo cap. 250mg,ext:placebo,1
CnU cap. 250mg & Ursa placebo tab. 200mg,CnU cap. 250mg & Ursa placebo tab. 200mg,ext:placebo,1
Denosumab；SHR-2017 placebo,Denosumab；SHR-2017 placebo,ext:placebo,1
111In-ETN029,111In-ETN029,radiotracer/imaging,1
225Ac-ETN029,225Ac-ETN029,radiotracer/imaging,1
Placebo of Dutasteride Capsule,Placebo of Dutasteride Capsule,ext:placebo,1
Placebo of CKD-843 dose,Placebo of CKD-843 dose,ext:placebo,1
"Placebo, the same Inhalation aerosol solution without PA9159 active ingredient","Placebo, the same Inhalation aerosol solution without PA9159 active ingredient",ext:placebo,1
"JUV-161, Placebo","JUV-161, Placebo",ext:placebo,1
RSS0393 ointment placebo,RSS0393 ointment placebo,ext:placebo,1
Will take 200mg/day magnesium oxide placebo.,Will take 200mg/day magnesium oxide placebo.,ext:placebo,1
"After surgery for Crohn's disease, eligible patients will be randomized 1:1 to receive oral EXL01 or placebo with or without SoC treatment (based on investigator decision) for up to 24 weeks","After surgery for Crohn's disease, eligible patients will be randomized 1:1 to receive oral EXL01 or placebo with or without SoC treatment (based on investigator decision) for up to 24 weeks",ext:placebo,1
Tebapivat Matched Placebo,Tebapivat Matched Placebo,ext:placebo,1
CGRP mAbs and placebo,CGRP mAbs and placebo,ext:placebo,1
Y-6 placebo,Y-6 placebo,ext:placebo,1
Phase IIb：Placebo,Phase IIb：Placebo,ext:placebo,1
Placebo tablet to match spironolactone,Placebo tablet to match spironolactone,ext:placebo,1
Phase III：Placebo,Phase III：Placebo,ext:placebo,1
Spray of placebo,Spray of placebo,ext:placebo,1
RC1416 Placebo,RC1416 Placebo,ext:placebo,1
TQB3473 Placebo,TQB3473 Placebo,ext:placebo,1
KHN702 tablet or placebo,KHN702 tablet or placebo,ext:placebo,1
177Lu-LNC1004 Injection,177Lu-LNC1004 Injection,radiotracer/imaging,1
Matching placebo (all cohorts),Matching placebo (all cohorts),ext:placebo,1
Intervention Period 4: Semaglutide Placebo + Empagliflozin Placebo,Intervention Period 4: Semaglutide Placebo + Empagliflozin Placebo,ext:placebo,1
Intervention Period 3: Semaglutide Placebo + Empagliflozin,Intervention Period 3: Semaglutide Placebo + Empagliflozin,ext:placebo,1
Intervention Period 2: Semaglutide + Empagliflozin Placebo,Intervention Period 2: Semaglutide + Empagliflozin Placebo,ext:placebo,1
"Saline (NaCl 0,9 %)","Saline (NaCl 0,9 %)",ext:saline,1
WD-910 Tablets Placebo,WD-910 Tablets Placebo,ext:placebo,1
Preoperative sedation with normal saline was administered nasal before surgery,Preoperative sedation with normal saline was administered nasal before surgery,ext:saline,1
Glumetinib Tablets Placebo,Glumetinib Tablets Placebo,ext:placebo,1
"A placebo capsule that is identical in appearance, size, color, formulation, weight, taste, and smell to TJC","A placebo capsule that is identical in appearance, size, color, formulation, weight, taste, and smell to TJC",ext:placebo,1
124I-evuzamitide,124I-evuzamitide,radiotracer/imaging,1
177Lu-NRT6020 Injection (stage 3),177Lu-NRT6020 Injection (stage 3),radiotracer/imaging,1
177Lu-NRT6020 Injection (stage 2),177Lu-NRT6020 Injection (stage 2),radiotracer/imaging,1
Participants are given a placebo to take for 7 days on the day they receive a dextrose prolotherapy (DPT) injection. These procedures are repeated every 3-5 weeks for a total of 3 times.,Participants are given a placebo to take for 7 days on the day they receive a dextrose prolotherapy (DPT) injection. These procedures are repeated every 3-5 weeks for a total of 3 times.,ext:placebo,1
Participants are given Ibuprofen 400 mg to take for 7 days on the day they receive a dextrose prolotherapy (DPT) injection. These procedures are repeated every 3-5 weeks for a total of 3 times.,Participants are given Ibuprofen 400 mg to take for 7 days on the day they receive a dextrose prolotherapy (DPT) injection. These procedures are repeated every 3-5 weeks for a total of 3 times.,ext:dextrose,1
topical application of oxygenated gel,topical application of oxygenated gel,ext:oxygen,1
Placebo of the experimental drug,Placebo of the experimental drug,ext:placebo,1
Matched Placebo Powder for Oral Solution,Matched Placebo Powder for Oral Solution,ext:placebo,1
HRS-7535 Placebo Tablets,HRS-7535 Placebo Tablets,ext:placebo,1
Erythromycin 250mg + placebo,Erythromycin 250mg + placebo,ext:placebo,1
Azithromycin 500mg + placebo,Azithromycin 500mg + placebo,ext:placebo,1
"Control group (clozapine, placebo)","Control group (clozapine, placebo)",ext:placebo,1
VVN461 Ophthalmic Solution Placebo,VVN461 Ophthalmic Solution Placebo,ext:placebo,1
Placebo matching vicadrostat,Placebo matching vicadrostat,ext:placebo,1
HS-10542 Placebo,HS-10542 Placebo,ext:placebo,1
Neoadjuvant placebo plus perioperative SOX,Neoadjuvant placebo plus perioperative SOX,ext:placebo,1
JMKX003142 placebo,JMKX003142 placebo,ext:placebo,1
SAFE (Saline assisted fascial engorgement),SAFE (Saline assisted fascial engorgement),ext:saline,1
BRIMOCHOL PF eye drops; CARBACHOL PF eye drops; Brimonidine eye drops; Placebo,BRIMOCHOL PF eye drops; CARBACHOL PF eye drops; Brimonidine eye drops; Placebo,ext:placebo,1
KarXT + KarX-EC Arm Matching Placebo,KarXT + KarX-EC Arm Matching Placebo,ext:placebo,1
placebo of hydrocortisone plus fludrocortisone,placebo of hydrocortisone plus fludrocortisone,ext:placebo,1
4 µg dexmedetomidine in 0.5 mL of normal saline intrathecal (dexmedetomidine 100 µg/mL will be diluted in 12.5 ml preservative-fr,4 µg dexmedetomidine in 0.5 mL of normal saline intrathecal (dexmedetomidine 100 µg/mL will be diluted in 12.5 ml preservative-fr,ext:saline,1
H057 placebo+standard-of-care,H057 placebo+standard-of-care,ext:placebo,1
[177Lu]Lu-DOTATATE,[177Lu]Lu-DOTATATE,radiotracer/imaging,1
JW0108 + C2407 placebo,JW0108 + C2407 placebo,ext:placebo,1
TOP-N53 vehicle,TOP-N53 vehicle,ext:vehicle,1
"Ivonescimab, AK117 Placebo, Albumin-bound Paclitaxel, Gemcitabine","Ivonescimab, AK117 Placebo, Albumin-bound Paclitaxel, Gemcitabine",ext:placebo,1
"Ivonescimab Placebo, AK117 Placebo, Albumin-bound Paclitaxel, Gemcitabine","Ivonescimab Placebo, AK117 Placebo, Albumin-bound Paclitaxel, Gemcitabine",ext:placebo,1
bacteriostatic saline placebo,bacteriostatic saline placebo,ext:placebo,1
Placebo SION-451,Placebo SION-451,ext:placebo,1
Placebo SION-2222,Placebo SION-2222,ext:placebo,1
Tasipimidine placebo,Tasipimidine placebo,ext:placebo,1
Placebo of Prednisolone 10mg,Placebo of Prednisolone 10mg,ext:placebo,1
Placebo of N-acetylcysteine,Placebo of N-acetylcysteine,ext:placebo,1
Placebo SION-109,Placebo SION-109,ext:placebo,1
Lansoprazole and placebo,Lansoprazole and placebo,ext:placebo,1
18F-JSS20-183A PET,18F-JSS20-183A PET,radiotracer/imaging,1
ENTR-601-45 - matching placebo,ENTR-601-45 - matching placebo,ext:placebo,1
Open-label Placebo,Open-label Placebo,ext:placebo,1
13C6-Glucose,13C6-Glucose,ext:glucose,1
HLX79 30mg/kg/placebo+HLX01,HLX79 30mg/kg/placebo+HLX01,ext:placebo,1
Placebo Beverage,Placebo Beverage,ext:placebo,1
HRS-5817 Injection Placebo,HRS-5817 Injection Placebo,ext:placebo,1
Matching Placebo to Ustekinumab,Matching Placebo to Ustekinumab,ext:placebo,1
Matching Placebo to JNJ-77242113,Matching Placebo to JNJ-77242113,ext:placebo,1
Colchicine-placebo 0.5 mg,Colchicine-placebo 0.5 mg,ext:placebo,1
"Placebo, docetaxel","Placebo, docetaxel",ext:placebo,1
Placebo for pirfenidone,Placebo for pirfenidone,ext:placebo,1
treatment with placebo of DIELEN® Protect,treatment with placebo of DIELEN Protect,ext:placebo,1
AH-001 or placebo,AH-001 or placebo,ext:placebo,1
18F-G1,18F-G1,radiotracer/imaging,1
Saline solution infusion,Saline solution infusion,ext:saline,1
Placebo for Sirolimus for Injection (Albumin-bound),Placebo for Sirolimus for Injection (Albumin-bound),ext:placebo,1
HLX79 20mg/kg/Placebo + HLX01,HLX79 20mg/kg/Placebo + HLX01,ext:placebo,1
HLX79 10mg/kg/Placebo+HLX01,HLX79 10mg/kg/Placebo+HLX01,ext:placebo,1
ENTR-601-44 - matching placebo,ENTR-601-44 - matching placebo,ext:placebo,1
18F-TRX,18F-TRX,radiotracer/imaging,1
preservative-free 0.9% saline.,preservative-free 0.9% saline.,ext:saline,1
Placebo for control group,Placebo for control group,ext:placebo,1
Dextrose Oral Placebo,Dextrose Oral Placebo,ext:placebo,1
Colchicine 1.8 mg (loading dose) + Dextrose Oral Placebo,Colchicine 1.8 mg (loading dose) + Dextrose Oral Placebo,ext:placebo,1
Y-4 placebos,Y-4 placebos,ext:placebo,1
225Ac-SSO110 + SoC,225Ac-SSO110 + SoC,radiotracer/imaging,1
Agitated Saline SoC,Agitated Saline SoC,ext:saline,1
INV-101 Placebo,INV-101 Placebo,ext:placebo,1
[F-18]FDG,[F-18]FDG,radiotracer/imaging,1
Placebo Preventative,Placebo Preventative,ext:placebo,1
Warm Saline Mouth Rinse,Warm Saline Mouth Rinse,ext:saline,1
Oxygen 99.7 %,Oxygen 99.7 %,ext:oxygen,1
Oxygen 21 %,Oxygen 21 %,ext:oxygen,1
enavogliflozin Placebo,enavogliflozin Placebo,ext:placebo,1
8.4% sodium bicarbonate solution,8.4% sodium bicarbonate solution,ext:sodium bicarbonate,1
Placebo for ABBV-1088,Placebo for ABBV-1088,ext:placebo,1
OM-89 [Uro-Vaxom® Capsule] OM-89 placebo [Uro-Vaxom® Capsule placebo],OM-89 [Uro-Vaxom Capsule] OM-89 placebo [Uro-Vaxom Capsule placebo],ext:placebo,1
Strep A Alum Placebo,Strep A Alum Placebo,ext:placebo,1
Deuterated Glucose,Deuterated Glucose,ext:glucose,1
[18F]Florbetazine,[18F]Florbetazine,radiotracer/imaging,1
placebo matching certepetide,placebo matching certepetide,ext:placebo,1
Cannabis - Placebo Dose (0 mg),Cannabis - Placebo Dose (0 mg),ext:placebo,1
bevacizumab with oral placebo,bevacizumab with oral placebo,ext:placebo,1
Palazestrant matching-placebo,Palazestrant matching-placebo,ext:placebo,1
Quadruple therapy with sodium bicarbonate instead of clarithromycin,Quadruple therapy with sodium bicarbonate instead of clarithromycin,ext:sodium bicarbonate,1
Quadruple therapy with sodium bicarbonate instead of bismuth,Quadruple therapy with sodium bicarbonate instead of bismuth,ext:sodium bicarbonate,1
Placebo (placebo matching AZD5004 film-coated tablet),Placebo (placebo matching AZD5004 film-coated tablet),ext:placebo,1
GenSci098 Placebo,GenSci098 Placebo,ext:placebo,1
TQA2225/AP025 or TQA2225/AP025 Placebo 50mg,TQA2225/AP025 or TQA2225/AP025 Placebo 50mg,ext:placebo,1
TQA2225/AP025 or TQA2225/AP025 Placebo 25mg,TQA2225/AP025 or TQA2225/AP025 Placebo 25mg,ext:placebo,1
Imipenem and Cilastatin Sodium placebo,Imipenem and Cilastatin Sodium placebo,ext:placebo,1
HRS-8427 placebo,HRS-8427 placebo,ext:placebo,1
Placebo (matched to Povetacicept),Placebo (matched to Povetacicept),ext:placebo,1
Intravenous magnesium sulfate,Intravenous magnesium sulfate,ext:magnesium sulfate,1
Drug: Placebo daily and orally,Drug: Placebo daily and orally,ext:placebo,1
injection of epinephrine 1mg diluted in 200mg of NaCl,injection of epinephrine 1mg diluted in 200mg of NaCl,ext:nacl,1
Placebo+NUC,Placebo+NUC,ext:placebo,1
[18F]PSMA-PET,[18F]PSMA-PET,radiotracer/imaging,1
Placebo combined with Chemotherapy,Placebo combined with Chemotherapy,ext:placebo,1
Placebo matching GSK4527363,Placebo matching GSK4527363,ext:placebo,1
Fuling Yunhua Granules matched placebo,Fuling Yunhua Granules matched placebo,ext:placebo,1
Dihuang Baoyuan Granules matched placebo,Dihuang Baoyuan Granules matched placebo,ext:placebo,1
Placebo matching BI 3804379,Placebo matching BI 3804379,ext:placebo,1
Placebo (NNC0638-0355),Placebo (NNC0638-0355),ext:placebo,1
Placebo capsule+regular treatments,Placebo capsule+regular treatments,ext:placebo,1
Moxifloxacin-matched Placebo,Moxifloxacin-matched Placebo,ext:placebo,1
BIIB091-matched Placebo,BIIB091-matched Placebo,ext:placebo,1
S1RA plus Placebo Cap,S1RA plus Placebo Cap,ext:placebo,1
ACEI/ARB+ Placebo,ACEI/ARB+ Placebo,ext:placebo,1
Test Placebo,Test Placebo,ext:placebo,1
Reference Placebo,Reference Placebo,ext:placebo,1
"Dehydrated Alcohol Injection, USP","Dehydrated Alcohol Injection, USP",ext:alcohol,1
18F-rhPSMA-7.3 (Posluma),18F-rhPSMA-7.3 (Posluma),radiotracer/imaging,1
Intervention 2: Placebo,Intervention 2: Placebo,ext:placebo,1
Addition of 1 mL of 50% dextrose solution to the usual local anesthetic solution of choice for each patient.,Addition of 1 mL of 50% dextrose solution to the usual local anesthetic solution of choice for each patient.,ext:dextrose,1
Group B: Placebo CoQ10 orally and Placebo Glutathione orally,Group B: Placebo CoQ10 orally and Placebo Glutathione orally,ext:placebo,1
Modafinil placebo,Modafinil placebo,ext:placebo,1
MK-6552 placebo,MK-6552 placebo,ext:placebo,1
HRS-2129 Placebo,HRS-2129 Placebo,ext:placebo,1
LG-TAP block with saline solution,LG-TAP block with saline solution,ext:saline,1
68Ga-NY104 PET/CT,68Ga-NY104 PET/CT,radiotracer/imaging,1
18F-FDG PET/CT,18F-FDG PET/CT,radiotracer/imaging,1
[18F]CETO tracer,[18F]CETO tracer,radiotracer/imaging,1
Placebo + docetaxel,Placebo + docetaxel,ext:placebo,1
HRG2010; Sustained-release Carbidopa/Levodopa administered placebo,HRG2010; Sustained-release Carbidopa/Levodopa administered placebo,ext:placebo,1
Compound sodium lactate solution,Compound sodium lactate solution,canonical:Sodium Lactate,1
H021 Placebo,H021 Placebo,ext:placebo,1
A placebo of extracellular vesicles derived from human-induced neural stem cells for intrathecal injection,A placebo of extracellular vesicles derived from human-induced neural stem cells for intrathecal injection,ext:placebo,1
68Ga-FAPI (gallium-68-labeled fibroblast activation protein inhibitor),68Ga-FAPI (gallium-68-labeled fibroblast activation protein inhibitor),radiotracer/imaging,1
Placebo (matched to Pregabalin),Placebo (matched to Pregabalin),ext:placebo,1
HRS-8829;Placebo,HRS-8829;Placebo,ext:placebo,1
After CPB Placebo,After CPB Placebo,ext:placebo,1
Before CPB Placebo,Before CPB Placebo,ext:placebo,1
"glucose, insulin, and potassium (GIK)","glucose, insulin, and potassium (GIK)",ext:glucose,1
Placebo matching to spesolimab,Placebo matching to spesolimab,ext:placebo,1
Group 2: Drug and placebo,Group 2: Drug and placebo,ext:placebo,1
Febuxostat 40MG Placebo,Febuxostat 40MG Placebo,ext:placebo,1
Febuxostat 20MG Placebo,Febuxostat 20MG Placebo,ext:placebo,1
AR882 25MG Placebo,AR882 25MG Placebo,ext:placebo,1
AR882 12.5MG Placebo,AR882 12.5MG Placebo,ext:placebo,1
HMPL-760 placebo planned dose 2,HMPL-760 placebo planned dose 2,ext:placebo,1
HMPL-760 placebo planned dose 1,HMPL-760 placebo planned dose 1,ext:placebo,1
Inhalational magnesium sulfate,Inhalational magnesium sulfate,ext:magnesium sulfate,1
PCT-placebo-placebo,PCT-placebo-placebo,ext:placebo,1
IBU-PCT-placebo,IBU-PCT-placebo,ext:placebo,1
Placebo in combination with Pembrolizumab,Placebo in combination with Pembrolizumab,ext:placebo,1
Sterile Water,Sterile Water,ext:sterile water,1
a placebo of exosomes derived from human umbilical cord blood mesenchymal stem cells for nasal drop,a placebo of exosomes derived from human umbilical cord blood mesenchymal stem cells for nasal drop,ext:placebo,1
Saline Microneedle Patch,Saline Microneedle Patch,ext:saline,1
glucose peritoneal dialysis solution,glucose peritoneal dialysis solution,ext:glucose,1
Sustained-release Carbidopa/Levodopa; HRG2010 placebo,Sustained-release Carbidopa/Levodopa; HRG2010 placebo,ext:placebo,1
Placebo eye drops of 0.5% Methylcellulose,Placebo eye drops of 0.5% Methylcellulose,ext:placebo,1
2 cc:(1 cc betamethasone dipropionate+1cc physiological saline),2 cc:(1 cc betamethasone dipropionate+1cc physiological saline),ext:saline,1
a placebo of extracellular vesicles derived from human induced neural stem cell for intravenous injection,a placebo of extracellular vesicles derived from human induced neural stem cell for intravenous injection,ext:placebo,1
68Ga-AAZTA-NI-093,68Ga-AAZTA-NI-093,radiotracer/imaging,1
E-Cigarette Placebo Nicotine,E-Cigarette Placebo Nicotine,ext:placebo,1
"0.9% Sodium Chloride Injection, USP","0.9% Sodium Chloride Injection, USP",canonical:Sodium Chloride,1
Olaparib; 177Lu-DOTATATE,Olaparib; 177Lu-DOTATATE,radiotracer/imaging,1
saline group,saline group,ext:saline,1
Placebo-Sterile water 1ml/kg/day,Placebo-Sterile water 1ml/kg/day,ext:placebo,1
68Ga-NTA-476,68Ga-NTA-476,radiotracer/imaging,1
Alcohol 70%,Alcohol 70%,ext:alcohol,1
Alcohol 50%,Alcohol 50%,ext:alcohol,1
Alcohol 30%,Alcohol 30%,ext:alcohol,1
177Lu-TLX591,177Lu-TLX591,radiotracer/imaging,1
68Ga-MGS5,68Ga-MGS5,radiotracer/imaging,1
Placebo vaginal inserts,Placebo vaginal inserts,ext:placebo,1
HRS-9231or matching placebo,HRS-9231or matching placebo,ext:placebo,1
68Ga-C1,68Ga-C1,radiotracer/imaging,1
PharmaNord Placebo,PharmaNord Placebo,ext:placebo,1
Placebo+G-CSF,Placebo+G-CSF,ext:placebo,1
1% lidocaine with sodium bicarbonate,1% lidocaine with sodium bicarbonate,ext:sodium bicarbonate,1
PLL001 or placebo daily subcutaneous injections,PLL001 or placebo daily subcutaneous injections,ext:placebo,1
Oral Placebo for Azelaprag (BGE-105),Oral Placebo for Azelaprag (BGE-105),ext:placebo,1
Magnesium Sulfate 20 MG/ML,Magnesium Sulfate 20 MG/ML,ext:magnesium sulfate,1
preservative-free saline,preservative-free saline,ext:saline,1
probiotics placebo combined with enteric-coated budesonide capsules,probiotics placebo combined with enteric-coated budesonide capsules,ext:placebo,1
ultrasound-guided isotonic saline (placebo) infiltration of the meniscal wall,ultrasound-guided isotonic saline (placebo) infiltration of the meniscal wall,ext:placebo,1
Placebo TQC3721 suspension for inhalation,Placebo TQC3721 suspension for inhalation,ext:placebo,1
Grup 1 placebo,Grup 1 placebo,ext:placebo,1
64Cu-GRIP B,64Cu-GRIP B,radiotracer/imaging,1
%5 Dextrose,%5 Dextrose,ext:dextrose,1
Perfusion of placebo,Perfusion of placebo,ext:placebo,1
Oral Prednisone placebo,Oral Prednisone placebo,ext:placebo,1
Flucytosine (5FC) placebo pill,Flucytosine (5FC) placebo pill,ext:placebo,1
DA414 placebo,DA414 placebo,ext:placebo,1
VLS-01-BU Placebo,VLS-01-BU Placebo,ext:placebo,1
[177Lu]Lu-PSMA-XT,[177Lu]Lu-PSMA-XT,radiotracer/imaging,1
VV119 Placebo （in healthy adult subjects）,VV119 Placebo （in healthy adult subjects）,ext:placebo,1
VV119 Placebo （in adult patients with schizophrenia）,VV119 Placebo （in adult patients with schizophrenia）,ext:placebo,1
Placebo (Vehicle) Topical Gel,Placebo (Vehicle) Topical Gel,ext:placebo,1
[18F]FAPI-74,[18F]FAPI-74,radiotracer/imaging,1
Erector spinae plane block (15 ml bupivacaine 0.5% and 15ml normal saline),Erector spinae plane block (15 ml bupivacaine 0.5% and 15ml normal saline),ext:saline,1
Placebo tablet of Silfamin,Placebo tablet of Silfamin,ext:placebo,1
GS-4321 Placebo,GS-4321 Placebo,ext:placebo,1
NACL 0.9% 100 ml,NACL 0.9% 100 ml,canonical:NaCl 0.9%,1
PET Scan with [18F] VAT,PET Scan with [18F] VAT,radiotracer/imaging,1
Placebo tablet of Reconyl,Placebo tablet of Reconyl,ext:placebo,1
PJ009 Placebo,PJ009 Placebo,ext:placebo,1
Ramelteon placebo,Ramelteon placebo,ext:placebo,1
Placebo FE 999302,Placebo FE 999302,ext:placebo,1
Sodium Chloride 0.9% Injection Solution,Sodium Chloride 0.9% Injection Solution,canonical:Sodium Chloride,1
Herombopag placebo tablets,Herombopag placebo tablets,ext:placebo,1
WD-890 Tablets Placebo,WD-890 Tablets Placebo,ext:placebo,1
SG301 placebo,SG301 placebo,ext:placebo,1
topical placebo ointment,topical placebo ointment,ext:placebo,1
Artesunate matching Placebo,Artesunate matching Placebo,ext:placebo,1
Placebo of Oseltamivir granules,Placebo of Oseltamivir granules,ext:placebo,1
Placebo of Baloxavir Marboxil tablets,Placebo of Baloxavir Marboxil tablets,ext:placebo,1
Placebo of ADC189 tablets,Placebo of ADC189 tablets,ext:placebo,1
Placebo of ADC189 granules,Placebo of ADC189 granules,ext:placebo,1
Lutetium [177Lu]-FAP-75,Lutetium [177Lu]-FAP-75,radiotracer/imaging,1
Vehicle BID,Vehicle BID,ext:vehicle,1
Placebo of TQH2722 injection,Placebo of TQH2722 injection,ext:placebo,1
HR20013 + dexamethasone + palonosetron placebo,HR20013 + dexamethasone + palonosetron placebo,ext:placebo,1
Palonosetron + dexamethasone + HR20013 placebo,Palonosetron + dexamethasone + HR20013 placebo,ext:placebo,1
placebo in treatment pulmonary aerterial hypertension,placebo in treatment pulmonary aerterial hypertension,ext:placebo,1
AHB-137 and Placebo,AHB-137 and Placebo,ext:placebo,1
STC314 Injection/STC314 Injection Placebo,STC314 Injection/STC314 Injection Placebo,ext:placebo,1
Januvia® + Glifage XR® + Placebo,Januvia + Glifage XR + Placebo,ext:placebo,1
Forxiga® + Glifage XR® + Placebo,Forxiga + Glifage XR + Placebo,ext:placebo,1
[68Ga]Ga-DOTA-Cys-ATH001,[68Ga]Ga-DOTA-Cys-ATH001,radiotracer/imaging,1
[68Ga]Ga-NNS309,[68Ga]Ga-NNS309,radiotracer/imaging,1
[177Lu]Lu-NNS309,[177Lu]Lu-NNS309,radiotracer/imaging,1
recombinant human follicle-stimulating hormone-CTP Fusion protein injection Placebo,recombinant human follicle-stimulating hormone-CTP Fusion protein injection Placebo,ext:placebo,1
Nebulized Placebo Solution,Nebulized Placebo Solution,ext:placebo,1
GST-HG141 Placebo,GST-HG141 Placebo,ext:placebo,1
Placebo for MMV371,Placebo for MMV371,ext:placebo,1
Placebo tablet of Predimenol,Placebo tablet of Predimenol,ext:placebo,1
Placebo matching BI 1569912,Placebo matching BI 1569912,ext:placebo,1
Predimenol tablet + Placebo tablet of Predimenol,Predimenol tablet + Placebo tablet of Predimenol,ext:placebo,1
[177Lu]Lu-PSMA-137,[177Lu]Lu-PSMA-137,radiotracer/imaging,1
"Naropin, 0.2% Injectable Solution in dextrose 5%","Naropin, 0.2% Injectable Solution in dextrose 5%",ext:dextrose,1
"Naropin, 0.2% Injectable Solution in Sodium chloride","Naropin, 0.2% Injectable Solution in Sodium chloride",canonical:Sodium Chloride,1
Dextrose 10 % in Water,Dextrose 10 % in Water,ext:dextrose,1
Placebo Tablet for Oral Suspension,Placebo Tablet for Oral Suspension,ext:placebo,1
HY-209 placebo,HY-209 placebo,ext:placebo,1
IBI362 placebo,IBI362 placebo,ext:placebo,1
BnH-015B Placebo (Part II),BnH-015B Placebo (Part II),ext:placebo,1
Placebo matching BI 690517,Placebo matching BI 690517,ext:placebo,1
Saline（C group）,Saline（C group）,ext:saline,1
Normal Saline Paracervical Injection,Normal Saline Paracervical Injection,ext:saline,1
Part A and C: Placebo,Part A and C: Placebo,ext:placebo,1
Placebo (NNC0487-0111 subcutanous),Placebo (NNC0487-0111 subcutanous),ext:placebo,1
Placebo (NNC0487-0111 oral),Placebo (NNC0487-0111 oral),ext:placebo,1
Placebo of TQH3906 capsules,Placebo of TQH3906 capsules,ext:placebo,1
Placebo (monlunabant),Placebo (monlunabant),ext:placebo,1
Placebo 0mg,Placebo 0mg,ext:placebo,1
sodium chloride group will receive sodium chloride in the neonatal PN.,sodium chloride group will receive sodium chloride in the neonatal PN.,canonical:Sodium Chloride,1
Peginterferon Alfacon-2 placebo,Peginterferon Alfacon-2 placebo,ext:placebo,1
Fluid resuscitation with isotonic saline only,Fluid resuscitation with isotonic saline only,ext:saline,1
Placebo for Rifaximin 550mg,Placebo for Rifaximin 550mg,ext:placebo,1
Placebo for BCAA,Placebo for BCAA,ext:placebo,1
89Zr-DFOsq-olaratumab (89Zr-TLX300-CDx),89Zr-DFOsq-olaratumab (89Zr-TLX300-CDx),radiotracer/imaging,1
Fluid resuscitation with Ringer Lactate,Fluid resuscitation with Ringer Lactate,ext:ringer,1
Placebo A (NNC0174 1213 A),Placebo A (NNC0174 1213 A),ext:placebo,1
hyaluronidase plus saline,hyaluronidase plus saline,ext:saline,1
Placebo and parecoxib sodium combinations,Placebo and parecoxib sodium combinations,ext:placebo,1
Placebo Powder for Oral Solution,Placebo Powder for Oral Solution,ext:placebo,1
Vehicle control for APT-001 topical ophthalmic ointment,Vehicle control for APT-001 topical ophthalmic ointment,ext:vehicle,1
Drug: Placebo Administered SC,Drug: Placebo Administered SC,ext:placebo,1
Placebo matching BI 3731579,Placebo matching BI 3731579,ext:placebo,1
HB0034 matching placebo,HB0034 matching placebo,ext:placebo,1
[68Ga]Ga-NOTA-WWH347,[68Ga]Ga-NOTA-WWH347,radiotracer/imaging,1
[68Ga]Ga-NOTA-RND20,[68Ga]Ga-NOTA-RND20,radiotracer/imaging,1
[68Ga]Ga-NOTA-G5,[68Ga]Ga-NOTA-G5,radiotracer/imaging,1
[68Ga]Ga-DOTA-H2D3,[68Ga]Ga-DOTA-H2D3,radiotracer/imaging,1
[18F]F-RESCA-WWH347,[18F]F-RESCA-WWH347,radiotracer/imaging,1
[18F]F-RESCA-RND20,[18F]F-RESCA-RND20,radiotracer/imaging,1
[18F]F-RESCA-G5,[18F]F-RESCA-G5,radiotracer/imaging,1
QR12000 75mg placebo,QR12000 75mg placebo,ext:placebo,1
68Ga-BC1,68Ga-BC1,radiotracer/imaging,1
Sacubitril/valsartan 200mg placebo,Sacubitril/valsartan 200mg placebo,ext:placebo,1
QR12000 150mg placebo,QR12000 150mg placebo,ext:placebo,1
Placebo matched to FTC/TDF,Placebo matched to FTC/TDF,ext:placebo,1
68Ga-HSA,68Ga-HSA,radiotracer/imaging,1
Placebo matched to MK-8527,Placebo matched to MK-8527,ext:placebo,1
Placebo - UPA,Placebo - UPA,ext:placebo,1
Placebo - Piroxicam,Placebo - Piroxicam,ext:placebo,1
Placebo - LNG,Placebo - LNG,ext:placebo,1
an equivalent dose of saline,an equivalent dose of saline,ext:saline,1
1L PEG + 50g magnesium sulfate,1L PEG + 50g magnesium sulfate,ext:magnesium sulfate,1
Normal saline injection group,Normal saline injection group,ext:saline,1
Butylphthalide placebo,Butylphthalide placebo,ext:placebo,1
topical oxygen gel,topical oxygen gel,ext:oxygen,1
TQC2731 Placebo,TQC2731 Placebo,ext:placebo,1
18F-Fluciclovine PET/CT Scan,18F-Fluciclovine PET/CT Scan,radiotracer/imaging,1
BGM0504 placebo,BGM0504 placebo,ext:placebo,1
placebo+PD-1+chemo,placebo+PD-1+chemo,ext:placebo,1
0.9 % Saline Placebo + Standard Anesthesia,0.9 % Saline Placebo + Standard Anesthesia,ext:placebo,1
Placebo of JW2286,Placebo of JW2286,ext:placebo,1
IN-115314 Ointment placebo,IN-115314 Ointment placebo,ext:placebo,1
LIB-01 Placebo,LIB-01 Placebo,ext:placebo,1
Placebo(Part B),Placebo(Part B),ext:placebo,1
Placebo(Part A),Placebo(Part A),ext:placebo,1
GP plus placebo induction therapy,GP plus placebo induction therapy,ext:placebo,1
Corticosteroid solution (Celestone Cronodose suspension for injection) in saline solution.,Corticosteroid solution (Celestone Cronodose suspension for injection) in saline solution.,ext:saline,1
Placebo Comparator: Placebo Placebo administered subcutaneously (SC) once a week.,Placebo Comparator: Placebo Placebo administered subcutaneously (SC) once a week.,ext:placebo,1
[212Pb]Pb-PSV359,[212Pb]Pb-PSV359,radiotracer/imaging,1
DWC202301 30mg placebo,DWC202301 30mg placebo,ext:placebo,1
Florastamin[18F] Injection,Florastamin[18F] Injection,radiotracer/imaging,1
Changkang Granules placebo,Changkang Granules placebo,ext:placebo,1
89Zr-TLX250 PET/CT,89Zr-TLX250 PET/CT,radiotracer/imaging,1
0.9%Nacl,0.9%Nacl,ext:nacl,1
Placebo of AD-2282,Placebo of AD-2282,ext:placebo,1
Lactulose+ linaclotide,Lactulose+ linaclotide,ext:nacl,1
HRS-4729 injection placebo,HRS-4729 injection placebo,ext:placebo,1
TQH2722 Placebo,TQH2722 Placebo,ext:placebo,1
HRS9531 injection placebo,HRS9531 injection placebo,ext:placebo,1
HY-2003 (5 mg/ml) and placebo,HY-2003 (5 mg/ml) and placebo,ext:placebo,1
"HY-2003 (10 mg/ml), BELKYRA and placebo","HY-2003 (10 mg/ml), BELKYRA and placebo",ext:placebo,1
[18F]F-DCFPyL,[18F]F-DCFPyL,radiotracer/imaging,1
[18F]AlF-PSMA-N5,[18F]AlF-PSMA-N5,radiotracer/imaging,1
aspirin 50 mg once daily (one 50 mg aspirin tablet plus one matching placebo tablet) plus ticagrelor 90 mg twice daily,aspirin 50 mg once daily (one 50 mg aspirin tablet plus one matching placebo tablet) plus ticagrelor 90 mg twice daily,ext:placebo,1
matched placebo tablet,matched placebo tablet,ext:placebo,1
Normothermic saline infusion,Normothermic saline infusion,ext:saline,1
4°C saline infusion,4°C saline infusion,ext:saline,1
18F-FAPIBiotin,18F-FAPIBiotin,radiotracer/imaging,1
Sodium bicarbonate pleural lavage,Sodium bicarbonate pleural lavage,ext:sodium bicarbonate,1
Saline pleural lavage,Saline pleural lavage,ext:saline,1
Placebo matching GSK4771261,Placebo matching GSK4771261,ext:placebo,1
IN-114199 5mg or placebo,IN-114199 5mg or placebo,ext:placebo,1
IN-114199 40mg or placebo,IN-114199 40mg or placebo,ext:placebo,1
IN-114199 20mg or placebo,IN-114199 20mg or placebo,ext:placebo,1
IN-114199 2.5mg or placebo,IN-114199 2.5mg or placebo,ext:placebo,1
IN-114199 10mg or placebo,IN-114199 10mg or placebo,ext:placebo,1
DWP212525 placebo,DWP212525 placebo,ext:placebo,1
225Ac-ABD147,225Ac-ABD147,radiotracer/imaging,1
Placebo for navepegritide,Placebo for navepegritide,ext:placebo,1
Placebo Ophthalmic Solution (vehicle),Placebo Ophthalmic Solution (vehicle),ext:placebo,1
[225Ac]Ac-DOTATATE,[225Ac]Ac-DOTATATE,radiotracer/imaging,1
Placebo toothpaste without chlorhexidine and AmCl,Placebo toothpaste without chlorhexidine and AmCl,ext:placebo,1
Huperzine A controlled-release tablets placebo; Donepezil hydrochloride tablets placebo,Huperzine A controlled-release tablets placebo; Donepezil hydrochloride tablets placebo,ext:placebo,1
Placebo/dapagliflozin,Placebo/dapagliflozin,ext:placebo,1
68Ga-R10602 injection,68Ga-R10602 injection,radiotracer/imaging,1
Placebo matching BI 3776528,Placebo matching BI 3776528,ext:placebo,1
Placebo of THDBH120 injection (SAD),Placebo of THDBH120 injection (SAD),ext:placebo,1
Placebo of THDBH120 injection (MAD),Placebo of THDBH120 injection (MAD),ext:placebo,1
68Ga-XT771,68Ga-XT771,radiotracer/imaging,1
intranasal saline group,intranasal saline group,ext:saline,1
Dulbecco''s Phosphate-Buffered Saline,Dulbecco''s Phosphate-Buffered Saline,ext:saline,1
68Ga-FAPI-Biotin,68Ga-FAPI-Biotin,radiotracer/imaging,1
Fluorodeoxyglucose F18,Fluorodeoxyglucose F18,ext:glucose,1
Salmeterol + placebo,Salmeterol + placebo,ext:placebo,1
Ringer lactate 750 ml,Ringer lactate 750 ml,ext:ringer,1
Ringer lactate 1000 ml,Ringer lactate 1000 ml,ext:ringer,1
TD0015 Placebo,TD0015 Placebo,ext:placebo,1
Propofol with oxygen via simple mask,Propofol with oxygen via simple mask,ext:oxygen,1
Placebo to tulisokibart,Placebo to tulisokibart,ext:placebo,1
Placebo of BRII-835,Placebo of BRII-835,ext:placebo,1
Placebo of BRII-179,Placebo of BRII-179,ext:placebo,1
123I-ATT001,123I-ATT001,radiotracer/imaging,1
HRS9531 Placebo Injection,HRS9531 Placebo Injection,ext:placebo,1
Noiiglutide Placebo,Noiiglutide Placebo,ext:placebo,1
68Ga-NYM096 PET/CT and 177Lu-NYM096,68Ga-NYM096 PET/CT and 177Lu-NYM096,radiotracer/imaging,1
Placebo for 5% Minoxidil Foam,Placebo for 5% Minoxidil Foam,ext:placebo,1
PALI-2108 Placebo,PALI-2108 Placebo,ext:placebo,1
Sodium acetate Ringer,Sodium acetate Ringer,ext:ringer,1
Oxygen 100 % Gas for Inhalation,Oxygen 100 % Gas for Inhalation,ext:oxygen,1
Sentinel node biopsy with either ICG-99mTc-nanoscan or 99mTc-nanoscan,Sentinel node biopsy with either ICG-99mTc-nanoscan or 99mTc-nanoscan,radiotracer/imaging,1
Placebo 150μg,Placebo 150μg,ext:placebo,1
"Allopregnanolone (Allo) with 6% USP Dexolve (sulfobutyl ether-beta-cyclodextrin sodium salt) in 0.9% saline for IV infusion will be provided by the University of California, Davis, GMP manufacturer.","Allopregnanolone (Allo) with 6% USP Dexolve (sulfobutyl ether-beta-cyclodextrin sodium salt) in 0.9% saline for IV infusion will be provided by the University of California, Davis, GMP manufacturer.",ext:saline,1
alcohol condition,alcohol condition,ext:alcohol,1
68Ga-FAPI-46 for PET / CT scan and 177Lu-EB-FAPI for therapy,68Ga-FAPI-46 for PET / CT scan and 177Lu-EB-FAPI for therapy,radiotracer/imaging,1
Placebo pill plus treatment as usual,Placebo pill plus treatment as usual,ext:placebo,1
"Buffered Lidocaine (1% Lidocaine + 8.4% Sodium Bicarbonate, in a 3:1 ratio)","Buffered Lidocaine (1% Lidocaine + 8.4% Sodium Bicarbonate, in a 3:1 ratio)",ext:sodium bicarbonate,1
oral administration of midazolam or placebo,oral administration of midazolam or placebo,ext:placebo,1
68Ga-FAPI-RGD for PET / CT scan and 177Lu-FAPI-RGD for therapy,68Ga-FAPI-RGD for PET / CT scan and 177Lu-FAPI-RGD for therapy,radiotracer/imaging,1
7.40 GBq (200 mCi) of 177Lu-JH04,7.40 GBq (200 mCi) of 177Lu-JH04,radiotracer/imaging,1
5.55 GBq (150 mCi) of 177Lu-JH04,5.55 GBq (150 mCi) of 177Lu-JH04,radiotracer/imaging,1
3.70 GBq (100 mCi) of 177Lu-JH04,3.70 GBq (100 mCi) of 177Lu-JH04,radiotracer/imaging,1
Placebo PDMC,Placebo PDMC,ext:placebo,1
oil-based contrast medium,oil-based contrast medium,ext:contrast,1
water-based contrast medium,water-based contrast medium,ext:contrast,1
[177Lu]Lu-OncoFAP-23,[177Lu]Lu-OncoFAP-23,radiotracer/imaging,1
[177Lu]Lu-AKIR001,[177Lu]Lu-AKIR001,radiotracer/imaging,1
177Lu-TATE-RGD,177Lu-TATE-RGD,radiotracer/imaging,1
68Ga-TATE-RGD,68Ga-TATE-RGD,radiotracer/imaging,1
Saline Intraperitoneal Lavage,Saline Intraperitoneal Lavage,ext:saline,1
Two test formulations for the treatment of DED are being compared against the approved OTC formulation (Systane Ultra) and saline (placebo).,Two test formulations for the treatment of DED are being compared against the approved OTC formulation (Systane Ultra) and saline (placebo).,ext:placebo,1
Placebo of 110521156,Placebo of 110521156,ext:placebo,1
3% NaCl,3% NaCl,ext:nacl,1
One single intravenous injection of [177Lu]Lu-BQ7876,One single intravenous injection of [177Lu]Lu-BQ7876,radiotracer/imaging,1
TQA3605 Placebo plus NAs,TQA3605 Placebo plus NAs,ext:placebo,1
[68Ga]Ga-NODAGA-SNA014,[68Ga]Ga-NODAGA-SNA014,radiotracer/imaging,1
18F-LF13,18F-LF13,radiotracer/imaging,1
Bupivacaine and Magnesium sulfate,Bupivacaine and Magnesium sulfate,ext:magnesium sulfate,1
[177Lu]Lu-ABY-271,[177Lu]Lu-ABY-271,radiotracer/imaging,1
Oxygen 100% Gas for Inhalation,Oxygen 100% Gas for Inhalation,ext:oxygen,1
68Ga-NI-FAPI,68Ga-NI-FAPI,radiotracer/imaging,1
68Ga-JH12,68Ga-JH12,radiotracer/imaging,1
Low oxygen therapy (LOT),Low oxygen therapy (LOT),ext:oxygen,1
Placebo Beetroot Juice Without Nitrate,Placebo Beetroot Juice Without Nitrate,ext:placebo,1
Xiang Ju Ru Pi Ning capsule Placebo,Xiang Ju Ru Pi Ning capsule Placebo,ext:placebo,1
FZ008-145 Tablet and Placebo,FZ008-145 Tablet and Placebo,ext:placebo,1
HRS-5965 capsule placebo,HRS-5965 capsule placebo,ext:placebo,1
68Ga-FAPI-JNU,68Ga-FAPI-JNU,radiotracer/imaging,1
Shu Fei Tie placebo,Shu Fei Tie placebo,ext:placebo,1
Placebo for QLS31905,Placebo for QLS31905,ext:placebo,1
ABI-1179 Placebo,ABI-1179 Placebo,ext:placebo,1
Antiwei Granules Placebo,Antiwei Granules Placebo,ext:placebo,1
Empagliflozin 10 MG then Placebo,Empagliflozin 10 MG then Placebo,ext:placebo,1
Placebo then Empagliflozin 10 MG,Placebo then Empagliflozin 10 MG,ext:placebo,1
SHR-6934 placebo,SHR-6934 placebo,ext:placebo,1
"Placebo 1 bag, three times a day","Placebo 1 bag, three times a day",ext:placebo,1
ONO-4059 placebo,ONO-4059 placebo,ext:placebo,1
Aleniglipron or Placebo,Aleniglipron or Placebo,ext:placebo,1
EMP-01 Placebo,EMP-01 Placebo,ext:placebo,1
Use of Linaclotide as a single agent Colonoscopy prep,Use of Linaclotide as a single agent Colonoscopy prep,ext:nacl,1
CBZ placebo,CBZ placebo,ext:placebo,1
HRS-7535 placebo tablet,HRS-7535 placebo tablet,ext:placebo,1
Tongren-Dahuoluo Bolus Placebo,Tongren-Dahuoluo Bolus Placebo,ext:placebo,1
AP1189 matching placebo,AP1189 matching placebo,ext:placebo,1
Jia Shen Tablet Placebo,Jia Shen Tablet Placebo,ext:placebo,1
"Zuoqing powder was dissolved in 100ml normal saline, retained enema, once a night","Zuoqing powder was dissolved in 100ml normal saline, retained enema, once a night",ext:saline,1
[18F]RCCB6,[18F]RCCB6,radiotracer/imaging,1
"ASC30 Injection, for subcutaneous use or placebo","ASC30 Injection, for subcutaneous use or placebo",ext:placebo,1
Placebo+ Bupivacaine + Morphine,Placebo+ Bupivacaine + Morphine,ext:placebo,1
Placebo + Bupivacaine + Morphine,Placebo + Bupivacaine + Morphine,ext:placebo,1
PET Scan with [11C]ABP688,PET Scan with [11C]ABP688,radiotracer/imaging,1
SoC defined as maximal labelled or tolerated dose of angiotensin-converting enzyme inhibitor/ angiotensin receptor blocker (ACEi/ARB) & steady dose of sodium-glucose cotransporter-2 inhibitor (SGLT2i),SoC defined as maximal labelled or tolerated dose of angiotensin-converting enzyme inhibitor/ angiotensin receptor blocker (ACEi/ARB) & steady dose of sodium-glucose cotransporter-2 inhibitor (SGLT2i),ext:glucose,1
Placebo for BI 770371,Placebo for BI 770371,ext:placebo,1
[225Ac]Ac-A9-3408,[225Ac]Ac-A9-3408,radiotracer/imaging,1
Timolol Maleate Gel+Placebo,Timolol Maleate Gel+Placebo,ext:placebo,1
Addition of ultrasound with contrast injection (SonoVue®),Addition of ultrasound with contrast injection (SonoVue),ext:contrast,1
Yiqi Gubiao Pill placebo,Yiqi Gubiao Pill placebo,ext:placebo,1
Medicinal cannabis in combination with placebo oxycodon,Medicinal cannabis in combination with placebo oxycodon,ext:placebo,1
124I-AT-01,124I-AT-01,radiotracer/imaging,1
Eloralintide Placebo,Eloralintide Placebo,ext:placebo,1
Placebo + R-CHOP,Placebo + R-CHOP,ext:placebo,1
"Placebo nasal spray solution without PA9159, once daily for 14 days","Placebo nasal spray solution without PA9159, once daily for 14 days",ext:placebo,1
Placebo (Semaglutide C),Placebo (Semaglutide C),ext:placebo,1
Placebo ( Semaglutide D),Placebo ( Semaglutide D),ext:placebo,1
[18F]-FEOBV Radiotracer,[18F]-FEOBV Radiotracer,radiotracer/imaging,1
Vehicle Dentifrice,Vehicle Dentifrice,ext:vehicle,1
Placebo(normal saline),Placebo(normal saline),ext:placebo,1
Saline bladder wash,Saline bladder wash,ext:saline,1
Macupatide Placebo,Macupatide Placebo,ext:placebo,1
Placebo comparator - Microcrystalline cellulose,Placebo comparator - Microcrystalline cellulose,ext:placebo,1
89Zr-DFO-YS5,89Zr-DFO-YS5,radiotracer/imaging,1
Placebo matched to M2951,Placebo matched to M2951,ext:placebo,1
250ml normal saline (NS),250ml normal saline (NS),ext:saline,1
177Lu-labeled-girentuximab,177Lu-labeled-girentuximab,radiotracer/imaging,1
Obeticholic Acid placebo,Obeticholic Acid placebo,ext:placebo,1
Bezafibrate Placebo,Bezafibrate Placebo,ext:placebo,1
A197 Vehicle Control,A197 Vehicle Control,ext:vehicle,1
Placebo comparator dosing,Placebo comparator dosing,ext:placebo,1
Placebo brownie,Placebo brownie,ext:placebo,1
2-(4-[11C]methylamino phenyl)-6-hydroxybenzothiazole (11C]6-OH-BTA-1 or [11C]PIB),2-(4-[11C]methylamino phenyl)-6-hydroxybenzothiazole (11C]6-OH-BTA-1 or [11C]PIB),radiotracer/imaging,1
Placebo for Enlicitide,Placebo for Enlicitide,ext:placebo,1
Placebo for BAY2395840,Placebo for BAY2395840,ext:placebo,1
Single dose of rhEGF 50mcg/ml or placebo,Single dose of rhEGF 50mcg/ml or placebo,ext:placebo,1
Single dose of rhEGF 10mcg/ml or placebo,Single dose of rhEGF 10mcg/ml or placebo,ext:placebo,1
Single dose of rhEGF 100mcg/ml or placebo,Single dose of rhEGF 100mcg/ml or placebo,ext:placebo,1
Multiple dose of rhEGF 50mcg/ml or placebo,Multiple dose of rhEGF 50mcg/ml or placebo,ext:placebo,1
Multiple dose of rhEGF 10mcg/ml or placebo,Multiple dose of rhEGF 10mcg/ml or placebo,ext:placebo,1
Multiple dose of rhEGF 100mcg/ml or placebo,Multiple dose of rhEGF 100mcg/ml or placebo,ext:placebo,1
18F-NOTA-ABY-030,18F-NOTA-ABY-030,radiotracer/imaging,1
(R)-1-(2-chlorophenyl)- N-[11C] ([11C] PK11195),(R)-1-(2-chlorophenyl)- N-[11C] ([11C] PK11195),radiotracer/imaging,1
Perioperative magnesium sulfate,Perioperative magnesium sulfate,ext:magnesium sulfate,1
"Onset Sodium Bicarbonate Inj., 8.4%, USP Neutralizing Additive Solution","Onset Sodium Bicarbonate Inj., 8.4%, USP Neutralizing Additive Solution",ext:sodium bicarbonate,1
YYC405-T placebo,YYC405-T placebo,ext:placebo,1
Placebo of Delpazolid,Placebo of Delpazolid,ext:placebo,1
normal saline plus hyruan,normal saline plus hyruan,ext:saline,1
68Ga-PTF,68Ga-PTF,radiotracer/imaging,1
SHR6508；Placebo,SHR6508；Placebo,ext:placebo,1
High dose Placebo,High dose Placebo,ext:placebo,1
Placebo + standard of care,Placebo + standard of care,ext:placebo,1
Iptacopan + placebo,Iptacopan + placebo,ext:placebo,1
0.9% Normal Saline 250ml,0.9% Normal Saline 250ml,ext:saline,1
Placebo Drink + Moxifloxacin Capsule,Placebo Drink + Moxifloxacin Capsule,ext:placebo,1
[68Ga]FAPI-46,[68Ga]FAPI-46,radiotracer/imaging,1
REMD-477 versus Placebo,REMD-477 versus Placebo,ext:placebo,1
Placebo matching depemokimab,Placebo matching depemokimab,ext:placebo,1
[18F]UCB-2897,[18F]UCB-2897,radiotracer/imaging,1
HRS-2261 tablet、placebo,HRS-2261 tablet、placebo,ext:placebo,1
"Placebo Capsules to Match Emtricitabine Capsules, 200mg.","Placebo Capsules to Match Emtricitabine Capsules, 200mg.",ext:placebo,1
Placebo to Match Emtricitabine 200mg/Tenofovir Alafenamide 25 mg.,Placebo to Match Emtricitabine 200mg/Tenofovir Alafenamide 25 mg.,ext:placebo,1
Oxygen + PAP therapy,Oxygen + PAP therapy,ext:oxygen,1
Citalopram (tablet) 20 mg + Placebo (tablet),Citalopram (tablet) 20 mg + Placebo (tablet),ext:placebo,1
Placebo to match Encorafenib ; Placebo to match Binimetinib,Placebo to match Encorafenib ; Placebo to match Binimetinib,ext:placebo,1
"Placebo, tablet, 150 mg","Placebo, tablet, 150 mg",ext:placebo,1
ESP block with saline,ESP block with saline,ext:saline,1
Wound infiltration with saline,Wound infiltration with saline,ext:saline,1
Finerenone Placebo,Finerenone Placebo,ext:placebo,1
Empagliflozin Placebo,Empagliflozin Placebo,ext:placebo,1
NaCl intravenous infusion,NaCl intravenous infusion,ext:nacl,1
Amoxicillin Clavulanic 500/125mg or placebo,Amoxicillin Clavulanic 500/125mg or placebo,ext:placebo,1
Placebo oral tablet once daily at bedtime,Placebo oral tablet once daily at bedtime,ext:placebo,1
Hemay007 placebo group,Hemay007 placebo group,ext:placebo,1
0.9% sterile Sodium Chloride solution for injection,0.9% sterile Sodium Chloride solution for injection,canonical:Sodium Chloride,1
TD0069 Placebo,TD0069 Placebo,ext:placebo,1
Vehicle and BAM8-22 application.,Vehicle and BAM8-22 application.,ext:vehicle,1
Placebo (PLB) Injectable matched to XR-NTX,Placebo (PLB) Injectable matched to XR-NTX,ext:placebo,1
Placebo (PLB) Injectable matched to XR-BUP,Placebo (PLB) Injectable matched to XR-BUP,ext:placebo,1
68Ga-pentixafor,68Ga-pentixafor,radiotracer/imaging,1
Placebo controlled-ileocolonic-release nicotinamide (SAD/MAD),Placebo controlled-ileocolonic-release nicotinamide (SAD/MAD),ext:placebo,1
Placebo Immediate-release nicotinamide (SAD),Placebo Immediate-release nicotinamide (SAD),ext:placebo,1
Placebo + Letrozole/Anastrozole,Placebo + Letrozole/Anastrozole,ext:placebo,1
SmofKabiven extra Nitrogen,SmofKabiven extra Nitrogen,ext:nitrogen,1
Placebo Vehicle Control Cream,Placebo Vehicle Control Cream,ext:placebo,1
Each ALLN-346 treatment will be radiolabelled to contain 4 MBq 99mTc at time of dosing with light meal,Each ALLN-346 treatment will be radiolabelled to contain 4 MBq 99mTc at time of dosing with light meal,radiotracer/imaging,1
Each ALLN-346 treatment will be radiolabelled to contain 4 MBq 99mTc at time of dosing in fasted/fed state,Each ALLN-346 treatment will be radiolabelled to contain 4 MBq 99mTc at time of dosing in fasted/fed state,radiotracer/imaging,1
Placebo for WID-RGC20(Cariprazine) 3mg/day or 6mg/day,Placebo for WID-RGC20(Cariprazine) 3mg/day or 6mg/day,ext:placebo,1
ASP8731 Matching Placebo,ASP8731 Matching Placebo,ext:placebo,1
Placebo (matched to Cagrilintide),Placebo (matched to Cagrilintide),ext:placebo,1
"Magnesium Sulfate, Heptahydrate","Magnesium Sulfate, Heptahydrate",ext:magnesium sulfate,1
Intravenous normal saline before emergence from general anesthesia,Intravenous normal saline before emergence from general anesthesia,ext:saline,1
Placebo to match GS-5718,Placebo to match GS-5718,ext:placebo,1
Tiotropium Placebo,Tiotropium Placebo,ext:placebo,1
Revefenacin Placebo,Revefenacin Placebo,ext:placebo,1
20% Oral Dextrose Solution,20% Oral Dextrose Solution,ext:dextrose,1
10% Oral Dextrose Solution,10% Oral Dextrose Solution,ext:dextrose,1
Placebo Nasal spray,Placebo Nasal spray,ext:placebo,1
VRDN-001 Placebo,VRDN-001 Placebo,ext:placebo,1
30% Oral Dextrose Solution,30% Oral Dextrose Solution,ext:dextrose,1
99mTc-Duramycin,99mTc-Duramycin,radiotracer/imaging,1
9MW1911 Injection Placebo,9MW1911 Injection Placebo,ext:placebo,1
Placebo + paclitaxel + cisplatin/carboplatin ± BP102,Placebo + paclitaxel + cisplatin/carboplatin ± BP102,ext:placebo,1
: Placebo for Probiotic,: Placebo for Probiotic,ext:placebo,1
Hyperbaric oxygen at 1.5 ATA,Hyperbaric oxygen at 1.5 ATA,ext:oxygen,1
injection ，placebo,injection ，placebo,ext:placebo,1
SAGE-324 Matched Placebo,SAGE-324 Matched Placebo,ext:placebo,1
JP-2266 Placebo,JP-2266 Placebo,ext:placebo,1
saline 0.12ml/kg/hr,saline 0.12ml/kg/hr,ext:saline,1
10XB-101 Vehicle Solution for Injection,10XB-101 Vehicle Solution for Injection,ext:vehicle,1
Restrictive oxygen,Restrictive oxygen,ext:oxygen,1
Liberal oxygen,Liberal oxygen,ext:oxygen,1
balinatunfib-matching placebo,balinatunfib-matching placebo,ext:placebo,1
Placebo Vaginal Film,Placebo Vaginal Film,ext:placebo,1
Lebrikizumab-matching Placebo,Lebrikizumab-matching Placebo,ext:placebo,1
Placebo matching AP-325,Placebo matching AP-325,ext:placebo,1
THR-1442 and Dapagliflozin placebo,THR-1442 and Dapagliflozin placebo,ext:placebo,1
Dapagliflozin 10mg and THR1442 placebo,Dapagliflozin 10mg and THR1442 placebo,ext:placebo,1
Placebo oral oil,Placebo oral oil,ext:placebo,1
Dextrose prolotherapy (DPT),Dextrose prolotherapy (DPT),ext:dextrose,1
Oral non-incretin/non-sodium glucose co-transporter-2 inhibitors (SGLT2)-containing hypoglycaemic agents,Oral non-incretin/non-sodium glucose co-transporter-2 inhibitors (SGLT2)-containing hypoglycaemic agents,ext:glucose,1
Bentracimab (PB2452) 9000 mg or Placebo (With Ticagrelor Pre-Treatment),Bentracimab (PB2452) 9000 mg or Placebo (With Ticagrelor Pre-Treatment),ext:placebo,1
Bentracimab (PB2452) 3000 mg or Placebo (With Ticagrelor Pre-Treatment),Bentracimab (PB2452) 3000 mg or Placebo (With Ticagrelor Pre-Treatment),ext:placebo,1
Bentracimab (PB2452) 300 mg or Placebo,Bentracimab (PB2452) 300 mg or Placebo,ext:placebo,1
Bentracimab (PB2452) 18000 mg or Placebo (With Ticagrelor Pre-Treatment),Bentracimab (PB2452) 18000 mg or Placebo (With Ticagrelor Pre-Treatment),ext:placebo,1
Bentracimab (PB2452) 1000 mg or Placebo (With Ticagrelor Pre-Treatment),Bentracimab (PB2452) 1000 mg or Placebo (With Ticagrelor Pre-Treatment),ext:placebo,1
Bentracimab (PB2452) 1000 mg or Placebo,Bentracimab (PB2452) 1000 mg or Placebo,ext:placebo,1
Bentracimab (PB2452) 100 mg or Placebo,Bentracimab (PB2452) 100 mg or Placebo,ext:placebo,1
BIIB132-Matching Placebo,BIIB132-Matching Placebo,ext:placebo,1
Lactated Ringer's Irrigation,Lactated Ringer's Irrigation,ext:ringer,1
Placebo matching Avenciguat (BI 685509),Placebo matching Avenciguat (BI 685509),ext:placebo,1
Double-blind placebo,Double-blind placebo,ext:placebo,1
18F-Fluorocholine (FCH),18F-Fluorocholine (FCH),radiotracer/imaging,1
Vehicle treatment,Vehicle treatment,ext:vehicle,1
trifluridine/tipiracil + placebo,trifluridine/tipiracil + placebo,ext:placebo,1
VK2735 Placebo,VK2735 Placebo,ext:placebo,1
MRI using a hepatobiliary phase contrast agent (Gd-EOB-DPTA),MRI using a hepatobiliary phase contrast agent (Gd-EOB-DPTA),ext:contrast,1
124I-AT03,124I-AT03,radiotracer/imaging,1
Dispersible NaCl powder 5 sessions,Dispersible NaCl powder 5 sessions,ext:nacl,1
Dispersible NaCl powder 10 sessions,Dispersible NaCl powder 10 sessions,ext:nacl,1
BIIB113-Matching Placebo,BIIB113-Matching Placebo,ext:placebo,1
"corticosteroid, saline, and local anesthetic","corticosteroid, saline, and local anesthetic",ext:saline,1
SHR-1819 injection or placebo,SHR-1819 injection or placebo,ext:placebo,1
The placebo(not contain vitamin D),The placebo(not contain vitamin D),ext:placebo,1
4. sodium bicarbonate 5% solution - mouthwash,4. sodium bicarbonate 5% solution - mouthwash,ext:sodium bicarbonate,1
Cefazolin 3gm for Injection USP and Dextrose Injection USP,Cefazolin 3gm for Injection USP and Dextrose Injection USP,ext:dextrose,1
iced normal saline,iced normal saline,ext:saline,1
Placebo bupropion,Placebo bupropion,ext:placebo,1
Topical Vehicle Control,Topical Vehicle Control,ext:vehicle,1
Placebo zonisamide,Placebo zonisamide,ext:placebo,1
[18F]florbetaben,[18F]florbetaben,radiotracer/imaging,1
600mg placebo IV,600mg placebo IV,ext:placebo,1
Icodextrin/Dextrose,Icodextrin/Dextrose,ext:dextrose,1
Placebo-vehicle,Placebo-vehicle,ext:placebo,1
Placebo of HM17321,Placebo of HM17321,ext:placebo,1
DAOIB+Placebo,DAOIB+Placebo,ext:placebo,1
Placebo Nabilone,Placebo Nabilone,ext:placebo,1
Second Placebo,Second Placebo,ext:placebo,1
matching placebo of ivermectin,matching placebo of ivermectin,ext:placebo,1
[89Zr]Panitumumab Tracer,[89Zr]Panitumumab Tracer,radiotracer/imaging,1
Placebo to empagliflozin,Placebo to empagliflozin,ext:placebo,1
Placebo to BI 690517,Placebo to BI 690517,ext:placebo,1
Active Control Group Sodium chloride,Active Control Group Sodium chloride,canonical:Sodium Chloride,1
intraperitoneal Magnesium sulfate,intraperitoneal Magnesium sulfate,ext:magnesium sulfate,1
intravenous magnesium sulfate,intravenous magnesium sulfate,ext:magnesium sulfate,1
Placebo 10mg/day added to rapamycin for 12 months,Placebo 10mg/day added to rapamycin for 12 months,ext:placebo,1
Intravenous Infusion of Placebo,Intravenous Infusion of Placebo,ext:placebo,1
"ropivacaine , epinephrine , ketorolac diluted in sodium chloride","ropivacaine , epinephrine , ketorolac diluted in sodium chloride",canonical:Sodium Chloride,1
Matching Placebo inhaler,Matching Placebo inhaler,ext:placebo,1
YYC301 placebo & Celecoxib 200mg,YYC301 placebo & Celecoxib 200mg,ext:placebo,1
Infants in the control group (S/P group) receive placebo (Normal saline 1mL),Infants in the control group (S/P group) receive placebo (Normal saline 1mL),ext:placebo,1
68Ga-Pentixather,68Ga-Pentixather,radiotracer/imaging,1
Natrunix with MTX placebo (+folate),Natrunix with MTX placebo (+folate),ext:placebo,1
Natrunix placebo with MTX (+folate),Natrunix placebo with MTX (+folate),ext:placebo,1
Placebo (NNC0519-0130),Placebo (NNC0519-0130),ext:placebo,1
[225Ac]-FPI-1966,[225Ac]-FPI-1966,radiotracer/imaging,1
[111In]-FPI-1967,[111In]-FPI-1967,radiotracer/imaging,1
Compare change is SVC and SMA flow due to saline,Compare change is SVC and SMA flow due to saline,ext:saline,1
TQB3616-matching placebo,TQB3616-matching placebo,ext:placebo,1
[18F]RP-115 PET/MRI or PET/CT and MRI,[18F]RP-115 PET/MRI or PET/CT and MRI,radiotracer/imaging,1
Control: Matching Placebo,Control: Matching Placebo,ext:placebo,1
Placebo (Vehicle) BID,Placebo (Vehicle) BID,ext:placebo,1
Period 2 IBI112 Placebo,Period 2 IBI112 Placebo,ext:placebo,1
Period 1 IBI112 Placebo,Period 1 IBI112 Placebo,ext:placebo,1
Placebo counterpart to the istradefylline drug,Placebo counterpart to the istradefylline drug,ext:placebo,1
99mTc-ADAPT6,99mTc-ADAPT6,radiotracer/imaging,1
SSD8432Placebo,SSD8432Placebo,ext:placebo,1
SSD8432 placebo,SSD8432 placebo,ext:placebo,1
SY-201 Ophthalmic Solution Vehicle,SY-201 Ophthalmic Solution Vehicle,ext:vehicle,1
"SAD, SHR-2004 placebo","SAD, SHR-2004 placebo",ext:placebo,1
Placebo to CDR132L,Placebo to CDR132L,ext:placebo,1
Psilocybin therapy with Placebo,Psilocybin therapy with Placebo,ext:placebo,1
Placebo for RAP400,Placebo for RAP400,ext:placebo,1
Placebo (saline dosed every 8 hours for a total of 3 doses),Placebo (saline dosed every 8 hours for a total of 3 doses),ext:placebo,1
"Placebo,QW","Placebo,QW",ext:placebo,1
"Placebo oral tablet identical to metformin, up to 4 tablets a day","Placebo oral tablet identical to metformin, up to 4 tablets a day",ext:placebo,1
Hylase plus Triamcinolone plus sterile isotonic saline,Hylase plus Triamcinolone plus sterile isotonic saline,ext:saline,1
MAD Placebo 150mg,MAD Placebo 150mg,ext:placebo,1
SAD Placebo 600mg,SAD Placebo 600mg,ext:placebo,1
SAD Placebo 400mg,SAD Placebo 400mg,ext:placebo,1
SAD Placebo 30mg,SAD Placebo 30mg,ext:placebo,1
SAD Placebo 200mg,SAD Placebo 200mg,ext:placebo,1
SAD Placebo 100mg,SAD Placebo 100mg,ext:placebo,1
MAD Placebo 50mg,MAD Placebo 50mg,ext:placebo,1
MAD Placebo 300mg,MAD Placebo 300mg,ext:placebo,1
Normal Saline (nasal spray) + Dexmedetomidine Injection (intravenous) + Propofol Injection + Sufentanil Injection,Normal Saline (nasal spray) + Dexmedetomidine Injection (intravenous) + Propofol Injection + Sufentanil Injection,ext:saline,1
Amyloid-β radiopharmaceutical (11C-PiB or 18F-Florbetaben or 18F-NAV-4694 or 18F-Flutemetamol),Amyloid-β radiopharmaceutical (11C-PiB or 18F-Florbetaben or 18F-NAV-4694 or 18F-Flutemetamol),radiotracer/imaging,1
18F-MK-6240 radiopharmaceutical,18F-MK-6240 radiopharmaceutical,radiotracer/imaging,1
18F-Flortaucipir radiopharmaceutical,18F-Flortaucipir radiopharmaceutical,radiotracer/imaging,1
TAK-062 Placebo,TAK-062 Placebo,ext:placebo,1
IMG-007 or placebo,IMG-007 or placebo,ext:placebo,1
"Iron Sucrose, recombinant human erythropoietin, ascorbic acid","Iron Sucrose, recombinant human erythropoietin, ascorbic acid",ext:sucrose,1
Litifilimab-matching placebo,Litifilimab-matching placebo,ext:placebo,1
Placebo for RAP200mg,Placebo for RAP200mg,ext:placebo,1
VC005 Placebo tablets,VC005 Placebo tablets,ext:placebo,1
SHR-2010 injection placebo,SHR-2010 injection placebo,ext:placebo,1
Placebo + Doxycycline,Placebo + Doxycycline,ext:placebo,1
Placebo (0.9% NaCl),Placebo (0.9% NaCl),ext:placebo,1
68Ga-FAPI for PET / CT scan and 177Lu-EB-FAPI for therapy,68Ga-FAPI for PET / CT scan and 177Lu-EB-FAPI for therapy,radiotracer/imaging,1
BIIB080-matching placebo,BIIB080-matching placebo,ext:placebo,1
JMT103 placebo,JMT103 placebo,ext:placebo,1
Alendronate sodium placebo,Alendronate sodium placebo,ext:placebo,1
Placebo for SHR0410 Injection,Placebo for SHR0410 Injection,ext:placebo,1
Naoxuekang Matching Placebo,Naoxuekang Matching Placebo,ext:placebo,1
18F-OP-801,18F-OP-801,radiotracer/imaging,1
Placebo to match TQH2722,Placebo to match TQH2722,ext:placebo,1
(0.05% chlorhexidine gluconate (CHG) in sterile water),(0.05% chlorhexidine gluconate (CHG) in sterile water),ext:sterile water,1
adnectin 18F-BMS-986192 Head and Neck Cancer,adnectin 18F-BMS-986192 Head and Neck Cancer,radiotracer/imaging,1
adnectin 18F-BMS-986192 Brain Metastases,adnectin 18F-BMS-986192 Brain Metastases,radiotracer/imaging,1
Rulonilimab placebo +Lenvatinib,Rulonilimab placebo +Lenvatinib,ext:placebo,1
68Ga labeled HER2 Affibody,68Ga labeled HER2 Affibody,radiotracer/imaging,1
177Lu-DOTA-EB-FAPI 3 radionuclide therapy,177Lu-DOTA-EB-FAPI 3 radionuclide therapy,radiotracer/imaging,1
177Lu-DOTA-EB-FAPI 2 radionuclide therapy,177Lu-DOTA-EB-FAPI 2 radionuclide therapy,radiotracer/imaging,1
177Lu-DOTA-EB-FAPI 1 radionuclide therapy,177Lu-DOTA-EB-FAPI 1 radionuclide therapy,radiotracer/imaging,1
177Lu-LNC1010 4,177Lu-LNC1010 4,radiotracer/imaging,1
177Lu-LNC1010 3,177Lu-LNC1010 3,radiotracer/imaging,1
177Lu-LNC1010 2,177Lu-LNC1010 2,radiotracer/imaging,1
177Lu-LNC1010 1,177Lu-LNC1010 1,radiotracer/imaging,1
Nitrogen-oxygen breathing mixture,Nitrogen-oxygen breathing mixture,ext:nitrogen,1
Аrgon-oxygen breathing mixture,Аrgon-oxygen breathing mixture,ext:oxygen,1
Matching Placebo SC,Matching Placebo SC,ext:placebo,1
"cannabis 0 mg, placebo","cannabis 0 mg, placebo",ext:placebo,1
placebo TY-9591,placebo TY-9591,ext:placebo,1
placebo Osimertinib,placebo Osimertinib,ext:placebo,1
Sodium Chloride 0.9 % Nasal Spray,Sodium Chloride 0.9 % Nasal Spray,canonical:Sodium Chloride,1
placebo eye drops (0.1% sodium hyaluronate ophthalmic solution),placebo eye drops (0.1% sodium hyaluronate ophthalmic solution),ext:placebo,1
3 L PEG + placebo,3 L PEG + placebo,ext:placebo,1
3 L PEG + linaclotide,3 L PEG + linaclotide,ext:nacl,1
TCP-25 gel 8.6 mg/ml or placebo gel,TCP-25 gel 8.6 mg/ml or placebo gel,ext:placebo,1
TCP-25 gel 2.9 mg/ml or placebo gel,TCP-25 gel 2.9 mg/ml or placebo gel,ext:placebo,1
TCP-25 gel 0.86 mg/ml or placebo gel,TCP-25 gel 0.86 mg/ml or placebo gel,ext:placebo,1
Placebo yeast supplementation,Placebo yeast supplementation,ext:placebo,1
TQH3821 tablets (Placebo),TQH3821 tablets (Placebo),ext:placebo,1
"Placebo to match Secukinumab, s.c.","Placebo to match Secukinumab, s.c.",ext:placebo,1
placebo 80mg,placebo 80mg,ext:placebo,1
placebo 40mg,placebo 40mg,ext:placebo,1
placebo 20mg,placebo 20mg,ext:placebo,1
placebo 180mg,placebo 180mg,ext:placebo,1
placebo 120mg,placebo 120mg,ext:placebo,1
Ringer's Lactate Crystalloid Solutions (control group),Ringer's Lactate Crystalloid Solutions (control group),ext:ringer,1
Freethiadine placebo tablets,Freethiadine placebo tablets,ext:placebo,1
Nebulized normal saline inhalation therapy,Nebulized normal saline inhalation therapy,ext:saline,1
"10 mg PRAX-114, 20 mg PRAX-114, and Placebo","10 mg PRAX-114, 20 mg PRAX-114, and Placebo",ext:placebo,1
"Placebo,Q2W","Placebo,Q2W",ext:placebo,1
Hypertonic Saline Solution,Hypertonic Saline Solution,ext:saline,1
"Intranasal Drug (INCS = Fluticasone furoate nasal spray, Placebo = Normal saline nasal spray)","Intranasal Drug (INCS = Fluticasone furoate nasal spray, Placebo = Normal saline nasal spray)",ext:placebo,1
JT-003 Placebo,JT-003 Placebo,ext:placebo,1
BL-8040-matching placebo,BL-8040-matching placebo,ext:placebo,1
1.25 mg/kg BL-8040 + BL-8040-matching placebo,1.25 mg/kg BL-8040 + BL-8040-matching placebo,ext:placebo,1
Vehicle Proprietary Ophthalmic Solution,Vehicle Proprietary Ophthalmic Solution,ext:vehicle,1
Matching Vehicle,Matching Vehicle,ext:vehicle,1
Placebo Comparator: N/S 0.9%,Placebo Comparator: N/S 0.9%,ext:placebo,1
[11C]-Lu AF90103,[11C]-Lu AF90103,radiotracer/imaging,1
Corresponding Placebo,Corresponding Placebo,ext:placebo,1
Minodronate Tablets and Alendronate Sodium Tablets-matching placebo;Alendronate Sodium Tablets and Minodronate Tablets -matching placebo,Minodronate Tablets and Alendronate Sodium Tablets-matching placebo;Alendronate Sodium Tablets and Minodronate Tablets -matching placebo,ext:placebo,1
Intrathecal placebo,Intrathecal placebo,ext:placebo,1
Placebo for Voclosporin,Placebo for Voclosporin,ext:placebo,1
Placebo for Mycophenolate Mofetil,Placebo for Mycophenolate Mofetil,ext:placebo,1
Sodium Chloride 45mg/5ml,Sodium Chloride 45mg/5ml,canonical:Sodium Chloride,1
SA001 240mg + Rebamipide 200mg or Placebo,SA001 240mg + Rebamipide 200mg or Placebo,ext:placebo,1
Normal saline 0.9% or 5% dextrose water,Normal saline 0.9% or 5% dextrose water,ext:saline,1
SA001 720mg or Placebo,SA001 720mg or Placebo,ext:placebo,1
SA001 710mg + Rebamipide 600mg or Placebo,SA001 710mg + Rebamipide 600mg or Placebo,ext:placebo,1
SA001 480mg or Placebo,SA001 480mg or Placebo,ext:placebo,1
SA001 360mg or Placebo,SA001 360mg or Placebo,ext:placebo,1
"SA001 1,080mg or Placebo","SA001 1,080mg or Placebo",ext:placebo,1
placebo 900mg,placebo 900mg,ext:placebo,1
placebo 750mg,placebo 750mg,ext:placebo,1
placebo 600mg,placebo 600mg,ext:placebo,1
placebo 1050mg,placebo 1050mg,ext:placebo,1
LongShengZhi capsule placebo,LongShengZhi capsule placebo,ext:placebo,1
Dextrose 50% Intravenous Solution,Dextrose 50% Intravenous Solution,ext:dextrose,1
Vehicle (Placebo Comparator),Vehicle (Placebo Comparator),ext:placebo,1
Favipiravir placebo,Favipiravir placebo,ext:placebo,1
Injection Placebo,Injection Placebo,ext:placebo,1
JT001 placebo,JT001 placebo,ext:placebo,1
Dextrose 5%/Nacl 0.9% Inj,Dextrose 5%/Nacl 0.9% Inj,canonical:NaCl 0.9%,1
sodium chloride (NaCl; 0.9%),sodium chloride (NaCl; 0.9%),canonical:Sodium Chloride,1
3L PEG + Linaclotide,3L PEG + Linaclotide,ext:nacl,1
2L PEG + Linaclotide,2L PEG + Linaclotide,ext:nacl,1
intratracheal saline,intratracheal saline,ext:saline,1
Placebo for Ocrelizumab,Placebo for Ocrelizumab,ext:placebo,1
DT-216 matching Placebo,DT-216 matching Placebo,ext:placebo,1
Placebo for Abemaciclib,Placebo for Abemaciclib,ext:placebo,1
Vaporized Placebo,Vaporized Placebo,ext:placebo,1
Placebo of psilocybin,Placebo of psilocybin,ext:placebo,1
Magnesium sulfate and then Digoxin,Magnesium sulfate and then Digoxin,ext:magnesium sulfate,1
Placebo of trazodone,Placebo of trazodone,ext:placebo,1
4-[18F]Fluoro-1-Naphthol,4-[18F]Fluoro-1-Naphthol,radiotracer/imaging,1
Sodium Chloride 0.9% infusion,Sodium Chloride 0.9% infusion,canonical:Sodium Chloride,1
Combination of Rituximab with subcutaneous placebo,Combination of Rituximab with subcutaneous placebo,ext:placebo,1
Placebo + Cefuroxime,Placebo + Cefuroxime,ext:placebo,1
Normal Saline in Combination With Tropisetron,Normal Saline in Combination With Tropisetron,ext:saline,1
Placebo of Feireqing Granules,Placebo of Feireqing Granules,ext:placebo,1
Placebo to match GSK3965193,Placebo to match GSK3965193,ext:placebo,1
Placebo for oral corticosteroids,Placebo for oral corticosteroids,ext:placebo,1
Sodium-GLucose coTransporter-2 inhibitors,Sodium-GLucose coTransporter-2 inhibitors,ext:glucose,1
Placebo dose 1 to 5 of Antimicrobial Peptide PL-18 Vaginal Suppositories,Placebo dose 1 to 5 of Antimicrobial Peptide PL-18 Vaginal Suppositories,ext:placebo,1
Ringer Lactate and Norepinephrine infusion,Ringer Lactate and Norepinephrine infusion,ext:ringer,1
TPN171H tablet plus alcohol,TPN171H tablet plus alcohol,ext:alcohol,1
SAGE-718-matching placebo,SAGE-718-matching placebo,ext:placebo,1
Tirofiban hydrochloride sodium chloride injection placebo,Tirofiban hydrochloride sodium chloride injection placebo,canonical:Sodium Chloride,1
Tirofiban hydrochloride sodium chloride injection,Tirofiban hydrochloride sodium chloride injection,canonical:Sodium Chloride,1
Placebo of lidocaine spray,Placebo of lidocaine spray,ext:placebo,1
Placebo of cisatracurium,Placebo of cisatracurium,ext:placebo,1
2-Deoxyglucose,2-Deoxyglucose,ext:glucose,1
Lidocaine epinephrine buffered with sodium bicarbonate,Lidocaine epinephrine buffered with sodium bicarbonate,ext:sodium bicarbonate,1
Activated Charcoal with Sorbitol,Activated Charcoal with Sorbitol,ext:sorbitol,1
Dextrose 50%,Dextrose 50%,ext:dextrose,1
HRS5685；Placebo,HRS5685；Placebo,ext:placebo,1
Placebo for Genakumab for Injection,Placebo for Genakumab for Injection,ext:placebo,1
Sodium Chloride solution 0.9%,Sodium Chloride solution 0.9%,canonical:Sodium Chloride,1
0.9% saline solution nasal spray,0.9% saline solution nasal spray,ext:saline,1
"Cannabis, placebo","Cannabis, placebo",ext:placebo,1
[11C]-Lu AF88370,[11C]-Lu AF88370,radiotracer/imaging,1
11C-Glutamine,11C-Glutamine,radiotracer/imaging,1
89Zr-KN035,89Zr-KN035,radiotracer/imaging,1
Dextrose 40 % in Water,Dextrose 40 % in Water,ext:dextrose,1
Amlodipine-folic acid placebos,Amlodipine-folic acid placebos,ext:placebo,1
Placebo and SSRI,Placebo and SSRI,ext:placebo,1
Amlodipine placebo,Amlodipine placebo,ext:placebo,1
Amlodipine folic acid placebo,Amlodipine folic acid placebo,ext:placebo,1
5-MTHF Placebos,5-MTHF Placebos,ext:placebo,1
Amlodipine placebos,Amlodipine placebos,ext:placebo,1
HRS-7450 Injection Placebo,HRS-7450 Injection Placebo,ext:placebo,1
Placebo-matching tablets,Placebo-matching tablets,ext:placebo,1
SHR-3045 Injection Placebo,SHR-3045 Injection Placebo,ext:placebo,1
SHR-1906；Placebo,SHR-1906；Placebo,ext:placebo,1
5% Dextrose solution,5% Dextrose solution,ext:dextrose,1
[Part 2] Placebo of IDG-16177,[Part 2] Placebo of IDG-16177,ext:placebo,1
[Part 1.2] Placebo of IDG-16177,[Part 1.2] Placebo of IDG-16177,ext:placebo,1
[Part 1.1] Placebo of IDG-16177,[Part 1.1] Placebo of IDG-16177,ext:placebo,1
Placebo ovules,Placebo ovules,ext:placebo,1
Placebo (cagrilintide),Placebo (cagrilintide),ext:placebo,1
Placebo & SYD985,Placebo & SYD985,ext:placebo,1
QiShen YiQi Dripping Pills placebo 3 bags,QiShen YiQi Dripping Pills placebo 3 bags,ext:placebo,1
Placebo Ensartinib 225mg,Placebo Ensartinib 225mg,ext:placebo,1
Dextrose prolotherapy injection,Dextrose prolotherapy injection,ext:dextrose,1
Placebo+ASA,Placebo+ASA,ext:placebo,1
Nalbuphine Sebacate or Sesame oil (placebo),Nalbuphine Sebacate or Sesame oil (placebo),ext:placebo,1
SHR0302 tablets、Placebo,SHR0302 tablets、Placebo,ext:placebo,1
Oxygen + Midazolam,Oxygen + Midazolam,ext:oxygen,1
"Calcium, hydrolysed divinylbenzene-Me 2-fluoro-2-propenoate-1, 7-octadiene polymer sorbitol complexes","Calcium, hydrolysed divinylbenzene-Me 2-fluoro-2-propenoate-1, 7-octadiene polymer sorbitol complexes",ext:sorbitol,1
Normal Saline 0.9% Injectable Solution,Normal Saline 0.9% Injectable Solution,ext:saline,1
Placebo (0.9 sodium chloride),Placebo (0.9 sodium chloride),canonical:Sodium Chloride,1
Placebo (Lactose) Capsule,Placebo (Lactose) Capsule,ext:placebo,1
Semaglutide 2.4 mg and placebo 2.0 mg,Semaglutide 2.4 mg and placebo 2.0 mg,ext:placebo,1
Semaglutide 2.4 mg and placebo 1.0 mg,Semaglutide 2.4 mg and placebo 1.0 mg,ext:placebo,1
AV-001 or Placebo Injection,AV-001 or Placebo Injection,ext:placebo,1
Letrozole placebo,Letrozole placebo,ext:placebo,1
AZD9833 Placebo,AZD9833 Placebo,ext:placebo,1
TAK-105-a Placebo,TAK-105-a Placebo,ext:placebo,1
30% oral glucose,30% oral glucose,ext:glucose,1
Placebo Matching Dapagliflozin Oral Tablet,Placebo Matching Dapagliflozin Oral Tablet,ext:placebo,1
Placebo + Standard of care (SOC),Placebo + Standard of care (SOC),ext:placebo,1
[18F]MNI-444,[18F]MNI-444,radiotracer/imaging,1
"Bupivacaine 0.25% Injectable Solution, Magnesium Sulfate 200 mg, Buprenorphine 300 mcg","Bupivacaine 0.25% Injectable Solution, Magnesium Sulfate 200 mg, Buprenorphine 300 mcg",ext:magnesium sulfate,1
"Bupivacaine 0.25% Injectable Solution, Magnesium Sulfate 200 mg","Bupivacaine 0.25% Injectable Solution, Magnesium Sulfate 200 mg",ext:magnesium sulfate,1
Placebo matching CORT125236,Placebo matching CORT125236,ext:placebo,1
1.5% Palmitoylethanolamide (PEA) sold as Levagen+,1.5% Palmitoylethanolamide (PEA) sold as Levagen+,ext:ethanol,1
Xiangshao Granules Placebo,Xiangshao Granules Placebo,ext:placebo,1
[18F] APN-1607,[18F] APN-1607,radiotracer/imaging,1
Magnesium sulfate IV,Magnesium sulfate IV,ext:magnesium sulfate,1
Sodium Lactate Solution,Sodium Lactate Solution,canonical:Sodium Lactate,1
Placebo of Maat013,Placebo of Maat013,ext:placebo,1
Placebo (NNC0194-0499),Placebo (NNC0194-0499),ext:placebo,1
NNC0174 0833 placebo,NNC0174 0833 placebo,ext:placebo,1
Danicopan-matching placebo,Danicopan-matching placebo,ext:placebo,1
Placebo tablet (Magnesium citrate),Placebo tablet (Magnesium citrate),ext:placebo,1
Placebo capsule (Vitamin K1),Placebo capsule (Vitamin K1),ext:placebo,1
Placebo to Duloxetine,Placebo to Duloxetine,ext:placebo,1
Placebo to Ammoxetine,Placebo to Ammoxetine,ext:placebo,1
HRS-3095 Placebo Tablet,HRS-3095 Placebo Tablet,ext:placebo,1
Placebo of dapaglifozin along with standard medical therapy,Placebo of dapaglifozin along with standard medical therapy,ext:placebo,1
Saline Control,Saline Control,ext:saline,1
1.48 GBq of 177Lu-AB-3PRGD2,1.48 GBq of 177Lu-AB-3PRGD2,radiotracer/imaging,1
Placebo matching CORT113176,Placebo matching CORT113176,ext:placebo,1
[18F]PT2385,[18F]PT2385,radiotracer/imaging,1
HRS-4642 placebo + AG,HRS-4642 placebo + AG,ext:placebo,1
Placebo oral drops,Placebo oral drops,ext:placebo,1
89Zr-NY005,89Zr-NY005,radiotracer/imaging,1
a compound glutamine capsule simulated placebo,a compound glutamine capsule simulated placebo,ext:placebo,1
68Ga-grazytracer,68Ga-grazytracer,radiotracer/imaging,1
STC314 injection or Placebo(rate=58.3 mg/hr),STC314 injection or Placebo(rate=58.3 mg/hr),ext:placebo,1
STC314 injection or Placebo(rate=87.5 mg/hr),STC314 injection or Placebo(rate=87.5 mg/hr),ext:placebo,1
"177Lu-DOTATOC (Phase 0); Cycle 1 and Cycle 2 (cross-over), Cycle 3 and 4","177Lu-DOTATOC (Phase 0); Cycle 1 and Cycle 2 (cross-over), Cycle 3 and 4",radiotracer/imaging,1
177Lu-DOTA-JR11 (Phase I/II),177Lu-DOTA-JR11 (Phase I/II),radiotracer/imaging,1
177Lu-DOTA-JR11 (Phase 0); Cycle 1 and Cycle 2 (cross-over),177Lu-DOTA-JR11 (Phase 0); Cycle 1 and Cycle 2 (cross-over),radiotracer/imaging,1
2.0 GBq of 177Lu-EB-PSMA,2.0 GBq of 177Lu-EB-PSMA,radiotracer/imaging,1
SER-155 Placebo,SER-155 Placebo,ext:placebo,1
Sham-transplantation (placebo),Sham-transplantation (placebo),ext:placebo,1
ABBV-547 Placebo,ABBV-547 Placebo,ext:placebo,1
Effects in oxygenation and hypoxic pulmonary vasoconstriction,Effects in oxygenation and hypoxic pulmonary vasoconstriction,ext:oxygen,1
Placebo (semaglutide 2.4 mg),Placebo (semaglutide 2.4 mg),ext:placebo,1
"placebo, carboplatin, etoposide，or Topotecan","placebo, carboplatin, etoposide，or Topotecan",ext:placebo,1
Saline - placebo comparator,Saline - placebo comparator,ext:placebo,1
placebo of Naoqingzhiming Tablets (without echinacoside),placebo of Naoqingzhiming Tablets (without echinacoside),ext:placebo,1
SHR-1905/placebo,SHR-1905/placebo,ext:placebo,1
Placebo tablet 600mg,Placebo tablet 600mg,ext:placebo,1
[68Ga]VMT02,[68Ga]VMT02,radiotracer/imaging,1
AGuIX gadolinium-based nanoparticles,AGuIX gadolinium-based nanoparticles,ext:gadolinium,1
PET/MR with 18F-FDG,PET/MR with 18F-FDG,radiotracer/imaging,1
Placebo pod,Placebo pod,ext:placebo,1
Placebo to match XZP-5610 Tablet (for Part B),Placebo to match XZP-5610 Tablet (for Part B),ext:placebo,1
Placebo to match XZP-5610 Tablet (for Part A),Placebo to match XZP-5610 Tablet (for Part A),ext:placebo,1
conestat alfa or placebo,conestat alfa or placebo,ext:placebo,1
[18F]-JNJ-70099731,[18F]-JNJ-70099731,radiotracer/imaging,1
"Placebo , cisplatin","Placebo , cisplatin",ext:placebo,1
Placebo for Albendazole,Placebo for Albendazole,ext:placebo,1
Placebo for ABBV-4083,Placebo for ABBV-4083,ext:placebo,1
AL01211 or Placebo (Part B),AL01211 or Placebo (Part B),ext:placebo,1
AL01211 or Placebo (Part A),AL01211 or Placebo (Part A),ext:placebo,1
[18F] PI-2620,[18F] PI-2620,radiotracer/imaging,1
Saline Patch,Saline Patch,ext:saline,1
HP-5000 Placebo Patch,HP-5000 Placebo Patch,ext:placebo,1
Pioglitazone 30mg Placebo,Pioglitazone 30mg Placebo,ext:placebo,1
Pioglitazone 15mg Placebo,Pioglitazone 15mg Placebo,ext:placebo,1
SHR-1209 ;placebo,SHR-1209 ;placebo,ext:placebo,1
The placebo 10g,The placebo 10g,ext:placebo,1
Placebo (EREN-P) s.c. administered every four weeks for a total of five treatments,Placebo (EREN-P) s.c. administered every four weeks for a total of five treatments,ext:placebo,1
Placebo of Venitol Tab.,Placebo of Venitol Tab.,ext:placebo,1
Placebo of Entelon Tab.150mg,Placebo of Entelon Tab.150mg,ext:placebo,1
placebo SC,placebo SC,ext:placebo,1
Pantogar - Placebo,Pantogar - Placebo,ext:placebo,1
BL3000 Placebo,BL3000 Placebo,ext:placebo,1
Mega Resveratrol® Placebo capsules,Mega Resveratrol Placebo capsules,ext:placebo,1
Vehicle comparator,Vehicle comparator,ext:vehicle,1
Semaglutide-placebo,Semaglutide-placebo,ext:placebo,1
SY-007/ Placebo 60mg,SY-007/ Placebo 60mg,ext:placebo,1
SY-007/ Placebo 30mg,SY-007/ Placebo 30mg,ext:placebo,1
SY-007/ Placebo 15mg,SY-007/ Placebo 15mg,ext:placebo,1
68Ga-HA-DOTATATE,68Ga-HA-DOTATATE,radiotracer/imaging,1
Dianeal PD-2 with 2.5% Dextrose,Dianeal PD-2 with 2.5% Dextrose,ext:dextrose,1
Saline group,Saline group,ext:saline,1
Placebo HU,Placebo HU,ext:placebo,1
Trametinib Placebo,Trametinib Placebo,ext:placebo,1
Dabrafenib placebo,Dabrafenib placebo,ext:placebo,1
"Injection of dextrose, local anesthetic and saline to the myofascial trigger point","Injection of dextrose, local anesthetic and saline to the myofascial trigger point",ext:saline,1
placebo (Microcrystalline cellulose ),placebo (Microcrystalline cellulose ),ext:placebo,1
Local anesthetic and saline injection to the myofascial trigger point,Local anesthetic and saline injection to the myofascial trigger point,ext:saline,1
Placebo of Honghuaruyi Wan,Placebo of Honghuaruyi Wan,ext:placebo,1
Placebo Comparator: Standard treatment + placebo,Placebo Comparator: Standard treatment + placebo,ext:placebo,1
Suraxavir marboxil placebo,Suraxavir marboxil placebo,ext:placebo,1
"CST-103, CST-107, matching placebo","CST-103, CST-107, matching placebo",ext:placebo,1
Placebo 85 mg PO BID,Placebo 85 mg PO BID,ext:placebo,1
177Lu-FAP-2286,177Lu-FAP-2286,radiotracer/imaging,1
Opthalmic Placebo,Opthalmic Placebo,ext:placebo,1
Dexmedetomidine Hydrochloride & Saline,Dexmedetomidine Hydrochloride & Saline,ext:saline,1
NPC1-Placebo/Control,NPC1-Placebo/Control,ext:placebo,1
Tadalafil placebo,Tadalafil placebo,ext:placebo,1
DKF-313 placebo,DKF-313 placebo,ext:placebo,1
Placebo、CAPOX,Placebo、CAPOX,ext:placebo,1
Qishen Yiqi dripping pills placebo 4 bags/time,Qishen Yiqi dripping pills placebo 4 bags/time,ext:placebo,1
Qishen Yiqi dripping pills 2 bags/time + Qishen Yiqi dripping pills placebo 2 bags/time,Qishen Yiqi dripping pills 2 bags/time + Qishen Yiqi dripping pills placebo 2 bags/time,ext:placebo,1
fluorodeoxyglucose (18F-FDG),fluorodeoxyglucose (18F-FDG),radiotracer/imaging,1
Gemcitabine Hydrochloride combined with continuous saline irrigation,Gemcitabine Hydrochloride combined with continuous saline irrigation,ext:saline,1
Epirubicin Hydrochloride combined with continuous saline irrigation,Epirubicin Hydrochloride combined with continuous saline irrigation,ext:saline,1
d-glucose,d-glucose,ext:glucose,1
Aspirin、ticagrelor、placebo or SHR2285,Aspirin、ticagrelor、placebo or SHR2285,ext:placebo,1
Aspirin、clopidogrel、placebo or SHR2285,Aspirin、clopidogrel、placebo or SHR2285,ext:placebo,1
Recombinant Human Follitropin Alfa for Injection、Fructose Injection、Tetyacycline Hydrochloride Capsules、Cetrorelix Acetate Powder for Injection,Recombinant Human Follitropin Alfa for Injection、Fructose Injection、Tetyacycline Hydrochloride Capsules、Cetrorelix Acetate Powder for Injection,ext:fructose,1
Desflurane + Normal Saline,Desflurane + Normal Saline,ext:saline,1
BSG005 or placebo,BSG005 or placebo,ext:placebo,1
Placebo DONQ52,Placebo DONQ52,ext:placebo,1
MK-6194-matching placebo,MK-6194-matching placebo,ext:placebo,1
Placebo Aumolertinib,Placebo Aumolertinib,ext:placebo,1
placebo for elotuzumab,placebo for elotuzumab,ext:placebo,1
hypertonic dextrose water,hypertonic dextrose water,ext:dextrose,1
Furosemide in 0.9 % NaCl 100 Mg/100 mL (1 mg/mL),Furosemide in 0.9 % NaCl 100 Mg/100 mL (1 mg/mL),ext:nacl,1
177Lu-Edotreotide (Peptide Receptor Radionuclide Therapy) PRRT,177Lu-Edotreotide (Peptide Receptor Radionuclide Therapy) PRRT,radiotracer/imaging,1
oxygenotherapy,oxygenotherapy,ext:oxygen,1
placebo air aerosol,placebo air aerosol,ext:placebo,1
A4368 or placebo tablet,A4368 or placebo tablet,ext:placebo,1
RXC007 Matching Placebo,RXC007 Matching Placebo,ext:placebo,1
Ethanol-amine Oleate Sclerotherapy Injection,Ethanol-amine Oleate Sclerotherapy Injection,ext:ethanol,1
Potassium Placebo,Potassium Placebo,ext:placebo,1
Placebo multiple once daily doses,Placebo multiple once daily doses,ext:placebo,1
18F-92,18F-92,radiotracer/imaging,1
18F-T807,18F-T807,radiotracer/imaging,1
Placebo multiple twice daily doses,Placebo multiple twice daily doses,ext:placebo,1
20μg (2ml) of inhaled iloprost (Ventavis®) and 3ml of inhaled normal saline,20μg (2ml) of inhaled iloprost (Ventavis) and 3ml of inhaled normal saline,ext:saline,1
Magnesium Sulfate 500 mg/ml+ ventolin,Magnesium Sulfate 500 mg/ml+ ventolin,ext:magnesium sulfate,1
11C-YJH08,11C-YJH08,radiotracer/imaging,1
Topical placebo spray,Topical placebo spray,ext:placebo,1
Vildagliptin matched placebo,Vildagliptin matched placebo,ext:placebo,1
Placebo SunnyD insta ampoule,Placebo SunnyD insta ampoule,ext:placebo,1
"CST-2032, matching placebo for CST-2032, CST-107, matching placebo for CST-107","CST-2032, matching placebo for CST-2032, CST-107, matching placebo for CST-107",ext:placebo,1
JT-001 Placebo,JT-001 Placebo,ext:placebo,1
alverin-citrate + simethicone with placebo,alverin-citrate + simethicone with placebo,ext:placebo,1
LEO 138559 Placebo,LEO 138559 Placebo,ext:placebo,1
Placebo of Hydroxychloroquine 400mg/d,Placebo of Hydroxychloroquine 400mg/d,ext:placebo,1
contrast agent perflutren lipid,contrast agent perflutren lipid,ext:contrast,1
Bacteriostatic Sodium Chloride 0.9 % INJECTION VIAL (ML),Bacteriostatic Sodium Chloride 0.9 % INJECTION VIAL (ML),canonical:Sodium Chloride,1
GNS-3545 Placebo,GNS-3545 Placebo,ext:placebo,1
11C-EMO - A Novel PET Radiotracer for Muscarinic M1 Receptor,11C-EMO - A Novel PET Radiotracer for Muscarinic M1 Receptor,radiotracer/imaging,1
Placebo Topical Powder,Placebo Topical Powder,ext:placebo,1
Placebo eye drop,Placebo eye drop,ext:placebo,1
Saline Lavage Solution,Saline Lavage Solution,ext:saline,1
ML-004 Placebo,ML-004 Placebo,ext:placebo,1
Placebo (Insulin Diluent),Placebo (Insulin Diluent),ext:placebo,1
Placebo (Capsules),Placebo (Capsules),ext:placebo,1
[18F]FET,[18F]FET,radiotracer/imaging,1
PXT3003 placebo,PXT3003 placebo,ext:placebo,1
[68Ga]-Pentixafor,[68Ga]-Pentixafor,radiotracer/imaging,1
Oxytocin: Including placebo,Oxytocin: Including placebo,ext:placebo,1
Placebo (ZP8396),Placebo (ZP8396),ext:placebo,1
Placebo matching Pegcetacoplan,Placebo matching Pegcetacoplan,ext:placebo,1
[ 18F]F-AraG PET,[ 18F]F-AraG PET,radiotracer/imaging,1
Placebo of N acetyl cysteine,Placebo of N acetyl cysteine,ext:placebo,1
18F-Fluoro Dopa PET/MRI Imaging,18F-Fluoro Dopa PET/MRI Imaging,radiotracer/imaging,1
"""Drug/Placebo: 0.9% Normal Saline""","""Drug/Placebo: 0.9% Normal Saline""",ext:placebo,1
Cannabis oil vs placebo,Cannabis oil vs placebo,ext:placebo,1
a compound glutamine capsule/a compound glutamine capsule simulated placebo,a compound glutamine capsule/a compound glutamine capsule simulated placebo,ext:placebo,1
Definity contrast during ultrasound,Definity contrast during ultrasound,ext:contrast,1
"Bupivacaine 0.25% Injectable Solution, Magnesium Sulfate 150 mg, Buprenorphine 300 mcg","Bupivacaine 0.25% Injectable Solution, Magnesium Sulfate 150 mg, Buprenorphine 300 mcg",ext:magnesium sulfate,1
"Bupivacaine 0.25% Injectable Solution, Magnesium Sulfate 150 mg","Bupivacaine 0.25% Injectable Solution, Magnesium Sulfate 150 mg",ext:magnesium sulfate,1
Placebo of Leflunomide 20mg/d,Placebo of Leflunomide 20mg/d,ext:placebo,1
Placebo 1 + Placebo 2 +Pemetrexed Disodium + cisplatin/carboplatin,Placebo 1 + Placebo 2 +Pemetrexed Disodium + cisplatin/carboplatin,ext:placebo,1
Placebo + SHR-1701 + Pemetrexed Disodium+ cisplatin/carboplatin,Placebo + SHR-1701 + Pemetrexed Disodium+ cisplatin/carboplatin,ext:placebo,1
placebo (semaglutide),placebo (semaglutide),ext:placebo,1
Placebo: Placebo + exercise training.,Placebo: Placebo + exercise training.,ext:placebo,1
ORG101PL - Placebo 1,ORG101PL - Placebo 1,ext:placebo,1
Baxdrostat/Placebo,Baxdrostat/Placebo,ext:placebo,1
[18F]DPA714,[18F]DPA714,radiotracer/imaging,1
Tamoxifen-matching placebo,Tamoxifen-matching placebo,ext:placebo,1
XKH001Placebo Injection,XKH001Placebo Injection,ext:placebo,1
GD2-SADA:177Lu-DOTA Complex,GD2-SADA:177Lu-DOTA Complex,radiotracer/imaging,1
Normal Saline 20 mL Injection,Normal Saline 20 mL Injection,ext:saline,1
Sodium Thiosulfate + Mannitol,Sodium Thiosulfate + Mannitol,ext:mannitol,1
Placebo of Mycophenolate mofetil 2000mg/d,Placebo of Mycophenolate mofetil 2000mg/d,ext:placebo,1
NaCl 0.9%),NaCl 0.9%),canonical:NaCl 0.9%,1
Placebo (NNC080-0389),Placebo (NNC080-0389),ext:placebo,1
Atenas placebo,Atenas placebo,ext:placebo,1
"Chemotherapeutic agent A(Docetaxel),B(Cisplatin) or C(Docetaxel) plus placebo","Chemotherapeutic agent A(Docetaxel),B(Cisplatin) or C(Docetaxel) plus placebo",ext:placebo,1
OC-01 (varenicline 1.2mg/ml) nasal spray vs Placebo,OC-01 (varenicline 1.2mg/ml) nasal spray vs Placebo,ext:placebo,1
68Ga-NOTA Evans Blue,68Ga-NOTA Evans Blue,radiotracer/imaging,1
Placebo for oral prednisolone,Placebo for oral prednisolone,ext:placebo,1
Potassium Chloride + Placebo for Empagliflozin,Potassium Chloride + Placebo for Empagliflozin,ext:potassium chloride,1
Empagliflozin + Potassium Chloride,Empagliflozin + Potassium Chloride,ext:potassium chloride,1
EPHEDrine 10 Mg/mL-NaCl 0.9% Intravenous Solution,EPHEDrine 10 Mg/mL-NaCl 0.9% Intravenous Solution,canonical:NaCl 0.9%,1
Placebo normal saline PENG block,Placebo normal saline PENG block,ext:placebo,1
Dexamedotomidine added to Magnesium sulfate,Dexamedotomidine added to Magnesium sulfate,ext:magnesium sulfate,1
Placebo to KVD824 Prototype 1,Placebo to KVD824 Prototype 1,ext:placebo,1
standard adjuvant chemotherapy plus placebo,standard adjuvant chemotherapy plus placebo,ext:placebo,1
Celestone + placebo,Celestone + placebo,ext:placebo,1
LEO 152020 placebo tablet,LEO 152020 placebo tablet,ext:placebo,1
Placebo of Darolutamide,Placebo of Darolutamide,ext:placebo,1
Placebo-Matching Ubrogepant,Placebo-Matching Ubrogepant,ext:placebo,1
Liuwei Dihuang Pill（placebo ）,Liuwei Dihuang Pill（placebo ）,ext:placebo,1
AV-001 Placebo Injection,AV-001 Placebo Injection,ext:placebo,1
"Movalis 15 mg tablets (""Boehringer Ingelheim Ellas A.E."", Greece)","Movalis 15 mg tablets (""Boehringer Ingelheim Ellas A.E."", Greece)",ext:ringer,1
"Mim8 B, placebo","Mim8 B, placebo",ext:placebo,1
Dental pulp mesenchymal cell vehicle,Dental pulp mesenchymal cell vehicle,ext:vehicle,1
placebo s.c.,placebo s.c.,ext:placebo,1
Arotinib hydrochloride capsule placebo,Arotinib hydrochloride capsule placebo,ext:placebo,1
Placebo normal saline via an erector spinae plane perineural catheter,Placebo normal saline via an erector spinae plane perineural catheter,ext:placebo,1
Candesartan Placebo,Candesartan Placebo,ext:placebo,1
Repagermanium Placebo,Repagermanium Placebo,ext:placebo,1
Alpelisib-matching placebo,Alpelisib-matching placebo,ext:placebo,1
177Lu-CTR-FAPI,177Lu-CTR-FAPI,radiotracer/imaging,1
ethanolic extract of sapindus mukorossi,ethanolic extract of sapindus mukorossi,ext:ethanol,1
99mTc-MSA-ICG,99mTc-MSA-ICG,radiotracer/imaging,1
oral glucose-lowering medications (commercially available),oral glucose-lowering medications (commercially available),ext:glucose,1
[68Ga]Ga-NOTA-exendin-4,[68Ga]Ga-NOTA-exendin-4,radiotracer/imaging,1
[68Ga]Ga-HBED-CC-exendin-4,[68Ga]Ga-HBED-CC-exendin-4,radiotracer/imaging,1
"CST-2032, matching placebo for CST-2032, CST-107","CST-2032, matching placebo for CST-2032, CST-107",ext:placebo,1
Study drug placebo administration,Study drug placebo administration,ext:placebo,1
Ketamine + Saline,Ketamine + Saline,ext:saline,1
Ju Yin placebo cream,Ju Yin placebo cream,ext:placebo,1
Baidi Quzhi placebo granule,Baidi Quzhi placebo granule,ext:placebo,1
Placebo inhalation solution QD,Placebo inhalation solution QD,ext:placebo,1
10 mL preservative free saline,10 mL preservative free saline,ext:saline,1
Placebo comparator - maltodextrin and microcrystalline cellulose mix,Placebo comparator - maltodextrin and microcrystalline cellulose mix,ext:placebo,1
Palmitoylethanolamide sold as Levagen +,Palmitoylethanolamide sold as Levagen +,ext:ethanol,1
Comparison of TB-840 treatment with Placebo,Comparison of TB-840 treatment with Placebo,ext:placebo,1
Placebo (vehicle) Nasal Spray,Placebo (vehicle) Nasal Spray,ext:placebo,1
Midazolam (active placebo),Midazolam (active placebo),ext:placebo,1
Ketamine and Midazolam (active placebo),Ketamine and Midazolam (active placebo),ext:placebo,1
semaglutide 1.34 mg/mL (placebo),semaglutide 1.34 mg/mL (placebo),ext:placebo,1
Cohort 1 - Group 1/2 Placebo,Cohort 1 - Group 1/2 Placebo,ext:placebo,1
18F-FluorApoTrace,18F-FluorApoTrace,radiotracer/imaging,1
18F-FTX,18F-FTX,radiotracer/imaging,1
Placebo for Ritonavir,Placebo for Ritonavir,ext:placebo,1
Placebo for PF-07321332,Placebo for PF-07321332,ext:placebo,1
Ixekizumab+Jueyin placebo Granules,Ixekizumab+Jueyin placebo Granules,ext:placebo,1
AntiCov-220 (placebo),AntiCov-220 (placebo),ext:placebo,1
SHR-4658 Placebo Injection,SHR-4658 Placebo Injection,ext:placebo,1
Danavorexton Placebo,Danavorexton Placebo,ext:placebo,1
B55R1 and placebo for B55R2,B55R1 and placebo for B55R2,ext:placebo,1
Placebo for DCR-AUD,Placebo for DCR-AUD,ext:placebo,1
Placebo for ABBV-142,Placebo for ABBV-142,ext:placebo,1
Part B: 120 mg PRAX-944 and Placebo,Part B: 120 mg PRAX-944 and Placebo,ext:placebo,1
Placebo (Ziltivekimab C),Placebo (Ziltivekimab C),ext:placebo,1
Placebo (Ziltivekimab B),Placebo (Ziltivekimab B),ext:placebo,1
Matching placebo for Ergoloid mesylates,Matching placebo for Ergoloid mesylates,ext:placebo,1
Matching placebo for 5-Hydroxytryptophan,Matching placebo for 5-Hydroxytryptophan,ext:placebo,1
Normal Saline Group,Normal Saline Group,ext:saline,1
Placebo regimen,Placebo regimen,ext:placebo,1
"Intra-arterial cold saline, minocycline, and magnesium","Intra-arterial cold saline, minocycline, and magnesium",ext:saline,1
SAD: Pooled Placebo,SAD: Pooled Placebo,ext:placebo,1
MD: Placebo,MD: Placebo,ext:placebo,1
Vehicle (eye drop formulation without aCT1),Vehicle (eye drop formulation without aCT1),ext:vehicle,1
Dextrose 500 mL,Dextrose 500 mL,ext:dextrose,1
Naloxone + placebo pretreatment,Naloxone + placebo pretreatment,ext:placebo,1
[89Zr]Zr- BI 770371,[89Zr]Zr- BI 770371,radiotracer/imaging,1
[89Zr]Zr- BI 765063,[89Zr]Zr- BI 765063,radiotracer/imaging,1
Humalog diluent,Humalog diluent,ext:diluent,1
semaglutide 2.4 mg (placebo),semaglutide 2.4 mg (placebo),ext:placebo,1
11C-BMS-986196,11C-BMS-986196,radiotracer/imaging,1
131I-omburtamab,131I-omburtamab,radiotracer/imaging,1
131I-Omburtamab,131I-Omburtamab,radiotracer/imaging,1
Matching ZX008 Placebo,Matching ZX008 Placebo,ext:placebo,1
18F-Clofarabine,18F-Clofarabine,radiotracer/imaging,1
[18F]T-401,[18F]T-401,radiotracer/imaging,1
IV Normal Saline Placebo Arm,IV Normal Saline Placebo Arm,ext:placebo,1
altSonflex Placebo,altSonflex Placebo,ext:placebo,1
Placebo + Fulvestrant,Placebo + Fulvestrant,ext:placebo,1
Placebo for AGN-151607-DP,Placebo for AGN-151607-DP,ext:placebo,1
"0,9% Saline","0,9% Saline",ext:saline,1
"Placebo Product (C): Test vehicle cream for fluorouracil 5% of Encube Ethicals Pvt. Ltd., India","Placebo Product (C): Test vehicle cream for fluorouracil 5% of Encube Ethicals Pvt. Ltd., India",ext:placebo,1
Glucose-dependent insulinotropic polypeptide (GIP),Glucose-dependent insulinotropic polypeptide (GIP),ext:glucose,1
Placebo、5-Fluorouracil、Leucovorin,Placebo、5-Fluorouracil、Leucovorin,ext:placebo,1
Placebo matching IMU-838,Placebo matching IMU-838,ext:placebo,1
Placebo+endocrine therapy,Placebo+endocrine therapy,ext:placebo,1
Retagliptin phosphate placebo tablets、metformin sustained-release tablets,Retagliptin phosphate placebo tablets、metformin sustained-release tablets,ext:placebo,1
Placebo - Part A,Placebo - Part A,ext:placebo,1
Placebo - Part B,Placebo - Part B,ext:placebo,1
Placebo+Fulvestrant,Placebo+Fulvestrant,ext:placebo,1
GMA106 Matching Placebo,GMA106 Matching Placebo,ext:placebo,1
H008 placebo,H008 placebo,ext:placebo,1
IV magnesium sulfate,IV magnesium sulfate,ext:magnesium sulfate,1
Itraconazole's matching placebo 400 mg/day and terbinafine's matching placebo 500 mg/day administered orally.,Itraconazole's matching placebo 400 mg/day and terbinafine's matching placebo 500 mg/day administered orally.,ext:placebo,1
Placebo of Choline Alfoscerate 400mg,Placebo of Choline Alfoscerate 400mg,ext:placebo,1
Placebo PSP NEURO SERUM,Placebo PSP NEURO SERUM,ext:placebo,1
Open-label placebo,Open-label placebo,ext:placebo,1
Placebo for Maridebart Cafraglutide,Placebo for Maridebart Cafraglutide,ext:placebo,1
1.25%Dextrose equivalence,1.25%Dextrose equivalence,ext:dextrose,1
2.5%Dextrose equivalence,2.5%Dextrose equivalence,ext:dextrose,1
Placebo with crossover to Basimglurant,Placebo with crossover to Basimglurant,ext:placebo,1
Basimglurant with crossover to Placebo,Basimglurant with crossover to Placebo,ext:placebo,1
FL058 Placebo （ IV 120min）,FL058 Placebo （ IV 120min）,ext:placebo,1
FL058 Placebo and Meropenem 2000m（ IV 180min）,FL058 Placebo and Meropenem 2000m（ IV 180min）,ext:placebo,1
FL058 Placebo and Meropenem 2000m（ IV 120min）,FL058 Placebo and Meropenem 2000m（ IV 120min）,ext:placebo,1
FL058 Placebo and Meropenem 2000mg（ IV 180min）,FL058 Placebo and Meropenem 2000mg（ IV 180min）,ext:placebo,1
FL058 Placebo and Meropenem 1000mg（ IV 120min）,FL058 Placebo and Meropenem 1000mg（ IV 120min）,ext:placebo,1
FL058 Placebo and Meropenem 1000mg （ IV 120min）,FL058 Placebo and Meropenem 1000mg （ IV 120min）,ext:placebo,1
Placebo 0.3-0.4mg/kg (once daily),Placebo 0.3-0.4mg/kg (once daily),ext:placebo,1
Meropenem Placebo （ IV 120min）,Meropenem Placebo （ IV 120min）,ext:placebo,1
instilled 0.9% sodium chloride (NS),instilled 0.9% sodium chloride (NS),canonical:Sodium Chloride,1
Ringer Lactate prior to surgery and Propofol,Ringer Lactate prior to surgery and Propofol,ext:ringer,1
Placebo to Salmeterol Xinafoate / Fluticasone Propionate,Placebo to Salmeterol Xinafoate / Fluticasone Propionate,ext:placebo,1
Placebo to QVM149,Placebo to QVM149,ext:placebo,1
30% icodextrin and 10% dextrose,30% icodextrin and 10% dextrose,ext:dextrose,1
18F-LY3950321,18F-LY3950321,radiotracer/imaging,1
Shugan Jieyu Capsules Placebo,Shugan Jieyu Capsules Placebo,ext:placebo,1
Placebo for ABBV-552,Placebo for ABBV-552,ext:placebo,1
SPH3127 Tablets placebo,SPH3127 Tablets placebo,ext:placebo,1
Placebo for mifepristone,Placebo for mifepristone,ext:placebo,1
Levamisole placebo,Levamisole placebo,ext:placebo,1
Huaiqihuang Granule placebo,Huaiqihuang Granule placebo,ext:placebo,1
isotonic saline 0.9%,isotonic saline 0.9%,ext:saline,1
NX-13 Placebo,NX-13 Placebo,ext:placebo,1
"compound ipratropium bromide solution (3mg salbutamol and 500μg ipratropium, Boehringer Ingelheim Limited, Germany)","compound ipratropium bromide solution (3mg salbutamol and 500μg ipratropium, Boehringer Ingelheim Limited, Germany)",ext:ringer,1
AD16 placebo 5mg、10mg、20mg、30mg、40mg、60mg、80mg,AD16 placebo 5mg、10mg、20mg、30mg、40mg、60mg、80mg,ext:placebo,1
"Placebo capsules, Letrozole, Anastrozole, Tamoxifen","Placebo capsules, Letrozole, Anastrozole, Tamoxifen",ext:placebo,1
[68Ga]Ga-OncoFAP administration,[68Ga]Ga-OncoFAP administration,radiotracer/imaging,1
oral placebo and topical cholecalciferol,oral placebo and topical cholecalciferol,ext:placebo,1
oral placebo and basic ingredient placebo topical vitamin D,oral placebo and basic ingredient placebo topical vitamin D,ext:placebo,1
Sodium Chloride Physiological Solution,Sodium Chloride Physiological Solution,canonical:Sodium Chloride,1
Placebo to SYHX2008 injection,Placebo to SYHX2008 injection,ext:placebo,1
Placebo Solution for Injection (no active ingredient),Placebo Solution for Injection (no active ingredient),ext:placebo,1
Post-market foam alcohol-based hand sanitizer #2,Post-market foam alcohol-based hand sanitizer #2,ext:alcohol,1
Post-market foam alcohol-based hand sanitizer #1,Post-market foam alcohol-based hand sanitizer #1,ext:alcohol,1
0.9% Saline solution,0.9% Saline solution,ext:saline,1
2. Intranasal placebo spray,2. Intranasal placebo spray,ext:placebo,1
Intermittent placebo,Intermittent placebo,ext:placebo,1
Continuous infusion of placebo,Continuous infusion of placebo,ext:placebo,1
TQB2868 Placebo,TQB2868 Placebo,ext:placebo,1
Placebo Day 2,Placebo Day 2,ext:placebo,1
Placebo Day 1,Placebo Day 1,ext:placebo,1
Matching Placebo for Ezetimibe,Matching Placebo for Ezetimibe,ext:placebo,1
Control group: Placebo combined with zolpidem,Control group: Placebo combined with zolpidem,ext:placebo,1
Placebo Comparator 2,Placebo Comparator 2,ext:placebo,1
Placebo Comparator 1,Placebo Comparator 1,ext:placebo,1
Adalimumab Matching Placebo,Adalimumab Matching Placebo,ext:placebo,1
Treatment Period(Placebo),Treatment Period(Placebo),ext:placebo,1
Next Generation ORS (oral rehydration solution) (including placebo,Next Generation ORS (oral rehydration solution) (including placebo,ext:placebo,1
Upadacitinib Matching Placebo,Upadacitinib Matching Placebo,ext:placebo,1
Febuxostat 80 mg placebo,Febuxostat 80 mg placebo,ext:placebo,1
Febuxostat 40 mg placebo,Febuxostat 40 mg placebo,ext:placebo,1
Epaminurad 9 mg placebo,Epaminurad 9 mg placebo,ext:placebo,1
Epaminurad 6 mg placebo,Epaminurad 6 mg placebo,ext:placebo,1
Vehicle of brimonidine tartrate 0.025%/ketotifen fumarate 0.035% ophthalmic solution,Vehicle of brimonidine tartrate 0.025%/ketotifen fumarate 0.035% ophthalmic solution,ext:vehicle,1
177Lu-labeled NY108,177Lu-labeled NY108,radiotracer/imaging,1
6-8 mCi 68Ga/64Cu-FAPI-XT117,6-8 mCi 68Ga/64Cu-FAPI-XT117,radiotracer/imaging,1
4-6 mCi 68Ga/64Cu-FAPI-XT117,4-6 mCi 68Ga/64Cu-FAPI-XT117,radiotracer/imaging,1
2-4 mCi 68Ga/64Cu-FAPI-XT117,2-4 mCi 68Ga/64Cu-FAPI-XT117,radiotracer/imaging,1
MDMA 120 mg + placebo,MDMA 120 mg + placebo,ext:placebo,1
Sodium chloride 0.9% (SC),Sodium chloride 0.9% (SC),canonical:Sodium Chloride,1
Group 3. Placebo formula.,Group 3. Placebo formula.,ext:placebo,1
PM012 Placebo,PM012 Placebo,ext:placebo,1
"ROCEPHIN, metronidazole, RIFADIN, IZILOX, placebo combination therapy","ROCEPHIN, metronidazole, RIFADIN, IZILOX, placebo combination therapy",ext:placebo,1
Lymecyclin and corresponding placebos of the experimental arm,Lymecyclin and corresponding placebos of the experimental arm,ext:placebo,1
Amisulpride Placebo,Amisulpride Placebo,ext:placebo,1
Placebo/ritonavir,Placebo/ritonavir,ext:placebo,1
18F- DCFPyl Injection,18F- DCFPyl Injection,radiotracer/imaging,1
Normal saline 2cc,Normal saline 2cc,ext:saline,1
normal saline 12cc,normal saline 12cc,ext:saline,1
Placebo matching Spesolimab s.c.,Placebo matching Spesolimab s.c.,ext:placebo,1
Placebo matching Spesolimab i.v.,Placebo matching Spesolimab i.v.,ext:placebo,1
VX-548 Placebo,VX-548 Placebo,ext:placebo,1
Hydrocortisone and normal saline solution,Hydrocortisone and normal saline solution,ext:saline,1
Placebo oseltamivir,Placebo oseltamivir,ext:placebo,1
Placebo molnupiravir,Placebo molnupiravir,ext:placebo,1
placebo capsules and NS,placebo capsules and NS,ext:placebo,1
Oxycodone and placebo capsules,Oxycodone and placebo capsules,ext:placebo,1
Trappa ethanolamine tablets ; ciclosporin,Trappa ethanolamine tablets ; ciclosporin,ext:ethanol,1
Placebo ; ciclosporin,Placebo ; ciclosporin,ext:placebo,1
Low-dose Xinglou Chengqi granules and placebo,Low-dose Xinglou Chengqi granules and placebo,ext:placebo,1
Caudal epidural Group (bupivacaine + triamcinolone + NaCl),Caudal epidural Group (bupivacaine + triamcinolone + NaCl),ext:nacl,1
RMP-A03 Placebo,RMP-A03 Placebo,ext:placebo,1
Placebo (B),Placebo (B),ext:placebo,1
Vehicle Patch,Vehicle Patch,ext:vehicle,1
C11 Pittsburgh Compound B,C11 Pittsburgh Compound B,radiotracer/imaging,1
Cagrilintide Placebo,Cagrilintide Placebo,ext:placebo,1
0.9% NaCl physiological saline Nasal-spraying,0.9% NaCl physiological saline Nasal-spraying,ext:saline,1
AD16 Placebo 30mg、40mg,AD16 Placebo 30mg、40mg,ext:placebo,1
RAD301 ([68Ga]-RAD301),RAD301 ([68Ga]-RAD301),radiotracer/imaging,1
Placebo DEC103,Placebo DEC103,ext:placebo,1
TDM-105795 topical vehicle solution,TDM-105795 topical vehicle solution,ext:vehicle,1
Placebo + hand training,Placebo + hand training,ext:placebo,1
Normal Saline Flush 20 ml,Normal Saline Flush 20 ml,ext:saline,1
Normal Saline Flush 10 ml,Normal Saline Flush 10 ml,ext:saline,1
"mixture of 20 mL 2% lidocaine, 1: 200,000 adrenaline and 20 mL 0.5% levobupivacaine in 1 L of 0.9% saline","mixture of 20 mL 2% lidocaine, 1: 200,000 adrenaline and 20 mL 0.5% levobupivacaine in 1 L of 0.9% saline",ext:saline,1
placebo (XLJDOD mimetic agent),placebo (XLJDOD mimetic agent),ext:placebo,1
Placebo sublingual immunotherapy,Placebo sublingual immunotherapy,ext:placebo,1
Pirfenidone/Placebo,Pirfenidone/Placebo,ext:placebo,1
Standard Oxygen,Standard Oxygen,ext:oxygen,1
ICP-332 Placebo,ICP-332 Placebo,ext:placebo,1
[68Ga]Ga-DPI-4452,[68Ga]Ga-DPI-4452,radiotracer/imaging,1
[177Lu]Lu-DPI-4452,[177Lu]Lu-DPI-4452,radiotracer/imaging,1
"nalbuphine on N and V and pain with intrathecal morphine onInguinal hernia repair surgery. randomized, prospective, double blinded and placebo-controlled trial study.","nalbuphine on N and V and pain with intrathecal morphine onInguinal hernia repair surgery. randomized, prospective, double blinded and placebo-controlled trial study.",ext:placebo,1
STI-1558 placebo,STI-1558 placebo,ext:placebo,1
18F-PF974,18F-PF974,radiotracer/imaging,1
SG001 placebo,SG001 placebo,ext:placebo,1
Bupivacaine plus Normal Saline,Bupivacaine plus Normal Saline,ext:saline,1
Placebo intravenous form,Placebo intravenous form,ext:placebo,1
Placebo - oral form,Placebo - oral form,ext:placebo,1
"Ketamine Hydrochloride ,Magnesium sulphate and saline 0.9%","Ketamine Hydrochloride ,Magnesium sulphate and saline 0.9%",ext:saline,1
Placebo-Matching Atogepant,Placebo-Matching Atogepant,ext:placebo,1
Placebo + Standard anti-tumor therapy,Placebo + Standard anti-tumor therapy,ext:placebo,1
Pirfenidone placebo,Pirfenidone placebo,ext:placebo,1
uncoated beads glucose (8 g) and caffeine anhydrous,uncoated beads glucose (8 g) and caffeine anhydrous,ext:glucose,1
coated beads glucose (8 g) and caffeine anhydrous,coated beads glucose (8 g) and caffeine anhydrous,ext:glucose,1
coated beads glucose (8 g),coated beads glucose (8 g),ext:glucose,1
Placebo Vancomycin Oral Capsule,Placebo Vancomycin Oral Capsule,ext:placebo,1
Placebo Fecal microbiota transfer,Placebo Fecal microbiota transfer,ext:placebo,1
Sterilizing water for injection,Sterilizing water for injection,ext:water for injection,1
VTX958 Placebo,VTX958 Placebo,ext:placebo,1
68Ga-NY105,68Ga-NY105,radiotracer/imaging,1
89Zr-NY009,89Zr-NY009,radiotracer/imaging,1
Drug: Normal Saline,Drug: Normal Saline,ext:saline,1
Acetate Ringer's Solution,Acetate Ringer's Solution,ext:ringer,1
Stage1: Placebo,Stage1: Placebo,ext:placebo,1
Placebo of SC0062,Placebo of SC0062,ext:placebo,1
Dextrometropine and 0.9% sodium chloride solution,Dextrometropine and 0.9% sodium chloride solution,canonical:Sodium Chloride,1
Erzhi Tiangui Placebo,Erzhi Tiangui Placebo,ext:placebo,1
Placebo with the same volume of C1K 900mg,Placebo with the same volume of C1K 900mg,ext:placebo,1
Placebo with the same volume of C1K 600mg,Placebo with the same volume of C1K 600mg,ext:placebo,1
Placebo with the same volume of C1K 300mg,Placebo with the same volume of C1K 300mg,ext:placebo,1
Placebo with the same volume of C1K 1200mg,Placebo with the same volume of C1K 1200mg,ext:placebo,1
Postoperative placebo,Postoperative placebo,ext:placebo,1
10 cc of oxygen-ozone plus thumb splint,10 cc of oxygen-ozone plus thumb splint,ext:oxygen,1
Infiltration with NaCl,Infiltration with NaCl,ext:nacl,1
The Placebo,The Placebo,ext:placebo,1
OLX-07010 Placebo,OLX-07010 Placebo,ext:placebo,1
99mTc-DARPinG3 SPECT/CT,99mTc-DARPinG3 SPECT/CT,radiotracer/imaging,1
SHR-1316 Placebo Injection,SHR-1316 Placebo Injection,ext:placebo,1
Mannitol Inhalant Product,Mannitol Inhalant Product,ext:mannitol,1
liq nitrogen,liq nitrogen,ext:nitrogen,1
Abatacept (CTLA4-Ig) and nasal placebo (0.9% sodium chloride),Abatacept (CTLA4-Ig) and nasal placebo (0.9% sodium chloride),canonical:Sodium Chloride,1
Placebo in 1.5ml,Placebo in 1.5ml,ext:placebo,1
U-13C-glucose,U-13C-glucose,ext:glucose,1
64Cu-Tz-SarAr,64Cu-Tz-SarAr,radiotracer/imaging,1
Glucose 8 g coated beads (47% w/w),Glucose 8 g coated beads (47% w/w),ext:glucose,1
Glucose 16 g coated beads (47% w/w),Glucose 16 g coated beads (47% w/w),ext:glucose,1
Glucose 12 g uncoated beads,Glucose 12 g uncoated beads,ext:glucose,1
Glucose 12 g coated beads (60% w/w),Glucose 12 g coated beads (60% w/w),ext:glucose,1
Glucose 12 g coated beads (47% w/w),Glucose 12 g coated beads (47% w/w),ext:glucose,1
Placebo Combined With Ursodeoxycholic Acid,Placebo Combined With Ursodeoxycholic Acid,ext:placebo,1
Placebo for Topiramate,Placebo for Topiramate,ext:placebo,1
Saline solution + Ropivacaine,Saline solution + Ropivacaine,ext:saline,1
Placebo in combination with vonorazan dual therapy,Placebo in combination with vonorazan dual therapy,ext:placebo,1
rVSV∆G-SEBOV-GP Vaccine or Placebo,rVSV∆G-SEBOV-GP Vaccine or Placebo,ext:placebo,1
Placebo once daily for 4 weeks.,Placebo once daily for 4 weeks.,ext:placebo,1
177Lu-LNC1004 Injection group 4 radionuclide therapy,177Lu-LNC1004 Injection group 4 radionuclide therapy,radiotracer/imaging,1
177Lu-LNC1004 Injection group 3 radionuclide therapy,177Lu-LNC1004 Injection group 3 radionuclide therapy,radiotracer/imaging,1
177Lu-LNC1004 Injection group 2 radionuclide therapy,177Lu-LNC1004 Injection group 2 radionuclide therapy,radiotracer/imaging,1
177Lu-LNC1004 Injection group 1 radionuclide therapy,177Lu-LNC1004 Injection group 1 radionuclide therapy,radiotracer/imaging,1
Supportive Care + Placebo (no antibiotics),Supportive Care + Placebo (no antibiotics),ext:placebo,1
212Pb-NG001,212Pb-NG001,radiotracer/imaging,1
DT01-Placebo tablets,DT01-Placebo tablets,ext:placebo,1
Placebo on middle body surface area,Placebo on middle body surface area,ext:placebo,1
Placebo on low body surface area,Placebo on low body surface area,ext:placebo,1
Placebo on high body surface area twice daily,Placebo on high body surface area twice daily,ext:placebo,1
Placebo on high body surface area,Placebo on high body surface area,ext:placebo,1
Hypertonic Dextrose solution,Hypertonic Dextrose solution,ext:dextrose,1
Infigratinib or placebo comparator is provided as sprinkle capsules for daily oral administration,Infigratinib or placebo comparator is provided as sprinkle capsules for daily oral administration,ext:placebo,1
"Isotonic saline 0,9%","Isotonic saline 0,9%",ext:saline,1
[18F]-AraG radiotracer,[18F]-AraG radiotracer,radiotracer/imaging,1
Matching placebo to HRS-2261,Matching placebo to HRS-2261,ext:placebo,1
"Placebo (microcrystalline cellulose), 2 capsules","Placebo (microcrystalline cellulose), 2 capsules",ext:placebo,1
KPI-012 Vehicle,KPI-012 Vehicle,ext:vehicle,1
IN-A002 Ointment 5% or IN-A002 Placebo Ointment,IN-A002 Ointment 5% or IN-A002 Placebo Ointment,ext:placebo,1
IN-A002 Ointment 3% or IN-A002 Placebo Ointment,IN-A002 Ointment 3% or IN-A002 Placebo Ointment,ext:placebo,1
IN-A002 Ointment 1% or IN-A002 Placebo Ointment,IN-A002 Ointment 1% or IN-A002 Placebo Ointment,ext:placebo,1
IN-A002 Ointment 0.5% or IN-A002 Placebo Ointment,IN-A002 Ointment 0.5% or IN-A002 Placebo Ointment,ext:placebo,1
IN-A002 Ointment 0.3% or IN-A002 Placebo Ointment,IN-A002 Ointment 0.3% or IN-A002 Placebo Ointment,ext:placebo,1
2.5mg (2.5ml) of inhaled salbutamol and 2.5ml of inhaled normal saline,2.5mg (2.5ml) of inhaled salbutamol and 2.5ml of inhaled normal saline,ext:saline,1
"Etoposide, doxorubicin, cisplatin and Mitotane plus Placebo","Etoposide, doxorubicin, cisplatin and Mitotane plus Placebo",ext:placebo,1
18F-Fluoroestradiol,18F-Fluoroestradiol,radiotracer/imaging,1
BC 007 or matching placebo,BC 007 or matching placebo,ext:placebo,1
Placebo packet,Placebo packet,ext:placebo,1
"Celecoxib 200 mg, Hyoscine-N-butyl bromide (HBB), placebo tablet","Celecoxib 200 mg, Hyoscine-N-butyl bromide (HBB), placebo tablet",ext:placebo,1
"Control group (Group B): Placebo, orally, once daily;","Control group (Group B): Placebo, orally, once daily",ext:placebo,1
177Lu-edotreotide,177Lu-edotreotide,radiotracer/imaging,1
Placebo and Moxifloxacin,Placebo and Moxifloxacin,ext:placebo,1
Placebo Corticosteroid,Placebo Corticosteroid,ext:placebo,1
Placebo (once daily),Placebo (once daily),ext:placebo,1
Aficamten-matching Placebo,Aficamten-matching Placebo,ext:placebo,1
Technetium Tc 99M Medronate,Technetium Tc 99M Medronate,radiotracer/imaging,1
[99mTc]Tc-G3-(G3S)3C,[99mTc]Tc-G3-(G3S)3C,radiotracer/imaging,1
2% Chlorhexidine gluconate with 70% alcohol,2% Chlorhexidine gluconate with 70% alcohol,ext:alcohol,1
Gentuximab Injection Placebo,Gentuximab Injection Placebo,ext:placebo,1
"TQB2450 placebo, docetaxel injection, AL2846 matching placebo","TQB2450 placebo, docetaxel injection, AL2846 matching placebo",ext:placebo,1
"TQB2450 injection, docetaxel injection matching placebo, AL2846 capsules","TQB2450 injection, docetaxel injection matching placebo, AL2846 capsules",ext:placebo,1
Normal Saline infusion and Ringer lactate infusion,Normal Saline infusion and Ringer lactate infusion,ext:saline,1
Placebo (plus placebo electrolyte solution),Placebo (plus placebo electrolyte solution),ext:placebo,1
Furosemide (plus potassium chloride),Furosemide (plus potassium chloride),ext:potassium chloride,1
"Matching placebo to K-757, open-label sitagliptin","Matching placebo to K-757, open-label sitagliptin",ext:placebo,1
Matching placebo to K-757,Matching placebo to K-757,ext:placebo,1
PMG1015 placebo,PMG1015 placebo,ext:placebo,1
RTA 901-Matching Placebo,RTA 901-Matching Placebo,ext:placebo,1
Goofice® Placebo,Goofice Placebo,ext:placebo,1
Placebo of KNP2002,Placebo of KNP2002,ext:placebo,1
177Lu-PSMA-I&T - recommended phase 2 regime,177Lu-PSMA-I&T - recommended phase 2 regime,radiotracer/imaging,1
177Lu-PSMA-I&T - escalating renal absorbed dose,177Lu-PSMA-I&T - escalating renal absorbed dose,radiotracer/imaging,1
4mg Purified THC in an ethanolic solution,4mg Purified THC in an ethanolic solution,ext:ethanol,1
2mg Purified THC in an ethanolic solution,2mg Purified THC in an ethanolic solution,ext:ethanol,1
Meropenem-placebo,Meropenem-placebo,ext:placebo,1
ANT3310-placebo,ANT3310-placebo,ext:placebo,1
Placebo in 2 Cohorts,Placebo in 2 Cohorts,ext:placebo,1
Placebo in Cohorts 1 to 5,Placebo in Cohorts 1 to 5,ext:placebo,1
"Sodium chloride solution 3,5%","Sodium chloride solution 3,5%",canonical:Sodium Chloride,1
"Sodium chloride solution 0,9%","Sodium chloride solution 0,9%",canonical:Sodium Chloride,1
"100 mL of 0.9% normal saline (57ml), 0.5% ropivacaine (40 ml), 10 mg morphine (10 mg/ml), 0.1 mg of epinephrine (0.1 mg/ml), and 30 mg of ketorolac (30 mg/ml)","100 mL of 0.9% normal saline (57ml), 0.5% ropivacaine (40 ml), 10 mg morphine (10 mg/ml), 0.1 mg of epinephrine (0.1 mg/ml), and 30 mg of ketorolac (30 mg/ml)",ext:saline,1
combination chemotherapy with Placebo granules,combination chemotherapy with Placebo granules,ext:placebo,1
Placebo serum,Placebo serum,ext:placebo,1
suvorexant (or placebo),suvorexant (or placebo),ext:placebo,1
Placebo with conventional non-surgical treatment,Placebo with conventional non-surgical treatment,ext:placebo,1
HRS9950 placebo tablets,HRS9950 placebo tablets,ext:placebo,1
BG2109 200mg Placebo,BG2109 200mg Placebo,ext:placebo,1
MT200605 Placebo,MT200605 Placebo,ext:placebo,1
SHR-2106 injection or placebo,SHR-2106 injection or placebo,ext:placebo,1
restrictive oxygen supply,restrictive oxygen supply,ext:oxygen,1
liberal oxygen supply,liberal oxygen supply,ext:oxygen,1
100 mg CL-197 capsules or CL-197 placebo,100 mg CL-197 capsules or CL-197 placebo,ext:placebo,1
10 mg CL-197 capsules or CL-197 placebo,10 mg CL-197 capsules or CL-197 placebo,ext:placebo,1
Normal saline 0.9% Injectable Solution,Normal saline 0.9% Injectable Solution,ext:saline,1
"0,9% normal saline","0,9% normal saline",ext:saline,1
PCI (0.25% marcaine+ 2.0 μg/mL of adrenaline + %0.9 saline),PCI (0.25% marcaine+ 2.0 μg/mL of adrenaline + %0.9 saline),ext:saline,1
IPACK(0.25% marcaine+ 2.0 μg/mL of adrenaline + %0.9 saline),IPACK(0.25% marcaine+ 2.0 μg/mL of adrenaline + %0.9 saline),ext:saline,1
ACB ( 0.25% marcaine + %0.9 saline),ACB ( 0.25% marcaine + %0.9 saline),ext:saline,1
30 mg CL-197 capsules or CL-197 placebo,30 mg CL-197 capsules or CL-197 placebo,ext:placebo,1
60 mg CL-197 capsules or CL-197 placebo,60 mg CL-197 capsules or CL-197 placebo,ext:placebo,1
Placebo of Pioglitazone,Placebo of Pioglitazone,ext:placebo,1
Famotidine Placebo,Famotidine Placebo,ext:placebo,1
Placebo matching BI 3000202,Placebo matching BI 3000202,ext:placebo,1
Placebo for ABBV-950,Placebo for ABBV-950,ext:placebo,1
[68Ga]Ga-PSMA-D5,[68Ga]Ga-PSMA-D5,radiotracer/imaging,1
Tadalafil 5mg / Placebo,Tadalafil 5mg / Placebo,ext:placebo,1
Isotonic saline nasal irrigation,Isotonic saline nasal irrigation,ext:saline,1
Placebo of DA-2803-R,Placebo of DA-2803-R,ext:placebo,1
Placebo of DA-2803,Placebo of DA-2803,ext:placebo,1
99mTc-p5+14 is an amyloid reactive peptide labeled with technetium-99m.,99mTc-p5+14 is an amyloid reactive peptide labeled with technetium-99m.,radiotracer/imaging,1
99mTc-Pyrophosphate and 99mtc-p5+14 - an Amyloid Reactive Peptide Labeled With Technetium-99m.,99mTc-Pyrophosphate and 99mtc-p5+14 - an Amyloid Reactive Peptide Labeled With Technetium-99m.,radiotracer/imaging,1
Placebo (PO),Placebo (PO),ext:placebo,1
Placebo to MK-5720,Placebo to MK-5720,ext:placebo,1
FB825 or Placebo in subcutaneous route,FB825 or Placebo in subcutaneous route,ext:placebo,1
Isotonic saline with heparin,Isotonic saline with heparin,ext:saline,1
Ethanol 70%,Ethanol 70%,ext:ethanol,1
HS-10506 Placebo,HS-10506 Placebo,ext:placebo,1
Synbixin/Placebo,Synbixin/Placebo,ext:placebo,1
"D660, placebo of D064, placebo of D702","D660, placebo of D064, placebo of D702",ext:placebo,1
"D064, D702, placebo of D660","D064, D702, placebo of D660",ext:placebo,1
placebo of Tongluo-Kaibi tablet plus pregabalin,placebo of Tongluo-Kaibi tablet plus pregabalin,ext:placebo,1
Tongluo-Kaibi tablet plus placebo of pregabalin,Tongluo-Kaibi tablet plus placebo of pregabalin,ext:placebo,1
Placebo for Rodatristat,Placebo for Rodatristat,ext:placebo,1
Placebo (NaCl 0.9 % solution),Placebo (NaCl 0.9 % solution),ext:placebo,1
4.5-5.5mCi 64Cu-FAPI-XT117,4.5-5.5mCi 64Cu-FAPI-XT117,radiotracer/imaging,1
3.5-4.5mCi 64Cu-FAPI-XT117,3.5-4.5mCi 64Cu-FAPI-XT117,radiotracer/imaging,1
2.5-3.5mCi 64Cu-FAPI-XT117,2.5-3.5mCi 64Cu-FAPI-XT117,radiotracer/imaging,1
Fimasartan Placebo,Fimasartan Placebo,ext:placebo,1
Ezetimibe/Atorvastatin Placebo,Ezetimibe/Atorvastatin Placebo,ext:placebo,1
Intravenous injection of [99mTc]Tc-DB8,Intravenous injection of [99mTc]Tc-DB8,radiotracer/imaging,1
Placebo by mouth,Placebo by mouth,ext:placebo,1
Placebo by intravenously administration,Placebo by intravenously administration,ext:placebo,1
PLACEBO COMPARATOR,PLACEBO COMPARATOR,ext:placebo,1
Placebo for HS-10353 50mg capsules,Placebo for HS-10353 50mg capsules,ext:placebo,1
Placebo for HS-10353 30mg capsules,Placebo for HS-10353 30mg capsules,ext:placebo,1
Standard Care (oral decongestants + saline nasal irrigation),Standard Care (oral decongestants + saline nasal irrigation),ext:saline,1
Arm II (placebo group),Arm II (placebo group),ext:placebo,1
ALT-100 (Placebo),ALT-100 (Placebo),ext:placebo,1
Intravenous injection of 68Ga-PMD22,Intravenous injection of 68Ga-PMD22,radiotracer/imaging,1
"HS-10353 Capsules matching placebo, 50mg, Oral, QN for 14 days","HS-10353 Capsules matching placebo, 50mg, Oral, QN for 14 days",ext:placebo,1
"HS-10353 Capsules matching placebo, 30mg, Oral, QN for 14 days.","HS-10353 Capsules matching placebo, 30mg, Oral, QN for 14 days.",ext:placebo,1
99mTc-Macro Albumin Aggregate,99mTc-Macro Albumin Aggregate,radiotracer/imaging,1
Huang-long Zhi-xiao Granule placebo,Huang-long Zhi-xiao Granule placebo,ext:placebo,1
Vehicle eye drops.,Vehicle eye drops.,ext:vehicle,1
1.5% QY211 Gel or placebo,1.5% QY211 Gel or placebo,ext:placebo,1
0.8% QY211 Gel or placebo,0.8% QY211 Gel or placebo,ext:placebo,1
0.3% QY211 Gel or placebo,0.3% QY211 Gel or placebo,ext:placebo,1
0.1% QY211 Gel or placebo,0.1% QY211 Gel or placebo,ext:placebo,1
Treatment as Usual plus Placebo plus Contingency Management,Treatment as Usual plus Placebo plus Contingency Management,ext:placebo,1
Treatment as Usual plus Placebo,Treatment as Usual plus Placebo,ext:placebo,1
Sodium Chloride Granules,Sodium Chloride Granules,canonical:Sodium Chloride,1
Placebo Tab,Placebo Tab,ext:placebo,1
Bismuth potassium citrate placebo capsules,Bismuth potassium citrate placebo capsules,ext:placebo,1
Placebo matching to spesolimab - solution for injection,Placebo matching to spesolimab - solution for injection,ext:placebo,1
Placebo matching to spesolimab - solution for infusion,Placebo matching to spesolimab - solution for infusion,ext:placebo,1
NVP-2203-R3 Placebo,NVP-2203-R3 Placebo,ext:placebo,1
NVP-2203-R2 Placebo,NVP-2203-R2 Placebo,ext:placebo,1
NVP-2203-R1 Placebo,NVP-2203-R1 Placebo,ext:placebo,1
NVP-2203 Placebo,NVP-2203 Placebo,ext:placebo,1
CP-101 + Placebo,CP-101 + Placebo,ext:placebo,1
[18F]DPA-714 PET/MRI,[18F]DPA-714 PET/MRI,radiotracer/imaging,1
TQH3821 tablets matching placebo,TQH3821 tablets matching placebo,ext:placebo,1
Placebo combined with Letrozole,Placebo combined with Letrozole,ext:placebo,1
bupivacaine saline,bupivacaine saline,ext:saline,1
sodium bicarbonate Ringer's solution,sodium bicarbonate Ringer's solution,ext:ringer,1
CHF5993 Placebo,CHF5993 Placebo,ext:placebo,1
MVI and lactated ringers,MVI and lactated ringers,ext:ringer,1
Natural full human monoclonal antibody CBB 1 injection placebo,Natural full human monoclonal antibody CBB 1 injection placebo,ext:placebo,1
Lactated Ringer solution (4-hour aggressive hydration),Lactated Ringer solution (4-hour aggressive hydration),ext:ringer,1
Hepalatide Placebo,Hepalatide Placebo,ext:placebo,1
JP-1366 + placebo,JP-1366 + placebo,ext:placebo,1
[18F]SF-DEVD-2,[18F]SF-DEVD-2,radiotracer/imaging,1
64Cu-25%-CANF-Comb,64Cu-25%-CANF-Comb,radiotracer/imaging,1
Vonoprazan-amoxicillin combined with Huazhi Rougan Granule placebo,Vonoprazan-amoxicillin combined with Huazhi Rougan Granule placebo,ext:placebo,1
Placebo tablets of Y-6 sublingual tablet,Placebo tablets of Y-6 sublingual tablet,ext:placebo,1
chemotherapy plus TCM 1placebo &ICIs plus TCM2 placebo,chemotherapy plus TCM 1placebo &ICIs plus TCM2 placebo,ext:placebo,1
chemotherapy plus TCM 1&ICIs plusTCM2 placebo,chemotherapy plus TCM 1&ICIs plusTCM2 placebo,ext:placebo,1
Placebo tablets of Sarecycline tablets,Placebo tablets of Sarecycline tablets,ext:placebo,1
4.8 g/m^2/day placebo,4.8 g/m^2/day placebo,ext:placebo,1
Placebo once per week,Placebo once per week,ext:placebo,1
Placebo once per day,Placebo once per day,ext:placebo,1
Clarithromycin placebo tablets,Clarithromycin placebo tablets,ext:placebo,1
BG2109 100mg Placebo,BG2109 100mg Placebo,ext:placebo,1
Saline/Placebo,Saline/Placebo,ext:placebo,1
normal saline isotonic solution,normal saline isotonic solution,ext:saline,1
[18F]-RoSMA-18-d6,[18F]-RoSMA-18-d6,radiotracer/imaging,1
Isotonic Saline Solution,Isotonic Saline Solution,ext:saline,1
Sodium/glucose cotransporter-2 inhibitors (SGLT2i),Sodium/glucose cotransporter-2 inhibitors (SGLT2i),ext:glucose,1
HS-20094 Placebo Injection,HS-20094 Placebo Injection,ext:placebo,1
2.27% glucose peritoneal dialysis dwell,2.27% glucose peritoneal dialysis dwell,ext:glucose,1
Placebo was given intravenously,Placebo was given intravenously,ext:placebo,1
Placebo for CK-4021586,Placebo for CK-4021586,ext:placebo,1
Jinsang Liyan Capsule placebo; Rabeprazole enteric-coated tablets.,Jinsang Liyan Capsule placebo; Rabeprazole enteric-coated tablets.,ext:placebo,1
Fimasartan + Indapamide placebo,Fimasartan + Indapamide placebo,ext:placebo,1
Rifasutenizol placebo capsules,Rifasutenizol placebo capsules,ext:placebo,1
68Ga-EB-ss-CPT,68Ga-EB-ss-CPT,radiotracer/imaging,1
64Cu-EB-ss-CPT,64Cu-EB-ss-CPT,radiotracer/imaging,1
Semaglutide Placebo,Semaglutide Placebo,ext:placebo,1
Matching placebo to K-757 and K-833,Matching placebo to K-757 and K-833,ext:placebo,1
XTMAB-16 or Placebo,XTMAB-16 or Placebo,ext:placebo,1
[68Ga]GA-NeoB,[68Ga]GA-NeoB,radiotracer/imaging,1
"Vehicle gel, 4 + 4 applications or 4 + 2 applications","Vehicle gel, 4 + 4 applications or 4 + 2 applications",ext:vehicle,1
ABT Placebo,ABT Placebo,ext:placebo,1
Group that received placebo (PHYSIOLOGICAL SALINE ISOTONIC 9 mg/ml AMPULE),Group that received placebo (PHYSIOLOGICAL SALINE ISOTONIC 9 mg/ml AMPULE),ext:placebo,1
Dapagliflozin matching Placebo,Dapagliflozin matching Placebo,ext:placebo,1
Balcinrenone 50mg matching Placebo,Balcinrenone 50mg matching Placebo,ext:placebo,1
Balcinrenone 100mg matching Placebo,Balcinrenone 100mg matching Placebo,ext:placebo,1
Copper-64 labeled Granzyme B (64Cu-GRIP B),Copper-64 labeled Granzyme B (64Cu-GRIP B),radiotracer/imaging,1
"%0,9 NaCl","%0,9 NaCl",ext:nacl,1
Placebo Nasal Gel,Placebo Nasal Gel,ext:placebo,1
131I-apamistamab,131I-apamistamab,radiotracer/imaging,1
"Anlotinib hydrochloride capsules -matching placebo, Penpulimab injection -matching placebo","Anlotinib hydrochloride capsules -matching placebo, Penpulimab injection -matching placebo",ext:placebo,1
Hetrombopag plus Placebo,Hetrombopag plus Placebo,ext:placebo,1
saline mouth rinse,saline mouth rinse,ext:saline,1
99mTc-HFAPI,99mTc-HFAPI,radiotracer/imaging,1
SLN mapping using technetium-99m +/- isosulfan blue dye,SLN mapping using technetium-99m +/- isosulfan blue dye,radiotracer/imaging,1
[99mTc]Tc-TECANT1,[99mTc]Tc-TECANT1,radiotracer/imaging,1
Sodium Bicarbonate 600 Mg Oral Tablet,Sodium Bicarbonate 600 Mg Oral Tablet,ext:sodium bicarbonate,1
"Sodium Chloride 0.9% infusion alone or in combination with Sodim acetate with normal saline in a ratio 1;1, 2;1 and 3;1","Sodium Chloride 0.9% infusion alone or in combination with Sodim acetate with normal saline in a ratio 1;1, 2;1 and 3;1",canonical:Sodium Chloride,1
Colchicine placebo,Colchicine placebo,ext:placebo,1
Smoked Placebo,Smoked Placebo,ext:placebo,1
Capecitabine/Placebo combined with toripalimab,Capecitabine/Placebo combined with toripalimab,ext:placebo,1
Vanzacaftor Placebo,Vanzacaftor Placebo,ext:placebo,1
Placebo to BI 1291583,Placebo to BI 1291583,ext:placebo,1
Local anesthetic (LA) with Saline injection,Local anesthetic (LA) with Saline injection,ext:saline,1
68Ga/18F-FAPI-04,68Ga/18F-FAPI-04,radiotracer/imaging,1
Stage 2: Placebo,Stage 2: Placebo,ext:placebo,1
177Lu-BetaBart,177Lu-BetaBart,radiotracer/imaging,1
"Placebo, metformin and atorvastatin","Placebo, metformin and atorvastatin",ext:placebo,1
68Ga-FAP-CHX,68Ga-FAP-CHX,radiotracer/imaging,1
Nituzumab/placebo,Nituzumab/placebo,ext:placebo,1
Wound irrigation with amoxicillin-clavulanate in saline solution,Wound irrigation with amoxicillin-clavulanate in saline solution,ext:saline,1
Wound irrigation with a saline solution,Wound irrigation with a saline solution,ext:saline,1
Placebo 600 μg,Placebo 600 μg,ext:placebo,1
Placebo 50 μg,Placebo 50 μg,ext:placebo,1
NPT 2042 (bumetanide analog) or Matching Placebo,NPT 2042 (bumetanide analog) or Matching Placebo,ext:placebo,1
hydroxyethyl starch in sodium chloride injection Brand Name: Voluven,hydroxyethyl starch in sodium chloride injection Brand Name: Voluven,canonical:Sodium Chloride,1
To measure levels of circulating monocyte/ T cell doublets after 28 days of Placebo treatment,To measure levels of circulating monocyte/ T cell doublets after 28 days of Placebo treatment,ext:placebo,1
Part B: placebo (matching zibotentan capsule) + dapagliflozin,Part B: placebo (matching zibotentan capsule) + dapagliflozin,ext:placebo,1
Part B: Placebo (matching zibotentan capsule & matching dapagliflozin tablet),Part B: Placebo (matching zibotentan capsule & matching dapagliflozin tablet),ext:placebo,1
Part A: Placebo (matching zibotentan capsule & matching dapagliflozin tablet),Part A: Placebo (matching zibotentan capsule & matching dapagliflozin tablet),ext:placebo,1
A single dose of 7±1 mCi (259±37 MBq) IV injection of 18F-Thretide,A single dose of 7±1 mCi (259±37 MBq) IV injection of 18F-Thretide,radiotracer/imaging,1
68Ga-FAP-RGD,68Ga-FAP-RGD,radiotracer/imaging,1
saline eye drops.,saline eye drops.,ext:saline,1
XY03-EA Placebo,XY03-EA Placebo,ext:placebo,1
PET/CT with 18F-DOPA,PET/CT with 18F-DOPA,radiotracer/imaging,1
Venous ethanol,Venous ethanol,ext:ethanol,1
89Zr-MK-4464,89Zr-MK-4464,radiotracer/imaging,1
Placebo nasal spray (OC-01 Vehicle Nasal Spray),Placebo nasal spray (OC-01 Vehicle Nasal Spray),ext:placebo,1
SHR4640 placebo tablet,SHR4640 placebo tablet,ext:placebo,1
68Ga-HX01,68Ga-HX01,radiotracer/imaging,1
Polyvinyl Alcohol,Polyvinyl Alcohol,ext:alcohol,1
iron sucrose and ferrous lactate,iron sucrose and ferrous lactate,ext:sucrose,1
AKVANO vehicle formulation 2,AKVANO vehicle formulation 2,ext:vehicle,1
AKVANO vehicle formulation 1,AKVANO vehicle formulation 1,ext:vehicle,1
placebo needle,placebo needle,ext:placebo,1
Tizanidine Hydrochloride Placebo,Tizanidine Hydrochloride Placebo,ext:placebo,1
Hemay005 placebo tablets,Hemay005 placebo tablets,ext:placebo,1
SHJ002/Vehicle,SHJ002/Vehicle,ext:vehicle,1
placebo salin infusion,placebo salin infusion,ext:placebo,1
TQB3616 placebo,TQB3616 placebo,ext:placebo,1
Vehicle to be administered in both eyes,Vehicle to be administered in both eyes,ext:vehicle,1
Glucose Injection,Glucose Injection,ext:glucose,1
998 microCi of 225Ac-MTI-201,998 microCi of 225Ac-MTI-201,radiotracer/imaging,1
9.5 microCi of 225Ac-MTI-201,9.5 microCi of 225Ac-MTI-201,radiotracer/imaging,1
76 microCi of 225Ac-MTI-201,76 microCi of 225Ac-MTI-201,radiotracer/imaging,1
750 microCi of 225Ac-MTI-201,750 microCi of 225Ac-MTI-201,radiotracer/imaging,1
564 microCi of 225Ac-MTI-201,564 microCi of 225Ac-MTI-201,radiotracer/imaging,1
424 microCi of 225Ac-MTI-201,424 microCi of 225Ac-MTI-201,radiotracer/imaging,1
4.7 microCi 225Ac-MTI-201,4.7 microCi 225Ac-MTI-201,radiotracer/imaging,1
38 microCi of 225Ac-MTI-201,38 microCi of 225Ac-MTI-201,radiotracer/imaging,1
254 microCi of 225Ac-MTI-201,254 microCi of 225Ac-MTI-201,radiotracer/imaging,1
19 microCi of 225Ac-MTI-201,19 microCi of 225Ac-MTI-201,radiotracer/imaging,1
152 microCi of 225Ac-MTI-201,152 microCi of 225Ac-MTI-201,radiotracer/imaging,1
1327 microCi of 225Ac-MTI-201,1327 microCi of 225Ac-MTI-201,radiotracer/imaging,1
[68Ga]Ga-PentixaFor PET/CT,[68Ga]Ga-PentixaFor PET/CT,radiotracer/imaging,1
KL130008/Placebo,KL130008/Placebo,ext:placebo,1
Placebo Jelly,Placebo Jelly,ext:placebo,1
HEC73077 placebo tablets,HEC73077 placebo tablets,ext:placebo,1
Preoperative Gabapentin/Postoperative Placebo,Preoperative Gabapentin/Postoperative Placebo,ext:placebo,1
NPC-12Y placebo gel,NPC-12Y placebo gel,ext:placebo,1
Orlistat placebo,Orlistat placebo,ext:placebo,1
Topical placebo eye drop,Topical placebo eye drop,ext:placebo,1
LW402 placebo,LW402 placebo,ext:placebo,1
IGC-AD1-Placebo,IGC-AD1-Placebo,ext:placebo,1
LY4268989 Placebo,LY4268989 Placebo,ext:placebo,1
68Ga-FAPI-RGD,68Ga-FAPI-RGD,radiotracer/imaging,1
Intermediate inspired oxygen,Intermediate inspired oxygen,ext:oxygen,1
QA102/Placebo,QA102/Placebo,ext:placebo,1
Liberal inspired oxygen,Liberal inspired oxygen,ext:oxygen,1
Conservative inspired oxygen,Conservative inspired oxygen,ext:oxygen,1
HRS-5632 Injection Placebo,HRS-5632 Injection Placebo,ext:placebo,1
18F-Fluciclovine PET-MRI,18F-Fluciclovine PET-MRI,radiotracer/imaging,1
"Arm I (Placebo),","Arm I (Placebo),",ext:placebo,1
[11C]-carfentanil,[11C]-carfentanil,radiotracer/imaging,1
[11C]-LY2795050,[11C]-LY2795050,radiotracer/imaging,1
Iodine-based contrast agent,Iodine-based contrast agent,ext:contrast,1
Placebo for ponsegromab,Placebo for ponsegromab,ext:placebo,1
Gadolinium-based contrast agent,Gadolinium-based contrast agent,ext:contrast,1
Dovato 50Mg-300Mg Tablet + Biktarvy placebo,Dovato 50Mg-300Mg Tablet + Biktarvy placebo,ext:placebo,1
BIKTARVY 50Mg-200Mg-25Mg Tablet and Dovato placebo,BIKTARVY 50Mg-200Mg-25Mg Tablet and Dovato placebo,ext:placebo,1
68Ga-RM26-RGD,68Ga-RM26-RGD,radiotracer/imaging,1
"20mg QY201 tablets or 20mg QY201 placebo,BID","20mg QY201 tablets or 20mg QY201 placebo,BID",ext:placebo,1
placebo (100 mL of 0.9% saline).,placebo (100 mL of 0.9% saline).,ext:placebo,1
"15mg QY201 tablets or 15mg QY201 placebo,BID","15mg QY201 tablets or 15mg QY201 placebo,BID",ext:placebo,1
"10mg QY201 tablets or 10mg QY201 placebo,QD","10mg QY201 tablets or 10mg QY201 placebo,QD",ext:placebo,1
"10mg QY201 tablets or 10mg QY201 placebo,BID","10mg QY201 tablets or 10mg QY201 placebo,BID",ext:placebo,1
tranexamic acid (1 g diluted in 100 mL of 0.9% saline,tranexamic acid (1 g diluted in 100 mL of 0.9% saline,ext:saline,1
"2mg QY201 tablets or 2mg QY201 placebo,BID","2mg QY201 tablets or 2mg QY201 placebo,BID",ext:placebo,1
"D012, placebo of D064, placebo of D701","D012, placebo of D064, placebo of D701",ext:placebo,1
Sodium-glucose cotransporter 2 inhibitors (SGLT2i),Sodium-glucose cotransporter 2 inhibitors (SGLT2i),ext:glucose,1
QY201 placebo，BID,QY201 placebo，BID,ext:placebo,1
"5mg QY201 tablets or 5mg QY201 placebo,BID","5mg QY201 tablets or 5mg QY201 placebo,BID",ext:placebo,1
SHR-1703 Placebo,SHR-1703 Placebo,ext:placebo,1
"D064, D701, placebo of D012","D064, D701, placebo of D012",ext:placebo,1
beetroot juice - Placebo,beetroot juice - Placebo,ext:placebo,1
Placebo to BAY2413555,Placebo to BAY2413555,ext:placebo,1
Drug: [18F]florbetaben,Drug: [18F]florbetaben,radiotracer/imaging,1
0.9% NaCl Solution,0.9% NaCl Solution,ext:nacl,1
ELE-101 Placebo,ELE-101 Placebo,ext:placebo,1
SPI-62 matched placebo,SPI-62 matched placebo,ext:placebo,1
Additional prednisolone matched placebo,Additional prednisolone matched placebo,ext:placebo,1
250 mL 6% hydroxyethyl starch (Voluven) then 500 mL of ringer's acetate solution then 250 mL of 6% hydroxyethyl starch (Voluven),250 mL 6% hydroxyethyl starch (Voluven) then 500 mL of ringer's acetate solution then 250 mL of 6% hydroxyethyl starch (Voluven),ext:ringer,1
1000 mL of ringer's acetate solution,1000 mL of ringer's acetate solution,ext:ringer,1
Dextrose 15% in water,Dextrose 15% in water,ext:dextrose,1
placebo inhaled dry powder,placebo inhaled dry powder,ext:placebo,1
LP-168 Placebo tablet,LP-168 Placebo tablet,ext:placebo,1
Vehicle proprietary ophthalmic solution,Vehicle proprietary ophthalmic solution,ext:vehicle,1
Control group: Fluoxetine and Placebo,Control group: Fluoxetine and Placebo,ext:placebo,1
PlaceboSHR7280 tablets blank preparation,PlaceboSHR7280 tablets blank preparation,ext:placebo,1
68Ga-citrate PET/CT,68Ga-citrate PET/CT,radiotracer/imaging,1
"Placebo,Fulvestrant,Goserelin acetate","Placebo,Fulvestrant,Goserelin acetate",ext:placebo,1
TCK-276 Placebo,TCK-276 Placebo,ext:placebo,1
"Placebo, Letrozole or anastrozole, Goserelin acetate","Placebo, Letrozole or anastrozole, Goserelin acetate",ext:placebo,1
BI matching placebo,BI matching placebo,ext:placebo,1
0.9% NaCl infusion,0.9% NaCl infusion,ext:nacl,1
40 mg of nebulized furosemide in 4 mL of saline nebulized over 30 minutes every 6 hours,40 mg of nebulized furosemide in 4 mL of saline nebulized over 30 minutes every 6 hours,ext:saline,1
4 mL of nebulized 0.9% saline minutes every 6 hours over 30 minutes every 6 hours.,4 mL of nebulized 0.9% saline minutes every 6 hours over 30 minutes every 6 hours.,ext:saline,1
Placebo 0.9% normal saline,Placebo 0.9% normal saline,ext:placebo,1
[11C]AZ1419 3391,[11C]AZ1419 3391,radiotracer/imaging,1
Anisodine Hydrobromide placebo,Anisodine Hydrobromide placebo,ext:placebo,1
Idebenone+ placebo,Idebenone+ placebo,ext:placebo,1
Placebo Sodium Chloride 0.9% Inj,Placebo Sodium Chloride 0.9% Inj,canonical:Sodium Chloride,1
Liquid oxygen,Liquid oxygen,ext:oxygen,1
QY101 ointment or vehicle,QY101 ointment or vehicle,ext:vehicle,1
Placebo volume-matching RGLS8429 dose,Placebo volume-matching RGLS8429 dose,ext:placebo,1
GT20029 Gel Placebo,GT20029 Gel Placebo,ext:placebo,1
Multivitamin-Placebo,Multivitamin-Placebo,ext:placebo,1
89Zr-panitumumab IV,89Zr-panitumumab IV,radiotracer/imaging,1
Intravenous (IV) placebo plus oral acetaminophen,Intravenous (IV) placebo plus oral acetaminophen,ext:placebo,1
Intravenous (IV) acetaminophen + oral placebo,Intravenous (IV) acetaminophen + oral placebo,ext:placebo,1
Glucose Tab,Glucose Tab,ext:glucose,1
F61 Placebo,F61 Placebo,ext:placebo,1
Placebo 134a,Placebo 134a,ext:placebo,1
Ethanol Injection,Ethanol Injection,ext:ethanol,1
Placebo and Oxycodone,Placebo and Oxycodone,ext:placebo,1
Placebo 152a,Placebo 152a,ext:placebo,1
SHAPE measurement (Definity ultrasoud contrast agent),SHAPE measurement (Definity ultrasoud contrast agent),ext:contrast,1
[11C]acetate,[11C]acetate,radiotracer/imaging,1
YP-P10 Placebo Ophthalmic Solution (vehicle),YP-P10 Placebo Ophthalmic Solution (vehicle),ext:placebo,1
"Pure oxygen (99%) from Praxair, Edmonton, DIN# 02014408","Pure oxygen (99%) from Praxair, Edmonton, DIN# 02014408",ext:oxygen,1
intravenous infusion NaCl,intravenous infusion NaCl,ext:nacl,1
PL8177 Placebo,PL8177 Placebo,ext:placebo,1
SHR8554 Injection and Placebo for SHR0410 Injection,SHR8554 Injection and Placebo for SHR0410 Injection,ext:placebo,1
Placebo for Oral Azacitidine,Placebo for Oral Azacitidine,ext:placebo,1
"Daily medical treatment (e.g., oxygen, medrol, duovent, azitromycine)","Daily medical treatment (e.g., oxygen, medrol, duovent, azitromycine)",ext:oxygen,1
PET imaging with 18F fluciclovine,PET imaging with 18F fluciclovine,radiotracer/imaging,1
Placebo hard capsule,Placebo hard capsule,ext:placebo,1
Prescription of placebo,Prescription of placebo,ext:placebo,1
Placebo for ABBV-990,Placebo for ABBV-990,ext:placebo,1
Placebo to TS-142,Placebo to TS-142,ext:placebo,1
Placebo Subcutaneous Injection,Placebo Subcutaneous Injection,ext:placebo,1
[18F]-αvβ6-BP,[18F]-αvβ6-BP,radiotracer/imaging,1
KNEE JOINT INFILTRATION WITH HYALURONIC ACID WITH SORBITOL SYNOLIS VA,KNEE JOINT INFILTRATION WITH HYALURONIC ACID WITH SORBITOL SYNOLIS VA,ext:sorbitol,1
JYB1904 Placebo,JYB1904 Placebo,ext:placebo,1
VVN539 Ophthalmic Solution Vehicle,VVN539 Ophthalmic Solution Vehicle,ext:vehicle,1
131I-IPA,131I-IPA,radiotracer/imaging,1
[18F]-PI-2620,[18F]-PI-2620,radiotracer/imaging,1
Compound sodium acetate ringer injection,Compound sodium acetate ringer injection,ext:ringer,1
18F-GTP1,18F-GTP1,radiotracer/imaging,1
[11C]UCB-J PET,[11C]UCB-J PET,radiotracer/imaging,1
Glucose insulin potassium,Glucose insulin potassium,ext:glucose,1
[18F]RO-948,[18F]RO-948,radiotracer/imaging,1
MN-001 placebo,MN-001 placebo,ext:placebo,1
[18F]AZAN,[18F]AZAN,radiotracer/imaging,1
[18F]ASEM,[18F]ASEM,radiotracer/imaging,1
Dengzhanxixin Capsule plus Placebo Capsule,Dengzhanxixin Capsule plus Placebo Capsule,ext:placebo,1
[177Lu]Ludotadipep 3.7 GBq,[177Lu]Ludotadipep 3.7 GBq,radiotracer/imaging,1
Vitamin D2 Placebo,Vitamin D2 Placebo,ext:placebo,1
Placebo plus high-intensity statin,Placebo plus high-intensity statin,ext:placebo,1
Glucose Powder,Glucose Powder,ext:glucose,1
Recombinant Humanized Anti-IL-36R Monoclonal antibody and Placebo,Recombinant Humanized Anti-IL-36R Monoclonal antibody and Placebo,ext:placebo,1
placebo /IBI112,placebo /IBI112,ext:placebo,1
control group saline,control group saline,ext:saline,1
control: additional ringers during cardiopulmonary bypass,control: additional ringers during cardiopulmonary bypass,ext:ringer,1
cisplatin with standard hydration with normal saline,cisplatin with standard hydration with normal saline,ext:saline,1
Asundexian matching placebo,Asundexian matching placebo,ext:placebo,1
Apixaban matching placebo,Apixaban matching placebo,ext:placebo,1
10 mg Dronabinol (Marinol®) + Alcohol Beverage,10 mg Dronabinol (Marinol) + Alcohol Beverage,ext:alcohol,1
64Cu-PSMA I&T,64Cu-PSMA I&T,radiotracer/imaging,1
Placebo and diclofenac,Placebo and diclofenac,ext:placebo,1
Magnesium sulfate and diclofenac,Magnesium sulfate and diclofenac,ext:magnesium sulfate,1
10 mg Dronabinol (Marinol®) + Placebo Beverage,10 mg Dronabinol (Marinol) + Placebo Beverage,ext:placebo,1
5 mg Dronabinol (Marinol®) + Alcohol Beverage,5 mg Dronabinol (Marinol) + Alcohol Beverage,ext:alcohol,1
5 mg Dronabinol (Marinol®) + Placebo Beverage,5 mg Dronabinol (Marinol) + Placebo Beverage,ext:placebo,1
Placebo Capsule + Alcohol Beverage,Placebo Capsule + Alcohol Beverage,ext:placebo,1
89Zr-NY008,89Zr-NY008,radiotracer/imaging,1
[212Pb]VMT01,[212Pb]VMT01,radiotracer/imaging,1
Placebo Capsule + Placebo Beverage,Placebo Capsule + Placebo Beverage,ext:placebo,1
Placebo for Linaclotide,Placebo for Linaclotide,ext:placebo,1
18F-PI-2620 PET/CT,18F-PI-2620 PET/CT,radiotracer/imaging,1
Matching Placebo / Diluent,Matching Placebo / Diluent,ext:placebo,1
LW231 placebo,LW231 placebo,ext:placebo,1
Nabiximols-matched placebo,Nabiximols-matched placebo,ext:placebo,1
AD-209-1 placebo,AD-209-1 placebo,ext:placebo,1
AD-209 placebo,AD-209 placebo,ext:placebo,1
Radiotracer targeting somatostatin receptor 2 (SSTR2) ([68Ga]Ga-DOTA-TOC),Radiotracer targeting somatostatin receptor 2 (SSTR2) ([68Ga]Ga-DOTA-TOC),radiotracer/imaging,1
Placebo Matched to Elafibranor 80 mg,Placebo Matched to Elafibranor 80 mg,ext:placebo,1
Placebo Matched to Elafibranor 120 mg,Placebo Matched to Elafibranor 120 mg,ext:placebo,1
89Zr-DFO-girentuximab,89Zr-DFO-girentuximab,radiotracer/imaging,1
Isotonic Normal Saline Solution,Isotonic Normal Saline Solution,ext:saline,1
Edecesertib Placebo,Edecesertib Placebo,ext:placebo,1
Placebo (via DPI) [2x Placebo capsules],Placebo (via DPI) [2x Placebo capsules],ext:placebo,1
Placebo (via DPI),Placebo (via DPI),ext:placebo,1
Placebo single-dose food effect,Placebo single-dose food effect,ext:placebo,1
68Ga-P15-041,68Ga-P15-041,radiotracer/imaging,1
active ingredient-free vehicle solution to DLQ01,active ingredient-free vehicle solution to DLQ01,ext:vehicle,1
Placebo for Vitamin B compound,Placebo for Vitamin B compound,ext:placebo,1
Placebo for Prednisolon,Placebo for Prednisolon,ext:placebo,1
1.5 mL of normal saline,1.5 mL of normal saline,ext:saline,1
89Zr-S095012 tracer and S095012 will be administered via an IV infusion,89Zr-S095012 tracer and S095012 will be administered via an IV infusion,radiotracer/imaging,1
HRS-1780 table or placebo,HRS-1780 table or placebo,ext:placebo,1
prostaglandin F2a analogue in vehicle solution low dose,prostaglandin F2a analogue in vehicle solution low dose,ext:vehicle,1
Sodium-glucose cotransporter-2 inhibitors (SGLT2i),Sodium-glucose cotransporter-2 inhibitors (SGLT2i),ext:glucose,1
HT-001 Placebo,HT-001 Placebo,ext:placebo,1
prostaglandin F2a analogue in vehicle solution high dose,prostaglandin F2a analogue in vehicle solution high dose,ext:vehicle,1
"O-(2-[18F]Fluoroethyl)-L-tyrosine, [18F]-FET with PET/MRI","O-(2-[18F]Fluoroethyl)-L-tyrosine, [18F]-FET with PET/MRI",radiotracer/imaging,1
Colchicine Placebo,Colchicine Placebo,ext:placebo,1
Multiple ascending doses of Placebo,Multiple ascending doses of Placebo,ext:placebo,1
HuHuangLianzonggan capsule placebo,HuHuangLianzonggan capsule placebo,ext:placebo,1
[212Pb]VMT-α-NET,[212Pb]VMT-α-NET,radiotracer/imaging,1
Placebo Comparator: Placebo Comparator:normal saline(0.9%),Placebo Comparator: Placebo Comparator:normal saline(0.9%),ext:placebo,1
Isotonic sodium chloride (0.9%),Isotonic sodium chloride (0.9%),canonical:Sodium Chloride,1
Opioid-based group (OB) (placebo/saline),Opioid-based group (OB) (placebo/saline),ext:placebo,1
Placebo/Lysergic Acid Diethylamide (LSD) 75µg,Placebo/Lysergic Acid Diethylamide (LSD) 75µg,ext:placebo,1
Magnesium sulfate loading with maintenance dose,Magnesium sulfate loading with maintenance dose,ext:magnesium sulfate,1
Magnesium sulfate loading dose only,Magnesium sulfate loading dose only,ext:magnesium sulfate,1
HT-6184 Matching Placebo,HT-6184 Matching Placebo,ext:placebo,1
Diphenhydramine + Sodium Bicarbonate,Diphenhydramine + Sodium Bicarbonate,ext:sodium bicarbonate,1
"Pritelivir placebo, moxifloxacin placebo and moxifloxacin","Pritelivir placebo, moxifloxacin placebo and moxifloxacin",ext:placebo,1
"Pritelivir placebo, moxifloxacin and moxifloxacin placebo","Pritelivir placebo, moxifloxacin and moxifloxacin placebo",ext:placebo,1
Pritelivir and moxifloxacin placebo,Pritelivir and moxifloxacin placebo,ext:placebo,1
Placebo Comparator of Wei Li Bai capsules,Placebo Comparator of Wei Li Bai capsules,ext:placebo,1
Empagliflozin 25 mg vs Placebo,Empagliflozin 25 mg vs Placebo,ext:placebo,1
Saline infusion sonography for evaluation of cesarean scar,Saline infusion sonography for evaluation of cesarean scar,ext:saline,1
68Ga-NOTA-GPA33 nanobody,68Ga-NOTA-GPA33 nanobody,radiotracer/imaging,1
[11C]OMAR,[11C]OMAR,radiotracer/imaging,1
Siltuximab Matching Placebo,Siltuximab Matching Placebo,ext:placebo,1
Erenumab-Aooe Matching Placebo,Erenumab-Aooe Matching Placebo,ext:placebo,1
etoricoxib 90 mg (Arcoxia®) +FDC placebo,etoricoxib 90 mg (Arcoxia) +FDC placebo,ext:placebo,1
cyclobenzaprine hydrochloride + etoricoxib placebo,cyclobenzaprine hydrochloride + etoricoxib placebo,ext:placebo,1
FDC of etoricoxib + cyclobenzaprine + etoricoxib placebo,FDC of etoricoxib + cyclobenzaprine + etoricoxib placebo,ext:placebo,1
placebo inhaled powder,placebo inhaled powder,ext:placebo,1
18F-Labeled Positron Emission Tomography (PET) Diagnostic Agent,18F-Labeled Positron Emission Tomography (PET) Diagnostic Agent,radiotracer/imaging,1
Placebo of CKD-498 dose#3,Placebo of CKD-498 dose#3,ext:placebo,1
Placebo of CKD-498 dose#2,Placebo of CKD-498 dose#2,ext:placebo,1
Placebo of CKD-498 dose#1,Placebo of CKD-498 dose#1,ext:placebo,1
OA-235i or placebo,OA-235i or placebo,ext:placebo,1
Greater Occipital Nerve Block with 0.9% saline,Greater Occipital Nerve Block with 0.9% saline,ext:saline,1
Placebo (orelabrutinib tablet simulator),Placebo (orelabrutinib tablet simulator),ext:placebo,1
Orelabrutinib and placebo (orelabrutinib tablet simulator),Orelabrutinib and placebo (orelabrutinib tablet simulator),ext:placebo,1
Allisartan Isoproxil Tablets 720mg or placebo,Allisartan Isoproxil Tablets 720mg or placebo,ext:placebo,1
Placebo for CK-3828136,Placebo for CK-3828136,ext:placebo,1
68Ga-exendin-4,68Ga-exendin-4,radiotracer/imaging,1
Saline gauze group,Saline gauze group,ext:saline,1
18F-FES,18F-FES,radiotracer/imaging,1
KIN001-Placebo,KIN001-Placebo,ext:placebo,1
Placebo (for D377),Placebo (for D377),ext:placebo,1
Placebo (for D086),Placebo (for D086),ext:placebo,1
Placebo (for CKD-331),Placebo (for CKD-331),ext:placebo,1
Placebo to zabedosertib (BAY1834845),Placebo to zabedosertib (BAY1834845),ext:placebo,1
Gabapentin Placebo,Gabapentin Placebo,ext:placebo,1
saline 0.9% .,saline 0.9% .,ext:saline,1
Moxifloxacin-placebo,Moxifloxacin-placebo,ext:placebo,1
Cotadutide-placebo,Cotadutide-placebo,ext:placebo,1
placebo of GST-HG171,placebo of GST-HG171,ext:placebo,1
Placebo 0.5mg capsule,Placebo 0.5mg capsule,ext:placebo,1
Use of Magnesium Sulfate as adjuvants to bupivacaine in pectoral nerve block in mastectomy,Use of Magnesium Sulfate as adjuvants to bupivacaine in pectoral nerve block in mastectomy,ext:magnesium sulfate,1
177Lu girentuximab,177Lu girentuximab,radiotracer/imaging,1
Non-GLP-1 RA based glucose lowering drugs,Non-GLP-1 RA based glucose lowering drugs,ext:glucose,1
Allisartan Isoproxil Tablets 240mg or placebo,Allisartan Isoproxil Tablets 240mg or placebo,ext:placebo,1
Allisartan Isoproxil Tablets 480mg or placebo,Allisartan Isoproxil Tablets 480mg or placebo,ext:placebo,1
cordyceps sinesis capsule placebo,cordyceps sinesis capsule placebo,ext:placebo,1
[18F]FPEB with PET,[18F]FPEB with PET,radiotracer/imaging,1
Intrathecal Placebo Mono Injection,Intrathecal Placebo Mono Injection,ext:placebo,1
Cerebralcare pills placebo,Cerebralcare pills placebo,ext:placebo,1
physiological saline solution,physiological saline solution,ext:saline,1
Dordaviprone (ONC201) + Placebo,Dordaviprone (ONC201) + Placebo,ext:placebo,1
Placebo of acetylsalicylic acid and Metformin,Placebo of acetylsalicylic acid and Metformin,ext:placebo,1
BIIB115-Matching Placebo,BIIB115-Matching Placebo,ext:placebo,1
Placebo (Semaglutide 3 mg/ml),Placebo (Semaglutide 3 mg/ml),ext:placebo,1
TPN171H Placebo,TPN171H Placebo,ext:placebo,1
CIGB-814 placebo (multiple-dose group),CIGB-814 placebo (multiple-dose group),ext:placebo,1
Soap Without Antiseptic Properties (Placebo),Soap Without Antiseptic Properties (Placebo),ext:placebo,1
Placebo Nasal Ointment,Placebo Nasal Ointment,ext:placebo,1
Pentoxifylline sustained-release tablets placebo,Pentoxifylline sustained-release tablets placebo,ext:placebo,1
CIGB-814 placebo (single-dose group),CIGB-814 placebo (single-dose group),ext:placebo,1
Placebo Only Product in Oral Dose Form,Placebo Only Product in Oral Dose Form,ext:placebo,1
FB2001 for inhalation placebo,FB2001 for inhalation placebo,ext:placebo,1
[13N]NH3,[13N]NH3,radiotracer/imaging,1
Intra-articular injection of placebo in the knee joint,Intra-articular injection of placebo in the knee joint,ext:placebo,1
ATB-1013 placebo,ATB-1013 placebo,ext:placebo,1
tislelizumab-matching placebo,tislelizumab-matching placebo,ext:placebo,1
sitravatinib-matching placebo,sitravatinib-matching placebo,ext:placebo,1
DILTIAZEM TEVA 60 mg or placebo,DILTIAZEM TEVA 60 mg or placebo,ext:placebo,1
illuccix 68Ga-PSMA-11 Total Body PET-CT,illuccix 68Ga-PSMA-11 Total Body PET-CT,radiotracer/imaging,1
Sodium Chloride (NaCl) 0.9%,Sodium Chloride (NaCl) 0.9%,canonical:Sodium Chloride,1
Placebo (tablets per os),Placebo (tablets per os),ext:placebo,1
Placebo oral tablet and Dapoxitine 3mg Oral tablet,Placebo oral tablet and Dapoxitine 3mg Oral tablet,ext:placebo,1
1-(2-[18F]FLUOROETHYL)-L-Tryptophan,1-(2-[18F]FLUOROETHYL)-L-Tryptophan,radiotracer/imaging,1
Combinations of Oral Blood Glucose Lowering Drugs,Combinations of Oral Blood Glucose Lowering Drugs,ext:glucose,1
18F-SF12051,18F-SF12051,radiotracer/imaging,1
177Lu HTK03170,177Lu HTK03170,radiotracer/imaging,1
Prednisolone Placebo,Prednisolone Placebo,ext:placebo,1
Eptinezumab 100 mg or Eptinezumab 300 mg administered intravenously in 100 mL saline solution,Eptinezumab 100 mg or Eptinezumab 300 mg administered intravenously in 100 mL saline solution,ext:saline,1
ABI-4334 Placebo,ABI-4334 Placebo,ext:placebo,1
ATB-1012 placebo,ATB-1012 placebo,ext:placebo,1
ATB-1011 placebo,ATB-1011 placebo,ext:placebo,1
D745 Placebo,D745 Placebo,ext:placebo,1
Pentazocine plus placebo,Pentazocine plus placebo,ext:placebo,1
Lumason® contrast agent,Lumason contrast agent,ext:contrast,1
Pylarify Piflufolastat Flourine-18 (18F-DCFPyL),Pylarify Piflufolastat Flourine-18 (18F-DCFPyL),radiotracer/imaging,1
placebo for nirmatrelvir,placebo for nirmatrelvir,ext:placebo,1
Matching Placebo for selinexor,Matching Placebo for selinexor,ext:placebo,1
GS3-007 oral liquid or Placebo GS3-007 oral liquid oral medication,GS3-007 oral liquid or Placebo GS3-007 oral liquid oral medication,ext:placebo,1
Placebo n-acetylcystine,Placebo n-acetylcystine,ext:placebo,1
Placebo hydromorphone,Placebo hydromorphone,ext:placebo,1
Technetium[99mTc] Methylenediphosphonate Injection,Technetium[99mTc] Methylenediphosphonate Injection,radiotracer/imaging,1
2.59 GBq (70 mCi) of 177Lu-PSMA-EB-01,2.59 GBq (70 mCi) of 177Lu-PSMA-EB-01,radiotracer/imaging,1
1.85 GBq (50 mCi) of 177Lu-PSMA-EB-01,1.85 GBq (50 mCi) of 177Lu-PSMA-EB-01,radiotracer/imaging,1
1.11 GBq (30 mCi) of 177Lu-PSMA-EB-01,1.11 GBq (30 mCi) of 177Lu-PSMA-EB-01,radiotracer/imaging,1
10mg QY201 Placebo tablet,10mg QY201 Placebo tablet,ext:placebo,1
20mg QY201 Placebo tablet,20mg QY201 Placebo tablet,ext:placebo,1
"Placebo tablets, montelukast sodium tablets","Placebo tablets, montelukast sodium tablets",ext:placebo,1
11C-Methionine PET/CT,11C-Methionine PET/CT,radiotracer/imaging,1
99mTc-MIRC213,99mTc-MIRC213,radiotracer/imaging,1
Radiopharmaceutical 18F-JK-PSMA-7,Radiopharmaceutical 18F-JK-PSMA-7,radiotracer/imaging,1
Radiopharmaceutical 18F-Fluorocholine,Radiopharmaceutical 18F-Fluorocholine,radiotracer/imaging,1
68Ga-NODAGA-Exendin-4,68Ga-NODAGA-Exendin-4,radiotracer/imaging,1
Topical Ethanol Extract (Piper crocatum),Topical Ethanol Extract (Piper crocatum),ext:ethanol,1
Magnesium Sulfate + Bupivacaine,Magnesium Sulfate + Bupivacaine,ext:magnesium sulfate,1
177Lu-B5-IgG4,177Lu-B5-IgG4,radiotracer/imaging,1
68Ga-labeled NY108,68Ga-labeled NY108,radiotracer/imaging,1
Diagnostic Test: whole body study and SPECT with [99mTc]Tc(CO)3-(HE)3-Ec1,Diagnostic Test: whole body study and SPECT with [99mTc]Tc(CO)3-(HE)3-Ec1,radiotracer/imaging,1
Placebo for add-back therapy,Placebo for add-back therapy,ext:placebo,1
Placebo for BG2109,Placebo for BG2109,ext:placebo,1
SAGE-718-matching Placebo,SAGE-718-matching Placebo,ext:placebo,1
[68Ga]CBP8 PET/MRI,[68Ga]CBP8 PET/MRI,radiotracer/imaging,1
[111In]-FPI-2058,[111In]-FPI-2058,radiotracer/imaging,1
SPH3127+valsartan matching placebo,SPH3127+valsartan matching placebo,ext:placebo,1
SPH3127+SPH3127matching placebo+valsartan matching placebo,SPH3127+SPH3127matching placebo+valsartan matching placebo,ext:placebo,1
SPH3127 matching placebo+valsartan,SPH3127 matching placebo+valsartan,ext:placebo,1
[68Ga]N188,[68Ga]N188,radiotracer/imaging,1
Korean red ginseng capsule(placebo),Korean red ginseng capsule(placebo),ext:placebo,1
Oral 2-Deoxy-D-Glucose (2DG),Oral 2-Deoxy-D-Glucose (2DG),ext:glucose,1
Placebo Comparator: Control,Placebo Comparator: Control,ext:placebo,1
Experimental: Vehicle ophthalmic solution,Experimental: Vehicle ophthalmic solution,ext:vehicle,1
Group 5:YK-1169/Placebo Injection,Group 5:YK-1169/Placebo Injection,ext:placebo,1
Group 4:YK-1169/Placebo,Group 4:YK-1169/Placebo,ext:placebo,1
Group 3:YK-1169/Placebo,Group 3:YK-1169/Placebo,ext:placebo,1
Group 2:YK-1169/Placebo Injection,Group 2:YK-1169/Placebo Injection,ext:placebo,1
18F-DCFpyL,18F-DCFpyL,radiotracer/imaging,1
ABC block with saline,ABC block with saline,ext:saline,1
Group B receiving normal saline,Group B receiving normal saline,ext:saline,1
[11C]CPPC PET ligand,[11C]CPPC PET ligand,radiotracer/imaging,1
1.1 GBq (30 mCi) of 177Lu-P17-088,1.1 GBq (30 mCi) of 177Lu-P17-088,radiotracer/imaging,1
1.1 GBq (30 mCi) of 177Lu-P17-087,1.1 GBq (30 mCi) of 177Lu-P17-087,radiotracer/imaging,1
normal saline bolus followed by normal saline infusion,normal saline bolus followed by normal saline infusion,ext:saline,1
magnesium bolus followed by normal saline infusion,magnesium bolus followed by normal saline infusion,ext:saline,1
Tranexamic Acid 1000 mg/10ml normal saline infusion,Tranexamic Acid 1000 mg/10ml normal saline infusion,ext:saline,1
Placebo (for RO4917523 fixed dose),Placebo (for RO4917523 fixed dose),ext:placebo,1
Placebo (for RO4917523 ascending doses),Placebo (for RO4917523 ascending doses),ext:placebo,1
Adapalene/ BPO vehicle gel with Lymecycline capsules,Adapalene/ BPO vehicle gel with Lymecycline capsules,ext:vehicle,1
Placebo dispensed to subject.,Placebo dispensed to subject.,ext:placebo,1
perindopril OR bisoprolol OR placebo,perindopril OR bisoprolol OR placebo,ext:placebo,1
Placebo Device,Placebo Device,ext:placebo,1
Treatment 3. (3% Hypertonic saline + Epinephrine),Treatment 3. (3% Hypertonic saline + Epinephrine),ext:saline,1
Treatment 2. (Normal saline + Epinephrine),Treatment 2. (Normal saline + Epinephrine),ext:saline,1
Treatment 1. (5% Hypertonic saline + Epinephrine),Treatment 1. (5% Hypertonic saline + Epinephrine),ext:saline,1
Bupivacaine Placebo,Bupivacaine Placebo,ext:placebo,1
Placebo to MK-6913,Placebo to MK-6913,ext:placebo,1
Placebo to 17-β estradiol,Placebo to 17-β estradiol,ext:placebo,1
HM10760A or Placebo,HM10760A or Placebo,ext:placebo,1
ramosetron with saline,ramosetron with saline,ext:saline,1
Placebo to indacaterol via the Concept1 dry-powder inhaler,Placebo to indacaterol via the Concept1 dry-powder inhaler,ext:placebo,1
"HES 130/0.4 (6%), Voluven balanced vs. Lactated Ringer's solution","HES 130/0.4 (6%), Voluven balanced vs. Lactated Ringer's solution",ext:ringer,1
"Association: acetylsalicylic acid (500mg), sodium bicarbonate (1625) and citric acid (965)","Association: acetylsalicylic acid (500mg), sodium bicarbonate (1625) and citric acid (965)",ext:sodium bicarbonate,1
PF-04531083 or Placebo,PF-04531083 or Placebo,ext:placebo,1
"iron sucrose, erythropoietin-β","iron sucrose, erythropoietin-β",ext:sucrose,1
Atorvastatin vs Placebo,Atorvastatin vs Placebo,ext:placebo,1
Tolvaptan 15mg or 30mg or 60mg or Placebo,Tolvaptan 15mg or 30mg or 60mg or Placebo,ext:placebo,1
GSK573719 matching Placebo,GSK573719 matching Placebo,ext:placebo,1
placebo of aspirin,placebo of aspirin,ext:placebo,1
BI 10773 placebo,BI 10773 placebo,ext:placebo,1
Metformin plus Placebo,Metformin plus Placebo,ext:placebo,1
rHPIV3cp45 placebo,rHPIV3cp45 placebo,ext:placebo,1
"N-acetylcysteine, saline","N-acetylcysteine, saline",ext:saline,1
NutropinAq and placebo,NutropinAq and placebo,ext:placebo,1
cholecalciferol/placebo,cholecalciferol/placebo,ext:placebo,1
Nitrousoxide-oxygen and atmospheric air,Nitrousoxide-oxygen and atmospheric air,ext:oxygen,1
Atmospheric air; nitrousoxide-oxygen,Atmospheric air; nitrousoxide-oxygen,ext:oxygen,1
Placebo [group P],Placebo [group P],ext:placebo,1
Dose-matched Placebo to MK-6096,Dose-matched Placebo to MK-6096,ext:placebo,1
Placebo to AZD1386,Placebo to AZD1386,ext:placebo,1
Placebo tamsulosin hydrochloride OCAS 0.4 mg,Placebo tamsulosin hydrochloride OCAS 0.4 mg,ext:placebo,1
Placebo FDC tamsulosin hydrochloride/solifenacin succinate 0.4 mg/9 mg,Placebo FDC tamsulosin hydrochloride/solifenacin succinate 0.4 mg/9 mg,ext:placebo,1
Placebo FDC tamsulosin hydrochloride/solifenacin succinate 0.4 mg/6 mg,Placebo FDC tamsulosin hydrochloride/solifenacin succinate 0.4 mg/6 mg,ext:placebo,1
Vehicle twice daily,Vehicle twice daily,ext:vehicle,1
Vehicle once daily,Vehicle once daily,ext:vehicle,1
Comparator: placebo oral tablet,Comparator: placebo oral tablet,ext:placebo,1
Comparator: placebo injection,Comparator: placebo injection,ext:placebo,1
VAK694 placebo infusion; Alutard Avanz SQ,VAK694 placebo infusion; Alutard Avanz SQ,ext:placebo,1
"Placebo, then Atomoxetine","Placebo, then Atomoxetine",ext:placebo,1
"Atomoxetine, then Placebo","Atomoxetine, then Placebo",ext:placebo,1
VAK694 placebo infusion; Saline,VAK694 placebo infusion; Saline,ext:placebo,1
"fenofibrate, fatty acid, placebo","fenofibrate, fatty acid, placebo",ext:placebo,1
pioglitazone-placebo,pioglitazone-placebo,ext:placebo,1
Vitamin E-placebo,Vitamin E-placebo,ext:placebo,1
Perifosine Placebo,Perifosine Placebo,ext:placebo,1
LEO 29102 placebo cream,LEO 29102 placebo cream,ext:placebo,1
Ringers Lactate solution,Ringers Lactate solution,ext:ringer,1
ferrous fumarate (placebo) tablets,ferrous fumarate (placebo) tablets,ext:placebo,1
AL-38583 ophthalmic solution vehicle,AL-38583 ophthalmic solution vehicle,ext:vehicle,1
Suspension Placebo,Suspension Placebo,ext:placebo,1
levocetirizine or placebo,levocetirizine or placebo,ext:placebo,1
LDX Placebo + MAS-IR Placebo,LDX Placebo + MAS-IR Placebo,ext:placebo,1
Placebo - dark brown sugar,Placebo - dark brown sugar,ext:placebo,1
"JNJ-39439335, Placebo","JNJ-39439335, Placebo",ext:placebo,1
64Cu-ATSM PET,64Cu-ATSM PET,radiotracer/imaging,1
Sitagliptin + Pioglitazone PLACEBO,Sitagliptin + Pioglitazone PLACEBO,ext:placebo,1
fluticasone propionate nasal spray placebo,fluticasone propionate nasal spray placebo,ext:placebo,1
YY-351/Placebo,YY-351/Placebo,ext:placebo,1
Hydrogen Peroxide Oxygen producing gel,Hydrogen Peroxide Oxygen producing gel,ext:oxygen,1
montelukast placebo tablet,montelukast placebo tablet,ext:placebo,1
fluticasone propionate placebo nasal spray,fluticasone propionate placebo nasal spray,ext:placebo,1
BI 671800 ED placebo,BI 671800 ED placebo,ext:placebo,1
671800 ED placebo,671800 ED placebo,ext:placebo,1
Placebo to methotrexate,Placebo to methotrexate,ext:placebo,1
GSK598809 Placebo Capsules,GSK598809 Placebo Capsules,ext:placebo,1
Placebo Drug: Docetaxel Drug: Carboplatin,Placebo Drug: Docetaxel Drug: Carboplatin,ext:placebo,1
Physiological serum (Sodium chloride),Physiological serum (Sodium chloride),canonical:Sodium Chloride,1
Placebo to AZD5847,Placebo to AZD5847,ext:placebo,1
Placebo (for olodaterol BI1744),Placebo (for olodaterol BI1744),ext:placebo,1
placebo 2 tablets qhs,placebo 2 tablets qhs,ext:placebo,1
Olodaterol (BI 1744) Placebo,Olodaterol (BI 1744) Placebo,ext:placebo,1
placebo - saline nasal spray,placebo - saline nasal spray,ext:placebo,1
TECHNETIUM TC 99M MAA,TECHNETIUM TC 99M MAA,radiotracer/imaging,1
placebo TCZ,placebo TCZ,ext:placebo,1
placebo MTX,placebo MTX,ext:placebo,1
Placebo plus Dexamethasone HFA,Placebo plus Dexamethasone HFA,ext:placebo,1
HM10460A or placebo or Neulasta,HM10460A or placebo or Neulasta,ext:placebo,1
placebo in drops,placebo in drops,ext:placebo,1
Placebo (for Olodaterol (BI1744)l),Placebo (for Olodaterol (BI1744)l),ext:placebo,1
Placebo for ABT-126,Placebo for ABT-126,ext:placebo,1
"Combination of clobetasol propionate plus calcipotriol ointment, clobetasol propionate ointment, calcipotriol ointment, and the ointment vehicle","Combination of clobetasol propionate plus calcipotriol ointment, clobetasol propionate ointment, calcipotriol ointment, and the ointment vehicle",ext:vehicle,1
Matching placebo to Ramipril,Matching placebo to Ramipril,ext:placebo,1
Olodaterol (BI 1744) placebo,Olodaterol (BI 1744) placebo,ext:placebo,1
glucose-based peritoneal dialysate,glucose-based peritoneal dialysate,ext:glucose,1
Matching placebo to Aliskiren,Matching placebo to Aliskiren,ext:placebo,1
smoking cigarettes with placebo,smoking cigarettes with placebo,ext:placebo,1
Placebo (for Colchicine),Placebo (for Colchicine),ext:placebo,1
Placebo AQ plus Dexamethasone 6 mg,Placebo AQ plus Dexamethasone 6 mg,ext:placebo,1
HFA Nasal Aerosol placebo,HFA Nasal Aerosol placebo,ext:placebo,1
Placebo metered-dose inhaler BID,Placebo metered-dose inhaler BID,ext:placebo,1
Placebo / Teneli (Teneligliptin) + pio (pioglitazone),Placebo / Teneli (Teneligliptin) + pio (pioglitazone),ext:placebo,1
Pioglitazone 45 mg q.d. + Sitagliptin 100 mg placebo q.d.,Pioglitazone 45 mg q.d. + Sitagliptin 100 mg placebo q.d.,ext:placebo,1
[18F] PBR06,[18F] PBR06,radiotracer/imaging,1
furosemide and hypertonic saline solution,furosemide and hypertonic saline solution,ext:saline,1
Placebo (for dronedarone),Placebo (for dronedarone),ext:placebo,1
Naltrexone and placebo,Naltrexone and placebo,ext:placebo,1
Vehicle Sterile Solution,Vehicle Sterile Solution,ext:vehicle,1
Placebo to match Aricept,Placebo to match Aricept,ext:placebo,1
E004 Placebo,E004 Placebo,ext:placebo,1
"Tranexamic acid first, than placebo","Tranexamic acid first, than placebo",ext:placebo,1
"First placebo, than Tranexamic acid.","First placebo, than Tranexamic acid.",ext:placebo,1
"Cilostazol, Probucol / placebo of probucol","Cilostazol, Probucol / placebo of probucol",ext:placebo,1
TMC278 (Rilpivirine) LA; Placebo,TMC278 (Rilpivirine) LA; Placebo,ext:placebo,1
Placebo to 100 mg,Placebo to 100 mg,ext:placebo,1
Placebo to 1mg,Placebo to 1mg,ext:placebo,1
AQ Nasal Spray Placebo,AQ Nasal Spray Placebo,ext:placebo,1
Placebo for MK-3614,Placebo for MK-3614,ext:placebo,1
Placebo to 25 mg,Placebo to 25 mg,ext:placebo,1
Placebo for,Placebo for,ext:placebo,1
Placebo to 5 mg,Placebo to 5 mg,ext:placebo,1
HM10760A or placebo,HM10760A or placebo,ext:placebo,1
Placebo to match AZD9742,Placebo to match AZD9742,ext:placebo,1
NeilMed® Sinus Rinse™ System with Isotonic Saline,NeilMed Sinus Rinse System with Isotonic Saline,ext:saline,1
Oral cephalexin and saline IV plus probenecid placebo,Oral cephalexin and saline IV plus probenecid placebo,ext:placebo,1
IV cefazolin plus oral probenecid and placebo cephalexin,IV cefazolin plus oral probenecid and placebo cephalexin,ext:placebo,1
Placebo capsules to match EGT0001442,Placebo capsules to match EGT0001442,ext:placebo,1
Placebo low volume,Placebo low volume,ext:placebo,1
[18F]-FEPPA,[18F]-FEPPA,radiotracer/imaging,1
[123I]MNI-420,[123I]MNI-420,radiotracer/imaging,1
misoprostol+placebo,misoprostol+placebo,ext:placebo,1
"GCPGC, Neulasta, Placebo","GCPGC, Neulasta, Placebo",ext:placebo,1
Oxygen + Sevoflurane,Oxygen + Sevoflurane,ext:oxygen,1
Placebo and Metformin,Placebo and Metformin,ext:placebo,1
Peripheral normal saline,Peripheral normal saline,ext:saline,1
Placebo in combination with cisplatin and docetaxel or paclitaxel,Placebo in combination with cisplatin and docetaxel or paclitaxel,ext:placebo,1
Matching placebo to ABT-384,Matching placebo to ABT-384,ext:placebo,1
Placebo to TRI476,Placebo to TRI476,ext:placebo,1
placebo matched for fluticasone propionate,placebo matched for fluticasone propionate,ext:placebo,1
atorvastatin matching placebo,atorvastatin matching placebo,ext:placebo,1
Lixisenatide Placebo,Lixisenatide Placebo,ext:placebo,1
Zolpidem or placebo - Hypnotic drug given for sleep disorders,Zolpidem or placebo - Hypnotic drug given for sleep disorders,ext:placebo,1
PF-03882845 or Placebo,PF-03882845 or Placebo,ext:placebo,1
Placebo / Teneli (Teneligliptin) + SU (Sulfonylurea),Placebo / Teneli (Teneligliptin) + SU (Sulfonylurea),ext:placebo,1
Telaprevir; Moxifloxacin; Placebo,Telaprevir; Moxifloxacin; Placebo,ext:placebo,1
placebo (Part I),placebo (Part I),ext:placebo,1
Placebo+Misoprostol,Placebo+Misoprostol,ext:placebo,1
Placebo QHS and sildenafil and questionnaires,Placebo QHS and sildenafil and questionnaires,ext:placebo,1
18F-FP-DTBZ (18F-AV-133),18F-FP-DTBZ (18F-AV-133),radiotracer/imaging,1
Placebo+SOC,Placebo+SOC,ext:placebo,1
vehicle sterile solution (placebo),vehicle sterile solution (placebo),ext:placebo,1
Placebo plus metformin,Placebo plus metformin,ext:placebo,1
Placebo daily for one year,Placebo daily for one year,ext:placebo,1
Comparator: Placebo to aprepitant,Comparator: Placebo to aprepitant,ext:placebo,1
Nitrogen (placebo),Nitrogen (placebo),ext:nitrogen,1
Placebo to Boceprevir,Placebo to Boceprevir,ext:placebo,1
VA111913 TS and placebo,VA111913 TS and placebo,ext:placebo,1
Placebo tablets and placebo intranasal spray,Placebo tablets and placebo intranasal spray,ext:placebo,1
MK0974 Ethanolate formulation,MK0974 Ethanolate formulation,ext:ethanol,1
Magnesium Sulfate low dose,Magnesium Sulfate low dose,ext:magnesium sulfate,1
Placebo Antibiotic and Placebo Valortim,Placebo Antibiotic and Placebo Valortim,ext:placebo,1
Placebo enzyme,Placebo enzyme,ext:placebo,1
Ringers acetate,Ringers acetate,ext:ringer,1
Donepezil plus placebo,Donepezil plus placebo,ext:placebo,1
Placebo to ERN/LRPT,Placebo to ERN/LRPT,ext:placebo,1
Lithium / Placebo,Lithium / Placebo,ext:placebo,1
Placebo (Vehicle for Cyclosporine),Placebo (Vehicle for Cyclosporine),ext:placebo,1
Placebo LY377604,Placebo LY377604,ext:placebo,1
Matching placebo to Sitagliptin/Metformin FDC,Matching placebo to Sitagliptin/Metformin FDC,ext:placebo,1
Active Hydromorphone PR + Placebo Naloxone PR,Active Hydromorphone PR + Placebo Naloxone PR,ext:placebo,1
[18F]AZD4694,[18F]AZD4694,radiotracer/imaging,1
Eplerenone or Placebo,Eplerenone or Placebo,ext:placebo,1
Twenty-four Hour TPN and Saline Infusion,Twenty-four Hour TPN and Saline Infusion,ext:saline,1
Topical oxygen,Topical oxygen,ext:oxygen,1
Comparator: placebo to atorvastatin,Comparator: placebo to atorvastatin,ext:placebo,1
Comparator: placebo to MK0859,Comparator: placebo to MK0859,ext:placebo,1
Administration of a placebo,Administration of a placebo,ext:placebo,1
Placebo Metoprolol,Placebo Metoprolol,ext:placebo,1
aprepitant/placebo,aprepitant/placebo,ext:placebo,1
JTT-654 Placebo,JTT-654 Placebo,ext:placebo,1
Placebo to MK-5442,Placebo to MK-5442,ext:placebo,1
Budesonide/formoterol and placebo,Budesonide/formoterol and placebo,ext:placebo,1
Placebo sibutramine,Placebo sibutramine,ext:placebo,1
Soy Placebo,Soy Placebo,ext:placebo,1
MPA Placebo,MPA Placebo,ext:placebo,1
isotonic sodium chloride,isotonic sodium chloride,canonical:Sodium Chloride,1
half molar sodium lactate,half molar sodium lactate,canonical:Sodium Lactate,1
CD07805/47 placebo,CD07805/47 placebo,ext:placebo,1
Placebo vaginal lubricant,Placebo vaginal lubricant,ext:placebo,1
Iron Sucrose (Venofer),Iron Sucrose (Venofer),ext:sucrose,1
placebo for inhalation,placebo for inhalation,ext:placebo,1
18F-FLT PET Scan,18F-FLT PET Scan,radiotracer/imaging,1
topical placebo cream with no active ingredients,topical placebo cream with no active ingredients,ext:placebo,1
Fexinidazole/Placebo,Fexinidazole/Placebo,ext:placebo,1
isotonic sodium chloride solution (placebo),isotonic sodium chloride solution (placebo),canonical:Sodium Chloride,1
Sitaxentan sodium/Placebo,Sitaxentan sodium/Placebo,ext:placebo,1
GC (placebo),GC (placebo),ext:placebo,1
Placebo of Oseltamivir,Placebo of Oseltamivir,ext:placebo,1
Placebo-Cohort 5,Placebo-Cohort 5,ext:placebo,1
placebo (NaCl),placebo (NaCl),ext:placebo,1
Part 1 - AZD2423 or Placebo,Part 1 - AZD2423 or Placebo,ext:placebo,1
Placebo for pregabalin,Placebo for pregabalin,ext:placebo,1
Placebo of clopidogrel and Asprin,Placebo of clopidogrel and Asprin,ext:placebo,1
BIBF 1120 Placebo + Pemetrexed,BIBF 1120 Placebo + Pemetrexed,ext:placebo,1
Placebo (control),Placebo (control),ext:placebo,1
Olopatadine 0.1% Vehicle,Olopatadine 0.1% Vehicle,ext:vehicle,1
Placebo to AZD6765,Placebo to AZD6765,ext:placebo,1
placebo 7 days,placebo 7 days,ext:placebo,1
Placebo run-in dose,Placebo run-in dose,ext:placebo,1
telaprevir or matching placebo,telaprevir or matching placebo,ext:placebo,1
Tramadol Hydrochloride & Placebo,Tramadol Hydrochloride & Placebo,ext:placebo,1
Sodium Chlorure (Physiological saline),Sodium Chlorure (Physiological saline),ext:saline,1
Placebo BID + SOC,Placebo BID + SOC,ext:placebo,1
HEC Placebo,HEC Placebo,ext:placebo,1
foradil placebo,foradil placebo,ext:placebo,1
Ringer's Lactate (0.03% Ciprofloxacin),Ringer's Lactate (0.03% Ciprofloxacin),ext:ringer,1
Placebo (to match Aspirin),Placebo (to match Aspirin),ext:placebo,1
Comparator: Placebo (to match Clopidogrel),Comparator: Placebo (to match Clopidogrel),ext:placebo,1
Placebo corn oil capsule,Placebo corn oil capsule,ext:placebo,1
Placebo+ Citalopram+ Chlordiazepoxide,Placebo+ Citalopram+ Chlordiazepoxide,ext:placebo,1
placebo + aspirin,placebo + aspirin,ext:placebo,1
Placebo for Statins,Placebo for Statins,ext:placebo,1
Placebo for LY2484595,Placebo for LY2484595,ext:placebo,1
ETC-1002 or placebo,ETC-1002 or placebo,ext:placebo,1
Placebo add-on,Placebo add-on,ext:placebo,1
stabilized sulphur hexafluoride microbubble-based contrast agent,stabilized sulphur hexafluoride microbubble-based contrast agent,ext:contrast,1
Sodium Chloride 2 ml,Sodium Chloride 2 ml,canonical:Sodium Chloride,1
Vehicle of loteprednol etabonate,Vehicle of loteprednol etabonate,ext:vehicle,1
Placebo (sublingual tablet),Placebo (sublingual tablet),ext:placebo,1
Group A: Saline Group,Group A: Saline Group,ext:saline,1
Epiduo vehicle gel,Epiduo vehicle gel,ext:vehicle,1
Neu-P11 placebo,Neu-P11 placebo,ext:placebo,1
pancelipase/placebo,pancelipase/placebo,ext:placebo,1
RP-G28 or placebo,RP-G28 or placebo,ext:placebo,1
Meropenem placebo,Meropenem placebo,ext:placebo,1
placebo plus folic acid,placebo plus folic acid,ext:placebo,1
placebo alone,placebo alone,ext:placebo,1
metformin plus placebo,metformin plus placebo,ext:placebo,1
Insulin in dextran matrix capsule (and placebo),Insulin in dextran matrix capsule (and placebo),ext:placebo,1
Lac-Hydrin lotion (ammonium lactate lotion 12%); placebo ointment,Lac-Hydrin lotion (ammonium lactate lotion 12%); placebo ointment,ext:placebo,1
Placebo AZD1981,Placebo AZD1981,ext:placebo,1
Placebo to ertuglilflozin 25 mg,Placebo to ertuglilflozin 25 mg,ext:placebo,1
Placebo TID (Panel E),Placebo TID (Panel E),ext:placebo,1
Placebo TID (Panel D),Placebo TID (Panel D),ext:placebo,1
Placebo TID (Panel C),Placebo TID (Panel C),ext:placebo,1
Placebo BID (Panel B),Placebo BID (Panel B),ext:placebo,1
Placebo BID (Panel A),Placebo BID (Panel A),ext:placebo,1
Placebo to Ertuglilflozin 1 or 5 mg,Placebo to Ertuglilflozin 1 or 5 mg,ext:placebo,1
Placebo / Xeomin,Placebo / Xeomin,ext:placebo,1
Placebo PF,Placebo PF,ext:placebo,1
Placebo - half-normal saline,Placebo - half-normal saline,ext:placebo,1
Oral sodium bicarbonate,Oral sodium bicarbonate,ext:sodium bicarbonate,1
Intravenous sodium bicarbonate,Intravenous sodium bicarbonate,ext:sodium bicarbonate,1
Placebo to modafinil,Placebo to modafinil,ext:placebo,1
Placebo to MK-7288,Placebo to MK-7288,ext:placebo,1
"normal saline 3 ml, morphine 3mg","normal saline 3 ml, morphine 3mg",ext:saline,1
Sodium Chloride Inhalation,Sodium Chloride Inhalation,canonical:Sodium Chloride,1
sodium chloride (7%),sodium chloride (7%),canonical:Sodium Chloride,1
Placebo AIN457,Placebo AIN457,ext:placebo,1
Placebo plus Best Investigator's Choice (BIC),Placebo plus Best Investigator's Choice (BIC),ext:placebo,1
QAV680 Placebo + Cetirizine Placebo,QAV680 Placebo + Cetirizine Placebo,ext:placebo,1
QAV680 + Cetirizine Placebo,QAV680 + Cetirizine Placebo,ext:placebo,1
Cetirizine + QAV680 Placebo,Cetirizine + QAV680 Placebo,ext:placebo,1
QAV680 Placebo,QAV680 Placebo,ext:placebo,1
pretreatment with intravenous nicorandil vs. placebo before coronary angiography,pretreatment with intravenous nicorandil vs. placebo before coronary angiography,ext:placebo,1
Methylphenidate+placebo,Methylphenidate+placebo,ext:placebo,1
PF-04634817 Placebo,PF-04634817 Placebo,ext:placebo,1
"Indistinguishable placebo tablets, matching both donepezil and choline","Indistinguishable placebo tablets, matching both donepezil and choline",ext:placebo,1
"VIVITROL injection and VIVITROL Placebo Injection , 24 weeks","VIVITROL injection and VIVITROL Placebo Injection , 24 weeks",ext:placebo,1
Vehicle Foam with UVA and UVB and visible light irradiation,Vehicle Foam with UVA and UVB and visible light irradiation,ext:vehicle,1
Placebo plus gemcitabine,Placebo plus gemcitabine,ext:placebo,1
Placebo to AGN-214868,Placebo to AGN-214868,ext:placebo,1
"CKD-501 placebo tablet, Glimepiride 4 mg tablet","CKD-501 placebo tablet, Glimepiride 4 mg tablet",ext:placebo,1
Placebo (Placebo Group),Placebo (Placebo Group),ext:placebo,1
UT-15C SR (treprostinil diethanolamine),UT-15C SR (treprostinil diethanolamine),ext:ethanol,1
Placebo BI 10773 low dose,Placebo BI 10773 low dose,ext:placebo,1
Placebo BI 10773 high dose,Placebo BI 10773 high dose,ext:placebo,1
Placebo (digestive tablet),Placebo (digestive tablet),ext:placebo,1
"Bryophyllum pinnatum, Placebo in form of Lactose","Bryophyllum pinnatum, Placebo in form of Lactose",ext:placebo,1
Velneperit Placebo,Velneperit Placebo,ext:placebo,1
linezolid placebo,linezolid placebo,ext:placebo,1
JNJ-32729463 placebo,JNJ-32729463 placebo,ext:placebo,1
Instill Saline Drop,Instill Saline Drop,ext:saline,1
Vehicle Foam with UVA and UVB irradiation,Vehicle Foam with UVA and UVB irradiation,ext:vehicle,1
Non ionic contrast media comparator,Non ionic contrast media comparator,ext:contrast,1
APAP and Placebo,APAP and Placebo,ext:placebo,1
Magnetic Resonance Imaging with Contrast,Magnetic Resonance Imaging with Contrast,ext:contrast,1
Placebo-matching dapagliflozin,Placebo-matching dapagliflozin,ext:placebo,1
323U66 SR 150 mg placebo tablet,323U66 SR 150 mg placebo tablet,ext:placebo,1
Docetaxel plus bavituximab or placebo,Docetaxel plus bavituximab or placebo,ext:placebo,1
Vehicle of 0417 test product,Vehicle of 0417 test product,ext:vehicle,1
Placebo (for moxonidine and hydrochlorothiazide),Placebo (for moxonidine and hydrochlorothiazide),ext:placebo,1
Placebo (for aliskiren),Placebo (for aliskiren),ext:placebo,1
placebo HFA pMDI,placebo HFA pMDI,ext:placebo,1
IPSRT plus placebo (IPSRT-PLA),IPSRT plus placebo (IPSRT-PLA),ext:placebo,1
Placebo Prednisone Capsules,Placebo Prednisone Capsules,ext:placebo,1
"CP-690,550 Eye drops-vehicle","CP-690,550 Eye drops-vehicle",ext:vehicle,1
Fluoxétine / Placebo,Fluoxétine / Placebo,ext:placebo,1
HPN-100 or Placebo,HPN-100 or Placebo,ext:placebo,1
placebo microsphere gel,placebo microsphere gel,ext:placebo,1
DE-101 ophthalmic suspension vehicle,DE-101 ophthalmic suspension vehicle,ext:vehicle,1
pertuzumab-placebo,pertuzumab-placebo,ext:placebo,1
Castor Oil (Placebo),Castor Oil (Placebo),ext:placebo,1
Placebo to NVA237 once daily,Placebo to NVA237 once daily,ext:placebo,1
Placebo to adalimumab,Placebo to adalimumab,ext:placebo,1
Vehicle B,Vehicle B,ext:vehicle,1
Vehicle A,Vehicle A,ext:vehicle,1
Subcutaneous HYLENEX (recombinant human hyaluronidase) and Lactated Ringer's solution,Subcutaneous HYLENEX (recombinant human hyaluronidase) and Lactated Ringer's solution,ext:ringer,1
placebo bid,placebo bid,ext:placebo,1
Vehicle Foam without irradiation,Vehicle Foam without irradiation,ext:vehicle,1
Homologated placebo.,Homologated placebo.,ext:placebo,1
Placebo (one of medication),Placebo (one of medication),ext:placebo,1
Vitamin C Placebo & Vitamin E Placebo,Vitamin C Placebo & Vitamin E Placebo,ext:placebo,1
Human albumin (Placebo),Human albumin (Placebo),ext:placebo,1
methylphenidate via transdermal patch compared to placebo,methylphenidate via transdermal patch compared to placebo,ext:placebo,1
placebo of wuling capsule,placebo of wuling capsule,ext:placebo,1
Placebo (subcutaneous),Placebo (subcutaneous),ext:placebo,1
Cefazolin 2g for Injection USP and Dextrose Injection USP,Cefazolin 2g for Injection USP and Dextrose Injection USP,ext:dextrose,1
Placebo of Intravenous L-Citrulline,Placebo of Intravenous L-Citrulline,ext:placebo,1
Mefenamic acid or Hyoscine or placebo,Mefenamic acid or Hyoscine or placebo,ext:placebo,1
Placebo LIM-0705 and tacrolimus,Placebo LIM-0705 and tacrolimus,ext:placebo,1
Drug LIM-0705 and placebo tacrolimus,Drug LIM-0705 and placebo tacrolimus,ext:placebo,1
Placebo sildenafil,Placebo sildenafil,ext:placebo,1
KW-6500 Placebo,KW-6500 Placebo,ext:placebo,1
oxygen inhalation,oxygen inhalation,ext:oxygen,1
Xolair placebo,Xolair placebo,ext:placebo,1
"Polyethylene glycol, KCl, NaCl, sodium sulphate anhydrous and sodium bicarbonate.","Polyethylene glycol, KCl, NaCl, sodium sulphate anhydrous and sodium bicarbonate.",ext:nacl,1
Hydrogel vehicle,Hydrogel vehicle,ext:vehicle,1
0.9% Sodium Chloride irrigation solution,0.9% Sodium Chloride irrigation solution,canonical:Sodium Chloride,1
"Physiological serum (Sodium Chloride, sodium citrate)","Physiological serum (Sodium Chloride, sodium citrate)",canonical:Sodium Chloride,1
Iron Sucrose.,Iron Sucrose.,ext:sucrose,1
Placebo (inactive),Placebo (inactive),ext:placebo,1
Acute placebo,Acute placebo,ext:placebo,1
1.4% Sodium Bicarbonate solution,1.4% Sodium Bicarbonate solution,ext:sodium bicarbonate,1
tramadol hydrochloride / acetaminophen and placebo,tramadol hydrochloride / acetaminophen and placebo,ext:placebo,1
Placebo Matching 50 mg Udenafil,Placebo Matching 50 mg Udenafil,ext:placebo,1
Placebo Matching 150 mg Udenafil,Placebo Matching 150 mg Udenafil,ext:placebo,1
Placebo Matching 100 mg Udenafil,Placebo Matching 100 mg Udenafil,ext:placebo,1
Placebo (Dose B),Placebo (Dose B),ext:placebo,1
Interferon beta-1a Placebo,Interferon beta-1a Placebo,ext:placebo,1
Daclizumab High Yield Process Placebo,Daclizumab High Yield Process Placebo,ext:placebo,1
Placebo Patch and Placebo Pill,Placebo Patch and Placebo Pill,ext:placebo,1
62% ethanol based hand cleanser,62% ethanol based hand cleanser,ext:ethanol,1
glucose-dependent insulinotropic polypeptide,glucose-dependent insulinotropic polypeptide,ext:glucose,1
Usual care and placebo,Usual care and placebo,ext:placebo,1
Gadolinium-DPTA,Gadolinium-DPTA,ext:gadolinium,1
Fluoro-D-glucose,Fluoro-D-glucose,ext:glucose,1
JNJ38224342/placebo,JNJ38224342/placebo,ext:placebo,1
JNJ-40346527/Placebo,JNJ-40346527/Placebo,ext:placebo,1
Comparator: Placebo [ hemaccel-containing saline],Comparator: Placebo [ hemaccel-containing saline],ext:placebo,1
"3,4-methylenedioxymethamphetamine or Placebo","3,4-methylenedioxymethamphetamine or Placebo",ext:placebo,1
Tamiflu placebo,Tamiflu placebo,ext:placebo,1
Vehicle of 0416 test product,Vehicle of 0416 test product,ext:vehicle,1
placebo in sublingual applicator,placebo in sublingual applicator,ext:placebo,1
A:JNJ-39758979/Placebo #1,A:JNJ-39758979/Placebo #1,ext:placebo,1
Placebo extract,Placebo extract,ext:placebo,1
V0034CR01B vehicle,V0034CR01B vehicle,ext:vehicle,1
"ulinastatin, saline solution","ulinastatin, saline solution",ext:saline,1
Vehicle rinse,Vehicle rinse,ext:vehicle,1
"isotonic, 0.9% sodium chloride","isotonic, 0.9% sodium chloride",canonical:Sodium Chloride,1
Placebo Clonidine,Placebo Clonidine,ext:placebo,1
Placebo ASA,Placebo ASA,ext:placebo,1
CG400549/placebo,CG400549/placebo,ext:placebo,1
[11C]AZ10419369,[11C]AZ10419369,radiotracer/imaging,1
Placebo nicotine patch,Placebo nicotine patch,ext:placebo,1
Liquid nitrogen and topical placebo,Liquid nitrogen and topical placebo,ext:nitrogen,1
Liquid nitrogen and cantharidin,Liquid nitrogen and cantharidin,ext:nitrogen,1
Placebo of SPM 962,Placebo of SPM 962,ext:placebo,1
0.9% sodium chloride injection solution,0.9% sodium chloride injection solution,canonical:Sodium Chloride,1
Placebo then intranasal oxytocin,Placebo then intranasal oxytocin,ext:placebo,1
Intranasal oxytocin then placebo,Intranasal oxytocin then placebo,ext:placebo,1
Placebo to Amlodipine,Placebo to Amlodipine,ext:placebo,1
Placebo to Aliskiren/amlodipine,Placebo to Aliskiren/amlodipine,ext:placebo,1
single dose NJ-39758979/ matching placebo,single dose NJ-39758979/ matching placebo,ext:placebo,1
multi-dose JNJ-39758979 /matching placebo,multi-dose JNJ-39758979 /matching placebo,ext:placebo,1
ONO-4641 placebo,ONO-4641 placebo,ext:placebo,1
B: JNJ-39758979 Matching Placebo /Placebo #2,B: JNJ-39758979 Matching Placebo /Placebo #2,ext:placebo,1
Fludeoxyglucose (18F)-IBA,Fludeoxyglucose (18F)-IBA,radiotracer/imaging,1
Normal Saline placebo,Normal Saline placebo,ext:placebo,1
0.9% normal saline solution,0.9% normal saline solution,ext:saline,1
Placebo for CXL-1020 Cohort 2,Placebo for CXL-1020 Cohort 2,ext:placebo,1
Placebo for CXL-1020 Cohort 1,Placebo for CXL-1020 Cohort 1,ext:placebo,1
BI 671800 Placebo,BI 671800 Placebo,ext:placebo,1
TBR-652 Matching Placebo,TBR-652 Matching Placebo,ext:placebo,1
Placebo (Soduim Chloride),Placebo (Soduim Chloride),ext:placebo,1
IV Placebo (Saline),IV Placebo (Saline),ext:placebo,1
equimolar oxygen-nitrous oxide mixture,equimolar oxygen-nitrous oxide mixture,ext:oxygen,1
"epidural infusion of saline, ropivecaine, or ropivacaine and sufentanil","epidural infusion of saline, ropivecaine, or ropivacaine and sufentanil",ext:saline,1
sodium chloride 6%,sodium chloride 6%,canonical:Sodium Chloride,1
rosiglitazone/placebo/pioglitazone,rosiglitazone/placebo/pioglitazone,ext:placebo,1
rosiglitazone/pioglitazone/placebo,rosiglitazone/pioglitazone/placebo,ext:placebo,1
placebo/rosiglitazone/pioglitazone,placebo/rosiglitazone/pioglitazone,ext:placebo,1
placebo/pioglitazone/rosiglitazone,placebo/pioglitazone/rosiglitazone,ext:placebo,1
pioglitazone/rosiglitazone/placebo,pioglitazone/rosiglitazone/placebo,ext:placebo,1
pioglitazone/placebo/rosiglitazone,pioglitazone/placebo/rosiglitazone,ext:placebo,1
"Placebo, Palonosetron, Dexamethasone","Placebo, Palonosetron, Dexamethasone",ext:placebo,1
Placebo for MEDI-578,Placebo for MEDI-578,ext:placebo,1
Placebo of MP-513,Placebo of MP-513,ext:placebo,1
Saline/Morphine,Saline/Morphine,ext:saline,1
"Placebo ""30, 50 or 70 mg""","Placebo ""30, 50 or 70 mg""",ext:placebo,1
placebo plus chemoradiotherapy,placebo plus chemoradiotherapy,ext:placebo,1
hypertonic saline-salbutamol combination,hypertonic saline-salbutamol combination,ext:saline,1
Normal saline-salbutamol combination,Normal saline-salbutamol combination,ext:saline,1
identical-appearing placebo,identical-appearing placebo,ext:placebo,1
Ertapenem placebo,Ertapenem placebo,ext:placebo,1
Amoxicillin/Clavulanate placebo,Amoxicillin/Clavulanate placebo,ext:placebo,1
Placebo to Canakinumab,Placebo to Canakinumab,ext:placebo,1
Placebo for rosuvastatin,Placebo for rosuvastatin,ext:placebo,1
C:Cetirizine/JNJ-39758979 Matching Placebo,C:Cetirizine/JNJ-39758979 Matching Placebo,ext:placebo,1
Hydrocortisone/ Placebo and Propranolol,Hydrocortisone/ Placebo and Propranolol,ext:placebo,1
Placebo Fine Granules (without CBM588),Placebo Fine Granules (without CBM588),ext:placebo,1
Placebo chip,Placebo chip,ext:placebo,1
Oral and intravenous Placebo,Oral and intravenous Placebo,ext:placebo,1
Placebo for Febuxostat,Placebo for Febuxostat,ext:placebo,1
Placebo (for UFH),Placebo (for UFH),ext:placebo,1
Placebo (for Otamixaban),Placebo (for Otamixaban),ext:placebo,1
"[2-13C] uracil, placebo","[2-13C] uracil, placebo",ext:placebo,1
Placebo Regimen,Placebo Regimen,ext:placebo,1
Placebo (for Eptifibatide),Placebo (for Eptifibatide),ext:placebo,1
Placebo to adavosertib,Placebo to adavosertib,ext:placebo,1
Comparator: placebo to Sitagliptin,Comparator: placebo to Sitagliptin,ext:placebo,1
Placebo for sevelamer carbonate,Placebo for sevelamer carbonate,ext:placebo,1
Placebo Dexamethasone,Placebo Dexamethasone,ext:placebo,1
25% Dextrose and 1% Lidocaine,25% Dextrose and 1% Lidocaine,ext:dextrose,1
Comparator: Placebo to MK0594,Comparator: Placebo to MK0594,ext:placebo,1
Butenafine Vehicle manufactured by Taro,Butenafine Vehicle manufactured by Taro,ext:vehicle,1
D5W Placebo,D5W Placebo,ext:placebo,1
Comparator: placebo sitagliptin,Comparator: placebo sitagliptin,ext:placebo,1
Comparator: placebo metformin,Comparator: placebo metformin,ext:placebo,1
Tacrolimus Vehicle manufactured by Taro,Tacrolimus Vehicle manufactured by Taro,ext:vehicle,1
Sublingual sufentanil NanoTabs™ and placebo NanoTabs™,Sublingual sufentanil NanoTabs and placebo NanoTabs,ext:placebo,1
Cicletanine Placebo,Cicletanine Placebo,ext:placebo,1
radioligand [11C]raclopride,radioligand [11C]raclopride,radiotracer/imaging,1
Placebo Rosiglitazone,Placebo Rosiglitazone,ext:placebo,1
Hydroxypropyl Guar Galactomannan Vehicle,Hydroxypropyl Guar Galactomannan Vehicle,ext:vehicle,1
placebo to match pioglitazone,placebo to match pioglitazone,ext:placebo,1
placebo to match albiglutide,placebo to match albiglutide,ext:placebo,1
Parenteral supplementation with sterile water,Parenteral supplementation with sterile water,ext:sterile water,1
placebo sitagliptin,placebo sitagliptin,ext:placebo,1
placebo glimepiride,placebo glimepiride,ext:placebo,1
radioligand [18F]AZD4694,radioligand [18F]AZD4694,radiotracer/imaging,1
radioligand [11C]AZD2184,radioligand [11C]AZD2184,radiotracer/imaging,1
TMC558445; TMC310911; Darunavir; Placebo,TMC558445; TMC310911; Darunavir; Placebo,ext:placebo,1
Placebo for XP19986 CR,Placebo for XP19986 CR,ext:placebo,1
mouthrinse (Grape Seed Extract + nicomethanol fluorhydrate),mouthrinse (Grape Seed Extract + nicomethanol fluorhydrate),ext:ethanol,1
NY-ESO-1 protein; Montanide ISA®-51 VG; Resiquimod/placebo,NY-ESO-1 protein; Montanide ISA-51 VG; Resiquimod/placebo,ext:placebo,1
contrast agent (iopromide),contrast agent (iopromide),ext:contrast,1
contrast agent (iodixanol),contrast agent (iodixanol),ext:contrast,1
TENOFOVIR + CLEVUDINE PLACEBO,TENOFOVIR + CLEVUDINE PLACEBO,ext:placebo,1
CLEVUDINE + TENOFOVIR PLACEBO,CLEVUDINE + TENOFOVIR PLACEBO,ext:placebo,1
ACHN-490 Injection vs placebo,ACHN-490 Injection vs placebo,ext:placebo,1
Placebo (Rosiglitazone),Placebo (Rosiglitazone),ext:placebo,1
Placebo (Fenofibrate),Placebo (Fenofibrate),ext:placebo,1
Placebo to valsartan,Placebo to valsartan,ext:placebo,1
"Licartin (generic name,[131I]metuximab injection)","Licartin (generic name,[131I]metuximab injection)",radiotracer/imaging,1
Placebo Matching Colchicine,Placebo Matching Colchicine,ext:placebo,1
Placebo Matching Canakinumab,Placebo Matching Canakinumab,ext:placebo,1
Matching Placebo for Etoricoxib 120 mg,Matching Placebo for Etoricoxib 120 mg,ext:placebo,1
Matching Placebo for Etoricoxib 90 mg,Matching Placebo for Etoricoxib 90 mg,ext:placebo,1
Matching Placebo for Ibuprofen,Matching Placebo for Ibuprofen,ext:placebo,1
Imiquimod Vehicle manufactured by Taro,Imiquimod Vehicle manufactured by Taro,ext:vehicle,1
Placebo (Decolonization),Placebo (Decolonization),ext:placebo,1
Topical placebo gel plus light,Topical placebo gel plus light,ext:placebo,1
Ropivacaine / Placebo,Ropivacaine / Placebo,ext:placebo,1
Placebo risedronate oral tablet,Placebo risedronate oral tablet,ext:placebo,1
Placebo of MCI-196,Placebo of MCI-196,ext:placebo,1
Spinosad Creme Rinse - Vehicle Control,Spinosad Creme Rinse - Vehicle Control,ext:vehicle,1
Imiquimod Vehicle,Imiquimod Vehicle,ext:vehicle,1
"HES 130/0.4 (6%) in sodium chloride (Voluven®, solution for infusion), Human serum albumin (HSA 50g/L)","HES 130/0.4 (6%) in sodium chloride (Voluven, solution for infusion), Human serum albumin (HSA 50g/L)",canonical:Sodium Chloride,1
metformin HCl Modified Release matching Placebo,metformin HCl Modified Release matching Placebo,ext:placebo,1
dapagliflozin matching Placebo,dapagliflozin matching Placebo,ext:placebo,1
111In-J591,111In-J591,radiotracer/imaging,1
Placebo and spironolactone,Placebo and spironolactone,ext:placebo,1
PF 03882845 and Placebo,PF 03882845 and Placebo,ext:placebo,1
atomoxetine (or placebo),atomoxetine (or placebo),ext:placebo,1
minocycline placebo capsule,minocycline placebo capsule,ext:placebo,1
Comparator: Placebo to Aliskiren,Comparator: Placebo to Aliskiren,ext:placebo,1
Comparator: Placebo to Losartan,Comparator: Placebo to Losartan,ext:placebo,1
Duloxetine placebo,Duloxetine placebo,ext:placebo,1
saline.9%,saline.9%,ext:saline,1
Placebo nebulization,Placebo nebulization,ext:placebo,1
Placebo (placebo comparator),Placebo (placebo comparator),ext:placebo,1
ASA Placebo,ASA Placebo,ext:placebo,1
fluidotherapy with ringer-lactate,fluidotherapy with ringer-lactate,ext:ringer,1
Debio 025 placebo,Debio 025 placebo,ext:placebo,1
"Puerarin, Placebo","Puerarin, Placebo",ext:placebo,1
placebo for varenicline,placebo for varenicline,ext:placebo,1
placebo 2T/day,placebo 2T/day,ext:placebo,1
LMX4 Placebo,LMX4 Placebo,ext:placebo,1
LX3305 Placebo,LX3305 Placebo,ext:placebo,1
methylphenidate or placebo,methylphenidate or placebo,ext:placebo,1
LC Placebo,LC Placebo,ext:placebo,1
INTRAVENOUS PLACEBO,INTRAVENOUS PLACEBO,ext:placebo,1
"Placebo + povidone iodine, chlorhexidine, & nystatin","Placebo + povidone iodine, chlorhexidine, & nystatin",ext:placebo,1
Daivobet® ointment vehicle,Daivobet ointment vehicle,ext:vehicle,1
Placebo for TT223,Placebo for TT223,ext:placebo,1
Placebo for LY2428757,Placebo for LY2428757,ext:placebo,1
placebo (0.9 % saline),placebo (0.9 % saline),ext:placebo,1
Placebo (Psyllium),Placebo (Psyllium),ext:placebo,1
GSK1482160 or placebo,GSK1482160 or placebo,ext:placebo,1
Anastozole (Arimidex) placebo,Anastozole (Arimidex) placebo,ext:placebo,1
Bevacizumab Placebo (saline solution),Bevacizumab Placebo (saline solution),ext:placebo,1
Bevacizumab placebo (ie saline solution),Bevacizumab placebo (ie saline solution),ext:placebo,1
placebo for ABT-450,placebo for ABT-450,ext:placebo,1
Farletuzumab-matched placebo,Farletuzumab-matched placebo,ext:placebo,1
GLYC-101 Placebo,GLYC-101 Placebo,ext:placebo,1
Growth hormone releasing hormone/ placebo,Growth hormone releasing hormone/ placebo,ext:placebo,1
Placebo matching irbesartan 150 mg,Placebo matching irbesartan 150 mg,ext:placebo,1
Placebo solution and Lifestyle Measures,Placebo solution and Lifestyle Measures,ext:placebo,1
Placebo for ASP-1001,Placebo for ASP-1001,ext:placebo,1
Olopatadine Hydrochloride Nasal Spray Vehicle,Olopatadine Hydrochloride Nasal Spray Vehicle,ext:vehicle,1
Add-on placebo following optimized methylphenidate,Add-on placebo following optimized methylphenidate,ext:placebo,1
"placebo, isotonic ciclesonide, hypotonic ciclesonide","placebo, isotonic ciclesonide, hypotonic ciclesonide",ext:placebo,1
CONCERTA (methylphenidate HCl) or placebo,CONCERTA (methylphenidate HCl) or placebo,ext:placebo,1
280 mg telcagepant placebo,280 mg telcagepant placebo,ext:placebo,1
140 mg telcagepant placebo,140 mg telcagepant placebo,ext:placebo,1
Placebo to Leuprorelin Acetate,Placebo to Leuprorelin Acetate,ext:placebo,1
CONCERTA (methylphenidate HCl) / Placebo,CONCERTA (methylphenidate HCl) / Placebo,ext:placebo,1
BSS placebo,BSS placebo,ext:placebo,1
"131I-MIBG , Etoposide, Melphalan, Carboplatin, Autologous Peripheral Stem Cell Transplantation","131I-MIBG , Etoposide, Melphalan, Carboplatin, Autologous Peripheral Stem Cell Transplantation",radiotracer/imaging,1
"accupril, placebo","accupril, placebo",ext:placebo,1
"Placebo, AZLI","Placebo, AZLI",ext:placebo,1
placebo clomiphene citrate,placebo clomiphene citrate,ext:placebo,1
placebo GnRH patch,placebo GnRH patch,ext:placebo,1
variation of mannitol dose,variation of mannitol dose,ext:mannitol,1
Glucose-insulin-potassium,Glucose-insulin-potassium,ext:glucose,1
placebo warfarin,placebo warfarin,ext:placebo,1
placebo edoxaban,placebo edoxaban,ext:placebo,1
nitrogen,nitrogen,ext:nitrogen,1
PIOGLITAZONE VS. PLACEBO 30 mg,PIOGLITAZONE VS. PLACEBO 30 mg,ext:placebo,1
"eszopiclone, zolpidem, placebo","eszopiclone, zolpidem, placebo",ext:placebo,1
ANA598 800 mg bid or placebo,ANA598 800 mg bid or placebo,ext:placebo,1
ANA598 400 mg bid or placebo,ANA598 400 mg bid or placebo,ext:placebo,1
ANA598 200 mg bid or placebo,ANA598 200 mg bid or placebo,ext:placebo,1
Encapsulated Microgynon + Placebo,Encapsulated Microgynon + Placebo,ext:placebo,1
Placebo priming,Placebo priming,ext:placebo,1
Placebo to Aliskiren/Amlodipine,Placebo to Aliskiren/Amlodipine,ext:placebo,1
vehicle ointment (paraffin oil/soft white paraffin),vehicle ointment (paraffin oil/soft white paraffin),ext:vehicle,1
NOMAC-E2 placebo,NOMAC-E2 placebo,ext:placebo,1
Dasatinib + Placebo,Dasatinib + Placebo,ext:placebo,1
Placebo L-arginine aspartate (Targifor),Placebo L-arginine aspartate (Targifor),ext:placebo,1
Paroxetin placebo,Paroxetin placebo,ext:placebo,1
Placebo (petroleum jelly),Placebo (petroleum jelly),ext:placebo,1
Group D 125 mL/hr lactated ringers oxytocin decreased to 1/2 current rate,Group D 125 mL/hr lactated ringers oxytocin decreased to 1/2 current rate,ext:ringer,1
Group C 125 mL/hr of lactated ringers,Group C 125 mL/hr of lactated ringers,ext:ringer,1
Group B Intravenous bolus bolus 1000 ml lactated ringers solution oxytocin decrease to 1/2 current rate,Group B Intravenous bolus bolus 1000 ml lactated ringers solution oxytocin decrease to 1/2 current rate,ext:ringer,1
Group A Intravenous bolus of 1000 ml lactated ringers solution,Group A Intravenous bolus of 1000 ml lactated ringers solution,ext:ringer,1
Sucrose (3%),Sucrose (3%),ext:sucrose,1
Comparator: placebo + montelukast,Comparator: placebo + montelukast,ext:placebo,1
Comparator: MK0524 + placebo,Comparator: MK0524 + placebo,ext:placebo,1
Doxycycline or Placebo,Doxycycline or Placebo,ext:placebo,1
Placebo + Tiotropium,Placebo + Tiotropium,ext:placebo,1
Placebo for MF,Placebo for MF,ext:placebo,1
Placebo for FP,Placebo for FP,ext:placebo,1
"CP-690,550 Vehicle","CP-690,550 Vehicle",ext:vehicle,1
vitamin E placebo,vitamin E placebo,ext:placebo,1
Placebo/ CONCERTA (methylphenidate HCl),Placebo/ CONCERTA (methylphenidate HCl),ext:placebo,1
Placebo (Tranilast),Placebo (Tranilast),ext:placebo,1
Fulvestrant + Placebo,Fulvestrant + Placebo,ext:placebo,1
1 Magnesium Sulfate,1 Magnesium Sulfate,ext:magnesium sulfate,1
matched placebo to paroxetine 20mg,matched placebo to paroxetine 20mg,ext:placebo,1
matched placebo to paroxetine 10mg,matched placebo to paroxetine 10mg,ext:placebo,1
MENT or placebo,MENT or placebo,ext:placebo,1
99mTc-rBitistatin,99mTc-rBitistatin,radiotracer/imaging,1
Saline solution (laparoscopic tubal ligation),Saline solution (laparoscopic tubal ligation),ext:saline,1
Physiologic saline solution (control substance),Physiologic saline solution (control substance),ext:saline,1
AGN-210669 vehicle ophthalmic solution,AGN-210669 vehicle ophthalmic solution,ext:vehicle,1
dacarbazine plus placebo (control group),dacarbazine plus placebo (control group),ext:placebo,1
Basal bolus insulin regimen (tight glucose control),Basal bolus insulin regimen (tight glucose control),ext:glucose,1
Salsalate Placebo,Salsalate Placebo,ext:placebo,1
LCI699-matching placebo,LCI699-matching placebo,ext:placebo,1
"Xuefu Zhuyu Capsules Plus Placebo of Sheng Mai Capsules,","Xuefu Zhuyu Capsules Plus Placebo of Sheng Mai Capsules,",ext:placebo,1
Sheng Mai Capsules Plus Placebo of Xuefu Zhuyu Capsules,Sheng Mai Capsules Plus Placebo of Xuefu Zhuyu Capsules,ext:placebo,1
Placebo of Xuefu Zhuyu Capsules Plus Placebo of Sheng Mai Capsules,Placebo of Xuefu Zhuyu Capsules Plus Placebo of Sheng Mai Capsules,ext:placebo,1
Placebo for Oxybutynin 2.5 mg,Placebo for Oxybutynin 2.5 mg,ext:placebo,1
Placebo for Desloratadine 2.5 mg,Placebo for Desloratadine 2.5 mg,ext:placebo,1
"Buffered Lidocaine, vasopressin, sodium bicarbonate","Buffered Lidocaine, vasopressin, sodium bicarbonate",ext:sodium bicarbonate,1
Comparator: Placebo given by Intramuscular Injection,Comparator: Placebo given by Intramuscular Injection,ext:placebo,1
placebo Circadin,placebo Circadin,ext:placebo,1
18F-FDG for patients with Bladder Cancer,18F-FDG for patients with Bladder Cancer,radiotracer/imaging,1
Placebo (Olopatadine),Placebo (Olopatadine),ext:placebo,1
Comparator: Blinded Placebo,Comparator: Blinded Placebo,ext:placebo,1
Placebo and AIR001 Inhalation Solution (Expansion arm),Placebo and AIR001 Inhalation Solution (Expansion arm),ext:placebo,1
Matching placebo for QAV680,Matching placebo for QAV680,ext:placebo,1
Nolvadex placebo,Nolvadex placebo,ext:placebo,1
Arimidex placebo,Arimidex placebo,ext:placebo,1
[15O]-H2O,[15O]-H2O,radiotracer/imaging,1
3'-deoxy-3'-[18F]fluorothymidine (FLT),3'-deoxy-3'-[18F]fluorothymidine (FLT),radiotracer/imaging,1
sildenafil matching placebo,sildenafil matching placebo,ext:placebo,1
Placebo for varenicline,Placebo for varenicline,ext:placebo,1
venoferrum(iron sucrose),venoferrum(iron sucrose),ext:sucrose,1
oral SPM 927 tablet and iv placebo,oral SPM 927 tablet and iv placebo,ext:placebo,1
iv SPM 927 and oral placebo tablet,iv SPM 927 and oral placebo tablet,ext:placebo,1
glucose 20%,glucose 20%,ext:glucose,1
Resuscitation (Saline),Resuscitation (Saline),ext:saline,1
Placebo (for Ketoprofen),Placebo (for Ketoprofen),ext:placebo,1
oseltamivir's placebo + zanamivir,oseltamivir's placebo + zanamivir,ext:placebo,1
oseltamivir + zanamivir's placebo,oseltamivir + zanamivir's placebo,ext:placebo,1
"Ropivacaine, Diclofenac, Water for injection","Ropivacaine, Diclofenac, Water for injection",ext:water for injection,1
Frio Mouth Rinse Placebo,Frio Mouth Rinse Placebo,ext:placebo,1
alcohol-based gel,alcohol-based gel,ext:alcohol,1
7% (w/v) Tempol alcohol-based gel (MTS-01),7% (w/v) Tempol alcohol-based gel (MTS-01),ext:alcohol,1
PF-02413873 Placebo,PF-02413873 Placebo,ext:placebo,1
Ciclesonide nasal spray + placebo Azelastine,Ciclesonide nasal spray + placebo Azelastine,ext:placebo,1
placebo and pregabalin,placebo and pregabalin,ext:placebo,1
hylenex-facilitated subcutaneous Lactated Ringer's infusion,hylenex-facilitated subcutaneous Lactated Ringer's infusion,ext:ringer,1
Placebo Folic Acid,Placebo Folic Acid,ext:placebo,1
Gaboxadol placebo,Gaboxadol placebo,ext:placebo,1
Adjuvant/Excipients,Adjuvant/Excipients,ext:excipient,1
Escitalopram placebo,Escitalopram placebo,ext:placebo,1
"oxytocin, placebo","oxytocin, placebo",ext:placebo,1
PET-CT scans supplemented with 11C-Choline tracer,PET-CT scans supplemented with 11C-Choline tracer,radiotracer/imaging,1
Ciclopirox Olamine Topical Suspension-Placebo,Ciclopirox Olamine Topical Suspension-Placebo,ext:placebo,1
"PROAMP, subcutaneous serum physiological saline","PROAMP, subcutaneous serum physiological saline",ext:saline,1
2-(5-fluoro-pentyl)-2-methyl-malonic-acid ([18F]-ML-10),2-(5-fluoro-pentyl)-2-methyl-malonic-acid ([18F]-ML-10),radiotracer/imaging,1
placebo plus docetaxel,placebo plus docetaxel,ext:placebo,1
CNTO 1959; Placebo,CNTO 1959; Placebo,ext:placebo,1
sodium chloride (NaCl),sodium chloride (NaCl),canonical:Sodium Chloride,1
Placebo matching SPD489 (lisdexamfetamine dimesylate),Placebo matching SPD489 (lisdexamfetamine dimesylate),ext:placebo,1
Placebo to match risperidone,Placebo to match risperidone,ext:placebo,1
Saline + Ketamine,Saline + Ketamine,ext:saline,1
Naloxone + Placebo,Naloxone + Placebo,ext:placebo,1
0.9% Sodium Chloride (Placebo),0.9% Sodium Chloride (Placebo),canonical:Sodium Chloride,1
Placebo and peginterferon,Placebo and peginterferon,ext:placebo,1
excipient without levothyroxine (placebo),excipient without levothyroxine (placebo),ext:placebo,1
STP206 or vehicle control,STP206 or vehicle control,ext:vehicle,1
Placebo to ramipril,Placebo to ramipril,ext:placebo,1
olmesartan medoxomil + amlodipine + hydroclororthiazide + placebo,olmesartan medoxomil + amlodipine + hydroclororthiazide + placebo,ext:placebo,1
Olmesartan medoxomil + amlodipine + hydrochlorothiazide + placebo,Olmesartan medoxomil + amlodipine + hydrochlorothiazide + placebo,ext:placebo,1
saline (placebo),saline (placebo),ext:placebo,1
Placebo (tablet),Placebo (tablet),ext:placebo,1
Placebo (capsule),Placebo (capsule),ext:placebo,1
Placebo to glycopyrronium bromide,Placebo to glycopyrronium bromide,ext:placebo,1
JTT-130 Placebo,JTT-130 Placebo,ext:placebo,1
Placebo for Valsartan,Placebo for Valsartan,ext:placebo,1
"Lansoprazole (proton pump inhibitor), placebo","Lansoprazole (proton pump inhibitor), placebo",ext:placebo,1
Isotonic Sodium Chloride solution 0.9 % (placebo),Isotonic Sodium Chloride solution 0.9 % (placebo),canonical:Sodium Chloride,1
Placebo IR,Placebo IR,ext:placebo,1
Placebo IPX056,Placebo IPX056,ext:placebo,1
Contrast-enhanced ultrasound guided biopsy,Contrast-enhanced ultrasound guided biopsy,ext:contrast,1
Placebo po TID,Placebo po TID,ext:placebo,1
VCH-222 or matching placebo,VCH-222 or matching placebo,ext:placebo,1
Donepezil + placebo,Donepezil + placebo,ext:placebo,1
Cerebrolysin + placebo,Cerebrolysin + placebo,ext:placebo,1
"Vehicle Ointment, twice daily","Vehicle Ointment, twice daily",ext:vehicle,1
Medical Air in Oxygen,Medical Air in Oxygen,ext:oxygen,1
Placebo matching Metformin XR,Placebo matching Metformin XR,ext:placebo,1
Placebo for Atrasentan 0.2 mg/mL solution,Placebo for Atrasentan 0.2 mg/mL solution,ext:placebo,1
anti [18F]FACBC,anti [18F]FACBC,radiotracer/imaging,1
Ramelteon and Placebo (25 possible combinations total),Ramelteon and Placebo (25 possible combinations total),ext:placebo,1
Placebo of Modafinil,Placebo of Modafinil,ext:placebo,1
Placebo (Saline Solution),Placebo (Saline Solution),ext:placebo,1
Placebo (PLA),Placebo (PLA),ext:placebo,1
Placebo for Naproxen,Placebo for Naproxen,ext:placebo,1
Placebo for AZD1386,Placebo for AZD1386,ext:placebo,1
"Placebo, complex gel formulation without Vancomycin","Placebo, complex gel formulation without Vancomycin",ext:placebo,1
Microcrystalline Cellulose NF (placebo),Microcrystalline Cellulose NF (placebo),ext:placebo,1
JNJ-38431055; Placebo,JNJ-38431055; Placebo,ext:placebo,1
Mesalazine placebo,Mesalazine placebo,ext:placebo,1
Azathioprine placebo,Azathioprine placebo,ext:placebo,1
SP placebo plus amodiaquine placebo,SP placebo plus amodiaquine placebo,ext:placebo,1
Comparator: Placebo to MK6349,Comparator: Placebo to MK6349,ext:placebo,1
Saline (NaCl 0.9%),Saline (NaCl 0.9%),canonical:NaCl 0.9%,1
Placebo (vehicle ointment),Placebo (vehicle ointment),ext:placebo,1
Gemcitabine+Placebo,Gemcitabine+Placebo,ext:placebo,1
Pittsburgh Compound B (C-11 PiB),Pittsburgh Compound B (C-11 PiB),radiotracer/imaging,1
CPSI-2364 or placebo,CPSI-2364 or placebo,ext:placebo,1
AZD9668 Placebo,AZD9668 Placebo,ext:placebo,1
placebo before treatment,placebo before treatment,ext:placebo,1
Polyphenon E before Placebo,Polyphenon E before Placebo,ext:placebo,1
placebo juice,placebo juice,ext:placebo,1
aspirin + placebo,aspirin + placebo,ext:placebo,1
BI 201335 NA low placebo,BI 201335 NA low placebo,ext:placebo,1
BI 201335 NA high placebo,BI 201335 NA high placebo,ext:placebo,1
Norfloxacin + Placebo,Norfloxacin + Placebo,ext:placebo,1
naloxone plus saline,naloxone plus saline,ext:saline,1
nalbuphine plus saline,nalbuphine plus saline,ext:saline,1
Placebo of SAM-760,Placebo of SAM-760,ext:placebo,1
25% ethanol,25% ethanol,ext:ethanol,1
latanoprost vehicle,latanoprost vehicle,ext:vehicle,1
Placebo and Saizen®,Placebo and Saizen,ext:placebo,1
JNJ-39439335; Placebo; Naproxen,JNJ-39439335; Placebo; Naproxen,ext:placebo,1
Vehicle cream (placebo),Vehicle cream (placebo),ext:placebo,1
Placebo dispersible tablet,Placebo dispersible tablet,ext:placebo,1
matching placebo tablet,matching placebo tablet,ext:placebo,1
[18F]VM4-037,[18F]VM4-037,radiotracer/imaging,1
Cotrimoxazole placebo,Cotrimoxazole placebo,ext:placebo,1
Placebo for ABT-450,Placebo for ABT-450,ext:placebo,1
Amoxicillin placebo,Amoxicillin placebo,ext:placebo,1
"PEG-IFN alfa-2a, placebo","PEG-IFN alfa-2a, placebo",ext:placebo,1
ioflupane 123I (DATSCAN®),ioflupane 123I (DATSCAN),radiotracer/imaging,1
"Placebo to match melatonin, zolpidem and temazepam","Placebo to match melatonin, zolpidem and temazepam",ext:placebo,1
Placebo globuli,Placebo globuli,ext:placebo,1
Nepafenac ophthalmic suspension vehicle,Nepafenac ophthalmic suspension vehicle,ext:vehicle,1
TMC435350; Placebo,TMC435350; Placebo,ext:placebo,1
Linaclotide or Matching Placebo,Linaclotide or Matching Placebo,ext:placebo,1
Placebo solution for nebulisation 2 ml,Placebo solution for nebulisation 2 ml,ext:placebo,1
Everolimus placebo,Everolimus placebo,ext:placebo,1
hypertonic saline mixed with dextran,hypertonic saline mixed with dextran,ext:saline,1
Placebo for naproxen,Placebo for naproxen,ext:placebo,1
Vehicle of Acnase,Vehicle of Acnase,ext:vehicle,1
Viaspan® and saline,Viaspan and saline,ext:saline,1
Cyclosporine Vehicle,Cyclosporine Vehicle,ext:vehicle,1
surfactant and air (placebo),surfactant and air (placebo),ext:placebo,1
Placebo plus metformin IR,Placebo plus metformin IR,ext:placebo,1
Placebo (middle dose),Placebo (middle dose),ext:placebo,1
"Topiramate 200, Placebo","Topiramate 200, Placebo",ext:placebo,1
"Topiramate 100, Placebo","Topiramate 100, Placebo",ext:placebo,1
Double Placebo,Double Placebo,ext:placebo,1
"Aripiprazole 7.5, Placebo","Aripiprazole 7.5, Placebo",ext:placebo,1
"Aripiprazole 15, placebo","Aripiprazole 15, placebo",ext:placebo,1
Vehicle spray,Vehicle spray,ext:vehicle,1
Isotonic solution of sodium chloride (placebo),Isotonic solution of sodium chloride (placebo),canonical:Sodium Chloride,1
PF-00868554 or Placebo,PF-00868554 or Placebo,ext:placebo,1
Placebo to MK-3577,Placebo to MK-3577,ext:placebo,1
Placebo + (lithium or divalproex),Placebo + (lithium or divalproex),ext:placebo,1
"Matching placebo + mFOLFOX6 (5-FU, levo-leucovorin, oxaliplatin)","Matching placebo + mFOLFOX6 (5-FU, levo-leucovorin, oxaliplatin)",ext:placebo,1
Placebo to Telmisartan,Placebo to Telmisartan,ext:placebo,1
matched placebo to paroxetine IR 10mg or 20mg,matched placebo to paroxetine IR 10mg or 20mg,ext:placebo,1
Placebo + GW642444M,Placebo + GW642444M,ext:placebo,1
matched placebo to paroxetine CR 12.5mg or 25mg,matched placebo to paroxetine CR 12.5mg or 25mg,ext:placebo,1
Placebo memantine,Placebo memantine,ext:placebo,1
Placebo donepezil,Placebo donepezil,ext:placebo,1
Placebo Comparator - 4 wks,Placebo Comparator - 4 wks,ext:placebo,1
Placebo Comparator -2 wks,Placebo Comparator -2 wks,ext:placebo,1
Infusion Placebo,Infusion Placebo,ext:placebo,1
etanercept/placebo,etanercept/placebo,ext:placebo,1
Syringe Placebo,Syringe Placebo,ext:placebo,1
Placebo to MK-0249,Placebo to MK-0249,ext:placebo,1
Placebo (for Selenium),Placebo (for Selenium),ext:placebo,1
Placebo to Donepezil,Placebo to Donepezil,ext:placebo,1
Placebo [Saline],Placebo [Saline],ext:placebo,1
Placebo + Calcium and Vitamin D,Placebo + Calcium and Vitamin D,ext:placebo,1
Comparator: Placebo to fluticasone,Comparator: Placebo to fluticasone,ext:placebo,1
placebo plus trimethoprim-sulfamethoxazole,placebo plus trimethoprim-sulfamethoxazole,ext:placebo,1
[18F]FPEB,[18F]FPEB,radiotracer/imaging,1
Comparator: Placebo to ISMN,Comparator: Placebo to ISMN,ext:placebo,1
Comparator: Placebo to HCTZ,Comparator: Placebo to HCTZ,ext:placebo,1
Vehicle and Locoid lipocream (R),Vehicle and Locoid lipocream (R),ext:vehicle,1
"Placebo first, then Montelukast","Placebo first, then Montelukast",ext:placebo,1
"Montelukast first, then placebo","Montelukast first, then placebo",ext:placebo,1
Placebo capsules + Lidoderm®,Placebo capsules + Lidoderm,ext:placebo,1
Placebo Capsules + Placebo Patch,Placebo Capsules + Placebo Patch,ext:placebo,1
Gabapentin 300 mg capsules 1800 mg/day + placebo patch,Gabapentin 300 mg capsules 1800 mg/day + placebo patch,ext:placebo,1
Gabapentin + Placebo,Gabapentin + Placebo,ext:placebo,1
Placebo Topical Patch,Placebo Topical Patch,ext:placebo,1
Valacyclovir placebo,Valacyclovir placebo,ext:placebo,1
FV-100 placebo,FV-100 placebo,ext:placebo,1
Glucose potassium insulin solution,Glucose potassium insulin solution,ext:glucose,1
Nitrous oxide (NO) and placebo,Nitrous oxide (NO) and placebo,ext:placebo,1
AR-12286 vehicle,AR-12286 vehicle,ext:vehicle,1
MK0893-matched Placebo,MK0893-matched Placebo,ext:placebo,1
Sennoside + Placebo,Sennoside + Placebo,ext:placebo,1
AL-46383A Ophthalmic Solution Vehicle,AL-46383A Ophthalmic Solution Vehicle,ext:vehicle,1
Trexan+Salazopyrin+Oxiklorin+prednisolone + placebo,Trexan+Salazopyrin+Oxiklorin+prednisolone + placebo,ext:placebo,1
Placebo Match to SH T00658ID,Placebo Match to SH T00658ID,ext:placebo,1
Placebo Match to SH D593B,Placebo Match to SH D593B,ext:placebo,1
Vehicle for BOL-303242-X,Vehicle for BOL-303242-X,ext:vehicle,1
Polivynilic alcohol,Polivynilic alcohol,ext:alcohol,1
Placebo DuraPeel,Placebo DuraPeel,ext:placebo,1
OC000459 or placebo,OC000459 or placebo,ext:placebo,1
Inhaled placebo @ 2 & 10 hours,Inhaled placebo @ 2 & 10 hours,ext:placebo,1
AL-8309B Vehicle,AL-8309B Vehicle,ext:vehicle,1
supplementary oxygen,supplementary oxygen,ext:oxygen,1
Placebo SD,Placebo SD,ext:placebo,1
Placebo RD,Placebo RD,ext:placebo,1
IV casopitant (placebo),IV casopitant (placebo),ext:placebo,1
"Sugammadex, Neostigmine, Saline","Sugammadex, Neostigmine, Saline",ext:saline,1
placebo of vildagliptin,placebo of vildagliptin,ext:placebo,1
Placebo NanoTab™,Placebo NanoTab,ext:placebo,1
GSK1322322/placebo and midazolam,GSK1322322/placebo and midazolam,ext:placebo,1
GSK1322322/placebo,GSK1322322/placebo,ext:placebo,1
GSK163090 Placebo,GSK163090 Placebo,ext:placebo,1
Comparator: Placebo to vaniprevir,Comparator: Placebo to vaniprevir,ext:placebo,1
AL-38583 vehicle,AL-38583 vehicle,ext:vehicle,1
venlafaxine plus placebo,venlafaxine plus placebo,ext:placebo,1
Lithium and Placebo,Lithium and Placebo,ext:placebo,1
1% gaseous Nitric Oxide blended in Oxygen,1% gaseous Nitric Oxide blended in Oxygen,ext:oxygen,1
Quetiapine & Placebo,Quetiapine & Placebo,ext:placebo,1
Apocynin and placebo nebulization,Apocynin and placebo nebulization,ext:placebo,1
clozapine plus placebo,clozapine plus placebo,ext:placebo,1
Placebo + Naltrexone,Placebo + Naltrexone,ext:placebo,1
Placebo for vitamin D3,Placebo for vitamin D3,ext:placebo,1
Placebo for calcium carbonate,Placebo for calcium carbonate,ext:placebo,1
Ciprofloxacin XR + MMX Placebo,Ciprofloxacin XR + MMX Placebo,ext:placebo,1
"pitavastatin, valsartan, placebo","pitavastatin, valsartan, placebo",ext:placebo,1
Placebo to Rivastigmine patch,Placebo to Rivastigmine patch,ext:placebo,1
Placebo to Rivastigmine capsules,Placebo to Rivastigmine capsules,ext:placebo,1
Liquid Placebo,Liquid Placebo,ext:placebo,1
Isotonic saline (control group),Isotonic saline (control group),ext:saline,1
Saline Intranasal Delivery,Saline Intranasal Delivery,ext:saline,1
ritonavir placebo,ritonavir placebo,ext:placebo,1
danoprevir placebo,danoprevir placebo,ext:placebo,1
Placebo for Tenofovir disoproxil fumarate,Placebo for Tenofovir disoproxil fumarate,ext:placebo,1
Placebo for Maraviroc,Placebo for Maraviroc,ext:placebo,1
"sterile NaCl (sodium chloride) 0,9% solution","sterile NaCl (sodium chloride) 0,9% solution",canonical:Sodium Chloride,1
"Saline 0,9%","Saline 0,9%",ext:saline,1
Placebo + Spironolactone,Placebo + Spironolactone,ext:placebo,1
Clobetasol + Placebo,Clobetasol + Placebo,ext:placebo,1
placebo of folic acid,placebo of folic acid,ext:placebo,1
Placebo to 20mg/Kg BPS804,Placebo to 20mg/Kg BPS804,ext:placebo,1
Magnesium sulfate 24 hours,Magnesium sulfate 24 hours,ext:magnesium sulfate,1
Magnesium sulfate 12 hours,Magnesium sulfate 12 hours,ext:magnesium sulfate,1
5% Dextrose in Water,5% Dextrose in Water,ext:dextrose,1
Lactose (inactive placebo),Lactose (inactive placebo),ext:placebo,1
placebo(distilled water,placebo(distilled water,ext:placebo,1
Placebo for Sitagliptin 50 mg,Placebo for Sitagliptin 50 mg,ext:placebo,1
Placebo for Sitagliptin 25 mg,Placebo for Sitagliptin 25 mg,ext:placebo,1
sodium bicarbonate buffered lidocaine,sodium bicarbonate buffered lidocaine,ext:sodium bicarbonate,1
DRL-17822 or placebo,DRL-17822 or placebo,ext:placebo,1
saline Infusion,saline Infusion,ext:saline,1
placebo tablet is made of lactose,placebo tablet is made of lactose,ext:placebo,1
Placebo transdermal one 90 μL spray,Placebo transdermal one 90 μL spray,ext:placebo,1
Naproxen Sodium IR Placebo,Naproxen Sodium IR Placebo,ext:placebo,1
Naproxen Sodium ER Placebo,Naproxen Sodium ER Placebo,ext:placebo,1
Placebo transdermal two 90 μL sprays,Placebo transdermal two 90 μL sprays,ext:placebo,1
Placebo transdermal three 90 μL sprays,Placebo transdermal three 90 μL sprays,ext:placebo,1
isoton sodium chloride,isoton sodium chloride,canonical:Sodium Chloride,1
Placebo losartan,Placebo losartan,ext:placebo,1
Placebo N-acetylcysteine,Placebo N-acetylcysteine,ext:placebo,1
Universal placebo gel,Universal placebo gel,ext:placebo,1
Placebo for MFNS,Placebo for MFNS,ext:placebo,1
Citrulline and placebo,Citrulline and placebo,ext:placebo,1
Placebo Lauriad®,Placebo Lauriad,ext:placebo,1
ozenoxacin placebo,ozenoxacin placebo,ext:placebo,1
AMG 827 or Placebo,AMG 827 or Placebo,ext:placebo,1
18F-fluoromethylcholine,18F-fluoromethylcholine,radiotracer/imaging,1
18 F FDG followed by PET/CT imaging,18 F FDG followed by PET/CT imaging,radiotracer/imaging,1
(99m Tc) ECDG (Ethylenedicysteine-Deoxyglucose),(99m Tc) ECDG (Ethylenedicysteine-Deoxyglucose),ext:glucose,1
magnesium sulfate and priming,magnesium sulfate and priming,ext:magnesium sulfate,1
Placebo matching BMS-820836,Placebo matching BMS-820836,ext:placebo,1
Placebo to boceprevir,Placebo to boceprevir,ext:placebo,1
AMG 557 Placebo,AMG 557 Placebo,ext:placebo,1
placebo.,placebo.,ext:placebo,1
Placebo EP-101,Placebo EP-101,ext:placebo,1
Salbutamol placebo,Salbutamol placebo,ext:placebo,1
LAS100977 placebo,LAS100977 placebo,ext:placebo,1
Lactated Ringers Solution,Lactated Ringers Solution,ext:ringer,1
3% NaCl Solution,3% NaCl Solution,ext:nacl,1
Sertraline + Placebo,Sertraline + Placebo,ext:placebo,1
Placebo of AFATINIB,Placebo of AFATINIB,ext:placebo,1
Contrast Enhanced Ultrasonography,Contrast Enhanced Ultrasonography,ext:contrast,1
low dose FDC placebo,low dose FDC placebo,ext:placebo,1
low dose BI 10773 placebo,low dose BI 10773 placebo,ext:placebo,1
high dose FDC placebo,high dose FDC placebo,ext:placebo,1
HF1020 placebo,HF1020 placebo,ext:placebo,1
Placebo + OBR,Placebo + OBR,ext:placebo,1
Atrasentan placebo group,Atrasentan placebo group,ext:placebo,1
Lactated Ringer´s solution,Lactated Ringer´s solution,ext:ringer,1
Placebo for pioglitazone hydrochloride,Placebo for pioglitazone hydrochloride,ext:placebo,1
Placebo for MK-4074,Placebo for MK-4074,ext:placebo,1
Chinese herbal medicine granules or Chinese herbal medicine granules placebo,Chinese herbal medicine granules or Chinese herbal medicine granules placebo,ext:placebo,1
Terbinafine Placebo,Terbinafine Placebo,ext:placebo,1
administration of magnesium sulfate,administration of magnesium sulfate,ext:magnesium sulfate,1
Placebo infusion of .9 normal saline,Placebo infusion of .9 normal saline,ext:placebo,1
saline 15 ml,saline 15 ml,ext:saline,1
Placebo to Match GS-9669 tablet,Placebo to Match GS-9669 tablet,ext:placebo,1
"Sodium Chloride , USP PPC","Sodium Chloride , USP PPC",canonical:Sodium Chloride,1
Magnesium Sulfate Sandoz,Magnesium Sulfate Sandoz,ext:magnesium sulfate,1
Placebo for etoricoxib,Placebo for etoricoxib,ext:placebo,1
Vehicle pre foam formulation,Vehicle pre foam formulation,ext:vehicle,1
Hyperbaric Oxygen (1.5 atm abs),Hyperbaric Oxygen (1.5 atm abs),ext:oxygen,1
Vehicle pre-foam formulation,Vehicle pre-foam formulation,ext:vehicle,1
high dose BI 10773 placebo,high dose BI 10773 placebo,ext:placebo,1
BI 10773 low dose placebo,BI 10773 low dose placebo,ext:placebo,1
ISIS CRP Rx or Placebo,ISIS CRP Rx or Placebo,ext:placebo,1
Nasal oxygen,Nasal oxygen,ext:oxygen,1
0.9% Sodium Chloride 2000 mL bolus,0.9% Sodium Chloride 2000 mL bolus,canonical:Sodium Chloride,1
Placebo (methotrexate),Placebo (methotrexate),ext:placebo,1
Placebo (masitinib),Placebo (masitinib),ext:placebo,1
Vitamin D placebo,Vitamin D placebo,ext:placebo,1
Oral Glucose Tolerance Test,Oral Glucose Tolerance Test,ext:glucose,1
0.9% Sodium Chloride 250 mL bolus,0.9% Sodium Chloride 250 mL bolus,canonical:Sodium Chloride,1
4 degree chilled saline,4 degree chilled saline,ext:saline,1
Vaccine+Placebo,Vaccine+Placebo,ext:placebo,1
[11C]LY2428703,[11C]LY2428703,radiotracer/imaging,1
Placebo to sugammadex,Placebo to sugammadex,ext:placebo,1
Placebo to neostigmine,Placebo to neostigmine,ext:placebo,1
Drug: placebo,Drug: placebo,ext:placebo,1
Placebo tea,Placebo tea,ext:placebo,1
^1^8F-fluorodeoxyglucose,^1^8F-fluorodeoxyglucose,ext:glucose,1
"sugar pill, saline infusion","sugar pill, saline infusion",ext:saline,1
Xenon contrast agent,Xenon contrast agent,ext:contrast,1
"Panitumumab, Doxycycline/Placebo","Panitumumab, Doxycycline/Placebo",ext:placebo,1
Ringer- albumin,Ringer- albumin,ext:ringer,1
Metronidazole + MMX Mesalazine/mesalamine placebo,Metronidazole + MMX Mesalazine/mesalamine placebo,ext:placebo,1
Isotonic normal saline,Isotonic normal saline,ext:saline,1
placebo for atorvastin,placebo for atorvastin,ext:placebo,1
zanamivir placebo + 400 mg moxifloxacin,zanamivir placebo + 400 mg moxifloxacin,ext:placebo,1
1200 mg zanamivir + moxifloxacin placebo,1200 mg zanamivir + moxifloxacin placebo,ext:placebo,1
Arthroscopy & saline irrigation alone,Arthroscopy & saline irrigation alone,ext:saline,1
Placebo + Prolonged Imaginal Exposure,Placebo + Prolonged Imaginal Exposure,ext:placebo,1
Placebo (sugar pill) + Virtual Reality Exposure,Placebo (sugar pill) + Virtual Reality Exposure,ext:placebo,1
"Physiological serum : sodium chloride, sodium citrate","Physiological serum : sodium chloride, sodium citrate",canonical:Sodium Chloride,1
0.9 NS Saline,0.9 NS Saline,ext:saline,1
Placebo/sugar pill,Placebo/sugar pill,ext:placebo,1
AZD3839 Placebo,AZD3839 Placebo,ext:placebo,1
7.2% NaCl/hydroxyethylstarch,7.2% NaCl/hydroxyethylstarch,ext:nacl,1
Placebo for KM-023,Placebo for KM-023,ext:placebo,1
Comparator 2 (with alcohol and caffeine; without energy drink),Comparator 2 (with alcohol and caffeine; without energy drink),ext:alcohol,1
"Placebo (without alcohol, caffeine, energy drink)","Placebo (without alcohol, caffeine, energy drink)",ext:placebo,1
Comparator 3 (with alcohol and energy drink),Comparator 3 (with alcohol and energy drink),ext:alcohol,1
Comparator 1 (with alcohol; without caffeine and energy drink),Comparator 1 (with alcohol; without caffeine and energy drink),ext:alcohol,1
eflornithine & sulindac placebo,eflornithine & sulindac placebo,ext:placebo,1
Eflornithine placebo & sulindac placebo,Eflornithine placebo & sulindac placebo,ext:placebo,1
Eflornithine placebo & sulindac,Eflornithine placebo & sulindac,ext:placebo,1
600 mg zanamivir + moxifloxacin placebo,600 mg zanamivir + moxifloxacin placebo,ext:placebo,1
zanamivir placebo + moxifloxacin placebo,zanamivir placebo + moxifloxacin placebo,ext:placebo,1
Premixed 50% nitrous oxide and oxygen (Kalinox),Premixed 50% nitrous oxide and oxygen (Kalinox),ext:oxygen,1
99mTc-EC-DG,99mTc-EC-DG,radiotracer/imaging,1
CRD007 matching placebo,CRD007 matching placebo,ext:placebo,1
Placebo for Grazoprevir,Placebo for Grazoprevir,ext:placebo,1
Placebo for Boceprevir,Placebo for Boceprevir,ext:placebo,1
Placebo to MK-1972,Placebo to MK-1972,ext:placebo,1
Inhalation Helium/Oxygen,Inhalation Helium/Oxygen,ext:oxygen,1
GS-9451 Placebo,GS-9451 Placebo,ext:placebo,1
"saline, efficacy","saline, efficacy",ext:saline,1
Iferanserin + Placebo,Iferanserin + Placebo,ext:placebo,1
Inhalation Nitrogen/Oxygen,Inhalation Nitrogen/Oxygen,ext:nitrogen,1
tacrolimus placebo,tacrolimus placebo,ext:placebo,1
leflunomide placebo,leflunomide placebo,ext:placebo,1
paricalcitol placebo,paricalcitol placebo,ext:placebo,1
maxacalcitol placebo,maxacalcitol placebo,ext:placebo,1
Group C - Placebo,Group C - Placebo,ext:placebo,1
SIM-matching placebo,SIM-matching placebo,ext:placebo,1
Placebo Run-In,Placebo Run-In,ext:placebo,1
18F FLT,18F FLT,radiotracer/imaging,1
Placebo/Dalfampridine,Placebo/Dalfampridine,ext:placebo,1
Dalfampridine/Placebo,Dalfampridine/Placebo,ext:placebo,1
BHQ880 Placebo,BHQ880 Placebo,ext:placebo,1
Placebo for MK-4618,Placebo for MK-4618,ext:placebo,1
Placebo powder capsules,Placebo powder capsules,ext:placebo,1
Scopolamine + Donepezil Placebo + PF-04995274 Placebo,Scopolamine + Donepezil Placebo + PF-04995274 Placebo,ext:placebo,1
Scopolamine + Donepezil Placebo + PF-04995274 15 mg,Scopolamine + Donepezil Placebo + PF-04995274 15 mg,ext:placebo,1
Scopolamine + Donepezil Placebo + PF-04995274 0.25 mg,Scopolamine + Donepezil Placebo + PF-04995274 0.25 mg,ext:placebo,1
Scopolamine + Donepezil 5 mg + PF-04995274 Placebo,Scopolamine + Donepezil 5 mg + PF-04995274 Placebo,ext:placebo,1
Scopolamine + Donepezil 10mg + PF-04995274 Placebo,Scopolamine + Donepezil 10mg + PF-04995274 Placebo,ext:placebo,1
placebo for maraviroc,placebo for maraviroc,ext:placebo,1
placebo for emtricitabine/tenofovir,placebo for emtricitabine/tenofovir,ext:placebo,1
Vehicle cream with PDT,Vehicle cream with PDT,ext:vehicle,1
"LEO 90100 cutaneous spray, ointment, vehicle with betamethasone dipropionate","LEO 90100 cutaneous spray, ointment, vehicle with betamethasone dipropionate",ext:vehicle,1
"LEO 90100 cutaneous spray, ointment, vehicle","LEO 90100 cutaneous spray, ointment, vehicle",ext:vehicle,1
Matching placebo (medium dose),Matching placebo (medium dose),ext:placebo,1
Matching placebo (low dose),Matching placebo (low dose),ext:placebo,1
Matching placebo (high dose),Matching placebo (high dose),ext:placebo,1
Placebo (Sugar pill),Placebo (Sugar pill),ext:placebo,1
"Active Comparator: Atomoxetine, Placebo","Active Comparator: Atomoxetine, Placebo",ext:placebo,1
Placebo for MK-1029 100 mg,Placebo for MK-1029 100 mg,ext:placebo,1
Placebo for MK-1029 10 mg,Placebo for MK-1029 10 mg,ext:placebo,1
Placebo to zoledronic acid,Placebo to zoledronic acid,ext:placebo,1
placebo match for 10 mg ecallantide arm,placebo match for 10 mg ecallantide arm,ext:placebo,1
placebo match for 30 mg ecallantide arm,placebo match for 30 mg ecallantide arm,ext:placebo,1
Ultiva (remifentanil) or placebo,Ultiva (remifentanil) or placebo,ext:placebo,1
Placebo matching KRP203,Placebo matching KRP203,ext:placebo,1
Placebo for posaconazole,Placebo for posaconazole,ext:placebo,1
Placebo and Erlotinib,Placebo and Erlotinib,ext:placebo,1
Placebo (for Pentoxifylline),Placebo (for Pentoxifylline),ext:placebo,1
BMS-945429 Placebo,BMS-945429 Placebo,ext:placebo,1
PF-05190457 or Placebo,PF-05190457 or Placebo,ext:placebo,1
Pantoprazole + Placebo,Pantoprazole + Placebo,ext:placebo,1
123I-meta-iodobenzylguanidine,123I-meta-iodobenzylguanidine,radiotracer/imaging,1
Placebo for Oxyntomodulin,Placebo for Oxyntomodulin,ext:placebo,1
Placebo for Liraglutide,Placebo for Liraglutide,ext:placebo,1
Placebo/Saline solution,Placebo/Saline solution,ext:placebo,1
Placebo-matching alcoholic beverage,Placebo-matching alcoholic beverage,ext:placebo,1
Placebo-matching LY2216684,Placebo-matching LY2216684,ext:placebo,1
Placebo Cutaneous Spray,Placebo Cutaneous Spray,ext:placebo,1
"Placebo, desmopressin","Placebo, desmopressin",ext:placebo,1
Canagliflozin 300mg/Placebo,Canagliflozin 300mg/Placebo,ext:placebo,1
Group 2: Placebo,Group 2: Placebo,ext:placebo,1
hypertonic saline 3% sodium chloride solution,hypertonic saline 3% sodium chloride solution,canonical:Sodium Chloride,1
Miltefosine 150 mg x day + Placebo,Miltefosine 150 mg x day + Placebo,ext:placebo,1
Placebo (Part A),Placebo (Part A),ext:placebo,1
Randomized pills either containing combination of lycopene and isoflavones (dietary supplements) or Placebo to be taken for 12 weeks,Randomized pills either containing combination of lycopene and isoflavones (dietary supplements) or Placebo to be taken for 12 weeks,ext:placebo,1
everolimus placebo,everolimus placebo,ext:placebo,1
Carbamazepine (Tegretol XR) Placebo,Carbamazepine (Tegretol XR) Placebo,ext:placebo,1
Placebo for Fluticasone Propionate,Placebo for Fluticasone Propionate,ext:placebo,1
placebo (for choline alphoscerate),placebo (for choline alphoscerate),ext:placebo,1
epoprostenol versus normal saline,epoprostenol versus normal saline,ext:saline,1
placebo to secukinumab 150 mg,placebo to secukinumab 150 mg,ext:placebo,1
Ethanol lock,Ethanol lock,ext:ethanol,1
Placebo erlotinib,Placebo erlotinib,ext:placebo,1
Placebo PF00299804,Placebo PF00299804,ext:placebo,1
[11C] JNJ-42491293 + JNJ-40411813,[11C] JNJ-42491293 + JNJ-40411813,radiotracer/imaging,1
[11C] JNJ-42491293,[11C] JNJ-42491293,radiotracer/imaging,1
Vehicle without active,Vehicle without active,ext:vehicle,1
Placebo for Aprepitant PFS,Placebo for Aprepitant PFS,ext:placebo,1
Placebo for Aprepitant 80 mg,Placebo for Aprepitant 80 mg,ext:placebo,1
Placebo for Aprepitant 125 mg,Placebo for Aprepitant 125 mg,ext:placebo,1
mFOLFOX6+placebo,mFOLFOX6+placebo,ext:placebo,1
0.45% saline intravenous fluid,0.45% saline intravenous fluid,ext:saline,1
0.45% saline replacement fluid,0.45% saline replacement fluid,ext:saline,1
0.9% saline Intravenous fluid,0.9% saline Intravenous fluid,ext:saline,1
Dextrose-containing IV Fluids,Dextrose-containing IV Fluids,ext:dextrose,1
BMS-820836 Placebo,BMS-820836 Placebo,ext:placebo,1
Standard Care control - sliding scale insulin to keep glucose less than 180 mg/dL,Standard Care control - sliding scale insulin to keep glucose less than 180 mg/dL,ext:glucose,1
IV insulin to maintain target glucose concentration of 80-130 mg/dL,IV insulin to maintain target glucose concentration of 80-130 mg/dL,ext:glucose,1
Vitamin complex (placebo),Vitamin complex (placebo),ext:placebo,1
Placebo to MK-7145,Placebo to MK-7145,ext:placebo,1
Placebo to vaniprevir,Placebo to vaniprevir,ext:placebo,1
Piperacillin/tazobactam-matching placebo,Piperacillin/tazobactam-matching placebo,ext:placebo,1
Placebo for MK-1029,Placebo for MK-1029,ext:placebo,1
0.9% saline replacement fluid,0.9% saline replacement fluid,ext:saline,1
Placebo of Valturna Tablet,Placebo of Valturna Tablet,ext:placebo,1
azelastine hydrochloride 0.15% and Placebo,azelastine hydrochloride 0.15% and Placebo,ext:placebo,1
Hyperosmolar sodium lactate,Hyperosmolar sodium lactate,canonical:Sodium Lactate,1
Placebo (0.9% sodium chloride solution),Placebo (0.9% sodium chloride solution),canonical:Sodium Chloride,1
placebo/L-dopa,placebo/L-dopa,ext:placebo,1
Subcutaneous injection of saline,Subcutaneous injection of saline,ext:saline,1
Placebo for isoniazid (INH),Placebo for isoniazid (INH),ext:placebo,1
Color-matched vehicle in a cream formulation containing 0 mg of JNJ 10229570-AAA,Color-matched vehicle in a cream formulation containing 0 mg of JNJ 10229570-AAA,ext:vehicle,1
Standard treatment with saline infusion,Standard treatment with saline infusion,ext:saline,1
Intensive treatment with sodium bicarbonate,Intensive treatment with sodium bicarbonate,ext:sodium bicarbonate,1
NaCl 0.9% 100 ml,NaCl 0.9% 100 ml,canonical:NaCl 0.9%,1
"placebo first, then Ampyra","placebo first, then Ampyra",ext:placebo,1
"Ampyra first, then Placebo","Ampyra first, then Placebo",ext:placebo,1
placebo metformin,placebo metformin,ext:placebo,1
Placebo acarbose,Placebo acarbose,ext:placebo,1
111In Ibritumomab,111In Ibritumomab,radiotracer/imaging,1
Placebo-matching d-Cycloserine (DCS),Placebo-matching d-Cycloserine (DCS),ext:placebo,1
AMG 557 or PLACEBO,AMG 557 or PLACEBO,ext:placebo,1
Color-matched vehicle containing 0 mg of JNJ 10229570-AAA,Color-matched vehicle containing 0 mg of JNJ 10229570-AAA,ext:vehicle,1
Placebo matching BMS-241027,Placebo matching BMS-241027,ext:placebo,1
18F-RGD-PET-CT and perfusion CT scans on 3 occasions,18F-RGD-PET-CT and perfusion CT scans on 3 occasions,radiotracer/imaging,1
GSK2251052 0.9% saline,GSK2251052 0.9% saline,ext:saline,1
PF-06291874 or placebo,PF-06291874 or placebo,ext:placebo,1
PF-06291874 or Placebo,PF-06291874 or Placebo,ext:placebo,1
TC-5214 Placebo,TC-5214 Placebo,ext:placebo,1
Rasagiline/Placebo,Rasagiline/Placebo,ext:placebo,1
Placebo gabapentin,Placebo gabapentin,ext:placebo,1
Technetium,Technetium,radiotracer/imaging,1
Placebo/Adjunctive SGA treatment,Placebo/Adjunctive SGA treatment,ext:placebo,1
Pregabalin Placebo Capsules,Pregabalin Placebo Capsules,ext:placebo,1
Placebo-matching Mifepristone,Placebo-matching Mifepristone,ext:placebo,1
continuous infusion of normal saline added to prophylactic single injection of palonosetron,continuous infusion of normal saline added to prophylactic single injection of palonosetron,ext:saline,1
mericitabine placebo,mericitabine placebo,ext:placebo,1
boceprevir placebo,boceprevir placebo,ext:placebo,1
Conventional therapy plus placebo treatment,Conventional therapy plus placebo treatment,ext:placebo,1
Sulindac placebo,Sulindac placebo,ext:placebo,1
Eflornithine Placebo,Eflornithine Placebo,ext:placebo,1
NRT Patch (Placebo),NRT Patch (Placebo),ext:placebo,1
Atomized Intraperitoneal Saline (AIS),Atomized Intraperitoneal Saline (AIS),ext:saline,1
Placebo to match SIM,Placebo to match SIM,ext:placebo,1
AL-4943A vehicle,AL-4943A vehicle,ext:vehicle,1
Cimicifuga Herbarium,Cimicifuga Herbarium,ext:barium,1
100 mg Placebo,100 mg Placebo,ext:placebo,1
BI 144807 Placebo,BI 144807 Placebo,ext:placebo,1
Placebo/JNJ-39758979 (300 mg/d),Placebo/JNJ-39758979 (300 mg/d),ext:placebo,1
Amiodarone with Placebo,Amiodarone with Placebo,ext:placebo,1
Placebo matching with BMS-986001,Placebo matching with BMS-986001,ext:placebo,1
3% sodium chloride,3% sodium chloride,canonical:Sodium Chloride,1
Dexamethasone 2.5 mg and placebo tablet,Dexamethasone 2.5 mg and placebo tablet,ext:placebo,1
Perforomist-Placebo,Perforomist-Placebo,ext:placebo,1
Insertion of placebo ointment,Insertion of placebo ointment,ext:placebo,1
"the placebo ,chemotherapy(mitomycin, and Fluorouracil )","the placebo ,chemotherapy(mitomycin, and Fluorouracil )",ext:placebo,1
Lipiodol Ethanol Mixture,Lipiodol Ethanol Mixture,ext:ethanol,1
"CP-690,550 or Placebo","CP-690,550 or Placebo",ext:placebo,1
Elpenhaler active - Diskus placebo,Elpenhaler active - Diskus placebo,ext:placebo,1
placebo to indacaterol (PoS),placebo to indacaterol (PoS),ext:placebo,1
placebo to indacaterol (LB),placebo to indacaterol (LB),ext:placebo,1
Placebo (placebo for teriflunomide),Placebo (placebo for teriflunomide),ext:placebo,1
Placebo drugs,Placebo drugs,ext:placebo,1
Sodium Chloride 9mg/ml,Sodium Chloride 9mg/ml,canonical:Sodium Chloride,1
nafamostat infusion after heparinized saline priming,nafamostat infusion after heparinized saline priming,ext:saline,1
heparinized saline priming group,heparinized saline priming group,ext:saline,1
placebo chinese medicine,placebo chinese medicine,ext:placebo,1
placebo to ramipril,placebo to ramipril,ext:placebo,1
Nebulized magnesium sulfate,Nebulized magnesium sulfate,ext:magnesium sulfate,1
Placebo (20% Intralipid),Placebo (20% Intralipid),ext:placebo,1
"Placebo, MK-0431/ONO-5435","Placebo, MK-0431/ONO-5435",ext:placebo,1
NVA237 placebo + Tiotropium placebo.,NVA237 placebo + Tiotropium placebo.,ext:placebo,1
"NaCl (0,9%)","NaCl (0,9%)",ext:nacl,1
Placebo of Quick-Acting Heart Reliever,Placebo of Quick-Acting Heart Reliever,ext:placebo,1
Weekly placebo for CJC-1134-PC Injection,Weekly placebo for CJC-1134-PC Injection,ext:placebo,1
placebo (somapacitan),placebo (somapacitan),ext:placebo,1
Ha44 Placebo,Ha44 Placebo,ext:placebo,1
Normal saline .2cc subcutaneous injection,Normal saline .2cc subcutaneous injection,ext:saline,1
Dronedarone placebo,Dronedarone placebo,ext:placebo,1
Placebo for DPK-060 ointment,Placebo for DPK-060 ointment,ext:placebo,1
Metformin/Placebo,Metformin/Placebo,ext:placebo,1
placebo vaginal capsules,placebo vaginal capsules,ext:placebo,1
Placebo Patches,Placebo Patches,ext:placebo,1
Naltrexone and Placebo first,Naltrexone and Placebo first,ext:placebo,1
"Fimasartan , Amlodipine, Placebo","Fimasartan , Amlodipine, Placebo",ext:placebo,1
Sterile saline (0.9%),Sterile saline (0.9%),ext:saline,1
Placebo Moxifloxacin,Placebo Moxifloxacin,ext:placebo,1
Stage 1 - Vehicle,Stage 1 - Vehicle,ext:vehicle,1
Placebo of Isosorbide Dinitrate,Placebo of Isosorbide Dinitrate,ext:placebo,1
Sucrose Placebo (water),Sucrose Placebo (water),ext:placebo,1
Lidocaine Placebo,Lidocaine Placebo,ext:placebo,1
TCM granules placebo,TCM granules placebo,ext:placebo,1
TCM granule placebo plus western basis treatment,TCM granule placebo plus western basis treatment,ext:placebo,1
18F-AV-45,18F-AV-45,radiotracer/imaging,1
Placebo to relebactam,Placebo to relebactam,ext:placebo,1
placebo of duloxetine,placebo of duloxetine,ext:placebo,1
injection of placebo of apomorphine,injection of placebo of apomorphine,ext:placebo,1
injection of placebo of L-Dopa,injection of placebo of L-Dopa,ext:placebo,1
hydroxyzine/placebo,hydroxyzine/placebo,ext:placebo,1
"hepatitis, alcohol, probiotics","hepatitis, alcohol, probiotics",ext:alcohol,1
"alcohol, hepatitis, Placebo","alcohol, hepatitis, Placebo",ext:placebo,1
"Placebo (caffeine, paracetamol, cephalexin, or ibuprofen)","Placebo (caffeine, paracetamol, cephalexin, or ibuprofen)",ext:placebo,1
18F-FACBC Radiotracer,18F-FACBC Radiotracer,radiotracer/imaging,1
Placebo Metered Dose Inhaler (MDI),Placebo Metered Dose Inhaler (MDI),ext:placebo,1
Placebo Dry Powder Inhaler (DPI),Placebo Dry Powder Inhaler (DPI),ext:placebo,1
Placebo - ascorbic acid,Placebo - ascorbic acid,ext:placebo,1
Buffered Saline,Buffered Saline,ext:saline,1
Probiotics (Medirac) placebo/mosapride placebo,Probiotics (Medirac) placebo/mosapride placebo,ext:placebo,1
Placebo to BI 655064,Placebo to BI 655064,ext:placebo,1
Homeopathic Placebo globules,Homeopathic Placebo globules,ext:placebo,1
AMG 811 or Placebo,AMG 811 or Placebo,ext:placebo,1
"Taper 3,4-DAP to Placebo","Taper 3,4-DAP to Placebo",ext:placebo,1
acetated Ringer's solution,acetated Ringer's solution,ext:ringer,1
"Placebo lansoprazole 30mg, clarithromycin 500mg, metronidazole 400mg","Placebo lansoprazole 30mg, clarithromycin 500mg, metronidazole 400mg",ext:placebo,1
Administration of saline,Administration of saline,ext:saline,1
Matching placebo to relebactam,Matching placebo to relebactam,ext:placebo,1
Placebo (2.3% DMSO solution),Placebo (2.3% DMSO solution),ext:placebo,1
Placebo for DPK-060 ear drops,Placebo for DPK-060 ear drops,ext:placebo,1
Placebo for MK-8457,Placebo for MK-8457,ext:placebo,1
Placebo (Solution),Placebo (Solution),ext:placebo,1
Placebo (Lyophilized formulation),Placebo (Lyophilized formulation),ext:placebo,1
Placebo matching BMS-790052,Placebo matching BMS-790052,ext:placebo,1
"Ringer-lactate ""SAD""","Ringer-lactate ""SAD""",ext:ringer,1
Placebo NSAID,Placebo NSAID,ext:placebo,1
Varenicline and Placebo Patch,Varenicline and Placebo Patch,ext:placebo,1
Placebo with low-fat meal,Placebo with low-fat meal,ext:placebo,1
Placebo QD Fasted,Placebo QD Fasted,ext:placebo,1
Placebo BID Fasted,Placebo BID Fasted,ext:placebo,1
Mannitol challenge test & reversibility test,Mannitol challenge test & reversibility test,ext:mannitol,1
Acetaminophen + placebo,Acetaminophen + placebo,ext:placebo,1
Saline will be injected at the study port site prior to incision,Saline will be injected at the study port site prior to incision,ext:saline,1
Saline will be in injected into the port site prior to closure,Saline will be in injected into the port site prior to closure,ext:saline,1
"Acetylsalicylic Acid (Aspirin, BAY1019036) + placebo","Acetylsalicylic Acid (Aspirin, BAY1019036) + placebo",ext:placebo,1
Placebo matching BMS-708163,Placebo matching BMS-708163,ext:placebo,1
Placebo to match hydrocodone bitartrate q24h tablets,Placebo to match hydrocodone bitartrate q24h tablets,ext:placebo,1
tanshinone placebo,tanshinone placebo,ext:placebo,1
Placebo KI1001,Placebo KI1001,ext:placebo,1
"Placebo , Oxaliplatin","Placebo , Oxaliplatin",ext:placebo,1
Placebo + Glucocorticoids (GCs),Placebo + Glucocorticoids (GCs),ext:placebo,1
.9 normal saline,.9 normal saline,ext:saline,1
Saline 0.06 ml/kg,Saline 0.06 ml/kg,ext:saline,1
Placebo for Laropiprant,Placebo for Laropiprant,ext:placebo,1
placebo + life style counselling,placebo + life style counselling,ext:placebo,1
"Placebo (no caffeine, no water).","Placebo (no caffeine, no water).",ext:placebo,1
"Placebo, gonadotropins in step-up regimen","Placebo, gonadotropins in step-up regimen",ext:placebo,1
Placebo po,Placebo po,ext:placebo,1
24% sucrose po solution,24% sucrose po solution,ext:sucrose,1
Gadofosveset contrast agent enhanced MRI Axilla,Gadofosveset contrast agent enhanced MRI Axilla,ext:contrast,1
GDC-0980 Matching Placebo,GDC-0980 Matching Placebo,ext:placebo,1
GDC-0941 Matching Placebo,GDC-0941 Matching Placebo,ext:placebo,1
placebo beverage,placebo beverage,ext:placebo,1
placebo matching ribavirin tablet,placebo matching ribavirin tablet,ext:placebo,1
placebo for SHAPE (SHP-141),placebo for SHAPE (SHP-141),ext:placebo,1
Placebo DLBS1425,Placebo DLBS1425,ext:placebo,1
ALK HDM AIT Placebo,ALK HDM AIT Placebo,ext:placebo,1
placebo to match RBV,placebo to match RBV,ext:placebo,1
placebo to match tegobuvir,placebo to match tegobuvir,ext:placebo,1
Placebo to match GS-0938,Placebo to match GS-0938,ext:placebo,1
HyperHAES® (hypertonic saline/HES),HyperHAES (hypertonic saline/HES),ext:saline,1
Amoxicillin + MMX placebo,Amoxicillin + MMX placebo,ext:placebo,1
Placebo 2 (fo Dextromethorphan),Placebo 2 (fo Dextromethorphan),ext:placebo,1
Pacebo 1 (placebo for Amantadine),Pacebo 1 (placebo for Amantadine),ext:placebo,1
NaCl 0.9% (Sodium Chloride),NaCl 0.9% (Sodium Chloride),canonical:Sodium Chloride,1
GSK2336805 Matching Placebo,GSK2336805 Matching Placebo,ext:placebo,1
Placebo of tolvaptan,Placebo of tolvaptan,ext:placebo,1
Placebo pill given one hour before surgery,Placebo pill given one hour before surgery,ext:placebo,1
Saline or Midazolam (active placebo),Saline or Midazolam (active placebo),ext:placebo,1
Esomeprazol (40mg) + Sodium Bicarbonate (721mg),Esomeprazol (40mg) + Sodium Bicarbonate (721mg),ext:sodium bicarbonate,1
Placebo with Victrelis 800 mg,Placebo with Victrelis 800 mg,ext:placebo,1
Cohort 2: Victrelis 800 mg with Placebo,Cohort 2: Victrelis 800 mg with Placebo,ext:placebo,1
PET/CT with 18-FDG,PET/CT with 18-FDG,radiotracer/imaging,1
heparin-saline placebo,heparin-saline placebo,ext:placebo,1
Placebo + PPI,Placebo + PPI,ext:placebo,1
PF 05212389 or placebo,PF 05212389 or placebo,ext:placebo,1
Tekturna(Aliskiren) plus placebo,Tekturna(Aliskiren) plus placebo,ext:placebo,1
Iodine-alcohol,Iodine-alcohol,ext:alcohol,1
Placebo to match simtuzumab,Placebo to match simtuzumab,ext:placebo,1
placebo to loratadine,placebo to loratadine,ext:placebo,1
placebo to fexofenadine,placebo to fexofenadine,ext:placebo,1
Placebo for SCH 39641,Placebo for SCH 39641,ext:placebo,1
sulfamethoxazole + MMX placebo,sulfamethoxazole + MMX placebo,ext:placebo,1
Placebo to citalopram,Placebo to citalopram,ext:placebo,1
"Placebo for cis-UCA, eye drops","Placebo for cis-UCA, eye drops",ext:placebo,1
morphine Placebo,morphine Placebo,ext:placebo,1
Vehicle PDT,Vehicle PDT,ext:vehicle,1
Placebo to vilazodone,Placebo to vilazodone,ext:placebo,1
64Cu-DOTA-U3-1287,64Cu-DOTA-U3-1287,radiotracer/imaging,1
Placebo to glimepiride,Placebo to glimepiride,ext:placebo,1
placebo and vitamin D,placebo and vitamin D,ext:placebo,1
Docusate sodium and sorbitol rectal solution,Docusate sodium and sorbitol rectal solution,ext:sorbitol,1
Dose-matched placebo,Dose-matched placebo,ext:placebo,1
PF-04620110 or Placebo,PF-04620110 or Placebo,ext:placebo,1
diluted sodium bicarbonate 2.1%,diluted sodium bicarbonate 2.1%,ext:sodium bicarbonate,1
Vehicle PDT (VEH),Vehicle PDT (VEH),ext:vehicle,1
DE-101 Ophthalmic Suspension Vehicle,DE-101 Ophthalmic Suspension Vehicle,ext:vehicle,1
TR-701 FA 200 mg plus Placebo,TR-701 FA 200 mg plus Placebo,ext:placebo,1
[18F] CFPyPB,[18F] CFPyPB,radiotracer/imaging,1
[18F]MPPF,[18F]MPPF,radiotracer/imaging,1
normal saline (control),normal saline (control),ext:saline,1
[68Ga]DOTATOC,[68Ga]DOTATOC,radiotracer/imaging,1
Bacteriostatic 0.9% Sodium Chloride (vehicle),Bacteriostatic 0.9% Sodium Chloride (vehicle),canonical:Sodium Chloride,1
Sodium Chloride placebo,Sodium Chloride placebo,canonical:Sodium Chloride,1
Cryotherapy with liquid nitrogen,Cryotherapy with liquid nitrogen,ext:nitrogen,1
Azilsartan medoxomil/placebo,Azilsartan medoxomil/placebo,ext:placebo,1
hyperosmolar sodium lactate,hyperosmolar sodium lactate,canonical:Sodium Lactate,1
Placebo0921,Placebo0921,ext:placebo,1
IV isotonic saline,IV isotonic saline,ext:saline,1
Placebo trazodone and placebo Sentra PM,Placebo trazodone and placebo Sentra PM,ext:placebo,1
Naproxen and Theramine-like placebo,Naproxen and Theramine-like placebo,ext:placebo,1
Sertraline plus placebo of JWXYJN,Sertraline plus placebo of JWXYJN,ext:placebo,1
JWXYJN plus placebo of Sertraline,JWXYJN plus placebo of Sertraline,ext:placebo,1
Aerosolized Normal Saline,Aerosolized Normal Saline,ext:saline,1
tiotropium + placebo,tiotropium + placebo,ext:placebo,1
GSK2269557 matching placebo,GSK2269557 matching placebo,ext:placebo,1
Placebo to etoricoxib,Placebo to etoricoxib,ext:placebo,1
Placebo to match GSK2402968 6 mg/kg/week,Placebo to match GSK2402968 6 mg/kg/week,ext:placebo,1
Placebo to match GSK2402968 3 mg/kg/week,Placebo to match GSK2402968 3 mg/kg/week,ext:placebo,1
E6005 ointment (vehicle),E6005 ointment (vehicle),ext:vehicle,1
[18F]MK-9470,[18F]MK-9470,radiotracer/imaging,1
I.V injection of 10 ml normal saline,I.V injection of 10 ml normal saline,ext:saline,1
E2006 Matched Placebo or Zolpidem Matched Placebo,E2006 Matched Placebo or Zolpidem Matched Placebo,ext:placebo,1
E2006 Matched Placebo,E2006 Matched Placebo,ext:placebo,1
"Physiological Saline, N-Acetylcysteine and Sodium Bicarbonate","Physiological Saline, N-Acetylcysteine and Sodium Bicarbonate",ext:saline,1
Dextrose intraarticularly administered,Dextrose intraarticularly administered,ext:dextrose,1
nomral saline,nomral saline,ext:saline,1
Naltrexone + Placebo,Naltrexone + Placebo,ext:placebo,1
[18F]HX4,[18F]HX4,radiotracer/imaging,1
Part II- Placebo to naproxen 500 mg,Part II- Placebo to naproxen 500 mg,ext:placebo,1
Part II- Placebo to etoricoxib 60 mg,Part II- Placebo to etoricoxib 60 mg,ext:placebo,1
Part II - Placebo to etoricoxib 90 mg,Part II - Placebo to etoricoxib 90 mg,ext:placebo,1
Part I - Placebo to naproxen 500 mg,Part I - Placebo to naproxen 500 mg,ext:placebo,1
Part I - Placebo to etoricoxib 90 mg,Part I - Placebo to etoricoxib 90 mg,ext:placebo,1
Part I - Placebo to etoricoxib 60 mg,Part I - Placebo to etoricoxib 60 mg,ext:placebo,1
Placebo to Etoricoxib 90 mg,Placebo to Etoricoxib 90 mg,ext:placebo,1
Placebo to Etoricoxib 60 mg,Placebo to Etoricoxib 60 mg,ext:placebo,1
Vehicle alone,Vehicle alone,ext:vehicle,1
placebo: one dosage,placebo: one dosage,ext:placebo,1
Glucose-insulin infusion,Glucose-insulin infusion,ext:glucose,1
Glucose-infusion,Glucose-infusion,ext:glucose,1
Placebo - SAD,Placebo - SAD,ext:placebo,1
Placebo - MAD,Placebo - MAD,ext:placebo,1
Linezolid placebo,Linezolid placebo,ext:placebo,1
GSK1322322 placebo,GSK1322322 placebo,ext:placebo,1
[18F] MNI-558,[18F] MNI-558,radiotracer/imaging,1
Extended-release nicotinic acid versus placebo,Extended-release nicotinic acid versus placebo,ext:placebo,1
10 mg Natura-alpha capsule and 10 mg placebo capsule,10 mg Natura-alpha capsule and 10 mg placebo capsule,ext:placebo,1
VX-809 placebo,VX-809 placebo,ext:placebo,1
VX-770 placebo,VX-770 placebo,ext:placebo,1
AGN-207281 vehicle ophthalmic solution (Placebo),AGN-207281 vehicle ophthalmic solution (Placebo),ext:placebo,1
AGN-207281 ophthalmic solutions (0.1% and 0.3%); AGN-207281 vehicle ophthalmic solution (placebo),AGN-207281 ophthalmic solutions (0.1% and 0.3%); AGN-207281 vehicle ophthalmic solution (placebo),ext:placebo,1
"Placebo, visually identical to Lovaza","Placebo, visually identical to Lovaza",ext:placebo,1
Sodium bicarbonate plus NAC,Sodium bicarbonate plus NAC,ext:sodium bicarbonate,1
Saline hydration plus NAC,Saline hydration plus NAC,ext:saline,1
Oral placebo capsules,Oral placebo capsules,ext:placebo,1
Placebo matching Seroquel XR,Placebo matching Seroquel XR,ext:placebo,1
Placebo matching Seroquel IR,Placebo matching Seroquel IR,ext:placebo,1
Placebo mouthrinse,Placebo mouthrinse,ext:placebo,1
Placebo transdermal nicotine,Placebo transdermal nicotine,ext:placebo,1
placebo/escitalopram,placebo/escitalopram,ext:placebo,1
Placebo ketoconazole,Placebo ketoconazole,ext:placebo,1
Placebo to AZD2423,Placebo to AZD2423,ext:placebo,1
Placebo to rasagiline,Placebo to rasagiline,ext:placebo,1
Placebo to preladenant,Placebo to preladenant,ext:placebo,1
[18F]-fluorodeoxythymidine,[18F]-fluorodeoxythymidine,radiotracer/imaging,1
"Tadalafil, placebo","Tadalafil, placebo",ext:placebo,1
Nexagon® Vehicle,Nexagon Vehicle,ext:vehicle,1
Sodium bicarbonate (g/kg/day),Sodium bicarbonate (g/kg/day),ext:sodium bicarbonate,1
placebo to tocilizumab SC,placebo to tocilizumab SC,ext:placebo,1
placebo to tocilizumab IV,placebo to tocilizumab IV,ext:placebo,1
Nasal Normal Saline Spray,Nasal Normal Saline Spray,ext:saline,1
Placebo (mid dose),Placebo (mid dose),ext:placebo,1
Seretide 250 (8 puffs)/placebo via Volumatic spacer,Seretide 250 (8 puffs)/placebo via Volumatic spacer,ext:placebo,1
Seretide 250/placebo 8 puffs via Aerochamber Plus spacer,Seretide 250/placebo 8 puffs via Aerochamber Plus spacer,ext:placebo,1
quetiapine sr placebo,quetiapine sr placebo,ext:placebo,1
BI 638683 or placebo,BI 638683 or placebo,ext:placebo,1
Seretide 250/placebo via Synchro-Breathe,Seretide 250/placebo via Synchro-Breathe,ext:placebo,1
Placebo + Midazolam,Placebo + Midazolam,ext:placebo,1
colloid+acetated Ringer,colloid+acetated Ringer,ext:ringer,1
Placebo (Saxagliptin),Placebo (Saxagliptin),ext:placebo,1
Placebo (Metformin),Placebo (Metformin),ext:placebo,1
Placebo Aprepitant,Placebo Aprepitant,ext:placebo,1
placebo(distilled water),placebo(distilled water),ext:placebo,1
PF-05161704 or Placebo,PF-05161704 or Placebo,ext:placebo,1
Salsalate 2grams twice a day for 30 days. Then Placebo for 30 days,Salsalate 2grams twice a day for 30 days. Then Placebo for 30 days,ext:placebo,1
Placebo twice a day for 30 days. Then Salsalate 2gr BID for 30 days.,Placebo twice a day for 30 days. Then Salsalate 2gr BID for 30 days.,ext:placebo,1
Saline eyedrops,Saline eyedrops,ext:saline,1
18F-Flutemetamol,18F-Flutemetamol,radiotracer/imaging,1
GSK1292263 Placebo,GSK1292263 Placebo,ext:placebo,1
Metformin XR plus placebo,Metformin XR plus placebo,ext:placebo,1
Placebo Suppository,Placebo Suppository,ext:placebo,1
Tiotropium matching Placebo once daily,Tiotropium matching Placebo once daily,ext:placebo,1
clopidogrel and placebo,clopidogrel and placebo,ext:placebo,1
Iodine Povacrylex/74% Isopropyl Alcohol,Iodine Povacrylex/74% Isopropyl Alcohol,ext:alcohol,1
2% Chlorhexidine Gluconate/70% Isopropyl Alcohol,2% Chlorhexidine Gluconate/70% Isopropyl Alcohol,ext:alcohol,1
MK-0873 vehicle (placebo) Cream,MK-0873 vehicle (placebo) Cream,ext:placebo,1
Placebo soybean oil,Placebo soybean oil,ext:placebo,1
HEC Placebo gel,HEC Placebo gel,ext:placebo,1
placebo inhalation,placebo inhalation,ext:placebo,1
0.9% Sodium Chloride Schedule:,0.9% Sodium Chloride Schedule:,canonical:Sodium Chloride,1
Placebo Comparator B,Placebo Comparator B,ext:placebo,1
Placebo Comparator A,Placebo Comparator A,ext:placebo,1
GSK1349572 Placebo,GSK1349572 Placebo,ext:placebo,1
Raltegravir Placebo,Raltegravir Placebo,ext:placebo,1
Florbetapir,Florbetapir,radiotracer/imaging,1
Placebo given every month,Placebo given every month,ext:placebo,1
Placebo to match zanamivir,Placebo to match zanamivir,ext:placebo,1
Placebo to match oseltamivir,Placebo to match oseltamivir,ext:placebo,1
Multiple (Four Weekly) Subcutaneous Injections (Part B) of PB1023 or Placebo (0.9% NaCl),Multiple (Four Weekly) Subcutaneous Injections (Part B) of PB1023 or Placebo (0.9% NaCl),ext:placebo,1
131I-F16SIP Radioimmunotherapy (RIT),131I-F16SIP Radioimmunotherapy (RIT),radiotracer/imaging,1
AZD3161 Placebo,AZD3161 Placebo,ext:placebo,1
Placebo (for Glutamine),Placebo (for Glutamine),ext:placebo,1
Placebo A tablet,Placebo A tablet,ext:placebo,1
Single Subcutaneous Dose (Part A) of PB1023 or Placebo (0.9% NaCl),Single Subcutaneous Dose (Part A) of PB1023 or Placebo (0.9% NaCl),ext:placebo,1
"simvastatin, combined with simvastatin ezetimibe, placebo","simvastatin, combined with simvastatin ezetimibe, placebo",ext:placebo,1
99mTc-EC20,99mTc-EC20,radiotracer/imaging,1
Placebo of Amlodipine,Placebo of Amlodipine,ext:placebo,1
Placebo of Aliskiren/amlodipine 150/5 mg,Placebo of Aliskiren/amlodipine 150/5 mg,ext:placebo,1
Placebo of Aliskiren/amlodipine 150/2.5 mg,Placebo of Aliskiren/amlodipine 150/2.5 mg,ext:placebo,1
18-FDG PET/CT,18-FDG PET/CT,radiotracer/imaging,1
sucrose 5%,sucrose 5%,ext:sucrose,1
cotrimoxazole placebo,cotrimoxazole placebo,ext:placebo,1
Placebo to Match Propranolol,Placebo to Match Propranolol,ext:placebo,1
"estetrol, P2 and placebo tablets","estetrol, P2 and placebo tablets",ext:placebo,1
"estetrol, P 1 and placebo tablets","estetrol, P 1 and placebo tablets",ext:placebo,1
"Estradiol valerate, dienogest and placebo tablets","Estradiol valerate, dienogest and placebo tablets",ext:placebo,1
conventional plus placebo treatment,conventional plus placebo treatment,ext:placebo,1
"Placebo, then Naltrexone","Placebo, then Naltrexone",ext:placebo,1
"Naltrexone, then placebo","Naltrexone, then placebo",ext:placebo,1
Si-Ni-Tang/ Placebo of Si-Ni-Tang,Si-Ni-Tang/ Placebo of Si-Ni-Tang,ext:placebo,1
hypertonic saline (7%),hypertonic saline (7%),ext:saline,1
Saline soaked sponge,Saline soaked sponge,ext:saline,1
Placebo-matching vancomycin,Placebo-matching vancomycin,ext:placebo,1
Placebo-matching cadazolid,Placebo-matching cadazolid,ext:placebo,1
Tiotropium placebo,Tiotropium placebo,ext:placebo,1
placebo comparator nasal product,placebo comparator nasal product,ext:placebo,1
Placebo matching Medisorb naltrexone 380 mg,Placebo matching Medisorb naltrexone 380 mg,ext:placebo,1
Placebo matching Medisorb naltrexone 190 mg,Placebo matching Medisorb naltrexone 190 mg,ext:placebo,1
Placebo collagen Sponge,Placebo collagen Sponge,ext:placebo,1
Placebo (vehicle without active ingredient),Placebo (vehicle without active ingredient),ext:placebo,1
Placebo Liquid,Placebo Liquid,ext:placebo,1
GS-9256 placebo,GS-9256 placebo,ext:placebo,1
GS-9190 placebo,GS-9190 placebo,ext:placebo,1
Inert Placebo Capsule,Inert Placebo Capsule,ext:placebo,1
Definity contrast agent,Definity contrast agent,ext:contrast,1
vehicle for Tasocitinib,vehicle for Tasocitinib,ext:vehicle,1
Vehicle Topical Foam,Vehicle Topical Foam,ext:vehicle,1
hydroxyethyl starch 130/0.4 and sodium chloride injection,hydroxyethyl starch 130/0.4 and sodium chloride injection,canonical:Sodium Chloride,1
AGN-214868 placebo,AGN-214868 placebo,ext:placebo,1
VB-201 or Placebo,VB-201 or Placebo,ext:placebo,1
middle of the night placebo,middle of the night placebo,ext:placebo,1
bedtime placebo,bedtime placebo,ext:placebo,1
Placebo identical to BI 10773 low dose,Placebo identical to BI 10773 low dose,ext:placebo,1
Placebo identical to BI 10773 high dose,Placebo identical to BI 10773 high dose,ext:placebo,1
IDX320 placebo,IDX320 placebo,ext:placebo,1
IDX184 placebo,IDX184 placebo,ext:placebo,1
Placebo for Preladenant,Placebo for Preladenant,ext:placebo,1
Placebo to Rasagiline capsule,Placebo to Rasagiline capsule,ext:placebo,1
Placebo to Preladenant Tablet,Placebo to Preladenant Tablet,ext:placebo,1
The placebo contained 1 gram of corn oil in each capsule.,The placebo contained 1 gram of corn oil in each capsule.,ext:placebo,1
Helium/Oxygen 78%/22%,Helium/Oxygen 78%/22%,ext:oxygen,1
Air/Oxygen,Air/Oxygen,ext:oxygen,1
1 ml 0.9 % NaCl,1 ml 0.9 % NaCl,ext:nacl,1
"Metformin, placebo plus metformin","Metformin, placebo plus metformin",ext:placebo,1
Placebo for Rasagiline 1 mg capsule,Placebo for Rasagiline 1 mg capsule,ext:placebo,1
"PGL4001, placebo","PGL4001, placebo",ext:placebo,1
Placebo topical plaster,Placebo topical plaster,ext:placebo,1
Placebo (single and multiple doses),Placebo (single and multiple doses),ext:placebo,1
Placebo tofacitinib plus Methotrexate,Placebo tofacitinib plus Methotrexate,ext:placebo,1
fluorine F 18 fluorodopa,fluorine F 18 fluorodopa,radiotracer/imaging,1
Vehicle only,Vehicle only,ext:vehicle,1
Placebo ITX 5061,Placebo ITX 5061,ext:placebo,1
Placebo Inhaltion Powder,Placebo Inhaltion Powder,ext:placebo,1
ketoconazole (placebo to match),ketoconazole (placebo to match),ext:placebo,1
AMG811 Placebo,AMG811 Placebo,ext:placebo,1
Tofacitinib plus placebo methotrexate,Tofacitinib plus placebo methotrexate,ext:placebo,1
Nacl 9/00 - sugammadex,Nacl 9/00 - sugammadex,ext:nacl,1
Area cleaned with saline water and occluded with Tegaderm,Area cleaned with saline water and occluded with Tegaderm,ext:saline,1
Area cleaned with saline water,Area cleaned with saline water,ext:saline,1
Area cleaned with Ethyl alcohol solution,Area cleaned with Ethyl alcohol solution,ext:alcohol,1
Placebo to Naproxen,Placebo to Naproxen,ext:placebo,1
Combined Acetylcystein and Sodium Bicarbonate,Combined Acetylcystein and Sodium Bicarbonate,ext:sodium bicarbonate,1
placebo (tadalafil),placebo (tadalafil),ext:placebo,1
placebo (LY2452473),placebo (LY2452473),ext:placebo,1
SPECT : 123 I-FP-CIT (DATSCAN) and 123I-ADAM,SPECT : 123 I-FP-CIT (DATSCAN) and 123I-ADAM,radiotracer/imaging,1
Sugammadex - Nacl 9/00,Sugammadex - Nacl 9/00,ext:nacl,1
Fast Release Placebo,Fast Release Placebo,ext:placebo,1
Timed Release Placebo,Timed Release Placebo,ext:placebo,1
VX-985 or matching placebo,VX-985 or matching placebo,ext:placebo,1
placebo bolus and 8h infusion,placebo bolus and 8h infusion,ext:placebo,1
Placebo for recFSH,Placebo for recFSH,ext:placebo,1
Placebo for SCH 900962,Placebo for SCH 900962,ext:placebo,1
Placebo then Clarithromycin,Placebo then Clarithromycin,ext:placebo,1
Clarithromycin followed by placebo,Clarithromycin followed by placebo,ext:placebo,1
Fludeoxyglucose (18F) (FDG),Fludeoxyglucose (18F) (FDG),radiotracer/imaging,1
Placebo-group,Placebo-group,ext:placebo,1
Placebo to Nexium,Placebo to Nexium,ext:placebo,1
placebo risperidone,placebo risperidone,ext:placebo,1
Viokase 16 + placebo to Nexium,Viokase 16 + placebo to Nexium,ext:placebo,1
placebo inhaler,placebo inhaler,ext:placebo,1
Abatacept placebo,Abatacept placebo,ext:placebo,1
Placebo Suppositories,Placebo Suppositories,ext:placebo,1
Clonazepam/Placebo levetiracetam IV,Clonazepam/Placebo levetiracetam IV,ext:placebo,1
Placebo groups,Placebo groups,ext:placebo,1
AZD2423 Placebo,AZD2423 Placebo,ext:placebo,1
Placebo (2),Placebo (2),ext:placebo,1
Placebo (1),Placebo (1),ext:placebo,1
Placebo montelukast,Placebo montelukast,ext:placebo,1
Placebo fluticasone propionate via ACCUHALER/DISKUS,Placebo fluticasone propionate via ACCUHALER/DISKUS,ext:placebo,1
Placebo GSK2190915 two tablets,Placebo GSK2190915 two tablets,ext:placebo,1
Placebo GSK2190915 one tablet,Placebo GSK2190915 one tablet,ext:placebo,1
meropenem plus saline placebo,meropenem plus saline placebo,ext:placebo,1
PF-04191834 placebo,PF-04191834 placebo,ext:placebo,1
PUR 0110 Rectal Enema or Placebo Enema,PUR 0110 Rectal Enema or Placebo Enema,ext:placebo,1
Matching placebo transdermal patch,Matching placebo transdermal patch,ext:placebo,1
placebo (sugar pill),placebo (sugar pill),ext:placebo,1
10 mg/kg IV phenobarbital in 100 ml saline,10 mg/kg IV phenobarbital in 100 ml saline,ext:saline,1
PF-05161704 or placebo,PF-05161704 or placebo,ext:placebo,1
Bevacizumab Placebo,Bevacizumab Placebo,ext:placebo,1
AZD8848 and placebo,AZD8848 and placebo,ext:placebo,1
normal saline 2ml,normal saline 2ml,ext:saline,1
Ethanol-lock therapy,Ethanol-lock therapy,ext:ethanol,1
B: Placebo to match Donepezil and MK-3134 + Scopolamine 0.5 mg,B: Placebo to match Donepezil and MK-3134 + Scopolamine 0.5 mg,ext:placebo,1
A: Placebo to match Donepezil and MK-3134 + Placebo to match Scopolamine,A: Placebo to match Donepezil and MK-3134 + Placebo to match Scopolamine,ext:placebo,1
"LIPO-102, Placebo","LIPO-102, Placebo",ext:placebo,1
Identical Placebo tablet,Identical Placebo tablet,ext:placebo,1
Placebo Inhalation Powder Diskus,Placebo Inhalation Powder Diskus,ext:placebo,1
0.9% w/v sodium chloride solution,0.9% w/v sodium chloride solution,canonical:Sodium Chloride,1
Onartuzumab Placebo,Onartuzumab Placebo,ext:placebo,1
"ferric citrate, ca acetate, sevelamer carbonate, placebo","ferric citrate, ca acetate, sevelamer carbonate, placebo",ext:placebo,1
DuraSite Vehicle,DuraSite Vehicle,ext:vehicle,1
Placebo treatment to blind study,Placebo treatment to blind study,ext:placebo,1
Placebo plus Lithium,Placebo plus Lithium,ext:placebo,1
placebo + cytarabine,placebo + cytarabine,ext:placebo,1
Inhaler Placebo,Inhaler Placebo,ext:placebo,1
teplizumab or placebo,teplizumab or placebo,ext:placebo,1
Topical suspension vehicle,Topical suspension vehicle,ext:vehicle,1
Placebo orally daily for 5 months,Placebo orally daily for 5 months,ext:placebo,1
placebo orally everyday,placebo orally everyday,ext:placebo,1
Meptin placebo,Meptin placebo,ext:placebo,1
glucose solutions,glucose solutions,ext:glucose,1
"Isotonic saline, Natrium chloride","Isotonic saline, Natrium chloride",ext:saline,1
Placebo for XP21279 and carbidopa,Placebo for XP21279 and carbidopa,ext:placebo,1
Placebo for Sinemet,Placebo for Sinemet,ext:placebo,1
Placebo to AZD5213,Placebo to AZD5213,ext:placebo,1
Normal saline inj,Normal saline inj,ext:saline,1
"tranexamic acid, placebo","tranexamic acid, placebo",ext:placebo,1
Placebo (for Ramucirumab),Placebo (for Ramucirumab),ext:placebo,1
doxorubicin in combination with placebo,doxorubicin in combination with placebo,ext:placebo,1
Placebo identical to Sitagliptin 100mg,Placebo identical to Sitagliptin 100mg,ext:placebo,1
Placebo identical to BI10773 low dose,Placebo identical to BI10773 low dose,ext:placebo,1
Placebo identical to BI10773 high dose,Placebo identical to BI10773 high dose,ext:placebo,1
JNJ 28431754 300 mg/placebo,JNJ 28431754 300 mg/placebo,ext:placebo,1
JNJ 28431754 100 mg/placebo,JNJ 28431754 100 mg/placebo,ext:placebo,1
JNJ-28431754/ Placebo,JNJ-28431754/ Placebo,ext:placebo,1
"Placebo session 1, Placebo session 2","Placebo session 1, Placebo session 2",ext:placebo,1
"Placebo session 1, Aprepitant session 2","Placebo session 1, Aprepitant session 2",ext:placebo,1
Placebo to nilotinib,Placebo to nilotinib,ext:placebo,1
Placebo Respimat® inhaler,Placebo Respimat inhaler,ext:placebo,1
oxybutynin IR placebo,oxybutynin IR placebo,ext:placebo,1
Placebo to vernakalent hydrochloride,Placebo to vernakalent hydrochloride,ext:placebo,1
Zileuton placebo,Zileuton placebo,ext:placebo,1
Canagliflozin/Placebo Placebo/Canagliflozin,Canagliflozin/Placebo Placebo/Canagliflozin,ext:placebo,1
placebo comparator ophthalmic solution,placebo comparator ophthalmic solution,ext:placebo,1
Montelukast placebo granüle,Montelukast placebo granüle,ext:placebo,1
AN2898 ointment vehicle,AN2898 ointment vehicle,ext:vehicle,1
AN2728 ointment vehicle,AN2728 ointment vehicle,ext:vehicle,1
6% HES 130/0.42 in plasma adapted Ringer's solution,6% HES 130/0.42 in plasma adapted Ringer's solution,ext:ringer,1
6% HES 130/0.4 in a saline solution,6% HES 130/0.4 in a saline solution,ext:saline,1
Placebo and transdermal 17-beta estradiol,Placebo and transdermal 17-beta estradiol,ext:placebo,1
Placebo to Hydrochlorothiazide (HCTZ),Placebo to Hydrochlorothiazide (HCTZ),ext:placebo,1
Placebo to losartan potassium,Placebo to losartan potassium,ext:placebo,1
Placebo to amlodipine besylate,Placebo to amlodipine besylate,ext:placebo,1
Placebo to MK-0954E,Placebo to MK-0954E,ext:placebo,1
Placebo matching with Duloxetine,Placebo matching with Duloxetine,ext:placebo,1
Placebo for Ribavirin (RBV),Placebo for Ribavirin (RBV),ext:placebo,1
Placebo (PBO) for BMS-790052 (Placebo for NS5A Inhibitor),Placebo (PBO) for BMS-790052 (Placebo for NS5A Inhibitor),ext:placebo,1
Placebo (PBO) for BMS-650032 (Placebo for NS3 Protease Inhibitor),Placebo (PBO) for BMS-650032 (Placebo for NS3 Protease Inhibitor),ext:placebo,1
Inactive placebo nasal spray,Inactive placebo nasal spray,ext:placebo,1
Matching Placebo for MK-4305,Matching Placebo for MK-4305,ext:placebo,1
Grossly Matching Placebo for Zopiclone,Grossly Matching Placebo for Zopiclone,ext:placebo,1
Olodaterol medium daily dose once daily and placebo,Olodaterol medium daily dose once daily and placebo,ext:placebo,1
Olodaterol high daily dose once daily and placebo,Olodaterol high daily dose once daily and placebo,ext:placebo,1
Placebo to losartan 50 mg,Placebo to losartan 50 mg,ext:placebo,1
Placebo to losartan 100 mg,Placebo to losartan 100 mg,ext:placebo,1
Placebo to MK-954H,Placebo to MK-954H,ext:placebo,1
pseudoephedrine matching placebo,pseudoephedrine matching placebo,ext:placebo,1
fexofenadine HCL matching placebo,fexofenadine HCL matching placebo,ext:placebo,1
Placebo: sterile normal saline,Placebo: sterile normal saline,ext:placebo,1
Placebo nasal aerosol,Placebo nasal aerosol,ext:placebo,1
IV glucose 5%,IV glucose 5%,ext:glucose,1
Placebo 1 (Carrier),Placebo 1 (Carrier),ext:placebo,1
TMC207 placebo,TMC207 placebo,ext:placebo,1
Tocopherol placebo,Tocopherol placebo,ext:placebo,1
Pentoxifylline placebo,Pentoxifylline placebo,ext:placebo,1
Clodronate placebo,Clodronate placebo,ext:placebo,1
Placebo 2 (Diluent),Placebo 2 (Diluent),ext:placebo,1
Oral placebo at bedtime,Oral placebo at bedtime,ext:placebo,1
7% saline,7% saline,ext:saline,1
0.12% saline,0.12% saline,ext:saline,1
Timolol/ FDC/ Placebo/ Tafluprost,Timolol/ FDC/ Placebo/ Tafluprost,ext:placebo,1
Oral placebo at dinnertime,Oral placebo at dinnertime,ext:placebo,1
Alcohol + Caffeine-placebo,Alcohol + Caffeine-placebo,ext:placebo,1
Alcohol + Caffeine Beverage,Alcohol + Caffeine Beverage,ext:alcohol,1
Placebo (for atorvastatin),Placebo (for atorvastatin),ext:placebo,1
[11C] lapatinib,[11C] lapatinib,radiotracer/imaging,1
Iron Sucrose / Iron Dextran,Iron Sucrose / Iron Dextran,ext:sucrose,1
"Microdialysis of fluconazole, vehicle and N(G)-nitro-L-arginine-methyl ester (L-NMMA)","Microdialysis of fluconazole, vehicle and N(G)-nitro-L-arginine-methyl ester (L-NMMA)",ext:vehicle,1
Sterile 0.9% Sodium Chloride,Sterile 0.9% Sodium Chloride,canonical:Sodium Chloride,1
Placebo to L50/H12.5,Placebo to L50/H12.5,ext:placebo,1
Ointment Vehicle,Ointment Vehicle,ext:vehicle,1
AED treatment plus placebo,AED treatment plus placebo,ext:placebo,1
Placebo to L50/H12.5/A5,Placebo to L50/H12.5/A5,ext:placebo,1
Placebo tablet to match Preladenant,Placebo tablet to match Preladenant,ext:placebo,1
Placebo to KRP203 - 1.2 mg,Placebo to KRP203 - 1.2 mg,ext:placebo,1
Placebo to telcagepant,Placebo to telcagepant,ext:placebo,1
CT Contrast,CT Contrast,ext:contrast,1
Isoton sodium chloride,Isoton sodium chloride,canonical:Sodium Chloride,1
Placebo; Sterile Saline,Placebo; Sterile Saline,ext:placebo,1
Olopatadine hydrochloride ophthalmic solution vehicle,Olopatadine hydrochloride ophthalmic solution vehicle,ext:vehicle,1
placebo matching lapatinib,placebo matching lapatinib,ext:placebo,1
Prior Placebo,Prior Placebo,ext:placebo,1
Vehicle / Placebo,Vehicle / Placebo,ext:placebo,1
Double-dummy placebo,Double-dummy placebo,ext:placebo,1
Low severity group: Placebo,Low severity group: Placebo,ext:placebo,1
High severity group: Placebo,High severity group: Placebo,ext:placebo,1
Isotonic solution (saline or lactated ringer),Isotonic solution (saline or lactated ringer),ext:saline,1
allopurinol or placebo,allopurinol or placebo,ext:placebo,1
Glucose-bicarbonate-Ringer Lactate (GBRL),Glucose-bicarbonate-Ringer Lactate (GBRL),ext:glucose,1
Zoledronic acid vs. placebo,Zoledronic acid vs. placebo,ext:placebo,1
Placebo to MK-6325,Placebo to MK-6325,ext:placebo,1
negative control (placebo),negative control (placebo),ext:placebo,1
Monthly placebo,Monthly placebo,ext:placebo,1
Placebo matched with pregabalin,Placebo matched with pregabalin,ext:placebo,1
BCT197 placebo,BCT197 placebo,ext:placebo,1
Placebo for liposomal amikacin for inhalation,Placebo for liposomal amikacin for inhalation,ext:placebo,1
Placebo to indacaterol and glycopyrronium (QVA149),Placebo to indacaterol and glycopyrronium (QVA149),ext:placebo,1
Inert alcoholic solution,Inert alcoholic solution,ext:alcohol,1
Placebo for PH-797804,Placebo for PH-797804,ext:placebo,1
Placebo for PF-03715455,Placebo for PF-03715455,ext:placebo,1
Placebo matching vibegron,Placebo matching vibegron,ext:placebo,1
Placebo matching tolterodine ER,Placebo matching tolterodine ER,ext:placebo,1
[11C]MK-4232,[11C]MK-4232,radiotracer/imaging,1
Placebo once-daily,Placebo once-daily,ext:placebo,1
Placebo Parotid Irrigation,Placebo Parotid Irrigation,ext:placebo,1
Vein soak treated with Lactated Ringers Solution,Vein soak treated with Lactated Ringers Solution,ext:ringer,1
AL-59412C Vehicle,AL-59412C Vehicle,ext:vehicle,1
Placebo in 5 mL dispenser,Placebo in 5 mL dispenser,ext:placebo,1
Placebo matching Pregabalin,Placebo matching Pregabalin,ext:placebo,1
Placebo matching BMS-954561,Placebo matching BMS-954561,ext:placebo,1
"PK-Merz® 200mg/500ml inj(Amantadine) , Normal saline 500ml inj","PK-Merz 200mg/500ml inj(Amantadine) , Normal saline 500ml inj",ext:saline,1
Placebo for cis-UCA emulsion cream,Placebo for cis-UCA emulsion cream,ext:placebo,1
Inert lactose placebo,Inert lactose placebo,ext:placebo,1
18F-PEG6-IPQA,18F-PEG6-IPQA,radiotracer/imaging,1
18F-fluoroacetate,18F-fluoroacetate,radiotracer/imaging,1
"Losartan, Diphenhydramine, Placebo","Losartan, Diphenhydramine, Placebo",ext:placebo,1
Sativex spray and oral moxifloxacin placebo,Sativex spray and oral moxifloxacin placebo,ext:placebo,1
Placebo spray and oral moxifloxacin placebo,Placebo spray and oral moxifloxacin placebo,ext:placebo,1
Placebo spray and moxifloxacin,Placebo spray and moxifloxacin,ext:placebo,1
Varicell placebo,Varicell placebo,ext:placebo,1
Vehicle versus NB-001,Vehicle versus NB-001,ext:vehicle,1
AL-54478 Vehicle,AL-54478 Vehicle,ext:vehicle,1
vehicle of 5% Minoxidil topical foam,vehicle of 5% Minoxidil topical foam,ext:vehicle,1
ALV Placebo,ALV Placebo,ext:placebo,1
Saline solution (0.9% NaCl),Saline solution (0.9% NaCl),ext:saline,1
placebo Respimat,placebo Respimat,ext:placebo,1
Placebo drink,Placebo drink,ext:placebo,1
NCX4016 placebo,NCX4016 placebo,ext:placebo,1
400 mg golimumab or placebo,400 mg golimumab or placebo,ext:placebo,1
Tocilizumab placebo + methotrexate(MTX),Tocilizumab placebo + methotrexate(MTX),ext:placebo,1
EE 0.03 mg/DRSP 3 mg/Metafolin + folic acid placebo,EE 0.03 mg/DRSP 3 mg/Metafolin + folic acid placebo,ext:placebo,1
AN2728 Vehicle,AN2728 Vehicle,ext:vehicle,1
Placebo plus restricted protein diet,Placebo plus restricted protein diet,ext:placebo,1
placebo ondansetron,placebo ondansetron,ext:placebo,1
Preservative-Free Tafluprost or vehicle,Preservative-Free Tafluprost or vehicle,ext:vehicle,1
placebo to metronidazole,placebo to metronidazole,ext:placebo,1
Placebo ointment without illumination,Placebo ointment without illumination,ext:placebo,1
Docetaxel and placebo,Docetaxel and placebo,ext:placebo,1
200 mg golimumab or placebo,200 mg golimumab or placebo,ext:placebo,1
folic acid placebo,folic acid placebo,ext:placebo,1
Dolutegravir placebo,Dolutegravir placebo,ext:placebo,1
Atripla placebo,Atripla placebo,ext:placebo,1
Abacavir/Lamivudine Placebo,Abacavir/Lamivudine Placebo,ext:placebo,1
mirtazapine placebo,mirtazapine placebo,ext:placebo,1
placebo for LY2216684,placebo for LY2216684,ext:placebo,1
placebo for albuterol,placebo for albuterol,ext:placebo,1
Placebo to Pentoxifylline oral,Placebo to Pentoxifylline oral,ext:placebo,1
Placebo to Alprostadil (Prostaglandin E1) intravenous,Placebo to Alprostadil (Prostaglandin E1) intravenous,ext:placebo,1
Placebo/moxifloxacin,Placebo/moxifloxacin,ext:placebo,1
placebo for propranolol,placebo for propranolol,ext:placebo,1
Placebo for Hydrochlorothiazide (HCTZ),Placebo for Hydrochlorothiazide (HCTZ),ext:placebo,1
Placebo for Amlodipine,Placebo for Amlodipine,ext:placebo,1
Placebo to match ketoconazole tablet,Placebo to match ketoconazole tablet,ext:placebo,1
Placebo MDI without spacer,Placebo MDI without spacer,ext:placebo,1
Placebo MDI with spacer,Placebo MDI with spacer,ext:placebo,1
Lippia alba (Mill.) N. E. Brown ethanolic extract,Lippia alba (Mill.) N. E. Brown ethanolic extract,ext:ethanol,1
Placebo infusion.,Placebo infusion.,ext:placebo,1
Vehicle 1,Vehicle 1,ext:vehicle,1
1 year treatment with placebo followed by optional 3 years of GH treatment,1 year treatment with placebo followed by optional 3 years of GH treatment,ext:placebo,1
Sulindac plus Placebo,Sulindac plus Placebo,ext:placebo,1
Eflornithine plus Placebo,Eflornithine plus Placebo,ext:placebo,1
GW870086 Placebo,GW870086 Placebo,ext:placebo,1
Vehicle 2,Vehicle 2,ext:vehicle,1
Nebulized 0.9% Normal Saline,Nebulized 0.9% Normal Saline,ext:saline,1
[15O]water,[15O]water,radiotracer/imaging,1
1H-1-(3-[18F]-fluoro-2-hydroxy-propyl)-2-nitro-imidazole [18F]-fluoromisonidazole,1H-1-(3-[18F]-fluoro-2-hydroxy-propyl)-2-nitro-imidazole [18F]-fluoromisonidazole,radiotracer/imaging,1
glimepiride placebo,glimepiride placebo,ext:placebo,1
CT327 (or placebo) followed by placebo (or CT327),CT327 (or placebo) followed by placebo (or CT327),ext:placebo,1
"Sterile normal saline, 0.9%","Sterile normal saline, 0.9%",ext:saline,1
131I-L19SIP Radioimmunotherapy (RIT),131I-L19SIP Radioimmunotherapy (RIT),radiotracer/imaging,1
Matching Placebo Gel,Matching Placebo Gel,ext:placebo,1
0.001% CT327 (or placebo),0.001% CT327 (or placebo),ext:placebo,1
0.01% CT327 (or placebo),0.01% CT327 (or placebo),ext:placebo,1
Placebo 10,Placebo 10,ext:placebo,1
Placebo to match asenapine,Placebo to match asenapine,ext:placebo,1
[18F] FLT,[18F] FLT,radiotracer/imaging,1
Placebo 20,Placebo 20,ext:placebo,1
[13C]-Spirulina platensis and 99mTc sulfur colloid,[13C]-Spirulina platensis and 99mTc sulfur colloid,radiotracer/imaging,1
"PGL4001, placebo, drug free period","PGL4001, placebo, drug free period",ext:placebo,1
0.45% NaCl/dextrose 5%,0.45% NaCl/dextrose 5%,ext:nacl,1
0.3% NaCl/dextrose 5%,0.3% NaCl/dextrose 5%,ext:nacl,1
Glucose 25% oral solution,Glucose 25% oral solution,ext:glucose,1
Placebo to QAW039 capsules once daily for 28 days,Placebo to QAW039 capsules once daily for 28 days,ext:placebo,1
Placebo anacetrapib,Placebo anacetrapib,ext:placebo,1
Placebo low dose,Placebo low dose,ext:placebo,1
Placebo/Risedronate,Placebo/Risedronate,ext:placebo,1
Placebo tablets (2) (AM),Placebo tablets (2) (AM),ext:placebo,1
Placebo capsule (PM),Placebo capsule (PM),ext:placebo,1
Golimumab (placebo group),Golimumab (placebo group),ext:placebo,1
Estradiol or Placebo,Estradiol or Placebo,ext:placebo,1
123I-metaiodobenzylguanidine,123I-metaiodobenzylguanidine,radiotracer/imaging,1
Acetate Ringer's solution,Acetate Ringer's solution,ext:ringer,1
123I-MIP-1072,123I-MIP-1072,radiotracer/imaging,1
Placebo plus PLD,Placebo plus PLD,ext:placebo,1
BG00012 matching placebo,BG00012 matching placebo,ext:placebo,1
ASA matching placebo,ASA matching placebo,ext:placebo,1
universal placebo,universal placebo,ext:placebo,1
B. Nerve Block with Dexamethasone (4 mg). IV saline.,B. Nerve Block with Dexamethasone (4 mg). IV saline.,ext:saline,1
L-Epinephrine and Normal Saline (0.9%),L-Epinephrine and Normal Saline (0.9%),ext:saline,1
L-Epinephrine and Hypertonic Saline (3%),L-Epinephrine and Hypertonic Saline (3%),ext:saline,1
DE-112 Vehicle Solution,DE-112 Vehicle Solution,ext:vehicle,1
"Rituximab placebo/conventional immunosuppression (tacrolimus, MMF, and steroid taper)","Rituximab placebo/conventional immunosuppression (tacrolimus, MMF, and steroid taper)",ext:placebo,1
Donepezil matched placebo,Donepezil matched placebo,ext:placebo,1
Copegus placebo,Copegus placebo,ext:placebo,1
Placebo to match losartan/amlodipine tablets,Placebo to match losartan/amlodipine tablets,ext:placebo,1
Placebo to match amlodipine,Placebo to match amlodipine,ext:placebo,1
Placebo: Conventional liquid bicarbonate,Placebo: Conventional liquid bicarbonate,ext:placebo,1
100 mL 0.9% Sodium Chloride intravenous,100 mL 0.9% Sodium Chloride intravenous,canonical:Sodium Chloride,1
Placebo PM,Placebo PM,ext:placebo,1
Placebo AM,Placebo AM,ext:placebo,1
Normal Saline (NS),Normal Saline (NS),ext:saline,1
placebo to tocilizumab,placebo to tocilizumab,ext:placebo,1
placebo to adalimumab,placebo to adalimumab,ext:placebo,1
Placebo Comparator: placebo,Placebo Comparator: placebo,ext:placebo,1
Placebo plus interferon beta-1a (Rebif),Placebo plus interferon beta-1a (Rebif),ext:placebo,1
Placebo Supplementation,Placebo Supplementation,ext:placebo,1
Teprenone capsule and placebo of sucralfate,Teprenone capsule and placebo of sucralfate,ext:placebo,1
Sucralfate and placebo of teprenone,Sucralfate and placebo of teprenone,ext:placebo,1
trasdermal placebo patch,trasdermal placebo patch,ext:placebo,1
placebo oral capsule,placebo oral capsule,ext:placebo,1
[18F]-FMH3,[18F]-FMH3,radiotracer/imaging,1
Placebo for Methylphenidate,Placebo for Methylphenidate,ext:placebo,1
Placebo for Buspirone,Placebo for Buspirone,ext:placebo,1
Placebo for TMC435,Placebo for TMC435,ext:placebo,1
"Placebo, Velcade and dexamethasone","Placebo, Velcade and dexamethasone",ext:placebo,1
vehicle of LAS41007,vehicle of LAS41007,ext:vehicle,1
N-acetylcysteine placebo and silibin placebo,N-acetylcysteine placebo and silibin placebo,ext:placebo,1
N-acetylcysteine placebo and silibin active,N-acetylcysteine placebo and silibin active,ext:placebo,1
N-acetylcysteine active and silibin placebo,N-acetylcysteine active and silibin placebo,ext:placebo,1
Iron sucrose.,Iron sucrose.,ext:sucrose,1
"Placebo of fostamatinib, fostamatinib, and placebo injections","Placebo of fostamatinib, fostamatinib, and placebo injections",ext:placebo,1
Fostamatinib and placebo injections,Fostamatinib and placebo injections,ext:placebo,1
Adalimumab and placebo of fostamatinib,Adalimumab and placebo of fostamatinib,ext:placebo,1
Placebo tablet and budesonide,Placebo tablet and budesonide,ext:placebo,1
placebo (for SAR110894),placebo (for SAR110894),ext:placebo,1
PET scan with 124I-cRGDY-PEG-dots,PET scan with 124I-cRGDY-PEG-dots,radiotracer/imaging,1
Qishe Placebo,Qishe Placebo,ext:placebo,1
Normal Saline (0.9%),Normal Saline (0.9%),ext:saline,1
CNTO 0007 or placebo (Stage B),CNTO 0007 or placebo (Stage B),ext:placebo,1
CNTO 0007 or placebo (Stage A),CNTO 0007 or placebo (Stage A),ext:placebo,1
2% Chlorhexidine 70% isopropyl alcohol,2% Chlorhexidine 70% isopropyl alcohol,ext:alcohol,1
Tegobuvir placebo,Tegobuvir placebo,ext:placebo,1
GS-9451 placebo,GS-9451 placebo,ext:placebo,1
telmisartan plus placebo,telmisartan plus placebo,ext:placebo,1
captopril plus placebo,captopril plus placebo,ext:placebo,1
Normal saline and norepinephrine,Normal saline and norepinephrine,ext:saline,1
Hypertonic Saline and Terlipressin,Hypertonic Saline and Terlipressin,ext:saline,1
"Gabapentin, Estrogen and placebo administration","Gabapentin, Estrogen and placebo administration",ext:placebo,1
"topical lidocaine + oral desipramine, and/or placebo","topical lidocaine + oral desipramine, and/or placebo",ext:placebo,1
interferon alpha 2b plus placebo,interferon alpha 2b plus placebo,ext:placebo,1
"Vitamin E, Evening Oil of Primrose, and Placebo","Vitamin E, Evening Oil of Primrose, and Placebo",ext:placebo,1
dialysisis with and without glucose in the dialysis,dialysisis with and without glucose in the dialysis,ext:glucose,1
Tegaserod and Placebo,Tegaserod and Placebo,ext:placebo,1
Lamotrigine + Placebo,Lamotrigine + Placebo,ext:placebo,1
Comparator: Placebo.,Comparator: Placebo.,ext:placebo,1
hydroxy-ethyl starch (MW 130; 0.4) vs. normal saline,hydroxy-ethyl starch (MW 130; 0.4) vs. normal saline,ext:saline,1
[123I]B-CIT,[123I]B-CIT,radiotracer/imaging,1
Afimoxifene (0.057%) in hydroalcoholic gel,Afimoxifene (0.057%) in hydroalcoholic gel,ext:alcohol,1
Chlorhexidine gluconate (drug) vs placebo,Chlorhexidine gluconate (drug) vs placebo,ext:placebo,1
Aggrenox® modified release capsules matching placebo,Aggrenox modified release capsules matching placebo,ext:placebo,1
7% NaCl,7% NaCl,ext:nacl,1
placebo 40 mg,placebo 40 mg,ext:placebo,1
Tiotropium + placebo,Tiotropium + placebo,ext:placebo,1
"IV glucose insulin and potassium, GIK","IV glucose insulin and potassium, GIK",ext:glucose,1
Placebo/ Duration of Treatment: 156 weeks,Placebo/ Duration of Treatment: 156 weeks,ext:placebo,1
Placebo for Recombinant Human Growth Hormone,Placebo for Recombinant Human Growth Hormone,ext:placebo,1
Injection of Alcohol into Foot,Injection of Alcohol into Foot,ext:alcohol,1
"vitamin D 3 for arm A ,and matching placebo for arm B","vitamin D 3 for arm A ,and matching placebo for arm B",ext:placebo,1
Placebo in arm A and Vitamin D in arm B,Placebo in arm A and Vitamin D in arm B,ext:placebo,1
CD-LD CR Placebo,CD-LD CR Placebo,ext:placebo,1
IPX054 200 mg Placebo,IPX054 200 mg Placebo,ext:placebo,1
IPX054 250 mg Placebo,IPX054 250 mg Placebo,ext:placebo,1
E2014 (Botulinum toxin type B) Placebo,E2014 (Botulinum toxin type B) Placebo,ext:placebo,1
Placebo and vitamin A single dose at enrollment,Placebo and vitamin A single dose at enrollment,ext:placebo,1
[11C] (-)-RWAY,[11C] (-)-RWAY,radiotracer/imaging,1
sodium pyruvate in 0.9% sodium chloride solution,sodium pyruvate in 0.9% sodium chloride solution,canonical:Sodium Chloride,1
Methylphenidate (OROS-MPH) - Placebo,Methylphenidate (OROS-MPH) - Placebo,ext:placebo,1
Test Meal: Reference food (glucose or white bread),Test Meal: Reference food (glucose or white bread),ext:glucose,1
"Phosphate Buffer Saline (PBS),","Phosphate Buffer Saline (PBS),",ext:saline,1
Inhaled Furosemide vs Placebo (Normal Saline),Inhaled Furosemide vs Placebo (Normal Saline),ext:placebo,1
Lithium or Valproate with placebo (PBO),Lithium or Valproate with placebo (PBO),ext:placebo,1
Iron Folic Acid alone - Placebo,Iron Folic Acid alone - Placebo,ext:placebo,1
Comparator: Placebo to niacin (ER),Comparator: Placebo to niacin (ER),ext:placebo,1
Comparator: Placebo to ezetimibe/simvastatin,Comparator: Placebo to ezetimibe/simvastatin,ext:placebo,1
Comparator: Placebo to Niacin (ER),Comparator: Placebo to Niacin (ER),ext:placebo,1
"placebo,calcium and vitamin D","placebo,calcium and vitamin D",ext:placebo,1
Placebo (for Naltrexone),Placebo (for Naltrexone),ext:placebo,1
Placebo / Duration of Treatment: 2 days for screening period,Placebo / Duration of Treatment: 2 days for screening period,ext:placebo,1
Placebo / Duration of Treatment 3 Weeks,Placebo / Duration of Treatment 3 Weeks,ext:placebo,1
Placebo or Ibuprofen / Duration of Treatment 12 Weeks,Placebo or Ibuprofen / Duration of Treatment 12 Weeks,ext:placebo,1
SB-480848 matching placebo,SB-480848 matching placebo,ext:placebo,1
Placebo Pill.,Placebo Pill.,ext:placebo,1
Hemoglobin-based oxygen carrier-201 (HBOC 201),Hemoglobin-based oxygen carrier-201 (HBOC 201),ext:oxygen,1
Lapatinib-Placebo,Lapatinib-Placebo,ext:placebo,1
placebo and Calcitriol,placebo and Calcitriol,ext:placebo,1
"Fish oil (Super Omega-3, 4 caps/d) vs. placebo","Fish oil (Super Omega-3, 4 caps/d) vs. placebo",ext:placebo,1
Sodium Pyruvate in 0.9% Sodium Chloride Solution,Sodium Pyruvate in 0.9% Sodium Chloride Solution,canonical:Sodium Chloride,1
Infusion of 1 litre of normal saline before colonoscopy,Infusion of 1 litre of normal saline before colonoscopy,ext:saline,1
double blind placebo,double blind placebo,ext:placebo,1
Placebo; Ustekinumab (CNTO 1275) 45 or 90 mg,Placebo; Ustekinumab (CNTO 1275) 45 or 90 mg,ext:placebo,1
matched placebo capsules,matched placebo capsules,ext:placebo,1
Placebo / Duration of Treatment: mean 3.4 years,Placebo / Duration of Treatment: mean 3.4 years,ext:placebo,1
Placebo- Sugar pill,Placebo- Sugar pill,ext:placebo,1
NucleomaxX placebo,NucleomaxX placebo,ext:placebo,1
Placebo capsules - as soon as possible after randomization,Placebo capsules - as soon as possible after randomization,ext:placebo,1
Ketamine or placebo,Ketamine or placebo,ext:placebo,1
Placebo matching valacyclovir,Placebo matching valacyclovir,ext:placebo,1
Placebo matching famciclovir,Placebo matching famciclovir,ext:placebo,1
quetiapine fumarate placebo,quetiapine fumarate placebo,ext:placebo,1
Oral Nifedipine or placebo,Oral Nifedipine or placebo,ext:placebo,1
Modafinil-Alcohol Interactions,Modafinil-Alcohol Interactions,ext:alcohol,1
FTC/TDF placebo,FTC/TDF placebo,ext:placebo,1
ETV placebo,ETV placebo,ext:placebo,1
chlorhexidine-alcohol,chlorhexidine-alcohol,ext:alcohol,1
daily sublingual tablets Vitamin B12 1000 mcg versus placebo,daily sublingual tablets Vitamin B12 1000 mcg versus placebo,ext:placebo,1
Placebo tablets matching to levocetirizine,Placebo tablets matching to levocetirizine,ext:placebo,1
Placebo tablets matching to cetirizine,Placebo tablets matching to cetirizine,ext:placebo,1
131I-huA33 (131-Iodine on humanised monoclonal antibody A33),131I-huA33 (131-Iodine on humanised monoclonal antibody A33),radiotracer/imaging,1
to implement an insulin protocol with target blood glucose levels between 81-110 mg/dL.,to implement an insulin protocol with target blood glucose levels between 81-110 mg/dL.,ext:glucose,1
Rosiglitazone versus placebo,Rosiglitazone versus placebo,ext:placebo,1
"Amodiaquine/sulphadoxine-pyrimethamine, Artesunate/sulphadoxine-pyrimethamine or placebo","Amodiaquine/sulphadoxine-pyrimethamine, Artesunate/sulphadoxine-pyrimethamine or placebo",ext:placebo,1
AST-726 Placebo,AST-726 Placebo,ext:placebo,1
Olanzapine and placebo,Olanzapine and placebo,ext:placebo,1
[123I] IMPY & SPECT Imaging,[123I] IMPY & SPECT Imaging,radiotracer/imaging,1
placebo nasal,placebo nasal,ext:placebo,1
placebo DISKUS,placebo DISKUS,ext:placebo,1
Placebo Pulsatile GnRH,Placebo Pulsatile GnRH,ext:placebo,1
Placebo Clomiphene Citrate,Placebo Clomiphene Citrate,ext:placebo,1
ascorbic acid (vitamin C) versus placebo,ascorbic acid (vitamin C) versus placebo,ext:placebo,1
Drotaverine Placebo,Drotaverine Placebo,ext:placebo,1
Ketamine (or placebo : isotonic saline solution),Ketamine (or placebo : isotonic saline solution),ext:placebo,1
"citalopram + tiodothyronine, or + pindolol, or + placebo","citalopram + tiodothyronine, or + pindolol, or + placebo",ext:placebo,1
Sodium Ferric Gluconate Complex in Sucrose Injection,Sodium Ferric Gluconate Complex in Sucrose Injection,ext:sucrose,1
Sodium Ferric Gluconate complex in sucrose,Sodium Ferric Gluconate complex in sucrose,ext:sucrose,1
Sodium Ferric Gluconate Complex in Sucrose.,Sodium Ferric Gluconate Complex in Sucrose.,ext:sucrose,1
Ferrlecit (sodium ferric gluconate complex in sucrose injection),Ferrlecit (sodium ferric gluconate complex in sucrose injection),ext:sucrose,1
Supplemental oxygen with target saturation of 85 to 89%,Supplemental oxygen with target saturation of 85 to 89%,ext:oxygen,1
Placebo males,Placebo males,ext:placebo,1
Placebo females,Placebo females,ext:placebo,1
Supplemental oxygen with target saturation of 91 to 95%,Supplemental oxygen with target saturation of 91 to 95%,ext:oxygen,1
4% Albumin / 0.9% Sodium Chloride,4% Albumin / 0.9% Sodium Chloride,canonical:Sodium Chloride,1
Administration of zinkgluconaat or placebo,Administration of zinkgluconaat or placebo,ext:placebo,1
Placebo for MK-0634,Placebo for MK-0634,ext:placebo,1
Topiramate; Placebo,Topiramate; Placebo,ext:placebo,1
Cyclosporine/placebo-cyclosporine,Cyclosporine/placebo-cyclosporine,ext:placebo,1
(vs.) Placebo + physical therapy,(vs.) Placebo + physical therapy,ext:placebo,1
tetrabenazine or placebo,tetrabenazine or placebo,ext:placebo,1
nitrous oxide and oxygen,nitrous oxide and oxygen,ext:oxygen,1
Losartan 50/100 mg placebo,Losartan 50/100 mg placebo,ext:placebo,1
Aliskiren placebo,Aliskiren placebo,ext:placebo,1
oral placebo naltrexone,oral placebo naltrexone,ext:placebo,1
"Intrathecal morphine at surgery, 0.1mg and placebo","Intrathecal morphine at surgery, 0.1mg and placebo",ext:placebo,1
"Dextrose, 5% in Water","Dextrose, 5% in Water",ext:dextrose,1
Fluticasone or placebo,Fluticasone or placebo,ext:placebo,1
Patient Controlled Analgesia with iv morphine and placebo,Patient Controlled Analgesia with iv morphine and placebo,ext:placebo,1
Vehicle gel formulations,Vehicle gel formulations,ext:vehicle,1
Topiramate - Placebo,Topiramate - Placebo,ext:placebo,1
Clozapine augmented with atomoxetine up to 40 mg or placebo,Clozapine augmented with atomoxetine up to 40 mg or placebo,ext:placebo,1
Olive oil (placebo),Olive oil (placebo),ext:placebo,1
Double dose PPI plus evening placebo,Double dose PPI plus evening placebo,ext:placebo,1
"Rabeprazole , placebo, placebo","Rabeprazole , placebo, placebo",ext:placebo,1
placebo for rosiglitazone,placebo for rosiglitazone,ext:placebo,1
placebo for fenofibrate,placebo for fenofibrate,ext:placebo,1
Placebo ointment daily for 24 month,Placebo ointment daily for 24 month,ext:placebo,1
"Vehicle control, 2x/day","Vehicle control, 2x/day",ext:vehicle,1
Ropinirole IR 2 mg Placebo,Ropinirole IR 2 mg Placebo,ext:placebo,1
Ropinirole IR 1 mg Placebo,Ropinirole IR 1 mg Placebo,ext:placebo,1
Ropinirole CR 3 mg Placebo,Ropinirole CR 3 mg Placebo,ext:placebo,1
Ropinirole CR 2 mg Placebo,Ropinirole CR 2 mg Placebo,ext:placebo,1
ciprofloxacin placebo,ciprofloxacin placebo,ext:placebo,1
Metronidazole placebo,Metronidazole placebo,ext:placebo,1
Placebo for MEM 1003,Placebo for MEM 1003,ext:placebo,1
placebo matching tiotropium qd,placebo matching tiotropium qd,ext:placebo,1
Placebo - Exenatide - Exenatide,Placebo - Exenatide - Exenatide,ext:placebo,1
Exenatide - Placebo - Exenatide,Exenatide - Placebo - Exenatide,ext:placebo,1
Exenatide - Exenatide - Placebo,Exenatide - Exenatide - Placebo,ext:placebo,1
IPX054 Placebo,IPX054 Placebo,ext:placebo,1
Abatacept or Placebo (both as IV & SC Solution),Abatacept or Placebo (both as IV & SC Solution),ext:placebo,1
Abatacept or Placebo (both as IV & SC solution),Abatacept or Placebo (both as IV & SC solution),ext:placebo,1
Policosanol supplement (oral capsule) vs. placebo,Policosanol supplement (oral capsule) vs. placebo,ext:placebo,1
ferumoxytol or placebo,ferumoxytol or placebo,ext:placebo,1
Lactulose active and Lactulose placebo,Lactulose active and Lactulose placebo,ext:placebo,1
Ethanol (Bourbon or Vodka),Ethanol (Bourbon or Vodka),ext:ethanol,1
"prednisolone, 30 mg once daily and placebo","prednisolone, 30 mg once daily and placebo",ext:placebo,1
Regular Insulin via Insulin-Glucose Algorithm,Regular Insulin via Insulin-Glucose Algorithm,ext:glucose,1
Benadryl versus Placebo,Benadryl versus Placebo,ext:placebo,1
glatiramer acetate with placebo,glatiramer acetate with placebo,ext:placebo,1
Venofer (iron sucrose injection),Venofer (iron sucrose injection),ext:sucrose,1
"placebo adalimumab, placebo MTX","placebo adalimumab, placebo MTX",ext:placebo,1
tramadol HCl + acetaminophen; hydrocodone bitartrate + acetaminophen; placebo,tramadol HCl + acetaminophen; hydrocodone bitartrate + acetaminophen; placebo,ext:placebo,1
Cinnamon or placebo 500 mg capsule twice daily,Cinnamon or placebo 500 mg capsule twice daily,ext:placebo,1
Insulin (tight blood glucose control),Insulin (tight blood glucose control),ext:glucose,1
Iron Sucrose + Erythropoietin,Iron Sucrose + Erythropoietin,ext:sucrose,1
iron sucrose injection USP,iron sucrose injection USP,ext:sucrose,1
Comparator: Placebo (montelukast),Comparator: Placebo (montelukast),ext:placebo,1
Comparator: Placebo (salmeterol),Comparator: Placebo (salmeterol),ext:placebo,1
2-deoxyglucose (2DG),2-deoxyglucose (2DG),ext:glucose,1
"low calorie, low nitrogen parenteral nutrition for patient with NRS score 3","low calorie, low nitrogen parenteral nutrition for patient with NRS score 3",ext:nitrogen,1
Topical gel (placebo formulation),Topical gel (placebo formulation),ext:placebo,1
Placebo;Diclofenac 50mg(tid)/Duration of Treatment: Part I (Placebo) 6 weeks;Part II (Diclofenac) 8 weeks,Placebo;Diclofenac 50mg(tid)/Duration of Treatment: Part I (Placebo) 6 weeks;Part II (Diclofenac) 8 weeks,ext:placebo,1
Placebo (for Lamotrigine),Placebo (for Lamotrigine),ext:placebo,1
Cannabidiol/Placebo,Cannabidiol/Placebo,ext:placebo,1
Placebo/Cannabidiol,Placebo/Cannabidiol,ext:placebo,1
Palifermin placebo,Palifermin placebo,ext:placebo,1
Placebo and IVIG,Placebo and IVIG,ext:placebo,1
99mTc-methyl diphosphonate,99mTc-methyl diphosphonate,radiotracer/imaging,1
18F-Sodium Fluoride (18F-NaF),18F-Sodium Fluoride (18F-NaF),radiotracer/imaging,1
18F-Fludeoxyglucose (18F-FDG),18F-Fludeoxyglucose (18F-FDG),radiotracer/imaging,1
Usual Diabetes Therapy plus placebo,Usual Diabetes Therapy plus placebo,ext:placebo,1
Placebo to Mycophenolate mofetil,Placebo to Mycophenolate mofetil,ext:placebo,1
Saline spray (0.65%),Saline spray (0.65%),ext:saline,1
"Drug: Acetaminophen, Drug: Placebo","Drug: Acetaminophen, Drug: Placebo",ext:placebo,1
Placebo-Levocetirizine,Placebo-Levocetirizine,ext:placebo,1
Placebo-Cetirizine,Placebo-Cetirizine,ext:placebo,1
Placebo + Cocaine,Placebo + Cocaine,ext:placebo,1
Vehicle saline as placebo,Vehicle saline as placebo,ext:placebo,1
l dopa versus placebo,l dopa versus placebo,ext:placebo,1
GW823093 placebo capsule,GW823093 placebo capsule,ext:placebo,1
Administration of montelukast or placebo,Administration of montelukast or placebo,ext:placebo,1
Sorbitol+Phenylephrine+Morphine,Sorbitol+Phenylephrine+Morphine,ext:sorbitol,1
Sorbitol+Phenylephrine,Sorbitol+Phenylephrine,ext:sorbitol,1
Sorbitol low concentration+Phenylephrine+Morphine,Sorbitol low concentration+Phenylephrine+Morphine,ext:sorbitol,1
High Fructose Corn Syrup,High Fructose Corn Syrup,ext:fructose,1
Technetium Tc99m Tetrofosmin injections,Technetium Tc99m Tetrofosmin injections,radiotracer/imaging,1
placebo once orally once daily,placebo once orally once daily,ext:placebo,1
Matching Placebos,Matching Placebos,ext:placebo,1
paracetamol + pregabalin + placebo,paracetamol + pregabalin + placebo,ext:placebo,1
paracetamol + placebo + placebo,paracetamol + placebo + placebo,ext:placebo,1
Motexafin gadolinium and pemetrexed,Motexafin gadolinium and pemetrexed,ext:gadolinium,1
placebo (control procedure),placebo (control procedure),ext:placebo,1
Placebo: tablet of Rivaroxaban,Placebo: tablet of Rivaroxaban,ext:placebo,1
Placebo: syringes of Enoxaparin,Placebo: syringes of Enoxaparin,ext:placebo,1
acyclovir in ME-609 vehicle,acyclovir in ME-609 vehicle,ext:vehicle,1
Rituximab in combination with placebo,Rituximab in combination with placebo,ext:placebo,1
Comparator : placebo (unspecified) / Duration of Treatment: 12 Weeks,Comparator : placebo (unspecified) / Duration of Treatment: 12 Weeks,ext:placebo,1
ultrasound contrast,ultrasound contrast,ext:contrast,1
Enoxaparin + Placebo,Enoxaparin + Placebo,ext:placebo,1
Apixaban + Placebo,Apixaban + Placebo,ext:placebo,1
Comparator: Placebo to efavirenz,Comparator: Placebo to efavirenz,ext:placebo,1
Comparator: Placebo to MK-0518,Comparator: Placebo to MK-0518,ext:placebo,1
[18-F] Fluorodeoxyglucose (FDG),[18-F] Fluorodeoxyglucose (FDG),radiotracer/imaging,1
Comparator : placebo (unspecified) / Duration of Treatment : 48 Weeks,Comparator : placebo (unspecified) / Duration of Treatment : 48 Weeks,ext:placebo,1
N-acetylcysteine or placebo,N-acetylcysteine or placebo,ext:placebo,1
[123I] 5-IA,[123I] 5-IA,radiotracer/imaging,1
Comparator: placebo to match sitagliptin 100 mg q.d./pioglitazone 30 mg q.d.,Comparator: placebo to match sitagliptin 100 mg q.d./pioglitazone 30 mg q.d.,ext:placebo,1
placebo circadin,placebo circadin,ext:placebo,1
Quetiapine and placebo,Quetiapine and placebo,ext:placebo,1
Lamivudine Placebo,Lamivudine Placebo,ext:placebo,1
Placebo to Pleconaril,Placebo to Pleconaril,ext:placebo,1
Clobex® Vehicle Shampoo,Clobex Vehicle Shampoo,ext:vehicle,1
Placebo to mycophenolate sodium,Placebo to mycophenolate sodium,ext:placebo,1
Placebo to mycophenolate mofetil,Placebo to mycophenolate mofetil,ext:placebo,1
Rivaroxaban/Placebo,Rivaroxaban/Placebo,ext:placebo,1
Comparator : placebo (unspecified) /Duration of Treatment : 5 Years,Comparator : placebo (unspecified) /Duration of Treatment : 5 Years,ext:placebo,1
Single dose placebo to the mother and to the child,Single dose placebo to the mother and to the child,ext:placebo,1
Single dose nevirapine to the mother and placebo to the child,Single dose nevirapine to the mother and placebo to the child,ext:placebo,1
Odanacatib matching placebo,Odanacatib matching placebo,ext:placebo,1
Metformin and Fenofibrate placebo,Metformin and Fenofibrate placebo,ext:placebo,1
Placebo via corresponding inhaler for blinding purposes,Placebo via corresponding inhaler for blinding purposes,ext:placebo,1
ZA matching placebo,ZA matching placebo,ext:placebo,1
IV Placebo 100 mL solution,IV Placebo 100 mL solution,ext:placebo,1
Entecavir Placebo,Entecavir Placebo,ext:placebo,1
Duloxetine Placebo,Duloxetine Placebo,ext:placebo,1
18F Fluoroazomycin Arabinoside (FAZA),18F Fluoroazomycin Arabinoside (FAZA),radiotracer/imaging,1
Placebo for Levothyroxine,Placebo for Levothyroxine,ext:placebo,1
GSK189254 Placebo,GSK189254 Placebo,ext:placebo,1
"Iron Sucrose IV 200mg, once a week, for 5 weeks","Iron Sucrose IV 200mg, once a week, for 5 weeks",ext:sucrose,1
Placebo capsules - end of PCI,Placebo capsules - end of PCI,ext:placebo,1
1/6 M (166 mEq/L) IV Sodium Bicarbonate,1/6 M (166 mEq/L) IV Sodium Bicarbonate,ext:sodium bicarbonate,1
0.9% (154 mEq/L) IV Sodium Chloride,0.9% (154 mEq/L) IV Sodium Chloride,canonical:Sodium Chloride,1
oral 18B Glycyrrhetinic acid versus placebo,oral 18B Glycyrrhetinic acid versus placebo,ext:placebo,1
Nelfinavir/placebo,Nelfinavir/placebo,ext:placebo,1
Adding Advair Diskus 100/50mcg (FSC) BID and Singulair 10mg is added to placebo Diskus BID,Adding Advair Diskus 100/50mcg (FSC) BID and Singulair 10mg is added to placebo Diskus BID,ext:placebo,1
placebo with hydrocodone/APAP PRN,placebo with hydrocodone/APAP PRN,ext:placebo,1
hydrocodone/APAP w placebo PRN,hydrocodone/APAP w placebo PRN,ext:placebo,1
Rapid infusion of cold normal saline,Rapid infusion of cold normal saline,ext:saline,1
Azithromycin microspheres-placebo,Azithromycin microspheres-placebo,ext:placebo,1
placebo-pramlintide 600 uL,placebo-pramlintide 600 uL,ext:placebo,1
minocycline-placebo capsules,minocycline-placebo capsules,ext:placebo,1
placebo-metreleptin 1 mL,placebo-metreleptin 1 mL,ext:placebo,1
50% Nitrous Oxide and 50% Oxygen (MEOPA),50% Nitrous Oxide and 50% Oxygen (MEOPA),ext:oxygen,1
3 amps of sodium bicarbonate mixed in one liter of D5W,3 amps of sodium bicarbonate mixed in one liter of D5W,ext:sodium bicarbonate,1
Comparator: placebo (unspecified) / Duration of Treatment: 18 Weeks,Comparator: placebo (unspecified) / Duration of Treatment: 18 Weeks,ext:placebo,1
Macrogol3350 Na sulphate Na bicarbonate NaCl KCl,Macrogol3350 Na sulphate Na bicarbonate NaCl KCl,ext:nacl,1
Macrogol3350 NA sulphate NACl KCl ascorbic acid NA ascorbate,Macrogol3350 NA sulphate NACl KCl ascorbic acid NA ascorbate,ext:nacl,1
MANNITOL,MANNITOL,ext:mannitol,1
placebo + nicotine replacement therapy,placebo + nicotine replacement therapy,ext:placebo,1
Comparator: placebo (unspecified) / Duration of Treatment: 1 Days,Comparator: placebo (unspecified) / Duration of Treatment: 1 Days,ext:placebo,1
nebulized placebo (3ml/dose),nebulized placebo (3ml/dose),ext:placebo,1
Quetiapine or Risperidone + placebo,Quetiapine or Risperidone + placebo,ext:placebo,1
"carbon dioxide, subcutaneous application","carbon dioxide, subcutaneous application",ext:carbon dioxide,1
18F-FAZA PET Imaging,18F-FAZA PET Imaging,radiotracer/imaging,1
Placebo then Oglemilast,Placebo then Oglemilast,ext:placebo,1
"placebo,","placebo,",ext:placebo,1
Ribavirin-Placebo,Ribavirin-Placebo,ext:placebo,1
Placebo (for Enoxaparin sodium),Placebo (for Enoxaparin sodium),ext:placebo,1
Olopatadine Hydrochloride Ophthalmic Solution Vehicle,Olopatadine Hydrochloride Ophthalmic Solution Vehicle,ext:vehicle,1
Alogliptin placebo,Alogliptin placebo,ext:placebo,1
"IPL512,602 Matching Placebo once daily","IPL512,602 Matching Placebo once daily",ext:placebo,1
Up to 2 liter infusion of cold 4 degree C normal saline,Up to 2 liter infusion of cold 4 degree C normal saline,ext:saline,1
Placebo first followed by open label pregabalin,Placebo first followed by open label pregabalin,ext:placebo,1
simvastatin 20 mg and placebo,simvastatin 20 mg and placebo,ext:placebo,1
fenofibrate 160 mg and placebo,fenofibrate 160 mg and placebo,ext:placebo,1
Placebo to match BTDS,Placebo to match BTDS,ext:placebo,1
Placebo (for Avidin),Placebo (for Avidin),ext:placebo,1
Matching Placebo to Fidaxomicin,Matching Placebo to Fidaxomicin,ext:placebo,1
systemic administration of 99mTc-HYNIC-Annexin A5,systemic administration of 99mTc-HYNIC-Annexin A5,radiotracer/imaging,1
placebo clarithromycin,placebo clarithromycin,ext:placebo,1
MMF Placebo,MMF Placebo,ext:placebo,1
"Mannitol, Sodium-Lactate","Mannitol, Sodium-Lactate",ext:mannitol,1
Placebo pill + placebo patch,Placebo pill + placebo patch,ext:placebo,1
Glucose lowering therapy,Glucose lowering therapy,ext:glucose,1
7.5% hypertonic saline/6% Dextran-70 (HSD),7.5% hypertonic saline/6% Dextran-70 (HSD),ext:saline,1
7.5% hypertonic saline (HS),7.5% hypertonic saline (HS),ext:saline,1
7.5% Hypertonic Saline in 6% Dextran-70 (HSD),7.5% Hypertonic Saline in 6% Dextran-70 (HSD),ext:saline,1
7.5% Hypertonic Saline (HS),7.5% Hypertonic Saline (HS),ext:saline,1
Placebo transdermal patch (TDS),Placebo transdermal patch (TDS),ext:placebo,1
Placebo oxycodone/acetaminophen tablets,Placebo oxycodone/acetaminophen tablets,ext:placebo,1
Placebo: Olive oil,Placebo: Olive oil,ext:placebo,1
Hemoglobin-Based Oxygen Carrier-201 (HBOC-201),Hemoglobin-Based Oxygen Carrier-201 (HBOC-201),ext:oxygen,1
Placebo for VGX-410 (Mifepristone),Placebo for VGX-410 (Mifepristone),ext:placebo,1
rEV131 vehicle,rEV131 vehicle,ext:vehicle,1
Sodium Ferric Gluconate and Iron sucrose,Sodium Ferric Gluconate and Iron sucrose,ext:sucrose,1
Placebo lower volume,Placebo lower volume,ext:placebo,1
Placebo higher volume,Placebo higher volume,ext:placebo,1
Placebo tablets matching L-citrulline tablets,Placebo tablets matching L-citrulline tablets,ext:placebo,1
Placebo to bevacizumab,Placebo to bevacizumab,ext:placebo,1
"Hypertonic Saline, Mannitol","Hypertonic Saline, Mannitol",ext:saline,1
Levocetirizine placebo capsule,Levocetirizine placebo capsule,ext:placebo,1
Desloratadine placebo tablet,Desloratadine placebo tablet,ext:placebo,1
Placebo (Tetracycline),Placebo (Tetracycline),ext:placebo,1
isotonic saline infusion,isotonic saline infusion,ext:saline,1
Pazopanib vehicle,Pazopanib vehicle,ext:vehicle,1
AMG 706 placebo,AMG 706 placebo,ext:placebo,1
prasugrel placebo,prasugrel placebo,ext:placebo,1
clopidogrel placebo,clopidogrel placebo,ext:placebo,1
Placebo for Prasugrel,Placebo for Prasugrel,ext:placebo,1
Placebo for Clopidogrel,Placebo for Clopidogrel,ext:placebo,1
Placebo - 0.9% w/v sodium chloride solution,Placebo - 0.9% w/v sodium chloride solution,canonical:Sodium Chloride,1
Comparator; Placebo (unspecified),Comparator; Placebo (unspecified),ext:placebo,1
comparator: placebo to match sitagliptin 100 mg q.d./metformin ≥ 1500 mg/day,comparator: placebo to match sitagliptin 100 mg q.d./metformin ≥ 1500 mg/day,ext:placebo,1
Lamivudine/ Placebo 100mg daily,Lamivudine/ Placebo 100mg daily,ext:placebo,1
Placebo+Standard Care+dobutamine or milrinone,Placebo+Standard Care+dobutamine or milrinone,ext:placebo,1
Placebo of GB-0998,Placebo of GB-0998,ext:placebo,1
"paliperidone ER tablets, quetiapine tablets, placebo - all over encapsulated","paliperidone ER tablets, quetiapine tablets, placebo - all over encapsulated",ext:placebo,1
oligofructose-enriched inulin,oligofructose-enriched inulin,ext:fructose,1
Placebo of intravenous L-citrulline,Placebo of intravenous L-citrulline,ext:placebo,1
HyperHAES vs. RA-solution/NaCl,HyperHAES vs. RA-solution/NaCl,ext:nacl,1
Intravenous Methylprednisolone + Oral Methotrexate vs Intravenous Methylprednisolone + Placebo,Intravenous Methylprednisolone + Oral Methotrexate vs Intravenous Methylprednisolone + Placebo,ext:placebo,1
abbreviation of magnesium sulfate therapy (12 hours versus the traditional 24 hours after delivery),abbreviation of magnesium sulfate therapy (12 hours versus the traditional 24 hours after delivery),ext:magnesium sulfate,1
Placebo fructo-oligosaccharide,Placebo fructo-oligosaccharide,ext:placebo,1
Intrapartum Cefoxitin (2g) vs. placebo,Intrapartum Cefoxitin (2g) vs. placebo,ext:placebo,1
"Morphine, Placebo","Morphine, Placebo",ext:placebo,1
risedronate placebo,risedronate placebo,ext:placebo,1
Placebo (for idrabiotaparinux sodium),Placebo (for idrabiotaparinux sodium),ext:placebo,1
Placebo - Saline Drops,Placebo - Saline Drops,ext:placebo,1
Placebo proton pump inhibitor,Placebo proton pump inhibitor,ext:placebo,1
Placebo for bevacizumab 7.5 mg/kg,Placebo for bevacizumab 7.5 mg/kg,ext:placebo,1
Placebo for bevacizumab 5 mg/kg,Placebo for bevacizumab 5 mg/kg,ext:placebo,1
Xyrem Placebo,Xyrem Placebo,ext:placebo,1
Modafinil (Placebo),Modafinil (Placebo),ext:placebo,1
Placebo teriparatide,Placebo teriparatide,ext:placebo,1
2-Flourodeoxyglucose,2-Flourodeoxyglucose,ext:glucose,1
Placebo to match enoximone,Placebo to match enoximone,ext:placebo,1
placebo to aprepitant,placebo to aprepitant,ext:placebo,1
Isoniazid Placebo (PL),Isoniazid Placebo (PL),ext:placebo,1
Placebo and Paroxetine,Placebo and Paroxetine,ext:placebo,1
Placebo to Risedronate,Placebo to Risedronate,ext:placebo,1
Enoximone placebo,Enoximone placebo,ext:placebo,1
Thalidomide placebo,Thalidomide placebo,ext:placebo,1
Comparator: Placebo (Unspecified),Comparator: Placebo (Unspecified),ext:placebo,1
"Carboplatin, etoposide & placebo","Carboplatin, etoposide & placebo",ext:placebo,1
placebo + CBT,placebo + CBT,ext:placebo,1
B (Placebo + Dexamethasone),B (Placebo + Dexamethasone),ext:placebo,1
docosahexaenoic acid OR corn/soy oil placebo,docosahexaenoic acid OR corn/soy oil placebo,ext:placebo,1
Placebo control for Mycophenolate mofeteil (MMF),Placebo control for Mycophenolate mofeteil (MMF),ext:placebo,1
Placebo control for Daclizumab (DZB),Placebo control for Daclizumab (DZB),ext:placebo,1
Placebo monotherapy,Placebo monotherapy,ext:placebo,1
LAF237 placebo,LAF237 placebo,ext:placebo,1
[18F]SPA-RQ,[18F]SPA-RQ,radiotracer/imaging,1
111In-IDEC-159,111In-IDEC-159,radiotracer/imaging,1
Vildagliptin Placebo,Vildagliptin Placebo,ext:placebo,1
"Active VITATOPS Tablet (folic acid 2mg, B6 25mg , B12 500ug) or placebo","Active VITATOPS Tablet (folic acid 2mg, B6 25mg , B12 500ug) or placebo",ext:placebo,1
Enoxaparin Placebo,Enoxaparin Placebo,ext:placebo,1
2-deoxy-D-glucose (2DG),2-deoxy-D-glucose (2DG),ext:glucose,1
Nateglinide 60 mg + valsartan placebo,Nateglinide 60 mg + valsartan placebo,ext:placebo,1
Valsartan 160 mg + nateglinide placebo,Valsartan 160 mg + nateglinide placebo,ext:placebo,1
Valsartan placebo + nateglinide placebo,Valsartan placebo + nateglinide placebo,ext:placebo,1
"Folic acid, vitamin B6 and B12 or placebo","Folic acid, vitamin B6 and B12 or placebo",ext:placebo,1
Vildagliptin matching placebo,Vildagliptin matching placebo,ext:placebo,1
Glimepiride matching placebo,Glimepiride matching placebo,ext:placebo,1
Polyethylene Glycol Ointment [Placebo],Polyethylene Glycol Ointment [Placebo],ext:placebo,1
Doxorubicin/Placebo,Doxorubicin/Placebo,ext:placebo,1
Citalopram or Placebo,Citalopram or Placebo,ext:placebo,1
Inert placebo,Inert placebo,ext:placebo,1
Oral tablet (Midodrine placebo),Oral tablet (Midodrine placebo),ext:placebo,1
Intravenous Saline Infusion (Albumin placebo),Intravenous Saline Infusion (Albumin placebo),ext:placebo,1
Comparator: Placebo (Phase A)/Metformin (Phase B),Comparator: Placebo (Phase A)/Metformin (Phase B),ext:placebo,1
placebo to zoledronic acid,placebo to zoledronic acid,ext:placebo,1
Placebo to risedronate,Placebo to risedronate,ext:placebo,1
Zoledronate placebo,Zoledronate placebo,ext:placebo,1
Placebo/rhASB,Placebo/rhASB,ext:placebo,1
Placebo+ ADT,Placebo+ ADT,ext:placebo,1
Cyclophosphamide plus rituximab placebo (control group),Cyclophosphamide plus rituximab placebo (control group),ext:placebo,1
Placebo two times a day (BID)/three times a day (TID),Placebo two times a day (BID)/three times a day (TID),ext:placebo,1
Rituximab plus cyclophosphamide placebo (rituximab group),Rituximab plus cyclophosphamide placebo (rituximab group),ext:placebo,1
oral eflornithine placebo,oral eflornithine placebo,ext:placebo,1
oral bicalutamide placebo,oral bicalutamide placebo,ext:placebo,1
Placebo/Glipizide 5 mg,Placebo/Glipizide 5 mg,ext:placebo,1
Iloprost or placebo,Iloprost or placebo,ext:placebo,1
placebo bupropion,placebo bupropion,ext:placebo,1
Ramipril + Placebo,Ramipril + Placebo,ext:placebo,1
[18F] SPA-RQ,[18F] SPA-RQ,radiotracer/imaging,1
EPL diluent,EPL diluent,ext:diluent,1
18 FDG (Fludeoxyglucose 18F),18 FDG (Fludeoxyglucose 18F),radiotracer/imaging,1
Placebo 0.08 mL once daily,Placebo 0.08 mL once daily,ext:placebo,1
Placebo 0.04 mL twice daily,Placebo 0.04 mL twice daily,ext:placebo,1
Placebo 0.04 mL once daily,Placebo 0.04 mL once daily,ext:placebo,1
placebo aerosol by HFA,placebo aerosol by HFA,ext:placebo,1
Comparators: ibuprofen and placebo,Comparators: ibuprofen and placebo,ext:placebo,1
infliximab (IFX) placebo infusion; azathioprine (AZA) caps,infliximab (IFX) placebo infusion; azathioprine (AZA) caps,ext:placebo,1
Comparator: placebo / Duration of Treatment -1 year,Comparator: placebo / Duration of Treatment -1 year,ext:placebo,1
2 Placebo Patch,2 Placebo Patch,ext:placebo,1
"Placebo (PLA) + MTX, DB","Placebo (PLA) + MTX, DB",ext:placebo,1
Comparator: placebo / Duration of Treatment - 6 weeks,Comparator: placebo / Duration of Treatment - 6 weeks,ext:placebo,1
Phosphate-buffered saline,Phosphate-buffered saline,ext:saline,1
Lactose placebo pill,Lactose placebo pill,ext:placebo,1
Placebo testosterone,Placebo testosterone,ext:placebo,1
Placebo Actonel (risedronate),Placebo Actonel (risedronate),ext:placebo,1
abetimus sodium (LJP 394) and/or placebo solution,abetimus sodium (LJP 394) and/or placebo solution,ext:placebo,1
rituximab or placebo,rituximab or placebo,ext:placebo,1
"Comparator: diclofenac sodium, placebo","Comparator: diclofenac sodium, placebo",ext:placebo,1
"Comparator: valdecoxib, placebo","Comparator: valdecoxib, placebo",ext:placebo,1
"Comparator: oxycodone with acetaminophen, placebo","Comparator: oxycodone with acetaminophen, placebo",ext:placebo,1
"Comparator: placebo, losartan, hydrochlorothiazide","Comparator: placebo, losartan, hydrochlorothiazide",ext:placebo,1
Comparator: placebo / Duration of Treatment: 4 weeks,Comparator: placebo / Duration of Treatment: 4 weeks,ext:placebo,1
Alendronate placebo,Alendronate placebo,ext:placebo,1
Placebo to montelukast chewable tablets,Placebo to montelukast chewable tablets,ext:placebo,1
Placebo to budesonide inhaler,Placebo to budesonide inhaler,ext:placebo,1
Comparator: placebo / Duration of Treatment: 6 months,Comparator: placebo / Duration of Treatment: 6 months,ext:placebo,1
Risendronate placebo,Risendronate placebo,ext:placebo,1
Gemcitabine with Placebo,Gemcitabine with Placebo,ext:placebo,1
Polyphenon E and Placebo,Polyphenon E and Placebo,ext:placebo,1
standard gadolinium contrast,standard gadolinium contrast,ext:contrast,1
Megestrol Acetate Placebo 40 mg/day,Megestrol Acetate Placebo 40 mg/day,ext:placebo,1
Megestrol Acetate Placebo 20 mg/day,Megestrol Acetate Placebo 20 mg/day,ext:placebo,1
([18F]-DOPA),([18F]-DOPA),radiotracer/imaging,1
([18F]-6F-DA),([18F]-6F-DA),radiotracer/imaging,1
fructose,fructose,ext:fructose,1
Matched Placebo Tablet,Matched Placebo Tablet,ext:placebo,1
Placebo Tablet and Placebo Patch,Placebo Tablet and Placebo Patch,ext:placebo,1
Placebo Tablet and Nicotine Patch,Placebo Tablet and Nicotine Patch,ext:placebo,1
Naltrexone Tablet and Placebo Patch,Naltrexone Tablet and Placebo Patch,ext:placebo,1
Amitriptyline hydrochloride placebo,Amitriptyline hydrochloride placebo,ext:placebo,1
Blinded fenofibrate or placebo plus simvastatin,Blinded fenofibrate or placebo plus simvastatin,ext:placebo,1
None-placebo,None-placebo,ext:placebo,1
Nitrous oxide 20% & placebo,Nitrous oxide 20% & placebo,ext:placebo,1
Nitrous oxide 10% & placebo,Nitrous oxide 10% & placebo,ext:placebo,1
Nitrous oxide 30% & placebo,Nitrous oxide 30% & placebo,ext:placebo,1
Nitrous oxide 40% and placebo,Nitrous oxide 40% and placebo,ext:placebo,1
placebo + fluoxetine,placebo + fluoxetine,ext:placebo,1
Placebo Calcitriol,Placebo Calcitriol,ext:placebo,1
2-Fluoro-2-deoxyglucose,2-Fluoro-2-deoxyglucose,ext:glucose,1
Adefovir dipivoxil placebo,Adefovir dipivoxil placebo,ext:placebo,1
Penicillin or Placebo,Penicillin or Placebo,ext:placebo,1
18 FDG,18 FDG,radiotracer/imaging,1
placebo to AMG 719,placebo to AMG 719,ext:placebo,1
Placebo replacement for vitamin E,Placebo replacement for vitamin E,ext:placebo,1
Placebo replacement for Selenium,Placebo replacement for Selenium,ext:placebo,1
placebo + PEGinterferon alfa-2a,placebo + PEGinterferon alfa-2a,ext:placebo,1
Albuterol placebo,Albuterol placebo,ext:placebo,1
EDTA Placebo,EDTA Placebo,ext:placebo,1
abciximab; reteplase placebo; abciximab placebo; abciximab,abciximab; reteplase placebo; abciximab placebo; abciximab,ext:placebo,1
"abciximab placebo; reteplase placebo, abciximab, abciximab","abciximab placebo; reteplase placebo, abciximab, abciximab",ext:placebo,1
Abciximab; reteplase; abciximab placebo; abciximab,Abciximab; reteplase; abciximab placebo; abciximab,ext:placebo,1
Omeprazole sodium bicarbonate immediate release PWD/FS,Omeprazole sodium bicarbonate immediate release PWD/FS,ext:sodium bicarbonate,1
Placebo 0.04 mL,Placebo 0.04 mL,ext:placebo,1
Placebo 0.03 mL,Placebo 0.03 mL,ext:placebo,1
Placebo 0.02 mL,Placebo 0.02 mL,ext:placebo,1
Placebo 0.01 mL,Placebo 0.01 mL,ext:placebo,1
131I-TM-601,131I-TM-601,radiotracer/imaging,1
placebo + vinorelbine,placebo + vinorelbine,ext:placebo,1
placebo + paclitaxel/carboplatin,placebo + paclitaxel/carboplatin,ext:placebo,1
acetaminophen 650 mg qid and placebo qid PRN. The other arm was placebo qid and acetaminophen 650 mg qid PRN,acetaminophen 650 mg qid and placebo qid PRN. The other arm was placebo qid and acetaminophen 650 mg qid PRN,ext:placebo,1
l-glutamine placebo,l-glutamine placebo,ext:placebo,1
2-Fluorodeoxyglucose,2-Fluorodeoxyglucose,ext:glucose,1
Placebo + cognitive behavioral therapy,Placebo + cognitive behavioral therapy,ext:placebo,1
Haloperidol-Placebo,Haloperidol-Placebo,ext:placebo,1
Doxycycline (200mg/day) or Placebo,Doxycycline (200mg/day) or Placebo,ext:placebo,1
Tretinoin 0.1% cream or placebo,Tretinoin 0.1% cream or placebo,ext:placebo,1
Placebo skin patch and placebo tablets,Placebo skin patch and placebo tablets,ext:placebo,1
2-deoxy-2 [F-18] fluoro-2-d-glucose,2-deoxy-2 [F-18] fluoro-2-d-glucose,ext:glucose,1
PAL-40 Placebo,PAL-40 Placebo,ext:placebo,1
Vehicle gel (SH H 655 PBA),Vehicle gel (SH H 655 PBA),ext:vehicle,1
L-selenomethionine placebo,L-selenomethionine placebo,ext:placebo,1
Doxazosin placebo,Doxazosin placebo,ext:placebo,1
18F-Fluoro-L-dopa,18F-Fluoro-L-dopa,radiotracer/imaging,1
Placebo plus Treatment As Usual,Placebo plus Treatment As Usual,ext:placebo,1
Placebo transdermal,Placebo transdermal,ext:placebo,1
Rosiglitazone or placebo,Rosiglitazone or placebo,ext:placebo,1
PTH/placebo,PTH/placebo,ext:placebo,1
Risperidone and placebo comparator,Risperidone and placebo comparator,ext:placebo,1
mechlorethamine-MCH (nitrogen mustard),mechlorethamine-MCH (nitrogen mustard),ext:nitrogen,1
2% buffered hypertonic saline administration,2% buffered hypertonic saline administration,ext:saline,1
nebulized saline,nebulized saline,ext:saline,1
intravenous saline hydration,intravenous saline hydration,ext:saline,1
intravenous saline hydration + mannitol + furosemide,intravenous saline hydration + mannitol + furosemide,ext:saline,1
Placebo 0 mg,Placebo 0 mg,ext:placebo,1
Metformin / Placebo treatment for 4 months,Metformin / Placebo treatment for 4 months,ext:placebo,1
Zerit (Stavudine) Placebo,Zerit (Stavudine) Placebo,ext:placebo,1
Imatinib Placebo,Imatinib Placebo,ext:placebo,1
"CEE, progesterone, transdermal patch or the placebo","CEE, progesterone, transdermal patch or the placebo",ext:placebo,1
"CEE , progesterone, estradiol patch or placebo for each","CEE , progesterone, estradiol patch or placebo for each",ext:placebo,1
Dihydrotestosterone (0.7%) in hydroalcoholic gel,Dihydrotestosterone (0.7%) in hydroalcoholic gel,ext:alcohol,1
"Normal saline IV, salt tablets","Normal saline IV, salt tablets",ext:saline,1
Placebo and ginkgo extract,Placebo and ginkgo extract,ext:placebo,1
Placebo acyline,Placebo acyline,ext:placebo,1
Placebo Testosterone gel,Placebo Testosterone gel,ext:placebo,1
placebo (inert substance),placebo (inert substance),ext:placebo,1
7.2% NaCl in 6% hydroxyethyl starch solution,7.2% NaCl in 6% hydroxyethyl starch solution,ext:nacl,1
Administration of Hypertonic Solution 7.5% vs Mannitol 20%,Administration of Hypertonic Solution 7.5% vs Mannitol 20%,ext:mannitol,1
i.v. iron sucrose,i.v. iron sucrose,ext:sucrose,1
Placebo + Diet education,Placebo + Diet education,ext:placebo,1
7.5% NaCl in 6% dextran 70 solution,7.5% NaCl in 6% dextran 70 solution,ext:nacl,1
FDG = fluorodeoxyglucose,FDG = fluorodeoxyglucose,radiotracer/imaging,1
Treatment of psychiatric symptoms associated to alcoholism,Treatment of psychiatric symptoms associated to alcoholism,ext:alcohol,1
placebo/sugar pill,placebo/sugar pill,ext:placebo,1
Placebo for ezetimibe 10 mg/simvastatin 40 mg combination,Placebo for ezetimibe 10 mg/simvastatin 40 mg combination,ext:placebo,1
Placebo for simvastatin 40 mg,Placebo for simvastatin 40 mg,ext:placebo,1
rosiglitazone/placebo,rosiglitazone/placebo,ext:placebo,1
"Placebo 7.5 and Docetaxel, Doxorubicin, and Cyclophosphamide (TAC)","Placebo 7.5 and Docetaxel, Doxorubicin, and Cyclophosphamide (TAC)",ext:placebo,1
Placebo 15 and TAC,Placebo 15 and TAC,ext:placebo,1
"Placebo during first intervention period, then olanzapine during second intervention period","Placebo during first intervention period, then olanzapine during second intervention period",ext:placebo,1
Olanzapine during first intervention period and placebo during second intervention period,Olanzapine during first intervention period and placebo during second intervention period,ext:placebo,1
"lidocaine, bupivicaine and saline","lidocaine, bupivicaine and saline",ext:saline,1
Glatiramer acetate with placebo,Glatiramer acetate with placebo,ext:placebo,1
"Natrecor, a recombinant form of B-type Natriuretic Peptide, made by Scios, Inc. vs. placebo","Natrecor, a recombinant form of B-type Natriuretic Peptide, made by Scios, Inc. vs. placebo",ext:placebo,1
Cefotetan or Cefoxitin vs placebo,Cefotetan or Cefoxitin vs placebo,ext:placebo,1
Placebo plus clinical management,Placebo plus clinical management,ext:placebo,1
Placebo dutasteride,Placebo dutasteride,ext:placebo,1
levonorgestrel/EE 0.15/0.03 mg tablets and placebo,levonorgestrel/EE 0.15/0.03 mg tablets and placebo,ext:placebo,1
177Lu Radiolabeled Monoclonal Antibody HuJ591 (177Lu -J591),177Lu Radiolabeled Monoclonal Antibody HuJ591 (177Lu -J591),radiotracer/imaging,1
Matched transdermal placebo gel,Matched transdermal placebo gel,ext:placebo,1
rice wheat (placebo),rice wheat (placebo),ext:placebo,1
cellulose placebo vs. atorvastatin,cellulose placebo vs. atorvastatin,ext:placebo,1
Comparator: placebo / Duration of Treatment: 48 weeks,Comparator: placebo / Duration of Treatment: 48 weeks,ext:placebo,1
Salmeterol matching placebo,Salmeterol matching placebo,ext:placebo,1
Montelukast matching placebo,Montelukast matching placebo,ext:placebo,1
Placebo of Perindopril (P1),Placebo of Perindopril (P1),ext:placebo,1
Placebo of Indapamide (P2),Placebo of Indapamide (P2),ext:placebo,1
mifepristone matched placebo,mifepristone matched placebo,ext:placebo,1
Intravenous magnesium sulfate infusion,Intravenous magnesium sulfate infusion,ext:magnesium sulfate,1
E0671 placebo,E0671 placebo,ext:placebo,1
Venofer (intravenous iron sucrose),Venofer (intravenous iron sucrose),ext:sucrose,1
Placebo transdermal nicotine patch,Placebo transdermal nicotine patch,ext:placebo,1
Placebo to MK-0873,Placebo to MK-0873,ext:placebo,1
[123I]ß-CIT and SPECT imaging,[123I]ß-CIT and SPECT imaging,radiotracer/imaging,1
[123I]B-CIT SPECT imaging,[123I]B-CIT SPECT imaging,radiotracer/imaging,1
NaCl 0.9% i.v. or NaBic 1.4% i.v. or NaBic 1.4% i.v. + NaBic p.o. (Nephrotrans®),NaCl 0.9% i.v. or NaBic 1.4% i.v. or NaBic 1.4% i.v. + NaBic p.o. (Nephrotrans),canonical:NaCl 0.9%,1
Placebo of Isoniazid tablets 300mg,Placebo of Isoniazid tablets 300mg,ext:placebo,1
Sulfadoxine-pyrimethamine/placebo,Sulfadoxine-pyrimethamine/placebo,ext:placebo,1
[123I]ß CIT,[123I]ß CIT,radiotracer/imaging,1
sodium chloride (saline),sodium chloride (saline),canonical:Sodium Chloride,1
Contrast agent,Contrast agent,ext:contrast,1
Placebo Growth Hormone,Placebo Growth Hormone,ext:placebo,1
Hypertonic Saline-Dextran Solution,Hypertonic Saline-Dextran Solution,ext:saline,1
Duration of Treatment: 4 wk placebo run in then 6 wk active,Duration of Treatment: 4 wk placebo run in then 6 wk active,ext:placebo,1
Topical 17-beta estradiol in ethanol/propylene glycol (ETOH/PG),Topical 17-beta estradiol in ethanol/propylene glycol (ETOH/PG),ext:ethanol,1
Placebo three times a day (TID),Placebo three times a day (TID),ext:placebo,1
Botulinum toxin A injection or normal saline,Botulinum toxin A injection or normal saline,ext:saline,1
Pimecrolimus vehicle (Placebo) plus topical corticosteroid (TCS),Pimecrolimus vehicle (Placebo) plus topical corticosteroid (TCS),ext:placebo,1
placebo-lock,placebo-lock,ext:placebo,1
Placebo + Metformin,Placebo + Metformin,ext:placebo,1
[123I]ß CIT and SPECT imaging,[123I]ß CIT and SPECT imaging,radiotracer/imaging,1
Anti-IgE antibody omalizumab or placebo,Anti-IgE antibody omalizumab or placebo,ext:placebo,1
Placebo wafers,Placebo wafers,ext:placebo,1
mannitol + pulmozyme,mannitol + pulmozyme,ext:mannitol,1
Dry powder mannitol,Dry powder mannitol,ext:mannitol,1
Fluorine-19-Fluoroded Xyglucose,Fluorine-19-Fluoroded Xyglucose,ext:glucose,1
risedronate (including placebo),risedronate (including placebo),ext:placebo,1
Placebo-Repaglinide.,Placebo-Repaglinide.,ext:placebo,1
Placebo-Repaglinide,Placebo-Repaglinide,ext:placebo,1
Placebo-Metformin,Placebo-Metformin,ext:placebo,1
Placebo-Metformin.,Placebo-Metformin.,ext:placebo,1
Emtricitabine/Tenofovir disoproxil fumarate placebo,Emtricitabine/Tenofovir disoproxil fumarate placebo,ext:placebo,1
Abacavir/Lamivudine placebo,Abacavir/Lamivudine placebo,ext:placebo,1
IV Preoperative antibiotic or placebo,IV Preoperative antibiotic or placebo,ext:placebo,1
Colesevelam matching placebo,Colesevelam matching placebo,ext:placebo,1
placebo for sildenafil citrate,placebo for sildenafil citrate,ext:placebo,1
Telmisartan (Micardis®) vs. Placebo,Telmisartan (Micardis) vs. Placebo,ext:placebo,1
epinephrine plus placebo of dobutamine,epinephrine plus placebo of dobutamine,ext:placebo,1
Ondansetron followed by placebo,Ondansetron followed by placebo,ext:placebo,1
"Tazarotene 0.1% gel + placebo capsule, Oral minocycline (100 mg capsule) + vehicle gel, Tazarotene 0.1% gel + oral minocycline (100 mg capsule)","Tazarotene 0.1% gel + placebo capsule, Oral minocycline (100 mg capsule) + vehicle gel, Tazarotene 0.1% gel + oral minocycline (100 mg capsule)",ext:placebo,1
Naltrexone or Placebo,Naltrexone or Placebo,ext:placebo,1
Placebo - MR Prednisone,Placebo - MR Prednisone,ext:placebo,1
Placebo - IR Prednisone,Placebo - IR Prednisone,ext:placebo,1
Gliclazide MR-based glucose lowering,Gliclazide MR-based glucose lowering,ext:glucose,1
Placebo followed by Ondansetron,Placebo followed by Ondansetron,ext:placebo,1
"placebo, sugar pill","placebo, sugar pill",ext:placebo,1
"placebo, aspirine, clopidogrel","placebo, aspirine, clopidogrel",ext:placebo,1
Placebo and Premarin,Placebo and Premarin,ext:placebo,1
placebo/placebo,placebo/placebo,ext:placebo,1
pioglitazone/placebo,pioglitazone/placebo,ext:placebo,1
atorvastatin/placebo,atorvastatin/placebo,ext:placebo,1
Micardis placebo,Micardis placebo,ext:placebo,1
Aggrenox placebo,Aggrenox placebo,ext:placebo,1
rt-PA 0.9 mg/kg verum or placebo Intravenous,rt-PA 0.9 mg/kg verum or placebo Intravenous,ext:placebo,1
Pramipexole 0.125 mg tablets Placebo,Pramipexole 0.125 mg tablets Placebo,ext:placebo,1
Bexarotene/NBUVB vs placebo NBUVB,Bexarotene/NBUVB vs placebo NBUVB,ext:placebo,1
atorvastatin (or other tolerated statin + Niaspan/placebo),atorvastatin (or other tolerated statin + Niaspan/placebo),ext:placebo,1
Placebo - Double Blind,Placebo - Double Blind,ext:placebo,1
3 % hypertonic saline,3 % hypertonic saline,ext:saline,1
Dapsone Topical Gel + vehicle control,Dapsone Topical Gel + vehicle control,ext:vehicle,1
Placebo for Vitamin C and Vitamin E,Placebo for Vitamin C and Vitamin E,ext:placebo,1
Sterofundin® (Ringer lactate solution),Sterofundin (Ringer lactate solution),ext:ringer,1
Ipilimumab+ Placebo,Ipilimumab+ Placebo,ext:placebo,1
Placebo Omega-3 Ethyl Esters,Placebo Omega-3 Ethyl Esters,ext:placebo,1
Non-contingent reinforcement plus placebo,Non-contingent reinforcement plus placebo,ext:placebo,1
Contingent reinforcement plus placebo,Contingent reinforcement plus placebo,ext:placebo,1
17 alpha-hydroxy progesterone caproate and Placebo supplement,17 alpha-hydroxy progesterone caproate and Placebo supplement,ext:placebo,1
Placebo Application,Placebo Application,ext:placebo,1
Parecoxib and placebo,Parecoxib and placebo,ext:placebo,1
Injection of Hyaluronan or Saline,Injection of Hyaluronan or Saline,ext:saline,1
MTX placebo,MTX placebo,ext:placebo,1
MRA placebo,MRA placebo,ext:placebo,1
recombinant human erythropoietin placebo,recombinant human erythropoietin placebo,ext:placebo,1
ED-71 placebo,ED-71 placebo,ext:placebo,1
Alfacalcidol placebo,Alfacalcidol placebo,ext:placebo,1
Comparator: placebo / Duration of Treatment: 16 weeks,Comparator: placebo / Duration of Treatment: 16 weeks,ext:placebo,1
"Comparator: diclofenac, placebo","Comparator: diclofenac, placebo",ext:placebo,1
Comparator: placebo / Duration of Treatment: 24 weeks,Comparator: placebo / Duration of Treatment: 24 weeks,ext:placebo,1
Metronidazole gel versus placebo gel,Metronidazole gel versus placebo gel,ext:placebo,1
placebo tablets and questionaires,placebo tablets and questionaires,ext:placebo,1
3% Hypertonic saline,3% Hypertonic saline,ext:saline,1
Placebo for 12 weeks,Placebo for 12 weeks,ext:placebo,1
Placebo (Unspecified),Placebo (Unspecified),ext:placebo,1
budesonide and placebo,budesonide and placebo,ext:placebo,1
erlotinib/placebo,erlotinib/placebo,ext:placebo,1
ARYS-01 (sorivudine) cream 3% or placebo cream,ARYS-01 (sorivudine) cream 3% or placebo cream,ext:placebo,1
placebo then opana then darvocet,placebo then opana then darvocet,ext:placebo,1
opana then placebo then darvocet,opana then placebo then darvocet,ext:placebo,1
opana then darvocet then placebo,opana then darvocet then placebo,ext:placebo,1
Placebo then darvocet then opana,Placebo then darvocet then opana,ext:placebo,1
Darvocet then placebo then opana,Darvocet then placebo then opana,ext:placebo,1
Darvocet then opana then placebo,Darvocet then opana then placebo,ext:placebo,1
Comparator Placebo (unspecified),Comparator Placebo (unspecified),ext:placebo,1
Bimatoprost Vehicle Ophthalmic Solution,Bimatoprost Vehicle Ophthalmic Solution,ext:vehicle,1
Estradiol Transdermal System Placebo - Current Adhesive,Estradiol Transdermal System Placebo - Current Adhesive,ext:placebo,1
Estradiol Transdermal System Placebo - Alternate Adhesive,Estradiol Transdermal System Placebo - Alternate Adhesive,ext:placebo,1
Collagenase Santyl Vehicle,Collagenase Santyl Vehicle,ext:vehicle,1
Placebo MMF,Placebo MMF,ext:placebo,1
Placebo EC-MPA,Placebo EC-MPA,ext:placebo,1
alcohol-based hand gel,alcohol-based hand gel,ext:alcohol,1
Ondansetron plus placebo,Ondansetron plus placebo,ext:placebo,1
Nitrous oxide and placebo,Nitrous oxide and placebo,ext:placebo,1
Placebo moisturizing cream,Placebo moisturizing cream,ext:placebo,1
voglibose placebo,voglibose placebo,ext:placebo,1
BI 1356 placebo,BI 1356 placebo,ext:placebo,1
Normal saline - 1ml,Normal saline - 1ml,ext:saline,1
equal parts of 0.5% plain Marcaine and 2% lidocaine mixed with 0.8 mg Depo-medrol/4% absolute alcohol in a total injection volume of 1 ml,equal parts of 0.5% plain Marcaine and 2% lidocaine mixed with 0.8 mg Depo-medrol/4% absolute alcohol in a total injection volume of 1 ml,ext:alcohol,1
dextrose solution 5%,dextrose solution 5%,ext:dextrose,1
placebo + lapatinib + capecitabine,placebo + lapatinib + capecitabine,ext:placebo,1
SYN117 Placebo,SYN117 Placebo,ext:placebo,1
Mix of 50% oxygen and 50% nitrogen,Mix of 50% oxygen and 50% nitrogen,ext:nitrogen,1
50%Oxygen/50% Nitrogen premix,50%Oxygen/50% Nitrogen premix,ext:nitrogen,1
50% Oxygen/50% Nitrous oxide premix (KALINOX 170 bar),50% Oxygen/50% Nitrous oxide premix (KALINOX 170 bar),ext:oxygen,1
Placebo for warfarin,Placebo for warfarin,ext:placebo,1
sibutramine or placebo,sibutramine or placebo,ext:placebo,1
placebo tablet similar to active drug in shape and size,placebo tablet similar to active drug in shape and size,ext:placebo,1
Ketamine/Saline,Ketamine/Saline,ext:saline,1
[18F]-DOPA,[18F]-DOPA,radiotracer/imaging,1
Colistin and saline solution,Colistin and saline solution,ext:saline,1
Vehicle of Loteprednol Etabonate Ophthalmic Ointment,Vehicle of Loteprednol Etabonate Ophthalmic Ointment,ext:vehicle,1
Placebo for enoxaparin,Placebo for enoxaparin,ext:placebo,1
Placebo for apixaban,Placebo for apixaban,ext:placebo,1
D50 glucose,D50 glucose,ext:glucose,1
DP-VPA Placebo,DP-VPA Placebo,ext:placebo,1
Calcipotriol plus hydrocortisone ointment vehicle,Calcipotriol plus hydrocortisone ointment vehicle,ext:vehicle,1
Matching placebo patch,Matching placebo patch,ext:placebo,1
placebo + pioglitazone (30 mg),placebo + pioglitazone (30 mg),ext:placebo,1
helium:oxygen mixture,helium:oxygen mixture,ext:oxygen,1
Tenofovir DF placebo,Tenofovir DF placebo,ext:placebo,1
corticosteroid and placebo,corticosteroid and placebo,ext:placebo,1
50% Oxygen/50% Nitrous oxide premix (Kalinox 170 bar),50% Oxygen/50% Nitrous oxide premix (Kalinox 170 bar),ext:oxygen,1
50% Oxygen/50% Nitrogen premix,50% Oxygen/50% Nitrogen premix,ext:nitrogen,1
Placebo Budesonide,Placebo Budesonide,ext:placebo,1
solution contains 1 mg salbutamol plus 3% hypertonic saline,solution contains 1 mg salbutamol plus 3% hypertonic saline,ext:saline,1
solution contains 1 mg salbutamol plus 0.9% saline,solution contains 1 mg salbutamol plus 0.9% saline,ext:saline,1
131I-chTNT-1/B MAb (Cotara),131I-chTNT-1/B MAb (Cotara),radiotracer/imaging,1
Placebo Vitamin D,Placebo Vitamin D,ext:placebo,1
Placebo L-arginine,Placebo L-arginine,ext:placebo,1
Ezetimibe and placebo,Ezetimibe and placebo,ext:placebo,1
Traditional Chinese Medicine Placebo,Traditional Chinese Medicine Placebo,ext:placebo,1
Placebo of Hydrocortisone,Placebo of Hydrocortisone,ext:placebo,1
Placebo of Fludrocortisone,Placebo of Fludrocortisone,ext:placebo,1
Ramelteon or Placebo,Ramelteon or Placebo,ext:placebo,1
Placebo treatment (0.9% NaCl),Placebo treatment (0.9% NaCl),ext:placebo,1
2-weeks placebo then gabapentin,2-weeks placebo then gabapentin,ext:placebo,1
1-week placebo then gabapentin,1-week placebo then gabapentin,ext:placebo,1
Placebo with concomitant losartan or lisinopril,Placebo with concomitant losartan or lisinopril,ext:placebo,1
Placebo or Control,Placebo or Control,ext:placebo,1
placebo-P,placebo-P,ext:placebo,1
placebo-M,placebo-M,ext:placebo,1
Placebo iv infusion,Placebo iv infusion,ext:placebo,1
Room Air (placebo),Room Air (placebo),ext:placebo,1
Placebo and Lidocaine,Placebo and Lidocaine,ext:placebo,1
MN-221 placebo,MN-221 placebo,ext:placebo,1
vehicle placebo nasal spray,vehicle placebo nasal spray,ext:placebo,1
Ramipril or matching placebo,Ramipril or matching placebo,ext:placebo,1
placebo to levocetirizine,placebo to levocetirizine,ext:placebo,1
Probiotics and Placebo,Probiotics and Placebo,ext:placebo,1
olmesartan medoxomil + candesartan cilexetil placebo,olmesartan medoxomil + candesartan cilexetil placebo,ext:placebo,1
olmesartan medoxomil placebo + candesartan cilexetil,olmesartan medoxomil placebo + candesartan cilexetil,ext:placebo,1
0.9% Saline + Enoxaparin,0.9% Saline + Enoxaparin,ext:saline,1
Formoterol plus Placebo (Tiotropium),Formoterol plus Placebo (Tiotropium),ext:placebo,1
AN2690 Solution Vehicle,AN2690 Solution Vehicle,ext:vehicle,1
Placebo Device & Nasacort,Placebo Device & Nasacort,ext:placebo,1
fentanyl iontophoretic transdermal system (40mcg) No Placebo,fentanyl iontophoretic transdermal system (40mcg) No Placebo,ext:placebo,1
Thermosmart & placebo,Thermosmart & placebo,ext:placebo,1
Placebo for quetiapine XR,Placebo for quetiapine XR,ext:placebo,1
placebo ointment,placebo ointment,ext:placebo,1
fentanyl iontophoretic transdermal system (40mcg) No placebo,fentanyl iontophoretic transdermal system (40mcg) No placebo,ext:placebo,1
Cetrorelix 78 + Placebo,Cetrorelix 78 + Placebo,ext:placebo,1
Placebo for Pancrease MT 10.5 or MT 21,Placebo for Pancrease MT 10.5 or MT 21,ext:placebo,1
sodium ferric gluconate complex in sucrose,sodium ferric gluconate complex in sucrose,ext:sucrose,1
3 days of amoxcillin followed by 4 days of placebo,3 days of amoxcillin followed by 4 days of placebo,ext:placebo,1
Placebo for Fragmin/ Dalteparin Sodium,Placebo for Fragmin/ Dalteparin Sodium,ext:placebo,1
Placebo to Telcagepant,Placebo to Telcagepant,ext:placebo,1
Placebo to Acetaminophen/Paracetamol,Placebo to Acetaminophen/Paracetamol,ext:placebo,1
LEO 80185 vehicle,LEO 80185 vehicle,ext:vehicle,1
Carboplatin i.d. Day 1; Normal Saline i.d. Day 15,Carboplatin i.d. Day 1; Normal Saline i.d. Day 15,ext:saline,1
Placebo to salbutamol,Placebo to salbutamol,ext:placebo,1
Moli1901 placebo,Moli1901 placebo,ext:placebo,1
Normal saline:,Normal saline:,ext:saline,1
"Ramelteon, triazolam, and placebo (56 possible combinations total)","Ramelteon, triazolam, and placebo (56 possible combinations total)",ext:placebo,1
Ultrasound with intravenous microbubble contrast injection,Ultrasound with intravenous microbubble contrast injection,ext:contrast,1
Ramelteon and Placebo (9 possible combinations total),Ramelteon and Placebo (9 possible combinations total),ext:placebo,1
Placebo to Salmeterol/fluticasone,Placebo to Salmeterol/fluticasone,ext:placebo,1
cantharidin's vehicle,cantharidin's vehicle,ext:vehicle,1
placebo ibandronate+alfacalcidol+calcium,placebo ibandronate+alfacalcidol+calcium,ext:placebo,1
placebo pill + gel,placebo pill + gel,ext:placebo,1
Sodium chloride 5%,Sodium chloride 5%,canonical:Sodium Chloride,1
Placebo for Tesamorelin,Placebo for Tesamorelin,ext:placebo,1
[123I]AV94,[123I]AV94,radiotracer/imaging,1
Other: Placebo,Other: Placebo,ext:placebo,1
NatrOVA Creme Rinse Vehicle Only,NatrOVA Creme Rinse Vehicle Only,ext:vehicle,1
ACT-078573 oral capsules at 25 and 100 mg and matching placebo,ACT-078573 oral capsules at 25 and 100 mg and matching placebo,ext:placebo,1
ACT-078573 and matching placebo,ACT-078573 and matching placebo,ext:placebo,1
Vehicle placebo cream,Vehicle placebo cream,ext:placebo,1
Topiramate or Placebo,Topiramate or Placebo,ext:placebo,1
99mTc-glucarate solution,99mTc-glucarate solution,radiotracer/imaging,1
"Naltrexone, Baclofen, Placebo and Behavior Therapy","Naltrexone, Baclofen, Placebo and Behavior Therapy",ext:placebo,1
Placebo Injection 4 mcg/mL,Placebo Injection 4 mcg/mL,ext:placebo,1
Administration of recombinant FVIII/placebo in healthy male subjects treated with TB-402,Administration of recombinant FVIII/placebo in healthy male subjects treated with TB-402,ext:placebo,1
"Ethanol High Dose, Ethanol Low Dose, and Placebo","Ethanol High Dose, Ethanol Low Dose, and Placebo",ext:placebo,1
placebo and ketamine,placebo and ketamine,ext:placebo,1
"Testosterone (Testogel), GnRH analog (Leuprorelide) and Placebo","Testosterone (Testogel), GnRH analog (Leuprorelide) and Placebo",ext:placebo,1
HEC-based Placebo Gel,HEC-based Placebo Gel,ext:placebo,1
glucose dependent insulinotropic polypeptide,glucose dependent insulinotropic polypeptide,ext:glucose,1
[123I]CLINDE,[123I]CLINDE,radiotracer/imaging,1
Rizatriptan 5 mg Placebo,Rizatriptan 5 mg Placebo,ext:placebo,1
Brivanib Placebo,Brivanib Placebo,ext:placebo,1
Aspirin - 325 mg per day + Placebo,Aspirin - 325 mg per day + Placebo,ext:placebo,1
Acetaminophen - 4 grams per day + Placebo,Acetaminophen - 4 grams per day + Placebo,ext:placebo,1
"Juvista (avotermin) plus placebo, standard-care (within-subject controls)","Juvista (avotermin) plus placebo, standard-care (within-subject controls)",ext:placebo,1
Tenofovir gel placebo,Tenofovir gel placebo,ext:placebo,1
PTH (1-34) Gel / Placebo Gel,PTH (1-34) Gel / Placebo Gel,ext:placebo,1
Rizatriptan 10 mg Placebo,Rizatriptan 10 mg Placebo,ext:placebo,1
PF-03187207 Vehicle,PF-03187207 Vehicle,ext:vehicle,1
Generic homemade nasal saline spray (salt and water),Generic homemade nasal saline spray (salt and water),ext:saline,1
18FDG (an FDA-approved radiopharmaceutical),18FDG (an FDA-approved radiopharmaceutical),radiotracer/imaging,1
SSRI + placebo,SSRI + placebo,ext:placebo,1
Firstly : Placebo and secondly : Amoxicillin-Clavulanic acid,Firstly : Placebo and secondly : Amoxicillin-Clavulanic acid,ext:placebo,1
Firstly : Amoxicillin-Clavulanic acid and secondly : Placebo,Firstly : Amoxicillin-Clavulanic acid and secondly : Placebo,ext:placebo,1
Placebo - weeks 48 - 72,Placebo - weeks 48 - 72,ext:placebo,1
Placebo - weeks 24 - 48,Placebo - weeks 24 - 48,ext:placebo,1
Placebo - first 24 weeks,Placebo - first 24 weeks,ext:placebo,1
Oral placebo qualifying session,Oral placebo qualifying session,ext:placebo,1
Inhaled placebo + oral placebo,Inhaled placebo + oral placebo,ext:placebo,1
[11C]MePPEP,[11C]MePPEP,radiotracer/imaging,1
[18F]FMPEP-d2,[18F]FMPEP-d2,radiotracer/imaging,1
placebo solution (10% dextrose),placebo solution (10% dextrose),ext:placebo,1
Placebo SLIT,Placebo SLIT,ext:placebo,1
Erlotinib + Placebo,Erlotinib + Placebo,ext:placebo,1
"standard medical therapy plus oxygen that includes salbutamol, prednisolone and antibiotics as needed","standard medical therapy plus oxygen that includes salbutamol, prednisolone and antibiotics as needed",ext:oxygen,1
Non-preserved saline solution (Placebo),Non-preserved saline solution (Placebo),ext:placebo,1
Isotonic (0.9% NaCl/5% dextrose) IV maintenance fluids,Isotonic (0.9% NaCl/5% dextrose) IV maintenance fluids,ext:nacl,1
Placebo for Metformin,Placebo for Metformin,ext:placebo,1
Placebo for MK-0893,Placebo for MK-0893,ext:placebo,1
Hypotonic (0.45% NaCl/5% dextrose) IV maintenance fluids,Hypotonic (0.45% NaCl/5% dextrose) IV maintenance fluids,ext:nacl,1
18F-fallypride,18F-fallypride,radiotracer/imaging,1
2-deoxyglucose,2-deoxyglucose,ext:glucose,1
"Escitalopram, eszopiclone, and placebo","Escitalopram, eszopiclone, and placebo",ext:placebo,1
Turbuhaler® placebo,Turbuhaler placebo,ext:placebo,1
Niacin extended-release (NER) placebo,Niacin extended-release (NER) placebo,ext:placebo,1
Aspirin (ASA) placebo,Aspirin (ASA) placebo,ext:placebo,1
inhaled mannitol,inhaled mannitol,ext:mannitol,1
Placebo lanreotide,Placebo lanreotide,ext:placebo,1
placebo once weekly,placebo once weekly,ext:placebo,1
imexon placebo + gemcitabine,imexon placebo + gemcitabine,ext:placebo,1
Olanzapine plus placebo,Olanzapine plus placebo,ext:placebo,1
placebo ( group B),placebo ( group B),ext:placebo,1
Abciximab placebo,Abciximab placebo,ext:placebo,1
placebo plus Prevacid,placebo plus Prevacid,ext:placebo,1
clopidogrel plus placebo,clopidogrel plus placebo,ext:placebo,1
Contrast Enhanced-Transrectal Ultrasound,Contrast Enhanced-Transrectal Ultrasound,ext:contrast,1
hypertonic saline (7 %) and isotonic saline (0.9%),hypertonic saline (7 %) and isotonic saline (0.9%),ext:saline,1
Placebo D-Cycloserine PO and placebo Glycine IV,Placebo D-Cycloserine PO and placebo Glycine IV,ext:placebo,1
Placebo D-Cycloserine PO and Glycine IV,Placebo D-Cycloserine PO and Glycine IV,ext:placebo,1
D-Cycloserine PO and placebo Glycine IV,D-Cycloserine PO and placebo Glycine IV,ext:placebo,1
Placebo/Valdecoxib,Placebo/Valdecoxib,ext:placebo,1
HFA placebo,HFA placebo,ext:placebo,1
Placebo to MK-3281,Placebo to MK-3281,ext:placebo,1
Placebo control substance,Placebo control substance,ext:placebo,1
saline drops,saline drops,ext:saline,1
Placebo identical to Glimepiride 1mg or 2mg or 3mg or 4 mg,Placebo identical to Glimepiride 1mg or 2mg or 3mg or 4 mg,ext:placebo,1
Placebo identical to BI 1356 5mg,Placebo identical to BI 1356 5mg,ext:placebo,1
5% Dextrose Solution,5% Dextrose Solution,ext:dextrose,1
Nebulized 0.9% saline,Nebulized 0.9% saline,ext:saline,1
Placebo+Tai Chi (TC),Placebo+Tai Chi (TC),ext:placebo,1
aspirin placebo (ASA Pbo),aspirin placebo (ASA Pbo),ext:placebo,1
Omnipaque 240 Contrast Solution,Omnipaque 240 Contrast Solution,ext:contrast,1
Nitric Oxide plus Oxygen,Nitric Oxide plus Oxygen,ext:oxygen,1
Cream vehicle for ASF 1096 cream applied twice daily,Cream vehicle for ASF 1096 cream applied twice daily,ext:vehicle,1
Blinded (placebo),Blinded (placebo),ext:placebo,1
Aclidinium bromide and formoterol placebo,Aclidinium bromide and formoterol placebo,ext:placebo,1
"SK3530 100mg, Placebo, Amlodipine","SK3530 100mg, Placebo, Amlodipine",ext:placebo,1
lisinopril + placebo,lisinopril + placebo,ext:placebo,1
placebo then nabilone,placebo then nabilone,ext:placebo,1
nabilone then placebo,nabilone then placebo,ext:placebo,1
Placebo/Lactose,Placebo/Lactose,ext:placebo,1
droperidol and saline,droperidol and saline,ext:saline,1
ondansetron and saline,ondansetron and saline,ext:saline,1
recombinant human activated protein C and placebos,recombinant human activated protein C and placebos,ext:placebo,1
hydrocortisone and fludrocortisone and placebo,hydrocortisone and fludrocortisone and placebo,ext:placebo,1
ASF 1096 placebo cream,ASF 1096 placebo cream,ext:placebo,1
saline and saline,saline and saline,ext:saline,1
Placebo to ustekinumab 45 mg - after CP,Placebo to ustekinumab 45 mg - after CP,ext:placebo,1
Placebo - Controlled Period (CP),Placebo - Controlled Period (CP),ext:placebo,1
Placebo 4-weeks,Placebo 4-weeks,ext:placebo,1
Placebo 2-weeks,Placebo 2-weeks,ext:placebo,1
TM30339 and/or placebo,TM30339 and/or placebo,ext:placebo,1
Placebo : one dosage,Placebo : one dosage,ext:placebo,1
Placebo for Etoricoxib 60 mg,Placebo for Etoricoxib 60 mg,ext:placebo,1
Placebo Over-Encapsulated Tablets,Placebo Over-Encapsulated Tablets,ext:placebo,1
budesonide placebo,budesonide placebo,ext:placebo,1
Placebo to F12M/MFF,Placebo to F12M/MFF,ext:placebo,1
Placebo to F12D,Placebo to F12D,ext:placebo,1
Placebo and Escitalopram,Placebo and Escitalopram,ext:placebo,1
Rimonabant and Paracetamol and placebo,Rimonabant and Paracetamol and placebo,ext:placebo,1
Cetearyl alcohol lotion,Cetearyl alcohol lotion,ext:alcohol,1
fenofibrate tablets and Welchol placebo tablets,fenofibrate tablets and Welchol placebo tablets,ext:placebo,1
simvastatin tablets and colesevelam HCl placebo,simvastatin tablets and colesevelam HCl placebo,ext:placebo,1
5% Dextrose (Placebo),5% Dextrose (Placebo),ext:placebo,1
"Placebo to Match ZD6474, Vandetanib","Placebo to Match ZD6474, Vandetanib",ext:placebo,1
Placebo matching ZD6474,Placebo matching ZD6474,ext:placebo,1
Arm #1 :Oral solution and buccal gel of gentamicin and polymyxin E. Arm #2: Placebo.,Arm #1 :Oral solution and buccal gel of gentamicin and polymyxin E. Arm #2: Placebo.,ext:placebo,1
rizatriptan or placebo,rizatriptan or placebo,ext:placebo,1
OT-730 placebo,OT-730 placebo,ext:placebo,1
Glucose infusion,Glucose infusion,ext:glucose,1
vehicle of testosterone ophthalmic solution,vehicle of testosterone ophthalmic solution,ext:vehicle,1
Placebo (matching taspoglutide),Placebo (matching taspoglutide),ext:placebo,1
Placebo (matching sitagliptin),Placebo (matching sitagliptin),ext:placebo,1
intranasal saline solution plus glycerol,intranasal saline solution plus glycerol,ext:saline,1
Placebo: Normal Saline,Placebo: Normal Saline,ext:placebo,1
colesevelam HCl placebo tablets and atorvastatin tablets,colesevelam HCl placebo tablets and atorvastatin tablets,ext:placebo,1
"Sagopilone 16 mg/m^2 i.v. and placebo 1000 mg tid, HRPC only: Prednisone or Prednisolone 5 mg bid","Sagopilone 16 mg/m^2 i.v. and placebo 1000 mg tid, HRPC only: Prednisone or Prednisolone 5 mg bid",ext:placebo,1
"normal saline,2 ml., intraarticular weekly for 5 weeks","normal saline,2 ml., intraarticular weekly for 5 weeks",ext:saline,1
Placebo to match ZD6474 (Vandetanib at the dose of 300 mg),Placebo to match ZD6474 (Vandetanib at the dose of 300 mg),ext:placebo,1
Placebo to match ZD6474 (Vandetanib at the dose of 100 mg),Placebo to match ZD6474 (Vandetanib at the dose of 100 mg),ext:placebo,1
placebo + oral baclofen,placebo + oral baclofen,ext:placebo,1
oral baclofen + placebo,oral baclofen + placebo,ext:placebo,1
Acyclovir in ME-609 vehicle (5% acyclovir),Acyclovir in ME-609 vehicle (5% acyclovir),ext:vehicle,1
placebo medication + placebo alcohol,placebo medication + placebo alcohol,ext:placebo,1
placebo medication + ethanol,placebo medication + ethanol,ext:placebo,1
dutasteride + placebo alcohol,dutasteride + placebo alcohol,ext:placebo,1
dutasteride + ethanol,dutasteride + ethanol,ext:ethanol,1
11C-ORM-13070,11C-ORM-13070,radiotracer/imaging,1
Placebo (Double-Blind),Placebo (Double-Blind),ext:placebo,1
% 0.9 Saline solution,% 0.9 Saline solution,ext:saline,1
OM-85 BV (placebo),OM-85 BV (placebo),ext:placebo,1
OM-85 BV (Broncho-Vaxom),OM-85 BV (Broncho-Vaxom),canonical:Broncho-Vaxom,1
Placebo (200 mg/day),Placebo (200 mg/day),ext:placebo,1
Placebo plus olanzapine,Placebo plus olanzapine,ext:placebo,1
0.45%NaCl,0.45%NaCl,ext:nacl,1
SB480848 Placebo Tablet,SB480848 Placebo Tablet,ext:placebo,1
Galantamine placebo,Galantamine placebo,ext:placebo,1
Placebo naltrexone,Placebo naltrexone,ext:placebo,1
Placebo with Metformin and/or TZD,Placebo with Metformin and/or TZD,ext:placebo,1
placebo pill and recombinant human activated protein C IV,placebo pill and recombinant human activated protein C IV,ext:placebo,1
placebo pill and placebo IV,placebo pill and placebo IV,ext:placebo,1
vehicle/placebo,vehicle/placebo,ext:placebo,1
ezetimibe/simvastatin 10/20 mg + placebo,ezetimibe/simvastatin 10/20 mg + placebo,ext:placebo,1
Placebo to match AZD6140,Placebo to match AZD6140,ext:placebo,1
"Aprepitant, Dexamethasone, Placebo","Aprepitant, Dexamethasone, Placebo",ext:placebo,1
Placebo plus open label Nicotine Replacement,Placebo plus open label Nicotine Replacement,ext:placebo,1
placebo for PD 0299685,placebo for PD 0299685,ext:placebo,1
Lovastatin pill and placebo IV,Lovastatin pill and placebo IV,ext:placebo,1
Placebo: NaCl 0.9% or Glucose 5%,Placebo: NaCl 0.9% or Glucose 5%,canonical:NaCl 0.9%,1
Sterile becaplermin gel vs. sterile placebo gel treatment 1,Sterile becaplermin gel vs. sterile placebo gel treatment 1,ext:placebo,1
placebo with vitamin E,placebo with vitamin E,ext:placebo,1
placebo and lactulose,placebo and lactulose,ext:placebo,1
Linagliptin Placebo,Linagliptin Placebo,ext:placebo,1
pravastatin tablets and Welchol placebo tablets,pravastatin tablets and Welchol placebo tablets,ext:placebo,1
FluGlucoScan Injection (18F-FDB) PET scan,FluGlucoScan Injection (18F-FDB) PET scan,radiotracer/imaging,1
18F-FAZA PET scan,18F-FAZA PET scan,radiotracer/imaging,1
Black Raspberry (BRB) Placebo Slurry,Black Raspberry (BRB) Placebo Slurry,ext:placebo,1
Comparator: placebo comparator,Comparator: placebo comparator,ext:placebo,1
Ustekinumab IV - Responder - Placebo SC (MP),Ustekinumab IV - Responder - Placebo SC (MP),ext:placebo,1
Ustekinumab IV - Nonresponder - Placebo SC (MP),Ustekinumab IV - Nonresponder - Placebo SC (MP),ext:placebo,1
Placebo IV - Responder - Placebo SC (MP),Placebo IV - Responder - Placebo SC (MP),ext:placebo,1
Placebo IV - Nonresponder - Ustekinumab 270/90 mg SC (MP),Placebo IV - Nonresponder - Ustekinumab 270/90 mg SC (MP),ext:placebo,1
Placebo (IP),Placebo (IP),ext:placebo,1
Comparator: Placebo to tolterodine tartrate,Comparator: Placebo to tolterodine tartrate,ext:placebo,1
KADIAN Capsule + alcohol (under fed conditions),KADIAN Capsule + alcohol (under fed conditions),ext:alcohol,1
KADIAN Capsule + alcohol (under fasting conditions),KADIAN Capsule + alcohol (under fasting conditions),ext:alcohol,1
Propranolol then Placebo,Propranolol then Placebo,ext:placebo,1
Placebo then Propranolol,Placebo then Propranolol,ext:placebo,1
Placebo then Pioglitazone,Placebo then Pioglitazone,ext:placebo,1
Pioglitazone then Placebo,Pioglitazone then Placebo,ext:placebo,1
Comparator: placebo to MK0822,Comparator: placebo to MK0822,ext:placebo,1
VA111913 TS / placebo,VA111913 TS / placebo,ext:placebo,1
Placebo (air),Placebo (air),ext:placebo,1
6-[18F]Fluorodopa,6-[18F]Fluorodopa,radiotracer/imaging,1
Comparator: Placebo 5mg (run in),Comparator: Placebo 5mg (run in),ext:placebo,1
Comparator: Placebo 5-10 mg,Comparator: Placebo 5-10 mg,ext:placebo,1
dextrose 10% (D10W ®) infusion,dextrose 10% (D10W ) infusion,ext:dextrose,1
placebo to vorinostat,placebo to vorinostat,ext:placebo,1
Omeprazole + placebo antibiotics,Omeprazole + placebo antibiotics,ext:placebo,1
abatacept placebo,abatacept placebo,ext:placebo,1
Matching Placebo for Cohort 2,Matching Placebo for Cohort 2,ext:placebo,1
Matching Placebo for Cohort 1,Matching Placebo for Cohort 1,ext:placebo,1
azathioprine placebo,azathioprine placebo,ext:placebo,1
placebo device and Citalopram,placebo device and Citalopram,ext:placebo,1
Placebo Tape (Arm 3),Placebo Tape (Arm 3),ext:placebo,1
Placebo Tape (Arm 1),Placebo Tape (Arm 1),ext:placebo,1
Placebo Twice Weekly,Placebo Twice Weekly,ext:placebo,1
Placebo Once Weekly,Placebo Once Weekly,ext:placebo,1
Moderate lipid lowering plus placebo,Moderate lipid lowering plus placebo,ext:placebo,1
Intensive lipid lowering plus placebo,Intensive lipid lowering plus placebo,ext:placebo,1
Low pressure hyperbaric oxygen therapy,Low pressure hyperbaric oxygen therapy,ext:oxygen,1
"Pregabalin, then placebo","Pregabalin, then placebo",ext:placebo,1
"Placebo, then pregabalin","Placebo, then pregabalin",ext:placebo,1
placebo for chromium piccolinate,placebo for chromium piccolinate,ext:placebo,1
Comparator: Placebo comparator,Comparator: Placebo comparator,ext:placebo,1
placebo infusion of normal saline,placebo infusion of normal saline,ext:placebo,1
PGL4001 matching placebo and iron,PGL4001 matching placebo and iron,ext:placebo,1
Placebo (maltodextran),Placebo (maltodextran),ext:placebo,1
PD solution containing glucose and L-carnitine,PD solution containing glucose and L-carnitine,ext:glucose,1
PD solution containing glucose,PD solution containing glucose,ext:glucose,1
0.9% sodium chloride (NaCl),0.9% sodium chloride (NaCl),canonical:Sodium Chloride,1
Agitated Saline,Agitated Saline,ext:saline,1
Placebo for TRIA-662,Placebo for TRIA-662,ext:placebo,1
Placebo + insulin,Placebo + insulin,ext:placebo,1
AZD9668 Placebo equivalent,AZD9668 Placebo equivalent,ext:placebo,1
Glucose 20%,Glucose 20%,ext:glucose,1
drops intilation (Placebo),drops intilation (Placebo),ext:placebo,1
"red wine, beer, ethanol","red wine, beer, ethanol",ext:ethanol,1
"de-alcoholised red wine, de-alcoholised beer, water","de-alcoholised red wine, de-alcoholised beer, water",ext:alcohol,1
Topical Placebo Cream,Topical Placebo Cream,ext:placebo,1
Exemestane + Placebo,Exemestane + Placebo,ext:placebo,1
Placebo in combination with ranibizumab,Placebo in combination with ranibizumab,ext:placebo,1
Placebo (for nortriptyline),Placebo (for nortriptyline),ext:placebo,1
Calcitriol Vehicle,Calcitriol Vehicle,ext:vehicle,1
AN2728 Cream Vehicle,AN2728 Cream Vehicle,ext:vehicle,1
Oxygen (>90% by hood) - standard therapy,Oxygen (>90% by hood) - standard therapy,ext:oxygen,1
Placebo comparator matching INCB013739,Placebo comparator matching INCB013739,ext:placebo,1
Risperidone-matched placebo,Risperidone-matched placebo,ext:placebo,1
Mifepristone-matched placebo,Mifepristone-matched placebo,ext:placebo,1
Vehicle of Ophthalmic Loteprednol Etabonate,Vehicle of Ophthalmic Loteprednol Etabonate,ext:vehicle,1
placebo vaginal ring,placebo vaginal ring,ext:placebo,1
Placebo and Ketamine,Placebo and Ketamine,ext:placebo,1
GSK1755165; placebo; zopiclone,GSK1755165; placebo; zopiclone,ext:placebo,1
enoxaparin placebo,enoxaparin placebo,ext:placebo,1
placebo+placebo,placebo+placebo,ext:placebo,1
COL-118 facial gel vehicle,COL-118 facial gel vehicle,ext:vehicle,1
Depot Lupron followed by estrogen plus placebo,Depot Lupron followed by estrogen plus placebo,ext:placebo,1
Ondansetron and Placebo crossover,Ondansetron and Placebo crossover,ext:placebo,1
([18F]-ML-10),([18F]-ML-10),radiotracer/imaging,1
Inhalation of salbutamol diluted in hypertonic saline,Inhalation of salbutamol diluted in hypertonic saline,ext:saline,1
Placebo RecFSH / follitropin beta,Placebo RecFSH / follitropin beta,ext:placebo,1
Placebo Corifollitropin alfa,Placebo Corifollitropin alfa,ext:placebo,1
placebo + atazanavir,placebo + atazanavir,ext:placebo,1
atazanavir + placebo,atazanavir + placebo,ext:placebo,1
Inhalation of salbutamol diluted in normal saline,Inhalation of salbutamol diluted in normal saline,ext:saline,1
Oral Salmon Calcitonin (Placebo),Oral Salmon Calcitonin (Placebo),ext:placebo,1
Tenofovir placebo,Tenofovir placebo,ext:placebo,1
Vehicle of Zylet,Vehicle of Zylet,ext:vehicle,1
Morphine plus Saline (placebo),Morphine plus Saline (placebo),ext:placebo,1
Placebo 50 or 100 mg,Placebo 50 or 100 mg,ext:placebo,1
telcagepant potassium placebo,telcagepant potassium placebo,ext:placebo,1
sumatriptan placebo,sumatriptan placebo,ext:placebo,1
placebo (folic acid),placebo (folic acid),ext:placebo,1
isotonic saline solution,isotonic saline solution,ext:saline,1
Furosemide and matched saline hydration,Furosemide and matched saline hydration,ext:saline,1
placebo-recFSH (follitropin beta),placebo-recFSH (follitropin beta),ext:placebo,1
Propranolol matching placebo,Propranolol matching placebo,ext:placebo,1
Placebo for MK-6312 160 mg,Placebo for MK-6312 160 mg,ext:placebo,1
Placebo for Atorvastatin 20 mg,Placebo for Atorvastatin 20 mg,ext:placebo,1
Placebo Niaspan,Placebo Niaspan,ext:placebo,1
radioligand [11C] AZ12713580,radioligand [11C] AZ12713580,radiotracer/imaging,1
Placebo and pravastatin 40 mg,Placebo and pravastatin 40 mg,ext:placebo,1
Placebo and simvastatin 40 mg,Placebo and simvastatin 40 mg,ext:placebo,1
Placebo to match moxifloxacin and dapagliflozin,Placebo to match moxifloxacin and dapagliflozin,ext:placebo,1
Vehicle Gel associated with Doxycycline Hyclate,Vehicle Gel associated with Doxycycline Hyclate,ext:vehicle,1
placebo + NonCR,placebo + NonCR,ext:placebo,1
Prolotherapy (10% dextrose solution),Prolotherapy (10% dextrose solution),ext:dextrose,1
vehicle sterile solution,vehicle sterile solution,ext:vehicle,1
Placebo + citalopram,Placebo + citalopram,ext:placebo,1
placebo and tramadol,placebo and tramadol,ext:placebo,1
sucrose 24% oral solution,sucrose 24% oral solution,ext:sucrose,1
Depo Lupron/placebo,Depo Lupron/placebo,ext:placebo,1
Placebo (for semuloparin),Placebo (for semuloparin),ext:placebo,1
HES 130/0.4 (6%) in sodium chloride (solution for infusion),HES 130/0.4 (6%) in sodium chloride (solution for infusion),canonical:Sodium Chloride,1
Supplemental oxygen therapy,Supplemental oxygen therapy,ext:oxygen,1
"Cilostazol, Ginkgo biloba and placebo","Cilostazol, Ginkgo biloba and placebo",ext:placebo,1
Placebo and atorvastatin 20 mg,Placebo and atorvastatin 20 mg,ext:placebo,1
Placebo Sodium,Placebo Sodium,ext:placebo,1
"Placebo cream, no Omega 3 fatty acid","Placebo cream, no Omega 3 fatty acid",ext:placebo,1
Placebo followed by Omega Pure,Placebo followed by Omega Pure,ext:placebo,1
Omega Pure followed by placebo,Omega Pure followed by placebo,ext:placebo,1
LEO 80190 Vehicle,LEO 80190 Vehicle,ext:vehicle,1
Vitamin E placebo,Vitamin E placebo,ext:placebo,1
Placebo B (After CP),Placebo B (After CP),ext:placebo,1
Placebo A (After CP),Placebo A (After CP),ext:placebo,1
Placebo (CP),Placebo (CP),ext:placebo,1
YFV-17D Placebo,YFV-17D Placebo,ext:placebo,1
SAB placebo,SAB placebo,ext:placebo,1
Oxygen + Carbondioxide,Oxygen + Carbondioxide,ext:oxygen,1
Placebo + distributed treatment,Placebo + distributed treatment,ext:placebo,1
Neuroaid matched Placebo,Neuroaid matched Placebo,ext:placebo,1
18F-Fluorothymidine PET scan,18F-Fluorothymidine PET scan,radiotracer/imaging,1
Sitagliptin-placebo,Sitagliptin-placebo,ext:placebo,1
Prednisolone-placebo,Prednisolone-placebo,ext:placebo,1
Active ingredient free vehicle cream of CRx-197,Active ingredient free vehicle cream of CRx-197,ext:vehicle,1
Comparator: matching placebo,Comparator: matching placebo,ext:placebo,1
b:placebo,b:placebo,ext:placebo,1
Standard CPR Protocol with Epinephrine and two Placebos,Standard CPR Protocol with Epinephrine and two Placebos,ext:placebo,1
dry powder inhaled mannitol,dry powder inhaled mannitol,ext:mannitol,1
Vehicle Infusion (V),Vehicle Infusion (V),ext:vehicle,1
lactulose placebo pill,lactulose placebo pill,ext:placebo,1
Placebo- matched,Placebo- matched,ext:placebo,1
placebo for the first and mosapride for the second month,placebo for the first and mosapride for the second month,ext:placebo,1
mosapride for the first month and placebo for the 2nd month,mosapride for the first month and placebo for the 2nd month,ext:placebo,1
Pseudo-placebo - buprenorphine,Pseudo-placebo - buprenorphine,ext:placebo,1
ARC 1779 Placebo,ARC 1779 Placebo,ext:placebo,1
Placebo juice,Placebo juice,ext:placebo,1
Vitamin D3 placebo,Vitamin D3 placebo,ext:placebo,1
Glucose 33%,Glucose 33%,ext:glucose,1
Zonisamide SR placebo/ bupropion SR placebo,Zonisamide SR placebo/ bupropion SR placebo,ext:placebo,1
Zonisamide SR placebo/ bupropion SR 360 mg/day,Zonisamide SR placebo/ bupropion SR 360 mg/day,ext:placebo,1
Zonisamide SR 360 mg/day/ bupropion SR placebo,Zonisamide SR 360 mg/day/ bupropion SR placebo,ext:placebo,1
Placebo three times daily (TID),Placebo three times daily (TID),ext:placebo,1
Zonisamide SR 120 mg/day/ bupropion SR placebo,Zonisamide SR 120 mg/day/ bupropion SR placebo,ext:placebo,1
efalizumab plus placebo,efalizumab plus placebo,ext:placebo,1
Placebo to formoterol fumarate,Placebo to formoterol fumarate,ext:placebo,1
BMS-767778 or Placebo,BMS-767778 or Placebo,ext:placebo,1
Boceprevir placebo,Boceprevir placebo,ext:placebo,1
RAL placebo,RAL placebo,ext:placebo,1
EVG placebo,EVG placebo,ext:placebo,1
Placebo of TA-7284,Placebo of TA-7284,ext:placebo,1
nalbuphine plus placebo,nalbuphine plus placebo,ext:placebo,1
Placebo (linagliptin),Placebo (linagliptin),ext:placebo,1
AMG 479 Placebo,AMG 479 Placebo,ext:placebo,1
Sterile Potassium Chloride Concentrate,Sterile Potassium Chloride Concentrate,ext:potassium chloride,1
Xenaderm Vehicle,Xenaderm Vehicle,ext:vehicle,1
ZD4054 Placebo,ZD4054 Placebo,ext:placebo,1
Placebo of Grape Seed Extract,Placebo of Grape Seed Extract,ext:placebo,1
Sequence 2 Placebo then XR-MAS,Sequence 2 Placebo then XR-MAS,ext:placebo,1
Sequence 1: XR-MAS then placebo,Sequence 1: XR-MAS then placebo,ext:placebo,1
"Placebo, then varenicline","Placebo, then varenicline",ext:placebo,1
"Varenicline, then placebo","Varenicline, then placebo",ext:placebo,1
Placebo Colesevelam,Placebo Colesevelam,ext:placebo,1
15O-water,15O-water,radiotracer/imaging,1
Placebo Formula 515,Placebo Formula 515,ext:placebo,1
Linaclotide Acetate,Linaclotide Acetate,ext:nacl,1
Casopitant 50 mg matching placebo,Casopitant 50 mg matching placebo,ext:placebo,1
Casopitant 150 mg matching placebo,Casopitant 150 mg matching placebo,ext:placebo,1
Placebo to prednisone,Placebo to prednisone,ext:placebo,1
Ethanol 98% Solution,Ethanol 98% Solution,ext:ethanol,1
Ethanol 96% Gel,Ethanol 96% Gel,ext:ethanol,1
naloxone versus placebo,naloxone versus placebo,ext:placebo,1
intravenous injection of normal saline or naloxone,intravenous injection of normal saline or naloxone,ext:saline,1
0.9% saline in 5% dextrose (intravenous),0.9% saline in 5% dextrose (intravenous),ext:saline,1
0.45% saline in 5% dextrose (intravenous),0.45% saline in 5% dextrose (intravenous),ext:saline,1
Placebo to match GSK933776,Placebo to match GSK933776,ext:placebo,1
Placebo to pomalidomide,Placebo to pomalidomide,ext:placebo,1
AMG 386 placebo IV,AMG 386 placebo IV,ext:placebo,1
Misoprostol and placebo,Misoprostol and placebo,ext:placebo,1
"GSK598809, using [11C]-(+)-PHNO","GSK598809, using [11C]-(+)-PHNO",radiotracer/imaging,1
"pegvisomant/placebo loading dose 80mg sc, thereafter 20mg daily for 2 weeks","pegvisomant/placebo loading dose 80mg sc, thereafter 20mg daily for 2 weeks",ext:placebo,1
Placebo (fluoxetine plus placebo),Placebo (fluoxetine plus placebo),ext:placebo,1
Placebo to Formoterol,Placebo to Formoterol,ext:placebo,1
Placebo + Lorazepam 3 mg IV,Placebo + Lorazepam 3 mg IV,ext:placebo,1
preservative free saline,preservative free saline,ext:saline,1
acyanotic placebo,acyanotic placebo,ext:placebo,1
Oral lapatinib tablets or placebo tablets,Oral lapatinib tablets or placebo tablets,ext:placebo,1
7.45% hypertonic saline solution,7.45% hypertonic saline solution,ext:saline,1
placebo matched to valsartan,placebo matched to valsartan,ext:placebo,1
placebo matched to enalapril,placebo matched to enalapril,ext:placebo,1
Placebo for PRX-00023,Placebo for PRX-00023,ext:placebo,1
ibandronic acid placebo,ibandronic acid placebo,ext:placebo,1
RIS placebo,RIS placebo,ext:placebo,1
Placebo for Losartan/HCTZ,Placebo for Losartan/HCTZ,ext:placebo,1
Placebo Comparator: First Intervention (3 weeks),Placebo Comparator: First Intervention (3 weeks),ext:placebo,1
"Phosphate Buffer Saline (PBS), pH 7.0","Phosphate Buffer Saline (PBS), pH 7.0",ext:saline,1
123I-Iodometomidate,123I-Iodometomidate,radiotracer/imaging,1
ferucarbotran (iron-based MRI contrast agent),ferucarbotran (iron-based MRI contrast agent),ext:contrast,1
BHT-Placebo,BHT-Placebo,ext:placebo,1
Folic acid and placebo,Folic acid and placebo,ext:placebo,1
Fentanyl/Placebo injection,Fentanyl/Placebo injection,ext:placebo,1
Avicel (placebo),Avicel (placebo),ext:placebo,1
Hypertonic saline 6% -,Hypertonic saline 6% -,ext:saline,1
"sodium citrate, sodium chloride, sodium borate, propylene glycol. citrate, tetronic 1304, AMP 95","sodium citrate, sodium chloride, sodium borate, propylene glycol. citrate, tetronic 1304, AMP 95",canonical:Sodium Chloride,1
Matching Placebo (twice daily),Matching Placebo (twice daily),ext:placebo,1
placebo to 75 mg acetylsalicylic acid (ASA) + 1250 mg calcium carbonate (CaCO3),placebo to 75 mg acetylsalicylic acid (ASA) + 1250 mg calcium carbonate (CaCO3),ext:placebo,1
placebo to 0.5 mg calcitriol (1a -25-dihydroxycholecalciferol),placebo to 0.5 mg calcitriol (1a -25-dihydroxycholecalciferol),ext:placebo,1
vehicle placebo,vehicle placebo,ext:placebo,1
V0096 CR vehicle (formula RV3131A-MV1197),V0096 CR vehicle (formula RV3131A-MV1197),ext:vehicle,1
[123I]-IBVM,[123I]-IBVM,radiotracer/imaging,1
placebo daily,placebo daily,ext:placebo,1
adalimumab plus placebo,adalimumab plus placebo,ext:placebo,1
Sucrose solution 30%1 ml,Sucrose solution 30%1 ml,ext:sucrose,1
Comparator: placebo (unspecified) / Duration of Treatment: 21 Weeks,Comparator: placebo (unspecified) / Duration of Treatment: 21 Weeks,ext:placebo,1
Placebo (cornstarch),Placebo (cornstarch),ext:placebo,1
Placebo Al(OH)3,Placebo Al(OH)3,ext:placebo,1
Intravenous infusion of saline,Intravenous infusion of saline,ext:saline,1
Placebo (for Teriflunomide),Placebo (for Teriflunomide),ext:placebo,1
Placebo and zolpidem,Placebo and zolpidem,ext:placebo,1
rHuEPO placebo,rHuEPO placebo,ext:placebo,1
R744 placebo,R744 placebo,ext:placebo,1
Placebo for testosterone gel,Placebo for testosterone gel,ext:placebo,1
simvastatin plus placebo,simvastatin plus placebo,ext:placebo,1
saline-lidocaine-morphine (SLM),saline-lidocaine-morphine (SLM),ext:saline,1
saline-2CP-morphine (SCM),saline-2CP-morphine (SCM),ext:saline,1
Morphine-CP-saline (MCS),Morphine-CP-saline (MCS),ext:saline,1
Placebo to Prazosin,Placebo to Prazosin,ext:placebo,1
Placebo IPX056 40 mg,Placebo IPX056 40 mg,ext:placebo,1
Placebo IPX056 20 mg,Placebo IPX056 20 mg,ext:placebo,1
Placebo Baclofen Tablet,Placebo Baclofen Tablet,ext:placebo,1
Ketoprofen matrix/placebo CHADD Patch,Ketoprofen matrix/placebo CHADD Patch,ext:placebo,1
Placebo Matrix/CHADD Patch,Placebo Matrix/CHADD Patch,ext:placebo,1
"pemetrexed, carboplatin, placebo","pemetrexed, carboplatin, placebo",ext:placebo,1
Placebo homeopathic remedy,Placebo homeopathic remedy,ext:placebo,1
placebo bilateral superficial cervical block,placebo bilateral superficial cervical block,ext:placebo,1
Matched Placebo (Capsules),Matched Placebo (Capsules),ext:placebo,1
Matching Placebo after Tapentadol in the Titration Phase.,Matching Placebo after Tapentadol in the Titration Phase.,ext:placebo,1
Placebo treatment during 8 weeks,Placebo treatment during 8 weeks,ext:placebo,1
Hypertonic saline (7.2%) hetastarch (6 %)(200/0.5),Hypertonic saline (7.2%) hetastarch (6 %)(200/0.5),ext:saline,1
Maxalt 10mg MLT plus Placebo,Maxalt 10mg MLT plus Placebo,ext:placebo,1
Budesonide + Salmeterol + Placebo,Budesonide + Salmeterol + Placebo,ext:placebo,1
45.5% DMSO (topical placebo),45.5% DMSO (topical placebo),ext:placebo,1
fixed combination of timolol 0.5% and dorzolamide 2% plus travoprost vehicle,fixed combination of timolol 0.5% and dorzolamide 2% plus travoprost vehicle,ext:vehicle,1
Placebo (Timolol Vehicle),Placebo (Timolol Vehicle),ext:placebo,1
placebo (for Rimonabant),placebo (for Rimonabant),ext:placebo,1
placebo for calcitonin,placebo for calcitonin,ext:placebo,1
Placebo for sildenafil,Placebo for sildenafil,ext:placebo,1
iodinated contrast agent,iodinated contrast agent,ext:contrast,1
"Hemoglobin Based Oxygen Carrier-201 (HBOC-201, Hemopure)","Hemoglobin Based Oxygen Carrier-201 (HBOC-201, Hemopure)",ext:oxygen,1
Placebo: Phosphate buffered saline,Placebo: Phosphate buffered saline,ext:placebo,1
Placebo to MK0893,Placebo to MK0893,ext:placebo,1
OPC-41061 placebo,OPC-41061 placebo,ext:placebo,1
Comfort Bath cloths (placebo cloths),Comfort Bath cloths (placebo cloths),ext:placebo,1
norethindrone acetate + placebo,norethindrone acetate + placebo,ext:placebo,1
Placebo thalidomide,Placebo thalidomide,ext:placebo,1
PASER placebo granules,PASER placebo granules,ext:placebo,1
Placebo Amlodipine,Placebo Amlodipine,ext:placebo,1
GTS21/Placebo,GTS21/Placebo,ext:placebo,1
Migliol Placebo Oil,Migliol Placebo Oil,ext:placebo,1
Placebo Aliskiren,Placebo Aliskiren,ext:placebo,1
Placebo lidocaine patches,Placebo lidocaine patches,ext:placebo,1
Placebo extended-release oxycodone pills,Placebo extended-release oxycodone pills,ext:placebo,1
NBO (Normobaric Oxygen),NBO (Normobaric Oxygen),ext:oxygen,1
Matching Placebo nasal spray plus antibiotic,Matching Placebo nasal spray plus antibiotic,ext:placebo,1
Placebo for MBX-2044,Placebo for MBX-2044,ext:placebo,1
Intravenous Infusion of Magnesium Sulfate,Intravenous Infusion of Magnesium Sulfate,ext:magnesium sulfate,1
Dexamethasone plus Placebo,Dexamethasone plus Placebo,ext:placebo,1
SUBLIVAC® Grasses/Placebo treatment,SUBLIVAC Grasses/Placebo treatment,ext:placebo,1
Placebo plus corticosteroid,Placebo plus corticosteroid,ext:placebo,1
normal saline control,normal saline control,ext:saline,1
"Placebo, triple","Placebo, triple",ext:placebo,1
"Placebo, etanercept","Placebo, etanercept",ext:placebo,1
Physiologic saline solution (placebo control),Physiologic saline solution (placebo control),ext:placebo,1
breathing 100% oxygen,breathing 100% oxygen,ext:oxygen,1
Placebo amoxicillin pantoprazole clarithromycin tinidazole,Placebo amoxicillin pantoprazole clarithromycin tinidazole,ext:placebo,1
Placebo BTDS,Placebo BTDS,ext:placebo,1
Placebo + Inactive Marijuana (0% THC),Placebo + Inactive Marijuana (0% THC),ext:placebo,1
Placebo + Active Marijuana (3.27% THC),Placebo + Active Marijuana (3.27% THC),ext:placebo,1
Matching placebo for Rivaroxaban arm (Warfarin placebo),Matching placebo for Rivaroxaban arm (Warfarin placebo),ext:placebo,1
Matching placebo for Warfarin arm (Rivaroxaban placebo),Matching placebo for Warfarin arm (Rivaroxaban placebo),ext:placebo,1
Placebo / Placebo,Placebo / Placebo,ext:placebo,1
Placebo / Botulinum Toxin A,Placebo / Botulinum Toxin A,ext:placebo,1
Botulinum Toxin A / Placebo,Botulinum Toxin A / Placebo,ext:placebo,1
Polyethylene glycol 3350 Na bicarbonate NaCl KCl (Movicol),Polyethylene glycol 3350 Na bicarbonate NaCl KCl (Movicol),ext:nacl,1
Polyethylene glycol 3350 Na bicarbonate NaCl KCl,Polyethylene glycol 3350 Na bicarbonate NaCl KCl,ext:nacl,1
Helium-oxygen-driven albuterol nebulizer,Helium-oxygen-driven albuterol nebulizer,ext:oxygen,1
saline injection,saline injection,ext:saline,1
"Placebo, Epinephrine, Placebo","Placebo, Epinephrine, Placebo",ext:placebo,1
"Study medication, azithromycin or placebo","Study medication, azithromycin or placebo",ext:placebo,1
Azithromycin or placebo tablets,Azithromycin or placebo tablets,ext:placebo,1
RTL1000 Placebo,RTL1000 Placebo,ext:placebo,1
[11C]MeS-IMPY,[11C]MeS-IMPY,radiotracer/imaging,1
Maternal placebo and infant nevirapine,Maternal placebo and infant nevirapine,ext:placebo,1
GSK625433/placebo,GSK625433/placebo,ext:placebo,1
Placebo (Universal HEC placebo),Placebo (Universal HEC placebo),ext:placebo,1
PZQ Placebo,PZQ Placebo,ext:placebo,1
ABZ Placebo,ABZ Placebo,ext:placebo,1
Fluticasone 500mcg BD via accuhaler or identical placebo,Fluticasone 500mcg BD via accuhaler or identical placebo,ext:placebo,1
Placebo matched to doxycycline,Placebo matched to doxycycline,ext:placebo,1
Placebo matched to Rifampin,Placebo matched to Rifampin,ext:placebo,1
Metvix Vehicle Group,Metvix Vehicle Group,ext:vehicle,1
Verteporfin Placebo,Verteporfin Placebo,ext:placebo,1
Ranibizumab Placebo,Ranibizumab Placebo,ext:placebo,1
Vitamin D3-Placebo,Vitamin D3-Placebo,ext:placebo,1
Calcium-Placebo,Calcium-Placebo,ext:placebo,1
[123I] AV 39,[123I] AV 39,radiotracer/imaging,1
Placebo to DMPA-SC,Placebo to DMPA-SC,ext:placebo,1
inhaled Placebo (0 mg),inhaled Placebo (0 mg),ext:placebo,1
Comparator: placebo / Duration of Treatment: 2 Weeks,Comparator: placebo / Duration of Treatment: 2 Weeks,ext:placebo,1
UT-15C SR (treprostinil diethanolamine) 1mg oral tablets,UT-15C SR (treprostinil diethanolamine) 1mg oral tablets,ext:ethanol,1
UC-781 placebo,UC-781 placebo,ext:placebo,1
PF-03187207 and Latanoprost Vehicle,PF-03187207 and Latanoprost Vehicle,ext:vehicle,1
Latanoprost 0.005% and PF-03187207 Vehicle,Latanoprost 0.005% and PF-03187207 Vehicle,ext:vehicle,1
99mTC-EC20 (Folic acid-technetium 99m conjugate),99mTC-EC20 (Folic acid-technetium 99m conjugate),radiotracer/imaging,1
Placebo to match navarixin,Placebo to match navarixin,ext:placebo,1
177Lu-CYT-500,177Lu-CYT-500,radiotracer/imaging,1
Placebo to telcagepant tablets,Placebo to telcagepant tablets,ext:placebo,1
Placebo to telcagepant capsules,Placebo to telcagepant capsules,ext:placebo,1
Placebo to rizatriptan tablets,Placebo to rizatriptan tablets,ext:placebo,1
"GSK626616, placebo, midazolam","GSK626616, placebo, midazolam",ext:placebo,1
Fondaparinux 2.5mg or placebo,Fondaparinux 2.5mg or placebo,ext:placebo,1
Placebo to zolmitriptan 5 mg,Placebo to zolmitriptan 5 mg,ext:placebo,1
Placebo to telcagepant 150 mg,Placebo to telcagepant 150 mg,ext:placebo,1
Placebo to tecagepant 300 mg,Placebo to tecagepant 300 mg,ext:placebo,1
ropivacaine/placebo,ropivacaine/placebo,ext:placebo,1
Maraviroc Placebo,Maraviroc Placebo,ext:placebo,1
[123I] mZINT injection and serial dynamic SPECT imaging,[123I] mZINT injection and serial dynamic SPECT imaging,radiotracer/imaging,1
"PerioChip Plus (Flurbiprofen +Chlorhexidine ), Flurbiprofen Chip, PerioChip (Chlorhexidine ) and Placebo Chip","PerioChip Plus (Flurbiprofen +Chlorhexidine ), Flurbiprofen Chip, PerioChip (Chlorhexidine ) and Placebo Chip",ext:placebo,1
Macrogol 3350 Na sulphate NaCl KCl Ascorbic Acid Na Ascorbate,Macrogol 3350 Na sulphate NaCl KCl Ascorbic Acid Na Ascorbate,ext:nacl,1
i.v. mannitol,i.v. mannitol,ext:mannitol,1
Administration of an IV glucose-injection,Administration of an IV glucose-injection,ext:glucose,1
caffeine/placebo,caffeine/placebo,ext:placebo,1
Placebo LAS34273,Placebo LAS34273,ext:placebo,1
Placebo oral pills,Placebo oral pills,ext:placebo,1
Placebo intravenous (i.v.) infusion,Placebo intravenous (i.v.) infusion,ext:placebo,1
hydroxychloroquine/placebo,hydroxychloroquine/placebo,ext:placebo,1
olmesartan medoxomil (OM)/hydrochlorothiazide (HCTZ) tablets and placebo,olmesartan medoxomil (OM)/hydrochlorothiazide (HCTZ) tablets and placebo,ext:placebo,1
ALC and Placebo,ALC and Placebo,ext:placebo,1
"NaCl 7,5% (Hypertonic Saline Solution)","NaCl 7,5% (Hypertonic Saline Solution)",ext:saline,1
D - inhaled placebo q 4 h x 3,D - inhaled placebo q 4 h x 3,ext:placebo,1
[123I] IBVM and SPECT imaging,[123I] IBVM and SPECT imaging,radiotracer/imaging,1
[123I] AV-151,[123I] AV-151,radiotracer/imaging,1
NeuroAid matched Placebo,NeuroAid matched Placebo,ext:placebo,1
Placebo matched phentermine/topiramate,Placebo matched phentermine/topiramate,ext:placebo,1
placebo and placebo,placebo and placebo,ext:placebo,1
placebo to fluticasone propionate/salmeterol,placebo to fluticasone propionate/salmeterol,ext:placebo,1
vehicle of loteprednol etabonate,vehicle of loteprednol etabonate,ext:vehicle,1
intrathecal magnesium sulfate,intrathecal magnesium sulfate,ext:magnesium sulfate,1
Pregnenolone or Placebo,Pregnenolone or Placebo,ext:placebo,1
placebo to indacaterol/mometasone,placebo to indacaterol/mometasone,ext:placebo,1
Placebo and Placebo (spray and Tablet),Placebo and Placebo (spray and Tablet),ext:placebo,1
Loratadine and Placebo,Loratadine and Placebo,ext:placebo,1
Cetirizine and Placebo,Cetirizine and Placebo,ext:placebo,1
Azelastine and placebo,Azelastine and placebo,ext:placebo,1
prednisone-placebo,prednisone-placebo,ext:placebo,1
Placebo pill imitating pentoxiphylline,Placebo pill imitating pentoxiphylline,ext:placebo,1
matching placebo twice daily (BID),matching placebo twice daily (BID),ext:placebo,1
Vitamin A placebo,Vitamin A placebo,ext:placebo,1
BMS-650032 or Placebo,BMS-650032 or Placebo,ext:placebo,1
placebo for BI 44847,placebo for BI 44847,ext:placebo,1
placebo to BI 10773,placebo to BI 10773,ext:placebo,1
Placebo for 70 mg / 140 mg,Placebo for 70 mg / 140 mg,ext:placebo,1
Placebo for 560 mg,Placebo for 560 mg,ext:placebo,1
Placebo + Paclitaxel + Carboplatin,Placebo + Paclitaxel + Carboplatin,ext:placebo,1
placebo (plus simvastatin),placebo (plus simvastatin),ext:placebo,1
placebo like melatonin tablets,placebo like melatonin tablets,ext:placebo,1
[123I] MNI-308,[123I] MNI-308,radiotracer/imaging,1
placebo and docetaxel,placebo and docetaxel,ext:placebo,1
IV Placebo for tanezumab,IV Placebo for tanezumab,ext:placebo,1
sham Fuzheng Huayu Tablets (placebo),sham Fuzheng Huayu Tablets (placebo),ext:placebo,1
Comparator: placebo (unspecified) / Duration of Treatment: 12 Weeks,Comparator: placebo (unspecified) / Duration of Treatment: 12 Weeks,ext:placebo,1
Ringers Lactate,Ringers Lactate,ext:ringer,1
"Ringers lactate, hydroxyethyl starch; norepinephrine, dobutamine","Ringers lactate, hydroxyethyl starch; norepinephrine, dobutamine",ext:ringer,1
quetiapine and placebo,quetiapine and placebo,ext:placebo,1
"Placebo Comparator: Cohorts 2, 3, 4 & 5 Two subjects each arm will be assigned to receive placebo","Placebo Comparator: Cohorts 2, 3, 4 & 5 Two subjects each arm will be assigned to receive placebo",ext:placebo,1
Placebo Comparator: Cohort 1 Placebo,Placebo Comparator: Cohort 1 Placebo,ext:placebo,1
inhaled 7% hypertonic saline (HS),inhaled 7% hypertonic saline (HS),ext:saline,1
"Hylenex recombinant , morphine, saline","Hylenex recombinant , morphine, saline",ext:saline,1
Placebo for peanut extract (glycerin),Placebo for peanut extract (glycerin),ext:placebo,1
Placebo (for idrabiotaparinux),Placebo (for idrabiotaparinux),ext:placebo,1
Placebo (for avidin),Placebo (for avidin),ext:placebo,1
CYT003-QbG10-placebo in combination with house dust mite allergen extract placebo,CYT003-QbG10-placebo in combination with house dust mite allergen extract placebo,ext:placebo,1
CYT003-AllQbG10 in combination with house dust mite allergen extract placebo,CYT003-AllQbG10 in combination with house dust mite allergen extract placebo,ext:placebo,1
placebo (vehicle ointment),placebo (vehicle ointment),ext:placebo,1
6% HES 130/0.4 prepared in saline solution,6% HES 130/0.4 prepared in saline solution,ext:saline,1
Insulin or Placebo,Insulin or Placebo,ext:placebo,1
"Normal saline, then oral placebo capsule","Normal saline, then oral placebo capsule",ext:placebo,1
"Hypertonic saline, then oral sodium chloride","Hypertonic saline, then oral sodium chloride",canonical:Sodium Chloride,1
Placebo Lozenge,Placebo Lozenge,ext:placebo,1
Placebos for acetaminophen and N-acetylcysteine,Placebos for acetaminophen and N-acetylcysteine,ext:placebo,1
NAC IV infusion at 0.5 gm hourly and APAP placebo,NAC IV infusion at 0.5 gm hourly and APAP placebo,ext:placebo,1
APAP 1 gm every 6 hours and N-acetylcysteine placebo,APAP 1 gm every 6 hours and N-acetylcysteine placebo,ext:placebo,1
Ketamine and Placebo,Ketamine and Placebo,ext:placebo,1
FolateScan (Technetium Tc 99mEC20),FolateScan (Technetium Tc 99mEC20),radiotracer/imaging,1
[18F]-Fluoro-2-Deoxy-D-Glucose and -[18F] Dihydro-Testosterone,[18F]-Fluoro-2-Deoxy-D-Glucose and -[18F] Dihydro-Testosterone,radiotracer/imaging,1
Placebo Oxymetazoline,Placebo Oxymetazoline,ext:placebo,1
Placebo Fluticasone furoate,Placebo Fluticasone furoate,ext:placebo,1
131I-8H9,131I-8H9,radiotracer/imaging,1
Docetaxel plus placebo,Docetaxel plus placebo,ext:placebo,1
Enduramide placebo,Enduramide placebo,ext:placebo,1
Normal Saline and 0.3% ofloxacin,Normal Saline and 0.3% ofloxacin,ext:saline,1
Lactated Ringer's with 0.03% Ofloxacin,Lactated Ringer's with 0.03% Ofloxacin,ext:ringer,1
AMG 386 placebo,AMG 386 placebo,ext:placebo,1
Placebo Alfuzosin,Placebo Alfuzosin,ext:placebo,1
Oxygen therapy,Oxygen therapy,ext:oxygen,1
placebo for gemfibrozil,placebo for gemfibrozil,ext:placebo,1
Sugar pill or Placebo,Sugar pill or Placebo,ext:placebo,1
Placebo and rehab,Placebo and rehab,ext:placebo,1
Placebo Salmeterol,Placebo Salmeterol,ext:placebo,1
placebo + mood stabilizer,placebo + mood stabilizer,ext:placebo,1
Placebo (Microcrystallized cellulose),Placebo (Microcrystallized cellulose),ext:placebo,1
Oral acetaminophen plus IV placebo,Oral acetaminophen plus IV placebo,ext:placebo,1
Intravenous acetaminophen plus oral placebo,Intravenous acetaminophen plus oral placebo,ext:placebo,1
PF-04217329 - Vehicle,PF-04217329 - Vehicle,ext:vehicle,1
Diclofenac diethylamine 2.32% gel / Placebo,Diclofenac diethylamine 2.32% gel / Placebo,ext:placebo,1
"Imitrex SubQ, saline IV","Imitrex SubQ, saline IV",ext:saline,1
placebo naltrexone,placebo naltrexone,ext:placebo,1
"Ramelteon, zolpidem and placebo","Ramelteon, zolpidem and placebo",ext:placebo,1
"placebo, prednisone and docetaxel","placebo, prednisone and docetaxel",ext:placebo,1
Enoxaparin placebo,Enoxaparin placebo,ext:placebo,1
5% glucose solution,5% glucose solution,ext:glucose,1
Diluent / Insulin,Diluent / Insulin,ext:diluent,1
Metformin HCl and Colesevelam Placebo,Metformin HCl and Colesevelam Placebo,ext:placebo,1
Colesevelam placebo,Colesevelam placebo,ext:placebo,1
Insulin / Diluent,Insulin / Diluent,ext:diluent,1
Matching Placebo to Sita/Met FDC,Matching Placebo to Sita/Met FDC,ext:placebo,1
glucosemonohydricum,glucosemonohydricum,ext:glucose,1
Placebo for Glipizide,Placebo for Glipizide,ext:placebo,1
Placebo (sham inhaler),Placebo (sham inhaler),ext:placebo,1
Streamed bupivacaine versus streamed normal saline,Streamed bupivacaine versus streamed normal saline,ext:saline,1
Injected lidocaine pre-incision vs saline pre-incision,Injected lidocaine pre-incision vs saline pre-incision,ext:saline,1
GW823296 matching placebo,GW823296 matching placebo,ext:placebo,1
[carbonyl-^11C]GW842166,[carbonyl-^11C]GW842166,radiotracer/imaging,1
Comparator: placebo to sitagliptin,Comparator: placebo to sitagliptin,ext:placebo,1
Valaciclovir + placebo,Valaciclovir + placebo,ext:placebo,1
Prednisolone + placebo,Prednisolone + placebo,ext:placebo,1
Aerosolized bupivacaine versus aerosolized saline,Aerosolized bupivacaine versus aerosolized saline,ext:saline,1
0.9% normal saline (control),0.9% normal saline (control),ext:saline,1
Placebo to 15 cm^2 patch,Placebo to 15 cm^2 patch,ext:placebo,1
Placebo to 10 cm^2 patch,Placebo to 10 cm^2 patch,ext:placebo,1
bezafibrate + placebo,bezafibrate + placebo,ext:placebo,1
nicotine versus placebo,nicotine versus placebo,ext:placebo,1
Placebo to tamsulosin,Placebo to tamsulosin,ext:placebo,1
Placebo to solifenacin,Placebo to solifenacin,ext:placebo,1
Exenatide and placebo,Exenatide and placebo,ext:placebo,1
Topical Saline and Levofloxacin,Topical Saline and Levofloxacin,ext:saline,1
helium:oxygen,helium:oxygen,ext:oxygen,1
GSK618334 matching placebo tablets,GSK618334 matching placebo tablets,ext:placebo,1
Ghrelin and saline (as placebo),Ghrelin and saline (as placebo),ext:placebo,1
250mL glucose 5%,250mL glucose 5%,ext:glucose,1
Sodium Bicarbonate plus normal saline 0.9%,Sodium Bicarbonate plus normal saline 0.9%,ext:saline,1
Caffeinated Non-Alcoholic Beer,Caffeinated Non-Alcoholic Beer,ext:alcohol,1
Caffeinated Alcoholic Beer,Caffeinated Alcoholic Beer,ext:alcohol,1
74% Ethanol with 10% 2-propanol,74% Ethanol with 10% 2-propanol,ext:ethanol,1
Placebo of MCI-196 Tablet,Placebo of MCI-196 Tablet,ext:placebo,1
Placebo of amlodipine,Placebo of amlodipine,ext:placebo,1
placebo = nacl 0.9%,placebo = nacl 0.9%,canonical:NaCl 0.9%,1
main antipsychotic medication and placebo,main antipsychotic medication and placebo,ext:placebo,1
SC Placebo and Ceftriaxone,SC Placebo and Ceftriaxone,ext:placebo,1
Placebo (double-blind),Placebo (double-blind),ext:placebo,1
GW869682-Placebo,GW869682-Placebo,ext:placebo,1
GSK189075-Placebo,GSK189075-Placebo,ext:placebo,1
DIO-902 placebo,DIO-902 placebo,ext:placebo,1
"Corn Oil Placebo, 4 capsules/day for 8 weeks","Corn Oil Placebo, 4 capsules/day for 8 weeks",ext:placebo,1
Matching Placebo in the Maintenance Phase after Tapentadol in the Titration Phase,Matching Placebo in the Maintenance Phase after Tapentadol in the Titration Phase,ext:placebo,1
Placebo for VIVITROL 380 mg,Placebo for VIVITROL 380 mg,ext:placebo,1
Magnesium Sulfate 2 grams,Magnesium Sulfate 2 grams,ext:magnesium sulfate,1
S.C. Placebo,S.C. Placebo,ext:placebo,1
Perhexiline/Placebo,Perhexiline/Placebo,ext:placebo,1
Aliskiren plus placebo,Aliskiren plus placebo,ext:placebo,1
dacarbazine plus placebo,dacarbazine plus placebo,ext:placebo,1
Comparator : placebo (unspecified) /Duration of Treatment : 8 Weeks,Comparator : placebo (unspecified) /Duration of Treatment : 8 Weeks,ext:placebo,1
Comparator : placebo (unspecified) / Duraton of Treatment: 4 Weeks,Comparator : placebo (unspecified) / Duraton of Treatment: 4 Weeks,ext:placebo,1
"iron sucrose injection, USP","iron sucrose injection, USP",ext:sucrose,1
Comparator: Comparator: placebo (unspecified),Comparator: Comparator: placebo (unspecified),ext:placebo,1
sodium ferric gluconate complex in sucrose injection,sodium ferric gluconate complex in sucrose injection,ext:sucrose,1
"Rabeprazole 20mg,placebo dinner ,Low dose Tricyclic Antidepressant","Rabeprazole 20mg,placebo dinner ,Low dose Tricyclic Antidepressant",ext:placebo,1
"Rabeprazole 20mg, placebo dinner and bedtime","Rabeprazole 20mg, placebo dinner and bedtime",ext:placebo,1
"Rabeprazole 20 mg two times, Placebo at bedtime","Rabeprazole 20 mg two times, Placebo at bedtime",ext:placebo,1
Placebo equivalent to amoxycillin,Placebo equivalent to amoxycillin,ext:placebo,1
[18F]SP203,[18F]SP203,radiotracer/imaging,1
Placebo to fluticasone,Placebo to fluticasone,ext:placebo,1
SB-497115-GR 12.5mg matching placebo,SB-497115-GR 12.5mg matching placebo,ext:placebo,1
Placebo + relaxation,Placebo + relaxation,ext:placebo,1
Placebo + aerobic exercise,Placebo + aerobic exercise,ext:placebo,1
placebo + gemcitabine + erlotinib,placebo + gemcitabine + erlotinib,ext:placebo,1
Placebo + gemcitabine,Placebo + gemcitabine,ext:placebo,1
Comparator: placebo (unspecified) / Duration of Treatment: 17 Weeks,Comparator: placebo (unspecified) / Duration of Treatment: 17 Weeks,ext:placebo,1
"Acetylsalicylic acid, acetaminophen, diclofenac, naproxen, placebo","Acetylsalicylic acid, acetaminophen, diclofenac, naproxen, placebo",ext:placebo,1
F-18 Fluoro-deoxi-glucose,F-18 Fluoro-deoxi-glucose,ext:glucose,1
Gadolinium-DTPA,Gadolinium-DTPA,ext:gadolinium,1
Placebo/Galantamine (Reminyl®),Placebo/Galantamine (Reminyl),ext:placebo,1
AR-102 Vehicle Ophthalmic Solution,AR-102 Vehicle Ophthalmic Solution,ext:vehicle,1
Placebo (for aflibercept),Placebo (for aflibercept),ext:placebo,1
24% Sucrose Solution,24% Sucrose Solution,ext:sucrose,1
placebo for mitiglinide,placebo for mitiglinide,ext:placebo,1
Ibuprofen placebo,Ibuprofen placebo,ext:placebo,1
Identical-appearing placebo,Identical-appearing placebo,ext:placebo,1
contrast echocardiography,contrast echocardiography,ext:contrast,1
placebo (Control Group),placebo (Control Group),ext:placebo,1
Placebo Drug: Metformin,Placebo Drug: Metformin,ext:placebo,1
KRP-104 QD Drug: Placebo Drug: Metformin,KRP-104 QD Drug: Placebo Drug: Metformin,ext:placebo,1
KRP-104 BID Drug: Placebo Drug: Metformin,KRP-104 BID Drug: Placebo Drug: Metformin,ext:placebo,1
Methadone plus Acetaminophen or Placebo,Methadone plus Acetaminophen or Placebo,ext:placebo,1
Dutasteride matched placebo,Dutasteride matched placebo,ext:placebo,1
Placebo matching ertugliflozin,Placebo matching ertugliflozin,ext:placebo,1
Placebo belimumab,Placebo belimumab,ext:placebo,1
Placebo effervescent granules,Placebo effervescent granules,ext:placebo,1
Placebo (matching empagliflozin),Placebo (matching empagliflozin),ext:placebo,1
Amino Acids w/Electrolytes in Dextrose,Amino Acids w/Electrolytes in Dextrose,ext:dextrose,1
AZD5718 placebo oral suspension,AZD5718 placebo oral suspension,ext:placebo,1
HMPL-689 placebo,HMPL-689 placebo,ext:placebo,1
Placebo rituximab,Placebo rituximab,ext:placebo,1
"Non-ADHD placebo first, methylphenidate second","Non-ADHD placebo first, methylphenidate second",ext:placebo,1
"Non-ADHD methylphenidate first, placebo second","Non-ADHD methylphenidate first, placebo second",ext:placebo,1
"ADHD placebo first, methylphenidate second","ADHD placebo first, methylphenidate second",ext:placebo,1
Isotonic sodium chloride,Isotonic sodium chloride,canonical:Sodium Chloride,1
PBS and HSA Diluent,PBS and HSA Diluent,ext:diluent,1
[11C]Cimbi-36-5,[11C]Cimbi-36-5,radiotracer/imaging,1
"ADHD methylphenidate first, placebo second","ADHD methylphenidate first, placebo second",ext:placebo,1
Placebo oral gel,Placebo oral gel,ext:placebo,1
Placebo for Adalimumab,Placebo for Adalimumab,ext:placebo,1
[11C]Cimbi-36,[11C]Cimbi-36,radiotracer/imaging,1
Placebo (for selinexor),Placebo (for selinexor),ext:placebo,1
Drug - placebo,Drug - placebo,ext:placebo,1
Placebo for ABT-493/ABT-530,Placebo for ABT-493/ABT-530,ext:placebo,1
18F-choline PET-MR imaging,18F-choline PET-MR imaging,radiotracer/imaging,1
Lixisenatide-Placebo,Lixisenatide-Placebo,ext:placebo,1
Fosfomycin trometamol-placebo,Fosfomycin trometamol-placebo,ext:placebo,1
Canephron® N-placebo,Canephron N-placebo,ext:placebo,1
"Chinese Herbal Medicine Placebo (New ""Shoutai Wan"" placebo) plus Oral Progesterone Placebo","Chinese Herbal Medicine Placebo (New ""Shoutai Wan"" placebo) plus Oral Progesterone Placebo",ext:placebo,1
"Chinese Herbal Medicine Placebo (New ""Shoutai Wan"" placebo) plus Oral Progesterone","Chinese Herbal Medicine Placebo (New ""Shoutai Wan"" placebo) plus Oral Progesterone",ext:placebo,1
"Chinese Herbal Medicine (New ""Shoutai Wan"") plus Oral Progesterone Placebo","Chinese Herbal Medicine (New ""Shoutai Wan"") plus Oral Progesterone Placebo",ext:placebo,1
Placebo Nebuliser solution,Placebo Nebuliser solution,ext:placebo,1
Placebo Pre-Treat,Placebo Pre-Treat,ext:placebo,1
desflurane - oxygen in nitric oxide,desflurane - oxygen in nitric oxide,ext:oxygen,1
desflurane - oxygen in air,desflurane - oxygen in air,ext:oxygen,1
Placebo for liraglutide,Placebo for liraglutide,ext:placebo,1
Saline (for 8%),Saline (for 8%),ext:saline,1
Saline (for 4%),Saline (for 4%),ext:saline,1
Saline (for 12%),Saline (for 12%),ext:saline,1
Ciprofloxacin Placebo,Ciprofloxacin Placebo,ext:placebo,1
Placebo(Megestrol Acetate),Placebo(Megestrol Acetate),ext:placebo,1
60% of oxygen concentration.,60% of oxygen concentration.,ext:oxygen,1
30% of oxygen concentration.,30% of oxygen concentration.,ext:oxygen,1
Pregabalin or Duloxetine or Placebo,Pregabalin or Duloxetine or Placebo,ext:placebo,1
Naltrexone HCl/Bupropion HCl Placebo,Naltrexone HCl/Bupropion HCl Placebo,ext:placebo,1
Placebo (for transdermal patch),Placebo (for transdermal patch),ext:placebo,1
Placebo (for loxoprofen sodium),Placebo (for loxoprofen sodium),ext:placebo,1
99mTc-MIP-1404 Injection,99mTc-MIP-1404 Injection,radiotracer/imaging,1
Ulesfia (benzyl alcohol lotion) 5%,Ulesfia (benzyl alcohol lotion) 5%,ext:alcohol,1
Benzyl Alcohol Lotion 5%,Benzyl Alcohol Lotion 5%,ext:alcohol,1
Valproate and Placebo,Valproate and Placebo,ext:placebo,1
Placebo D5W,Placebo D5W,ext:placebo,1
Experimental: Placebo,Experimental: Placebo,ext:placebo,1
telmisartan/amlodipine 80/5mg placebo,telmisartan/amlodipine 80/5mg placebo,ext:placebo,1
telmisartan/amlodipine 40/5mg placebo,telmisartan/amlodipine 40/5mg placebo,ext:placebo,1
YH22162 80/5/25 mg placebo,YH22162 80/5/25 mg placebo,ext:placebo,1
YH22162 40/5/12.5 mg placebo,YH22162 40/5/12.5 mg placebo,ext:placebo,1
[11C]MK-6884,[11C]MK-6884,radiotracer/imaging,1
UDCA Placebo,UDCA Placebo,ext:placebo,1
DWP10292 Placebo,DWP10292 Placebo,ext:placebo,1
Isotonic 0.9 sodium chloride (NaCl) solution,Isotonic 0.9 sodium chloride (NaCl) solution,canonical:Sodium Chloride,1
Normal saline + 0.5 mg IV hydromorphone,Normal saline + 0.5 mg IV hydromorphone,ext:saline,1
Saline 0.9% inhalation solution,Saline 0.9% inhalation solution,ext:saline,1
Ropivacaine with NaCl,Ropivacaine with NaCl,ext:nacl,1
68Ga- PSMA-HBED-CC,68Ga- PSMA-HBED-CC,radiotracer/imaging,1
Placebo (Matching with Moxifloxacin),Placebo (Matching with Moxifloxacin),ext:placebo,1
Placebo (Matching with JNJ-63623872 Dose),Placebo (Matching with JNJ-63623872 Dose),ext:placebo,1
Placebo (Matching with JNJ-63623872 3000 mg),Placebo (Matching with JNJ-63623872 3000 mg),ext:placebo,1
Placebo (Matching with JNJ-63623872 2400 mg),Placebo (Matching with JNJ-63623872 2400 mg),ext:placebo,1
Matched placebo 150mg,Matched placebo 150mg,ext:placebo,1
0.12% Clorhexidine without alcohol,0.12% Clorhexidine without alcohol,ext:alcohol,1
0.12% Clorhexidine with alcohol,0.12% Clorhexidine with alcohol,ext:alcohol,1
Part B Placebo,Part B Placebo,ext:placebo,1
Part A Placebo,Part A Placebo,ext:placebo,1
Placebo/Saline,Placebo/Saline,ext:placebo,1
Relugolix Placebo,Relugolix Placebo,ext:placebo,1
Leuprorelin Placebo,Leuprorelin Placebo,ext:placebo,1
Placebo injection containing Saline solution 0.9%,Placebo injection containing Saline solution 0.9%,ext:placebo,1
Saline inhaler,Saline inhaler,ext:saline,1
LEO 124249 ointment vehicle,LEO 124249 ointment vehicle,ext:vehicle,1
10 days of intravenous placebo (isotonic saline),10 days of intravenous placebo (isotonic saline),ext:placebo,1
Topical placebo corresponding to anti-Staphylococcus bacteriophage therapy,Topical placebo corresponding to anti-Staphylococcus bacteriophage therapy,ext:placebo,1
Ketorolac intramuscular injection and placebo oral solution,Ketorolac intramuscular injection and placebo oral solution,ext:placebo,1
Diclofenac postassium powder for oral solution and placebo injection,Diclofenac postassium powder for oral solution and placebo injection,ext:placebo,1
Placebo Lyophilized DCC Pen injector,Placebo Lyophilized DCC Pen injector,ext:placebo,1
Placebo Liquid Auto-injector,Placebo Liquid Auto-injector,ext:placebo,1
Pramipexole Boehringer Ingelheim Pharma,Pramipexole Boehringer Ingelheim Pharma,ext:ringer,1
3% Sodium Bicarbonate,3% Sodium Bicarbonate,ext:sodium bicarbonate,1
0.9% sodium chloride (saline),0.9% sodium chloride (saline),canonical:Sodium Chloride,1
Placebo to Ciprofloxacin DPI (BAYQ3939),Placebo to Ciprofloxacin DPI (BAYQ3939),ext:placebo,1
Donepezil matching placebo,Donepezil matching placebo,ext:placebo,1
Placebo + background APT + SMT,Placebo + background APT + SMT,ext:placebo,1
0.9%%NaCl solution,0.9%%NaCl solution,ext:nacl,1
placebo+torasemide,placebo+torasemide,ext:placebo,1
Placebo of desloratadine,Placebo of desloratadine,ext:placebo,1
Placebo of aprepitant,Placebo of aprepitant,ext:placebo,1
Placebo: corn starch,Placebo: corn starch,ext:placebo,1
endocannabinoid palmitoylethanolamide (PEA),endocannabinoid palmitoylethanolamide (PEA),ext:ethanol,1
AZD7594 placebo pressurized inhalation suspension,AZD7594 placebo pressurized inhalation suspension,ext:placebo,1
AZD7594 placebo inhalation powder,AZD7594 placebo inhalation powder,ext:placebo,1
Placebo 1 capsule x 3 daily until progression,Placebo 1 capsule x 3 daily until progression,ext:placebo,1
"ITCA placebo, ITCA 650 20/60 mcg/day","ITCA placebo, ITCA 650 20/60 mcg/day",ext:placebo,1
"ITCA 650 20/60 mcg/day, ITCA placebo","ITCA 650 20/60 mcg/day, ITCA placebo",ext:placebo,1
intra-wound instillation of normal saline,intra-wound instillation of normal saline,ext:saline,1
Halo Placebo,Halo Placebo,ext:placebo,1
Placebo (Over-encapsulated tablet),Placebo (Over-encapsulated tablet),ext:placebo,1
Drug - Placebo,Drug - Placebo,ext:placebo,1
placebo SC injections,placebo SC injections,ext:placebo,1
SL placebo tablets,SL placebo tablets,ext:placebo,1
LEO 43204 Vehicle,LEO 43204 Vehicle,ext:vehicle,1
contrast,contrast,ext:contrast,1
saline 0.9% NaCl,saline 0.9% NaCl,ext:saline,1
"Placebo to Doravirine, Tenofovir, Lamivudine","Placebo to Doravirine, Tenofovir, Lamivudine",ext:placebo,1
Placebo to ATRIPLA™,Placebo to ATRIPLA,ext:placebo,1
PRF plus normal saline,PRF plus normal saline,ext:saline,1
Placebo for ABT-414,Placebo for ABT-414,ext:placebo,1
"Placebo, AZD8871 placebo (Part 1)","Placebo, AZD8871 placebo (Part 1)",ext:placebo,1
Oxygen/nitrous oxide equimolar mix,Oxygen/nitrous oxide equimolar mix,ext:oxygen,1
Placebo (for Varenicline),Placebo (for Varenicline),ext:placebo,1
Preoperative hyperbaric oxygen,Preoperative hyperbaric oxygen,ext:oxygen,1
Placebo matched to prednisone,Placebo matched to prednisone,ext:placebo,1
Placebo (x4),Placebo (x4),ext:placebo,1
Condencia-Placebo,Condencia-Placebo,ext:placebo,1
CDFR0812-Placebo,CDFR0812-Placebo,ext:placebo,1
placebo 20 mg,placebo 20 mg,ext:placebo,1
Placebo Valsartan,Placebo Valsartan,ext:placebo,1
"Placebo, vehicle control (febuxostat-shaped)","Placebo, vehicle control (febuxostat-shaped)",ext:placebo,1
"Placebo, vehicle control (allopurinol-shaped)","Placebo, vehicle control (allopurinol-shaped)",ext:placebo,1
18F-Fluciclovine PET CT,18F-Fluciclovine PET CT,radiotracer/imaging,1
NS2 Ophthalmic Drops Vehicle (0.0%),NS2 Ophthalmic Drops Vehicle (0.0%),ext:vehicle,1
Depo-Medrone 120mg and Placebo (Anakinra),Depo-Medrone 120mg and Placebo (Anakinra),ext:placebo,1
Half-Normal Saline,Half-Normal Saline,ext:saline,1
Calcium Chloride/Calcium Gluconate,Calcium Chloride/Calcium Gluconate,ext:calcium chloride,1
SRP and placebo,SRP and placebo,ext:placebo,1
Viaskin Placebo,Viaskin Placebo,ext:placebo,1
Ultibro + CHF 5993 matched placebo,Ultibro + CHF 5993 matched placebo,ext:placebo,1
CHF 5993 + Ultibro matched placebo,CHF 5993 + Ultibro matched placebo,ext:placebo,1
Anakinra 100mg and Placebo Depo-Medrone,Anakinra 100mg and Placebo Depo-Medrone,ext:placebo,1
"BMS-955176, Placebo (Part 1)","BMS-955176, Placebo (Part 1)",ext:placebo,1
"BMS-955176, Moxifloxacin, Placebo (Part 2)","BMS-955176, Moxifloxacin, Placebo (Part 2)",ext:placebo,1
Placebo of WOL071-007,Placebo of WOL071-007,ext:placebo,1
Nitroglycerin-citrate-ethanol (NiCE),Nitroglycerin-citrate-ethanol (NiCE),ext:ethanol,1
Sodium chloride 9 mg/ml,Sodium chloride 9 mg/ml,canonical:Sodium Chloride,1
intravenous saline plus perineural bupivacaine,intravenous saline plus perineural bupivacaine,ext:saline,1
[18F] GE-180,[18F] GE-180,radiotracer/imaging,1
Linaclotide Dose C,Linaclotide Dose C,ext:nacl,1
Linaclotide Dose B,Linaclotide Dose B,ext:nacl,1
Linaclotide Dose A,Linaclotide Dose A,ext:nacl,1
Linaclotide Approved Adult Dose,Linaclotide Approved Adult Dose,ext:nacl,1
mometasone furoate + Placebo,mometasone furoate + Placebo,ext:placebo,1
Oxymetazoline + Placebo,Oxymetazoline + Placebo,ext:placebo,1
3 mg/kg epsi-gam or placebo (6:2),3 mg/kg epsi-gam or placebo (6:2),ext:placebo,1
10 mg/kg epsi-gam or placebo (6:2),10 mg/kg epsi-gam or placebo (6:2),ext:placebo,1
1.0 mg/kg epsi-gam or placebo (6:2),1.0 mg/kg epsi-gam or placebo (6:2),ext:placebo,1
0.3 mg/kg epsi-gam or placebo (6:2),0.3 mg/kg epsi-gam or placebo (6:2),ext:placebo,1
0.1 mg/kg epsi-gam or placebo (6:2),0.1 mg/kg epsi-gam or placebo (6:2),ext:placebo,1
Sodium Bicarbonate and Sodium chloride,Sodium Bicarbonate and Sodium chloride,canonical:Sodium Chloride,1
TAK-653 Placebo,TAK-653 Placebo,ext:placebo,1
Ringers acetate solution,Ringers acetate solution,ext:ringer,1
Echo and myocardial contrast echocardiography perfusion imaging,Echo and myocardial contrast echocardiography perfusion imaging,ext:contrast,1
Bupivacaine with normal saline,Bupivacaine with normal saline,ext:saline,1
Placebo subcutaneous injections,Placebo subcutaneous injections,ext:placebo,1
Fluid challenge with Compound Sodium Lactate,Fluid challenge with Compound Sodium Lactate,canonical:Sodium Lactate,1
Sahastara remedy alcoholic extract,Sahastara remedy alcoholic extract,ext:alcohol,1
"[18F]MK-6240, ~185 MBq","[18F]MK-6240, ~185 MBq",radiotracer/imaging,1
"[18F]MK-6240, ~160 MBq","[18F]MK-6240, ~160 MBq",radiotracer/imaging,1
Normal saline sinus rinse,Normal saline sinus rinse,ext:saline,1
Placebo 9mg single-dose,Placebo 9mg single-dose,ext:placebo,1
Placebo 18mg single-dose,Placebo 18mg single-dose,ext:placebo,1
Placebo tacrolimus and mycophenolate mofetil,Placebo tacrolimus and mycophenolate mofetil,ext:placebo,1
placebo BID,placebo BID,ext:placebo,1
Normal Saline Infusion,Normal Saline Infusion,ext:saline,1
NaCL 0.9%,NaCL 0.9%,canonical:NaCl 0.9%,1
Vehicle foam (0%),Vehicle foam (0%),ext:vehicle,1
Placebo of Tacrolimus Ointment,Placebo of Tacrolimus Ointment,ext:placebo,1
Anifrolumab placebo SC injection (300mg),Anifrolumab placebo SC injection (300mg),ext:placebo,1
Anifrolumab placebo SC infusion (600mg),Anifrolumab placebo SC infusion (600mg),ext:placebo,1
Anifrolumab placebo IV infusion (300mg),Anifrolumab placebo IV infusion (300mg),ext:placebo,1
Oxycodone Placebo,Oxycodone Placebo,ext:placebo,1
Levodopa placebo,Levodopa placebo,ext:placebo,1
HCQ Placebo,HCQ Placebo,ext:placebo,1
Ruxolitinib Placebo,Ruxolitinib Placebo,ext:placebo,1
YF476 placebo,YF476 placebo,ext:placebo,1
Placebo for CTP-656,Placebo for CTP-656,ext:placebo,1
SRP with placebo gel LDD,SRP with placebo gel LDD,ext:placebo,1
EllaOne placebo,EllaOne placebo,ext:placebo,1
olmesartan medoxomil placebo tablets,olmesartan medoxomil placebo tablets,ext:placebo,1
Azilsartan placebo tablets,Azilsartan placebo tablets,ext:placebo,1
vehicle eye drops,vehicle eye drops,ext:vehicle,1
Continuous perfusion of saline,Continuous perfusion of saline,ext:saline,1
[68Ga]-DOTANOC PET/CT,[68Ga]-DOTANOC PET/CT,radiotracer/imaging,1
Placebo- Sinemet,Placebo- Sinemet,ext:placebo,1
Placebo -AP-CD/LD,Placebo -AP-CD/LD,ext:placebo,1
TBA-354 Placebo,TBA-354 Placebo,ext:placebo,1
Hydroxyethyl starch 130/0.4 in 0.9% sodium chloride,Hydroxyethyl starch 130/0.4 in 0.9% sodium chloride,canonical:Sodium Chloride,1
Nebulized isotonic saline,Nebulized isotonic saline,ext:saline,1
Normal Saline as bolus followed by bupivacaine,Normal Saline as bolus followed by bupivacaine,ext:saline,1
lactose capsule (placebo),lactose capsule (placebo),ext:placebo,1
Gadolinium contrast,Gadolinium contrast,ext:contrast,1
"Injection with the hypoxia tracer [18F]HX4,","Injection with the hypoxia tracer [18F]HX4,",radiotracer/imaging,1
"Saline solution (""B"")","Saline solution (""B"")",ext:saline,1
placebo ProAir HFA,placebo ProAir HFA,ext:placebo,1
placebo Lupin albuterol HFA MDI,placebo Lupin albuterol HFA MDI,ext:placebo,1
TF2 antibody/68Ga-IMP-288,TF2 antibody/68Ga-IMP-288,radiotracer/imaging,1
oral betamethasone placebo,oral betamethasone placebo,ext:placebo,1
Placebo ELLIPTA inhaler,Placebo ELLIPTA inhaler,ext:placebo,1
CKD-330 16/5mg Placebo,CKD-330 16/5mg Placebo,ext:placebo,1
Amlodipine 5mg Placebo,Amlodipine 5mg Placebo,ext:placebo,1
Normal saline nasal irrigation,Normal saline nasal irrigation,ext:saline,1
Placebo tablet matching zopiclone,Placebo tablet matching zopiclone,ext:placebo,1
Placebo tablet matching lemborexant,Placebo tablet matching lemborexant,ext:placebo,1
18F-Alfatide Ⅱ PET/CT,18F-Alfatide Ⅱ PET/CT,radiotracer/imaging,1
Placebo (for HCP1302),Placebo (for HCP1302),ext:placebo,1
Colchicine vs Placebo,Colchicine vs Placebo,ext:placebo,1
Jojoba oil (placebo),Jojoba oil (placebo),ext:placebo,1
AGN-190584 vehicle,AGN-190584 vehicle,ext:vehicle,1
Phenytoin-matched Placebo capsule,Phenytoin-matched Placebo capsule,ext:placebo,1
Megestrol-matched liquid Placebo,Megestrol-matched liquid Placebo,ext:placebo,1
AGN-199201 vehicle,AGN-199201 vehicle,ext:vehicle,1
Placebo (for HGP0904),Placebo (for HGP0904),ext:placebo,1
Glucose-Insulin-Potassium,Glucose-Insulin-Potassium,ext:glucose,1
Glucose 5%,Glucose 5%,ext:glucose,1
HD6610 Granule placebo,HD6610 Granule placebo,ext:placebo,1
Placebo coated tablets,Placebo coated tablets,ext:placebo,1
TAK-041 Placebo,TAK-041 Placebo,ext:placebo,1
Technetium Tc-99m Sestamibi,Technetium Tc-99m Sestamibi,radiotracer/imaging,1
10L Oxygen by nonrebreather mask,10L Oxygen by nonrebreather mask,ext:oxygen,1
Esomeprazole Placebo,Esomeprazole Placebo,ext:placebo,1
MGV354 placebo,MGV354 placebo,ext:placebo,1
Whole Body PET Baseline with 11C Rolipram,Whole Body PET Baseline with 11C Rolipram,radiotracer/imaging,1
Placebo (for Doxycycline),Placebo (for Doxycycline),ext:placebo,1
Liberal use of maternal oxygen,Liberal use of maternal oxygen,ext:oxygen,1
Indicated use of maternal oxygen,Indicated use of maternal oxygen,ext:oxygen,1
dextrose plus sodium chloride.,dextrose plus sodium chloride.,canonical:Sodium Chloride,1
60 L/min oxygen via high-flow nasal cannulae,60 L/min oxygen via high-flow nasal cannulae,ext:oxygen,1
15 L/min oxygen via conventional nasal cannulae,15 L/min oxygen via conventional nasal cannulae,ext:oxygen,1
0 L/min oxygen via conventional nasal cannulae,0 L/min oxygen via conventional nasal cannulae,ext:oxygen,1
Saline Solution - IV,Saline Solution - IV,ext:saline,1
Placebo (for Pravastatin),Placebo (for Pravastatin),ext:placebo,1
177Lu-Octreotate,177Lu-Octreotate,radiotracer/imaging,1
pembrolizumab + placebo,pembrolizumab + placebo,ext:placebo,1
PAC-14028 Cream Vehicle,PAC-14028 Cream Vehicle,ext:vehicle,1
Placebo (for telmisartan and amlodipine),Placebo (for telmisartan and amlodipine),ext:placebo,1
Placebo disodium EDTA,Placebo disodium EDTA,ext:placebo,1
Na.Cl 0.9% (placebo),Na.Cl 0.9% (placebo),ext:placebo,1
Placebo Liquid-filled capsule,Placebo Liquid-filled capsule,ext:placebo,1
Placebo Caplet,Placebo Caplet,ext:placebo,1
Placebo via ELLIPTA inhaler,Placebo via ELLIPTA inhaler,ext:placebo,1
Placebo via DISKUS / ACCUHALER,Placebo via DISKUS / ACCUHALER,ext:placebo,1
Oral Glucose Gel,Oral Glucose Gel,ext:glucose,1
Placebo P-Tablet,Placebo P-Tablet,ext:placebo,1
hypertonic saline solution (NACL 3%+NAHCO3),hypertonic saline solution (NACL 3%+NAHCO3),ext:saline,1
"magnesium sulfate, bicarbonate, dextrose.","magnesium sulfate, bicarbonate, dextrose.",ext:magnesium sulfate,1
"Nintedanib or Placebo; Carboplatin, Paclitaxel","Nintedanib or Placebo; Carboplatin, Paclitaxel",ext:placebo,1
Palbociclib/placebo,Palbociclib/placebo,ext:placebo,1
intrathecal saline,intrathecal saline,ext:saline,1
Brinzolamide/brimonidine vehicle,Brinzolamide/brimonidine vehicle,ext:vehicle,1
PLACEBO DENTRIFICE WITHOUT PROPHOSPHATE,PLACEBO DENTRIFICE WITHOUT PROPHOSPHATE,ext:placebo,1
Placebo + Buprenorphine - Phase II,Placebo + Buprenorphine - Phase II,ext:placebo,1
Placebo for Hydrochlorothiazide,Placebo for Hydrochlorothiazide,ext:placebo,1
Normal Saline containing a prophylactic Antibiotic 1 g,Normal Saline containing a prophylactic Antibiotic 1 g,ext:saline,1
"Placebo single ascending doses, intravenous","Placebo single ascending doses, intravenous",ext:placebo,1
Placebo multiple intravenous administrations,Placebo multiple intravenous administrations,ext:placebo,1
placebo topical gel,placebo topical gel,ext:placebo,1
Placebo dose level B oral,Placebo dose level B oral,ext:placebo,1
Placebo dose level A oral,Placebo dose level A oral,ext:placebo,1
Placebo Dose level C oral,Placebo Dose level C oral,ext:placebo,1
naloxegol placebo,naloxegol placebo,ext:placebo,1
codeine placebo,codeine placebo,ext:placebo,1
28 GBq 177Lu-DOTATATE,28 GBq 177Lu-DOTATATE,radiotracer/imaging,1
22 GBq 177Lu-DOTATATE,22 GBq 177Lu-DOTATATE,radiotracer/imaging,1
Placebo Naltrexone,Placebo Naltrexone,ext:placebo,1
Placebo for venetoclax,Placebo for venetoclax,ext:placebo,1
Rebamipide-placebo,Rebamipide-placebo,ext:placebo,1
DA-9701 placebo,DA-9701 placebo,ext:placebo,1
"IN-DEX 1.5 mcg/kg, intranasal saline","IN-DEX 1.5 mcg/kg, intranasal saline",ext:saline,1
"IN-DEX 1.0 mcg/kg, intranasal saline","IN-DEX 1.0 mcg/kg, intranasal saline",ext:saline,1
Placebo for CTP-543,Placebo for CTP-543,ext:placebo,1
Sterile Saline Solution,Sterile Saline Solution,ext:saline,1
Placebo - dummy inhaler,Placebo - dummy inhaler,ext:placebo,1
Secukinumab Placebo,Secukinumab Placebo,ext:placebo,1
Pooled Placebo,Pooled Placebo,ext:placebo,1
Placebo 2g/day divided in two doses for 24 weeks,Placebo 2g/day divided in two doses for 24 weeks,ext:placebo,1
Placebo (for Eltrombopag),Placebo (for Eltrombopag),ext:placebo,1
Placebo (for d-amphetamine),Placebo (for d-amphetamine),ext:placebo,1
Placebo (for Amoxicillin-clavulanic Acid),Placebo (for Amoxicillin-clavulanic Acid),ext:placebo,1
Placebo to match MMV390048 80 mg,Placebo to match MMV390048 80 mg,ext:placebo,1
Placebo to match MMV390048 40 mg,Placebo to match MMV390048 40 mg,ext:placebo,1
Placebo to match MMV390048 120 mg,Placebo to match MMV390048 120 mg,ext:placebo,1
Zolpidem-matched placebo,Zolpidem-matched placebo,ext:placebo,1
Ringer Lactate (10ml/kg) fluid expansion,Ringer Lactate (10ml/kg) fluid expansion,ext:ringer,1
Hypertonic saline (3ml/kg) fluid expansion,Hypertonic saline (3ml/kg) fluid expansion,ext:saline,1
Placebo (for suvorexant),Placebo (for suvorexant),ext:placebo,1
IDP-122 Vehicle Cream,IDP-122 Vehicle Cream,ext:vehicle,1
Saline (IV fluids),Saline (IV fluids),ext:saline,1
CELBESTA® placebo,CELBESTA placebo,ext:placebo,1
AGN-190584 Vehicle,AGN-190584 Vehicle,ext:vehicle,1
Placebo: Infiltration of 0.9% Saline Solution,Placebo: Infiltration of 0.9% Saline Solution,ext:placebo,1
CELEBREX® placebo,CELEBREX placebo,ext:placebo,1
Nebulized Placebo,Nebulized Placebo,ext:placebo,1
2 mg Placebo plus 2 L Polyethylene Glycol regimen,2 mg Placebo plus 2 L Polyethylene Glycol regimen,ext:placebo,1
Rosuvastatin 20mg Placebo,Rosuvastatin 20mg Placebo,ext:placebo,1
DP-R208 Placebo,DP-R208 Placebo,ext:placebo,1
89Zr-AMG211,89Zr-AMG211,radiotracer/imaging,1
Inhaled normal saline,Inhaled normal saline,ext:saline,1
Inhaled isopropyl alcohol,Inhaled isopropyl alcohol,ext:alcohol,1
YH23537 placebo,YH23537 placebo,ext:placebo,1
Candesartan32mg Placebo,Candesartan32mg Placebo,ext:placebo,1
Placebo Montelukast 10mg,Placebo Montelukast 10mg,ext:placebo,1
Placebo Bilastine 20mg,Placebo Bilastine 20mg,ext:placebo,1
mannitol 20% intravenous fluid,mannitol 20% intravenous fluid,ext:mannitol,1
Placebo (for Alpha Lipoic Acid),Placebo (for Alpha Lipoic Acid),ext:placebo,1
Placebo q2w,Placebo q2w,ext:placebo,1
Placebo marijuana,Placebo marijuana,ext:placebo,1
NPC-15 Placebo Granule,NPC-15 Placebo Granule,ext:placebo,1
AC-170 Vehicle,AC-170 Vehicle,ext:vehicle,1
Normal (0.9%) Saline,Normal (0.9%) Saline,ext:saline,1
Intranasal Saline,Intranasal Saline,ext:saline,1
5% Glucose,5% Glucose,ext:glucose,1
5% Glucose after heart recovery,5% Glucose after heart recovery,ext:glucose,1
5% Glucose after anaesthesia induction,5% Glucose after anaesthesia induction,ext:glucose,1
5% Glucose after ICU admission,5% Glucose after ICU admission,ext:glucose,1
Placebo matching LCZ696,Placebo matching LCZ696,ext:placebo,1
Placebo for Glimepiride,Placebo for Glimepiride,ext:placebo,1
Placebo for Bexagliflozin,Placebo for Bexagliflozin,ext:placebo,1
Placebo injection SC/IV,Placebo injection SC/IV,ext:placebo,1
Saline (Syringe irrigation),Saline (Syringe irrigation),ext:saline,1
Placebo - Secukinumab (AIN457) 150 mg s.c.,Placebo - Secukinumab (AIN457) 150 mg s.c.,ext:placebo,1
Placebo intravaginal ring (IVR),Placebo intravaginal ring (IVR),ext:placebo,1
Fluconazole placebo,Fluconazole placebo,ext:placebo,1
iodinated contrast agents,iodinated contrast agents,ext:contrast,1
Ultrasound contrast agent (Contrast-enhanced ultrasound),Ultrasound contrast agent (Contrast-enhanced ultrasound),ext:contrast,1
Exenatide Placebo,Exenatide Placebo,ext:placebo,1
Acarbose Placebo,Acarbose Placebo,ext:placebo,1
TAK-648 Placebo,TAK-648 Placebo,ext:placebo,1
Lyophilized albiglutide DCC pen injector matching placebo,Lyophilized albiglutide DCC pen injector matching placebo,ext:placebo,1
Albiglutide liquid auto-injector matching placebo,Albiglutide liquid auto-injector matching placebo,ext:placebo,1
Ibuprofen and Placebo,Ibuprofen and Placebo,ext:placebo,1
Metamizole and Placebo,Metamizole and Placebo,ext:placebo,1
Mitoxantrone packaged EDV (EnGeneIC Delivery Vehicle),Mitoxantrone packaged EDV (EnGeneIC Delivery Vehicle),ext:vehicle,1
Placebo (for paricalcitol),Placebo (for paricalcitol),ext:placebo,1
"Normal saline fluid bolus 20mL/kg, max 1000mL","Normal saline fluid bolus 20mL/kg, max 1000mL",ext:saline,1
Placebo for Dapagliflozin,Placebo for Dapagliflozin,ext:placebo,1
Ropivacaine after dilution with sodium chloride 0.9%,Ropivacaine after dilution with sodium chloride 0.9%,canonical:Sodium Chloride,1
Placebo Comparator - No Sitagliptin,Placebo Comparator - No Sitagliptin,ext:placebo,1
Vehicle topical ophthalmic solution,Vehicle topical ophthalmic solution,ext:vehicle,1
Placebo lozenges,Placebo lozenges,ext:placebo,1
sodium bicarbonate 500mg capsules,sodium bicarbonate 500mg capsules,ext:sodium bicarbonate,1
Ringerfundin,Ringerfundin,ext:ringer,1
Placebo 4 g,Placebo 4 g,ext:placebo,1
Topical Sterile Water Placebo Group,Topical Sterile Water Placebo Group,ext:placebo,1
[18F]FP-TZTP,[18F]FP-TZTP,radiotracer/imaging,1
Placebo Sitagliptin,Placebo Sitagliptin,ext:placebo,1
Placebo Evogliptin,Placebo Evogliptin,ext:placebo,1
GSK1278863 matching Placebo,GSK1278863 matching Placebo,ext:placebo,1
vehicle of OTX-101,vehicle of OTX-101,ext:vehicle,1
Vehicle Cream (placebo),Vehicle Cream (placebo),ext:placebo,1
No Lipid Emulsion/Placebo,No Lipid Emulsion/Placebo,ext:placebo,1
0.9% Nacl,0.9% Nacl,ext:nacl,1
placebo multiple doses,placebo multiple doses,ext:placebo,1
dihydroartemisinin-piperaquine placebo,dihydroartemisinin-piperaquine placebo,ext:placebo,1
regional anesthesia placebo,regional anesthesia placebo,ext:placebo,1
"Conoxia (AGA, oxygen)","Conoxia (AGA, oxygen)",ext:oxygen,1
Low Dose Contrast (Omnipaque) 50 mL,Low Dose Contrast (Omnipaque) 50 mL,ext:contrast,1
Low Dose Contrast (Omnipaque) 40mL,Low Dose Contrast (Omnipaque) 40mL,ext:contrast,1
HCP1303 capsule 5/0.4mg placebo,HCP1303 capsule 5/0.4mg placebo,ext:placebo,1
HCP1303 capsule 5/0.2mg placebo,HCP1303 capsule 5/0.2mg placebo,ext:placebo,1
Placebo of Testosterone Gel 1%,Placebo of Testosterone Gel 1%,ext:placebo,1
HGP1201 placebo,HGP1201 placebo,ext:placebo,1
[13N]ammonia,[13N]ammonia,radiotracer/imaging,1
[11C]HED,[11C]HED,radiotracer/imaging,1
LY2409021 placebo,LY2409021 placebo,ext:placebo,1
0.9% Normal Saline (0.9% Sodium Chloride) injection,0.9% Normal Saline (0.9% Sodium Chloride) injection,canonical:Sodium Chloride,1
"d-amphetamine, Placebo, Lisdexamfetamine","d-amphetamine, Placebo, Lisdexamfetamine",ext:placebo,1
"Placebo, Lisdexamfetamine, d-amphetamine","Placebo, Lisdexamfetamine, d-amphetamine",ext:placebo,1
"Lisdexamfetamine, d-amphetamine, Placebo","Lisdexamfetamine, d-amphetamine, Placebo",ext:placebo,1
Placebo of Estradiol Vaginal Tablets 10 mcg (Glenmark),Placebo of Estradiol Vaginal Tablets 10 mcg (Glenmark),ext:placebo,1
extended release of placebo,extended release of placebo,ext:placebo,1
Placebo (Treatment C),Placebo (Treatment C),ext:placebo,1
Saline Injections,Saline Injections,ext:saline,1
Pregabalin & Placebo,Pregabalin & Placebo,ext:placebo,1
Magnesium sulphate & Placebo,Magnesium sulphate & Placebo,ext:placebo,1
placebo (for azithromycin),placebo (for azithromycin),ext:placebo,1
CHF5259 or Placebo administration,CHF5259 or Placebo administration,ext:placebo,1
18F-fluciclovine PET CT,18F-fluciclovine PET CT,radiotracer/imaging,1
ALK diluent,ALK diluent,ext:diluent,1
18-F FDG,18-F FDG,radiotracer/imaging,1
non-ionic monomer iodinated CT contrast media,non-ionic monomer iodinated CT contrast media,ext:contrast,1
pre-ovulation Decoction(placebo),pre-ovulation Decoction(placebo),ext:placebo,1
post-ovulation Decoction(placebo),post-ovulation Decoction(placebo),ext:placebo,1
IM normal saline,IM normal saline,ext:saline,1
Normal saline mixed with second dose succinylcholine,Normal saline mixed with second dose succinylcholine,ext:saline,1
MR contrast media and medications,MR contrast media and medications,ext:contrast,1
Saline 0.9% (matching placebo),Saline 0.9% (matching placebo),ext:placebo,1
[18F]PGM299,[18F]PGM299,radiotracer/imaging,1
Placebo of oxycodone extended-release,Placebo of oxycodone extended-release,ext:placebo,1
Hypertonic 3% saline,Hypertonic 3% saline,ext:saline,1
Placebo plus Econazole nitrate 150 mg vaginal pessary,Placebo plus Econazole nitrate 150 mg vaginal pessary,ext:placebo,1
Placebo for cabotegravir oral tablet,Placebo for cabotegravir oral tablet,ext:placebo,1
Placebo for TDF/FTC tablets,Placebo for TDF/FTC tablets,ext:placebo,1
MK-1029 Matching-image Placebo,MK-1029 Matching-image Placebo,ext:placebo,1
[18F]FPEB PET imaging,[18F]FPEB PET imaging,radiotracer/imaging,1
Placebo for Dexmedetomidine normal saline infusion,Placebo for Dexmedetomidine normal saline infusion,ext:placebo,1
Ginsenoside H dripping pills+Placebo,Ginsenoside H dripping pills+Placebo,ext:placebo,1
Placebo plus Econazole nitrate 1% intravaginal cream,Placebo plus Econazole nitrate 1% intravaginal cream,ext:placebo,1
Placebo plus Benzydamine HCl 0.12% intravaginal cream,Placebo plus Benzydamine HCl 0.12% intravaginal cream,ext:placebo,1
Placebo intravaginal cream,Placebo intravaginal cream,ext:placebo,1
placebo for ezetimibe,placebo for ezetimibe,ext:placebo,1
Placebo for alirocumab,Placebo for alirocumab,ext:placebo,1
Placebo - single doses,Placebo - single doses,ext:placebo,1
Placebo - repeat doses,Placebo - repeat doses,ext:placebo,1
Placebo plus Benzydamine HCl 6 mg vaginal pessary,Placebo plus Benzydamine HCl 6 mg vaginal pessary,ext:placebo,1
Placebo vaginal pessary,Placebo vaginal pessary,ext:placebo,1
Placebo for celecoxib,Placebo for celecoxib,ext:placebo,1
oxygen concentration,oxygen concentration,ext:oxygen,1
carbon dioxide concentration,carbon dioxide concentration,ext:carbon dioxide,1
Placebo (for racemic epinephrine),Placebo (for racemic epinephrine),ext:placebo,1
Saline 0.9% IV,Saline 0.9% IV,ext:saline,1
Placebo (for Xanamem™),Placebo (for Xanamem),ext:placebo,1
18F-sodium fluoride PET/MR,18F-sodium fluoride PET/MR,radiotracer/imaging,1
30 ml/kg Ringer's lactate,30 ml/kg Ringer's lactate,ext:ringer,1
10 ml/kg Ringer's lactate,10 ml/kg Ringer's lactate,ext:ringer,1
AP611074 matching placebo,AP611074 matching placebo,ext:placebo,1
Secukinumab and Placebo,Secukinumab and Placebo,ext:placebo,1
Plus placebo laxative,Plus placebo laxative,ext:placebo,1
FLOLAN injection with currently marketed diluent,FLOLAN injection with currently marketed diluent,ext:diluent,1
Perillyl alcohol,Perillyl alcohol,ext:alcohol,1
Placebo misoprostol,Placebo misoprostol,ext:placebo,1
Placebo mifepristone,Placebo mifepristone,ext:placebo,1
Smecta placebo,Smecta placebo,ext:placebo,1
Placebo to match GSK557296,Placebo to match GSK557296,ext:placebo,1
FLOLAN injection with reformulated diluent,FLOLAN injection with reformulated diluent,ext:diluent,1
"balanced crystalloid solution (components: sodium chloride, sodium gluconate, sodium acetate, potassium chloride and magnesium chloride)","balanced crystalloid solution (components: sodium chloride, sodium gluconate, sodium acetate, potassium chloride and magnesium chloride)",canonical:Sodium Chloride,1
Intraperitoneal normal saline,Intraperitoneal normal saline,ext:saline,1
Placebo Upadacitinib,Placebo Upadacitinib,ext:placebo,1
Placebo (for 33A),Placebo (for 33A),ext:placebo,1
Neosaldina® & Placebo,Neosaldina & Placebo,ext:placebo,1
Cefaliv® & Placebo,Cefaliv & Placebo,ext:placebo,1
osilodrostat Placebo,osilodrostat Placebo,ext:placebo,1
Saline alone,Saline alone,ext:saline,1
Lenvatinib matching placebo,Lenvatinib matching placebo,ext:placebo,1
Intra-nasal saline,Intra-nasal saline,ext:saline,1
ultra-micronized palmitoylethanolamide,ultra-micronized palmitoylethanolamide,ext:ethanol,1
"Drug, placebo gel","Drug, placebo gel",ext:placebo,1
NEO6860 placebo,NEO6860 placebo,ext:placebo,1
Placebo to LJN452,Placebo to LJN452,ext:placebo,1
TIP and placebo,TIP and placebo,ext:placebo,1
AZD4831 placebo,AZD4831 placebo,ext:placebo,1
BPX-01 Vehicle Gel,BPX-01 Vehicle Gel,ext:vehicle,1
oral placebo tablets plus placebo cream,oral placebo tablets plus placebo cream,ext:placebo,1
hepatectomy with dextrose water,hepatectomy with dextrose water,ext:dextrose,1
GSP 301 Placebo NS pH 3.7,GSP 301 Placebo NS pH 3.7,ext:placebo,1
Placebo rinse,Placebo rinse,ext:placebo,1
placebo 400 sublingual,placebo 400 sublingual,ext:placebo,1
GSP 301 Placebo NS pH 7.0,GSP 301 Placebo NS pH 7.0,ext:placebo,1
Inspiratory oxygen,Inspiratory oxygen,ext:oxygen,1
Placebo pulsatilla,Placebo pulsatilla,ext:placebo,1
Placebo Sepia,Placebo Sepia,ext:placebo,1
Placebo Nux vomica,Placebo Nux vomica,ext:placebo,1
Placebo Natrum muriaticum,Placebo Natrum muriaticum,ext:placebo,1
Placebo Lachesis,Placebo Lachesis,ext:placebo,1
Placebo Folliculinum,Placebo Folliculinum,ext:placebo,1
Magnesium sulfate 50% - 2g/h,Magnesium sulfate 50% - 2g/h,ext:magnesium sulfate,1
Vehicle Control Gel,Vehicle Control Gel,ext:vehicle,1
Contrast ultrasound of leg muscle with Sonazoid (Contrast ultrasound microvascular perfusion imaging),Contrast ultrasound of leg muscle with Sonazoid (Contrast ultrasound microvascular perfusion imaging),ext:contrast,1
BIC Placebo,BIC Placebo,ext:placebo,1
Placebo first BA,Placebo first BA,ext:placebo,1
Placebo matching ZL-2102,Placebo matching ZL-2102,ext:placebo,1
Vehicle placebo 0.0% NS2 dermatologic cream,Vehicle placebo 0.0% NS2 dermatologic cream,ext:placebo,1
Netarsudil (AR-13324) Ophthalmic Solution Placebo,Netarsudil (AR-13324) Ophthalmic Solution Placebo,ext:placebo,1
Oxytocin nasal spray or placebo,Oxytocin nasal spray or placebo,ext:placebo,1
[18F]DPA-714 PET,[18F]DPA-714 PET,radiotracer/imaging,1
Hyperbaric oxygen (1.5 ATA + NBH),Hyperbaric oxygen (1.5 ATA + NBH),ext:oxygen,1
"Hyperbaric oxygen (1.5 ATA, no NBH)","Hyperbaric oxygen (1.5 ATA, no NBH)",ext:oxygen,1
misoprostol/placebo,misoprostol/placebo,ext:placebo,1
fentanyl citrate+ ondansetron hydrochloride + normal saline,fentanyl citrate+ ondansetron hydrochloride + normal saline,ext:saline,1
"Placebo, Omeprazole or Rabeprazole, Clarithromycin","Placebo, Omeprazole or Rabeprazole, Clarithromycin",ext:placebo,1
"Hyperbaric oxygen (2.5 ATA, no NBH)","Hyperbaric oxygen (2.5 ATA, no NBH)",ext:oxygen,1
Hyperbaric oxygen (2.5 ATA + NBH),Hyperbaric oxygen (2.5 ATA + NBH),ext:oxygen,1
"Hyperbaric oxygen (2.0 ATA, no NBH)","Hyperbaric oxygen (2.0 ATA, no NBH)",ext:oxygen,1
Hyperbaric oxygen (2.0 ATA + NBH),Hyperbaric oxygen (2.0 ATA + NBH),ext:oxygen,1
Ketamine and saline,Ketamine and saline,ext:saline,1
saline isotonic solution,saline isotonic solution,ext:saline,1
68Ga-DOTA-Bombesin,68Ga-DOTA-Bombesin,radiotracer/imaging,1
Sertraline Liquid Placebo,Sertraline Liquid Placebo,ext:placebo,1
Placebo (for D-cycloserine),Placebo (for D-cycloserine),ext:placebo,1
Placebo (SD-101-0.0) cream,Placebo (SD-101-0.0) cream,ext:placebo,1
TAK-448 Placebo,TAK-448 Placebo,ext:placebo,1
Rituximab Placebo,Rituximab Placebo,ext:placebo,1
[18F] LBT-999 PET,[18F] LBT-999 PET,radiotracer/imaging,1
Placebo matching BI 409306 50 mg,Placebo matching BI 409306 50 mg,ext:placebo,1
Placebo matching BI 409306 25 mg,Placebo matching BI 409306 25 mg,ext:placebo,1
LiRIS Placebo,LiRIS Placebo,ext:placebo,1
Placebo for Aspirin,Placebo for Aspirin,ext:placebo,1
Placebo Lapatinib,Placebo Lapatinib,ext:placebo,1
Placebo matched to VX-661/ ivacaftor,Placebo matched to VX-661/ ivacaftor,ext:placebo,1
LEO 130852A placebo gel,LEO 130852A placebo gel,ext:placebo,1
Iron Sucrose Azad,Iron Sucrose Azad,ext:sucrose,1
Saline Irrigation with Ethanol,Saline Irrigation with Ethanol,ext:saline,1
[18 F]-6-L-fluorodihydroxyphenylalanine (18F-FDOPA),[18 F]-6-L-fluorodihydroxyphenylalanine (18F-FDOPA),radiotracer/imaging,1
FTC/TDF FDC Matching Placebo,FTC/TDF FDC Matching Placebo,ext:placebo,1
DRV/COBI FDC Matching Placebo,DRV/COBI FDC Matching Placebo,ext:placebo,1
D/C/F/TAF FDC - Matching Placebo,D/C/F/TAF FDC - Matching Placebo,ext:placebo,1
placebo vehicle,placebo vehicle,ext:placebo,1
Placebo-Apremilast,Placebo-Apremilast,ext:placebo,1
Placebo for Inhaled Carbon Monoxide at 200ppm (2 participants),Placebo for Inhaled Carbon Monoxide at 200ppm (2 participants),ext:placebo,1
Placebo for Inhaled Carbon Monoxide at 100ppm (2 participants),Placebo for Inhaled Carbon Monoxide at 100ppm (2 participants),ext:placebo,1
Intravenous saline 0.9%,Intravenous saline 0.9%,ext:saline,1
Placebo of ofloxacine,Placebo of ofloxacine,ext:placebo,1
Debio 1450 Oral Placebo,Debio 1450 Oral Placebo,ext:placebo,1
Purethal -placebo,Purethal -placebo,ext:placebo,1
normobaric oxygen with face mask,normobaric oxygen with face mask,ext:oxygen,1
Prulifloxacin Placebo,Prulifloxacin Placebo,ext:placebo,1
Placebo (matches lasmiditan doses),Placebo (matches lasmiditan doses),ext:placebo,1
fluid challenge of saline,fluid challenge of saline,ext:saline,1
Placebo Part II,Placebo Part II,ext:placebo,1
Placebo Part I,Placebo Part I,ext:placebo,1
AGN-223575 vehicle ophthalmic solution,AGN-223575 vehicle ophthalmic solution,ext:vehicle,1
chlorhexidine 0.12%/Ethyl alcohol 7%,chlorhexidine 0.12%/Ethyl alcohol 7%,ext:alcohol,1
Ethyl Alcohol 7%,Ethyl Alcohol 7%,ext:alcohol,1
Chlorhexidine 2%/Ethyl alcohol 7%,Chlorhexidine 2%/Ethyl alcohol 7%,ext:alcohol,1
Matching Placebo for Dapagliflozin,Matching Placebo for Dapagliflozin,ext:placebo,1
TAK-020 Placebo,TAK-020 Placebo,ext:placebo,1
Aerosol spray vehicle,Aerosol spray vehicle,ext:vehicle,1
E2027 matching placebo,E2027 matching placebo,ext:placebo,1
[18F]FES,[18F]FES,radiotracer/imaging,1
[11C]PF-06427878,[11C]PF-06427878,radiotracer/imaging,1
Placebo for Veliparib,Placebo for Veliparib,ext:placebo,1
Ethanol 40% + Enoxaparine 400UI/ml,Ethanol 40% + Enoxaparine 400UI/ml,ext:ethanol,1
Glucose Tolerance Drink,Glucose Tolerance Drink,ext:glucose,1
20% ethanol,20% ethanol,ext:ethanol,1
Combination therapy Vehicle Cream A + Vehicle Cream B,Combination therapy Vehicle Cream A + Vehicle Cream B,ext:vehicle,1
Placebo-Oral,Placebo-Oral,ext:placebo,1
Placebo of Estrogen,Placebo of Estrogen,ext:placebo,1
AGN-232411 Vehicle,AGN-232411 Vehicle,ext:vehicle,1
Placebo patch & placebo capsule,Placebo patch & placebo capsule,ext:placebo,1
Placebo patch & galantamine capsule,Placebo patch & galantamine capsule,ext:placebo,1
Nicotine patch & placebo capsule,Nicotine patch & placebo capsule,ext:placebo,1
Placebo for APD791,Placebo for APD791,ext:placebo,1
Methylprednisolone +Placebo,Methylprednisolone +Placebo,ext:placebo,1
Treatment 0; Saline placebo,Treatment 0; Saline placebo,ext:placebo,1
Brinz/brim vehicle,Brinz/brim vehicle,ext:vehicle,1
Placebo transdermal gel,Placebo transdermal gel,ext:placebo,1
Placebo drink solution,Placebo drink solution,ext:placebo,1
Placebo for Cyproheptadine,Placebo for Cyproheptadine,ext:placebo,1
Fluid challenge (250 ml Lactated Ringer's solution),Fluid challenge (250 ml Lactated Ringer's solution),ext:ringer,1
"Kaleorid, 750mg (trade name), Potassium chloride (active substance)","Kaleorid, 750mg (trade name), Potassium chloride (active substance)",ext:potassium chloride,1
Placebo (Part A and Part B),Placebo (Part A and Part B),ext:placebo,1
Placebo intake once daily,Placebo intake once daily,ext:placebo,1
Placebo 6g per day per oral for 28 days,Placebo 6g per day per oral for 28 days,ext:placebo,1
Gelified ethanol combined to pulsed radiofrequency,Gelified ethanol combined to pulsed radiofrequency,ext:ethanol,1
Gelified ethanol,Gelified ethanol,ext:ethanol,1
AL-335 matching placebo,AL-335 matching placebo,ext:placebo,1
Saline placebo inhaler,Saline placebo inhaler,ext:placebo,1
Placebo_Men,Placebo_Men,ext:placebo,1
PRS-080-Placebo#001,PRS-080-Placebo#001,ext:placebo,1
Loperamide hydrochloride placebo capsule,Loperamide hydrochloride placebo capsule,ext:placebo,1
Loperamide hydrochloride + simethicone chewable placebo tablet,Loperamide hydrochloride + simethicone chewable placebo tablet,ext:placebo,1
Placebo_Women,Placebo_Women,ext:placebo,1
"Placebo, (Oral daily dosing for 8 weeks)","Placebo, (Oral daily dosing for 8 weeks)",ext:placebo,1
Ropivacaine + placebo,Ropivacaine + placebo,ext:placebo,1
E=Placebo,E=Placebo,ext:placebo,1
A=Placebo,A=Placebo,ext:placebo,1
Lemborexant-matched placebo.,Lemborexant-matched placebo.,ext:placebo,1
GSK1278863A Placebo,GSK1278863A Placebo,ext:placebo,1
"Placebo, (Oral daily dosing for 7 days)","Placebo, (Oral daily dosing for 7 days)",ext:placebo,1
Part 1 and Part 2: Placebo,Part 1 and Part 2: Placebo,ext:placebo,1
Placebo to match NRD135S.E1,Placebo to match NRD135S.E1,ext:placebo,1
FTC/RPV/TDF Placebo,FTC/RPV/TDF Placebo,ext:placebo,1
EFV/FTC/TDF Placebo,EFV/FTC/TDF Placebo,ext:placebo,1
89Zr-GSK2849330,89Zr-GSK2849330,radiotracer/imaging,1
Placebo to match Budesonide/Formoterol combination,Placebo to match Budesonide/Formoterol combination,ext:placebo,1
Ivacaftor placebo,Ivacaftor placebo,ext:placebo,1
"Placebo, (Oral single dosing)","Placebo, (Oral single dosing)",ext:placebo,1
Placebo eFlow (CS) nebulizer,Placebo eFlow (CS) nebulizer,ext:placebo,1
Placebo BID eFlow Closed System (CS) nebulizer,Placebo BID eFlow Closed System (CS) nebulizer,ext:placebo,1
VX-661 Plus Ivacaftor Combination Placebo,VX-661 Plus Ivacaftor Combination Placebo,ext:placebo,1
Placebo Matched to Suptavumab,Placebo Matched to Suptavumab,ext:placebo,1
30% Glucose,30% Glucose,ext:glucose,1
Enriched Ringer's lactate solution,Enriched Ringer's lactate solution,ext:ringer,1
nicorandil placebo,nicorandil placebo,ext:placebo,1
Placebo and Insulin monotherapy via CL,Placebo and Insulin monotherapy via CL,ext:placebo,1
99mTc-rhAnnexin V-128,99mTc-rhAnnexin V-128,radiotracer/imaging,1
"Placebo BID, (Oral daily dosing for 28 weeks)","Placebo BID, (Oral daily dosing for 28 weeks)",ext:placebo,1
Placebo for terbutaline sulphate,Placebo for terbutaline sulphate,ext:placebo,1
"TAK-137 5mg tablet, TAK-137 placebo tablet","TAK-137 5mg tablet, TAK-137 placebo tablet",ext:placebo,1
"TAK-137 5 mg tablet, TAK-137 placebo tablet or TAK-137 0.5 mg tablet, TAK-137 placebo tablet","TAK-137 5 mg tablet, TAK-137 placebo tablet or TAK-137 0.5 mg tablet, TAK-137 placebo tablet",ext:placebo,1
"TAK-137 5 mg tablet, TAK-137 placebo tablet","TAK-137 5 mg tablet, TAK-137 placebo tablet",ext:placebo,1
"Placebo (Part A, B, C)","Placebo (Part A, B, C)",ext:placebo,1
Placebo ; Miglustat,Placebo ; Miglustat,ext:placebo,1
Miglustat ; placebo,Miglustat ; placebo,ext:placebo,1
tranexamic acid diluted in 100 ml of saline solution (loading dose),tranexamic acid diluted in 100 ml of saline solution (loading dose),ext:saline,1
pericarotidal infiltration (placebo comparator) saline,pericarotidal infiltration (placebo comparator) saline,ext:placebo,1
Technetium Tc99m Sulfur Colloid,Technetium Tc99m Sulfur Colloid,radiotracer/imaging,1
Placebo (glucose solution 10%),Placebo (glucose solution 10%),ext:placebo,1
Placebo (for KRG),Placebo (for KRG),ext:placebo,1
Candesartan cilexetil Placebo,Candesartan cilexetil Placebo,ext:placebo,1
TAK-272 Placebo,TAK-272 Placebo,ext:placebo,1
Placebo (for adalimumab),Placebo (for adalimumab),ext:placebo,1
PRISTINAMYCIN Placebo,PRISTINAMYCIN Placebo,ext:placebo,1
Placebo for 3VM1001,Placebo for 3VM1001,ext:placebo,1
Placebo-acetazolamide,Placebo-acetazolamide,ext:placebo,1
Acetazolamide-placebo,Acetazolamide-placebo,ext:placebo,1
[^11C]T-773,[^11C]T-773,radiotracer/imaging,1
[18F]T807,[18F]T807,radiotracer/imaging,1
Administration of micronized Palmitoylethanolamide (PEA)- Transpolydatin,Administration of micronized Palmitoylethanolamide (PEA)- Transpolydatin,ext:ethanol,1
pregabalin placebo,pregabalin placebo,ext:placebo,1
ASP3662 placebo,ASP3662 placebo,ext:placebo,1
Placebo single dose of dose levels 1-7,Placebo single dose of dose levels 1-7,ext:placebo,1
Placebo parallel multiple dose,Placebo parallel multiple dose,ext:placebo,1
Placebo multiple dose of dose levels 1-4,Placebo multiple dose of dose levels 1-4,ext:placebo,1
Placebo multiple dose of dose levels 1-2,Placebo multiple dose of dose levels 1-2,ext:placebo,1
Placebo Saline Nasal Solution,Placebo Saline Nasal Solution,ext:placebo,1
"Placebo, Part C","Placebo, Part C",ext:placebo,1
"Placebo, Part B","Placebo, Part B",ext:placebo,1
"Placebo, Part A","Placebo, Part A",ext:placebo,1
PLACEBO VAGINAL TABLET,PLACEBO VAGINAL TABLET,ext:placebo,1
AM1030-CREAM or placebo,AM1030-CREAM or placebo,ext:placebo,1
"LEO 80185 gel, vehicle, liquid paraffin","LEO 80185 gel, vehicle, liquid paraffin",ext:vehicle,1
[18F]Fluortriopride,[18F]Fluortriopride,radiotracer/imaging,1
Hypertonic 50% dextrose pleurodesis,Hypertonic 50% dextrose pleurodesis,ext:dextrose,1
Glucose sucking,Glucose sucking,ext:glucose,1
Sitagliptin-Placebo,Sitagliptin-Placebo,ext:placebo,1
Glimepiride-Placebo,Glimepiride-Placebo,ext:placebo,1
Placebo for methotrexate,Placebo for methotrexate,ext:placebo,1
Placebo for etanercept subcutaneous injection,Placebo for etanercept subcutaneous injection,ext:placebo,1
Placebo to Ginkgo biloba,Placebo to Ginkgo biloba,ext:placebo,1
Glaxal Base cream vehicle,Glaxal Base cream vehicle,ext:vehicle,1
Sterile saline solution,Sterile saline solution,ext:saline,1
Placebo (for Ketamine),Placebo (for Ketamine),ext:placebo,1
Intrauterine normal saline,Intrauterine normal saline,ext:saline,1
68Ga-DOTATOC PET/CT Scan,68Ga-DOTATOC PET/CT Scan,radiotracer/imaging,1
"Placebo, intravenous","Placebo, intravenous",ext:placebo,1
BTI320 matching placebo,BTI320 matching placebo,ext:placebo,1
Naxozol-Placebo,Naxozol-Placebo,ext:placebo,1
MT203 80 mg or matching Placebo,MT203 80 mg or matching Placebo,ext:placebo,1
Comparator-Placebo,Comparator-Placebo,ext:placebo,1
LHA510 vehicle,LHA510 vehicle,ext:vehicle,1
MT203 300 mg or matching placebo,MT203 300 mg or matching placebo,ext:placebo,1
Infusion of placebo during 48 hours,Infusion of placebo during 48 hours,ext:placebo,1
MT203 150mg or matching Placebo,MT203 150mg or matching Placebo,ext:placebo,1
Placebo to match dofetilide,Placebo to match dofetilide,ext:placebo,1
Placebo to match GS-6615,Placebo to match GS-6615,ext:placebo,1
68Ga-DOTATOC PET,68Ga-DOTATOC PET,radiotracer/imaging,1
Placebo (for oral opioids),Placebo (for oral opioids),ext:placebo,1
Placebo (for Bupivacain and Fentanyl i epidural catheter),Placebo (for Bupivacain and Fentanyl i epidural catheter),ext:placebo,1
Placebo to match NKTR-181 BID tablets,Placebo to match NKTR-181 BID tablets,ext:placebo,1
Oxygen - normoxia,Oxygen - normoxia,ext:oxygen,1
Oxygen - hyperoxia,Oxygen - hyperoxia,ext:oxygen,1
Lactate Ringers,Lactate Ringers,ext:ringer,1
Part 2: Placebo,Part 2: Placebo,ext:placebo,1
Part 1: Placebo,Part 1: Placebo,ext:placebo,1
Placebo (matched to ivacaftor),Placebo (matched to ivacaftor),ext:placebo,1
Placebo (matched to VX-661 plus ivacaftor combination),Placebo (matched to VX-661 plus ivacaftor combination),ext:placebo,1
JNJ 54175446 Matching Placebo,JNJ 54175446 Matching Placebo,ext:placebo,1
D Amphetamine Matching Placebo,D Amphetamine Matching Placebo,ext:placebo,1
14 Nitrogen (N) Sodium Nitrite,14 Nitrogen (N) Sodium Nitrite,ext:nitrogen,1
Placebo for ombitasvir/paritaprevir/ritonavir and dasabuvir,Placebo for ombitasvir/paritaprevir/ritonavir and dasabuvir,ext:placebo,1
RV6153 matching placebo single dose,RV6153 matching placebo single dose,ext:placebo,1
RV6153 matching placebo 28 day repeat dose,RV6153 matching placebo 28 day repeat dose,ext:placebo,1
RV6153 matching placebo 14 day repeat dose,RV6153 matching placebo 14 day repeat dose,ext:placebo,1
Glycerol/Saline,Glycerol/Saline,ext:saline,1
Placebo of Rosuvastatin/Olmesartan(Combination),Placebo of Rosuvastatin/Olmesartan(Combination),ext:placebo,1
Placebo of Rosuvastatin,Placebo of Rosuvastatin,ext:placebo,1
"ethanol multiple doses plus caffeine, tolbutamide, omeprazole, dextromethorphan, digoxin, midazolam single doses","ethanol multiple doses plus caffeine, tolbutamide, omeprazole, dextromethorphan, digoxin, midazolam single doses",ext:ethanol,1
Placebo (0.9% saline solution),Placebo (0.9% saline solution),ext:placebo,1
Gadolinium contrast dye,Gadolinium contrast dye,ext:contrast,1
Placebo oral suspension/ Placebo capsule,Placebo oral suspension/ Placebo capsule,ext:placebo,1
Placebo gel (combination),Placebo gel (combination),ext:placebo,1
99m-Technetium Ethyl Cysteinate Dimer,99m-Technetium Ethyl Cysteinate Dimer,radiotracer/imaging,1
Aerosolized saline,Aerosolized saline,ext:saline,1
sodium sulfate/potassium sulfate/magnesium sulfate solution,sodium sulfate/potassium sulfate/magnesium sulfate solution,ext:magnesium sulfate,1
Nivolumab + Placebo,Nivolumab + Placebo,ext:placebo,1
Double Placebo Control,Double Placebo Control,ext:placebo,1
Positron Emission Tomography using [11C]diprenorphine,Positron Emission Tomography using [11C]diprenorphine,radiotracer/imaging,1
Placebo (dextrose),Placebo (dextrose),ext:placebo,1
Lower Dose Sodium Bicarbonate,Lower Dose Sodium Bicarbonate,ext:sodium bicarbonate,1
Higher Dose Sodium Bicarbonate,Higher Dose Sodium Bicarbonate,ext:sodium bicarbonate,1
68Ga-NOTA-Aca-BBN,68Ga-NOTA-Aca-BBN,radiotracer/imaging,1
Placebo for fosaprepitant,Placebo for fosaprepitant,ext:placebo,1
Placebo for maraviroc (MVC),Placebo for maraviroc (MVC),ext:placebo,1
Placebo for dolutegravir (DTG),Placebo for dolutegravir (DTG),ext:placebo,1
18F-PSS232,18F-PSS232,radiotracer/imaging,1
normal saline pleurodesis,normal saline pleurodesis,ext:saline,1
"cecefazolin and metronidazole (in a dilute solution of tumescent lidocaine, epinephrin and sodium bicarbonate in 0.9% physiologic saline)","cecefazolin and metronidazole (in a dilute solution of tumescent lidocaine, epinephrin and sodium bicarbonate in 0.9% physiologic saline)",ext:saline,1
Topical Vehicle solution,Topical Vehicle solution,ext:vehicle,1
Placebo (for BL-8040),Placebo (for BL-8040),ext:placebo,1
Cocamide diethanolamine,Cocamide diethanolamine,ext:ethanol,1
Metformin placebo,Metformin placebo,ext:placebo,1
[18F]MNI-792 (tracer),[18F]MNI-792 (tracer),radiotracer/imaging,1
18F-Fluoroazomycin arabinoside,18F-Fluoroazomycin arabinoside,radiotracer/imaging,1
Placebo (corresponding to atorvastatin),Placebo (corresponding to atorvastatin),ext:placebo,1
Placebo (corresponding to metformin),Placebo (corresponding to metformin),ext:placebo,1
Nature's Tears Sterile Water,Nature's Tears Sterile Water,ext:sterile water,1
cocamide diethanolamine,cocamide diethanolamine,ext:ethanol,1
placeboo,placeboo,ext:placebo,1
60% oxygen,60% oxygen,ext:oxygen,1
100% oxygen,100% oxygen,ext:oxygen,1
Tezacaftor/Ivacaftor matching placebo,Tezacaftor/Ivacaftor matching placebo,ext:placebo,1
Ivacaftor matching placebo,Ivacaftor matching placebo,ext:placebo,1
68Ga-NOTA-PRGD2,68Ga-NOTA-PRGD2,radiotracer/imaging,1
Placebo AZD9291 80 mg/40 mg,Placebo AZD9291 80 mg/40 mg,ext:placebo,1
Placebo ChangTai Keli,Placebo ChangTai Keli,ext:placebo,1
N-Acetylcysteine followed by Placebo,N-Acetylcysteine followed by Placebo,ext:placebo,1
Rivaroxaban-Placebo,Rivaroxaban-Placebo,ext:placebo,1
Starch Placebo,Starch Placebo,ext:placebo,1
Placebo followed by N-Acetylcysteine,Placebo followed by N-Acetylcysteine,ext:placebo,1
Perineural saline,Perineural saline,ext:saline,1
PHMB Vehicle,PHMB Vehicle,ext:vehicle,1
IV propofol & placebo,IV propofol & placebo,ext:placebo,1
IV dexmedetomidine & placebo,IV dexmedetomidine & placebo,ext:placebo,1
Tranexamic Acid Placebo,Tranexamic Acid Placebo,ext:placebo,1
Rosuvastatin or matching placebo,Rosuvastatin or matching placebo,ext:placebo,1
HTL0009936 matching placebo,HTL0009936 matching placebo,ext:placebo,1
Matching Placebo for Dapagliflozin 10 mg and Saxagliptin 2.5mg,Matching Placebo for Dapagliflozin 10 mg and Saxagliptin 2.5mg,ext:placebo,1
Salbutamol matched placebo,Salbutamol matched placebo,ext:placebo,1
RPL554 matched placebo,RPL554 matched placebo,ext:placebo,1
Ipratropium matched placebo,Ipratropium matched placebo,ext:placebo,1
Sodium Chloride [3%],Sodium Chloride [3%],canonical:Sodium Chloride,1
Sodium Chloride [0.9%],Sodium Chloride [0.9%],canonical:Sodium Chloride,1
Iron Sucrose 200mg,Iron Sucrose 200mg,ext:sucrose,1
Calcium carbonate (placebo),Calcium carbonate (placebo),ext:placebo,1
"Oxygen (FiO2 1,0)","Oxygen (FiO2 1,0)",ext:oxygen,1
Placebo Growth Hormone Releasing Hormone,Placebo Growth Hormone Releasing Hormone,ext:placebo,1
HCP1102Placebo+HGP0711,HCP1102Placebo+HGP0711,ext:placebo,1
HCP1102+HGP0711Placebo,HCP1102+HGP0711Placebo,ext:placebo,1
sacubitril/valsartan (LCZ696) matching placebo,sacubitril/valsartan (LCZ696) matching placebo,ext:placebo,1
enalapril matching placebo,enalapril matching placebo,ext:placebo,1
Placebo 2ml,Placebo 2ml,ext:placebo,1
[11C]-GSK2256098 500 MBq,[11C]-GSK2256098 500 MBq,radiotracer/imaging,1
vehicle of P-3058 10%,vehicle of P-3058 10%,ext:vehicle,1
Placebo for Atorvastatin 10 mg capsule,Placebo for Atorvastatin 10 mg capsule,ext:placebo,1
Placebo for Ezetimibe 10 mg tablet,Placebo for Ezetimibe 10 mg tablet,ext:placebo,1
Placebo of HGP0816,Placebo of HGP0816,ext:placebo,1
Placebo of HCP1105,Placebo of HCP1105,ext:placebo,1
colchicine placebo,colchicine placebo,ext:placebo,1
MRI Contrast,MRI Contrast,ext:contrast,1
AZD9977 placebo oral suspension,AZD9977 placebo oral suspension,ext:placebo,1
Matching placebo to dapagliflozin,Matching placebo to dapagliflozin,ext:placebo,1
LABCAT TCJUSS Placebo,LABCAT TCJUSS Placebo,ext:placebo,1
Escitalopram Placebo,Escitalopram Placebo,ext:placebo,1
Obeticholic acid placebo,Obeticholic acid placebo,ext:placebo,1
TAK-491 placebo,TAK-491 placebo,ext:placebo,1
NaCl 0.9% intranasal,NaCl 0.9% intranasal,canonical:NaCl 0.9%,1
Matching Placebo pMDI 160/4.5 μg,Matching Placebo pMDI 160/4.5 μg,ext:placebo,1
Placebo to match prednisone,Placebo to match prednisone,ext:placebo,1
NaCl 9% isotonic,NaCl 9% isotonic,ext:nacl,1
Bicalutamide Placebo,Bicalutamide Placebo,ext:placebo,1
Apalutamide Placebo,Apalutamide Placebo,ext:placebo,1
[18F]MNI-815 (MNI-815),[18F]MNI-815 (MNI-815),radiotracer/imaging,1
Placebo equivalent,Placebo equivalent,ext:placebo,1
Jinyebaidu granule placebo,Jinyebaidu granule placebo,ext:placebo,1
Fufangshuanghua granule placebo,Fufangshuanghua granule placebo,ext:placebo,1
3 % hypertonic saline up to 72H,3 % hypertonic saline up to 72H,ext:saline,1
3 % hypertonic saline up to 24H,3 % hypertonic saline up to 24H,ext:saline,1
Placebo - Normal Saline,Placebo - Normal Saline,ext:placebo,1
Placebo (for fedovapagon),Placebo (for fedovapagon),ext:placebo,1
[18F]FDOPA PET/CT,[18F]FDOPA PET/CT,radiotracer/imaging,1
Placebo of cholecalciferol,Placebo of cholecalciferol,ext:placebo,1
Risperidone plus Placebo,Risperidone plus Placebo,ext:placebo,1
Intravenous (IV) magnesium sulfate (MgSO4),Intravenous (IV) magnesium sulfate (MgSO4),ext:magnesium sulfate,1
0.9% Normal Saline (intraoperative),0.9% Normal Saline (intraoperative),ext:saline,1
0.9% Normal Saline (3 hours after operation),0.9% Normal Saline (3 hours after operation),ext:saline,1
Administration of Placebo capsules,Administration of Placebo capsules,ext:placebo,1
"sevoflurane, nitrous oxide and oxygen","sevoflurane, nitrous oxide and oxygen",ext:oxygen,1
99mTc-Annexin V-128 SPECT,99mTc-Annexin V-128 SPECT,radiotracer/imaging,1
Placebo Part D,Placebo Part D,ext:placebo,1
Placebo Part C,Placebo Part C,ext:placebo,1
Placebo Part A2,Placebo Part A2,ext:placebo,1
Placebo Part A1,Placebo Part A1,ext:placebo,1
18F-FFNP,18F-FFNP,radiotracer/imaging,1
SRP and Placebo gel,SRP and Placebo gel,ext:placebo,1
nerve block with saline,nerve block with saline,ext:saline,1
nerve block with ropivacaine and with saline,nerve block with ropivacaine and with saline,ext:saline,1
Continuous oxygen,Continuous oxygen,ext:oxygen,1
placebo : sodium chloride,placebo : sodium chloride,canonical:Sodium Chloride,1
Iopamidol 300 (Contrast),Iopamidol 300 (Contrast),ext:contrast,1
Placebo (psychoactive placebo midazolam) + Placebo,Placebo (psychoactive placebo midazolam) + Placebo,ext:placebo,1
Ketamine + Placebo,Ketamine + Placebo,ext:placebo,1
SRP plus Placebo Gel,SRP plus Placebo Gel,ext:placebo,1
Ringerfundin ® B. Braun,Ringerfundin  B. Braun,ext:ringer,1
Placebo (Lactose tablet),Placebo (Lactose tablet),ext:placebo,1
Z-215 Placebo,Z-215 Placebo,ext:placebo,1
Rabeprazole Sodium Placebo,Rabeprazole Sodium Placebo,ext:placebo,1
Placebo tab,Placebo tab,ext:placebo,1
AZD0585 placebo,AZD0585 placebo,ext:placebo,1
Placebo toxin,Placebo toxin,ext:placebo,1
Placebo - Microcrystalline Cellulose,Placebo - Microcrystalline Cellulose,ext:placebo,1
11C-sarcosine,11C-sarcosine,radiotracer/imaging,1
placebo baclofen,placebo baclofen,ext:placebo,1
The marketed product 2-5 MBq/kg 18F-fluorodeoxyglucose,The marketed product 2-5 MBq/kg 18F-fluorodeoxyglucose,radiotracer/imaging,1
Sevelamer placebo,Sevelamer placebo,ext:placebo,1
Placebo (for Rosuvastatin 5mg and DP-R207 5/10mg),Placebo (for Rosuvastatin 5mg and DP-R207 5/10mg),ext:placebo,1
Placebo (for Rosuvastatin 20mg and DP-R207 20/10mg),Placebo (for Rosuvastatin 20mg and DP-R207 20/10mg),ext:placebo,1
Placebo (for Rosuvastatin 10mg and DP-R207 10/10mg),Placebo (for Rosuvastatin 10mg and DP-R207 10/10mg),ext:placebo,1
MLN3126 Placebo,MLN3126 Placebo,ext:placebo,1
18F-Al-NOTA-PRGD2 PET/CT,18F-Al-NOTA-PRGD2 PET/CT,radiotracer/imaging,1
Ropivacaine 20ml 5mg/ml+ Placebo,Ropivacaine 20ml 5mg/ml+ Placebo,ext:placebo,1
Intravenous Normal Saline,Intravenous Normal Saline,ext:saline,1
Placebo to CMS,Placebo to CMS,ext:placebo,1
Placebo Plus Chemotherapy,Placebo Plus Chemotherapy,ext:placebo,1
"Atorvastatin40mg, Ezetimibe placebo","Atorvastatin40mg, Ezetimibe placebo",ext:placebo,1
Placebo (for Nitazoxanide),Placebo (for Nitazoxanide),ext:placebo,1
Tianzhi granule and placebo identified to donepezil,Tianzhi granule and placebo identified to donepezil,ext:placebo,1
Donepezil and placebo identified to Tianzhi granule,Donepezil and placebo identified to Tianzhi granule,ext:placebo,1
Hypersaline,Hypersaline,ext:saline,1
Empagliflozin placebo + linagliptin placebo low dose,Empagliflozin placebo + linagliptin placebo low dose,ext:placebo,1
Empa + lina highdose placebo,Empa + lina highdose placebo,ext:placebo,1
"Atorvastatin20mg, Ezetimibe placebo","Atorvastatin20mg, Ezetimibe placebo",ext:placebo,1
"Atorvastatin10mg, Ezetimibe placebo","Atorvastatin10mg, Ezetimibe placebo",ext:placebo,1
TAK-792 750 mg placebo,TAK-792 750 mg placebo,ext:placebo,1
TAK-792 500 mg placebo,TAK-792 500 mg placebo,ext:placebo,1
TAK-792 30 mg placebo,TAK-792 30 mg placebo,ext:placebo,1
TAK-792 250 mg placebo,TAK-792 250 mg placebo,ext:placebo,1
TAK-792 1250 mg placebo,TAK-792 1250 mg placebo,ext:placebo,1
TAK-792 100 mg placebo,TAK-792 100 mg placebo,ext:placebo,1
Placebo to match BCX7353,Placebo to match BCX7353,ext:placebo,1
[11C]TASP0410699,[11C]TASP0410699,radiotracer/imaging,1
18F-FDS,18F-FDS,radiotracer/imaging,1
"Placebo First, then ORADUR®","Placebo First, then ORADUR",ext:placebo,1
"ORADUR® First, then Placebo","ORADUR First, then Placebo",ext:placebo,1
Placebo #2,Placebo #2,ext:placebo,1
Placebo #1,Placebo #1,ext:placebo,1
Placebo to DSM265 400 mg,Placebo to DSM265 400 mg,ext:placebo,1
"sodium lactate Ringer's injection(Baxter, ShangHai, China)","sodium lactate Ringer's injection(Baxter, ShangHai, China)",canonical:Sodium Lactate,1
"Compound Sodium Chloride Injection (CR Double-Crane, Beijing, China)","Compound Sodium Chloride Injection (CR Double-Crane, Beijing, China)",canonical:Sodium Chloride,1
68Ga-BMV101,68Ga-BMV101,radiotracer/imaging,1
VM-1500/Placebo,VM-1500/Placebo,ext:placebo,1
Placebo(For THVD-201),Placebo(For THVD-201),ext:placebo,1
Placebo(For Detrusitol 2mg tablet),Placebo(For Detrusitol 2mg tablet),ext:placebo,1
Placebo (umeclidinium/vilanterol ),Placebo (umeclidinium/vilanterol ),ext:placebo,1
Placebo (umeclidinium/vilanterol),Placebo (umeclidinium/vilanterol),ext:placebo,1
Placebo for ODM-109,Placebo for ODM-109,ext:placebo,1
"Placebo, oral suspension","Placebo, oral suspension",ext:placebo,1
Control-Placebo,Control-Placebo,ext:placebo,1
LME636 Vehicle,LME636 Vehicle,ext:vehicle,1
Arthrocentesis/Saline,Arthrocentesis/Saline,ext:saline,1
Vehicle-Control Topical Solution,Vehicle-Control Topical Solution,ext:vehicle,1
Normal Saline placebo drops,Normal Saline placebo drops,ext:placebo,1
[68Ga]RM2,[68Ga]RM2,radiotracer/imaging,1
LEO 32731 cream vehicle,LEO 32731 cream vehicle,ext:vehicle,1
MED Placebo,MED Placebo,ext:placebo,1
3ml-15%-dextrose solution,3ml-15%-dextrose solution,ext:dextrose,1
177Lu-DOTATATE 25.9 GBq activity,177Lu-DOTATATE 25.9 GBq activity,radiotracer/imaging,1
177Lu-DOTATATE 18.5 GBq activity,177Lu-DOTATATE 18.5 GBq activity,radiotracer/imaging,1
placebo beverage (for alcohol),placebo beverage (for alcohol),ext:placebo,1
Placebo pill (for varenicline),Placebo pill (for varenicline),ext:placebo,1
Fluoxetine placebo,Fluoxetine placebo,ext:placebo,1
Combined oral contraceptives placebo,Combined oral contraceptives placebo,ext:placebo,1
normal saline(Saline 0.9%),normal saline(Saline 0.9%),ext:saline,1
normal saline (Saline 0.9%),normal saline (Saline 0.9%),ext:saline,1
Placebo for saxagliptin,Placebo for saxagliptin,ext:placebo,1
Placebo for glimepiride,Placebo for glimepiride,ext:placebo,1
[18F] FMISO,[18F] FMISO,radiotracer/imaging,1
placebo patches of placebo-control group,placebo patches of placebo-control group,ext:placebo,1
Placebo delivered via a Vectura Dry Powder Inhaler,Placebo delivered via a Vectura Dry Powder Inhaler,ext:placebo,1
Placebo (for varenicline),Placebo (for varenicline),ext:placebo,1
Sterile normal saline,Sterile normal saline,ext:saline,1
Carbon Dioxide Drug Delivery System (CDDS),Carbon Dioxide Drug Delivery System (CDDS),ext:carbon dioxide,1
0.9% saline eye drops,0.9% saline eye drops,ext:saline,1
Placebo To Match GSK1325756,Placebo To Match GSK1325756,ext:placebo,1
ABC/3TC Placebo,ABC/3TC Placebo,ext:placebo,1
Placebo (for armodafinil),Placebo (for armodafinil),ext:placebo,1
Placebo to LCZ696,Placebo to LCZ696,ext:placebo,1
Placebo to Enalapril,Placebo to Enalapril,ext:placebo,1
Placebo To Match Oseltamivir Phosphate,Placebo To Match Oseltamivir Phosphate,ext:placebo,1
[18F]-GP1,[18F]-GP1,radiotracer/imaging,1
SA001 60mg or Placebo,SA001 60mg or Placebo,ext:placebo,1
SA001 300mg or Placebo,SA001 300mg or Placebo,ext:placebo,1
SA001 240mg or Placebo,SA001 240mg or Placebo,ext:placebo,1
SA001 180mg or Placebo,SA001 180mg or Placebo,ext:placebo,1
SA001 120mg or Placebo,SA001 120mg or Placebo,ext:placebo,1
Valsartan Placebo,Valsartan Placebo,ext:placebo,1
Azilsartan medoxomil Placebo,Azilsartan medoxomil Placebo,ext:placebo,1
Tamoxifen Placebo,Tamoxifen Placebo,ext:placebo,1
Clomiphene citrate placebo,Clomiphene citrate placebo,ext:placebo,1
Placebo to diclofenac potassium,Placebo to diclofenac potassium,ext:placebo,1
placebo (for injection training only),placebo (for injection training only),ext:placebo,1
Low Volume iso-osmolar non-ionic radio contrast medium,Low Volume iso-osmolar non-ionic radio contrast medium,ext:contrast,1
9% Saline (NS),9% Saline (NS),ext:saline,1
Placebo matching BMS-929075,Placebo matching BMS-929075,ext:placebo,1
sodium bicarbonate powders with grain size 40 µm,sodium bicarbonate powders with grain size 40 µm,ext:sodium bicarbonate,1
nivolumab placebo,nivolumab placebo,ext:placebo,1
ipilimumab placebo,ipilimumab placebo,ext:placebo,1
sodium bicarbonate powders with grain size 65 µm,sodium bicarbonate powders with grain size 65 µm,ext:sodium bicarbonate,1
Placebo: 3VM1001 vehicle 3g Cream 3 times daily,Placebo: 3VM1001 vehicle 3g Cream 3 times daily,ext:placebo,1
Placebo: 3VM1001 vehicle 2g Cream 3 times daily,Placebo: 3VM1001 vehicle 2g Cream 3 times daily,ext:placebo,1
Normal saline gargle,Normal saline gargle,ext:saline,1
Nicotine saline 0.00mcg/kg/s,Nicotine saline 0.00mcg/kg/s,ext:saline,1
Masked Placebo,Masked Placebo,ext:placebo,1
AIN457 Placebo,AIN457 Placebo,ext:placebo,1
Placebo (for guanfacine),Placebo (for guanfacine),ext:placebo,1
Maternal Hyperoxygenation,Maternal Hyperoxygenation,ext:oxygen,1
Nicotinamide Placebo,Nicotinamide Placebo,ext:placebo,1
Lanthanum Carbonate Placebo,Lanthanum Carbonate Placebo,ext:placebo,1
Placebo (canagliflozin),Placebo (canagliflozin),ext:placebo,1
Endovenous normal saline,Endovenous normal saline,ext:saline,1
Placebo: 3VM1001 vehicle 3g Cream 4 times daily,Placebo: 3VM1001 vehicle 3g Cream 4 times daily,ext:placebo,1
oral drug and vaginal placebo,oral drug and vaginal placebo,ext:placebo,1
Placebo Intranasal Spray,Placebo Intranasal Spray,ext:placebo,1
Placebo then Naloxone,Placebo then Naloxone,ext:placebo,1
Naloxone then placebo,Naloxone then placebo,ext:placebo,1
NaCl20% (Continuous hyperosmolar therapy),NaCl20% (Continuous hyperosmolar therapy),ext:nacl,1
Control group (Normal Saline) (C),Control group (Normal Saline) (C),ext:saline,1
Alcohol free essential oils,Alcohol free essential oils,ext:alcohol,1
MATCHING PLACEBO,MATCHING PLACEBO,ext:placebo,1
oral drug and oral placebo,oral drug and oral placebo,ext:placebo,1
hypotone saline,hypotone saline,ext:saline,1
Technetium Tc-99m Sodium Pertechnetate,Technetium Tc-99m Sodium Pertechnetate,radiotracer/imaging,1
Iontophoresis of placebo,Iontophoresis of placebo,ext:placebo,1
Topiramate and Placebo,Topiramate and Placebo,ext:placebo,1
18F FDG PET/CT scan,18F FDG PET/CT scan,radiotracer/imaging,1
Placebo injection and botulinum toxin injection,Placebo injection and botulinum toxin injection,ext:placebo,1
Alcohol-free Chlorhexidine Gluconate 0.12%,Alcohol-free Chlorhexidine Gluconate 0.12%,ext:alcohol,1
Sucrose Syrup,Sucrose Syrup,ext:sucrose,1
Alcohol-based Chlorhexidine Gluconate 0.12%,Alcohol-based Chlorhexidine Gluconate 0.12%,ext:alcohol,1
linaclotide or placebo,linaclotide or placebo,ext:placebo,1
18F-Florbetaben (Neuraceq®) PET/MRI,18F-Florbetaben (Neuraceq) PET/MRI,radiotracer/imaging,1
GSP304 Placebo Inhalation Solution,GSP304 Placebo Inhalation Solution,ext:placebo,1
Vaginal placebo+ oral placebo,Vaginal placebo+ oral placebo,ext:placebo,1
Placebo Comparator (n=24),Placebo Comparator (n=24),ext:placebo,1
14-Day Placebo - Oil Vehicle,14-Day Placebo - Oil Vehicle,ext:placebo,1
Nefopam or saline,Nefopam or saline,ext:saline,1
"[18F]F-AraG PET Scan, baseline + post anti-PD-1 therapy.","[18F]F-AraG PET Scan, baseline + post anti-PD-1 therapy.",radiotracer/imaging,1
Vehicle of ADX-102 Ophthalmic Solution,Vehicle of ADX-102 Ophthalmic Solution,ext:vehicle,1
Vehicle patch,Vehicle patch,ext:vehicle,1
No alcohol,No alcohol,ext:alcohol,1
Placebo followed by Secukinumab,Placebo followed by Secukinumab,ext:placebo,1
GLPG3067/GLPG2222/GLPG2737 Placebo multiple dose,GLPG3067/GLPG2222/GLPG2737 Placebo multiple dose,ext:placebo,1
COCP Placebo,COCP Placebo,ext:placebo,1
0.5% Bupivacaine+Glucose,0.5% Bupivacaine+Glucose,ext:glucose,1
GLPG3067/GLPG2222 Placebo multiple dose,GLPG3067/GLPG2222 Placebo multiple dose,ext:placebo,1
Experimental Group 2 triamcinolone and saline,Experimental Group 2 triamcinolone and saline,ext:saline,1
ALX-101 Gel 5% and ALX-101 Gel Vehicle,ALX-101 Gel 5% and ALX-101 Gel Vehicle,ext:vehicle,1
ALX-101 Gel 1.5% and ALX-101 Gel Vehicle,ALX-101 Gel 1.5% and ALX-101 Gel Vehicle,ext:vehicle,1
18F-Raltegravir,18F-Raltegravir,radiotracer/imaging,1
NiuBangZi pill or NiuBangZi pill placebo,NiuBangZi pill or NiuBangZi pill placebo,ext:placebo,1
Fangji Huangqi pill or Fangji Huangqi pill placebo,Fangji Huangqi pill or Fangji Huangqi pill placebo,ext:placebo,1
Placebo 300 mg,Placebo 300 mg,ext:placebo,1
Oral saline,Oral saline,ext:saline,1
Nasal saline,Nasal saline,ext:saline,1
Placebo to glargine,Placebo to glargine,ext:placebo,1
Placebo to MK-1092,Placebo to MK-1092,ext:placebo,1
PNA Placebo,PNA Placebo,ext:placebo,1
Normal Saline 5mL,Normal Saline 5mL,ext:saline,1
Normal Saline 20mL/kg,Normal Saline 20mL/kg,ext:saline,1
placebo of DWC20156,placebo of DWC20156,ext:placebo,1
placebo of DWC20155,placebo of DWC20155,ext:placebo,1
Placebo of Gasmotin,Placebo of Gasmotin,ext:placebo,1
Placebo of DWJ1252,Placebo of DWJ1252,ext:placebo,1
DWP14012 placebo,DWP14012 placebo,ext:placebo,1
Midazolam Placebo Solution,Midazolam Placebo Solution,ext:placebo,1
PNA placebo,PNA placebo,ext:placebo,1
Placebo suvorexant,Placebo suvorexant,ext:placebo,1
Placebo lemborexant,Placebo lemborexant,ext:placebo,1
SMV Placebo (Matching 150 mg SMV),SMV Placebo (Matching 150 mg SMV),ext:placebo,1
Placebo zolpidem,Placebo zolpidem,ext:placebo,1
Methylprednisolone or placebo,Methylprednisolone or placebo,ext:placebo,1
Placebo of Risperidone ISM,Placebo of Risperidone ISM,ext:placebo,1
Placebo-Controlled Graded Drug Challenge,Placebo-Controlled Graded Drug Challenge,ext:placebo,1
Placebo II,Placebo II,ext:placebo,1
Placebo I,Placebo I,ext:placebo,1
ODV Placebo (Matching 25 mg ODV),ODV Placebo (Matching 25 mg ODV),ext:placebo,1
ODV Placebo (Matching 200 mg ODV),ODV Placebo (Matching 200 mg ODV),ext:placebo,1
ODV Placebo (Matching 125 mg ODV),ODV Placebo (Matching 125 mg ODV),ext:placebo,1
ODV Placebo (Matching 100 mg ODV),ODV Placebo (Matching 100 mg ODV),ext:placebo,1
Moxifloxacin Placebo (matching 400 mg moxifloxacin),Moxifloxacin Placebo (matching 400 mg moxifloxacin),ext:placebo,1
AL-335 Placebo (matching 1200 mg AL-335),AL-335 Placebo (matching 1200 mg AL-335),ext:placebo,1
Placebo Matched to Tocilizumab,Placebo Matched to Tocilizumab,ext:placebo,1
Placebo Matched to MTX,Placebo Matched to MTX,ext:placebo,1
A placebo ointment,A placebo ointment,ext:placebo,1
Fasinumab-matching placebo,Fasinumab-matching placebo,ext:placebo,1
Naproxen-matching placebo,Naproxen-matching placebo,ext:placebo,1
Nitrous Oxide + Oxygen Gas,Nitrous Oxide + Oxygen Gas,ext:oxygen,1
Dapagliflozin 10mg then Placebo Oral Tablet,Dapagliflozin 10mg then Placebo Oral Tablet,ext:placebo,1
Placebo Oral Tablet then Dapagliflozin 10mg,Placebo Oral Tablet then Dapagliflozin 10mg,ext:placebo,1
Valsartan/Sacubitril or placebo,Valsartan/Sacubitril or placebo,ext:placebo,1
Valsartan or placebo,Valsartan or placebo,ext:placebo,1
Placebo (liquid dosage form),Placebo (liquid dosage form),ext:placebo,1
Placebo-azathioprine,Placebo-azathioprine,ext:placebo,1
Placebo for oral TDF/FTC,Placebo for oral TDF/FTC,ext:placebo,1
Placebo for oral CAB,Placebo for oral CAB,ext:placebo,1
Antibiotic Placebo,Antibiotic Placebo,ext:placebo,1
selective brain cooling by cold saline perfusion,selective brain cooling by cold saline perfusion,ext:saline,1
saline adrenaline,saline adrenaline,ext:saline,1
Comparison 1: Placebo,Comparison 1: Placebo,ext:placebo,1
[18F]-FBA-A20FMDV2,[18F]-FBA-A20FMDV2,radiotracer/imaging,1
SBP placebo,SBP placebo,ext:placebo,1
DanLou Tablet placebo,DanLou Tablet placebo,ext:placebo,1
[18F] MNI-946,[18F] MNI-946,radiotracer/imaging,1
Placebo to TOP1288,Placebo to TOP1288,ext:placebo,1
99mTc sestamibi,99mTc sestamibi,radiotracer/imaging,1
Placebo: Lactose,Placebo: Lactose,ext:placebo,1
Dronabinol and Palmitoylethanolamide,Dronabinol and Palmitoylethanolamide,ext:ethanol,1
Placebo to match valsartan,Placebo to match valsartan,ext:placebo,1
Placebo to match sacubitril/valsartan,Placebo to match sacubitril/valsartan,ext:placebo,1
Placebo to match enalapril,Placebo to match enalapril,ext:placebo,1
Remifentanil+ Placebo,Remifentanil+ Placebo,ext:placebo,1
Placebo (PLB) Oral,Placebo (PLB) Oral,ext:placebo,1
Placebo (PLB) Injectable,Placebo (PLB) Injectable,ext:placebo,1
Fosinopril Placebo,Fosinopril Placebo,ext:placebo,1
Glucose-Dependent Insulinotropic Polypeptide,Glucose-Dependent Insulinotropic Polypeptide,ext:glucose,1
Glycopyrrolate / Formoterol Inhaler vs Placebo Inhaler,Glycopyrrolate / Formoterol Inhaler vs Placebo Inhaler,ext:placebo,1
NaCl 0.9% in Glucose 5% + 40mmol/L Potassium,NaCl 0.9% in Glucose 5% + 40mmol/L Potassium,canonical:NaCl 0.9%,1
[18F]MNI-952,[18F]MNI-952,radiotracer/imaging,1
[68Ga]P16-093,[68Ga]P16-093,radiotracer/imaging,1
Pravastatin Placebo,Pravastatin Placebo,ext:placebo,1
Placebo IV administration,Placebo IV administration,ext:placebo,1
"Placebo at 1st visit, then Acetylsalicylic acid at 2nd visit","Placebo at 1st visit, then Acetylsalicylic acid at 2nd visit",ext:placebo,1
"Acetylsalicylic acid at 1st visit, then Placebo at 2nd visit","Acetylsalicylic acid at 1st visit, then Placebo at 2nd visit",ext:placebo,1
Midazolam + Normal saline,Midazolam + Normal saline,ext:saline,1
Sildenafil 20mg and Placebo,Sildenafil 20mg and Placebo,ext:placebo,1
Ringer-Lactate Infusion Solution Bag,Ringer-Lactate Infusion Solution Bag,ext:ringer,1
Group B placebo oral tablet,Group B placebo oral tablet,ext:placebo,1
BPX-04 vehicle topical gel,BPX-04 vehicle topical gel,ext:vehicle,1
Spironolactone-Placebo,Spironolactone-Placebo,ext:placebo,1
Placebo 20 MG,Placebo 20 MG,ext:placebo,1
177Lu-edotreotide PRRT,177Lu-edotreotide PRRT,radiotracer/imaging,1
Semaglutide placebo 1.0 mg,Semaglutide placebo 1.0 mg,ext:placebo,1
Semaglutide placebo 0.5 mg,Semaglutide placebo 0.5 mg,ext:placebo,1
Oral Morphine + Intranasal Placebo,Oral Morphine + Intranasal Placebo,ext:placebo,1
Intranasal fentanyl + Oral Placebo,Intranasal fentanyl + Oral Placebo,ext:placebo,1
Ethyl alcohol,Ethyl alcohol,ext:alcohol,1
MYK-491 or placebo,MYK-491 or placebo,ext:placebo,1
placebo & entecavir,placebo & entecavir,ext:placebo,1
Placebo matching risperidone,Placebo matching risperidone,ext:placebo,1
Placebo matching MK-8189,Placebo matching MK-8189,ext:placebo,1
Papillary saline spraying,Papillary saline spraying,ext:saline,1
18F-Florbetaben (FBB),18F-Florbetaben (FBB),radiotracer/imaging,1
"Cardiac MRI with contrast agent, Gadovist","Cardiac MRI with contrast agent, Gadovist",ext:contrast,1
"Cardiac MRI taken using contrast agent, Dotarem® (Gd-DOTA)","Cardiac MRI taken using contrast agent, Dotarem (Gd-DOTA)",ext:contrast,1
IV Saline bolus and infusion,IV Saline bolus and infusion,ext:saline,1
IP Saline bolus and infusion,IP Saline bolus and infusion,ext:saline,1
Placebo for Risankizumab SC,Placebo for Risankizumab SC,ext:placebo,1
Placebo for Risankizumab IV,Placebo for Risankizumab IV,ext:placebo,1
placebo for risankizumab IV,placebo for risankizumab IV,ext:placebo,1
Placebo to Adalimumab,Placebo to Adalimumab,ext:placebo,1
placebo delta 9 tetrahydrocannabinol,placebo delta 9 tetrahydrocannabinol,ext:placebo,1
Placebo alcohol,Placebo alcohol,ext:placebo,1
Mannitol Inhalation Kit,Mannitol Inhalation Kit,ext:mannitol,1
S-equol and Placebo,S-equol and Placebo,ext:placebo,1
Placebo and S-equol,Placebo and S-equol,ext:placebo,1
Tirabrutinib placebo,Tirabrutinib placebo,ext:placebo,1
[11C]PF-06809247,[11C]PF-06809247,radiotracer/imaging,1
Cystoscopic Fluid/Placebo,Cystoscopic Fluid/Placebo,ext:placebo,1
"Low dose Aspirin, Vitamin D placebo","Low dose Aspirin, Vitamin D placebo",ext:placebo,1
"High dose Aspirin, Vitamin D placebo","High dose Aspirin, Vitamin D placebo",ext:placebo,1
"Aspirin placebo, Vitamin D placebo","Aspirin placebo, Vitamin D placebo",ext:placebo,1
"Aspirin Placebo, Vitamin D","Aspirin Placebo, Vitamin D",ext:placebo,1
99mTc-Leukoscan® scintigraphy,99mTc-Leukoscan scintigraphy,radiotracer/imaging,1
Placebo Oral tablet to match Venetoclax,Placebo Oral tablet to match Venetoclax,ext:placebo,1
Placebo Oral Tablet and prednisolone,Placebo Oral Tablet and prednisolone,ext:placebo,1
Placebo for bexagliflozin,Placebo for bexagliflozin,ext:placebo,1
"intravenous fluid administration WITH NORMAL SALINE, PLASMALYTE A, OR RINGER LACTATE","intravenous fluid administration WITH NORMAL SALINE, PLASMALYTE A, OR RINGER LACTATE",ext:saline,1
Heparinised saline (10U/ml),Heparinised saline (10U/ml),ext:saline,1
Treatment C: Placebo (morning dose) and placebo (evening dose),Treatment C: Placebo (morning dose) and placebo (evening dose),ext:placebo,1
Treatment B: QVM149 150/50/80 μg (morning dose) and matching placebo (evening dose),Treatment B: QVM149 150/50/80 μg (morning dose) and matching placebo (evening dose),ext:placebo,1
Treatment A: Matching placebo (morning dose) and QVM149 150/50/80 μg (evening dose),Treatment A: Matching placebo (morning dose) and QVM149 150/50/80 μg (evening dose),ext:placebo,1
Placebo (Bed Rest),Placebo (Bed Rest),ext:placebo,1
Placebo (2 week run-in only),Placebo (2 week run-in only),ext:placebo,1
Lidocaine-Sodium Bicarbonate,Lidocaine-Sodium Bicarbonate,ext:sodium bicarbonate,1
Vehicle opthalmic solution,Vehicle opthalmic solution,ext:vehicle,1
0.5% levobupivacaine injectable solution with physiological saline,0.5% levobupivacaine injectable solution with physiological saline,ext:saline,1
0.5% levobupivacaine injectable solution with 10 ml of physiological saline,0.5% levobupivacaine injectable solution with 10 ml of physiological saline,ext:saline,1
Standard analgesia use [Oxygen],Standard analgesia use [Oxygen],ext:oxygen,1
Placebo extended-release oral suspension,Placebo extended-release oral suspension,ext:placebo,1
"Group III (Telmisartan 80 mg, Amlodipine placebo, Rosuvastatin 20 mg)","Group III (Telmisartan 80 mg, Amlodipine placebo, Rosuvastatin 20 mg)",ext:placebo,1
"Group II (Telmisartan 80 mg, Amodipine 10 mg, Rosuvastatin placebo)","Group II (Telmisartan 80 mg, Amodipine 10 mg, Rosuvastatin placebo)",ext:placebo,1
Placebo to TOP1630 Ophthalmic Solution,Placebo to TOP1630 Ophthalmic Solution,ext:placebo,1
18F-JNJ-64413739,18F-JNJ-64413739,radiotracer/imaging,1
11C-JNJ-63779586,11C-JNJ-63779586,radiotracer/imaging,1
Lavage with physiologic saline solution and Osteonil® Mini,Lavage with physiologic saline solution and Osteonil Mini,ext:saline,1
Lavage with physiologic saline solution,Lavage with physiologic saline solution,ext:saline,1
12% Sucrose,12% Sucrose,ext:sucrose,1
Placebo for abatacept (0.9% Sodium Chloride Injection or Solution for Infusion),Placebo for abatacept (0.9% Sodium Chloride Injection or Solution for Infusion),canonical:Sodium Chloride,1
Irrigation with Saline Solution,Irrigation with Saline Solution,ext:saline,1
Rifamycin SV b.i.d. + Placebo,Rifamycin SV b.i.d. + Placebo,ext:placebo,1
Placebo t.i.d.,Placebo t.i.d.,ext:placebo,1
Normal saline 1ml,Normal saline 1ml,ext:saline,1
Normal saline 0.5ml,Normal saline 0.5ml,ext:saline,1
Ringer-Acetate,Ringer-Acetate,ext:ringer,1
Placebo (for Varlitinib),Placebo (for Varlitinib),ext:placebo,1
Placebo for Spiriva Handihaler®,Placebo for Spiriva Handihaler,ext:placebo,1
Placebo for Revefenacin,Placebo for Revefenacin,ext:placebo,1
18F-Al-NOTA-MATBBN PET/CT,18F-Al-NOTA-MATBBN PET/CT,radiotracer/imaging,1
Vehicle of P-3058,Vehicle of P-3058,ext:vehicle,1
Placebo Granule,Placebo Granule,ext:placebo,1
sodium chloride AGUETTANT 0.9%,sodium chloride AGUETTANT 0.9%,canonical:Sodium Chloride,1
[18F]Fluciclovine,[18F]Fluciclovine,radiotracer/imaging,1
Placebo-nalbuphine,Placebo-nalbuphine,ext:placebo,1
Placebo ZNS,Placebo ZNS,ext:placebo,1
Placebo subcutaneous healthy participant,Placebo subcutaneous healthy participant,ext:placebo,1
Placebo intravenous healthy participant,Placebo intravenous healthy participant,ext:placebo,1
fluorodeoxyglucose (FDG)-PET/MRI,fluorodeoxyglucose (FDG)-PET/MRI,radiotracer/imaging,1
glucose solution and Insulin,glucose solution and Insulin,ext:glucose,1
Placebo to Lamivudine,Placebo to Lamivudine,ext:placebo,1
Placebo to Islatravir,Placebo to Islatravir,ext:placebo,1
Placebo to Doravirine/Lamivudine/Tenofovir Disoproxil Fumarate,Placebo to Doravirine/Lamivudine/Tenofovir Disoproxil Fumarate,ext:placebo,1
Placebo to Doravirine,Placebo to Doravirine,ext:placebo,1
glucose solution only,glucose solution only,ext:glucose,1
Placebo + Morphine,Placebo + Morphine,ext:placebo,1
Vincristine Placebo,Vincristine Placebo,ext:placebo,1
Polatuzumab vedotin Placebo,Polatuzumab vedotin Placebo,ext:placebo,1
Placebo Gas,Placebo Gas,ext:placebo,1
oxygen therapy,oxygen therapy,ext:oxygen,1
Carbon dioxide (CO2) gas insufflation,Carbon dioxide (CO2) gas insufflation,ext:carbon dioxide,1
Moxifloxacin Hydrochloride and Sodium Chloride Injection,Moxifloxacin Hydrochloride and Sodium Chloride Injection,canonical:Sodium Chloride,1
PlaceboMNTX,PlaceboMNTX,ext:placebo,1
Vehicle of the Test product,Vehicle of the Test product,ext:vehicle,1
ethanol injection,ethanol injection,ext:ethanol,1
[11C]DPA-713,[11C]DPA-713,radiotracer/imaging,1
Acetaminophen or Placebo,Acetaminophen or Placebo,ext:placebo,1
matching liraglutide-placebo pre-filled pens,matching liraglutide-placebo pre-filled pens,ext:placebo,1
CLS006 Vehicle,CLS006 Vehicle,ext:vehicle,1
Stoss placebo,Stoss placebo,ext:placebo,1
Ethanol-lock,Ethanol-lock,ext:ethanol,1
Placebo and Intermittent Hypoxia Sleep,Placebo and Intermittent Hypoxia Sleep,ext:placebo,1
Placebo matching to SPH3127 50mg,Placebo matching to SPH3127 50mg,ext:placebo,1
Placebo matching to SPH3127 100mg,Placebo matching to SPH3127 100mg,ext:placebo,1
Placebo and Normoxia Sleep,Placebo and Normoxia Sleep,ext:placebo,1
TAK-906 Maleate Placebo,TAK-906 Maleate Placebo,ext:placebo,1
[18F]JNJ-64511070,[18F]JNJ-64511070,radiotracer/imaging,1
use of magnesium sulfate with lidocaine in inferior alveolar nerve block,use of magnesium sulfate with lidocaine in inferior alveolar nerve block,ext:magnesium sulfate,1
Fludeoxyglucose PET MRI,Fludeoxyglucose PET MRI,radiotracer/imaging,1
Fludeoxyglucose PET CT,Fludeoxyglucose PET CT,radiotracer/imaging,1
18F-TPP,18F-TPP,radiotracer/imaging,1
Amoxicillin or Placebo,Amoxicillin or Placebo,ext:placebo,1
[18F] fluciclovine,[18F] fluciclovine,radiotracer/imaging,1
NaCl predilution,NaCl predilution,ext:nacl,1
Vitamin D3 (cholecalciferol) placebo,Vitamin D3 (cholecalciferol) placebo,ext:placebo,1
Omega-3 fatty acid placebo,Omega-3 fatty acid placebo,ext:placebo,1
CS02 tablet and placebo tablet,CS02 tablet and placebo tablet,ext:placebo,1
Placebo oral suspension,Placebo oral suspension,ext:placebo,1
AR-13324 Ophthalmic Solution Placebo,AR-13324 Ophthalmic Solution Placebo,ext:placebo,1
Placebo for Sumatriptan,Placebo for Sumatriptan,ext:placebo,1
Placebo for Lasmiditan,Placebo for Lasmiditan,ext:placebo,1
HL301(Placebo),HL301(Placebo),ext:placebo,1
Rituximab-placebo,Rituximab-placebo,ext:placebo,1
15% oxygen,15% oxygen,ext:oxygen,1
Moderate Alcohol,Moderate Alcohol,ext:alcohol,1
Low Alcohol,Low Alcohol,ext:alcohol,1
"Saline Solution, Hypertonic","Saline Solution, Hypertonic",ext:saline,1
Placebo Matching to Quetiapine XR,Placebo Matching to Quetiapine XR,ext:placebo,1
Placebo Matching to JNJ-42847922,Placebo Matching to JNJ-42847922,ext:placebo,1
Placebo injectable saline,Placebo injectable saline,ext:placebo,1
[11C]PS13,[11C]PS13,radiotracer/imaging,1
hypertonic saline 3%,hypertonic saline 3%,ext:saline,1
[89Zr]-Df-Trastuzumab,[89Zr]-Df-Trastuzumab,radiotracer/imaging,1
Placebo (for Lidocaïne),Placebo (for Lidocaïne),ext:placebo,1
iron sucrose (200 mg VENOFER®),iron sucrose (200 mg VENOFER),ext:sucrose,1
Placebo and Hydrogel admixture,Placebo and Hydrogel admixture,ext:placebo,1
Vehicle Vaginal Cream,Vehicle Vaginal Cream,ext:vehicle,1
Alcohol (IV),Alcohol (IV),ext:alcohol,1
Placebo (PLC/PLC),Placebo (PLC/PLC),ext:placebo,1
Saline sham,Saline sham,ext:saline,1
"Standard steroid dose, hourly salbutamol, oxygen as needed","Standard steroid dose, hourly salbutamol, oxygen as needed",ext:oxygen,1
platelet rich plasma + normal saline,platelet rich plasma + normal saline,ext:saline,1
Placebo (semaglutide 1.0 mg),Placebo (semaglutide 1.0 mg),ext:placebo,1
Placebo (semaglutide 0.5 mg),Placebo (semaglutide 0.5 mg),ext:placebo,1
Placebo 5mg/day extended of 12 additionnal months.,Placebo 5mg/day extended of 12 additionnal months.,ext:placebo,1
DFD-03 (0% tazarotene) Lotion (Placebo),DFD-03 (0% tazarotene) Lotion (Placebo),ext:placebo,1
Entinostat(Placebo),Entinostat(Placebo),ext:placebo,1
ATB-346 OR Placebo,ATB-346 OR Placebo,ext:placebo,1
18F-Flutemetamol PET/MRI,18F-Flutemetamol PET/MRI,radiotracer/imaging,1
ATx201 Cream Vehicle,ATx201 Cream Vehicle,ext:vehicle,1
Placebo/Standard of Care Vitamin D3,Placebo/Standard of Care Vitamin D3,ext:placebo,1
Thiamine hydrochloride (200mg) dissolved in 100 ml of normal saline,Thiamine hydrochloride (200mg) dissolved in 100 ml of normal saline,ext:saline,1
Normal saline (100ml),Normal saline (100ml),ext:saline,1
Hydroxychloroquine placebo,Hydroxychloroquine placebo,ext:placebo,1
PSMA-based 18F-DCFPyL PET tracer,PSMA-based 18F-DCFPyL PET tracer,radiotracer/imaging,1
placebo to valsartan,placebo to valsartan,ext:placebo,1
placebo to sacubitril/valsartan,placebo to sacubitril/valsartan,ext:placebo,1
Jia Wei Yang He granule Placebo,Jia Wei Yang He granule Placebo,ext:placebo,1
ATx201 Placebo,ATx201 Placebo,ext:placebo,1
Low dose sodium bicarbonate,Low dose sodium bicarbonate,ext:sodium bicarbonate,1
High dose sodium bicarbonate,High dose sodium bicarbonate,ext:sodium bicarbonate,1
Avacopan Matching Placebo,Avacopan Matching Placebo,ext:placebo,1
Vilaprisan Placebo,Vilaprisan Placebo,ext:placebo,1
Microgynon Placebo,Microgynon Placebo,ext:placebo,1
Placebo Comparator with physiological saline sterile solution,Placebo Comparator with physiological saline sterile solution,ext:placebo,1
Ringer's Acetate (warm),Ringer's Acetate (warm),ext:ringer,1
Ringer's Acetate (cold),Ringer's Acetate (cold),ext:ringer,1
Placebo Normal saline,Placebo Normal saline,ext:placebo,1
[18F]Fluorofuranylnorprogesterone (FFNP) PET/MR Imaging,[18F]Fluorofuranylnorprogesterone (FFNP) PET/MR Imaging,radiotracer/imaging,1
F-18-FDG,F-18-FDG,radiotracer/imaging,1
Peritoneal Dialysis Solution/Dextrose 1.5%,Peritoneal Dialysis Solution/Dextrose 1.5%,ext:dextrose,1
Placebo buccal tablets,Placebo buccal tablets,ext:placebo,1
Placebo for Metronidazole,Placebo for Metronidazole,ext:placebo,1
Placebo (Plac),Placebo (Plac),ext:placebo,1
Single Dose Placebo,Single Dose Placebo,ext:placebo,1
Placebo Dose Escalation,Placebo Dose Escalation,ext:placebo,1
[11C]AZD1390,[11C]AZD1390,radiotracer/imaging,1
Combined Placebo multiple dose,Combined Placebo multiple dose,ext:placebo,1
"Vehicle of DE-126 Ophthalmic Solution, high dose of DE-126 Ophthalmic Solution","Vehicle of DE-126 Ophthalmic Solution, high dose of DE-126 Ophthalmic Solution",ext:vehicle,1
Placebo ophthalmic solution and 3% DE-089 ophthalmic solution,Placebo ophthalmic solution and 3% DE-089 ophthalmic solution,ext:placebo,1
Sodium chloride /sodium acetate (16.4%),Sodium chloride /sodium acetate (16.4%),canonical:Sodium Chloride,1
Sodium chloride (23.4%),Sodium chloride (23.4%),canonical:Sodium Chloride,1
Placebo oral capsule(s),Placebo oral capsule(s),ext:placebo,1
placebo (sodium chloride 0.9 mg),placebo (sodium chloride 0.9 mg),canonical:Sodium Chloride,1
Renin Angiotensin system (RAS) blockade or Inhibitors of sodium glucose transporter 2 (SGLT2i),Renin Angiotensin system (RAS) blockade or Inhibitors of sodium glucose transporter 2 (SGLT2i),ext:glucose,1
177Lu-ST2210,177Lu-ST2210,radiotracer/imaging,1
ALKS 5461 Placebo,ALKS 5461 Placebo,ext:placebo,1
[68Ga]PSMA-11,[68Ga]PSMA-11,radiotracer/imaging,1
the radiotracer 18F-AV-1451,the radiotracer 18F-AV-1451,radiotracer/imaging,1
[11C]raclopride plus placebo,[11C]raclopride plus placebo,radiotracer/imaging,1
Placebo Marijuana,Placebo Marijuana,ext:placebo,1
[11C]raclopride plus drug,[11C]raclopride plus drug,radiotracer/imaging,1
Group C - placebo,Group C - placebo,ext:placebo,1
GSK2894512 MATCHING VEHICLE CREAM,GSK2894512 MATCHING VEHICLE CREAM,ext:vehicle,1
0.5 ml normal saline (0.9% sodium chloride [0.9% NaCl]),0.5 ml normal saline (0.9% sodium chloride [0.9% NaCl]),canonical:Sodium Chloride,1
11C-OMAR,11C-OMAR,radiotracer/imaging,1
68Ga-DOTA-TOC,68Ga-DOTA-TOC,radiotracer/imaging,1
"Sodium Chloride 0.9%, Intravenous","Sodium Chloride 0.9%, Intravenous",canonical:Sodium Chloride,1
Glutamine vs. Placebo,Glutamine vs. Placebo,ext:placebo,1
Placebo-2,Placebo-2,ext:placebo,1
L-DOPA versus Placebo,L-DOPA versus Placebo,ext:placebo,1
[18F]-AzaFol,[18F]-AzaFol,radiotracer/imaging,1
Temozolomide+Placebo,Temozolomide+Placebo,ext:placebo,1
Normal saline at induction,Normal saline at induction,ext:saline,1
MT-5547-matching placebo,MT-5547-matching placebo,ext:placebo,1
topical normal saline,topical normal saline,ext:saline,1
Low Fructose,Low Fructose,ext:fructose,1
High Fructose,High Fructose,ext:fructose,1
Lidocaine and sodium bicarbonate,Lidocaine and sodium bicarbonate,ext:sodium bicarbonate,1
21% Oxygen,21% Oxygen,ext:oxygen,1
[18F]MNI-1020,[18F]MNI-1020,radiotracer/imaging,1
"a placebo capsule identical to Dulox capsule and 100 ml 0.9% NS IVI over 15 min, as a placebo for dexamethasone","a placebo capsule identical to Dulox capsule and 100 ml 0.9% NS IVI over 15 min, as a placebo for dexamethasone",ext:placebo,1
Matching placebo of ofatumumab,Matching placebo of ofatumumab,ext:placebo,1
Placebo for Angiotensin-(1-7),Placebo for Angiotensin-(1-7),ext:placebo,1
Placebo JNJ-64179375,Placebo JNJ-64179375,ext:placebo,1
Apixaban placebo,Apixaban placebo,ext:placebo,1
"Normal Saline, 100mg, iv, Singe dose","Normal Saline, 100mg, iv, Singe dose",ext:saline,1
111In-CP04 with co-administration of gelofusine/gelaspan,111In-CP04 with co-administration of gelofusine/gelaspan,radiotracer/imaging,1
111In-CP04,111In-CP04,radiotracer/imaging,1
Placebo +G-CSF,Placebo +G-CSF,ext:placebo,1
IL-1Ra Placebo,IL-1Ra Placebo,ext:placebo,1
TAK-906 Placebo,TAK-906 Placebo,ext:placebo,1
OCP + Placebo,OCP + Placebo,ext:placebo,1
Metformin + Placebo,Metformin + Placebo,ext:placebo,1
TAK-418 Placebo,TAK-418 Placebo,ext:placebo,1
"Placebo, metformin, linagliptin, linagliptin + metformin","Placebo, metformin, linagliptin, linagliptin + metformin",ext:placebo,1
IV saline (NaCl 0.9 %),IV saline (NaCl 0.9 %),ext:saline,1
Pregabalin placebo,Pregabalin placebo,ext:placebo,1
GLA5PR GLARS-NF1 placebo,GLA5PR GLARS-NF1 placebo,ext:placebo,1
"Normal Saline Flush, 0.9% Injectable Solution_#5","Normal Saline Flush, 0.9% Injectable Solution_#5",ext:saline,1
Placebo (matched to VX-659/TEZ/VX-561),Placebo (matched to VX-659/TEZ/VX-561),ext:placebo,1
Placebo (matched to VX-659/TEZ/IVA),Placebo (matched to VX-659/TEZ/IVA),ext:placebo,1
Placebo ointment (vehicle),Placebo ointment (vehicle),ext:placebo,1
Placebo for GSK2838232 tablets,Placebo for GSK2838232 tablets,ext:placebo,1
Placebo - Single doses,Placebo - Single doses,ext:placebo,1
Placebo - Repeat doses,Placebo - Repeat doses,ext:placebo,1
18F-fludeoxyglucose (FDG),18F-fludeoxyglucose (FDG),radiotracer/imaging,1
Daily injection of KBP/placebo for 12 weeks as add-on to metformin,Daily injection of KBP/placebo for 12 weeks as add-on to metformin,ext:placebo,1
[18F]DPA-714 PET scan,[18F]DPA-714 PET scan,radiotracer/imaging,1
Placebo Single Dose (SD),Placebo Single Dose (SD),ext:placebo,1
Placebo Multiple Dose (MD),Placebo Multiple Dose (MD),ext:placebo,1
Group 1 Natamycin 5% Suspension + voriconazole 1% eye drops; Group 2 Natamycin 5% Suspension + Vehicle eye drops,Group 1 Natamycin 5% Suspension + voriconazole 1% eye drops; Group 2 Natamycin 5% Suspension + Vehicle eye drops,ext:vehicle,1
18F-DCFPyL PET,18F-DCFPyL PET,radiotracer/imaging,1
BD PosiFlush (saline),BD PosiFlush (saline),ext:saline,1
GSP 301 placebo NS,GSP 301 placebo NS,ext:placebo,1
Placebo for arbaclofen ER tablets,Placebo for arbaclofen ER tablets,ext:placebo,1
Morphine Sulfate placebo,Morphine Sulfate placebo,ext:placebo,1
Fentanyl placebo,Fentanyl placebo,ext:placebo,1
Technetium-99m,Technetium-99m,radiotracer/imaging,1
99mTc-Sestamibi,99mTc-Sestamibi,radiotracer/imaging,1
Placebo (0.17% saline),Placebo (0.17% saline),ext:placebo,1
Pritelivir ointment matching placebo,Pritelivir ointment matching placebo,ext:placebo,1
Placebo-Comparator,Placebo-Comparator,ext:placebo,1
Placebo (for BAY3427080),Placebo (for BAY3427080),ext:placebo,1
Saline endovenous hydratation,Saline endovenous hydratation,ext:saline,1
Ayr saline nasal mist,Ayr saline nasal mist,ext:saline,1
Placebo (0.9% sodium chloride bolus),Placebo (0.9% sodium chloride bolus),canonical:Sodium Chloride,1
placebo for ABBV-8E12,placebo for ABBV-8E12,ext:placebo,1
placebo for carbidopa-levodopa 25-100 mg,placebo for carbidopa-levodopa 25-100 mg,ext:placebo,1
E2027 matched placebo,E2027 matched placebo,ext:placebo,1
(S)-4-(3-[18F]Fluoropropyl)-L-glutamic acid (18F-FSPG),(S)-4-(3-[18F]Fluoropropyl)-L-glutamic acid (18F-FSPG),radiotracer/imaging,1
placebo;etoposide and cisplatin,placebo;etoposide and cisplatin,ext:placebo,1
Ringer-acetat,Ringer-acetat,ext:ringer,1
"Non Surgical Periodontal Treatment includes post operative mouth wash with Listerine® (ethanol 21.6%, methyl salicylate 0.06%, menthol 0.042%, thymol 0.064% and eucalyptol 0.092%)","Non Surgical Periodontal Treatment includes post operative mouth wash with Listerine (ethanol 21.6%, methyl salicylate 0.06%, menthol 0.042%, thymol 0.064% and eucalyptol 0.092%)",ext:ethanol,1
Visually matching placebo,Visually matching placebo,ext:placebo,1
Placebo (Formulation A),Placebo (Formulation A),ext:placebo,1
Placebo to match GS-9674,Placebo to match GS-9674,ext:placebo,1
18F DCFPyL- Radiopharmaceutical,18F DCFPyL- Radiopharmaceutical,radiotracer/imaging,1
Delayed Vigabatrin (Placebo),Delayed Vigabatrin (Placebo),ext:placebo,1
Placebo-matching Atogepant,Placebo-matching Atogepant,ext:placebo,1
placebo fecal microbiota transplantation,placebo fecal microbiota transplantation,ext:placebo,1
Placebo (for Syntocinon),Placebo (for Syntocinon),ext:placebo,1
Placebo Intradermal,Placebo Intradermal,ext:placebo,1
Placebo Intramuscular,Placebo Intramuscular,ext:placebo,1
LT-02 Placebo,LT-02 Placebo,ext:placebo,1
normal saline 100 ml,normal saline 100 ml,ext:saline,1
Normal saline nasal instillation,Normal saline nasal instillation,ext:saline,1
Placebo for Tamsulosin,Placebo for Tamsulosin,ext:placebo,1
Olanzapine Placebo,Olanzapine Placebo,ext:placebo,1
Placebo for vericiguat,Placebo for vericiguat,ext:placebo,1
[18F]GP1,[18F]GP1,radiotracer/imaging,1
Placebo matching BMS-986184,Placebo matching BMS-986184,ext:placebo,1
Vehicle for PAT-001 0.2%,Vehicle for PAT-001 0.2%,ext:vehicle,1
Vehicle for PAT-001 0.1%,Vehicle for PAT-001 0.1%,ext:vehicle,1
1. Berberine placebo tablets; 2. Probiotics placebo powder,1. Berberine placebo tablets; 2. Probiotics placebo powder,ext:placebo,1
1. Berberine placebo tablets ; 2. ProMetS probiotics powder,1. Berberine placebo tablets ; 2. ProMetS probiotics powder,ext:placebo,1
1. Berberine hydrochloride tablets; 2. Probiotics placebo powder,1. Berberine hydrochloride tablets; 2. Probiotics placebo powder,ext:placebo,1
MOB015B Vehicle,MOB015B Vehicle,ext:vehicle,1
placebo MPFF,placebo MPFF,ext:placebo,1
placebo CYCLO 3 ® FORT,placebo CYCLO 3  FORT,ext:placebo,1
Nebulized placebo,Nebulized placebo,ext:placebo,1
placebo lorcaserin,placebo lorcaserin,ext:placebo,1
Sodium Chloride 0.9% (Fresenius),Sodium Chloride 0.9% (Fresenius),canonical:Sodium Chloride,1
Vemurafenib Placebo,Vemurafenib Placebo,ext:placebo,1
One spray CTY-5339-CB in combination with one spray CTY-5339-P (vehicle control: placebo),One spray CTY-5339-CB in combination with one spray CTY-5339-P (vehicle control: placebo),ext:placebo,1
"Placebo, 2 tablets","Placebo, 2 tablets",ext:placebo,1
Maltose (placebo),Maltose (placebo),ext:placebo,1
Placebo ( for Methotrexate),Placebo ( for Methotrexate),ext:placebo,1
Normal Saline Push,Normal Saline Push,ext:saline,1
Normal Saline Drip,Normal Saline Drip,ext:saline,1
ART plus Placebo,ART plus Placebo,ext:placebo,1
Placebo furosemide,Placebo furosemide,ext:placebo,1
Placebo filling,Placebo filling,ext:placebo,1
MMP with Saline infusion,MMP with Saline infusion,ext:saline,1
Placebo to match sitagliptin,Placebo to match sitagliptin,ext:placebo,1
Placebo identical once daily tablet treatment,Placebo identical once daily tablet treatment,ext:placebo,1
Norflouran (Placebo Evohaler(R) ),Norflouran (Placebo Evohaler(R) ),ext:placebo,1
Placebo to match saxagliptin,Placebo to match saxagliptin,ext:placebo,1
florbetapir F 18 PET scan,florbetapir F 18 PET scan,radiotracer/imaging,1
Scopolamine Placebo,Scopolamine Placebo,ext:placebo,1
Lumason Contrast-Enhanced Ultrasound,Lumason Contrast-Enhanced Ultrasound,ext:contrast,1
Verapamil and Magnesium Sulfate,Verapamil and Magnesium Sulfate,ext:magnesium sulfate,1
Placebo (for canagliflozin),Placebo (for canagliflozin),ext:placebo,1
Placebo (for TOP1288),Placebo (for TOP1288),ext:placebo,1
LEO 32731 Placebo,LEO 32731 Placebo,ext:placebo,1
Single intravenous bolus of placebo at the onset of resuscitation,Single intravenous bolus of placebo at the onset of resuscitation,ext:placebo,1
Placebo1401,Placebo1401,ext:placebo,1
Placebo (for Aspirin and Rosuvastatin),Placebo (for Aspirin and Rosuvastatin),ext:placebo,1
hypertonic dextrose prolotherapy,hypertonic dextrose prolotherapy,ext:dextrose,1
fludeoxyglucose,fludeoxyglucose,radiotracer/imaging,1
Placebo to match MTX,Placebo to match MTX,ext:placebo,1
Contrast agent: SonoVue®.,Contrast agent: SonoVue.,ext:contrast,1
Placebo of Valsartan,Placebo of Valsartan,ext:placebo,1
Saline isotonic,Saline isotonic,ext:saline,1
Placebo plus MTX,Placebo plus MTX,ext:placebo,1
TAP block placebo,TAP block placebo,ext:placebo,1
Matched vehicle,Matched vehicle,ext:vehicle,1
Juanbi pill placebo,Juanbi pill placebo,ext:placebo,1
Oral administration of P218 matching placebo,Oral administration of P218 matching placebo,ext:placebo,1
GS-9876 placebo,GS-9876 placebo,ext:placebo,1
normal saline nasal spray,normal saline nasal spray,ext:saline,1
12mg betamethasone +placebo,12mg betamethasone +placebo,ext:placebo,1
"Placebo of Pimecrolimus Cream, 1%","Placebo of Pimecrolimus Cream, 1%",ext:placebo,1
Placebo (for Zonisamide),Placebo (for Zonisamide),ext:placebo,1
Placebo of LCZ696 (Sacubitril/Valsartan),Placebo of LCZ696 (Sacubitril/Valsartan),ext:placebo,1
Prednisone /Prednisone placebo,Prednisone /Prednisone placebo,ext:placebo,1
LEO 90100 aerosol foam vehicle,LEO 90100 aerosol foam vehicle,ext:vehicle,1
[18F] FES,[18F] FES,radiotracer/imaging,1
HGP0904 Placebo,HGP0904 Placebo,ext:placebo,1
HGP0816 Placebo,HGP0816 Placebo,ext:placebo,1
Medical Oxygen,Medical Oxygen,ext:oxygen,1
placebo (for macitentan),placebo (for macitentan),ext:placebo,1
Placebo for Oxycodone,Placebo for Oxycodone,ext:placebo,1
Placebo for Cannabis,Placebo for Cannabis,ext:placebo,1
placebo + avastin + platinum-based chemotherapy,placebo + avastin + platinum-based chemotherapy,ext:placebo,1
18F-fluorothymidine,18F-fluorothymidine,radiotracer/imaging,1
Glucose 5% (placebo),Glucose 5% (placebo),ext:placebo,1
nasal oxytocin or placebo,nasal oxytocin or placebo,ext:placebo,1
Placebo of Succinate of Solifenacin,Placebo of Succinate of Solifenacin,ext:placebo,1
Placebo continuous,Placebo continuous,ext:placebo,1
18F FAZA,18F FAZA,radiotracer/imaging,1
Dihydroartemisinin-piperaquine (DP) + Primaquine (PQ) placebo,Dihydroartemisinin-piperaquine (DP) + Primaquine (PQ) placebo,ext:placebo,1
Exenatide placebo (saline),Exenatide placebo (saline),ext:placebo,1
23.4% Hypertonic saline,23.4% Hypertonic saline,ext:saline,1
Placebo-cyclophosphamide,Placebo-cyclophosphamide,ext:placebo,1
Albiglutide matching placebo,Albiglutide matching placebo,ext:placebo,1
Matched-Placebo for Tafenoquine,Matched-Placebo for Tafenoquine,ext:placebo,1
Azelaic acid foam - Placebo,Azelaic acid foam - Placebo,ext:placebo,1
Placebo (for NK-104-CR),Placebo (for NK-104-CR),ext:placebo,1
Placebo (for Livalo® IR),Placebo (for Livalo IR),ext:placebo,1
CJ 0.9% Normal Saline Injection,CJ 0.9% Normal Saline Injection,ext:saline,1
"""bupivacainediluted with 1 ml of normal saline"" and ""25 μg fentanyl ""","""bupivacainediluted with 1 ml of normal saline"" and ""25 μg fentanyl """,ext:saline,1
Matched-Placebo for Primaquine,Matched-Placebo for Primaquine,ext:placebo,1
placebo (folic acid ),placebo (folic acid ),ext:placebo,1
Placebo (for clonidine),Placebo (for clonidine),ext:placebo,1
Normal Saline injection,Normal Saline injection,ext:saline,1
Placebo Pregnenolone,Placebo Pregnenolone,ext:placebo,1
Placebo Dronabinol,Placebo Dronabinol,ext:placebo,1
Placebo 100 (for Aspirin 100),Placebo 100 (for Aspirin 100),ext:placebo,1
Placebo (for Aspirin 300),Placebo (for Aspirin 300),ext:placebo,1
placebo saline (0.9% NaCl),placebo saline (0.9% NaCl),ext:placebo,1
Exenatide-LAR plus Dapagliflozin placebo,Exenatide-LAR plus Dapagliflozin placebo,ext:placebo,1
Modified Ringers Lactate,Modified Ringers Lactate,ext:ringer,1
Placebo for Propofol,Placebo for Propofol,ext:placebo,1
"0,9% NaCl","0,9% NaCl",ext:nacl,1
[F-18]-Fludeoxyglucose,[F-18]-Fludeoxyglucose,radiotracer/imaging,1
Identical-appearing Placebo,Identical-appearing Placebo,ext:placebo,1
68Ga-(HBED-CC)-PSMA,68Ga-(HBED-CC)-PSMA,radiotracer/imaging,1
NORMAL SALINE,NORMAL SALINE,ext:saline,1
Placebo matching BMS-986166,Placebo matching BMS-986166,ext:placebo,1
Melatonin PR placebo,Melatonin PR placebo,ext:placebo,1
Clonazepam placebo,Clonazepam placebo,ext:placebo,1
LY2403021 placebo,LY2403021 placebo,ext:placebo,1
Placebo for Finasteride 0.25%,Placebo for Finasteride 0.25%,ext:placebo,1
Ropivacaine and Normal saline,Ropivacaine and Normal saline,ext:saline,1
Placebo capsules for use in HANDIHALER device,Placebo capsules for use in HANDIHALER device,ext:placebo,1
Placebo ELLIPTA device,Placebo ELLIPTA device,ext:placebo,1
TIVA+placebo,TIVA+placebo,ext:placebo,1
Sevoflurane+placebo,Sevoflurane+placebo,ext:placebo,1
Iron Sucrose Supplement,Iron Sucrose Supplement,ext:sucrose,1
Matched Placebo (for Simvastatin),Matched Placebo (for Simvastatin),ext:placebo,1
Saline Solution (TA0),Saline Solution (TA0),ext:saline,1
68Ga-HBED-CC-PSMA (DKFZ-11) PET/CT,68Ga-HBED-CC-PSMA (DKFZ-11) PET/CT,radiotracer/imaging,1
50% dextrose solution,50% dextrose solution,ext:dextrose,1
Placebo for formoterol fumarate,Placebo for formoterol fumarate,ext:placebo,1
Training+Simvastatin-placebo+Q10-placebo,Training+Simvastatin-placebo+Q10-placebo,ext:placebo,1
Training+Simvastatin+Q10-placebo,Training+Simvastatin+Q10-placebo,ext:placebo,1
Cytisine Placebo,Cytisine Placebo,ext:placebo,1
Nicotine Replacement Therapy Placebo,Nicotine Replacement Therapy Placebo,ext:placebo,1
Varenicline Placebo,Varenicline Placebo,ext:placebo,1
Solu-medrol or placebo administration,Solu-medrol or placebo administration,ext:placebo,1
Placebo multiple ascending dose,Placebo multiple ascending dose,ext:placebo,1
natural saline,natural saline,ext:saline,1
18F-Fluorocholine PET/CT,18F-Fluorocholine PET/CT,radiotracer/imaging,1
Vehicle of KPI-121 Ophthalmic Suspension dosed BID,Vehicle of KPI-121 Ophthalmic Suspension dosed BID,ext:vehicle,1
CROWN Placebo,CROWN Placebo,ext:placebo,1
Placebo multiple elderly dose,Placebo multiple elderly dose,ext:placebo,1
Placebo Ointment BID,Placebo Ointment BID,ext:placebo,1
Placebo PIB,Placebo PIB,ext:placebo,1
"Magnesium sulfate 6g loading dose, 2g/hr infusion","Magnesium sulfate 6g loading dose, 2g/hr infusion",ext:magnesium sulfate,1
"Magnesium sulfate 4g loading dose, 1g/hr infusion","Magnesium sulfate 4g loading dose, 1g/hr infusion",ext:magnesium sulfate,1
3% Nebulized Hypertonic Saline,3% Nebulized Hypertonic Saline,ext:saline,1
Gelified Ethanol,Gelified Ethanol,ext:ethanol,1
Placebo Nasal Spray Solution,Placebo Nasal Spray Solution,ext:placebo,1
Placebo matching OCS capsules,Placebo matching OCS capsules,ext:placebo,1
"Normal saline , Cisplatin , 5-Fu","Normal saline , Cisplatin , 5-Fu",ext:saline,1
Normosaline,Normosaline,ext:saline,1
Placebo (for Empagliflozin),Placebo (for Empagliflozin),ext:placebo,1
"Placebo, Oral intake single dose","Placebo, Oral intake single dose",ext:placebo,1
Benralizumab Placebo,Benralizumab Placebo,ext:placebo,1
Drug Placebo Administration,Drug Placebo Administration,ext:placebo,1
F/TDF Placebo,F/TDF Placebo,ext:placebo,1
placebo Group,placebo Group,ext:placebo,1
Combination of Metformin + Placebo,Combination of Metformin + Placebo,ext:placebo,1
Beet It Placebo Beetroot juice,Beet It Placebo Beetroot juice,ext:placebo,1
Placebo (for L-arginine),Placebo (for L-arginine),ext:placebo,1
18F-Fluoromethylcholine (18F-FCH),18F-Fluoromethylcholine (18F-FCH),radiotracer/imaging,1
Placebo/Vehicle cream,Placebo/Vehicle cream,ext:placebo,1
89Zr-GSK3128349 1 mg,89Zr-GSK3128349 1 mg,radiotracer/imaging,1
medical oxygen,medical oxygen,ext:oxygen,1
Normale Saline Solution,Normale Saline Solution,ext:saline,1
25% Mannitol,25% Mannitol,ext:mannitol,1
BLI400 Placebo,BLI400 Placebo,ext:placebo,1
Placebo (Artificial Tears),Placebo (Artificial Tears),ext:placebo,1
Hypertonic saline solutions,Hypertonic saline solutions,ext:saline,1
saline solution 0.9%,saline solution 0.9%,ext:saline,1
Normal saline 0.9 %,Normal saline 0.9 %,ext:saline,1
Placebo for TD-4208,Placebo for TD-4208,ext:placebo,1
LCZ696 placebo,LCZ696 placebo,ext:placebo,1
placebo - isotonic saline serum,placebo - isotonic saline serum,ext:placebo,1
[18F]FTP PET/CT,[18F]FTP PET/CT,radiotracer/imaging,1
Placebo (Part 4),Placebo (Part 4),ext:placebo,1
Placebo (Part 3),Placebo (Part 3),ext:placebo,1
BPX-01 Vehicle Topical Gel,BPX-01 Vehicle Topical Gel,ext:vehicle,1
68Ga-NOTA-3P-TATE-RGD,68Ga-NOTA-3P-TATE-RGD,radiotracer/imaging,1
Active comparator: Modafinil + placebo,Active comparator: Modafinil + placebo,ext:placebo,1
Solifenacin placebo,Solifenacin placebo,ext:placebo,1
Metformin + placebo,Metformin + placebo,ext:placebo,1
placebo + Rosuvastatin,placebo + Rosuvastatin,ext:placebo,1
IV saline 0.9%,IV saline 0.9%,ext:saline,1
IN saline 0.9%,IN saline 0.9%,ext:saline,1
[68Ga]P15-041,[68Ga]P15-041,radiotracer/imaging,1
Gadolinium MRI,Gadolinium MRI,ext:gadolinium,1
NaCl 0.9% in Glucose 5% with 40mEq Potassium,NaCl 0.9% in Glucose 5% with 40mEq Potassium,canonical:NaCl 0.9%,1
BLI801 Placebo,BLI801 Placebo,ext:placebo,1
Placebo soft gelatin capsule,Placebo soft gelatin capsule,ext:placebo,1
"sevelamer, sodium bicarbonate, sodium chloride","sevelamer, sodium bicarbonate, sodium chloride",canonical:Sodium Chloride,1
18F DCFPyL- Radiopharmaceutica,18F DCFPyL- Radiopharmaceutica,radiotracer/imaging,1
Placebo (for Tamoxifen),Placebo (for Tamoxifen),ext:placebo,1
Placebo (Formulation B),Placebo (Formulation B),ext:placebo,1
Alirocumab placebo,Alirocumab placebo,ext:placebo,1
Placebo to match OBV/PTV/r and DSV,Placebo to match OBV/PTV/r and DSV,ext:placebo,1
IDP 120 Vehicle Gel,IDP 120 Vehicle Gel,ext:vehicle,1
Placebo to Triamcinolone Acetonide 40 mg,Placebo to Triamcinolone Acetonide 40 mg,ext:placebo,1
Placebo to Anakinra 100 mg,Placebo to Anakinra 100 mg,ext:placebo,1
99mTc MDP Injection:neutron-bombardment,99mTc MDP Injection:neutron-bombardment,radiotracer/imaging,1
68Ga-HBED-CC-PSMA PET/CT,68Ga-HBED-CC-PSMA PET/CT,radiotracer/imaging,1
Placebo IV Push,Placebo IV Push,ext:placebo,1
CHF6001 + placebo,CHF6001 + placebo,ext:placebo,1
CHF5259 + placebo,CHF5259 + placebo,ext:placebo,1
P-3074 Vehicle,P-3074 Vehicle,ext:vehicle,1
Finasteride Placebo,Finasteride Placebo,ext:placebo,1
SOR007 Ointment Placebo,SOR007 Ointment Placebo,ext:placebo,1
Placebo (for Fenofibrate),Placebo (for Fenofibrate),ext:placebo,1
Single Ascending Doses of placebo,Single Ascending Doses of placebo,ext:placebo,1
Multiple Ascending Doses of placebo,Multiple Ascending Doses of placebo,ext:placebo,1
Placebo matching ONO-4474,Placebo matching ONO-4474,ext:placebo,1
In double-blind phase: treatment with tofacitinib or placebo in 1:1 ratio,In double-blind phase: treatment with tofacitinib or placebo in 1:1 ratio,ext:placebo,1
Placebo with ethanol and placebo ethanol infusions,Placebo with ethanol and placebo ethanol infusions,ext:placebo,1
Fish Oil with ethanol and placebo ethanol infusions,Fish Oil with ethanol and placebo ethanol infusions,ext:placebo,1
99mTc-Etarfolatide,99mTc-Etarfolatide,radiotracer/imaging,1
NaCl (Control),NaCl (Control),ext:nacl,1
Vehicle Cream BID,Vehicle Cream BID,ext:vehicle,1
placebo mometasone,placebo mometasone,ext:placebo,1
Subcutaneous saline,Subcutaneous saline,ext:saline,1
SyB P-1501 placebo,SyB P-1501 placebo,ext:placebo,1
Placebo for LIPO-202,Placebo for LIPO-202,ext:placebo,1
Exenatide matching Placebo,Exenatide matching Placebo,ext:placebo,1
Placebo tracer,Placebo tracer,ext:placebo,1
Placebo (for experimental drug),Placebo (for experimental drug),ext:placebo,1
Placebo (for Voltaren),Placebo (for Voltaren),ext:placebo,1
Glimepiride placebo,Glimepiride placebo,ext:placebo,1
"Administration of study drug (esomeprazole, placebo tablet)","Administration of study drug (esomeprazole, placebo tablet)",ext:placebo,1
Placebo second day,Placebo second day,ext:placebo,1
Placebo first day,Placebo first day,ext:placebo,1
2cc 0.9% normal saline+3cc Triamcinolone (30mg),2cc 0.9% normal saline+3cc Triamcinolone (30mg),ext:saline,1
Diluent for LIQ865,Diluent for LIQ865,ext:diluent,1
Matching placebo tablet,Matching placebo tablet,ext:placebo,1
Placebo Butylphthalide Soft Capsules,Placebo Butylphthalide Soft Capsules,ext:placebo,1
DRV/COBI FDC placebo tablet,DRV/COBI FDC placebo tablet,ext:placebo,1
D/C/F/TAF FDC placebo tablets,D/C/F/TAF FDC placebo tablets,ext:placebo,1
Anti-TNF discontinuation: Physiological saline solution,Anti-TNF discontinuation: Physiological saline solution,ext:saline,1
Saline premedication (placebo),Saline premedication (placebo),ext:placebo,1
Normal Saline 10 ml,Normal Saline 10 ml,ext:saline,1
67% w/w sodium bicarbonate,67% w/w sodium bicarbonate,ext:sodium bicarbonate,1
50% w/w sodium bicarbonate,50% w/w sodium bicarbonate,ext:sodium bicarbonate,1
Intravenous normal saline administered at 250ml/hr,Intravenous normal saline administered at 250ml/hr,ext:saline,1
Intravenous normal saline administered at 125ml/hr,Intravenous normal saline administered at 125ml/hr,ext:saline,1
Placebo (Sterile diluent),Placebo (Sterile diluent),ext:placebo,1
35% w/w sodium bicarbonate,35% w/w sodium bicarbonate,ext:sodium bicarbonate,1
20% w/w sodium bicarbonate,20% w/w sodium bicarbonate,ext:sodium bicarbonate,1
0% w/w sodium bicarbonate,0% w/w sodium bicarbonate,ext:sodium bicarbonate,1
Placebo (for Rotarix dose 2),Placebo (for Rotarix dose 2),ext:placebo,1
Intravenous Saline injection,Intravenous Saline injection,ext:saline,1
HAL-MPE1 placebo,HAL-MPE1 placebo,ext:placebo,1
Placebo (ELLIPTA or DISKUS),Placebo (ELLIPTA or DISKUS),ext:placebo,1
Vehicle of ADX-102 Ophthalmic Drops,Vehicle of ADX-102 Ophthalmic Drops,ext:vehicle,1
Placebo for rovalpituzumab tesirine,Placebo for rovalpituzumab tesirine,ext:placebo,1
Placebo for dexamethasone,Placebo for dexamethasone,ext:placebo,1
Placebo co-administered with omeprazole,Placebo co-administered with omeprazole,ext:placebo,1
Oral single doses of placebo,Oral single doses of placebo,ext:placebo,1
Oral multiple doses of placebo,Oral multiple doses of placebo,ext:placebo,1
Sertraline Matching Placebo,Sertraline Matching Placebo,ext:placebo,1
Brexpiprazole Matching Placebo,Brexpiprazole Matching Placebo,ext:placebo,1
CD0271/CD1579 gel placebo,CD0271/CD1579 gel placebo,ext:placebo,1
CD5024 cream placebo,CD5024 cream placebo,ext:placebo,1
Danirixin matching placebo,Danirixin matching placebo,ext:placebo,1
Placebo via ELLIPTA,Placebo via ELLIPTA,ext:placebo,1
Placebo via DISKUS,Placebo via DISKUS,ext:placebo,1
"Sodium Chloride, (24)NaCl 0,9%","Sodium Chloride, (24)NaCl 0,9%",canonical:Sodium Chloride,1
VX-659 Matching Placebo,VX-659 Matching Placebo,ext:placebo,1
Triple Combination (TC) Matching Placebos,Triple Combination (TC) Matching Placebos,ext:placebo,1
Placebo plus tiotropium,Placebo plus tiotropium,ext:placebo,1
Placebo (for UPA),Placebo (for UPA),ext:placebo,1
Placebo Wipe,Placebo Wipe,ext:placebo,1
131I-MIP-1095,131I-MIP-1095,radiotracer/imaging,1
Scopolamine placebo,Scopolamine placebo,ext:placebo,1
BPN14770 placebo,BPN14770 placebo,ext:placebo,1
Tilmanocept (Technetium Tc 99m tilmanocept Injection),Tilmanocept (Technetium Tc 99m tilmanocept Injection),radiotracer/imaging,1
lactulose:mannitol (L:M) oral challenge,lactulose:mannitol (L:M) oral challenge,ext:mannitol,1
Multiple VS-105/placebo to HD subjects,Multiple VS-105/placebo to HD subjects,ext:placebo,1
Single VS-105/placebo to healthy,Single VS-105/placebo to healthy,ext:placebo,1
Multiple VS-105/placebo to healthy,Multiple VS-105/placebo to healthy,ext:placebo,1
F-18 florbetapir,F-18 florbetapir,radiotracer/imaging,1
Placebo Cetaphil cream,Placebo Cetaphil cream,ext:placebo,1
Saline Nebulization,Saline Nebulization,ext:saline,1
placebo+valproate,placebo+valproate,ext:placebo,1
Placebo for RO7239361,Placebo for RO7239361,ext:placebo,1
5% glucose water solution,5% glucose water solution,ext:glucose,1
0.09% Saline Solution,0.09% Saline Solution,ext:saline,1
Placebo (for TEA),Placebo (for TEA),ext:placebo,1
Placebo drug that simulates HuangKui capsule,Placebo drug that simulates HuangKui capsule,ext:placebo,1
AL3818 or placebo,AL3818 or placebo,ext:placebo,1
Placebo stressor,Placebo stressor,ext:placebo,1
Placebo drug that simulates Irbesartan tablets,Placebo drug that simulates Irbesartan tablets,ext:placebo,1
Cocaine Placebo,Cocaine Placebo,ext:placebo,1
Alcohol N-acetylcysteine,Alcohol N-acetylcysteine,ext:alcohol,1
Riboflavin Placebo,Riboflavin Placebo,ext:placebo,1
ozone oxygen mixture,ozone oxygen mixture,ext:oxygen,1
Placebo (for PRIM-DJ2727),Placebo (for PRIM-DJ2727),ext:placebo,1
CD10367 solution placebo - Desquamated zone,CD10367 solution placebo - Desquamated zone,ext:placebo,1
CD10367 solution placebo - Non-desquamated zone,CD10367 solution placebo - Non-desquamated zone,ext:placebo,1
"Magnesium Sulfate, Injectable","Magnesium Sulfate, Injectable",ext:magnesium sulfate,1
Miltefosine plus placebo,Miltefosine plus placebo,ext:placebo,1
[18F]T807 PET,[18F]T807 PET,radiotracer/imaging,1
Placebo domperidone,Placebo domperidone,ext:placebo,1
Placebo DA-9701,Placebo DA-9701,ext:placebo,1
Ketamine plus Magnesium sulfate,Ketamine plus Magnesium sulfate,ext:magnesium sulfate,1
placebo in-situ gel,placebo in-situ gel,ext:placebo,1
Zhi Chuan Capsule placebo,Zhi Chuan Capsule placebo,ext:placebo,1
Xie Wu Capsule placebo,Xie Wu Capsule placebo,ext:placebo,1
Ke Chuan Liu Wei Mixture placebo,Ke Chuan Liu Wei Mixture placebo,ext:placebo,1
Dan Ma Jia Tablet placebo,Dan Ma Jia Tablet placebo,ext:placebo,1
Chuan Xiong Ping Chuan Mixture placebo,Chuan Xiong Ping Chuan Mixture placebo,ext:placebo,1
Bu Shen Na Qi Granule placebo,Bu Shen Na Qi Granule placebo,ext:placebo,1
Fludeoxyglucose F 18 (FDG),Fludeoxyglucose F 18 (FDG),radiotracer/imaging,1
Recommendation and Counseling for Alcohol Pharmacotherapy,Recommendation and Counseling for Alcohol Pharmacotherapy,ext:alcohol,1
Triamcinolone Acetonide and normal saline solution,Triamcinolone Acetonide and normal saline solution,ext:saline,1
Placebo (for Fish Oil),Placebo (for Fish Oil),ext:placebo,1
Placebo 0.5mL,Placebo 0.5mL,ext:placebo,1
Placebo Capsule(s) Once a Day by Mouth,Placebo Capsule(s) Once a Day by Mouth,ext:placebo,1
Albendazole and praziquantel placebo,Albendazole and praziquantel placebo,ext:placebo,1
placebo to match ibrutinib,placebo to match ibrutinib,ext:placebo,1
Placebo (5% Dextrose),Placebo (5% Dextrose),ext:placebo,1
Control Group 0.9% Isotonic Saline,Control Group 0.9% Isotonic Saline,ext:saline,1
Active Treatment Group 7% Hypertonic Saline,Active Treatment Group 7% Hypertonic Saline,ext:saline,1
2% alcoholic chlorhexidine,2% alcoholic chlorhexidine,ext:alcohol,1
Steroid placebo,Steroid placebo,ext:placebo,1
NMDA placebo,NMDA placebo,ext:placebo,1
Phosphoethanolamine,Phosphoethanolamine,ext:ethanol,1
Technetium Sulfur Colloid,Technetium Sulfur Colloid,radiotracer/imaging,1
Placebo plus S1,Placebo plus S1,ext:placebo,1
placebo intake,placebo intake,ext:placebo,1
Essential oils without alcohol,Essential oils without alcohol,ext:alcohol,1
Placebo of valsartan,Placebo of valsartan,ext:placebo,1
Placebo of ramipril,Placebo of ramipril,ext:placebo,1
Sodium chloride 0.9% solution - metoprolol dummy,Sodium chloride 0.9% solution - metoprolol dummy,canonical:Sodium Chloride,1
Sodium chloride 0.9% solution - lipid emulsion dummy,Sodium chloride 0.9% solution - lipid emulsion dummy,canonical:Sodium Chloride,1
Saline-only catheter flush,Saline-only catheter flush,ext:saline,1
Intravenous normal saline 1 ml,Intravenous normal saline 1 ml,ext:saline,1
Placebo (for Bezafibrate),Placebo (for Bezafibrate),ext:placebo,1
Placebo Matching,Placebo Matching,ext:placebo,1
ACE-083 or placebo,ACE-083 or placebo,ext:placebo,1
0.45% saline in 5% dextrose,0.45% saline in 5% dextrose,ext:saline,1
Placebo as add-on,Placebo as add-on,ext:placebo,1
68Ga- PSMA,68Ga- PSMA,radiotracer/imaging,1
Placebo cutaneous solution,Placebo cutaneous solution,ext:placebo,1
Placebo (Oral),Placebo (Oral),ext:placebo,1
Placebo (Intranasal),Placebo (Intranasal),ext:placebo,1
Placebo (for phenoxymethylpenicillin),Placebo (for phenoxymethylpenicillin),ext:placebo,1
Placebo (for Prednisolone),Placebo (for Prednisolone),ext:placebo,1
Placebo (Vehicle) Topical,Placebo (Vehicle) Topical,ext:placebo,1
Manganese-enhanced MRI contrast reagent,Manganese-enhanced MRI contrast reagent,ext:contrast,1
Gadolinium-enhanced MRI contrast reagent,Gadolinium-enhanced MRI contrast reagent,ext:contrast,1
NOS Inhibition Placebo,NOS Inhibition Placebo,ext:placebo,1
ET-1 Inhibition Placebo,ET-1 Inhibition Placebo,ext:placebo,1
Lipophilic cream vehicle,Lipophilic cream vehicle,ext:vehicle,1
Placebo+Placebo,Placebo+Placebo,ext:placebo,1
AZD8601+Placebo (SAD),AZD8601+Placebo (SAD),ext:placebo,1
AZD8601+Placebo,AZD8601+Placebo,ext:placebo,1
BMS-986231 Placebo,BMS-986231 Placebo,ext:placebo,1
2.5%NaClO,2.5%NaClO,ext:nacl,1
Vehicle of SJP-0035 Ophthalmic solution,Vehicle of SJP-0035 Ophthalmic solution,ext:vehicle,1
Placebo (for pantoprazole),Placebo (for pantoprazole),ext:placebo,1
Placebo (for Ruxolitinib),Placebo (for Ruxolitinib),ext:placebo,1
Intravenous dose of 0.05 mL/kg of saline solution,Intravenous dose of 0.05 mL/kg of saline solution,ext:saline,1
"68Ga-NeoBOMB1, 2-vial kit","68Ga-NeoBOMB1, 2-vial kit",radiotracer/imaging,1
Placebo for BMS-986165,Placebo for BMS-986165,ext:placebo,1
Placebo oral morning dose,Placebo oral morning dose,ext:placebo,1
TCV-116CCB Placebo,TCV-116CCB Placebo,ext:placebo,1
Amlodipine Placebo,Amlodipine Placebo,ext:placebo,1
NaCl 9%,NaCl 9%,ext:nacl,1
Daprodustat large placebo,Daprodustat large placebo,ext:placebo,1
20% dextrose,20% dextrose,ext:dextrose,1
Injection of 68Ga-NODAGA-E(c[RGDyK])2,Injection of 68Ga-NODAGA-E(c[RGDyK])2,radiotracer/imaging,1
matching placebo sacubitril/valsartan (LCZ696),matching placebo sacubitril/valsartan (LCZ696),ext:placebo,1
matching placebo enalapril,matching placebo enalapril,ext:placebo,1
isotonic saline serum intravenous administration,isotonic saline serum intravenous administration,ext:saline,1
Darbepoetin alfa placebo,Darbepoetin alfa placebo,ext:placebo,1
Daprodustat small placebo,Daprodustat small placebo,ext:placebo,1
Metacavir Enteric-coated Capsules Placebo 160mg,Metacavir Enteric-coated Capsules Placebo 160mg,ext:placebo,1
Adefovir Dipivoxil Capsule Placebo 10mg,Adefovir Dipivoxil Capsule Placebo 10mg,ext:placebo,1
Placebo 1 10 mg + Placebo 2 5 mg,Placebo 1 10 mg + Placebo 2 5 mg,ext:placebo,1
PAC-14028 cream Vehicle,PAC-14028 cream Vehicle,ext:vehicle,1
Injection of PET tracer 68Ga-NOTA-AE105,Injection of PET tracer 68Ga-NOTA-AE105,radiotracer/imaging,1
Tolvaptan Matching-placebo,Tolvaptan Matching-placebo,ext:placebo,1
0.17 mL/kg Placebo,0.17 mL/kg Placebo,ext:placebo,1
Metacavir Enteric-coated Capsules Placebo 240mg,Metacavir Enteric-coated Capsules Placebo 240mg,ext:placebo,1
Metacavir Enteric-coated Capsules Placebo 320mg,Metacavir Enteric-coated Capsules Placebo 320mg,ext:placebo,1
Inactive Placebo Oral Capsule,Inactive Placebo Oral Capsule,ext:placebo,1
Ringer's Lactate solution intravenously,Ringer's Lactate solution intravenously,ext:ringer,1
Normal Saline intrathecally,Normal Saline intrathecally,ext:saline,1
Normal Saline added intrathecally,Normal Saline added intrathecally,ext:saline,1
Tamsulosin 0.2mg + Placebo(Solifenacin),Tamsulosin 0.2mg + Placebo(Solifenacin),ext:placebo,1
oral sodium bicarbonate,oral sodium bicarbonate,ext:sodium bicarbonate,1
i.v. sodium bicarbonate,i.v. sodium bicarbonate,ext:sodium bicarbonate,1
Matched placebo for OE celecoxib capsule,Matched placebo for OE celecoxib capsule,ext:placebo,1
Matched placebo for OE amlodipine besylate tablet,Matched placebo for OE amlodipine besylate tablet,ext:placebo,1
Placebo cream application,Placebo cream application,ext:placebo,1
Gadolinium DOTA Meglumine,Gadolinium DOTA Meglumine,ext:gadolinium,1
placebo comparator of N-acetylcysteine,placebo comparator of N-acetylcysteine,ext:placebo,1
Placebos tranexamic acid,Placebos tranexamic acid,ext:placebo,1
Placebos iron isomaltoside 1000,Placebos iron isomaltoside 1000,ext:placebo,1
placebo of clopidogrel,placebo of clopidogrel,ext:placebo,1
Saline Solution Intravenous Infusion,Saline Solution Intravenous Infusion,ext:saline,1
0.10 mL/kg Placebo,0.10 mL/kg Placebo,ext:placebo,1
Placebos healing phase,Placebos healing phase,ext:placebo,1
Placebos active phase,Placebos active phase,ext:placebo,1
IV Oxytocin + IM placebo,IV Oxytocin + IM placebo,ext:placebo,1
IM Oxytocin + IV placebo,IM Oxytocin + IV placebo,ext:placebo,1
0.05 mL/kg Placebo,0.05 mL/kg Placebo,ext:placebo,1
Placebo of Acetyl-L-Carnitine,Placebo of Acetyl-L-Carnitine,ext:placebo,1
NaCl 0.9 %,NaCl 0.9 %,ext:nacl,1
Normal saline application,Normal saline application,ext:saline,1
Placebo-matching Rapastinel,Placebo-matching Rapastinel,ext:placebo,1
Florbetapir F 18 PET Scan,Florbetapir F 18 PET Scan,radiotracer/imaging,1
[11C] (+)-4-propyl-(+)-4-propyl-9-hydroxynaphthoxazine (PHNO),[11C] (+)-4-propyl-(+)-4-propyl-9-hydroxynaphthoxazine (PHNO),radiotracer/imaging,1
placebo(for thalidomide),placebo(for thalidomide),ext:placebo,1
Placebo (for Lactoferrin),Placebo (for Lactoferrin),ext:placebo,1
PF-06700841 or Placebo,PF-06700841 or Placebo,ext:placebo,1
carbon dioxide,carbon dioxide,ext:carbon dioxide,1
Azithromycin and Placebo,Azithromycin and Placebo,ext:placebo,1
Ivabradine and placebo,Ivabradine and placebo,ext:placebo,1
Placebo (for Omega 3 fatty acid supplement),Placebo (for Omega 3 fatty acid supplement),ext:placebo,1
SYMBICORT placebo,SYMBICORT placebo,ext:placebo,1
SPIROMAX Placebo,SPIROMAX Placebo,ext:placebo,1
Placebo matching with BMS-955176,Placebo matching with BMS-955176,ext:placebo,1
Placebo of Clindamycin Phosphate and Benzoyl Peroxide Topical Gel 1.2%/2.5% product,Placebo of Clindamycin Phosphate and Benzoyl Peroxide Topical Gel 1.2%/2.5% product,ext:placebo,1
Matching placebo for dexamethasone IV,Matching placebo for dexamethasone IV,ext:placebo,1
Matching placebo for dexamethasone per os,Matching placebo for dexamethasone per os,ext:placebo,1
Magnesium Sulfate & albuterol,Magnesium Sulfate & albuterol,ext:magnesium sulfate,1
Rosuvastatin or identical placebo,Rosuvastatin or identical placebo,ext:placebo,1
Prednisone+placebo of Doxycycline,Prednisone+placebo of Doxycycline,ext:placebo,1
Doxycycline+placebo of Prednisone,Doxycycline+placebo of Prednisone,ext:placebo,1
single dose of placebo,single dose of placebo,ext:placebo,1
Preservative-free normal saline,Preservative-free normal saline,ext:saline,1
subtenons control - 0.5 cc of Normal Saline,subtenons control - 0.5 cc of Normal Saline,ext:saline,1
WC3036-13P/Vehicle Only 0.5%,WC3036-13P/Vehicle Only 0.5%,ext:vehicle,1
WC3036-12F/Alprostadil in Vehicle 0.5%,WC3036-12F/Alprostadil in Vehicle 0.5%,ext:vehicle,1
WC3036-11F/Alprostadil in Vehicle 2.5%,WC3036-11F/Alprostadil in Vehicle 2.5%,ext:vehicle,1
placebo/valsartan,placebo/valsartan,ext:placebo,1
18F-fludeoxyglucose (18F-FDG),18F-fludeoxyglucose (18F-FDG),radiotracer/imaging,1
Placebo(for Risedronate),Placebo(for Risedronate),ext:placebo,1
Part B: matching placebo,Part B: matching placebo,ext:placebo,1
Part A: matching placebo,Part A: matching placebo,ext:placebo,1
Placebo(for risedronate combine),Placebo(for risedronate combine),ext:placebo,1
Epirisone 50mg or placebo TID,Epirisone 50mg or placebo TID,ext:placebo,1
Hydration strategy using saline,Hydration strategy using saline,ext:saline,1
Neosaxitoxin in saline,Neosaxitoxin in saline,ext:saline,1
Placebo/FOLFOX,Placebo/FOLFOX,ext:placebo,1
Placebo Comparator (for hCG),Placebo Comparator (for hCG),ext:placebo,1
Hydration strategy using sodium bicarbonate,Hydration strategy using sodium bicarbonate,ext:sodium bicarbonate,1
Vehicle Topical Cream,Vehicle Topical Cream,ext:vehicle,1
Placebo(Metformin),Placebo(Metformin),ext:placebo,1
Placebo(Gemigliptin),Placebo(Gemigliptin),ext:placebo,1
Placebo Comparator: .9 normal saline,Placebo Comparator: .9 normal saline,ext:placebo,1
Placebo (for Prednisone),Placebo (for Prednisone),ext:placebo,1
Placebo (For imatinib mesylate),Placebo (For imatinib mesylate),ext:placebo,1
"0,9% NaCl flush","0,9% NaCl flush",ext:nacl,1
Placebo of Test product,Placebo of Test product,ext:placebo,1
Placebo of Reference product,Placebo of Reference product,ext:placebo,1
Tocilizumab Placebo,Tocilizumab Placebo,ext:placebo,1
Diazepam/placebo,Diazepam/placebo,ext:placebo,1
CD07805/47 gel Placebo,CD07805/47 gel Placebo,ext:placebo,1
placebo ointment (vehicle),placebo ointment (vehicle),ext:placebo,1
"PER977, Placebo","PER977, Placebo",ext:placebo,1
Placebo SAR302503,Placebo SAR302503,ext:placebo,1
Placebo QAW039,Placebo QAW039,ext:placebo,1
Olmetec® Plus 20/12.5mg and placebo,Olmetec Plus 20/12.5mg and placebo,ext:placebo,1
CS8635 20/5/12.5mg and placebo,CS8635 20/5/12.5mg and placebo,ext:placebo,1
Placebo and celecoxib,Placebo and celecoxib,ext:placebo,1
Placebo for Ribavirin,Placebo for Ribavirin,ext:placebo,1
No PVC Suppression using Placebo,No PVC Suppression using Placebo,ext:placebo,1
89Zr-MMOT0530A,89Zr-MMOT0530A,radiotracer/imaging,1
89Zr-trastuzumab injection,89Zr-trastuzumab injection,radiotracer/imaging,1
Fasiglifam (TAK-875) Placebo,Fasiglifam (TAK-875) Placebo,ext:placebo,1
"Syntocinon Placebo Formulation, 40IU","Syntocinon Placebo Formulation, 40IU",ext:placebo,1
E2/NETA placebo,E2/NETA placebo,ext:placebo,1
placebo followed by hydrocortisone hemisuccinate,placebo followed by hydrocortisone hemisuccinate,ext:placebo,1
BKM120 Placebo,BKM120 Placebo,ext:placebo,1
Saline (0.9%),Saline (0.9%),ext:saline,1
(Glucose-Insulin-Potassium)GIK group,(Glucose-Insulin-Potassium)GIK group,ext:glucose,1
Placebo to match AZD8848,Placebo to match AZD8848,ext:placebo,1
Glucose 50 MG/ML,Glucose 50 MG/ML,ext:glucose,1
Matching placebo single dose IV infusion,Matching placebo single dose IV infusion,ext:placebo,1
Matching placebo single dose IH,Matching placebo single dose IH,ext:placebo,1
Matching placebo repeat dose IV infusion,Matching placebo repeat dose IV infusion,ext:placebo,1
Matching placebo repeat dose IH,Matching placebo repeat dose IH,ext:placebo,1
Fumaderm® placebo,Fumaderm placebo,ext:placebo,1
FP187 placebo,FP187 placebo,ext:placebo,1
Arm2: Placebo,Arm2: Placebo,ext:placebo,1
Papaverine or placebo,Papaverine or placebo,ext:placebo,1
CSTC1 Matched vehicle,CSTC1 Matched vehicle,ext:vehicle,1
Saline isotonic solution,Saline isotonic solution,ext:saline,1
RV1729 matching placebo: 14 day repeat dose,RV1729 matching placebo: 14 day repeat dose,ext:placebo,1
NaCl 3%,NaCl 3%,ext:nacl,1
Intravenous ethanol placebo plus nicotine infusions,Intravenous ethanol placebo plus nicotine infusions,ext:placebo,1
Sterile Normal Saline%,Sterile Normal Saline%,ext:saline,1
intravenous ethanol 40mg% plus nicotine infusions,intravenous ethanol 40mg% plus nicotine infusions,ext:ethanol,1
intravenous ethanol 100mg% plus nicotine infusions,intravenous ethanol 100mg% plus nicotine infusions,ext:ethanol,1
Placebo ACCUHALER/DISKUS,Placebo ACCUHALER/DISKUS,ext:placebo,1
Placebo patchs,Placebo patchs,ext:placebo,1
Normal saline enema,Normal saline enema,ext:saline,1
injection of NaCl 0.9%,injection of NaCl 0.9%,canonical:NaCl 0.9%,1
Buparlisib placebo,Buparlisib placebo,ext:placebo,1
placebo c-PDT,placebo c-PDT,ext:placebo,1
vehicle foam,vehicle foam,ext:vehicle,1
Hypertonic saline 3% bolus administration,Hypertonic saline 3% bolus administration,ext:saline,1
20% mannitol bolus administration,20% mannitol bolus administration,ext:mannitol,1
AVI-7100 versus placebo,AVI-7100 versus placebo,ext:placebo,1
Placebo (5 percent dextrose - D5W),Placebo (5 percent dextrose - D5W),ext:placebo,1
AL-4943A ophthalmic solution vehicle,AL-4943A ophthalmic solution vehicle,ext:vehicle,1
multiple doses of sucrose,multiple doses of sucrose,ext:sucrose,1
Placebos morning,Placebos morning,ext:placebo,1
Placebo evening,Placebo evening,ext:placebo,1
Imotun capsule placebo,Imotun capsule placebo,ext:placebo,1
Liraglutide placebo,Liraglutide placebo,ext:placebo,1
Exenatide placebo,Exenatide placebo,ext:placebo,1
Saline solution 0.9%,Saline solution 0.9%,ext:saline,1
Placebo (Dextrose),Placebo (Dextrose),ext:placebo,1
placebo saline drops,placebo saline drops,ext:placebo,1
Inspired oxygen (40%),Inspired oxygen (40%),ext:oxygen,1
Placebo matching BI 655064,Placebo matching BI 655064,ext:placebo,1
"Sitagliptin, placebo","Sitagliptin, placebo",ext:placebo,1
Chlorhexidine Digluconate Mouthwash without Alcohol,Chlorhexidine Digluconate Mouthwash without Alcohol,ext:alcohol,1
Chlorhexidine Digluconate Mouthwash with Alcohol,Chlorhexidine Digluconate Mouthwash with Alcohol,ext:alcohol,1
CBSST + Placebo,CBSST + Placebo,ext:placebo,1
Placebo for fenofibrate,Placebo for fenofibrate,ext:placebo,1
Placebo matching with BMS-813160,Placebo matching with BMS-813160,ext:placebo,1
EBI-005-1 Placebo,EBI-005-1 Placebo,ext:placebo,1
Placebo: Oil,Placebo: Oil,ext:placebo,1
Placebo hypogonadal,Placebo hypogonadal,ext:placebo,1
Placebo eugonadal,Placebo eugonadal,ext:placebo,1
Placebo Comparator - nitrogen gas,Placebo Comparator - nitrogen gas,ext:nitrogen,1
Dextrose powder,Dextrose powder,ext:dextrose,1
Vehicle Ophthalmic Ointment,Vehicle Ophthalmic Ointment,ext:vehicle,1
Placebo to match ondansetron,Placebo to match ondansetron,ext:placebo,1
Placebo to Aprepitant,Placebo to Aprepitant,ext:placebo,1
Placebo (for sunitinib),Placebo (for sunitinib),ext:placebo,1
normal saline placebo (for bupivacaine),normal saline placebo (for bupivacaine),ext:placebo,1
E6011 Matching Placebo,E6011 Matching Placebo,ext:placebo,1
Placebo capsule of DLBS3233,Placebo capsule of DLBS3233,ext:placebo,1
Placebo caplet of Metformin XR,Placebo caplet of Metformin XR,ext:placebo,1
Placebo matching BMS-986094/INX-08189,Placebo matching BMS-986094/INX-08189,ext:placebo,1
Medical Grade Oxygen,Medical Grade Oxygen,ext:oxygen,1
"Placebo, RVX000222","Placebo, RVX000222",ext:placebo,1
Ribavirin-placebo: 8-week treatment,Ribavirin-placebo: 8-week treatment,ext:placebo,1
Faldaprevir-placebo: 8-week treatment,Faldaprevir-placebo: 8-week treatment,ext:placebo,1
BI 207127-placebo: 8-week treatment,BI 207127-placebo: 8-week treatment,ext:placebo,1
OROS-Methylphenidate and placebo for inattentive type pts,OROS-Methylphenidate and placebo for inattentive type pts,ext:placebo,1
OROS-Methylphenidate and placebo for combined type pts,OROS-Methylphenidate and placebo for combined type pts,ext:placebo,1
Placebo and axitinib,Placebo and axitinib,ext:placebo,1
Placebo ID,Placebo ID,ext:placebo,1
sodium chloride 0.9% w/v,sodium chloride 0.9% w/v,canonical:Sodium Chloride,1
Placebo orally disintegrating tablets,Placebo orally disintegrating tablets,ext:placebo,1
Tildrakizumab Placebo,Tildrakizumab Placebo,ext:placebo,1
Etanercept Placebo,Etanercept Placebo,ext:placebo,1
Placebo (Part I),Placebo (Part I),ext:placebo,1
GIC-1001 matching placebo,GIC-1001 matching placebo,ext:placebo,1
Placebo (for baclofen),Placebo (for baclofen),ext:placebo,1
NEXThaler placebo,NEXThaler placebo,ext:placebo,1
Grazax + placebo,Grazax + placebo,ext:placebo,1
Dexamethasone + ondansetron + Placebo,Dexamethasone + ondansetron + Placebo,ext:placebo,1
supplemental oxygen,supplemental oxygen,ext:oxygen,1
Placebo Denosumab,Placebo Denosumab,ext:placebo,1
Empagliflozin placebo + Linagliptin placebo,Empagliflozin placebo + Linagliptin placebo,ext:placebo,1
Placebo (acute phase),Placebo (acute phase),ext:placebo,1
Placebo ( subacute phase),Placebo ( subacute phase),ext:placebo,1
Alcohol spray,Alcohol spray,ext:alcohol,1
LF-PB and Placebo,LF-PB and Placebo,ext:placebo,1
Octaplas infusion and placebo (group 1),Octaplas infusion and placebo (group 1),ext:placebo,1
Octaplas infusion and placebo (group 2),Octaplas infusion and placebo (group 2),ext:placebo,1
99technetium-sulfur colloid radiolabel,99technetium-sulfur colloid radiolabel,radiotracer/imaging,1
89Zr DFO-MSTP2109A,89Zr DFO-MSTP2109A,radiotracer/imaging,1
Everolimus-placebo,Everolimus-placebo,ext:placebo,1
Placebo (for alcalinized lidocaine),Placebo (for alcalinized lidocaine),ext:placebo,1
Placebo(for JET),Placebo(for JET),ext:placebo,1
solifenacin placebo,solifenacin placebo,ext:placebo,1
Botox placebo (normal saline),Botox placebo (normal saline),ext:placebo,1
[18F]Florbetapir PET imaging,[18F]Florbetapir PET imaging,radiotracer/imaging,1
Placebo matching with BMS-986020,Placebo matching with BMS-986020,ext:placebo,1
[18F]-CP18,[18F]-CP18,radiotracer/imaging,1
"placebo/celecoxib 400 mg and cholecalciferol 400 IU/cholecalciferol 2,000 IU","placebo/celecoxib 400 mg and cholecalciferol 400 IU/cholecalciferol 2,000 IU",ext:placebo,1
Simtuzumab placebo,Simtuzumab placebo,ext:placebo,1
Sertraline+placebo,Sertraline+placebo,ext:placebo,1
subcutaneous placebo,subcutaneous placebo,ext:placebo,1
89Zr- DFO-MSTP2109A,89Zr- DFO-MSTP2109A,radiotracer/imaging,1
Placebo (not active),Placebo (not active),ext:placebo,1
Stimulants plus placebo,Stimulants plus placebo,ext:placebo,1
BI 10773 / BI 1356 Placebo,BI 10773 / BI 1356 Placebo,ext:placebo,1
Placebo - Capsules,Placebo - Capsules,ext:placebo,1
Placebo - Tablets,Placebo - Tablets,ext:placebo,1
Placebo (for salsalate),Placebo (for salsalate),ext:placebo,1
Placebo 0.15mg/kg,Placebo 0.15mg/kg,ext:placebo,1
Placebo 0.05mg/kg,Placebo 0.05mg/kg,ext:placebo,1
Placebo 0.015 mg/kg,Placebo 0.015 mg/kg,ext:placebo,1
oxycodone weight-matched placebo,oxycodone weight-matched placebo,ext:placebo,1
ALO-02 weight-matched placebo,ALO-02 weight-matched placebo,ext:placebo,1
18F-EF5,18F-EF5,radiotracer/imaging,1
80% oxygen,80% oxygen,ext:oxygen,1
30% oxygen,30% oxygen,ext:oxygen,1
3% Saline,3% Saline,ext:saline,1
Pantoprazole placebo,Pantoprazole placebo,ext:placebo,1
Placebo to Vildagliptin,Placebo to Vildagliptin,ext:placebo,1
Placebo to Gliclazide,Placebo to Gliclazide,ext:placebo,1
Placebo matching with Abatacept,Placebo matching with Abatacept,ext:placebo,1
Sterile Saline Arm,Sterile Saline Arm,ext:saline,1
Placebo (distilled water),Placebo (distilled water),ext:placebo,1
Isotonic potassium chloride,Isotonic potassium chloride,ext:potassium chloride,1
Placebo taken first,Placebo taken first,ext:placebo,1
Placebo - Ticagrelor,Placebo - Ticagrelor,ext:placebo,1
Placebo - Aspirin,Placebo - Aspirin,ext:placebo,1
Placebo (for Dronabinol),Placebo (for Dronabinol),ext:placebo,1
Losmapimod matched Placebo,Losmapimod matched Placebo,ext:placebo,1
18F-FET,18F-FET,radiotracer/imaging,1
BI 1026706 Placebo,BI 1026706 Placebo,ext:placebo,1
Placebo (in-patient),Placebo (in-patient),ext:placebo,1
Vehicle to bimatoprost solution,Vehicle to bimatoprost solution,ext:vehicle,1
Placebo (for etanercept),Placebo (for etanercept),ext:placebo,1
Normal Saline Water,Normal Saline Water,ext:saline,1
Placebo to sitagliptin plus metformin XR,Placebo to sitagliptin plus metformin XR,ext:placebo,1
Placebo to sitagliptin plus metformin,Placebo to sitagliptin plus metformin,ext:placebo,1
Placebo to metformin XR,Placebo to metformin XR,ext:placebo,1
tiotropium bromide placebo,tiotropium bromide placebo,ext:placebo,1
fluticasone propionate/salmeterol placebo,fluticasone propionate/salmeterol placebo,ext:placebo,1
Placebo to prednisolone,Placebo to prednisolone,ext:placebo,1
Placebo to aspirin,Placebo to aspirin,ext:placebo,1
0.9% Saline in 5% dextrose,0.9% Saline in 5% dextrose,ext:saline,1
0.45% Saline in 5% dextrose,0.45% Saline in 5% dextrose,ext:saline,1
0.3% Saline in 3.3% dextrose,0.3% Saline in 3.3% dextrose,ext:saline,1
solifenacin 5 mg matching placebo,solifenacin 5 mg matching placebo,ext:placebo,1
solifenacin 10 mg matching placebo,solifenacin 10 mg matching placebo,ext:placebo,1
mirabegron 50 mg matching placebo,mirabegron 50 mg matching placebo,ext:placebo,1
mirabegron 25 mg matching placebo,mirabegron 25 mg matching placebo,ext:placebo,1
Placebo i.v. solution,Placebo i.v. solution,ext:placebo,1
Non-active placebo control,Non-active placebo control,ext:placebo,1
Placebo for tadalafil,Placebo for tadalafil,ext:placebo,1
Sufentanil - remifentanyl placebo,Sufentanil - remifentanyl placebo,ext:placebo,1
Remifentanyl - sufentanil placebo,Remifentanyl - sufentanil placebo,ext:placebo,1
Vitamin D Placebo,Vitamin D Placebo,ext:placebo,1
Placebo (for Diacerein),Placebo (for Diacerein),ext:placebo,1
normal saline infusion,normal saline infusion,ext:saline,1
ME1100 placebo inhalation solution,ME1100 placebo inhalation solution,ext:placebo,1
SOTB 400mg placebo,SOTB 400mg placebo,ext:placebo,1
SOTB 200mg placebo,SOTB 200mg placebo,ext:placebo,1
FPNS Placebo,FPNS Placebo,ext:placebo,1
matching placebo (bismuth subsalicylate),matching placebo (bismuth subsalicylate),ext:placebo,1
Dymista vehicle,Dymista vehicle,ext:vehicle,1
[18F]Fluoro-2-deoxy-2-D-glucose,[18F]Fluoro-2-deoxy-2-D-glucose,radiotracer/imaging,1
Placebo (for Selegiline),Placebo (for Selegiline),ext:placebo,1
Placebo 40 or 80 mg,Placebo 40 or 80 mg,ext:placebo,1
Buparlisib matching placebo,Buparlisib matching placebo,ext:placebo,1
Dextrose (D5NS),Dextrose (D5NS),ext:dextrose,1
Sugar pill (placebo),Sugar pill (placebo),ext:placebo,1
YH16410 placebo,YH16410 placebo,ext:placebo,1
Rosuvastatin placebo,Rosuvastatin placebo,ext:placebo,1
Suan-Zao-Ren Tang placebo,Suan-Zao-Ren Tang placebo,ext:placebo,1
Placebo Mouthrinse,Placebo Mouthrinse,ext:placebo,1
Placebo (for Vitamin E),Placebo (for Vitamin E),ext:placebo,1
Placebo for PF-05230907,Placebo for PF-05230907,ext:placebo,1
Propranolol + Placebo,Propranolol + Placebo,ext:placebo,1
11C-Carfentanil,11C-Carfentanil,radiotracer/imaging,1
Intralesional Saline,Intralesional Saline,ext:saline,1
placebo for study drug,placebo for study drug,ext:placebo,1
Oral Control (Sucrose pill),Oral Control (Sucrose pill),ext:sucrose,1
Injectable control (Sodium Chloride Injection United States Pharmacopeia (USP) (0.9%)),Injectable control (Sodium Chloride Injection United States Pharmacopeia (USP) (0.9%)),canonical:Sodium Chloride,1
AZD5213 and placebo,AZD5213 and placebo,ext:placebo,1
Bimatoprost Vehicle,Bimatoprost Vehicle,ext:vehicle,1
"Placebo (0.9% w/v Sodium Chloride), solution for injection","Placebo (0.9% w/v Sodium Chloride), solution for injection",canonical:Sodium Chloride,1
Placebo Juice,Placebo Juice,ext:placebo,1
Single bolus of Placebo of CicloMulsion® (Neurovive).,Single bolus of Placebo of CicloMulsion (Neurovive).,ext:placebo,1
Placebo (microcrystalline celluloses),Placebo (microcrystalline celluloses),ext:placebo,1
Placebo gummy vitamin,Placebo gummy vitamin,ext:placebo,1
Saline Placebo for Nitrite,Saline Placebo for Nitrite,ext:placebo,1
Placebo prior to Mirena insertion,Placebo prior to Mirena insertion,ext:placebo,1
Placebo ESBL eradication,Placebo ESBL eradication,ext:placebo,1
Placebo NG,Placebo NG,ext:placebo,1
Placebo for Romidepsin,Placebo for Romidepsin,ext:placebo,1
"Placebo vaginal, 3h","Placebo vaginal, 3h",ext:placebo,1
"Placebo vaginal, 1h","Placebo vaginal, 1h",ext:placebo,1
"Placebo sublingual,1h","Placebo sublingual,1h",ext:placebo,1
"Placebo sublingual, 3h","Placebo sublingual, 3h",ext:placebo,1
Ropinirole CR matching Placebo tablet,Ropinirole CR matching Placebo tablet,ext:placebo,1
Placebo (for oxytocin),Placebo (for oxytocin),ext:placebo,1
Placebo for moxifloxaxin,Placebo for moxifloxaxin,ext:placebo,1
Placebo for Tafenoquine,Placebo for Tafenoquine,ext:placebo,1
administration of Sinupret Placebo,administration of Sinupret Placebo,ext:placebo,1
administration of Bronchipret Placebo,administration of Bronchipret Placebo,ext:placebo,1
18F-Sodium Fluoride (NaF),18F-Sodium Fluoride (NaF),radiotracer/imaging,1
Placebo (for Unfractionated Heparin),Placebo (for Unfractionated Heparin),ext:placebo,1
Placebo (for Tinzaparin),Placebo (for Tinzaparin),ext:placebo,1
intravenous fructose challenge,intravenous fructose challenge,ext:fructose,1
histamine-benzylic alcohol (magistral preparation),histamine-benzylic alcohol (magistral preparation),ext:alcohol,1
0.45 % saline solution,0.45 % saline solution,ext:saline,1
13N-amonia,13N-amonia,radiotracer/imaging,1
Placebo (gummeline),Placebo (gummeline),ext:placebo,1
Placebo of syntocinon,Placebo of syntocinon,ext:placebo,1
Placebo of AM001 Cream,Placebo of AM001 Cream,ext:placebo,1
"Period 2 - Visit 1 Warm Control vehicle, Visit 2 Warm Glucagon, Visit 3 Cold control","Period 2 - Visit 1 Warm Control vehicle, Visit 2 Warm Glucagon, Visit 3 Cold control",ext:vehicle,1
"Period 1 Visit 1 - Cold PET-CT Vehicle, Visit 2 -Warm PET-CT Glucagon","Period 1 Visit 1 - Cold PET-CT Vehicle, Visit 2 -Warm PET-CT Glucagon",ext:vehicle,1
Visipaque 320 non-ionic isoosmolar contrast agent,Visipaque 320 non-ionic isoosmolar contrast agent,ext:contrast,1
placebo pearls,placebo pearls,ext:placebo,1
Fludeoxyglucose F18,Fludeoxyglucose F18,radiotracer/imaging,1
Placebo to MK-3222,Placebo to MK-3222,ext:placebo,1
SAR245409 placebo,SAR245409 placebo,ext:placebo,1
Pimasertib placebo,Pimasertib placebo,ext:placebo,1
Placebo (buffered normal saline w/v),Placebo (buffered normal saline w/v),ext:placebo,1
Placebo + Cyclophosphamide - Epirubicin 6,Placebo + Cyclophosphamide - Epirubicin 6,ext:placebo,1
Lisinopril 10 mg tablets of PT Boehringer Ingelheim Indonesia,Lisinopril 10 mg tablets of PT Boehringer Ingelheim Indonesia,ext:ringer,1
Placebo Formulation 1,Placebo Formulation 1,ext:placebo,1
PUR0200 Placebo,PUR0200 Placebo,ext:placebo,1
Placebo (for dupilumab),Placebo (for dupilumab),ext:placebo,1
Placebo Formulation 2,Placebo Formulation 2,ext:placebo,1
"MC-1101, Placebo","MC-1101, Placebo",ext:placebo,1
Placebo for Probiotic,Placebo for Probiotic,ext:placebo,1
Placebo Midazolam,Placebo Midazolam,ext:placebo,1
Adding Magnesium Sulfate to the standard epidural and interscalene blocks for chronic pain,Adding Magnesium Sulfate to the standard epidural and interscalene blocks for chronic pain,ext:magnesium sulfate,1
Valsartan 160mg placebo,Valsartan 160mg placebo,ext:placebo,1
Rosuvastatin 20mg placebo,Rosuvastatin 20mg placebo,ext:placebo,1
Placebo (Captisol®),Placebo (Captisol),ext:placebo,1
2% chlorhexidine gluconate in 70% alcohol,2% chlorhexidine gluconate in 70% alcohol,ext:alcohol,1
Ciprofloxacin placebo oral twice daily,Ciprofloxacin placebo oral twice daily,ext:placebo,1
Ciprofloxacin placebo i.v. twice daily,Ciprofloxacin placebo i.v. twice daily,ext:placebo,1
AMG 282 Matching Placebo,AMG 282 Matching Placebo,ext:placebo,1
Finafloxacin placebo i.v. once daily,Finafloxacin placebo i.v. once daily,ext:placebo,1
Finafloxacin placebo tablets once daily,Finafloxacin placebo tablets once daily,ext:placebo,1
Lercanidipine10mg /Valsartan 80mg Placebo,Lercanidipine10mg /Valsartan 80mg Placebo,ext:placebo,1
Lercanidipine 10mg /Valsartan 160mg Placebo,Lercanidipine 10mg /Valsartan 160mg Placebo,ext:placebo,1
Lercanidipin 10mg Placebo,Lercanidipin 10mg Placebo,ext:placebo,1
Part1 : Placebo of OPS-2071,Part1 : Placebo of OPS-2071,ext:placebo,1
[18F]GSK2647544 IV bolus,[18F]GSK2647544 IV bolus,radiotracer/imaging,1
Part2 : Placebo of OPS-2071,Part2 : Placebo of OPS-2071,ext:placebo,1
Placebo (for denosumab),Placebo (for denosumab),ext:placebo,1
Normal Saline 150ml,Normal Saline 150ml,ext:saline,1
Placebo to MK-8351,Placebo to MK-8351,ext:placebo,1
placebo for coenzyme Q10,placebo for coenzyme Q10,ext:placebo,1
Intravenous Iron sucrose,Intravenous Iron sucrose,ext:sucrose,1
magnesium sulfate & albuterol,magnesium sulfate & albuterol,ext:magnesium sulfate,1
Placebo (for rivastigmine),Placebo (for rivastigmine),ext:placebo,1
placebo lotion,placebo lotion,ext:placebo,1
[68Ga]ABY-025,[68Ga]ABY-025,radiotracer/imaging,1
Ropivacaine in one arm and placebo (NaCl) in the other arm,Ropivacaine in one arm and placebo (NaCl) in the other arm,ext:placebo,1
Buparlisib matching Placebo,Buparlisib matching Placebo,ext:placebo,1
Placebo of Lyrica,Placebo of Lyrica,ext:placebo,1
Placebo of KW21052,Placebo of KW21052,ext:placebo,1
Omarigliptin Placebo,Omarigliptin Placebo,ext:placebo,1
placebo tablet of DLBS1033,placebo tablet of DLBS1033,ext:placebo,1
Gefitinib and placebo,Gefitinib and placebo,ext:placebo,1
IV Normal saline,IV Normal saline,ext:saline,1
Placebo matching with Metformin XR,Placebo matching with Metformin XR,ext:placebo,1
Placebo matching with Metformin IR,Placebo matching with Metformin IR,ext:placebo,1
BI 207127 Placebo,BI 207127 Placebo,ext:placebo,1
[123I]MNI-672 SPECT,[123I]MNI-672 SPECT,radiotracer/imaging,1
NaCl solution,NaCl solution,ext:nacl,1
Iodine contrast media,Iodine contrast media,ext:iodine contrast,1
deferiprone matching placebo tablets,deferiprone matching placebo tablets,ext:placebo,1
Placebo matching tablets,Placebo matching tablets,ext:placebo,1
"Low-volume, low-concentration contrast (iodixanol - Visipaque 270) CT scan","Low-volume, low-concentration contrast (iodixanol - Visipaque 270) CT scan",ext:contrast,1
Intravenous injection of 177Lu-octreotate,Intravenous injection of 177Lu-octreotate,radiotracer/imaging,1
Lactulose Placebo,Lactulose Placebo,ext:placebo,1
NH004 Placebo,NH004 Placebo,ext:placebo,1
Epidural Saline,Epidural Saline,ext:saline,1
70% alcohol - 0.5% clorhexidine,70% alcohol - 0.5% clorhexidine,ext:alcohol,1
70% alcohol,70% alcohol,ext:alcohol,1
10 mL Injection of Placebo,10 mL Injection of Placebo,ext:placebo,1
Placebo for ODM-102,Placebo for ODM-102,ext:placebo,1
alcoholic povidone iodine,alcoholic povidone iodine,ext:alcohol,1
alcoholic chlorhexidine,alcoholic chlorhexidine,ext:alcohol,1
Placebo for montelukast,Placebo for montelukast,ext:placebo,1
Placebo : Diprobase,Placebo : Diprobase,ext:placebo,1
Low-dose pain medication (Ketalar) and saline placebo,Low-dose pain medication (Ketalar) and saline placebo,ext:placebo,1
Placebo (multiple doses),Placebo (multiple doses),ext:placebo,1
Nasal spray Normal Saline,Nasal spray Normal Saline,ext:saline,1
placebo 960 mg,placebo 960 mg,ext:placebo,1
Placebo 640mg,Placebo 640mg,ext:placebo,1
Placebo 320mg,Placebo 320mg,ext:placebo,1
Within-subjects (placebo),Within-subjects (placebo),ext:placebo,1
131 I-Metaiodobenzylguanidine (131I-MIBG),131 I-Metaiodobenzylguanidine (131I-MIBG),radiotracer/imaging,1
cream vehicle,cream vehicle,ext:vehicle,1
Placebo progesterone,Placebo progesterone,ext:placebo,1
Placebo dydrogesterone,Placebo dydrogesterone,ext:placebo,1
Liraglutide Placebo,Liraglutide Placebo,ext:placebo,1
Losartan Tablets & Placebo Granule,Losartan Tablets & Placebo Granule,ext:placebo,1
Oxygen at 1.5 ATA (atmospheres absolute).,Oxygen at 1.5 ATA (atmospheres absolute).,ext:oxygen,1
Rifamycin SV-MMX® Placebo,Rifamycin SV-MMX Placebo,ext:placebo,1
LOLA or placebo,LOLA or placebo,ext:placebo,1
Inactive placebo capsule,Inactive placebo capsule,ext:placebo,1
Brimonidine tartrate vehicle was applied cutaneously once daily for 8 days.,Brimonidine tartrate vehicle was applied cutaneously once daily for 8 days.,ext:vehicle,1
mannitol inhalation powder,mannitol inhalation powder,ext:mannitol,1
"Placebo single ascending doses, oral suspension","Placebo single ascending doses, oral suspension",ext:placebo,1
"Placebo Comparator: Postmenopausal, topical placebo cream","Placebo Comparator: Postmenopausal, topical placebo cream",ext:placebo,1
18F-EF5 PET/CT scan,18F-EF5 PET/CT scan,radiotracer/imaging,1
Saline+glucose,Saline+glucose,ext:saline,1
Inhaled Mannitol,Inhaled Mannitol,ext:mannitol,1
Glucose oxidase + glucose,Glucose oxidase + glucose,ext:glucose,1
Glucose oxidase,Glucose oxidase,ext:glucose,1
CD07805/47 Gel Placebo,CD07805/47 Gel Placebo,ext:placebo,1
Nitrogen Gas,Nitrogen Gas,ext:nitrogen,1
florbetapir 18F,florbetapir 18F,radiotracer/imaging,1
AXP1275 matching placebo,AXP1275 matching placebo,ext:placebo,1
Alogliptin and Metformin FDC Placebo,Alogliptin and Metformin FDC Placebo,ext:placebo,1
Iguratimod placebo,Iguratimod placebo,ext:placebo,1
Placebo i.m. injection,Placebo i.m. injection,ext:placebo,1
Placebo(for Pregabalin),Placebo(for Pregabalin),ext:placebo,1
Placebo(for Limaprost),Placebo(for Limaprost),ext:placebo,1
DFA-02 Placebo Gel,DFA-02 Placebo Gel,ext:placebo,1
AZD4721 Placebo,AZD4721 Placebo,ext:placebo,1
RDEA3170 and Placebo,RDEA3170 and Placebo,ext:placebo,1
Placebo to match AZD4901,Placebo to match AZD4901,ext:placebo,1
Normal saline and epinephrine,Normal saline and epinephrine,ext:saline,1
Hypertonic saline and epinephrine,Hypertonic saline and epinephrine,ext:saline,1
placebo pills and injectables,placebo pills and injectables,ext:placebo,1
Placebo for benfotiamine,Placebo for benfotiamine,ext:placebo,1
Topical anaesthetic drop with placebo,Topical anaesthetic drop with placebo,ext:placebo,1
Auriclosene Vehicle,Auriclosene Vehicle,ext:vehicle,1
placebo (for domperidone),placebo (for domperidone),ext:placebo,1
placebo (of alginic acid),placebo (of alginic acid),ext:placebo,1
11C-CSar,11C-CSar,radiotracer/imaging,1
Docusate natrium and sorbitol,Docusate natrium and sorbitol,ext:sorbitol,1
Placebo DISKUS,Placebo DISKUS,ext:placebo,1
Placebo to match olaparib 300mg,Placebo to match olaparib 300mg,ext:placebo,1
Placebo Single IV (Intravenous) Infusion,Placebo Single IV (Intravenous) Infusion,ext:placebo,1
Cream vehicle of test product,Cream vehicle of test product,ext:vehicle,1
Placebo + Brief Behavioral Enhancement Treatment,Placebo + Brief Behavioral Enhancement Treatment,ext:placebo,1
Placebo and prednisone,Placebo and prednisone,ext:placebo,1
Placebo-Control,Placebo-Control,ext:placebo,1
Propofol (B-Braun) and NaCl 0.9%,Propofol (B-Braun) and NaCl 0.9%,canonical:NaCl 0.9%,1
"Propofol (Astra-Zeneca), NaCl 0.9%","Propofol (Astra-Zeneca), NaCl 0.9%",canonical:NaCl 0.9%,1
onaBoNT-A + placebo,onaBoNT-A + placebo,ext:placebo,1
Tamsulosin + placebo,Tamsulosin + placebo,ext:placebo,1
Methylnaltrexone placebo,Methylnaltrexone placebo,ext:placebo,1
Placebo of MNTX and NLX,Placebo of MNTX and NLX,ext:placebo,1
Drug-Placebo,Drug-Placebo,ext:placebo,1
Placebo with or without mefenamic acid,Placebo with or without mefenamic acid,ext:placebo,1
colistin and placebo,colistin and placebo,ext:placebo,1
aPDT + Doxycycline Placebo,aPDT + Doxycycline Placebo,ext:placebo,1
Placebo (Sterile Water),Placebo (Sterile Water),ext:placebo,1
Placebo (Ringer acetate),Placebo (Ringer acetate),ext:placebo,1
Placebo: Ultra low dose levonorgestrel contraceptive system (LCS),Placebo: Ultra low dose levonorgestrel contraceptive system (LCS),ext:placebo,1
Placebo: Flexi ring FR20,Placebo: Flexi ring FR20,ext:placebo,1
Placebo: Flexi ring FR01,Placebo: Flexi ring FR01,ext:placebo,1
Placebo of fish oil,Placebo of fish oil,ext:placebo,1
Placebo of fenofibrate,Placebo of fenofibrate,ext:placebo,1
Placebo of LCQ908,Placebo of LCQ908,ext:placebo,1
placebo to sotrastaurin,placebo to sotrastaurin,ext:placebo,1
Butenafine Vehicle,Butenafine Vehicle,ext:vehicle,1
Levocarnitine placebo,Levocarnitine placebo,ext:placebo,1
Daivonex® ointment vehicle,Daivonex ointment vehicle,ext:vehicle,1
Placebo for Subutex®/Suboxone®,Placebo for Subutex/Suboxone,ext:placebo,1
Placebo for RBP-6300,Placebo for RBP-6300,ext:placebo,1
Montelukast to placebo,Montelukast to placebo,ext:placebo,1
Placebo Sodium Phenylbutyrate plus placebo cholecalciferol,Placebo Sodium Phenylbutyrate plus placebo cholecalciferol,ext:placebo,1
Placebo Sodium Phenylbutyrate plus active cholecalciferol,Placebo Sodium Phenylbutyrate plus active cholecalciferol,ext:placebo,1
Active Sodium Phenylbutyrate and placebo cholecalciferol,Active Sodium Phenylbutyrate and placebo cholecalciferol,ext:placebo,1
Placebo in 50 ml infusion volume,Placebo in 50 ml infusion volume,ext:placebo,1
Placebo in 250 ml infusion volume,Placebo in 250 ml infusion volume,ext:placebo,1
Placebo in 100 ml infusion volume,Placebo in 100 ml infusion volume,ext:placebo,1
"Placebo, s.c.","Placebo, s.c.",ext:placebo,1
"Placebo, i.v.","Placebo, i.v.",ext:placebo,1
High Dose Placebo,High Dose Placebo,ext:placebo,1
NaCl Solution,NaCl Solution,ext:nacl,1
Placebo Ointment Base,Placebo Ointment Base,ext:placebo,1
PLACEBO-IV-SC,PLACEBO-IV-SC,ext:placebo,1
Omeprazole 20 mg + Sodium Bicarbonate 1100 mg,Omeprazole 20 mg + Sodium Bicarbonate 1100 mg,ext:sodium bicarbonate,1
Placebo to BI 187004 CL,Placebo to BI 187004 CL,ext:placebo,1
Placebo to BI 163538 XX,Placebo to BI 163538 XX,ext:placebo,1
"Cold crystalloid infusions, 0.9%NaCl or Ringer's","Cold crystalloid infusions, 0.9%NaCl or Ringer's",ext:nacl,1
124I-Metaiodobenzylguanidine (MIBG) (no-carrier added),124I-Metaiodobenzylguanidine (MIBG) (no-carrier added),radiotracer/imaging,1
124I-MIBG (carrier added),124I-MIBG (carrier added),radiotracer/imaging,1
Amoxicillin plus placebo,Amoxicillin plus placebo,ext:placebo,1
saline nasal irrigation alone,saline nasal irrigation alone,ext:saline,1
Sodium Chloride Placebo,Sodium Chloride Placebo,canonical:Sodium Chloride,1
Trametinib placebo,Trametinib placebo,ext:placebo,1
placebo or sugar pill,placebo or sugar pill,ext:placebo,1
Placebo (6 inhalations),Placebo (6 inhalations),ext:placebo,1
Placebo to SAF312,Placebo to SAF312,ext:placebo,1
99mTc MIP 1404,99mTc MIP 1404,radiotracer/imaging,1
Xuesaitong soft capsule Placebo,Xuesaitong soft capsule Placebo,ext:placebo,1
Placebo Comparator: Control-- furosemide (lasix) only,Placebo Comparator: Control-- furosemide (lasix) only,ext:placebo,1
VAL489 matching placebo,VAL489 matching placebo,ext:placebo,1
Placebo of Aripiprazole,Placebo of Aripiprazole,ext:placebo,1
RO4917838 placebo,RO4917838 placebo,ext:placebo,1
Matched Placebo - Sugar Pill,Matched Placebo - Sugar Pill,ext:placebo,1
Sodium bicarbonate plus saline,Sodium bicarbonate plus saline,ext:saline,1
NAC plus sodium bicarbonate plus saline,NAC plus sodium bicarbonate plus saline,ext:saline,1
NAC plus saline,NAC plus saline,ext:saline,1
Intravenous NAC plus saline,Intravenous NAC plus saline,ext:saline,1
GSK1605786 Placebo,GSK1605786 Placebo,ext:placebo,1
placebo Risedronate,placebo Risedronate,ext:placebo,1
Mepivacaine chlorhydrate 2% in Sodium Bicarbonate 1.4%,Mepivacaine chlorhydrate 2% in Sodium Bicarbonate 1.4%,ext:sodium bicarbonate,1
Hyperbaric oxygen (HBO2) at 1.5 atms,Hyperbaric oxygen (HBO2) at 1.5 atms,ext:oxygen,1
Placebo-matching MK-1602,Placebo-matching MK-1602,ext:placebo,1
Saline for Injection,Saline for Injection,ext:saline,1
Placebo Vehicle (non-treatment),Placebo Vehicle (non-treatment),ext:placebo,1
A placebo in combination with weekly paclitaxel.,A placebo in combination with weekly paclitaxel.,ext:placebo,1
"6% Hypertonic Saline (HS), 4mL","6% Hypertonic Saline (HS), 4mL",ext:saline,1
"0.9% Isotonic Saline (IS), 4mL","0.9% Isotonic Saline (IS), 4mL",ext:saline,1
Ringer lactato,Ringer lactato,ext:ringer,1
"Placebo (0,9% NaCl)","Placebo (0,9% NaCl)",ext:placebo,1
"Placebo (matching tablet, without active ingredient), followed by etoricoxib","Placebo (matching tablet, without active ingredient), followed by etoricoxib",ext:placebo,1
"Etoricoxib, followed by placebo (matching tablet, without active ingredient)","Etoricoxib, followed by placebo (matching tablet, without active ingredient)",ext:placebo,1
Single dose azithromycin 1000 mg plus placebo,Single dose azithromycin 1000 mg plus placebo,ext:placebo,1
.9 normal saline placebo,.9 normal saline placebo,ext:placebo,1
Placebo bupropion-Placebo gum,Placebo bupropion-Placebo gum,ext:placebo,1
Active bupropion-Placebo gum,Active bupropion-Placebo gum,ext:placebo,1
"Placebo medication, No counseling","Placebo medication, No counseling",ext:placebo,1
Placebo medication + counseling,Placebo medication + counseling,ext:placebo,1
Cannabis(THC)(Inhaled) and Placebo,Cannabis(THC)(Inhaled) and Placebo,ext:placebo,1
Alcohol(oral) and placebo,Alcohol(oral) and placebo,ext:placebo,1
sodium chloride solution 0.9%,sodium chloride solution 0.9%,canonical:Sodium Chloride,1
Placebo matching Tamsulosine Arrow LP,Placebo matching Tamsulosine Arrow LP,ext:placebo,1
Placebo to NVA237 and indacaterol 150 µg,Placebo to NVA237 and indacaterol 150 µg,ext:placebo,1
Folinic Acid and placebo,Folinic Acid and placebo,ext:placebo,1
Ophthalmic gel (placebo),Ophthalmic gel (placebo),ext:placebo,1
saline serum,saline serum,ext:saline,1
"Gemcitabine, placebo","Gemcitabine, placebo",ext:placebo,1
Nasal placebo,Nasal placebo,ext:placebo,1
Placebo group(once daily),Placebo group(once daily),ext:placebo,1
PF-06273340 or Placebo,PF-06273340 or Placebo,ext:placebo,1
Creatine monohydrate or placebo,Creatine monohydrate or placebo,ext:placebo,1
Arm B Double-blind Phase: Placebo,Arm B Double-blind Phase: Placebo,ext:placebo,1
Placebo for E2609,Placebo for E2609,ext:placebo,1
2000mg IV GSK1322322J/placebo,2000mg IV GSK1322322J/placebo,ext:placebo,1
3'-deoxy-3'-18F fluorothymidine (FLT),3'-deoxy-3'-18F fluorothymidine (FLT),radiotracer/imaging,1
500mg IV GSK1322322/placebo,500mg IV GSK1322322/placebo,ext:placebo,1
3000mg IV GSK1322322J/placebo,3000mg IV GSK1322322J/placebo,ext:placebo,1
1500mg oral GSK1322322/placebo dose,1500mg oral GSK1322322/placebo dose,ext:placebo,1
Saline 2 ml i.v.,Saline 2 ml i.v.,ext:saline,1
1500mg IV GSK1322322/placebo,1500mg IV GSK1322322/placebo,ext:placebo,1
1000mg oral GSK1322322/placebo,1000mg oral GSK1322322/placebo,ext:placebo,1
1000mg IV GSK1322322J/placebo,1000mg IV GSK1322322J/placebo,ext:placebo,1
1000mg IV GSK1322322/placebo,1000mg IV GSK1322322/placebo,ext:placebo,1
Daivobet® gel vehicle applied for 24 hours (+/- 2 hours),Daivobet gel vehicle applied for 24 hours (+/- 2 hours),ext:vehicle,1
Placebo matching with BMS-933043,Placebo matching with BMS-933043,ext:placebo,1
Placebo Drug Delivery System,Placebo Drug Delivery System,ext:placebo,1
placebo/dalfampridine-ER,placebo/dalfampridine-ER,ext:placebo,1
dalfampridine-ER/placebo,dalfampridine-ER/placebo,ext:placebo,1
Standard of care (hypertonic saline and mannitol; serum sodium),Standard of care (hypertonic saline and mannitol; serum sodium),ext:saline,1
"Induced, sustained hypernatremia using hypertonic saline","Induced, sustained hypernatremia using hypertonic saline",ext:saline,1
Hyperbaric oxygen treatment,Hyperbaric oxygen treatment,ext:oxygen,1
"0.9% NaCl, saline","0.9% NaCl, saline",ext:saline,1
Oral/enteral placebo solution,Oral/enteral placebo solution,ext:placebo,1
Cherry Placebo,Cherry Placebo,ext:placebo,1
Tablets Ibumetin and placebo,Tablets Ibumetin and placebo,ext:placebo,1
Florbetapir F 18 (18F-AV-45),Florbetapir F 18 (18F-AV-45),radiotracer/imaging,1
Placebo to BI 1021958,Placebo to BI 1021958,ext:placebo,1
89Zr-DFO-huJ591,89Zr-DFO-huJ591,radiotracer/imaging,1
Placebo to RO4917838,Placebo to RO4917838,ext:placebo,1
double-blind placebo,double-blind placebo,ext:placebo,1
New Formulation Placebo,New Formulation Placebo,ext:placebo,1
pentoxifylline placebo,pentoxifylline placebo,ext:placebo,1
Placebo (nicotine patches),Placebo (nicotine patches),ext:placebo,1
9% NaCl 500ml,9% NaCl 500ml,ext:nacl,1
Levofloxacin 500 mg placebol,Levofloxacin 500 mg placebol,ext:placebo,1
LEO 90100 vehicle,LEO 90100 vehicle,ext:vehicle,1
Control Saline,Control Saline,ext:saline,1
REGN1154 or placebo,REGN1154 or placebo,ext:placebo,1
Placebo-controlled withTyramine,Placebo-controlled withTyramine,ext:placebo,1
[11C]PBR28 and Positron Emission Tomography (PET),[11C]PBR28 and Positron Emission Tomography (PET),radiotracer/imaging,1
"QVAR/Beconase, Placebo/Placebo, Alvesco/Omnaris","QVAR/Beconase, Placebo/Placebo, Alvesco/Omnaris",ext:placebo,1
"QVAR/Beconase, Alvesco/Omnaris, Placebo/Placebo","QVAR/Beconase, Alvesco/Omnaris, Placebo/Placebo",ext:placebo,1
"Placebo/Placebo, QVAR/Beconase, Alvesco/Omnaris","Placebo/Placebo, QVAR/Beconase, Alvesco/Omnaris",ext:placebo,1
"Placebo/Placebo, Alvesco/Omnaris, QVAR/Beconase","Placebo/Placebo, Alvesco/Omnaris, QVAR/Beconase",ext:placebo,1
"Alvesco/Omnaris, QVAR/Beconase, Placebo/Placebo","Alvesco/Omnaris, QVAR/Beconase, Placebo/Placebo",ext:placebo,1
"Alvesco/Omnaris, Placebo/Placebo, QVAR/Beconase","Alvesco/Omnaris, Placebo/Placebo, QVAR/Beconase",ext:placebo,1
Moxtezafin Gadolinium,Moxtezafin Gadolinium,ext:gadolinium,1
placebo hydrogel,placebo hydrogel,ext:placebo,1
Saline load,Saline load,ext:saline,1
88% sucrose po,88% sucrose po,ext:sucrose,1
Placebo subcutaneous,Placebo subcutaneous,ext:placebo,1
Oat Powder (placebo),Oat Powder (placebo),ext:placebo,1
Placebo administered to match targeted daily doses of 100-500 mg/day,Placebo administered to match targeted daily doses of 100-500 mg/day,ext:placebo,1
Control-saline,Control-saline,ext:saline,1
Control saline,Control saline,ext:saline,1
Placebo (for SAR156597),Placebo (for SAR156597),ext:placebo,1
Placebo of Anagliptin,Placebo of Anagliptin,ext:placebo,1
Placebo (20% Intralipid emulsion),Placebo (20% Intralipid emulsion),ext:placebo,1
placebo sublingual immunotherapy,placebo sublingual immunotherapy,ext:placebo,1
Lenvatinib matched placebo,Lenvatinib matched placebo,ext:placebo,1
Core decompression/placebo implantation,Core decompression/placebo implantation,ext:placebo,1
Nemonoxacin Malate Sodium Chloride,Nemonoxacin Malate Sodium Chloride,canonical:Sodium Chloride,1
Supplemental 3LPM oxygen via canula,Supplemental 3LPM oxygen via canula,ext:oxygen,1
Definity Contrast,Definity Contrast,ext:contrast,1
Ethanol and Paclitaxel Injection,Ethanol and Paclitaxel Injection,ext:ethanol,1
placebo to tiotropium+olodaterol,placebo to tiotropium+olodaterol,ext:placebo,1
Placebos (matched to 4 mg and 10 mg lenvatinib capsules).,Placebos (matched to 4 mg and 10 mg lenvatinib capsules).,ext:placebo,1
Atorvastatin placebo,Atorvastatin placebo,ext:placebo,1
Placebo for AZD3241 100 mg,Placebo for AZD3241 100 mg,ext:placebo,1
Dovitinib Placebo,Dovitinib Placebo,ext:placebo,1
Placebo of vildagliptin,Placebo of vildagliptin,ext:placebo,1
LX7101 Vehicle,LX7101 Vehicle,ext:vehicle,1
Placebo and Paclitaxel-Carboplatin,Placebo and Paclitaxel-Carboplatin,ext:placebo,1
Viscum album ethanolic extract manufactured according to Homoeopathic pharmacopoeia of India (H.P.I.),Viscum album ethanolic extract manufactured according to Homoeopathic pharmacopoeia of India (H.P.I.),ext:ethanol,1
Placebo for AZD3241 25 mg,Placebo for AZD3241 25 mg,ext:placebo,1
Injectable Saline Solution.,Injectable Saline Solution.,ext:saline,1
Mesalazine placebo plus Lactobacillus casei placebo,Mesalazine placebo plus Lactobacillus casei placebo,ext:placebo,1
Tamsulosin-matching placebo,Tamsulosin-matching placebo,ext:placebo,1
Finasteride-matching placebo,Finasteride-matching placebo,ext:placebo,1
Theramine- like placebo,Theramine- like placebo,ext:placebo,1
Placebo : lactose,Placebo : lactose,ext:placebo,1
AL-60371 Vehicle,AL-60371 Vehicle,ext:vehicle,1
NVC-422 Vehicle Solution,NVC-422 Vehicle Solution,ext:vehicle,1
placebo + alcohol,placebo + alcohol,ext:placebo,1
perampanel + alcohol,perampanel + alcohol,ext:alcohol,1
alcohol + placebo,alcohol + placebo,ext:placebo,1
alcohol + perampanel,alcohol + perampanel,ext:alcohol,1
Placebo matched to ivacaftor,Placebo matched to ivacaftor,ext:placebo,1
split dose of Golytely (polyethylene glycol electrolyte lavage solution) + placebo,split dose of Golytely (polyethylene glycol electrolyte lavage solution) + placebo,ext:placebo,1
Golytely (polyethylene glycol electrolyte lavage solution) and placebo,Golytely (polyethylene glycol electrolyte lavage solution) and placebo,ext:placebo,1
patients receiving saline infusion,patients receiving saline infusion,ext:saline,1
Quinidine placebo,Quinidine placebo,ext:placebo,1
Dolutegravir placebo twice daily,Dolutegravir placebo twice daily,ext:placebo,1
VAK694 placebo,VAK694 placebo,ext:placebo,1
BG00012 placebo,BG00012 placebo,ext:placebo,1
Vehicle (base cream),Vehicle (base cream),ext:vehicle,1
naloxone placebo,naloxone placebo,ext:placebo,1
Intramuscular (IM) Depot Placebo,Intramuscular (IM) Depot Placebo,ext:placebo,1
Dose-Matched Placebo,Dose-Matched Placebo,ext:placebo,1
placebo + ethinylestradiol/levonorgestrel,placebo + ethinylestradiol/levonorgestrel,ext:placebo,1
D/C/F/TAF Placebo,D/C/F/TAF Placebo,ext:placebo,1
COBI Placebo,COBI Placebo,ext:placebo,1
DRV Placebo,DRV Placebo,ext:placebo,1
blank placebo,blank placebo,ext:placebo,1
regadenoson infusion with contrast-enhanced ultrasound,regadenoson infusion with contrast-enhanced ultrasound,ext:contrast,1
PT001 Placebo MDI,PT001 Placebo MDI,ext:placebo,1
Universal HEC Placebo Gel Formulation,Universal HEC Placebo Gel Formulation,ext:placebo,1
Placebo Matched to Alirocumab,Placebo Matched to Alirocumab,ext:placebo,1
Placebo for risendronate,Placebo for risendronate,ext:placebo,1
Placebo for denosumab,Placebo for denosumab,ext:placebo,1
Exenatide vehicle,Exenatide vehicle,ext:vehicle,1
Placebo perfusion,Placebo perfusion,ext:placebo,1
Lactosa (placebo arm),Lactosa (placebo arm),ext:placebo,1
Placebo DLBS2411,Placebo DLBS2411,ext:placebo,1
Placebo probiotic,Placebo probiotic,ext:placebo,1
Placebo to match metformin,Placebo to match metformin,ext:placebo,1
pregabalin/placebo,pregabalin/placebo,ext:placebo,1
celecoxib/placebo,celecoxib/placebo,ext:placebo,1
match placebo,match placebo,ext:placebo,1
"Western therapy (mannitol, methylprednisolone, immunoglobulin, febrifuge)","Western therapy (mannitol, methylprednisolone, immunoglobulin, febrifuge)",ext:mannitol,1
GW824575 matched-placebo,GW824575 matched-placebo,ext:placebo,1
Low/High/Placebo Dose Keppra (Levetiracetam),Low/High/Placebo Dose Keppra (Levetiracetam),ext:placebo,1
Placebo (phosphate-buffered saline),Placebo (phosphate-buffered saline),ext:placebo,1
HTK/Placebo,HTK/Placebo,ext:placebo,1
3.15% chlorhexidine/70% isopropyl alcohol,3.15% chlorhexidine/70% isopropyl alcohol,ext:alcohol,1
Ropivacaine-Fentanyl-Normal Saline,Ropivacaine-Fentanyl-Normal Saline,ext:saline,1
Levobupivacaine- Fentanyl- Normal Saline,Levobupivacaine- Fentanyl- Normal Saline,ext:saline,1
Bupivacaine- Fentanyl - Normal Saline,Bupivacaine- Fentanyl - Normal Saline,ext:saline,1
Drug (including placebo),Drug (including placebo),ext:placebo,1
diluent,diluent,ext:diluent,1
123I-CMICE-013,123I-CMICE-013,radiotracer/imaging,1
placebo and rhG-CSF 5ug/kg/d,placebo and rhG-CSF 5ug/kg/d,ext:placebo,1
Placebo Vaginal Tablet,Placebo Vaginal Tablet,ext:placebo,1
placebo (for remifentanil),placebo (for remifentanil),ext:placebo,1
Placebo (for pioglitazone),Placebo (for pioglitazone),ext:placebo,1
placebo (for midazolam),placebo (for midazolam),ext:placebo,1
placebo (for meperidine),placebo (for meperidine),ext:placebo,1
standard saline infusion,standard saline infusion,ext:saline,1
"placebo 2 ml suspension for nebulization, one administration b.i.d. for 14 days","placebo 2 ml suspension for nebulization, one administration b.i.d. for 14 days",ext:placebo,1
Nitrous Oxide/Oxygen,Nitrous Oxide/Oxygen,ext:oxygen,1
15% oxygen in N2 breathing,15% oxygen in N2 breathing,ext:oxygen,1
12% oxygen in N2 breathing,12% oxygen in N2 breathing,ext:oxygen,1
100% oxygen breathing,100% oxygen breathing,ext:oxygen,1
Kenalog then Placebo,Kenalog then Placebo,ext:placebo,1
Kenalog or placebo,Kenalog or placebo,ext:placebo,1
Olmesartan matching placebo,Olmesartan matching placebo,ext:placebo,1
placebo+metformin,placebo+metformin,ext:placebo,1
Placebo: 3cc of 0.9% Normal Saline,Placebo: 3cc of 0.9% Normal Saline,ext:placebo,1
Placebo + paclitaxel + carboplatin,Placebo + paclitaxel + carboplatin,ext:placebo,1
VSL#3 placebo,VSL#3 placebo,ext:placebo,1
11C-L-deprenyl-D2,11C-L-deprenyl-D2,radiotracer/imaging,1
ACYC vehicle,ACYC vehicle,ext:vehicle,1
Saline inj,Saline inj,ext:saline,1
vehicle of bimatoprost formulation A solution,vehicle of bimatoprost formulation A solution,ext:vehicle,1
"[18F] 4-L-Fluoroglutamine (2S,4R)","[18F] 4-L-Fluoroglutamine (2S,4R)",radiotracer/imaging,1
vehicle of bimatoprost solution 0.03 %,vehicle of bimatoprost solution 0.03 %,ext:vehicle,1
Placebo for comparator,Placebo for comparator,ext:placebo,1
Placebo for Active,Placebo for Active,ext:placebo,1
Fluoxetine + Placebo,Fluoxetine + Placebo,ext:placebo,1
Alcohol-free dexamethasone mouth rinse (Stomatitis sub-study),Alcohol-free dexamethasone mouth rinse (Stomatitis sub-study),ext:alcohol,1
AL-4943A Ophthalmic Solution Vehicle,AL-4943A Ophthalmic Solution Vehicle,ext:vehicle,1
Conventional plus placebo,Conventional plus placebo,ext:placebo,1
calcium gluconate and magnesium sulfate,calcium gluconate and magnesium sulfate,ext:magnesium sulfate,1
Fostamatinib - 1 x 150mg mannitol-based 38% drug-loaded tablet(orange reference),Fostamatinib - 1 x 150mg mannitol-based 38% drug-loaded tablet(orange reference),ext:mannitol,1
Fostamatinib - 1 x 150mg mannitol based 38% drug-loaded tablet (batch variant A),Fostamatinib - 1 x 150mg mannitol based 38% drug-loaded tablet (batch variant A),ext:mannitol,1
Fostamatinib - 1 x 150mg mannitol based 38% drug loaded tablet (batch variant B),Fostamatinib - 1 x 150mg mannitol based 38% drug loaded tablet (batch variant B),ext:mannitol,1
15Nitrogen(15N)-labeled sodium nitrite,15Nitrogen(15N)-labeled sodium nitrite,ext:nitrogen,1
15Nitrogen(15N)-labeled sodium nitrate,15Nitrogen(15N)-labeled sodium nitrate,ext:nitrogen,1
14Nitrogen Sodium Nitrite,14Nitrogen Sodium Nitrite,ext:nitrogen,1
F-18 florbetapir PET,F-18 florbetapir PET,radiotracer/imaging,1
Placebo for VR040,Placebo for VR040,ext:placebo,1
Placebo to BI 113608 PIB qd,Placebo to BI 113608 PIB qd,ext:placebo,1
Placebo to BI 113608 PIB bid,Placebo to BI 113608 PIB bid,ext:placebo,1
AGN-214868 Placebo (Vehicle),AGN-214868 Placebo (Vehicle),ext:placebo,1
Placebo to simvastatin,Placebo to simvastatin,ext:placebo,1
Placebo to Sitagliptin/Simvastatin FDC,Placebo to Sitagliptin/Simvastatin FDC,ext:placebo,1
Placebo-matching telotristat etiprate,Placebo-matching telotristat etiprate,ext:placebo,1
99mTc sulfur colloid,99mTc sulfur colloid,radiotracer/imaging,1
Placebo Group A,Placebo Group A,ext:placebo,1
Placebo Group B,Placebo Group B,ext:placebo,1
Placebo Group C,Placebo Group C,ext:placebo,1
Placebo for Hepar-P,Placebo for Hepar-P,ext:placebo,1
normal saline 0.5ml,normal saline 0.5ml,ext:saline,1
CD0271 0.1%/CD1579 2.5% gel vehicle,CD0271 0.1%/CD1579 2.5% gel vehicle,ext:vehicle,1
Placebo (normal saline solution),Placebo (normal saline solution),ext:placebo,1
Placebo(for Theophylline),Placebo(for Theophylline),ext:placebo,1
Bardoxolone Methyl Placebo,Bardoxolone Methyl Placebo,ext:placebo,1
Active Placebo Dose MDMA-assisted therapy (25 mg),Active Placebo Dose MDMA-assisted therapy (25 mg),ext:placebo,1
Placebo-to-match GSK2586184,Placebo-to-match GSK2586184,ext:placebo,1
Placebo-matched-to-ivacaftor tablet,Placebo-matched-to-ivacaftor tablet,ext:placebo,1
"Docetaxel, Placebo","Docetaxel, Placebo",ext:placebo,1
placebo inhalation solution,placebo inhalation solution,ext:placebo,1
Placebo pill (for Letrozole),Placebo pill (for Letrozole),ext:placebo,1
Placebo gel (for Testosterone 1.62% gel),Placebo gel (for Testosterone 1.62% gel),ext:placebo,1
Placebo (for Misoprostol),Placebo (for Misoprostol),ext:placebo,1
Placebo (for Lidocaine),Placebo (for Lidocaine),ext:placebo,1
"(S,S)-[11C]MRB","(S,S)-[11C]MRB",radiotracer/imaging,1
GSK2190915 placebo,GSK2190915 placebo,ext:placebo,1
Placebo + surgery,Placebo + surgery,ext:placebo,1
Placebo & Placebo,Placebo & Placebo,ext:placebo,1
Placebo & Citalopram,Placebo & Citalopram,ext:placebo,1
Bupropion & Placebo,Bupropion & Placebo,ext:placebo,1
Randomization to Placebo,Randomization to Placebo,ext:placebo,1
Abiraterone acetate Placebo,Abiraterone acetate Placebo,ext:placebo,1
Placebo for anacetrapib 25 mg,Placebo for anacetrapib 25 mg,ext:placebo,1
Placebo for anacetrapib 100 mg,Placebo for anacetrapib 100 mg,ext:placebo,1
methylen blue &normal saline,methylen blue &normal saline,ext:saline,1
metheylne blue with normal saline,metheylne blue with normal saline,ext:saline,1
"Pregabalin and normal saline infusion, PRG","Pregabalin and normal saline infusion, PRG",ext:saline,1
"Placebo drug, normal saline infusion","Placebo drug, normal saline infusion",ext:placebo,1
oxygen and saline,oxygen and saline,ext:saline,1
Medical air equivalent,Medical air equivalent,ext:medical air,1
Placebo matching Dacarbazine,Placebo matching Dacarbazine,ext:placebo,1
"azithromycin 1.5%/Loteprednol 0,5% + placebo","azithromycin 1.5%/Loteprednol 0,5% + placebo",ext:placebo,1
Optison echocardiography contrast agent,Optison echocardiography contrast agent,ext:contrast,1
administer acetate Ringer's solution,administer acetate Ringer's solution,ext:ringer,1
acetate Ringer's solution containing no glucose,acetate Ringer's solution containing no glucose,ext:glucose,1
acetate Ringer's solution containing 1% glucose,acetate Ringer's solution containing 1% glucose,ext:glucose,1
Placebo Inhalation Powder ACCUHALER/DISKUS,Placebo Inhalation Powder ACCUHALER/DISKUS,ext:placebo,1
risperidone placebo,risperidone placebo,ext:placebo,1
RO5285119 placebo,RO5285119 placebo,ext:placebo,1
liquid placebo,liquid placebo,ext:placebo,1
Placebo vehicle (PBS),Placebo vehicle (PBS),ext:placebo,1
placebo normal saline,placebo normal saline,ext:placebo,1
CHF 6001 SD or placebo,CHF 6001 SD or placebo,ext:placebo,1
CHF 6001 MD or placebo,CHF 6001 MD or placebo,ext:placebo,1
Placebo 500mg,Placebo 500mg,ext:placebo,1
Placebo 2000mg,Placebo 2000mg,ext:placebo,1
Placebo 1000mg,Placebo 1000mg,ext:placebo,1
2-[18F]-fluro-3-[2(S)-2-azethidinylmethoxy]-pyridine,2-[18F]-fluro-3-[2(S)-2-azethidinylmethoxy]-pyridine,radiotracer/imaging,1
Matching placebo to Omarigliptin,Matching placebo to Omarigliptin,ext:placebo,1
Placebo (healthy participants),Placebo (healthy participants),ext:placebo,1
Placebo (asthmatic patients),Placebo (asthmatic patients),ext:placebo,1
placebo matching nonivamide + nicoboxil,placebo matching nonivamide + nicoboxil,ext:placebo,1
"Ambroxol hydrochloride (Mucopect®, 60 mg, Boehringer Ingelheim)","Ambroxol hydrochloride (Mucopect, 60 mg, Boehringer Ingelheim)",ext:ringer,1
18F-VM4-037,18F-VM4-037,radiotracer/imaging,1
Oxytocin vs. Placebo,Oxytocin vs. Placebo,ext:placebo,1
MTX Placebo,MTX Placebo,ext:placebo,1
Placebo to MRZ-99030 eye drops,Placebo to MRZ-99030 eye drops,ext:placebo,1
Sterile isotonic saline,Sterile isotonic saline,ext:saline,1
Hypertonic Saline Aerosol,Hypertonic Saline Aerosol,ext:saline,1
Diagnostic Imaging ( 6α-[18F]fluoro-17β-estradiol (FES)),Diagnostic Imaging ( 6α-[18F]fluoro-17β-estradiol (FES)),radiotracer/imaging,1
Magnesium sulfate infusion,Magnesium sulfate infusion,ext:magnesium sulfate,1
Intramuscular/paravertebral injections of Oxygen-Ozone,Intramuscular/paravertebral injections of Oxygen-Ozone,ext:oxygen,1
Placebo (Caramel in sterile water),Placebo (Caramel in sterile water),ext:placebo,1
Placebo (for Ezetimibe),Placebo (for Ezetimibe),ext:placebo,1
Placebo (for ezetimibe),Placebo (for ezetimibe),ext:placebo,1
Treatment C (placebo),Treatment C (placebo),ext:placebo,1
placebo: 0.0% riboflavin ophthalmic solution with the KXL system,placebo: 0.0% riboflavin ophthalmic solution with the KXL system,ext:placebo,1
Mannitol (Aridol),Mannitol (Aridol),ext:mannitol,1
Placebo - saline,Placebo - saline,ext:placebo,1
Placebo as Capsules,Placebo as Capsules,ext:placebo,1
Placebo to SHP-141C,Placebo to SHP-141C,ext:placebo,1
Placebo + methotrexate (MTX) (Group 1),Placebo + methotrexate (MTX) (Group 1),ext:placebo,1
Mannitol-based 38% drug-loaded tablet,Mannitol-based 38% drug-loaded tablet,ext:mannitol,1
Placebo to match AZLI,Placebo to match AZLI,ext:placebo,1
Vehicle for RX-10045 arm,Vehicle for RX-10045 arm,ext:vehicle,1
GSK573719 Active treatment or Placebo,GSK573719 Active treatment or Placebo,ext:placebo,1
Placebo (for SAR100842),Placebo (for SAR100842),ext:placebo,1
Placebo erythropoietin,Placebo erythropoietin,ext:placebo,1
Homeopathic placebo medication,Homeopathic placebo medication,ext:placebo,1
BI 105273 i.v. Placebo,BI 105273 i.v. Placebo,ext:placebo,1
BI 1005273 s.c. Placebo,BI 1005273 s.c. Placebo,ext:placebo,1
"Placebo of Phenazopyridine Hydrochloride Tables, USP 200 mg","Placebo of Phenazopyridine Hydrochloride Tables, USP 200 mg",ext:placebo,1
Dose-match placebo,Dose-match placebo,ext:placebo,1
S-555739 placebo,S-555739 placebo,ext:placebo,1
Cetirizine HCl placebo,Cetirizine HCl placebo,ext:placebo,1
Placebo to BI 144807,Placebo to BI 144807,ext:placebo,1
PET with 11C-Flumazenil,PET with 11C-Flumazenil,radiotracer/imaging,1
[18F]FluorbetaOx,[18F]FluorbetaOx,radiotracer/imaging,1
Placebo Eprosartan mesylate,Placebo Eprosartan mesylate,ext:placebo,1
Placebo Eprosartan,Placebo Eprosartan,ext:placebo,1
Placebo to BI 1021958 qd,Placebo to BI 1021958 qd,ext:placebo,1
Placebo to BI 1021958 bid,Placebo to BI 1021958 bid,ext:placebo,1
Placebo for BMS-986094,Placebo for BMS-986094,ext:placebo,1
Ruxolitinib-placebo,Ruxolitinib-placebo,ext:placebo,1
HU-placebo,HU-placebo,ext:placebo,1
Placebo for Efavirenz,Placebo for Efavirenz,ext:placebo,1
Placebo for Doravirine,Placebo for Doravirine,ext:placebo,1
Placebo + Primolut-Nor 5,Placebo + Primolut-Nor 5,ext:placebo,1
Itacitinib Placebo,Itacitinib Placebo,ext:placebo,1
placebo of rhEGF(recombinant human Epidermal Growth Factor),placebo of rhEGF(recombinant human Epidermal Growth Factor),ext:placebo,1
Placebo plus Mitoxantrone (MX),Placebo plus Mitoxantrone (MX),ext:placebo,1
"sodium tanshinone IIA sulfonate diluted with 5% glucose solution,20mg sildenafil citrate by mouth","sodium tanshinone IIA sulfonate diluted with 5% glucose solution,20mg sildenafil citrate by mouth",ext:glucose,1
Dexilant Placebo,Dexilant Placebo,ext:placebo,1
50% Nitrous Oxide/50% Oxygen,50% Nitrous Oxide/50% Oxygen,ext:oxygen,1
Aprepitant Placebo,Aprepitant Placebo,ext:placebo,1
non-alcoholic beverage,non-alcoholic beverage,ext:alcohol,1
alcoholic beverage,alcoholic beverage,ext:alcohol,1
Placebo Comparator: Sugar Pill,Placebo Comparator: Sugar Pill,ext:placebo,1
Placebo and memory reactivation,Placebo and memory reactivation,ext:placebo,1
AGN-195263 Vehicle,AGN-195263 Vehicle,ext:vehicle,1
Placebo of DA-6886,Placebo of DA-6886,ext:placebo,1
aclidinium bromide placebo,aclidinium bromide placebo,ext:placebo,1
ABVD + FDG-PET/CT Scan treatment adaptation,ABVD + FDG-PET/CT Scan treatment adaptation,radiotracer/imaging,1
GSK1838262 Placebo match,GSK1838262 Placebo match,ext:placebo,1
7.2% NaCl,7.2% NaCl,ext:nacl,1
[11C] desmethyl-loperamide,[11C] desmethyl-loperamide,radiotracer/imaging,1
DA-6034 Placebo,DA-6034 Placebo,ext:placebo,1
Placebo Comparator: CD07223 vehicle gel TID,Placebo Comparator: CD07223 vehicle gel TID,ext:placebo,1
Placebo Comparator: CD07223 vehicle gel BID,Placebo Comparator: CD07223 vehicle gel BID,ext:placebo,1
Placebo 1-4 tablets daily,Placebo 1-4 tablets daily,ext:placebo,1
Placebo and DA-9701,Placebo and DA-9701,ext:placebo,1
DA-9701 and placebo,DA-9701 and placebo,ext:placebo,1
OPTINOSE SUMATRIPTAN delivered nasally and placebo tablet,OPTINOSE SUMATRIPTAN delivered nasally and placebo tablet,ext:placebo,1
100 mg Sumatriptan Tablet and OPTINOSE Placebo delivered nasally,100 mg Sumatriptan Tablet and OPTINOSE Placebo delivered nasally,ext:placebo,1
Placebo Vehicle Punctum Plug,Placebo Vehicle Punctum Plug,ext:placebo,1
Zuogui granules placebo,Zuogui granules placebo,ext:placebo,1
Yougui granules placebo,Yougui granules placebo,ext:placebo,1
Nebulized hypertonic saline,Nebulized hypertonic saline,ext:saline,1
Drug: 99mTc-MIP-1404,Drug: 99mTc-MIP-1404,radiotracer/imaging,1
Kisspeptin 9.6 nmol/kg + saline,Kisspeptin 9.6 nmol/kg + saline,ext:saline,1
ringer lactate solution,ringer lactate solution,ext:ringer,1
Placebo for Lofexidine,Placebo for Lofexidine,ext:placebo,1
Placebo for Diazepam,Placebo for Diazepam,ext:placebo,1
Vehicle for RX-10045,Vehicle for RX-10045,ext:vehicle,1
7.2% NaCl plus 6% hydroxyethyl starch 200/0.5,7.2% NaCl plus 6% hydroxyethyl starch 200/0.5,ext:nacl,1
SLx-4090 placebo,SLx-4090 placebo,ext:placebo,1
"6% HES 130/0.4 in NaCl 0.9% (Voluven, Fresenius Kabi, Bad Hom-bourg, Germany)","6% HES 130/0.4 in NaCl 0.9% (Voluven, Fresenius Kabi, Bad Hom-bourg, Germany)",canonical:NaCl 0.9%,1
Test formulation administered with 40% ethanol,Test formulation administered with 40% ethanol,ext:ethanol,1
Test formulation administered with 20% ethanol,Test formulation administered with 20% ethanol,ext:ethanol,1
Pentoxifylline and placebo,Pentoxifylline and placebo,ext:placebo,1
Abaloparatide Placebo,Abaloparatide Placebo,ext:placebo,1
Memantine-matched Placebo capsule,Memantine-matched Placebo capsule,ext:placebo,1
Placebo: Saline,Placebo: Saline,ext:placebo,1
GSK573719matched-placebo,GSK573719matched-placebo,ext:placebo,1
Water (Placebo),Water (Placebo),ext:placebo,1
Saline Nasal Spray Placebo,Saline Nasal Spray Placebo,ext:placebo,1
Placebo (for metformin),Placebo (for metformin),ext:placebo,1
Placebo to match IPI-145,Placebo to match IPI-145,ext:placebo,1
Sodium chloride tablets,Sodium chloride tablets,canonical:Sodium Chloride,1
Isotonic saline intravenously,Isotonic saline intravenously,ext:saline,1
moxifloxacin-placebo,moxifloxacin-placebo,ext:placebo,1
124I-NM404,124I-NM404,radiotracer/imaging,1
Placebo drug supplement,Placebo drug supplement,ext:placebo,1
"Ondansetron, Dexamethasone, placebo","Ondansetron, Dexamethasone, placebo",ext:placebo,1
RV568 matching placebo single dose,RV568 matching placebo single dose,ext:placebo,1
RV568 matching placebo repeat dose,RV568 matching placebo repeat dose,ext:placebo,1
Placebo (for Omeprazole),Placebo (for Omeprazole),ext:placebo,1
Placebo-liraglutide,Placebo-liraglutide,ext:placebo,1
Placebo to roflumilast,Placebo to roflumilast,ext:placebo,1
Placebo (for Dabigatran),Placebo (for Dabigatran),ext:placebo,1
3% saline + oral placebo,3% saline + oral placebo,ext:placebo,1
Placebo (0.9% Sodium Chloride),Placebo (0.9% Sodium Chloride),canonical:Sodium Chloride,1
0.9% saline + oral dexamethasone,0.9% saline + oral dexamethasone,ext:saline,1
CD07805/47 gel 0.5%/CD07805/47 Vehicle,CD07805/47 gel 0.5%/CD07805/47 Vehicle,ext:vehicle,1
0.9% NaCl in water,0.9% NaCl in water,ext:nacl,1
Placebo Mannitol,Placebo Mannitol,ext:placebo,1
Placebo Vaginal Cream,Placebo Vaginal Cream,ext:placebo,1
placebo-ketoconazole,placebo-ketoconazole,ext:placebo,1
Placebo CFC,Placebo CFC,ext:placebo,1
Placebo: PCB,Placebo: PCB,ext:placebo,1
Placebo toothpaste: Crest Cavity Protection toothpaste,Placebo toothpaste: Crest Cavity Protection toothpaste,ext:placebo,1
ketoconazole-placebo,ketoconazole-placebo,ext:placebo,1
Placebo for thalidomide,Placebo for thalidomide,ext:placebo,1
Placebo for ustekinumab,Placebo for ustekinumab,ext:placebo,1
Chlorhexidine - Isopropyl alcohol,Chlorhexidine - Isopropyl alcohol,ext:alcohol,1
"0.9% Physiological Saline, USP","0.9% Physiological Saline, USP",ext:saline,1
Supplementation of iron sucrose,Supplementation of iron sucrose,ext:sucrose,1
[11C]RO6931643,[11C]RO6931643,radiotracer/imaging,1
Eschscholtzia Californica - low dose Placebo,Eschscholtzia Californica - low dose Placebo,ext:placebo,1
Eschscholtzia Californica - high dose Placebo,Eschscholtzia Californica - high dose Placebo,ext:placebo,1
Placebo (for Progesterone),Placebo (for Progesterone),ext:placebo,1
Placebo (for Minocycline),Placebo (for Minocycline),ext:placebo,1
Clomiphene citrate and Placebo,Clomiphene citrate and Placebo,ext:placebo,1
Polymyxin B in Normal Saline,Polymyxin B in Normal Saline,ext:saline,1
[11C]RO6924963,[11C]RO6924963,radiotracer/imaging,1
Calcium carbonate placebo,Calcium carbonate placebo,ext:placebo,1
Placebo (for Polysaccharide Iron Complex),Placebo (for Polysaccharide Iron Complex),ext:placebo,1
Isotonic saline injection,Isotonic saline injection,ext:saline,1
Placebo to match voxilaprevir,Placebo to match voxilaprevir,ext:placebo,1
APD356 XR-20 mg matching Placebo,APD356 XR-20 mg matching Placebo,ext:placebo,1
APD356 20 mg matching Placebo,APD356 20 mg matching Placebo,ext:placebo,1
APD356 10 mg matching Placebo,APD356 10 mg matching Placebo,ext:placebo,1
[18F] Fluciclatide,[18F] Fluciclatide,radiotracer/imaging,1
Placebo soft capsules,Placebo soft capsules,ext:placebo,1
F-18FDG,F-18FDG,radiotracer/imaging,1
placebo like asacol,placebo like asacol,ext:placebo,1
placebo like amitriptyline,placebo like amitriptyline,ext:placebo,1
Sodium (Na)18F positron emission tomography (PET)/computed tomography (CT),Sodium (Na)18F positron emission tomography (PET)/computed tomography (CT),radiotracer/imaging,1
18F DCFBC,18F DCFBC,radiotracer/imaging,1
Bupropion Matching Placebo,Bupropion Matching Placebo,ext:placebo,1
Escitalopram Matching Placebo,Escitalopram Matching Placebo,ext:placebo,1
"Placebo (to mimic Biodal 50,000 IU)","Placebo (to mimic Biodal 50,000 IU)",ext:placebo,1
Placebo Only Gel,Placebo Only Gel,ext:placebo,1
Azilsartan medoxomil placebo,Azilsartan medoxomil placebo,ext:placebo,1
Octreotide+DG3173 Placebo,Octreotide+DG3173 Placebo,ext:placebo,1
DG3173 Placebo+Octreotide Placebo,DG3173 Placebo+Octreotide Placebo,ext:placebo,1
DG3173 Placebo,DG3173 Placebo,ext:placebo,1
Injection with Gadolinium,Injection with Gadolinium,ext:gadolinium,1
Placebo (Lidocaine),Placebo (Lidocaine),ext:placebo,1
Placebo (Dextromethorphan),Placebo (Dextromethorphan),ext:placebo,1
1 placebo pill for 6 weeks,1 placebo pill for 6 weeks,ext:placebo,1
QS placebo tablets,QS placebo tablets,ext:placebo,1
QS placebo rinse,QS placebo rinse,ext:placebo,1
FMS placebo tablets,FMS placebo tablets,ext:placebo,1
FMS placebo rinse,FMS placebo rinse,ext:placebo,1
Biolipid B2 (blanked/placebo),Biolipid B2 (blanked/placebo),ext:placebo,1
Matched placebo for PF-05089771 150 mg and pregabalin 300 mg,Matched placebo for PF-05089771 150 mg and pregabalin 300 mg,ext:placebo,1
Placebo (for GCSF),Placebo (for GCSF),ext:placebo,1
"Placebo, Oral Capsule","Placebo, Oral Capsule",ext:placebo,1
Tafenoquine Placebo,Tafenoquine Placebo,ext:placebo,1
Primaquine Placebo,Primaquine Placebo,ext:placebo,1
Placebo to Match DISKUS,Placebo to Match DISKUS,ext:placebo,1
Placebo (for Vatelizumab),Placebo (for Vatelizumab),ext:placebo,1
"Normal saline,1 milliliter","Normal saline,1 milliliter",ext:saline,1
Placebo to Match ROTACAPS,Placebo to Match ROTACAPS,ext:placebo,1
Placebo ointment and placebo cloths,Placebo ointment and placebo cloths,ext:placebo,1
Placebo to TAK-079,Placebo to TAK-079,ext:placebo,1
Placebo injection (intravenous solution),Placebo injection (intravenous solution),ext:placebo,1
Placebo for HFA-MDI,Placebo for HFA-MDI,ext:placebo,1
Placebo for RMT-B,Placebo for RMT-B,ext:placebo,1
Sodium bicarbonate and sodium fluoride,Sodium bicarbonate and sodium fluoride,ext:sodium bicarbonate,1
Placebo (for Pazopanib),Placebo (for Pazopanib),ext:placebo,1
placebo for selexipag,placebo for selexipag,ext:placebo,1
moxifloxacin-matching placebo,moxifloxacin-matching placebo,ext:placebo,1
Placebo Fluoxetine,Placebo Fluoxetine,ext:placebo,1
Vehicle Gel (BID),Vehicle Gel (BID),ext:vehicle,1
Placebo and physiotherapy,Placebo and physiotherapy,ext:placebo,1
Sodium bicarbonate plus sodium fluoride,Sodium bicarbonate plus sodium fluoride,ext:sodium bicarbonate,1
Umeclidinium matching placebo,Umeclidinium matching placebo,ext:placebo,1
99mTc - labelled hMAb BIWA 4,99mTc - labelled hMAb BIWA 4,radiotracer/imaging,1
Placebo vehicle,Placebo vehicle,ext:placebo,1
Placebo RD + AVP SD,Placebo RD + AVP SD,ext:placebo,1
Placebo RD + Placebo SD,Placebo RD + Placebo SD,ext:placebo,1
Placebo (for Duloxetine),Placebo (for Duloxetine),ext:placebo,1
Endoscopic ultrasonography-guided double ethanol lavage,Endoscopic ultrasonography-guided double ethanol lavage,ext:ethanol,1
Placebo IV Solution,Placebo IV Solution,ext:placebo,1
Placebo (for Remifentanil),Placebo (for Remifentanil),ext:placebo,1
131I-Sibrotuzumab,131I-Sibrotuzumab,radiotracer/imaging,1
MLN3126 Matched Placebo,MLN3126 Matched Placebo,ext:placebo,1
bacteriostatic saline,bacteriostatic saline,ext:saline,1
[18F]-FLT-PET/CT scans,[18F]-FLT-PET/CT scans,radiotracer/imaging,1
Sulphadoxine-pyrimethamine + amodiaquine + placebo azithromycin,Sulphadoxine-pyrimethamine + amodiaquine + placebo azithromycin,ext:placebo,1
Regorafenib/placebo,Regorafenib/placebo,ext:placebo,1
placebo-controlled,placebo-controlled,ext:placebo,1
Dexlansoprazole Placebo,Dexlansoprazole Placebo,ext:placebo,1
Isotonic solution (NaCl 0.9%),Isotonic solution (NaCl 0.9%),canonical:NaCl 0.9%,1
Hypertonic solution (NaCl 3%),Hypertonic solution (NaCl 3%),ext:nacl,1
bacteriostatic normal saline (BNS),bacteriostatic normal saline (BNS),ext:saline,1
0.9%normal saline,0.9%normal saline,ext:saline,1
Caudal ropivacaine + normal saline,Caudal ropivacaine + normal saline,ext:saline,1
TAK-137 Placebo,TAK-137 Placebo,ext:placebo,1
Vehicle of KPI-121 1.0%,Vehicle of KPI-121 1.0%,ext:vehicle,1
Vehicle of KPI-121 0.25%,Vehicle of KPI-121 0.25%,ext:vehicle,1
Veliparib Placebo,Veliparib Placebo,ext:placebo,1
Matched equivalent placebo,Matched equivalent placebo,ext:placebo,1
Placebo + olanzapine,Placebo + olanzapine,ext:placebo,1
Vehicle to AGN-229666,Vehicle to AGN-229666,ext:vehicle,1
Oral Suspending Vehicle,Oral Suspending Vehicle,ext:vehicle,1
GSK1325756 Tablet Matching Placebo,GSK1325756 Tablet Matching Placebo,ext:placebo,1
GSK1325756 Solution Matching Placebo,GSK1325756 Solution Matching Placebo,ext:placebo,1
placebo（for probiotic）,placebo（for probiotic）,ext:placebo,1
[11C] Raclopride,[11C] Raclopride,radiotracer/imaging,1
Placebo (0 mg/day),Placebo (0 mg/day),ext:placebo,1
Placebo (for Isradipine),Placebo (for Isradipine),ext:placebo,1
BIBR 953 ZW IV Placebo,BIBR 953 ZW IV Placebo,ext:placebo,1
Placebo to BIBR 1048 MS,Placebo to BIBR 1048 MS,ext:placebo,1
11C-MK-3168,11C-MK-3168,radiotracer/imaging,1
Placebo(for Dexmedetomidine),Placebo(for Dexmedetomidine),ext:placebo,1
1.5g/kg of 20% mannitol,1.5g/kg of 20% mannitol,ext:mannitol,1
"Part 2: Treatment D, RO7033877 and moxifloxacin placebo","Part 2: Treatment D, RO7033877 and moxifloxacin placebo",ext:placebo,1
Part 1: SAD placebo,Part 1: SAD placebo,ext:placebo,1
1.0g/kg of 20% mannitol,1.0g/kg of 20% mannitol,ext:mannitol,1
0.5g/kg of 20% mannitol,0.5g/kg of 20% mannitol,ext:mannitol,1
0.25g/kgof 20% mannitol,0.25g/kgof 20% mannitol,ext:mannitol,1
Oxygen constant flow,Oxygen constant flow,ext:oxygen,1
24% sucrose,24% sucrose,ext:sucrose,1
Moxifloxacin Matched Placebo,Moxifloxacin Matched Placebo,ext:placebo,1
JNJ-54861911-Matched Placebo,JNJ-54861911-Matched Placebo,ext:placebo,1
placebo ketoconazole,placebo ketoconazole,ext:placebo,1
placebo dutasteride,placebo dutasteride,ext:placebo,1
Definity ultrasound contrast agent,Definity ultrasound contrast agent,ext:contrast,1
[11C]ER-176,[11C]ER-176,radiotracer/imaging,1
Placebo Varenicline,Placebo Varenicline,ext:placebo,1
terbutaline 'as needed' + placebo budesonide bid,terbutaline 'as needed' + placebo budesonide bid,ext:placebo,1
Broncho-Vaxom (BV),Broncho-Vaxom (BV),canonical:Broncho-Vaxom,1
Prulifloxacin placebo,Prulifloxacin placebo,ext:placebo,1
Nebulised Serum Saline,Nebulised Serum Saline,ext:saline,1
IV Serum Saline,IV Serum Saline,ext:saline,1
Placebo (Matching with BMS-919373),Placebo (Matching with BMS-919373),ext:placebo,1
Placebo capsules given,Placebo capsules given,ext:placebo,1
Placebo for BMS-919373,Placebo for BMS-919373,ext:placebo,1
Control vehicle,Control vehicle,ext:vehicle,1
placebo (intranasal saline),placebo (intranasal saline),ext:placebo,1
Ciclesonide Placebo,Ciclesonide Placebo,ext:placebo,1
Placebo (for Riluzole),Placebo (for Riluzole),ext:placebo,1
AGN-223575 Vehicle,AGN-223575 Vehicle,ext:vehicle,1
Glucose lowering medication,Glucose lowering medication,ext:glucose,1
Topical vehicle oil,Topical vehicle oil,ext:vehicle,1
sublingual placebo tablets,sublingual placebo tablets,ext:placebo,1
placebo implants,placebo implants,ext:placebo,1
Placebo to BIBF 1120 ES,Placebo to BIBF 1120 ES,ext:placebo,1
BIBT 1011 BS placebo,BIBT 1011 BS placebo,ext:placebo,1
Metamizole placebo,Metamizole placebo,ext:placebo,1
Diclofenac placebo,Diclofenac placebo,ext:placebo,1
placebo (edible oil),placebo (edible oil),ext:placebo,1
Placebo to match selonsertib,Placebo to match selonsertib,ext:placebo,1
Placebo + Smoked Cannabis,Placebo + Smoked Cannabis,ext:placebo,1
Placebo + Inhaled Cannabis,Placebo + Inhaled Cannabis,ext:placebo,1
Oral Cannabis + Placebo,Oral Cannabis + Placebo,ext:placebo,1
Placebo single ascending doses,Placebo single ascending doses,ext:placebo,1
LCI699 matching placebo,LCI699 matching placebo,ext:placebo,1
Placebo for GSK1265744 Tablets,Placebo for GSK1265744 Tablets,ext:placebo,1
Injectable Placebo for GSK1265744,Injectable Placebo for GSK1265744,ext:placebo,1
Eschscholtzia Californica Placebo,Eschscholtzia Californica Placebo,ext:placebo,1
Metamizol placebo,Metamizol placebo,ext:placebo,1
Naproxen sodium placebo,Naproxen sodium placebo,ext:placebo,1
Meloxicam placebo low,Meloxicam placebo low,ext:placebo,1
Meloxicam placebo high,Meloxicam placebo high,ext:placebo,1
Placebo matching 7.5 mg meloxicam,Placebo matching 7.5 mg meloxicam,ext:placebo,1
Placebo matching 500 mg mefenamic acid,Placebo matching 500 mg mefenamic acid,ext:placebo,1
Placebo matching 15 mg meloxicam,Placebo matching 15 mg meloxicam,ext:placebo,1
Intranasal Saline Placebo,Intranasal Saline Placebo,ext:placebo,1
Placebo to BI 224436,Placebo to BI 224436,ext:placebo,1
Placebo Respimat®,Placebo Respimat,ext:placebo,1
BI 201335 placebo,BI 201335 placebo,ext:placebo,1
Placebo ampoule,Placebo ampoule,ext:placebo,1
Placebo Combivent HFA,Placebo Combivent HFA,ext:placebo,1
Ketotifen fumarate dry syrup placebo,Ketotifen fumarate dry syrup placebo,ext:placebo,1
Placebo Combivent (CFC),Placebo Combivent (CFC),ext:placebo,1
Kit for the Preparation of 99mTc-rhAnnexin V-128,Kit for the Preparation of 99mTc-rhAnnexin V-128,radiotracer/imaging,1
WAL 801 CL Dry Syrup placebo,WAL 801 CL Dry Syrup placebo,ext:placebo,1
Ketotifen Fumarate Dry Syrup placebo,Ketotifen Fumarate Dry Syrup placebo,ext:placebo,1
WAL 801 CL dry syrup placebo,WAL 801 CL dry syrup placebo,ext:placebo,1
Placebo matching BIBR277,Placebo matching BIBR277,ext:placebo,1
Placebo (for Tiotropium ),Placebo (for Tiotropium ),ext:placebo,1
Placebo (for Salmeterol),Placebo (for Salmeterol),ext:placebo,1
Placebo matching BI 1744 CL,Placebo matching BI 1744 CL,ext:placebo,1
Matched placebo capsule for over-encapsulated celecoxib capsule,Matched placebo capsule for over-encapsulated celecoxib capsule,ext:placebo,1
Matched placebo capsule for over-encapsulated amlodipine besylate tablet,Matched placebo capsule for over-encapsulated amlodipine besylate tablet,ext:placebo,1
midazolam and normal saline infusion,midazolam and normal saline infusion,ext:saline,1
Placebo inhalation capsule,Placebo inhalation capsule,ext:placebo,1
Placebo matching tiotropium,Placebo matching tiotropium,ext:placebo,1
Placebo matching ipratropium,Placebo matching ipratropium,ext:placebo,1
Placebo pramipexole,Placebo pramipexole,ext:placebo,1
Placebo bromocriptine,Placebo bromocriptine,ext:placebo,1
Placebo Lactose Capsule,Placebo Lactose Capsule,ext:placebo,1
Placebo inhalation powder capsule,Placebo inhalation powder capsule,ext:placebo,1
Placebo Metered Dose Inhaler,Placebo Metered Dose Inhaler,ext:placebo,1
99mTc-radiolabelled tiotropium,99mTc-radiolabelled tiotropium,radiotracer/imaging,1
placebo to tiotropium inhalation capsules,placebo to tiotropium inhalation capsules,ext:placebo,1
placebo to Atrovent,placebo to Atrovent,ext:placebo,1
Placebo of BIBR 1048 MS,Placebo of BIBR 1048 MS,ext:placebo,1
BIBR 1048 MS placebo,BIBR 1048 MS placebo,ext:placebo,1
18F-fluoro-dihydroxyphenylalanine,18F-fluoro-dihydroxyphenylalanine,radiotracer/imaging,1
Placebo Inhalation solution,Placebo Inhalation solution,ext:placebo,1
Placebo Inhalation Aerosol,Placebo Inhalation Aerosol,ext:placebo,1
Placebo to match GS-5745,Placebo to match GS-5745,ext:placebo,1
Placebo inhalation aerosol,Placebo inhalation aerosol,ext:placebo,1
Placebo HFA-MDI,Placebo HFA-MDI,ext:placebo,1
Phrenic nerve block with saline,Phrenic nerve block with saline,ext:saline,1
Placebo lactose powder,Placebo lactose powder,ext:placebo,1
Placebo (for Deferoxamine Mesylate),Placebo (for Deferoxamine Mesylate),ext:placebo,1
68Ga DOTATATE,68Ga DOTATATE,radiotracer/imaging,1
Placebo matching with Sitagliptin,Placebo matching with Sitagliptin,ext:placebo,1
Arm Placebos,Arm Placebos,ext:placebo,1
Oxygen (Oxymask®),Oxygen (Oxymask),ext:oxygen,1
O-(2[18F]FLUOROETHYL)-L-TYROSINE,O-(2[18F]FLUOROETHYL)-L-TYROSINE,radiotracer/imaging,1
TAK-114 matched placebo,TAK-114 matched placebo,ext:placebo,1
Ambulatory Oxygen,Ambulatory Oxygen,ext:oxygen,1
Bacteriostatic 0.9% NaCL,Bacteriostatic 0.9% NaCL,ext:nacl,1
2 - Excipients,2 - Excipients,ext:excipient,1
Sterile saline for irrigation,Sterile saline for irrigation,ext:saline,1
Placebo (for galantamine),Placebo (for galantamine),ext:placebo,1
Placebo nasal gel,Placebo nasal gel,ext:placebo,1
Monthly placebo + daily trimethoprim/sulfamethoxazole (TS),Monthly placebo + daily trimethoprim/sulfamethoxazole (TS),ext:placebo,1
Infusion of placebo,Infusion of placebo,ext:placebo,1
E2307 Matching Placebo,E2307 Matching Placebo,ext:placebo,1
DCB-BO1202+Placebo,DCB-BO1202+Placebo,ext:placebo,1
PF-06409577 or Placebo,PF-06409577 or Placebo,ext:placebo,1
CFZ533 placebo- Cohort 1,CFZ533 placebo- Cohort 1,ext:placebo,1
CFZ533 placebo - Cohort 2,CFZ533 placebo - Cohort 2,ext:placebo,1
Placebo (for birinapant),Placebo (for birinapant),ext:placebo,1
DSP-5423P Placebo-to-Flex,DSP-5423P Placebo-to-Flex,ext:placebo,1
DSP-5423P Placebo,DSP-5423P Placebo,ext:placebo,1
[18F]-T807 imaging tracer,[18F]-T807 imaging tracer,radiotracer/imaging,1
1% Lidocaine plus sodium bicarbonate,1% Lidocaine plus sodium bicarbonate,ext:sodium bicarbonate,1
IM Saline Placebo (0.5 ml),IM Saline Placebo (0.5 ml),ext:placebo,1
IM Saline Placebo (0.25 ml),IM Saline Placebo (0.25 ml),ext:placebo,1
Placebo 500 mg for metformin (with titration),Placebo 500 mg for metformin (with titration),ext:placebo,1
Placebo 5 mg for Saxagliptin,Placebo 5 mg for Saxagliptin,ext:placebo,1
Moxifloxacin-matching placebo,Moxifloxacin-matching placebo,ext:placebo,1
Ibrutinib-matching placebo,Ibrutinib-matching placebo,ext:placebo,1
E6007 matching placebo,E6007 matching placebo,ext:placebo,1
Placebo Yiqizishen granule,Placebo Yiqizishen granule,ext:placebo,1
Placebo Bufeiyishen granule,Placebo Bufeiyishen granule,ext:placebo,1
Placebo Bufeijianpi granule,Placebo Bufeijianpi granule,ext:placebo,1
Gadolinium DTPA,Gadolinium DTPA,ext:gadolinium,1
Normal saline (0.9% NaCl),Normal saline (0.9% NaCl),ext:saline,1
"500mg Amikacine (Amukin®) diluted in 4mL NaCl (0,9%)","500mg Amikacine (Amukin) diluted in 4mL NaCl (0,9%)",ext:nacl,1
Intranasal Placebo Spray,Intranasal Placebo Spray,ext:placebo,1
"Post-therapy 18F-thymidine (FLT) PET/CT to assess for pemetrexed induced tumor FLT ""flare""","Post-therapy 18F-thymidine (FLT) PET/CT to assess for pemetrexed induced tumor FLT ""flare""",radiotracer/imaging,1
Post-therapy 18F-thymidine (FLT) PET/CT to assess for pemetrexed induced changes in tumor proliferation,Post-therapy 18F-thymidine (FLT) PET/CT to assess for pemetrexed induced changes in tumor proliferation,radiotracer/imaging,1
Baseline 18F-thymidine (FLT) PET/CT,Baseline 18F-thymidine (FLT) PET/CT,radiotracer/imaging,1
Isotonic Saline 0.9% (Placebo),Isotonic Saline 0.9% (Placebo),ext:placebo,1
Hypertonic Saline 7%,Hypertonic Saline 7%,ext:saline,1
Local infiltration - 100 mLs of a solution containing: Ropivacaine + Epinephrine + Ketorolac + Clonidine + 0.9% Normal saline,Local infiltration - 100 mLs of a solution containing: Ropivacaine + Epinephrine + Ketorolac + Clonidine + 0.9% Normal saline,ext:saline,1
etanercept combined with methotrexate or etanercept combined with placebo,etanercept combined with methotrexate or etanercept combined with placebo,ext:placebo,1
Qinbudan Placebo,Qinbudan Placebo,ext:placebo,1
CXA-10 placebo,CXA-10 placebo,ext:placebo,1
Placebo three times a day,Placebo three times a day,ext:placebo,1
lactated Ringer's solution (vigorous hydration arm),lactated Ringer's solution (vigorous hydration arm),ext:ringer,1
lactated Ringer's solution (standard hydration arm),lactated Ringer's solution (standard hydration arm),ext:ringer,1
Nintedanib-Placebo,Nintedanib-Placebo,ext:placebo,1
Tears Naturale ® (Placebo),Tears Naturale  (Placebo),ext:placebo,1
Placebo Symbicort Turbuhaler 320/9 ug/inhalation 4 inh,Placebo Symbicort Turbuhaler 320/9 ug/inhalation 4 inh,ext:placebo,1
Placebo Symbicort Turbuhaler 320/9 ug/inhalation 1 inh,Placebo Symbicort Turbuhaler 320/9 ug/inhalation 1 inh,ext:placebo,1
Placebo Budesonide/Formoterol Easyhaler 320/9 ug/inhalation 4 inh,Placebo Budesonide/Formoterol Easyhaler 320/9 ug/inhalation 4 inh,ext:placebo,1
Placebo Budesonide/Formoterol Easyhaler 320/9 ug/inhalation 1 inh,Placebo Budesonide/Formoterol Easyhaler 320/9 ug/inhalation 1 inh,ext:placebo,1
Tramadol HCl Placebo,Tramadol HCl Placebo,ext:placebo,1
Placebo (No longer applicable in Open Label study period),Placebo (No longer applicable in Open Label study period),ext:placebo,1
Oxytocin in 100 ml NaCl 0.9%,Oxytocin in 100 ml NaCl 0.9%,canonical:NaCl 0.9%,1
Placebo (Prazosin),Placebo (Prazosin),ext:placebo,1
Placebo (Naltrexone),Placebo (Naltrexone),ext:placebo,1
D5W (5% Dextrose in water),D5W (5% Dextrose in water),ext:dextrose,1
Irrigation with Normal saline,Irrigation with Normal saline,ext:saline,1
Biostime probiotics sachet children's formula（placebo）,Biostime probiotics sachet children's formula（placebo）,ext:placebo,1
Midazolam(placebo),Midazolam(placebo),ext:placebo,1
Placebo for Sinusitis Hevert SL Tablet,Placebo for Sinusitis Hevert SL Tablet,ext:placebo,1
CHF 5259 placebo,CHF 5259 placebo,ext:placebo,1
Placebo Erlotinib 150/100mg,Placebo Erlotinib 150/100mg,ext:placebo,1
Placebo AZD9291 80 mg/ 40 mg,Placebo AZD9291 80 mg/ 40 mg,ext:placebo,1
AZD9291 80 mg/40 mg + placebo,AZD9291 80 mg/40 mg + placebo,ext:placebo,1
BMS-986168 Placebo,BMS-986168 Placebo,ext:placebo,1
Placebo (for Sarpogrelate),Placebo (for Sarpogrelate),ext:placebo,1
99mTc-labeled sulfur colloid,99mTc-labeled sulfur colloid,radiotracer/imaging,1
1st perfusion of saline,1st perfusion of saline,ext:saline,1
Liraglutide or Placebo,Liraglutide or Placebo,ext:placebo,1
"concentrated multi drug Ketorlac, Morphine PF, Epinephrine, Ropivicaine, 0.9% NaCL","concentrated multi drug Ketorlac, Morphine PF, Epinephrine, Ropivicaine, 0.9% NaCL",ext:nacl,1
[18F] DIHYDRO-TESTOSTERONE,[18F] DIHYDRO-TESTOSTERONE,radiotracer/imaging,1
Placebo matching retosiban,Placebo matching retosiban,ext:placebo,1
Placebo matching atosiban,Placebo matching atosiban,ext:placebo,1
HTL0009936 placebo,HTL0009936 placebo,ext:placebo,1
Placebo matching GSK1278863,Placebo matching GSK1278863,ext:placebo,1
Placebo matching Moxifloxacin,Placebo matching Moxifloxacin,ext:placebo,1
Mephedrone and alcohol,Mephedrone and alcohol,ext:alcohol,1
Placebo to ozanimod,Placebo to ozanimod,ext:placebo,1
Placebo to interferon beta-1a,Placebo to interferon beta-1a,ext:placebo,1
Placebo matching BMS-986147,Placebo matching BMS-986147,ext:placebo,1
Saline control eye drops (15 ml),Saline control eye drops (15 ml),ext:saline,1
2nd perfusion of saline,2nd perfusion of saline,ext:saline,1
"Placebo, oral solution","Placebo, oral solution",ext:placebo,1
Placebo inhalation powders via ELLIPTA inhaler,Placebo inhalation powders via ELLIPTA inhaler,ext:placebo,1
propofol and normal saline,propofol and normal saline,ext:saline,1
18F-DPA-714 and 18F-FDG,18F-DPA-714 and 18F-FDG,radiotracer/imaging,1
Placebo Glycerin SLIT,Placebo Glycerin SLIT,ext:placebo,1
DCS or placebo,DCS or placebo,ext:placebo,1
Placebo inhalation powder via ACCUHALER/DISKUS inhaler,Placebo inhalation powder via ACCUHALER/DISKUS inhaler,ext:placebo,1
Eleclazine placebo,Eleclazine placebo,ext:placebo,1
placebo matching nonivamide + nicoboxil (Finalgon cream),placebo matching nonivamide + nicoboxil (Finalgon cream),ext:placebo,1
"Placebo, CD07805/47+Placebo, CD07805/47, Placebo, CD07805/47","Placebo, CD07805/47+Placebo, CD07805/47, Placebo, CD07805/47",ext:placebo,1
"Placebo, CD07805/47+Placebo, CD07805/47, CD07805/47, Placebo","Placebo, CD07805/47+Placebo, CD07805/47, CD07805/47, Placebo",ext:placebo,1
"CD07805/47, CD07805/47+Placebo, Placebo, Placebo, CD07805/47","CD07805/47, CD07805/47+Placebo, Placebo, Placebo, CD07805/47",ext:placebo,1
"CD07805/47, CD07805/47+Placebo, Placebo, CD07805/47, Placebo","CD07805/47, CD07805/47+Placebo, Placebo, CD07805/47, Placebo",ext:placebo,1
Saline will be infused for 60 minutes at the same rates as dexmedetomidine group.,Saline will be infused for 60 minutes at the same rates as dexmedetomidine group.,ext:saline,1
Placebo Acetylsalicylic acid,Placebo Acetylsalicylic acid,ext:placebo,1
Celecoxib 100 mg Matching Placebo,Celecoxib 100 mg Matching Placebo,ext:placebo,1
Administration of placebo capsules,Administration of placebo capsules,ext:placebo,1
placebo topical cream,placebo topical cream,ext:placebo,1
300 cc saline,300 cc saline,ext:saline,1
LEE011 Placebo,LEE011 Placebo,ext:placebo,1
Perioperative Pregabalin Placebo,Perioperative Pregabalin Placebo,ext:placebo,1
Intraoperative Intravenous Lidocaine Placebo Infusion,Intraoperative Intravenous Lidocaine Placebo Infusion,ext:placebo,1
Entecavir + Placebo,Entecavir + Placebo,ext:placebo,1
Rhodiola placebo capsules,Rhodiola placebo capsules,ext:placebo,1
Placebo via the grey HandiHaler®,Placebo via the grey HandiHaler,ext:placebo,1
Placebo via the blue HandiHaler®,Placebo via the blue HandiHaler,ext:placebo,1
Placebo-MDI,Placebo-MDI,ext:placebo,1
Placebo (HandiHaler®),Placebo (HandiHaler),ext:placebo,1
Placebo (Diskus®),Placebo (Diskus),ext:placebo,1
Placebo Diskus®,Placebo Diskus,ext:placebo,1
placebo to dabigatran etexilate,placebo to dabigatran etexilate,ext:placebo,1
Placebo Nicotine Film,Placebo Nicotine Film,ext:placebo,1
placebo to optional ASA as comedication,placebo to optional ASA as comedication,ext:placebo,1
placebo to ASA,placebo to ASA,ext:placebo,1
Placebo (for MN-166),Placebo (for MN-166),ext:placebo,1
Normal Saline Injection,Normal Saline Injection,ext:saline,1
Placebo (for paracetamol),Placebo (for paracetamol),ext:placebo,1
Saline + citicoline,Saline + citicoline,ext:saline,1
Saline Placebo (0.5mL injection),Saline Placebo (0.5mL injection),ext:placebo,1
BOTOX 200U in normal saline,BOTOX 200U in normal saline,ext:saline,1
Matching placebo capsule,Matching placebo capsule,ext:placebo,1
Placebo for HYD,Placebo for HYD,ext:placebo,1
Matching Placebo to Phentermine,Matching Placebo to Phentermine,ext:placebo,1
Matching Placebo to Canagliflozin,Matching Placebo to Canagliflozin,ext:placebo,1
Mifepristone 600-mg/day or placebo for a week,Mifepristone 600-mg/day or placebo for a week,ext:placebo,1
Nocturnal oxygen,Nocturnal oxygen,ext:oxygen,1
50:50 mixture of nitrous oxide/oxygen,50:50 mixture of nitrous oxide/oxygen,ext:oxygen,1
Human insulin - Insulin administration to control blood glucose level.,Human insulin - Insulin administration to control blood glucose level.,ext:glucose,1
Placebo (for Bifidobacterium breve),Placebo (for Bifidobacterium breve),ext:placebo,1
Placebo (Matched to Mirtazapine),Placebo (Matched to Mirtazapine),ext:placebo,1
Placebo (Matched to Esketamine),Placebo (Matched to Esketamine),ext:placebo,1
Placebo Sodium hyaluronate 4mg,Placebo Sodium hyaluronate 4mg,ext:placebo,1
Matching albiglutide placebo,Matching albiglutide placebo,ext:placebo,1
Exenatide matching placebo,Exenatide matching placebo,ext:placebo,1
Part B: Placebo,Part B: Placebo,ext:placebo,1
BIBB 1464 MS placebo,BIBB 1464 MS placebo,ext:placebo,1
Placebo Nasalspray,Placebo Nasalspray,ext:placebo,1
Intravenous placebo/Intravenous placebo,Intravenous placebo/Intravenous placebo,ext:placebo,1
Enzalutamide Placebo to Match (PTM),Enzalutamide Placebo to Match (PTM),ext:placebo,1
Technetium Tc 99M Mebrofenin,Technetium Tc 99M Mebrofenin,radiotracer/imaging,1
Placebo for Azilsartan Medoxomil,Placebo for Azilsartan Medoxomil,ext:placebo,1
QVA149 Placebo,QVA149 Placebo,ext:placebo,1
Placebo to match MMV390048,Placebo to match MMV390048,ext:placebo,1
Matching placebos,Matching placebos,ext:placebo,1
placebo of oseltamivir phosphate,placebo of oseltamivir phosphate,ext:placebo,1
placebo of Banlangen(Radix Isatidis) granules,placebo of Banlangen(Radix Isatidis) granules,ext:placebo,1
normal saline/diazepam at the active phase of labor,normal saline/diazepam at the active phase of labor,ext:saline,1
Placebo (for prednisone),Placebo (for prednisone),ext:placebo,1
Placebo matching Pramipexole IR tablets,Placebo matching Pramipexole IR tablets,ext:placebo,1
Placebo matching Pramipexole ER tablets,Placebo matching Pramipexole ER tablets,ext:placebo,1
11C-choline Injection,11C-choline Injection,radiotracer/imaging,1
Placebo (for Theophylline),Placebo (for Theophylline),ext:placebo,1
Pramipexole Placebo,Pramipexole Placebo,ext:placebo,1
Sorafenib 400 mg twice daily + Intravenousinfusion of placebo,Sorafenib 400 mg twice daily + Intravenousinfusion of placebo,ext:placebo,1
Placebo to Habitrol,Placebo to Habitrol,ext:placebo,1
Placebo matching BMS-931699,Placebo matching BMS-931699,ext:placebo,1
"50 mL of sodium chloride (0,9%)","50 mL of sodium chloride (0,9%)",canonical:Sodium Chloride,1
Paracetamol placebo,Paracetamol placebo,ext:placebo,1
Buprenorphine placebo,Buprenorphine placebo,ext:placebo,1
standard saline,standard saline,ext:saline,1
Ethanolic Solution From Respimat®,Ethanolic Solution From Respimat,ext:ethanol,1
Ethanolic Solution From HFA134a-MDI - medium,Ethanolic Solution From HFA134a-MDI - medium,ext:ethanol,1
Ethanolic Solution From HFA134a-MDI - low,Ethanolic Solution From HFA134a-MDI - low,ext:ethanol,1
Ethanolic Solution From HFA134a-MDI - high,Ethanolic Solution From HFA134a-MDI - high,ext:ethanol,1
"Placebo, film-coated tablets","Placebo, film-coated tablets",ext:placebo,1
hand antiseptic with CHG and alcohol,hand antiseptic with CHG and alcohol,ext:alcohol,1
Placebo (for lanthanum carbonate),Placebo (for lanthanum carbonate),ext:placebo,1
Placebo (for Nicotinamide),Placebo (for Nicotinamide),ext:placebo,1
Ambrisentan plus Placebo,Ambrisentan plus Placebo,ext:placebo,1
Placebo comparator : physiologic serum,Placebo comparator : physiologic serum,ext:placebo,1
Placebo to match VPI-2690B,Placebo to match VPI-2690B,ext:placebo,1
Placebo (Captisol ®),Placebo (Captisol ),ext:placebo,1
Placebo drinking solution,Placebo drinking solution,ext:placebo,1
0.1 ml Isoton saline,0.1 ml Isoton saline,ext:saline,1
Lidocaine-adrenaline added gadolinium.,Lidocaine-adrenaline added gadolinium.,ext:gadolinium,1
Indacaterol matching placebo,Indacaterol matching placebo,ext:placebo,1
GSK2140944 placebo,GSK2140944 placebo,ext:placebo,1
UMEC/VI matching placebo,UMEC/VI matching placebo,ext:placebo,1
Placebo for testosterone,Placebo for testosterone,ext:placebo,1
Placebo for ketoconazole,Placebo for ketoconazole,ext:placebo,1
Placebo Intravaginal Ring,Placebo Intravaginal Ring,ext:placebo,1
Placebo secukinumab,Placebo secukinumab,ext:placebo,1
Placebo (for enzalutamide),Placebo (for enzalutamide),ext:placebo,1
Grazax Placebo,Grazax Placebo,ext:placebo,1
injection of placebo,injection of placebo,ext:placebo,1
Cardiac PET scan w/18F-Fluorodeoxyglucose and rubidium-82,Cardiac PET scan w/18F-Fluorodeoxyglucose and rubidium-82,radiotracer/imaging,1
Creon 25000 matching Placebo,Creon 25000 matching Placebo,ext:placebo,1
Vehicle (SD-101 0%),Vehicle (SD-101 0%),ext:vehicle,1
Placebo (Matching with Clazakizumab),Placebo (Matching with Clazakizumab),ext:placebo,1
Placebo 90 mg/mL,Placebo 90 mg/mL,ext:placebo,1
Placebo 70 mg/mL,Placebo 70 mg/mL,ext:placebo,1
Oral potassium chloride,Oral potassium chloride,ext:potassium chloride,1
Intravenous potassium chloride,Intravenous potassium chloride,ext:potassium chloride,1
Placebo-Day 1 only,Placebo-Day 1 only,ext:placebo,1
Placebo Vaginal Ring,Placebo Vaginal Ring,ext:placebo,1
"Scaling and root planing, and Placebo drug for 7 days","Scaling and root planing, and Placebo drug for 7 days",ext:placebo,1
Arm 1 MRI with gadolinium,Arm 1 MRI with gadolinium,ext:gadolinium,1
Placebo Comparator:,Placebo Comparator:,ext:placebo,1
Placebo GABA and Placebo GAD-alum,Placebo GABA and Placebo GAD-alum,ext:placebo,1
Placebo Sterile Otic Suspension,Placebo Sterile Otic Suspension,ext:placebo,1
"NaCl (sodium chloride) 0,9%","NaCl (sodium chloride) 0,9%",canonical:Sodium Chloride,1
Placebo to mimic 50 mg tablets,Placebo to mimic 50 mg tablets,ext:placebo,1
Placebo to mimic 300 mg tablets,Placebo to mimic 300 mg tablets,ext:placebo,1
Placebo for Enzalutamide,Placebo for Enzalutamide,ext:placebo,1
Fluorocholine (18F-FCH) Injection,Fluorocholine (18F-FCH) Injection,radiotracer/imaging,1
Sitagliptin matched placebo,Sitagliptin matched placebo,ext:placebo,1
Gliclazide matched placebo capsule,Gliclazide matched placebo capsule,ext:placebo,1
Placebo for Flufirvitide-3,Placebo for Flufirvitide-3,ext:placebo,1
N: Normal saline (placebo),N: Normal saline (placebo),ext:placebo,1
0.9% Sodium Chloride injectable,0.9% Sodium Chloride injectable,canonical:Sodium Chloride,1
PF-06678552 or Placebo,PF-06678552 or Placebo,ext:placebo,1
Ticagrelor placebo,Ticagrelor placebo,ext:placebo,1
GABA and Placebo GAD-alum,GABA and Placebo GAD-alum,ext:placebo,1
CHF 1535 NEXThaler PLACEBO,CHF 1535 NEXThaler PLACEBO,ext:placebo,1
UST Placebo,UST Placebo,ext:placebo,1
ABA Placebo,ABA Placebo,ext:placebo,1
Placebo ointment (Vehicle),Placebo ointment (Vehicle),ext:placebo,1
IV administration of gadolinium-containing contrast agent,IV administration of gadolinium-containing contrast agent,ext:contrast,1
"Placebo, similar in appearance and taste to cholecalciferol","Placebo, similar in appearance and taste to cholecalciferol",ext:placebo,1
liraglutide placebo (Novo Nordisk),liraglutide placebo (Novo Nordisk),ext:placebo,1
Placebo DLBS3233,Placebo DLBS3233,ext:placebo,1
Anakinra 100 mg in 2 ml saline IA,Anakinra 100 mg in 2 ml saline IA,ext:saline,1
Vehicle (TID),Vehicle (TID),ext:vehicle,1
Vehicle (BID),Vehicle (BID),ext:vehicle,1
Placebo vs Setraline,Placebo vs Setraline,ext:placebo,1
20 mL topically used during alginate dressing NaCl,20 mL topically used during alginate dressing NaCl,ext:nacl,1
Placebos (for TDS and for naltrexone and for moxifloxacin),Placebos (for TDS and for naltrexone and for moxifloxacin),ext:placebo,1
68Ga-DOTATATE will be given in tracer doses and injected intravenously to image tumors by Positron Emission Tomography.,68Ga-DOTATATE will be given in tracer doses and injected intravenously to image tumors by Positron Emission Tomography.,radiotracer/imaging,1
Placebo Otic solution,Placebo Otic solution,ext:placebo,1
"3.1% sodium chloride solution, 125 ml, IV infusion in 15 min","3.1% sodium chloride solution, 125 ml, IV infusion in 15 min",canonical:Sodium Chloride,1
"20% mannitol solution, 125 ml, IV infusion in 15 min","20% mannitol solution, 125 ml, IV infusion in 15 min",ext:mannitol,1
Rikkunshito placebo,Rikkunshito placebo,ext:placebo,1
intravenous normal saline,intravenous normal saline,ext:saline,1
Placebo (10 mg),Placebo (10 mg),ext:placebo,1
18F- DTBZ,18F- DTBZ,radiotracer/imaging,1
Placebo for ertugliflozin 5 mg,Placebo for ertugliflozin 5 mg,ext:placebo,1
Placebo for ertugliflozin 10 mg,Placebo for ertugliflozin 10 mg,ext:placebo,1
Placebo Iontophoresis,Placebo Iontophoresis,ext:placebo,1
placebo 0.5mg/d,placebo 0.5mg/d,ext:placebo,1
Placebo to BI 1181181,Placebo to BI 1181181,ext:placebo,1
[124I]meta-Iodobenzylguanidine,[124I]meta-Iodobenzylguanidine,radiotracer/imaging,1
Matching placebo (normal saline),Matching placebo (normal saline),ext:placebo,1
Nifedipine GITS/Candesartan Cilexetil FDC(BAY98-7106) 30/16mg matching placebo,Nifedipine GITS/Candesartan Cilexetil FDC(BAY98-7106) 30/16mg matching placebo,ext:placebo,1
Candesartan matching placebo,Candesartan matching placebo,ext:placebo,1
Placebo to match solifenacin,Placebo to match solifenacin,ext:placebo,1
Placebo breath-actuated inhaler,Placebo breath-actuated inhaler,ext:placebo,1
Placebo BAI,Placebo BAI,ext:placebo,1
Placebo drug of Myonal Tab.,Placebo drug of Myonal Tab.,ext:placebo,1
Placebo drug of DW-1030,Placebo drug of DW-1030,ext:placebo,1
E2022 Matching Placebo- New Formula Tape,E2022 Matching Placebo- New Formula Tape,ext:placebo,1
E2022 Matching Placebo- Current Formula Tape,E2022 Matching Placebo- Current Formula Tape,ext:placebo,1
Amitriptyline and Placebo,Amitriptyline and Placebo,ext:placebo,1
Melatonin and Placebo,Melatonin and Placebo,ext:placebo,1
Matching Vehicle Solution,Matching Vehicle Solution,ext:vehicle,1
Group B placebo,Group B placebo,ext:placebo,1
"Subcutaneous placebo (Evan's solution = phenol 0.4%, isotonic sodium chloride).","Subcutaneous placebo (Evan's solution = phenol 0.4%, isotonic sodium chloride).",canonical:Sodium Chloride,1
Placebo (for vitamin D),Placebo (for vitamin D),ext:placebo,1
Contrast Ultrasound,Contrast Ultrasound,ext:contrast,1
intracoronary injection of 5 mL saline,intracoronary injection of 5 mL saline,ext:saline,1
Nitrous Oxide-Oxygen conscious sedation,Nitrous Oxide-Oxygen conscious sedation,ext:oxygen,1
control saline,control saline,ext:saline,1
[11C]DASB,[11C]DASB,radiotracer/imaging,1
[11C]BMT-136088,[11C]BMT-136088,radiotracer/imaging,1
Silica and cellulose placebo powder,Silica and cellulose placebo powder,ext:placebo,1
Placebo slurry,Placebo slurry,ext:placebo,1
38% SDF solution followed by placebo varnish,38% SDF solution followed by placebo varnish,ext:placebo,1
Placebo /bid P.O,Placebo /bid P.O,ext:placebo,1
"MG-2 : MG1000mg, Placebo /bid P.O","MG-2 : MG1000mg, Placebo /bid P.O",ext:placebo,1
TACE containing placebo,TACE containing placebo,ext:placebo,1
Lotion vehicle/placebo,Lotion vehicle/placebo,ext:placebo,1
"25 mg Actilyse ( Boehringer Ingelheim, Germany) infusion in 6 hours","25 mg Actilyse ( Boehringer Ingelheim, Germany) infusion in 6 hours",ext:ringer,1
3% Hypertonic Saline,3% Hypertonic Saline,ext:saline,1
Placebo (for flucloxacillin),Placebo (for flucloxacillin),ext:placebo,1
Chlorhexidine-alcohol group,Chlorhexidine-alcohol group,ext:alcohol,1
Placebo; Normal Saline,Placebo; Normal Saline,ext:placebo,1
Placebo (0.9% Normal Saline infusion),Placebo (0.9% Normal Saline infusion),ext:placebo,1
Placebo to dose,Placebo to dose,ext:placebo,1
Placebo to Idarucizumab,Placebo to Idarucizumab,ext:placebo,1
Placebo for BMS-936559,Placebo for BMS-936559,ext:placebo,1
GSK1265744 matching placebo,GSK1265744 matching placebo,ext:placebo,1
Premixed 50% nitrous oxide and oxygen,Premixed 50% nitrous oxide and oxygen,ext:oxygen,1
ringer without corticosteroid,ringer without corticosteroid,ext:ringer,1
ringer with corticosteroid,ringer with corticosteroid,ext:ringer,1
Placebo to BI 1034020,Placebo to BI 1034020,ext:placebo,1
Placebo to BI 113608 medium dose b.i.d.,Placebo to BI 113608 medium dose b.i.d.,ext:placebo,1
Placebo to BI 113608 low dose b.i.d.,Placebo to BI 113608 low dose b.i.d.,ext:placebo,1
Placebo to BI 113608 high dose b.i.d.,Placebo to BI 113608 high dose b.i.d.,ext:placebo,1
Placebo + anti-H1,Placebo + anti-H1,ext:placebo,1
Placebo to glycopyrronium,Placebo to glycopyrronium,ext:placebo,1
ASP2151 placebo,ASP2151 placebo,ext:placebo,1
Placebo (Groups A to F),Placebo (Groups A to F),ext:placebo,1
Placebo orally everyday,Placebo orally everyday,ext:placebo,1
18F-FCH,18F-FCH,radiotracer/imaging,1
Placebo added to Hydroxyurea,Placebo added to Hydroxyurea,ext:placebo,1
tranexamic acid plus saline,tranexamic acid plus saline,ext:saline,1
30% Mannitol in vehicle cream,30% Mannitol in vehicle cream,ext:vehicle,1
Methyl-P plus Nutrient matched placebos,Methyl-P plus Nutrient matched placebos,ext:placebo,1
Placebo to BF-200 ALA gel,Placebo to BF-200 ALA gel,ext:placebo,1
Placebo to match LDV/SOF,Placebo to match LDV/SOF,ext:placebo,1
Placebo (vitamin D),Placebo (vitamin D),ext:placebo,1
Placebo (melatonin),Placebo (melatonin),ext:placebo,1
PEX168 or placebo,PEX168 or placebo,ext:placebo,1
Faldaprevir placebo,Faldaprevir placebo,ext:placebo,1
BI 207127 placebo,BI 207127 placebo,ext:placebo,1
(including placebo),(including placebo),ext:placebo,1
"Placebo: Parts 1a, 2, 3, and 4 (optional)","Placebo: Parts 1a, 2, 3, and 4 (optional)",ext:placebo,1
Placebo (for Augmentin),Placebo (for Augmentin),ext:placebo,1
"Intramuscular injection in the upper arm (0,5cc NaCl 0,9%)","Intramuscular injection in the upper arm (0,5cc NaCl 0,9%)",ext:nacl,1
5 ml Ropivacaine 10% + physiological saline,5 ml Ropivacaine 10% + physiological saline,ext:saline,1
Placebo to match testosterone enanthate,Placebo to match testosterone enanthate,ext:placebo,1
GSK1322322 Placebo,GSK1322322 Placebo,ext:placebo,1
Placebo three times daily,Placebo three times daily,ext:placebo,1
"simvastatin, placebo","simvastatin, placebo",ext:placebo,1
Double blind phase Placebo Nasal Spray,Double blind phase Placebo Nasal Spray,ext:placebo,1
EE/NE Placebo,EE/NE Placebo,ext:placebo,1
"LEO 90100 Aerosol, foam, vehicle","LEO 90100 Aerosol, foam, vehicle",ext:vehicle,1
"Betamethasone dipropionate in LEO 90100 Aerosol, foam, vehicle","Betamethasone dipropionate in LEO 90100 Aerosol, foam, vehicle",ext:vehicle,1
Hypertonic saline (3%),Hypertonic saline (3%),ext:saline,1
Intraarticular saline,Intraarticular saline,ext:saline,1
Placebo (treatment 1),Placebo (treatment 1),ext:placebo,1
Half normal saline,Half normal saline,ext:saline,1
"Eravacyline, Moxifloxacin, and placebo","Eravacyline, Moxifloxacin, and placebo",ext:placebo,1
Placebo (6mos) + open label fingolimod (6 mos),Placebo (6mos) + open label fingolimod (6 mos),ext:placebo,1
Placebo + Donepezil 5mg or 10mg,Placebo + Donepezil 5mg or 10mg,ext:placebo,1
Placebo cream without active substance,Placebo cream without active substance,ext:placebo,1
Placebo sachets,Placebo sachets,ext:placebo,1
GX-G3 50 μg/kg or Placebo,GX-G3 50 μg/kg or Placebo,ext:placebo,1
Placebo with atropine,Placebo with atropine,ext:placebo,1
Meal Tolerance Test with Placebo,Meal Tolerance Test with Placebo,ext:placebo,1
Graded Glucose Infusion with xenin-25 alone,Graded Glucose Infusion with xenin-25 alone,ext:glucose,1
Graded Glucose Infusion with Placebo,Graded Glucose Infusion with Placebo,ext:placebo,1
Graded Glucose Infusion with GIP plus xenin-25,Graded Glucose Infusion with GIP plus xenin-25,ext:glucose,1
Graded Glucose Infusion with GIP Alone,Graded Glucose Infusion with GIP Alone,ext:glucose,1
Placebo (for allopurinol),Placebo (for allopurinol),ext:placebo,1
PF-06372865 or Placebo or Lorazepam,PF-06372865 or Placebo or Lorazepam,ext:placebo,1
PF-06372865 or Placebo,PF-06372865 or Placebo,ext:placebo,1
Isotonic Saline.,Isotonic Saline.,ext:saline,1
GX-G3 25 μg/kg or Placebo,GX-G3 25 μg/kg or Placebo,ext:placebo,1
GX-G3 12.5 μg/kg or Placebo,GX-G3 12.5 μg/kg or Placebo,ext:placebo,1
Sublingual placebo,Sublingual placebo,ext:placebo,1
Placebo for IV acetaminophen,Placebo for IV acetaminophen,ext:placebo,1
equimolar mixture of oxygen and nitrous oxide or medical air,equimolar mixture of oxygen and nitrous oxide or medical air,ext:oxygen,1
GX-G3 100 μg/kg or Placebo,GX-G3 100 μg/kg or Placebo,ext:placebo,1
Placebo for Mirabegron,Placebo for Mirabegron,ext:placebo,1
Placebo Cohort 2,Placebo Cohort 2,ext:placebo,1
Placebo Cohort 1,Placebo Cohort 1,ext:placebo,1
Irbesartan placebo capsules daily for 6 months,Irbesartan placebo capsules daily for 6 months,ext:placebo,1
Doxycycline placebo capsules daily for 6 months,Doxycycline placebo capsules daily for 6 months,ext:placebo,1
Placebo-MGN,Placebo-MGN,ext:placebo,1
MGN-Placebo,MGN-Placebo,ext:placebo,1
Dulbecco's Phosphate Buffered Saline,Dulbecco's Phosphate Buffered Saline,ext:saline,1
Placebo to fasiglifam,Placebo to fasiglifam,ext:placebo,1
Technetium Tc-99m DTPA,Technetium Tc-99m DTPA,radiotracer/imaging,1
0.5M Sodium lactate,0.5M Sodium lactate,canonical:Sodium Lactate,1
Placebo (identical Denosumab volume of normal saline),Placebo (identical Denosumab volume of normal saline),ext:placebo,1
Placebo (for AGR tablet and/or Active Comparator),Placebo (for AGR tablet and/or Active Comparator),ext:placebo,1
Matching Placebo to Etoricoxib 50 mg 4% DMSO Gel,Matching Placebo to Etoricoxib 50 mg 4% DMSO Gel,ext:placebo,1
68Ga-DOTA TATE,68Ga-DOTA TATE,radiotracer/imaging,1
lorcaserin + phentermine-HCl + phentermine placebo,lorcaserin + phentermine-HCl + phentermine placebo,ext:placebo,1
lorcaserin + phentermine placebo,lorcaserin + phentermine placebo,ext:placebo,1
saline with 1mg/ml Histamine base,saline with 1mg/ml Histamine base,ext:saline,1
"diluent, saline with HSA--phenol","diluent, saline with HSA--phenol",ext:diluent,1
'SEEMORE' - MANGANESE-ENHANCED MRI CONTRAST REAGENT,'SEEMORE' - MANGANESE-ENHANCED MRI CONTRAST REAGENT,ext:contrast,1
Saline Infusion (Placebo),Saline Infusion (Placebo),ext:placebo,1
ethanol/glycolic acid solution,ethanol/glycolic acid solution,ext:ethanol,1
Placebo/Ethanol,Placebo/Ethanol,ext:placebo,1
Azilsartan Trimethylethanolamine,Azilsartan Trimethylethanolamine,ext:ethanol,1
Placebo 5 mg,Placebo 5 mg,ext:placebo,1
"Nalmefene 18 mg, then placebo","Nalmefene 18 mg, then placebo",ext:placebo,1
Placebo /Metformin,Placebo /Metformin,ext:placebo,1
"Placebo, then Nalmefene 18 mg","Placebo, then Nalmefene 18 mg",ext:placebo,1
RV1162 matching placebo: 7 day repeat dose,RV1162 matching placebo: 7 day repeat dose,ext:placebo,1
RV1162 matching placebo: 14 day repeat dose,RV1162 matching placebo: 14 day repeat dose,ext:placebo,1
RV1162 matching placebo single dose,RV1162 matching placebo single dose,ext:placebo,1
Placebo/saline,Placebo/saline,ext:placebo,1
TA-8995 0mg (placebo),TA-8995 0mg (placebo),ext:placebo,1
Placebo Statin,Placebo Statin,ext:placebo,1
Placebo/Metformin,Placebo/Metformin,ext:placebo,1
Placebo to match ruxolitinib,Placebo to match ruxolitinib,ext:placebo,1
Empagliflozin medium placebo,Empagliflozin medium placebo,ext:placebo,1
Empagliflozin low placebo,Empagliflozin low placebo,ext:placebo,1
Empagliflozin high placebo,Empagliflozin high placebo,ext:placebo,1
Preservative-free 0.9% Saline solution,Preservative-free 0.9% Saline solution,ext:saline,1
Placebo (High protein milk powder),Placebo (High protein milk powder),ext:placebo,1
Placebo to Linagliptin,Placebo to Linagliptin,ext:placebo,1
18F-MISO,18F-MISO,radiotracer/imaging,1
Placebo for ferrous fumarate,Placebo for ferrous fumarate,ext:placebo,1
Placebo for ferinject,Placebo for ferinject,ext:placebo,1
Oral Glucose Tolerance test (75g 2-hour),Oral Glucose Tolerance test (75g 2-hour),ext:glucose,1
Modified Oral Glucose Tolerance Test (50g 4-hours),Modified Oral Glucose Tolerance Test (50g 4-hours),ext:glucose,1
Hyperglycemic clamp with placebo infusion,Hyperglycemic clamp with placebo infusion,ext:placebo,1
Cohort A1: Lu AE58054 or placebo,Cohort A1: Lu AE58054 or placebo,ext:placebo,1
Cohort A2: Lu AE58054 or placebo,Cohort A2: Lu AE58054 or placebo,ext:placebo,1
APD-209 Placebo Eye drops,APD-209 Placebo Eye drops,ext:placebo,1
Placebo (for Docosahexaenoic acid),Placebo (for Docosahexaenoic acid),ext:placebo,1
"Placebo (SC 10, 15, or 20 μg/pulse as a fixed dose, administered via. OmniPod pump)","Placebo (SC 10, 15, or 20 μg/pulse as a fixed dose, administered via. OmniPod pump)",ext:placebo,1
Placebo to match solifenacin succinate,Placebo to match solifenacin succinate,ext:placebo,1
placebo oxycodone / naloxone,placebo oxycodone / naloxone,ext:placebo,1
Placebo matching Ribavirin,Placebo matching Ribavirin,ext:placebo,1
percutaneous ethanol ablation,percutaneous ethanol ablation,ext:ethanol,1
Hypertonic saline infusion,Hypertonic saline infusion,ext:saline,1
Gadolinium-based contrast,Gadolinium-based contrast,ext:contrast,1
Endoscopic injection of 99mTc-sulfur colloid,Endoscopic injection of 99mTc-sulfur colloid,radiotracer/imaging,1
placebo for PDE9i,placebo for PDE9i,ext:placebo,1
"Placebo Nasal Spray, 50 μL/actuation","Placebo Nasal Spray, 50 μL/actuation",ext:placebo,1
5ml saline,5ml saline,ext:saline,1
Placebo Administration first,Placebo Administration first,ext:placebo,1
Placebo (for Memantine),Placebo (for Memantine),ext:placebo,1
Placebo (Vehicle) opthalmic solution,Placebo (Vehicle) opthalmic solution,ext:placebo,1
Vehicle Diclofenac Sodium Topical Gel,Vehicle Diclofenac Sodium Topical Gel,ext:vehicle,1
JTT-252 or Placebo,JTT-252 or Placebo,ext:placebo,1
Placebo with 0.09% menthol gel,Placebo with 0.09% menthol gel,ext:placebo,1
I placebo capsule,I placebo capsule,ext:placebo,1
magnesium sulfate 30 mg/kg,magnesium sulfate 30 mg/kg,ext:magnesium sulfate,1
Placebo (for Melatonin),Placebo (for Melatonin),ext:placebo,1
Placebo (for Atorvastatin),Placebo (for Atorvastatin),ext:placebo,1
Normal Saline (preservative free),Normal Saline (preservative free),ext:saline,1
Matching Placebo to sitagliptin 100 mg,Matching Placebo to sitagliptin 100 mg,ext:placebo,1
Matching Placebo to Ertugliflozin 5 mg,Matching Placebo to Ertugliflozin 5 mg,ext:placebo,1
Matching Placebo to Ertugliflozin 10 mg,Matching Placebo to Ertugliflozin 10 mg,ext:placebo,1
Ethanol lock therapy (ELT),Ethanol lock therapy (ELT),ext:ethanol,1
Group C : Saline + propofol group,Group C : Saline + propofol group,ext:saline,1
second- or third-line glucose-lowering diabetes treatment,second- or third-line glucose-lowering diabetes treatment,ext:glucose,1
Placebo to Grazoprevir 100 mg/Elbasvir 50 mg FDC tablet,Placebo to Grazoprevir 100 mg/Elbasvir 50 mg FDC tablet,ext:placebo,1
Saline 5 mL,Saline 5 mL,ext:saline,1
Placebo to Grazoprevir / Elbasvir 50 mg FDC,Placebo to Grazoprevir / Elbasvir 50 mg FDC,ext:placebo,1
APF530 placebo,APF530 placebo,ext:placebo,1
Placebo: 5% Dextrose in water,Placebo: 5% Dextrose in water,ext:placebo,1
Identical placebo solution,Identical placebo solution,ext:placebo,1
JTT-251 or Placebo,JTT-251 or Placebo,ext:placebo,1
Placebo to veliparib,Placebo to veliparib,ext:placebo,1
Ondansetron placebo,Ondansetron placebo,ext:placebo,1
Saline + Propofol,Saline + Propofol,ext:saline,1
Placebo to match eleclazine,Placebo to match eleclazine,ext:placebo,1
Vehicle of SJP-0035 Ophthalmic Solution,Vehicle of SJP-0035 Ophthalmic Solution,ext:vehicle,1
D5W - 5% dextrose water,D5W - 5% dextrose water,ext:dextrose,1
[18F]T807 ([18F]MNI-777),[18F]T807 ([18F]MNI-777),radiotracer/imaging,1
Placebo matching Tamsulosine LP,Placebo matching Tamsulosine LP,ext:placebo,1
Placebo Sublingual Spray (PSS),Placebo Sublingual Spray (PSS),ext:placebo,1
Placebo for BTDS patch,Placebo for BTDS patch,ext:placebo,1
Placebo - Everolimus,Placebo - Everolimus,ext:placebo,1
Placebo - Anastrozole,Placebo - Anastrozole,ext:placebo,1
Placebo Sublingual Spray,Placebo Sublingual Spray,ext:placebo,1
Group STANDARD: Rocuronium 0.6 mg/kg followed by bolus rocuronium according to standard treatment combined with saline infusion (placebo).,Group STANDARD: Rocuronium 0.6 mg/kg followed by bolus rocuronium according to standard treatment combined with saline infusion (placebo).,ext:placebo,1
Group DEEP: Rocuronium 0.6 mg/kg followed by rocuronium infusion with target level PTC 0-1 combined with bolus saline (placebo) mimicking standard treatment.,Group DEEP: Rocuronium 0.6 mg/kg followed by rocuronium infusion with target level PTC 0-1 combined with bolus saline (placebo) mimicking standard treatment.,ext:placebo,1
RV1729 matching placebo 14 day repeat dose,RV1729 matching placebo 14 day repeat dose,ext:placebo,1
Travoprost solution vehicle,Travoprost solution vehicle,ext:vehicle,1
Brinzolamide suspension vehicle,Brinzolamide suspension vehicle,ext:vehicle,1
Placebo gelatin pill,Placebo gelatin pill,ext:placebo,1
Presatovir placebo,Presatovir placebo,ext:placebo,1
Ponesimod Placebo,Ponesimod Placebo,ext:placebo,1
sublingual tablet placebo,sublingual tablet placebo,ext:placebo,1
oral tablet placebo,oral tablet placebo,ext:placebo,1
"Placebo, then Dipyridamole","Placebo, then Dipyridamole",ext:placebo,1
[11C] -verapamil PET,[11C] -verapamil PET,radiotracer/imaging,1
Placebo (for memantine),Placebo (for memantine),ext:placebo,1
Placebo matching with BMS-986089,Placebo matching with BMS-986089,ext:placebo,1
Placebo (Alanine),Placebo (Alanine),ext:placebo,1
Sodium Chloride 0.9% Intravenous,Sodium Chloride 0.9% Intravenous,canonical:Sodium Chloride,1
NutraStem Placebo,NutraStem Placebo,ext:placebo,1
^1^8F-Fluorodeoxyglucose,^1^8F-Fluorodeoxyglucose,ext:glucose,1
Placebo to BI 1060469 asthmatics,Placebo to BI 1060469 asthmatics,ext:placebo,1
Dalbavancin-matching Placebo,Dalbavancin-matching Placebo,ext:placebo,1
HC-ER + 40% Alcohol,HC-ER + 40% Alcohol,ext:alcohol,1
HC-ER + 20% Alcohol,HC-ER + 20% Alcohol,ext:alcohol,1
HC-ER + 0% Alcohol,HC-ER + 0% Alcohol,ext:alcohol,1
Neupro® transdermal patch/placebo,Neupro transdermal patch/placebo,ext:placebo,1
Gadolinium For lower back,Gadolinium For lower back,ext:gadolinium,1
Gadolinium For abdomen,Gadolinium For abdomen,ext:gadolinium,1
Placebo Topical Cream,Placebo Topical Cream,ext:placebo,1
Vehicle to Oxymetazoline HCL Cream,Vehicle to Oxymetazoline HCL Cream,ext:vehicle,1
Denosumab Placebo,Denosumab Placebo,ext:placebo,1
Alendronic Acid Placebo,Alendronic Acid Placebo,ext:placebo,1
Vehicle to AGN-199201,Vehicle to AGN-199201,ext:vehicle,1
Aerosol foam vehicle,Aerosol foam vehicle,ext:vehicle,1
Placebo (for Esomeprazole),Placebo (for Esomeprazole),ext:placebo,1
Placebo Comparator: Arm B - Control,Placebo Comparator: Arm B - Control,ext:placebo,1
0.5% 5-fluorouracil normal saline,0.5% 5-fluorouracil normal saline,ext:saline,1
Placebo to Reformulated Raltegravir,Placebo to Reformulated Raltegravir,ext:placebo,1
Placebo to Raltegravir,Placebo to Raltegravir,ext:placebo,1
Placebo (4 g/day),Placebo (4 g/day),ext:placebo,1
Synthetic GLP-1 (1.5 pmol/kg/min) dissolved in 500 ml 0.9% saline,Synthetic GLP-1 (1.5 pmol/kg/min) dissolved in 500 ml 0.9% saline,ext:saline,1
Auriclosene Vehicle Solution,Auriclosene Vehicle Solution,ext:vehicle,1
iron sucrose (Venofer®),iron sucrose (Venofer),ext:sucrose,1
Placebo of fluoxetine,Placebo of fluoxetine,ext:placebo,1
placebo; diphenhydramine/phenylephrine/cocoa; dextromethorphan,placebo; diphenhydramine/phenylephrine/cocoa; dextromethorphan,ext:placebo,1
placebo; dextromethorphan; diphenhydramine/phenylephrine/cocoa,placebo; dextromethorphan; diphenhydramine/phenylephrine/cocoa,ext:placebo,1
diphenhydramine/phenylephrine/cocoa; placebo; dextromethorphan,diphenhydramine/phenylephrine/cocoa; placebo; dextromethorphan,ext:placebo,1
diphenhydramine/phenylephrine/cocoa; dextromethorophan; placebo,diphenhydramine/phenylephrine/cocoa; dextromethorophan; placebo,ext:placebo,1
dextromethorphan; diphenhydramine/phenylephrine/cocoa; placebo,dextromethorphan; diphenhydramine/phenylephrine/cocoa; placebo,ext:placebo,1
dextromethorophan; placebo; diphenhydramine/phenylephrine/cocoa,dextromethorophan; placebo; diphenhydramine/phenylephrine/cocoa,ext:placebo,1
[18F]DPA-714 PET/ [18F]AV-45 PET/neuropsychological assessment,[18F]DPA-714 PET/ [18F]AV-45 PET/neuropsychological assessment,radiotracer/imaging,1
NE-58095 IR Placebo,NE-58095 IR Placebo,ext:placebo,1
NE-58095 DR Placebo,NE-58095 DR Placebo,ext:placebo,1
Placebo( for misoprostol),Placebo( for misoprostol),ext:placebo,1
Placebo local drug delivery,Placebo local drug delivery,ext:placebo,1
"Cannabis (THC) in cigarettes of 30mg, 10mg and placebo","Cannabis (THC) in cigarettes of 30mg, 10mg and placebo",ext:placebo,1
Placebo 1600 mg TID for 7 days,Placebo 1600 mg TID for 7 days,ext:placebo,1
Optional 18F-FMISO PET scan (18F-fluoromisonidazole),Optional 18F-FMISO PET scan (18F-fluoromisonidazole),radiotracer/imaging,1
Receiving hydration with a 1 mL/kg bolus of intravenous isotonic saline (0.9% sodium chloride),Receiving hydration with a 1 mL/kg bolus of intravenous isotonic saline (0.9% sodium chloride),canonical:Sodium Chloride,1
Metformin hydrochloride Placebo,Metformin hydrochloride Placebo,ext:placebo,1
3 mL/kg.hour bolus of intravenous isotonic saline (0.9% sodium chloride),3 mL/kg.hour bolus of intravenous isotonic saline (0.9% sodium chloride),canonical:Sodium Chloride,1
sevoflurane and 50% oxygen in air,sevoflurane and 50% oxygen in air,ext:oxygen,1
89Zr-Trastuzumab Human Dosimetry and Safety,89Zr-Trastuzumab Human Dosimetry and Safety,radiotracer/imaging,1
Placebo Tedizolid (BAY119-2631),Placebo Tedizolid (BAY119-2631),ext:placebo,1
CLS001 Topical Gel Vehicle,CLS001 Topical Gel Vehicle,ext:vehicle,1
Placebo Nicotine + Alcohol,Placebo Nicotine + Alcohol,ext:placebo,1
Nicotine + Placebo Alcohol,Nicotine + Placebo Alcohol,ext:placebo,1
Nicotine + Alcohol,Nicotine + Alcohol,ext:alcohol,1
3% Benzoyl Peroxide Placebo,3% Benzoyl Peroxide Placebo,ext:placebo,1
Saline (sodium chloride),Saline (sodium chloride),canonical:Sodium Chloride,1
Ozanimod placebo,Ozanimod placebo,ext:placebo,1
Interferon beta-1a placebo,Interferon beta-1a placebo,ext:placebo,1
Placebo to LFF269,Placebo to LFF269,ext:placebo,1
Oxandrolone placebo,Oxandrolone placebo,ext:placebo,1
IV iron placebo,IV iron placebo,ext:placebo,1
Magnevist® (Intravenous (IV) administration of MRI contrast agent),Magnevist (Intravenous (IV) administration of MRI contrast agent),ext:contrast,1
Placebo to BI 691751,Placebo to BI 691751,ext:placebo,1
Scalp block with 0.9% normal saline,Scalp block with 0.9% normal saline,ext:saline,1
Dutasteride placebo capsules,Dutasteride placebo capsules,ext:placebo,1
Disintegrating placebo tamsulosin tablet,Disintegrating placebo tamsulosin tablet,ext:placebo,1
150 mg/daily chloroquine compare to placebo for 12 week,150 mg/daily chloroquine compare to placebo for 12 week,ext:placebo,1
PLACEBO (for Minocycline),PLACEBO (for Minocycline),ext:placebo,1
selumetinib placebo,selumetinib placebo,ext:placebo,1
[68Ga]MLN6907,[68Ga]MLN6907,radiotracer/imaging,1
Isotonic sodium chloride 0.9 percent,Isotonic sodium chloride 0.9 percent,canonical:Sodium Chloride,1
placebo to tiotropium + olodaterol,placebo to tiotropium + olodaterol,ext:placebo,1
Placebo(for Telmisartan 80mg),Placebo(for Telmisartan 80mg),ext:placebo,1
Placebo(for Rosuvastatin 20mg),Placebo(for Rosuvastatin 20mg),ext:placebo,1
Placebo(for Rosuvastatin 10mg),Placebo(for Rosuvastatin 10mg),ext:placebo,1
AZD1775 Matching Placebo,AZD1775 Matching Placebo,ext:placebo,1
AZD1775 Placebo,AZD1775 Placebo,ext:placebo,1
lactose/sucrose granule (Individualized homeopathic medicine treatment),lactose/sucrose granule (Individualized homeopathic medicine treatment),ext:sucrose,1
Placebo lactose/sucrose pill,Placebo lactose/sucrose pill,ext:placebo,1
Placebo matching BMS-791325,Placebo matching BMS-791325,ext:placebo,1
Intravenous Saline,Intravenous Saline,ext:saline,1
potassium chloride replacement,potassium chloride replacement,ext:potassium chloride,1
Experimental - 4% Sodium Bicarbonate,Experimental - 4% Sodium Bicarbonate,ext:sodium bicarbonate,1
YKP10811 placebo,YKP10811 placebo,ext:placebo,1
Placebo to BI 1026706 tablet,Placebo to BI 1026706 tablet,ext:placebo,1
Placebo to BI 1026706 solution,Placebo to BI 1026706 solution,ext:placebo,1
tranexamic acid and sodium chloride injection,tranexamic acid and sodium chloride injection,canonical:Sodium Chloride,1
Placebo Cannabidiol,Placebo Cannabidiol,ext:placebo,1
Matched placebo in combination with pemetrexed,Matched placebo in combination with pemetrexed,ext:placebo,1
Placebo to BI 416970,Placebo to BI 416970,ext:placebo,1
Part 2 Placebo,Part 2 Placebo,ext:placebo,1
Placebo of Fostamatinib,Placebo of Fostamatinib,ext:placebo,1
Placebo of Adalimumab,Placebo of Adalimumab,ext:placebo,1
Fluticasone Propionate Placebo,Fluticasone Propionate Placebo,ext:placebo,1
Fluticasone Furoate Placebo,Fluticasone Furoate Placebo,ext:placebo,1
Placebo (for Solifenacin succinate),Placebo (for Solifenacin succinate),ext:placebo,1
Placebo (For artemether-lumefantrine arm),Placebo (For artemether-lumefantrine arm),ext:placebo,1
No Hyperbaric Oxygen,No Hyperbaric Oxygen,ext:oxygen,1
ASA-Placebo,ASA-Placebo,ext:placebo,1
Placebo (for Motilitone),Placebo (for Motilitone),ext:placebo,1
18F- fluorodeoxyglucose,18F- fluorodeoxyglucose,radiotracer/imaging,1
18F- fluorocholine,18F- fluorocholine,radiotracer/imaging,1
NaCl Placebo,NaCl Placebo,ext:placebo,1
placebo secukinumab,placebo secukinumab,ext:placebo,1
Arm B: Normal Saline,Arm B: Normal Saline,ext:saline,1
Alteplase Placebo,Alteplase Placebo,ext:placebo,1
placebo acetylcysteine,placebo acetylcysteine,ext:placebo,1
Placebo + Folic Acid,Placebo + Folic Acid,ext:placebo,1
"Multiple W/O/W formulation, active ingredient-free vehicle","Multiple W/O/W formulation, active ingredient-free vehicle",ext:vehicle,1
AL-53817 Vehicle,AL-53817 Vehicle,ext:vehicle,1
Placebo matching with BMS-986090,Placebo matching with BMS-986090,ext:placebo,1
0.9% sodium chloride BAXTER,0.9% sodium chloride BAXTER,canonical:Sodium Chloride,1
Placebo Injection 10 mL,Placebo Injection 10 mL,ext:placebo,1
LHA510 Vehicle,LHA510 Vehicle,ext:vehicle,1
18F-deoxyglucose (FDG),18F-deoxyglucose (FDG),radiotracer/imaging,1
