NCT_ID,Drug_Clean,Disease,endpoint_readout,endpoint_organ,drug_organ,endpoint_mech_category,is_on_mech_surrogate,is_surrogate_pass
NCT06514742,Aticaprant,Major Depressive Disorder,SYMPTOM_SCALE,cns,unk,off_mech,0,0
NCT06418711,clofazimine,"MAC Lung Disease; Treatment Refractory MAC Lung Disease; Mycobacterium Infections, Nontuberculous",other,other,infection,ambiguous,0,0
NCT05469178,Bemcentinib,Lung Cancer,other,other,unk,ambiguous,0,0
NCT05650567,M5049,Dermatomyositis; Polymyositis,SYMPTOM_SCALE,other,unk,ambiguous,0,0
NCT05395494,D-Cycloserine,Fibromyalgia,SYMPTOM_SCALE,other,infection,ambiguous,0,0
NCT04925960,Epalrestat,Pmm2-CDG; Phosphomannomutase 2 Deficiency; Phosphomannomutase 2 Congenital Disorder of Glycosylation; Phosphomannomutase II Congenital Disorder of Glycosylation; Phosphomannomutase II Deficiency,other,renal,unk,off_mech,0,0
NCT05568225,Etavopivat,"Very Low Risk, Low Risk, or Intermediate Risk MDS Per IPSS-R",CLINICAL_EVENT,hematologic,unk,clinical_off_or_other,0,0
NCT04537299,Fisetin,Covid19; SARS-CoV Infection,CLINICAL_EVENT,infection,unk,clinical_off_or_other,0,0
NCT04781543,HZN-825 QD,limited cutaneous systemic sclerosis,ORGAN_FUNCTION,respiratory,unk,off_mech,0,0
NCT05517668,Intravenous of Fomepizole (4-MP),Acetaminophen; Drug Overdose; Acetaminophen Overdose; Acetaminophen Poisoning; Drug-induced Liver Injury; Liver Failure; Liver Toxicity,SYMPTOM_SCALE,hepatic,various,off_mech,0,0
NCT05253209,L-citrulline,Ventricular Septal Defect; Atrioventricular Septal Defect; Primum Atrial Septal Defect,BIOMARKER,respiratory,unk,off_mech,0,0
NCT04840199,letermovir,HIV Infections; Cytomegalovirus; CMV,other,other,infection,ambiguous,0,0
NCT06964165,niraparib,Ovarian Cancer,other,oncology,oncology,ambiguous,0,0
NCT05267106,pemigatinib,Glioblastoma; Adult-type Diffuse Gliomas,CLINICAL_EVENT,cns,oncology,clinical_off_or_other,0,0
NCT05254990,Reparixin,Infectious Pneumonia; Severe COVID-19,CLINICAL_EVENT,respiratory,unk,clinical_off_or_other,0,0
NCT05605093,Shionogi Protease Inhibitor (S-217622),Respiratory Infection,CLINICAL_EVENT,other,infection,clinical_off_or_other,0,0
NCT04641273,BAY1817080,Participants With Diabetic Neuropathic Pain,SYMPTOM_SCALE,cns,unk,off_mech,0,0
NCT04947579,CC-99677,"Spondylitis, Ankylosing",SYMPTOM_SCALE,cns,unk,off_mech,0,0
NCT04311502,clofazimine,HIV; Tuberculosis,other,other,infection,ambiguous,0,0
NCT04638517,danazol,Adults and Children With Pulmonary Fibrosis,other,other,endocrine,ambiguous,0,0
NCT05019521,danicopan,Geographic Atrophy,other,oncology,oncology,ambiguous,0,0
NCT04968184,KBP-5074,Chronic Kidney Diseases,other,other,unk,ambiguous,0,0
NCT04628481,DF2156A,Type 1 Diabetes,BIOMARKER,other,unk,ambiguous,0,0
NCT04858425,niclosamide,Covid19,other,other,infection,ambiguous,0,0
NCT04635059,pacritinib,Biochemical Relapse After Definitive Treatment for Prostate Cancer,CLINICAL_EVENT,oncology,oncology,clinical_on_mech,0,0
NCT04944784,Reldesemtiv,Amyotrophic Lateral Sclerosis,SYMPTOM_SCALE,other,unk,ambiguous,0,0
NCT04720664,SM-88,Breast Cancer,other,oncology,cardiac,off_mech,0,0
NCT04551053,parsaclisib,Myelofibrosis; Primary Myelofibrosis; Post Essential Thrombocythemia Myelofibrosis; Post Polycythemia Vera Myelofibrosis,BIOMARKER,hematologic,oncology,off_mech,0,0
NCT04551066,parsaclisib,Myelofibrosis; Primary Myelofibrosis; Post Essential Thrombocythemia Myelofibrosis; Post Polycythemia Vera Myelofibrosis,BIOMARKER,hematologic,oncology,off_mech,0,0
NCT04393038,ABX464,COVID-19,SYMPTOM_SCALE,respiratory,unk,off_mech,0,0
NCT04529499,favipiravir,Covid19,ORGAN_FUNCTION,respiratory,infection,off_mech,0,0
NCT04534283,abemaciclib,Cancer; Cancer Metastatic; BRAF V600E; MEK1 Gene Mutation; MEK2 Gene Mutation; ERK Mutation; RAF1 Gene Mutation,other,oncology,oncology,ambiguous,0,0
NCT04504734,Bucillamine,Covid19,CLINICAL_EVENT,other,msk,clinical_off_or_other,0,0
NCT04173273,etrasimod,Crohn's Disease,other,other,oncology,ambiguous,0,0
NCT04578548,GLPG2737,Autosomal Dominant Polycystic Kidney Disease,BIOMARKER,renal,unk,off_mech,0,0
NCT04447235,losartan,Cancer Patients With COVID-19 Infection,CLINICAL_EVENT,infection,cardiac,clinical_off_or_other,0,0
NCT04271475,macitentan,Chronic Thromboembolic Pulmonary Hypertension,ORGAN_FUNCTION,respiratory,cardiac,off_mech,0,0
NCT04523090,nitazoxanide,COVID-19,SYMPTOM_SCALE,other,infection,ambiguous,0,0
NCT04504032,rivaroxaban,COVID-19,CLINICAL_EVENT,respiratory,hematologic,clinical_off_or_other,0,0
NCT04459715,Xevinapant,Cell Carcinoma,CLINICAL_EVENT,hepatic,unk,clinical_off_or_other,0,0
NCT03942419,atropine,Myopia,other,other,metabolic,ambiguous,0,0
NCT03340727,caffeine,Apnea of Prematurity,CLINICAL_EVENT,other,cns,clinical_off_or_other,0,0
NCT03890120,Cilofexor,Primary Sclerosing Cholangitis,BIOMARKER,hepatic,unk,off_mech,0,0
NCT03926624,DFP-10917,"Leukemia, Myeloid, Acute",BIOMARKER,hematologic,unk,off_mech,0,0
NCT03791398,Dose ONC201,metastatic colorectal cancer,other,other,unk,ambiguous,0,0
NCT02644525,imatinib,Loiasis,other,other,oncology,ambiguous,0,0
NCT04163900,NUC-1031,Tract Cancer,SYMPTOM_SCALE,oncology,unk,off_mech,0,0
NCT03955471,niraparib,Ovarian Cancer,other,oncology,oncology,ambiguous,0,0
NCT03762265,Rilzabrutinib,Pemphigus,BIOMARKER,hematologic,unk,off_mech,0,0
NCT03682055,VK-2019,Nasopharyngeal Carcinoma,CLINICAL_EVENT,other,unk,clinical_off_or_other,0,0
NCT03599622,BMS-986165,Granulomatous Colitis; Crohn's Disease; Crohn's Enteritis; Granulomatous Enteritis,BIOMARKER,hematologic,oncology,off_mech,0,0
NCT03395288,D-Mannose,Urinary Tract Infections,CLINICAL_EVENT,infection,hematologic,clinical_off_or_other,0,0
NCT03645603,Dexmedetomidine,Withdrawal Syndrome,SYMPTOM_SCALE,other,cns,ambiguous,0,0
NCT03372603,GSK2798745,Cough,BIOMARKER,other,unk,ambiguous,0,0
NCT03628391,haloperidol,Delirium; Critical Illness; Intensive Care Psychosis; Cognitive Impairment; Cognitive Decline,SYMPTOM_SCALE,cns,cns,ambiguous,0,0
NCT03506373,ibrutinib,Recurrent Waldenstrom Macroglobulinemia; Refractory Waldenstrom Macroglobulinemia; Waldenstrom Macroglobulinemia,other,oncology,oncology,ambiguous,0,0
NCT03467217,losartan,NAFLD - Nonalcoholic Fatty Liver Disease,SYMPTOM_SCALE,other,cardiac,ambiguous,0,0
NCT03572478,rucaparib,Endometrial Cancer,other,other,oncology,ambiguous,0,0
NCT03530293,valbenazine,Tourette Syndrome,CLINICAL_EVENT,other,cns,clinical_off_or_other,0,0
NCT03523728,Venglustat,"Polycystic Kidney, Autosomal Dominant",BIOMARKER,renal,unk,off_mech,0,0
NCT03517566,ZPL389,Atopic Dermatitis,SYMPTOM_SCALE,other,unk,ambiguous,0,0
NCT03690141,eFT508,Prostate Cancer,other,oncology,unk,off_mech,0,0
NCT03131206,alectinib,Lung Cancer,BIOMARKER,other,oncology,ambiguous,0,0
NCT02759120,Antimicrobial therapy: Co-trimoxazole or Doxycycline,Idiopathic Pulmonary Fibrosis,CLINICAL_EVENT,respiratory,infection,clinical_off_or_other,0,0
NCT02587962,birinapant,Solid Tumors,BIOMARKER,other,unk,ambiguous,0,0
NCT03028740,Cenicriviroc,Nonalcoholic Steatohepatitis,BIOMARKER,hepatic,unk,off_mech,0,0
NCT03170232,Danirixin,Disease Progression in Chronic Obstructive Pulmonary Disease,ORGAN_FUNCTION,metabolic,unk,off_mech,0,0
NCT03063203,decitabine,Acute Myeloid Leukemia,CLINICAL_EVENT,oncology,oncology,clinical_on_mech,0,0
NCT03071692,K-877,diabeTes,CLINICAL_EVENT,cardiac,cardiac,clinical_on_mech,0,0
NCT02972658,Lanabecestat,Alzheimer's Disease,BIOMARKER,cns,unk,off_mech,0,0
NCT02932475,metformin,Type 2 Diabetes,CLINICAL_EVENT,metabolic,metabolic,clinical_on_mech,0,0
NCT02902484,nintedanib,Advanced Pancreatic Cancer,BIOMARKER,other,oncology,ambiguous,0,0
NCT03176277,ONO-7475 once daily,Acute Leukemia,CLINICAL_EVENT,other,unk,clinical_off_or_other,0,0
NCT02907918,Palbociclib,Breast Cancer,BIOMARKER,hepatic,oncology,off_mech,0,0
NCT03151408,Pracinostat,Acute Myeloid Leukemia,CLINICAL_EVENT,oncology,unk,clinical_off_or_other,0,0
NCT02960217,UX007,Glucose Transporter Type 1 Deficiency Syndrome (Glut1 DS),SYMPTOM_SCALE,other,metabolic,ambiguous,0,0
NCT03154333,diacerein 1%,epidermolysis bullosa,other,oncology,msk,off_mech,0,0
NCT02771626,CB-839,With Melanoma,CLINICAL_EVENT,other,unk,clinical_off_or_other,0,0
NCT02858362,Ezutromid,Duchenne Muscular Dystrophy,other,other,unk,ambiguous,0,0
NCT02641639,Fosbretabulin,Subjects With Platinum Resistant Ovarian Cancer,CLINICAL_EVENT,oncology,unk,clinical_off_or_other,0,0
NCT02603146,hydroxychloroquine,Rheumatoid Arthritis,SYMPTOM_SCALE,other,infection,ambiguous,0,0
NCT02817906,lumateperone,Alzheimer's Disease,SYMPTOM_SCALE,other,cns,ambiguous,0,0
NCT02703272,ibrutinib,Hodgkin Lymphoma,BIOMARKER,other,oncology,ambiguous,0,0
NCT02814019,idebenone,Duchenne Muscular Dystrophy (DMD),ORGAN_FUNCTION,respiratory,cns,off_mech,0,0
NCT02783573,Lanabecestat,Alzheimer's Disease,BIOMARKER,cns,unk,off_mech,0,0
NCT02587351,metoprolol,Chronic Obstructive Pulmonary Disease,CLINICAL_EVENT,respiratory,cardiac,clinical_off_or_other,0,0
NCT02847650,PF-06649751,Parkinson's Disease,SYMPTOM_SCALE,other,unk,ambiguous,0,0
NCT02862600,perhexiline,"Cardiomyopathy, Hypertrophic; Cardiomyopathy, Hypertrophic, Familial",other,other,cardiac,ambiguous,0,0
NCT02691182,SPN-810,Attention Deficit Hyperactivity Disorder (ADHD),SYMPTOM_SCALE,other,cns,ambiguous,0,0
NCT02779777,Tipifarnib,Myelodysplastic Syndromes,BIOMARKER,hematologic,unk,off_mech,0,0
NCT02687815,vitamin D3,Asthma,CLINICAL_EVENT,respiratory,metabolic,clinical_off_or_other,0,0
NCT02372578,ASP3662,Painful Diabetic Peripheral Neuropathy (PDPN),SYMPTOM_SCALE,cns,unk,off_mech,0,0
NCT02449655,AZD2014,Advanced Gastric Adenocarcinoma,other,oncology,unk,off_mech,0,0
NCT02497612,Artefenomel,Plasmodium Falciparum Infection,BIOMARKER,infection,unk,off_mech,0,0
NCT02699385,Domperidone,Gastroenteritis,other,other,metabolic,ambiguous,0,0
NCT02418000,E6201,AML; MDS; CMML,other,other,unk,ambiguous,0,0
NCT02368691,GTx-024,Breast Cancer,other,oncology,unk,off_mech,0,0
NCT02545283,Idasanutlin,Acute Myeloid Leukemia,CLINICAL_EVENT,hematologic,unk,clinical_off_or_other,0,0
NCT02443337,LY3023414,Lung Cancer,BIOMARKER,oncology,unk,off_mech,0,0
NCT02332928,melatonin,for Cancer,SYMPTOM_SCALE,oncology,cns,off_mech,0,0
NCT02393209,TAK-117,Lung Cancer,BIOMARKER,hematologic,unk,off_mech,0,0
NCT02449681,TH-4000 (Tarloxotinib),Treatment of Patients With Recurrent or Metastatic Squamous Cell Carcinoma,other,oncology,unk,off_mech,0,0
NCT02454842,TH-4000 (Tarloxotinib),Lung Cancer,other,oncology,unk,off_mech,0,0
NCT02418572,testosterone,Infertility; Poor Ovarian Response,SYMPTOM_SCALE,cardiac,endocrine,off_mech,0,0
NCT02599961,UX007,Glucose Transporter Type 1 Deficiency Syndrome,CLINICAL_EVENT,other,metabolic,clinical_off_or_other,0,0
NCT02454855,melatonin,Metastatic Cancer,SYMPTOM_SCALE,other,cns,ambiguous,0,0
NCT02095717,Curcumin,Prostate Cancer,CLINICAL_EVENT,oncology,unk,clinical_off_or_other,0,0
NCT02245737,Lanabecestat,Alzheimer's Disease,BIOMARKER,cns,unk,off_mech,0,0
NCT02100007,ME-344,Solid Tumors,SYMPTOM_SCALE,other,unk,ambiguous,0,0
NCT02313909,rivaroxaban,Stroke,CLINICAL_EVENT,cns,hematologic,clinical_off_or_other,0,0
NCT02119676,ruxolitinib,Colorectal Cancer,CLINICAL_EVENT,oncology,derm,clinical_off_or_other,0,0
NCT02058108,telbivudine,Chronic Hepatitis B,BIOMARKER,infection,infection,on_mech_surrogate,1,1
NCT02147873,birinapant,Myelodysplastic Syndrome (MDS); Chronic Myelomonocytic Leukemia (CMML),other,oncology,unk,off_mech,0,0
NCT02138786,selinexor,Richter's Transformation,BIOMARKER,hematologic,oncology,off_mech,0,0
NCT01756053,ABT-089,Nicotine Addiction,BIOMARKER,cns,unk,off_mech,0,0
NCT01793298,ASM-024,Asthma,ORGAN_FUNCTION,respiratory,unk,off_mech,0,0
NCT01907815,Akt Inhibitor GSK2141795,Acute Myeloid Leukemia,BIOMARKER,hematologic,unk,off_mech,0,0
NCT02029274,siponimod,Active Dermatomyositis,SYMPTOM_SCALE,other,oncology,ambiguous,0,0
NCT02204332,Cabazitaxel,Metastatic Colorectal Cancer,other,oncology,oncology,ambiguous,0,0
NCT01980199,fexinidazole,Visceral Leishmaniasis,other,other,infection,ambiguous,0,0
NCT01777256,GSK2586184,Systemic Lupus Erythematosus,BIOMARKER,other,unk,ambiguous,0,0
NCT01798485,Ganetespib,NSCLC,CLINICAL_EVENT,oncology,unk,clinical_off_or_other,0,0
NCT01805791,HMPL-004,Ulcerative Colitis,BIOMARKER,hematologic,unk,off_mech,0,0
NCT01774604,Indomethacin,Post-ERCP Acute Pancreatitis,other,other,cardiac,ambiguous,0,0
NCT01862224,JNJ-38518168,Rheumatoid Arthritis,BIOMARKER,other,unk,ambiguous,0,0
NCT01849874,"MEK162, MEK inhibitor",Peritoneal Cancer,CLINICAL_EVENT,oncology,oncology,clinical_on_mech,0,0
NCT01852110,MK-7622,Alzheimer's Disease,SYMPTOM_SCALE,cns,unk,off_mech,0,0
NCT01794000,prasugrel,Sickle Cell Disease,CLINICAL_EVENT,other,hematologic,clinical_off_or_other,0,0
NCT01865084,tadalafil,"Muscular Dystrophy, Duchenne",ORGAN_FUNCTION,respiratory,endocrine,off_mech,0,0
NCT01944943,Vismodegib,cell Lymphoma,other,oncology,oncology,ambiguous,0,0
NCT01870609,defactinib (VS-6063),Malignant Pleural Mesothelioma,CLINICAL_EVENT,oncology,unk,clinical_off_or_other,0,0
NCT01318642,AMG,Adenocarcinoma of the Pancreas; Locally Advanced; Unresectable,CLINICAL_EVENT,oncology,unk,clinical_off_or_other,0,0
NCT01646125,AUY922,NSCLC,CLINICAL_EVENT,oncology,unk,clinical_off_or_other,0,0
NCT01571895,DF2156A,Bullous Pemphigoid,other,other,unk,ambiguous,0,0
NCT01514864,Dasatinib,Advanced Cancer,other,oncology,oncology,ambiguous,0,0
NCT01719861,desipramine,Lung Cancer,CLINICAL_EVENT,oncology,cns,clinical_off_or_other,0,0
NCT01975727,dexamethasone,Postoperative Nausea and Vomiting; Vomiting,other,other,derm,ambiguous,0,0
NCT01687998,Evacetrapib,Cardiovascular Diseases,CLINICAL_EVENT,cardiac,unk,clinical_off_or_other,0,0
NCT01679951,JNJ-38518168,Rheumatoid Arthritis,BIOMARKER,other,unk,ambiguous,0,0
NCT01687478,olanzapine,Treatment-resistant Depression,SYMPTOM_SCALE,cns,cns,ambiguous,0,0
NCT01771198,simvastatin,Rhinosinusitis,SYMPTOM_SCALE,renal,cardiac,off_mech,0,0
NCT01709734,galeterone,Prostate Cancer,other,other,unk,ambiguous,0,0
NCT01385293,BKM120,Prostate Cancer,CLINICAL_EVENT,oncology,unk,clinical_off_or_other,0,0
NCT01316939,GSK1605786A,Crohn's Disease,BIOMARKER,hematologic,unk,off_mech,0,0
NCT01405846,gefitinib,Lung Cancer; Head and Neck Cancer,CLINICAL_EVENT,oncology,oncology,clinical_on_mech,0,0
NCT01103583,hydroxyurea,Multiple Sclerosis,other,other,oncology,ambiguous,0,0
NCT01467076,Inhaled PGE1,newborn respiratory distress syndrome,other,other,endocrine,ambiguous,0,0
NCT01387958,LCQ908,Hepatitis C,BIOMARKER,infection,unk,off_mech,0,0
NCT01275248,ondansetron,Obsessive-compulsive Disorder,SYMPTOM_SCALE,other,metabolic,ambiguous,0,0
NCT01391611,pazopanib eye drops,Gastrointestinal Stromal Tumor (GIST),CLINICAL_EVENT,oncology,oncology,clinical_on_mech,0,0
NCT01287221,rifampin,Multiple System Atrophy,BIOMARKER,cns,infection,off_mech,0,0
NCT01244191,Tivantinib,Lung Cancer,CLINICAL_EVENT,oncology,unk,clinical_off_or_other,0,0
NCT01362348,pazopanib eye drops,wet macular degeneration,other,oncology,oncology,ambiguous,0,0
NCT01130246,"A-002, varespladib methyl",Acute Coronary Syndrome,CLINICAL_EVENT,cardiac,unk,clinical_off_or_other,0,0
NCT01205828,ABT-888,Liver Cancer,other,other,oncology,ambiguous,0,0
NCT01059448,AMG,rheumatoid arthritis,SYMPTOM_SCALE,other,unk,ambiguous,0,0
NCT01151215,AZD8931,Breast Cancer,CLINICAL_EVENT,oncology,unk,clinical_off_or_other,0,0
NCT01285310,apremilast,Patients With Rheumatoid Arthritis,BIOMARKER,cns,oncology,off_mech,0,0
NCT01251354,BN83495,Endometrial Cancer,CLINICAL_EVENT,oncology,unk,clinical_off_or_other,0,0
NCT01131351,delamanid,Tuberculosis,BIOMARKER,cardiac,infection,off_mech,0,0
NCT01067144,gabapentin,Pain; Breast Cancer; Lung Cancer,SYMPTOM_SCALE,cns,cns,ambiguous,0,0
NCT01097707,LY500307,Benign Prostatic Hyperplasia,SYMPTOM_SCALE,other,unk,ambiguous,0,0
NCT01038739,mesalamine,Diverticulitis,CLINICAL_EVENT,other,metabolic,clinical_off_or_other,0,0
NCT00822900,progesterone,Traumatic Brain Injury,CLINICAL_EVENT,other,endocrine,clinical_off_or_other,0,0
NCT01055067,Tivantinib,Non-CNS Germ Cell Tumors (Seminomas and Nonseminomas),CLINICAL_EVENT,oncology,unk,clinical_off_or_other,0,0
NCT01061671,simvastatin,Moderate and Severe COPD,CLINICAL_EVENT,respiratory,cardiac,clinical_off_or_other,0,0
NCT01227512,tolvaptan,Hyponatremia; Dilutional Hyponatremia; Inappropriate ADH Syndrome,CLINICAL_EVENT,other,cardiac,clinical_off_or_other,0,0
NCT05036317,empagliflozin,Postprandial Hypoglycemia,SYMPTOM_SCALE,other,metabolic,ambiguous,0,0
NCT04706507,ganciclovir,respiratory failure,SYMPTOM_SCALE,respiratory,sensory,off_mech,0,0
NCT04478266,SAR439859,Advanced Breast Cancer,CLINICAL_EVENT,oncology,unk,clinical_off_or_other,0,0
NCT03192215,apixaban,Stroke,CLINICAL_EVENT,cns,hematologic,clinical_off_or_other,0,0
NCT03504917,RO5285119,Autism Spectrum Disorder,CLINICAL_EVENT,other,unk,clinical_off_or_other,0,0
NCT03436420,Gemcabene,Non-Alcoholic Fatty Liver Disease,other,hepatic,unk,off_mech,0,0
NCT02722369,hydroxychloroquine,Lung Cancer,CLINICAL_EVENT,other,infection,clinical_off_or_other,0,0
NCT02618577,edoxaban,Atrial High Rate Episodes,CLINICAL_EVENT,cns,hematologic,clinical_off_or_other,0,0
NCT02956486,Elenbecestat,Alzheimer's Disease,SYMPTOM_SCALE,cns,unk,off_mech,0,0
NCT07194694,bupivacaine,Pain,BIOMARKER,cns,cns,on_mech_surrogate,1,1
NCT06576882,amoxicillin,Helicobacter Pylori Infection; Gastritis; Vonoprazan; Adolescents,other,other,infection,ambiguous,0,0
NCT06318481,clopidogrel,"Stent Thrombosis; Myocardial Infarction, Acute",CLINICAL_EVENT,cardiac,hematologic,clinical_off_or_other,0,0
NCT06192108,dapagliflozin,Type 2 Diabetes,BIOMARKER,metabolic,metabolic,on_mech_surrogate,1,1
NCT06415773,dapagliflozin,Type 2 Diabetes,BIOMARKER,metabolic,metabolic,on_mech_surrogate,1,1
NCT07028697,daridorexant,insomnia,ORGAN_FUNCTION,cns,cns,on_mech_surrogate,1,1
NCT07289945,desflurane,Early Recovery in Elderly Patients; Cognitive Function,other,other,cns,ambiguous,0,0
NCT05214911,desloratadine,allergic rhinitis,SYMPTOM_SCALE,other,respiratory,ambiguous,0,0
NCT07326904,esomeprazole,Gastro Oesophageal Reflux Disease,SYMPTOM_SCALE,other,metabolic,ambiguous,0,0
NCT06590870,fentanyl,Procedural Pain,other,other,cns,ambiguous,0,0
NCT06206408,fezolinetant,hot flashes,SYMPTOM_SCALE,other,endocrine,ambiguous,0,0
NCT06685679,melatonin,"Neonatal Diseases and Abnormalities; Neonatal Mortality; Pulmonary Arterial Hypertension; Pulmonary Arterial Hypertension, Children",other,respiratory,cns,off_mech,0,0
NCT05486416,propofol,General Anesthesia,other,other,cns,ambiguous,0,0
NCT06391931,propofol,Anesthesia,other,other,cns,ambiguous,0,0
NCT06714669,remimazolam,intraoperative hypotension,BIOMARKER,cardiac,cns,off_mech,0,0
NCT06744777,ribavirin,Dengue Hemorrhagic Fever,other,other,infection,ambiguous,0,0
NCT06466369,tadalafil,BPH With Other Lower Urinary Tract Symptoms,SYMPTOM_SCALE,other,endocrine,ambiguous,0,0
NCT06258785,tizanidine,postoperative urinary retention,other,other,msk,ambiguous,0,0
NCT05761574,acetaminophen,Pain,SYMPTOM_SCALE,cns,cns,ambiguous,0,0
NCT05586971,allopurinol,gout,BIOMARKER,other,msk,ambiguous,0,0
NCT06088043,apremilast,plaque psoriasis,SYMPTOM_SCALE,oncology,oncology,ambiguous,0,0
NCT06108544,apremilast,plaque psoriasis,SYMPTOM_SCALE,oncology,oncology,ambiguous,0,0
NCT05861427,atogepant,migraine,SYMPTOM_SCALE,cns,cns,ambiguous,0,0
NCT05878093,budesonide,Chronic Rhinosinusitis With Nasal Polyps,SYMPTOM_SCALE,other,metabolic,ambiguous,0,0
NCT06165679,bupivacaine,hemodynamic instability,CLINICAL_EVENT,other,cns,clinical_off_or_other,0,0
NCT06616441,bupivacaine,postoperative pain,SYMPTOM_SCALE,cns,cns,ambiguous,0,0
NCT05682326,daprodustat,anemia,CLINICAL_EVENT,other,hematologic,clinical_off_or_other,0,0
NCT06010693,daridorexant,insomnia,ORGAN_FUNCTION,cns,cns,on_mech_surrogate,1,1
NCT05988671,dexamethasone,Laparoscopic Cholecystectomy; Postoperative Nausea and Vomiting,other,other,derm,ambiguous,0,0
NCT05763875,ezetimibe,Hypercholesterolemia,CLINICAL_EVENT,metabolic,cardiac,clinical_off_or_other,0,0
NCT05692154,fexofenadine,seasonal allergic rhinitis,CLINICAL_EVENT,other,respiratory,clinical_off_or_other,0,0
NCT05690698,haloperidol,Hyperactive Delirium,CLINICAL_EVENT,oncology,cns,clinical_off_or_other,0,0
NCT05754996,lactulose,hepatic encephalopathy,other,hepatic,metabolic,off_mech,0,0
NCT05794555,lactulose,Cirrhosis,CLINICAL_EVENT,hepatic,metabolic,clinical_off_or_other,0,0
NCT05763823,letermovir,Prevention of Cytomegalovirus Infection,other,infection,infection,ambiguous,0,0
NCT06846307,mannitol,traumatic brain injury,other,other,hematologic,ambiguous,0,0
NCT06103188,melatonin,Anxiety; Preoperative Anxiety,BIOMARKER,other,cns,ambiguous,0,0
NCT05680129,metformin,T2DM; Type 2 Diabetes Mellitus,BIOMARKER,metabolic,metabolic,on_mech_surrogate,1,1
NCT06042855,metformin,Covid19,CLINICAL_EVENT,other,metabolic,clinical_off_or_other,0,0
NCT06297954,metoclopramide,upper gastrointestinal bleeding,SYMPTOM_SCALE,other,metabolic,ambiguous,0,0
NCT05458609,naltrexone,Alcohol Use Disorder,SYMPTOM_SCALE,other,cns,ambiguous,0,0
NCT05630833,nitrofurantoin,Recurrent urinary tract infections,SYMPTOM_SCALE,infection,infection,ambiguous,0,0
NCT05680870,omeprazole,in Cancer,SYMPTOM_SCALE,cns,metabolic,off_mech,0,0
NCT06091436,progesterone,Infertility,other,other,endocrine,ambiguous,0,0
NCT05615025,propofol,"Anesthesia, General; Neuromuscular Transmission Disorders",other,other,cns,ambiguous,0,0
NCT05836545,remimazolam,Healthy,other,other,cns,ambiguous,0,0
NCT06013345,remimazolam,atrial fibrillation,CLINICAL_EVENT,other,cns,clinical_off_or_other,0,0
NCT05810038,rimegepant,migraine,SYMPTOM_SCALE,cns,cns,ambiguous,0,0
NCT05779241,risperidone,Schizophrenia; Schizoaffective Disorder,BIOMARKER,other,cns,ambiguous,0,0
NCT05773846,ropivacaine,Post-surgical Pain,BIOMARKER,cns,cns,on_mech_surrogate,1,1
NCT06103825,solriamfetol,sleep apnea,other,cns,cns,ambiguous,0,0
NCT05753670,tamsulosin,Postoperative Retention of Urine,other,other,endocrine,ambiguous,0,0
NCT06135415,tirbanibulin,actinic keratosis,BIOMARKER,oncology,derm,off_mech,0,0
NCT06278402,tofacitinib,Alopecia Areata; Alopecia Totalis; Alopecia Universalis,other,other,oncology,ambiguous,0,0
NCT06215820,tramadol,Acute Pain; Post Operative Pain; Pain,SYMPTOM_SCALE,cns,cns,ambiguous,0,0
NCT06215859,tramadol,Acute Pain; Post Operative Pain; Pain,SYMPTOM_SCALE,cns,cns,ambiguous,0,0
NCT05811676,tranexamic acid,"Hemorrhage, Postpartum; Placenta Previa",CLINICAL_EVENT,other,hematologic,clinical_off_or_other,0,0
NCT06288685,triamcinolone,pain,SYMPTOM_SCALE,cns,endocrine,off_mech,0,0
NCT06122649,apremilast,plaque psoriasis,SYMPTOM_SCALE,other,oncology,ambiguous,0,0
NCT05639946,brivaracetam,neuropathic pain,SYMPTOM_SCALE,cns,cns,ambiguous,0,0
NCT05726097,prucalopride,Colon Cancer; Inflammatory Bowel Diseases; Gastrointestinal Bleed; Colon Polyp,other,other,metabolic,ambiguous,0,0
NCT05174065,apremilast,palmoplantar pustulosis,CLINICAL_EVENT,oncology,oncology,clinical_on_mech,0,0
NCT05216263,atogepant,chronic migraine,other,other,cns,ambiguous,0,0
NCT05311475,azelastine,seasonal allergic rhinitis,SYMPTOM_SCALE,other,respiratory,ambiguous,0,0
NCT05292586,beclomethasone dipropionate,asthma,ORGAN_FUNCTION,respiratory,respiratory,on_mech_surrogate,1,1
NCT05656027,brimonidine,presbyopia,other,other,sensory,ambiguous,0,0
NCT05624151,bupivacaine,pain,other,other,cns,ambiguous,0,0
NCT05430217,buspirone,Vertigo; Autonomic Dysfunction,SYMPTOM_SCALE,other,cns,ambiguous,0,0
NCT05485805,caffeine,Pain,SYMPTOM_SCALE,cns,cns,ambiguous,0,0
NCT05439616,cariprazine,autism spectrum disorder,SYMPTOM_SCALE,other,cns,ambiguous,0,0
NCT05439356,colchicine,Ischemic stroke,CLINICAL_EVENT,cns,msk,clinical_off_or_other,0,0
NCT05196347,dapagliflozin,Chronic Kidney Diseases,ORGAN_FUNCTION,renal,metabolic,off_mech,0,0
NCT05438875,eltrombopag,purpura,BIOMARKER,hematologic,hematologic,on_mech_surrogate,1,1
NCT05364190,empagliflozin,Chronic Heart Failure; Acute Heart Failure; Diabetes Mellitus,CLINICAL_EVENT,other,metabolic,clinical_off_or_other,0,0
NCT05950061,escitalopram,Major Depressive Disorder,SYMPTOM_SCALE,other,cns,ambiguous,0,0
NCT05617820,estradiol,Dyspareunia,other,other,endocrine,ambiguous,0,0
NCT05570292,folic acid,Gastric Residual Volume,other,other,various,ambiguous,0,0
NCT05620641,gabapentin,Post Operative Nausea and Vomiting; Sleeve Gastrectomy; Morbid Obesity,other,other,cns,ambiguous,0,0
NCT05323734,ganaxolone,tuberous sclerosis,SYMPTOM_SCALE,cns,cns,ambiguous,0,0
NCT05475665,irbesartan,Essential Hypertension,BIOMARKER,cardiac,cardiac,on_mech_surrogate,1,1
NCT05476354,irbesartan,Essential Hypertension,BIOMARKER,cardiac,cardiac,on_mech_surrogate,1,1
NCT03941860,ixazomib citrate,Multiple Myeloma,CLINICAL_EVENT,oncology,unk,clinical_off_or_other,0,0
NCT05233566,ketamine,Postoperative Depression,other,other,cns,ambiguous,0,0
NCT05291598,ketorolac,total hip arthroplasty,BIOMARKER,cns,sensory,off_mech,0,0
NCT05629390,lotilaner,blepharitis,SYMPTOM_SCALE,other,sensory,ambiguous,0,0
NCT05167825,macitentan,Pulmonary Arterial Hypertension,other,cardiac,cardiac,ambiguous,0,0
NCT05137717,maribavir,cytomegalovirus infection,BIOMARKER,other,infection,ambiguous,0,0
NCT05174416,mavacamten,hypertrophic cardiomyopathy,ORGAN_FUNCTION,cardiac,cardiac,on_mech_surrogate,1,1
NCT05414175,mavacamten,cardiomyopathy,ORGAN_FUNCTION,cardiac,cardiac,on_mech_surrogate,1,1
NCT05582395,mavacamten,cardiomyopathy,SYMPTOM_SCALE,other,cardiac,ambiguous,0,0
NCT04979806,meropenem,Complicated Urinary Tract Infection; Acute Pyelonephritis,SYMPTOM_SCALE,infection,infection,ambiguous,0,0
NCT04826692,metformin,Huntington Disease,SYMPTOM_SCALE,cns,metabolic,off_mech,0,0
NCT05280496,metformin,Diabetes,BIOMARKER,metabolic,metabolic,on_mech_surrogate,1,1
NCT05413369,metformin,Type 2 Diabetes Mellitus,BIOMARKER,metabolic,metabolic,on_mech_surrogate,1,1
NCT05722951,metformin,Epilepsy,other,cns,metabolic,off_mech,0,0
NCT05097326,mifepristone,Labor induction,other,cardiac,endocrine,off_mech,0,0
NCT05424445,misoprostol,Labor induction,other,hepatic,endocrine,off_mech,0,0
NCT05355974,norepinephrine,Anesthesia-induced hypotension,BIOMARKER,cardiac,cardiac,on_mech_surrogate,1,1
NCT05027802,palovarotene,fibrodysplasia ossificans progressiva,CLINICAL_EVENT,other,msk,clinical_off_or_other,0,0
NCT05223166,pitolisant,excessive daytime sleepiness,other,other,cns,ambiguous,0,0
NCT05458128,pitolisant,idiopathic hypersomnia,CLINICAL_EVENT,other,cns,clinical_off_or_other,0,0
NCT05478174,propofol,General Anesthesia,other,other,cns,ambiguous,0,0
NCT05399485,rimegepant,migraine,SYMPTOM_SCALE,cns,cns,ambiguous,0,0
NCT05369793,roflumilast,type 2 diabetes mellitus,BIOMARKER,metabolic,respiratory,off_mech,0,1
NCT05301517,roxadustat,anemia,BIOMARKER,hematologic,hematologic,on_mech_surrogate,1,1
NCT05072704,sufentanil,total hip arthroplasty,other,other,cns,ambiguous,0,0
NCT04937881,tenofovir alafenamide,HIV infection,BIOMARKER,other,infection,ambiguous,0,0
NCT06146478,thalidomide,Transfusion-dependent Beta-Thalassemia,BIOMARKER,hematologic,oncology,off_mech,0,0
NCT05429671,tobramycin,Total Knee Arthoplasty,BIOMARKER,other,infection,ambiguous,0,0
NCT07043049,tramadol,Shivering,SYMPTOM_SCALE,other,cns,ambiguous,0,0
NCT05601882,upadacitinib,atopic dermatitis,CLINICAL_EVENT,other,oncology,clinical_off_or_other,0,0
NCT06248931,valproic acid,migraine,SYMPTOM_SCALE,cns,cns,ambiguous,0,0
NCT05320575,zanubrutinib,hemophagocytic lymphohistiocytosis,BIOMARKER,metabolic,oncology,off_mech,0,1
NCT05658380,atropine,Anesthesia,other,cardiac,metabolic,off_mech,0,0
NCT06948513,ibuprofen,Pain Management,SYMPTOM_SCALE,cns,endocrine,off_mech,0,0
NCT04956432,allopurinol,gout,BIOMARKER,other,msk,ambiguous,0,0
NCT04829747,atogepant,chronic migraine,CLINICAL_EVENT,other,cns,clinical_off_or_other,0,0
NCT04476420,betamethasone valerate,oral submucous fibrosis,SYMPTOM_SCALE,cns,unk,off_mech,0,0
NCT04825704,bupivacaine,Pain,SYMPTOM_SCALE,cns,cns,ambiguous,0,0
NCT04974385,bupivacaine,pain,other,other,cns,ambiguous,0,0
NCT05171179,bupivacaine,Mammaplasty,other,other,cns,ambiguous,0,0
NCT04729179,cannabidiol,fibromyalgia,SYMPTOM_SCALE,cns,cns,ambiguous,0,0
NCT04345796,carvedilol,Tricuspid Regurgitation; Right Ventricular Dilatation,other,cardiac,cardiac,ambiguous,0,0
NCT06754410,cetirizine,Lower Ureteric Stones,other,other,respiratory,ambiguous,0,0
NCT04847947,vitamin D3,Pre-frail Elderly,other,other,metabolic,ambiguous,0,0
NCT05175547,clevidipine,stroke,BIOMARKER,other,cardiac,ambiguous,0,0
NCT06120725,clopidogrel,Ischemic Stroke,CLINICAL_EVENT,cns,hematologic,clinical_off_or_other,0,0
NCT04724629,colchicine,COVID-19; cytokine release syndrome,SYMPTOM_SCALE,infection,msk,off_mech,0,0
NCT04765371,dexamethasone,Coronavirus Infection,CLINICAL_EVENT,other,derm,clinical_off_or_other,0,0
NCT04707352,dapagliflozin,Heart Failure,other,other,metabolic,ambiguous,0,0
NCT04636671,dexamethasone,Covid19; Viral Pneumonia Human Coronavirus; Severe Acute Respiratory Syndrome,CLINICAL_EVENT,other,derm,clinical_off_or_other,0,0
NCT04655144,dexamethasone,Post Uterine Artery Embolization Pain,SYMPTOM_SCALE,cns,derm,off_mech,0,0
NCT04909918,dexamethasone,Covid19,SYMPTOM_SCALE,other,derm,ambiguous,0,0
NCT04976777,dexamethasone,Macular Edema,other,other,derm,ambiguous,0,0
NCT05564286,dexamethasone,Chemoradiotherapy in Cervical Cancer,CLINICAL_EVENT,other,derm,clinical_off_or_other,0,0
NCT05001555,dexketoprofen,low back pain,SYMPTOM_SCALE,cns,msk,off_mech,0,0
NCT04940390,dihydroergotamine,migraine,SYMPTOM_SCALE,cns,cns,ambiguous,0,0
NCT05083923,diroximel fumarate,Multiple Sclerosis,CLINICAL_EVENT,other,oncology,clinical_off_or_other,0,0
NCT04504812,duloxetine,Improving Outcomes in People With Knee Osteoarthritis Pain,SYMPTOM_SCALE,cns,cns,ambiguous,0,0
NCT04730037,edoxaban,CTEPH,other,other,hematologic,ambiguous,0,0
NCT04934722,enzalutamide,Prostate Cancer,CLINICAL_EVENT,oncology,oncology,clinical_on_mech,0,0
NCT04774380,etoposide,Lung Cancer,CLINICAL_EVENT,other,oncology,clinical_off_or_other,0,0
NCT04878016,etoposide,SCLC,CLINICAL_EVENT,oncology,oncology,clinical_on_mech,0,0
NCT04818320,favipiravir,COVID-19,other,respiratory,infection,off_mech,0,0
NCT05185284,favipiravir,COVID-19,SYMPTOM_SCALE,infection,infection,ambiguous,0,0
NCT05137184,fentanyl,Acute Pain; Ambulances,SYMPTOM_SCALE,cns,cns,ambiguous,0,0
NCT05848492,fluconazole,Invasive Candidiases,other,other,infection,ambiguous,0,0
NCT04629703,fostamatinib,pneumonia,SYMPTOM_SCALE,respiratory,hematologic,off_mech,0,0
NCT04615624,furosemide,preeclampsia,BIOMARKER,cardiac,cardiac,on_mech_surrogate,1,1
NCT04752475,furosemide,preeclampsia,BIOMARKER,other,cardiac,ambiguous,0,0
NCT05093621,furosemide,heart failure,CLINICAL_EVENT,other,cardiac,clinical_off_or_other,0,0
NCT04935359,gemcitabine,Metastatic Pancreatic Ductal Adenocarcinoma,SYMPTOM_SCALE,oncology,oncology,ambiguous,0,0
NCT04842604,glasdegib,Acute Myeloid Leukemia; Myelodysplastic Syndrome; Chronic Myelomonocytic Leukemia,other,other,oncology,ambiguous,0,0
NCT04918862,granisetron,1mg Vs 3 mg of Granisetron,other,other,metabolic,ambiguous,0,0
NCT05087615,granisetron,"Bariatric Surgery Candidate; Perioperative Complication; Nausea; Vomiting, Postoperative; Drug Effect",CLINICAL_EVENT,other,metabolic,clinical_off_or_other,0,0
NCT04750707,hydroxyurea,Sickle Cell Anemia in Children,CLINICAL_EVENT,cns,oncology,clinical_off_or_other,0,0
NCT04819776,iloperidone,bipolar I disorder,SYMPTOM_SCALE,other,cns,ambiguous,0,0
NCT04684238,isoflurane,sedation,other,other,cns,ambiguous,0,0
NCT04939649,ketamine,Major Depression,SYMPTOM_SCALE,cns,cns,ambiguous,0,0
NCT04955158,ketamine,Sore Throat,CLINICAL_EVENT,other,cns,clinical_off_or_other,0,0
NCT04607122,landiolol,atrial fibrillation,other,cardiac,cardiac,ambiguous,0,0
NCT04874935,lansoprazole,Breast Cancer,other,oncology,metabolic,off_mech,0,0
NCT07079540,lansoprazole,Reflux Esophagitis,other,other,metabolic,ambiguous,0,0
NCT04591353,lidocaine,total hip arthroplasty,SYMPTOM_SCALE,other,respiratory,ambiguous,0,0
NCT04775225,lidocaine,juvenile idiopathic arthritis,SYMPTOM_SCALE,cns,respiratory,off_mech,0,0
NCT04985942,lumateperone,Major Depressive Disorder,SYMPTOM_SCALE,cns,cns,ambiguous,0,0
NCT05061706,lumateperone,Major Depressive Disorder,SYMPTOM_SCALE,cns,cns,ambiguous,0,0
NCT05061719,lumateperone,Major Depressive Disorder,SYMPTOM_SCALE,other,cns,ambiguous,0,0
NCT04786873,macimorelin,isolated growth hormone deficiency type IA,BIOMARKER,other,various,ambiguous,0,0
NCT04510194,metformin,SARS-CoV-2 Infection,CLINICAL_EVENT,respiratory,metabolic,clinical_off_or_other,0,0
NCT04885530,metformin,Covid19,other,other,metabolic,ambiguous,0,0
NCT04221750,metformin,Frailty; Sarcopenic Obesity; Aging,other,other,metabolic,ambiguous,0,0
NCT04807348,metformin,Type 2 Diabetes,BIOMARKER,metabolic,metabolic,on_mech_surrogate,1,1
NCT04927312,metronidazole,Complicated Intra-abdominal Infection,CLINICAL_EVENT,infection,derm,clinical_off_or_other,0,0
NCT04624750,mexiletine,myotonic dystrophy type 1,other,other,cardiac,ambiguous,0,0
NCT04515186,miltefosine,mania,other,oncology,infection,off_mech,0,0
NCT05065190,nintedanib,"Lung Diseases, Interstitial",ORGAN_FUNCTION,respiratory,oncology,off_mech,0,0
NCT05276596,norepinephrine,hypotension,SYMPTOM_SCALE,other,cardiac,ambiguous,0,0
NCT04779242,omadacycline,Community-acquired Pneumonia; Bacterial Pneumonia,CLINICAL_EVENT,cns,infection,clinical_off_or_other,0,0
NCT04887506,prednisone,Prostate Cancer,BIOMARKER,other,metabolic,ambiguous,0,0
NCT04411836,primaquine,malaria,other,other,infection,ambiguous,0,0
NCT04711837,propofol,Anesthesia,SYMPTOM_SCALE,other,cns,ambiguous,0,0
NCT04958746,propofol,Gynecological Outpatient Surgery,other,other,cns,ambiguous,0,0
NCT04940689,remifentanil,Anesthesia,CLINICAL_EVENT,respiratory,cns,clinical_off_or_other,0,0
NCT04800172,roflumilast,obesity,BIOMARKER,metabolic,respiratory,off_mech,0,1
NCT04676334,rucaparib,Metastatic Castration-Resistant Prostate Cancer; Ovarian Cancer; Epithelial Ovarian Cancer; Fallopian Tube Cancer; Peritoneal Cancer; Other Solid Tumor,CLINICAL_EVENT,other,oncology,clinical_off_or_other,0,0
NCT04921969,ruxolitinib,Atopic Dermatitis,SYMPTOM_SCALE,other,derm,ambiguous,0,0
NCT04565990,selexipag,"Hypertension, Pulmonary",SYMPTOM_SCALE,other,hematologic,ambiguous,0,0
NCT04304261,sitagliptin,"Diabetes Mellitus, Type 2; Cognitive Functions Confusion",SYMPTOM_SCALE,cns,metabolic,off_mech,0,0
NCT06413082,spironolactone,Hypertension,BIOMARKER,cardiac,cardiac,on_mech_surrogate,1,1
NCT05385744,teriflunomide,Multiple Sclerosis,CLINICAL_EVENT,other,oncology,clinical_off_or_other,0,0
NCT04635007,tranexamic acid,"Cesarean Section Complications; Blood Loss, Surgical; Misoprostol; Tranexamic Acid",other,other,hematologic,ambiguous,0,0
NCT04799249,trilaciclib,Metastatic Triple-Negative Breast Cancer,CLINICAL_EVENT,oncology,various,clinical_off_or_other,0,0
NCT04707768,vadadustat,anemia of chronic kidney disease,other,hematologic,hematologic,ambiguous,0,0
NCT05110157,valbenazine,Schizophrenia,SYMPTOM_SCALE,cns,cns,ambiguous,0,0
NCT05093933,vericiguat,heart failure with reduced ejection fraction,CLINICAL_EVENT,cardiac,cardiac,clinical_on_mech,0,0
NCT05033886,fezolinetant,hot flashes,SYMPTOM_SCALE,other,endocrine,ambiguous,0,0
NCT04776148,lenvatinib,Metastatic Colorectal Cancer,CLINICAL_EVENT,oncology,oncology,clinical_on_mech,0,0
NCT04472429,paclitaxel,Anal Carcinoma,CLINICAL_EVENT,oncology,oncology,clinical_on_mech,0,0
NCT04429022,acetaminophen,"Pain, Postoperative",SYMPTOM_SCALE,cns,cns,ambiguous,0,0
NCT04590586,apremilast,COVID-19,CLINICAL_EVENT,respiratory,oncology,clinical_off_or_other,0,0
NCT04401579,baricitinib,COVID-19,CLINICAL_EVENT,respiratory,oncology,clinical_off_or_other,0,0
NCT04421027,baricitinib,COVID-19,other,respiratory,oncology,off_mech,0,0
NCT04640168,baricitinib,COVID-19,CLINICAL_EVENT,respiratory,oncology,clinical_off_or_other,0,0
NCT03917914,bisoprolol,COPD,CLINICAL_EVENT,other,cardiac,clinical_off_or_other,0,0
NCT05175066,bisoprolol,Cardiomyopathies; Chemotherapy Effect; Diastolic Dysfunction; Systolic Dysfunction,ORGAN_FUNCTION,cardiac,cardiac,on_mech_surrogate,1,1
NCT04258839,brexpiprazole,autism spectrum disorder,CLINICAL_EVENT,other,cns,clinical_off_or_other,0,0
NCT03342027,bupropion,HIV; Smoking Cessation,SYMPTOM_SCALE,other,cns,ambiguous,0,0
NCT04388319,bupropion,Smoking Cessation,other,other,cns,ambiguous,0,0
NCT04338269,cabozantinib,Cell Carcinoma,CLINICAL_EVENT,oncology,oncology,clinical_on_mech,0,0
NCT04471428,cabozantinib,Lung Cancer,CLINICAL_EVENT,oncology,oncology,clinical_on_mech,0,0
NCT04237090,cetirizine,Breast Cancer; Lung Cancer; Ovarian Cancer; Oesophageal Cancer; Head Cancer Neck; Cervical Cancer; Endometrial Cancer,SYMPTOM_SCALE,cns,respiratory,off_mech,0,0
NCT04420247,chloroquine,COVID; COVID-19; SARS-CoV 2; Coronavirus; Corona Virus Infection,BIOMARKER,other,infection,ambiguous,0,0
NCT04535791,vitamin D3,COVID-19,other,infection,metabolic,off_mech,0,0
NCT04377711,ciclesonide,COVID-19,SYMPTOM_SCALE,cns,respiratory,off_mech,0,0
NCT04110340,ciprofloxacin,"Plague, Bubonic; Plague, Pneumonic",other,other,infection,ambiguous,0,0
NCT04324463,colchicine,Coronavirus; Severe Acute Respiratory Syndrome,CLINICAL_EVENT,other,msk,clinical_off_or_other,0,0
NCT04328480,colchicine,COVID-19,CLINICAL_EVENT,other,msk,clinical_off_or_other,0,0
NCT04667780,colchicine,COVID-19,SYMPTOM_SCALE,other,msk,ambiguous,0,0
NCT04469465,danicopan,Paroxysmal Nocturnal Hemoglobinuria,other,other,oncology,ambiguous,0,0
NCT04213677,dapagliflozin,Polycystic Ovary Syndrome,BIOMARKER,metabolic,metabolic,on_mech_surrogate,1,1
NCT04564742,dapagliflozin,Acute Myocardial Infarction; Heart Failure,CLINICAL_EVENT,other,metabolic,clinical_off_or_other,0,0
NCT04634500,dapagliflozin,Type 2 Diabetes,BIOMARKER,metabolic,metabolic,on_mech_surrogate,1,1
NCT04189107,dexamethasone,"Analgesia; Surgery; Cancer of Head and Neck; Oropharyngeal Cancer; Carcinoma of Unknown Primary; Pain, Postoperative; Postoperative Pain",SYMPTOM_SCALE,cns,derm,off_mech,0,0
NCT04509973,dexamethasone,Covid19; Hypoxia,SYMPTOM_SCALE,renal,derm,off_mech,0,0
NCT04890626,dexamethasone,SARS-CoV-2 Infection,CLINICAL_EVENT,other,derm,clinical_off_or_other,0,0
NCT05195242,dexamethasone,COVID-19; Thrombosis Embolism; Bleeding,CLINICAL_EVENT,cardiac,derm,clinical_off_or_other,0,0
NCT04406649,dihydroergotamine,migraine,SYMPTOM_SCALE,cns,cns,ambiguous,0,0
NCT04166331,dobutamine,Sepsis,SYMPTOM_SCALE,cns,cardiac,off_mech,0,0
NCT04079452,doravirine,HIV-1 infection,BIOMARKER,other,infection,ambiguous,0,0
NCT04157751,empagliflozin,Heart Failure,CLINICAL_EVENT,cardiac,metabolic,clinical_off_or_other,0,0
NCT04233801,empagliflozin,Type 2 Diabetes,ORGAN_FUNCTION,renal,metabolic,off_mech,0,0
NCT04509674,empagliflozin,Myocardial Infarction,CLINICAL_EVENT,cardiac,metabolic,clinical_off_or_other,0,0
NCT04032119,epinephrine,Gastric Neoplasm; Early Gastric Cancer,other,other,respiratory,ambiguous,0,0
NCT04231331,ertugliflozin,valvular heart disease,other,other,metabolic,ambiguous,0,0
NCT04476446,esketamine,Esketamine Treatment in Participants With Treatment Resistant Depression,other,other,cns,ambiguous,0,0
NCT03452865,esomeprazole,Sepsis; Septic Shock,SYMPTOM_SCALE,respiratory,metabolic,off_mech,0,0
NCT04192266,estradiol,PTSD,BIOMARKER,respiratory,endocrine,off_mech,0,0
NCT04256421,etoposide,Lung Cancer,CLINICAL_EVENT,oncology,oncology,clinical_on_mech,0,0
NCT04712903,etoposide,Lung Cancer,other,other,oncology,ambiguous,0,0
NCT03996369,etrasimod,Ulcerative Colitis,CLINICAL_EVENT,hematologic,oncology,clinical_off_or_other,0,0
NCT04706793,etrasimod,Ulcerative Colitis,CLINICAL_EVENT,hematologic,oncology,clinical_off_or_other,0,0
NCT04373733,favipiravir,COVID-19,CLINICAL_EVENT,other,infection,clinical_off_or_other,0,0
NCT04501783,favipiravir,COVID-19,SYMPTOM_SCALE,other,infection,ambiguous,0,0
NCT04542694,favipiravir,COVID-19,SYMPTOM_SCALE,infection,infection,ambiguous,0,0
NCT04600895,favipiravir,COVID-19,CLINICAL_EVENT,infection,infection,clinical_on_mech,0,0
NCT04600999,favipiravir,COVID-19,other,other,infection,ambiguous,0,0
NCT04613271,favipiravir,Infectious Disease; SARS-CoV Infection; Covid19,SYMPTOM_SCALE,other,infection,ambiguous,0,0
NCT04981379,favipiravir,Covid19,other,respiratory,infection,off_mech,0,0
NCT04128540,fentanyl,Aortic Coarctation; Erector Spinae Plane Block; Paediatric,other,other,cns,ambiguous,0,0
NCT04234204,fezolinetant,hot flashes,SYMPTOM_SCALE,other,endocrine,ambiguous,0,0
NCT04451226,fezolinetant,hot flashes,other,other,endocrine,ambiguous,0,0
NCT04230980,gabapentin,Post-Operative Pain,BIOMARKER,cns,cns,on_mech_surrogate,1,1
NCT04391569,ganaxolone,status epilepticus,CLINICAL_EVENT,cns,cns,clinical_on_mech,0,0
NCT04193176,gefapixant,chronic cough,SYMPTOM_SCALE,other,respiratory,ambiguous,0,0
NCT04193202,gefapixant,chronic cough,SYMPTOM_SCALE,other,respiratory,ambiguous,0,0
NCT04182204,gemcitabine,Cell Lymphoma,SYMPTOM_SCALE,other,oncology,ambiguous,0,0
NCT04578886,guanfacine,delirium,SYMPTOM_SCALE,cns,cardiac,off_mech,0,0
NCT04261517,hydroxychloroquine,"Pneumonia, Pneumocystis; Coronavirus; COVID-19",other,respiratory,infection,off_mech,0,0
NCT04308668,hydroxychloroquine,Corona Virus Infection; Acute Respiratory Distress Syndrome; SARS-CoV Infection; Coronavirus; Coronavirus Infections,SYMPTOM_SCALE,infection,infection,ambiguous,0,0
NCT04315896,hydroxychloroquine,Severe COVID-19 Pulmonary Infection,CLINICAL_EVENT,other,infection,clinical_off_or_other,0,0
NCT04315948,hydroxychloroquine,Corona Virus Infection,CLINICAL_EVENT,respiratory,infection,clinical_off_or_other,0,0
NCT04318015,hydroxychloroquine,COVID-19; Severe Acute Respiratory Syndrome,SYMPTOM_SCALE,infection,infection,ambiguous,0,0
NCT04321278,hydroxychloroquine,"Coronavirus Infections; Pneumonia, Viral",SYMPTOM_SCALE,other,infection,ambiguous,0,0
NCT04328467,hydroxychloroquine,COVID-19; Corona Virus Infection; ARDS; Acute Respiratory Distress Syndrome,CLINICAL_EVENT,infection,infection,clinical_on_mech,0,0
NCT04332991,hydroxychloroquine,Coronavirus; Acute Respiratory Infection; SARS-CoV Infection,CLINICAL_EVENT,respiratory,infection,clinical_off_or_other,0,0
NCT04334148,hydroxychloroquine,COVID-19,other,infection,infection,ambiguous,0,0
NCT04334928,hydroxychloroquine,Coronavirus Infection,SYMPTOM_SCALE,infection,infection,ambiguous,0,0
NCT04338698,hydroxychloroquine,COVID 19,BIOMARKER,infection,infection,on_mech_surrogate,1,1
NCT04391127,hydroxychloroquine,COVID-19,CLINICAL_EVENT,infection,infection,clinical_on_mech,0,0
NCT04410562,hydroxychloroquine,Pregnancy Related; COVID; Covid-19,other,other,infection,ambiguous,0,0
NCT04394416,imatinib,COVID-19,CLINICAL_EVENT,infection,oncology,clinical_off_or_other,0,0
NCT03588429,isoflurane,Anesthesia,other,other,cns,ambiguous,0,0
NCT05696509,isoflurane,valvular heart disease,CLINICAL_EVENT,cardiac,cns,clinical_off_or_other,0,0
NCT04312048,isosorbide mononitrate,pain,SYMPTOM_SCALE,cns,cardiac,off_mech,0,0
NCT04646694,ketamine,Postoperative Pain,SYMPTOM_SCALE,cns,cns,ambiguous,0,0
NCT04627285,lacosamide,epilepsy,SYMPTOM_SCALE,other,cns,ambiguous,0,0
NCT04549168,lemborexant,insomnia,ORGAN_FUNCTION,cns,cns,on_mech_surrogate,1,1
NCT04199104,lenvatinib,Cell Carcinoma,other,oncology,oncology,ambiguous,0,0
NCT04889118,lenvatinib,Advanced Melanoma,CLINICAL_EVENT,oncology,oncology,clinical_on_mech,0,0
NCT05523323,lenvatinib,Cell Carcinoma,other,oncology,oncology,ambiguous,0,0
NCT06486870,letrozole,PCOS (Polycystic Ovary Syndrome) of Bilateral Ovaries,other,other,oncology,ambiguous,0,0
NCT04500158,lidocaine,Pain,SYMPTOM_SCALE,cns,respiratory,off_mech,0,0
NCT04285515,lumateperone,Depression,SYMPTOM_SCALE,cns,cns,ambiguous,0,0
NCT04185363,maralixibat,progressive familial intrahepatic cholestasis,CLINICAL_EVENT,other,unk,clinical_off_or_other,0,0
NCT04349072,mavacamten,hypertrophic cardiomyopathy,CLINICAL_EVENT,cardiac,cardiac,clinical_on_mech,0,0
NCT04478721,meropenem,Bacteremia,SYMPTOM_SCALE,infection,infection,ambiguous,0,0
NCT04264897,metformin,Aging; Insulin Sensitivity; Chronic Disease; Mitochondria; Insulin Resistance,other,metabolic,metabolic,ambiguous,0,0
NCT05921942,metformin,Colon Cancer,BIOMARKER,hematologic,metabolic,off_mech,0,0
NCT04618497,methoxyflurane,pain,SYMPTOM_SCALE,cns,cns,ambiguous,0,0
NCT04438980,methylprednisolone,Covid-19 Pneumonia,CLINICAL_EVENT,other,endocrine,clinical_off_or_other,0,0
NCT03947827,minocycline,Treatment Resistant Depression,SYMPTOM_SCALE,cns,metabolic,off_mech,0,0
NCT04173494,momelotinib,Primary Myelofibrosis; Post-polycythemia Vera Myelofibrosis; Post-essential Thrombocythemia Myelofibrosis,SYMPTOM_SCALE,cns,oncology,off_mech,0,0
NCT04433390,naloxegol,constipation,other,cardiac,metabolic,off_mech,0,0
NCT04538534,nicardipine,vasospastic angina,SYMPTOM_SCALE,cns,cardiac,off_mech,0,0
NCT04317430,niclosamide,Diabetic Nephropathies,other,renal,infection,off_mech,0,0
NCT03925025,nimodipine,organophosphate poisoning,CLINICAL_EVENT,other,cardiac,clinical_off_or_other,0,0
NCT04359680,nitazoxanide,COVID-19; Viral Respiratory Illnesses,SYMPTOM_SCALE,infection,infection,ambiguous,0,0
NCT04486313,nitazoxanide,COVID-19,BIOMARKER,other,infection,ambiguous,0,0
NCT04187144,nitrofurantoin,Recurrent urinary tract infections,SYMPTOM_SCALE,infection,infection,ambiguous,0,0
NCT04501861,norepinephrine,Intraoperative hypotension,other,respiratory,cardiac,off_mech,0,0
NCT04456699,olaparib,Metastatic Colorectal Cancer,CLINICAL_EVENT,oncology,oncology,clinical_on_mech,0,0
NCT04540211,paclitaxel,Metastatic Esophageal Carcinoma,CLINICAL_EVENT,oncology,oncology,clinical_on_mech,0,0
NCT05318443,paclitaxel,Lung Cancer,other,oncology,oncology,ambiguous,0,0
NCT04531982,pimavanserin,schizophrenia,SYMPTOM_SCALE,other,cns,ambiguous,0,0
NCT04414761,progesterone,IVF; GnRH Antagonist; PPOS,other,other,endocrine,ambiguous,0,0
NCT04400201,propofol,sedation,other,other,cns,ambiguous,0,0
NCT04511728,propofol,Induction and Maintenance of General Anesthesia,other,other,cns,ambiguous,0,0
NCT04620031,propofol,Sedation in Intensive Care,BIOMARKER,other,cns,ambiguous,0,0
NCT04280705,remdesivir,COVID-19,CLINICAL_EVENT,respiratory,infection,clinical_off_or_other,0,0
NCT04292730,remdesivir,COVID-19,CLINICAL_EVENT,respiratory,infection,clinical_off_or_other,0,0
NCT04292899,remdesivir,COVID-19,CLINICAL_EVENT,respiratory,infection,clinical_off_or_other,0,0
NCT04409262,remdesivir,COVID-19 Pneumonia,CLINICAL_EVENT,renal,infection,clinical_off_or_other,0,0
NCT04492475,remdesivir,COVID-19,CLINICAL_EVENT,respiratory,infection,clinical_off_or_other,0,0
NCT04546581,remdesivir,COVID; COVID-19; SARS-CoV-2; SARS (Severe Acute Respiratory Syndrome),CLINICAL_EVENT,respiratory,infection,clinical_off_or_other,0,0
NCT04593940,remdesivir,Covid19,other,other,infection,ambiguous,0,0
NCT04678739,remdesivir,Covid19; Covid-19 ARDS,SYMPTOM_SCALE,other,infection,ambiguous,0,0
NCT04853901,remdesivir,Covid19,other,infection,infection,ambiguous,0,0
NCT04574362,rimegepant,migraine,SYMPTOM_SCALE,cns,cns,ambiguous,0,0
NCT04327063,ropivacaine,Breast Cancer,SYMPTOM_SCALE,cns,cns,ambiguous,0,0
NCT04910165,ropivacaine,Pain,other,other,cns,ambiguous,0,0
NCT04410198,roxadustat,anemia,other,other,hematologic,ambiguous,0,0
NCT04484857,roxadustat,anemia,other,other,hematologic,ambiguous,0,0
NCT04227522,rucaparib,Ovarian Cancer,CLINICAL_EVENT,oncology,oncology,clinical_on_mech,0,0
NCT04362137,ruxolitinib,Cytokine Storm (Covid-19); cytokine release syndrome,CLINICAL_EVENT,respiratory,derm,clinical_off_or_other,0,0
NCT04472598,ruxolitinib,Myelofibrosis (MF),BIOMARKER,hematologic,derm,off_mech,0,0
NCT04534725,selinexor,in Cancer,CLINICAL_EVENT,respiratory,oncology,clinical_off_or_other,0,0
NCT03841812,sevoflurane,pain,other,cns,cns,ambiguous,0,0
NCT04355962,sevoflurane,COVID-19; ards,CLINICAL_EVENT,respiratory,cns,clinical_off_or_other,0,0
NCT04571944,suvorexant,Delirium,other,cns,cns,ambiguous,0,0
NCT04158076,telmisartan,Hypercholesterolemia; Hypertension,BIOMARKER,metabolic,cardiac,off_mech,0,1
NCT04410978,teriflunomide,Multiple Sclerosis,CLINICAL_EVENT,cns,oncology,clinical_off_or_other,0,0
NCT04427618,tranexamic acid,Postpartum Hemorrhage; Tranexamic Acid,BIOMARKER,metabolic,hematologic,off_mech,0,1
NCT04195698,upadacitinib,atopic dermatitis,SYMPTOM_SCALE,other,oncology,ambiguous,0,0
NCT04313153,vadadustat,anemia,other,other,hematologic,ambiguous,0,0
NCT04138706,vancomycin,Clostridium Difficile Infection,CLINICAL_EVENT,other,sensory,clinical_off_or_other,0,0
NCT04015414,varenicline,smoking cessation,other,other,cns,ambiguous,0,0
NCT04590404,varenicline,tobacco use disorder,other,other,cns,ambiguous,0,0
NCT04285567,venetoclax,Chronic Lymphocytic Leukemia,other,oncology,oncology,ambiguous,0,0
NCT04509622,venetoclax,Acute Myeloid Leukemia,other,other,oncology,ambiguous,0,0
NCT05705089,warfarin,Left Ventricular Thrombus; ST Segment Elevation Myocardial Infarction,ORGAN_FUNCTION,cardiac,hematologic,off_mech,0,0
NCT04123405,acetylcysteine,rhinosinusitis,SYMPTOM_SCALE,cns,respiratory,off_mech,0,0
NCT04271917,cannabidiol,Pain,SYMPTOM_SCALE,cns,cns,ambiguous,0,0
NCT04175834,diphenhydramine,Multiple Sclerosis; Infusion Reaction,other,other,derm,ambiguous,0,0
NCT04349241,favipiravir,COVID-19,other,infection,infection,ambiguous,0,0
NCT05007678,leflunomide,COVID-19,SYMPTOM_SCALE,other,oncology,ambiguous,0,0
NCT04218734,metformin,Type 2 Diabetes Mellitus,BIOMARKER,metabolic,metabolic,on_mech_surrogate,1,1
NCT04536194,norepinephrine,congenital heart disease,other,cardiac,cardiac,ambiguous,0,0
NCT04598451,prednisone,Pemphigus Vulgaris; Pemphigus Foliaceus,CLINICAL_EVENT,hematologic,metabolic,clinical_off_or_other,0,0
NCT04537078,progesterone,"Infertility, Female",other,other,endocrine,ambiguous,0,0
NCT04530344,ruxolitinib,Vitiligo,CLINICAL_EVENT,other,derm,clinical_off_or_other,0,0
NCT04394975,sunitinib,Cell Cancer,CLINICAL_EVENT,oncology,oncology,clinical_on_mech,0,0
NCT04008706,acalabrutinib,Chronic Lymphocytic Leukemia,CLINICAL_EVENT,hematologic,oncology,clinical_off_or_other,0,0
NCT03596866,alectinib,Lung Cancer,CLINICAL_EVENT,oncology,oncology,clinical_on_mech,0,0
NCT05782192,alogliptin,Type 2 Diabetes,BIOMARKER,metabolic,metabolic,on_mech_surrogate,1,1
NCT03545373,amoxicillin,Tuberculosis; Respiratory Tract Infections; Pneumonia,SYMPTOM_SCALE,other,infection,ambiguous,0,0
NCT03721172,apremilast,psoriasis,SYMPTOM_SCALE,other,oncology,ambiguous,0,0
NCT03777436,apremilast,psoriasis,SYMPTOM_SCALE,oncology,oncology,ambiguous,0,0
NCT03930186,apremilast,plaque psoriasis,SYMPTOM_SCALE,other,oncology,ambiguous,0,0
NCT04175613,apremilast,psoriasis,other,other,oncology,ambiguous,0,0
NCT03735979,argatroban,ischemic stroke,CLINICAL_EVENT,other,hematologic,clinical_off_or_other,0,0
NCT03939312,atogepant,episodic migraine,CLINICAL_EVENT,other,cns,clinical_off_or_other,0,0
NCT03768427,atorvastatin,Hypercholesterolemia,BIOMARKER,other,cardiac,ambiguous,0,0
NCT03899259,baricitinib,Alopecia Areata,BIOMARKER,other,oncology,ambiguous,0,0
NCT03874494,brexpiprazole,schizophrenia,SYMPTOM_SCALE,cns,cns,ambiguous,0,0
NCT04124614,brexpiprazole,Post Traumatic Stress Disorder,SYMPTOM_SCALE,cns,cns,ambiguous,0,0
NCT04162522,brexpiprazole,Depression,SYMPTOM_SCALE,cns,cns,ambiguous,0,0
NCT04174170,brexpiprazole,Post Traumatic Stress Disorder,SYMPTOM_SCALE,cns,cns,ambiguous,0,0
NCT04174365,brexpiprazole,autism spectrum disorder,SYMPTOM_SCALE,other,cns,ambiguous,0,0
NCT03685630,brivaracetam,epilepsy,other,other,cns,ambiguous,0,0
NCT03639389,bupivacaine,Pain,other,other,cns,ambiguous,0,0
NCT05164549,buprenorphine,Opioid Use Disorder,BIOMARKER,other,cns,ambiguous,0,0
NCT03897439,bupropion,Smoking Cessation,other,other,cns,ambiguous,0,0
NCT03802591,capecitabine,Gastric Adenocarcinoma; Gastroesophageal Junction Adenocarcinoma,CLINICAL_EVENT,oncology,oncology,clinical_on_mech,0,0
NCT03813784,capecitabine,Metastatic Gastric Cancer,CLINICAL_EVENT,oncology,oncology,clinical_on_mech,0,0
NCT03794388,capsaicin,breast cancer,SYMPTOM_SCALE,cns,cns,ambiguous,0,0
NCT04041791,ceftriaxone,pneumonia,CLINICAL_EVENT,other,infection,clinical_off_or_other,0,0
NCT03742505,vitamin D3,vitamin D deficiency,SYMPTOM_SCALE,other,metabolic,ambiguous,0,0
NCT04121403,cladribine,Multiple Sclerosis,other,oncology,oncology,ambiguous,0,0
NCT03725930,clonidine,Child Preschool,SYMPTOM_SCALE,other,cardiac,ambiguous,0,0
NCT03645057,crisaborole,atopic dermatitis,SYMPTOM_SCALE,cns,derm,off_mech,0,0
NCT03723252,dapagliflozin,Nonalcoholic Steatohepatitis,BIOMARKER,hepatic,metabolic,off_mech,0,0
NCT03877224,dapagliflozin,Heart Failure With Preserved Ejection Fraction (HFpEF),CLINICAL_EVENT,infection,metabolic,clinical_off_or_other,0,0
NCT03877237,dapagliflozin,Heart Failure With Reduced Ejection Fraction (HFrEF),CLINICAL_EVENT,other,metabolic,clinical_off_or_other,0,0
NCT03901482,dihydroergotamine,migraine,SYMPTOM_SCALE,cns,cns,ambiguous,0,0
NCT03778931,elacestrant,Advanced Breast Cancer,CLINICAL_EVENT,oncology,oncology,clinical_on_mech,0,0
NCT03939637,eltrombopag,immune thrombocytopenia,other,hematologic,hematologic,ambiguous,0,0
NCT03594110,empagliflozin,Chronic Kidney Disease,CLINICAL_EVENT,renal,metabolic,clinical_off_or_other,0,0
NCT03917459,enalapril,"Heart Failure; Heart Failure, Systolic; Erectile Dysfunction",SYMPTOM_SCALE,cardiac,cardiac,ambiguous,0,0
NCT03788967,ertapenem,complicated urinary tract infection,SYMPTOM_SCALE,infection,infection,ambiguous,0,0
NCT03717194,ertugliflozin,Diabetes,ORGAN_FUNCTION,cardiac,metabolic,off_mech,0,0
NCT04005716,etoposide,Lung Cancer,CLINICAL_EVENT,oncology,oncology,clinical_on_mech,0,0
NCT04028050,etoposide,Lung Cancer,CLINICAL_EVENT,other,oncology,clinical_off_or_other,0,0
NCT03945188,etrasimod,Ulcerative Colitis,CLINICAL_EVENT,hematologic,oncology,clinical_off_or_other,0,0
NCT03952039,fedratinib,myelofibrosis,CLINICAL_EVENT,hematologic,oncology,clinical_off_or_other,0,0
NCT04003142,fezolinetant,hot flashes,SYMPTOM_SCALE,other,endocrine,ambiguous,0,0
NCT03764618,fostamatinib,anemia,BIOMARKER,hematologic,hematologic,on_mech_surrogate,1,1
NCT03806530,gabapentin,End Stage Renal Disease; Restless Legs Syndrome,SYMPTOM_SCALE,other,cns,ambiguous,0,0
NCT03699254,ganciclovir,Transplantation Infection; Cytomegalovirus Infections,other,other,sensory,ambiguous,0,0
NCT03673072,gemcitabine,Gallbladder Carcinoma,CLINICAL_EVENT,oncology,oncology,clinical_on_mech,0,0
NCT03924986,gemcitabine,Metastatic Nasopharyngeal Cancer,CLINICAL_EVENT,oncology,oncology,clinical_on_mech,0,0
NCT04327843,haloperidol decanoate,Schizophrenia; Medication Nonadherence; Schizo Affective Disorder,BIOMARKER,other,unk,ambiguous,0,0
NCT04197115,hydrocortisone,Sepsis; Septic Shock,CLINICAL_EVENT,other,metabolic,clinical_off_or_other,0,0
NCT03789591,hydroxyurea,Sickle Cell Disease; Sickle Cell Anemia,other,hematologic,oncology,off_mech,0,0
NCT04476069,ibuprofen,Pain Management,BIOMARKER,cns,endocrine,off_mech,0,0
NCT03788837,iloprost,septic shock,SYMPTOM_SCALE,renal,hematologic,off_mech,0,0
NCT03111212,iloprost,acute respiratory distress syndrome,other,respiratory,hematologic,off_mech,0,0
NCT03831854,ketamine,Reducing Psychological Side Effects of Ketamine,SYMPTOM_SCALE,other,cns,ambiguous,0,0
NCT04075006,ketamine,Critical Illness; Sedation; Mechanical Ventilation,other,other,cns,ambiguous,0,0
NCT06185127,ketamine,Lung Diseases; Diagnosis; Anesthesia,BIOMARKER,other,cns,ambiguous,0,0
NCT03678675,ketorolac,Post-cesarean pain,CLINICAL_EVENT,other,sensory,clinical_off_or_other,0,0
NCT03967847,ketorolac,rotator cuff tear,SYMPTOM_SCALE,other,sensory,ambiguous,0,0
NCT04133623,ketorolac,Acute Pain Due to Trauma,SYMPTOM_SCALE,cns,sensory,off_mech,0,0
NCT04246541,ketorolac,Postoperative Pain,BIOMARKER,cns,sensory,off_mech,0,0
NCT04246554,ketorolac,Postoperative Pain,BIOMARKER,cns,sensory,off_mech,0,0
NCT03779178,landiolol,atrial fibrillation,ORGAN_FUNCTION,respiratory,cardiac,off_mech,0,0
NCT04124926,lansoprazole,Erosive Esophagitis,other,other,metabolic,ambiguous,0,0
NCT03670810,lasmiditan,migraine,SYMPTOM_SCALE,cns,cns,ambiguous,0,0
NCT03820986,lenvatinib,Advance Melanoma,CLINICAL_EVENT,oncology,oncology,clinical_on_mech,0,0
NCT03829319,lenvatinib,Lung Cancer,CLINICAL_EVENT,hematologic,oncology,clinical_off_or_other,0,0
NCT03829332,lenvatinib,Lung Cancer,CLINICAL_EVENT,oncology,oncology,clinical_on_mech,0,0
NCT03884101,lenvatinib,Endometrial Carcinoma,CLINICAL_EVENT,oncology,oncology,clinical_on_mech,0,0
NCT03898180,lenvatinib,Urothelial Carcinoma,CLINICAL_EVENT,oncology,oncology,clinical_on_mech,0,0
NCT03976375,lenvatinib,Lung Cancer,CLINICAL_EVENT,oncology,oncology,clinical_on_mech,0,0
NCT04676412,lenvatinib,Lung Cancer,CLINICAL_EVENT,oncology,oncology,clinical_on_mech,0,0
NCT04716933,lenvatinib,Lung Cancer,CLINICAL_EVENT,oncology,oncology,clinical_on_mech,0,0
NCT04865289,lenvatinib,Endometrial Carcinoma,CLINICAL_EVENT,oncology,oncology,clinical_on_mech,0,0
NCT03930615,letermovir,cytomegalovirus infection,SYMPTOM_SCALE,infection,infection,ambiguous,0,0
NCT03621280,levoketoconazole,Cushing syndrome,other,other,derm,ambiguous,0,0
NCT03677817,lidocaine,Improved Postoperative Pain,other,other,respiratory,ambiguous,0,0
NCT03844984,lidocaine,septic shock,BIOMARKER,other,respiratory,ambiguous,0,0
NCT04069169,lidocaine,Scoliosis; Adolescence; Anesthesia Recovery Period,SYMPTOM_SCALE,cns,respiratory,off_mech,0,0
NCT03905330,maralixibat,progressive familial intrahepatic cholestasis,SYMPTOM_SCALE,other,unk,ambiguous,0,0
NCT03675139,medroxyprogesterone acetate,endometrial hyperplasia,other,oncology,oncology,ambiguous,0,0
NCT03840148,meropenem,Urinary Tract Infections; Acute Pyelonephritis,CLINICAL_EVENT,infection,infection,clinical_on_mech,0,0
NCT03798054,metformin,Type 2 Diabetes,BIOMARKER,metabolic,metabolic,on_mech_surrogate,1,1
NCT03798080,metformin,Type 2 Diabetes,BIOMARKER,metabolic,metabolic,on_mech_surrogate,1,1
NCT03862716,metformin,Type 2 Diabetes,BIOMARKER,metabolic,metabolic,on_mech_surrogate,1,1
NCT04029480,metformin,Type 2 Diabetes Mellitus,BIOMARKER,metabolic,metabolic,on_mech_surrogate,1,1
NCT05118542,methimazole,Graves disease,other,other,endocrine,ambiguous,0,0
NCT05108597,misoprostol,uterine fibroids,SYMPTOM_SCALE,other,endocrine,ambiguous,0,0
NCT03853798,mitapivat,pyruvate kinase deficiency,CLINICAL_EVENT,oncology,hematologic,clinical_off_or_other,0,0
NCT03899103,mycophenolate mofetil,Steroid-Dependent Nephrotic Syndrome,CLINICAL_EVENT,other,unk,clinical_off_or_other,0,0
NCT03283007,nintedanib,Lung-transplant Recipients,ORGAN_FUNCTION,respiratory,oncology,off_mech,0,0
NCT03820726,nintedanib,"Lung Diseases, Interstitial",other,other,oncology,ambiguous,0,0
NCT04093024,nintedanib,"Lung Diseases, Interstitial",BIOMARKER,other,oncology,ambiguous,0,0
NCT04020341,nitrofurantoin,Recurrent urinary tract infections,SYMPTOM_SCALE,infection,infection,ambiguous,0,0
NCT04789005,norepinephrine,Spinal anesthesia-induced hypotension,BIOMARKER,other,cardiac,ambiguous,0,0
NCT03834519,olaparib,Prostate Cancer,CLINICAL_EVENT,oncology,oncology,clinical_on_mech,0,0
NCT03915769,ozanimod,ulcerative colitis,SYMPTOM_SCALE,other,oncology,ambiguous,0,0
NCT03940196,paclitaxel,Ovarian Cancer,CLINICAL_EVENT,oncology,oncology,clinical_on_mech,0,0
NCT03943667,paclitaxel,Metastatic Pancreatic Adenocarcinoma,CLINICAL_EVENT,oncology,oncology,clinical_on_mech,0,0
NCT03957590,paclitaxel,Cell Carcinoma,CLINICAL_EVENT,oncology,oncology,clinical_on_mech,0,0
NCT04177108,paclitaxel,Participants With Locally Advanced or Metastatic Triple-Negative Breast Cancer,CLINICAL_EVENT,oncology,oncology,clinical_on_mech,0,0
NCT03762018,pemetrexed,Pleural Mesothelioma Malignant Advanced,CLINICAL_EVENT,oncology,oncology,clinical_on_mech,0,0
NCT03802240,pemetrexed,NSCLC,CLINICAL_EVENT,oncology,oncology,clinical_on_mech,0,0
NCT03968159,pimavanserin,Major Depressive Disorder,SYMPTOM_SCALE,cns,cns,ambiguous,0,0
NCT03893097,praziquantel,schistosomiasis,other,other,infection,ambiguous,0,0
NCT04209543,progesterone,Vasomotor Symptoms; Menopausal Symptoms,SYMPTOM_SCALE,other,endocrine,ambiguous,0,0
NCT03808844,propofol,Induction of Anesthesia,other,other,cns,ambiguous,0,0
NCT03921775,propofol,Anesthesia for Elective Surgery Patients,other,other,cns,ambiguous,0,0
NCT04111159,propofol,Sedation or Anesthesia,other,other,cns,ambiguous,0,0
NCT04155515,ribavirin,Cirrhosis,other,infection,infection,ambiguous,0,0
NCT03702582,rivaroxaban,Atrial Fibrillation; Stroke; Bleeding,SYMPTOM_SCALE,other,hematologic,ambiguous,0,0
NCT03996772,rivaroxaban,Atrial Fibrillation; Intracerebral Hemorrhage,CLINICAL_EVENT,cns,hematologic,clinical_off_or_other,0,0
NCT03936387,ropivacaine,Post-Sternotomy Pain,other,other,cns,ambiguous,0,0
NCT05663827,ruxolitinib,Steroid Refractory GVHD,SYMPTOM_SCALE,other,derm,ambiguous,0,0
NCT03881371,safinamide,Parkinson's Disease,SYMPTOM_SCALE,cns,cns,ambiguous,0,0
NCT03988530,scopolamine,motion sickness,CLINICAL_EVENT,other,sensory,clinical_off_or_other,0,0
NCT03935217,secnidazole,trichomoniasis,other,other,infection,ambiguous,0,0
NCT03623243,siponimod,multiple sclerosis,SYMPTOM_SCALE,other,oncology,ambiguous,0,0
NCT04017832,sitagliptin,Type 2 Diabetes,BIOMARKER,metabolic,metabolic,on_mech_surrogate,1,1
NCT03883698,sofosbuvir,hepatitis C virus infection,ORGAN_FUNCTION,renal,infection,off_mech,0,0
NCT03894046,sulbactam,bacterial pneumonia,CLINICAL_EVENT,other,infection,clinical_off_or_other,0,0
NCT03956355,tapinarof,plaque psoriasis,SYMPTOM_SCALE,oncology,derm,off_mech,0,0
NCT03983980,tapinarof,plaque psoriasis,SYMPTOM_SCALE,oncology,derm,off_mech,0,0
NCT03176134,tedizolid phosphate,skin and soft tissue bacterial infection,SYMPTOM_SCALE,other,unk,ambiguous,0,0
NCT03872232,telmisartan,Hypercholesterolemia; Hypertension,BIOMARKER,metabolic,cardiac,off_mech,0,1
NCT02938923,testosterone,hip fracture,ORGAN_FUNCTION,respiratory,endocrine,off_mech,0,0
NCT03475342,tranexamic acid,Intrapartum - Moderate and Severe Anaemia,BIOMARKER,cardiac,hematologic,off_mech,0,0
NCT03915860,trifarotene,acne vulgaris,SYMPTOM_SCALE,other,derm,ambiguous,0,0
NCT03725202,upadacitinib,giant cell arteritis,BIOMARKER,hematologic,oncology,off_mech,0,0
NCT04169373,upadacitinib,spondyloarthritis,BIOMARKER,cns,oncology,off_mech,0,0
NCT04102579,valbenazine,"Chorea, Huntington",SYMPTOM_SCALE,other,cns,ambiguous,0,0
NCT03595553,vancomycin,Clostridium Difficile Infection,CLINICAL_EVENT,other,sensory,clinical_off_or_other,0,0
NCT03902080,vibegron,overactive bladder,SYMPTOM_SCALE,other,endocrine,ambiguous,0,0
NCT04103450,vibegron,overactive bladder,CLINICAL_EVENT,hepatic,endocrine,clinical_off_or_other,0,0
NCT03979352,empagliflozin,Type1 Diabetes Mellitus,BIOMARKER,metabolic,metabolic,on_mech_surrogate,1,1
NCT04003155,fezolinetant,hot flashes,SYMPTOM_SCALE,other,endocrine,ambiguous,0,0
NCT04003389,fezolinetant,hot flashes,CLINICAL_EVENT,hepatic,endocrine,clinical_off_or_other,0,0
NCT03349684,acarbose,"Diabetes Mellitus, Type 2",BIOMARKER,metabolic,metabolic,on_mech_surrogate,1,1
NCT03554018,acetaminophen,Low Back Pain,SYMPTOM_SCALE,cns,cns,ambiguous,0,0
NCT03584373,acetaminophen,Nephrolithiasis,SYMPTOM_SCALE,cns,cns,ambiguous,0,0
NCT04392362,adenosine,supraventricular tachycardia,ORGAN_FUNCTION,cardiac,sensory,off_mech,0,0
NCT03474276,albendazole,acute malnutrition,CLINICAL_EVENT,other,infection,clinical_off_or_other,0,0
NCT03439046,alpelisib,Breast Cancer,other,other,oncology,ambiguous,0,0
NCT05437224,ambrisentan,pulmonary arterial hypertension,ORGAN_FUNCTION,respiratory,cardiac,off_mech,0,0
NCT06416735,amiloride,essential hypertension,BIOMARKER,other,cardiac,ambiguous,0,0
NCT03153150,apixaban,"Intracranial Hemorrhages; Intracranial Hemorrhage, Hypertensive; Subarachnoid Hemorrhage; Subdural Hematoma; Intraventricular Hemorrhage; Atrial Fibrillation; Atrial Flutter; Small Vessel Cerebrovascular Disease; Microhaemorrhage",SYMPTOM_SCALE,other,hematologic,ambiguous,0,0
NCT05208398,apixaban,Left Ventricular Thrombus,ORGAN_FUNCTION,cardiac,hematologic,off_mech,0,0
NCT03611751,apremilast,psoriasis,BIOMARKER,oncology,oncology,on_mech_surrogate,1,1
NCT03624127,apremilast,psoriasis,SYMPTOM_SCALE,oncology,oncology,ambiguous,0,0
NCT03491462,arimoclomol,amyotrophic lateral sclerosis,CLINICAL_EVENT,other,cns,clinical_off_or_other,0,0
NCT03700320,atogepant,episodic migraine,SYMPTOM_SCALE,other,cns,ambiguous,0,0
NCT03777059,atogepant,episodic migraine,SYMPTOM_SCALE,cns,cns,ambiguous,0,0
NCT03415178,atorvastatin,Hypercholesterolaemia,SYMPTOM_SCALE,other,cardiac,ambiguous,0,0
NCT03334253,atropine,Myopia,other,other,metabolic,ambiguous,0,0
NCT03164473,azathioprine,Eosinophilic Granulomatosis With Polyangiitis,BIOMARKER,hematologic,oncology,off_mech,0,0
NCT03334435,baricitinib,Atopic Dermatitis,SYMPTOM_SCALE,other,oncology,ambiguous,0,0
NCT03428100,baricitinib,Atopic Dermatitis,SYMPTOM_SCALE,other,oncology,ambiguous,0,0
NCT03435081,baricitinib,Atopic Dermatitis,SYMPTOM_SCALE,other,oncology,ambiguous,0,0
NCT03616964,baricitinib,Systemic Lupus Erythematosus,SYMPTOM_SCALE,other,oncology,ambiguous,0,0
NCT03733301,baricitinib,Atopic Dermatitis,SYMPTOM_SCALE,other,oncology,ambiguous,0,0
NCT03773978,baricitinib,Juvenile Idiopathic Arthritis,SYMPTOM_SCALE,other,oncology,ambiguous,0,0
NCT03538691,brexpiprazole,Major Depressive Disorder,CLINICAL_EVENT,cns,cns,clinical_on_mech,0,0
NCT03548584,brexpiprazole,Alzheimer disease,SYMPTOM_SCALE,other,cns,ambiguous,0,0
NCT03594123,brexpiprazole,Alzheimer's disease biomarker measurement,CLINICAL_EVENT,other,cns,clinical_off_or_other,0,0
NCT03724942,brexpiprazole,Alzheimer disease,other,other,cns,ambiguous,0,0
NCT03737474,brexpiprazole,Major Depressive Disorder,other,other,cns,ambiguous,0,0
NCT03615326,capecitabine,Gastric Neoplasms; Gastroesophageal Junction Adenocarcinoma,CLINICAL_EVENT,oncology,oncology,clinical_on_mech,0,0
NCT03745170,capecitabine,Gastric Cancer,CLINICAL_EVENT,oncology,oncology,clinical_on_mech,0,0
NCT03777657,capecitabine,Junction Carcinoma,CLINICAL_EVENT,oncology,oncology,clinical_on_mech,0,0
NCT03573297,cariprazine,bipolar I disorder,CLINICAL_EVENT,respiratory,cns,clinical_off_or_other,0,0
NCT03738215,cariprazine,Major Depressive Disorder,BIOMARKER,cns,cns,on_mech_surrogate,1,1
NCT03739203,cariprazine,Major Depressive Disorder,BIOMARKER,cns,cns,on_mech_surrogate,1,1
NCT03678753,cenobamate,combined generalized and focal epilepsy,other,cns,cns,ambiguous,0,0
NCT03475225,vitamin D3,drug-resistant epilepsy,other,cns,metabolic,off_mech,0,0
NCT04476511,vitamin D3,vitamin D deficiency,BIOMARKER,other,metabolic,ambiguous,0,0
NCT03299244,cinacalcet,Secondary Hyperparathyroidism; Chronic Kidney Disease,BIOMARKER,renal,endocrine,off_mech,0,0
NCT03354598,ciprofloxacin,Uncomplicated Urinary Tract Infection,SYMPTOM_SCALE,infection,infection,ambiguous,0,0
NCT03653832,clonidine,critical illness,other,other,cardiac,ambiguous,0,0
NCT03357874,clopidogrel,Acute Coronary Syndrome,other,other,hematologic,ambiguous,0,0
NCT03048825,colchicine,ST Elevation Myocardial Infarction,CLINICAL_EVENT,cardiac,msk,clinical_off_or_other,0,0
NCT03310125,colchicine,atrial fibrillation,other,other,msk,ambiguous,0,0
NCT03025113,cyclobenzaprine,Musculoskeletal Pain,SYMPTOM_SCALE,cns,msk,off_mech,0,0
NCT03379727,cytarabine,Acute Myeloid Leukemia,CLINICAL_EVENT,other,oncology,clinical_off_or_other,0,0
NCT03619213,dapagliflozin,Heart Failure With Preserved Ejection Fraction,CLINICAL_EVENT,cardiac,metabolic,clinical_off_or_other,0,0
NCT03138733,daptomycin,Staphylococcus Aureus Bacteremia,SYMPTOM_SCALE,infection,infection,ambiguous,0,0
NCT03575104,daridorexant,insomnia,ORGAN_FUNCTION,cns,cns,on_mech_surrogate,1,1
NCT03100786,dexamethasone,Tuberculosis; Tuberculous Meningitis; Drug-Induced Liver Injury,CLINICAL_EVENT,cns,derm,clinical_off_or_other,0,0
NCT03396107,dexamethasone,Cesarean Section Complications,CLINICAL_EVENT,respiratory,derm,clinical_off_or_other,0,0
NCT03555929,dexamethasone,Hand Wound; Wrist Wound; Forearm Wound; Hand Fracture; Wrist Fracture; Forearm Fracture,other,cns,derm,off_mech,0,0
NCT03598426,dexamethasone,Hypersensitivity Reactions,other,other,derm,ambiguous,0,0
NCT03718273,digoxin,Atrial Fibrillation; Heart Diseases,other,cardiac,cardiac,ambiguous,0,0
NCT05761418,dinoprostone,uterine fibroids,other,other,endocrine,ambiguous,0,0
NCT03048422,dolutegravir,HIV infection,BIOMARKER,hepatic,infection,off_mech,0,0
NCT03249181,dolutegravir,HIV-1 infection,BIOMARKER,hepatic,infection,off_mech,0,0
NCT03395639,edoxaban,Cardiac Disease,CLINICAL_EVENT,hematologic,hematologic,clinical_on_mech,0,0
NCT03515096,eltrombopag,Thrombocytopenia,SYMPTOM_SCALE,hematologic,hematologic,ambiguous,0,0
NCT03332212,empagliflozin,Heart Failure,other,cardiac,metabolic,off_mech,0,0
NCT03429543,empagliflozin,Diabetes,BIOMARKER,metabolic,metabolic,on_mech_surrogate,1,1
NCT03448406,empagliflozin,Heart Failure,ORGAN_FUNCTION,other,metabolic,ambiguous,0,0
NCT03448419,empagliflozin,Heart Failure,ORGAN_FUNCTION,other,metabolic,ambiguous,0,0
NCT03434197,esflurbiprofen,Osteoarthritis,SYMPTOM_SCALE,cns,msk,off_mech,0,0
NCT03569475,fluoxetine,Major Depressive Disorder,SYMPTOM_SCALE,cns,cns,ambiguous,0,0
NCT03591068,fluticasone propionate,nasal polyps,SYMPTOM_SCALE,other,derm,ambiguous,0,0
NCT03296813,furosemide,heart failure,CLINICAL_EVENT,other,cardiac,clinical_off_or_other,0,0
NCT03449134,gefapixant,chronic cough,BIOMARKER,other,respiratory,ambiguous,0,0
NCT03696108,gefapixant,chronic cough,SYMPTOM_SCALE,other,respiratory,ambiguous,0,0
NCT03126435,gemcitabine,Metastatic Pancreas Cancer; Locally Advanced Pancreatic Cancer; Pancreatic Adenocarcinoma,CLINICAL_EVENT,oncology,oncology,clinical_on_mech,0,0
NCT03377491,gemcitabine,Pancreas Adenocarcinoma,CLINICAL_EVENT,oncology,oncology,clinical_on_mech,0,0
NCT03629925,gemcitabine,NSCLC,CLINICAL_EVENT,oncology,oncology,clinical_on_mech,0,0
NCT04613726,granisetron,"Vomiting, Postoperative; Postoperative Complications; Hypotension",other,other,metabolic,ambiguous,0,0
NCT03509350,hydrocortisone,Sepsis,BIOMARKER,other,metabolic,ambiguous,0,0
NCT03375515,hydromorphone,Severe Cancer,SYMPTOM_SCALE,cns,cns,ambiguous,0,0
NCT03474679,ibrutinib,Graft vs Host Disease,CLINICAL_EVENT,oncology,oncology,clinical_on_mech,0,0
NCT03404518,ibuprofen,"Outpatient Surgery; Pain, Postoperative",SYMPTOM_SCALE,cns,endocrine,off_mech,0,0
NCT03571737,ibuprofen,Acute Musculoskeletal Disease; Sprains; Sprains and Strains; Injuries; Emergencies; Trauma; Acute Pain,BIOMARKER,cns,endocrine,off_mech,0,0
NCT03729973,ketamine,Sore Throat,SYMPTOM_SCALE,cns,cns,ambiguous,0,0
NCT03585374,ketoprofen,Acute Traumatic Pain,SYMPTOM_SCALE,cns,msk,off_mech,0,0
NCT03485625,ketorolac,pain,other,other,sensory,ambiguous,0,0
NCT03311945,lamivudine,HIV-1 infection,CLINICAL_EVENT,infection,infection,clinical_on_mech,0,0
NCT03517449,lenvatinib,Advanced Endometrial Cancer,CLINICAL_EVENT,oncology,oncology,clinical_on_mech,0,0
NCT03443869,letermovir,CMV Disease,other,other,infection,ambiguous,0,0
NCT02912988,letrozole,Subfertility,other,other,oncology,ambiguous,0,0
NCT03750786,leucovorin,Advanced Colorectal Cancer,other,oncology,unk,off_mech,0,0
NCT03898622,levothyroxine,TSH Control in Patients With Chronic Kidney Disease,other,renal,cardiac,off_mech,0,0
NCT03583333,linezolid,bacterial pneumonia,CLINICAL_EVENT,other,infection,clinical_off_or_other,0,0
NCT03719313,lonafarnib,Hepatitis Delta Virus,CLINICAL_EVENT,oncology,metabolic,clinical_off_or_other,0,0
NCT02705573,mannitol,"Kidney Transplantation, Mannitol",other,renal,hematologic,off_mech,0,0
NCT03505489,mannitol,asthma,ORGAN_FUNCTION,respiratory,hematologic,off_mech,0,0
NCT03529123,metformin,Type 2 Diabetes,BIOMARKER,metabolic,metabolic,on_mech_surrogate,1,1
NCT03841591,metformin,Diabetes,other,hepatic,metabolic,off_mech,0,0
NCT05451147,metformin,Diabetes Mellitus,other,other,metabolic,ambiguous,0,0
NCT03794505,methylprednisolone acetate,Shoulder Arthritis,SYMPTOM_SCALE,cns,unk,off_mech,0,0
NCT03729362,miglustat,late-onset Pompe disease,ORGAN_FUNCTION,respiratory,metabolic,off_mech,0,0
NCT03129646,miltefosine,visceral Leishmaniasis,CLINICAL_EVENT,other,infection,clinical_off_or_other,0,0
NCT03825887,nalbuphine,Mucositis Pain,SYMPTOM_SCALE,cns,cns,ambiguous,0,0
NCT03542552,nifedipine,Placenta previa,other,hepatic,cardiac,off_mech,0,0
NCT03598270,niraparib,Ovarian Cancer,CLINICAL_EVENT,oncology,oncology,clinical_on_mech,0,0
NCT03336619,nitazoxanide,Influenza,SYMPTOM_SCALE,other,infection,ambiguous,0,0
NCT03605862,nitazoxanide,Enterovirus; Rhinovirus,SYMPTOM_SCALE,other,infection,ambiguous,0,0
NCT03367572,olanzapine,Breast Cancer,SYMPTOM_SCALE,other,cns,ambiguous,0,0
NCT03286842,olaparib,Metastatic Breast Cancer,CLINICAL_EVENT,oncology,oncology,clinical_on_mech,0,0
NCT03402841,olaparib,Ovarian Cancer,CLINICAL_EVENT,oncology,oncology,clinical_on_mech,0,0
NCT03555188,ondansetron,IBS - Irritable Bowel Syndrome,SYMPTOM_SCALE,cns,metabolic,off_mech,0,0
NCT03440385,ozanimod,Crohn disease,CLINICAL_EVENT,metabolic,oncology,clinical_off_or_other,0,0
NCT03296163,paclitaxel,Lung Cancer,other,oncology,oncology,ambiguous,0,0
NCT03337724,paclitaxel,Breast Cancer,CLINICAL_EVENT,oncology,oncology,clinical_on_mech,0,0
NCT03493854,paclitaxel,Breast Cancer,BIOMARKER,other,oncology,ambiguous,0,0
NCT03556358,paclitaxel,Breast Cancer,other,oncology,oncology,ambiguous,0,0
NCT03594747,paclitaxel,Advanced Lung Cancer,CLINICAL_EVENT,oncology,oncology,clinical_on_mech,0,0
NCT03603184,paclitaxel,Endometrial Cancer,CLINICAL_EVENT,oncology,oncology,clinical_on_mech,0,0
NCT03635489,paclitaxel,Primary Peritoneal Cancer,CLINICAL_EVENT,oncology,oncology,clinical_on_mech,0,0
NCT03635567,paclitaxel,Metastatic Cervical Cancer,CLINICAL_EVENT,oncology,oncology,clinical_on_mech,0,0
NCT03866993,paclitaxel,Lung Cancer,CLINICAL_EVENT,oncology,oncology,clinical_on_mech,0,0
NCT03374800,pantoprazole,"Gastrointestinal Hemorrhage (Clinically Important, Upper)",other,other,metabolic,ambiguous,0,0
NCT03660059,peficitinib,Rheumatoid Arthritis,BIOMARKER,oncology,oncology,on_mech_surrogate,1,1
NCT03607539,pemetrexed,NSCLC,CLINICAL_EVENT,oncology,oncology,clinical_on_mech,0,0
NCT03663205,pemetrexed,Lung Cancer,CLINICAL_EVENT,oncology,oncology,clinical_on_mech,0,0
NCT03575052,pimavanserin,neuropsychiatric symptoms of neurodegenerative disease,other,other,cns,ambiguous,0,0
NCT03623321,pimavanserin,neuropsychiatric symptoms of neurodegenerative disease,other,other,cns,ambiguous,0,0
NCT01519154,propofol,sedation,SYMPTOM_SCALE,other,cns,ambiguous,0,0
NCT03674008,propofol,Sedation or Anesthesia,other,other,cns,ambiguous,0,0
NCT03779061,propofol,sedation,other,other,cns,ambiguous,0,0
NCT04034771,propofol,traumatic brain injury,BIOMARKER,other,cns,ambiguous,0,0
NCT03661489,remimazolam,"Anesthesia, Intravenous",other,other,cns,ambiguous,0,0
NCT03347344,riluzole,spinocerebellar ataxia type 2,SYMPTOM_SCALE,other,cns,ambiguous,0,0
NCT03461757,rimegepant,migraine,BIOMARKER,cns,cns,on_mech_surrogate,1,1
NCT03387670,simvastatin,Multiple Sclerosis,SYMPTOM_SCALE,other,cardiac,ambiguous,0,0
NCT05576675,sufentanil,Gastrointestinal Surgery,CLINICAL_EVENT,other,cns,clinical_off_or_other,0,0
NCT02802501,tafenoquine,malaria,CLINICAL_EVENT,other,infection,clinical_off_or_other,0,0
NCT03354039,tamoxifen,Duchenne Muscular Dystrophy,SYMPTOM_SCALE,other,oncology,ambiguous,0,0
NCT03427125,tenapanor,hyperphosphatemia,BIOMARKER,other,metabolic,ambiguous,0,0
NCT03354429,ticagrelor,Acute Ischaemic Stroke; Transient Ischaemic Attack,CLINICAL_EVENT,cns,hematologic,clinical_off_or_other,0,0
NCT03486457,tofacitinib,Psoriatic Arthritis,BIOMARKER,cns,oncology,off_mech,0,0
NCT03502616,tofacitinib,Ankylosing Spondylitis,BIOMARKER,cns,oncology,off_mech,0,0
NCT03255226,tolvaptan,Pediatric Congestive Heart Failure (CHF) Patients With Volume Overload,BIOMARKER,metabolic,cardiac,off_mech,0,1
NCT03088813,topotecan,Lung Cancer,CLINICAL_EVENT,other,oncology,clinical_off_or_other,0,0
NCT03551626,trametinib,Malignant Melanoma,CLINICAL_EVENT,other,oncology,clinical_off_or_other,0,0
NCT02775773,tranexamic acid,Post Partum Haemorrhage,other,other,hematologic,ambiguous,0,0
NCT03364491,tranexamic acid,Obstetrical Complications; Hemorrhage; Labor and Delivery,CLINICAL_EVENT,hepatic,hematologic,clinical_off_or_other,0,0
NCT03463993,tranexamic acid,Post Partum Hemorrhage,other,other,hematologic,ambiguous,0,0
NCT03505723,tranexamic acid,Perioperative Bleeding; Venous Thrombosis; Arterial Thrombosis,CLINICAL_EVENT,other,hematologic,clinical_off_or_other,0,0
NCT03565276,tranexamic acid,Post Partum Hemorrhage,BIOMARKER,other,hematologic,ambiguous,0,0
NCT03846973,tranexamic acid,Tranexamic Acid,CLINICAL_EVENT,other,hematologic,clinical_off_or_other,0,0
NCT03534284,trazodone,Insomnia; End Stage Renal Disease,SYMPTOM_SCALE,other,cns,ambiguous,0,0
NCT02955212,upadacitinib,Rheumatoid Arthritis,BIOMARKER,cns,oncology,off_mech,0,0
NCT03569293,upadacitinib,atopic dermatitis,SYMPTOM_SCALE,other,oncology,ambiguous,0,0
NCT03607422,upadacitinib,atopic dermatitis,SYMPTOM_SCALE,other,oncology,ambiguous,0,0
NCT03653026,upadacitinib,ulcerative colitis,CLINICAL_EVENT,hematologic,oncology,clinical_off_or_other,0,0
NCT03661138,upadacitinib,atopic dermatitis,SYMPTOM_SCALE,other,oncology,ambiguous,0,0
NCT03583372,vibegron,overactive bladder,SYMPTOM_SCALE,other,endocrine,ambiguous,0,0
NCT03232398,warfarin,Acute Myocardial Infarction; Left Ventricular Thrombosis; Anticoagulants and Bleeding Disorders,ORGAN_FUNCTION,cardiac,hematologic,off_mech,0,0
NCT03734016,zanubrutinib,Chronic Lymphocytic Leukemia,other,oncology,oncology,ambiguous,0,0
NCT03465722,avapritinib,GIST,CLINICAL_EVENT,oncology,oncology,clinical_on_mech,0,0
NCT03675737,capecitabine,Stomach Neoplasms,CLINICAL_EVENT,oncology,oncology,clinical_on_mech,0,0
NCT03572933,ganaxolone,CDKL5 deficiency disorder,BIOMARKER,cns,cns,on_mech_surrogate,1,1
NCT03416179,glasdegib,Acute Myeloid Leukemia,CLINICAL_EVENT,oncology,oncology,clinical_on_mech,0,0
NCT03553498,hydromorphone,pain,SYMPTOM_SCALE,cns,cns,ambiguous,0,0
NCT03665779,isosorbide mononitrate,Induction of Labor Affected Fetus / Newborn; Rupture of Membranes Prior to Onset of Labor,other,hepatic,cardiac,off_mech,0,0
NCT03713593,lenvatinib,Advanced Hepatocellular Carcinoma,CLINICAL_EVENT,oncology,oncology,clinical_on_mech,0,0
NCT03422328,macitentan,Pulmonary Arterial Hypertension; Chronic Thromboembolic Pulmonary Hypertension,other,other,cardiac,ambiguous,0,0
NCT03470545,mavacamten,hypertrophic cardiomyopathy,other,cardiac,cardiac,ambiguous,0,0
NCT03219437,methotrexate,Psoriasis,SYMPTOM_SCALE,oncology,oncology,ambiguous,0,0
NCT03691090,paclitaxel,Advanced Esophageal Cancer,other,oncology,oncology,ambiguous,0,0
NCT03515837,pemetrexed,Lung Cancer,CLINICAL_EVENT,oncology,oncology,clinical_on_mech,0,0
NCT03149809,solifenacin,Urinary Symptoms in Parkinson Disease,SYMPTOM_SCALE,other,endocrine,ambiguous,0,0
NCT03334682,spironolactone,acne vulgaris,SYMPTOM_SCALE,other,cardiac,ambiguous,0,0
NCT03492281,vibegron,overactive bladder,other,other,endocrine,ambiguous,0,0
NCT03009981,abiraterone acetate,Relapsed Prostate Cancer,CLINICAL_EVENT,oncology,unk,clinical_off_or_other,0,0
NCT03014167,albendazole,filariasis,BIOMARKER,other,infection,ambiguous,0,0
NCT03137303,albuterol,COPD,CLINICAL_EVENT,respiratory,respiratory,clinical_on_mech,0,0
NCT03185065,amantadine,Multiple Sclerosis,SYMPTOM_SCALE,other,cns,ambiguous,0,0
NCT02924285,amiodarone,Therapy of Premature Ventricular Contractions in Patients With Structural Heart Disease,other,cardiac,cardiac,ambiguous,0,0
NCT02933697,apixaban,Atrial Fibrillation; End-stage Kidney Disease,CLINICAL_EVENT,renal,hematologic,clinical_off_or_other,0,0
NCT03045406,apixaban,With Cancer,CLINICAL_EVENT,hematologic,hematologic,clinical_on_mech,0,0
NCT03080883,apixaban,Secondary Cancer,CLINICAL_EVENT,other,hematologic,clinical_off_or_other,0,0
NCT03123471,apremilast,psoriasis,SYMPTOM_SCALE,oncology,oncology,ambiguous,0,0
NCT03106779,asciminib,Chronic Myelogenous Leukemia,other,other,oncology,ambiguous,0,0
NCT03179631,ataluren,"Muscular Dystrophy, Duchenne; Muscular Dystrophies; Muscular Disorders, Atrophic; Muscular Diseases; Musculoskeletal Disease; Neuromuscular Diseases; Nervous System Diseases; Genetic Diseases, X-Linked; Genetic Diseases, Inborn",ORGAN_FUNCTION,respiratory,msk,off_mech,0,0
NCT03268954,azacitidine,Participants With Higher-Risk Myelodysplastic Syndrome,CLINICAL_EVENT,hematologic,oncology,clinical_off_or_other,0,0
NCT03334396,baricitinib,Atopic Dermatitis,SYMPTOM_SCALE,other,oncology,ambiguous,0,0
NCT03334422,baricitinib,Atopic Dermatitis,SYMPTOM_SCALE,other,oncology,ambiguous,0,0
NCT03337308,bempedoic acid,Hyperlipidemias,BIOMARKER,metabolic,cardiac,off_mech,0,1
NCT03100318,benzbromarone,hyperuricemia,BIOMARKER,other,msk,ambiguous,0,0
NCT03257865,brexpiprazole,bipolar I disorder,BIOMARKER,cns,cns,on_mech_surrogate,1,1
NCT03259555,brexpiprazole,bipolar I disorder,BIOMARKER,cns,cns,on_mech_surrogate,1,1
NCT03287869,brexpiprazole,bipolar I disorder,SYMPTOM_SCALE,other,cns,ambiguous,0,0
NCT03083665,brivaracetam,epilepsy,other,other,cns,ambiguous,0,0
NCT03250377,brivaracetam,epilepsy,SYMPTOM_SCALE,other,cns,ambiguous,0,0
NCT03009500,bupivacaine,Chronic Peripheral Post-traumatic Neuropathic Pain,SYMPTOM_SCALE,cns,cns,ambiguous,0,0
NCT03027661,bupivacaine,Pain,SYMPTOM_SCALE,cns,cns,ambiguous,0,0
NCT02526212,buprenorphine,opioid use disorder,SYMPTOM_SCALE,other,cns,ambiguous,0,0
NCT03232346,buprenorphine,opioid use disorder,other,other,cns,ambiguous,0,0
NCT03006705,capecitabine,Gastric Cancer,CLINICAL_EVENT,other,oncology,clinical_off_or_other,0,0
NCT03084939,capecitabine,Metastatic Breast Cancer,CLINICAL_EVENT,oncology,oncology,clinical_on_mech,0,0
NCT03032380,cefiderocol,Healthcare-associated Pneumonia (HCAP); Hospital Acquired Pneumonia (HAP); Ventilator Associated Pneumonia (VAP),CLINICAL_EVENT,respiratory,infection,clinical_off_or_other,0,0
NCT03269994,cefoxitin,pancreatic cancer,SYMPTOM_SCALE,other,infection,ambiguous,0,0
NCT03294395,ceftriaxone,gonorrhea,SYMPTOM_SCALE,infection,infection,ambiguous,0,0
NCT03396588,clonidine,neonatal abstinence syndrome,BIOMARKER,metabolic,cardiac,off_mech,0,1
NCT02814916,dalbavancin,Methicillin-Resistant Staphylococcus Aureus; Bacterial Infections; Staphylococcal Skin Infections,SYMPTOM_SCALE,other,infection,ambiguous,0,0
NCT02984644,dapagliflozin,Type II; Diabetes,BIOMARKER,metabolic,metabolic,on_mech_surrogate,1,1
NCT03036124,dapagliflozin,Chronic Heart Failure With Reduced Ejection Fraction (HFrEF),CLINICAL_EVENT,cardiac,metabolic,clinical_off_or_other,0,0
NCT03036150,dapagliflozin,Chronic Kidney Disease,CLINICAL_EVENT,renal,metabolic,clinical_off_or_other,0,0
NCT03199053,dapagliflozin,Type 2 Diabetes Mellitus,BIOMARKER,metabolic,metabolic,on_mech_surrogate,1,1
NCT03029208,daprodustat,anemia,other,hematologic,hematologic,ambiguous,0,0
NCT03011905,dexamethasone,"Brachial Plexus Block; Pain, Postoperative",SYMPTOM_SCALE,cns,derm,off_mech,0,0
NCT03029234,dexamethasone,Multiple Myeloma,BIOMARKER,hematologic,derm,off_mech,0,0
NCT03092817,dexamethasone,Tuberculosis; Tuberculous Meningitis; Drug-Induced Liver Injury; HIV; IRIS,CLINICAL_EVENT,oncology,derm,clinical_off_or_other,0,0
NCT03158688,dexamethasone,Multiple Myeloma,CLINICAL_EVENT,hematologic,derm,clinical_off_or_other,0,0
NCT03218553,dexamethasone,Major Non-cardiac Surgery,CLINICAL_EVENT,respiratory,derm,clinical_off_or_other,0,0
NCT03234972,dexamethasone,Multiple Myeloma,CLINICAL_EVENT,hematologic,derm,clinical_off_or_other,0,0
NCT03001661,dinoprostone,Induction of Labor Affected Fetus / Newborn,other,hepatic,endocrine,off_mech,0,0
NCT03067597,dinoprostone,cervical ripening,SYMPTOM_SCALE,hepatic,endocrine,off_mech,0,0
NCT03067727,dinoprostone,cervical ripening,SYMPTOM_SCALE,hepatic,endocrine,off_mech,0,0
NCT02976259,dolutegravir,HIV infection,BIOMARKER,other,infection,ambiguous,0,0
NCT02987530,dolutegravir,HIV-1 infection,BIOMARKER,other,infection,ambiguous,0,0
NCT03122262,dolutegravir,HIV-1 infection,BIOMARKER,other,infection,ambiguous,0,0
NCT03176693,doxazosin,pheochromocytoma and paraganglioma,BIOMARKER,other,cardiac,ambiguous,0,0
NCT02798471,edoxaban,Venous Thromboembolism (VTE); Pulmonary Embolism; Deep Vein Thrombosis (DVT),CLINICAL_EVENT,respiratory,hematologic,clinical_off_or_other,0,0
NCT02866175,edoxaban,Atrial Fibrillation,CLINICAL_EVENT,hematologic,hematologic,clinical_on_mech,0,0
NCT02942576,edoxaban,Atrial Fibrillation,CLINICAL_EVENT,cns,hematologic,clinical_off_or_other,0,0
NCT03244319,edoxaban,MV(Mitral Valve) Repair,other,hematologic,hematologic,ambiguous,0,0
NCT03057951,empagliflozin,Heart Failure,CLINICAL_EVENT,cardiac,metabolic,clinical_off_or_other,0,0
NCT03057977,empagliflozin,Heart Failure,CLINICAL_EVENT,cardiac,metabolic,clinical_off_or_other,0,0
NCT03151343,empagliflozin,Type2 Diabetes Mellitus,other,cardiac,metabolic,off_mech,0,0
NCT03066804,enalapril,Heart Failure With Preserved Ejection Fraction,other,other,cardiac,ambiguous,0,0
NCT03265574,enalapril,Breast Cancer,other,cardiac,cardiac,ambiguous,0,0
NCT03016312,enzalutamide,Prostrate Cancer,CLINICAL_EVENT,oncology,oncology,clinical_on_mech,0,0
NCT03032510,eravacycline,complicated urinary tract infection,SYMPTOM_SCALE,infection,infection,ambiguous,0,0
NCT03264547,eribulin,Breast Cancer,CLINICAL_EVENT,oncology,oncology,clinical_on_mech,0,0
NCT03039192,esketamine,Major Depressive Disorder,BIOMARKER,cns,cns,on_mech_surrogate,1,1
NCT03097133,esketamine,Major Depressive Disorder,BIOMARKER,cns,cns,on_mech_surrogate,1,1
NCT03066778,etoposide,Participants With Extensive Stage Small Cell Lung Cancer,CLINICAL_EVENT,oncology,oncology,clinical_on_mech,0,0
NCT04414800,fentanyl,"Multiple Trauma; Pain, Acute",SYMPTOM_SCALE,cns,cns,ambiguous,0,0
NCT03025308,filgotinib,Rheumatoid Arthritis,other,other,oncology,ambiguous,0,0
NCT03143153,fluorouracil,Esophageal Cancer,CLINICAL_EVENT,oncology,oncology,clinical_on_mech,0,0
NCT04628325,furosemide,congestive heart failure,other,other,cardiac,ambiguous,0,0
NCT03269344,gabapentin,Oropharyngeal Cancer,SYMPTOM_SCALE,cns,cns,ambiguous,0,0
NCT03128515,hydroxyurea,Sickle Cell Anemia; Sickle Cell Disease; Malaria,other,hematologic,oncology,off_mech,0,0
NCT03053440,ibrutinib,Waldenström's Macroglobulinemia,BIOMARKER,other,oncology,ambiguous,0,0
NCT03112174,ibrutinib,Cell Lymphoma,CLINICAL_EVENT,cardiac,oncology,clinical_off_or_other,0,0
NCT02863575,ibuprofen,Pain,SYMPTOM_SCALE,cns,endocrine,off_mech,0,0
NCT04037514,ibuprofen,Patent Ductus Arteriosus After Premature Birth,other,other,endocrine,ambiguous,0,0
NCT03068312,ivacaftor,cystic fibrosis,BIOMARKER,other,respiratory,ambiguous,0,0
NCT03150719,ivacaftor,cystic fibrosis,CLINICAL_EVENT,respiratory,respiratory,clinical_on_mech,0,0
NCT02892916,ketamine,Post Operative Cognitive Dysfunction,SYMPTOM_SCALE,cns,cns,ambiguous,0,0
NCT02920528,ketamine,Treatment of Acute Pain,SYMPTOM_SCALE,cns,cns,ambiguous,0,0
NCT03104140,ketamine,Septic Shock,BIOMARKER,other,cns,ambiguous,0,0
NCT03320486,ketoconazole,tinea pedis,SYMPTOM_SCALE,other,derm,ambiguous,0,0
NCT03050307,lansoprazole,Gastric Ulcer,other,other,metabolic,ambiguous,0,0
NCT03050359,lansoprazole,Duodenal Ulcer,other,other,metabolic,ambiguous,0,0
NCT02966093,lenvatinib,Thyroid Cancer,CLINICAL_EVENT,oncology,oncology,clinical_on_mech,0,0
NCT02818738,levamisole hydrochloride,Maintaining Remission After the First Flare of Steroid Sensitive Nephrotic Syndrome,CLINICAL_EVENT,hematologic,infection,clinical_off_or_other,0,0
NCT03340064,levetiracetam,Partial Seizures,other,cns,cns,ambiguous,0,0
NCT03277690,levoketoconazole,Cushing syndrome,BIOMARKER,other,derm,ambiguous,0,0
NCT02720198,levomilnacipran,Major Depressive Disorder,SYMPTOM_SCALE,cns,cns,ambiguous,0,0
NCT03086486,linezolid,tuberculosis,CLINICAL_EVENT,infection,infection,clinical_on_mech,0,0
NCT03097861,lubiprostone,chronic idiopathic constipation,BIOMARKER,other,metabolic,ambiguous,0,0
NCT03249376,lumateperone,Depression,SYMPTOM_SCALE,cns,cns,ambiguous,0,0
NCT02932410,macitentan,Pulmonary Arterial Hypertension,BIOMARKER,metabolic,cardiac,off_mech,0,1
NCT02927067,maribavir,Cytomegalovirus (CMV),BIOMARKER,other,infection,ambiguous,0,0
NCT03066830,metformin,Type 2 Diabetes Mellitus,BIOMARKER,metabolic,metabolic,on_mech_surrogate,1,1
NCT03130426,metformin,Type 2 Diabetes,CLINICAL_EVENT,metabolic,metabolic,clinical_on_mech,0,0
NCT03214380,metformin,Type 2 Diabetes,BIOMARKER,metabolic,metabolic,on_mech_surrogate,1,1
NCT03268005,metformin,Type 2 Diabetes,BIOMARKER,metabolic,metabolic,on_mech_surrogate,1,1
NCT03309007,metformin,diabetes,SYMPTOM_SCALE,other,metabolic,ambiguous,0,0
NCT02980276,metformin,Reduction of Gestational Diabetes,CLINICAL_EVENT,metabolic,metabolic,clinical_on_mech,0,0
NCT03215056,methoxyflurane,Pain,SYMPTOM_SCALE,cns,cns,ambiguous,0,0
NCT03256903,methoxyflurane,Trauma Pain,SYMPTOM_SCALE,cns,cns,ambiguous,0,0
NCT02700685,methylphenidate,attention deficit hyperactivity disorder,SYMPTOM_SCALE,other,cns,ambiguous,0,0
NCT03229538,methylprednisolone,Congenital Heart Disease in Children; Inflammatory Response,CLINICAL_EVENT,cardiac,endocrine,clinical_off_or_other,0,0
NCT03220958,metoclopramide,Post-Traumatic Headache,SYMPTOM_SCALE,cns,metabolic,off_mech,0,0
NCT03069677,midazolam,Anxiety,BIOMARKER,other,cns,ambiguous,0,0
NCT03031184,mirtazapine,Dementia,SYMPTOM_SCALE,other,cns,ambiguous,0,0
NCT03148574,misoprostol,postpartum hemorrhage,other,other,endocrine,ambiguous,0,0
NCT03085797,mometasone furoate,chronic rhinosinusitis with nasal polyps,SYMPTOM_SCALE,other,derm,ambiguous,0,0
NCT02990286,mycophenolate mofetil,"Lung Disease, Interstitial",CLINICAL_EVENT,respiratory,unk,clinical_off_or_other,0,0
NCT03156452,mycophenolate mofetil,Immune Thrombocytopenia,CLINICAL_EVENT,hematologic,unk,clinical_off_or_other,0,0
NCT03248037,netarsudil,Fuchs' endothelial dystrophy,other,other,sensory,ambiguous,0,0
NCT03091699,nicotine,smoking cessation,other,cns,cns,ambiguous,0,0
NCT02999178,nintedanib,"Lung Diseases, Interstitial",ORGAN_FUNCTION,respiratory,oncology,off_mech,0,0
NCT03313180,nintedanib,"Lung Diseases, Interstitial",other,other,oncology,ambiguous,0,0
NCT03187769,olanzapine,Schizophrenia; Schizophreniform Disorders; Bipolar I Disorder,BIOMARKER,metabolic,cns,off_mech,0,1
NCT03219710,olanzapine,Chemotherapy-induced Nausea and Vomiting,other,other,cns,ambiguous,0,0
NCT03205228,omeprazole,Globus,SYMPTOM_SCALE,other,metabolic,ambiguous,0,0
NCT03352323,oxymetazoline,rosacea,SYMPTOM_SCALE,other,derm,ambiguous,0,0
NCT02898077,paclitaxel,Gastroesophageal Cancer,CLINICAL_EVENT,oncology,oncology,clinical_on_mech,0,0
NCT03036488,paclitaxel,Breast Cancer,other,oncology,oncology,ambiguous,0,0
NCT03038100,paclitaxel,Primary Peritoneal Cancer,CLINICAL_EVENT,oncology,oncology,clinical_on_mech,0,0
NCT03064126,paclitaxel,"Peripheral Artery Disease; Atherosclerosis; Artery Diseases, Peripheral; Plaque, Atherosclerotic; Occlusive Arterial Disease",other,cardiac,oncology,off_mech,0,0
NCT03117049,paclitaxel,Lung Cancer,CLINICAL_EVENT,oncology,oncology,clinical_on_mech,0,0
NCT03125902,paclitaxel,Breast Cancer,CLINICAL_EVENT,oncology,oncology,clinical_on_mech,0,0
NCT03169335,paclitaxel,Lung Cancer,other,oncology,oncology,ambiguous,0,0
NCT03329911,paclitaxel,Lung Cancer,other,oncology,oncology,ambiguous,0,0
NCT03875092,paclitaxel,Lung Cancer,CLINICAL_EVENT,oncology,oncology,clinical_on_mech,0,0
NCT06781073,paclitaxel,Cervical Carcinoma,CLINICAL_EVENT,oncology,oncology,clinical_on_mech,0,0
NCT03312634,palovarotene,fibrodysplasia ossificans progressiva,other,other,msk,ambiguous,0,0
NCT02929563,pantoprazole,Gastrointestinal Hemorrhage,other,other,metabolic,ambiguous,0,0
NCT02864251,pemetrexed,Lung Cancer,CLINICAL_EVENT,oncology,oncology,clinical_on_mech,0,0
NCT03134872,pemetrexed,NSCLC,CLINICAL_EVENT,oncology,oncology,clinical_on_mech,0,0
NCT03065075,phenazopyridine,urinary retention,other,other,endocrine,ambiguous,0,0
NCT03374956,phentermine,Obesity,BIOMARKER,metabolic,metabolic,on_mech_surrogate,1,1
NCT03208933,pirfenidone,Idiopathic Pulmonary Fibrosis,ORGAN_FUNCTION,respiratory,oncology,off_mech,0,0
NCT03232073,ponesimod,Multiple Sclerosis,CLINICAL_EVENT,cns,oncology,clinical_off_or_other,0,0
NCT02961257,prednisone,Prostate Cancer Metastatic,CLINICAL_EVENT,infection,metabolic,clinical_off_or_other,0,0
NCT03070522,prednisone,Cystic Fibrosis Pulmonary Exacerbation,ORGAN_FUNCTION,respiratory,metabolic,off_mech,0,0
NCT03022240,propofol,Cognitive Change; Behavior,SYMPTOM_SCALE,other,cns,ambiguous,0,0
NCT03425474,propofol,sedation,other,other,cns,ambiguous,0,0
NCT02947269,prucalopride,postoperative ileus,SYMPTOM_SCALE,other,metabolic,ambiguous,0,0
NCT03029689,raltegravir,HIV infection,other,infection,infection,ambiguous,0,0
NCT03065309,remifentanil,hypotension,other,other,cns,ambiguous,0,0
NCT03669484,remimazolam,General Anaesthesia,other,other,cns,ambiguous,0,0
NCT03235479,rimegepant,migraine,BIOMARKER,cns,cns,on_mech_surrogate,1,1
NCT03237845,rimegepant,migraine,BIOMARKER,cns,cns,on_mech_surrogate,1,1
NCT03055026,rivaroxaban,Extended Antithrombotic Prophylaxis After Laparoscopic Surgery for Colorectal Cancer,CLINICAL_EVENT,hematologic,hematologic,clinical_on_mech,0,0
NCT03181386,rivaroxaban,Atrial Fibrillation; Periodontal Disease; Hemorrhage,CLINICAL_EVENT,other,hematologic,clinical_off_or_other,0,0
NCT04569279,rivaroxaban,Cerebral Vein Thrombosis,SYMPTOM_SCALE,cns,hematologic,off_mech,0,0
NCT02959476,ropivacaine,Pain,other,other,cns,ambiguous,0,0
NCT02855944,rucaparib,Primary Peritoneal Cancer,CLINICAL_EVENT,oncology,oncology,clinical_on_mech,0,0
NCT02975934,rucaparib,Prostate Cancer,CLINICAL_EVENT,oncology,oncology,clinical_on_mech,0,0
NCT03112603,ruxolitinib,Graft-versus-host Disease (GVHD),SYMPTOM_SCALE,oncology,derm,off_mech,0,0
NCT03110562,selinexor,Multiple Myeloma,CLINICAL_EVENT,hematologic,oncology,clinical_off_or_other,0,0
NCT02713945,simvastatin,Noonan Syndrome,BIOMARKER,metabolic,cardiac,off_mech,0,1
NCT03061214,sitagliptin,Type 2 Diabetes,BIOMARKER,metabolic,metabolic,on_mech_surrogate,1,1
NCT03076112,sitagliptin,Type 2 Diabetes,BIOMARKER,metabolic,metabolic,on_mech_surrogate,1,1
NCT03115112,sitagliptin,Type 2 Diabetes,BIOMARKER,metabolic,metabolic,on_mech_surrogate,1,1
NCT03995485,sofosbuvir,hepatitis C virus infection,other,other,infection,ambiguous,0,0
NCT03242018,sotagliflozin,Type 2 Diabetes,BIOMARKER,metabolic,metabolic,on_mech_surrogate,1,1
NCT03242252,sotagliflozin,Type 2 Diabetes,BIOMARKER,metabolic,metabolic,on_mech_surrogate,1,1
NCT03285594,sotagliflozin,Type 2 Diabetes Mellitus,BIOMARKER,metabolic,metabolic,on_mech_surrogate,1,1
NCT03351478,sotagliflozin,Type 2 Diabetes Mellitus,BIOMARKER,metabolic,metabolic,on_mech_surrogate,1,1
NCT03260894,sunitinib,Renal Cell Carcinoma (RCC),other,oncology,oncology,ambiguous,0,0
NCT03373201,tasimelteon,insomnia,ORGAN_FUNCTION,cns,cns,on_mech_surrogate,1,1
NCT03277248,teriflunomide,Multiple Sclerosis,CLINICAL_EVENT,other,oncology,clinical_off_or_other,0,0
NCT03277261,teriflunomide,Multiple Sclerosis,CLINICAL_EVENT,other,oncology,clinical_off_or_other,0,0
NCT02617290,ticagrelor,Coronary Artery Disease; Myocardial Ischemia; Myocardial Infarction; Stent Thrombosis; Cardiovascular Diseases,CLINICAL_EVENT,cardiac,hematologic,clinical_off_or_other,0,0
NCT02997358,trabectedin,leiomyosarcoma,CLINICAL_EVENT,oncology,oncology,clinical_on_mech,0,0
NCT03290378,tramadol,Pain Management,SYMPTOM_SCALE,cns,cns,ambiguous,0,0
NCT03395808,tramadol,Pain Management,other,other,cns,ambiguous,0,0
NCT03191903,triamcinolone hexacetonide,Osteoarthritis,BIOMARKER,cns,unk,off_mech,0,0
NCT03390036,triamcinolone hexacetonide,Osteoarthritis,SYMPTOM_SCALE,cns,unk,off_mech,0,0
NCT03118297,ulipristal acetate,contraception,SYMPTOM_SCALE,other,unk,ambiguous,0,0
NCT03086343,upadacitinib,Rheumatoid Arthritis,CLINICAL_EVENT,other,oncology,clinical_off_or_other,0,0
NCT03104374,upadacitinib,Psoriatic Arthritis,BIOMARKER,cns,oncology,off_mech,0,0
NCT03104400,upadacitinib,Psoriatic Arthritis,BIOMARKER,cns,oncology,off_mech,0,0
NCT03345836,upadacitinib,Crohn's disease,BIOMARKER,metabolic,oncology,off_mech,0,1
NCT03345849,upadacitinib,Crohn's disease,CLINICAL_EVENT,metabolic,oncology,clinical_off_or_other,0,0
NCT02957786,varenicline,smoking cessation,other,other,cns,ambiguous,0,0
NCT03262662,varenicline,tobacco use disorder,BIOMARKER,other,cns,ambiguous,0,0
NCT02908672,vemurafenib,Advanced Melanoma,CLINICAL_EVENT,oncology,oncology,clinical_on_mech,0,0
NCT03069352,venetoclax,Acute Myeloid Leukemia,CLINICAL_EVENT,oncology,oncology,clinical_on_mech,0,0
NCT03108625,vortioxetine,Major Depressive Disorder,CLINICAL_EVENT,other,cns,clinical_off_or_other,0,0
NCT02901041,zonisamide,alcohol dependence,SYMPTOM_SCALE,other,cns,ambiguous,0,0
NCT03067441,bempedoic acid,Hypercholesterolemia,SYMPTOM_SCALE,other,cardiac,ambiguous,0,0
NCT03275285,dexamethasone,Multiple Myeloma,CLINICAL_EVENT,hematologic,derm,clinical_off_or_other,0,0
NCT02997202,gilteritinib,Acute Myeloid Leukemia,CLINICAL_EVENT,hematologic,oncology,clinical_off_or_other,0,0
NCT02851797,givinostat,Duchenne muscular dystrophy,other,other,msk,ambiguous,0,0
NCT02947347,ibrutinib,Follicular Lymphoma,CLINICAL_EVENT,hematologic,oncology,clinical_off_or_other,0,0
NCT02959944,ibrutinib,Chronic Graft Versus Host Disease,CLINICAL_EVENT,hepatic,oncology,clinical_off_or_other,0,0
NCT02502175,methadone,Medication-assisted Treatment of Opioid Use Disorder,other,other,cns,ambiguous,0,0
NCT02987543,olaparib,Prostate Cancer,CLINICAL_EVENT,oncology,oncology,clinical_on_mech,0,0
NCT02629042,prednisolone,Pulpitis,SYMPTOM_SCALE,cns,sensory,off_mech,0,0
NCT03043157,rocuronium,Muscle Relaxation,other,other,unk,ambiguous,0,0
NCT02964936,roxadustat,chronic kidney disease,other,hematologic,hematologic,ambiguous,0,0
NCT02988973,roxadustat,chronic kidney disease,other,hematologic,hematologic,ambiguous,0,0
NCT03131713,acetaminophen,Non-melanoma Skin Cancer,SYMPTOM_SCALE,cns,cns,ambiguous,0,0
NCT02885636,albuterol,Congestive heart failure,other,cardiac,respiratory,off_mech,0,0
NCT02664649,apixaban,Symptomatic Aortic Stenosis; Eligible for Transcatheter Aortic Valve Replacement,CLINICAL_EVENT,cardiac,hematologic,clinical_off_or_other,0,0
NCT02935530,argatroban,venous thromboembolism,other,other,hematologic,ambiguous,0,0
NCT02662569,atorvastatin,Diabetes,BIOMARKER,other,cardiac,ambiguous,0,0
NCT02679261,atorvastatin,Bicuspid Aortic Valve,other,other,cardiac,ambiguous,0,0
NCT03433196,atorvastatin,Hypercholesterolemia in Coronaory Heart Disease,BIOMARKER,other,cardiac,ambiguous,0,0
NCT02870478,atropine,Myopia,other,other,metabolic,ambiguous,0,0
NCT02723383,baclofen,alcohol use disorder,other,other,msk,ambiguous,0,0
NCT03001076,bempedoic acid,Hypercholesterolemia; Atherosclerosis; Statin Adverse Reaction,BIOMARKER,metabolic,cardiac,off_mech,0,1
NCT02604173,budesonide,Acute Mountain Sickness,SYMPTOM_SCALE,other,metabolic,ambiguous,0,0
NCT02949674,bupivacaine,Pain,SYMPTOM_SCALE,cns,cns,ambiguous,0,0
NCT02634788,buprenorphine,Pain,SYMPTOM_SCALE,cns,cns,ambiguous,0,0
NCT02741791,bupropion,Major Depressive Disorder,SYMPTOM_SCALE,cns,cns,ambiguous,0,0
NCT02617017,buspirone,Parkinson' Disease,SYMPTOM_SCALE,other,cns,ambiguous,0,0
NCT02820987,cefepime,Septic Shock,other,other,infection,ambiguous,0,0
NCT02514278,capecitabine,Organ Preservation in Rectal Cancer,other,other,oncology,ambiguous,0,0
NCT02551237,capecitabine,Advanced Rectal Carcinoma,other,other,oncology,ambiguous,0,0
NCT02700815,capsaicin,Acute Pain,SYMPTOM_SCALE,cns,cns,ambiguous,0,0
NCT02670538,cariprazine,Treatment of the Depressive Episode in Participants With Bipolar I Disorder,BIOMARKER,cns,cns,on_mech_surrogate,1,1
NCT02670551,cariprazine,Depression,BIOMARKER,cns,cns,on_mech_surrogate,1,1
NCT02714595,cefiderocol,Sepsis,SYMPTOM_SCALE,infection,infection,ambiguous,0,0
NCT02659033,cefotaxime,bacterial infection,other,infection,infection,ambiguous,0,0
NCT02688400,celecoxib,Osteoarthritis,SYMPTOM_SCALE,cns,msk,off_mech,0,0
NCT02703363,celecoxib,Depression,SYMPTOM_SCALE,cns,msk,off_mech,0,0
NCT02725411,celecoxib,Low Back Pain,CLINICAL_EVENT,other,msk,clinical_off_or_other,0,0
NCT02754765,clofazimine,"Tuberculosis, Multidrug-Resistant; Infection, Bacterial; Pulmonary Tuberculoses",other,other,infection,ambiguous,0,0
NCT02655965,clonidine,Locoregional Analgesia in Breast Surgery,other,other,cardiac,ambiguous,0,0
NCT02898610,colchicine,stroke,CLINICAL_EVENT,cns,msk,clinical_off_or_other,0,0
NCT02737501,crizotinib,Anaplastic Lymphoma,CLINICAL_EVENT,oncology,oncology,clinical_on_mech,0,0
NCT02913326,dabigatran etexilate,Thromboembolism,CLINICAL_EVENT,respiratory,hematologic,clinical_off_or_other,0,0
NCT02681094,dapagliflozin,Type 2 Diabetes,BIOMARKER,metabolic,metabolic,on_mech_surrogate,1,1
NCT02725593,dapagliflozin,Type 2 Diabetes Mellitus,BIOMARKER,metabolic,metabolic,on_mech_surrogate,1,1
NCT02876835,daprodustat,anemia,CLINICAL_EVENT,cardiac,hematologic,clinical_off_or_other,0,0
NCT02879305,daprodustat,aspergillosis,CLINICAL_EVENT,cardiac,hematologic,clinical_off_or_other,0,0
NCT02634008,dasabuvir,hepatitis C virus infection,SYMPTOM_SCALE,other,infection,ambiguous,0,0
NCT02679573,delafloxacin,Community Acquired Bacterial Pneumonia,SYMPTOM_SCALE,cns,infection,off_mech,0,0
NCT02698514,desflurane,"Anesthesia, General",other,other,cns,ambiguous,0,0
NCT02830243,desflurane,Anesthesia,other,other,cns,ambiguous,0,0
NCT02872389,desflurane,Anesthesia,other,other,cns,ambiguous,0,0
NCT02121262,dexamethasone,Macular Edema,SYMPTOM_SCALE,other,derm,ambiguous,0,0
NCT02767219,dexamethasone,Glaucoma,other,other,derm,ambiguous,0,0
NCT02794441,dexamethasone,Migraine,CLINICAL_EVENT,cns,derm,clinical_off_or_other,0,0
NCT02811978,dexamethasone,Multiple Myeloma,other,hematologic,derm,off_mech,0,0
NCT02904538,dexamethasone,Pain Management After Surgery,other,other,derm,ambiguous,0,0
NCT02873689,dexlansoprazole,Heartburn; Gastroesophageal Reflux Disease,SYMPTOM_SCALE,cardiac,metabolic,off_mech,0,0
NCT02128685,dydrogesterone,threatened miscarriage,other,other,endocrine,ambiguous,0,0
NCT02900378,enalapril,Chronic Heart Failure With Reduced Ejection Fraction,other,other,cardiac,ambiguous,0,0
NCT02677896,enzalutamide,Prostate Cancer,CLINICAL_EVENT,oncology,oncology,clinical_on_mech,0,0
NCT02890173,eplerenone,Essential Hypertension,BIOMARKER,cardiac,cardiac,on_mech_surrogate,1,1
NCT02784704,eravacycline,Complicated Intra-abdominal Infections; Complicated Appendicitis,CLINICAL_EVENT,infection,infection,clinical_on_mech,0,0
NCT02995694,estradiol,Atrophic Vaginitis,other,other,endocrine,ambiguous,0,0
NCT02822144,etomidate,stroke,SYMPTOM_SCALE,other,cns,ambiguous,0,0
NCT02763579,etoposide,Lung Cancer,CLINICAL_EVENT,oncology,oncology,clinical_on_mech,0,0
NCT02634580,ezetimibe,Hypercholesterolemia,BIOMARKER,metabolic,cardiac,off_mech,0,1
NCT02748057,ezetimibe,Hypercholesterolemia; Familial Hypercholesterolemia,SYMPTOM_SCALE,other,cardiac,ambiguous,0,0
NCT02749994,ezetimibe,Hypercholesterolemia,BIOMARKER,metabolic,cardiac,off_mech,0,1
NCT02823353,fenofibrate,primary biliary cirrhosis,other,other,cardiac,ambiguous,0,0
NCT03001817,fenofibrate,severe hypertriglyceridemia,BIOMARKER,metabolic,cardiac,off_mech,0,1
NCT03011450,fenofibrate,severe hypertriglyceridemia,other,other,cardiac,ambiguous,0,0
NCT02880540,fentanyl,Obesity,BIOMARKER,cns,cns,on_mech_surrogate,1,1
NCT03025789,fexinidazole,"Trypanosomiasis, African; Sleeping Sickness; Trypanosomiasis; Gambian",CLINICAL_EVENT,other,infection,clinical_off_or_other,0,0
NCT02873936,filgotinib,Rheumatoid Arthritis,BIOMARKER,cns,oncology,off_mech,0,0
NCT02886728,filgotinib,Rheumatoid Arthritis,BIOMARKER,cns,oncology,off_mech,0,0
NCT02889796,filgotinib,Rheumatoid Arthritis,BIOMARKER,cns,oncology,off_mech,0,0
NCT02914522,filgotinib,ulcerative colitis,BIOMARKER,hematologic,oncology,off_mech,0,0
NCT02914561,filgotinib,Crohn's disease,CLINICAL_EVENT,metabolic,oncology,clinical_off_or_other,0,0
NCT03004469,finasteride,androgenetic alopecia,BIOMARKER,other,endocrine,ambiguous,0,0
NCT02751632,fluoxetine,Psychotic Disorders; Personality Disorders; Clinical High Risk,BIOMARKER,other,cns,ambiguous,0,0
NCT02980133,fluticasone propionate,asthma,ORGAN_FUNCTION,respiratory,derm,off_mech,0,0
NCT02695771,gemcitabine,Urinary Bladder Neoplasms,CLINICAL_EVENT,other,oncology,clinical_off_or_other,0,0
NCT02807636,gemcitabine,Metastatic Urothelial Carcinoma,CLINICAL_EVENT,oncology,oncology,clinical_on_mech,0,0
NCT02993731,gemcitabine,"Carcinoma, Pancreatic Ductal",CLINICAL_EVENT,oncology,oncology,clinical_on_mech,0,0
NCT02769481,glimepiride,Type 2 Diabetes,BIOMARKER,metabolic,metabolic,on_mech_surrogate,1,1
NCT03062280,hydrocortisone,Congenital Adrenal Hyperplasia,SYMPTOM_SCALE,renal,metabolic,off_mech,0,0
NCT02950051,ibrutinib,Previously Untreated Chronic Lymphocytic Leukemia,other,other,oncology,ambiguous,0,0
NCT03022253,ibuprofen,Patent Ductus Arteriosus,other,other,endocrine,ambiguous,0,0
NCT02597361,irbesartan,"Ehlers-Danlos Syndrome, Vascular Type",CLINICAL_EVENT,other,cardiac,clinical_off_or_other,0,0
NCT02980016,isoniazid,Tuberculosis; HIV,other,other,infection,ambiguous,0,0
NCT02934698,ivacaftor,cystic fibrosis,ORGAN_FUNCTION,respiratory,respiratory,on_mech_surrogate,1,1
NCT02778880,ketamine,Pain; Traumatic Limb Injury,SYMPTOM_SCALE,cns,cns,ambiguous,0,0
NCT02927379,ketamine,Abdominal Cancer,other,other,cns,ambiguous,0,0
NCT03081416,ketamine,Headache; Intranasal Ketamine,SYMPTOM_SCALE,other,cns,ambiguous,0,0
NCT02905045,ketoprofen,Pain Relief,SYMPTOM_SCALE,cns,msk,off_mech,0,0
NCT02905058,ketoprofen,Pain Relief,SYMPTOM_SCALE,cns,msk,off_mech,0,0
NCT02582866,lacosamide,epilepsy,SYMPTOM_SCALE,other,cns,ambiguous,0,0
NCT03419975,latanoprost,open-angle glaucoma,other,other,sensory,ambiguous,0,0
NCT02705534,ledipasvir,Cirrhosis,other,oncology,unk,off_mech,0,0
NCT02783729,lemborexant,insomnia,SYMPTOM_SCALE,cns,cns,ambiguous,0,0
NCT02600923,letrozole,Advanced Breast Cancer,CLINICAL_EVENT,other,oncology,clinical_off_or_other,0,0
NCT03241472,letrozole,Infertility,other,other,oncology,ambiguous,0,0
NCT02578368,leucovorin,gastric cancer,CLINICAL_EVENT,oncology,unk,clinical_off_or_other,0,0
NCT02671383,lopinavir,HIV infection,BIOMARKER,other,unk,ambiguous,0,0
NCT02651155,lubiprostone,constipation,other,other,metabolic,ambiguous,0,0
NCT02695719,lubiprostone,chronic idiopathic constipation,other,other,metabolic,ambiguous,0,0
NCT02729909,lubiprostone,constipation,other,other,metabolic,ambiguous,0,0
NCT02766777,lubiprostone,functional constipation,SYMPTOM_SCALE,other,metabolic,ambiguous,0,0
NCT02931539,maribavir,Cytomegalovirus (CMV),BIOMARKER,other,infection,ambiguous,0,0
NCT02112578,meclizine,Vertigo,SYMPTOM_SCALE,other,respiratory,ambiguous,0,0
NCT02386319,melatonin,Anxiety,BIOMARKER,other,cns,ambiguous,0,0
NCT02536417,melatonin,Delirium,SYMPTOM_SCALE,cns,cns,ambiguous,0,0
NCT02522780,mesalamine,ulcerative colitis,BIOMARKER,hematologic,metabolic,off_mech,0,0
NCT02593097,metformin,Migraine,SYMPTOM_SCALE,cns,metabolic,off_mech,0,0
NCT02752412,metformin,Type 2 Diabetes Mellitus,BIOMARKER,metabolic,metabolic,on_mech_surrogate,1,1
NCT02794792,metformin,Type 2 Diabetes Mellitus,BIOMARKER,metabolic,metabolic,on_mech_surrogate,1,1
NCT02831361,metformin,Type 2 Diabetes Mellitus,BIOMARKER,metabolic,metabolic,on_mech_surrogate,1,1
NCT02926950,metformin,Type 2 Diabetes Mellitus,BIOMARKER,metabolic,metabolic,on_mech_surrogate,1,1
NCT03320694,metformin,Management of Gestational Diabetes,BIOMARKER,metabolic,metabolic,on_mech_surrogate,1,1
NCT03792984,metformin,Polycystic Ovary Syndrome; Vitamin D Deficiency/Insufficiency,other,metabolic,metabolic,ambiguous,0,0
NCT02558010,methadone,Pain,other,other,cns,ambiguous,0,0
NCT02831569,methocarbamol,Pain,other,other,msk,ambiguous,0,0
NCT02634801,methotrexate,Plaque Psoriasis,SYMPTOM_SCALE,other,oncology,ambiguous,0,0
NCT02772965,methotrexate,Pediatric Crohn's Disease,CLINICAL_EVENT,hematologic,oncology,clinical_off_or_other,0,0
NCT03148860,methotrexate,Psoriatic Arthritis,other,other,oncology,ambiguous,0,0
NCT03332719,methotrexate,Rheumatoid Arthritis,CLINICAL_EVENT,other,oncology,clinical_off_or_other,0,0
NCT02346201,methylphenidate,Apathy,SYMPTOM_SCALE,cns,cns,ambiguous,0,0
NCT02650609,methylprednisolone,Chronic Subdural Hematomas,other,other,endocrine,ambiguous,0,0
NCT02666703,methylprednisolone,Cardiopulmonary Bypass,other,other,endocrine,ambiguous,0,0
NCT02887976,methylprednisolone,Prostate Cancer,CLINICAL_EVENT,other,endocrine,clinical_off_or_other,0,0
NCT02985229,mifepristone,medical abortion,other,other,endocrine,ambiguous,0,0
NCT02751931,mirabegron,Neurogenic Detrusor Overactivity,SYMPTOM_SCALE,cns,endocrine,off_mech,0,0
NCT02202967,misoprostol,anemia,other,oncology,endocrine,off_mech,0,0
NCT02758340,misoprostol,Labor pain,other,hepatic,endocrine,off_mech,0,0
NCT02563327,moxifloxacin,Tuberculosis,CLINICAL_EVENT,other,infection,clinical_off_or_other,0,0
NCT02896205,mycophenolate mofetil,Systemic Sclerosis; Scleroderma; Interstitial Lung Disease,ORGAN_FUNCTION,respiratory,unk,off_mech,0,0
NCT02652585,naltrexone,Alcoholism,other,other,cns,ambiguous,0,0
NCT02696434,naltrexone,Use in Conjunction With Buprenorphine in Adults With Opioid Use Disorder,BIOMARKER,other,cns,ambiguous,0,0
NCT02521662,nicotine,smoking cessation,other,other,cns,ambiguous,0,0
NCT02802345,nintedanib,Idiopathic Pulmonary Fibrosis,SYMPTOM_SCALE,respiratory,oncology,off_mech,0,0
NCT03215797,norepinephrine,hypotension,other,respiratory,cardiac,off_mech,0,0
NCT02694328,olanzapine,Schizophrenia,BIOMARKER,metabolic,cns,off_mech,0,1
NCT02861859,olanzapine,Breast Cancer,CLINICAL_EVENT,other,cns,clinical_off_or_other,0,0
NCT02815709,oliceridine,pain,SYMPTOM_SCALE,cns,cns,ambiguous,0,0
NCT02820324,oliceridine,pain,SYMPTOM_SCALE,cns,cns,ambiguous,0,0
NCT02877927,omadacycline,skin and soft tissue Staphylococcus aureus infection,CLINICAL_EVENT,oncology,infection,clinical_off_or_other,0,0
NCT04140058,ondansetron,Hypotension; Nausea; Vomiting,BIOMARKER,cardiac,metabolic,off_mech,0,0
NCT02638337,ospemifene,vaginal dryness,other,other,endocrine,ambiguous,0,0
NCT02754882,paclitaxel,Lung Cancer,other,oncology,oncology,ambiguous,0,0
NCT02775435,paclitaxel,Lung Cancer,CLINICAL_EVENT,oncology,oncology,clinical_on_mech,0,0
NCT02810457,paclitaxel,Lung Cancer,other,oncology,oncology,ambiguous,0,0
NCT03998969,pantoprazole,Esophageal Disease,SYMPTOM_SCALE,other,metabolic,ambiguous,0,0
NCT02578680,pemetrexed,Lung Cancer,CLINICAL_EVENT,oncology,oncology,clinical_on_mech,0,0
NCT02657434,pemetrexed,Lung Cancer,CLINICAL_EVENT,oncology,oncology,clinical_on_mech,0,0
NCT02899299,pemetrexed,Mesothelioma,CLINICAL_EVENT,oncology,oncology,clinical_on_mech,0,0
NCT03950674,pemetrexed,Lung Cancer,CLINICAL_EVENT,oncology,oncology,clinical_on_mech,0,0
NCT02849626,perampanel,epilepsy,other,other,cns,ambiguous,0,0
NCT02407782,permethrin,scabies,other,oncology,infection,off_mech,0,0
NCT01657448,phenazopyridine,dysuria,SYMPTOM_SCALE,other,endocrine,ambiguous,0,0
NCT02806713,phenazopyridine,pain,SYMPTOM_SCALE,other,endocrine,ambiguous,0,0
NCT02970292,pimavanserin,schizophrenia,SYMPTOM_SCALE,cns,cns,ambiguous,0,0
NCT02689778,pirfenidone,diabetic nephropathy,other,renal,oncology,off_mech,0,0
NCT02697331,progesterone,Preterm Birth; Twin Dichorionic Diamniotic Placenta,other,hepatic,endocrine,off_mech,0,0
NCT02736032,progesterone,Infertility,other,other,endocrine,ambiguous,0,0
NCT03043820,raloxifene,schizophrenia,SYMPTOM_SCALE,cns,endocrine,off_mech,0,0
NCT02924727,ramipril,Acute Myocardial Infarction,CLINICAL_EVENT,cardiac,cardiac,clinical_on_mech,0,0
NCT02941926,ribociclib,Breast Cancer,CLINICAL_EVENT,other,unk,clinical_off_or_other,0,0
NCT03020082,ritonavir,Chronic Hepatitis C,other,other,infection,ambiguous,0,0
NCT02833948,rivaroxaban,Aortic Valve Stenosis; Cardiovascular Diseases; Heart Valve Diseases; Ventricular Outflow Obstruction; Thrombosis,other,cardiac,hematologic,off_mech,0,0
NCT02846532,rivaroxaban,Thrombosis,CLINICAL_EVENT,cardiac,hematologic,clinical_off_or_other,0,0
NCT02839642,rivastigmine,Classical progressive supranuclear palsy,other,other,cns,ambiguous,0,0
NCT03480165,ropivacaine,Anesthesia; Functional; Anesthesia,other,other,cns,ambiguous,0,0
NCT02558231,selexipag,Pulmonary Arterial Hypertension,other,cardiac,hematologic,off_mech,0,0
NCT02738879,sitagliptin,Type 2 Diabetes Mellitus,BIOMARKER,metabolic,metabolic,on_mech_surrogate,1,1
NCT02791490,sitagliptin,Type 2 Diabetes Mellitus,BIOMARKER,metabolic,metabolic,on_mech_surrogate,1,1
NCT02684006,sunitinib,Cell Cancer,CLINICAL_EVENT,oncology,oncology,clinical_on_mech,0,0
NCT02750306,suvorexant,Alzheimer's Disease,ORGAN_FUNCTION,cns,cns,on_mech_surrogate,1,1
NCT02791230,tafamidis,transthyretin amyloid cardiomyopathy,CLINICAL_EVENT,cardiac,cns,clinical_off_or_other,0,0
NCT02675998,tenapanor,hyperphosphatemia,other,other,metabolic,ambiguous,0,0
NCT02727751,tenapanor,irritable bowel syndrome,other,other,metabolic,ambiguous,0,0
NCT02964273,tolvaptan,Autosomal Dominant Polycystic Kidney Disease (ADPKD),BIOMARKER,cns,cardiac,off_mech,0,0
NCT02273804,topiramate,Obese Children and Adolescents,BIOMARKER,metabolic,cns,off_mech,0,1
NCT02566993,topotecan,Lung Cancer,CLINICAL_EVENT,oncology,oncology,clinical_on_mech,0,0
NCT02903004,trabectedin,Tube Cancer,CLINICAL_EVENT,oncology,oncology,clinical_on_mech,0,0
NCT02982161,tramadol,Acute Pain,SYMPTOM_SCALE,cns,cns,ambiguous,0,0
NCT02578901,tranexamic acid,Thrombocytopenia,SYMPTOM_SCALE,other,hematologic,ambiguous,0,0
NCT02650791,tranexamic acid,Hematologic Neoplasms,other,other,hematologic,ambiguous,0,0
NCT02702128,tranexamic acid,Peri-operative Hemorrhage or Hematoma; Surgery; Retrognathism,CLINICAL_EVENT,other,hematologic,clinical_off_or_other,0,0
NCT02993341,tranexamic acid,Hip Fracture; Anemia,BIOMARKER,hematologic,hematologic,on_mech_surrogate,1,1
NCT03060889,tranexamic acid,Placenta Previa,other,other,hematologic,ambiguous,0,0
NCT02914509,travoprost,open-angle glaucoma,other,other,sensory,ambiguous,0,0
NCT02556424,triamcinolone,Inflammatory Macular Edema,other,other,endocrine,ambiguous,0,0
NCT02828163,triamcinolone acetonide,pemphigus vulgaris,SYMPTOM_SCALE,other,unk,ambiguous,0,0
NCT02828020,ubrogepant,migraine,SYMPTOM_SCALE,cns,cns,ambiguous,0,0
NCT02867709,ubrogepant,migraine,SYMPTOM_SCALE,cns,cns,ambiguous,0,0
NCT02873221,ubrogepant,migraine,SYMPTOM_SCALE,other,cns,ambiguous,0,0
NCT02706847,upadacitinib,Rheumatoid Arthritis,BIOMARKER,cns,oncology,off_mech,0,0
NCT02706873,upadacitinib,Rheumatoid Arthritis,BIOMARKER,cns,oncology,off_mech,0,0
NCT02706951,upadacitinib,Rheumatoid Arthritis,BIOMARKER,cns,oncology,off_mech,0,0
NCT02680574,vadadustat,anemia,BIOMARKER,cardiac,hematologic,off_mech,0,0
NCT02865850,vadadustat,anemia,BIOMARKER,cardiac,hematologic,off_mech,0,0
NCT02892149,vadadustat,anemia,BIOMARKER,cardiac,hematologic,off_mech,0,0
NCT02736955,valbenazine,Tardive Dyskinesia,CLINICAL_EVENT,other,cns,clinical_off_or_other,0,0
NCT02460900,varenicline,HIV infection,SYMPTOM_SCALE,other,cns,ambiguous,0,0
NCT02755597,venetoclax,Multiple Myeloma,CLINICAL_EVENT,oncology,oncology,clinical_on_mech,0,0
NCT02756611,venetoclax,Chronic Lymphocytic Leukemia,BIOMARKER,hematologic,oncology,off_mech,0,0
NCT02980731,venetoclax,Your Cancer,BIOMARKER,oncology,oncology,on_mech_surrogate,1,1
NCT02861534,vericiguat,heart failure,CLINICAL_EVENT,cardiac,cardiac,clinical_on_mech,0,0
NCT03075241,zolpidem,Sleep Disorder,ORGAN_FUNCTION,cns,cns,on_mech_surrogate,1,1
NCT02900352,zonisamide,alcohol use disorder measurement,other,other,cns,ambiguous,0,0
NCT02732912,zopiclone,sleep disorder,SYMPTOM_SCALE,cns,cns,ambiguous,0,0
NCT03004625,asunaprevir,hepatitis C virus infection,other,other,infection,ambiguous,0,0
NCT02752035,azacitidine,Acute Myeloid Leukemia,CLINICAL_EVENT,oncology,oncology,clinical_on_mech,0,0
NCT02988115,bempedoic acid,Hypercholesterolemia,BIOMARKER,metabolic,cardiac,off_mech,0,1
NCT02991118,bempedoic acid,Hypercholesterolemia,BIOMARKER,metabolic,cardiac,off_mech,0,1
NCT02946073,buprenorphine,Chronic pain,SYMPTOM_SCALE,cns,cns,ambiguous,0,0
NCT03003000,caffeine,Back Pain; Neck Pain,SYMPTOM_SCALE,cns,cns,ambiguous,0,0
NCT02869009,clopidogrel,Ischemic Stroke,other,cns,hematologic,off_mech,0,0
NCT02863328,empagliflozin,Type 2 Diabetes Mellitus,BIOMARKER,metabolic,metabolic,on_mech_surrogate,1,1
NCT02952820,lemborexant,insomnia,other,cns,cns,ambiguous,0,0
NCT02897349,linagliptin,"Diabetes Mellitus, Type 2",BIOMARKER,metabolic,metabolic,on_mech_surrogate,1,1
NCT02697734,osilodrostat,pituitary-dependent Cushing's disease,BIOMARKER,other,endocrine,ambiguous,0,0
NCT03059238,parecoxib sodium,liver cancer,SYMPTOM_SCALE,cns,msk,off_mech,0,0
NCT02611687,pitolisant,narcolepsy without cataplexy,SYMPTOM_SCALE,cns,cns,ambiguous,0,0
NCT02486627,plazomicin,Complicated Urinary Tract Infection; Acute Pyelonephritis,CLINICAL_EVENT,other,infection,clinical_off_or_other,0,0
NCT04486690,propofol,Open Heart Surgery,other,metabolic,cns,off_mech,0,0
NCT03096847,ribociclib,Women and Men With Hormone-receptor Positive Locally Advanced or Metastatic Breast Cancer,other,oncology,unk,off_mech,0,0
NCT02410772,rifapentine,Tuberculosis,CLINICAL_EVENT,respiratory,infection,clinical_off_or_other,0,0
NCT02746185,rivaroxaban,Neoplasm; Venous Thromboembolism,SYMPTOM_SCALE,hematologic,hematologic,ambiguous,0,0
NCT02779764,roxadustat,anemia of chronic kidney disease,other,hematologic,hematologic,ambiguous,0,0
NCT02780141,roxadustat,anemia of chronic kidney disease,other,hematologic,hematologic,ambiguous,0,0
NCT02780726,roxadustat,anemia of chronic kidney disease,other,hematologic,hematologic,ambiguous,0,0
NCT02952092,roxadustat,anemia of chronic kidney disease,other,hematologic,hematologic,ambiguous,0,0
NCT02607865,sitagliptin,Type 2 Diabetes,BIOMARKER,metabolic,metabolic,on_mech_surrogate,1,1
NCT02849080,sitagliptin,Type 2 Diabetes Mellitus,BIOMARKER,metabolic,metabolic,on_mech_surrogate,1,1
NCT02629965,tiotropium,COPD,other,other,unk,ambiguous,0,0
NCT03036813,voxelotor,sickle cell disease,other,other,hematologic,ambiguous,0,0
NCT02503306,avanafil,erectile dysfunction,other,other,endocrine,ambiguous,0,0
NCT02315495,acarbose,Type 2 Diabetes,BIOMARKER,metabolic,metabolic,on_mech_surrogate,1,1
NCT02604342,alectinib,Anaplastic Lymphoma,CLINICAL_EVENT,oncology,oncology,clinical_on_mech,0,0
NCT02437318,alpelisib,Advanced Breast Cancer,CLINICAL_EVENT,oncology,oncology,clinical_on_mech,0,0
NCT03587025,amitriptyline,Prevention of Pain,SYMPTOM_SCALE,cns,cns,ambiguous,0,0
NCT02281929,amoxicillin,Alcoholic Hepatitis; Alcoholic Liver Disease,other,other,infection,ambiguous,0,0
NCT02283294,apixaban,Transient Ischemic Attack; Stroke; Atrial Fibrillation,CLINICAL_EVENT,cns,hematologic,clinical_off_or_other,0,0
NCT02369653,apixaban,With Leukemia,CLINICAL_EVENT,respiratory,hematologic,clinical_off_or_other,0,0
NCT02427126,apixaban,Embolic Stroke of Undetermined Source,CLINICAL_EVENT,oncology,hematologic,clinical_off_or_other,0,0
NCT02585713,apixaban,With Cancer,CLINICAL_EVENT,other,hematologic,clinical_off_or_other,0,0
NCT02496078,asunaprevir,hepatitis C virus infection,other,other,infection,ambiguous,0,0
NCT02522117,atorvastatin,Renal Insufficiency,BIOMARKER,renal,cardiac,off_mech,0,0
NCT02584504,atorvastatin,Hypercholesterolemia,BIOMARKER,other,cardiac,ambiguous,0,0
NCT02586155,atorvastatin,"Diabetes Mellitus, Type 2; Coronary Artery Disease",CLINICAL_EVENT,cardiac,cardiac,clinical_on_mech,0,0
NCT02577406,azacitidine,Acute Myeloid Leukemia,CLINICAL_EVENT,oncology,oncology,clinical_on_mech,0,0
NCT02480764,azilsartan medoxomil,essential hypertension,BIOMARKER,cardiac,cardiac,on_mech_surrogate,1,1
NCT02980562,bisacodyl,inflammatory bowel disease,SYMPTOM_SCALE,other,metabolic,ambiguous,0,0
NCT02194933,brexpiprazole,schizophrenia,BIOMARKER,respiratory,cns,off_mech,0,0
NCT02665273,bupivacaine,migraine,BIOMARKER,cns,cns,on_mech_surrogate,1,1
NCT02752971,bupivacaine,Postoperative Pain,SYMPTOM_SCALE,cns,cns,ambiguous,0,0
NCT02187198,buprenorphine,opioid dependence,other,other,cns,ambiguous,0,0
NCT02191397,bupropion,Major Depressive Disorder,SYMPTOM_SCALE,cns,cns,ambiguous,0,0
NCT03271918,cabergoline,non-functioning pituitary adenoma,other,oncology,endocrine,off_mech,0,0
NCT02395640,capecitabine,Advanced Gastric Cancer,CLINICAL_EVENT,other,oncology,clinical_off_or_other,0,0
NCT02494583,capecitabine,Gastric Adenocarcinoma,CLINICAL_EVENT,oncology,oncology,clinical_on_mech,0,0
NCT02426775,carglumic acid,methylmalonic acidemia or propionic acidemia,other,other,metabolic,ambiguous,0,0
NCT02424461,ceftriaxone,urinary tract infection,other,infection,infection,ambiguous,0,0
NCT02750293,vitamin D3,vitamin D deficiency,BIOMARKER,cardiac,metabolic,off_mech,0,0
NCT02341417,cinacalcet,"Secondary Hyperparathyroidism, Chronic Kidney Disease",other,other,endocrine,ambiguous,0,0
NCT02502032,cisatracurium,fasciculation,other,other,msk,ambiguous,0,0
NCT02628626,clonidine,fecal incontinence,other,other,cardiac,ambiguous,0,0
NCT02217501,clopidogrel,Peripheral Arterial Disease,CLINICAL_EVENT,cns,hematologic,clinical_off_or_other,0,0
NCT02298088,clopidogrel,Acute ST Segment Elevation Myocardial Infarction; Thrombolysis in Myocardial Infarction Flow,other,other,hematologic,ambiguous,0,0
NCT02429271,clopidogrel,Myocardial Infarction; ST Segment Elevation Myocardial Infarction (STEMI),BIOMARKER,other,hematologic,ambiguous,0,0
NCT02545075,dacarbazine,IV Melanoma,CLINICAL_EVENT,other,oncology,clinical_off_or_other,0,0
NCT02319031,daclatasvir,hepatitis C virus infection,other,other,infection,ambiguous,0,0
NCT02596880,daclatasvir,Cirrhosis,other,oncology,infection,off_mech,0,0
NCT03563664,danazol,Unexplained Infertility,SYMPTOM_SCALE,other,endocrine,ambiguous,0,0
NCT02419612,dapagliflozin,Type 2 Diabetes,BIOMARKER,metabolic,metabolic,on_mech_surrogate,1,1
NCT02460978,dapagliflozin,Type 1 Diabetes,BIOMARKER,metabolic,metabolic,on_mech_surrogate,1,1
NCT02518945,dapagliflozin,Type 1 Diabetes,BIOMARKER,metabolic,metabolic,on_mech_surrogate,1,1
NCT02592421,dapagliflozin,Type II Diabetes Mellitus,BIOMARKER,metabolic,metabolic,on_mech_surrogate,1,1
NCT02487563,decitabine,Thrombocytopenia; Hematologic Diseases,BIOMARKER,hematologic,oncology,off_mech,0,0
NCT02322502,desflurane,Anesthesia With Use of LMA (Laryngeal Mask Airway),other,other,cns,ambiguous,0,0
NCT02609802,desflurane,Orthopedic Disorders,other,other,cns,ambiguous,0,0
NCT02412878,dexamethasone,Multiple Myeloma,CLINICAL_EVENT,hematologic,derm,clinical_off_or_other,0,0
NCT02445326,dexamethasone,Chronic Allergic Conjunctivitis,other,other,derm,ambiguous,0,0
NCT02517021,dexamethasone,Chemotherapy-Induced Nausea and Vomiting,CLINICAL_EVENT,other,derm,clinical_off_or_other,0,0
NCT02547623,dexamethasone,Cataract,other,other,derm,ambiguous,0,0
NCT02557035,dexamethasone,Chemotherapy-Induced Nausea and Vomiting,other,other,derm,ambiguous,0,0
NCT02615262,dexamethasone,Cardiac Surgery; Congenital Heart Defects; Cardiopulmonary Bypass,CLINICAL_EVENT,cardiac,derm,clinical_off_or_other,0,0
NCT02698995,dexamethasone,Postoperative Pain,other,other,derm,ambiguous,0,0
NCT02725008,dexamethasone,Pediatric Asthma,CLINICAL_EVENT,respiratory,derm,clinical_off_or_other,0,0
NCT02736175,dexamethasone,Post-Surgical Ocular Pain; Post-Surgical Ocular Inflammation,SYMPTOM_SCALE,other,derm,ambiguous,0,0
NCT02988882,dexamethasone,Chronic Allergic Conjunctivitis,other,other,derm,ambiguous,0,0
NCT03674294,dexamethasone,Gastrointestinal Neoplasms; Chemotherapy-induced Nausea and Vomiting,other,oncology,derm,off_mech,0,0
NCT02476422,diclofenac,Post Operative Dental Pain,BIOMARKER,cns,msk,off_mech,0,0
NCT02335346,duloxetine,Osteoarthritis,SYMPTOM_SCALE,other,cns,ambiguous,0,0
NCT02073682,edoxaban,Venous Thromboembolism (VTE); Deep Vein Thrombosis (DVT); Pulmonary Embolism (PE); Cancer,other,hematologic,hematologic,ambiguous,0,0
NCT02099747,eltrombopag,severe aplastic anemia,other,other,hematologic,ambiguous,0,0
NCT02414958,empagliflozin,Type 1 Diabetes Mellitus,BIOMARKER,metabolic,metabolic,on_mech_surrogate,1,1
NCT02580591,empagliflozin,"Diabetes Mellitus, Type 1",BIOMARKER,metabolic,metabolic,on_mech_surrogate,1,1
NCT02468232,enalapril,Heart Failure With Reduced Ejection Fraction (HF-rEF),CLINICAL_EVENT,cardiac,cardiac,clinical_on_mech,0,0
NCT02534571,epinephrine,Acute Upper Gastrointestinal Bleeding,BIOMARKER,cardiac,respiratory,off_mech,0,0
NCT02354352,eplerenone,Duchenne Muscular Dystrophy,ORGAN_FUNCTION,cardiac,cardiac,on_mech_surrogate,1,1
NCT02417064,esketamine,Depression,BIOMARKER,cns,cns,on_mech_surrogate,1,1
NCT02418585,esketamine,Depression,BIOMARKER,cns,cns,on_mech_surrogate,1,1
NCT02422186,esketamine,Depression,BIOMARKER,cns,cns,on_mech_surrogate,1,1
NCT02493868,esketamine,Relapse Prevention in Adult Participants With Treatment-resistant Depression,CLINICAL_EVENT,cns,cns,clinical_on_mech,0,0
NCT03848234,estradiol,Schizophrenia; Schizoaffective Disorder; Schizophreniform Disorders,SYMPTOM_SCALE,cns,endocrine,off_mech,0,0
NCT02614482,fesoterodine,Overactive Bladder Syndrome,other,other,endocrine,ambiguous,0,0
NCT02446418,fluticasone furoate,Asthma,SYMPTOM_SCALE,respiratory,respiratory,ambiguous,0,0
NCT02502734,fluticasone furoate,asthma,SYMPTOM_SCALE,other,respiratory,ambiguous,0,0
NCT01960075,fosphenytoin,Benzodiazepine Refractory Status Epilepticus,other,cns,cns,ambiguous,0,0
NCT02076412,fostamatinib,immune thrombocytopenia,BIOMARKER,hematologic,hematologic,on_mech_surrogate,1,1
NCT02345681,furosemide,fluid overload,other,other,cardiac,ambiguous,0,0
NCT02480114,gabapentin,Neck Cancer,SYMPTOM_SCALE,cns,cns,ambiguous,0,0
NCT03158376,gabapentin,Chronic Pain,SYMPTOM_SCALE,cns,cns,ambiguous,0,0
NCT02395016,gemcitabine,Metastatic Pancreatic Cancer,CLINICAL_EVENT,oncology,oncology,clinical_on_mech,0,0
NCT02517489,hydrocortisone,Community Acquired Pneumonia,CLINICAL_EVENT,other,metabolic,clinical_off_or_other,0,0
NCT02301156,ibrutinib,Chronic Lymphocytic Leukemia,BIOMARKER,hematologic,oncology,off_mech,0,0
NCT02436668,ibrutinib,Metastatic Pancreatic Adenocarcinoma,CLINICAL_EVENT,oncology,oncology,clinical_on_mech,0,0
NCT02272725,ibuprofen,Acute Kidney Injury; Exercise-associated Hyponatremia; Perceived Exertion,other,renal,endocrine,off_mech,0,0
NCT02330926,ibuprofen,Cachexia in Advanced Cancer,BIOMARKER,metabolic,endocrine,off_mech,0,1
NCT02477007,ibuprofen,Pain; Long-bone Fractures,SYMPTOM_SCALE,cns,endocrine,off_mech,0,0
NCT02385188,imiquimod,extramammary Paget disease,BIOMARKER,hematologic,derm,off_mech,0,0
NCT02394132,imiquimod,lentigo maligna melanoma,CLINICAL_EVENT,other,derm,clinical_off_or_other,0,0
NCT02598505,indacaterol,heart failure,other,other,respiratory,ambiguous,0,0
NCT02361216,ingenol mebutate,actinic keratosis,other,other,derm,ambiguous,0,0
NCT02789033,isosorbide dinitrate,diabetic foot ulcer,BIOMARKER,hepatic,cardiac,off_mech,0,0
NCT02347657,ivacaftor,cystic fibrosis,ORGAN_FUNCTION,respiratory,respiratory,on_mech_surrogate,1,1
NCT02390219,ivacaftor,cystic fibrosis,CLINICAL_EVENT,other,respiratory,clinical_off_or_other,0,0
NCT02392234,ivacaftor,cystic fibrosis,ORGAN_FUNCTION,respiratory,respiratory,on_mech_surrogate,1,1
NCT02412111,ivacaftor,cystic fibrosis,ORGAN_FUNCTION,respiratory,respiratory,on_mech_surrogate,1,1
NCT02516410,ivacaftor,cystic fibrosis,ORGAN_FUNCTION,respiratory,respiratory,on_mech_surrogate,1,1
NCT02556606,ketamine,Treatment Resistant Late-Life Depression,SYMPTOM_SCALE,cns,cns,ambiguous,0,0
NCT02465255,ketorolac,Acute Abdominal Pain,SYMPTOM_SCALE,cns,sensory,off_mech,0,0
NCT02477839,lacosamide,focal epilepsy,other,cns,cns,ambiguous,0,0
NCT02388724,lansoprazole,Erosive Esophagitis,other,other,metabolic,ambiguous,0,0
NCT02388737,lansoprazole,Erosive Esophagitis,CLINICAL_EVENT,other,metabolic,clinical_off_or_other,0,0
NCT02565186,lasmiditan,migraine,other,other,cns,ambiguous,0,0
NCT02322320,lenalidomide,Multiple Myeloma,CLINICAL_EVENT,hematologic,oncology,clinical_off_or_other,0,0
NCT02297438,letrozole,Advanced Breast Cancer,CLINICAL_EVENT,oncology,oncology,clinical_on_mech,0,0
NCT02491320,letrozole,Polycystic Ovary Syndrome,other,other,oncology,ambiguous,0,0
NCT02900105,letrozole,"Azoospermia, Nonobstructive; Oligozoospermia",other,other,oncology,ambiguous,0,0
NCT02545504,leucovorin,gastric adenocarcinoma,CLINICAL_EVENT,oncology,unk,clinical_off_or_other,0,0
NCT02431806,levomilnacipran,Major Depressive Disorder,SYMPTOM_SCALE,cns,cns,ambiguous,0,0
NCT02525016,lidocaine,obesity,BIOMARKER,other,respiratory,ambiguous,0,0
NCT02990364,lidocaine,pain,SYMPTOM_SCALE,metabolic,respiratory,off_mech,0,0
NCT02453555,linagliptin,Type 2 Diabetes Mellitus,BIOMARKER,metabolic,metabolic,on_mech_surrogate,1,1
NCT02851745,linagliptin,Type 2 DiAbetes Mellitus,ORGAN_FUNCTION,cardiac,metabolic,off_mech,0,0
NCT02333799,linezolid,pulmonary tuberculosis,CLINICAL_EVENT,infection,infection,clinical_on_mech,0,0
NCT02363998,lofexidine,opioid withdrawal,SYMPTOM_SCALE,other,cns,ambiguous,0,0
NCT02235909,losartan,Hypertension,BIOMARKER,other,cardiac,ambiguous,0,0
NCT02481947,lubiprostone,chronic idiopathic constipation,other,other,metabolic,ambiguous,0,0
NCT02389621,lusutrombopag,Thrombocytopenia in Patients With Chronic Liver Disease,SYMPTOM_SCALE,hematologic,hematologic,ambiguous,0,0
NCT02558829,macimorelin,growth hormone deficiency,BIOMARKER,other,various,ambiguous,0,0
NCT02197221,melphalan,Multiple Myeloma,other,oncology,oncology,ambiguous,0,0
NCT02522767,mesalamine,ulcerative colitis,BIOMARKER,hematologic,metabolic,off_mech,0,0
NCT02519543,metformin,Bipolar Disorder,BIOMARKER,metabolic,metabolic,on_mech_surrogate,1,1
NCT02551874,metformin,Type 2 Diabetes,BIOMARKER,metabolic,metabolic,on_mech_surrogate,1,1
NCT02586129,metformin,Diabetes,BIOMARKER,metabolic,metabolic,on_mech_surrogate,1,1
NCT02597049,metformin,Type 2 Diabetes Mellitus,BIOMARKER,metabolic,metabolic,on_mech_surrogate,1,1
NCT02638805,metformin,Type 2 Diabetes,SYMPTOM_SCALE,other,metabolic,ambiguous,0,0
NCT02345850,methotrexate,Prevention of Graft-versus-Host Disease,CLINICAL_EVENT,other,oncology,clinical_off_or_other,0,0
NCT02376790,methotrexate,Psoriatic Arthritis,BIOMARKER,cns,oncology,off_mech,0,0
NCT02504268,methotrexate,Rheumatoid Arthritis,BIOMARKER,hematologic,oncology,off_mech,0,0
NCT02553018,methotrexate,Rheumatoid Arthritis,SYMPTOM_SCALE,other,oncology,ambiguous,0,0
NCT02744196,methotrexate,Rheumatoid Arthritis,other,other,oncology,ambiguous,0,0
NCT04108468,methotrexate,Psoriatic Arthritis,SYMPTOM_SCALE,other,oncology,ambiguous,0,0
NCT02604225,methoxyflurane,cancer,SYMPTOM_SCALE,cns,cns,ambiguous,0,0
NCT02319343,methylprednisolone,Osteoarthrosis,other,other,endocrine,ambiguous,0,0
NCT02332603,methylprednisolone,Osteoarthrosis,BIOMARKER,metabolic,endocrine,off_mech,0,1
NCT02332616,methylprednisolone,Osteoarthrosis,BIOMARKER,other,endocrine,ambiguous,0,0
NCT02332629,methylprednisolone,Osteoarthrosis,other,other,endocrine,ambiguous,0,0
NCT03308084,methylprednisolone,Dysphasia,SYMPTOM_SCALE,cns,endocrine,off_mech,0,0
NCT02308007,metronidazole,Vaginal Infection,SYMPTOM_SCALE,infection,derm,off_mech,0,0
NCT02308033,metronidazole,Vaginal Infection,other,infection,derm,off_mech,0,0
NCT02163616,misoprostol,postpartum hemorrhage,other,other,endocrine,ambiguous,0,0
NCT03790371,misoprostol,contraception,other,other,endocrine,ambiguous,0,0
NCT02498509,mometasone furoate,perennial allergic rhinitis,other,other,derm,ambiguous,0,0
NCT02554786,mometasone furoate,asthma,ORGAN_FUNCTION,respiratory,derm,off_mech,0,0
NCT02383589,mycophenolate mofetil,Pemphigus Vulgaris,BIOMARKER,hematologic,unk,off_mech,0,0
NCT02630628,mycophenolate mofetil,Lupus Nephritis,ORGAN_FUNCTION,renal,unk,off_mech,0,0
NCT02505971,nadolol,capillary infantile hemangioma,SYMPTOM_SCALE,oncology,cardiac,off_mech,0,0
NCT02597933,nintedanib,Patients With Scleroderma Related Lung Fibrosis,ORGAN_FUNCTION,respiratory,oncology,off_mech,0,0
NCT02612922,nitazoxanide,Influenza,SYMPTOM_SCALE,infection,infection,ambiguous,0,0
NCT02282020,olaparib,Breast Cancer,other,oncology,oncology,ambiguous,0,0
NCT02484911,olanzapine,Chemotherapy-induced Nausea and Vomiting,other,other,cns,ambiguous,0,0
NCT02634346,olanzapine,Schizophrenia,SYMPTOM_SCALE,cns,cns,ambiguous,0,0
NCT02635984,olanzapine,Complications of Bone Marrow Transplant; Hematologic Neoplasms,SYMPTOM_SCALE,other,cns,ambiguous,0,0
NCT02477644,olaparib,Ovarian Cancer,CLINICAL_EVENT,other,oncology,clinical_off_or_other,0,0
NCT02378480,omadacycline,skin and soft tissue Staphylococcus aureus infection,CLINICAL_EVENT,oncology,infection,clinical_off_or_other,0,0
NCT02531438,omadacycline,Bacterial Pneumonia; Community-Acquired Infections,CLINICAL_EVENT,cns,infection,clinical_off_or_other,0,0
NCT02369159,oseltamivir,Influenza,other,other,infection,ambiguous,0,0
NCT02364999,paclitaxel,NSCLC,CLINICAL_EVENT,oncology,oncology,clinical_on_mech,0,0
NCT02366143,paclitaxel,Lung Cancer,CLINICAL_EVENT,oncology,oncology,clinical_on_mech,0,0
NCT02367794,paclitaxel,Lung Cancer,CLINICAL_EVENT,oncology,oncology,clinical_on_mech,0,0
NCT02501954,paclitaxel,Endometrial Clear Cell Adenocarcinoma; Endometrial Serous Adenocarcinoma; Stage IIIA Uterine Corpus Cancer; Stage IIIB Uterine Corpus Cancer; Stage IIIC Uterine Corpus Cancer; Stage IVA Uterine Corpus Cancer,CLINICAL_EVENT,other,oncology,clinical_off_or_other,0,0
NCT02290327,pantoprazole,Stress Ulcer Prophylaxis,other,other,metabolic,ambiguous,0,0
NCT02367781,pemetrexed,Lung Cancer,CLINICAL_EVENT,oncology,oncology,clinical_on_mech,0,0
NCT02427607,perampanel,epilepsy,CLINICAL_EVENT,oncology,cns,clinical_off_or_other,0,0
NCT02572986,permethrin,scabies,other,other,infection,ambiguous,0,0
NCT02371369,pexidartinib,tenosynovial giant cell tumor,SYMPTOM_SCALE,oncology,oncology,ambiguous,0,0
NCT03650270,phenobarbital,status epilepticus,other,cns,cns,ambiguous,0,0
NCT03141970,prednisolone,Nephrotic Syndrome,CLINICAL_EVENT,renal,sensory,clinical_off_or_other,0,0
NCT03298061,prednisolone,Churg-Strauss Syndrome; Eosinophilic Granulomatosis With Polyangiitis,CLINICAL_EVENT,hepatic,sensory,clinical_off_or_other,0,0
NCT02457221,prednisone,Lupus Nephritis,BIOMARKER,renal,metabolic,off_mech,0,0
NCT02290873,remimazolam,Colonoscopy,other,other,cns,ambiguous,0,0
NCT02296892,remimazolam,Bronchoscopy,other,other,cns,ambiguous,0,0
NCT02532647,remimazolam,Colonoscopy,other,other,cns,ambiguous,0,0
NCT02442284,ribavirin,Cirrhosis,BIOMARKER,other,infection,ambiguous,0,0
NCT02422615,ribociclib,Advanced Breast Cancer,CLINICAL_EVENT,oncology,unk,clinical_off_or_other,0,0
NCT02469155,risperidone,Schizophrenia,SYMPTOM_SCALE,cns,cns,ambiguous,0,0
NCT02164578,rivaroxaban,Type 2 Diabetic Patients,other,other,hematologic,ambiguous,0,0
NCT02486445,rivaroxaban,Deep Venous Thrombosis,CLINICAL_EVENT,other,hematologic,clinical_off_or_other,0,0
NCT02555878,rivaroxaban,Ambulatory Cancer,CLINICAL_EVENT,other,hematologic,clinical_off_or_other,0,0
NCT04122547,roflumilast,bronchiectasis,SYMPTOM_SCALE,respiratory,respiratory,ambiguous,0,0
NCT02408393,ropivacaine,Breast Cancer,SYMPTOM_SCALE,cns,cns,ambiguous,0,0
NCT02410317,ropivacaine,pain,SYMPTOM_SCALE,cns,cns,ambiguous,0,0
NCT02273726,roxadustat,anemia of chronic kidney disease,BIOMARKER,other,hematologic,ambiguous,0,0
NCT02413346,sarecycline,acne vulgaris,other,other,infection,ambiguous,0,0
NCT02471183,selexipag,Pulmonary Arterial Hypertension,SYMPTOM_SCALE,other,hematologic,ambiguous,0,0
NCT01802385,sertraline,Cryptococcal Meningitis; Fungal Meningitis,CLINICAL_EVENT,other,cns,clinical_off_or_other,0,0
NCT02532855,sitagliptin,Type 2 Diabetes Mellitus,BIOMARKER,metabolic,metabolic,on_mech_surrogate,1,1
NCT02536248,sitagliptin,Type 2 Diabetes Mellitus,other,other,metabolic,ambiguous,0,0
NCT02564211,sitagliptin,Type 2 Diabetes Mellitus,SYMPTOM_SCALE,other,metabolic,ambiguous,0,0
NCT02577003,sitagliptin,Type 2 Diabetes Mellitus,ORGAN_FUNCTION,renal,metabolic,off_mech,0,0
NCT02577016,sitagliptin,Type 2 Diabetes Mellitus,ORGAN_FUNCTION,metabolic,metabolic,on_mech_surrogate,1,1
NCT02250807,sofosbuvir,hepatitis C virus infection,other,other,infection,ambiguous,0,0
NCT02384941,sotagliflozin,Type 1 Diabetes Mellitus,BIOMARKER,metabolic,metabolic,on_mech_surrogate,1,1
NCT02421510,sotagliflozin,Type 1 Diabetes Mellitus,BIOMARKER,metabolic,metabolic,on_mech_surrogate,1,1
NCT02531035,sotagliflozin,Type 1 Diabetes,CLINICAL_EVENT,metabolic,metabolic,clinical_on_mech,0,0
NCT02420821,sunitinib,Cell Carcinoma,CLINICAL_EVENT,oncology,oncology,clinical_on_mech,0,0
NCT02216123,tafenoquine,"Malaria, Vivax",other,hematologic,infection,off_mech,0,0
NCT02486653,tamsulosin,Urinary Retention; Urinary Tract Infections,SYMPTOM_SCALE,other,endocrine,ambiguous,0,0
NCT02604446,tapentadol,Pre- and Postoperative Pain,SYMPTOM_SCALE,cns,cns,ambiguous,0,0
NCT03566316,telmisartan,Hypertension With Hyperlipidemia,BIOMARKER,metabolic,cardiac,off_mech,0,1
NCT02621892,tenapanor,irritable bowel syndrome,SYMPTOM_SCALE,cns,metabolic,off_mech,0,0
NCT02686138,tenapanor,irritable bowel syndrome,SYMPTOM_SCALE,cns,metabolic,off_mech,0,0
NCT02354222,teneligliptin,Type 2 Diabetes,BIOMARKER,metabolic,metabolic,on_mech_surrogate,1,1
NCT02354235,teneligliptin,Type 2 Diabetes,BIOMARKER,metabolic,metabolic,on_mech_surrogate,1,1
NCT02567994,teneligliptin,type 2 diabetes mellitus,other,other,metabolic,ambiguous,0,0
NCT02587195,teriflunomide,Multiple Sclerosis,other,other,oncology,ambiguous,0,0
NCT02367105,testosterone,male hypogonadism,SYMPTOM_SCALE,other,endocrine,ambiguous,0,0
NCT02325466,ticagrelor,Type 2 Diabetes,other,other,hematologic,ambiguous,0,0
NCT02675205,ticagrelor,Cerebral Aneurysm,other,other,hematologic,ambiguous,0,0
NCT02518139,tiotropium,Chronic Obstructive Pulmonary Disease,SYMPTOM_SCALE,other,unk,ambiguous,0,0
NCT03803124,tolvaptan,"Polycystic Kidney, Autosomal Dominant",ORGAN_FUNCTION,renal,cardiac,off_mech,0,0
NCT02421588,topotecan,Ovarian Cancer,CLINICAL_EVENT,oncology,oncology,clinical_on_mech,0,0
NCT02481830,topotecan,Lung Cancer,CLINICAL_EVENT,oncology,oncology,clinical_on_mech,0,0
NCT02672527,trabectedin,With Sarcoma,CLINICAL_EVENT,other,oncology,clinical_off_or_other,0,0
NCT02086500,tranexamic acid,Traumatic Hemorrhage,CLINICAL_EVENT,other,hematologic,clinical_off_or_other,0,0
NCT02302456,tranexamic acid,Immediate Postpartum Hemorrhage,CLINICAL_EVENT,other,hematologic,clinical_off_or_other,0,0
NCT02546648,tranexamic acid,Atherosclerotic Disease; Perioperative Bleeding,SYMPTOM_SCALE,other,hematologic,ambiguous,0,0
NCT03469947,tranexamic acid,Hemorrhagic Shock; Trauma Injury,CLINICAL_EVENT,other,hematologic,clinical_off_or_other,0,0
NCT02675426,upadacitinib,Rheumatoid Arthritis,BIOMARKER,cns,oncology,off_mech,0,0
NCT02648347,vadadustat,anemia,BIOMARKER,cardiac,hematologic,off_mech,0,0
NCT02607618,vancomycin,Skin Structures and Soft Tissue Infections,other,oncology,sensory,off_mech,0,0
NCT02372799,vilazodone,Major Depressive Disorder,SYMPTOM_SCALE,cns,cns,ambiguous,0,0
NCT02436239,vilazodone,Major Depressive Disorder,other,other,cns,ambiguous,0,0
NCT02389816,vortioxetine,Major Depressive Disorder,SYMPTOM_SCALE,cns,cns,ambiguous,0,0
NCT02920905,atracurium,postoperative pain,SYMPTOM_SCALE,cns,msk,off_mech,0,0
NCT03687515,budesonide,Chronic Rhinosinusitis With Polyposis,SYMPTOM_SCALE,cns,metabolic,off_mech,0,0
NCT02460419,capecitabine,Metastatic Nasopharyngeal Carcinoma,CLINICAL_EVENT,oncology,oncology,clinical_on_mech,0,0
NCT02551094,colchicine,coronary artery disease,CLINICAL_EVENT,cardiac,msk,clinical_off_or_other,0,0
NCT02476617,dasabuvir,hepatitis C virus infection,BIOMARKER,other,infection,ambiguous,0,0
NCT02582632,dasabuvir,hepatitis C virus infection,other,other,infection,ambiguous,0,0
NCT02989519,dydrogesterone,preterm labor and delivery,other,hepatic,endocrine,off_mech,0,0
NCT02395653,fentanyl,Acute Post-op Pain,BIOMARKER,other,cns,ambiguous,0,0
NCT02059499,fluorouracil,Anal Intraepithelial Neoplasia; High-grade Squamous Intraepithelial Lesion; HIV Infection,BIOMARKER,hepatic,oncology,off_mech,0,0
NCT02523820,fluticasone propionate,stridor,other,other,derm,ambiguous,0,0
NCT02421939,gilteritinib,Acute Myeloid Leukemia,CLINICAL_EVENT,oncology,oncology,clinical_on_mech,0,0
NCT02285062,lenalidomide,cell Lymphoma,CLINICAL_EVENT,hematologic,oncology,clinical_off_or_other,0,0
NCT02570490,linezolid,skin and soft tissue bacterial infection,other,oncology,infection,off_mech,0,0
NCT02491333,metformin,Polycystic Ovary Syndrome; Insulin Resistance,BIOMARKER,other,metabolic,ambiguous,0,0
NCT02297945,metyrapone,Cushing syndrome,BIOMARKER,other,various,ambiguous,0,0
NCT02332447,naloxone,epilepsy,ORGAN_FUNCTION,respiratory,metabolic,off_mech,0,0
NCT02370498,paclitaxel,Gastric Adenocarcinoma; Gastroesophageal Junction Adenocarcinoma,CLINICAL_EVENT,oncology,oncology,clinical_on_mech,0,0
NCT02425644,ponesimod,MUltiple Sclerosis,CLINICAL_EVENT,cns,oncology,clinical_off_or_other,0,0
NCT03349333,pralatrexate,unspecified peripheral T-cell lymphoma,SYMPTOM_SCALE,oncology,oncology,ambiguous,0,0
NCT02492282,propofol,"Anesthesia, General; Anesthesia, Intravenous",other,other,cns,ambiguous,0,0
NCT02442271,ribavirin,hepatitis C virus infection,BIOMARKER,other,infection,ambiguous,0,0
NCT02517528,ribavirin,hepatitis C virus infection,SYMPTOM_SCALE,other,infection,ambiguous,0,0
NCT02609659,ribavirin,hepatitis C virus infection,BIOMARKER,other,infection,ambiguous,0,0
NCT02821169,ropivacaine,Pain,SYMPTOM_SCALE,cns,cns,ambiguous,0,0
NCT02296138,tiotropium,Chronic Obstructive Pulmonary Disease,CLINICAL_EVENT,respiratory,unk,clinical_off_or_other,0,0
NCT02566967,tofacitinib,Rheumatoid Arthritis,BIOMARKER,hematologic,oncology,off_mech,0,0
NCT02600611,vancomycin,Skin Structures and Soft Tissue Infections,other,oncology,sensory,off_mech,0,0
NCT04056754,abiraterone acetate,Prostate Cancer,other,other,unk,ambiguous,0,0
NCT02044380,afatinib,Lung Cancer,other,other,oncology,ambiguous,0,0
NCT02075840,alectinib,Anaplastic Lymphoma,CLINICAL_EVENT,oncology,oncology,clinical_on_mech,0,0
NCT02017171,allopurinol,Type 1 Diabetes,ORGAN_FUNCTION,renal,msk,off_mech,0,0
NCT02132767,amiodarone,atrial fibrillation,CLINICAL_EVENT,other,cardiac,clinical_off_or_other,0,0
NCT02896621,amlodipine,Hypertension; Sleep Apnea,other,other,cardiac,ambiguous,0,0
NCT02066454,apixaban,Myeloma; Venous Thromboembolism,CLINICAL_EVENT,respiratory,hematologic,clinical_off_or_other,0,0
NCT02307513,apremilast,Behcet syndrome,BIOMARKER,other,oncology,ambiguous,0,0
NCT01995266,asunaprevir,hepatitis C virus infection,other,other,infection,ambiguous,0,0
NCT02135029,atorvastatin,Hyperlipidemia,BIOMARKER,metabolic,cardiac,off_mech,0,1
NCT02189837,atorvastatin,Primary Hyperlipidemia and Mixed Dyslipidemia,BIOMARKER,other,cardiac,ambiguous,0,0
NCT02203916,azilsartan medoxomil,essential hypertension,BIOMARKER,cardiac,cardiac,on_mech_surrogate,1,1
NCT02265705,baricitinib,Rheumatoid Arthritis,CLINICAL_EVENT,cns,oncology,clinical_off_or_other,0,0
NCT02139644,beclomethasone dipropionate,asthma,ORGAN_FUNCTION,respiratory,respiratory,on_mech_surrogate,1,1
NCT02130557,bosutinib,Chronic Myelogenous Leukemia,SYMPTOM_SCALE,other,oncology,ambiguous,0,0
NCT02054702,brexpiprazole,schizophrenia,SYMPTOM_SCALE,cns,cns,ambiguous,0,0
NCT02289352,brimonidine,rosacea,SYMPTOM_SCALE,other,sensory,ambiguous,0,0
NCT02087306,brincidofovir,adenovirus infection,CLINICAL_EVENT,other,infection,clinical_off_or_other,0,0
NCT01738178,caffeine,Parkinson's Disease,SYMPTOM_SCALE,other,cns,ambiguous,0,0
NCT02114359,capecitabine,Advanced Gastric Cancer,CLINICAL_EVENT,oncology,oncology,clinical_on_mech,0,0
NCT02253459,capecitabine,Metastatic Breast Cancer,CLINICAL_EVENT,oncology,oncology,clinical_on_mech,0,0
NCT02108366,celecoxib,"Influenza, Human",CLINICAL_EVENT,other,msk,clinical_off_or_other,0,0
NCT02001012,chloroquine,Uncomplicated Knowlesi Malaria,other,other,infection,ambiguous,0,0
NCT02155881,ciclesonide,seasonal allergic rhinitis,SYMPTOM_SCALE,cns,respiratory,off_mech,0,0
NCT02068846,ciprofloxacin,HIV; Salivary Gland Disease; Benign Lymphoepithelial Lesion,other,infection,infection,ambiguous,0,0
NCT02300220,ciprofloxacin,COPD,CLINICAL_EVENT,respiratory,infection,clinical_off_or_other,0,0
NCT02625753,codeine,PRK Post-operative Pain,SYMPTOM_SCALE,cns,cns,ambiguous,0,0
NCT02282098,colchicine,atrial fibrillation,other,other,msk,ambiguous,0,0
NCT02319135,cytarabine,Acute Myeloid Leukemia,CLINICAL_EVENT,oncology,oncology,clinical_on_mech,0,0
NCT01974752,dacarbazine,Metastatic Uveal Melanoma,CLINICAL_EVENT,oncology,oncology,clinical_on_mech,0,0
NCT02032875,daclatasvir,hepatitis C virus infection,BIOMARKER,hepatic,infection,off_mech,0,0
NCT02032888,daclatasvir,hepatitis C virus infection,BIOMARKER,other,infection,ambiguous,0,0
NCT02032901,daclatasvir,hepatitis C virus infection,BIOMARKER,other,infection,ambiguous,0,0
NCT02282709,daclatasvir,hepatitis C virus infection,CLINICAL_EVENT,other,infection,clinical_off_or_other,0,0
NCT02127970,dalbavancin,Cellulitis,other,oncology,infection,off_mech,0,0
NCT02096705,dapagliflozin,Diabetes,BIOMARKER,metabolic,metabolic,on_mech_surrogate,1,1
NCT02229396,dapagliflozin,Diabetes Mellitus,BIOMARKER,metabolic,metabolic,on_mech_surrogate,1,1
NCT02268214,dapagliflozin,Type 1 Diabetes,BIOMARKER,metabolic,metabolic,on_mech_surrogate,1,1
NCT02284893,dapagliflozin,Type 2 Diabetes,BIOMARKER,metabolic,metabolic,on_mech_surrogate,1,1
NCT02383238,dapagliflozin,Diabetes Mellitus Type 2,other,other,metabolic,ambiguous,0,0
NCT02142075,daptomycin,Renal Failure; Critical Care; Gram Positive Bacteria,BIOMARKER,other,infection,ambiguous,0,0
NCT02143570,darifenacin,overactive bladder,SYMPTOM_SCALE,other,endocrine,ambiguous,0,0
NCT02216422,dasabuvir,hepatitis C virus infection,other,other,infection,ambiguous,0,0
NCT02219503,dasabuvir,hepatitis C virus infection,other,infection,infection,ambiguous,0,0
NCT02214407,decitabine,MDS,CLINICAL_EVENT,hematologic,oncology,clinical_off_or_other,0,0
NCT01825512,deferiprone,microcytic anemia with liver iron overload,BIOMARKER,cardiac,various,off_mech,0,0
NCT02035267,deoxycholic acid,submental fat,SYMPTOM_SCALE,other,derm,ambiguous,0,0
NCT01971645,dexamethasone,Knee Injury,SYMPTOM_SCALE,cns,derm,off_mech,0,0
NCT02034019,dexamethasone,Treatment of Ocular Inflammation and Pain,other,other,derm,ambiguous,0,0
NCT02089113,dexamethasone,Post-Surgical Ocular Pain; Post-Surgical Ocular Inflammation,SYMPTOM_SCALE,other,derm,ambiguous,0,0
NCT02136134,dexamethasone,Multiple Myeloma,CLINICAL_EVENT,oncology,derm,clinical_off_or_other,0,0
NCT02215980,dexamethasone,MULTIPLE MYELOMA,CLINICAL_EVENT,other,derm,clinical_off_or_other,0,0
NCT02133105,dobutamine,cardiorenal syndrome,other,renal,cardiac,off_mech,0,0
NCT02248480,duloxetine,Osteoarthritis,SYMPTOM_SCALE,cns,cns,ambiguous,0,0
NCT02014584,dutasteride,alopecia,other,other,endocrine,ambiguous,0,0
NCT02072434,edoxaban,Atrial Fibrillation,CLINICAL_EVENT,cardiac,hematologic,clinical_off_or_other,0,0
NCT02471963,empagliflozin,Diabetes Mellitus Type 2,CLINICAL_EVENT,cardiac,metabolic,clinical_off_or_other,0,0
NCT02288247,enzalutamide,Prostate Cancer,CLINICAL_EVENT,cns,oncology,clinical_off_or_other,0,0
NCT02294461,enzalutamide,Metastatic Prostate Cancer,other,oncology,oncology,ambiguous,0,0
NCT02807298,epinephrine,Irreversible Pulpitis,BIOMARKER,cns,respiratory,off_mech,0,0
NCT01978938,eravacycline,complicated urinary tract infection,SYMPTOM_SCALE,infection,infection,ambiguous,0,0
NCT02226003,ertugliflozin,Type 2 Diabetes Mellitus,BIOMARKER,metabolic,metabolic,on_mech_surrogate,1,1
NCT02157376,esomeprazole,Stress Ulcer Prophylaxis,other,other,metabolic,ambiguous,0,0
NCT02253173,estradiol,Vulvovaginal Atrophy; Menopause; Dyspareunia; Painful Intercourse,other,other,endocrine,ambiguous,0,0
NCT02750917,etoricoxib,pain,other,other,msk,ambiguous,0,0
NCT03288038,ezetimibe,Hypercholesterolemia,BIOMARKER,metabolic,cardiac,off_mech,0,1
NCT02262143,fenofibrate,mixed dyslipidemia,BIOMARKER,metabolic,cardiac,off_mech,0,1
NCT02145975,fentanyl,Postoperative Pain,SYMPTOM_SCALE,cns,cns,ambiguous,0,0
NCT02327936,fesoterodine,Overactive Bladder Syndrome,BIOMARKER,cardiac,endocrine,off_mech,0,0
NCT02683213,fluoxetine,Stroke,SYMPTOM_SCALE,hepatic,cns,off_mech,0,0
NCT04332978,fluticasone propionate,perennial allergic rhinitis,SYMPTOM_SCALE,other,derm,ambiguous,0,0
NCT02077192,fostamatinib,immune thrombocytopenia,BIOMARKER,hematologic,hematologic,on_mech_surrogate,1,1
NCT02076399,fostamatinib,immune thrombocytopenia,BIOMARKER,hematologic,hematologic,on_mech_surrogate,1,1
NCT01964430,gemcitabine,Patients With Resected Pancreatic Cancer,CLINICAL_EVENT,oncology,oncology,clinical_on_mech,0,0
NCT02043288,gemcitabine,Pancreatic Cancer,CLINICAL_EVENT,oncology,oncology,clinical_on_mech,0,0
NCT03766295,gemcitabine,Pancreatic Cancer,CLINICAL_EVENT,oncology,oncology,clinical_on_mech,0,0
NCT01954056,hydrocortisone,"Infant, Newborn, Diseases; Cardiovascular Insufficiency",CLINICAL_EVENT,other,metabolic,clinical_off_or_other,0,0
NCT02095990,hydroquinone,melasma,SYMPTOM_SCALE,other,derm,ambiguous,0,0
NCT01976416,hydroxyurea,Sickle Cell Anemia; Sickle Cell Disease; Malaria,other,infection,oncology,off_mech,0,0
NCT02165397,ibrutinib,Waldenström's Macroglobulinemia,CLINICAL_EVENT,oncology,oncology,clinical_on_mech,0,0
NCT02264574,ibrutinib,Chronic Lymphocytic Leukemia,CLINICAL_EVENT,hematologic,oncology,clinical_off_or_other,0,0
NCT02863718,ibrutinib,Risk of Disease,CLINICAL_EVENT,other,oncology,clinical_off_or_other,0,0
NCT02168842,isradipine,Parkinson Disease,SYMPTOM_SCALE,other,cardiac,ambiguous,0,0
NCT02181413,ixazomib citrate,Multiple Myeloma,CLINICAL_EVENT,hematologic,unk,clinical_off_or_other,0,0
NCT02021240,ketamine,Post-operative Pain,SYMPTOM_SCALE,cns,cns,ambiguous,0,0
NCT01911975,lacosamide,sodium channelopathy-related small fiber neuropathy,SYMPTOM_SCALE,cns,cns,ambiguous,0,0
NCT01964560,lacosamide,epilepsy,SYMPTOM_SCALE,other,cns,ambiguous,0,0
NCT02124564,lacosamide,epilepsy,CLINICAL_EVENT,other,cns,clinical_off_or_other,0,0
NCT02263079,lamivudine,chronic hepatitis B virus infection,other,oncology,infection,off_mech,0,0
NCT01996865,lenalidomide,Cell Lymphoma,CLINICAL_EVENT,oncology,oncology,clinical_on_mech,0,0
NCT02128061,lenalidomide,Diffuse Large B Cell Lymphoma,CLINICAL_EVENT,oncology,oncology,clinical_on_mech,0,0
NCT02137772,letermovir,cytomegalovirus infection,other,infection,infection,ambiguous,0,0
NCT02739516,letrozole,Unexplained Infertility,other,cardiac,oncology,off_mech,0,0
NCT02073773,levodopa,Ischaemic Stroke,SYMPTOM_SCALE,other,cns,ambiguous,0,0
NCT01838551,levoketoconazole,Cushing syndrome,BIOMARKER,metabolic,derm,off_mech,0,1
NCT02217267,lidocaine,peripheral neuropathy,SYMPTOM_SCALE,cns,respiratory,off_mech,0,0
NCT02726737,lidocaine,Local Anesthesia,SYMPTOM_SCALE,other,respiratory,ambiguous,0,0
NCT02284516,lifitegrast,dry eye syndrome,SYMPTOM_SCALE,other,sensory,ambiguous,0,0
NCT02015299,linagliptin,Diabetes,other,other,metabolic,ambiguous,0,0
NCT02066402,linezolid,gram-positive bacterial infections,other,oncology,infection,off_mech,0,0
NCT02008565,loperamide,fecal incontinence,SYMPTOM_SCALE,other,metabolic,ambiguous,0,0
NCT02239380,lorazepam,Status Epilepticus,other,cns,cns,ambiguous,0,0
NCT02232763,losartan,Proteinuria,other,renal,cardiac,off_mech,0,0
NCT02232776,losartan,"Glomerulonephritis, IGA",other,renal,cardiac,off_mech,0,0
NCT02248961,losartan,Arterial Hypertension,BIOMARKER,cardiac,cardiac,on_mech_surrogate,1,1
NCT02138136,lubiprostone,functional constipation,other,other,metabolic,ambiguous,0,0
NCT01955187,methylprednisolone,MEMBRANOUS NEPHROPATHY,ORGAN_FUNCTION,renal,endocrine,off_mech,0,0
NCT02112487,macitentan,Pulmonary Arterial Hypertension,other,respiratory,cardiac,off_mech,0,0
NCT02034162,mebendazole,helminth infection,BIOMARKER,other,infection,ambiguous,0,0
NCT02070757,meropenem,Healthcare-Associated Pneumonia; Ventilator-Associated Pneumonia; Lung Diseases,CLINICAL_EVENT,infection,infection,clinical_on_mech,0,0
NCT03477422,meropenem,Urinary Tract Infection Complicated; Acute Pyelonephritis,SYMPTOM_SCALE,cns,infection,off_mech,0,0
NCT02280629,mesalamine,ulcerative colitis,CLINICAL_EVENT,other,metabolic,clinical_off_or_other,0,0
NCT02040376,metformin,Brain Tumor Treated With Cranial or Cranial-Spinal Radiation,other,other,metabolic,ambiguous,0,0
NCT02045290,metformin,Type 1 Diabetes,BIOMARKER,metabolic,metabolic,on_mech_surrogate,1,1
NCT02058147,metformin,Type 2 Diabetes,BIOMARKER,metabolic,metabolic,on_mech_surrogate,1,1
NCT02152371,metformin,Diabetes,BIOMARKER,metabolic,metabolic,on_mech_surrogate,1,1
NCT01386671,metformin,Type 2 Diabetes,BIOMARKER,metabolic,metabolic,on_mech_surrogate,1,1
NCT02068443,metformin,Type 2 Diabetes Mellitus,BIOMARKER,metabolic,metabolic,on_mech_surrogate,1,1
NCT01987479,methotrexate,Rheumatoid Arthritis,other,other,oncology,ambiguous,0,0
NCT02001987,methotrexate,Rheumatoid Arthritis,BIOMARKER,other,oncology,ambiguous,0,0
NCT02037191,methotrexate,ALOPECIA AREATA,other,other,oncology,ambiguous,0,0
NCT02046603,methotrexate,Rheumatoid Arthritis,BIOMARKER,hematologic,oncology,off_mech,0,0
NCT02046616,methotrexate,Rheumatoid Arthritis,BIOMARKER,other,oncology,ambiguous,0,0
NCT02065713,methotrexate,Psoriatic Arthritis,SYMPTOM_SCALE,other,oncology,ambiguous,0,0
NCT02105636,methotrexate,Neck Carcinoma,CLINICAL_EVENT,oncology,oncology,clinical_on_mech,0,0
NCT02151851,methotrexate,Rheumatoid Arthritis,SYMPTOM_SCALE,cns,oncology,off_mech,0,0
NCT02152696,methotrexate,Persistent Pregnancy of Unknown Location; Ectopic Pregnancy,other,other,oncology,ambiguous,0,0
NCT02196701,methotrexate,Psoriasis,SYMPTOM_SCALE,other,oncology,ambiguous,0,0
NCT02252042,methotrexate,Recurrent or Metastatic Head and Neck Cancer,CLINICAL_EVENT,oncology,oncology,clinical_on_mech,0,0
NCT02277444,methotrexate,"Arthritis, Juvenile",BIOMARKER,other,oncology,ambiguous,0,0
NCT03311425,methylprednisolone,Dysphagia,SYMPTOM_SCALE,other,endocrine,ambiguous,0,0
NCT02096900,midazolam,Parental/Caregiver Anxiety; Child's Anxiety,SYMPTOM_SCALE,other,cns,ambiguous,0,0
NCT02250703,midazolam,Preoperative Sedation,BIOMARKER,cns,cns,on_mech_surrogate,1,1
NCT02325583,midazolam,epilepsy,BIOMARKER,metabolic,cns,off_mech,0,1
NCT02307565,midodrine,spinal cord injury,BIOMARKER,cardiac,cardiac,on_mech_surrogate,1,1
NCT02012491,mifepristone,spontaneous abortion,SYMPTOM_SCALE,other,endocrine,ambiguous,0,0
NCT02011958,miltefosine,visceral Leishmaniasis,other,other,infection,ambiguous,0,0
NCT02193022,miltefosine,post-kala-azar dermal leishmaniasis,other,other,infection,ambiguous,0,0
NCT02045862,mirabegron,Urinary Bladder Overactive; Overactive Bladder; Urgency Incontinence; Urinary Bladder Diseases\Urologic Diseases,SYMPTOM_SCALE,other,endocrine,ambiguous,0,0
NCT02336750,mirtazapine,Breast Cancer,other,other,cns,ambiguous,0,0
NCT02101268,momelotinib,primary myelofibrosis,BIOMARKER,hematologic,oncology,off_mech,0,0
NCT01951885,mycophenolate mofetil,Chronic Myelogenous Leukemia; Acute Lymphoblastic Leukemia; Acute Myeloid Leukemia; Acute Biphenotypic Leukemia; Myelodysplastic Syndrome; Myeloproliferative Neoplasm; Non-Hodgkin Lymphoma; Hodgkins Disease; Chronic Lymphocytic Leukemia; Multiple Myeloma,SYMPTOM_SCALE,other,unk,ambiguous,0,0
NCT02334488,mycophenolic acid,Chronic Kidney Disease,ORGAN_FUNCTION,renal,oncology,off_mech,0,0
NCT01959074,naftopidil,ureteral stent-related symptoms,SYMPTOM_SCALE,other,unk,ambiguous,0,0
NCT02132533,nifedipine,preterm labor and delivery,other,other,cardiac,ambiguous,0,0
NCT02272777,nilotinib,Chronic Myelogenous Leukemia,other,other,oncology,ambiguous,0,0
NCT02323529,nitisinone,tyrosinemia type I,BIOMARKER,other,metabolic,ambiguous,0,0
NCT02479529,norepinephrine,Vasoplegic syndrome,other,other,cardiac,ambiguous,0,0
NCT03106454,norethindrone,contraception,BIOMARKER,other,endocrine,ambiguous,0,0
NCT02116530,olanzapine,With Cancer,SYMPTOM_SCALE,other,cns,ambiguous,0,0
NCT02184195,olaparib,Pancreatic Cancer,CLINICAL_EVENT,oncology,oncology,clinical_on_mech,0,0
NCT02161146,olopatadine,allergic conjunctivitis,SYMPTOM_SCALE,other,respiratory,ambiguous,0,0
NCT03362281,omeprazole,Peptic Ulcer Hemorrhage,other,other,metabolic,ambiguous,0,0
NCT02294058,ozanimod,Multiple Sclerosis,CLINICAL_EVENT,cns,oncology,clinical_off_or_other,0,0
NCT02090764,ozenoxacin,impetigo,SYMPTOM_SCALE,cns,derm,off_mech,0,0
NCT01964391,paclitaxel,Breast Cancer,SYMPTOM_SCALE,other,oncology,ambiguous,0,0
NCT01966471,paclitaxel,Primary Breast Cancer,CLINICAL_EVENT,hepatic,oncology,clinical_off_or_other,0,0
NCT01989676,paclitaxel,Metastatic Breast Cancer,SYMPTOM_SCALE,oncology,oncology,ambiguous,0,0
NCT02032277,paclitaxel,Breast Cancer,other,other,oncology,ambiguous,0,0
NCT02106546,paclitaxel,Lung Cancer,CLINICAL_EVENT,oncology,oncology,clinical_on_mech,0,0
NCT02125344,paclitaxel,Neoadjuvant Treatment of Patients With High-risk Early Breast Cancer,other,oncology,oncology,ambiguous,0,0
NCT02163694,paclitaxel,Breast Cancer,CLINICAL_EVENT,oncology,oncology,clinical_on_mech,0,0
NCT02178956,paclitaxel,Junction Cancer,CLINICAL_EVENT,oncology,oncology,clinical_on_mech,0,0
NCT02194166,paclitaxel,Breast Cancer,SYMPTOM_SCALE,cns,oncology,off_mech,0,0
NCT02214381,paclitaxel,Early Primary Breast Cancer,other,other,oncology,ambiguous,0,0
NCT02305849,peficitinib,Rheumatoid Arthritis,BIOMARKER,cns,oncology,off_mech,0,0
NCT02308163,peficitinib,Rheumatoid Arthritis,BIOMARKER,cns,oncology,off_mech,0,0
NCT02304783,piroxicam,Renal Colic,CLINICAL_EVENT,cns,msk,clinical_off_or_other,0,0
NCT01774838,prasugrel,Acute Coronary Syndrome; Unstable Angina,other,other,hematologic,ambiguous,0,0
NCT02000336,prednisolone,Rheumatoid Arthritis,SYMPTOM_SCALE,other,sensory,ambiguous,0,0
NCT03761225,prednisone,Prostate Cancer,CLINICAL_EVENT,oncology,metabolic,clinical_off_or_other,0,0
NCT02259426,primaquine,malaria,other,other,infection,ambiguous,0,0
NCT02131233,raltegravir,HIV infection,BIOMARKER,other,infection,ambiguous,0,0
NCT03764267,remifentanil,Breast Diseases,SYMPTOM_SCALE,cns,cns,ambiguous,0,0
NCT02006745,ribavirin,HIV infection,other,other,infection,ambiguous,0,0
NCT02023112,ribavirin,hepatitis C virus infection,BIOMARKER,other,infection,ambiguous,0,0
NCT02105701,ribavirin,hepatitis C virus infection,other,other,infection,ambiguous,0,0
NCT03090035,ribavirin,hepatitis C virus infection,other,other,infection,ambiguous,0,0
NCT02278120,ribociclib,Advanced Breast Cancer,CLINICAL_EVENT,oncology,unk,clinical_off_or_other,0,0
NCT02109562,risperidone,Schizophrenia,SYMPTOM_SCALE,cns,cns,ambiguous,0,0
NCT02123524,rivaroxaban,Symptomatic Superficial Vein Thrombosis,CLINICAL_EVENT,respiratory,hematologic,clinical_off_or_other,0,0
NCT02165826,roflumilast,COPD,BIOMARKER,other,respiratory,ambiguous,0,0
NCT02340520,roflumilast,COPD,ORGAN_FUNCTION,respiratory,respiratory,on_mech_surrogate,1,1
NCT02154763,ropivacaine,Bariatric Surgery Candidate,BIOMARKER,cns,cns,on_mech_surrogate,1,1
NCT02256228,ropivacaine,Pain,other,hematologic,cns,off_mech,0,0
NCT02021318,roxadustat,anemia of chronic kidney disease,SYMPTOM_SCALE,other,hematologic,ambiguous,0,0
NCT02052310,roxadustat,anemia of chronic kidney disease,BIOMARKER,other,hematologic,ambiguous,0,0
NCT02174627,roxadustat,anemia,ORGAN_FUNCTION,renal,hematologic,off_mech,0,0
NCT02174731,roxadustat,anemia,BIOMARKER,renal,hematologic,off_mech,0,0
NCT02278341,roxadustat,anemia,other,hematologic,hematologic,ambiguous,0,0
NCT01968213,rucaparib,Ovarian Cancer,CLINICAL_EVENT,oncology,oncology,clinical_on_mech,0,0
NCT02038036,ruxolitinib,Polycythemia Vera,SYMPTOM_SCALE,other,derm,ambiguous,0,0
NCT02087059,ruxolitinib,Primary Myelofibrosis (MF),other,other,derm,ambiguous,0,0
NCT02292446,ruxolitinib,Polycythemia Vera,other,other,derm,ambiguous,0,0
NCT02320149,sarecycline,acne vulgaris,BIOMARKER,oncology,infection,off_mech,0,0
NCT02322866,sarecycline,acne vulgaris,BIOMARKER,oncology,infection,off_mech,0,0
NCT02067949,simvastatin,Critical Illness,CLINICAL_EVENT,other,cardiac,clinical_off_or_other,0,0
NCT02173457,sitagliptin,Type 2 Diabetes,BIOMARKER,metabolic,metabolic,on_mech_surrogate,1,1
NCT02074514,sofosbuvir,hepatitis C virus infection,other,other,infection,ambiguous,0,0
NCT02231749,sunitinib,Cell Carcinoma,other,oncology,oncology,ambiguous,0,0
NCT01824290,tadalafil,"Hypertension, Pulmonary",other,other,endocrine,ambiguous,0,0
NCT02019420,tedizolid phosphate,pneumonia,CLINICAL_EVENT,other,unk,clinical_off_or_other,0,0
NCT02201108,teriflunomide,Multiple Sclerosis,CLINICAL_EVENT,cns,oncology,clinical_off_or_other,0,0
NCT02203253,thalidomide,Neoplasms,other,oncology,oncology,ambiguous,0,0
NCT01930591,ticagrelor,Acute Myocardial Infarction,other,hematologic,hematologic,ambiguous,0,0
NCT01911364,tiotropium,Chronic Obstructive Pulmonary Disease,CLINICAL_EVENT,respiratory,unk,clinical_off_or_other,0,0
NCT01976364,tofacitinib,Psoriatic Arthritis,CLINICAL_EVENT,other,oncology,clinical_off_or_other,0,0
NCT02281552,tofacitinib,Rheumatoid Arthritis,BIOMARKER,hematologic,oncology,off_mech,0,0
NCT02251275,tolvaptan,"Polycystic Kidney, Autosomal Dominant",CLINICAL_EVENT,other,cardiac,clinical_off_or_other,0,0
NCT02201251,topiramate,Epilepsy,BIOMARKER,metabolic,cns,off_mech,0,1
NCT01651182,tranexamic acid,Cancer; Tumour; Surgery,other,other,hematologic,ambiguous,0,0
NCT02125890,tranexamic acid,Abdominal Aortic Aneurysms,other,hematologic,hematologic,ambiguous,0,0
NCT02187120,tranexamic acid,Wounds and Injuries; Acute Coagulopathy,SYMPTOM_SCALE,other,hematologic,ambiguous,0,0
NCT02393300,tranexamic acid,Total Blood Loss,other,other,hematologic,ambiguous,0,0
NCT02022930,triamcinolone acetonide,Osteoarthritis,SYMPTOM_SCALE,other,unk,ambiguous,0,0
NCT02873026,triamcinolone acetonide,ocular trauma,SYMPTOM_SCALE,other,unk,ambiguous,0,0
NCT02207829,umeclidinium,Chronic Obstructive Pulmonary Disease,ORGAN_FUNCTION,respiratory,unk,off_mech,0,0
NCT01987895,vancomycin,Clostridium Difficile Infection,SYMPTOM_SCALE,infection,sensory,off_mech,0,0
NCT02284126,vancomycin,Infection; Surgery; Nervous System Diseases,SYMPTOM_SCALE,infection,sensory,off_mech,0,0
NCT02005471,venetoclax,Chronic Lymphocytic Leukemia,CLINICAL_EVENT,hematologic,oncology,clinical_off_or_other,0,0
NCT02242942,venetoclax,Chronic Lymphocytic Leukemia,CLINICAL_EVENT,hematologic,oncology,clinical_off_or_other,0,0
NCT02105974,vilanterol,Chronic Obstructive Pulmonary Disease,ORGAN_FUNCTION,respiratory,unk,off_mech,0,0
NCT02079727,celecoxib,Knee Osteoarthritis,SYMPTOM_SCALE,other,msk,ambiguous,0,0
NCT02197416,dabigatran etexilate,Venous Thromboembolism; Secondary Prevention,CLINICAL_EVENT,hematologic,hematologic,clinical_on_mech,0,0
NCT02239120,dabigatran etexilate,Stroke; Secondary Prevention,CLINICAL_EVENT,cns,hematologic,clinical_off_or_other,0,0
NCT02207088,dasabuvir,hepatitis C virus infection,BIOMARKER,other,infection,ambiguous,0,0
NCT01984684,delafloxacin,Skin and Subcutaneous Tissue Bacterial Infections; Skin Structures and Soft Tissue Infections,other,oncology,infection,off_mech,0,0
NCT02263326,dolutegravir,HIV infection,CLINICAL_EVENT,other,infection,clinical_off_or_other,0,0
NCT02026349,favipiravir,influenza,SYMPTOM_SCALE,cns,infection,off_mech,0,0
NCT02135419,fluorouracil,Anal Cancer,other,oncology,oncology,ambiguous,0,0
NCT01647932,hydrochlorothiazide,heart failure,CLINICAL_EVENT,metabolic,cardiac,clinical_off_or_other,0,0
NCT02369965,lamivudine,HIV infection,other,other,infection,ambiguous,0,0
NCT02180217,osilodrostat,Cushing syndrome,BIOMARKER,oncology,endocrine,off_mech,0,0
NCT01970371,plazomicin,Bloodstream Infections (BSI) Due to CRE; Hospital-Acquired Bacterial Pneumonia (HABP) Due to CRE; Ventilator-Associated Bacterial Pneumonia (VABP) Due to CRE; Complicated Urinary Tract Infection (cUTI) Due to CRE; Acute Pyelonephritis (AP) Due to CRE,CLINICAL_EVENT,respiratory,infection,clinical_off_or_other,0,0
NCT02830906,ramosetron,Postoperative Nausea and Vomiting,other,other,unk,ambiguous,0,0
NCT02265237,ribavirin,hepatitis C virus infection,BIOMARKER,other,infection,ambiguous,0,0
NCT02254291,sitagliptin,Type 2 Diabetes,SYMPTOM_SCALE,other,metabolic,ambiguous,0,0
NCT01994720,ticagrelor,Acute Ischaemic Stroke; Transient Ischaemic Attack,CLINICAL_EVENT,cns,hematologic,clinical_off_or_other,0,0
NCT02085161,tiotropium,chronic obstructive pulmonary disease,SYMPTOM_SCALE,respiratory,unk,off_mech,0,0
NCT02312440,tranexamic acid,Blood Loss,other,other,hematologic,ambiguous,0,0
NCT02179658,vancomycin,Clostridium Difficile,CLINICAL_EVENT,other,sensory,clinical_off_or_other,0,0
NCT01715285,abiraterone acetate,Prostate Cancer,CLINICAL_EVENT,oncology,unk,clinical_off_or_other,0,0
NCT01606319,acetaminophen,Asthma; Wheezing,CLINICAL_EVENT,respiratory,cns,clinical_off_or_other,0,0
NCT01406080,adapalene,photoaging,other,other,derm,ambiguous,0,0
NCT01809743,adenosine,coronary artery disease,other,other,sensory,ambiguous,0,0
NCT01853826,afatinib,Lung Cancer,other,other,oncology,ambiguous,0,0
NCT01856478,afatinib,Cell Cancer,CLINICAL_EVENT,oncology,oncology,clinical_on_mech,0,0
NCT01953913,afatinib,Lung Cancer,other,other,oncology,ambiguous,0,0
NCT01825031,albendazole,Human Immunodeficiency Virus,CLINICAL_EVENT,other,infection,clinical_off_or_other,0,0
NCT01805726,alfentanil,Bronchoscopy; Conscious Sedation,BIOMARKER,other,cns,ambiguous,0,0
NCT01890122,alogliptin,Type 2 Diabetes,BIOMARKER,metabolic,metabolic,on_mech_surrogate,1,1
NCT01829529,amoxicillin,Healthy,other,other,infection,ambiguous,0,0
NCT02974348,amoxicillin,Drug Resistant Malaria Due to Plasmodium Falciparum,SYMPTOM_SCALE,other,infection,ambiguous,0,0
NCT01780987,apixaban,Deep Vein Thrombosis; Pulmonary Embolism,CLINICAL_EVENT,hematologic,hematologic,clinical_on_mech,0,0
NCT02563704,artesunate,malaria,other,other,infection,ambiguous,0,0
NCT01973049,asunaprevir,hepatitis C virus infection,other,other,infection,ambiguous,0,0
NCT01826487,ataluren,"Muscular Dystrophy, Duchenne; Muscular Dystrophies; Muscular Disorders, Atrophic; Muscular Diseases; Musculoskeletal Diseases; Neuromuscular Diseases; Nervous System Diseases; Genetic Diseases, X-Linked; Genetic Diseases, Inborn",other,other,msk,ambiguous,0,0
NCT02342275,atenolol,hemangioma,other,other,cardiac,ambiguous,0,0
NCT01946815,atorvastatin,Coronary Artery Disease,other,other,cardiac,ambiguous,0,0
NCT01953328,atorvastatin,Hyperlipidemia or Mixed Dyslipidemia at High Risk for Cardiovascular Events,BIOMARKER,metabolic,cardiac,off_mech,0,1
NCT02084069,atorvastatin,Heart Valve Diseases,other,cardiac,cardiac,ambiguous,0,0
NCT01663623,azathioprine,Vasculitis,CLINICAL_EVENT,other,oncology,clinical_off_or_other,0,0
NCT01697267,azathioprine,Anti-Neutrophil Cytoplasmic Antibody-Associated Vasculitis; Microscopic Polyangiitis; Wegener Granulomatosis,CLINICAL_EVENT,other,oncology,clinical_off_or_other,0,0
NCT01721044,baricitinib,Rheumatoid Arthritis,CLINICAL_EVENT,cns,oncology,clinical_off_or_other,0,0
NCT01885078,baricitinib,Rheumatoid Arthritis,CLINICAL_EVENT,other,oncology,clinical_off_or_other,0,0
NCT02031640,beclomethasone dipropionate,asthma,ORGAN_FUNCTION,respiratory,respiratory,on_mech_surrogate,1,1
NCT02548832,berberine,mixed dyslipidemia,BIOMARKER,metabolic,unk,off_mech,0,1
NCT01838941,betaine,peroxisome biogenesis disorder,BIOMARKER,other,metabolic,ambiguous,0,0
NCT01809691,bicalutamide,Metastatic Prostate Cancer,CLINICAL_EVENT,oncology,oncology,clinical_on_mech,0,0
NCT02085252,bicalutamide,Prostate Cancer,SYMPTOM_SCALE,oncology,oncology,ambiguous,0,0
NCT01982240,bisacodyl,chronic idiopathic constipation,other,other,metabolic,ambiguous,0,0
NCT01945294,boceprevir,hepatitis C virus infection,other,infection,infection,ambiguous,0,0
NCT01810380,brexpiprazole,schizophrenia,SYMPTOM_SCALE,cns,cns,ambiguous,0,0
NCT01810783,brexpiprazole,schizophrenia,other,other,cns,ambiguous,0,0
NCT01838681,brexpiprazole,Major Depressive Disorder,BIOMARKER,cns,cns,on_mech_surrogate,1,1
NCT01942733,brexpiprazole,Major Depressive Disorder,ORGAN_FUNCTION,cns,cns,on_mech_surrogate,1,1
NCT01942785,brexpiprazole,Major Depressive Disorder,SYMPTOM_SCALE,other,cns,ambiguous,0,0
NCT02012218,brexpiprazole,Major Depressive Disorder,BIOMARKER,cns,cns,on_mech_surrogate,1,1
NCT02013531,brexpiprazole,Major Depressive Disorder,BIOMARKER,cns,cns,on_mech_surrogate,1,1
NCT02013609,brexpiprazole,Major Depressive Disorder,BIOMARKER,cns,cns,on_mech_surrogate,1,1
NCT02013622,brexpiprazole,schizophrenia,SYMPTOM_SCALE,cns,cns,ambiguous,0,0
NCT01769170,brincidofovir,cytomegalovirus infection,other,infection,infection,ambiguous,0,0
NCT02065219,bupivacaine,Chronic pain,SYMPTOM_SCALE,cns,cns,ambiguous,0,0
NCT02065804,bupivacaine,Chronic pain,SYMPTOM_SCALE,cns,cns,ambiguous,0,0
NCT03013361,bupivacaine,Functional Endoscopic Sinus Surgery (FESS),SYMPTOM_SCALE,other,cns,ambiguous,0,0
NCT01848054,buprenorphine,opioid use disorder,other,other,cns,ambiguous,0,0
NCT01908842,buprenorphine,opioid dependence,SYMPTOM_SCALE,other,cns,ambiguous,0,0
NCT03140449,calcitriol,facial angiofibroma,SYMPTOM_SCALE,oncology,metabolic,off_mech,0,0
NCT01774786,capecitabine,Gastric Cancer,CLINICAL_EVENT,oncology,oncology,clinical_on_mech,0,0
NCT01918852,capecitabine,Colorectal Cancer; Metastases,CLINICAL_EVENT,oncology,oncology,clinical_on_mech,0,0
NCT01996306,capecitabine,Colorectal Neoplasms; Neoplasm Metastasis; Intestinal Neoplasms; Gastrointestinal Neoplasms; Digestive System Neoplasms,CLINICAL_EVENT,oncology,oncology,clinical_on_mech,0,0
NCT01838876,cariprazine,Major Depressive Disorder,SYMPTOM_SCALE,other,cns,ambiguous,0,0
NCT01724450,carvedilol,Breast Cancer; Heart Failure; Cardiotoxicity,ORGAN_FUNCTION,cardiac,cardiac,on_mech_surrogate,1,1
NCT01765296,celecoxib,Osteoarthritis,SYMPTOM_SCALE,cns,msk,off_mech,0,0
NCT01828099,ceritinib,Lung Cancer,CLINICAL_EVENT,oncology,oncology,clinical_on_mech,0,0
NCT01828112,ceritinib,Non-Small Cell Lung Cancer,CLINICAL_EVENT,oncology,oncology,clinical_on_mech,0,0
NCT02644395,chlorthalidone,Hypertension; Kidney Transplantation,other,other,cardiac,ambiguous,0,0
NCT02069990,vitamin D3,vitamin D deficiency,BIOMARKER,other,metabolic,ambiguous,0,0
NCT02087007,cilostazol,vasospastic angina,SYMPTOM_SCALE,cns,hematologic,off_mech,0,0
NCT02094469,cilostazol,vasospastic angina,SYMPTOM_SCALE,cns,hematologic,off_mech,0,0
NCT01896232,cinacalcet,Secondary Hyperparathyroidism; Chronic Kidney Disease,other,other,endocrine,ambiguous,0,0
NCT02481193,cisatracurium,fasciculation,other,other,msk,ambiguous,0,0
NCT01870024,clonazepam,Status Epilepticus; Epilepsy,CLINICAL_EVENT,cns,cns,clinical_on_mech,0,0
NCT02181543,clonidine,Is an Only Child,SYMPTOM_SCALE,cns,cardiac,off_mech,0,0
NCT02324413,clonidine,Negative Behaviour Change,CLINICAL_EVENT,other,cardiac,clinical_off_or_other,0,0
NCT01758614,clopidogrel,Carotid Artery Occlusion; Middle Cerebral Artery Occlusion; Stroke,CLINICAL_EVENT,cns,hematologic,clinical_off_or_other,0,0
NCT01993823,clotrimazole,otomycosis,SYMPTOM_SCALE,other,metabolic,ambiguous,0,0
NCT01843530,cortisone acetate,ACE inhibitor-induced angioedema,SYMPTOM_SCALE,respiratory,sensory,off_mech,0,0
NCT01721772,dacarbazine,Metastatic Melanoma,CLINICAL_EVENT,oncology,oncology,clinical_on_mech,0,0
NCT01763164,dacarbazine,positive Melanoma,CLINICAL_EVENT,oncology,oncology,clinical_on_mech,0,0
NCT01741545,daclatasvir,hepatitis C virus infection,other,other,infection,ambiguous,0,0
NCT01922011,daptomycin,Acute Hematogenous Osteomyelitis,SYMPTOM_SCALE,cns,infection,off_mech,0,0
NCT01811732,delafloxacin,Skin and Subcutaneous Tissue Bacterial Infections,other,other,infection,ambiguous,0,0
NCT01916967,desloratadine,urticaria,SYMPTOM_SCALE,cns,respiratory,off_mech,0,0
NCT02073734,dexamethasone,Pelvic Organ Prolapse; PONV,SYMPTOM_SCALE,cns,derm,off_mech,0,0
NCT02023164,diphenhydramine,Acute Urticaria,SYMPTOM_SCALE,other,derm,ambiguous,0,0
NCT01855919,duloxetine,Back Pain Lower Back Chronic,SYMPTOM_SCALE,cns,cns,ambiguous,0,0
NCT01914666,duloxetine,Back Pain Lower Back Chronic,other,other,cns,ambiguous,0,0
NCT01931475,duloxetine,Osteoarthritis,SYMPTOM_SCALE,cns,cns,ambiguous,0,0
NCT02004522,duvelisib,Chronic Lymphocytic Leukemia; Small Lymphocytic Lymphoma,CLINICAL_EVENT,oncology,oncology,clinical_on_mech,0,0
NCT01483144,eflornithine,Familial adenomatous polyposis,other,other,derm,ambiguous,0,0
NCT01947855,empagliflozin,Type 2 Diabetes Mellitus,BIOMARKER,metabolic,metabolic,on_mech_surrogate,1,1
NCT02003924,enzalutamide,Prostate Cancer,CLINICAL_EVENT,oncology,oncology,clinical_on_mech,0,0
NCT01861015,epinephrine,Uterine Myomas,other,other,respiratory,ambiguous,0,0
NCT01857856,eplerenone,Phospholamban R14del Mutation-related Cardiomyopathy,ORGAN_FUNCTION,cardiac,cardiac,on_mech_surrogate,1,1
NCT01844856,eravacycline,complicated intra-abdominal infection,CLINICAL_EVENT,infection,infection,clinical_on_mech,0,0
NCT01986881,ertugliflozin,Type 2 Diabetes Mellitus,CLINICAL_EVENT,cardiac,metabolic,clinical_off_or_other,0,0
NCT02153567,escitalopram,Dyspepsia; Anxiety; Depression,BIOMARKER,other,cns,ambiguous,0,0
NCT01873079,esomeprazole,Bleeding; ERCP,other,other,metabolic,ambiguous,0,0
NCT01942668,estradiol,Menopause,BIOMARKER,other,endocrine,ambiguous,0,0
NCT01763827,ezetimibe,Hyperlipidemia,BIOMARKER,metabolic,cardiac,off_mech,0,1
NCT01763905,ezetimibe,Hyperlipidemia,BIOMARKER,other,cardiac,ambiguous,0,0
NCT01849068,ezetimibe,Metabolic Syndrome X,BIOMARKER,other,cardiac,ambiguous,0,0
NCT02004899,fentanyl,"Anesthetic, Sedative or Analgesic Complications in Labor or Delivery",SYMPTOM_SCALE,cns,cns,ambiguous,0,0
NCT01503515,fluconazole,Fungal Infection; Hematopoietic and Lymphoid Cell Neoplasm,CLINICAL_EVENT,oncology,infection,clinical_off_or_other,0,0
NCT01806623,fluconazole,Vulvovaginal Candidiasis,other,oncology,infection,off_mech,0,0
NCT01808612,fluoxetine,Major Depressive Disorder,SYMPTOM_SCALE,cns,cns,ambiguous,0,0
NCT01808651,fluoxetine,Major Depressive Disorder,other,other,cns,ambiguous,0,0
NCT01622569,fluticasone propionate,nasal polyps,SYMPTOM_SCALE,other,derm,ambiguous,0,0
NCT01623310,fluticasone propionate,chronic rhinosinusitis with nasal polyps,other,other,derm,ambiguous,0,0
NCT01623323,fluticasone propionate,chronic rhinosinusitis with nasal polyps,other,other,derm,ambiguous,0,0
NCT01624662,fluticasone propionate,nasal polyps,SYMPTOM_SCALE,other,derm,ambiguous,0,0
NCT03359057,folic acid,contraception,BIOMARKER,other,various,ambiguous,0,0
NCT01942135,fulvestrant,Metastatic Breast Cancer,CLINICAL_EVENT,oncology,oncology,clinical_on_mech,0,0
NCT01888497,gabapentin,Healthy,other,cns,cns,ambiguous,0,0
NCT01774721,gefitinib,NSCLC,CLINICAL_EVENT,oncology,oncology,clinical_on_mech,0,0
NCT01850303,gemcitabine,Lung Cancer,CLINICAL_EVENT,oncology,oncology,clinical_on_mech,0,0
NCT01769378,glimepiride,Type 2 Diabetes,BIOMARKER,metabolic,metabolic,on_mech_surrogate,1,1
NCT03088670,gosogliptin,"Diabetes Mellitus, Type 2",BIOMARKER,metabolic,unk,off_mech,0,1
NCT01811459,haloperidol,Delirium,other,cns,cns,ambiguous,0,0
NCT01862302,haloperidol,Postoperative Confusion,SYMPTOM_SCALE,cardiac,cns,off_mech,0,0
NCT02714543,hydrocortisone,Oral SubMucous Fibrosis,SYMPTOM_SCALE,other,metabolic,ambiguous,0,0
NCT01949805,hydroxyurea,Polycythemia Vera,BIOMARKER,hematologic,oncology,off_mech,0,0
NCT01722487,ibrutinib,Chronic Lymphocytic Leukemia; Small Lymphocytic Lymphoma,CLINICAL_EVENT,hematologic,oncology,clinical_off_or_other,0,0
NCT01724346,ibrutinib,Chronic Lymphocytic Leukemia,CLINICAL_EVENT,oncology,oncology,clinical_on_mech,0,0
NCT01776840,ibrutinib,Cell Lymphoma,CLINICAL_EVENT,hematologic,oncology,clinical_off_or_other,0,0
NCT01855750,ibrutinib,Cell Lymphoma,CLINICAL_EVENT,hematologic,oncology,clinical_off_or_other,0,0
NCT01973387,ibrutinib,Refractory Chronic Leukemia,CLINICAL_EVENT,hematologic,oncology,clinical_off_or_other,0,0
NCT01755728,ibuprofen,PDA,other,other,endocrine,ambiguous,0,0
NCT01861535,imiquimod,cervical intraepithelial neoplasia,other,oncology,derm,off_mech,0,0
NCT02120898,imiquimod,actinic keratosis,CLINICAL_EVENT,oncology,derm,clinical_off_or_other,0,0
NCT01778062,indacaterol,COPD,ORGAN_FUNCTION,respiratory,respiratory,on_mech_surrogate,1,1
NCT01839084,isoflurane,Renal Function After Partial Nephrectomy,ORGAN_FUNCTION,renal,cns,off_mech,0,0
NCT01705145,ivacaftor,cystic fibrosis,CLINICAL_EVENT,other,respiratory,clinical_off_or_other,0,0
NCT01707290,ivacaftor,cystic fibrosis,CLINICAL_EVENT,other,respiratory,clinical_off_or_other,0,0
NCT01807923,ivacaftor,cystic fibrosis,ORGAN_FUNCTION,respiratory,respiratory,on_mech_surrogate,1,1
NCT01807949,ivacaftor,cystic fibrosis,ORGAN_FUNCTION,respiratory,respiratory,on_mech_surrogate,1,1
NCT01897233,ivacaftor,cystic fibrosis,BIOMARKER,other,respiratory,ambiguous,0,0
NCT01931839,ivacaftor,cystic fibrosis,CLINICAL_EVENT,other,respiratory,clinical_off_or_other,0,0
NCT01946412,ivacaftor,cystic fibrosis,CLINICAL_EVENT,other,respiratory,clinical_off_or_other,0,0
NCT06310850,ketamine,Epidural Catheterization; Thoracic; Procedural Pain,SYMPTOM_SCALE,cns,cns,ambiguous,0,0
NCT01832038,lacosamide,epilepsy,SYMPTOM_SCALE,other,cns,ambiguous,0,0
NCT01921205,lacosamide,epilepsy,SYMPTOM_SCALE,cns,cns,ambiguous,0,0
NCT01939561,lamotrigine,Dystrophia Myotonica Type 1; Myotonia Congenita; Paramyotonia Congenita; Hyperkalemic Periodic Paralysis; Potassium-Aggravated Myotonia,SYMPTOM_SCALE,other,cns,ambiguous,0,0
NCT01865110,lenalidomide,Mantle Cell Lymphoma,CLINICAL_EVENT,other,oncology,clinical_off_or_other,0,0
NCT01938001,lenalidomide,Follicular Lymphoma,CLINICAL_EVENT,oncology,oncology,clinical_on_mech,0,0
NCT01761266,lenvatinib,Hepatocellular Carcinoma,CLINICAL_EVENT,oncology,oncology,clinical_on_mech,0,0
NCT01808131,lesinurad,gout,BIOMARKER,other,msk,ambiguous,0,0
NCT01740427,letrozole,Advanced Breast Cancer,CLINICAL_EVENT,oncology,oncology,clinical_on_mech,0,0
NCT02304107,letrozole,Infertility,other,other,oncology,ambiguous,0,0
NCT01392768,levetiracetam,Epilepsy; Partial Seizures,BIOMARKER,cns,cns,on_mech_surrogate,1,1
NCT01954121,levetiracetam,Epilepsy; Partial Seizures,other,cns,cns,ambiguous,0,0
NCT01944098,lidocaine,Postoperative Pain,SYMPTOM_SCALE,cns,respiratory,off_mech,0,0
NCT01734785,linagliptin,Type 2 Diabetes,BIOMARKER,metabolic,metabolic,on_mech_surrogate,1,1
NCT02376075,linagliptin,Arterial Hypertension; Albuminuria,other,renal,metabolic,off_mech,0,0
NCT01967225,linezolid,skin infection,BIOMARKER,cardiac,infection,off_mech,0,0
NCT01827293,lorazepam,Peripheral Vertigo.,SYMPTOM_SCALE,other,cns,ambiguous,0,0
NCT01805453,losartan,Newly-diagnosed Glioblastoma,other,other,cardiac,ambiguous,0,0
NCT01475643,loteprednol etabonate,cataract,other,other,sensory,ambiguous,0,0
NCT01779271,loxoprofen,Fever,other,other,msk,ambiguous,0,0
NCT01993875,lubiprostone,chronic idiopathic constipation,other,other,metabolic,ambiguous,0,0
NCT02042183,lubiprostone,functional constipation,other,other,metabolic,ambiguous,0,0
NCT01841762,macitentan,Pulmonary Arterial Hypertension,SYMPTOM_SCALE,other,cardiac,ambiguous,0,0
NCT01916252,melphalan,Multiple Myeloma,CLINICAL_EVENT,other,oncology,clinical_off_or_other,0,0
NCT02078063,mepivacaine,Insertion of Intrauterine Contraception,SYMPTOM_SCALE,cns,cns,ambiguous,0,0
NCT01677923,metformin,Obesity,other,other,metabolic,ambiguous,0,0
NCT01697566,metformin,Endometrial Cancer,BIOMARKER,metabolic,metabolic,on_mech_surrogate,1,1
NCT01779375,metformin,Prediabetes; Type 2 Diabetes,other,metabolic,metabolic,ambiguous,0,0
NCT01787396,metformin,Type 2 Diabetes Mellitus,BIOMARKER,metabolic,metabolic,on_mech_surrogate,1,1
NCT01808690,metformin,Type 1 Diabetes,other,metabolic,metabolic,ambiguous,0,0
NCT01825798,metformin,Overweight; Autism Spectrum Disorder,SYMPTOM_SCALE,other,metabolic,ambiguous,0,0
NCT02033889,metformin,Type 2 Diabetes Mellitus,ORGAN_FUNCTION,metabolic,metabolic,on_mech_surrogate,1,1
NCT02514629,metformin,Hypogonadism; Obesity,BIOMARKER,metabolic,metabolic,on_mech_surrogate,1,1
NCT02773927,metformin,Metabolic Syndrome,BIOMARKER,other,metabolic,ambiguous,0,0
NCT02778776,metformin,Metabolic Syndrome,SYMPTOM_SCALE,other,metabolic,ambiguous,0,0
NCT01958476,methadone,neonatal abstinence syndrome,CLINICAL_EVENT,other,cns,clinical_off_or_other,0,0
NCT01594333,methotrexate,Cardiovascular Disease,CLINICAL_EVENT,cardiac,oncology,clinical_off_or_other,0,0
NCT01829295,methotrexate,Uveitis,other,oncology,oncology,ambiguous,0,0
NCT01884623,methotrexate,Neck Cancer,CLINICAL_EVENT,other,oncology,clinical_off_or_other,0,0
NCT02902861,methotrexate,Psoriasis Vulgaris,SYMPTOM_SCALE,other,oncology,ambiguous,0,0
NCT01579539,methylprednisolone,Thyroid-associated Ophthalmopathy; Dry Eye Syndrome,SYMPTOM_SCALE,other,endocrine,ambiguous,0,0
NCT01644643,metronidazole,Complicated Urinary Tract Infection; Complicated Intra-abdominal Infection,SYMPTOM_SCALE,infection,derm,off_mech,0,0
NCT02328144,metronidazole,Hemorrhoids,SYMPTOM_SCALE,cns,derm,off_mech,0,0
NCT01972841,mirabegron,Urinary Bladder Overactive; Urinary Bladder Diseases\Urologic Diseases; Overactive Bladder; Urgency Incontinence,SYMPTOM_SCALE,other,endocrine,ambiguous,0,0
NCT02476175,mirabegron,Overactive Bladder; Urinary Incontinence,CLINICAL_EVENT,other,endocrine,clinical_off_or_other,0,0
NCT01801410,misoprostol,Pre-eclampsia; Fetus or Newborn; Effects of Induction of Labor,other,hepatic,endocrine,off_mech,0,0
NCT02061657,misoprostol,uterine fibroids,other,other,endocrine,ambiguous,0,0
NCT01969838,momelotinib,Primary Myelofibrosis; Post-Polycythemia Vera Myelofibrosis; Post-Essential Thrombocythemia Myelofibrosis,BIOMARKER,hematologic,oncology,off_mech,0,0
NCT01968733,moxifloxacin,Community-acquired Bacterial Pneumonia,SYMPTOM_SCALE,cns,infection,off_mech,0,0
NCT02494505,mycophenolate mofetil,Chronic Inflammatory Demyelinating Polyradiculopathy,CLINICAL_EVENT,other,unk,clinical_off_or_other,0,0
NCT01856712,naltrexone,Alcohol Dependence,other,other,cns,ambiguous,0,0
NCT05170061,nebivolol,Hypertension,BIOMARKER,cardiac,cardiac,on_mech_surrogate,1,1
NCT01743989,nilotinib,Philadelphia Chromosome Positive (PH+) Chronic Myelogenous Leukemia in Chronic Phase (CML-CP),CLINICAL_EVENT,hematologic,oncology,clinical_off_or_other,0,0
NCT01979952,nintedanib,Idiopathic Pulmonary Fibrosis,SYMPTOM_SCALE,hepatic,oncology,off_mech,0,0
NCT01610245,nitazoxanide,Influenza,SYMPTOM_SCALE,infection,infection,ambiguous,0,0
NCT01924533,olaparib,Advanced Gastric Cancer,CLINICAL_EVENT,oncology,oncology,clinical_on_mech,0,0
NCT01755156,omarigliptin,Type 2 Diabetes Mellitus,ORGAN_FUNCTION,metabolic,unk,off_mech,0,0
NCT01814748,omarigliptin,Type 2 Diabetes Mellitus,BIOMARKER,metabolic,unk,off_mech,0,1
NCT01841697,omarigliptin,Type 2 Diabetes Mellitus,BIOMARKER,metabolic,unk,off_mech,0,1
NCT01661101,omeprazole,Myocardial Injury After Noncardiac Surgery (MINS),CLINICAL_EVENT,cardiac,metabolic,clinical_off_or_other,0,0
NCT01855256,oxybutynin,hyperhidrosis,SYMPTOM_SCALE,other,endocrine,ambiguous,0,0
NCT02538302,oxybutynin,nocturnal enuresis,other,other,endocrine,ambiguous,0,0
NCT02047734,ozanimod,Multiple Sclerosis,CLINICAL_EVENT,cns,oncology,clinical_off_or_other,0,0
NCT01763671,paclitaxel,Advanced Lung Cancer,CLINICAL_EVENT,other,oncology,clinical_off_or_other,0,0
NCT01822314,paclitaxel,Breast Cancer,other,other,oncology,ambiguous,0,0
NCT01839773,paclitaxel,Gastric Cancer,CLINICAL_EVENT,oncology,oncology,clinical_on_mech,0,0
NCT01901146,paclitaxel,Breast Cancer,other,oncology,oncology,ambiguous,0,0
NCT01940497,paclitaxel,Breast Cancer,SYMPTOM_SCALE,other,oncology,ambiguous,0,0
NCT01966003,paclitaxel,Lung Cancer,CLINICAL_EVENT,oncology,oncology,clinical_on_mech,0,0
NCT02019277,paclitaxel,Metastatic Breast Cancer,CLINICAL_EVENT,other,oncology,clinical_off_or_other,0,0
NCT02835586,paclitaxel,Critical Ischemia,other,other,oncology,ambiguous,0,0
NCT01776424,pantoprazole,Prevention & Control,CLINICAL_EVENT,cardiac,metabolic,clinical_off_or_other,0,0
NCT01790659,paromomycin,cutaneous Leishmaniasis,CLINICAL_EVENT,oncology,metabolic,clinical_off_or_other,0,0
NCT02222376,pirfenidone,diabetic foot ulcer,other,other,oncology,ambiguous,0,0
NCT01800045,pitolisant,narcolepsy,other,other,cns,ambiguous,0,0
NCT01767714,plerixafor,Non-Hodgkin's Lymphoma,SYMPTOM_SCALE,other,oncology,ambiguous,0,0
NCT01734928,pomalidomide,Multiple Myeloma,CLINICAL_EVENT,oncology,oncology,clinical_on_mech,0,0
NCT01560780,prasugrel,Coronary Artery Bypass,other,other,hematologic,ambiguous,0,0
NCT01641510,prasugrel,Acute Coronary Syndromes,BIOMARKER,hematologic,hematologic,on_mech_surrogate,1,1
NCT01853072,prednisolone acetate,Non-Proliferative Diabetic Retinopathy; Cataract,other,metabolic,unk,off_mech,0,0
NCT01872611,prednisolone acetate,Non-Proliferative Diabetic Retinopathy; Cataract,other,metabolic,unk,off_mech,0,0
NCT01924286,prednisone,Immune Reconstitution Inflammatory Syndrome; HIV; Tuberculosis,other,other,metabolic,ambiguous,0,0
NCT01856998,propofol,General Anesthesia; Elective Surgery,other,other,cns,ambiguous,0,0
NCT01864915,prucalopride,Bowel Cleansing; Colon Capsule Completion Times,SYMPTOM_SCALE,other,metabolic,ambiguous,0,0
NCT02135107,rabeprazole,PPI Resistant Gastroesophageal Reflux Disease,CLINICAL_EVENT,other,metabolic,clinical_off_or_other,0,0
NCT01754259,ranolazine,"Diabetes, Type I; Diabetes, Type II; Angina; Coronary Artery Disease",other,cardiac,cardiac,ambiguous,0,0
NCT01998165,remifentanil,Anesthesia,BIOMARKER,cardiac,cns,off_mech,0,0
NCT01754974,ribavirin,hepatitis C virus infection,BIOMARKER,hematologic,infection,off_mech,0,0
NCT01833533,ribavirin,hepatitis C virus infection,BIOMARKER,infection,infection,on_mech_surrogate,1,1
NCT01854528,ribavirin,Treatment of Chronic Hepatitis C Infection,BIOMARKER,other,infection,ambiguous,0,0
NCT01854697,ribavirin,hepatitis C virus infection,BIOMARKER,other,infection,ambiguous,0,0
NCT01958021,ribociclib,Advanced Breast Cancer,CLINICAL_EVENT,oncology,unk,clinical_off_or_other,0,0
NCT01709084,rilpivirine,HIV-1 infection,BIOMARKER,infection,infection,on_mech_surrogate,1,1
NCT01910402,ritonavir,"Infection, Human Immunodeficiency Virus; HIV Infections",BIOMARKER,other,infection,ambiguous,0,0
NCT01431456,rivaroxaban,Venous Thromboembolism,CLINICAL_EVENT,other,hematologic,clinical_off_or_other,0,0
NCT01877915,rivaroxaban,Heart Failure; Coronary Artery Disease,CLINICAL_EVENT,cardiac,hematologic,clinical_off_or_other,0,0
NCT02926170,rivaroxaban,Patients With Antiphospholipid Syndrome,CLINICAL_EVENT,cardiac,hematologic,clinical_off_or_other,0,0
NCT01973998,roflumilast,Chronic Obstructive Pulmonary Disease,CLINICAL_EVENT,other,respiratory,clinical_off_or_other,0,0
NCT01887600,roxadustat,anemia of chronic kidney disease,SYMPTOM_SCALE,hematologic,hematologic,ambiguous,0,0
NCT01999309,simvastatin,Schizophrenia; Schizoaffective Disorder; Schizophreniform Disorder; Psychosis NOS,SYMPTOM_SCALE,cns,cardiac,off_mech,0,0
NCT02030041,simvastatin,Dyslipidemias,SYMPTOM_SCALE,cardiac,cardiac,ambiguous,0,0
NCT01652729,sitagliptin,Type 2 Diabetes Mellitus,BIOMARKER,metabolic,metabolic,on_mech_surrogate,1,1
NCT01937598,sitagliptin,Type 2 Diabetes,BIOMARKER,metabolic,metabolic,on_mech_surrogate,1,1
NCT02043054,sitagliptin,Type 2 DIAbetes,ORGAN_FUNCTION,cardiac,metabolic,off_mech,0,0
NCT01783678,sofosbuvir,hepatitis C virus infection,other,other,infection,ambiguous,0,0
NCT01910636,sofosbuvir,hepatitis C virus infection,other,other,infection,ambiguous,0,0
NCT02021643,sofosbuvir,hepatitis C virus infection,other,other,infection,ambiguous,0,0
NCT01848639,spironolactone,end-stage kidney disease,CLINICAL_EVENT,cardiac,cardiac,clinical_on_mech,0,0
NCT01853553,spironolactone,autosomal dominant polycystic kidney disease,ORGAN_FUNCTION,other,cardiac,ambiguous,0,0
NCT01994889,tafamidis,transthyretin amyloid cardiomyopathy,CLINICAL_EVENT,cardiac,cns,clinical_off_or_other,0,0
NCT01914432,telmisartan,Hyperlipidemia; Hypertension,BIOMARKER,metabolic,cardiac,off_mech,0,1
NCT01961336,testosterone,infertility,other,other,endocrine,ambiguous,0,0
NCT01805596,ticagrelor,Coronary Artery Disease; Endothelial Function,SYMPTOM_SCALE,hematologic,hematologic,ambiguous,0,0
NCT01961856,ticagrelor,Platelet Reactivity,BIOMARKER,hematologic,hematologic,on_mech_surrogate,1,1
NCT02163954,ticagrelor,Chronic Kidney Disease,other,hematologic,hematologic,ambiguous,0,0
NCT01882439,tofacitinib,Psoriatic Arthritis,BIOMARKER,cns,oncology,off_mech,0,0
NCT01846611,trabectedin,Tube Cancer,CLINICAL_EVENT,oncology,oncology,clinical_on_mech,0,0
NCT01721031,tramadol,Indwelling Urinary Catheter; Male Patients; General Anesthesia,SYMPTOM_SCALE,other,cns,ambiguous,0,0
NCT01682083,trametinib,positive Melanoma,CLINICAL_EVENT,oncology,oncology,clinical_on_mech,0,0
NCT01658124,tranexamic acid,Gastrointestinal Bleeding,CLINICAL_EVENT,other,hematologic,clinical_off_or_other,0,0
NCT01881568,tranexamic acid,Blood Loss,other,other,hematologic,ambiguous,0,0
NCT02150720,tranexamic acid,Hip Fracture; Blood Loss,other,other,hematologic,ambiguous,0,0
NCT02249767,tretinoin,acne,other,oncology,derm,off_mech,0,0
NCT02329600,triamcinolone acetonide,oral lichen planus,SYMPTOM_SCALE,cns,unk,off_mech,0,0
NCT02005822,valganciclovir,Congenital Cytomegalovirus Infection; Sensorineural Hearing Loss,other,other,infection,ambiguous,0,0
NCT01983683,vancomycin,Clostridium Difficile Infection,SYMPTOM_SCALE,infection,sensory,off_mech,0,0
NCT01756885,varenicline,Smoking Among Cancer,other,other,cns,ambiguous,0,0
NCT01689519,vemurafenib,Metastatic Melanoma,CLINICAL_EVENT,oncology,oncology,clinical_on_mech,0,0
NCT01844115,vilazodone,generalized anxiety disorder,SYMPTOM_SCALE,other,cns,ambiguous,0,0
NCT01878292,vilazodone,Major Depressive Disorder,SYMPTOM_SCALE,cns,cns,ambiguous,0,0
NCT01871558,vildagliptin,Type 2 Diabetes Mellitus (T2DM),SYMPTOM_SCALE,metabolic,metabolic,ambiguous,0,0
NCT01802333,vorinostat,Acute Myeloid Leukemia,CLINICAL_EVENT,hematologic,oncology,clinical_off_or_other,0,0
NCT01911780,amlodipine,Hypertension,BIOMARKER,other,cardiac,ambiguous,0,0
NCT01929031,caffeine,"Pain, Postoperative; Tooth Diseases",SYMPTOM_SCALE,cns,cns,ambiguous,0,0
NCT01895777,dabigatran etexilate,Venous Thromboembolism,CLINICAL_EVENT,other,hematologic,clinical_off_or_other,0,0
NCT01762761,eltrombopag,purpura,BIOMARKER,hematologic,hematologic,on_mech_surrogate,1,1
NCT02949193,evogliptin,Diabetes,BIOMARKER,metabolic,metabolic,on_mech_surrogate,1,1
NCT02008344,favipiravir,influenza,SYMPTOM_SCALE,cns,infection,off_mech,0,0
NCT01986361,flurbiprofen,acute pharyngitis,SYMPTOM_SCALE,cns,msk,off_mech,0,0
NCT01963208,ganaxolone,drug-resistant focal epilepsy,SYMPTOM_SCALE,cns,cns,ambiguous,0,0
NCT01975246,hydrochlorothiazide,Hypertension,BIOMARKER,other,cardiac,ambiguous,0,0
NCT01808144,lesinurad,gout,BIOMARKER,other,msk,ambiguous,0,0
NCT01814553,loperamide,"Carcinoma, Non-Small-Cell Lung",CLINICAL_EVENT,other,metabolic,clinical_off_or_other,0,0
NCT02147548,lorazepam,Healthy Volunteers,other,cns,cns,ambiguous,0,0
NCT01700959,melatonin,Cancer Malignancies,SYMPTOM_SCALE,cns,cns,ambiguous,0,0
NCT01871415,metformin,Type 2 Diabetes Mellitus,BIOMARKER,metabolic,metabolic,on_mech_surrogate,1,1
NCT01871649,methotrexate,Psoriatic Arthritis,BIOMARKER,hematologic,oncology,off_mech,0,0
NCT01995201,methotrexate,Rheumatoid Arthritis,BIOMARKER,hematologic,oncology,off_mech,0,0
NCT01974024,methylprednisolone,Dexamethasone-induced Hiccup in Chemotherapy,other,other,endocrine,ambiguous,0,0
NCT02135510,metoclopramide,solid tumor,other,other,metabolic,ambiguous,0,0
NCT02468830,mirabegron,Overactive Bladder; Urinary Incontinence,SYMPTOM_SCALE,other,endocrine,ambiguous,0,0
NCT02086994,misoprostol,Pre-eclampsia,other,other,endocrine,ambiguous,0,0
NCT01808573,neratinib,Metastatic Breast Cancer,CLINICAL_EVENT,oncology,oncology,clinical_on_mech,0,0
NCT01531114,prasugrel,Diabetes Mellitus,BIOMARKER,metabolic,hematologic,off_mech,0,1
NCT01729871,rivaroxaban,Atrial Fibrillation,CLINICAL_EVENT,cardiac,hematologic,clinical_off_or_other,0,0
NCT01455870,sitagliptin,Type 2 Diabetes,BIOMARKER,metabolic,metabolic,on_mech_surrogate,1,1
NCT01930188,sitagliptin,Type 2 Diabetes,BIOMARKER,metabolic,metabolic,on_mech_surrogate,1,1
NCT01767519,solifenacin,overactive bladder,SYMPTOM_SCALE,other,endocrine,ambiguous,0,0
NCT01945775,talazoparib,Metastatic Breast Cancer,CLINICAL_EVENT,oncology,oncology,clinical_on_mech,0,0
NCT01573442,testosterone,breast cancer,SYMPTOM_SCALE,cns,endocrine,off_mech,0,0
NCT01964352,tiotropium,Chronic Obstructive Pulmonary Disease,ORGAN_FUNCTION,respiratory,unk,off_mech,0,0
NCT01969721,tiotropium,COPD,ORGAN_FUNCTION,respiratory,unk,off_mech,0,0
NCT02006732,tiotropium,Chronic Obstructive Pulmonary Disease,ORGAN_FUNCTION,respiratory,unk,off_mech,0,0
NCT01909453,vemurafenib,Mutant Melanoma,CLINICAL_EVENT,oncology,oncology,clinical_on_mech,0,0
NCT01352715,abacavir,HIV-1 infection,BIOMARKER,infection,infection,on_mech_surrogate,1,1
NCT01517802,abiraterone acetate,Metastatic Castration-resistant Prostate Cancer; Metastatic Breast Cancer,CLINICAL_EVENT,other,unk,clinical_off_or_other,0,0
NCT01695135,abiraterone acetate,Prostate Cancer,other,other,unk,ambiguous,0,0
NCT01605136,afamelanotide,erythropoietic protoporphyria,SYMPTOM_SCALE,cns,derm,off_mech,0,0
NCT01345682,afatinib,Cell Cancer,CLINICAL_EVENT,oncology,oncology,clinical_on_mech,0,0
NCT03238131,albendazole,onchocerciasis,other,other,infection,ambiguous,0,0
NCT01724528,allopurinol,Tumor Lysis Syndrome,BIOMARKER,other,msk,ambiguous,0,0
NCT01987570,allopurinol,ankle sprain,other,other,msk,ambiguous,0,0
NCT01521962,alogliptin,Diabetes Mellitus,BIOMARKER,metabolic,metabolic,on_mech_surrogate,1,1
NCT01395199,amlodipine,Thalassemia; Iron Overload,other,cardiac,cardiac,ambiguous,0,0
NCT01663233,amlodipine,Essential Hypertension,BIOMARKER,cardiac,cardiac,on_mech_surrogate,1,1
NCT01690299,apremilast,psoriasis,BIOMARKER,oncology,oncology,on_mech_surrogate,1,1
NCT00764478,asenapine,bipolar disorder,SYMPTOM_SCALE,cns,cns,ambiguous,0,0
NCT01617187,asenapine,Schizophrenia,SYMPTOM_SCALE,cns,cns,ambiguous,0,0
NCT01617200,asenapine,Schizophrenia,other,other,cns,ambiguous,0,0
NCT01573351,asunaprevir,hepatitis C virus infection,other,other,infection,ambiguous,0,0
NCT01718145,asunaprevir,hepatitis C virus infection,other,other,infection,ambiguous,0,0
NCT01557400,ataluren,Duchenne Muscular Dystrophy; Becker Muscular Dystrophy; Dystrophinopathy,CLINICAL_EVENT,oncology,msk,clinical_off_or_other,0,0
NCT01543555,atorvastatin,Myocardial Infarction; Peripheral Vascular Disease; Aortic Aneurism,CLINICAL_EVENT,cardiac,cardiac,clinical_on_mech,0,0
NCT01820767,atorvastatin,Chronic Kidney Disease,other,other,cardiac,ambiguous,0,0
NCT02355704,atorvastatin,Renal Insufficiency,other,other,cardiac,ambiguous,0,0
NCT01727193,azathioprine,Myasthenia Gravis,BIOMARKER,hematologic,oncology,off_mech,0,0
NCT01738282,baclofen,alcohol dependence,other,other,msk,ambiguous,0,0
NCT01710358,baricitinib,Rheumatoid Arthritis,CLINICAL_EVENT,cns,oncology,clinical_off_or_other,0,0
NCT01711359,baricitinib,Rheumatoid Arthritis,CLINICAL_EVENT,cns,oncology,clinical_off_or_other,0,0
NCT01721057,baricitinib,Rheumatoid Arthritis,CLINICAL_EVENT,cns,oncology,clinical_off_or_other,0,0
NCT01583218,betrixaban,venous thromboembolism,CLINICAL_EVENT,respiratory,hematologic,clinical_off_or_other,0,0
NCT01655095,bisacodyl,Quality of Bowel Preparation for the Colon Capsule; Colon Capsule Completion Rates; Colon Capsule Polyp Detection,SYMPTOM_SCALE,other,metabolic,ambiguous,0,0
NCT01516424,blonanserin,Schizophrenia,SYMPTOM_SCALE,cns,unk,off_mech,0,0
NCT01544920,boceprevir,hepatitis C virus infection,BIOMARKER,infection,infection,on_mech_surrogate,1,1
NCT01585584,boceprevir,hepatitis C virus infection,other,other,infection,ambiguous,0,0
NCT01668797,brexpiprazole,schizophrenia,CLINICAL_EVENT,respiratory,cns,clinical_off_or_other,0,0
NCT01727726,brexpiprazole,Major Depressive Disorder,BIOMARKER,cns,cns,on_mech_surrogate,1,1
NCT01653262,brivaracetam,epilepsy,SYMPTOM_SCALE,cns,cns,ambiguous,0,0
NCT01728077,brivaracetam,epilepsy,CLINICAL_EVENT,other,cns,clinical_off_or_other,0,0
NCT01939314,bupivacaine,Headache,SYMPTOM_SCALE,cns,cns,ambiguous,0,0
NCT01633944,buprenorphine,Low back pain,SYMPTOM_SCALE,cns,cns,ambiguous,0,0
NCT01675167,buprenorphine,Low back pain,SYMPTOM_SCALE,cns,cns,ambiguous,0,0
NCT01535859,cabergoline,Prevention of Ovarian Hyperstimulation Syndrome,other,other,endocrine,ambiguous,0,0
NCT01718873,capecitabine,Metastatic Colorectal Cancer,other,oncology,oncology,ambiguous,0,0
NCT01804790,capecitabine,Advanced Rectal Cancer,CLINICAL_EVENT,other,oncology,clinical_off_or_other,0,0
NCT01715805,cariprazine,Major Depressive Disorder,SYMPTOM_SCALE,cns,cns,ambiguous,0,0
NCT01499277,ceftaroline fosamil,Complicated Skin and Soft Tissue Infection,SYMPTOM_SCALE,other,infection,ambiguous,0,0
NCT01543685,celecoxib,Other Acute Postoperative Pain,BIOMARKER,cns,msk,off_mech,0,0
NCT01378286,chloroquine,Malaria,other,other,infection,ambiguous,0,0
NCT01443130,chloroquine,Malaria,CLINICAL_EVENT,hepatic,infection,clinical_off_or_other,0,0
NCT01640574,chloroquine,Vivax Malaria,CLINICAL_EVENT,other,infection,clinical_off_or_other,0,0
NCT01559012,clonidine,hyperemesis gravidarum,SYMPTOM_SCALE,other,cardiac,ambiguous,0,0
NCT01543932,clopidogrel,Coronary Artery Disease,BIOMARKER,hematologic,hematologic,on_mech_surrogate,1,1
NCT01626534,clopidogrel,Acute Coronary Syndrome,other,other,hematologic,ambiguous,0,0
NCT01790997,clopidogrel,Acute Ischemic Stroke,other,other,hematologic,ambiguous,0,0
NCT03021343,colchicine,arrhythmia,other,other,msk,ambiguous,0,0
NCT01639001,crizotinib,Lung Cancer,CLINICAL_EVENT,oncology,oncology,clinical_on_mech,0,0
NCT01492426,daclatasvir,hepatitis C virus infection,BIOMARKER,other,infection,ambiguous,0,0
NCT01616524,daclatasvir,hepatitis C virus infection,other,other,infection,ambiguous,0,0
NCT01606007,dapagliflozin,Type 2 Diabetes,BIOMARKER,metabolic,metabolic,on_mech_surrogate,1,1
NCT01619059,dapagliflozin,Type 2 Diabetes,BIOMARKER,metabolic,metabolic,on_mech_surrogate,1,1
NCT01646320,dapagliflozin,Type 2 Diabetes,BIOMARKER,metabolic,metabolic,on_mech_surrogate,1,1
NCT01265550,desipramine,gastroesophageal reflux disease,SYMPTOM_SCALE,cardiac,cns,off_mech,0,0
NCT01568866,dexamethasone,Multiple Myeloma,CLINICAL_EVENT,hematologic,derm,clinical_off_or_other,0,0
NCT01734044,dexamethasone,Purpura; Idiopathic Thrombocytopenic Purpura,BIOMARKER,hematologic,derm,off_mech,0,0
NCT02351622,dexamethasone,Immune Thrombocytopenia,BIOMARKER,hematologic,derm,off_mech,0,0
NCT01510912,diclofenac,Osteoarthritis,CLINICAL_EVENT,other,msk,clinical_off_or_other,0,0
NCT01532882,diosmin,chronic venous disease,SYMPTOM_SCALE,other,cardiac,ambiguous,0,0
NCT01499199,dolutegravir,infection,BIOMARKER,other,infection,ambiguous,0,0
NCT01621191,duloxetine,Fibromyalgia,other,other,cns,ambiguous,0,0
NCT01516060,efavirenz,HIV infection,other,cns,infection,off_mech,0,0
NCT01520909,eltrombopag,immune thrombocytopenia,BIOMARKER,hematologic,hematologic,on_mech_surrogate,1,1
NCT01621204,eltrombopag,immune thrombocytopenia,BIOMARKER,hematologic,hematologic,on_mech_surrogate,1,1
NCT01553591,eluxadoline,irritable bowel syndrome,CLINICAL_EVENT,cns,metabolic,clinical_off_or_other,0,0
NCT01553747,eluxadoline,irritable bowel syndrome,CLINICAL_EVENT,cns,metabolic,clinical_off_or_other,0,0
NCT01586442,eplerenone,Type 2 Diabetes,other,hematologic,cardiac,off_mech,0,0
NCT01631227,eprosartan,Essential Hypertension,BIOMARKER,other,cardiac,ambiguous,0,0
NCT01644188,ezetimibe,Hypercholesterolemia,BIOMARKER,other,cardiac,ambiguous,0,0
NCT01644474,ezetimibe,Hypercholesterolemia,BIOMARKER,other,cardiac,ambiguous,0,0
NCT01730053,ezetimibe,Hypercholesterolemia,BIOMARKER,other,cardiac,ambiguous,0,0
NCT01281007,famciclovir,genital herpes,SYMPTOM_SCALE,other,infection,ambiguous,0,0
NCT01327144,famciclovir,Herpes Zoster,SYMPTOM_SCALE,cns,infection,off_mech,0,0
NCT01497262,fingolimod,Multiple Sclerosis,CLINICAL_EVENT,other,oncology,clinical_off_or_other,0,0
NCT01625182,fingolimod,chronic inflammatory demyelinating polyradiculoneuropathy,SYMPTOM_SCALE,cns,oncology,off_mech,0,0
NCT01691885,fluticasone furoate,chronic obstructive pulmonary disease,ORGAN_FUNCTION,cardiac,respiratory,off_mech,0,0
NCT01622231,fluticasone furoate,rhinitis,CLINICAL_EVENT,hepatic,respiratory,clinical_off_or_other,0,0
NCT01630135,fluticasone furoate,perennial allergic rhinitis,SYMPTOM_SCALE,other,respiratory,ambiguous,0,0
NCT01817790,fluticasone propionate,allergic rhinitis,SYMPTOM_SCALE,other,derm,ambiguous,0,0
NCT01857583,fondaparinux,venous thromboembolism,CLINICAL_EVENT,other,hematologic,clinical_off_or_other,0,0
NCT01610284,fulvestrant,Metastatic Breast Cancer,CLINICAL_EVENT,oncology,oncology,clinical_on_mech,0,0
NCT01459809,glimepiride,Type 2 Diabetes,BIOMARKER,metabolic,metabolic,on_mech_surrogate,1,1
NCT01544179,gefitinib,Non-Small Cell Lung Cancer,CLINICAL_EVENT,oncology,oncology,clinical_on_mech,0,0
NCT01526135,gemcitabine,Pancreatic Adenocarcinoma (Ductal Adenocarcinoma),CLINICAL_EVENT,other,oncology,clinical_off_or_other,0,0
NCT01631136,gemcitabine,Maintenance Therapies in Advanced Non Small Cell Lung Cancer,CLINICAL_EVENT,oncology,oncology,clinical_on_mech,0,0
NCT01746979,gemcitabine,Metastatic or Locally Advanced Unresectable Pancreatic Adenocarcinoma,CLINICAL_EVENT,oncology,oncology,clinical_on_mech,0,0
NCT01585792,glimepiride,Diabetic Patients,BIOMARKER,metabolic,metabolic,on_mech_surrogate,1,1
NCT01644500,glimepiride,Type 2 Diabetes Mellitus,BIOMARKER,metabolic,metabolic,on_mech_surrogate,1,1
NCT01731431,glyburide,Diabetes,CLINICAL_EVENT,metabolic,metabolic,clinical_on_mech,0,0
NCT01536392,granisetron,Vaginal Cancer,BIOMARKER,oncology,metabolic,off_mech,0,0
NCT01750541,haloperidol,Psychomotor Agitation,SYMPTOM_SCALE,other,cns,ambiguous,0,0
NCT01538875,hydralazine,preeclampsia,BIOMARKER,other,cardiac,ambiguous,0,0
NCT01611090,ibrutinib,Chronic Lymphocytic Leukemia,CLINICAL_EVENT,hematologic,oncology,clinical_off_or_other,0,0
NCT01646021,ibrutinib,Cell Lymphoma,CLINICAL_EVENT,hematologic,oncology,clinical_off_or_other,0,0
NCT01562717,ibuprofen,Pain,SYMPTOM_SCALE,cns,endocrine,off_mech,0,0
NCT01563289,ibuprofen,Pain,SYMPTOM_SCALE,cns,endocrine,off_mech,0,0
NCT01567072,ibuprofen,Forearm Fracture,other,other,endocrine,ambiguous,0,0
NCT01630278,ibuprofen,Patent Ductus Arteriosus,CLINICAL_EVENT,other,endocrine,clinical_off_or_other,0,0
NCT02441530,ibuprofen,Primary Dysmenorrhoea,SYMPTOM_SCALE,cns,endocrine,off_mech,0,0
NCT01539512,idelalisib,Previously Treated Chronic Lymphocytic Leukemia,CLINICAL_EVENT,hematologic,oncology,clinical_off_or_other,0,0
NCT01569295,idelalisib,Previously Treated Chronic Lymphocytic Leukemia,CLINICAL_EVENT,oncology,oncology,clinical_on_mech,0,0
NCT01614457,ivacaftor,cystic fibrosis,ORGAN_FUNCTION,respiratory,respiratory,on_mech_surrogate,1,1
NCT01614470,ivacaftor,cystic fibrosis,ORGAN_FUNCTION,respiratory,respiratory,on_mech_surrogate,1,1
NCT01553318,ketotifen,fibromyalgia,SYMPTOM_SCALE,cns,respiratory,off_mech,0,0
NCT01465997,lacosamide,epilepsy,SYMPTOM_SCALE,other,cns,ambiguous,0,0
NCT01580202,lamivudine,chronic hepatitis B virus infection,other,other,infection,ambiguous,0,0
NCT01602510,lamotrigine,Bipolar Disorder,CLINICAL_EVENT,cns,cns,clinical_on_mech,0,0
NCT01456247,lansoprazole,Gastric Ulcers; Duodenal Ulcers,CLINICAL_EVENT,other,metabolic,clinical_off_or_other,0,0
NCT01650701,lenalidomide,Follicular Lymphoma,other,oncology,oncology,ambiguous,0,0
NCT01510158,lesinurad,gout,BIOMARKER,other,msk,ambiguous,0,0
NCT01510769,lesinurad,gout,BIOMARKER,other,msk,ambiguous,0,0
NCT01563081,levocetirizine,rhinitis,CLINICAL_EVENT,hepatic,respiratory,clinical_off_or_other,0,0
NCT01640535,levocetirizine,perennial allergic rhinitis,SYMPTOM_SCALE,other,respiratory,ambiguous,0,0
NCT01401647,lidocaine,cardiac arrest,other,cardiac,respiratory,off_mech,0,0
NCT01694134,lidocaine,Low back pain,SYMPTOM_SCALE,cns,respiratory,off_mech,0,0
NCT01708330,lidocaine,Nonviable pregnancy,SYMPTOM_SCALE,cns,respiratory,off_mech,0,0
NCT01636206,lifitegrast,dry eye syndrome,other,other,sensory,ambiguous,0,0
NCT01743729,lifitegrast,dry eye syndrome,BIOMARKER,oncology,sensory,off_mech,0,0
NCT01835678,linagliptin,Type 2 Diabetes,ORGAN_FUNCTION,renal,metabolic,off_mech,0,0
NCT01901003,lorazepam,Perioperative Anxiety,SYMPTOM_SCALE,other,cns,ambiguous,0,0
NCT01674530,lubiprostone,chronic idiopathic constipation,other,other,metabolic,ambiguous,0,0
NCT01566474,melatonin,Barrett's Esophagus,BIOMARKER,other,cns,ambiguous,0,0
NCT01705639,melatonin,Diabetes; Glucose Tolerance,BIOMARKER,metabolic,cns,off_mech,0,1
NCT02706054,meloxicam,Low Back Pain,SYMPTOM_SCALE,cns,msk,off_mech,0,0
NCT01292031,meropenem,Ventilator-associated Bacterial Pneumonia,CLINICAL_EVENT,other,infection,clinical_off_or_other,0,0
NCT01551394,meropenem,Sepsis,other,other,infection,ambiguous,0,0
NCT01517412,metformin,Type 2 Diabetes Mellitus,BIOMARKER,metabolic,metabolic,on_mech_surrogate,1,1
NCT01545388,metformin,Type 2 Diabetes Mellitus,ORGAN_FUNCTION,metabolic,metabolic,on_mech_surrogate,1,1
NCT01624259,metformin,Type 2 Diabetes,BIOMARKER,metabolic,metabolic,on_mech_surrogate,1,1
NCT01648582,metformin,Type 2 Diabetes Mellitus,BIOMARKER,metabolic,metabolic,on_mech_surrogate,1,1
NCT01702298,metformin,Type 2 Diabetes Mellitus,BIOMARKER,metabolic,metabolic,on_mech_surrogate,1,1
NCT01792830,metformin,Poor Glycemic Control,BIOMARKER,metabolic,metabolic,on_mech_surrogate,1,1
NCT01915550,metformin,Diabetes Mellitus,other,metabolic,metabolic,ambiguous,0,0
NCT01793480,methadone,of Cancer,CLINICAL_EVENT,cns,cns,clinical_on_mech,0,0
NCT01283009,methylprednisolone,Community Acquired Respiratory Disease Syndrome,CLINICAL_EVENT,other,endocrine,clinical_off_or_other,0,0
NCT02222220,metoclopramide,sialorrhea,SYMPTOM_SCALE,other,metabolic,ambiguous,0,0
NCT01837290,midazolam,hip fracture,SYMPTOM_SCALE,cns,cns,ambiguous,0,0
NCT02058485,midazolam,Hypertension,BIOMARKER,cardiac,cns,off_mech,0,0
NCT01531959,midodrine,hypotension,other,other,cardiac,ambiguous,0,0
NCT01707953,midodrine,orthostatic hypotension,other,other,cardiac,ambiguous,0,0
NCT01638000,mirabegron,"Urologic Diseases; Urinary Bladder, Overactive; Urinary Bladder Diseases",other,other,endocrine,ambiguous,0,0
NCT01506388,misoprostol,Failed labor induction,other,other,endocrine,ambiguous,0,0
NCT01612065,misoprostol,infertility,SYMPTOM_SCALE,cns,endocrine,off_mech,0,0
NCT01866241,misoprostol,postpartum hemorrhage,other,other,endocrine,ambiguous,0,0
NCT02053922,misoprostol,postpartum hemorrhage,other,other,endocrine,ambiguous,0,0
NCT01372865,mometasone furoate,allergic rhinitis,SYMPTOM_SCALE,other,derm,ambiguous,0,0
NCT01673659,mometasone furoate,seasonal allergic rhinitis,SYMPTOM_SCALE,other,derm,ambiguous,0,0
NCT01658020,moxifloxacin,Chronic Obstructive Pulmonary Disease,CLINICAL_EVENT,other,infection,clinical_off_or_other,0,0
NCT01756339,moxifloxacin,Community-acquired Bacterial Pneumonia,SYMPTOM_SCALE,cns,infection,off_mech,0,0
NCT01625091,naltrexone,HIV Infection,SYMPTOM_SCALE,other,cns,ambiguous,0,0
NCT01648634,nebivolol,cardiomyopathy,ORGAN_FUNCTION,cardiac,cardiac,on_mech_surrogate,1,1
NCT01702532,nicotine,smoking cessation,SYMPTOM_SCALE,other,cns,ambiguous,0,0
NCT01535391,nilotinib,Chronic Myeloid Leukemia,other,other,oncology,ambiguous,0,0
NCT01657604,nilotinib,Chronic Myeloid Leukemia,other,other,oncology,ambiguous,0,0
NCT01619085,nintedanib,Idiopathic Pulmonary Fibrosis,CLINICAL_EVENT,other,oncology,clinical_off_or_other,0,0
NCT01682759,omarigliptin,Type 2 Diabetes Mellitus,BIOMARKER,metabolic,unk,off_mech,0,1
NCT01697592,omarigliptin,Type 2 Diabetes Mellitus,BIOMARKER,metabolic,unk,off_mech,0,1
NCT01698775,omarigliptin,Type 2 Diabetes Mellitus,ORGAN_FUNCTION,renal,unk,off_mech,0,0
NCT01703221,omarigliptin,Type 2 Diabetes Mellitus,BIOMARKER,metabolic,unk,off_mech,0,1
NCT01704261,omarigliptin,Type 2 Diabetes Mellitus,BIOMARKER,metabolic,unk,off_mech,0,1
NCT01717313,omarigliptin,Type 2 Diabetes Mellitus,BIOMARKER,metabolic,unk,off_mech,0,1
NCT01557244,oxybutynin,neurogenic bladder,other,other,endocrine,ambiguous,0,0
NCT01414608,paclitaxel,Advanced Cervical Cancer,CLINICAL_EVENT,oncology,oncology,clinical_on_mech,0,0
NCT01526369,paclitaxel,Metastatic Breast Cancer,CLINICAL_EVENT,other,oncology,clinical_off_or_other,0,0
NCT01572038,paclitaxel,Advanced Breast Cancer,CLINICAL_EVENT,cardiac,oncology,clinical_off_or_other,0,0
NCT01583426,paclitaxel,Early Breast Cancer,other,oncology,oncology,ambiguous,0,0
NCT01644890,paclitaxel,Breast Cancer,CLINICAL_EVENT,oncology,oncology,clinical_on_mech,0,0
NCT01663727,paclitaxel,Metastatic Breast Cancer,CLINICAL_EVENT,oncology,oncology,clinical_on_mech,0,0
NCT01763645,paclitaxel,Lung Cancer,other,oncology,oncology,ambiguous,0,0
NCT01764022,paclitaxel,Metastatic Breast Cancer,other,oncology,oncology,ambiguous,0,0
NCT02472964,paclitaxel,Breast Cancer,CLINICAL_EVENT,oncology,oncology,clinical_on_mech,0,0
NCT02084420,pantoprazole,Peptic Ulcer,other,other,metabolic,ambiguous,0,0
NCT01638013,peficitinib,Rheumatoid Arthritis,SYMPTOM_SCALE,other,oncology,ambiguous,0,0
NCT01618695,perampanel,focal epilepsy,SYMPTOM_SCALE,cns,cns,ambiguous,0,0
NCT01712789,pomalidomide,Multiple Myeloma,CLINICAL_EVENT,oncology,oncology,clinical_on_mech,0,0
NCT01609647,prasugrel,Acute Coronary Syndrome,BIOMARKER,hematologic,hematologic,on_mech_surrogate,1,1
NCT01828437,prednisolone,Infantile Spasms,other,other,sensory,ambiguous,0,0
NCT01485978,ramipril,"Renal Insufficiency, Chronic",BIOMARKER,other,cardiac,ambiguous,0,0
NCT01494987,ranolazine,Type 2 Diabetes Mellitus,BIOMARKER,metabolic,cardiac,off_mech,0,1
NCT01555164,ranolazine,Type 2 Diabetes,BIOMARKER,metabolic,cardiac,off_mech,0,1
NCT01735669,remifentanil,Non-cephalic Presentation; Inhalation of Nitrous Oxide; Pregnancy Complications; Complications; Cesarean Section; Fetus or Neonate Affected by External Version Before Labor,other,other,cns,ambiguous,0,0
NCT01466192,ribavirin,hepatitis C virus infection,other,infection,infection,ambiguous,0,0
NCT01498068,ribavirin,hepatitis C virus infection,other,other,infection,ambiguous,0,0
NCT01513941,ribavirin,hepatitis C virus infection,BIOMARKER,other,infection,ambiguous,0,0
NCT01571583,ribavirin,hepatitis C virus infection,BIOMARKER,other,infection,ambiguous,0,0
NCT01598090,ribavirin,hepatitis C virus infection,BIOMARKER,other,infection,ambiguous,0,0
NCT01674725,ribavirin,hepatitis C virus infection,BIOMARKER,infection,infection,on_mech_surrogate,1,1
NCT01715415,ribavirin,hepatitis C virus infection,BIOMARKER,other,infection,ambiguous,0,0
NCT01716585,ribavirin,hepatitis C virus infection,BIOMARKER,other,infection,ambiguous,0,0
NCT01767116,ribavirin,hepatitis C virus infection,BIOMARKER,infection,infection,on_mech_surrogate,1,1
NCT01624675,risperidone,Autistic Disorder in Children and Adolescents,SYMPTOM_SCALE,other,cns,ambiguous,0,0
NCT01448707,ritonavir,Human Immunodeficiency Virus (HIV) Infections; Acquired Immunodeficiency Syndrome (AIDS) Virus,BIOMARKER,other,infection,ambiguous,0,0
NCT01499953,rivaroxaban,Superficial Vein Thrombosis,CLINICAL_EVENT,respiratory,hematologic,clinical_off_or_other,0,0
NCT01509677,roflumilast,Chronic Obstructive Pulmonary Disease,other,other,respiratory,ambiguous,0,0
NCT01499849,rolapitant,Chemotherapy-induced Nausea and Vomiting,other,other,metabolic,ambiguous,0,0
NCT01500213,rolapitant,Chemotherapy-induced Nausea and Vomiting,other,other,metabolic,ambiguous,0,0
NCT01500226,rolapitant,Chemotherapy-induced Nausea and Vomiting,other,other,metabolic,ambiguous,0,0
NCT01537042,rotigotine,restless legs syndrome,ORGAN_FUNCTION,other,cns,ambiguous,0,0
NCT01569464,rotigotine,restless legs syndrome,SYMPTOM_SCALE,other,cns,ambiguous,0,0
NCT01646255,rotigotine,Parkinson's Disease,other,other,cns,ambiguous,0,0
NCT01646268,rotigotine,Parkinson's Disease,SYMPTOM_SCALE,other,cns,ambiguous,0,0
NCT01723904,rotigotine,Parkinson's Disease,other,other,cns,ambiguous,0,0
NCT01750190,roxadustat,anemia of chronic kidney disease,BIOMARKER,hematologic,hematologic,on_mech_surrogate,1,1
NCT01632904,ruxolitinib,Polycythemia Vera,SYMPTOM_SCALE,hematologic,derm,off_mech,0,0
NCT01912391,selegiline,Borderline personality disorder,SYMPTOM_SCALE,other,cns,ambiguous,0,0
NCT01462266,sitagliptin,Type 2 Diabetes Mellitus,other,metabolic,metabolic,ambiguous,0,0
NCT01485614,sitagliptin,Treatment of Type 2 Diabetes,BIOMARKER,metabolic,metabolic,on_mech_surrogate,1,1
NCT01552694,sitagliptin,Inflammation; Macrophage Infiltration; Cardiovascular Disease,BIOMARKER,other,metabolic,ambiguous,0,0
NCT01590771,sitagliptin,Type 2 Diabetes Mellitus,BIOMARKER,metabolic,metabolic,on_mech_surrogate,1,1
NCT01590797,sitagliptin,Type 2 Diabetes Mellitus,BIOMARKER,metabolic,metabolic,on_mech_surrogate,1,1
NCT01641640,sofosbuvir,hepatitis C virus infection,other,other,infection,ambiguous,0,0
NCT02670772,stavudine,HIV infection,BIOMARKER,other,infection,ambiguous,0,0
NCT01694277,sunitinib,Gastrointestinal Stromal Tumors,CLINICAL_EVENT,oncology,oncology,clinical_on_mech,0,0
NCT01553981,tadalafil,"Lung Diseases, Interstitial",ORGAN_FUNCTION,respiratory,endocrine,off_mech,0,0
NCT01638247,tamoxifen,Breast Cancer,other,other,oncology,ambiguous,0,0
NCT01595685,telbivudine,Chronic Viral Hepatitis B Without Delta-agent,other,other,infection,ambiguous,0,0
NCT01595581,testosterone,osteoarthritis,other,other,endocrine,ambiguous,0,0
NCT01543321,tetrabenazine,tardive dyskinesia,SYMPTOM_SCALE,other,cns,ambiguous,0,0
NCT01511471,ticagrelor,Platelet Reactivity,BIOMARKER,hematologic,hematologic,on_mech_surrogate,1,1
NCT01732822,ticagrelor,Peripheral Artery Disease,CLINICAL_EVENT,cardiac,hematologic,clinical_off_or_other,0,0
NCT01533922,tiotropium,COPD,SYMPTOM_SCALE,other,unk,ambiguous,0,0
NCT01533935,tiotropium,COPD,SYMPTOM_SCALE,other,unk,ambiguous,0,0
NCT01574651,tiotropium,Chronic Obstructive Pulmonary Disease,SYMPTOM_SCALE,respiratory,unk,off_mech,0,0
NCT01610037,tiotropium,Chronic Obstructive Pulmonary Disease,SYMPTOM_SCALE,other,unk,ambiguous,0,0
NCT01613326,tiotropium,Chronic Obstructive Pulmonary Disease,ORGAN_FUNCTION,respiratory,unk,off_mech,0,0
NCT01694771,tiotropium,chronic obstructive pulmonary disease,ORGAN_FUNCTION,respiratory,unk,off_mech,0,0
NCT01696058,tiotropium,chronic obstructive pulmonary disease,ORGAN_FUNCTION,respiratory,unk,off_mech,0,0
NCT01618448,tolvaptan,Cardiac-induced Edema,BIOMARKER,metabolic,cardiac,off_mech,0,1
NCT01644331,tolvaptan,Heart Failure; Dyspnea,CLINICAL_EVENT,cardiac,cardiac,clinical_on_mech,0,0
NCT01651156,tolvaptan,Cardiac Edema,BIOMARKER,metabolic,cardiac,off_mech,0,1
NCT01692678,trabectedin,liposarcoma or leiomyosarcoma,BIOMARKER,other,oncology,ambiguous,0,0
NCT01598753,tramadol,Fibromyalgia,SYMPTOM_SCALE,cns,cns,ambiguous,0,0
NCT01889979,tramadol,Pain During Labour,SYMPTOM_SCALE,cns,cns,ambiguous,0,0
NCT01584648,trametinib,mutant Melanoma,CLINICAL_EVENT,oncology,oncology,clinical_on_mech,0,0
NCT01597908,trametinib,Cutaneous Melanoma,CLINICAL_EVENT,oncology,oncology,clinical_on_mech,0,0
NCT01402882,tranexamic acid,Traumatic Brain Injury,CLINICAL_EVENT,other,hematologic,clinical_off_or_other,0,0
NCT01594671,tranexamic acid,Blood Loss,other,other,hematologic,ambiguous,0,0
NCT02684851,tranexamic acid,Acetabular Fractures,other,other,hematologic,ambiguous,0,0
NCT02086929,trazodone,Major Depression,SYMPTOM_SCALE,cns,cns,ambiguous,0,0
NCT01597505,vancomycin,Clostridium Difficile Infection,SYMPTOM_SCALE,other,sensory,ambiguous,0,0
NCT01598311,vancomycin,Clostridium Difficile Infection,SYMPTOM_SCALE,other,sensory,ambiguous,0,0
NCT01509547,varenicline,nicotine dependence,other,other,cns,ambiguous,0,0
NCT01694732,varenicline,Chronic Obstructive Pulmonary Disease,CLINICAL_EVENT,respiratory,cns,clinical_off_or_other,0,0
NCT01710137,varenicline,nicotine dependence,other,other,cns,ambiguous,0,0
NCT01667419,vemurafenib,Mutant Melanoma,CLINICAL_EVENT,other,oncology,clinical_off_or_other,0,0
NCT01557712,venlafaxine,Major Depressive Disorder,BIOMARKER,cns,cns,on_mech_surrogate,1,1
NCT01629966,vilazodone,generalized anxiety disorder,SYMPTOM_SCALE,other,cns,ambiguous,0,0
NCT02015546,vilazodone,major depressive disorder,BIOMARKER,cns,cns,on_mech_surrogate,1,1
NCT01582230,vildagliptin,Type 2 Diabetes Mellitus,BIOMARKER,metabolic,metabolic,on_mech_surrogate,1,1
NCT01728805,vorinostat,Cutaneous T-Cell Lymphoma,CLINICAL_EVENT,hepatic,oncology,clinical_off_or_other,0,0
NCT01516814,warfarin,Pulmonary Embolism,SYMPTOM_SCALE,hematologic,hematologic,ambiguous,0,0
NCT01516840,warfarin,Deep Vein Thrombosis,SYMPTOM_SCALE,hematologic,hematologic,ambiguous,0,0
NCT01523587,afatinib,Lung Cancer,CLINICAL_EVENT,oncology,oncology,clinical_on_mech,0,0
NCT01808313,ambrisentan,vascular disease,ORGAN_FUNCTION,other,cardiac,ambiguous,0,0
NCT01395992,asenapine,bipolar I disorder,other,other,cns,ambiguous,0,0
NCT01743651,baclofen,Multiple Sclerosis,SYMPTOM_SCALE,other,msk,ambiguous,0,0
NCT01605227,cabozantinib,Prostate Cancer,CLINICAL_EVENT,oncology,oncology,clinical_on_mech,0,0
NCT02179268,citalopram,Bone Mineral Density Quantitative Trait Locus 7,other,other,cns,ambiguous,0,0
NCT01655706,escitalopram,Depression,SYMPTOM_SCALE,cns,cns,ambiguous,0,0
NCT01628731,furosemide,fluid overload,other,other,cardiac,ambiguous,0,0
NCT01578707,ibrutinib,Chronic Lymphocytic Leukemia,CLINICAL_EVENT,oncology,oncology,clinical_on_mech,0,0
NCT01556776,lenalidomide,Chronic Lymphocytic Leukemia,CLINICAL_EVENT,oncology,oncology,clinical_on_mech,0,0
NCT01508702,lesinurad,gout,BIOMARKER,other,msk,ambiguous,0,0
NCT01650246,lesinurad,gout,BIOMARKER,other,msk,ambiguous,0,0
NCT01606787,mannitol,renal cell carcinoma,ORGAN_FUNCTION,renal,hematologic,off_mech,0,0
NCT01541215,metformin,Type 2 Diabetes,BIOMARKER,metabolic,metabolic,on_mech_surrogate,1,1
NCT01587989,methotrexate,Rheumatoid Arthritis,BIOMARKER,other,oncology,ambiguous,0,0
NCT01541605,methylphenidate,mania,SYMPTOM_SCALE,other,cns,ambiguous,0,0
NCT01559727,prednisone,Heart Failure,SYMPTOM_SCALE,other,metabolic,ambiguous,0,0
NCT01578655,prednisone,Prostate Cancer,CLINICAL_EVENT,other,metabolic,clinical_off_or_other,0,0
NCT01556165,rasagiline,Parkinson's Disease,SYMPTOM_SCALE,other,cns,ambiguous,0,0
NCT01257828,riluzole,cervical spondylotic myelopathy,SYMPTOM_SCALE,other,cns,ambiguous,0,0
NCT01559116,tiotropium,Chronic Obstructive Pulmonary Disease,ORGAN_FUNCTION,respiratory,unk,off_mech,0,0
NCT01458951,tofacitinib,Ulcerative Colitis,BIOMARKER,hematologic,oncology,off_mech,0,0
NCT01465763,tofacitinib,Ulcerative Colitis,BIOMARKER,hematologic,oncology,off_mech,0,0
NCT01427478,afatinib,Cell Carcinoma,CLINICAL_EVENT,other,oncology,clinical_off_or_other,0,0
NCT04578496,afamelanotide,erythropoietic protoporphyria,SYMPTOM_SCALE,other,derm,ambiguous,0,0
NCT01320722,allopurinol,hypertension,ORGAN_FUNCTION,renal,msk,off_mech,0,0
NCT01736514,allopurinol,gout,BIOMARKER,other,msk,ambiguous,0,0
NCT02082769,allopurinol,gout,BIOMARKER,other,msk,ambiguous,0,0
NCT01456130,alogliptin,Type 2 Diabetes,CLINICAL_EVENT,other,metabolic,clinical_off_or_other,0,0
NCT01399723,amoxicillin,Pneumonia,CLINICAL_EVENT,respiratory,infection,clinical_off_or_other,0,0
NCT01529528,anagliptin,Type 2 Diabetes Mellitus,BIOMARKER,metabolic,unk,off_mech,0,1
NCT01529541,anagliptin,Type 2 Diabetes Mellitus,BIOMARKER,metabolic,unk,off_mech,0,1
NCT01305408,armodafinil,Major Depression,SYMPTOM_SCALE,cns,cns,ambiguous,0,0
NCT01244828,asenapine,schizophrenia,other,other,cns,ambiguous,0,0
NCT01349907,asenapine,Pediatric Bipolar Disorder,SYMPTOM_SCALE,other,cns,ambiguous,0,0
NCT01278459,atorvastatin,Pre-Eclampsia,ORGAN_FUNCTION,other,cardiac,ambiguous,0,0
NCT01370603,atorvastatin,Hypercholesterolemia,BIOMARKER,metabolic,cardiac,off_mech,0,1
NCT01251393,biperiden,cocaine dependence,SYMPTOM_SCALE,other,cns,ambiguous,0,0
NCT01425203,boceprevir,hepatitis C virus infection,BIOMARKER,other,infection,ambiguous,0,0
NCT01338415,bosentan,pulmonary arterial hypertension,SYMPTOM_SCALE,other,cardiac,ambiguous,0,0
NCT01339559,brivaracetam,epilepsy,SYMPTOM_SCALE,other,cns,ambiguous,0,0
NCT01360021,budesonide,Asthma,ORGAN_FUNCTION,respiratory,metabolic,off_mech,0,0
NCT01407575,buprenorphine,Treatment Resistant Depression,SYMPTOM_SCALE,cns,cns,ambiguous,0,0
NCT01303861,bupropion,Nicotine Dependence,other,other,cns,ambiguous,0,0
NCT01406223,bupropion,Nicotine Dependence,BIOMARKER,respiratory,cns,off_mech,0,0
NCT01384539,calcitriol,chronic kidney disease,ORGAN_FUNCTION,other,metabolic,ambiguous,0,0
NCT01613209,candesartan cilexetil,Hypertension,BIOMARKER,cardiac,unk,off_mech,0,0
NCT01234337,capecitabine,Breast Cancer,CLINICAL_EVENT,oncology,oncology,clinical_on_mech,0,0
NCT01412060,cariprazine,schizophrenia,CLINICAL_EVENT,cns,cns,clinical_on_mech,0,0
NCT01503606,cefazolin,Preterm premature rupture of membranes,CLINICAL_EVENT,cardiac,infection,clinical_off_or_other,0,0
NCT01371838,ceftriaxone,bacterial pneumonia,CLINICAL_EVENT,infection,infection,clinical_on_mech,0,0
NCT01354145,celecoxib,Osteoarthritis,other,other,msk,ambiguous,0,0
NCT01462435,celecoxib,Other Acute Postoperative Pain,BIOMARKER,cns,msk,off_mech,0,0
NCT01484119,cetirizine,seasonal allergic rhinitis,SYMPTOM_SCALE,other,respiratory,ambiguous,0,0
NCT01292720,vitamin D3,heart failure,BIOMARKER,other,metabolic,ambiguous,0,0
NCT01248065,ciclesonide,asthma,CLINICAL_EVENT,respiratory,respiratory,clinical_on_mech,0,0
NCT01455194,ciclesonide,asthma,ORGAN_FUNCTION,respiratory,respiratory,on_mech_surrogate,1,1
NCT02266030,cilostazol,coronary artery disease,SYMPTOM_SCALE,cardiac,hematologic,off_mech,0,0
NCT01471444,clofarabine,Acute Myeloid Leukemia,CLINICAL_EVENT,hematologic,oncology,clinical_off_or_other,0,0
NCT02085408,clofarabine,Acute Myeloid Leukemia,CLINICAL_EVENT,oncology,oncology,clinical_on_mech,0,0
NCT01439984,clomipramine,premature ejaculation,other,other,cns,ambiguous,0,0
NCT01505790,clopidogrel,Acute Coronary Syndromes,other,cardiac,hematologic,off_mech,0,0
NCT01515345,clopidogrel,Platelet Inhibition; Coronary Stent Implantation,other,hematologic,hematologic,ambiguous,0,0
NCT01389323,daclatasvir,hepatitis C virus infection,BIOMARKER,other,infection,ambiguous,0,0
NCT01471574,daclatasvir,hepatitis C virus infection,BIOMARKER,infection,infection,on_mech_surrogate,1,1
NCT01339091,dalbavancin,Cellulitis,other,oncology,infection,off_mech,0,0
NCT01294423,dapagliflozin,Type 2 Diabetes Mellitus,BIOMARKER,metabolic,metabolic,on_mech_surrogate,1,1
NCT01294436,dapagliflozin,diabetes Mellitus,other,metabolic,metabolic,ambiguous,0,0
NCT01303796,decitabine,Acute Myeloid Leukemia,CLINICAL_EVENT,oncology,oncology,clinical_on_mech,0,0
NCT01400828,desloratadine,seasonal allergic rhinitis,SYMPTOM_SCALE,other,respiratory,ambiguous,0,0
NCT01154192,dexamethasone,PCOS,BIOMARKER,other,derm,ambiguous,0,0
NCT01189292,dexamethasone,Thyroidectomy; Thyroid Diseases,CLINICAL_EVENT,other,derm,clinical_off_or_other,0,0
NCT01248585,dexamethasone,Bone Metastases,SYMPTOM_SCALE,cns,derm,off_mech,0,0
NCT01297010,dexamethasone,Vomiting Postoperative,CLINICAL_EVENT,other,derm,clinical_off_or_other,0,0
NCT01339260,dexamethasone,Chemotherapy-Induced Nausea and Vomiting,other,other,derm,ambiguous,0,0
NCT01363479,dexamethasone,Chemotherapy-Induced Nausea and Vomiting,other,other,derm,ambiguous,0,0
NCT01376297,dexamethasone,Chemotherapy-Induced Nausea and Vomiting,CLINICAL_EVENT,other,derm,clinical_off_or_other,0,0
NCT01391793,dexamethasone,Children With Febrile Urinary Tract Infection,other,renal,derm,off_mech,0,0
NCT01408082,dexamethasone,Blepharitis,SYMPTOM_SCALE,other,derm,ambiguous,0,0
NCT01456611,diclofenac,Osteo Arthritis of the Knee,SYMPTOM_SCALE,cns,msk,off_mech,0,0
NCT01461369,diclofenac,Osteoarthritis,BIOMARKER,cns,msk,off_mech,0,0
NCT01264939,diphenhydramine,Chronic Idiopathic Urticaria,other,other,derm,ambiguous,0,0
NCT01263015,dolutegravir,infection,other,infection,infection,ambiguous,0,0
NCT01179672,duloxetine,"Diabetic Neuropathy, Painful",SYMPTOM_SCALE,cns,cns,ambiguous,0,0
NCT01226511,duloxetine,"Anxiety Neuroses; Anxiety States, Neurotic; Neuroses, Anxiety",SYMPTOM_SCALE,other,cns,ambiguous,0,0
NCT01237587,duloxetine,Fibromyalgia,SYMPTOM_SCALE,cns,cns,ambiguous,0,0
NCT01271894,efavirenz,HIV infection,other,other,infection,ambiguous,0,0
NCT01451333,efavirenz,HIV infection,BIOMARKER,other,infection,ambiguous,0,0
NCT01470144,epoprostenol,pulmonary arterial hypertension,other,other,hematologic,ambiguous,0,0
NCT01454934,eribulin,Lung Cancer,CLINICAL_EVENT,hepatic,oncology,clinical_off_or_other,0,0
NCT01370616,ertapenem,diabetic foot infection,SYMPTOM_SCALE,infection,infection,ambiguous,0,0
NCT01370525,esomeprazole,Heartburn,SYMPTOM_SCALE,cardiac,metabolic,off_mech,0,0
NCT01370538,esomeprazole,Heartburn,SYMPTOM_SCALE,cardiac,metabolic,off_mech,0,0
NCT01100164,eszopiclone,insomnia,ORGAN_FUNCTION,cns,cns,on_mech_surrogate,1,1
NCT01450761,etoposide,Lung Cancer,CLINICAL_EVENT,oncology,oncology,clinical_on_mech,0,0
NCT01229774,etoricoxib,Coxarthrosis; Arthroplasties Hip Replacement; Perioperative Blood Loss,other,other,msk,ambiguous,0,0
NCT01462370,etoricoxib,Dysmenorrhea,SYMPTOM_SCALE,cns,msk,off_mech,0,0
NCT01408186,famotidine,Upper Gastrointestinal Bleeding,other,hematologic,metabolic,off_mech,0,0
NCT01270659,fentanyl,Pain,BIOMARKER,cns,cns,on_mech_surrogate,1,1
NCT01307579,fluconazole,Acute Myeloid Leukemia,other,oncology,infection,off_mech,0,0
NCT01304706,fluocinolone acetonide,diabetic macular edema,other,other,sensory,ambiguous,0,0
NCT01407432,folic acid,male infertility,other,other,various,ambiguous,0,0
NCT01300351,fulvestrant,Advanced Breast Cancer,CLINICAL_EVENT,oncology,oncology,clinical_on_mech,0,0
NCT01116583,gabapentin,"Pain, Postoperative",SYMPTOM_SCALE,cns,cns,ambiguous,0,0
NCT02120703,gabapentin,Intervertebral Disc Prolapse,SYMPTOM_SCALE,cns,cns,ambiguous,0,0
NCT01404260,gefitinib,Lung Cancer,CLINICAL_EVENT,oncology,oncology,clinical_on_mech,0,0
NCT01360853,gemcitabine,Metastatic Pancreatic Cancer,CLINICAL_EVENT,oncology,oncology,clinical_on_mech,0,0
NCT01211522,haloperidol,Delirium; Impaired Cognition; Long Term Psychologic Disorders,SYMPTOM_SCALE,cns,cns,ambiguous,0,0
NCT01353313,hydrocortisone,"Infant, Newborn; Infant, Small for Gestational Age; Infant, Very Low Birth Weight; Infant, Premature; Bronchopulmonary Dysplasia",CLINICAL_EVENT,respiratory,metabolic,clinical_off_or_other,0,0
NCT02266589,hydrocortisone,Septic Shock; Sepsis,SYMPTOM_SCALE,other,metabolic,ambiguous,0,0
NCT01601028,hydroxychloroquine,Autoimmune Diseases; Sjogren's Syndrome; Dry Eye,BIOMARKER,other,infection,ambiguous,0,0
NCT01259856,hydroxyurea,High Risk Polycythemia Vera; High Risk Essential Thrombocythemia,BIOMARKER,hematologic,oncology,off_mech,0,0
NCT01303406,idebenone,Friedreich ataxia,other,other,cns,ambiguous,0,0
NCT01291511,iloperidone,schizophrenia,CLINICAL_EVENT,cns,cns,clinical_on_mech,0,0
NCT01392469,imatinib,Pulmonary Arterial Hypertension,BIOMARKER,other,oncology,ambiguous,0,0
NCT01511289,imatinib,Chronic Myeloid Leukemia,SYMPTOM_SCALE,oncology,oncology,ambiguous,0,0
NCT01232894,indacaterol,chronic obstructive pulmonary disease,SYMPTOM_SCALE,respiratory,respiratory,ambiguous,0,0
NCT01442987,irbesartan,Hypertension; Hyperlipidemia,BIOMARKER,metabolic,cardiac,off_mech,0,1
NCT00170209,isoniazid,Latent Tuberculosis Infection,BIOMARKER,other,infection,ambiguous,0,0
NCT01474590,isotretinoin,Acne,CLINICAL_EVENT,other,derm,clinical_off_or_other,0,0
NCT01326325,ketamine,Refractory Cancer,SYMPTOM_SCALE,other,cns,ambiguous,0,0
NCT01387139,ketamine,Procedural Sedation and Analgesia,other,other,cns,ambiguous,0,0
NCT01983020,ketamine,Postoperative Pain,SYMPTOM_SCALE,cns,cns,ambiguous,0,0
NCT01243177,lacosamide,epilepsy,other,cns,cns,ambiguous,0,0
NCT01484977,lacosamide,epilepsy,other,cns,cns,ambiguous,0,0
NCT01452711,lansoprazole,Gastric Ulcer,other,other,metabolic,ambiguous,0,0
NCT01452724,lansoprazole,Duodenal Ulcer,other,other,metabolic,ambiguous,0,0
NCT01452750,lansoprazole,Gastric Ulcers; Duodenal Ulcers,CLINICAL_EVENT,other,metabolic,clinical_off_or_other,0,0
NCT01452763,lansoprazole,Gastric Ulcers; Duodenal Ulcers,CLINICAL_EVENT,other,metabolic,clinical_off_or_other,0,0
NCT01456260,lansoprazole,Gastric Ulcers; Duodenal Ulcers,CLINICAL_EVENT,other,metabolic,clinical_off_or_other,0,0
NCT01459367,lansoprazole,Erosive Esophagitis,CLINICAL_EVENT,other,metabolic,clinical_off_or_other,0,0
NCT01476787,lenalidomide,Untreated Patients With Follicular Lymphoma,other,oncology,oncology,ambiguous,0,0
NCT01321554,lenvatinib,Thyroid Cancer,CLINICAL_EVENT,oncology,oncology,clinical_on_mech,0,0
NCT01493531,lesinurad,gout,BIOMARKER,other,msk,ambiguous,0,0
NCT01494506,leucovorin,Metastatic Pancreatic Cancer,CLINICAL_EVENT,oncology,unk,clinical_off_or_other,0,0
NCT01292837,levetiracetam,Epilepsy; Generalized Tonic-clonic Seizures,SYMPTOM_SCALE,cns,cns,ambiguous,0,0
NCT01398956,levetiracetam,Epilepsy; Generalized Tonic-clonic Seizures,CLINICAL_EVENT,other,cns,clinical_off_or_other,0,0
NCT01458431,levobupivacaine,pain,other,other,cns,ambiguous,0,0
NCT01227655,levodopa,Parkinson's Disease,other,other,cns,ambiguous,0,0
NCT01154738,lidocaine,Anesthesia,other,other,respiratory,ambiguous,0,0
NCT01421498,lifitegrast,dry eye syndrome,BIOMARKER,other,sensory,ambiguous,0,0
NCT01421511,linezolid,skin and soft tissue bacterial infection,other,oncology,infection,off_mech,0,0
NCT01051219,losartan,Nonalcoholic Steatohepatitis,BIOMARKER,hepatic,cardiac,off_mech,0,0
NCT01307046,losartan,Hypertension,BIOMARKER,other,cardiac,ambiguous,0,0
NCT01302691,losartan,Hypertension,BIOMARKER,other,cardiac,ambiguous,0,0
NCT01324284,lubiprostone,colorectal carcinoma,SYMPTOM_SCALE,other,metabolic,ambiguous,0,0
NCT01372423,lubiprostone,chronic idiopathic constipation,other,other,metabolic,ambiguous,0,0
NCT01147289,meloxicam,Lumbar Sciatic Pain,BIOMARKER,cns,msk,off_mech,0,0
NCT01413178,melphalan,Multiple Myeloma,CLINICAL_EVENT,hematologic,oncology,clinical_off_or_other,0,0
NCT01877837,melphalan,Sickle Cell Disease,other,other,oncology,ambiguous,0,0
NCT01411176,menthol,gastric cancer,other,other,unk,ambiguous,0,0
NCT01411189,menthol,gastric cancer,other,other,unk,ambiguous,0,0
NCT01445678,meropenem,Complicated Intra-abdominal Infection,SYMPTOM_SCALE,infection,infection,ambiguous,0,0
NCT01334125,metformin,Diabetes,BIOMARKER,metabolic,metabolic,on_mech_surrogate,1,1
NCT01353391,metformin,Type 2 Diabetes,CLINICAL_EVENT,metabolic,metabolic,clinical_on_mech,0,0
NCT01368081,metformin,Type 2 Diabetes Mellitus,SYMPTOM_SCALE,other,metabolic,ambiguous,0,0
NCT01370707,metformin,Type 2 Diabetes Mellitus,BIOMARKER,metabolic,metabolic,on_mech_surrogate,1,1
NCT01381900,metformin,Type 2 Diabetes Mellitus,BIOMARKER,metabolic,metabolic,on_mech_surrogate,1,1
NCT01483560,metformin,Type 1 Diabetes,other,other,metabolic,ambiguous,0,0
NCT01487993,metformin,Obesity; Insulin Resistance,BIOMARKER,metabolic,metabolic,on_mech_surrogate,1,1
NCT01760447,metformin,Type 2 Diabetes Mellitus,BIOMARKER,metabolic,metabolic,on_mech_surrogate,1,1
NCT03086005,metformin,Polycystic Ovary Syndrome,other,other,metabolic,ambiguous,0,0
NCT01984099,methotrexate,Hydatidiform Mole,BIOMARKER,hematologic,oncology,off_mech,0,0
NCT01420159,methoxyflurane,pain,SYMPTOM_SCALE,cns,cns,ambiguous,0,0
NCT01275560,metronidazole,Anal Incontinence,other,other,derm,ambiguous,0,0
NCT01473836,metronidazole,Intra-abdominal Infections,SYMPTOM_SCALE,oncology,derm,off_mech,0,0
NCT01375920,metyrapone,Depression,SYMPTOM_SCALE,cns,various,off_mech,0,0
NCT02336477,mexiletine,non-dystrophic myotonia,SYMPTOM_SCALE,other,cardiac,ambiguous,0,0
NCT01436279,mifepristone,cervical ripening,other,other,endocrine,ambiguous,0,0
NCT01403662,minocycline,Depression,SYMPTOM_SCALE,cns,metabolic,off_mech,0,0
NCT01429272,minocycline,Depression,SYMPTOM_SCALE,cns,metabolic,off_mech,0,0
NCT01412073,misoprostol,Cesarean complications,other,other,endocrine,ambiguous,0,0
NCT01298336,moxifloxacin,"Atypical; Mycobacterium, Pulmonary, Tuberculous",other,respiratory,infection,off_mech,0,0
NCT01342549,naltrexone,Alcohol Use Disorder,CLINICAL_EVENT,other,cns,clinical_off_or_other,0,0
NCT01254188,nilotinib,Chronic Myeloid Leukemia,other,other,oncology,ambiguous,0,0
NCT01275196,nilotinib,Chronic Myeloid Leukemia,other,other,oncology,ambiguous,0,0
NCT01257672,ondansetron,Gastroenteritis; Vomiting; Acute Gastroenteritis,CLINICAL_EVENT,other,metabolic,clinical_off_or_other,0,0
NCT01362530,ondansetron,Chemotherapy Induced Nausea and Vomiting,other,other,metabolic,ambiguous,0,0
NCT01395901,ondansetron,Postoperative Nausea and Vomiting,other,other,metabolic,ambiguous,0,0
NCT01442376,ondansetron,Chemotherapy-Induced Nausea and Vomiting,other,other,metabolic,ambiguous,0,0
NCT01231620,oseltamivir,"Influenza, Human",ORGAN_FUNCTION,cardiac,infection,off_mech,0,0
NCT01716624,oxybutynin,neurogenic bladder,other,cns,endocrine,off_mech,0,0
NCT01196390,paclitaxel,Esophageal Cancer,CLINICAL_EVENT,oncology,oncology,clinical_on_mech,0,0
NCT01248403,paclitaxel,Gastric Carcinoma,CLINICAL_EVENT,oncology,oncology,clinical_on_mech,0,0
NCT01275677,paclitaxel,Breast Cancer,CLINICAL_EVENT,oncology,oncology,clinical_on_mech,0,0
NCT01285609,paclitaxel,Lung Cancer,CLINICAL_EVENT,oncology,oncology,clinical_on_mech,0,0
NCT01358877,paclitaxel,Primary Breast Cancer,CLINICAL_EVENT,hepatic,oncology,clinical_off_or_other,0,0
NCT01364012,paclitaxel,Lung Cancer,CLINICAL_EVENT,oncology,oncology,clinical_on_mech,0,0
NCT01462890,paclitaxel,Ovarian Cancer,CLINICAL_EVENT,oncology,oncology,clinical_on_mech,0,0
NCT04031703,paclitaxel,Triple Negative Breast Cancer,CLINICAL_EVENT,other,oncology,clinical_off_or_other,0,0
NCT01662310,paliperidone,schizophrenia,CLINICAL_EVENT,cns,cns,clinical_on_mech,0,0
NCT01351415,pemetrexed,Lung Cancer,CLINICAL_EVENT,oncology,oncology,clinical_on_mech,0,0
NCT01360762,pentamidine,HIV infection,CLINICAL_EVENT,other,unk,clinical_off_or_other,0,0
NCT01393743,perampanel,generalized tonic-clonic seizures,SYMPTOM_SCALE,cns,cns,ambiguous,0,0
NCT01413958,phenylephrine,seasonal allergic rhinitis,SYMPTOM_SCALE,cns,respiratory,off_mech,0,0
NCT01366209,pirfenidone,Idiopathic Pulmonary Fibrosis,ORGAN_FUNCTION,respiratory,oncology,off_mech,0,0
NCT01146834,plerixafor,Multiple Myeloma,other,other,oncology,ambiguous,0,0
NCT01304472,prasugrel,Coronary Artery Disease (CAD),BIOMARKER,hematologic,hematologic,on_mech_surrogate,1,1
NCT01327534,prasugrel,Myocardial Infarction; STEMI,BIOMARKER,hematologic,hematologic,on_mech_surrogate,1,1
NCT01338909,prasugrel,Myocardial Infarction,BIOMARKER,hematologic,hematologic,on_mech_surrogate,1,1
NCT01272635,prednisolone,Asthma; Wheezing,SYMPTOM_SCALE,respiratory,sensory,off_mech,0,0
NCT01308567,prednisone,Prostate Cancer,CLINICAL_EVENT,oncology,metabolic,clinical_off_or_other,0,0
NCT01365598,primaquine,Plasmodium falciparum malaria,SYMPTOM_SCALE,other,infection,ambiguous,0,0
NCT01349010,probucol,hyperlipidemia,BIOMARKER,other,cardiac,ambiguous,0,0
NCT01573637,raloxifene,schizophrenia,SYMPTOM_SCALE,cns,endocrine,off_mech,0,0
NCT01453192,raltegravir,HIV-1 infection,CLINICAL_EVENT,cardiac,infection,clinical_off_or_other,0,0
NCT01215253,ranolazine,Ischemic Cardiomyopathy; Nonischemic Cardiomyopathy; Heart Failure,CLINICAL_EVENT,cardiac,cardiac,clinical_on_mech,0,0
NCT01442038,ranolazine,Coronary Artery Disease; Angina Pectoris,CLINICAL_EVENT,other,cardiac,clinical_off_or_other,0,0
NCT01472185,ranolazine,Type 2 Diabetes Mellitus,BIOMARKER,metabolic,cardiac,off_mech,0,1
NCT01736891,rasagiline,Parkinson's Disease,other,other,cns,ambiguous,0,0
NCT01318694,ribavirin,hepatitis C virus infection,BIOMARKER,other,infection,ambiguous,0,0
NCT01433887,ribavirin,hepatitis C virus infection,other,other,infection,ambiguous,0,0
NCT01448044,ribavirin,hepatitis C virus infection,BIOMARKER,other,infection,ambiguous,0,0
NCT01468584,ribavirin,hepatitis C virus infection,other,infection,infection,ambiguous,0,0
NCT01479868,ribavirin,hepatitis C virus infection,BIOMARKER,other,infection,ambiguous,0,0
NCT01266902,rilpivirine,HIV-1 infection,SYMPTOM_SCALE,other,infection,ambiguous,0,0
NCT01295372,risperidone,Schizophrenia,BIOMARKER,metabolic,cns,off_mech,0,1
NCT01281813,ritonavir,HIV-1 Infections,CLINICAL_EVENT,other,infection,clinical_off_or_other,0,0
NCT01335698,ritonavir,HIV,ORGAN_FUNCTION,cardiac,infection,off_mech,0,0
NCT01313494,roflumilast,Chronic Obstructive Pulmonary Disease,ORGAN_FUNCTION,respiratory,respiratory,on_mech_surrogate,1,1
NCT01405053,rufinamide,Lennox-Gastaut syndrome,SYMPTOM_SCALE,cns,cns,ambiguous,0,0
NCT01285271,sevoflurane,coronary artery bypass,BIOMARKER,respiratory,cns,off_mech,0,0
NCT00994903,simvastatin,Intestinal Neoplasm; Perioperative Care,other,other,cardiac,ambiguous,0,0
NCT01266434,simvastatin,Asthma,ORGAN_FUNCTION,respiratory,cardiac,off_mech,0,0
NCT01334229,sitagliptin,Type 2 Diabetes,other,other,metabolic,ambiguous,0,0
NCT01497366,sofosbuvir,hepatitis C virus infection,other,other,infection,ambiguous,0,0
NCT01462812,sumatriptan,migraine,SYMPTOM_SCALE,cns,cns,ambiguous,0,0
NCT01444651,tadalafil,Cardiovascular Disease; Insulin Resistance; Glucose Intolerance; Obesity,BIOMARKER,metabolic,endocrine,off_mech,0,1
NCT01460342,tadalafil,Benign Prostatic Hyperplasia,BIOMARKER,other,endocrine,ambiguous,0,0
NCT02995772,tamoxifen,Breast Cancer,CLINICAL_EVENT,oncology,oncology,clinical_on_mech,0,0
NCT01433107,terbinafine,tinea pedis,SYMPTOM_SCALE,other,derm,ambiguous,0,0
NCT01446042,testosterone,male hypogonadism,BIOMARKER,other,endocrine,ambiguous,0,0
NCT02101359,tetracaine,cataract,other,other,cardiac,ambiguous,0,0
NCT01294462,ticagrelor,Acute Coronary Syndrome; Percutaneous Coronary Intervention,other,other,hematologic,ambiguous,0,0
NCT01360437,ticagrelor,Coronary Artery Disease; Acute Coronary Syndrome,BIOMARKER,hematologic,hematologic,on_mech_surrogate,1,1
NCT01285492,tiotropium,Chronic Obstructive Pulmonary Disease,CLINICAL_EVENT,other,unk,clinical_off_or_other,0,0
NCT01290874,tiotropium,asthma,CLINICAL_EVENT,respiratory,unk,clinical_off_or_other,0,0
NCT01395888,tiotropium,COPD,other,other,unk,ambiguous,0,0
NCT01462929,tiotropium,Chronic Obstructive Pulmonary Disease,ORGAN_FUNCTION,respiratory,unk,off_mech,0,0
NCT01490125,tiotropium,Chronic Obstructive Pulmonary Disease,SYMPTOM_SCALE,other,unk,ambiguous,0,0
NCT01291433,tocopherol acetate,radiation-induced brachial plexopathy,SYMPTOM_SCALE,cns,unk,off_mech,0,0
NCT01556646,tolvaptan,Cirrhosis; Hepatic Encephalopathy; Hyponatremia,other,cns,cardiac,off_mech,0,0
NCT01343277,trabectedin,liposarcoma or leiomyosarcoma,CLINICAL_EVENT,oncology,oncology,clinical_on_mech,0,0
NCT01379989,trabectedin,Ovarian Cancer,CLINICAL_EVENT,oncology,oncology,clinical_on_mech,0,0
NCT01519245,tranexamic acid,Coronary Artery Disease,SYMPTOM_SCALE,other,hematologic,ambiguous,0,0
NCT02781597,tranexamic acid,Hemoptysis,SYMPTOM_SCALE,other,hematologic,ambiguous,0,0
NCT01356602,triamcinolone acetonide,gout,SYMPTOM_SCALE,cns,unk,off_mech,0,0
NCT01298323,vandetanib,Locally Advanced or Metastatic Medullary Thyroid Cancer; Medullary Thyroid Cancer,other,other,oncology,ambiguous,0,0
NCT01184664,varenicline,smoking cessation,SYMPTOM_SCALE,other,cns,ambiguous,0,0
NCT01206010,varenicline,smoking cessation,SYMPTOM_SCALE,other,cns,ambiguous,0,0
NCT01307397,vemurafenib,Metastatic Melanoma,CLINICAL_EVENT,oncology,oncology,clinical_on_mech,0,0
NCT01336608,vilanterol,COPD,CLINICAL_EVENT,respiratory,unk,clinical_off_or_other,0,0
NCT01497522,vildagliptin,Type 2 Diabetes,BIOMARKER,metabolic,metabolic,on_mech_surrogate,1,1
NCT01200758,vincristine,Non-Hodgkin's Lymphoma,BIOMARKER,other,oncology,ambiguous,0,0
NCT01355081,vortioxetine,Treatment of Major Depressive Disorder,SYMPTOM_SCALE,cns,cns,ambiguous,0,0
NCT01364649,vortioxetine,Treatment of Major Depressive Disorder,SYMPTOM_SCALE,other,cns,ambiguous,0,0
NCT01369576,zopiclone,obstructive sleep apnea,other,other,cns,ambiguous,0,0
NCT01244815,asenapine,Pediatric Bipolar Disorder,SYMPTOM_SCALE,cns,cns,ambiguous,0,0
NCT01396291,asenapine,bipolar disorder,CLINICAL_EVENT,other,cns,clinical_off_or_other,0,0
NCT02575729,betamethasone,Carpal Tunnel Syndrome,other,other,derm,ambiguous,0,0
NCT01223352,bosentan,pulmonary arterial hypertension,BIOMARKER,other,cardiac,ambiguous,0,0
NCT01423292,bupivacaine,Laparoscopic Colecctomy,SYMPTOM_SCALE,cns,cns,ambiguous,0,0
NCT01395290,vitamin D3,Diabetes,other,other,metabolic,ambiguous,0,0
NCT01401465,ciclesonide,perennial allergic rhinitis,CLINICAL_EVENT,other,respiratory,clinical_off_or_other,0,0
NCT01392677,dapagliflozin,Type 2 Diabetes,BIOMARKER,metabolic,metabolic,on_mech_surrogate,1,1
NCT01328041,dolutegravir,infection,BIOMARKER,other,infection,ambiguous,0,0
NCT01504178,duloxetine,Parkinson's Disease,BIOMARKER,cns,cns,on_mech_surrogate,1,1
NCT01352117,etoposide,HIV-1 Infection; Kaposi's Sarcoma,CLINICAL_EVENT,oncology,oncology,clinical_on_mech,0,0
NCT01372150,fluoxetine,Major Depressive Disorder,SYMPTOM_SCALE,cns,cns,ambiguous,0,0
NCT01431950,fluticasone furoate,asthma,ORGAN_FUNCTION,respiratory,respiratory,on_mech_surrogate,1,1
NCT01231347,gemcitabine,Adenocarcinoma of the Pancreas; Advanced Solid Tumors; Cancer; Cancer of Pancreas; Cancer of the Pancreas; Metastases; Metastatic Cancer; Metastatic Pancreatic Cancer; Pancreas Cancer; Pancreatic Cancer; Bone Metastases; Endocrine Cancer; Oncology; Oncology Patients; Solid Tumors; Advanced Malignancy,CLINICAL_EVENT,oncology,oncology,clinical_on_mech,0,0
NCT01345058,lacosamide,Epilepsy,other,cns,cns,ambiguous,0,0
NCT01422876,linagliptin,Type 2 Diabetes,BIOMARKER,metabolic,metabolic,on_mech_surrogate,1,1
NCT01290939,lomustine,glioblastoma multiforme,CLINICAL_EVENT,oncology,oncology,clinical_on_mech,0,0
NCT01505426,metformin,Diabetes,BIOMARKER,metabolic,metabolic,on_mech_surrogate,1,1
NCT01235507,methotrexate,Rheumatoid Arthritis,other,other,oncology,ambiguous,0,0
NCT01353859,methotrexate,Rheumatoid Arthritis,BIOMARKER,other,oncology,ambiguous,0,0
NCT01470053,mometasone furoate,perennial allergic rhinitis,SYMPTOM_SCALE,other,derm,ambiguous,0,0
NCT01316107,nateglinide,type 2 diabetes mellitus,BIOMARKER,metabolic,metabolic,on_mech_surrogate,1,1
NCT01499134,nebivolol,Hypertension,SYMPTOM_SCALE,cns,cardiac,off_mech,0,0
NCT01311687,pomalidomide,Multiple Myeloma,CLINICAL_EVENT,hematologic,oncology,clinical_off_or_other,0,0
NCT01324947,pomalidomide,Multiple Myeloma,BIOMARKER,hematologic,oncology,off_mech,0,0
NCT01376349,prasterone,Postmenopausal Cancer,SYMPTOM_SCALE,other,metabolic,ambiguous,0,0
NCT01330381,prucalopride,functional constipation,other,other,metabolic,ambiguous,0,0
NCT01306721,pseudoephedrine,seasonal allergic rhinitis,SYMPTOM_SCALE,other,respiratory,ambiguous,0,0
NCT01370642,ribavirin,hepatitis C virus infection,BIOMARKER,other,infection,ambiguous,0,0
NCT01405560,ribavirin,hepatitis C virus infection,BIOMARKER,other,infection,ambiguous,0,0
NCT01405937,ribavirin,hepatitis C virus infection,BIOMARKER,other,infection,ambiguous,0,0
NCT01296412,sitagliptin,"Diabetes Mellitus, Type 2",BIOMARKER,metabolic,metabolic,on_mech_surrogate,1,1
NCT01198145,sulfasalazine,With Cancer,SYMPTOM_SCALE,other,metabolic,ambiguous,0,0
NCT01435655,tafamidis,transthyretin amyloid polyneuropathy,BIOMARKER,other,cns,ambiguous,0,0
NCT01430754,tasimelteon,non-24-hour sleep-wake disorder,other,other,cns,ambiguous,0,0
NCT01301833,teneligliptin,Type 2 Diabetes,SYMPTOM_SCALE,other,metabolic,ambiguous,0,0
NCT01294787,tiotropium,Chronic Obstructive Pulmonary Disease,other,other,unk,ambiguous,0,0
NCT01431274,tiotropium,Chronic Obstructive Pulmonary Disease,ORGAN_FUNCTION,respiratory,unk,off_mech,0,0
NCT01431287,tiotropium,Chronic Obstructive Pulmonary Disease,ORGAN_FUNCTION,respiratory,unk,off_mech,0,0
NCT01357252,vildagliptin,Type 2 Diabetes,BIOMARKER,metabolic,metabolic,on_mech_surrogate,1,1
NCT01115673,acetaminophen,Pain,SYMPTOM_SCALE,cns,cns,ambiguous,0,0
NCT01216163,acetaminophen,Pain,SYMPTOM_SCALE,cns,cns,ambiguous,0,0
NCT04704713,afamelanotide,polymorphic light eruption,SYMPTOM_SCALE,other,derm,ambiguous,0,0
NCT01235637,alfentanil,Child Comfort; Morphine; Intensive Care Units; Pediatric,SYMPTOM_SCALE,cns,cns,ambiguous,0,0
NCT01151410,aliskiren,Hypertension,BIOMARKER,cardiac,cardiac,on_mech_surrogate,1,1
NCT01318395,aliskiren,pulmonary arterial hypertension,other,other,cardiac,ambiguous,0,0
NCT01715207,aliskiren,Marfan syndrome,BIOMARKER,cardiac,cardiac,on_mech_surrogate,1,1
NCT01092221,allopurinol,mania,other,other,msk,ambiguous,0,0
NCT01101035,allopurinol,cardiovascular disease,CLINICAL_EVENT,cardiac,msk,clinical_off_or_other,0,0
NCT01289119,alogliptin,Type 2 Diabetes,BIOMARKER,metabolic,metabolic,on_mech_surrogate,1,1
NCT01224210,ambrisentan,portopulmonary hypertension,other,cardiac,cardiac,ambiguous,0,0
NCT01173809,amiodarone,atrial fibrillation,CLINICAL_EVENT,other,cardiac,clinical_off_or_other,0,0
NCT01194219,apremilast,plaque psoriasis,BIOMARKER,oncology,oncology,on_mech_surrogate,1,1
NCT01232283,apremilast,plaque psoriasis,BIOMARKER,oncology,oncology,on_mech_surrogate,1,1
NCT01072630,armodafinil,Major Depression,SYMPTOM_SCALE,cns,cns,ambiguous,0,0
NCT01072929,armodafinil,Major Depression,SYMPTOM_SCALE,cns,cns,ambiguous,0,0
NCT01142596,asenapine,schizophrenia,other,other,cns,ambiguous,0,0
NCT01140451,ataluren,Cystic Fibrosis,CLINICAL_EVENT,other,msk,clinical_off_or_other,0,0
NCT01236365,atorvastatin,Type 1 Diabetes,BIOMARKER,renal,cardiac,off_mech,0,0
NCT01074047,azacitidine,Acute Myeloid Leukemia,CLINICAL_EVENT,oncology,oncology,clinical_on_mech,0,0
NCT01133626,beclomethasone dipropionate,perennial allergic rhinitis,SYMPTOM_SCALE,other,respiratory,ambiguous,0,0
NCT01059630,bendamustine,Non-Hodgkin's Lymphoma,CLINICAL_EVENT,hematologic,oncology,clinical_off_or_other,0,0
NCT01073163,bendamustine,Cell Lymphoma,other,other,oncology,ambiguous,0,0
NCT01222247,betamethasone,Pregnancy; Respiratory Distress Syndrome; Pregnancy Outcomes; Preterm Birth,CLINICAL_EVENT,metabolic,derm,clinical_off_or_other,0,0
NCT01218607,bosentan,Mild Pulmonary Vascular Disease,BIOMARKER,respiratory,cardiac,off_mech,0,0
NCT01143181,brincidofovir,adenovirus infection,BIOMARKER,infection,infection,on_mech_surrogate,1,1
NCT01261325,brivaracetam,epilepsy,other,cns,cns,ambiguous,0,0
NCT01035190,budesonide,Bronchopulmonary Dysplasia,CLINICAL_EVENT,other,metabolic,clinical_off_or_other,0,0
NCT01100112,budesonide,"Colitis, Ulcerative",BIOMARKER,hematologic,metabolic,off_mech,0,0
NCT01209208,budesonide,Lymphocytic Colitis,BIOMARKER,hematologic,metabolic,off_mech,0,0
NCT01114308,buprenorphine,opioid use disorder,other,other,cns,ambiguous,0,0
NCT01256450,buprenorphine,Low back pain,SYMPTOM_SCALE,cns,cns,ambiguous,0,0
NCT00943618,bupropion,Smoking Cessation,other,other,cns,ambiguous,0,0
NCT01135212,candesartan cilexetil,essential hypertension,BIOMARKER,other,unk,ambiguous,0,0
NCT01026142,capecitabine,Metastatic Breast Cancer,CLINICAL_EVENT,oncology,oncology,clinical_on_mech,0,0
NCT01097018,capecitabine,Advanced Colorectal Cancer,CLINICAL_EVENT,oncology,oncology,clinical_on_mech,0,0
NCT01112826,capecitabine,Breast Cancer,CLINICAL_EVENT,other,oncology,clinical_off_or_other,0,0
NCT05029297,capsaicin,diabetic neuropathy,SYMPTOM_SCALE,cns,cns,ambiguous,0,0
NCT01058096,cariprazine,bipolar disorder,SYMPTOM_SCALE,cns,cns,ambiguous,0,0
NCT01058668,cariprazine,Bipolar I Disorder,SYMPTOM_SCALE,cns,cns,ambiguous,0,0
NCT01059539,cariprazine,Bipolar I Disorder,SYMPTOM_SCALE,cns,cns,ambiguous,0,0
NCT01104766,cariprazine,schizophrenia,CLINICAL_EVENT,cns,cns,clinical_on_mech,0,0
NCT01104779,cariprazine,schizophrenia,CLINICAL_EVENT,cns,cns,clinical_on_mech,0,0
NCT01104792,cariprazine,schizophrenia,SYMPTOM_SCALE,cns,cns,ambiguous,0,0
NCT01130181,vitamin D3,vitamin D deficiency,CLINICAL_EVENT,other,metabolic,clinical_off_or_other,0,0
NCT01138475,vitamin D3,Gastric Bypass; Parathyroid Hormone,other,other,metabolic,ambiguous,0,0
NCT01190683,vitamin D3,vitamin D deficiency,other,other,metabolic,ambiguous,0,0
NCT02005718,vitamin D3,chronic kidney disease,ORGAN_FUNCTION,other,metabolic,ambiguous,0,0
NCT00975221,cinacalcet,"Hyperparathyroidism, Primary; Hypercalcemia",BIOMARKER,other,endocrine,ambiguous,0,0
NCT01208922,ciprofloxacin,Traveler's Diarrhea,other,other,infection,ambiguous,0,0
NCT01179828,clobazam,Low back pain,SYMPTOM_SCALE,cns,cns,ambiguous,0,0
NCT01031680,dapagliflozin,Type 2 Diabetes Mellitus,BIOMARKER,metabolic,metabolic,on_mech_surrogate,1,1
NCT01042977,dapagliflozin,Type 2 Diabetes Mellitus,BIOMARKER,metabolic,metabolic,on_mech_surrogate,1,1
NCT01095653,dapagliflozin,Type 2 Diabetes,BIOMARKER,metabolic,metabolic,on_mech_surrogate,1,1
NCT01095666,dapagliflozin,Type 2 Diabetes,BIOMARKER,metabolic,metabolic,on_mech_surrogate,1,1
NCT01137474,dapagliflozin,Type 2 Diabetes,BIOMARKER,cardiac,metabolic,off_mech,0,0
NCT01195662,dapagliflozin,Type 2 Diabetes,BIOMARKER,cardiac,metabolic,off_mech,0,0
NCT01184872,daptomycin,Infections,CLINICAL_EVENT,infection,infection,clinical_on_mech,0,0
NCT01219881,desflurane,Cystoscopes; Baxter Anaesthesia Brand of Desflurane; Sevoflurane,other,other,cns,ambiguous,0,0
NCT01527786,desvenlafaxine,Depression,SYMPTOM_SCALE,other,cns,ambiguous,0,0
NCT01062568,dexamethasone,Development,BIOMARKER,other,derm,ambiguous,0,0
NCT01170780,dexamethasone,Inguinal Hernia; Femoral Hernia,SYMPTOM_SCALE,cns,derm,off_mech,0,0
NCT01176240,droxidopa,Parkinson's Disease,CLINICAL_EVENT,other,cardiac,clinical_off_or_other,0,0
NCT01089556,duloxetine,"Diabetic Neuropathy, Painful",SYMPTOM_SCALE,cns,cns,ambiguous,0,0
NCT01140906,duloxetine,Major Depressive Disorder,SYMPTOM_SCALE,cns,cns,ambiguous,0,0
NCT01212991,enzalutamide,Metastatic Prostate Cancer,CLINICAL_EVENT,oncology,oncology,clinical_on_mech,0,0
NCT01115855,eplerenone,Heart Failure,CLINICAL_EVENT,cardiac,cardiac,clinical_on_mech,0,0
NCT01319344,eplerenone,Metabolic Syndrome; Endothelial Dysfunction,other,other,cardiac,ambiguous,0,0
NCT01069900,ertapenem,intra-abdominal infection,CLINICAL_EVENT,other,infection,clinical_off_or_other,0,0
NCT01422720,eslicarbazepine acetate,epilepsy,SYMPTOM_SCALE,other,unk,ambiguous,0,0
NCT01069939,esomeprazole,Prevention,CLINICAL_EVENT,other,metabolic,clinical_off_or_other,0,0
NCT01198834,etodolac,ankle sprain,SYMPTOM_SCALE,cns,msk,off_mech,0,0
NCT01091675,etoricoxib,ankylosing spondylitis,SYMPTOM_SCALE,other,msk,ambiguous,0,0
NCT01199861,fingolimod,Multiple Sclerosis,ORGAN_FUNCTION,infection,oncology,off_mech,0,0
NCT01201356,fingolimod,Multiple Sclerosis,CLINICAL_EVENT,other,oncology,clinical_off_or_other,0,0
NCT01086384,fluticasone furoate,asthma,CLINICAL_EVENT,respiratory,respiratory,clinical_on_mech,0,0
NCT01159912,fluticasone furoate,asthma,ORGAN_FUNCTION,respiratory,respiratory,on_mech_surrogate,1,1
NCT00981058,gemcitabine,Lung Cancer,CLINICAL_EVENT,oncology,oncology,clinical_on_mech,0,0
NCT01072981,gemcitabine,Surgically Resected Pancreatic Cancer,CLINICAL_EVENT,oncology,oncology,clinical_on_mech,0,0
NCT01167881,glimepiride,Type 2 Diabetes,BIOMARKER,metabolic,metabolic,on_mech_surrogate,1,1
NCT01189890,glimepiride,Type 2 Diabetes Mellitus,BIOMARKER,metabolic,metabolic,on_mech_surrogate,1,1
NCT01087658,glutamine,colorectal cancer,other,cns,metabolic,off_mech,0,0
NCT01132118,hydroxychloroquine,Rheumatoid Arthritis,BIOMARKER,metabolic,infection,off_mech,0,1
NCT01148043,hydroxychloroquine,Osteoarthritis,SYMPTOM_SCALE,cns,infection,off_mech,0,0
NCT01171794,ibuprofen,Altitude Sickness,SYMPTOM_SCALE,cns,endocrine,off_mech,0,0
NCT01151852,imatinib,Gastrointestinal Stromal Tumors,CLINICAL_EVENT,oncology,oncology,clinical_on_mech,0,0
NCT01068600,indacaterol,chronic obstructive pulmonary disease,ORGAN_FUNCTION,respiratory,respiratory,on_mech_surrogate,1,1
NCT01079130,indacaterol,asthma,ORGAN_FUNCTION,respiratory,respiratory,on_mech_surrogate,1,1
NCT01089127,indacaterol,Chronic Obstructive Pulmonary Disease,ORGAN_FUNCTION,respiratory,respiratory,on_mech_surrogate,1,1
NCT01117012,ivacaftor,cystic fibrosis,CLINICAL_EVENT,other,respiratory,clinical_off_or_other,0,0
NCT01301079,ketamine,Pain; Hyperalgesia; Inflammatory Response,SYMPTOM_SCALE,cns,cns,ambiguous,0,0
NCT00770133,ketotifen,allergic conjunctivitis,SYMPTOM_SCALE,other,respiratory,ambiguous,0,0
NCT01509261,lansoprazole,Erosive Esophagitis; GERD,other,other,metabolic,ambiguous,0,0
NCT01029262,lenalidomide,Anemia,SYMPTOM_SCALE,other,oncology,ambiguous,0,0
NCT01109004,lenalidomide,Multiple Myeloma,CLINICAL_EVENT,hematologic,oncology,clinical_off_or_other,0,0
NCT01243476,lenalidomide,Myelodysplastic Syndrome,SYMPTOM_SCALE,hematologic,oncology,off_mech,0,0
NCT01121848,leucovorin,Pancreatic Cancer,CLINICAL_EVENT,oncology,unk,clinical_off_or_other,0,0
NCT01063764,levetiracetam,Epilepsy; Partial Seizures,SYMPTOM_SCALE,cns,cns,ambiguous,0,0
NCT01228747,levetiracetam,Epilepsy; Generalized Tonic-Clonic Seizures,other,cns,cns,ambiguous,0,0
NCT01087502,linagliptin,diabetes Mellitus,BIOMARKER,renal,metabolic,off_mech,0,0
NCT01194830,linagliptin,Type 2 Diabetes,BIOMARKER,metabolic,metabolic,on_mech_surrogate,1,1
NCT01204294,linagliptin,"Diabetes Mellitus, Type 2",CLINICAL_EVENT,other,metabolic,clinical_off_or_other,0,0
NCT01214239,linagliptin,"Diabetes Mellitus, Type 2",BIOMARKER,metabolic,metabolic,on_mech_surrogate,1,1
NCT01215097,linagliptin,"Diabetes Mellitus, Type 2",BIOMARKER,metabolic,metabolic,on_mech_surrogate,1,1
NCT01170221,linezolid,skin and soft tissue bacterial infection,other,oncology,infection,off_mech,0,0
NCT01060072,loteprednol etabonate,inflammation,SYMPTOM_SCALE,other,sensory,ambiguous,0,0
NCT01298219,lubiprostone,opioid-induced constipation,other,other,metabolic,ambiguous,0,0
NCT01173562,mebendazole,Healthy Volunteers,SYMPTOM_SCALE,other,infection,ambiguous,0,0
NCT01357031,melatonin,Migraine,SYMPTOM_SCALE,cns,cns,ambiguous,0,0
NCT01412372,mesalamine,irritable bowel syndrome,SYMPTOM_SCALE,cns,metabolic,off_mech,0,0
NCT01034111,metformin,Type 2 Diabetes Mellitus,CLINICAL_EVENT,metabolic,metabolic,clinical_on_mech,0,0
NCT01076075,metformin,Type 2 Diabetes Mellitus,BIOMARKER,metabolic,metabolic,on_mech_surrogate,1,1
NCT01106625,metformin,"Diabetes Mellitus, Type 2",BIOMARKER,metabolic,metabolic,on_mech_surrogate,1,1
NCT01126580,metformin,Type 2 Diabetes Mellitus,BIOMARKER,metabolic,metabolic,on_mech_surrogate,1,1
NCT01137812,metformin,"Diabetes Mellitus, Type 2",BIOMARKER,metabolic,metabolic,on_mech_surrogate,1,1
NCT01169779,metformin,Type 2 Diabetes Mellitus,BIOMARKER,metabolic,metabolic,on_mech_surrogate,1,1
NCT01063062,methotrexate,Rheumatoid Arthritis,BIOMARKER,other,oncology,ambiguous,0,0
NCT01142726,methotrexate,Rheumatoid Arthritis,BIOMARKER,hematologic,oncology,off_mech,0,0
NCT01188798,methotrexate,Graft-versus-host Disease,CLINICAL_EVENT,hepatic,oncology,clinical_off_or_other,0,0
NCT01232920,methotrexate,Uveitis,CLINICAL_EVENT,other,oncology,clinical_off_or_other,0,0
NCT01251614,methotrexate,Plaque Psoriasis,CLINICAL_EVENT,oncology,oncology,clinical_on_mech,0,0
NCT01186770,methylnaltrexone,constipation,SYMPTOM_SCALE,other,unk,ambiguous,0,0
NCT01371565,mifepristone,pituitary-dependent Cushing's disease,other,other,endocrine,ambiguous,0,0
NCT01302964,mirtazapine,Autism Spectrum Disorders,BIOMARKER,other,cns,ambiguous,0,0
NCT02937285,mitoxantrone,Multiple Sclerosis,CLINICAL_EVENT,other,oncology,clinical_off_or_other,0,0
NCT01440621,modafinil,in Cancer,other,oncology,cns,off_mech,0,0
NCT01135134,mometasone furoate,perennial allergic rhinitis,CLINICAL_EVENT,other,derm,clinical_off_or_other,0,0
NCT01002742,mycophenolate mofetil,Graft-versus-Host Disease; Immune System Disorders,CLINICAL_EVENT,other,unk,clinical_off_or_other,0,0
NCT01092962,mycophenolate mofetil,Idiopathic Nephrotic Syndrome,CLINICAL_EVENT,renal,unk,clinical_off_or_other,0,0
NCT01140217,norethindrone acetate,Contraceptive Usage,other,other,unk,ambiguous,0,0
NCT01065649,nortriptyline,gastroesophageal reflux disease,other,cardiac,cns,off_mech,0,0
NCT01150162,omeprazole,Gastric Ulcer,other,other,metabolic,ambiguous,0,0
NCT01338077,omeprazole,Gastroesophageal Reflux Disease; Heartburn,SYMPTOM_SCALE,cardiac,metabolic,off_mech,0,0
NCT01121042,ondansetron,Schizoaffective and Schizophreniform Disorders; Schizophrenia,SYMPTOM_SCALE,cns,metabolic,off_mech,0,0
NCT01084876,paclitaxel,Metastatic Breast Cancer,other,oncology,oncology,ambiguous,0,0
NCT01107626,paclitaxel,Lung Cancer,CLINICAL_EVENT,oncology,oncology,clinical_on_mech,0,0
NCT01166542,paclitaxel,Neck Cancer,CLINICAL_EVENT,oncology,oncology,clinical_on_mech,0,0
NCT01170663,paclitaxel,Gastric Cancer,CLINICAL_EVENT,oncology,oncology,clinical_on_mech,0,0
NCT01204749,paclitaxel,Ovarian Cancer,CLINICAL_EVENT,oncology,oncology,clinical_on_mech,0,0
NCT01239732,paclitaxel,Ovarian Cancer,other,other,oncology,ambiguous,0,0
NCT04127019,paclitaxel,Breast Cancer,CLINICAL_EVENT,other,oncology,clinical_off_or_other,0,0
NCT01034163,panobinostat,Hodgkin lymphoma,other,other,oncology,ambiguous,0,0
NCT01284556,phenobarbital,epilepsy,other,cns,cns,ambiguous,0,0
NCT01225081,pioglitazone,Type 2 Diabetes Mellitus,BIOMARKER,metabolic,metabolic,on_mech_surrogate,1,1
NCT01178281,pomalidomide,Primary Myelofibrosis; MPN-associated Myelofibrosis,other,other,oncology,ambiguous,0,0
NCT01155765,prasugrel,Hemodialysis; Chronic Renal Failure,BIOMARKER,hematologic,hematologic,on_mech_surrogate,1,1
NCT01336348,prasugrel,ST Segment Elevation Myocardial Infarction,BIOMARKER,hematologic,hematologic,on_mech_surrogate,1,1
NCT01353235,prednisolone,Chronic Obstructive Pulmonary Disease,CLINICAL_EVENT,other,sensory,clinical_off_or_other,0,0
NCT01124838,prednisone,Uveitis,CLINICAL_EVENT,oncology,metabolic,clinical_off_or_other,0,0
NCT01138657,prednisone,Uveitis,CLINICAL_EVENT,oncology,metabolic,clinical_off_or_other,0,0
NCT01193244,prednisone,Prostate Cancer,CLINICAL_EVENT,oncology,metabolic,clinical_off_or_other,0,0
NCT01193257,prednisone,Prostate Cancer,CLINICAL_EVENT,oncology,metabolic,clinical_off_or_other,0,0
NCT01143064,progesterone,Brain Injuries,CLINICAL_EVENT,other,endocrine,clinical_off_or_other,0,0
NCT01116206,prucalopride,constipation,other,other,metabolic,ambiguous,0,0
NCT01147926,prucalopride,constipation,other,other,metabolic,ambiguous,0,0
NCT01251822,prucalopride,constipation,other,other,metabolic,ambiguous,0,0
NCT01197846,quetiapine,Bipolar Disorder,SYMPTOM_SCALE,other,cns,ambiguous,0,0
NCT01258049,quinine,Plasmodium falciparum malaria,BIOMARKER,other,msk,ambiguous,0,0
NCT01231516,raltegravir,infection,other,other,infection,ambiguous,0,0
NCT01174173,ranolazine,Angina; Pulmonary Arterial Hypertension,SYMPTOM_SCALE,other,cardiac,ambiguous,0,0
NCT01241760,ribavirin,hepatitis C virus infection,BIOMARKER,other,infection,ambiguous,0,0
NCT01263860,ribavirin,hepatitis C virus infection,other,other,infection,ambiguous,0,0
NCT01106586,ritonavir,HIV; HIV Infections,other,other,infection,ambiguous,0,0
NCT01094886,rivaroxaban,"Arthritis; Osteoarthritis, Knee; Osteoarthritis, Hip; Thromboembolism",other,other,hematologic,ambiguous,0,0
NCT01183806,rivastigmine,Alzheimer's Disease,SYMPTOM_SCALE,other,cns,ambiguous,0,0
NCT01082744,ropivacaine,Pain,other,other,cns,ambiguous,0,0
NCT01151540,rufinamide,Lennox-Gastaut syndrome,CLINICAL_EVENT,oncology,cns,clinical_off_or_other,0,0
NCT00946998,sertraline,Chronic Kidney Disease; Depression,SYMPTOM_SCALE,cns,cns,ambiguous,0,0
NCT01098318,sertraline,Major Depressive Disorder,SYMPTOM_SCALE,cns,cns,ambiguous,0,0
NCT01214382,sertraline,Roux en Y Gastric Bypass Surgery,BIOMARKER,other,cns,ambiguous,0,0
NCT01120405,sevoflurane,coronary artery disease,other,cardiac,cns,off_mech,0,0
NCT01095185,simvastatin,"Cirrhosis; Hypertension, Portal; Bleeding Esophageal Varices; Portal Vein Thrombosis",CLINICAL_EVENT,other,cardiac,clinical_off_or_other,0,0
NCT02134626,simvastatin,Portal Hypertension; Esophageal Varices; Liver Cirrhosis,other,hepatic,cardiac,off_mech,0,0
NCT01081834,sitagliptin,"Diabetes Mellitus, Type 2",BIOMARKER,metabolic,metabolic,on_mech_surrogate,1,1
NCT01106677,sitagliptin,"Diabetes Mellitus, Type 2",BIOMARKER,metabolic,metabolic,on_mech_surrogate,1,1
NCT01177813,sitagliptin,Type 2 Diabetes,BIOMARKER,metabolic,metabolic,on_mech_surrogate,1,1
NCT01340768,sitagliptin,Type 2 Diabetes,SYMPTOM_SCALE,metabolic,metabolic,ambiguous,0,0
NCT00803023,sodium oxybate,fibromyalgia,other,other,unk,ambiguous,0,0
NCT01059136,spironolactone,myocardial infarction,CLINICAL_EVENT,cardiac,cardiac,clinical_on_mech,0,0
NCT01265901,sunitinib,Cell Carcinoma,CLINICAL_EVENT,oncology,oncology,clinical_on_mech,0,0
NCT01139762,tadalafil,Benign Prostatic Hyperplasia; Enlarged Prostate,SYMPTOM_SCALE,other,endocrine,ambiguous,0,0
NCT01152190,tadalafil,Benign Prostatic Hyperplasia,other,cardiac,endocrine,off_mech,0,0
NCT01222520,telmisartan,Hypertension,BIOMARKER,other,cardiac,ambiguous,0,0
NCT01119937,tiotropium,chronic obstructive pulmonary disease,CLINICAL_EVENT,other,unk,clinical_off_or_other,0,0
NCT01076010,tivozanib,Subjects Who Have Participated in a Study of Tivozanib Versus Sorafenib in Kidney Carcinoma,SYMPTOM_SCALE,other,oncology,ambiguous,0,0
NCT01214421,tolvaptan,Autosomal Dominant Polycystic Kidney Disease (ADPKD),other,renal,cardiac,off_mech,0,0
NCT01349348,tolvaptan,Ascites; Hepatic Cirrhosis,BIOMARKER,metabolic,cardiac,off_mech,0,1
NCT01417754,toremifene,Circulatory; Change,other,other,oncology,ambiguous,0,0
NCT01306370,tranexamic acid,Knee Arthropathy,other,other,hematologic,ambiguous,0,0
NCT01142258,trazodone,Sleep Disorder,ORGAN_FUNCTION,cns,cns,on_mech_surrogate,1,1
NCT01572350,triamcinolone acetonide,diabetic macular edema,other,metabolic,unk,off_mech,0,0
NCT01176409,valacyclovir,Human Immunodeficiency Virus; Herpes Simplex,other,other,infection,ambiguous,0,0
NCT01162239,varenicline,nicotine dependence,SYMPTOM_SCALE,other,cns,ambiguous,0,0
NCT01314001,varenicline,nicotine dependence,SYMPTOM_SCALE,other,cns,ambiguous,0,0
NCT01006980,vemurafenib,Metastatic Melanoma,CLINICAL_EVENT,oncology,oncology,clinical_on_mech,0,0
NCT01181895,vilanterol,asthma,ORGAN_FUNCTION,respiratory,unk,off_mech,0,0
NCT01122641,vildagliptin,Insulin Resistance; Microvascular Disease,other,other,metabolic,ambiguous,0,0
NCT01159249,vildagliptin,Type 2 Diabetes,other,other,metabolic,ambiguous,0,0
NCT01224366,vildagliptin,Type 2 Diabetes Mellitus,BIOMARKER,metabolic,metabolic,on_mech_surrogate,1,1
NCT01233622,vildagliptin,Type 2 Diabetes Mellitus,BIOMARKER,metabolic,metabolic,on_mech_surrogate,1,1
NCT01257451,vildagliptin,Type 2 Diabetes,BIOMARKER,metabolic,metabolic,on_mech_surrogate,1,1
NCT01262586,vildagliptin,Type II Diabetes Mellitus,other,metabolic,metabolic,ambiguous,0,0
NCT01822548,vildagliptin,Type 2 Diabetes,other,other,metabolic,ambiguous,0,0
NCT01152996,vortioxetine,depressive disorder,SYMPTOM_SCALE,other,cns,ambiguous,0,0
NCT01153009,vortioxetine,Major Depressive Disorder,SYMPTOM_SCALE,cns,cns,ambiguous,0,0
NCT01163266,vortioxetine,Major Depressive Disorder,SYMPTOM_SCALE,cns,cns,ambiguous,0,0
NCT01179516,vortioxetine,Major Depressive Disorder,SYMPTOM_SCALE,cns,cns,ambiguous,0,0
NCT01130025,warfarin,in Cancer,CLINICAL_EVENT,other,hematologic,clinical_off_or_other,0,0
NCT01182441,warfarin,Atrial Fibrillation; Stroke,CLINICAL_EVENT,cns,hematologic,clinical_off_or_other,0,0
NCT01758640,warfarin,Anticoagulation in Pregnancy,other,cardiac,hematologic,off_mech,0,0
NCT01178073,ambrisentan,"Hypertension, Pulmonary",CLINICAL_EVENT,respiratory,cardiac,clinical_off_or_other,0,0
NCT01160380,armodafinil,Treat Cancer,SYMPTOM_SCALE,other,cns,ambiguous,0,0
NCT01190267,asenapine,schizophrenia,SYMPTOM_SCALE,other,cns,ambiguous,0,0
NCT01154036,atorvastatin,Hypercholesterolemia,BIOMARKER,metabolic,cardiac,off_mech,0,1
NCT01113489,beclomethasone dipropionate,allergic rhinitis,BIOMARKER,other,respiratory,ambiguous,0,0
NCT01073930,bisacodyl,Bowel Preparation,SYMPTOM_SCALE,other,metabolic,ambiguous,0,0
NCT01073943,bisacodyl,Bowel Preparation,SYMPTOM_SCALE,other,metabolic,ambiguous,0,0
NCT01078714,bumetanide,autism spectrum disorder,SYMPTOM_SCALE,other,cardiac,ambiguous,0,0
NCT01217892,dapagliflozin,Type 2 Diabetes,BIOMARKER,metabolic,metabolic,on_mech_surrogate,1,1
NCT01182376,dronedarone,Atrial Fibrillation,SYMPTOM_SCALE,hepatic,cardiac,off_mech,0,0
NCT01254344,ertapenem,Infection; Surgical Site Infection,SYMPTOM_SCALE,infection,infection,ambiguous,0,0
NCT01118572,etodolac,postoperative pain,other,other,msk,ambiguous,0,0
NCT01197521,fostamatinib,Rheumatoid Arthritis,BIOMARKER,cns,hematologic,off_mech,0,0
NCT01197534,fostamatinib,Rheumatoid Arthritis,BIOMARKER,cns,hematologic,off_mech,0,0
NCT01197755,fostamatinib,Rheumatoid Arthritis,BIOMARKER,cns,hematologic,off_mech,0,0
NCT01002573,ibuprofen,Fever,other,other,endocrine,ambiguous,0,0
NCT00922233,levonorgestrel,Healthy,other,other,endocrine,ambiguous,0,0
NCT01084005,linagliptin,Type 2 Diabetes,BIOMARKER,metabolic,metabolic,on_mech_surrogate,1,1
NCT01243424,linagliptin,Type 2 Diabetes,CLINICAL_EVENT,cardiac,metabolic,clinical_off_or_other,0,0
NCT01090713,lisdexamfetamine,binge eating disorder,other,other,cns,ambiguous,0,0
NCT00971165,losartan,Hypertension; Cardiovascular Disease,BIOMARKER,other,cardiac,ambiguous,0,0
NCT01135433,metformin,Type 2 Diabetes Mellitus,BIOMARKER,metabolic,metabolic,on_mech_surrogate,1,1
NCT01101438,metformin,Breast Cancer,CLINICAL_EVENT,oncology,metabolic,clinical_off_or_other,0,0
NCT01131273,methadone,HIV infection,other,other,cns,ambiguous,0,0
NCT01034137,methotrexate,Rheumatoid Arthritis,BIOMARKER,hematologic,oncology,off_mech,0,0
NCT01185301,methotrexate,Rheumatoid Arthritis,BIOMARKER,hematologic,oncology,off_mech,0,0
NCT01165424,mometasone furoate,perennial allergic rhinitis,other,other,derm,ambiguous,0,0
NCT01014442,mycophenolate mofetil,Lung Transplantation,BIOMARKER,other,unk,ambiguous,0,0
NCT01120184,paclitaxel,Metastatic Breast Cancer,CLINICAL_EVENT,oncology,oncology,clinical_on_mech,0,0
NCT02729441,perindopril,Diabetes; Microalbuminuria,other,renal,cardiac,off_mech,0,0
NCT01109784,prasugrel,Coronary Artery Disease (CAD); Acute Coronary Syndrome (ACS),BIOMARKER,hematologic,hematologic,on_mech_surrogate,1,1
NCT01075555,pravastatin,Liver Cancer,CLINICAL_EVENT,oncology,cardiac,clinical_off_or_other,0,0
NCT00532493,prazosin,post-traumatic stress disorder,SYMPTOM_SCALE,other,cardiac,ambiguous,0,0
NCT01227824,raltegravir,infection,other,infection,infection,ambiguous,0,0
NCT01048398,remifentanil,Labor pain,SYMPTOM_SCALE,cns,cns,ambiguous,0,0
NCT01719770,rocuronium,cardiac arrest,SYMPTOM_SCALE,other,unk,ambiguous,0,0
NCT01046110,sitagliptin,Type 2 Diabetes,BIOMARKER,metabolic,metabolic,on_mech_surrogate,1,1
NCT01098539,sitagliptin,Type 2 Diabetes,CLINICAL_EVENT,cardiac,metabolic,clinical_off_or_other,0,0
NCT01062763,spironolactone,diabetes mellitus,BIOMARKER,cardiac,cardiac,on_mech_surrogate,1,1
NCT01064310,sunitinib,Metastatic Kidney Cancer,SYMPTOM_SCALE,renal,oncology,off_mech,0,0
NCT01087671,tafluprost,open-angle glaucoma,SYMPTOM_SCALE,other,sensory,ambiguous,0,0
NCT01163032,tasimelteon,non-24-hour sleep-wake disorder,other,other,cns,ambiguous,0,0
NCT01120691,tiotropium,COPD,CLINICAL_EVENT,respiratory,unk,clinical_off_or_other,0,0
NCT01202188,tiotropium,Chronic Obstructive Pulmonary Disease,ORGAN_FUNCTION,respiratory,unk,off_mech,0,0
NCT01280721,tolvaptan,Autosomal Dominant Polycystic Kidney Disease （ADPKD),other,renal,cardiac,off_mech,0,0
NCT00860977,valacyclovir,HIV Infection; Herpes Simplex Type II; HIV Infections,BIOMARKER,other,infection,ambiguous,0,0
NCT02901431,RO5285119,Autism Spectrum Disorder,CLINICAL_EVENT,other,unk,clinical_off_or_other,0,0
NCT06013371,PF-07038124,Seborrheic Dermatitis; Papulopustular Rosacea,SYMPTOM_SCALE,other,unk,ambiguous,0,0
NCT05543707,PBI-0451 (Pomotrelvir),COVID-19,other,infection,unk,off_mech,0,0
NCT05237284,SAR443820,Amyotrophic Lateral Sclerosis,SYMPTOM_SCALE,other,unk,ambiguous,0,0
NCT05182476,Luvadaxistat,Schizophrenia,CLINICAL_EVENT,cns,unk,clinical_off_or_other,0,0
NCT04492722,AZD5718,Chronic Kidney Disease,other,renal,unk,off_mech,0,0
NCT03917719,Edasalonexent,Duchenne Muscular Dystrophy,other,other,unk,ambiguous,0,0
NCT03584516,Itacitinib,Chronic Graft-Versus-Host Disease,BIOMARKER,other,oncology,ambiguous,0,0
NCT03689244,selexipag,Chronic Thromboembolic Pulmonary Hypertension,other,cardiac,hematologic,off_mech,0,0
NCT03591874,brimonidine,Graft Versus Host Disease; Ocular Surface Disease; oGVHD; Ocular Graft vs Host Disease; Brimonidine Tartrate; Lubricant Eye Drops; Ophthalmic Solutions; Graft vs Host Disease,SYMPTOM_SCALE,other,sensory,ambiguous,0,0
NCT03354637,ATI-50002,Alopecia Areata,SYMPTOM_SCALE,other,unk,ambiguous,0,0
NCT03149679,cyclophosphamide,Colorectal Cancer,other,oncology,unk,off_mech,0,0
NCT03123393,TAK-659,Cell Lymphoma,BIOMARKER,hematologic,unk,off_mech,0,0
NCT02880371,ARRY-382,Advanced Solid Tumors,BIOMARKER,renal,unk,off_mech,0,0
NCT02626455,Copanlisib (BAY80-6946),"Lymphoma, Non-Hodgkin",BIOMARKER,hematologic,oncology,off_mech,0,0
NCT02687542,PF-06649751,Parkinson's Disease,SYMPTOM_SCALE,other,unk,ambiguous,0,0
NCT02342548,BID of PF-02545920,huntington disease,CLINICAL_EVENT,other,unk,clinical_off_or_other,0,0
NCT02080364,Azeliragon,Alzheimer's Disease,SYMPTOM_SCALE,cns,unk,off_mech,0,0
NCT02284906,pioglitazone,Alzheimer Disease,CLINICAL_EVENT,cns,metabolic,clinical_off_or_other,0,0
NCT02518971,tamsulosin,Postoperative Urinary Retention,CLINICAL_EVENT,other,endocrine,clinical_off_or_other,0,0
NCT02374853,vancomycin,INFECTION,other,infection,sensory,off_mech,0,0
NCT02119663,ruxolitinib,Pancreatic Cancer,CLINICAL_EVENT,oncology,derm,clinical_off_or_other,0,0
NCT01897519,ABT-719,Cardiothoracic Surgery; Vascular Surgery,other,other,unk,ambiguous,0,0
NCT01931566,pioglitazone,Alzheimer's Disease,CLINICAL_EVENT,cns,metabolic,clinical_off_or_other,0,0
NCT02629848,Motesanib,Advanced Non-Squamous Non-Small Cell Lung Cancer,CLINICAL_EVENT,oncology,unk,clinical_off_or_other,0,0
NCT01712074,PF-05212377 (SAM-760),Alzheimer's Disease,BIOMARKER,cns,unk,off_mech,0,0
NCT01355874,Iferanserin,Internal Hemorrhoids,other,other,unk,ambiguous,0,0
NCT01176565,nicardipine,intracerebral hemorrhage,CLINICAL_EVENT,other,cardiac,clinical_off_or_other,0,0
NCT01365910,linifanib,Refractory Colorectal Cancer,CLINICAL_EVENT,oncology,unk,clinical_off_or_other,0,0
NCT01083641,estradiol,Triple Negative Breast Cancer,other,oncology,endocrine,off_mech,0,0
NCT05732454,etrasimod,"Atopic Dermatitis; Atopic Dermatitis, Unspecified; Eczema; Eczema, Atopic",SYMPTOM_SCALE,other,oncology,ambiguous,0,0
NCT02978716,carboplatin,Triple-Negative Breast Neoplasms; Breast Neoplasm; Breast Cancer; Triple-Negative Breast Cancer,BIOMARKER,other,unk,ambiguous,0,0
NCT02034916,talazoparib,Breast Neoplasms; BRCA 1 Gene Mutation; BRCA 2 Gene Mutation,other,oncology,oncology,ambiguous,0,0
NCT04952519,amantadine,Patients With Moderate or Severe COVID-19,SYMPTOM_SCALE,other,cns,ambiguous,0,0
NCT04759833,prucalopride,Constipation,other,other,metabolic,ambiguous,0,0
NCT04709380,Sorafenib,Radiotherapy; Toripalimab; Sorafenib; Advanced Hepatocellular Carcinoma,CLINICAL_EVENT,other,oncology,clinical_off_or_other,0,0
NCT04409288,apalutamide,Prostate Cancer,SYMPTOM_SCALE,other,oncology,ambiguous,0,0
NCT04327401,dexamethasone,"Coronavirus Infection; Pneumonia, Viral; Acute Respiratory Distress Syndrome",SYMPTOM_SCALE,other,derm,ambiguous,0,0
NCT04049097,arimoclomol,Inclusion Body Myositis,SYMPTOM_SCALE,other,cns,ambiguous,0,0
NCT03796650,vancomycin,Clostridium Difficile Infection,SYMPTOM_SCALE,infection,sensory,off_mech,0,0
NCT03616912,baricitinib,Systemic Lupus Erythematosus,SYMPTOM_SCALE,other,oncology,ambiguous,0,0
NCT03263091,roxadustat,"Primary MDS (Very Low, Low or Intermediate IPSS-R With <5% Blasts); Anemia",SYMPTOM_SCALE,other,hematologic,ambiguous,0,0
NCT03273153,Cobimetinib,Advanced BRAFV600 Wild-type Melanoma,CLINICAL_EVENT,oncology,oncology,clinical_on_mech,0,0
NCT03015831,colchicine,Atrial Fibrillation; Cardiac Surgery; Colchicine Adverse Reaction,other,other,msk,ambiguous,0,0
NCT02704403,Elafibranor,Nonalcoholic Steatohepatitis (NASH) With Fibrosis,BIOMARKER,hepatic,metabolic,off_mech,0,0
NCT02735343,prochlorperazine,Headache,SYMPTOM_SCALE,cns,cns,ambiguous,0,0
NCT02867280,Sorafenib,Hepatocellular Carcinoma; Recurrence,CLINICAL_EVENT,other,oncology,clinical_off_or_other,0,0
NCT02871297,vortioxetine,"Depressive Disorder, Major",CLINICAL_EVENT,other,cns,clinical_off_or_other,0,0
NCT02596334,dolutegravir,HIV,BIOMARKER,infection,infection,on_mech_surrogate,1,1
NCT02107859,ataluren,Cystic Fibrosis,CLINICAL_EVENT,other,msk,clinical_off_or_other,0,0
NCT01953744,fluconazole,Cutaneous Leishmaniasis,other,oncology,infection,off_mech,0,0
NCT01522443,cabozantinib,Prostate Cancer; Castration Resistant Prostate Cancer; Pain; Prostatic Neoplasms,SYMPTOM_SCALE,cns,oncology,off_mech,0,0
NCT01287741,cyclophosphamide,Diffuse Large B-Cell Lymphoma,CLINICAL_EVENT,hematologic,unk,clinical_off_or_other,0,0
NCT01425307,hydroxyurea,Sickle Cell Anemia,other,other,oncology,ambiguous,0,0
NCT01121536,armodafinil,Depression,CLINICAL_EVENT,other,cns,clinical_off_or_other,0,0
