IK14,Disease,y,mech_fitness,ot_genetic_association_max,ot_genetic_association_mean,ot_genetic_literature_max,ot_genetic_literature_mean,ot_animal_model_max,ot_animal_model_mean,ot_affected_pathway_max,ot_affected_pathway_mean,ot_rna_expression_max,ot_rna_expression_mean,ot_somatic_mutation_max,ot_somatic_mutation_mean,ot_clinical_max,ot_clinical_mean,ot_literature_max,ot_literature_mean,ot_best_overall,ot_n_targets_matched,has_ot,mech_resid,ot_resid
ZHPMYDSXGRRERG,Major Depressive Disorder,1,30.0,0.0,0.0,0.0,0.0,0.0,0.0,0.0,0.0,0.0,0.0,0.0,0.0,0.9247621607204771,0.9247621607204771,0.28462131764746595,0.28462131764746595,0.9247621607204771,1,1,-18.139534883720927,-0.07006572859236415
WDQPAMHFFCXSNU,"MAC Lung Disease; Treatment Refractory MAC Lung Disease; Mycobacterium Infections, Nontuberculous",1,74.0,0.0,0.0,0.0,0.0,0.0,0.0,0.0,0.0,0.0,0.0,0.0,0.0,0.0,0.0,0.0,0.0,0.0,0,0,0.0,0.0
KXMZDGSRSGHMMK,Lung Cancer,1,33.0,0.0,0.0,0.0,0.0,0.0,0.0,0.0,0.0,0.0,0.0,0.0,0.0,0.0,0.0,0.0,0.0,0.0,0,0,-24.451612903225808,-0.9391345940209889
BJXYHBKEQFQVES,Dermatomyositis; Polymyositis,1,60.0,0.0,0.0,0.0,0.0,0.0,0.0,0.0,0.0,0.0,0.0,0.0,0.0,0.12158615952232422,0.12158615952232422,0.12661442131102899,0.06330721065551449,0.12661442131102899,2,1,0.0,0.0
DYDCUQKUCUHJBH,Fibromyalgia,1,25.0,0.0,0.0,0.0,0.0,0.0,0.0,0.0,0.0,0.0,0.0,0.0,0.0,0.0,0.0,0.0,0.0,0.0,0,0,-18.75,-0.7425241906594575
CHNUOJQWGUIOLD,Pmm2-CDG; Phosphomannomutase 2 Deficiency; Phosphomannomutase 2 Congenital Disorder of Glycosylation; Phosphomannomutase II Congenital Disorder of Glycosylation; Phosphomannomutase II Deficiency,1,45.0,0.0,0.0,0.0,0.0,0.0,0.0,0.0,0.0,0.0,0.0,0.0,0.0,0.0,0.0,0.0,0.0,0.0,0,0,0.0,0.0
KZFFYEPYCVDOGE,"Very Low Risk, Low Risk, or Intermediate Risk MDS Per IPSS-R",1,38.0,0.0,0.0,0.0,0.0,0.0,0.0,0.0,0.0,0.0,0.0,0.0,0.0,0.0,0.0,0.0,0.0,0.0,0,0,0.0,0.0
XHEFDIBZLJXQHF,Covid19; SARS-CoV Infection,1,16.0,0.0,0.0,0.0,0.0,0.0,0.0,0.0,0.0,0.0,0.0,0.0,0.0,0.0,0.0,0.0,0.0,0.0,0,0,0.0,0.0
SOJDTNUCCXWTMG,limited cutaneous systemic sclerosis,1,55.0,0.0,0.0,0.0,0.0,0.0,0.0,0.0,0.0,0.0,0.0,0.0,0.0,0.0,0.0,0.0,0.0,0.0,0,0,0.0,0.0
RIKMMFOAQPJVMX,Acetaminophen; Drug Overdose; Acetaminophen Overdose; Acetaminophen Poisoning; Drug-induced Liver Injury; Liver Failure; Liver Toxicity,1,68.0,0.0,0.0,0.0,0.0,0.0,0.0,0.0,0.0,0.0,0.0,0.0,0.0,0.0,0.0,0.0,0.0,0.0,0,0,0.0,0.0
RHGKLRLOHDJJDR,Ventricular Septal Defect; Atrioventricular Septal Defect; Primum Atrial Septal Defect,1,40.0,0.0,0.0,0.0,0.0,0.0,0.0,0.0,0.0,0.0,0.0,0.0,0.0,0.0,0.0,0.0,0.0,0.0,0,0,0.0,0.0
FWYSMLBETOMXAG,HIV Infections; Cytomegalovirus; CMV,1,82.0,0.0,0.0,0.0,0.0,0.0,0.0,0.0,0.0,0.0,0.0,0.0,0.0,0.0,0.0,0.0,0.0,0.0,0,0,0.0,0.0
PCHKPVIQAHNQLW,Ovarian Cancer,1,72.0,0.0,0.0,0.0,0.0,0.0,0.0,0.0,0.0,0.0,0.0,0.0,0.0,0.9764449920295507,0.9764449920295507,0.9378797457313377,0.5380781053454393,0.9764449920295507,2,1,1.0,0.10568854888560952
HCDMJFOHIXMBOV,Glioblastoma; Adult-type Diffuse Gliomas,1,38.0,0.0,0.0,0.0,0.0,0.0,0.0,0.0,0.0,0.0,0.0,0.0,0.0,0.0,0.0,0.6986646465450876,0.6986646465450876,0.6986646465450876,1,1,0.0,0.0
KQDRVXQXKZXMHP,Infectious Pneumonia; Severe COVID-19,1,47.0,0.0,0.0,0.0,0.0,0.25964724365992337,0.12982362182996168,0.0,0.0,0.0,0.0,0.0,0.0,0.5251846612700393,0.5251846612700393,0.22435565857574086,0.2024177872686626,0.5251846612700393,2,1,0.0,0.0
QMPBBNUOBOFBFS,Respiratory Infection,1,72.0,0.0,0.0,0.0,0.0,0.0,0.0,0.0,0.0,0.0,0.0,0.0,0.0,0.0,0.0,0.0,0.0,0.0,0,0,0.0,0.0
GTQPEQGDLVSFJO,Participants With Diabetic Neuropathic Pain,1,35.0,0.0,0.0,0.0,0.0,0.0,0.0,0.0,0.0,0.0,0.0,0.0,0.0,0.0,0.0,0.0,0.0,0.0,0,0,0.0,0.0
PYOQIOLRFIRRSO,"Spondylitis, Ankylosing",1,42.0,0.0,0.0,0.0,0.0,0.0,0.0,0.0,0.0,0.0,0.0,0.0,0.0,0.0,0.0,0.0,0.0,0.0,0,0,0.0,0.0
WDQPAMHFFCXSNU,HIV; Tuberculosis,1,72.0,0.0,0.0,0.0,0.0,0.0,0.0,0.0,0.0,0.0,0.0,0.0,0.0,0.0,0.0,0.0,0.0,0.0,0,0,-9.0,0.0
POZRVZJJTULAOH,Adults and Children With Pulmonary Fibrosis,1,42.0,0.0,0.0,0.0,0.0,0.0,0.0,0.0,0.0,0.0,0.0,0.0,0.0,0.0,0.0,0.0,0.0,0.0,0,0,0.0,0.0
PIBARDGJJAGJAJ,Geographic Atrophy,1,55.0,0.0,0.0,0.0,0.0,0.0,0.0,0.0,0.0,0.0,0.0,0.0,0.0,0.0,0.0,0.0,0.0,0.0,0,0,0.0,0.0
UXHQLGLGLZKHTC,Chronic Kidney Diseases,1,60.0,0.0,0.0,0.0,0.0,0.0,0.0,0.0,0.0,0.0,0.0,0.0,0.0,0.0,0.0,0.0,0.0,0.0,0,0,-6.5,-0.06079307976116211
DDLPYOCJHQSVSZ,Type 1 Diabetes,1,37.0,0.0,0.0,0.0,0.0,0.0,0.0,0.0,0.0,0.0,0.0,0.0,0.0,0.4852976461600768,0.4852976461600768,0.4077025536505603,0.2957191726338931,0.4852976461600768,2,1,4.700000000000003,-0.19622550360993857
RJMUSRYZPJIFPJ,Covid19,1,26.0,0.0,0.0,0.0,0.0,0.0,0.0,0.0,0.0,0.0,0.0,0.0,0.0,0.0,0.0,0.0,0.0,0.0,0,0,-8.57142857142857,0.0
HWXVIOGONBBTBY,Biochemical Relapse After Definitive Treatment for Prostate Cancer,1,22.0,0.0,0.0,0.0,0.0,0.0,0.0,0.0,0.0,0.0,0.0,0.0,0.0,0.0,0.0,0.0,0.0,0.0,0,0,0.0,0.0
MQXWPWOCXGARRK,Amyotrophic Lateral Sclerosis,1,15.0,0.0,0.0,0.0,0.0,0.0,0.0,0.0,0.0,0.0,0.0,0.0,0.0,0.6125127685989258,0.6125127685989258,0.0,0.0,0.6125127685989258,3,1,-8.5,-0.032329063681247994
WDZCUPBHRAEYDL,HIV; Tuberculosis,1,90.0,0.0,0.0,0.0,0.0,0.0,0.0,0.0,0.0,0.0,0.0,0.0,0.0,0.0,0.0,0.0,0.0,0.0,0,0,9.0,0.0
NHTGHBARYWONDQ,Breast Cancer,1,20.0,0.0,0.0,0.0,0.0,0.0,0.0,0.0,0.0,0.0,0.0,0.0,0.0,0.0,0.0,0.0,0.0,0.0,0,0,-37.475,-0.7455340400381703
ZQPDJCIXJHUERQ,Myelofibrosis; Primary Myelofibrosis; Post Essential Thrombocythemia Myelofibrosis; Post Polycythemia Vera Myelofibrosis,1,47.0,0.0,0.0,0.0,0.0,0.0,0.0,0.0,0.0,0.0,0.0,0.0,0.0,0.0,0.0,0.08411566195128783,0.08411566195128783,0.08411566195128783,1,1,0.0,0.0
ZQPDJCIXJHUERQ,Myelofibrosis; Primary Myelofibrosis; Post Essential Thrombocythemia Myelofibrosis; Post Polycythemia Vera Myelofibrosis,1,47.0,0.0,0.0,0.0,0.0,0.0,0.0,0.0,0.0,0.0,0.0,0.0,0.0,0.0,0.0,0.08411566195128783,0.08411566195128783,0.08411566195128783,1,1,0.0,0.0
OZOGDCZJYVSUBR,COVID-19,1,25.0,0.0,0.0,0.0,0.0,0.0,0.0,0.0,0.0,0.0,0.0,0.0,0.0,0.0,0.0,0.0,0.0,0.0,0,0,-16.888888888888886,-0.23227039974824495
ZCGNOVWYSGBHAU,Covid19,1,48.0,0.0,0.0,0.0,0.0,0.0,0.0,0.0,0.0,0.0,0.0,0.0,0.0,0.0,0.0,0.0,0.0,0.0,0,0,13.42857142857143,0.0
UZWDCWONPYILKI,Cancer; Cancer Metastatic; BRAF V600E; MEK1 Gene Mutation; MEK2 Gene Mutation; ERK Mutation; RAF1 Gene Mutation,1,52.0,0.8613875597308851,0.6718745270244306,0.547137717850459,0.2735688589252295,0.4509542000108353,0.4476364514568031,0.8404053990323351,0.8104417224431095,0.0,0.0,0.9786685698821267,0.9637369733745645,0.9885823439759772,0.9885806996576305,0.9936678946025824,0.9878564201686084,0.9936678946025824,2,1,-14.0,-0.00035350221133434445
VUAFHZCUKUDDBC,Covid19,1,18.0,0.0,0.0,0.0,0.0,0.0,0.0,0.0,0.0,0.0,0.0,0.0,0.0,0.0,0.0,0.0,0.0,0.0,0,0,-16.57142857142857,0.0
MVGWUTBTXDYMND,Crohn's Disease,1,60.0,0.0,0.0,0.0,0.0,0.0,0.0,0.0,0.0,0.0,0.0,0.0,0.0,0.6324140587374063,0.6324140587374063,0.09449157493788264,0.09449157493788264,0.6324140587374063,1,1,10.0,0.07751819995644049
JPIAJLPRTOWAEC,Autosomal Dominant Polycystic Kidney Disease,1,45.0,0.0,0.0,0.0,0.0,0.0,0.0,0.0,0.0,0.0,0.0,0.0,0.0,0.0,0.0,0.37472744189380297,0.37472744189380297,0.37472744189380297,1,1,0.0,0.0
JNPRPMBJODOFEC,Cancer; Cancer Metastatic; BRAF V600E; MEK1 Gene Mutation; MEK2 Gene Mutation; ERK Mutation; RAF1 Gene Mutation,1,80.0,0.12775057707669954,0.12775057707669954,0.0,0.0,0.0,0.0,0.8574552180139827,0.8574552180139827,0.0,0.0,0.9451950847044938,0.9451950847044938,0.16077395944124118,0.16077395944124118,0.9943748990252511,0.9943748990252511,0.9943748990252511,1,1,14.0,0.00035350221133434445
PSIFNNKUMBGKDQ,Cancer Patients With COVID-19 Infection,1,20.0,0.0,0.0,0.0,0.0,0.0,0.0,0.0,0.0,0.0,0.0,0.0,0.0,0.0,0.0,0.3084875187862293,0.3084875187862293,0.3084875187862293,1,1,0.0,0.0
JGCMEBMXRHSZKX,Chronic Thromboembolic Pulmonary Hypertension,1,55.0,0.0,0.0,0.0,0.0,0.0,0.0,0.0,0.0,0.0,0.0,0.0,0.0,0.0,0.0,0.045594809820871586,0.045594809820871586,0.045594809820871586,1,1,3.5,0.008443483300161404
YQNQNVDNTFHQSW,COVID-19,1,25.0,0.0,0.0,0.0,0.0,0.0,0.0,0.0,0.0,0.0,0.0,0.0,0.0,0.0,0.0,0.0,0.0,0.0,0,0,-16.888888888888886,-0.23227039974824495
KGFYHTZWPPHNLQ,COVID-19,1,32.0,0.0,0.0,0.0,0.0,0.0,0.0,0.0,0.0,0.0,0.0,0.0,0.0,0.6431879434284122,0.6431879434284122,0.6397563084818845,0.6397563084818845,0.6431879434284122,1,1,-9.888888888888886,0.4109175436801673
LSXUTRRVVSPWDZ,Cell Carcinoma,1,50.0,0.0,0.0,0.0,0.0,0.0,0.0,0.0,0.0,0.0,0.0,0.7480623209601225,0.7480623209601225,0.07599134970145263,0.07599134970145263,0.8337586934879897,0.8337586934879897,0.8337586934879897,1,1,-13.333333333333336,-0.0869967140732012
RKUNBYITZUJHSG,Myopia,1,58.0,0.0,0.0,0.0,0.0,0.0,0.0,0.0,0.0,0.0,0.0,0.0,0.0,0.0,0.0,0.0,0.0,0.0,0,0,0.0,0.0
RYYVLZVUVIJVGH,Apnea of Prematurity,1,78.0,0.0,0.0,0.0,0.0,0.0,0.0,0.0,0.0,0.0,0.0,0.0,0.0,0.0,0.0,0.0,0.0,0.0,0,0,0.0,0.0
KZSKGLFYQAYZCO,Primary Sclerosing Cholangitis,1,42.0,0.0,0.0,0.0,0.0,0.3951364427842934,0.3951364427842934,0.0,0.0,0.0,0.0,0.0,0.0,0.5119743146989797,0.5119743146989797,0.20393469056969585,0.20393469056969585,0.5119743146989797,1,1,0.0,0.0
DCYBPMFXJCWXNB,"Leukemia, Myeloid, Acute",1,55.0,0.0,0.0,0.0,0.0,0.0,0.0,0.0,0.0,0.0,0.0,0.0,0.0,0.0,0.0,0.0,0.0,0.0,0,0,0.0,0.0
VLULRUCCHYVXOH,metastatic colorectal cancer,1,20.0,0.0,0.0,0.0,0.0,0.0,0.0,0.0,0.0,0.0,0.0,0.0,0.0,0.0,0.0,0.0,0.0,0.0,0,0,0.0,0.0
KTUFNOKKBVMGRW,Loiasis,1,27.0,0.0,0.0,0.0,0.0,0.0,0.0,0.0,0.0,0.0,0.0,0.0,0.0,0.06079307976116211,0.06079307976116211,0.0,0.0,0.06079307976116211,2,1,0.0,0.0
NHTKGYOMICWFQZ,Tract Cancer,1,50.0,0.0,0.0,0.0,0.0,0.0,0.0,0.0,0.0,0.0,0.0,0.0,0.0,0.6779750521639097,0.6779750521639097,0.2579069105368555,0.2579069105368555,0.6779750521639097,1,1,0.0,0.0
PCHKPVIQAHNQLW,Ovarian Cancer,1,72.0,0.0,0.0,0.0,0.0,0.0,0.0,0.0,0.0,0.0,0.0,0.0,0.0,0.9764449920295507,0.9764449920295507,0.9378797457313377,0.5380781053454393,0.9764449920295507,2,1,1.0,0.10568854888560952
LCFFREMLXLZNHE,Pemphigus,1,66.0,0.0,0.0,0.0,0.0,0.26013358829801264,0.26013358829801264,0.0,0.0,0.0,0.0,0.0,0.0,0.2566818923249066,0.2566818923249066,0.2841015217435338,0.2841015217435338,0.2841015217435338,1,1,0.0,0.0
VUJZFNSWCNSGDV,Nasopharyngeal Carcinoma,1,68.0,0.0,0.0,0.0,0.0,0.0,0.0,0.0,0.0,0.0,0.0,0.0,0.0,0.0,0.0,0.0,0.0,0.0,0,0,0.0,0.0
BZZKEPGENYLQSC,Granulomatous Colitis; Crohn's Disease; Crohn's Enteritis; Granulomatous Enteritis,1,60.0,0.750248955306377,0.750248955306377,0.0,0.0,0.0,0.0,0.0,0.0,0.0,0.0,0.0,0.0,0.6536431905776742,0.6536431905776742,0.1502478783608893,0.1502478783608893,0.750248955306377,1,1,0.0,0.0
WQZGKKKJIJFFOK,Urinary Tract Infections,1,40.0,0.0,0.0,0.0,0.0,0.0,0.0,0.0,0.0,0.0,0.0,0.0,0.0,0.0,0.0,0.0,0.0,0.0,0,0,0.0,0.0
CUHVIMMYOGQXCV,Withdrawal Syndrome,1,62.0,0.0,0.0,0.0,0.0,0.0,0.0,0.0,0.0,0.0,0.0,0.0,0.0,0.7380900220553663,0.7380900220553663,0.0,0.0,0.7380900220553663,1,1,0.0,0.0
URCMKDJBULWNAI,Cough,1,36.0,0.0,0.0,0.0,0.0,0.0,0.0,0.0,0.0,0.0,0.0,0.0,0.0,0.04559480982087158,0.04559480982087158,0.051674117796987794,0.051674117796987794,0.051674117796987794,1,1,0.0,0.0
LNEPOXFFQSENCJ,Delirium; Critical Illness; Intensive Care Psychosis; Cognitive Impairment; Cognitive Decline,1,30.0,0.0,0.0,0.0,0.0,0.0,0.0,0.0,0.0,0.0,0.0,0.0,0.0,0.6717792403438764,0.6647258277650561,0.1281017045625051,0.08252041149474652,0.6717792403438764,4,1,0.0,0.0
XYFPWWZEPKGCCK,Recurrent Waldenstrom Macroglobulinemia; Refractory Waldenstrom Macroglobulinemia; Waldenstrom Macroglobulinemia,1,88.0,0.0,0.0,0.0,0.0,0.6667803743076145,0.6667803743076145,0.0,0.0,0.0,0.0,0.0,0.0,0.9256379754463828,0.9256379754463828,0.17430593287912993,0.17430593287912993,0.9256379754463828,1,1,11.0,0.3725319592146369
MBOMYENWWXQSNW,Recurrent Waldenstrom Macroglobulinemia; Refractory Waldenstrom Macroglobulinemia; Waldenstrom Macroglobulinemia,1,66.0,0.0,0.0,0.0,0.0,0.0,0.0,0.0,0.0,0.0,0.0,0.0,0.0,0.18057405701710896,0.18057405701710902,0.012158615952232422,0.00031996357769032693,0.18057405701710896,38,1,-11.0,-0.372531959214637
PSIFNNKUMBGKDQ,NAFLD - Nonalcoholic Fatty Liver Disease,1,32.0,0.0,0.0,0.0,0.0,0.0,0.0,0.0,0.0,0.0,0.0,0.0,0.0,0.4627028848488449,0.4627028848488449,0.74142187536806,0.74142187536806,0.74142187536806,1,1,0.0,0.0
HMABYWSNWIZPAG,Endometrial Cancer,1,40.0,0.0,0.0,0.0,0.0,0.0,0.0,0.0,0.0,0.0,0.0,0.0,0.0,0.4877086579263511,0.4877086579263511,0.23301538046789178,0.11650769023394589,0.4877086579263511,2,1,-1.6666666666666643,0.16397912931565456
GEJDGVNQKABXKG,Tourette Syndrome,1,54.0,0.0,0.0,0.0,0.0,0.0,0.0,0.0,0.0,0.0,0.0,0.0,0.0,0.5511494433677947,0.5511494433677947,0.09441360286568456,0.09441360286568456,0.5511494433677947,1,1,0.0,0.0
YFHRCLAKZBDRHN,"Polycystic Kidney, Autosomal Dominant",1,44.0,0.0,0.0,0.0,0.0,0.0,0.0,0.0,0.0,0.0,0.0,0.0,0.0,0.0,0.0,0.0,0.0,0.0,0,0,-20.0,0.0
ISBHYKVAFKTATD,Atopic Dermatitis,1,38.0,0.0,0.0,0.0,0.0,0.0,0.0,0.0,0.0,0.0,0.0,0.0,0.0,0.0,0.0,0.0,0.0,0.0,0,0,-31.0,0.0
HKTBYUWLRDZAJK,Prostate Cancer,1,30.0,0.0,0.0,0.0,0.0,0.0,0.0,0.0,0.0,0.0,0.0,0.0,0.0,0.0,0.0,0.0,0.0,0.0,0,0,-29.25,-0.8525415701825484
KDGFLJKFZUIJMX,Lung Cancer,1,85.0,0.0,0.0,0.0,0.0,0.0,0.0,0.979400228199195,0.979400228199195,0.0,0.0,0.8786863375545856,0.8786863375545856,0.9884617312605192,0.9884617312605192,0.9977179089245308,0.9977179089245308,0.9977179089245308,1,1,27.548387096774192,0.05858331490354196
IEDVJHCEMCRBQM,Idiopathic Pulmonary Fibrosis,1,22.0,0.0,0.0,0.0,0.0,0.0,0.0,0.0,0.0,0.0,0.0,0.0,0.0,0.0,0.0,0.0,0.0,0.0,0,0,-41.0,-0.48128711791489454
PKWRMUKBEYJEIX,Solid Tumors,1,32.0,0.0,0.0,0.0,0.0,0.0,0.0,0.0,0.0,0.0,0.0,0.0,0.0,0.0,0.0,0.0,0.0,0.0,0,0,-1.5,0.0
PNDKCRDVVKJPKG,Nonalcoholic Steatohepatitis,1,45.0,0.0,0.0,0.0,0.0,0.0,0.0,0.0,0.0,0.0,0.0,0.0,0.0,0.0,0.0,0.0,0.0,0.0,0,0,2.3333333333333357,0.0
NGYNBSHYFOFVLS,Disease Progression in Chronic Obstructive Pulmonary Disease,1,33.0,0.0,0.0,0.0,0.0,0.0,0.0,0.0,0.0,0.0,0.0,0.0,0.0,0.0,0.0,0.0,0.0,0.0,0,0,0.0,0.0
XAUDJQYHKZQPEU,Acute Myeloid Leukemia,1,64.0,0.8274321824850255,0.41371609124251274,0.607930797611621,0.3039653988058105,0.0,0.0,0.607930797611621,0.3039653988058105,0.0,0.0,0.8514596149150455,0.42572980745752276,0.9720979202577157,0.9720979202577157,0.9880956737828811,0.962225604905148,0.9880956737828811,2,1,1.8181818181818201,0.08801485884125282
ZHKNLJLMDFQVHJ,diabeTes,1,26.0,0.0,0.0,0.0,0.0,0.0,0.0,0.0,0.0,0.0,0.0,0.0,0.0,0.0,0.0,0.0,0.0,0.0,0,0,0.0,0.0
WKDNQONLGXOZRG,Alzheimer's Disease,1,40.0,0.0,0.0,0.0,0.0,0.0,0.0,0.0,0.0,0.0,0.0,0.0,0.0,0.0,0.0,0.0,0.0,0.0,0,0,11.5,-0.04672231723876279
XZWYZXLIPXDOLR,Type 2 Diabetes,1,74.0,0.0,0.0,0.3039653988058105,0.3039653988058105,0.0,0.0,0.0,0.0,0.0,0.0,0.0,0.0,0.9986081372456911,0.9986081372456911,0.17827377545849124,0.17827377545849124,0.9986081372456911,1,1,14.460526315789473,0.01846816175293009
XZXHXSATPCNXJR,Advanced Pancreatic Cancer,1,30.0,0.0,0.0,0.0,0.0,0.0,0.0,0.0,0.0,0.0,0.0,0.0,0.0,0.0,0.0,0.0,0.0,0.0,0,0,0.0,0.0
WHMMKPWGWNYYFE,Acute Leukemia,1,40.0,0.0,0.0,0.0,0.0,0.0,0.0,0.0,0.0,0.0,0.0,0.0,0.0,0.9383647497591283,0.9383647497591283,0.954127706448778,0.954127706448778,0.954127706448778,1,1,0.0,0.0
AHJRHEGDXFFMBM,Breast Cancer,1,73.0,0.40465890500366697,0.13488630166788898,0.0,0.0,0.0,0.0,0.43002592936960776,0.2760647214616581,0.0,0.0,0.8699743018321302,0.7220304019411355,0.9857851763693943,0.97747553218748,0.9824509820474594,0.8494978740669875,0.9857851763693943,3,1,15.524999999999999,0.24025113633122408
JHDKZFFAIZKUCU,Acute Myeloid Leukemia,1,38.0,0.0,0.0,0.0,0.0,0.0,0.0,0.0,0.0,0.0,0.0,0.0,0.0,0.5730989691751603,0.5730989691751603,0.8841059729492219,0.7674877881932115,0.8841059729492219,3,1,-24.18181818181818,-0.015974841992406397
PJHKBYALYHRYSK,Glucose Transporter Type 1 Deficiency Syndrome (Glut1 DS),1,76.0,0.0,0.0,0.0,0.0,0.0,0.0,0.0,0.0,0.0,0.0,0.0,0.0,0.0,0.0,0.0,0.0,0.0,0,0,0.0,0.0
TYNLGDBUJLVSMA,epidermolysis bullosa,1,33.0,0.0,0.0,0.0,0.0,0.0,0.0,0.0,0.0,0.0,0.0,0.0,0.0,0.0,0.0,0.0,0.0,0.0,0,0,0.0,0.0
PRAAPINBUWJLGA,With Melanoma,1,31.0,0.0,0.0,0.0,0.0,0.0,0.0,0.0,0.0,0.0,0.0,0.0,0.0,0.0,0.0,0.0,0.0,0.0,0,0,0.0,0.0
KSGCNXAZROJSNW,Duchenne Muscular Dystrophy,1,55.0,0.4377101742803672,0.4377101742803672,0.0,0.0,0.0,0.0,0.0,0.0,0.0,0.0,0.0,0.0,0.08274613634158175,0.08274613634158175,0.657912430505082,0.657912430505082,0.657912430505082,1,1,18.799999999999997,-0.056770021722748254
WDOGQTQEKVLZIJ,Subjects With Platinum Resistant Ovarian Cancer,1,31.0,0.0,0.0,0.0,0.0,0.0,0.0,0.0,0.0,0.0,0.0,0.0,0.0,0.0,0.0,0.0,0.0,0.0,0,0,0.0,0.0
XXSMGPRMXLTPCZ,Rheumatoid Arthritis,1,48.0,0.0,0.0,0.0,0.0,0.0,0.0,0.0,0.0,0.0,0.0,0.0,0.0,0.0,0.0,0.0,0.0,0.0,0,0,-23.42553191489361,-0.8888518903144148
HOIIHACBCFLJET,Alzheimer's Disease,1,18.0,0.46722317238762784,0.46722317238762784,0.0,0.0,0.0,0.0,0.0,0.0,0.0,0.0,0.0,0.0,0.0,0.0,0.0,0.0,0.46722317238762784,1,1,-10.5,0.42050085514886504
XYFPWWZEPKGCCK,Hodgkin Lymphoma,1,31.0,0.0,0.0,0.0,0.0,0.7245157131055937,0.7245157131055937,0.0,0.0,0.0,0.0,0.0,0.0,0.15198269940290526,0.15198269940290526,0.024317231904464845,0.024317231904464845,0.7245157131055937,1,1,0.0,0.0
JGPMMRGNQUBGND,Duchenne Muscular Dystrophy (DMD),1,26.0,0.0,0.0,0.0,0.0,0.0,0.0,0.0,0.0,0.0,0.0,0.0,0.0,0.0,0.0,0.0,0.0,0.0,0,0,0.0,0.0
WKDNQONLGXOZRG,Alzheimer's Disease,1,40.0,0.0,0.0,0.0,0.0,0.0,0.0,0.0,0.0,0.0,0.0,0.0,0.0,0.0,0.0,0.0,0.0,0.0,0,0,11.5,-0.04672231723876279
IUBSYMUCCVWXPE,Chronic Obstructive Pulmonary Disease,1,12.0,0.0,0.0,0.0,0.0,0.0,0.0,0.0,0.0,0.0,0.0,0.0,0.0,0.4926350331479171,0.4926350331479171,0.0975928146592362,0.0975928146592362,0.4926350331479171,1,1,-45.76923076923077,-0.4408793494966311
AKQXQLUNFKDZBN,Parkinson's Disease,0,60.0,0.0,0.0,0.0,0.0,0.0,0.0,0.0,0.0,0.0,0.0,0.0,0.0,0.0,0.0,0.0,0.0,0.0,0,0,1.9166666666666643,0.0
CYXKNKQEMFBLER,"Cardiomyopathy, Hypertrophic; Cardiomyopathy, Hypertrophic, Familial",1,35.0,0.0,0.0,0.0,0.0,0.0,0.0,0.0,0.0,0.0,0.0,0.0,0.0,0.0,0.0,0.0,0.0,0.0,0,0,0.0,0.0
KLPWJLBORRMFGK,Attention Deficit Hyperactivity Disorder (ADHD),1,28.0,0.6962954402716941,0.6962954402716941,0.0,0.0,0.0,0.0,0.0,0.0,0.0,0.0,0.0,0.0,0.6248566527177858,0.6248566527177858,0.6497561969189037,0.6497561969189037,0.6962954402716941,1,1,0.0,0.0
PLHJCIYEEKOWNM,Myelodysplastic Syndromes,1,31.0,0.0,0.0,0.0,0.0,0.0,0.0,0.0,0.0,0.0,0.0,0.0,0.0,0.0,0.0,0.0,0.0,0.0,0,0,0.0,0.0
QYSXJUFSXHHAJI,Asthma,1,24.0,0.0,0.0,0.0,0.0,0.0,0.0,0.0,0.0,0.05799570822066135,0.05799570822066135,0.0,0.0,0.5521432914136829,0.5521432914136829,0.874740171697202,0.874740171697202,0.874740171697202,1,1,-24.0,0.13275295524241537
CMQOKZCYVZFZLZ,Painful Diabetic Peripheral Neuropathy (PDPN),1,24.0,0.0,0.0,0.0,0.0,0.0,0.0,0.0,0.0,0.0,0.0,0.0,0.0,0.0,0.0,0.0,0.0,0.0,0,0,0.0,0.0
JUSFANSTBFGBAF,Advanced Gastric Adenocarcinoma,1,30.0,0.0,0.0,0.0,0.0,0.0,0.0,0.0,0.0,0.0,0.0,0.6395938599872263,0.6395938599872263,0.0,0.0,0.12040209375469665,0.12040209375469665,0.6395938599872263,1,1,-2.5,0.03482936861316577
JDUBGYFRJFOXQC,Advanced Gastric Adenocarcinoma,1,35.0,0.0,0.0,0.0,0.0,0.0,0.0,0.0,0.0,0.0,0.0,0.5699351227608948,0.5699351227608948,0.12158615952232422,0.12158615952232422,0.36483781754193534,0.21661501613662135,0.5699351227608948,2,1,2.5,-0.03482936861316577
XLCNVWUKICLURR,Plasmodium Falciparum Infection,1,88.0,0.0,0.0,0.0,0.0,0.0,0.0,0.0,0.0,0.0,0.0,0.0,0.0,0.0,0.0,0.0,0.0,0.0,0,0,0.0,0.0
FGXWKSZFVQUSTL,Gastroenteritis,1,22.0,0.0,0.0,0.0,0.0,0.0,0.0,0.0,0.0,0.0,0.0,0.0,0.0,0.5555812011506204,0.5555812011506204,0.08705061674642395,0.08705061674642395,0.5555812011506204,1,1,0.0,0.0
MWUFVYLAWAXDHQ,AML; MDS; CMML,1,35.0,0.0,0.0,0.0,0.0,0.0,0.0,0.0,0.0,0.0,0.0,0.0,0.0,0.12158615952232422,0.12158615952232422,0.03438693008823734,0.03438693008823734,0.12158615952232422,1,1,0.0,0.0
JNGVJMBLXIUVRD,Breast Cancer,1,38.0,0.0,0.0,0.0,0.0,0.4798562433472878,0.4798562433472878,0.865457038266544,0.865457038266544,0.0,0.0,0.7553624702220689,0.7553624702220689,0.8776962927915266,0.8776962927915266,0.9969492754889687,0.9969492754889687,0.9969492754889687,1,1,-19.475,0.25141523545079847
TVTXCJFHQKSQQM,Acute Myeloid Leukemia,1,53.0,0.6839221473130737,0.34196107365653683,0.0,0.0,0.7543128435531942,0.5896480439536809,0.7599134970145264,0.5406936546424765,0.0,0.0,0.8332996420595307,0.6446238701341233,0.5103738579534407,0.5082926039384457,0.9946402559805889,0.9586615208399589,0.9946402559805889,2,1,-9.18181818181818,0.09455944103896063
ACCFLVVUVBJNGT,Lung Cancer,1,30.0,0.7929950742080699,0.22278610278499872,0.0,0.0,0.0,0.0,0.7459434946631828,0.5139471774996092,0.0,0.0,0.8700739348634726,0.6617175082356056,0.18374566335577103,0.17527077401937857,0.9794520847768097,0.784972162638877,0.9794520847768097,5,1,-27.451612903225808,0.040317490755820806
DRLFMBDRBRZALE,for Cancer,1,15.0,0.0,0.0,0.0,0.0,0.0,0.0,0.0,0.0,0.0,0.0,0.0,0.0,0.0,0.0,0.0,0.0,0.0,0,0,0.0,0.0
BLGWHBSBBJNKJO,Lung Cancer,1,33.0,0.7929950742080699,0.7929950742080699,0.0,0.0,0.0,0.0,0.7459434946631828,0.7459434946631828,0.0,0.0,0.8700739348634726,0.8700739348634726,0.1738942117700943,0.1738942117700943,0.9794520847768097,0.9794520847768097,0.9794520847768097,1,1,-24.451612903225808,0.040317490755820806
MUJMYVFVAWFUJL,Treatment of Patients With Recurrent or Metastatic Squamous Cell Carcinoma,1,48.0,0.0,0.0,0.0,0.0,0.0,0.0,0.0,0.0,0.0,0.0,0.0,0.0,0.0,0.0,0.0,0.0,0.0,0,0,0.0,0.0
MUJMYVFVAWFUJL,Lung Cancer,1,45.0,0.9336832402296186,0.4011573694284333,0.607930797611621,0.3039653988058105,0.0,0.0,0.9580964074361958,0.6478899471963446,0.0,0.0,0.9409039510472654,0.8365739624951359,0.9960065980462496,0.9501991889682939,0.9994311108906085,0.9331029766007533,0.9994311108906085,4,1,-12.451612903225808,0.060296516869619676
MUMGGOZAMZWBJJ,Infertility; Poor Ovarian Response,1,33.0,0.888157304811232,0.888157304811232,0.0,0.0,0.8176485964236592,0.8176485964236592,0.0,0.0,0.0,0.0,0.0,0.0,0.598448291996579,0.598448291996579,0.6875788150120012,0.6875788150120012,0.888157304811232,1,1,0.0,0.0
PJHKBYALYHRYSK,Glucose Transporter Type 1 Deficiency Syndrome,1,78.0,0.0,0.0,0.0,0.0,0.0,0.0,0.0,0.0,0.0,0.0,0.0,0.0,0.0,0.0,0.0,0.0,0.0,0,0,0.0,0.0
DRLFMBDRBRZALE,Metastatic Cancer,1,14.0,0.0,0.0,0.0,0.0,0.0,0.0,0.0,0.0,0.0,0.0,0.0,0.0,0.0,0.0,0.0,0.0,0.0,0,0,0.0,0.0
VFLDPWHFBUODDF,Prostate Cancer,1,12.0,0.0,0.0,0.0,0.0,0.0,0.0,0.0,0.0,0.0,0.0,0.0,0.0,0.0,0.0,0.0,0.0,0.0,0,0,-47.25,-0.8525415701825484
WKDNQONLGXOZRG,Alzheimer's Disease,1,40.0,0.0,0.0,0.0,0.0,0.0,0.0,0.0,0.0,0.0,0.0,0.0,0.0,0.0,0.0,0.0,0.0,0.0,0,0,11.5,-0.04672231723876279
QVCAATSEPLQVBX,Solid Tumors,1,35.0,0.0,0.0,0.0,0.0,0.0,0.0,0.0,0.0,0.0,0.0,0.0,0.0,0.0,0.0,0.0,0.0,0.0,0,0,1.5,0.0
KGFYHTZWPPHNLQ,Stroke,1,38.0,0.0,0.0,0.0,0.0,0.0,0.0,0.0,0.0,0.0,0.0,0.0,0.0,0.9757696362470675,0.9757696362470675,0.56551874629027,0.56551874629027,0.9757696362470675,1,1,1.0,0.10240684353683116
HFNKQEVNSGCOJV,Colorectal Cancer,1,21.0,0.0,0.0,0.0,0.0,0.0,0.0,0.607930797611621,0.3039653988058105,0.0,0.0,0.6806477127944752,0.6751712953733884,0.07599134970145263,0.06839221473130737,0.8480882416011047,0.7333538058693048,0.8480882416011047,2,1,-3.5,0.42404412080055237
IQFYYKKMVGJFEH,Chronic Hepatitis B,1,82.0,0.0,0.0,0.0,0.0,0.0,0.0,0.0,0.0,0.0,0.0,0.0,0.0,0.0,0.0,0.0,0.0,0.0,0,0,0.0,0.0
PKWRMUKBEYJEIX,Myelodysplastic Syndrome (MDS); Chronic Myelomonocytic Leukemia (CMML),1,40.0,0.0,0.0,0.0,0.0,0.0,0.0,0.0,0.0,0.0,0.0,0.0,0.0,0.0,0.0,0.0,0.0,0.0,0,0,0.0,0.0
DEVSOMFAQLZNKR,Richter's Transformation,1,46.0,0.0,0.0,0.0,0.0,0.0,0.0,0.0,0.0,0.0,0.0,0.0,0.0,0.0,0.0,0.0,0.0,0.0,0,0,0.0,0.0
YRVIKLBSVVNSHF,Nicotine Addiction,1,58.0,0.0,0.0,0.0,0.0,0.0,0.0,0.0,0.0,0.0,0.0,0.0,0.0,0.0,0.0,0.0,0.0,0.0,0,0,0.0,0.0
DAPFMGRCDFSUSN,Asthma,1,36.0,0.0,0.0,0.0,0.0,0.0,0.0,0.0,0.0,0.0,0.0,0.0,0.0,0.0,0.0,0.0,0.0,0.0,0,0,-12.0,-0.7419872164547866
AXTAPYRUEKNRBA,Acute Myeloid Leukemia,1,31.0,0.0,0.0,0.0,0.0,0.0,0.0,0.0,0.0,0.0,0.0,0.4559480982087158,0.4559480982087158,0.0,0.0,0.9562215583744577,0.9562215583744577,0.9562215583744577,1,1,-31.18181818181818,0.056140743432829376
KIHYPELVXPAIDH,Active Dermatomyositis,1,51.0,0.0,0.0,0.0,0.0,0.0,0.0,0.0,0.0,0.0,0.0,0.0,0.0,0.0,0.0,0.0,0.0,0.0,0,0,0.0,0.0
BMQGVNUXMIRLCK,Metastatic Colorectal Cancer,1,26.0,0.0,0.0,0.0,0.0,0.0,0.0,0.0,0.0,0.0,0.0,0.0,0.0,0.12158615952232422,0.12158615952232422,0.0,0.0,0.12158615952232422,15,1,-14.25,-0.3358746557247674
MIWWSGDADVMLTG,Visceral Leishmaniasis,1,72.0,0.0,0.0,0.0,0.0,0.0,0.0,0.0,0.0,0.0,0.0,0.0,0.0,0.0,0.0,0.0,0.0,0.0,0,0,0.0,0.0
MPYACSQFXVMWNO,Systemic Lupus Erythematosus,1,62.0,0.0,0.0,0.0,0.0,0.2541150734016576,0.2541150734016576,0.0,0.0,0.0,0.0,0.0,0.0,0.586453212753675,0.586453212753675,0.7524105622018317,0.7524105622018317,0.7524105622018317,1,1,1.3333333333333357,0.0
RVAQIUULWULRNW,NSCLC,1,36.0,0.0,0.0,0.0,0.0,0.0,0.0,0.0,0.0,0.0,0.0,0.0,0.0,0.0,0.0,0.0,0.0,0.0,0,0,-20.75,0.0
BOJKULTULYSRAS,Ulcerative Colitis,1,33.0,0.0,0.0,0.0,0.0,0.0,0.0,0.0,0.0,0.0,0.0,0.0,0.0,0.0,0.0,0.0,0.0,0.0,0,0,-32.16666666666667,-0.7576154793894972
CGIGDMFJXJATDK,Post-ERCP Acute Pancreatitis,1,68.0,0.0,0.0,0.0,0.0,0.0,0.0,0.0,0.0,0.0,0.0,0.0,0.0,0.0,0.0,0.0,0.0,0.0,0,0,0.0,0.0
FCRFVPZAXGJLPW,Rheumatoid Arthritis,1,32.0,0.0,0.0,0.0,0.0,0.0,0.0,0.0,0.0,0.0,0.0,0.0,0.0,0.0,0.0,0.0,0.0,0.0,0,0,-39.42553191489361,-0.8888518903144148
ACWZRVQXLIRSDF,Peritoneal Cancer,1,43.0,0.0,0.0,0.0,0.0,0.0,0.0,0.0,0.0,0.0,0.0,0.0,0.0,0.0,0.0,0.0,0.0,0.0,0,0,0.0,0.0
JUVQLZBJFOGEEO,Alzheimer's Disease,1,27.0,0.0,0.0,0.0,0.0,0.0,0.0,0.0,0.0,0.0,0.0,0.0,0.0,0.0,0.0,0.0,0.0,0.0,0,0,-1.5,-0.04672231723876279
DTGLZDAWLRGWQN,Sickle Cell Disease,1,38.0,0.0,0.0,0.0,0.0,0.0,0.0,0.0,0.0,0.0,0.0,0.0,0.0,0.5767133026806257,0.5767133026806257,0.0758224800354494,0.0758224800354494,0.5767133026806257,1,1,1.5,0.28835665134031285
WOXKDUGGOYFFRN,"Muscular Dystrophy, Duchenne",1,28.0,0.0,0.0,0.0,0.0,0.0,0.0,0.0,0.0,0.0,0.0,0.0,0.0,0.0,0.0,0.0,0.0,0.0,0,0,0.0,0.0
LIRYPHYGHXZJBZ,Acute Myeloid Leukemia,1,32.0,0.0,0.0,0.0,0.0,0.0,0.0,0.0,0.0,0.0,0.0,0.4559480982087158,0.4559480982087158,0.07599134970145263,0.07599134970145263,0.434155188827199,0.2396261932295687,0.4559480982087158,2,1,-30.18181818181818,-0.4441327167329125
BPQMGSKTAYIVFO,cell Lymphoma,1,25.0,0.0,0.0,0.0,0.0,0.0,0.0,0.0,0.0,0.0,0.0,0.0,0.0,0.0,0.0,0.0,0.0,0.0,0,0,-23.5,-0.4486779639868597
FWLMVFUGMHIOAA,Malignant Pleural Mesothelioma,1,33.0,0.0,0.0,0.0,0.0,0.0,0.0,0.0,0.0,0.0,0.0,0.0,0.0,0.07599134970145263,0.07599134970145263,0.7836811445910515,0.42443241783414876,0.7836811445910515,2,1,0.0,0.0
YUTIXVXZQIQWGY,Adenocarcinoma of the Pancreas; Locally Advanced; Unresectable,1,25.0,0.0,0.0,0.0,0.0,0.0,0.0,0.0,0.0,0.0,0.0,0.0,0.0,0.0,0.0,0.0,0.0,0.0,0,0,0.0,0.0
NDAZATDQFDPQBD,NSCLC,1,34.0,0.0,0.0,0.0,0.0,0.0,0.0,0.0,0.0,0.0,0.0,0.0,0.0,0.0,0.0,0.0,0.0,0.0,0,0,-22.75,0.0
DDLPYOCJHQSVSZ,Bullous Pemphigoid,1,44.0,0.0,0.0,0.0,0.0,0.0,0.0,0.0,0.0,0.0,0.0,0.0,0.0,0.06079307976116211,0.06079307976116211,0.0,0.0,0.06079307976116211,2,1,0.0,0.0
ZBNZXTGUTAYRHI,Advanced Cancer,1,28.0,0.0,0.0,0.0,0.0,0.0,0.0,0.0,0.0,0.0,0.0,0.0,0.0,0.0,0.0,0.0,0.0,0.0,0,0,0.0,0.0
HCYAFALTSJYZDH,Lung Cancer,1,17.0,0.0,0.0,0.0,0.0,0.0,0.0,0.0,0.0,0.0,0.0,0.0,0.0,0.0,0.0,0.0,0.0,0.0,0,0,-40.45161290322581,-0.9391345940209889
UREBDLICKHMUKA,Postoperative Nausea and Vomiting; Vomiting,1,55.0,0.0,0.0,0.0,0.0,0.0,0.0,0.0,0.0,0.0,0.0,0.0,0.0,0.6598576699599931,0.6598576699599931,0.0,0.0,0.6598576699599931,1,1,0.0,0.0
IHIUGIVXARLYHP,Cardiovascular Diseases,1,26.0,0.0,0.0,0.0,0.0,0.0,0.0,0.0,0.0,0.0,0.0,0.0,0.0,0.0,0.0,0.0,0.0,0.0,0,0,0.0,0.0
FCRFVPZAXGJLPW,Rheumatoid Arthritis,1,32.0,0.0,0.0,0.0,0.0,0.0,0.0,0.0,0.0,0.0,0.0,0.0,0.0,0.0,0.0,0.0,0.0,0.0,0,0,-39.42553191489361,-0.8888518903144148
KVWDHTXUZHCGIO,Treatment-resistant Depression,1,40.0,0.0,0.0,0.0,0.0,0.0,0.0,0.0,0.0,0.0,0.0,0.0,0.0,0.0,0.0,0.0,0.0,0.0,0,0,0.0,0.0
RYMZZMVNJRMUDD,Rhinosinusitis,1,21.0,0.0,0.0,0.0,0.0,0.0,0.0,0.0,0.0,0.0,0.0,0.0,0.0,0.0,0.0,0.0,0.0,0.0,0,0,0.0,0.0
PAFKTGFSEFKSQG,Prostate Cancer,1,72.0,0.8728762805808241,0.43643814029041206,0.0,0.0,0.0,0.0,0.9285669064556789,0.8442402017351026,0.0,0.0,0.8304717518195258,0.4152358759097629,0.9918367794935794,0.9820217175513242,0.995170788956094,0.7600753313728008,0.995170788956094,2,1,12.75,0.14262921877354562
CWHUFRVAEUJCEF,Prostate Cancer,1,50.0,0.0,0.0,0.0,0.0,0.0,0.0,0.0,0.0,0.0,0.0,0.6263022664869202,0.5764645192268142,0.18183411766266877,0.18120085641515668,0.6954112196469122,0.5123828554544261,0.6954112196469122,3,1,-9.25,-0.15713035053563618
JRWROCIMSDXGOZ,Crohn's Disease,1,40.0,0.0,0.0,0.0,0.0,0.0,0.0,0.0,0.0,0.2220908817980018,0.2220908817980018,0.0,0.0,0.47737765882452543,0.47737765882452543,0.11860222763012143,0.11860222763012143,0.47737765882452543,1,1,-10.0,-0.07751819995644038
XGALLCVXEZPNRQ,Lung Cancer; Head and Neck Cancer,1,48.0,0.9336832402296186,0.9336832402296186,0.6079307976116209,0.6079307976116209,0.0,0.0,0.8735498843346562,0.8735498843346562,0.0,0.0,0.9409039510472654,0.9409039510472654,0.9960065980462496,0.9960065980462496,0.9994311108906085,0.9994311108906085,0.9994311108906085,1,1,0.0,0.0
VSNHCAURESNICA,Multiple Sclerosis,1,21.0,0.0,0.0,0.0,0.0,0.0,0.0,0.0,0.0,0.0,0.0,0.0,0.0,0.0,0.0,0.0,0.0,0.0,0,0,-36.523809523809526,-0.8166898882605884
GMVPRGQOIOIIMI,newborn respiratory distress syndrome,1,32.0,0.0,0.0,0.0,0.0,0.0,0.0,0.0,0.0,0.0,0.0,0.0,0.0,0.0,0.0,0.0,0.0,0.0,0,0,0.0,0.0
GXALXAKNHIROPE,Hepatitis C,1,21.0,0.0,0.0,0.0,0.0,0.0,0.0,0.0,0.0,0.0,0.0,0.0,0.0,0.44074982826842524,0.44074982826842524,0.16918516823418583,0.16918516823418583,0.44074982826842524,1,1,0.0,0.0
FELGMEQIXOGIFQ,Obsessive-compulsive Disorder,1,29.0,0.0,0.0,0.0,0.0,0.0,0.0,0.0,0.0,0.0,0.0,0.0,0.0,0.07599134970145263,0.07599134970145263,0.4059001952953391,0.4059001952953391,0.4059001952953391,1,1,0.0,0.0
CUIHSIWYWATEQL,Gastrointestinal Stromal Tumor (GIST),1,10.0,0.908559202751775,0.302853067583925,0.8168275681045472,0.27227585603484905,0.4653556753190563,0.15511855843968544,0.898974417023234,0.2996581390077447,0.0,0.0,0.7814745002642415,0.5644568988938911,0.9830204284656623,0.9681939995675166,0.9956232577426181,0.672170534767993,0.9956232577426181,3,1,0.0,0.0
JQXXHWHPUNPDRT,Multiple System Atrophy,1,30.0,0.0,0.0,0.0,0.0,0.0,0.0,0.0,0.0,0.0,0.0,0.0,0.0,0.0,0.0,0.0,0.0,0.0,0,0,0.0,0.0
UCEQXRCJXIVODC,Lung Cancer,1,34.0,0.0,0.0,0.0,0.0,0.48952874318965406,0.48952874318965406,0.8062607092106926,0.8062607092106926,0.0,0.0,0.834839289368301,0.834839289368301,0.9843438495167594,0.9843438495167594,0.9911201147359462,0.9911201147359462,0.9911201147359462,1,1,-23.451612903225808,0.05198552071495732
CUIHSIWYWATEQL,wet macular degeneration,1,55.0,0.0,0.0,0.0,0.0,0.0,0.0,0.0,0.0,0.0,0.0,0.0,0.0,0.0,0.0,0.0,0.0,0.0,0,0,0.0,0.0
VJYDOJXJUCJUHL,Acute Coronary Syndrome,1,23.0,0.0,0.0,0.0,0.0,0.0,0.0,0.0,0.0,0.0,0.0,0.0,0.0,0.24317231904464842,0.24317231904464842,0.06753604441118365,0.046782058917491036,0.24317231904464842,3,1,-48.0,-0.6031093152343497
JNAHVYVRKWKWKQ,Liver Cancer,1,24.0,0.0,0.0,0.0,0.0,0.0,0.0,0.0,0.0,0.0,0.0,0.0,0.0,0.0,0.0,0.0,0.0,0.0,0,0,-0.6666666666666679,0.0
YUTIXVXZQIQWGY,rheumatoid arthritis,1,40.0,0.0,0.0,0.0,0.0,0.0,0.0,0.0,0.0,0.0,0.0,0.0,0.0,0.0,0.0,0.0,0.0,0.0,0,0,0.0,0.0
DFJSJLGUIXFDJP,Breast Cancer,1,47.0,0.4921515443954009,0.16405051479846697,0.0,0.0,0.0,0.0,0.8678361603226922,0.48665358882423293,0.0,0.0,0.8314060765533569,0.7029796331242104,0.9952073942972036,0.8808570548232955,0.9997022186776718,0.9917338847923771,0.9997022186776718,3,1,-10.475000000000001,0.2541681786395016
IMOZEMNVLZVGJZ,Patients With Rheumatoid Arthritis,1,36.0,0.0,0.0,0.0,0.0,0.0,0.0,0.0,0.0,0.0,0.0,0.0,0.0,0.0,0.0,0.0,0.0,0.0,0,0,0.0,0.0
DSLPMJSGSBLWRE,Endometrial Cancer,1,55.0,0.0,0.0,0.0,0.0,0.0,0.0,0.0,0.0,0.0,0.0,0.0,0.0,0.0,0.0,0.0,0.0,0.0,0,0,13.333333333333336,-0.32372952861069654
XDAOLTSRNUSPPH,Tuberculosis,1,87.0,0.0,0.0,0.0,0.0,0.0,0.0,0.0,0.0,0.0,0.0,0.0,0.0,0.0,0.0,0.0,0.0,0.0,0,0,1.75,0.0
UGJMXCAKCUNAIE,Pain; Breast Cancer; Lung Cancer,1,22.0,0.139590641048025,0.006560062413499851,0.0,0.0,0.0,0.0,0.0,0.0,0.0,0.0,0.0,0.0,0.9931304261031745,0.9927261282954573,0.15198269940290526,0.013737262705067869,0.9931304261031745,26,1,0.0,0.0
XIESSJVMWNJCGZ,Benign Prostatic Hyperplasia,1,33.0,0.0,0.0,0.0,0.0,0.0,0.0,0.0,0.0,0.0,0.0,0.0,0.0,0.1587374860430344,0.1587374860430344,0.38462432060523666,0.38462432060523666,0.38462432060523666,1,1,-12.666666666666664,-0.39022159582414906
KBOPZPXVLCULAV,Diverticulitis,1,29.0,0.0,0.0,0.0,0.0,0.0,0.0,0.0,0.0,0.0,0.0,0.0,0.0,0.5631803361207656,0.5631803361207656,0.0,0.0,0.5631803361207656,4,1,0.0,0.0
RJKFOVLPORLFTN,Traumatic Brain Injury,1,30.0,0.0,0.0,0.0,0.0,0.0,0.0,0.0,0.0,0.0,0.0,0.0,0.0,0.5003861508174653,0.5003861508174653,0.20011832083225414,0.20011832083225414,0.5003861508174653,1,1,-10.0,-0.08880904522180266
BPEGJWRSRHCHSN,Liver Cancer,1,28.0,0.0,0.0,0.0,0.0,0.0,0.0,0.0,0.0,0.0,0.0,0.0,0.0,0.0,0.0,0.0,0.0,0.0,0,0,3.333333333333332,0.0
UCEQXRCJXIVODC,Non-CNS Germ Cell Tumors (Seminomas and Nonseminomas),1,23.0,0.0,0.0,0.0,0.0,0.0,0.0,0.0,0.0,0.0,0.0,0.0,0.0,0.0,0.0,0.0,0.0,0.0,0,0,0.0,0.0
RYMZZMVNJRMUDD,Moderate and Severe COPD,1,20.0,0.0,0.0,0.0,0.0,0.0,0.0,0.0,0.0,0.0,0.0,0.0,0.0,0.0,0.0,0.0,0.0,0.0,0,0,0.0,0.0
GYHCTFXIZSNGJT,Hyponatremia; Dilutional Hyponatremia; Inappropriate ADH Syndrome,1,82.0,0.0,0.0,0.0,0.0,0.0,0.0,0.0,0.0,0.0,0.0,0.0,0.0,0.9589052659971563,0.9589052659971563,0.18722084207287606,0.18722084207287606,0.9589052659971563,1,1,0.0,0.0
OBWASQILIWPZMG,Postprandial Hypoglycemia,1,52.0,0.0,0.0,0.0,0.0,0.0,0.0,0.0,0.0,0.0,0.0,0.0,0.0,0.0,0.0,0.0,0.0,0.0,0,0,0.0,0.0
IRSCQMHQWWYFCW,respiratory failure,1,26.0,0.0,0.0,0.0,0.0,0.0,0.0,0.0,0.0,0.0,0.0,0.0,0.0,0.0,0.0,0.0,0.0,0.0,0,0,0.0,0.0
KISZAGQTIXIVAR,Advanced Breast Cancer,1,66.0,0.7362363711407216,0.7362363711407216,0.0,0.0,0.2784930983858836,0.2784930983858836,0.8492097570461924,0.8492097570461924,0.0,0.0,0.8496114818642673,0.8496114818642673,0.9932371323482767,0.9932371323482767,0.9993172641092537,0.9993172641092537,0.9993172641092537,1,1,-11.454545454545453,0.005195572590390496
QNZCBYKSOIHPEH,Stroke,1,43.0,0.0,0.0,0.0,0.0,0.0,0.0,0.0,0.0,0.0,0.0,0.0,0.0,0.9757696362470675,0.9757696362470675,0.56551874629027,0.56551874629027,0.9757696362470675,1,1,6.0,0.10240684353683116
GMPZPHGHNDMRKL,Autism Spectrum Disorder,1,27.0,0.0,0.0,0.006079307976116211,0.006079307976116211,0.4372440940021982,0.4372440940021982,0.0,0.0,0.0,0.0,0.0,0.0,0.5621482939878474,0.5621482939878474,0.32681073504525665,0.32681073504525665,0.5621482939878474,1,1,0.0,0.0
SDMBRCRVFFHJKR,Non-Alcoholic Fatty Liver Disease,1,33.0,0.0,0.0,0.0,0.0,0.0,0.0,0.0,0.0,0.0,0.0,0.0,0.0,0.0,0.0,0.0,0.0,0.0,0,0,0.0,0.0
XXSMGPRMXLTPCZ,Lung Cancer,1,22.0,0.0,0.0,0.0,0.0,0.0,0.0,0.0,0.0,0.0,0.0,0.0,0.0,0.0,0.0,0.0,0.0,0.0,0,0,-35.45161290322581,-0.9391345940209889
HGVDHZBSSITLCT,Atrial High Rate Episodes,1,44.0,0.0,0.0,0.0,0.0,0.0,0.0,0.0,0.0,0.0,0.0,0.0,0.0,0.0,0.0,0.0,0.0,0.0,0,0,0.0,0.0
AACUJFVOHGRMTR,Alzheimer's Disease,1,35.0,0.0,0.0,0.0,0.0,0.0,0.0,0.0,0.0,0.0,0.0,0.0,0.0,0.0,0.0,0.0,0.0,0.0,0,0,6.5,-0.04672231723876279
LEBVLXFERQHONN,Pain,0,62.0,0.547137717850459,0.547137717850459,0.0,0.0,0.0,0.0,0.0,0.0,0.0,0.0,0.0,0.0,0.9987210058300428,0.9987210058300428,0.07404934854241552,0.07404934854241552,0.9987210058300428,1,1,-2.1200000000000045,0.057412361724553995
LSQZJLSUYDQPKJ,Helicobacter Pylori Infection; Gastritis; Vonoprazan; Adolescents,0,87.0,0.0,0.0,0.0,0.0,0.0,0.0,0.0,0.0,0.0,0.0,0.0,0.0,0.0,0.0,0.0,0.0,0.0,0,0,0.0,0.0
GKTWGGQPFAXNFI,"Stent Thrombosis; Myocardial Infarction, Acute",0,86.0,0.0,0.0,0.0,0.0,0.0,0.0,0.0,0.0,0.0,0.0,0.0,0.0,0.0,0.0,0.0,0.0,0.0,0,0,0.0,0.0
JVHXJTBJCFBINQ,Type 2 Diabetes,0,60.0,0.0,0.0,0.0,0.0,0.0,0.0,0.0,0.0,0.0,0.0,0.0,0.0,0.9974377552980216,0.9974377552980216,0.9481524627860095,0.9481524627860095,0.9974377552980216,1,1,0.46052631578947256,0.017297779805260594
JVHXJTBJCFBINQ,Type 2 Diabetes,0,60.0,0.0,0.0,0.0,0.0,0.0,0.0,0.0,0.0,0.0,0.0,0.0,0.0,0.9974377552980216,0.9974377552980216,0.9481524627860095,0.9481524627860095,0.9974377552980216,1,1,0.46052631578947256,0.017297779805260594
NBGABHGMJVIVBW,insomnia,0,72.0,0.0,0.0,0.0,0.0,0.0,0.0,0.0,0.0,0.0,0.0,0.0,0.0,0.9762224837568165,0.9761712995999867,0.17762415247386154,0.12586356755337758,0.9762224837568165,2,1,4.75,-0.0032935483305970292
DPYMFVXJLLWWEU,Early Recovery in Elderly Patients; Cognitive Function,0,24.0,0.0,0.0,0.0,0.0,0.0,0.0,0.0,0.0,0.0,0.0,0.0,0.0,0.0,0.0,0.0,0.0,0.0,0,0,-8.0,0.0
JAUOIFJMECXRGI,allergic rhinitis,0,70.0,0.0,0.0,0.0,0.0,0.0,0.0,0.0,0.0,0.0,0.0,0.0,0.0,0.0,0.0,0.0,0.0,0.0,0,0,-2.0,0.0
SUBDBMMJDZJVOS,Gastro Oesophageal Reflux Disease,0,80.0,0.0,0.0,0.0,0.0,0.0,0.0,0.0,0.0,0.0,0.0,0.0,0.0,0.9981690542695568,0.9981690542695568,0.5878210735448489,0.3060691527246569,0.9981690542695568,2,1,0.0,0.0
PJMPHNIQZUBGLI,Procedural Pain,0,75.0,0.0,0.0,0.0,0.0,0.0,0.0,0.0,0.0,0.0,0.0,0.0,0.0,0.0,0.0,0.0,0.0,0.0,0,0,0.0,0.0
PPSNFPASKFYPMN,hot flashes,0,83.0,0.0,0.0,0.0,0.0,0.0,0.0,0.0,0.0,0.0,0.0,0.0,0.0,0.0,0.0,0.0,0.0,0.0,0,0,0.0,0.0
DRLFMBDRBRZALE,"Neonatal Diseases and Abnormalities; Neonatal Mortality; Pulmonary Arterial Hypertension; Pulmonary Arterial Hypertension, Children",0,37.0,0.0,0.0,0.0,0.0,0.0,0.0,0.0,0.0,0.0,0.0,0.0,0.0,0.0,0.0,0.0,0.0,0.0,0,0,0.0,0.0
OLBCVFGFOZPWHH,General Anesthesia,0,95.0,0.0,0.0,0.0,0.0,0.0,0.0,0.0,0.0,0.0,0.0,0.0,0.0,0.0,0.0,0.0,0.0,0.0,0,0,0.0,0.0
OLBCVFGFOZPWHH,Anesthesia,0,95.0,0.0,0.0,0.0,0.0,0.0,0.0,0.0,0.0,0.0,0.0,0.0,0.0,0.0,0.0,0.0,0.0,0.0,0,0,10.666666666666671,0.0
CYHWMBVXXDIZNZ,intraoperative hypotension,0,20.0,0.0,0.0,0.0,0.0,0.0,0.0,0.0,0.0,0.0,0.0,0.0,0.0,0.0,0.0,0.0,0.0,0.0,0,0,0.0,0.0
IWUCXVSUMQZMFG,Dengue Hemorrhagic Fever,0,30.0,0.0,0.0,0.0,0.0,0.0,0.0,0.0,0.0,0.0,0.0,0.0,0.0,0.0,0.0,0.0,0.0,0.0,0,0,0.0,0.0
DFEYYRMXOJXZRJ,Early Recovery in Elderly Patients; Cognitive Function,0,40.0,0.0,0.0,0.0,0.0,0.0,0.0,0.0,0.0,0.0,0.0,0.0,0.0,0.0,0.0,0.0,0.0,0.0,0,0,8.0,0.0
WOXKDUGGOYFFRN,BPH With Other Lower Urinary Tract Symptoms,0,60.0,0.0,0.0,0.0,0.0,0.0,0.0,0.0,0.0,0.0,0.0,0.0,0.0,0.0,0.0,0.0,0.0,0.0,0,0,0.0,0.0
XFYDIVBRZNQMJC,postoperative urinary retention,0,18.0,0.0,0.0,0.0,0.0,0.0,0.0,0.0,0.0,0.0,0.0,0.0,0.0,0.0,0.0,0.0,0.0,0.0,0,0,0.0,0.0
RZVAJINKPMORJF,Pain,0,60.0,0.0,0.0,0.0,0.0,0.0,0.0,0.0,0.0,0.0,0.0,0.0,0.0,0.9995731537430043,0.9991310570502242,0.4680162140242536,0.17877750561456587,0.9995731537430043,4,1,-4.1200000000000045,0.058264509637515505
OFCNXPDARWKPPY,gout,0,90.0,0.7203524817018013,0.7203524817018013,0.0,0.0,0.0,0.0,0.0,0.0,0.0,0.0,0.0,0.0,0.993040929928822,0.993040929928822,0.40306403331363616,0.40306403331363616,0.993040929928822,1,1,13.25,0.0218281969075802
IMOZEMNVLZVGJZ,plaque psoriasis,0,62.0,0.0,0.0,0.0,0.0,0.0,0.0,0.0,0.0,0.0,0.0,0.0,0.0,0.0,0.0,0.0,0.0,0.0,0,0,-2.5,0.0
IMOZEMNVLZVGJZ,plaque psoriasis,0,62.0,0.0,0.0,0.0,0.0,0.0,0.0,0.0,0.0,0.0,0.0,0.0,0.0,0.0,0.0,0.0,0.0,0.0,0,0,-2.5,0.0
QIVUCLWGARAQIO,migraine,0,80.0,0.0,0.0,0.0,0.0,0.0,0.0,0.0,0.0,0.0,0.0,0.0,0.0,0.0,0.0,0.0,0.0,0.0,0,0,10.0,0.0
VOVIALXJUBGFJZ,Chronic Rhinosinusitis With Nasal Polyps,0,75.0,0.0,0.0,0.0,0.0,0.0,0.0,0.0,0.0,0.0,0.0,0.0,0.0,0.0,0.0,0.3816342675403953,0.3816342675403953,0.3816342675403953,1,1,0.0,0.0
LEBVLXFERQHONN,hemodynamic instability,0,16.0,0.0,0.0,0.0,0.0,0.0,0.0,0.0,0.0,0.0,0.0,0.0,0.0,0.0,0.0,0.0,0.0,0.0,0,0,4.0,0.0
LEBVLXFERQHONN,postoperative pain,0,78.0,0.0,0.0,0.0,0.0,0.0,0.0,0.0,0.0,0.0,0.0,0.0,0.0,0.0,0.0,0.0,0.0,0.0,0,0,27.0,0.0
RUEYEZADQJCKGV,anemia,0,83.0,0.0,0.0,0.0,0.0,0.8177217992498811,0.27730615417616333,0.0,0.0,0.0,0.0,0.0,0.0,0.9005842133665669,0.86558540394456,0.15401024054025744,0.057964789141936396,0.9005842133665669,4,1,7.375,0.07674099441576088
NBGABHGMJVIVBW,insomnia,0,72.0,0.0,0.0,0.0,0.0,0.0,0.0,0.0,0.0,0.0,0.0,0.0,0.0,0.9762224837568165,0.9761712995999867,0.17762415247386154,0.12586356755337758,0.9762224837568165,2,1,4.75,-0.0032935483305970292
UREBDLICKHMUKA,Laparoscopic Cholecystectomy; Postoperative Nausea and Vomiting,0,52.0,0.0,0.0,0.0,0.0,0.0,0.0,0.0,0.0,0.0,0.0,0.0,0.0,0.0,0.0,0.0,0.0,0.0,0,0,0.0,0.0
OLNTVTPDXPETLC,Hypercholesterolemia,0,75.0,0.8158801617544358,0.8158801617544358,0.0,0.0,0.0,0.0,0.0,0.0,0.0,0.0,0.0,0.0,0.9919633381901906,0.9919633381901906,0.1313564894078266,0.1313564894078266,0.9919633381901906,1,1,-5.357142857142861,0.02105815981356951
RWTNPBWLLIMQHL,seasonal allergic rhinitis,0,70.0,0.0,0.0,0.0,0.0,0.0,0.0,0.0,0.0,0.0,0.0,0.0,0.0,0.9975703273379479,0.9975703273379479,0.10846350790837343,0.10846350790837343,0.9975703273379479,1,1,5.5,0.0040187917665465145
LNEPOXFFQSENCJ,Hyperactive Delirium,0,58.0,0.0,0.0,0.0,0.0,0.0,0.0,0.0,0.0,0.0,0.0,0.0,0.0,0.0,0.0,0.0,0.0,0.0,0,0,0.0,0.0
JCQLYHFGKNRPGE,hepatic encephalopathy,0,72.0,0.0,0.0,0.0,0.0,0.0,0.0,0.0,0.0,0.0,0.0,0.0,0.0,0.0,0.0,0.0,0.0,0.0,0,0,0.0,0.0
JCQLYHFGKNRPGE,Cirrhosis,0,18.0,0.0,0.0,0.0,0.0,0.0,0.0,0.0,0.0,0.0,0.0,0.0,0.0,0.0,0.0,0.0,0.0,0.0,0,0,-21.25,0.0
FWYSMLBETOMXAG,Prevention of Cytomegalovirus Infection,0,88.0,0.0,0.0,0.0,0.0,0.0,0.0,0.0,0.0,0.0,0.0,0.0,0.0,0.0,0.0,0.0,0.0,0.0,0,0,0.0,0.0
FBPFZTCFMRRESA,traumatic brain injury,0,45.0,0.0,0.0,0.0,0.0,0.0,0.0,0.0,0.0,0.0,0.0,0.0,0.0,0.0,0.0,0.0,0.0,0.0,0,0,2.5,-0.3350562701471249
DRLFMBDRBRZALE,Anxiety; Preoperative Anxiety,0,35.0,0.0,0.0,0.0,0.0,0.0,0.0,0.0,0.0,0.0,0.0,0.0,0.0,0.5832656941951895,0.5832656941951895,0.20444468062669913,0.16978915285727045,0.5832656941951895,2,1,0.0,0.0
XZWYZXLIPXDOLR,T2DM; Type 2 Diabetes Mellitus,0,80.0,0.0,0.0,0.3039653988058105,0.3039653988058105,0.0,0.0,0.0,0.0,0.0,0.0,0.0,0.0,0.9986081372456911,0.9986081372456911,0.17827377545849124,0.17827377545849124,0.9986081372456911,1,1,0.0,0.0
XZWYZXLIPXDOLR,Covid19,1,15.0,0.0,0.0,0.0,0.0,0.0,0.0,0.0,0.0,0.0,0.0,0.0,0.0,0.0,0.0,0.0,0.0,0.0,0,0,-19.57142857142857,0.0
TTWJBBZEZQICBI,upper gastrointestinal bleeding,0,25.0,0.0,0.0,0.0,0.0,0.0,0.0,0.0,0.0,0.0,0.0,0.0,0.0,0.0,0.0,0.0,0.0,0.0,0,0,0.0,0.0
DQCKKXVULJGBQN,Alcohol Use Disorder,0,62.0,0.0,0.0,0.0,0.0,0.0,0.0,0.0,0.0,0.0,0.0,0.0,0.0,0.0,0.0,0.0,0.0,0.0,0,0,0.0,0.0
NXFQHRVNIOXGAQ,Recurrent urinary tract infections,0,83.0,0.0,0.0,0.0,0.0,0.0,0.0,0.0,0.0,0.0,0.0,0.0,0.0,0.0,0.0,0.0,0.0,0.0,0,0,0.0,0.0
SUBDBMMJDZJVOS,in Cancer,0,13.0,0.0,0.0,0.0,0.0,0.0,0.0,0.0,0.0,0.0,0.0,0.0,0.0,0.0,0.0,0.0,0.0,0.0,0,0,-15.25,0.0
MVFGUOIZUNYYSO,hemodynamic instability,0,8.0,0.0,0.0,0.0,0.0,0.0,0.0,0.0,0.0,0.0,0.0,0.0,0.0,0.0,0.0,0.0,0.0,0.0,0,0,-4.0,0.0
RJKFOVLPORLFTN,Infertility,0,55.0,0.5256683512342566,0.5256683512342566,0.0,0.0,0.9475465324332806,0.9475465324332806,0.0,0.0,0.0,0.0,0.0,0.0,0.9765289536892372,0.9765289536892372,0.29108021840633275,0.29108021840633275,0.9765289536892372,1,1,-7.5,0.05094692720276761
OLBCVFGFOZPWHH,"Anesthesia, General; Neuromuscular Transmission Disorders",0,80.0,0.0,0.0,0.0,0.0,0.0,0.0,0.0,0.0,0.0,0.0,0.0,0.0,0.0,0.0,0.0,0.0,0.0,0,0,-1.0,0.0
CYHWMBVXXDIZNZ,Healthy,0,85.0,0.0,0.0,0.0,0.0,0.0,0.0,0.0,0.0,0.0,0.0,0.0,0.0,0.0,0.0,0.0,0.0,0.0,0,0,33.75,0.0
CYHWMBVXXDIZNZ,atrial fibrillation,0,20.0,0.0,0.0,0.0,0.0,0.0,0.0,0.0,0.0,0.0,0.0,0.0,0.0,0.0,0.0,0.0,0.0,0.0,0,0,-31.142857142857146,-0.7257111980102879
KRNAOFGYEFKHPB,migraine,0,80.0,0.0,0.0,0.0,0.0,0.0,0.0,0.0,0.0,0.0,0.0,0.0,0.0,0.0,0.0,0.0,0.0,0.0,0,0,10.0,0.0
RAPZEAPATHNIPO,Schizophrenia; Schizoaffective Disorder,0,78.0,0.6560907249300643,0.21869690831002142,0.0,0.0,0.6454494156558882,0.2151498052186294,0.0,0.0,0.0,0.0,0.0,0.0,0.9994097502793402,0.9992740567870717,0.9231710917698762,0.5102502143489288,0.9994097502793402,3,1,0.0,0.0
ZKMNUMMKYBVTFN,Post-surgical Pain,0,72.0,0.0,0.0,0.0,0.0,0.0,0.0,0.0,0.0,0.0,0.0,0.0,0.0,0.0,0.0,0.0,0.0,0.0,0,0,0.0,0.0
DFEYYRMXOJXZRJ,"Anesthesia, General; Neuromuscular Transmission Disorders",0,82.0,0.0,0.0,0.0,0.0,0.0,0.0,0.0,0.0,0.0,0.0,0.0,0.0,0.0,0.0,0.0,0.0,0.0,0,0,1.0,0.0
UCTRAOBQFUDCSR,sleep apnea,0,28.0,0.0,0.0,0.0,0.0,0.0,0.0,0.0,0.0,0.0,0.0,0.0,0.0,0.0,0.0,0.0,0.0,0.0,0,0,0.0,0.0
DRHKJLXJIQTDTD,Postoperative Retention of Urine,0,62.0,0.0,0.0,0.0,0.0,0.0,0.0,0.0,0.0,0.0,0.0,0.0,0.0,0.0,0.0,0.0,0.0,0.0,0,0,0.0,0.0
HUNGUWOZPQBXGX,actinic keratosis,0,70.0,0.0,0.0,0.0,0.0,0.0,0.0,0.0,0.0,0.0,0.0,0.0,0.0,0.0,0.0,0.0,0.0,0.0,0,0,-1.6666666666666714,0.0
UJLAWZDWDVHWOW,Alopecia Areata; Alopecia Totalis; Alopecia Universalis,0,80.0,0.0,0.0,0.0,0.0,0.0,0.0,0.0,0.0,0.0,0.0,0.0,0.0,0.9290047545382115,0.8700953134306013,0.13593345327998824,0.12075523538019801,0.9290047545382115,2,1,0.0,0.0
TVYLLZQTGLZFBW,Acute Pain; Post Operative Pain; Pain,0,65.0,0.0,0.0,0.0,0.0,0.0,0.0,0.0,0.0,0.0,0.0,0.0,0.0,0.3039653988058105,0.3039653988058105,0.012158615952232422,0.012158615952232422,0.3039653988058105,1,1,0.0,0.0
TVYLLZQTGLZFBW,Acute Pain; Post Operative Pain; Pain,0,65.0,0.0,0.0,0.0,0.0,0.0,0.0,0.0,0.0,0.0,0.0,0.0,0.0,0.3039653988058105,0.3039653988058105,0.012158615952232422,0.012158615952232422,0.3039653988058105,1,1,0.0,0.0
GYDJEQRTZSCIOI,"Hemorrhage, Postpartum; Placenta Previa",0,78.0,0.0,0.0,0.0,0.0,0.0,0.0,0.0,0.0,0.0,0.0,0.0,0.0,0.67676300332411,0.67676300332411,0.06965873722633158,0.06965873722633158,0.67676300332411,1,1,0.0,0.0
GFNANZIMVAIWHM,pain,0,50.0,0.0,0.0,0.0,0.0,0.0,0.0,0.0,0.0,0.0,0.0,0.0,0.0,0.9496818179517842,0.9496818179517842,0.0570576827491707,0.0570576827491707,0.9496818179517842,1,1,-8.125,0.037098012838482686
IMOZEMNVLZVGJZ,plaque psoriasis,0,62.0,0.0,0.0,0.0,0.0,0.0,0.0,0.0,0.0,0.0,0.0,0.0,0.0,0.0,0.0,0.0,0.0,0.0,0,0,-2.5,0.0
MSYKRHVOOPPJKU,neuropathic pain,0,28.0,0.0,0.0,0.0,0.0,0.0,0.0,0.0,0.0,0.0,0.0,0.0,0.0,0.0,0.0,0.0,0.0,0.0,0,0,0.0,0.0
ZPMNHBXQOOVQJL,Colon Cancer; Inflammatory Bowel Diseases; Gastrointestinal Bleed; Colon Polyp,0,15.0,0.0,0.0,0.0,0.0,0.0,0.0,0.0,0.0,0.0,0.0,0.0,0.0,0.0,0.0,0.0,0.0,0.0,0,0,0.0,0.0
IMOZEMNVLZVGJZ,palmoplantar pustulosis,0,62.0,0.0,0.0,0.0,0.0,0.0,0.0,0.0,0.0,0.0,0.0,0.0,0.0,0.0,0.0,0.0,0.0,0.0,0,0,0.0,0.0
QIVUCLWGARAQIO,chronic migraine,0,78.0,0.0,0.0,0.0,0.0,0.0,0.0,0.0,0.0,0.0,0.0,0.0,0.0,0.0,0.0,0.0,0.0,0.0,0,0,0.0,0.0
MBUVEWMHONZEQD,seasonal allergic rhinitis,0,72.0,0.0,0.0,0.0,0.0,0.0,0.0,0.0,0.0,0.0,0.0,0.0,0.0,0.9975703273379479,0.9975703273379479,0.10846350790837343,0.10846350790837343,0.9975703273379479,1,1,7.5,0.0040187917665465145
KUVIULQEHSCUHY,asthma,0,82.0,0.0,0.0,0.0,0.0,0.0,0.0,0.0,0.0,0.0,0.0,0.0,0.0,0.9988298364350643,0.9988298364350643,0.715329212260515,0.715329212260515,0.9988298364350643,1,1,16.125,0.06337853867771814
XYLJNLCSTIOKRM,presbyopia,0,33.0,0.0,0.0,0.0,0.0,0.0,0.0,0.0,0.0,0.0,0.0,0.0,0.0,0.6027859410466099,0.6027859410466099,0.0,0.0,0.6027859410466099,1,1,0.0,0.0
LEBVLXFERQHONN,pain,0,78.0,0.547137717850459,0.547137717850459,0.0,0.0,0.0,0.0,0.0,0.0,0.0,0.0,0.0,0.0,0.9987210058300428,0.9987210058300428,0.07404934854241552,0.07404934854241552,0.9987210058300428,1,1,19.875,0.08613720071674125
QWCRAEMEVRGPNT,Vertigo; Autonomic Dysfunction,0,28.0,0.0,0.0,0.0,0.0,0.0,0.0,0.0,0.0,0.0,0.0,0.0,0.0,0.0,0.0,0.0,0.0,0.0,0,0,0.0,0.0
RYYVLZVUVIJVGH,Pain,0,28.0,0.0,0.0,0.0,0.0,0.0,0.0,0.0,0.0,0.0,0.0,0.0,0.0,0.9473377878251379,0.9469084185129574,0.03858671868173762,0.020243251212136965,0.9473377878251379,4,1,-36.120000000000005,0.006029143719649133
KPWSJANDNDDRMB,autism spectrum disorder,0,28.0,0.6858566750614393,0.34292833753071966,0.0,0.0,0.6051934203257087,0.4342745209255314,0.0,0.0,0.0,0.0,0.0,0.0,0.9963926444645673,0.788128651793226,0.33282922946215093,0.22094684793437785,0.9963926444645673,2,1,4.0,0.12291874667852987
IAKHMKGGTNLKSZ,Ischemic stroke,1,45.0,0.0,0.0,0.0,0.0,0.0,0.0,0.0,0.0,0.0,0.0,0.0,0.0,0.0,0.0,0.0,0.0,0.0,0,0,0.0,0.0
JVHXJTBJCFBINQ,Chronic Kidney Diseases,0,73.0,0.0,0.0,0.0,0.0,0.0,0.0,0.0,0.0,0.0,0.0,0.0,0.0,0.12158615952232422,0.12158615952232422,0.01823792392834863,0.01823792392834863,0.12158615952232422,1,1,6.5,0.06079307976116211
XDXWLKQMMKQXPV,purpura,0,76.0,0.0,0.0,0.0,0.0,0.5450246517197607,0.5450246517197607,0.0,0.0,0.0,0.0,0.0,0.0,0.9802155668760121,0.9802155668760121,0.7660629073768279,0.7660629073768279,0.9802155668760121,1,1,0.0,0.0
OBWASQILIWPZMG,Chronic Heart Failure; Acute Heart Failure; Diabetes Mellitus,0,66.0,0.0,0.0,0.0,0.0,0.0,0.0,0.0,0.0,0.0,0.0,0.0,0.0,0.0,0.0,0.0,0.0,0.0,0,0,0.0,0.0
WSEQXVZVJXJVFP,Major Depressive Disorder,0,52.0,0.0,0.0,0.0,0.0,0.663267698464219,0.663267698464219,0.0,0.0,0.0,0.0,0.0,0.0,0.9994065355213364,0.9994065355213364,0.8034560660154578,0.8034560660154578,0.9994065355213364,1,1,3.860465116279073,0.00457864620849513
VOXZDWNPVJITMN,Dyspareunia,0,80.0,0.0,0.0,0.0,0.0,0.0,0.0,0.0,0.0,0.0,0.0,0.0,0.0,0.945043753113313,0.945043753113313,0.10417549824507957,0.10417549824507957,0.945043753113313,1,1,0.0,0.0
OVBPIULPVIDEAO,Gastric Residual Volume,0,5.0,0.0,0.0,0.0,0.0,0.0,0.0,0.0,0.0,0.0,0.0,0.0,0.0,0.0,0.0,0.0,0.0,0.0,0,0,0.0,0.0
UGJMXCAKCUNAIE,Post Operative Nausea and Vomiting; Sleeve Gastrectomy; Morbid Obesity,0,32.0,0.0,0.0,0.0,0.0,0.0,0.0,0.0,0.0,0.0,0.0,0.0,0.0,0.5173643070374299,0.5073620268203154,0.0,0.0,0.5173643070374299,26,1,0.0,0.0
PGTVWKLGGCQMBR,tuberous sclerosis,1,45.0,0.0,0.0,0.0,0.0,0.0,0.0,0.0,0.0,0.0,0.0,0.0,0.0,0.0,0.0,0.0,0.0,0.0,0,0,0.0,0.0
YOSHYTLCDANDAN,Essential Hypertension,0,80.0,0.8051397966329676,0.8051397966329676,0.865457038266544,0.865457038266544,0.762408017466963,0.762408017466963,0.0,0.0,0.0,0.0,0.0,0.0,0.9197434486627256,0.9197434486627256,0.5659982429764635,0.5659982429764635,0.9197434486627256,1,1,8.799999999999997,0.0661921705693076
YOSHYTLCDANDAN,Essential Hypertension,0,80.0,0.8051397966329676,0.8051397966329676,0.865457038266544,0.865457038266544,0.762408017466963,0.762408017466963,0.0,0.0,0.0,0.0,0.0,0.0,0.9197434486627256,0.9197434486627256,0.5659982429764635,0.5659982429764635,0.9197434486627256,1,1,8.799999999999997,0.0661921705693076
MBOMYENWWXQSNW,Multiple Myeloma,0,78.0,0.0,0.0,0.0,0.0,0.0,0.0,0.0,0.0,0.04269151280611231,0.0127144042279693,0.0,0.0,0.9867950546469583,0.9867935453866004,0.4225119043400766,0.09102576129269152,0.9867950546469583,38,1,6.36363636363636,0.15007648738875545
YQEZLKZALYSWHR,Postoperative Depression,0,50.0,0.0,0.0,0.0,0.0,0.0,0.0,0.0,0.0,0.0,0.0,0.0,0.0,0.0,0.0,0.0,0.0,0.0,0,0,0.0,0.0
OZWKMVRBQXNZKK,total hip arthroplasty,0,62.0,0.0,0.0,0.0,0.0,0.0,0.0,0.0,0.0,0.0,0.0,0.0,0.0,0.0,0.0,0.0,0.0,0.0,0,0,0.6666666666666643,-0.061788847891694476
HDKWFBCPLKNOCK,blepharitis,0,75.0,0.0,0.0,0.0,0.0,0.0,0.0,0.0,0.0,0.0,0.0,0.0,0.0,0.0,0.0,0.0,0.0,0.0,0,0,0.0,0.0
JGCMEBMXRHSZKX,Pulmonary Arterial Hypertension,0,78.0,0.0,0.0,0.0,0.0,0.0,0.0,0.0,0.0,0.0,0.0,0.0,0.0,0.9887985627672249,0.9887915906912348,0.4125644371854152,0.4102810461091848,0.9887985627672249,2,1,3.714285714285708,0.0331227594886212
KJFBVJALEQWJBS,cytomegalovirus infection,0,86.0,0.0,0.0,0.0,0.0,0.0,0.0,0.0,0.0,0.0,0.0,0.0,0.0,0.0,0.0,0.0,0.0,0.0,0,0,-2.0,0.0
RLCLASQCAPXVLM,hypertrophic cardiomyopathy,0,86.0,0.9694007098561378,0.6387897117992501,0.8805904317250033,0.46074177879573597,0.7221481037004633,0.30198841605394827,0.0,0.0,0.0,0.0,0.0,0.0,0.9345281822350184,0.9345281822350184,0.8842263971482296,0.3598001433163202,0.9694007098561378,7,1,0.0,0.0
RLCLASQCAPXVLM,cardiomyopathy,0,67.0,0.9734699159103406,0.6394344062955499,0.9302559192705061,0.46937505179127076,0.9197605102291758,0.395688533286044,0.0,0.0,0.0,0.0,0.607930797611621,0.08684725680166015,0.935795985412074,0.9357959854120741,0.9161355191966485,0.42607925317658435,0.9734699159103406,7,1,4.333333333333336,0.08188055181214249
RLCLASQCAPXVLM,cardiomyopathy,1,67.0,0.9734699159103406,0.6394344062955499,0.9302559192705061,0.46937505179127076,0.9197605102291758,0.395688533286044,0.0,0.0,0.0,0.0,0.607930797611621,0.08684725680166015,0.935795985412074,0.9357959854120741,0.9161355191966485,0.42607925317658435,0.9734699159103406,7,1,4.333333333333336,0.08188055181214249
DMJNNHOOLUXYBV,Complicated Urinary Tract Infection; Acute Pyelonephritis,0,90.0,0.0,0.0,0.0,0.0,0.0,0.0,0.0,0.0,0.0,0.0,0.0,0.0,0.0,0.0,0.0,0.0,0.0,0,0,2.0,0.0
XZWYZXLIPXDOLR,Huntington Disease,0,15.0,0.0,0.0,0.0,0.0,0.2538111080028518,0.1269055540014259,0.0,0.0,0.0,0.0,0.0,0.0,0.42555155832813474,0.21277577916406737,0.8070213250169208,0.4440081414610245,0.8070213250169208,2,1,0.0,0.0
XZWYZXLIPXDOLR,Diabetes,0,75.0,0.0,0.0,0.0,0.0,0.0,0.0,0.0,0.0,0.0,0.0,0.0,0.0,0.0,0.0,0.0,0.0,0.0,0,0,13.266666666666666,0.0
XZWYZXLIPXDOLR,Type 2 Diabetes Mellitus,0,78.0,0.0,0.0,0.3039653988058105,0.3039653988058105,0.0,0.0,0.0,0.0,0.0,0.0,0.0,0.0,0.9986081372456911,0.9986081372456911,0.17827377545849124,0.17827377545849124,0.9986081372456911,1,1,12.771428571428572,0.028905720705038496
XZWYZXLIPXDOLR,Epilepsy,0,20.0,0.8106792338612054,0.8106792338612054,0.0,0.0,0.0,0.0,0.0,0.0,0.0,0.0,0.0,0.0,0.42555155832813474,0.42555155832813474,0.0865445684557707,0.0865445684557707,0.8106792338612054,1,1,-30.0,-0.12539194099901196
VKHAHZOOUSRJNA,Labor induction,0,78.0,0.0,0.0,0.0,0.0,0.0,0.0,0.0,0.0,0.0,0.0,0.0,0.0,0.0,0.0,0.0,0.0,0.0,0,0,-4.666666666666671,0.0
OJLOPKGSLYJEMD,Labor induction,0,85.0,0.0,0.0,0.0,0.0,0.0,0.0,0.0,0.0,0.0,0.0,0.0,0.0,0.0,0.0,0.0,0.0,0.0,0,0,2.3333333333333286,0.0
OJLOPKGSLYJEMD,Labor induction,0,85.0,0.0,0.0,0.0,0.0,0.0,0.0,0.0,0.0,0.0,0.0,0.0,0.0,0.0,0.0,0.0,0.0,0.0,0,0,2.3333333333333286,0.0
SFLSHLFXELFNJZ,Anesthesia-induced hypotension,0,87.0,0.0,0.0,0.0,0.0,0.0,0.0,0.0,0.0,0.0,0.0,0.0,0.0,0.0,0.0,0.0,0.0,0.0,0,0,0.0,0.0
YTFHCXIPDIHOIA,fibrodysplasia ossificans progressiva,0,82.0,0.0,0.0,0.0,0.0,0.0,0.0,0.0,0.0,0.0,0.0,0.0,0.0,0.8462773825861618,0.8462773825861618,0.09934056704125106,0.09934056704125106,0.8462773825861618,1,1,0.0,0.0
NNACHAUCXXVJSP,excessive daytime sleepiness,0,65.0,0.0,0.0,0.0,0.0,0.0,0.0,0.0,0.0,0.0,0.0,0.0,0.0,0.0,0.0,0.0,0.0,0.0,0,0,0.0,0.0
NNACHAUCXXVJSP,idiopathic hypersomnia,0,48.0,0.0,0.0,0.0,0.0,0.0,0.0,0.0,0.0,0.0,0.0,0.0,0.0,0.5319394479101685,0.5319394479101685,0.0,0.0,0.5319394479101685,1,1,0.0,0.0
OLBCVFGFOZPWHH,General Anesthesia,0,95.0,0.0,0.0,0.0,0.0,0.0,0.0,0.0,0.0,0.0,0.0,0.0,0.0,0.0,0.0,0.0,0.0,0.0,0,0,0.0,0.0
KRNAOFGYEFKHPB,migraine,0,80.0,0.0,0.0,0.0,0.0,0.0,0.0,0.0,0.0,0.0,0.0,0.0,0.0,0.0,0.0,0.0,0.0,0.0,0,0,10.0,0.0
MNDBXUUTURYVHR,type 2 diabetes mellitus,0,25.0,0.6536621119085264,0.6536621119085264,0.0,0.0,0.0,0.0,0.0,0.0,0.0,0.0,0.0,0.0,0.14353921610274387,0.14353921610274387,0.16902492270635963,0.16902492270635963,0.6536621119085264,1,1,-18.666666666666664,-0.22979010678559908
YOZBGTLTNGAVFU,anemia,0,80.0,0.0,0.0,0.0,0.0,0.8177217992498811,0.27730615417616333,0.0,0.0,0.0,0.0,0.0,0.0,0.9005842133665669,0.86558540394456,0.15401024054025744,0.057964789141936396,0.9005842133665669,4,1,4.375,0.07674099441576088
VGKDLMBJGBXTGI,Major Depressive Disorder,0,50.0,0.0,0.0,0.0,0.0,0.663267698464219,0.663267698464219,0.0,0.0,0.0,0.0,0.0,0.0,0.9994065355213364,0.9994065355213364,0.8034560660154578,0.8034560660154578,0.9994065355213364,1,1,1.860465116279073,0.00457864620849513
GGCSSNBKKAUURC,total hip arthroplasty,0,70.0,0.0,0.0,0.0,0.0,0.0,0.0,0.0,0.0,0.0,0.0,0.0,0.0,0.06079307976116211,0.06079307976116211,0.0,0.0,0.06079307976116211,1,1,8.666666666666664,-0.0009957681305323637
LDEKQSIMHVQZJK,HIV infection,0,90.0,0.0,0.0,0.0,0.0,0.0,0.0,0.0,0.0,0.0,0.0,0.0,0.0,0.0,0.0,0.0,0.0,0.0,0,0,18.058823529411768,-0.07569723439911848
UEJJHQNACJXSKW,Transfusion-dependent Beta-Thalassemia,0,55.0,0.0,0.0,0.0,0.0,0.0,0.0,0.0,0.0,0.0,0.0,0.0,0.0,0.0,0.0,0.0,0.0,0.0,0,0,0.0,0.0
NLVFBUXFDBBNBW,Total Knee Arthoplasty,0,35.0,0.0,0.0,0.0,0.0,0.0,0.0,0.0,0.0,0.0,0.0,0.0,0.0,0.0,0.0,0.0,0.0,0.0,0,0,0.0,0.0
TVYLLZQTGLZFBW,Shivering,0,62.0,0.0,0.0,0.0,0.0,0.0,0.0,0.0,0.0,0.0,0.0,0.0,0.0,0.0,0.0,0.0,0.0,0.0,0,0,0.0,0.0
WYQFJHHDOKWSHR,atopic dermatitis,0,78.0,0.0,0.0,0.0,0.0,0.0,0.0,0.0,0.0,0.0,0.0,0.0,0.0,0.0,0.0,0.0,0.0,0.0,0,0,3.3333333333333286,0.0
NIJJYAXOARWZEE,migraine,0,48.0,0.0,0.0,0.0,0.0,0.0,0.0,0.0,0.0,0.0,0.0,0.0,0.0,0.0,0.0,0.0,0.0,0.0,0,0,-22.0,0.0
RNOAOAWBMHREKO,hemophagocytic lymphohistiocytosis,0,32.0,0.0,0.0,0.0,0.0,0.0,0.0,0.0,0.0,0.0,0.0,0.0,0.0,0.0,0.0,0.0,0.0,0.0,0,0,0.0,0.0
RKUNBYITZUJHSG,Anesthesia,0,42.0,0.0,0.0,0.0,0.0,0.0,0.0,0.0,0.0,0.0,0.0,0.0,0.0,0.0,0.0,0.0,0.0,0.0,0,0,-42.33333333333333,0.0
HEFNNWSXXWATRW,Pain Management,0,68.0,0.0,0.0,0.0,0.0,0.0,0.0,0.0,0.0,0.0,0.0,0.0,0.0,0.0,0.0,0.0,0.0,0.0,0,0,10.0,0.0
OFCNXPDARWKPPY,gout,0,90.0,0.7203524817018013,0.7203524817018013,0.0,0.0,0.0,0.0,0.0,0.0,0.0,0.0,0.0,0.0,0.993040929928822,0.993040929928822,0.40306403331363616,0.40306403331363616,0.993040929928822,1,1,13.25,0.0218281969075802
QIVUCLWGARAQIO,chronic migraine,0,78.0,0.0,0.0,0.0,0.0,0.0,0.0,0.0,0.0,0.0,0.0,0.0,0.0,0.0,0.0,0.0,0.0,0.0,0,0,0.0,0.0
SNHRLVCMMWUAJD,oral submucous fibrosis,0,42.0,0.0,0.0,0.0,0.0,0.0,0.0,0.0,0.0,0.0,0.0,0.0,0.0,0.4483489632385705,0.4483489632385705,0.0,0.0,0.4483489632385705,1,1,0.0,0.0
LEBVLXFERQHONN,Pain,0,62.0,0.547137717850459,0.547137717850459,0.0,0.0,0.0,0.0,0.0,0.0,0.0,0.0,0.0,0.0,0.9987210058300428,0.9987210058300428,0.07404934854241552,0.07404934854241552,0.9987210058300428,1,1,-2.1200000000000045,0.057412361724553995
LEBVLXFERQHONN,pain,0,78.0,0.547137717850459,0.547137717850459,0.0,0.0,0.0,0.0,0.0,0.0,0.0,0.0,0.0,0.0,0.9987210058300428,0.9987210058300428,0.07404934854241552,0.07404934854241552,0.9987210058300428,1,1,19.875,0.08613720071674125
LEBVLXFERQHONN,Mammaplasty,0,70.0,0.0,0.0,0.0,0.0,0.0,0.0,0.0,0.0,0.0,0.0,0.0,0.0,0.0,0.0,0.0,0.0,0.0,0,0,0.0,0.0
QHMBSVQNZZTUGM,fibromyalgia,1,33.0,0.0,0.0,0.0,0.0,0.0,0.0,0.0,0.0,0.0,0.0,0.0,0.0,0.5228947885990355,0.5228947885990355,0.7295247419412835,0.7295247419412835,0.7295247419412835,1,1,2.0,0.14093818412898618
OGHNVEJMJSYVRP,Tricuspid Regurgitation; Right Ventricular Dilatation,0,32.0,0.0,0.0,0.0,0.0,0.0,0.0,0.0,0.0,0.0,0.0,0.0,0.0,0.0,0.0,0.0,0.0,0.0,0,0,0.0,-0.014353921610274385
ZKLPARSLTMPFCP,Lower Ureteric Stones,0,15.0,0.0,0.0,0.0,0.0,0.0,0.0,0.0,0.0,0.0,0.0,0.0,0.0,0.0,0.0,0.0,0.0,0.0,0,0,0.0,0.0
QYSXJUFSXHHAJI,Pre-frail Elderly,0,40.0,0.0,0.0,0.0,0.0,0.0,0.0,0.0,0.0,0.0,0.0,0.0,0.0,0.0,0.0,0.0,0.0,0.0,0,0,0.0,0.0
GKTWGGQPFAXNFI,Ischemic Stroke,0,68.0,0.0,0.0,0.0,0.0,0.0,0.0,0.0,0.0,0.0,0.0,0.0,0.0,0.682103257387594,0.682103257387594,0.4066089106318993,0.4066089106318993,0.682103257387594,1,1,0.0,0.0
IAKHMKGGTNLKSZ,COVID-19; cytokine release syndrome,1,50.0,0.0,0.0,0.0,0.0,0.0,0.0,0.0,0.0,0.0,0.0,0.0,0.0,0.0,0.0,0.0,0.0,0.0,0,0,0.0,0.0
UREBDLICKHMUKA,Coronavirus Infection,0,65.0,0.0,0.0,0.0,0.0,0.0,0.0,0.0,0.0,0.0,0.0,0.0,0.0,0.0,0.0,0.0,0.0,0.0,0,0,20.0,0.0
JVHXJTBJCFBINQ,Heart Failure,0,65.0,0.0,0.0,0.0,0.0,0.0,0.0,0.0,0.0,0.0,0.0,0.0,0.0,0.9894231864764209,0.9894231864764209,0.9578200471076443,0.9578200471076443,0.9894231864764209,1,1,6.111111111111114,0.049969115050315205
UREBDLICKHMUKA,Covid19; Viral Pneumonia Human Coronavirus; Severe Acute Respiratory Syndrome,0,66.0,0.0,0.0,0.0,0.0,0.0,0.0,0.0,0.0,0.0,0.0,0.0,0.0,0.0,0.0,0.0,0.0,0.0,0,0,-2.0,0.0
UREBDLICKHMUKA,Post Uterine Artery Embolization Pain,0,35.0,0.0,0.0,0.0,0.0,0.0,0.0,0.0,0.0,0.0,0.0,0.0,0.0,0.0,0.0,0.0,0.0,0.0,0,0,0.0,0.0
UREBDLICKHMUKA,Macular Edema,0,65.0,0.0,0.0,0.0,0.0,0.0,0.0,0.0,0.0,0.0,0.0,0.0,0.0,0.09118961964174316,0.09118961964174316,0.0,0.0,0.09118961964174316,1,1,0.0,0.0
UREBDLICKHMUKA,Chemoradiotherapy in Cervical Cancer,0,25.0,0.0,0.0,0.0,0.0,0.0,0.0,0.0,0.0,0.0,0.0,0.0,0.0,0.0,0.0,0.0,0.0,0.0,0,0,0.0,0.0
DKYWVDODHFEZIM,low back pain,0,42.0,0.0,0.0,0.0,0.0,0.0,0.0,0.0,0.0,0.0,0.0,0.0,0.0,0.6836084480054001,0.680493801707059,0.04129763014686579,0.020648815073432896,0.6836084480054001,2,1,0.0,0.0
LUZRJRNZXALNLM,migraine,0,62.0,0.0,0.0,0.0,0.0,0.0,0.0,0.0,0.0,0.0,0.0,0.0,0.0,0.0,0.0,0.0,0.0,0.0,0,0,-8.0,0.0
YIMYDTCOUQIDMT,Multiple Sclerosis,0,62.0,0.26494896088262815,0.26494896088262815,0.0,0.0,0.0,0.0,0.0,0.0,0.0,0.0,0.0,0.0,0.9881970899245875,0.9881970899245875,0.07357376994700338,0.07357376994700338,0.9881970899245875,1,1,4.4761904761904745,0.17150720166399913
ZEUITGRIYCTCEM,Improving Outcomes in People With Knee Osteoarthritis Pain,0,40.0,0.0,0.0,0.0,0.0,0.0,0.0,0.0,0.0,0.0,0.0,0.0,0.0,0.0,0.0,0.0,0.0,0.0,0,0,0.0,0.0
HGVDHZBSSITLCT,CTEPH,0,42.0,0.0,0.0,0.0,0.0,0.0,0.0,0.0,0.0,0.0,0.0,0.0,0.0,0.0,0.0,0.0,0.0,0.0,0,0,0.0,0.0
OBWASQILIWPZMG,Tricuspid Regurgitation; Right Ventricular Dilatation,0,32.0,0.0,0.0,0.0,0.0,0.0,0.0,0.0,0.0,0.0,0.0,0.0,0.0,0.0,0.0,0.02870784322054877,0.02870784322054877,0.02870784322054877,1,1,0.0,0.014353921610274385
WXCXUHSOUPDCQV,Prostate Cancer,0,88.0,0.8728762805808241,0.8728762805808241,0.0,0.0,0.0,0.0,0.9285669064556789,0.9285669064556789,0.0,0.0,0.8304717518195258,0.8304717518195258,0.9918367794935794,0.9918367794935794,0.995170788956094,0.995170788956094,0.995170788956094,1,1,28.75,0.14262921877354562
VJJPUSNTGOMMGY,Lung Cancer,0,62.0,0.0,0.0,0.0,0.0,0.0,0.0,0.0,0.0,0.0,0.0,0.0,0.0,0.9435428448517708,0.943189866540751,0.9572363672146095,0.5768539297914405,0.9572363672146095,2,1,4.548387096774192,0.018101773193620607
VJJPUSNTGOMMGY,SCLC,0,68.0,0.0,0.0,0.0,0.0,0.0,0.0,0.0,0.0,0.0,0.0,0.0,0.0,0.0,0.0,0.0,0.0,0.0,0,0,0.0,0.0
ZCGNOVWYSGBHAU,COVID-19,1,45.0,0.0,0.0,0.0,0.0,0.0,0.0,0.0,0.0,0.0,0.0,0.0,0.0,0.0,0.0,0.0,0.0,0.0,0,0,3.1111111111111143,-0.23227039974824495
ZCGNOVWYSGBHAU,COVID-19,0,45.0,0.0,0.0,0.0,0.0,0.0,0.0,0.0,0.0,0.0,0.0,0.0,0.0,0.0,0.0,0.0,0.0,0.0,0,0,3.1111111111111143,-0.23227039974824495
PJMPHNIQZUBGLI,Acute Pain; Ambulances,0,65.0,0.0,0.0,0.0,0.0,0.0,0.0,0.0,0.0,0.0,0.0,0.0,0.0,0.3039653988058105,0.3039653988058105,0.012158615952232422,0.012158615952232422,0.3039653988058105,1,1,-6.5,0.15198269940290526
RFHAOTPXVQNOHP,Invasive Candidiases,0,73.0,0.0,0.0,0.0,0.0,0.0,0.0,0.0,0.0,0.0,0.0,0.0,0.0,0.0,0.0,0.0,0.0,0.0,0,0,0.0,0.0
GKDRMWXFWHEQQT,pneumonia,0,45.0,0.4411799219031005,0.4411799219031005,0.0,0.0,0.0,0.0,0.0,0.0,0.0,0.0,0.0,0.0,0.0,0.0,0.11678002543828092,0.11678002543828092,0.4411799219031005,1,1,-21.0,0.2941199479354003
ZZUFCTLCJUWOSV,preeclampsia,0,22.0,0.0,0.0,0.0,0.0,0.0,0.0,0.0,0.0,0.0,0.0,0.0,0.0,0.0,0.0,0.0,0.0,0.0,0,0,-8.666666666666668,0.0
ZZUFCTLCJUWOSV,preeclampsia,0,22.0,0.0,0.0,0.0,0.0,0.0,0.0,0.0,0.0,0.0,0.0,0.0,0.0,0.0,0.0,0.0,0.0,0.0,0,0,-8.666666666666668,0.0
ZZUFCTLCJUWOSV,heart failure,0,52.0,0.0,0.0,0.0,0.0,0.0,0.0,0.0,0.0,0.0,0.0,0.0,0.0,0.9952569822332833,0.9952569822332833,0.11088033130678557,0.11088033130678557,0.9952569822332833,1,1,13.0,0.04279400554757329
SDUQYLNIPVEERB,Metastatic Pancreatic Ductal Adenocarcinoma,0,52.0,0.0,0.0,0.0,0.0,0.0,0.0,0.0,0.0,0.0,0.0,0.0,0.0,0.6401448805275487,0.6401448805275487,0.07903100368951074,0.07903100368951074,0.6401448805275487,1,1,0.0,0.0
SFNSLLSYNZWZQG,Acute Myeloid Leukemia; Myelodysplastic Syndrome; Chronic Myelomonocytic Leukemia,0,45.0,0.0,0.0,0.0,0.0,0.0,0.0,0.0,0.0,0.0,0.0,0.4559480982087158,0.4559480982087158,0.8821004902577024,0.8821004902577024,0.45450001295327364,0.45450001295327364,0.8821004902577024,1,1,0.0,0.0
MFWNKCLOYSRHCJ,1mg Vs 3 mg of Granisetron,0,45.0,0.0,0.0,0.0,0.0,0.0,0.0,0.0,0.0,0.0,0.0,0.0,0.0,0.0,0.0,0.0,0.0,0.0,0,0,0.0,0.0
MFWNKCLOYSRHCJ,"Bariatric Surgery Candidate; Perioperative Complication; Nausea; Vomiting, Postoperative; Drug Effect",0,66.0,0.0,0.0,0.0,0.0,0.0,0.0,0.0,0.0,0.0,0.0,0.0,0.0,0.0,0.0,0.0,0.0,0.0,0,0,2.6666666666666643,0.0
VSNHCAURESNICA,Sickle Cell Anemia in Children,0,80.0,0.0,0.0,0.0,0.0,0.0,0.0,0.0,0.0,0.0,0.0,0.0,0.0,0.0,0.0,0.0,0.0,0.0,0,0,0.0,0.0
XMXHEBAFVSFQEX,bipolar I disorder,0,55.0,0.0,0.0,0.0,0.0,0.0,0.0,0.0,0.0,0.0,0.0,0.0,0.0,0.9865482432417526,0.9860226198015952,0.09558023095782708,0.08578579032963986,0.9865482432417526,2,1,0.5,0.0
PIWKPBJCKXDKJR,sedation,0,78.0,0.0,0.0,0.0,0.0,0.0,0.0,0.0,0.0,0.0,0.0,0.0,0.0,0.831446213664533,0.831446213664533,0.0,0.0,0.831446213664533,16,1,-9.599999999999994,-1.1102230246251565e-16
YQEZLKZALYSWHR,Major Depression,1,68.0,0.0,0.0,0.0,0.0,0.0,0.0,0.0,0.0,0.0,0.0,0.0,0.0,0.0,0.0,0.0,0.0,0.0,0,0,26.799999999999997,0.0
YQEZLKZALYSWHR,Sore Throat,0,38.0,0.0,0.0,0.0,0.0,0.0,0.0,0.0,0.0,0.0,0.0,0.0,0.0,0.0,0.0,0.0,0.0,0.0,0,0,-1.3333333333333357,0.0
WMDSZGFJQKSLLH,atrial fibrillation,1,62.0,0.0,0.0,0.0,0.0,0.0,0.0,0.0,0.0,0.0,0.0,0.0,0.0,0.9231673420456434,0.9231673420456434,0.17179288661797903,0.17179288661797903,0.9231673420456434,1,1,10.857142857142854,0.1974561440353555
MJIHNNLFOKEZEW,Breast Cancer,0,18.0,0.0,0.0,0.0,0.0,0.0,0.0,0.0,0.0,0.0,0.0,0.0,0.0,0.0,0.0,0.0,0.0,0.0,0,0,-39.475,-0.7455340400381703
MJIHNNLFOKEZEW,Reflux Esophagitis,0,88.0,0.0,0.0,0.0,0.0,0.0,0.0,0.0,0.0,0.0,0.0,0.0,0.0,0.0,0.0,0.0,0.0,0.0,0,0,0.0,0.0
NNJVILVZKWQKPM,total hip arthroplasty,0,52.0,0.0,0.0,0.0,0.0,0.0,0.0,0.0,0.0,0.0,0.0,0.0,0.0,0.12457346391392132,0.12457346391392132,0.0,0.0,0.12457346391392132,10,1,-9.333333333333336,0.06278461602222685
NNJVILVZKWQKPM,juvenile idiopathic arthritis,0,25.0,0.0,0.0,0.0,0.0,0.0,0.0,0.0,0.0,0.0,0.0,0.0,0.0,0.42555155832813474,0.42555155832813474,0.0,0.0,0.42555155832813474,1,1,0.0,0.0
HOIIHACBCFLJET,Major Depressive Disorder,0,58.0,0.8596325137173666,0.46892341052260855,0.0,0.0,0.7447641992773767,0.6406183359609793,0.0,0.0,0.0,0.0,0.0,0.0,0.9994065355213364,0.9968702726947773,0.8034560660154578,0.5874537653312911,0.9994065355213364,3,1,9.860465116279073,0.00457864620849513
HOIIHACBCFLJET,Major Depressive Disorder,0,58.0,0.8596325137173666,0.46892341052260855,0.0,0.0,0.7447641992773767,0.6406183359609793,0.0,0.0,0.0,0.0,0.0,0.0,0.9994065355213364,0.9968702726947773,0.8034560660154578,0.5874537653312911,0.9994065355213364,3,1,9.860465116279073,0.00457864620849513
HOIIHACBCFLJET,Major Depressive Disorder,0,58.0,0.8596325137173666,0.46892341052260855,0.0,0.0,0.7447641992773767,0.6406183359609793,0.0,0.0,0.0,0.0,0.0,0.0,0.9994065355213364,0.9968702726947773,0.8034560660154578,0.5874537653312911,0.9994065355213364,3,1,9.860465116279073,0.00457864620849513
UJVDJAPJQWZRFR,isolated growth hormone deficiency type IA,0,28.0,0.0,0.0,0.0,0.0,0.0,0.0,0.0,0.0,0.0,0.0,0.0,0.0,0.0,0.0,0.0,0.0,0.0,0,0,0.0,0.0
XZWYZXLIPXDOLR,SARS-CoV-2 Infection,1,30.0,0.0,0.0,0.0,0.0,0.0,0.0,0.0,0.0,0.0,0.0,0.0,0.0,0.0,0.0,0.0,0.0,0.0,0,0,-8.5,0.0
XZWYZXLIPXDOLR,Covid19,1,15.0,0.0,0.0,0.0,0.0,0.0,0.0,0.0,0.0,0.0,0.0,0.0,0.0,0.0,0.0,0.0,0.0,0.0,0,0,-19.57142857142857,0.0
XZWYZXLIPXDOLR,Frailty; Sarcopenic Obesity; Aging,0,40.0,0.0,0.0,0.0,0.0,0.0,0.0,0.0,0.0,0.0,0.0,0.0,0.0,0.0,0.0,0.0,0.0,0.0,0,0,0.0,0.0
XZWYZXLIPXDOLR,Type 2 Diabetes,0,74.0,0.0,0.0,0.3039653988058105,0.3039653988058105,0.0,0.0,0.0,0.0,0.0,0.0,0.0,0.0,0.9986081372456911,0.9986081372456911,0.17827377545849124,0.17827377545849124,0.9986081372456911,1,1,14.460526315789473,0.01846816175293009
RFKMCNOHBTXSMU,Acute Pain; Ambulances,0,78.0,0.0,0.0,0.0,0.0,0.0,0.0,0.0,0.0,0.0,0.0,0.0,0.0,0.0,0.0,0.0,0.0,0.0,0,0,6.5,-0.15198269940290526
VHRSUDSXCMQTMA,Covid19; Viral Pneumonia Human Coronavirus; Severe Acute Respiratory Syndrome,0,70.0,0.0,0.0,0.0,0.0,0.0,0.0,0.0,0.0,0.0,0.0,0.0,0.0,0.0,0.0,0.0,0.0,0.0,0,0,2.0,0.0
TTWJBBZEZQICBI,"Bariatric Surgery Candidate; Perioperative Complication; Nausea; Vomiting, Postoperative; Drug Effect",0,58.0,0.0,0.0,0.0,0.0,0.0,0.0,0.0,0.0,0.0,0.0,0.0,0.0,0.0,0.0,0.0,0.0,0.0,0,0,-5.333333333333336,0.0
VAOCPAMSLUNLGC,Complicated Intra-abdominal Infection,0,85.0,0.0,0.0,0.0,0.0,0.0,0.0,0.0,0.0,0.0,0.0,0.0,0.0,0.0,0.0,0.0,0.0,0.0,0,0,-2.5,0.0
VLPIATFUUWWMKC,myotonic dystrophy type 1,0,62.0,0.0,0.0,0.0,0.0,0.0,0.0,0.0,0.0,0.0,0.0,0.0,0.0,0.0,0.0,0.0,0.0,0.0,0,0,0.0,0.0
PQLXHQMOHUQAKB,mania,0,12.0,0.0,0.0,0.0,0.0,0.0,0.0,0.0,0.0,0.0,0.0,0.0,0.0,0.0,0.0,0.0,0.0,0.0,0,0,-4.666666666666668,0.0
XZXHXSATPCNXJR,"Lung Diseases, Interstitial",0,70.0,0.0,0.0,0.0,0.0,0.0,0.0,0.0,0.0,0.0,0.0,0.0,0.0,0.0,0.0,0.0,0.0,0.0,0,0,6.166666666666664,0.0
SFLSHLFXELFNJZ,hypotension,0,85.0,0.0,0.0,0.0,0.0,0.0,0.0,0.0,0.0,0.0,0.0,0.0,0.0,0.9753060995268333,0.9709236141184341,0.14111255900227748,0.09174942258454387,0.9753060995268333,2,1,16.400000000000006,0.17074398800090174
JEECQCWWSTZDCK,Community-acquired Pneumonia; Bacterial Pneumonia,0,88.0,0.0,0.0,0.0,0.0,0.0,0.0,0.0,0.0,0.0,0.0,0.0,0.0,0.0,0.0,0.0,0.0,0.0,0,0,0.0,0.0
FELGMEQIXOGIFQ,"Bariatric Surgery Candidate; Perioperative Complication; Nausea; Vomiting, Postoperative; Drug Effect",0,66.0,0.0,0.0,0.0,0.0,0.0,0.0,0.0,0.0,0.0,0.0,0.0,0.0,0.0,0.0,0.0,0.0,0.0,0,0,2.6666666666666643,0.0
OIGNJSKKLXVSLS,Coronavirus Infection,0,58.0,0.0,0.0,0.0,0.0,0.0,0.0,0.0,0.0,0.0,0.0,0.0,0.0,0.0,0.0,0.0,0.0,0.0,0,0,13.0,0.0
XOFYZVNMUHMLCC,Prostate Cancer,0,32.0,0.0,0.0,0.0,0.0,0.0,0.0,0.0,0.0,0.0,0.0,0.2279740491043579,0.2279740491043579,0.9235621351186311,0.9235621351186311,0.8418425153379159,0.8418425153379159,0.9235621351186311,1,1,-27.25,0.07102056493608266
INDBQLZJXZLFIT,malaria,0,84.0,0.0,0.0,0.0,0.0,0.0,0.0,0.0,0.0,0.0,0.0,0.0,0.0,0.0,0.0,0.0,0.0,0.0,0,0,-0.6666666666666714,0.0
OLBCVFGFOZPWHH,Anesthesia,0,95.0,0.0,0.0,0.0,0.0,0.0,0.0,0.0,0.0,0.0,0.0,0.0,0.0,0.0,0.0,0.0,0.0,0.0,0,0,10.666666666666671,0.0
OLBCVFGFOZPWHH,Gynecological Outpatient Surgery,0,80.0,0.0,0.0,0.0,0.0,0.0,0.0,0.0,0.0,0.0,0.0,0.0,0.0,0.0,0.0,0.0,0.0,0.0,0,0,0.0,0.0
ZTVQQQVZCWLTDF,Anesthesia,0,81.0,0.0,0.0,0.0,0.0,0.0,0.0,0.0,0.0,0.0,0.0,0.0,0.0,0.0,0.0,0.0,0.0,0.0,0,0,-3.3333333333333286,0.0
MNDBXUUTURYVHR,obesity,0,25.0,0.480715098174523,0.480715098174523,0.0,0.0,0.0,0.0,0.0,0.0,0.0,0.0,0.0,0.0,0.14438356443276001,0.14438356443276001,0.10961319681310389,0.10961319681310389,0.480715098174523,1,1,10.333333333333334,0.09199235129957423
HMABYWSNWIZPAG,Metastatic Castration-Resistant Prostate Cancer; Ovarian Cancer; Epithelial Ovarian Cancer; Fallopian Tube Cancer; Peritoneal Cancer; Other Solid Tumor,0,68.0,0.0,0.0,0.0,0.0,0.0,0.0,0.0,0.0,0.0,0.0,0.0,0.0,0.0,0.0,0.0,0.0,0.0,0,0,0.0,0.0
HFNKQEVNSGCOJV,Atopic Dermatitis,0,76.0,0.0,0.0,0.0,0.0,0.0,0.0,0.0,0.0,0.0,0.0,0.0,0.0,0.0,0.0,0.0,0.0,0.0,0,0,7.0,0.0
QXWZQTURMXZVHJ,"Hypertension, Pulmonary",0,75.0,0.0,0.0,0.0,0.0,0.0,0.0,0.0,0.0,0.0,0.0,0.0,0.0,0.0,0.0,0.0,0.0,0.0,0,0,2.75,0.0
MFFMDFFZMYYVKS,"Diabetes Mellitus, Type 2; Cognitive Functions Confusion",0,65.0,0.0,0.0,0.0,0.0,0.5511044663048749,0.5511044663048749,0.0,0.0,0.0,0.0,0.0,0.0,0.9981950138708703,0.9981950138708703,0.954188839355206,0.954188839355206,0.9981950138708703,1,1,0.0,0.0
LXMSZDCAJNLERA,Hypertension,0,68.0,0.8697742942900759,0.8697742942900759,0.0,0.0,0.27107634265502184,0.27107634265502184,0.0,0.0,0.0,0.0,0.0,0.0,0.9934441126703023,0.9934441126703023,0.4950020862515445,0.4950020862515445,0.9934441126703023,1,1,-0.5833333333333286,0.028348094612554164
LBHLFPGPEGDCJG,malaria,0,84.0,0.0,0.0,0.0,0.0,0.0,0.0,0.0,0.0,0.0,0.0,0.0,0.0,0.0,0.0,0.0,0.0,0.0,0,0,-0.6666666666666714,0.0
UTNUDOFZCWSZMS,Multiple Sclerosis,0,64.0,0.0,0.0,0.0,0.0,0.0,0.0,0.0,0.0,0.0,0.0,0.0,0.0,0.9737407057072986,0.9737407057072986,0.23727798143842557,0.23727798143842557,0.9737407057072986,1,1,6.4761904761904745,0.15705081744671023
NGBFQHCMQULJNZ,heart failure,0,45.0,0.0,0.0,0.0,0.0,0.0,0.0,0.0,0.0,0.0,0.0,0.0,0.0,0.9952569822332833,0.9952569822332833,0.11088033130678557,0.11088033130678557,0.9952569822332833,1,1,6.0,0.04279400554757329
GYDJEQRTZSCIOI,"Cesarean Section Complications; Blood Loss, Surgical; Misoprostol; Tranexamic Acid",0,78.0,0.0,0.0,0.0,0.0,0.0,0.0,0.0,0.0,0.0,0.0,0.0,0.0,0.0,0.0,0.0,0.0,0.0,0,0,0.0,0.0
PDGKHKMBHVFCMG,Metastatic Triple-Negative Breast Cancer,1,35.0,0.0,0.0,0.0,0.0,0.0,0.0,0.0,0.0,0.0,0.0,0.607930797611621,0.4559480982087158,0.4819202528400123,0.4819202528400123,0.9366536164721951,0.5914569061844595,0.9366536164721951,2,1,0.0,0.0
JGRXMPYUTJLTKT,anemia of chronic kidney disease,0,80.0,0.0,0.0,0.0,0.0,0.0,0.0,0.0,0.0,0.0,0.0,0.0,0.0,0.0,0.0,0.0,0.0,0.0,0,0,0.0,0.0
GEJDGVNQKABXKG,Schizophrenia,1,25.0,0.0,0.0,0.0,0.0,0.0,0.0,0.0,0.0,0.0,0.0,0.0,0.0,0.6397945315257048,0.6397945315257048,0.21900996170065715,0.21900996170065715,0.6397945315257048,1,1,-34.3,-0.22371272185033797
QZFHIXARHDBPBY,heart failure with reduced ejection fraction,1,62.0,0.0,0.0,0.0,0.0,0.0,0.0,0.0,0.0,0.0,0.0,0.0,0.0,0.0,0.0,0.0,0.0,0.0,0,0,0.0,0.0
PPSNFPASKFYPMN,hot flashes,0,83.0,0.0,0.0,0.0,0.0,0.0,0.0,0.0,0.0,0.0,0.0,0.0,0.0,0.0,0.0,0.0,0.0,0.0,0,0,0.0,0.0
WOSKHXYHFSIKNG,Metastatic Colorectal Cancer,1,38.0,0.0,0.0,0.0,0.0,0.0,0.0,0.0,0.0,0.0,0.0,0.0,0.0,0.9122713411419043,0.9042880098208221,0.1694986021194987,0.09530223279050627,0.9122713411419043,3,1,-2.25,0.45481052589481274
RCINICONZNJXQF,Anal Carcinoma,0,58.0,0.0,0.0,0.0,0.0,0.0,0.0,0.0,0.0,0.0,0.0,0.0,0.0,0.0,0.0,0.0,0.0,0.0,0,0,0.0,0.0
RZVAJINKPMORJF,"Pain, Postoperative",0,52.0,0.0,0.0,0.0,0.0,0.0,0.0,0.0,0.0,0.0,0.0,0.0,0.0,0.0,0.0,0.0,0.0,0.0,0,0,-0.20000000000000284,0.0
IMOZEMNVLZVGJZ,COVID-19,1,33.0,0.0,0.0,0.0,0.0,0.0,0.0,0.0,0.0,0.0,0.0,0.0,0.0,0.0,0.0,0.0,0.0,0.0,0,0,-8.888888888888886,-0.23227039974824495
XUZMWHLSFXCVMG,COVID-19,0,63.0,0.7337155078632043,0.36685775393160214,0.0,0.0,0.0,0.0,0.0,0.0,0.0,0.0,0.0,0.0,0.6751607237976266,0.6751136165690457,0.23943694411032768,0.19330323461470203,0.7337155078632043,2,1,21.111111111111114,0.5014451081149593
XUZMWHLSFXCVMG,COVID-19,1,63.0,0.7337155078632043,0.36685775393160214,0.0,0.0,0.0,0.0,0.0,0.0,0.0,0.0,0.0,0.0,0.6751607237976266,0.6751136165690457,0.23943694411032768,0.19330323461470203,0.7337155078632043,2,1,21.111111111111114,0.5014451081149593
XUZMWHLSFXCVMG,COVID-19,1,63.0,0.7337155078632043,0.36685775393160214,0.0,0.0,0.0,0.0,0.0,0.0,0.0,0.0,0.0,0.0,0.6751607237976266,0.6751136165690457,0.23943694411032768,0.19330323461470203,0.7337155078632043,2,1,21.111111111111114,0.5014451081149593
VHYCDWMUTMEGQY,COPD,1,22.0,0.0,0.0,0.0,0.0,0.0,0.0,0.0,0.0,0.0,0.0,0.0,0.0,0.0,0.0,0.0,0.0,0.0,0,0,-31.384615384615387,0.0
VHYCDWMUTMEGQY,Cardiomyopathies; Chemotherapy Effect; Diastolic Dysfunction; Systolic Dysfunction,0,60.0,0.0,0.0,0.0,0.0,0.0,0.0,0.0,0.0,0.0,0.0,0.0,0.0,0.727828260473913,0.727828260473913,0.5304886218947032,0.5304886218947032,0.727828260473913,1,1,0.0,0.0
ZKIAIYBUSXZPLP,autism spectrum disorder,0,20.0,0.6858566750614393,0.2909713383775379,0.0,0.0,0.5412103925737457,0.26818867136636665,0.0,0.0,0.0,0.0,0.0,0.0,0.9963926444645673,0.9915955100489912,0.33282922946215093,0.22678786098739198,0.9963926444645673,3,1,-4.0,0.12291874667852987
SNPPWIUOZRMYNY,HIV; Smoking Cessation,0,48.0,0.7252476303015531,0.24174921010051773,0.0,0.0,0.0,0.0,0.0,0.0,0.0,0.0,0.0,0.0,0.691865354020246,0.6657932359758102,0.0,0.0,0.7252476303015531,3,1,0.0,0.0
SNPPWIUOZRMYNY,Smoking Cessation,0,58.0,0.7252476303015531,0.24174921010051773,0.0,0.0,0.0,0.0,0.0,0.0,0.0,0.0,0.0,0.0,0.691865354020246,0.6657932359758102,0.0,0.0,0.7252476303015531,3,1,4.799999999999997,0.023478465870519605
ONIQOQHATWINJY,Cell Carcinoma,0,66.0,0.0,0.0,0.0,0.0,0.48903473186872826,0.16301157728957608,0.0,0.0,0.030764815207951827,0.010254938402650609,0.918380756936772,0.8654804986192451,0.59715573491731,0.3072692226028387,0.9663808641992248,0.706514710228222,0.9663808641992248,3,1,2.6666666666666643,0.04562545663803386
ONIQOQHATWINJY,Lung Cancer,1,40.0,0.0,0.0,0.0,0.0,0.48952874318965406,0.16317624772988468,0.9066612367713315,0.570973981994008,0.0,0.0,0.834839289368301,0.8060018080551664,0.9843438495167594,0.9635690992891267,0.9911201147359462,0.9635410948050994,0.9911201147359462,3,1,-17.451612903225808,0.05198552071495732
RZEKVGVHFLEQIL,"Pain, Postoperative",0,68.0,0.0,0.0,0.0,0.0,0.0,0.0,0.0,0.0,0.0,0.0,0.0,0.0,0.0,0.0,0.0,0.0,0.0,0,0,15.799999999999997,0.0
ZKLPARSLTMPFCP,Breast Cancer; Lung Cancer; Ovarian Cancer; Oesophageal Cancer; Head Cancer Neck; Cervical Cancer; Endometrial Cancer,0,18.0,0.0,0.0,0.0,0.0,0.0,0.0,0.0,0.0,0.0,0.0,0.0,0.0,0.0,0.0,0.0,0.0,0.0,0,0,0.0,0.0
WHTVZRBIWZFKQO,COVID; COVID-19; SARS-CoV 2; Coronavirus; Corona Virus Infection,1,17.0,0.0,0.0,0.0,0.0,0.0,0.0,0.0,0.0,0.0,0.0,0.0,0.0,0.0,0.0,0.0,0.0,0.0,0,0,4.5,0.0
QYSXJUFSXHHAJI,COVID-19,1,22.0,0.0,0.0,0.0,0.0,0.0,0.0,0.0,0.0,0.0,0.0,0.0,0.0,0.6308647945090162,0.6308647945090162,0.8635742343385117,0.8635742343385117,0.8635742343385117,1,1,-19.888888888888886,0.6313038345902667
LUKZNWIVRBCLON,COVID-19,1,34.0,0.0,0.0,0.0,0.0,0.0,0.0,0.0,0.0,0.0,0.0,0.0,0.0,0.6874295681587298,0.6874295681587298,0.39636520088371047,0.39636520088371047,0.6874295681587298,1,1,-7.888888888888886,0.45515916841048487
MYSWGUAQZAJSOK,"Plague, Bubonic; Plague, Pneumonic",0,90.0,0.0,0.0,0.0,0.0,0.0,0.0,0.0,0.0,0.0,0.0,0.0,0.0,0.0,0.0,0.0,0.0,0.0,0,0,0.0,0.0
IAKHMKGGTNLKSZ,Coronavirus; Severe Acute Respiratory Syndrome,1,33.0,0.0,0.0,0.0,0.0,0.0,0.0,0.0,0.0,0.0,0.0,0.0,0.0,0.12158615952232422,0.12158615952232422,0.0,0.0,0.12158615952232422,15,1,-3.5,0.030396539880581053
IAKHMKGGTNLKSZ,COVID-19,1,33.0,0.0,0.0,0.0,0.0,0.0,0.0,0.0,0.0,0.0,0.0,0.0,0.0,0.6604209902932084,0.6604209902932083,0.09118961964174316,0.020365681719989308,0.6604209902932084,15,1,-8.888888888888886,0.4281505905449635
PIBARDGJJAGJAJ,Paroxysmal Nocturnal Hemoglobinuria,0,85.0,0.0,0.0,0.0,0.0,0.0,0.0,0.0,0.0,0.0,0.0,0.0,0.0,0.7990913983373749,0.7990913983373749,0.09925847358331716,0.09925847358331716,0.7990913983373749,1,1,0.0,0.0
JVHXJTBJCFBINQ,Polycystic Ovary Syndrome,0,30.0,0.0,0.0,0.0,0.0,0.0,0.0,0.0,0.0,0.0,0.0,0.0,0.0,0.6106833731674737,0.6106833731674737,0.5082415295807552,0.5082415295807552,0.6106833731674737,1,1,-26.0,-0.14039602392941009
JVHXJTBJCFBINQ,Acute Myocardial Infarction; Heart Failure,0,58.0,0.0,0.0,0.0,0.0,0.0,0.0,0.0,0.0,0.0,0.0,0.0,0.0,0.42555155832813474,0.42555155832813474,0.8523738903872174,0.8523738903872174,0.8523738903872174,1,1,0.0,0.0
JVHXJTBJCFBINQ,Type 2 Diabetes,0,60.0,0.0,0.0,0.0,0.0,0.0,0.0,0.0,0.0,0.0,0.0,0.0,0.0,0.9974377552980216,0.9974377552980216,0.9481524627860095,0.9481524627860095,0.9974377552980216,1,1,0.46052631578947256,0.017297779805260594
UREBDLICKHMUKA,"Analgesia; Surgery; Cancer of Head and Neck; Oropharyngeal Cancer; Carcinoma of Unknown Primary; Pain, Postoperative; Postoperative Pain",0,45.0,0.0,0.0,0.0,0.0,0.0,0.0,0.0,0.0,0.0,0.0,0.0,0.0,0.0,0.0,0.0,0.0,0.0,0,0,0.0,0.0
UREBDLICKHMUKA,Covid19; Hypoxia,0,68.0,0.0,0.0,0.0,0.0,0.0,0.0,0.0,0.0,0.0,0.0,0.0,0.0,0.0,0.0,0.0,0.0,0.0,0,0,0.0,0.0
UREBDLICKHMUKA,COVID-19,1,47.0,0.0,0.0,0.0,0.0,0.0,0.0,0.0,0.0,0.0,0.0,0.0,0.0,0.6874295681587298,0.6874295681587298,0.39636520088371047,0.39636520088371047,0.6874295681587298,1,1,5.111111111111114,0.45515916841048487
UREBDLICKHMUKA,SARS-CoV-2 Infection,0,47.0,0.0,0.0,0.0,0.0,0.0,0.0,0.0,0.0,0.0,0.0,0.0,0.0,0.0,0.0,0.0,0.0,0.0,0,0,8.5,0.0
UREBDLICKHMUKA,COVID-19; Thrombosis Embolism; Bleeding,0,43.0,0.0,0.0,0.0,0.0,0.0,0.0,0.0,0.0,0.0,0.0,0.0,0.0,0.6874295681587298,0.6874295681587298,0.39636520088371047,0.39636520088371047,0.6874295681587298,1,1,0.0,0.0
LUZRJRNZXALNLM,migraine,0,62.0,0.0,0.0,0.0,0.0,0.0,0.0,0.0,0.0,0.0,0.0,0.0,0.0,0.0,0.0,0.0,0.0,0.0,0,0,-8.0,0.0
JRWZLRBJNMZMFE,Sepsis,0,30.0,0.0,0.0,0.0,0.0,0.0,0.0,0.0,0.0,0.01206305393752041,0.01206305393752041,0.0,0.0,0.9567227016671608,0.9567227016671608,0.08280025409151844,0.08280025409151844,0.9567227016671608,1,1,-26.75,0.5571311693846857
ZIAOVIPSKUPPQW,HIV-1 infection,0,88.0,0.0,0.0,0.0,0.0,0.0,0.0,0.0,0.0,0.0,0.0,0.0,0.0,0.0,0.0,0.0,0.0,0.0,0,0,-1.2857142857142918,0.0
OBWASQILIWPZMG,Heart Failure,0,62.0,0.0,0.0,0.0,0.0,0.0,0.0,0.0,0.0,0.0,0.0,0.0,0.0,0.9894231864764209,0.9894231864764209,0.9578200471076443,0.9578200471076443,0.9894231864764209,1,1,3.1111111111111143,0.049969115050315205
OBWASQILIWPZMG,Type 2 Diabetes,0,64.0,0.0,0.0,0.0,0.0,0.0,0.0,0.0,0.0,0.0,0.0,0.0,0.0,0.9974377552980216,0.9974377552980216,0.9481524627860095,0.9481524627860095,0.9974377552980216,1,1,4.460526315789473,0.017297779805260594
OBWASQILIWPZMG,Myocardial Infarction,1,47.0,0.0,0.0,0.0,0.0,0.0,0.0,0.0,0.0,0.0,0.0,0.0,0.0,0.6429018712329526,0.6429018712329526,0.9021791560907464,0.9021791560907464,0.9021791560907464,1,1,-18.0,-0.045163528171367595
UCTWMZQNUQWSLP,Gastric Neoplasm; Early Gastric Cancer,0,8.0,0.0,0.0,0.0,0.0,0.0,0.0,0.0,0.0,0.0,0.0,0.0,0.0,0.0,0.0,0.0,0.0,0.0,0,0,0.0,0.0
MCIACXAZCBVDEE,valvular heart disease,0,13.0,0.0,0.0,0.0,0.0,0.0,0.0,0.0,0.0,0.0,0.0,0.0,0.0,0.0,0.0,0.0,0.0,0.0,0,0,4.0,0.0
YQEZLKZALYSWHR,Esketamine Treatment in Participants With Treatment Resistant Depression,0,65.0,0.4867374381481546,0.06953391973545066,0.0,0.0,0.0,0.0,0.0,0.0,0.0,0.0,0.0,0.0,0.9617691629184834,0.9617238645887125,0.2836342701623229,0.08820546128035907,0.9617691629184834,7,1,0.0,0.0
SUBDBMMJDZJVOS,Sepsis; Septic Shock,1,6.0,0.0,0.0,0.0,0.0,0.0,0.0,0.0,0.0,0.0,0.0,0.0,0.0,0.0,0.0,0.0,0.0,0.0,0,0,-19.5,-0.32082171373136986
VOXZDWNPVJITMN,PTSD,0,25.0,0.0,0.0,0.0,0.0,0.0,0.0,0.0,0.0,0.0,0.0,0.0,0.0,0.0,0.0,0.0,0.0,0.0,0,0,0.0,0.0
VJJPUSNTGOMMGY,Lung Cancer,0,62.0,0.0,0.0,0.0,0.0,0.0,0.0,0.0,0.0,0.0,0.0,0.0,0.0,0.9435428448517708,0.943189866540751,0.9572363672146095,0.5768539297914405,0.9572363672146095,2,1,4.548387096774192,0.018101773193620607
VJJPUSNTGOMMGY,Lung Cancer,0,62.0,0.0,0.0,0.0,0.0,0.0,0.0,0.0,0.0,0.0,0.0,0.0,0.0,0.9435428448517708,0.943189866540751,0.9572363672146095,0.5768539297914405,0.9572363672146095,2,1,4.548387096774192,0.018101773193620607
MVGWUTBTXDYMND,Ulcerative Colitis,0,72.0,0.0,0.0,0.0,0.0,0.0,0.0,0.0,0.0,0.05833656679405228,0.05833656679405228,0.0,0.0,0.9433447398050512,0.9433447398050512,0.3407986207400849,0.3407986207400849,0.9433447398050512,1,1,6.833333333333329,0.18572926041555393
MVGWUTBTXDYMND,Ulcerative Colitis,0,72.0,0.0,0.0,0.0,0.0,0.0,0.0,0.0,0.0,0.05833656679405228,0.05833656679405228,0.0,0.0,0.9433447398050512,0.9433447398050512,0.3407986207400849,0.3407986207400849,0.9433447398050512,1,1,6.833333333333329,0.18572926041555393
ZCGNOVWYSGBHAU,COVID-19,1,45.0,0.0,0.0,0.0,0.0,0.0,0.0,0.0,0.0,0.0,0.0,0.0,0.0,0.0,0.0,0.0,0.0,0.0,0,0,3.1111111111111143,-0.23227039974824495
ZCGNOVWYSGBHAU,COVID-19,0,45.0,0.0,0.0,0.0,0.0,0.0,0.0,0.0,0.0,0.0,0.0,0.0,0.0,0.0,0.0,0.0,0.0,0.0,0,0,3.1111111111111143,-0.23227039974824495
ZCGNOVWYSGBHAU,COVID-19,1,45.0,0.0,0.0,0.0,0.0,0.0,0.0,0.0,0.0,0.0,0.0,0.0,0.0,0.0,0.0,0.0,0.0,0.0,0,0,3.1111111111111143,-0.23227039974824495
PJMPHNIQZUBGLI,Aortic Coarctation; Erector Spinae Plane Block; Paediatric,0,18.0,0.0,0.0,0.0,0.0,0.0,0.0,0.0,0.0,0.0,0.0,0.0,0.0,0.42555155832813474,0.42555155832813474,0.0,0.0,0.42555155832813474,1,1,0.0,0.0
PPSNFPASKFYPMN,hot flashes,1,83.0,0.0,0.0,0.0,0.0,0.0,0.0,0.0,0.0,0.0,0.0,0.0,0.0,0.0,0.0,0.0,0.0,0.0,0,0,0.0,0.0
PPSNFPASKFYPMN,hot flashes,0,83.0,0.0,0.0,0.0,0.0,0.0,0.0,0.0,0.0,0.0,0.0,0.0,0.0,0.0,0.0,0.0,0.0,0.0,0,0,0.0,0.0
UGJMXCAKCUNAIE,Post-Operative Pain,0,38.0,0.0,0.0,0.0,0.0,0.0,0.0,0.0,0.0,0.0,0.0,0.0,0.0,0.0,0.0,0.0,0.0,0.0,0,0,0.0,0.0
UGJMXCAKCUNAIE,"Pain, Postoperative",0,38.0,0.0,0.0,0.0,0.0,0.0,0.0,0.0,0.0,0.0,0.0,0.0,0.0,0.0,0.0,0.0,0.0,0.0,0,0,-14.200000000000003,0.0
PGTVWKLGGCQMBR,status epilepticus,0,65.0,0.0,0.0,0.0,0.0,0.0,0.0,0.0,0.0,0.0,0.0,0.0,0.0,0.936804859312309,0.936804859312309,0.06079307976116211,0.008390711529535395,0.936804859312309,16,1,-4.5,0.0
HLWURFKMDLAKOD,chronic cough,0,65.0,0.0,0.0,0.0,0.0,0.0,0.0,0.0,0.0,0.0,0.0,0.0,0.0,0.0,0.0,0.0,0.0,0.0,0,0,0.0,0.0
HLWURFKMDLAKOD,chronic cough,0,65.0,0.0,0.0,0.0,0.0,0.0,0.0,0.0,0.0,0.0,0.0,0.0,0.0,0.0,0.0,0.0,0.0,0.0,0,0,0.0,0.0
SDUQYLNIPVEERB,Cell Lymphoma,0,58.0,0.0,0.0,0.0,0.0,0.0,0.0,0.0,0.0,0.0,0.0,0.0,0.0,0.0,0.0,0.0,0.0,0.0,0,0,-8.333333333333329,-0.6672387195968634
INJOMKTZOLKMBF,delirium,1,30.0,0.0,0.0,0.0,0.0,0.0,0.0,0.0,0.0,0.0,0.0,0.0,0.0,0.6741672196838205,0.6741672196838205,0.015198269940290528,0.015198269940290528,0.6741672196838205,1,1,0.0,0.0
XXSMGPRMXLTPCZ,"Pneumonia, Pneumocystis; Coronavirus; COVID-19",1,12.0,0.0,0.0,0.0,0.0,0.0,0.0,0.0,0.0,0.0,0.0,0.0,0.0,0.0,0.0,0.0,0.0,0.0,0,0,0.0,0.0
XXSMGPRMXLTPCZ,Corona Virus Infection; Acute Respiratory Distress Syndrome; SARS-CoV Infection; Coronavirus; Coronavirus Infections,1,18.0,0.0,0.0,0.0,0.0,0.0,0.0,0.0,0.0,0.0,0.0,0.0,0.0,0.0,0.0,0.0,0.0,0.0,0,0,0.0,0.0
XXSMGPRMXLTPCZ,Severe COVID-19 Pulmonary Infection,1,11.0,0.0,0.0,0.0,0.0,0.0,0.0,0.0,0.0,0.0,0.0,0.0,0.0,0.0,0.0,0.0,0.0,0.0,0,0,0.0,0.0
XXSMGPRMXLTPCZ,Corona Virus Infection,1,12.0,0.0,0.0,0.0,0.0,0.0,0.0,0.0,0.0,0.0,0.0,0.0,0.0,0.0,0.0,0.0,0.0,0.0,0,0,-25.0,0.0
XXSMGPRMXLTPCZ,COVID-19; Severe Acute Respiratory Syndrome,1,12.0,0.0,0.0,0.0,0.0,0.0,0.0,0.0,0.0,0.0,0.0,0.0,0.0,0.0,0.0,0.0,0.0,0.0,0,0,0.0,0.0
XXSMGPRMXLTPCZ,"Coronavirus Infections; Pneumonia, Viral",1,12.0,0.0,0.0,0.0,0.0,0.0,0.0,0.0,0.0,0.0,0.0,0.0,0.0,0.0,0.0,0.0,0.0,0.0,0,0,0.0,0.0
XXSMGPRMXLTPCZ,COVID-19; Corona Virus Infection; ARDS; Acute Respiratory Distress Syndrome,1,11.0,0.0,0.0,0.0,0.0,0.0,0.0,0.0,0.0,0.0,0.0,0.0,0.0,0.0,0.0,0.0,0.0,0.0,0,0,0.0,0.0
XXSMGPRMXLTPCZ,Coronavirus; Acute Respiratory Infection; SARS-CoV Infection,1,12.0,0.0,0.0,0.0,0.0,0.0,0.0,0.0,0.0,0.0,0.0,0.0,0.0,0.0,0.0,0.0,0.0,0.0,0,0,0.0,0.0
XXSMGPRMXLTPCZ,COVID-19,1,12.0,0.0,0.0,0.0,0.0,0.0,0.0,0.0,0.0,0.0,0.0,0.0,0.0,0.0,0.0,0.0,0.0,0.0,0,0,-29.888888888888886,-0.23227039974824495
XXSMGPRMXLTPCZ,Coronavirus Infection,1,12.0,0.0,0.0,0.0,0.0,0.0,0.0,0.0,0.0,0.0,0.0,0.0,0.0,0.0,0.0,0.0,0.0,0.0,0,0,-33.0,0.0
XXSMGPRMXLTPCZ,COVID 19,1,12.0,0.0,0.0,0.0,0.0,0.0,0.0,0.0,0.0,0.0,0.0,0.0,0.0,0.0,0.0,0.0,0.0,0.0,0,0,3.5,0.0
XXSMGPRMXLTPCZ,COVID-19,1,12.0,0.0,0.0,0.0,0.0,0.0,0.0,0.0,0.0,0.0,0.0,0.0,0.0,0.0,0.0,0.0,0.0,0.0,0,0,-29.888888888888886,-0.23227039974824495
XXSMGPRMXLTPCZ,Pregnancy Related; COVID; Covid-19,1,8.0,0.0,0.0,0.0,0.0,0.0,0.0,0.0,0.0,0.0,0.0,0.0,0.0,0.0,0.0,0.0,0.0,0.0,0,0,0.0,0.0
XXSMGPRMXLTPCZ,COVID; COVID-19; SARS-CoV 2; Coronavirus; Corona Virus Infection,1,8.0,0.0,0.0,0.0,0.0,0.0,0.0,0.0,0.0,0.0,0.0,0.0,0.0,0.0,0.0,0.0,0.0,0.0,0,0,-4.5,0.0
KTUFNOKKBVMGRW,COVID-19,1,22.0,0.0,0.0,0.0,0.0,0.0,0.0,0.0,0.0,0.0,0.0,0.0,0.0,0.0,0.0,0.0,0.0,0.0,0,0,-19.888888888888886,-0.23227039974824495
PIWKPBJCKXDKJR,Anesthesia,0,88.0,0.0,0.0,0.0,0.0,0.0,0.0,0.0,0.0,0.0,0.0,0.0,0.0,0.0,0.0,0.0,0.0,0.0,0,0,3.6666666666666714,0.0
PIWKPBJCKXDKJR,valvular heart disease,0,5.0,0.0,0.0,0.0,0.0,0.0,0.0,0.0,0.0,0.0,0.0,0.0,0.0,0.0,0.0,0.0,0.0,0.0,0,0,-4.0,0.0
YWXYYJSYQOXTPL,pain,0,15.0,0.7015275773007374,0.26874345923944115,0.0,0.0,0.0,0.0,0.0,0.0,0.0,0.0,0.0,0.0,0.8370120200032108,0.8370120200032108,0.0,0.0,0.8370120200032108,3,1,-43.125,-0.07557178511009066
YQEZLKZALYSWHR,Postoperative Pain,0,52.0,0.0,0.0,0.0,0.0,0.0,0.0,0.0,0.0,0.0,0.0,0.0,0.0,0.0,0.0,0.0,0.0,0.0,0,0,-8.222222222222221,0.0
OZWKMVRBQXNZKK,"Pain, Postoperative",0,65.0,0.0,0.0,0.0,0.0,0.0,0.0,0.0,0.0,0.0,0.0,0.0,0.0,0.0,0.0,0.0,0.0,0.0,0,0,12.799999999999997,0.0
VPPJLAIAVCUEMN,epilepsy,0,70.0,0.9750159084988218,0.4809470993610886,0.9198250332960655,0.41986048972501305,0.892851891179099,0.35841935486105775,0.0,0.0,0.0,0.0,0.547137717850459,0.0547137717850459,0.9987671453597234,0.9987670018184562,0.9683402365211742,0.4103610136791661,0.9987671453597234,10,1,4.181818181818187,0.027111982914907573
MUGXRYIUWFITCP,insomnia,0,75.0,0.0,0.0,0.0,0.0,0.0,0.0,0.0,0.0,0.0,0.0,0.0,0.0,0.9762224837568165,0.9761712995999867,0.17762415247386154,0.12586356755337758,0.9762224837568165,2,1,7.75,-0.0032935483305970292
WOSKHXYHFSIKNG,Cell Carcinoma,0,52.0,0.0,0.0,0.0,0.0,0.0,0.0,0.7599134970145264,0.25330449900484214,0.030764815207951827,0.010254938402650609,0.918380756936772,0.8935574824433244,0.59715573491731,0.31078734064457253,0.9311710218151008,0.6947780961001807,0.9311710218151008,3,1,-11.333333333333336,0.01041561425390991
WOSKHXYHFSIKNG,Advanced Melanoma,0,32.0,0.0,0.0,0.0,0.0,0.0,0.0,0.0,0.0,0.0,0.0,0.0,0.0,0.0,0.0,0.0,0.0,0.0,0,0,-26.5,0.0
WOSKHXYHFSIKNG,Cell Carcinoma,0,52.0,0.0,0.0,0.0,0.0,0.0,0.0,0.7599134970145264,0.25330449900484214,0.030764815207951827,0.010254938402650609,0.918380756936772,0.8935574824433244,0.59715573491731,0.31078734064457253,0.9311710218151008,0.6947780961001807,0.9311710218151008,3,1,-11.333333333333336,0.01041561425390991
HPJKCIUCZWXJDR,PCOS (Polycystic Ovary Syndrome) of Bilateral Ovaries,0,60.0,0.0,0.0,0.0,0.0,0.0,0.0,0.0,0.0,0.0,0.0,0.0,0.0,0.0,0.0,0.0,0.0,0.0,0,0,0.0,0.0
NNJVILVZKWQKPM,Pain,0,62.0,0.547137717850459,0.0547137717850459,0.0,0.0,0.0,0.0,0.0,0.0,0.0,0.0,0.0,0.0,0.9987210058300428,0.9976137492315844,0.10844203789265631,0.060633352963719175,0.9987210058300428,10,1,-2.1200000000000045,0.057412361724553995
HOIIHACBCFLJET,Depression,0,45.0,0.0,0.0,0.0,0.0,0.0,0.0,0.0,0.0,0.0,0.0,0.0,0.0,0.0,0.0,0.0,0.0,0.0,0,0,1.0,0.0
STPKWKPURVSAJF,progressive familial intrahepatic cholestasis,0,70.0,0.0,0.0,0.0,0.0,0.5271583254914519,0.5271583254914519,0.0,0.0,0.0,0.0,0.0,0.0,0.7742336446916,0.7742336446916,0.10697477303251227,0.10697477303251227,0.7742336446916,1,1,0.0,0.0
RLCLASQCAPXVLM,hypertrophic cardiomyopathy,0,86.0,0.9694007098561378,0.6387897117992501,0.8805904317250033,0.46074177879573597,0.7221481037004633,0.30198841605394827,0.0,0.0,0.0,0.0,0.0,0.0,0.9345281822350184,0.9345281822350184,0.8842263971482296,0.3598001433163202,0.9694007098561378,7,1,0.0,0.0
DMJNNHOOLUXYBV,Bacteremia,0,88.0,0.0,0.0,0.0,0.0,0.0,0.0,0.0,0.0,0.0,0.0,0.0,0.0,0.0,0.0,0.0,0.0,0.0,0,0,0.0,0.0
XZWYZXLIPXDOLR,Aging; Insulin Sensitivity; Chronic Disease; Mitochondria; Insulin Resistance,0,32.0,0.0,0.0,0.0,0.0,0.0,0.0,0.0,0.0,0.0,0.0,0.0,0.0,0.6140876908603066,0.6140876908603066,0.01823792392834863,0.01823792392834863,0.6140876908603066,1,1,0.0,0.0
XZWYZXLIPXDOLR,Colon Cancer,0,20.0,0.0,0.0,0.0,0.0,0.0,0.0,0.0,0.0,0.0,0.0,0.0,0.0,0.0,0.0,0.0,0.0,0.0,0,0,0.0,0.0
RFKMCNOHBTXSMU,pain,0,50.0,0.4447664029113444,0.03819803589657908,0.0,0.0,0.0,0.0,0.0,0.0,0.0,0.0,0.0,0.0,0.9414368836886381,0.9371563933611053,0.030396539880581056,0.001688696660032281,0.9414368836886381,18,1,-8.125,0.028853078575336588
VHRSUDSXCMQTMA,Covid-19 Pneumonia,1,65.0,0.0,0.0,0.0,0.0,0.0,0.0,0.0,0.0,0.0,0.0,0.0,0.0,0.0,0.0,0.0,0.0,0.0,0,0,0.0,0.0
DYKFCLLONBREIL,Treatment Resistant Depression,0,28.0,0.0,0.0,0.0,0.0,0.0,0.0,0.0,0.0,0.0,0.0,0.0,0.0,0.0,0.0,0.0,0.0,0.0,0,0,-7.5,0.0
ZVHNDZWQTBEVRY,Primary Myelofibrosis; Post-polycythemia Vera Myelofibrosis; Post-essential Thrombocythemia Myelofibrosis,0,74.0,0.642191918594726,0.321095959297363,0.0,0.0,0.4605686255750631,0.23028431278753156,0.0,0.0,0.0,0.0,0.5532170258265751,0.27660851291328753,0.9362491763146876,0.8859061875429544,0.3286492657522898,0.2014407734298826,0.9362491763146876,2,1,0.0,0.0
XNKCCCKFOQNXKV,constipation,0,70.0,0.0,0.0,0.0,0.0,0.0,0.0,0.0,0.0,0.0,0.0,0.0,0.0,0.0,0.0,0.0,0.0,0.0,0,0,-6.428571428571431,0.0
ZBBHBTPTTSWHBA,vasospastic angina,0,75.0,0.0,0.0,0.0,0.0,0.0,0.0,0.0,0.0,0.0,0.0,0.0,0.0,0.0,0.0,0.0,0.0,0.0,0,0,22.0,0.0
RJMUSRYZPJIFPJ,Diabetic Nephropathies,0,20.0,0.0,0.0,0.0,0.0,0.0,0.0,0.0,0.0,0.0,0.0,0.0,0.0,0.0,0.0,0.0,0.0,0.0,0,0,0.0,0.0
UIAGMCDKSXEBJQ,organophosphate poisoning,0,20.0,0.0,0.0,0.0,0.0,0.0,0.0,0.0,0.0,0.0,0.0,0.0,0.0,0.0,0.0,0.0,0.0,0.0,0,0,0.0,0.0
YQNQNVDNTFHQSW,COVID-19; Viral Respiratory Illnesses,1,20.0,0.0,0.0,0.0,0.0,0.0,0.0,0.0,0.0,0.0,0.0,0.0,0.0,0.0,0.0,0.0,0.0,0.0,0,0,0.0,0.0
YQNQNVDNTFHQSW,COVID-19,1,25.0,0.0,0.0,0.0,0.0,0.0,0.0,0.0,0.0,0.0,0.0,0.0,0.0,0.0,0.0,0.0,0.0,0.0,0,0,-16.888888888888886,-0.23227039974824495
NXFQHRVNIOXGAQ,Recurrent urinary tract infections,0,83.0,0.0,0.0,0.0,0.0,0.0,0.0,0.0,0.0,0.0,0.0,0.0,0.0,0.0,0.0,0.0,0.0,0.0,0,0,0.0,0.0
SFLSHLFXELFNJZ,Intraoperative hypotension,0,78.0,0.0,0.0,0.0,0.0,0.0,0.0,0.0,0.0,0.0,0.0,0.0,0.0,0.0,0.0,0.0,0.0,0.0,0,0,0.0,0.0
FDLYAMZZIXQODN,Metastatic Colorectal Cancer,0,32.0,0.0,0.0,0.0,0.0,0.0,0.0,0.0,0.0,0.0,0.0,0.0,0.0,0.12158615952232422,0.12158615952232422,0.09026083647872539,0.045130418239362695,0.12158615952232422,2,1,-8.25,-0.3358746557247674
VSZGPKBBMSAYNT,COVID 19,1,5.0,0.0,0.0,0.0,0.0,0.0,0.0,0.0,0.0,0.0,0.0,0.0,0.0,0.0,0.0,0.0,0.0,0.0,0,0,-3.5,0.0
RCINICONZNJXQF,Metastatic Esophageal Carcinoma,0,62.0,0.0,0.0,0.0,0.0,0.0,0.0,0.0,0.0,0.0,0.0,0.0,0.0,0.6796204084020719,0.6796204084020717,0.25579532657838977,0.027145798810018915,0.6796204084020719,15,1,0.0,0.0
RCINICONZNJXQF,Lung Cancer,0,63.0,0.0,0.0,0.0,0.0,0.0,0.0,0.0,0.0,0.0,0.0,0.0,0.0,0.9941983815907179,0.9941983392277063,0.7481489379607551,0.2544792044528911,0.9941983815907179,15,1,5.548387096774192,0.05506378756972907
RKEWSXXUOLRFBX,schizophrenia,1,32.0,0.0,0.0,0.0,0.0,0.6454494156558882,0.6454494156558882,0.0,0.0,0.0,0.0,0.0,0.0,0.9993789784919922,0.9993789784919922,0.4095389692568782,0.4095389692568782,0.9993789784919922,1,1,-30.65,0.027754603556449542
RJKFOVLPORLFTN,IVF; GnRH Antagonist; PPOS,0,83.0,0.5256683512342566,0.5256683512342566,0.0,0.0,0.0,0.0,0.0,0.0,0.0,0.0,0.0,0.0,0.9586440605709705,0.9586440605709705,0.4750288262346954,0.4750288262346954,0.9586440605709705,1,1,0.0,0.0
OLBCVFGFOZPWHH,sedation,0,90.0,0.0,0.0,0.0,0.0,0.0,0.0,0.0,0.0,0.0,0.0,0.0,0.0,0.831446213664533,0.831446213664533,0.0,0.0,0.831446213664533,16,1,2.4000000000000057,-1.1102230246251565e-16
OLBCVFGFOZPWHH,Induction and Maintenance of General Anesthesia,0,90.0,0.0,0.0,0.0,0.0,0.0,0.0,0.0,0.0,0.0,0.0,0.0,0.0,0.0,0.0,0.0,0.0,0.0,0,0,0.0,0.0
OLBCVFGFOZPWHH,Sedation in Intensive Care,0,85.0,0.0,0.0,0.0,0.0,0.0,0.0,0.0,0.0,0.0,0.0,0.0,0.0,0.0,0.0,0.0,0.0,0.0,0,0,0.0,0.0
OLBCVFGFOZPWHH,valvular heart disease,0,12.0,0.0,0.0,0.0,0.0,0.0,0.0,0.0,0.0,0.0,0.0,0.0,0.0,0.0,0.0,0.0,0.0,0.0,0,0,3.0,0.0
RWWYLEGWBNMMLJ,COVID-19,0,62.0,0.0,0.0,0.0,0.0,0.0,0.0,0.0,0.0,0.0,0.0,0.0,0.0,0.0,0.0,0.0,0.0,0.0,0,0,20.111111111111114,-0.23227039974824495
RWWYLEGWBNMMLJ,COVID-19,0,62.0,0.0,0.0,0.0,0.0,0.0,0.0,0.0,0.0,0.0,0.0,0.0,0.0,0.0,0.0,0.0,0.0,0.0,0,0,20.111111111111114,-0.23227039974824495
RWWYLEGWBNMMLJ,COVID-19,0,62.0,0.0,0.0,0.0,0.0,0.0,0.0,0.0,0.0,0.0,0.0,0.0,0.0,0.0,0.0,0.0,0.0,0.0,0,0,20.111111111111114,-0.23227039974824495
RWWYLEGWBNMMLJ,Corona Virus Infection,1,62.0,0.0,0.0,0.0,0.0,0.0,0.0,0.0,0.0,0.0,0.0,0.0,0.0,0.0,0.0,0.0,0.0,0.0,0,0,25.0,0.0
RWWYLEGWBNMMLJ,COVID-19 Pneumonia,0,48.0,0.0,0.0,0.0,0.0,0.0,0.0,0.0,0.0,0.0,0.0,0.0,0.0,0.0,0.0,0.0,0.0,0.0,0,0,0.0,0.0
RWWYLEGWBNMMLJ,COVID-19,0,62.0,0.0,0.0,0.0,0.0,0.0,0.0,0.0,0.0,0.0,0.0,0.0,0.0,0.0,0.0,0.0,0.0,0.0,0,0,20.111111111111114,-0.23227039974824495
RWWYLEGWBNMMLJ,COVID; COVID-19; SARS-CoV-2; SARS (Severe Acute Respiratory Syndrome),0,58.0,0.0,0.0,0.0,0.0,0.0,0.0,0.0,0.0,0.0,0.0,0.0,0.0,0.0,0.0,0.0,0.0,0.0,0,0,0.0,0.0
RWWYLEGWBNMMLJ,Covid19,0,60.0,0.0,0.0,0.0,0.0,0.0,0.0,0.0,0.0,0.0,0.0,0.0,0.0,0.0,0.0,0.0,0.0,0.0,0,0,25.42857142857143,0.0
RWWYLEGWBNMMLJ,Covid19; Covid-19 ARDS,0,32.0,0.0,0.0,0.0,0.0,0.0,0.0,0.0,0.0,0.0,0.0,0.0,0.0,0.0,0.0,0.0,0.0,0.0,0,0,0.0,0.0
RWWYLEGWBNMMLJ,Covid19,0,60.0,0.0,0.0,0.0,0.0,0.0,0.0,0.0,0.0,0.0,0.0,0.0,0.0,0.0,0.0,0.0,0.0,0.0,0,0,25.42857142857143,0.0
KRNAOFGYEFKHPB,migraine,0,80.0,0.0,0.0,0.0,0.0,0.0,0.0,0.0,0.0,0.0,0.0,0.0,0.0,0.0,0.0,0.0,0.0,0.0,0,0,10.0,0.0
KGFYHTZWPPHNLQ,Coronavirus; Severe Acute Respiratory Syndrome,1,40.0,0.0,0.0,0.0,0.0,0.0,0.0,0.0,0.0,0.0,0.0,0.0,0.0,0.0,0.0,0.06079307976116211,0.06079307976116211,0.06079307976116211,1,1,3.5,-0.03039653988058106
ZKMNUMMKYBVTFN,Breast Cancer,0,13.0,0.0,0.0,0.0,0.0,0.0,0.0,0.0,0.0,0.0,0.0,0.0,0.0,0.0,0.0,0.0,0.0,0.0,0,0,-44.475,-0.7455340400381703
ZKMNUMMKYBVTFN,Pain,0,78.0,0.0,0.0,0.0,0.0,0.0,0.0,0.0,0.0,0.0,0.0,0.0,0.0,0.9974953049632043,0.9974953049632043,0.10844203789265631,0.10844203789265631,0.9974953049632043,1,1,13.879999999999995,0.05618666085771551
YOZBGTLTNGAVFU,anemia,0,80.0,0.0,0.0,0.0,0.0,0.8177217992498811,0.27730615417616333,0.0,0.0,0.0,0.0,0.0,0.0,0.9005842133665669,0.86558540394456,0.15401024054025744,0.057964789141936396,0.9005842133665669,4,1,4.375,0.07674099441576088
YOZBGTLTNGAVFU,anemia,0,80.0,0.0,0.0,0.0,0.0,0.8177217992498811,0.27730615417616333,0.0,0.0,0.0,0.0,0.0,0.0,0.9005842133665669,0.86558540394456,0.15401024054025744,0.057964789141936396,0.9005842133665669,4,1,4.375,0.07674099441576088
HMABYWSNWIZPAG,Ovarian Cancer,0,68.0,0.0,0.0,0.0,0.0,0.0,0.0,0.0,0.0,0.0,0.0,0.0,0.0,0.9764449920295507,0.974424221312396,0.9378797457313377,0.36277160888103693,0.9764449920295507,3,1,-3.0,0.10568854888560952
HFNKQEVNSGCOJV,Cytokine Storm (Covid-19); cytokine release syndrome,1,58.0,0.0,0.0,0.0,0.0,0.0,0.0,0.0,0.0,0.0,0.0,0.0,0.0,0.0,0.0,0.0,0.0,0.0,0,0,0.0,0.0
HFNKQEVNSGCOJV,Myelofibrosis (MF),0,75.0,0.0,0.0,0.0,0.0,0.0,0.0,0.0,0.0,0.0,0.0,0.0,0.0,0.0,0.0,0.0,0.0,0.0,0,0,0.0,0.0
DEVSOMFAQLZNKR,in Cancer,0,40.0,0.0,0.0,0.0,0.0,0.0,0.0,0.0,0.0,0.0,0.0,0.0,0.0,0.0,0.0,0.0,0.0,0.0,0,0,11.75,0.0
DFEYYRMXOJXZRJ,Anesthesia,0,88.0,0.0,0.0,0.0,0.0,0.0,0.0,0.0,0.0,0.0,0.0,0.0,0.0,0.0,0.0,0.0,0.0,0.0,0,0,3.6666666666666714,0.0
DFEYYRMXOJXZRJ,pain,0,40.0,0.4447664029113444,0.03819803589657908,0.0,0.0,0.0,0.0,0.0,0.0,0.0,0.0,0.0,0.0,0.9414368836886381,0.9371563933611053,0.030396539880581056,0.001688696660032281,0.9414368836886381,18,1,-18.125,0.028853078575336588
DFEYYRMXOJXZRJ,COVID-19; ards,1,25.0,0.0,0.0,0.0,0.0,0.0,0.0,0.0,0.0,0.0,0.0,0.0,0.0,0.0,0.0,0.0,0.0,0.0,0,0,0.0,0.0
DFEYYRMXOJXZRJ,valvular heart disease,0,6.0,0.0,0.0,0.0,0.0,0.0,0.0,0.0,0.0,0.0,0.0,0.0,0.0,0.0,0.0,0.0,0.0,0.0,0,0,-3.0,0.0
JYTNQNCOQXFQPK,Delirium,1,28.0,0.0,0.0,0.0,0.0,0.0,0.0,0.0,0.0,0.0,0.0,0.0,0.0,0.4559480982087158,0.4559480982087158,0.012158615952232422,0.006079307976116211,0.4559480982087158,2,1,-10.5,-0.14321724080532722
RMMXLENWKUUMAY,Hypercholesterolemia; Hypertension,0,45.0,0.0,0.0,0.0,0.0,0.0,0.0,0.0,0.0,0.0,0.0,0.0,0.0,0.42555155832813474,0.42555155832813474,0.1764126216548331,0.1764126216548331,0.42555155832813474,1,1,0.0,0.0
UTNUDOFZCWSZMS,Multiple Sclerosis,0,64.0,0.0,0.0,0.0,0.0,0.0,0.0,0.0,0.0,0.0,0.0,0.0,0.0,0.9737407057072986,0.9737407057072986,0.23727798143842557,0.23727798143842557,0.9737407057072986,1,1,6.4761904761904745,0.15705081744671023
GYDJEQRTZSCIOI,Postpartum Hemorrhage; Tranexamic Acid,0,72.0,0.0,0.0,0.0,0.0,0.0,0.0,0.0,0.0,0.0,0.0,0.0,0.0,0.67676300332411,0.67676300332411,0.06965873722633158,0.06965873722633158,0.67676300332411,1,1,0.0,0.0
WYQFJHHDOKWSHR,atopic dermatitis,0,78.0,0.0,0.0,0.0,0.0,0.0,0.0,0.0,0.0,0.0,0.0,0.0,0.0,0.0,0.0,0.0,0.0,0.0,0,0,3.3333333333333286,0.0
JGRXMPYUTJLTKT,anemia,0,80.0,0.0,0.0,0.0,0.0,0.8177217992498811,0.2725739330832937,0.0,0.0,0.0,0.0,0.0,0.0,0.9005842133665669,0.9005842133665669,0.15401024054025744,0.07176997643314308,0.9005842133665669,3,1,4.375,0.07674099441576088
MYPYJXKWCTUITO,Clostridium Difficile Infection,0,90.0,0.0,0.0,0.0,0.0,0.0,0.0,0.0,0.0,0.0,0.0,0.0,0.0,0.0,0.0,0.0,0.0,0.0,0,0,0.0,0.0
JQSHBVHOMNKWFT,smoking cessation,0,82.0,0.7252476303015531,0.3626238151507766,0.0,0.0,0.0,0.0,0.0,0.0,0.0,0.0,0.0,0.0,0.691865354020246,0.691865354020246,0.0,0.0,0.7252476303015531,2,1,4.285714285714292,-1.1102230246251565e-16
JQSHBVHOMNKWFT,tobacco use disorder,0,82.0,0.8114041190865997,0.664414628299413,0.0,0.0,0.0,0.0,0.0,0.0,0.0,0.0,0.0,0.0,0.9940839114469342,0.9940839114469342,0.39730113269289685,0.25609873597518834,0.9940839114469342,2,1,0.0,0.0
LQBVNQSMGBZMKD,Chronic Lymphocytic Leukemia,0,90.0,0.7356147774240064,0.7356147774240064,0.0,0.0,0.0,0.0,0.0,0.0,0.0430531040350025,0.0430531040350025,0.4559480982087158,0.4559480982087158,0.965708263035058,0.965708263035058,0.9495158215163638,0.9495158215163638,0.965708263035058,1,1,3.0,0.01734477665954781
LQBVNQSMGBZMKD,Acute Myeloid Leukemia,0,80.0,0.0,0.0,0.0,0.0,0.45432061680260966,0.45432061680260966,0.25229128100882275,0.25229128100882275,0.0,0.0,0.4559480982087158,0.4559480982087158,0.6776043859744464,0.6776043859744464,0.967540779730476,0.967540779730476,0.967540779730476,1,1,17.81818181818182,0.06745996478884775
PJVWKTKQMONHTI,Left Ventricular Thrombus; ST Segment Elevation Myocardial Infarction,0,75.0,0.0,0.0,0.0,0.0,0.0,0.0,0.0,0.0,0.0,0.0,0.0,0.0,0.0,0.0,0.0,0.0,0.0,0,0,0.0,0.0
UBQNRHZMVUUOMG,Smoking Cessation,0,14.0,0.6078553009489552,0.08279128084158031,0.0,0.0,0.0,0.0,0.0,0.0,0.0,0.0,0.0,0.0,0.42555155832813474,0.42555155832813474,0.0,0.0,0.6078553009489552,10,1,-39.2,-0.09391386348207831
PWKSKIMOESPYIA,rhinosinusitis,0,22.0,0.0,0.0,0.0,0.0,0.0,0.0,0.0,0.0,0.0,0.0,0.0,0.0,0.0,0.0,0.0,0.0,0.0,0,0,0.0,0.0
QHMBSVQNZZTUGM,Pain,0,30.0,0.0,0.0,0.0,0.0,0.0,0.0,0.0,0.0,0.0,0.0,0.0,0.0,0.6703938868834045,0.6703938868834045,0.08430805903654509,0.08430805903654509,0.6703938868834045,1,1,-34.120000000000005,-0.27091475722208425
ZZVUWRFHKOJYTH,Multiple Sclerosis; Infusion Reaction,0,32.0,0.0,0.0,0.0,0.0,0.0,0.0,0.0,0.0,0.0,0.0,0.0,0.0,0.6335501588784701,0.6335501588784701,0.04618585365188288,0.04618585365188288,0.6335501588784701,1,1,0.0,0.0
ZCGNOVWYSGBHAU,COVID-19,1,45.0,0.0,0.0,0.0,0.0,0.0,0.0,0.0,0.0,0.0,0.0,0.0,0.0,0.0,0.0,0.0,0.0,0.0,0,0,3.1111111111111143,-0.23227039974824495
VHOGYURTWQBHIL,COVID-19,1,30.0,0.0,0.0,0.0,0.0,0.0,0.0,0.0,0.0,0.0,0.0,0.0,0.0,0.5281119652354095,0.5281119652354095,0.13301659795730025,0.13301659795730025,0.5281119652354095,1,1,-11.888888888888886,0.29584156548716456
XZWYZXLIPXDOLR,Type 2 Diabetes Mellitus,0,78.0,0.0,0.0,0.3039653988058105,0.3039653988058105,0.0,0.0,0.0,0.0,0.0,0.0,0.0,0.0,0.9986081372456911,0.9986081372456911,0.17827377545849124,0.17827377545849124,0.9986081372456911,1,1,12.771428571428572,0.028905720705038496
SFLSHLFXELFNJZ,congenital heart disease,0,12.0,0.0,0.0,0.0,0.0,0.392974911059452,0.196487455529726,0.0,0.0,0.0,0.0,0.0,0.0,0.5386942345502975,0.49732116637950663,0.08382352481068235,0.06394925381876243,0.5386942345502975,2,1,0.0,0.0
XOFYZVNMUHMLCC,Pemphigus Vulgaris; Pemphigus Foliaceus,0,70.0,0.0,0.0,0.0,0.0,0.30457332960342215,0.30457332960342215,0.0,0.0,0.0,0.0,0.0,0.0,0.9040764969855679,0.9040764969855679,0.2308448334264128,0.2308448334264128,0.9040764969855679,1,1,0.0,0.0
RJKFOVLPORLFTN,"Infertility, Female",0,62.0,0.0,0.0,0.0,0.0,0.0,0.0,0.0,0.0,0.0,0.0,0.0,0.0,0.0,0.0,0.0,0.0,0.0,0,0,0.0,0.0
HFNKQEVNSGCOJV,Vitiligo,0,78.0,0.0,0.0,0.0,0.0,0.0,0.0,0.0,0.0,0.0,0.0,0.0,0.0,0.7737803656847014,0.7732580573175315,0.37809948283928096,0.23199954339155537,0.7737803656847014,2,1,0.0,0.0
WINHZLLDWRZWRT,Cell Cancer,0,70.0,0.0,0.0,0.0,0.0,0.0,0.0,0.0,0.0,0.0,0.0,0.5319394479101685,0.5319394479101685,0.0,0.0,0.0,0.0,0.5319394479101685,1,1,1.0,0.11398702455217896
WDENQIQQYWYTPO,Chronic Lymphocytic Leukemia,0,88.0,0.0,0.0,0.0,0.0,0.0,0.0,0.607930797611621,0.607930797611621,0.0,0.0,0.607930797611621,0.607930797611621,0.9866191875662546,0.9866191875662546,0.9290050201076685,0.9290050201076685,0.9866191875662546,1,1,1.0,0.038255701190744396
KDGFLJKFZUIJMX,Lung Cancer,0,85.0,0.0,0.0,0.0,0.0,0.0,0.0,0.979400228199195,0.979400228199195,0.0,0.0,0.8786863375545856,0.8786863375545856,0.9884617312605192,0.9884617312605192,0.9977179089245308,0.9977179089245308,0.9977179089245308,1,1,27.548387096774192,0.05858331490354196
ZSBOMTDTBDDKMP,Type 2 Diabetes,0,50.0,0.0,0.0,0.0,0.0,0.5511044663048749,0.5511044663048749,0.0,0.0,0.0,0.0,0.0,0.0,0.9981950138708703,0.9981950138708703,0.954188839355206,0.954188839355206,0.9981950138708703,1,1,-9.539473684210527,0.01805503837810929
LSQZJLSUYDQPKJ,Tuberculosis; Respiratory Tract Infections; Pneumonia,0,52.0,0.0,0.0,0.0,0.0,0.0,0.0,0.0,0.0,0.0,0.0,0.0,0.0,0.0,0.0,0.0,0.0,0.0,0,0,0.0,0.0
IMOZEMNVLZVGJZ,psoriasis,0,58.0,0.28493107317865624,0.07123276829466406,0.0,0.0,0.0,0.0,0.0,0.0,0.05057172662373052,0.021329687395125745,0.0,0.0,0.9824080292539396,0.9824080292539396,0.3483825219689976,0.17934138438356592,0.9824080292539396,4,1,0.0,0.0
IMOZEMNVLZVGJZ,psoriasis,0,58.0,0.28493107317865624,0.07123276829466406,0.0,0.0,0.0,0.0,0.0,0.0,0.05057172662373052,0.021329687395125745,0.0,0.0,0.9824080292539396,0.9824080292539396,0.3483825219689976,0.17934138438356592,0.9824080292539396,4,1,0.0,0.0
IMOZEMNVLZVGJZ,plaque psoriasis,0,62.0,0.0,0.0,0.0,0.0,0.0,0.0,0.0,0.0,0.0,0.0,0.0,0.0,0.0,0.0,0.0,0.0,0.0,0,0,-2.5,0.0
IMOZEMNVLZVGJZ,psoriasis,0,58.0,0.28493107317865624,0.07123276829466406,0.0,0.0,0.0,0.0,0.0,0.0,0.05057172662373052,0.021329687395125745,0.0,0.0,0.9824080292539396,0.9824080292539396,0.3483825219689976,0.17934138438356592,0.9824080292539396,4,1,0.0,0.0
KXNPVXPOPUZYGB,ischemic stroke,0,30.0,0.7575239678189049,0.7575239678189049,0.607930797611621,0.607930797611621,0.0,0.0,0.0,0.0,0.0,0.0,0.0,0.0,0.7335276117015219,0.7335276117015219,0.41670499977554126,0.41670499977554126,0.7575239678189049,1,1,0.0,0.0
QIVUCLWGARAQIO,episodic migraine,0,75.0,0.0,0.0,0.0,0.0,0.0,0.0,0.0,0.0,0.0,0.0,0.0,0.0,0.0,0.0,0.0,0.0,0.0,0,0,0.0,0.0
XUKUURHRXDUEBC,Hypercholesterolemia,0,93.0,0.8848782465161684,0.8848782465161684,0.0,0.0,0.0,0.0,0.0,0.0,0.0,0.0,0.0,0.0,0.9985333487476596,0.9985333487476596,0.3381587936141898,0.3381587936141898,0.9985333487476596,1,1,12.642857142857139,0.027628170371038596
XUZMWHLSFXCVMG,Alopecia Areata,0,78.0,0.0,0.0,0.0,0.0,0.0,0.0,0.0,0.0,0.0,0.0,0.0,0.0,0.8111858723229912,0.8111858723229912,0.13593345327998824,0.12966615586892286,0.8111858723229912,2,1,4.0,-0.058909441107610094
ZKIAIYBUSXZPLP,schizophrenia,0,70.0,0.6560907249300643,0.21869690831002142,0.0,0.0,0.6454494156558882,0.3005235535632214,0.0,0.0,0.0,0.0,0.0,0.0,0.9994097502793402,0.9981739213465834,0.9231710917698762,0.6219826717632376,0.9994097502793402,3,1,7.350000000000001,0.027785375343797547
ZKIAIYBUSXZPLP,Post Traumatic Stress Disorder,0,33.0,0.0667262360760537,0.0222420786920179,0.0,0.0,0.0,0.0,0.0,0.0,0.0,0.0,0.0,0.0,0.6640653950668075,0.6412764475758242,0.4992592184496341,0.29928422053042464,0.6640653950668075,3,1,0.0,0.0
ZKIAIYBUSXZPLP,Depression,0,50.0,0.0,0.0,0.0,0.0,0.0,0.0,0.0,0.0,0.0,0.0,0.0,0.0,0.0,0.0,0.0,0.0,0.0,0,0,6.0,0.0
ZKIAIYBUSXZPLP,Post Traumatic Stress Disorder,1,33.0,0.0667262360760537,0.0222420786920179,0.0,0.0,0.0,0.0,0.0,0.0,0.0,0.0,0.0,0.0,0.6640653950668075,0.6412764475758242,0.4992592184496341,0.29928422053042464,0.6640653950668075,3,1,0.0,0.0
ZKIAIYBUSXZPLP,autism spectrum disorder,1,20.0,0.6858566750614393,0.2909713383775379,0.0,0.0,0.5412103925737457,0.26818867136636665,0.0,0.0,0.0,0.0,0.0,0.0,0.9963926444645673,0.9915955100489912,0.33282922946215093,0.22678786098739198,0.9963926444645673,3,1,-4.0,0.12291874667852987
MSYKRHVOOPPJKU,epilepsy,0,65.0,0.7568738430264683,0.7568738430264683,0.0,0.0,0.0,0.0,0.0,0.0,0.0,0.0,0.0,0.0,0.9970147794967135,0.9970147794967135,0.5824175393623507,0.5824175393623507,0.9970147794967135,1,1,-0.818181818181813,0.0253596170518976
LEBVLXFERQHONN,Pain,0,62.0,0.547137717850459,0.547137717850459,0.0,0.0,0.0,0.0,0.0,0.0,0.0,0.0,0.0,0.0,0.9987210058300428,0.9987210058300428,0.07404934854241552,0.07404934854241552,0.9987210058300428,1,1,-2.1200000000000045,0.057412361724553995
RMRJXGBAOAMLHD,Opioid Use Disorder,0,83.0,0.8551488348715596,0.4275744174357798,0.0,0.0,0.0,0.0,0.0,0.0,0.0,0.0,0.0,0.0,0.681410729297477,0.6811818436844136,0.15252944740803548,0.13436868757896736,0.8551488348715596,2,1,0.0,0.0
SNPPWIUOZRMYNY,Smoking Cessation,0,58.0,0.7252476303015531,0.24174921010051773,0.0,0.0,0.0,0.0,0.0,0.0,0.0,0.0,0.0,0.0,0.691865354020246,0.6657932359758102,0.0,0.0,0.7252476303015531,3,1,4.799999999999997,0.023478465870519605
GAGWJHPBXLXJQN,Gastric Adenocarcinoma; Gastroesophageal Junction Adenocarcinoma,0,58.0,0.0,0.0,0.0,0.0,0.0,0.0,0.0,0.0,0.0,0.0,0.0,0.0,0.6761614529794218,0.6761614529794218,0.10615788411891992,0.10615788411891992,0.6761614529794218,1,1,-2.0,0.016993343139573347
GAGWJHPBXLXJQN,Metastatic Gastric Cancer,0,52.0,0.0,0.0,0.0,0.0,0.0,0.0,0.0,0.0,0.0,0.0,0.0,0.0,0.8793337821767572,0.8793337821767572,0.6865366626902423,0.6865366626902423,0.8793337821767572,1,1,0.0,0.0
YKPUWZUDDOIDPM,breast cancer,0,14.0,0.0,0.0,0.0,0.0,0.0,0.0,0.0,0.0,0.0,0.0,0.0,0.0,0.0,0.0,0.0,0.0,0.0,0,0,-15.5,-0.49847463774448436
VAAUVRVFOQPIGI,pneumonia,0,85.0,0.0,0.0,0.0,0.0,0.0,0.0,0.0,0.0,0.0,0.0,0.0,0.0,0.0,0.0,0.0,0.0,0.0,0,0,19.0,-0.14705997396770018
QYSXJUFSXHHAJI,vitamin D deficiency,0,95.0,0.0,0.0,0.0,0.0,0.0,0.0,0.0,0.0,0.0,0.0,0.0,0.0,0.0,0.0,0.0,0.0,0.0,0,0,0.0,0.0
PTOAARAWEBMLNO,Multiple Sclerosis,0,70.0,0.0,0.0,0.0,0.0,0.0,0.0,0.0,0.0,0.0,0.0,0.0,0.0,0.0,0.0,0.0,0.0,0.0,0,0,12.476190476190474,-0.8166898882605884
GJSURZIOUXUGAL,Child Preschool,0,40.0,0.0,0.0,0.0,0.0,0.0,0.0,0.0,0.0,0.0,0.0,0.0,0.0,0.0,0.0,0.0,0.0,0.0,0,0,0.0,0.0
USZAGAREISWJDP,atopic dermatitis,0,58.0,0.0,0.0,0.0,0.0,0.0,0.0,0.0,0.0,0.0,0.0,0.0,0.0,0.0,0.0,0.0,0.0,0.0,0,0,-16.66666666666667,0.0
JVHXJTBJCFBINQ,Nonalcoholic Steatohepatitis,0,45.0,0.0,0.0,0.0,0.0,0.0,0.0,0.0,0.0,0.0,0.0,0.0,0.0,0.0,0.0,0.0,0.0,0.0,0,0,2.3333333333333357,0.0
JVHXJTBJCFBINQ,Heart Failure With Preserved Ejection Fraction (HFpEF),1,58.0,0.0,0.0,0.0,0.0,0.0,0.0,0.0,0.0,0.0,0.0,0.0,0.0,0.0,0.0,0.0,0.0,0.0,0,0,0.0,0.0
JVHXJTBJCFBINQ,Heart Failure With Reduced Ejection Fraction (HFrEF),0,65.0,0.0,0.0,0.0,0.0,0.0,0.0,0.0,0.0,0.0,0.0,0.0,0.0,0.0,0.0,0.0,0.0,0.0,0,0,0.0,0.0
LUZRJRNZXALNLM,migraine,0,62.0,0.0,0.0,0.0,0.0,0.0,0.0,0.0,0.0,0.0,0.0,0.0,0.0,0.0,0.0,0.0,0.0,0.0,0,0,-8.0,0.0
SIFNOOUKXBRGGB,Advanced Breast Cancer,0,80.0,0.7362363711407216,0.7362363711407216,0.0,0.0,0.2784930983858836,0.2784930983858836,0.8492097570461924,0.8492097570461924,0.0,0.0,0.8496114818642673,0.8496114818642673,0.9932371323482767,0.9932371323482767,0.9993172641092537,0.9993172641092537,0.9993172641092537,1,1,2.5454545454545467,0.005195572590390496
XDXWLKQMMKQXPV,immune thrombocytopenia,0,68.0,0.0,0.0,0.0,0.0,0.0,0.0,0.0,0.0,0.0,0.0,0.0,0.0,0.0,0.0,0.0,0.0,0.0,0,0,-4.0,0.0
OBWASQILIWPZMG,Chronic Kidney Disease,0,70.0,0.0,0.0,0.0,0.0,0.0,0.0,0.0,0.0,0.03051071658262758,0.03051071658262758,0.0,0.0,0.9828857748197563,0.9828857748197563,0.9733429862360751,0.9733429862360751,0.9828857748197563,1,1,27.333333333333336,0.3504293166608001
GBXSMTUPTTWBMN,"Heart Failure; Heart Failure, Systolic; Erectile Dysfunction",0,72.0,0.0,0.0,0.0,0.0,0.0,0.0,0.0,0.0,0.0,0.0,0.0,0.0,0.9862205227128552,0.9862205227128552,0.752839163947301,0.752839163947301,0.9862205227128552,1,1,0.0,0.0
JUZNIMUFDBIJCM,complicated urinary tract infection,0,85.0,0.0,0.0,0.0,0.0,0.0,0.0,0.0,0.0,0.0,0.0,0.0,0.0,0.0,0.0,0.0,0.0,0.0,0,0,3.3333333333333286,0.0
MCIACXAZCBVDEE,Diabetes,0,73.0,0.0,0.0,0.0,0.0,0.0,0.0,0.0,0.0,0.0,0.0,0.0,0.0,0.0,0.0,0.0,0.0,0.0,0,0,11.266666666666666,0.0
WSEQXVZVJXJVFP,Depression,0,50.0,0.0,0.0,0.0,0.0,0.0,0.0,0.0,0.0,0.0,0.0,0.0,0.0,0.0,0.0,0.0,0.0,0.0,0,0,6.0,0.0
VJJPUSNTGOMMGY,Lung Cancer,0,62.0,0.0,0.0,0.0,0.0,0.0,0.0,0.0,0.0,0.0,0.0,0.0,0.0,0.9435428448517708,0.943189866540751,0.9572363672146095,0.5768539297914405,0.9572363672146095,2,1,4.548387096774192,0.018101773193620607
VJJPUSNTGOMMGY,Lung Cancer,0,62.0,0.0,0.0,0.0,0.0,0.0,0.0,0.0,0.0,0.0,0.0,0.0,0.0,0.9435428448517708,0.943189866540751,0.9572363672146095,0.5768539297914405,0.9572363672146095,2,1,4.548387096774192,0.018101773193620607
MVGWUTBTXDYMND,Ulcerative Colitis,0,72.0,0.0,0.0,0.0,0.0,0.0,0.0,0.0,0.0,0.05833656679405228,0.05833656679405228,0.0,0.0,0.9433447398050512,0.9433447398050512,0.3407986207400849,0.3407986207400849,0.9433447398050512,1,1,6.833333333333329,0.18572926041555393
JOOXLOJCABQBSG,myelofibrosis,0,75.0,0.0,0.0,0.607930797611621,0.3039653988058105,0.4634725083516547,0.427054287268481,0.607930797611621,0.3039653988058105,0.0,0.0,0.607930797611621,0.5319394479101685,0.9642980985618652,0.9342389562229159,0.41867206735660806,0.2887922542438275,0.9642980985618652,2,1,0.0,0.0
PPSNFPASKFYPMN,hot flashes,0,83.0,0.0,0.0,0.0,0.0,0.0,0.0,0.0,0.0,0.0,0.0,0.0,0.0,0.0,0.0,0.0,0.0,0.0,0,0,0.0,0.0
GKDRMWXFWHEQQT,anemia,0,48.0,0.0,0.0,0.0,0.0,0.4538964499755428,0.4538964499755428,0.0,0.0,0.0,0.0,0.0,0.0,0.5733125160809593,0.5733125160809593,0.14720687852671085,0.14720687852671085,0.5733125160809593,1,1,-27.625,-0.2505307028698467
UGJMXCAKCUNAIE,End Stage Renal Disease; Restless Legs Syndrome,0,52.0,0.0,0.0,0.0,0.0,0.0,0.0,0.0,0.0,0.0,0.0,0.0,0.0,0.4566235768727287,0.4566235768727287,0.06079307976116211,0.027504646850275774,0.4566235768727287,4,1,-7.0,0.22831178843636435
IRSCQMHQWWYFCW,Transplantation Infection; Cytomegalovirus Infections,0,92.0,0.0,0.0,0.0,0.0,0.0,0.0,0.0,0.0,0.0,0.0,0.0,0.0,0.0,0.0,0.0,0.0,0.0,0,0,1.0,0.0
SDUQYLNIPVEERB,Gallbladder Carcinoma,0,55.0,0.0,0.0,0.0,0.0,0.0,0.0,0.0,0.0,0.0,0.0,0.0,0.0,0.0,0.0,0.0,0.0,0.0,0,0,0.0,0.0
SDUQYLNIPVEERB,Metastatic Nasopharyngeal Cancer,0,62.0,0.0,0.0,0.0,0.0,0.0,0.0,0.0,0.0,0.0,0.0,0.0,0.0,0.0,0.0,0.0,0.0,0.0,0,0,0.0,0.0
GUTXTARXLVFHDK,Schizophrenia; Medication Nonadherence; Schizo Affective Disorder,0,72.0,0.6560907249300643,0.21265714504144576,0.3039653988058105,0.07599134970145263,0.6454494156558882,0.2363506177993655,0.0,0.0,0.0,0.0,0.0,0.0,0.9994097502793402,0.9984561666831925,0.9231710917698762,0.5324282282099726,0.9994097502793402,4,1,0.0,0.0
JYGXADMDTFJGBT,Sepsis; Septic Shock,0,45.0,0.0,0.0,0.0,0.0,0.0,0.0,0.0,0.0,0.0,0.0,0.0,0.0,0.6416434274627397,0.6416434274627397,0.4250434649930695,0.4250434649930695,0.6416434274627397,1,1,19.5,0.32082171373136986
VSNHCAURESNICA,Sickle Cell Disease; Sickle Cell Anemia,0,75.0,0.0,0.0,0.0,0.0,0.0,0.0,0.0,0.0,0.0,0.0,0.0,0.0,0.9528131037562446,0.9528131037562447,0.0,0.0,0.9528131037562446,3,1,0.0,0.0
HEFNNWSXXWATRW,Pain Management,0,68.0,0.0,0.0,0.0,0.0,0.0,0.0,0.0,0.0,0.0,0.0,0.0,0.0,0.0,0.0,0.0,0.0,0.0,0,0,10.0,0.0
HIFJCPQKFCZDDL,septic shock,1,35.0,0.0,0.0,0.0,0.0,0.0,0.0,0.0,0.0,0.0,0.0,0.0,0.0,0.5150524813098456,0.5150524813098456,0.0,0.0,0.5150524813098456,1,1,10.5,0.2575262406549228
HIFJCPQKFCZDDL,acute respiratory distress syndrome,1,35.0,0.0,0.0,0.0,0.0,0.0,0.0,0.0,0.0,0.0,0.0,0.0,0.0,0.4559480982087158,0.4559480982087158,0.012158615952232422,0.012158615952232422,0.4559480982087158,1,1,0.0,0.0
YQEZLKZALYSWHR,Reducing Psychological Side Effects of Ketamine,0,30.0,0.0,0.0,0.0,0.0,0.0,0.0,0.0,0.0,0.0,0.0,0.0,0.0,0.0,0.0,0.0,0.0,0.0,0,0,0.0,0.0
YQEZLKZALYSWHR,Critical Illness; Sedation; Mechanical Ventilation,1,40.0,0.0,0.0,0.0,0.0,0.0,0.0,0.0,0.0,0.0,0.0,0.0,0.0,0.0,0.0,0.0,0.0,0.0,0,0,0.0,0.0
YQEZLKZALYSWHR,Lung Diseases; Diagnosis; Anesthesia,0,35.0,0.0,0.0,0.0,0.0,0.0,0.0,0.0,0.0,0.0,0.0,0.852235885790084,0.852235885790084,0.4633260139163968,0.4633260139163968,0.15925996192378222,0.15925996192378222,0.852235885790084,1,1,0.0,0.0
OZWKMVRBQXNZKK,Post-cesarean pain,0,58.0,0.0,0.0,0.0,0.0,0.0,0.0,0.0,0.0,0.0,0.0,0.0,0.0,0.0,0.0,0.0,0.0,0.0,0,0,0.0,0.0
OZWKMVRBQXNZKK,rotator cuff tear,0,48.0,0.0,0.0,0.0,0.0,0.0,0.0,0.0,0.0,0.0,0.0,0.0,0.0,0.4770568064591193,0.4732572389740467,0.08304830965413611,0.057261119001908875,0.4770568064591193,2,1,0.0,0.0
OZWKMVRBQXNZKK,Acute Pain Due to Trauma,0,58.0,0.0,0.0,0.0,0.0,0.0,0.0,0.0,0.0,0.0,0.0,0.0,0.0,0.9866478791599622,0.9864280256845795,0.16591331147728788,0.08295665573864394,0.9866478791599622,2,1,0.0,0.0
OZWKMVRBQXNZKK,Postoperative Pain,0,58.0,0.0,0.0,0.0,0.0,0.0,0.0,0.0,0.0,0.0,0.0,0.0,0.0,0.0,0.0,0.0,0.0,0.0,0,0,-2.2222222222222214,0.0
OZWKMVRBQXNZKK,Postoperative Pain,0,58.0,0.0,0.0,0.0,0.0,0.0,0.0,0.0,0.0,0.0,0.0,0.0,0.0,0.0,0.0,0.0,0.0,0.0,0,0,-2.2222222222222214,0.0
WMDSZGFJQKSLLH,atrial fibrillation,0,62.0,0.0,0.0,0.0,0.0,0.0,0.0,0.0,0.0,0.0,0.0,0.0,0.0,0.9231673420456434,0.9231673420456434,0.17179288661797903,0.17179288661797903,0.9231673420456434,1,1,10.857142857142854,0.1974561440353555
MJIHNNLFOKEZEW,Erosive Esophagitis,0,85.0,0.0,0.0,0.0,0.0,0.0,0.0,0.0,0.0,0.0,0.0,0.0,0.0,0.0,0.0,0.0,0.0,0.0,0,0,0.0,0.0
XEDHVZKDSYZQBF,migraine,0,62.0,0.0,0.0,0.0,0.0,0.0,0.0,0.0,0.0,0.0,0.0,0.0,0.0,0.0,0.0,0.0,0.0,0.0,0,0,-8.0,0.0
WOSKHXYHFSIKNG,Advance Melanoma,1,38.0,0.0,0.0,0.0,0.0,0.0,0.0,0.0,0.0,0.0,0.0,0.0,0.0,0.0,0.0,0.0,0.0,0.0,0,0,0.0,0.0
WOSKHXYHFSIKNG,Lung Cancer,1,43.0,0.0,0.0,0.0,0.0,0.0,0.0,0.9066612367713315,0.5555249112619526,0.0,0.0,0.857712303211171,0.8136261460027897,0.9778956958129764,0.9103791327294727,0.9862182198148329,0.9554153736583407,0.9862182198148329,3,1,-14.451612903225808,0.047083625793844064
WOSKHXYHFSIKNG,Lung Cancer,1,43.0,0.0,0.0,0.0,0.0,0.0,0.0,0.9066612367713315,0.5555249112619526,0.0,0.0,0.857712303211171,0.8136261460027897,0.9778956958129764,0.9103791327294727,0.9862182198148329,0.9554153736583407,0.9862182198148329,3,1,-14.451612903225808,0.047083625793844064
WOSKHXYHFSIKNG,Endometrial Carcinoma,1,58.0,0.0,0.0,0.0,0.0,0.0,0.0,0.607930797611621,0.20264359920387368,0.0,0.0,0.7725787219647684,0.6487409668957345,0.13678442946261474,0.04559480982087158,0.21416876567342064,0.11664373031312215,0.7725787219647684,3,1,0.0,0.0
WOSKHXYHFSIKNG,Urothelial Carcinoma,1,42.0,0.0,0.0,0.0,0.0,0.0,0.0,0.0,0.0,0.029619232038517206,0.009873077346172402,0.6037090559615403,0.5811931004944433,0.8483209171105388,0.3784664497720089,0.4227535603901724,0.2341029408596301,0.8483209171105388,3,1,0.0,0.0
WOSKHXYHFSIKNG,Lung Cancer,1,43.0,0.0,0.0,0.0,0.0,0.0,0.0,0.9066612367713315,0.5555249112619526,0.0,0.0,0.857712303211171,0.8136261460027897,0.9778956958129764,0.9103791327294727,0.9862182198148329,0.9554153736583407,0.9862182198148329,3,1,-14.451612903225808,0.047083625793844064
WOSKHXYHFSIKNG,Lung Cancer,0,43.0,0.0,0.0,0.0,0.0,0.0,0.0,0.9066612367713315,0.5555249112619526,0.0,0.0,0.857712303211171,0.8136261460027897,0.9778956958129764,0.9103791327294727,0.9862182198148329,0.9554153736583407,0.9862182198148329,3,1,-14.451612903225808,0.047083625793844064
WOSKHXYHFSIKNG,Lung Cancer,0,43.0,0.0,0.0,0.0,0.0,0.0,0.0,0.9066612367713315,0.5555249112619526,0.0,0.0,0.857712303211171,0.8136261460027897,0.9778956958129764,0.9103791327294727,0.9862182198148329,0.9554153736583407,0.9862182198148329,3,1,-14.451612903225808,0.047083625793844064
WOSKHXYHFSIKNG,Endometrial Carcinoma,1,58.0,0.0,0.0,0.0,0.0,0.0,0.0,0.607930797611621,0.20264359920387368,0.0,0.0,0.7725787219647684,0.6487409668957345,0.13678442946261474,0.04559480982087158,0.21416876567342064,0.11664373031312215,0.7725787219647684,3,1,0.0,0.0
FWYSMLBETOMXAG,cytomegalovirus infection,0,92.0,0.0,0.0,0.0,0.0,0.0,0.0,0.0,0.0,0.0,0.0,0.0,0.0,0.0,0.0,0.0,0.0,0.0,0,0,4.0,0.0
XMAYWYJOQHXEEK,Cushing syndrome,0,75.0,0.0,0.0,0.0,0.0,0.0,0.0,0.0,0.0,0.0,0.0,0.0,0.0,0.0,0.0,0.0,0.0,0.0,0,0,-4.200000000000003,0.0
NNJVILVZKWQKPM,Improved Postoperative Pain,1,55.0,0.547137717850459,0.0547137717850459,0.0,0.0,0.0,0.0,0.0,0.0,0.0,0.0,0.0,0.0,0.9987210058300428,0.9976137492315844,0.10844203789265631,0.060633352963719175,0.9987210058300428,10,1,0.0,0.0
NNJVILVZKWQKPM,septic shock,0,14.0,0.0,0.0,0.0,0.0,0.0,0.0,0.0,0.0,0.0,0.0,0.0,0.0,0.0,0.0,0.0,0.0,0.0,0,0,-10.5,-0.2575262406549228
NNJVILVZKWQKPM,Scoliosis; Adolescence; Anesthesia Recovery Period,1,52.0,0.0,0.0,0.0,0.0,0.0,0.0,0.0,0.0,0.0,0.0,0.0,0.0,0.0,0.0,0.0,0.0,0.0,0,0,0.0,0.0
STPKWKPURVSAJF,progressive familial intrahepatic cholestasis,0,70.0,0.0,0.0,0.0,0.0,0.5271583254914519,0.5271583254914519,0.0,0.0,0.0,0.0,0.0,0.0,0.7742336446916,0.7742336446916,0.10697477303251227,0.10697477303251227,0.7742336446916,1,1,0.0,0.0
PSGAAPLEWMOORI,endometrial hyperplasia,0,86.0,0.0,0.0,0.0,0.0,0.0,0.0,0.0,0.0,0.0,0.0,0.0,0.0,0.0,0.0,0.0,0.0,0.0,0,0,0.0,0.0
DMJNNHOOLUXYBV,Urinary Tract Infections; Acute Pyelonephritis,0,93.0,0.0,0.0,0.0,0.0,0.0,0.0,0.0,0.0,0.0,0.0,0.0,0.0,0.0,0.0,0.0,0.0,0.0,0,0,0.0,0.0
XZWYZXLIPXDOLR,Type 2 Diabetes,0,74.0,0.0,0.0,0.3039653988058105,0.3039653988058105,0.0,0.0,0.0,0.0,0.0,0.0,0.0,0.0,0.9986081372456911,0.9986081372456911,0.17827377545849124,0.17827377545849124,0.9986081372456911,1,1,14.460526315789473,0.01846816175293009
XZWYZXLIPXDOLR,Type 2 Diabetes,0,74.0,0.0,0.0,0.3039653988058105,0.3039653988058105,0.0,0.0,0.0,0.0,0.0,0.0,0.0,0.0,0.9986081372456911,0.9986081372456911,0.17827377545849124,0.17827377545849124,0.9986081372456911,1,1,14.460526315789473,0.01846816175293009
XZWYZXLIPXDOLR,Type 2 Diabetes,0,74.0,0.0,0.0,0.3039653988058105,0.3039653988058105,0.0,0.0,0.0,0.0,0.0,0.0,0.0,0.0,0.9986081372456911,0.9986081372456911,0.17827377545849124,0.17827377545849124,0.9986081372456911,1,1,14.460526315789473,0.01846816175293009
XZWYZXLIPXDOLR,Type 2 Diabetes Mellitus,0,78.0,0.0,0.0,0.3039653988058105,0.3039653988058105,0.0,0.0,0.0,0.0,0.0,0.0,0.0,0.0,0.9986081372456911,0.9986081372456911,0.17827377545849124,0.17827377545849124,0.9986081372456911,1,1,12.771428571428572,0.028905720705038496
PMRYVIKBURPHAH,Graves disease,0,85.0,0.0,0.0,0.0,0.0,0.0,0.0,0.0,0.0,0.0,0.0,0.0,0.0,0.0,0.0,0.0,0.0,0.0,0,0,-0.5,0.0
OJLOPKGSLYJEMD,uterine fibroids,0,17.0,0.0,0.0,0.0,0.0,0.0,0.0,0.0,0.0,0.0,0.0,0.0,0.0,0.0,0.0,0.0,0.0,0.0,0,0,1.25,0.0
XAYGBKHKBBXDAK,pyruvate kinase deficiency,0,94.0,0.0,0.0,0.0,0.0,0.0,0.0,0.0,0.0,0.0,0.0,0.0,0.0,0.0,0.0,0.0,0.0,0.0,0,0,0.0,0.0
RTGDFNSFWBGLEC,Steroid-Dependent Nephrotic Syndrome,0,57.0,0.0,0.0,0.0,0.0,0.0,0.0,0.0,0.0,0.0,0.0,0.0,0.0,0.0,0.0,0.0,0.0,0.0,0,0,0.0,0.0
XZXHXSATPCNXJR,Lung-transplant Recipients,0,48.0,0.0,0.0,0.0,0.0,0.0,0.0,0.0,0.0,0.0,0.0,0.0,0.0,0.0,0.0,0.0,0.0,0.0,0,0,0.0,0.0
XZXHXSATPCNXJR,"Lung Diseases, Interstitial",0,70.0,0.0,0.0,0.0,0.0,0.0,0.0,0.0,0.0,0.0,0.0,0.0,0.0,0.0,0.0,0.0,0.0,0.0,0,0,6.166666666666664,0.0
XZXHXSATPCNXJR,"Lung Diseases, Interstitial",0,70.0,0.0,0.0,0.0,0.0,0.0,0.0,0.0,0.0,0.0,0.0,0.0,0.0,0.0,0.0,0.0,0.0,0.0,0,0,6.166666666666664,0.0
NXFQHRVNIOXGAQ,Recurrent urinary tract infections,0,83.0,0.0,0.0,0.0,0.0,0.0,0.0,0.0,0.0,0.0,0.0,0.0,0.0,0.0,0.0,0.0,0.0,0.0,0,0,0.0,0.0
SFLSHLFXELFNJZ,Spinal anesthesia-induced hypotension,0,83.0,0.0,0.0,0.0,0.0,0.0,0.0,0.0,0.0,0.0,0.0,0.0,0.0,0.0,0.0,0.0,0.0,0.0,0,0,-0.5,0.0
FDLYAMZZIXQODN,Prostate Cancer,0,70.0,0.0,0.0,0.0,0.0,0.0,0.0,0.0,0.0,0.0,0.0,0.0,0.0,0.8561958800173328,0.7896264195972317,0.4672118834503051,0.19415418723775144,0.8561958800173328,3,1,10.75,0.0036543098347844305
XRVDGNKRPOAQTN,ulcerative colitis,0,67.0,0.03528674289834983,0.03528674289834983,0.0,0.0,0.0,0.0,0.0,0.0,0.14014200933919896,0.14014200933919896,0.0,0.0,0.9213476567861452,0.9213476567861452,0.043593517557110224,0.043593517557110224,0.9213476567861452,1,1,-3.6666666666666714,-0.01520486213347172
RCINICONZNJXQF,Ovarian Cancer,0,75.0,0.0,0.0,0.0,0.0,0.0,0.0,0.0,0.0,0.0,0.0,0.0,0.0,0.9206704591392625,0.9206704591392627,0.3669482177400349,0.06861318684385781,0.9206704591392625,15,1,4.0,0.049914015995321304
RCINICONZNJXQF,Metastatic Pancreatic Adenocarcinoma,0,55.0,0.0,0.0,0.0,0.0,0.0,0.0,0.0,0.0,0.0,0.0,0.0,0.0,0.0,0.0,0.0,0.0,0.0,0,0,16.5,-0.2279740491043579
RCINICONZNJXQF,Cell Carcinoma,0,60.0,0.2520184645006365,0.033446596973234814,0.0,0.0,0.0,0.0,0.0,0.0,0.016266214458279256,0.001084414297218617,0.0,0.0,0.8733726838444491,0.8733726838444492,0.28836336325507894,0.06796287162959579,0.8733726838444491,15,1,-3.3333333333333357,-0.04738272371674179
RCINICONZNJXQF,Participants With Locally Advanced or Metastatic Triple-Negative Breast Cancer,0,68.0,0.0,0.0,0.0,0.0,0.0,0.0,0.0,0.0,0.0,0.0,0.0,0.0,0.0,0.0,0.0,0.0,0.0,0,0,0.0,0.0
WBXPDJSOTKVWSJ,Pleural Mesothelioma Malignant Advanced,0,67.0,0.0,0.0,0.0,0.0,0.0,0.0,0.0,0.0,0.0,0.0,0.0,0.0,0.0,0.0,0.0,0.0,0.0,0,0,0.0,0.0
WBXPDJSOTKVWSJ,NSCLC,0,66.0,0.0,0.0,0.0,0.0,0.0,0.0,0.0,0.0,0.0,0.0,0.0,0.0,0.0,0.0,0.0,0.0,0.0,0,0,9.25,0.0
SONNWYBIRXJNDC,Spinal anesthesia-induced hypotension,0,84.0,0.0,0.0,0.0,0.0,0.0,0.0,0.0,0.0,0.0,0.0,0.0,0.0,0.0,0.0,0.0,0.0,0.0,0,0,0.5,0.0
RKEWSXXUOLRFBX,Major Depressive Disorder,1,33.0,0.547137717850459,0.547137717850459,0.0,0.0,0.7447641992773767,0.7447641992773767,0.0,0.0,0.0,0.0,0.0,0.0,0.9971757307208892,0.9971757307208892,0.5277557791800126,0.5277557791800126,0.9971757307208892,1,1,-15.139534883720927,0.0023478414080478904
FSVJFNAIGNNGKK,schistosomiasis,0,95.0,0.0,0.0,0.0,0.0,0.0,0.0,0.0,0.0,0.0,0.0,0.0,0.0,0.0,0.0,0.0,0.0,0.0,0,0,0.0,0.0
RJKFOVLPORLFTN,Vasomotor Symptoms; Menopausal Symptoms,0,35.0,0.0,0.0,0.0,0.0,0.0,0.0,0.0,0.0,0.0,0.0,0.0,0.0,0.0,0.0,0.0,0.0,0.0,0,0,0.0,0.0
OLBCVFGFOZPWHH,Induction of Anesthesia,0,95.0,0.0,0.0,0.0,0.0,0.0,0.0,0.0,0.0,0.0,0.0,0.0,0.0,0.0,0.0,0.0,0.0,0.0,0,0,0.0,0.0
OLBCVFGFOZPWHH,Anesthesia for Elective Surgery Patients,0,94.0,0.0,0.0,0.0,0.0,0.0,0.0,0.0,0.0,0.0,0.0,0.0,0.0,0.0,0.0,0.0,0.0,0.0,0,0,0.0,0.0
OLBCVFGFOZPWHH,Sedation or Anesthesia,0,94.0,0.0,0.0,0.0,0.0,0.0,0.0,0.0,0.0,0.0,0.0,0.0,0.0,0.0,0.0,0.0,0.0,0.0,0,0,0.0,0.0
KNAHARQHSZJURB,Graves disease,0,86.0,0.0,0.0,0.0,0.0,0.0,0.0,0.0,0.0,0.0,0.0,0.0,0.0,0.0,0.0,0.0,0.0,0.0,0,0,0.5,0.0
IWUCXVSUMQZMFG,Cirrhosis,0,22.0,0.0,0.0,0.0,0.0,0.0,0.0,0.0,0.0,0.0,0.0,0.0,0.0,0.0,0.0,0.0,0.0,0.0,0,0,-17.25,0.0
KGFYHTZWPPHNLQ,Atrial Fibrillation; Stroke; Bleeding,0,84.0,0.052142484500835654,0.052142484500835654,0.0,0.0,0.0,0.0,0.0,0.0,0.0,0.0,0.0,0.0,0.9878490217600628,0.9878490217600628,0.48919882630160644,0.48919882630160644,0.9878490217600628,1,1,0.0,0.0
KGFYHTZWPPHNLQ,Atrial Fibrillation; Intracerebral Hemorrhage,0,50.0,0.052142484500835654,0.052142484500835654,0.0,0.0,0.0,0.0,0.0,0.0,0.0,0.0,0.0,0.0,0.9878490217600628,0.9878490217600628,0.48919882630160644,0.48919882630160644,0.9878490217600628,1,1,0.0,0.0
UHSKFQJFRQCDBE,End Stage Renal Disease; Restless Legs Syndrome,0,66.0,0.0,0.0,0.0,0.0,0.0,0.0,0.0,0.0,0.0,0.0,0.0,0.0,0.0,0.0,0.0,0.0,0.0,0,0,7.0,-0.22831178843636435
ZKMNUMMKYBVTFN,Post-Sternotomy Pain,0,55.0,0.0,0.0,0.0,0.0,0.0,0.0,0.0,0.0,0.0,0.0,0.0,0.0,0.0,0.0,0.0,0.0,0.0,0,0,0.0,0.0
HFNKQEVNSGCOJV,Steroid Refractory GVHD,0,76.0,0.0,0.0,0.0,0.0,0.0,0.0,0.0,0.0,0.0,0.0,0.0,0.0,0.0,0.0,0.0,0.0,0.0,0,0,0.0,0.0
NEMGRZFTLSKBAP,Parkinson's Disease,0,52.0,0.0,0.0,0.0,0.0,0.0,0.0,0.0,0.0,0.0,0.0,0.0,0.0,0.0,0.0,0.0,0.0,0.0,0,0,-6.083333333333336,0.0
STECJAGHUSJQJN,motion sickness,0,76.0,0.0,0.0,0.0,0.0,0.0,0.0,0.0,0.0,0.0,0.0,0.0,0.0,0.0,0.0,0.0,0.0,0.0,0,0,0.0,0.0
KPQZUUQMTUIKBP,trichomoniasis,0,93.0,0.0,0.0,0.0,0.0,0.0,0.0,0.0,0.0,0.0,0.0,0.0,0.0,0.0,0.0,0.0,0.0,0.0,0,0,0.0,0.0
KIHYPELVXPAIDH,multiple sclerosis,0,72.0,0.0,0.0,0.0,0.0,0.0,0.0,0.0,0.0,0.0,0.0,0.0,0.0,0.9914416928427081,0.9914416928427081,0.18971314188267613,0.18971314188267613,0.9914416928427081,1,1,0.0,0.0
MFFMDFFZMYYVKS,Type 2 Diabetes,0,55.0,0.0,0.0,0.0,0.0,0.5511044663048749,0.5511044663048749,0.0,0.0,0.0,0.0,0.0,0.0,0.9981950138708703,0.9981950138708703,0.954188839355206,0.954188839355206,0.9981950138708703,1,1,-4.539473684210527,0.01805503837810929
TTZHDVOVKQGIBA,hepatitis C virus infection,0,96.0,0.0,0.0,0.0,0.0,0.0,0.0,0.0,0.0,0.0,0.0,0.0,0.0,0.0,0.0,0.0,0.0,0.0,0,0,14.472972972972968,0.0
FKENQMMABCRJMK,bacterial pneumonia,0,74.0,0.0,0.0,0.0,0.0,0.0,0.0,0.0,0.0,0.0,0.0,0.0,0.0,0.0,0.0,0.0,0.0,0.0,0,0,-8.333333333333329,0.0
ZISJNXNHJRQYJO,plaque psoriasis,0,72.0,0.0,0.0,0.0,0.0,0.0,0.0,0.0,0.0,0.0,0.0,0.0,0.0,0.0,0.0,0.0,0.0,0.0,0,0,7.5,0.0
ZISJNXNHJRQYJO,plaque psoriasis,0,72.0,0.0,0.0,0.0,0.0,0.0,0.0,0.0,0.0,0.0,0.0,0.0,0.0,0.0,0.0,0.0,0.0,0.0,0,0,7.5,0.0
QCGUSIANLFXSGE,skin and soft tissue bacterial infection,0,88.0,0.0,0.0,0.0,0.0,0.0,0.0,0.0,0.0,0.0,0.0,0.0,0.0,0.0,0.0,0.0,0.0,0.0,0,0,0.0,0.0
RMMXLENWKUUMAY,Hypercholesterolemia; Hypertension,0,45.0,0.0,0.0,0.0,0.0,0.0,0.0,0.0,0.0,0.0,0.0,0.0,0.0,0.42555155832813474,0.42555155832813474,0.1764126216548331,0.1764126216548331,0.42555155832813474,1,1,0.0,0.0
MUMGGOZAMZWBJJ,hip fracture,1,32.0,0.0,0.0,0.0,0.0,0.0,0.0,0.0,0.0,0.0,0.0,0.0,0.0,0.5530481561605719,0.5530481561605719,0.0,0.0,0.5530481561605719,1,1,2.0,0.27652407808028595
GYDJEQRTZSCIOI,Intrapartum - Moderate and Severe Anaemia,1,67.0,0.0,0.0,0.0,0.0,0.0,0.0,0.0,0.0,0.0,0.0,0.0,0.0,0.0,0.0,0.0,0.0,0.0,0,0,0.0,0.0
MFBCDACCJCDGBA,acne vulgaris,0,70.0,0.0,0.0,0.0,0.0,0.0,0.0,0.0,0.0,0.0,0.0,0.0,0.0,0.0,0.0,0.0,0.0,0.0,0,0,4.200000000000003,0.0
WYQFJHHDOKWSHR,giant cell arteritis,0,73.0,0.0,0.0,0.0,0.0,0.0,0.0,0.0,0.0,0.0,0.0,0.0,0.0,0.0,0.0,0.0,0.0,0.0,0,0,0.0,0.0
WYQFJHHDOKWSHR,spondyloarthritis,0,62.0,0.0,0.0,0.0,0.0,0.0,0.0,0.0,0.0,0.0,0.0,0.0,0.0,0.0,0.0,0.0,0.0,0.0,0,0,0.0,0.0
GEJDGVNQKABXKG,"Chorea, Huntington",0,60.0,0.0,0.0,0.0,0.0,0.0,0.0,0.0,0.0,0.0,0.0,0.0,0.0,0.0,0.0,0.0,0.0,0.0,0,0,0.0,0.0
WPVFJKSGQUFQAP,Transplantation Infection; Cytomegalovirus Infections,0,90.0,0.0,0.0,0.0,0.0,0.0,0.0,0.0,0.0,0.0,0.0,0.0,0.0,0.0,0.0,0.0,0.0,0.0,0,0,-1.0,0.0
MYPYJXKWCTUITO,Clostridium Difficile Infection,0,90.0,0.0,0.0,0.0,0.0,0.0,0.0,0.0,0.0,0.0,0.0,0.0,0.0,0.0,0.0,0.0,0.0,0.0,0,0,0.0,0.0
DJXRIQMCROIRCZ,overactive bladder,0,63.0,0.0,0.0,0.0,0.0,0.0,0.0,0.0,0.0,0.0,0.0,0.0,0.0,0.9856722294271968,0.9856722294271968,0.7992241844736909,0.7992241844736909,0.9856722294271968,1,1,-2.1666666666666714,-0.003681717539597895
DJXRIQMCROIRCZ,overactive bladder,0,63.0,0.0,0.0,0.0,0.0,0.0,0.0,0.0,0.0,0.0,0.0,0.0,0.0,0.9856722294271968,0.9856722294271968,0.7992241844736909,0.7992241844736909,0.9856722294271968,1,1,-2.1666666666666714,-0.003681717539597895
OBWASQILIWPZMG,Type1 Diabetes Mellitus,0,40.0,0.0,0.0,0.0,0.0,0.0,0.0,0.0,0.0,0.0,0.0,0.0,0.0,0.0,0.0,0.04863446380892969,0.04863446380892969,0.04863446380892969,1,1,0.0,0.0
PPSNFPASKFYPMN,hot flashes,0,83.0,0.0,0.0,0.0,0.0,0.0,0.0,0.0,0.0,0.0,0.0,0.0,0.0,0.0,0.0,0.0,0.0,0.0,0,0,0.0,0.0
PPSNFPASKFYPMN,hot flashes,0,83.0,0.0,0.0,0.0,0.0,0.0,0.0,0.0,0.0,0.0,0.0,0.0,0.0,0.0,0.0,0.0,0.0,0.0,0,0,0.0,0.0
XUFXOAAUWZOOIT,"Diabetes Mellitus, Type 2",0,42.0,0.0,0.0,0.0,0.0,0.0,0.0,0.0,0.0,0.0,0.0,0.0,0.0,0.9880932907421601,0.986222766227229,0.13249220962677485,0.08895344111539967,0.9880932907421601,2,1,-19.272727272727273,-0.009258498003340221
RZVAJINKPMORJF,Low Back Pain,0,25.0,0.0,0.0,0.0,0.0,0.0,0.0,0.0,0.0,0.0,0.0,0.0,0.0,0.6836084480054001,0.6632762508991789,0.4356212565119072,0.1340058174399757,0.6836084480054001,4,1,-5.666666666666668,1.1102230246251565e-16
RZVAJINKPMORJF,Nephrolithiasis,0,8.0,0.6484442135906003,0.16211105339765008,0.0,0.0,0.0,0.0,0.0,0.0,0.0,0.0,0.0,0.0,0.5792229543910723,0.5023872563596036,0.08814996565368506,0.037995674850726316,0.6484442135906003,4,1,0.0,0.0
OIRDTQYFTABQOQ,supraventricular tachycardia,0,88.0,0.0,0.0,0.0,0.0,0.0,0.0,0.0,0.0,0.0,0.0,0.0,0.0,0.0,0.0,0.0,0.0,0.0,0,0,0.0,0.0
HXHWSAZORRCQMX,acute malnutrition,0,25.0,0.0,0.0,0.0,0.0,0.0,0.0,0.0,0.0,0.0,0.0,0.0,0.0,0.0,0.0,0.0,0.0,0.0,0,0,0.0,0.0
STUWGJZDJHPWGZ,Breast Cancer,0,70.0,0.9071977813459119,0.9071977813459119,0.4875604996845201,0.4875604996845201,0.0,0.0,0.8253561331837682,0.8253561331837682,0.0,0.0,0.9483306179890979,0.9483306179890979,0.9425313169413648,0.9425313169413648,0.9939466361968845,0.9939466361968845,0.9939466361968845,1,1,12.524999999999999,0.24841259615871425
OUJTZYPIHDYQMC,pulmonary arterial hypertension,0,80.0,0.0,0.0,0.0,0.0,0.0,0.0,0.0,0.0,0.0,0.0,0.0,0.0,0.9887985627672249,0.9887915906912348,0.4125644371854152,0.4102810461091848,0.9887985627672249,2,1,9.200000000000003,0.19784983491965258
XSDQTOBWRPYKKA,essential hypertension,0,45.0,0.0,0.0,0.0,0.0,0.0,0.0,0.0,0.0,0.0,0.0,0.0,0.0,0.0,0.0,0.0,0.0,0.0,0,0,-24.75,-0.6898075864970442
QNZCBYKSOIHPEH,"Intracranial Hemorrhages; Intracranial Hemorrhage, Hypertensive; Subarachnoid Hemorrhage; Subdural Hematoma; Intraventricular Hemorrhage; Atrial Fibrillation; Atrial Flutter; Small Vessel Cerebrovascular Disease; Microhaemorrhage",0,42.0,0.0,0.0,0.0,0.0,0.0,0.0,0.0,0.0,0.0,0.0,0.0,0.0,0.0,0.0,0.22630215874514223,0.22630215874514223,0.22630215874514223,1,1,5.200000000000003,0.09052086349805691
QNZCBYKSOIHPEH,Left Ventricular Thrombus,0,80.0,0.0,0.0,0.0,0.0,0.0,0.0,0.0,0.0,0.0,0.0,0.0,0.0,0.0,0.0,0.0,0.0,0.0,0,0,0.0,0.0
IMOZEMNVLZVGJZ,psoriasis,0,58.0,0.28493107317865624,0.07123276829466406,0.0,0.0,0.0,0.0,0.0,0.0,0.05057172662373052,0.021329687395125745,0.0,0.0,0.9824080292539396,0.9824080292539396,0.3483825219689976,0.17934138438356592,0.9824080292539396,4,1,0.0,0.0
IMOZEMNVLZVGJZ,psoriasis,0,58.0,0.28493107317865624,0.07123276829466406,0.0,0.0,0.0,0.0,0.0,0.0,0.05057172662373052,0.021329687395125745,0.0,0.0,0.9824080292539396,0.9824080292539396,0.3483825219689976,0.17934138438356592,0.9824080292539396,4,1,0.0,0.0
SGEIEGAXKLMUIZ,amyotrophic lateral sclerosis,1,32.0,0.0,0.0,0.0,0.0,0.0,0.0,0.0,0.0,0.0,0.0,0.0,0.0,0.0,0.0,0.0,0.0,0.0,0,0,0.0,0.0
QIVUCLWGARAQIO,episodic migraine,0,75.0,0.0,0.0,0.0,0.0,0.0,0.0,0.0,0.0,0.0,0.0,0.0,0.0,0.0,0.0,0.0,0.0,0.0,0,0,0.0,0.0
QIVUCLWGARAQIO,episodic migraine,0,75.0,0.0,0.0,0.0,0.0,0.0,0.0,0.0,0.0,0.0,0.0,0.0,0.0,0.0,0.0,0.0,0.0,0.0,0,0,0.0,0.0
XUKUURHRXDUEBC,Hypercholesterolaemia,0,92.0,0.0,0.0,0.0,0.0,0.0,0.0,0.0,0.0,0.0,0.0,0.0,0.0,0.0,0.0,0.0,0.0,0.0,0,0,0.0,0.0
RKUNBYITZUJHSG,Myopia,0,58.0,0.0,0.0,0.0,0.0,0.0,0.0,0.0,0.0,0.0,0.0,0.0,0.0,0.0,0.0,0.0,0.0,0.0,0,0,0.0,0.0
LMEKQMALGUDUQG,Eosinophilic Granulomatosis With Polyangiitis,0,55.0,0.0,0.0,0.0,0.0,0.0,0.0,0.0,0.0,0.0,0.0,0.0,0.0,0.0,0.0,0.0,0.0,0.0,0,0,0.0,0.0
XUZMWHLSFXCVMG,Atopic Dermatitis,0,73.0,0.0,0.0,0.0,0.0,0.0,0.0,0.0,0.0,0.0,0.0,0.0,0.0,0.0,0.0,0.0,0.0,0.0,0,0,4.0,0.0
XUZMWHLSFXCVMG,Atopic Dermatitis,0,73.0,0.0,0.0,0.0,0.0,0.0,0.0,0.0,0.0,0.0,0.0,0.0,0.0,0.0,0.0,0.0,0.0,0.0,0,0,4.0,0.0
XUZMWHLSFXCVMG,Atopic Dermatitis,0,73.0,0.0,0.0,0.0,0.0,0.0,0.0,0.0,0.0,0.0,0.0,0.0,0.0,0.0,0.0,0.0,0.0,0.0,0,0,4.0,0.0
XUZMWHLSFXCVMG,Systemic Lupus Erythematosus,1,60.0,0.5186108717538456,0.2593054358769228,0.0,0.0,0.2541150734016576,0.1270575367008288,0.0,0.0,0.02146220416930593,0.010731102084652965,0.0,0.0,0.586453212753675,0.5845448007620753,0.7524105622018317,0.5828379180043713,0.7524105622018317,2,1,-0.6666666666666643,0.0
XUZMWHLSFXCVMG,Atopic Dermatitis,0,73.0,0.0,0.0,0.0,0.0,0.0,0.0,0.0,0.0,0.0,0.0,0.0,0.0,0.0,0.0,0.0,0.0,0.0,0,0,4.0,0.0
XUZMWHLSFXCVMG,Juvenile Idiopathic Arthritis,0,68.0,0.0,0.0,0.0,0.0,0.4773675266445653,0.23868376332228264,0.0,0.0,0.0,0.0,0.0,0.0,0.825553835027034,0.825553835027034,0.07169400140363973,0.05918309984680595,0.825553835027034,2,1,0.0,0.0
ZKIAIYBUSXZPLP,Major Depressive Disorder,1,38.0,0.8596325137173666,0.46892341052260855,0.0,0.0,0.8033968449665265,0.6873280514617485,0.0,0.0,0.0,0.0,0.0,0.0,0.9971757307208892,0.9950650062502904,0.5891329294934124,0.5160127198239426,0.9971757307208892,3,1,-10.139534883720927,0.0023478414080478904
ZKIAIYBUSXZPLP,Alzheimer disease,0,18.0,0.0,0.0,0.0,0.0,0.0,0.0,0.0,0.0,0.04915908200446048,0.016386360668153493,0.0,0.0,0.8514421029563303,0.7861286152932075,0.7485638044352594,0.4644314534690837,0.8514421029563303,3,1,0.0,0.0
ZKIAIYBUSXZPLP,Alzheimer's disease biomarker measurement,0,8.0,0.0,0.0,0.0,0.0,0.0,0.0,0.0,0.0,0.0,0.0,0.0,0.0,0.0,0.0,0.0,0.0,0.0,0,0,0.0,0.0
ZKIAIYBUSXZPLP,Alzheimer disease,0,18.0,0.0,0.0,0.0,0.0,0.0,0.0,0.0,0.0,0.04915908200446048,0.016386360668153493,0.0,0.0,0.8514421029563303,0.7861286152932075,0.7485638044352594,0.4644314534690837,0.8514421029563303,3,1,0.0,0.0
ZKIAIYBUSXZPLP,Major Depressive Disorder,0,38.0,0.8596325137173666,0.46892341052260855,0.0,0.0,0.8033968449665265,0.6873280514617485,0.0,0.0,0.0,0.0,0.0,0.0,0.9971757307208892,0.9950650062502904,0.5891329294934124,0.5160127198239426,0.9971757307208892,3,1,-10.139534883720927,0.0023478414080478904
GAGWJHPBXLXJQN,Gastric Neoplasms; Gastroesophageal Junction Adenocarcinoma,0,58.0,0.0,0.0,0.0,0.0,0.0,0.0,0.0,0.0,0.0,0.0,0.0,0.0,0.9732935777526012,0.9732935777526012,0.6865452789148456,0.6865452789148456,0.9732935777526012,1,1,0.0,0.0
GAGWJHPBXLXJQN,Gastric Cancer,0,58.0,0.0,0.0,0.0,0.0,0.0,0.0,0.0,0.0,0.0,0.0,0.0,0.0,0.8793337821767572,0.8793337821767572,0.6865366626902423,0.6865366626902423,0.8793337821767572,1,1,-4.0,-0.01559400876673489
GAGWJHPBXLXJQN,Junction Carcinoma,0,57.0,0.0,0.0,0.0,0.0,0.0,0.0,0.0,0.0,0.0,0.0,0.0,0.0,0.0,0.0,0.0,0.0,0.0,0,0,0.0,0.0
KPWSJANDNDDRMB,bipolar I disorder,1,60.0,0.0,0.0,0.0,0.0,0.0,0.0,0.0,0.0,0.0,0.0,0.0,0.0,0.9865482432417526,0.9721884872208295,0.09558023095782708,0.05690907744308786,0.9865482432417526,2,1,5.5,0.0
KPWSJANDNDDRMB,Major Depressive Disorder,0,38.0,0.8596325137173666,0.4298162568586833,0.0,0.0,0.6751831420974066,0.5945031261193743,0.0,0.0,0.0,0.0,0.0,0.0,0.9940285518421067,0.9853502868068297,0.508995189072585,0.4700723199354939,0.9940285518421067,2,1,-10.139534883720927,-0.0007993374707345735
KPWSJANDNDDRMB,Major Depressive Disorder,0,38.0,0.8596325137173666,0.4298162568586833,0.0,0.0,0.6751831420974066,0.5945031261193743,0.0,0.0,0.0,0.0,0.0,0.0,0.9940285518421067,0.9853502868068297,0.508995189072585,0.4700723199354939,0.9940285518421067,2,1,-10.139534883720927,-0.0007993374707345735
GFHAXPJGXSQLPT,combined generalized and focal epilepsy,0,68.0,0.0,0.0,0.0,0.0,0.0,0.0,0.0,0.0,0.0,0.0,0.0,0.0,0.0,0.0,0.0,0.0,0.0,0,0,0.0,0.0
QYSXJUFSXHHAJI,drug-resistant epilepsy,1,18.0,0.0,0.0,0.0,0.0,0.0,0.0,0.0,0.0,0.0,0.0,0.0,0.0,0.0,0.0,0.0,0.0,0.0,0,0,0.0,0.0
QYSXJUFSXHHAJI,vitamin D deficiency,0,95.0,0.0,0.0,0.0,0.0,0.0,0.0,0.0,0.0,0.0,0.0,0.0,0.0,0.0,0.0,0.0,0.0,0.0,0,0,0.0,0.0
VDHAWDNDOKGFTD,Secondary Hyperparathyroidism; Chronic Kidney Disease,0,85.0,0.0,0.0,0.0,0.0,0.0,0.0,0.0,0.0,0.0,0.0,0.0,0.0,0.9732027998911369,0.9732027998911369,0.18277285104955376,0.18277285104955376,0.9732027998911369,1,1,0.0,0.0
MYSWGUAQZAJSOK,Uncomplicated Urinary Tract Infection,0,89.0,0.0,0.0,0.0,0.0,0.0,0.0,0.0,0.0,0.0,0.0,0.0,0.0,0.0,0.0,0.0,0.0,0.0,0,0,0.0,0.0
GJSURZIOUXUGAL,critical illness,1,28.0,0.0,0.0,0.0,0.0,0.0,0.0,0.0,0.0,0.0,0.0,0.0,0.0,0.0,0.0,0.0,0.0,0.0,0,0,0.0,0.0
GKTWGGQPFAXNFI,Acute Coronary Syndrome,0,87.0,0.0,0.0,0.0,0.0,0.0,0.0,0.0,0.0,0.0,0.0,0.0,0.0,0.9970589630875856,0.9970589630875856,0.19068552407289788,0.19068552407289788,0.9970589630875856,1,1,16.0,0.1507773288085874
IAKHMKGGTNLKSZ,ST Elevation Myocardial Infarction,1,43.0,0.0,0.0,0.0,0.0,0.0,0.0,0.0,0.0,0.0,0.0,0.0,0.0,0.43315069329828,0.4331506932982798,0.0,0.0,0.43315069329828,15,1,4.0,0.0037995674850726524
IAKHMKGGTNLKSZ,atrial fibrillation,1,40.0,0.0,0.0,0.0,0.0,0.0,0.0,0.0,0.0,0.0,0.0,0.0,0.0,0.6569243132652057,0.6569243132652057,0.07295169571339452,0.011955972353028548,0.6569243132652057,15,1,-11.142857142857146,-0.06878688474508221
JURKNVYFZMSNLP,Musculoskeletal Pain,0,48.0,0.0,0.0,0.0,0.0,0.0,0.0,0.0,0.0,0.0,0.0,0.0,0.0,0.0,0.0,0.0,0.0,0.0,0,0,0.0,0.0
UHDGCWIWMRVCDJ,Acute Myeloid Leukemia,0,84.0,0.0,0.0,0.0,0.0,0.3504113117433384,0.03185557379484894,0.0,0.0,0.02700429641134989,0.0024549360373954444,0.4559480982087158,0.08289965421976651,0.9714001615556841,0.971400161555684,0.15856861637703118,0.047951581384246114,0.9714001615556841,11,1,21.81818181818182,0.07131934661405581
JVHXJTBJCFBINQ,Heart Failure With Preserved Ejection Fraction,0,58.0,0.0,0.0,0.0,0.0,0.0,0.0,0.0,0.0,0.0,0.0,0.0,0.0,0.0,0.0,0.0,0.0,0.0,0,0,10.5,0.0
DOAKLVKFURWEDJ,Staphylococcus Aureus Bacteremia,0,89.0,0.0,0.0,0.0,0.0,0.0,0.0,0.0,0.0,0.0,0.0,0.0,0.0,0.0,0.0,0.0,0.0,0.0,0,0,0.0,0.0
NBGABHGMJVIVBW,insomnia,0,72.0,0.0,0.0,0.0,0.0,0.0,0.0,0.0,0.0,0.0,0.0,0.0,0.0,0.9762224837568165,0.9761712995999867,0.17762415247386154,0.12586356755337758,0.9762224837568165,2,1,4.75,-0.0032935483305970292
UREBDLICKHMUKA,Tuberculosis; Tuberculous Meningitis; Drug-Induced Liver Injury,0,60.0,0.0,0.0,0.0,0.0,0.0,0.0,0.0,0.0,0.0,0.0,0.0,0.0,0.9685425612365774,0.9685425612365774,0.08377458734764673,0.08377458734764673,0.9685425612365774,1,1,0.0,0.0
UREBDLICKHMUKA,Cesarean Section Complications,0,28.0,0.0,0.0,0.0,0.0,0.0,0.0,0.0,0.0,0.0,0.0,0.0,0.0,0.0,0.0,0.0,0.0,0.0,0,0,0.0,0.0
UREBDLICKHMUKA,Hand Wound; Wrist Wound; Forearm Wound; Hand Fracture; Wrist Fracture; Forearm Fracture,0,22.0,0.0,0.0,0.0,0.0,0.0,0.0,0.0,0.0,0.0,0.0,0.0,0.0,0.0,0.0,0.0,0.0,0.0,0,0,0.0,0.0
UREBDLICKHMUKA,Hypersensitivity Reactions,0,70.0,0.0,0.0,0.0,0.0,0.0,0.0,0.0,0.0,0.0,0.0,0.0,0.0,0.0,0.0,0.0,0.0,0.0,0,0,0.0,0.0
LTMHDMANZUZIPE,Atrial Fibrillation; Heart Diseases,0,38.0,0.19689054938209152,0.03373297941162475,0.0,0.0,0.0,0.0,0.0,0.0,0.0,0.0,0.0,0.0,0.9766238097919714,0.9766238097919714,0.030396539880581056,0.005319394479101685,0.9766238097919714,8,1,0.0,0.0
XEYBRNLFEZDVAW,uterine fibroids,0,12.0,0.0,0.0,0.0,0.0,0.0,0.0,0.0,0.0,0.0,0.0,0.0,0.0,0.0,0.0,0.0,0.0,0.0,0,0,-3.75,0.0
RHWKPHLQXYSBKR,HIV infection,0,92.0,0.0,0.0,0.0,0.0,0.0,0.0,0.0,0.0,0.0,0.0,0.0,0.0,0.0,0.0,0.0,0.0,0.0,0,0,20.058823529411768,-0.07569723439911848
RHWKPHLQXYSBKR,HIV-1 infection,0,92.0,0.0,0.0,0.0,0.0,0.0,0.0,0.0,0.0,0.0,0.0,0.0,0.0,0.0,0.0,0.0,0.0,0.0,0,0,2.714285714285708,0.0
HGVDHZBSSITLCT,"Intracranial Hemorrhages; Intracranial Hemorrhage, Hypertensive; Subarachnoid Hemorrhage; Subdural Hematoma; Intraventricular Hemorrhage; Atrial Fibrillation; Atrial Flutter; Small Vessel Cerebrovascular Disease; Microhaemorrhage",0,42.0,0.0,0.0,0.0,0.0,0.0,0.0,0.0,0.0,0.0,0.0,0.0,0.0,0.0,0.0,0.22630215874514223,0.22630215874514223,0.22630215874514223,1,1,5.200000000000003,0.09052086349805691
HGVDHZBSSITLCT,Cardiac Disease,0,51.0,0.0,0.0,0.0,0.0,0.0,0.0,0.0,0.0,0.0,0.0,0.0,0.0,0.0,0.0,0.0,0.0,0.0,0,0,0.0,0.0
XDXWLKQMMKQXPV,Thrombocytopenia,0,82.0,0.7411183031883671,0.7411183031883671,0.0,0.0,0.7664308697918847,0.7664308697918847,0.0,0.0,0.0,0.0,0.0,0.0,0.9802226462627681,0.9802226462627681,0.3935016433313525,0.3935016433313525,0.9802226462627681,1,1,35.0,0.27733554396731663
OBWASQILIWPZMG,Heart Failure,1,62.0,0.0,0.0,0.0,0.0,0.0,0.0,0.0,0.0,0.0,0.0,0.0,0.0,0.9894231864764209,0.9894231864764209,0.9578200471076443,0.9578200471076443,0.9894231864764209,1,1,3.1111111111111143,0.049969115050315205
OBWASQILIWPZMG,Diabetes,0,74.0,0.0,0.0,0.0,0.0,0.0,0.0,0.0,0.0,0.0,0.0,0.0,0.0,0.0,0.0,0.0,0.0,0.0,0,0,12.266666666666666,0.0
OBWASQILIWPZMG,Heart Failure,1,62.0,0.0,0.0,0.0,0.0,0.0,0.0,0.0,0.0,0.0,0.0,0.0,0.0,0.9894231864764209,0.9894231864764209,0.9578200471076443,0.9578200471076443,0.9894231864764209,1,1,3.1111111111111143,0.049969115050315205
OBWASQILIWPZMG,Heart Failure,1,62.0,0.0,0.0,0.0,0.0,0.0,0.0,0.0,0.0,0.0,0.0,0.0,0.0,0.9894231864764209,0.9894231864764209,0.9578200471076443,0.9578200471076443,0.9894231864764209,1,1,3.1111111111111143,0.049969115050315205
SYTBZMRGLBWNTM,Osteoarthritis,0,38.0,0.0,0.0,0.0,0.0,0.0,0.0,0.0,0.0,0.04398940613060317,0.021994703065301584,0.0,0.0,0.9992920723058388,0.9991810606054665,0.39550523801329834,0.28001785857941397,0.9992920723058388,2,1,-1.6923076923076934,0.15727765034502972
RTHCYVBBDHJXIQ,Major Depressive Disorder,0,58.0,0.0,0.0,0.0,0.0,0.663267698464219,0.663267698464219,0.0,0.0,0.0,0.0,0.0,0.0,0.9994065355213364,0.9994065355213364,0.8034560660154578,0.8034560660154578,0.9994065355213364,1,1,9.860465116279073,0.00457864620849513
WMWTYOKRWGGJOA,nasal polyps,0,68.0,0.0,0.0,0.0,0.0,0.0,0.0,0.0,0.0,0.0,0.0,0.0,0.0,0.0,0.0,0.3816342675403953,0.3816342675403953,0.3816342675403953,1,1,0.0,-5.551115123125783e-17
VWUXBMIQPBEWFH,Breast Cancer,0,80.0,0.7362363711407216,0.7362363711407216,0.0,0.0,0.2784930983858836,0.2784930983858836,0.8492097570461924,0.8492097570461924,0.0,0.0,0.8496114818642673,0.8496114818642673,0.9932371323482767,0.9932371323482767,0.9993172641092537,0.9993172641092537,0.9993172641092537,1,1,22.525,0.25378322407108345
ZZUFCTLCJUWOSV,heart failure,0,52.0,0.0,0.0,0.0,0.0,0.0,0.0,0.0,0.0,0.0,0.0,0.0,0.0,0.9952569822332833,0.9952569822332833,0.11088033130678557,0.11088033130678557,0.9952569822332833,1,1,13.0,0.04279400554757329
HLWURFKMDLAKOD,chronic cough,0,65.0,0.0,0.0,0.0,0.0,0.0,0.0,0.0,0.0,0.0,0.0,0.0,0.0,0.0,0.0,0.0,0.0,0.0,0,0,0.0,0.0
HLWURFKMDLAKOD,chronic cough,0,65.0,0.0,0.0,0.0,0.0,0.0,0.0,0.0,0.0,0.0,0.0,0.0,0.0,0.0,0.0,0.0,0.0,0.0,0,0,0.0,0.0
SDUQYLNIPVEERB,Metastatic Pancreas Cancer; Locally Advanced Pancreatic Cancer; Pancreatic Adenocarcinoma,0,60.0,0.0,0.0,0.0,0.0,0.0,0.0,0.0,0.0,0.0,0.0,0.0,0.0,0.0,0.0,0.0,0.0,0.0,0,0,0.0,0.0
SDUQYLNIPVEERB,Pancreas Adenocarcinoma,0,60.0,0.0,0.0,0.0,0.0,0.0,0.0,0.0,0.0,0.0,0.0,0.0,0.0,0.0,0.0,0.0,0.0,0.0,0,0,0.0,0.0
SDUQYLNIPVEERB,NSCLC,0,52.0,0.0,0.0,0.0,0.0,0.0,0.0,0.0,0.0,0.0,0.0,0.0,0.0,0.0,0.0,0.0,0.0,0.0,0,0,-4.75,0.0
MFWNKCLOYSRHCJ,"Vomiting, Postoperative; Postoperative Complications; Hypotension",0,50.0,0.0,0.0,0.0,0.0,0.0,0.0,0.0,0.0,0.0,0.0,0.0,0.0,0.9929196104576826,0.9929196104576826,0.0,0.0,0.9929196104576826,1,1,-10.0,0.0
JYGXADMDTFJGBT,Sepsis,0,45.0,0.0,0.0,0.0,0.0,0.0,0.0,0.0,0.0,0.0,0.0,0.0,0.0,0.6416434274627397,0.6416434274627397,0.4250434649930695,0.4250434649930695,0.6416434274627397,1,1,-11.75,0.2420518951802646
WVLOADHCBXTIJK,Severe Cancer,0,48.0,0.0,0.0,0.0,0.0,0.0,0.0,0.0,0.0,0.0,0.0,0.0,0.0,0.0,0.0,0.0,0.0,0.0,0,0,0.0,0.0
XYFPWWZEPKGCCK,Graft vs Host Disease,0,64.0,0.0,0.0,0.0,0.0,0.0,0.0,0.0,0.0,0.0,0.0,0.0,0.0,0.6222417547863234,0.6222417547863234,0.2839880150498375,0.2839880150498375,0.6222417547863234,1,1,0.0,0.0
HEFNNWSXXWATRW,"Outpatient Surgery; Pain, Postoperative",0,65.0,0.0,0.0,0.0,0.0,0.0,0.0,0.0,0.0,0.0,0.0,0.0,0.0,0.0,0.0,0.0,0.0,0.0,0,0,0.0,0.0
HEFNNWSXXWATRW,Acute Musculoskeletal Disease; Sprains; Sprains and Strains; Injuries; Emergencies; Trauma; Acute Pain,0,72.0,0.0,0.0,0.0,0.0,0.37562524157428034,0.3507684710869352,0.0,0.0,0.0,0.0,0.0,0.0,0.6348529714203083,0.6348529714203083,0.9088141964768335,0.5950702756830784,0.9088141964768335,2,1,0.0,0.0
YQEZLKZALYSWHR,Sore Throat,0,38.0,0.0,0.0,0.0,0.0,0.0,0.0,0.0,0.0,0.0,0.0,0.0,0.0,0.0,0.0,0.0,0.0,0.0,0,0,-1.3333333333333357,0.0
DKYWVDODHFEZIM,Acute Traumatic Pain,0,66.0,0.0,0.0,0.0,0.0,0.0,0.0,0.0,0.0,0.0,0.0,0.0,0.0,0.0,0.0,0.0,0.0,0.0,0,0,0.0,0.0
OZWKMVRBQXNZKK,pain,0,64.0,0.0,0.0,0.0,0.0,0.0,0.0,0.0,0.0,0.0,0.0,0.0,0.0,0.9995731537430043,0.9995540689241746,0.14491866369298037,0.08073394548064836,0.9995731537430043,2,1,5.875,0.08698934862970276
JTEGQNOMFQHVDC,HIV-1 infection,0,87.0,0.0,0.0,0.0,0.0,0.0,0.0,0.0,0.0,0.0,0.0,0.0,0.0,0.0,0.0,0.0,0.0,0.0,0,0,-2.285714285714292,0.0
WOSKHXYHFSIKNG,Advanced Endometrial Cancer,0,54.0,0.0,0.0,0.0,0.0,0.0,0.0,0.607930797611621,0.20264359920387368,0.0,0.0,0.7915765593901316,0.6550735793708555,0.4953088391062797,0.21576384616972832,0.22699699325814102,0.12449693636133574,0.7915765593901316,3,1,0.0,0.0
FWYSMLBETOMXAG,CMV Disease,0,86.0,0.0,0.0,0.0,0.0,0.0,0.0,0.0,0.0,0.0,0.0,0.0,0.0,0.0,0.0,0.0,0.0,0.0,0,0,0.0,0.0
HPJKCIUCZWXJDR,Subfertility,0,68.0,0.0,0.0,0.0,0.0,0.0,0.0,0.0,0.0,0.0,0.0,0.0,0.0,0.0,0.0,0.0,0.0,0.0,0,0,0.0,0.0
HPJKCIUCZWXJDR,Breast Cancer,0,80.0,0.0,0.0,0.0,0.0,0.0,0.0,0.0,0.0,0.0,0.0,0.0,0.0,0.9967339872687344,0.9967339872687344,0.9867926212379414,0.9867926212379414,0.9967339872687344,1,1,22.525,0.25119994723056416
VVIAGPKUTFNRDU,Advanced Colorectal Cancer,0,42.0,0.0,0.0,0.0,0.0,0.0,0.0,0.0,0.0,0.0,0.0,0.0,0.0,0.0,0.0,0.0,0.0,0.0,0,0,-14.0,-0.4920939591058608
XUIIKFGFIJCVMT,TSH Control in Patients With Chronic Kidney Disease,0,47.0,0.0,0.0,0.0,0.0,0.0,0.0,0.0,0.0,0.0,0.0,0.0,0.0,0.0,0.0,0.0,0.0,0.0,0,0,0.0,0.0
NNJVILVZKWQKPM,Sore Throat,0,42.0,0.0,0.0,0.0,0.0,0.0,0.0,0.0,0.0,0.0,0.0,0.0,0.0,0.0,0.0,0.0,0.0,0.0,0,0,2.6666666666666643,0.0
LTXREWYXXSTFRX,Diabetes,0,55.0,0.0,0.0,0.0,0.0,0.0,0.0,0.0,0.0,0.0,0.0,0.0,0.0,0.0,0.0,0.0,0.0,0.0,0,0,-6.733333333333334,0.0
TYZROVQLWOKYKF,bacterial pneumonia,0,82.0,0.0,0.0,0.0,0.0,0.0,0.0,0.0,0.0,0.0,0.0,0.0,0.0,0.0,0.0,0.0,0.0,0.0,0,0,-0.3333333333333286,0.0
DHMTURDWPRKSOA,Hepatitis Delta Virus,0,75.0,0.0,0.0,0.0,0.0,0.0,0.0,0.0,0.0,0.0,0.0,0.0,0.0,0.5671711934962055,0.5671711934962055,0.0,0.0,0.5671711934962055,2,1,0.0,0.0
FBPFZTCFMRRESA,"Kidney Transplantation, Mannitol",0,55.0,0.0,0.0,0.0,0.0,0.0,0.0,0.0,0.0,0.0,0.0,0.0,0.0,0.0,0.0,0.0,0.0,0.0,0,0,0.0,0.0
FBPFZTCFMRRESA,asthma,0,22.0,0.0,0.0,0.0,0.0,0.0,0.0,0.0,0.0,0.0,0.0,0.0,0.0,0.0,0.0,0.0,0.0,0.0,0,0,-43.875,-0.9354512977573461
XZWYZXLIPXDOLR,Type 2 Diabetes,0,74.0,0.0,0.0,0.3039653988058105,0.3039653988058105,0.0,0.0,0.0,0.0,0.0,0.0,0.0,0.0,0.9986081372456911,0.9986081372456911,0.17827377545849124,0.17827377545849124,0.9986081372456911,1,1,14.460526315789473,0.01846816175293009
XZWYZXLIPXDOLR,Diabetes,0,75.0,0.0,0.0,0.0,0.0,0.0,0.0,0.0,0.0,0.0,0.0,0.0,0.0,0.0,0.0,0.0,0.0,0.0,0,0,13.266666666666666,0.0
XZWYZXLIPXDOLR,Diabetes Mellitus,0,68.0,0.57753425773104,0.57753425773104,0.3039653988058105,0.3039653988058105,0.0,0.0,0.0,0.0,0.0,0.0,0.0,0.0,0.9987853341886563,0.9987853341886563,0.18074232535853035,0.18074232535853035,0.9987853341886563,1,1,6.666666666666664,0.0347561653522076
NZWOPGCLSHLLPA,asthma,0,18.0,0.0,0.0,0.0,0.0,0.0,0.0,0.0,0.0,0.0,0.0,0.0,0.0,0.9912318349564274,0.9912318349564274,0.1390302448125541,0.1390302448125541,0.9912318349564274,1,1,-47.875,0.05578053719908127
PLBHSZGDDKCEHR,Shoulder Arthritis,0,50.0,0.0,0.0,0.0,0.0,0.0,0.0,0.0,0.0,0.0,0.0,0.0,0.0,0.0,0.0,0.0,0.0,0.0,0,0,0.0,0.0
UQRORFVVSGFNRO,late-onset Pompe disease,0,24.0,0.0,0.0,0.0,0.0,0.0,0.0,0.0,0.0,0.0,0.0,0.0,0.0,0.0,0.0,0.0,0.0,0.0,0,0,0.0,0.0
OJLOPKGSLYJEMD,uterine fibroids,0,17.0,0.0,0.0,0.0,0.0,0.0,0.0,0.0,0.0,0.0,0.0,0.0,0.0,0.0,0.0,0.0,0.0,0.0,0,0,1.25,0.0
NETZHAKZCGBWSS,Mucositis Pain,0,35.0,0.0,0.0,0.0,0.0,0.0,0.0,0.0,0.0,0.0,0.0,0.0,0.0,0.0,0.0,0.0,0.0,0.0,0,0,0.0,0.0
HYIMSNHJOBLJNT,Placenta previa,0,18.0,0.0,0.0,0.0,0.0,0.0,0.0,0.0,0.0,0.0,0.0,0.0,0.0,0.0,0.0,0.0,0.0,0.0,0,0,0.0,0.0
YQNQNVDNTFHQSW,Influenza,1,42.0,0.0,0.0,0.0,0.0,0.0,0.0,0.0,0.0,0.0,0.0,0.0,0.0,0.0,0.0,0.0,0.0,0.0,0,0,-9.0,0.0
YQNQNVDNTFHQSW,Enterovirus; Rhinovirus,1,38.0,0.0,0.0,0.0,0.0,0.0,0.0,0.0,0.0,0.0,0.0,0.0,0.0,0.0,0.0,0.0,0.0,0.0,0,0,0.0,0.0
KVWDHTXUZHCGIO,Breast Cancer,0,12.0,0.0,0.0,0.0,0.0,0.0,0.0,0.0,0.0,0.0,0.0,0.0,0.0,0.0,0.0,0.0,0.0,0.0,0,0,-45.475,-0.7455340400381703
FDLYAMZZIXQODN,Metastatic Breast Cancer,0,72.0,0.0,0.0,0.0,0.0,0.0,0.0,0.0,0.0,0.0,0.0,0.0,0.0,0.9235703585767622,0.9235703585767622,0.9796383234721878,0.5742966388482388,0.9796383234721878,2,1,6.933333333333337,-0.012522305718053572
FDLYAMZZIXQODN,Ovarian Cancer,0,80.0,0.0,0.0,0.0,0.0,0.0,0.0,0.0,0.0,0.0,0.0,0.0,0.0,0.9764449920295507,0.974424221312396,0.9378797457313377,0.36277160888103693,0.9764449920295507,3,1,9.0,0.10568854888560952
FELGMEQIXOGIFQ,IBS - Irritable Bowel Syndrome,1,48.0,0.0,0.0,0.0,0.0,0.0,0.0,0.0,0.0,0.0,0.0,0.0,0.0,0.9437481524172551,0.9437481524172551,0.28704575512854463,0.28704575512854463,0.9437481524172551,1,1,0.0,0.0
XRVDGNKRPOAQTN,Crohn disease,1,64.0,0.0,0.0,0.0,0.0,0.0,0.0,0.0,0.0,0.0,0.0,0.0,0.0,0.0,0.0,0.0,0.0,0.0,0,0,0.0,0.0
RCINICONZNJXQF,Lung Cancer,0,63.0,0.0,0.0,0.0,0.0,0.0,0.0,0.0,0.0,0.0,0.0,0.0,0.0,0.9941983815907179,0.9941983392277063,0.7481489379607551,0.2544792044528911,0.9941983815907179,15,1,5.548387096774192,0.05506378756972907
RCINICONZNJXQF,Breast Cancer,0,73.0,0.0,0.0,0.0,0.0,0.0,0.0,0.0,0.0,0.0,0.0,0.0,0.0,0.9958826872684627,0.9958826606132426,0.7189793669490522,0.3061028748634998,0.9958826872684627,15,1,15.524999999999999,0.2503486472302925
RCINICONZNJXQF,Breast Cancer,0,73.0,0.0,0.0,0.0,0.0,0.0,0.0,0.0,0.0,0.0,0.0,0.0,0.0,0.9958826872684627,0.9958826606132426,0.7189793669490522,0.3061028748634998,0.9958826872684627,15,1,15.524999999999999,0.2503486472302925
RCINICONZNJXQF,Breast Cancer,0,73.0,0.0,0.0,0.0,0.0,0.0,0.0,0.0,0.0,0.0,0.0,0.0,0.0,0.9958826872684627,0.9958826606132426,0.7189793669490522,0.3061028748634998,0.9958826872684627,15,1,15.524999999999999,0.2503486472302925
RCINICONZNJXQF,Advanced Lung Cancer,0,55.0,0.0,0.0,0.0,0.0,0.0,0.0,0.0,0.0,0.1431963198319518,0.00954642132213012,0.0,0.0,0.4993612907582411,0.49936129075824104,0.372104309038113,0.028758504120349738,0.4993612907582411,15,1,0.0,0.0
RCINICONZNJXQF,Primary Peritoneal Cancer,0,58.0,0.0,0.0,0.0,0.0,0.0,0.0,0.0,0.0,0.0,0.0,0.0,0.0,0.0,0.0,0.03647584785669726,0.03647584785669726,0.03647584785669726,1,1,-4.666666666666664,0.008105743968154947
RCINICONZNJXQF,Metastatic Cervical Cancer,0,50.0,0.0,0.0,0.0,0.0,0.0,0.0,0.0,0.0,0.0,0.0,0.0,0.0,0.9566746166724645,0.9566746166724641,0.12969190349047918,0.026439360707238742,0.9566746166724645,15,1,0.0,0.0
RCINICONZNJXQF,Lung Cancer,0,63.0,0.0,0.0,0.0,0.0,0.0,0.0,0.0,0.0,0.0,0.0,0.0,0.0,0.9941983815907179,0.9941983392277063,0.7481489379607551,0.2544792044528911,0.9941983815907179,15,1,5.548387096774192,0.05506378756972907
IQPSEEYGBUAQFF,"Gastrointestinal Hemorrhage (Clinically Important, Upper)",0,64.0,0.0,0.0,0.0,0.0,0.0,0.0,0.0,0.0,0.0,0.0,0.0,0.0,0.6515586912965428,0.6515586912965428,0.17360346256276216,0.17360346256276216,0.6515586912965428,1,1,0.0,0.0
DREIJXJRTLTGJC,Rheumatoid Arthritis,0,76.0,0.9206099686872204,0.49688125496941016,0.0,0.0,0.4085531377482498,0.25682627588933943,0.0,0.0,0.0,0.0,0.0,0.0,0.9916966583306238,0.9903763105270122,0.7819688254142984,0.4874892762149199,0.9916966583306238,4,1,4.574468085106389,0.10284476801620901
WBXPDJSOTKVWSJ,NSCLC,0,66.0,0.0,0.0,0.0,0.0,0.0,0.0,0.0,0.0,0.0,0.0,0.0,0.0,0.0,0.0,0.0,0.0,0.0,0,0,9.25,0.0
WBXPDJSOTKVWSJ,Lung Cancer,0,54.0,0.0,0.0,0.0,0.0,0.0,0.0,0.0,0.0,0.0,0.0,0.0,0.0,0.9895581916859542,0.9890962963046239,0.9569893847275095,0.5283238873652887,0.9895581916859542,3,1,-3.451612903225808,0.05042359766496529
NFBAXHOPROOJAW,"Intracranial Hemorrhages; Intracranial Hemorrhage, Hypertensive; Subarachnoid Hemorrhage; Subdural Hematoma; Intraventricular Hemorrhage; Atrial Fibrillation; Atrial Flutter; Small Vessel Cerebrovascular Disease; Microhaemorrhage",0,40.0,0.0,0.0,0.0,0.0,0.0,0.0,0.0,0.0,0.0,0.0,0.0,0.0,0.0,0.0,0.0,0.0,0.0,0,0,3.200000000000003,-0.13578129524708532
RKEWSXXUOLRFBX,neuropsychiatric symptoms of neurodegenerative disease,0,52.0,0.0,0.0,0.0,0.0,0.0,0.0,0.0,0.0,0.0,0.0,0.0,0.0,0.0,0.0,0.0,0.0,0.0,0,0,0.0,0.0
RKEWSXXUOLRFBX,neuropsychiatric symptoms of neurodegenerative disease,0,52.0,0.0,0.0,0.0,0.0,0.0,0.0,0.0,0.0,0.0,0.0,0.0,0.0,0.0,0.0,0.0,0.0,0.0,0,0,0.0,0.0
WIKYUJGCLQQFNW,Breast Cancer,0,15.0,0.0,0.0,0.0,0.0,0.0,0.0,0.0,0.0,0.0,0.0,0.0,0.0,0.0,0.0,0.0,0.0,0.0,0,0,-42.475,-0.7455340400381703
OLBCVFGFOZPWHH,sedation,0,90.0,0.0,0.0,0.0,0.0,0.0,0.0,0.0,0.0,0.0,0.0,0.0,0.0,0.831446213664533,0.831446213664533,0.0,0.0,0.831446213664533,16,1,2.4000000000000057,-1.1102230246251565e-16
OLBCVFGFOZPWHH,Sedation or Anesthesia,0,94.0,0.0,0.0,0.0,0.0,0.0,0.0,0.0,0.0,0.0,0.0,0.0,0.0,0.0,0.0,0.0,0.0,0.0,0,0,0.0,0.0
OLBCVFGFOZPWHH,sedation,0,90.0,0.0,0.0,0.0,0.0,0.0,0.0,0.0,0.0,0.0,0.0,0.0,0.0,0.831446213664533,0.831446213664533,0.0,0.0,0.831446213664533,16,1,2.4000000000000057,-1.1102230246251565e-16
OLBCVFGFOZPWHH,traumatic brain injury,0,40.0,0.47430482094603166,0.06568238470472942,0.0,0.0,0.0,0.0,0.0,0.0,0.0,0.0,0.0,0.0,0.6701125402942498,0.6701125402942498,0.06079307976116211,0.005699351227608948,0.6701125402942498,16,1,-2.5,0.3350562701471249
CZFFBEXEKNGXKS,HIV-1 infection,0,90.0,0.0,0.0,0.0,0.0,0.0,0.0,0.0,0.0,0.0,0.0,0.0,0.0,0.0,0.0,0.0,0.0,0.0,0,0,0.7142857142857082,0.0
CYHWMBVXXDIZNZ,"Anesthesia, Intravenous",0,91.0,0.0,0.0,0.0,0.0,0.0,0.0,0.0,0.0,0.0,0.0,0.0,0.0,0.0,0.0,0.0,0.0,0.0,0,0,0.0,0.0
RHXHGRAEPCAFML,Breast Cancer,0,80.0,0.0,0.0,0.0,0.0,0.0,0.0,0.3981682350153665,0.19908411750768326,0.0,0.0,0.8699743018321302,0.7524199055856331,0.9857851763693943,0.9857851763693943,0.9824509820474594,0.7876393128887076,0.9857851763693943,2,1,22.525,0.24025113633122408
FTALBRSUTCGOEG,spinocerebellar ataxia type 2,1,20.0,0.0,0.0,0.0,0.0,0.0,0.0,0.0,0.0,0.0,0.0,0.0,0.0,0.0,0.0,0.0,0.0,0.0,0,0,0.0,0.0
KRNAOFGYEFKHPB,migraine,0,80.0,0.0,0.0,0.0,0.0,0.0,0.0,0.0,0.0,0.0,0.0,0.0,0.0,0.0,0.0,0.0,0.0,0.0,0,0,10.0,0.0
KGFYHTZWPPHNLQ,"Intracranial Hemorrhages; Intracranial Hemorrhage, Hypertensive; Subarachnoid Hemorrhage; Subdural Hematoma; Intraventricular Hemorrhage; Atrial Fibrillation; Atrial Flutter; Small Vessel Cerebrovascular Disease; Microhaemorrhage",0,42.0,0.0,0.0,0.0,0.0,0.0,0.0,0.0,0.0,0.0,0.0,0.0,0.0,0.0,0.0,0.22630215874514223,0.22630215874514223,0.22630215874514223,1,1,5.200000000000003,0.09052086349805691
RYMZZMVNJRMUDD,Multiple Sclerosis,0,25.0,0.0,0.0,0.0,0.0,0.0,0.0,0.8055170751528565,0.8055170751528565,0.0,0.0,0.0,0.0,0.6418111671845099,0.6418111671845099,0.17997174602196547,0.17997174602196547,0.8055170751528565,1,1,-32.523809523809526,-0.011172813107731883
LXMSZDCAJNLERA,ST Elevation Myocardial Infarction,1,35.0,0.0,0.0,0.0,0.0,0.0,0.0,0.0,0.0,0.0,0.0,0.0,0.0,0.42555155832813474,0.42555155832813474,0.14353921610274387,0.14353921610274387,0.42555155832813474,1,1,-4.0,-0.003799567485072597
GGCSSNBKKAUURC,Gastrointestinal Surgery,0,72.0,0.0,0.0,0.0,0.0,0.0,0.0,0.0,0.0,0.0,0.0,0.0,0.0,0.0,0.0,0.0,0.0,0.0,0,0,0.0,0.0
LBHLFPGPEGDCJG,malaria,0,84.0,0.0,0.0,0.0,0.0,0.0,0.0,0.0,0.0,0.0,0.0,0.0,0.0,0.0,0.0,0.0,0.0,0.0,0,0,-0.6666666666666714,0.0
NKANXQFJJICGDU,Duchenne Muscular Dystrophy,1,22.0,0.0,0.0,0.0,0.0,0.0,0.0,0.0,0.0,0.0,0.0,0.0,0.0,0.44074982826842524,0.44074982826842524,0.6204040644683958,0.6204040644683958,0.6204040644683958,1,1,-14.200000000000003,-0.09427838775943442
DNHPDWGIXIMXSA,hyperphosphatemia,0,72.0,0.0,0.0,0.0,0.0,0.0,0.0,0.0,0.0,0.0,0.0,0.0,0.0,0.0,0.0,0.0,0.0,0.0,0,0,0.0,0.0
OEKWJQXRCDYSHL,Acute Ischaemic Stroke; Transient Ischaemic Attack,0,60.0,0.0,0.0,0.0,0.0,0.0,0.0,0.0,0.0,0.0,0.0,0.0,0.0,0.682103257387594,0.682103257387594,0.4066089106318993,0.4066089106318993,0.682103257387594,1,1,0.0,0.0
OEKWJQXRCDYSHL,Acute Coronary Syndrome,0,82.0,0.0,0.0,0.0,0.0,0.0,0.0,0.0,0.0,0.0,0.0,0.0,0.0,0.9970589630875856,0.9970589630875856,0.19068552407289788,0.19068552407289788,0.9970589630875856,1,1,11.0,0.1507773288085874
UJLAWZDWDVHWOW,Psoriatic Arthritis,0,75.0,0.0,0.0,0.0,0.0,0.0,0.0,0.0,0.0,0.0,0.0,0.0,0.0,0.8511520743079273,0.8509428538163104,0.24159185910101472,0.15581879750491567,0.8511520743079273,2,1,6.900000000000006,-0.03899690026151437
UJLAWZDWDVHWOW,Ankylosing Spondylitis,0,60.0,0.0,0.0,0.0,0.0,0.0,0.0,0.0,0.0,0.0,0.0,0.0,0.0,0.6284539952887769,0.6284539952887769,0.12690013516562063,0.07104920255295558,0.6284539952887769,2,1,0.0,0.0
GYHCTFXIZSNGJT,Pediatric Congestive Heart Failure (CHF) Patients With Volume Overload,0,38.0,0.0,0.0,0.0,0.0,0.0,0.0,0.0,0.0,0.0,0.0,0.0,0.0,0.0,0.0,0.0,0.0,0.0,0,0,0.0,0.0
UCFGDBYHRUNTLO,Lung Cancer,0,60.0,0.0,0.0,0.0,0.0,0.0,0.0,0.0,0.0,0.0,0.0,0.46068336542901067,0.46068336542901067,0.9755600848786896,0.9755600848786896,0.6886555297945525,0.6886555297945525,0.9755600848786896,1,1,2.548387096774192,0.03642549085770075
NGBFQHCMQULJNZ,heart failure,0,45.0,0.0,0.0,0.0,0.0,0.0,0.0,0.0,0.0,0.0,0.0,0.0,0.0,0.9952569822332833,0.9952569822332833,0.11088033130678557,0.11088033130678557,0.9952569822332833,1,1,6.0,0.04279400554757329
LIRYPHYGHXZJBZ,Malignant Melanoma,0,84.0,0.0,0.0,0.0,0.0,0.0,0.0,0.0,0.0,0.0,0.0,0.0,0.0,0.0,0.0,0.0,0.0,0.0,0,0,0.0,0.0
GYDJEQRTZSCIOI,Post Partum Haemorrhage,0,80.0,0.0,0.0,0.0,0.0,0.0,0.0,0.0,0.0,0.0,0.0,0.0,0.0,0.0,0.0,0.0,0.0,0.0,0,0,0.0,0.0
GYDJEQRTZSCIOI,Obstetrical Complications; Hemorrhage; Labor and Delivery,1,78.0,0.0,0.0,0.0,0.0,0.0,0.0,0.0,0.0,0.0,0.0,0.0,0.0,0.0,0.0,0.0,0.0,0.0,0,0,0.0,0.0
GYDJEQRTZSCIOI,Post Partum Hemorrhage,1,80.0,0.0,0.0,0.0,0.0,0.0,0.0,0.0,0.0,0.0,0.0,0.0,0.0,0.0,0.0,0.0,0.0,0.0,0,0,0.0,0.0
GYDJEQRTZSCIOI,Perioperative Bleeding; Venous Thrombosis; Arterial Thrombosis,0,48.0,0.0,0.0,0.0,0.0,0.0,0.0,0.0,0.0,0.0,0.0,0.0,0.0,0.0,0.0,0.0,0.0,0.0,0,0,0.0,0.0
GYDJEQRTZSCIOI,Post Partum Hemorrhage,0,80.0,0.0,0.0,0.0,0.0,0.0,0.0,0.0,0.0,0.0,0.0,0.0,0.0,0.0,0.0,0.0,0.0,0.0,0,0,0.0,0.0
GYDJEQRTZSCIOI,Tranexamic Acid,0,42.0,0.0,0.0,0.0,0.0,0.0,0.0,0.0,0.0,0.0,0.0,0.0,0.0,0.0,0.0,0.0,0.0,0.0,0,0,0.0,0.0
PHLBKPHSAVXXEF,Insomnia; End Stage Renal Disease,1,30.0,0.5135586285658582,0.2567793142829291,0.0,0.0,0.0,0.0,0.0,0.0,0.0,0.0,0.0,0.0,0.9179120929264036,0.7489635230255155,0.2315241294169919,0.19741504662559498,0.9179120929264036,2,1,0.0,0.0
WYQFJHHDOKWSHR,Rheumatoid Arthritis,0,80.0,0.5291414251952968,0.5291414251952968,0.0,0.0,0.2584313820647001,0.2584313820647001,0.0,0.0,0.0,0.0,0.0,0.0,0.9916966583306238,0.9916966583306238,0.3785285514892235,0.3785285514892235,0.9916966583306238,1,1,8.574468085106389,0.10284476801620901
WYQFJHHDOKWSHR,atopic dermatitis,0,78.0,0.0,0.0,0.0,0.0,0.0,0.0,0.0,0.0,0.0,0.0,0.0,0.0,0.0,0.0,0.0,0.0,0.0,0,0,3.3333333333333286,0.0
WYQFJHHDOKWSHR,atopic dermatitis,0,78.0,0.0,0.0,0.0,0.0,0.0,0.0,0.0,0.0,0.0,0.0,0.0,0.0,0.0,0.0,0.0,0.0,0.0,0,0,3.3333333333333286,0.0
WYQFJHHDOKWSHR,ulcerative colitis,0,75.0,0.0,0.0,0.0,0.0,0.0,0.0,0.0,0.0,0.0,0.0,0.0,0.0,0.8578293284609148,0.8578293284609148,0.24518341500753643,0.24518341500753643,0.8578293284609148,1,1,4.333333333333329,-0.07872319045870213
WYQFJHHDOKWSHR,atopic dermatitis,0,78.0,0.0,0.0,0.0,0.0,0.0,0.0,0.0,0.0,0.0,0.0,0.0,0.0,0.0,0.0,0.0,0.0,0.0,0,0,3.3333333333333286,0.0
DJXRIQMCROIRCZ,overactive bladder,0,63.0,0.0,0.0,0.0,0.0,0.0,0.0,0.0,0.0,0.0,0.0,0.0,0.0,0.9856722294271968,0.9856722294271968,0.7992241844736909,0.7992241844736909,0.9856722294271968,1,1,-2.1666666666666714,-0.003681717539597895
PJVWKTKQMONHTI,"Intracranial Hemorrhages; Intracranial Hemorrhage, Hypertensive; Subarachnoid Hemorrhage; Subdural Hematoma; Intraventricular Hemorrhage; Atrial Fibrillation; Atrial Flutter; Small Vessel Cerebrovascular Disease; Microhaemorrhage",0,18.0,0.0,0.0,0.0,0.0,0.0,0.0,0.0,0.0,0.0,0.0,0.0,0.0,0.0,0.0,0.0,0.0,0.0,0,0,-18.799999999999997,-0.13578129524708532
PJVWKTKQMONHTI,Acute Myocardial Infarction; Left Ventricular Thrombosis; Anticoagulants and Bleeding Disorders,0,74.0,0.0,0.0,0.0,0.0,0.0,0.0,0.0,0.0,0.0,0.0,0.0,0.0,0.0,0.0,0.0,0.0,0.0,0,0,0.0,0.0
RNOAOAWBMHREKO,Chronic Lymphocytic Leukemia,0,86.0,0.0,0.0,0.0,0.0,0.0,0.0,0.607930797611621,0.607930797611621,0.0,0.0,0.607930797611621,0.607930797611621,0.9866191875662546,0.9866191875662546,0.9290050201076685,0.9290050201076685,0.9866191875662546,1,1,-1.0,0.038255701190744396
DWYRIWUZIJHQKQ,GIST,0,88.0,0.0,0.0,0.0,0.0,0.0,0.0,0.0,0.0,0.0,0.0,0.0,0.0,0.0,0.0,0.0,0.0,0.0,0,0,0.0,0.0
GAGWJHPBXLXJQN,Stomach Neoplasms,0,62.0,0.0,0.0,0.0,0.0,0.0,0.0,0.0,0.0,0.0,0.0,0.0,0.0,0.0,0.0,0.0,0.0,0.0,0,0,0.0,0.0
PGTVWKLGGCQMBR,CDKL5 deficiency disorder,0,45.0,0.0,0.0,0.0,0.0,0.0,0.0,0.0,0.0,0.0,0.0,0.0,0.0,0.0,0.0,0.0,0.0,0.0,0,0,0.0,0.0
SFNSLLSYNZWZQG,Acute Myeloid Leukemia,1,42.0,0.0,0.0,0.0,0.0,0.0,0.0,0.0,0.0,0.0,0.0,0.4559480982087158,0.4559480982087158,0.8821004902577024,0.8821004902577024,0.45450001295327364,0.45450001295327364,0.8821004902577024,1,1,-20.18181818181818,-0.017980324683925852
WVLOADHCBXTIJK,pain,0,50.0,0.5236630062353352,0.5236630062353352,0.0,0.0,0.0,0.0,0.0,0.0,0.0,0.0,0.0,0.0,0.9996035856741771,0.9996035856741771,0.14216217234942638,0.14216217234942638,0.9996035856741771,1,1,-8.125,0.08701978056087556
YWXYYJSYQOXTPL,Induction of Labor Affected Fetus / Newborn; Rupture of Membranes Prior to Onset of Labor,0,40.0,0.0,0.0,0.0,0.0,0.0,0.0,0.0,0.0,0.0,0.0,0.0,0.0,0.0,0.0,0.0,0.0,0.0,0,0,0.0,0.0
WOSKHXYHFSIKNG,Advanced Hepatocellular Carcinoma,0,52.0,0.0,0.0,0.0,0.0,0.0,0.0,0.0,0.0,0.0,0.0,0.3039653988058105,0.3039653988058105,0.0,0.0,0.0,0.0,0.3039653988058105,3,1,0.0,0.0
JGCMEBMXRHSZKX,Pulmonary Arterial Hypertension; Chronic Thromboembolic Pulmonary Hypertension,0,75.0,0.0,0.0,0.0,0.0,0.0,0.0,0.0,0.0,0.0,0.0,0.0,0.0,0.9887985627672249,0.9887915906912348,0.4125644371854152,0.4102810461091848,0.9887985627672249,2,1,0.0,0.0
RLCLASQCAPXVLM,hypertrophic cardiomyopathy,0,86.0,0.9694007098561378,0.6387897117992501,0.8805904317250033,0.46074177879573597,0.7221481037004633,0.30198841605394827,0.0,0.0,0.0,0.0,0.0,0.0,0.9345281822350184,0.9345281822350184,0.8842263971482296,0.3598001433163202,0.9694007098561378,7,1,0.0,0.0
FBOZXECLQNJBKD,Psoriasis,0,63.0,0.0,0.0,0.0,0.0,0.0,0.0,0.0,0.0,0.05919400010818598,0.05919400010818598,0.0,0.0,0.9813935420060569,0.9813935420060569,0.045355568220923355,0.045355568220923355,0.9813935420060569,1,1,0.0,0.0
FELGMEQIXOGIFQ,"Vomiting, Postoperative; Postoperative Complications; Hypotension",0,70.0,0.0,0.0,0.0,0.0,0.0,0.0,0.0,0.0,0.0,0.0,0.0,0.0,0.9929196104576826,0.9929196104576826,0.0,0.0,0.9929196104576826,1,1,10.0,0.0
RCINICONZNJXQF,Advanced Esophageal Cancer,0,53.0,0.0,0.0,0.0,0.0,0.0,0.0,0.0,0.0,0.0,0.0,0.0,0.0,0.6796204084020719,0.6796204084020717,0.25579532657838977,0.027145798810018915,0.6796204084020719,15,1,0.0,0.0
WBXPDJSOTKVWSJ,Lung Cancer,0,54.0,0.0,0.0,0.0,0.0,0.0,0.0,0.0,0.0,0.0,0.0,0.0,0.0,0.9895581916859542,0.9890962963046239,0.9569893847275095,0.5283238873652887,0.9895581916859542,3,1,-3.451612903225808,0.05042359766496529
FBOUYBDGKBSUES,Urinary Symptoms in Parkinson Disease,0,58.0,0.0,0.0,0.0,0.0,0.0,0.0,0.0,0.0,0.012530963492681294,0.012530963492681294,0.0,0.0,0.8736978779675014,0.8736978779675014,0.17933958529542823,0.17933958529542823,0.8736978779675014,1,1,0.0,0.0
LXMSZDCAJNLERA,acne vulgaris,0,67.0,0.0,0.0,0.0,0.0,0.0,0.0,0.0,0.0,0.0,0.0,0.0,0.0,0.0,0.0,0.0,0.0,0.0,0,0,1.2000000000000028,0.0
DJXRIQMCROIRCZ,overactive bladder,0,63.0,0.0,0.0,0.0,0.0,0.0,0.0,0.0,0.0,0.0,0.0,0.0,0.0,0.9856722294271968,0.9856722294271968,0.7992241844736909,0.7992241844736909,0.9856722294271968,1,1,-2.1666666666666714,-0.003681717539597895
UVIQSJCZCSLXRZ,Relapsed Prostate Cancer,0,80.0,0.0,0.0,0.0,0.0,0.0,0.0,0.7599134970145264,0.7599134970145264,0.0,0.0,0.0,0.0,0.9722066556090688,0.9722066556090688,0.5249798737895077,0.5249798737895077,0.9722066556090688,1,1,0.0,-0.011482066673512592
HXHWSAZORRCQMX,filariasis,0,72.0,0.0,0.0,0.0,0.0,0.0,0.0,0.0,0.0,0.0,0.0,0.0,0.0,0.0,0.0,0.0,0.0,0.0,0,0,0.0,0.0
NDAUXUAQIAJITI,COPD,0,52.0,0.0,0.0,0.0,0.0,0.0,0.0,0.0,0.0,0.0,0.0,0.0,0.0,0.0,0.0,0.0,0.0,0.0,0,0,-1.3846153846153868,0.0
DKNWSYNQZKUICI,Multiple Sclerosis,0,22.0,0.0,0.0,0.0,0.0,0.0,0.0,0.5815977506239859,0.29079887531199294,0.0,0.0,0.0,0.0,0.6438205222160102,0.6334460396538442,0.07115829986044024,0.03557914993022012,0.6438205222160102,2,1,-35.523809523809526,-0.17286936604457825
IYIKLHRQXLHMJQ,Therapy of Premature Ventricular Contractions in Patients With Structural Heart Disease,0,50.0,0.0,0.0,0.0,0.0,0.0,0.0,0.0,0.0,0.0,0.0,0.0,0.0,0.0,0.0,0.0,0.0,0.0,0,0,0.0,0.0
HJBWBFZLDZWPHF,Relapsed Prostate Cancer,0,80.0,0.8728762805808241,0.8728762805808241,0.0,0.0,0.0,0.0,0.9285669064556789,0.9285669064556789,0.0,0.0,0.8304717518195258,0.8304717518195258,0.9918367794935794,0.9918367794935794,0.995170788956094,0.995170788956094,0.995170788956094,1,1,0.0,0.011482066673512592
QNZCBYKSOIHPEH,Atrial Fibrillation; End-stage Kidney Disease,0,60.0,0.052142484500835654,0.052142484500835654,0.0,0.0,0.0,0.0,0.0,0.0,0.0,0.0,0.0,0.0,0.9878490217600628,0.9878490217600628,0.48919882630160644,0.48919882630160644,0.9878490217600628,1,1,0.0,0.0
QNZCBYKSOIHPEH,With Cancer,0,68.0,0.0,0.0,0.0,0.0,0.0,0.0,0.0,0.0,0.0,0.0,0.0,0.0,0.0,0.0,0.0,0.0,0.0,0,0,20.25,0.0
QNZCBYKSOIHPEH,Secondary Cancer,0,62.0,0.0,0.0,0.0,0.0,0.0,0.0,0.0,0.0,0.0,0.0,0.0,0.0,0.0,0.0,0.0,0.0,0.0,0,0,0.0,0.0
IMOZEMNVLZVGJZ,psoriasis,0,58.0,0.28493107317865624,0.07123276829466406,0.0,0.0,0.0,0.0,0.0,0.0,0.05057172662373052,0.021329687395125745,0.0,0.0,0.9824080292539396,0.9824080292539396,0.3483825219689976,0.17934138438356592,0.9824080292539396,4,1,0.0,0.0
VOVZXURTCKPRDQ,Chronic Myelogenous Leukemia,0,88.0,0.7960994423714745,0.7960994423714745,0.607930797611621,0.607930797611621,0.0,0.0,0.9671529481664186,0.9671529481664186,0.0,0.0,0.7234376491578292,0.7234376491578292,0.9944055785934346,0.9944055785934346,0.9910280948409712,0.9910280948409712,0.9944055785934346,1,1,-4.333333333333329,0.0
OOUGLTULBSNHNF,"Muscular Dystrophy, Duchenne; Muscular Dystrophies; Muscular Disorders, Atrophic; Muscular Diseases; Musculoskeletal Disease; Neuromuscular Diseases; Nervous System Diseases; Genetic Diseases, X-Linked; Genetic Diseases, Inborn",0,58.0,0.0,0.0,0.0,0.0,0.0,0.0,0.0,0.0,0.0,0.0,0.0,0.0,0.0,0.0,0.08966979264771412,0.08966979264771412,0.08966979264771412,1,1,0.0,0.0
NMUSYJAQQFHJEW,Participants With Higher-Risk Myelodysplastic Syndrome,0,67.0,0.0,0.0,0.0,0.0,0.0,0.0,0.0,0.0,0.0,0.0,0.0,0.0,0.0,0.0,0.0,0.0,0.0,0,0,0.0,0.0
XUZMWHLSFXCVMG,Atopic Dermatitis,0,73.0,0.0,0.0,0.0,0.0,0.0,0.0,0.0,0.0,0.0,0.0,0.0,0.0,0.0,0.0,0.0,0.0,0.0,0,0,4.0,0.0
XUZMWHLSFXCVMG,Atopic Dermatitis,0,73.0,0.0,0.0,0.0,0.0,0.0,0.0,0.0,0.0,0.0,0.0,0.0,0.0,0.0,0.0,0.0,0.0,0.0,0,0,4.0,0.0
HYHMLYSLQUKXKP,Hyperlipidemias,0,67.0,0.0,0.0,0.0,0.0,0.0,0.0,0.0,0.0,0.0,0.0,0.0,0.0,0.0,0.0,0.0,0.0,0.0,0,0,-6.5,0.0
WHQCHUCQKNIQEC,hyperuricemia,0,80.0,0.0,0.0,0.0,0.0,0.0,0.0,0.0,0.0,0.0,0.0,0.0,0.0,0.0,0.0,0.0,0.0,0.0,0,0,0.0,0.0
ZKIAIYBUSXZPLP,bipolar I disorder,1,50.0,0.0,0.0,0.0,0.0,0.0,0.0,0.0,0.0,0.0,0.0,0.0,0.0,0.9865482432417526,0.9733676481340171,0.09558023095782708,0.06681609784861058,0.9865482432417526,3,1,-4.5,0.0
ZKIAIYBUSXZPLP,bipolar I disorder,1,50.0,0.0,0.0,0.0,0.0,0.0,0.0,0.0,0.0,0.0,0.0,0.0,0.0,0.9865482432417526,0.9733676481340171,0.09558023095782708,0.06681609784861058,0.9865482432417526,3,1,-4.5,0.0
ZKIAIYBUSXZPLP,bipolar I disorder,0,50.0,0.0,0.0,0.0,0.0,0.0,0.0,0.0,0.0,0.0,0.0,0.0,0.0,0.9865482432417526,0.9733676481340171,0.09558023095782708,0.06681609784861058,0.9865482432417526,3,1,-4.5,0.0
MSYKRHVOOPPJKU,epilepsy,0,65.0,0.7568738430264683,0.7568738430264683,0.0,0.0,0.0,0.0,0.0,0.0,0.0,0.0,0.0,0.0,0.9970147794967135,0.9970147794967135,0.5824175393623507,0.5824175393623507,0.9970147794967135,1,1,-0.818181818181813,0.0253596170518976
MSYKRHVOOPPJKU,epilepsy,0,65.0,0.7568738430264683,0.7568738430264683,0.0,0.0,0.0,0.0,0.0,0.0,0.0,0.0,0.0,0.0,0.9970147794967135,0.9970147794967135,0.5824175393623507,0.5824175393623507,0.9970147794967135,1,1,-0.818181818181813,0.0253596170518976
LEBVLXFERQHONN,Pain,0,62.0,0.547137717850459,0.547137717850459,0.0,0.0,0.0,0.0,0.0,0.0,0.0,0.0,0.0,0.0,0.9987210058300428,0.9987210058300428,0.07404934854241552,0.07404934854241552,0.9987210058300428,1,1,-2.1200000000000045,0.057412361724553995
RMRJXGBAOAMLHD,opioid use disorder,0,82.0,0.8551488348715596,0.4275744174357798,0.0,0.0,0.0,0.0,0.0,0.0,0.0,0.0,0.0,0.0,0.681410729297477,0.6811818436844136,0.15252944740803548,0.13436868757896736,0.8551488348715596,2,1,0.0,0.0
RMRJXGBAOAMLHD,opioid use disorder,0,82.0,0.8551488348715596,0.4275744174357798,0.0,0.0,0.0,0.0,0.0,0.0,0.0,0.0,0.0,0.0,0.681410729297477,0.6811818436844136,0.15252944740803548,0.13436868757896736,0.8551488348715596,2,1,0.0,0.0
GAGWJHPBXLXJQN,Gastric Cancer,0,58.0,0.0,0.0,0.0,0.0,0.0,0.0,0.0,0.0,0.0,0.0,0.0,0.0,0.8793337821767572,0.8793337821767572,0.6865366626902423,0.6865366626902423,0.8793337821767572,1,1,-4.0,-0.01559400876673489
GAGWJHPBXLXJQN,Metastatic Breast Cancer,0,58.0,0.0,0.0,0.0,0.0,0.0,0.0,0.0,0.0,0.0,0.0,0.0,0.0,0.9845390777112758,0.9845390777112758,0.867597429187726,0.867597429187726,0.9845390777112758,1,1,-7.066666666666663,-0.007621551478965594
DBPPRLRVDVJOCL,Healthcare-associated Pneumonia (HCAP); Hospital Acquired Pneumonia (HAP); Ventilator Associated Pneumonia (VAP),0,86.0,0.0,0.0,0.0,0.0,0.0,0.0,0.0,0.0,0.0,0.0,0.0,0.0,0.0,0.0,0.0,0.0,0.0,0,0,0.0,0.0
WZOZEZRFJCJXNZ,pancreatic cancer,0,9.0,0.0,0.0,0.0,0.0,0.0,0.0,0.0,0.0,0.0,0.0,0.0,0.0,0.0,0.0,0.0,0.0,0.0,0,0,0.0,0.0
VAAUVRVFOQPIGI,gonorrhea,0,93.0,0.0,0.0,0.0,0.0,0.0,0.0,0.0,0.0,0.0,0.0,0.0,0.0,0.0,0.0,0.0,0.0,0.0,0,0,0.0,0.0
GJSURZIOUXUGAL,neonatal abstinence syndrome,0,50.0,0.0,0.0,0.0,0.0,0.0,0.0,0.0,0.0,0.0,0.0,0.0,0.0,0.4696476498632277,0.46964764986322766,0.0,0.0,0.4696476498632277,3,1,-16.0,-0.0702181055499238
KGPGQDLTDHGEGT,Methicillin-Resistant Staphylococcus Aureus; Bacterial Infections; Staphylococcal Skin Infections,0,86.0,0.0,0.0,0.0,0.0,0.0,0.0,0.0,0.0,0.0,0.0,0.0,0.0,0.0,0.0,0.0,0.0,0.0,0,0,0.0,0.0
JVHXJTBJCFBINQ,Type II; Diabetes,0,58.0,0.0,0.0,0.0,0.0,0.2552093488373585,0.2552093488373585,0.0,0.0,0.0,0.0,0.0,0.0,0.0,0.0,0.0,0.0,0.2552093488373585,1,1,0.0,0.0
JVHXJTBJCFBINQ,Chronic Heart Failure With Reduced Ejection Fraction (HFrEF),0,68.0,0.0,0.0,0.0,0.0,0.0,0.0,0.0,0.0,0.0,0.0,0.0,0.0,0.0,0.0,0.0,0.0,0.0,0,0,0.0,0.0
JVHXJTBJCFBINQ,Chronic Kidney Disease,0,68.0,0.0,0.0,0.0,0.0,0.0,0.0,0.0,0.0,0.03051071658262758,0.03051071658262758,0.0,0.0,0.9828857748197563,0.9828857748197563,0.9733429862360751,0.9733429862360751,0.9828857748197563,1,1,25.333333333333336,0.3504293166608001
JVHXJTBJCFBINQ,Type 2 Diabetes Mellitus,0,58.0,0.0,0.0,0.0,0.0,0.0,0.0,0.0,0.0,0.0,0.0,0.0,0.0,0.9974377552980216,0.9974377552980216,0.9481524627860095,0.9481524627860095,0.9974377552980216,1,1,-7.228571428571428,0.027735338757369
RUEYEZADQJCKGV,anemia,0,83.0,0.0,0.0,0.0,0.0,0.8177217992498811,0.27730615417616333,0.0,0.0,0.0,0.0,0.0,0.0,0.9005842133665669,0.86558540394456,0.15401024054025744,0.057964789141936396,0.9005842133665669,4,1,7.375,0.07674099441576088
UREBDLICKHMUKA,"Brachial Plexus Block; Pain, Postoperative",0,38.0,0.0,0.0,0.0,0.0,0.0,0.0,0.0,0.0,0.0,0.0,0.0,0.0,0.0,0.0,0.0,0.0,0.0,0,0,0.0,0.0
UREBDLICKHMUKA,Multiple Myeloma,0,67.0,0.0,0.0,0.0,0.0,0.0,0.0,0.0,0.0,0.0,0.0,0.0,0.0,0.9809307646396322,0.9809307646396322,0.6774934245753107,0.6774934245753107,0.9809307646396322,1,1,-4.63636363636364,0.14421219738142943
UREBDLICKHMUKA,Tuberculosis; Tuberculous Meningitis; Drug-Induced Liver Injury; HIV; IRIS,1,52.0,0.0,0.0,0.0,0.0,0.0,0.0,0.0,0.0,0.0,0.0,0.0,0.0,0.9685425612365774,0.9685425612365774,0.08377458734764673,0.08377458734764673,0.9685425612365774,1,1,0.0,0.0
UREBDLICKHMUKA,Multiple Myeloma,0,67.0,0.0,0.0,0.0,0.0,0.0,0.0,0.0,0.0,0.0,0.0,0.0,0.0,0.9809307646396322,0.9809307646396322,0.6774934245753107,0.6774934245753107,0.9809307646396322,1,1,-4.63636363636364,0.14421219738142943
UREBDLICKHMUKA,Major Non-cardiac Surgery,1,32.0,0.0,0.0,0.0,0.0,0.0,0.0,0.0,0.0,0.0,0.0,0.0,0.0,0.0,0.0,0.0,0.0,0.0,0,0,0.0,0.0
UREBDLICKHMUKA,Multiple Myeloma,0,67.0,0.0,0.0,0.0,0.0,0.0,0.0,0.0,0.0,0.0,0.0,0.0,0.0,0.9809307646396322,0.9809307646396322,0.6774934245753107,0.6774934245753107,0.9809307646396322,1,1,-4.63636363636364,0.14421219738142943
XEYBRNLFEZDVAW,Induction of Labor Affected Fetus / Newborn,0,82.0,0.0,0.0,0.0,0.0,0.0,0.0,0.0,0.0,0.0,0.0,0.0,0.0,0.0,0.0,0.0,0.0,0.0,0,0,0.0,0.0
XEYBRNLFEZDVAW,cervical ripening,0,85.0,0.0,0.0,0.0,0.0,0.0,0.0,0.0,0.0,0.0,0.0,0.0,0.0,0.0,0.0,0.0,0.0,0.0,0,0,2.3333333333333286,0.0
XEYBRNLFEZDVAW,cervical ripening,0,85.0,0.0,0.0,0.0,0.0,0.0,0.0,0.0,0.0,0.0,0.0,0.0,0.0,0.0,0.0,0.0,0.0,0.0,0,0,2.3333333333333286,0.0
RHWKPHLQXYSBKR,HIV infection,0,92.0,0.0,0.0,0.0,0.0,0.0,0.0,0.0,0.0,0.0,0.0,0.0,0.0,0.0,0.0,0.0,0.0,0.0,0,0,20.058823529411768,-0.07569723439911848
RHWKPHLQXYSBKR,HIV-1 infection,1,92.0,0.0,0.0,0.0,0.0,0.0,0.0,0.0,0.0,0.0,0.0,0.0,0.0,0.0,0.0,0.0,0.0,0.0,0,0,2.714285714285708,0.0
RHWKPHLQXYSBKR,HIV-1 infection,0,92.0,0.0,0.0,0.0,0.0,0.0,0.0,0.0,0.0,0.0,0.0,0.0,0.0,0.0,0.0,0.0,0.0,0.0,0,0,2.714285714285708,0.0
RUZYUOTYCVRMRZ,pheochromocytoma and paraganglioma,0,58.0,0.0,0.0,0.0,0.0,0.0,0.0,0.0,0.0,0.0,0.0,0.0,0.0,0.0,0.0,0.0,0.0,0.0,0,0,0.0,0.0
HGVDHZBSSITLCT,Venous Thromboembolism (VTE); Pulmonary Embolism; Deep Vein Thrombosis (DVT),0,85.0,0.8529129114084061,0.8529129114084061,0.0,0.0,0.0,0.0,0.0,0.0,0.0,0.0,0.0,0.0,0.9844800523753261,0.9844800523753261,0.650533164518347,0.650533164518347,0.9844800523753261,1,1,0.0,0.0
HGVDHZBSSITLCT,Atrial Fibrillation,0,74.0,0.052142484500835654,0.052142484500835654,0.0,0.0,0.0,0.0,0.0,0.0,0.0,0.0,0.0,0.0,0.9878490217600628,0.9878490217600628,0.48919882630160644,0.48919882630160644,0.9878490217600628,1,1,0.7999999999999972,0.005590296806980755
HGVDHZBSSITLCT,Atrial Fibrillation,0,74.0,0.052142484500835654,0.052142484500835654,0.0,0.0,0.0,0.0,0.0,0.0,0.0,0.0,0.0,0.0,0.9878490217600628,0.9878490217600628,0.48919882630160644,0.48919882630160644,0.9878490217600628,1,1,0.7999999999999972,0.005590296806980755
HGVDHZBSSITLCT,MV(Mitral Valve) Repair,0,60.0,0.0,0.0,0.0,0.0,0.0,0.0,0.0,0.0,0.0,0.0,0.0,0.0,0.0,0.0,0.0,0.0,0.0,0,0,0.0,0.0
OBWASQILIWPZMG,Heart Failure,0,62.0,0.0,0.0,0.0,0.0,0.0,0.0,0.0,0.0,0.0,0.0,0.0,0.0,0.9894231864764209,0.9894231864764209,0.9578200471076443,0.9578200471076443,0.9894231864764209,1,1,3.1111111111111143,0.049969115050315205
OBWASQILIWPZMG,Heart Failure,0,62.0,0.0,0.0,0.0,0.0,0.0,0.0,0.0,0.0,0.0,0.0,0.0,0.0,0.9894231864764209,0.9894231864764209,0.9578200471076443,0.9578200471076443,0.9894231864764209,1,1,3.1111111111111143,0.049969115050315205
OBWASQILIWPZMG,Type2 Diabetes Mellitus,1,58.0,0.0,0.0,0.0,0.0,0.0,0.0,0.0,0.0,0.0,0.0,0.0,0.0,0.0,0.0,0.0,0.0,0.0,0,0,0.0,0.0
GBXSMTUPTTWBMN,Heart Failure With Preserved Ejection Fraction,0,37.0,0.0,0.0,0.0,0.0,0.0,0.0,0.0,0.0,0.0,0.0,0.0,0.0,0.0,0.0,0.0,0.0,0.0,0,0,-10.5,0.0
GBXSMTUPTTWBMN,Breast Cancer,1,15.0,0.0,0.0,0.0,0.0,0.0,0.0,0.0,0.0,0.0,0.0,0.0,0.0,0.0,0.0,0.0,0.0,0.0,0,0,-42.475,-0.7455340400381703
WXCXUHSOUPDCQV,Prostrate Cancer,0,82.0,0.0,0.0,0.0,0.0,0.0,0.0,0.0,0.0,0.0,0.0,0.0,0.0,0.0,0.0,0.0,0.0,0.0,0,0,0.0,0.0
HLFSMUUOKPBTSM,complicated urinary tract infection,0,80.0,0.0,0.0,0.0,0.0,0.0,0.0,0.0,0.0,0.0,0.0,0.0,0.0,0.0,0.0,0.0,0.0,0.0,0,0,-1.6666666666666714,0.0
UFNVPOGXISZXJD,Breast Cancer,0,65.0,0.0,0.0,0.0,0.0,0.0,0.0,0.0,0.0,0.0,0.0,0.0,0.0,0.9958826872684627,0.9958826872684627,0.6688861173144885,0.6688861173144885,0.9958826872684627,1,1,7.524999999999999,0.2503486472302925
YQEZLKZALYSWHR,Major Depressive Disorder,0,62.0,0.4867374381481546,0.06953391973545066,0.0,0.0,0.0,0.0,0.0,0.0,0.0,0.0,0.0,0.0,0.9617691629184834,0.9617238645887125,0.2836342701623229,0.08820546128035907,0.9617691629184834,7,1,13.860465116279073,-0.03305872639435792
YQEZLKZALYSWHR,Major Depressive Disorder,0,62.0,0.4867374381481546,0.06953391973545066,0.0,0.0,0.0,0.0,0.0,0.0,0.0,0.0,0.0,0.0,0.9617691629184834,0.9617238645887125,0.2836342701623229,0.08820546128035907,0.9617691629184834,7,1,13.860465116279073,-0.03305872639435792
VJJPUSNTGOMMGY,Participants With Extensive Stage Small Cell Lung Cancer,0,66.0,0.0,0.0,0.0,0.0,0.0,0.0,0.0,0.0,0.0,0.0,0.0,0.0,0.0,0.0,0.0,0.0,0.0,0,0,0.0,0.0
OLNTVTPDXPETLC,Hyperlipidemias,0,80.0,0.0,0.0,0.0,0.0,0.0,0.0,0.0,0.0,0.0,0.0,0.0,0.0,0.0,0.0,0.0,0.0,0.0,0,0,6.5,0.0
PJMPHNIQZUBGLI,"Multiple Trauma; Pain, Acute",0,84.0,0.0,0.0,0.0,0.0,0.0,0.0,0.0,0.0,0.0,0.0,0.0,0.0,0.0,0.0,0.0,0.0,0.0,0,0,6.5,0.0
RIJLVEAXPNLDTC,Rheumatoid Arthritis,0,80.0,0.9206099686872204,0.49688125496941016,0.0,0.0,0.4085531377482498,0.25682627588933943,0.0,0.0,0.0,0.0,0.0,0.0,0.9916966583306238,0.9903763105270122,0.7819688254142984,0.4874892762149199,0.9916966583306238,4,1,8.574468085106389,0.10284476801620901
GHASVSINZRGABV,Esophageal Cancer,0,63.0,0.0,0.0,0.0,0.0,0.0,0.0,0.0,0.0,0.0,0.0,0.0,0.0,0.6907116849114523,0.6907116849114523,0.6375964877794494,0.6375964877794494,0.6907116849114523,1,1,-2.0,-0.00045211388032306843
ZZUFCTLCJUWOSV,congestive heart failure,0,48.0,0.0,0.0,0.0,0.0,0.0,0.0,0.0,0.0,0.0,0.0,0.0,0.0,0.9945006162042441,0.9945006162042441,0.11021521717240541,0.11021521717240541,0.9945006162042441,1,1,0.0,0.0
UGJMXCAKCUNAIE,Oropharyngeal Cancer,1,35.0,0.0,0.0,0.0,0.0,0.0,0.0,0.0,0.0,0.0,0.0,0.0,0.0,0.0,0.0,0.0,0.0,0.0,0,0,0.0,0.0
VSNHCAURESNICA,Sickle Cell Anemia; Sickle Cell Disease; Malaria,0,83.0,0.0,0.0,0.0,0.0,0.0,0.0,0.0,0.0,0.0,0.0,0.0,0.0,0.9528131037562446,0.9528131037562447,0.0,0.0,0.9528131037562446,3,1,0.0,0.0
XYFPWWZEPKGCCK,Waldenström's Macroglobulinemia,0,85.0,0.0,0.0,0.0,0.0,0.0,0.0,0.0,0.0,0.0,0.0,0.0,0.0,0.0,0.0,0.0,0.0,0.0,0,0,0.0,0.0
XYFPWWZEPKGCCK,Cell Lymphoma,0,70.0,0.0,0.0,0.0,0.0,0.0,0.0,0.607930797611621,0.607930797611621,0.0,0.0,0.4559480982087158,0.4559480982087158,0.9790244990922777,0.9790244990922777,0.7782577019255041,0.7782577019255041,0.9790244990922777,1,1,3.6666666666666714,0.3117857794954143
HEFNNWSXXWATRW,Pain,0,72.0,0.0,0.0,0.0,0.0,0.0,0.0,0.0,0.0,0.0,0.0,0.0,0.0,0.9995731537430043,0.9995540689241746,0.14491866369298037,0.08073394548064836,0.9995731537430043,2,1,7.8799999999999955,0.058264509637515505
HEFNNWSXXWATRW,Patent Ductus Arteriosus After Premature Birth,0,84.0,0.0,0.0,0.0,0.0,0.0,0.0,0.0,0.0,0.0,0.0,0.0,0.0,0.12158615952232422,0.12158615952232422,0.0,0.0,0.12158615952232422,2,1,0.0,0.0
PURKAOJPTOLRMP,cystic fibrosis,0,85.0,0.9678729716442139,0.9678729716442139,0.8773170744461322,0.8773170744461322,0.43591187534835524,0.43591187534835524,0.9285669064556789,0.9285669064556789,0.0,0.0,0.0,0.0,0.9904941908672886,0.9904941908672886,0.9950080483633249,0.9950080483633249,0.9950080483633249,1,1,0.5,0.0
PURKAOJPTOLRMP,cystic fibrosis,0,85.0,0.9678729716442139,0.9678729716442139,0.8773170744461322,0.8773170744461322,0.43591187534835524,0.43591187534835524,0.9285669064556789,0.9285669064556789,0.0,0.0,0.0,0.0,0.9904941908672886,0.9904941908672886,0.9950080483633249,0.9950080483633249,0.9950080483633249,1,1,0.5,0.0
YQEZLKZALYSWHR,Post Operative Cognitive Dysfunction,1,35.0,0.0,0.0,0.0,0.0,0.0,0.0,0.0,0.0,0.0,0.0,0.0,0.0,0.0,0.0,0.0,0.0,0.0,0,0,0.0,0.0
YQEZLKZALYSWHR,Treatment of Acute Pain,0,73.0,0.0,0.0,0.0,0.0,0.0,0.0,0.0,0.0,0.0,0.0,0.0,0.0,0.0,0.0,0.0,0.0,0.0,0,0,0.0,0.0
YQEZLKZALYSWHR,Septic Shock,0,28.0,0.0,0.0,0.0,0.0,0.0,0.0,0.0,0.0,0.0,0.0,0.0,0.0,0.0,0.0,0.0,0.0,0.0,0,0,-28.0,0.0
YQEZLKZALYSWHR,"Multiple Trauma; Pain, Acute",0,71.0,0.0,0.0,0.0,0.0,0.0,0.0,0.0,0.0,0.0,0.0,0.0,0.0,0.0,0.0,0.0,0.0,0.0,0,0,-6.5,0.0
XMAYWYJOQHXEEK,tinea pedis,0,80.0,0.0,0.0,0.0,0.0,0.0,0.0,0.0,0.0,0.0,0.0,0.0,0.0,0.0,0.0,0.0,0.0,0.0,0,0,-4.5,0.0
MJIHNNLFOKEZEW,Gastric Ulcer,0,83.0,0.0,0.0,0.0,0.0,0.0,0.0,0.0,0.0,0.0,0.0,0.0,0.0,0.9953328645051962,0.9953328645051962,0.13097295903536724,0.06548647951768362,0.9953328645051962,2,1,-0.6666666666666714,0.0
MJIHNNLFOKEZEW,Duodenal Ulcer,0,85.0,0.0,0.0,0.0,0.0,0.0,0.0,0.0,0.0,0.0,0.0,0.0,0.0,0.9870549467792921,0.9870549467792921,0.1312327053425791,0.06561635267128955,0.9870549467792921,2,1,0.0,0.0
WOSKHXYHFSIKNG,Thyroid Cancer,0,70.0,0.9701213597824737,0.3233737865941579,0.9333942194555429,0.31113140648518095,0.8410474195647767,0.28034913985492554,0.9285669064556789,0.30952230215189297,0.0,0.0,0.820942994308093,0.6567034907707944,0.9763730286499875,0.7083500726644858,0.9922168346417634,0.8250612313924496,0.9922168346417634,3,1,0.0,0.0
HLFSDGLLUJUHTE,Maintaining Remission After the First Flare of Steroid Sensitive Nephrotic Syndrome,0,42.0,0.0,0.0,0.0,0.0,0.0,0.0,0.0,0.0,0.0,0.0,0.0,0.0,0.0,0.0,0.0,0.0,0.0,0,0,0.0,0.0
HPHUVLMMVZITSG,Partial Seizures,0,72.0,0.0,0.0,0.0,0.0,0.0,0.0,0.0,0.0,0.0,0.0,0.0,0.0,0.0,0.0,0.0,0.0,0.0,0,0,0.0,0.0
XMAYWYJOQHXEEK,Cushing syndrome,0,75.0,0.0,0.0,0.0,0.0,0.0,0.0,0.0,0.0,0.0,0.0,0.0,0.0,0.0,0.0,0.0,0.0,0.0,0,0,-4.200000000000003,0.0
GJJFMKBJSRMPLA,Major Depressive Disorder,0,52.0,0.0,0.0,0.0,0.0,0.663267698464219,0.3316338492321095,0.0,0.0,0.0,0.0,0.0,0.0,0.9994065355213364,0.9991785656621155,0.8034560660154578,0.6254777343770506,0.9994065355213364,2,1,3.860465116279073,0.00457864620849513
TYZROVQLWOKYKF,tuberculosis,0,85.0,0.0,0.0,0.0,0.0,0.0,0.0,0.0,0.0,0.0,0.0,0.0,0.0,0.0,0.0,0.0,0.0,0.0,0,0,-1.0,0.0
WGFOBBZOWHGYQH,chronic idiopathic constipation,0,72.0,0.0,0.0,0.0,0.0,0.0,0.0,0.0,0.0,0.0,0.0,0.0,0.0,0.0,0.0,0.0,0.0,0.0,0,0,0.5714285714285694,0.0
HOIIHACBCFLJET,Depression,0,45.0,0.0,0.0,0.0,0.0,0.0,0.0,0.0,0.0,0.0,0.0,0.0,0.0,0.0,0.0,0.0,0.0,0.0,0,0,1.0,0.0
JGCMEBMXRHSZKX,Pulmonary Arterial Hypertension,0,78.0,0.0,0.0,0.0,0.0,0.0,0.0,0.0,0.0,0.0,0.0,0.0,0.0,0.9887985627672249,0.9887915906912348,0.4125644371854152,0.4102810461091848,0.9887985627672249,2,1,3.714285714285708,0.0331227594886212
KJFBVJALEQWJBS,Cytomegalovirus (CMV),0,85.0,0.0,0.0,0.0,0.0,0.0,0.0,0.0,0.0,0.0,0.0,0.0,0.0,0.0,0.0,0.0,0.0,0.0,0,0,0.0,0.0
XZWYZXLIPXDOLR,Type 2 Diabetes Mellitus,0,78.0,0.0,0.0,0.3039653988058105,0.3039653988058105,0.0,0.0,0.0,0.0,0.0,0.0,0.0,0.0,0.9986081372456911,0.9986081372456911,0.17827377545849124,0.17827377545849124,0.9986081372456911,1,1,12.771428571428572,0.028905720705038496
XZWYZXLIPXDOLR,Type 2 Diabetes,0,74.0,0.0,0.0,0.3039653988058105,0.3039653988058105,0.0,0.0,0.0,0.0,0.0,0.0,0.0,0.0,0.9986081372456911,0.9986081372456911,0.17827377545849124,0.17827377545849124,0.9986081372456911,1,1,14.460526315789473,0.01846816175293009
XZWYZXLIPXDOLR,Type 2 Diabetes,0,74.0,0.0,0.0,0.3039653988058105,0.3039653988058105,0.0,0.0,0.0,0.0,0.0,0.0,0.0,0.0,0.9986081372456911,0.9986081372456911,0.17827377545849124,0.17827377545849124,0.9986081372456911,1,1,14.460526315789473,0.01846816175293009
XZWYZXLIPXDOLR,Type 2 Diabetes,0,74.0,0.0,0.0,0.3039653988058105,0.3039653988058105,0.0,0.0,0.0,0.0,0.0,0.0,0.0,0.0,0.9986081372456911,0.9986081372456911,0.17827377545849124,0.17827377545849124,0.9986081372456911,1,1,14.460526315789473,0.01846816175293009
XZWYZXLIPXDOLR,diabetes,0,78.0,0.0,0.0,0.0,0.0,0.0,0.0,0.0,0.0,0.0,0.0,0.0,0.0,0.0,0.0,0.0,0.0,0.0,0,0,0.0,0.0
XZWYZXLIPXDOLR,Reduction of Gestational Diabetes,0,50.0,0.0,0.0,0.0,0.0,0.0,0.0,0.0,0.0,0.0,0.0,0.0,0.0,0.0,0.0,0.0,0.0,0.0,0,0,0.0,0.0
RFKMCNOHBTXSMU,Pain,0,50.0,0.4447664029113444,0.03819803589657908,0.0,0.0,0.0,0.0,0.0,0.0,0.0,0.0,0.0,0.0,0.9414368836886381,0.9371563933611053,0.030396539880581056,0.001688696660032281,0.9414368836886381,18,1,-14.120000000000005,0.0001282395831493366
RFKMCNOHBTXSMU,Trauma Pain,0,55.0,0.0,0.0,0.0,0.0,0.0,0.0,0.0,0.0,0.0,0.0,0.0,0.0,0.0,0.0,0.0,0.0,0.0,0,0,0.0,0.0
DUGOZIWVEXMGBE,attention deficit hyperactivity disorder,0,75.0,0.0,0.0,0.0,0.0,0.9457586121305898,0.4728793060652949,0.0,0.0,0.0,0.0,0.0,0.0,0.9982275957471384,0.9979585209885506,0.9349411605211285,0.8589508690475904,0.9982275957471384,2,1,0.0,0.0
DUGOZIWVEXMGBE,Multiple Sclerosis,0,30.0,0.0,0.0,0.0,0.0,0.0,0.0,0.47462246497174854,0.23731123248587427,0.0,0.0,0.0,0.0,0.6045400370174185,0.6044845193701986,0.06822334506530414,0.04019098050876828,0.6045400370174185,2,1,-27.523809523809526,-0.21214985124316987
VHRSUDSXCMQTMA,Congenital Heart Disease in Children; Inflammatory Response,1,48.0,0.0,0.0,0.0,0.0,0.0,0.0,0.0,0.0,0.0,0.0,0.0,0.0,0.0,0.0,0.0,0.0,0.0,0,0,0.0,0.0
TTWJBBZEZQICBI,Post-Traumatic Headache,0,38.0,0.0,0.0,0.0,0.0,0.0,0.0,0.0,0.0,0.0,0.0,0.0,0.0,0.0,0.0,0.0,0.0,0.0,0,0,0.0,0.0
DDLIGBOFAVUZHB,Anxiety,0,45.0,0.0,0.0,0.0,0.0,0.0,0.0,0.0,0.0,0.0,0.0,0.0,0.0,0.9719954042733916,0.9704457801494335,0.3571480760459836,0.10188528223790194,0.9719954042733916,16,1,8.5,0.19436485503910106
RONZAEMNMFQXRA,Dementia,1,28.0,0.0,0.0,0.0,0.0,0.0,0.0,0.5284734393254834,0.20238009026057036,0.0,0.0,0.0,0.0,0.8611458581323134,0.7538024949948771,0.7503234914701188,0.2258897150731613,0.8611458581323134,5,1,0.0,0.0
OJLOPKGSLYJEMD,postpartum hemorrhage,0,80.0,0.0,0.0,0.0,0.0,0.0,0.0,0.0,0.0,0.0,0.0,0.0,0.0,0.6714874940140031,0.6714874940140031,0.0,0.0,0.6714874940140031,1,1,0.0,0.0
YFGHCGITMMYXAQ,Multiple Sclerosis,0,35.0,0.0,0.0,0.0,0.0,0.0,0.0,0.47462246497174854,0.47462246497174854,0.0,0.0,0.0,0.0,0.6045400370174185,0.6045400370174185,0.06822334506530414,0.06822334506530414,0.6045400370174185,1,1,-22.523809523809526,-0.21214985124316987
WOFMFGQZHJDGCX,chronic rhinosinusitis with nasal polyps,0,72.0,0.0,0.0,0.0,0.0,0.0,0.0,0.0,0.0,0.0,0.0,0.0,0.0,0.0,0.0,0.3816342675403953,0.3816342675403953,0.3816342675403953,1,1,1.3333333333333286,-5.551115123125783e-17
RTGDFNSFWBGLEC,"Lung Disease, Interstitial",0,52.0,0.0,0.0,0.0,0.0,0.0,0.0,0.0,0.0,0.0,0.0,0.0,0.0,0.0,0.0,0.0,0.0,0.0,0,0,0.0,0.0
RTGDFNSFWBGLEC,Immune Thrombocytopenia,0,58.0,0.0,0.0,0.0,0.0,0.0,0.0,0.0,0.0,0.0,0.0,0.0,0.0,0.0,0.0,0.0,0.0,0.0,0,0,-10.0,0.0
OURRXQUGYQRVML,Fuchs' endothelial dystrophy,0,62.0,0.0,0.0,0.0,0.0,0.0,0.0,0.0,0.0,0.0,0.0,0.0,0.0,0.0,0.0,0.0,0.0,0.0,0,0,0.0,0.0
SNICXCGAKADSCV,smoking cessation,0,72.0,0.7252476303015531,0.3626238151507766,0.0,0.0,0.0,0.0,0.0,0.0,0.0,0.0,0.0,0.0,0.691865354020246,0.691865354020246,0.0,0.0,0.7252476303015531,2,1,-5.714285714285708,-1.1102230246251565e-16
XZXHXSATPCNXJR,"Lung Diseases, Interstitial",0,70.0,0.0,0.0,0.0,0.0,0.0,0.0,0.0,0.0,0.0,0.0,0.0,0.0,0.0,0.0,0.0,0.0,0.0,0,0,6.166666666666664,0.0
XZXHXSATPCNXJR,"Lung Diseases, Interstitial",0,70.0,0.0,0.0,0.0,0.0,0.0,0.0,0.0,0.0,0.0,0.0,0.0,0.0,0.0,0.0,0.0,0.0,0.0,0,0,6.166666666666664,0.0
KVWDHTXUZHCGIO,Schizophrenia; Schizophreniform Disorders; Bipolar I Disorder,0,70.0,0.6560907249300643,0.1701257160331566,0.3039653988058105,0.060793079761162105,0.6454494156558882,0.1890804942394924,0.0,0.0,0.0,0.0,0.0,0.0,0.9994097502793402,0.9985716216645303,0.9231710917698762,0.46555069897198453,0.9994097502793402,5,1,0.0,0.0
KVWDHTXUZHCGIO,Chemotherapy-induced Nausea and Vomiting,0,68.0,0.0,0.0,0.0,0.0,0.0,0.0,0.0,0.0,0.0,0.0,0.0,0.0,0.6728307953873117,0.6720017245363705,0.0,0.0,0.6728307953873117,5,1,-7.200000000000003,-0.1783898100571757
SUBDBMMJDZJVOS,Globus,0,37.0,0.0,0.0,0.0,0.0,0.0,0.0,0.0,0.0,0.0,0.0,0.0,0.0,0.0,0.0,0.0,0.0,0.0,0,0,0.0,0.0
WYWIFABBXFUGLM,rosacea,0,40.0,0.0,0.0,0.0,0.0,0.0,0.0,0.0,0.0,0.0,0.0,0.0,0.0,0.0,0.0,0.0,0.0,0.0,0,0,2.5,0.0
RCINICONZNJXQF,Gastroesophageal Cancer,0,65.0,0.0,0.0,0.0,0.0,0.0,0.0,0.0,0.0,0.0,0.0,0.0,0.0,0.0,0.0,0.0,0.0,0.0,0,0,0.0,0.0
RCINICONZNJXQF,Breast Cancer,0,73.0,0.0,0.0,0.0,0.0,0.0,0.0,0.0,0.0,0.0,0.0,0.0,0.0,0.9958826872684627,0.9958826606132426,0.7189793669490522,0.3061028748634998,0.9958826872684627,15,1,15.524999999999999,0.2503486472302925
RCINICONZNJXQF,Primary Peritoneal Cancer,0,58.0,0.0,0.0,0.0,0.0,0.0,0.0,0.0,0.0,0.0,0.0,0.0,0.0,0.0,0.0,0.03647584785669726,0.03647584785669726,0.03647584785669726,1,1,-4.666666666666664,0.008105743968154947
RCINICONZNJXQF,"Peripheral Artery Disease; Atherosclerosis; Artery Diseases, Peripheral; Plaque, Atherosclerotic; Occlusive Arterial Disease",0,63.0,0.0,0.0,0.0,0.0,0.0,0.0,0.0,0.0,0.0,0.0,0.0,0.0,0.03259184553862302,0.03259184553862303,0.01823792392834863,0.001215861595223242,0.03259184553862302,15,1,0.0,0.0
RCINICONZNJXQF,Lung Cancer,0,63.0,0.0,0.0,0.0,0.0,0.0,0.0,0.0,0.0,0.0,0.0,0.0,0.0,0.9941983815907179,0.9941983392277063,0.7481489379607551,0.2544792044528911,0.9941983815907179,15,1,5.548387096774192,0.05506378756972907
RCINICONZNJXQF,Breast Cancer,0,73.0,0.0,0.0,0.0,0.0,0.0,0.0,0.0,0.0,0.0,0.0,0.0,0.0,0.9958826872684627,0.9958826606132426,0.7189793669490522,0.3061028748634998,0.9958826872684627,15,1,15.524999999999999,0.2503486472302925
RCINICONZNJXQF,Lung Cancer,0,63.0,0.0,0.0,0.0,0.0,0.0,0.0,0.0,0.0,0.0,0.0,0.0,0.0,0.9941983815907179,0.9941983392277063,0.7481489379607551,0.2544792044528911,0.9941983815907179,15,1,5.548387096774192,0.05506378756972907
RCINICONZNJXQF,Lung Cancer,0,63.0,0.0,0.0,0.0,0.0,0.0,0.0,0.0,0.0,0.0,0.0,0.0,0.0,0.9941983815907179,0.9941983392277063,0.7481489379607551,0.2544792044528911,0.9941983815907179,15,1,5.548387096774192,0.05506378756972907
RCINICONZNJXQF,Lung Cancer,0,63.0,0.0,0.0,0.0,0.0,0.0,0.0,0.0,0.0,0.0,0.0,0.0,0.0,0.9941983815907179,0.9941983392277063,0.7481489379607551,0.2544792044528911,0.9941983815907179,15,1,5.548387096774192,0.05506378756972907
RCINICONZNJXQF,Cervical Carcinoma,0,65.0,0.0,0.0,0.0,0.0,0.0,0.0,0.0,0.0,0.0,0.0,0.0,0.0,0.6220731601688081,0.6220731601688082,0.09118961964174316,0.01702206233312539,0.6220731601688081,15,1,0.0,0.0
YTFHCXIPDIHOIA,fibrodysplasia ossificans progressiva,0,82.0,0.0,0.0,0.0,0.0,0.0,0.0,0.0,0.0,0.0,0.0,0.0,0.0,0.8462773825861618,0.8462773825861618,0.09934056704125106,0.09934056704125106,0.8462773825861618,1,1,0.0,0.0
IQPSEEYGBUAQFF,Gastrointestinal Hemorrhage,0,50.0,0.0,0.0,0.0,0.0,0.0,0.0,0.0,0.0,0.0,0.0,0.0,0.0,0.6515586912965428,0.6515586912965428,0.17360346256276216,0.17360346256276216,0.6515586912965428,1,1,0.0,0.0
WBXPDJSOTKVWSJ,Lung Cancer,0,54.0,0.0,0.0,0.0,0.0,0.0,0.0,0.0,0.0,0.0,0.0,0.0,0.0,0.9895581916859542,0.9890962963046239,0.9569893847275095,0.5283238873652887,0.9895581916859542,3,1,-3.451612903225808,0.05042359766496529
WBXPDJSOTKVWSJ,NSCLC,0,66.0,0.0,0.0,0.0,0.0,0.0,0.0,0.0,0.0,0.0,0.0,0.0,0.0,0.0,0.0,0.0,0.0,0.0,0,0,9.25,0.0
QPFYXYFORQJZEC,urinary retention,1,22.0,0.0,0.0,0.0,0.0,0.0,0.0,0.0,0.0,0.0,0.0,0.0,0.0,0.0,0.0,0.0,0.0,0.0,0,0,0.0,0.0
DHHVAGZRUROJKS,Obesity,0,55.0,0.0,0.0,0.0,0.0,0.0,0.0,0.0,0.0,0.0,0.0,0.0,0.0,0.9887334764075585,0.9887334764075585,0.0942736997016105,0.0942736997016105,0.9887334764075585,1,1,26.0,0.12684599307735434
ISWRGOKTTBVCFA,Idiopathic Pulmonary Fibrosis,0,70.0,0.0,0.0,0.0,0.0,0.0,0.0,0.0,0.0,0.0,0.0,0.0,0.0,0.0,0.0,0.0,0.0,0.0,0,0,7.0,-0.48128711791489454
LPAUOXUZGSBGDU,Multiple Sclerosis,0,75.0,0.0,0.0,0.0,0.0,0.0,0.0,0.0,0.0,0.0,0.0,0.0,0.0,0.9914416928427081,0.9914416928427081,0.18971314188267613,0.18971314188267613,0.9914416928427081,1,1,17.476190476190474,0.1747518045821197
XOFYZVNMUHMLCC,Prostate Cancer Metastatic,0,50.0,0.0,0.0,0.0,0.0,0.0,0.0,0.0,0.0,0.0,0.0,0.2279740491043579,0.2279740491043579,0.9235621351186311,0.9235621351186311,0.8418425153379159,0.8418425153379159,0.9235621351186311,1,1,0.0,0.0
XOFYZVNMUHMLCC,Cystic Fibrosis Pulmonary Exacerbation,1,45.0,0.0,0.0,0.0,0.0,0.0,0.0,0.0,0.0,0.0,0.0,0.0,0.0,0.0,0.0,0.0,0.0,0.0,0,0,0.0,0.0
ZLHZLMOSPGACSZ,tuberculosis,0,87.0,0.0,0.0,0.0,0.0,0.0,0.0,0.0,0.0,0.0,0.0,0.0,0.0,0.0,0.0,0.0,0.0,0.0,0,0,1.0,0.0
OLBCVFGFOZPWHH,Cognitive Change; Behavior,0,25.0,0.0,0.0,0.0,0.0,0.0,0.0,0.0,0.0,0.0,0.0,0.0,0.0,0.0,0.0,0.0,0.0,0.0,0,0,-1.0,0.0
OLBCVFGFOZPWHH,sedation,0,90.0,0.0,0.0,0.0,0.0,0.0,0.0,0.0,0.0,0.0,0.0,0.0,0.0,0.831446213664533,0.831446213664533,0.0,0.0,0.831446213664533,16,1,2.4000000000000057,-1.1102230246251565e-16
ZPMNHBXQOOVQJL,postoperative ileus,1,68.0,0.0,0.0,0.0,0.0,0.0,0.0,0.0,0.0,0.0,0.0,0.0,0.0,0.0,0.0,0.0,0.0,0.0,0,0,0.0,0.0
URKOMYMAXPYINW,Major Depressive Disorder,0,52.0,0.8596325137173666,0.7033851157839128,0.0,0.0,0.7447641992773767,0.6292936547093594,0.0,0.0,0.0,0.0,0.0,0.0,0.9971757307208892,0.9956021412814979,0.5277557791800126,0.4794526149892077,0.9971757307208892,2,1,3.860465116279073,0.0023478414080478904
CZFFBEXEKNGXKS,HIV infection,0,92.0,0.0,0.0,0.0,0.0,0.0,0.0,0.0,0.0,0.0,0.0,0.0,0.0,0.0,0.0,0.0,0.0,0.0,0,0,20.058823529411768,-0.07569723439911848
ZTVQQQVZCWLTDF,hypotension,0,28.0,0.0,0.0,0.0,0.0,0.0,0.0,0.0,0.0,0.0,0.0,0.0,0.0,0.12158615952232422,0.12158615952232422,0.01823792392834863,0.01823792392834863,0.12158615952232422,1,1,-40.599999999999994,-0.6829759520036074
CYHWMBVXXDIZNZ,General Anaesthesia,0,83.0,0.0,0.0,0.0,0.0,0.0,0.0,0.0,0.0,0.0,0.0,0.0,0.0,0.0,0.0,0.0,0.0,0.0,0,0,0.0,0.0
KRNAOFGYEFKHPB,migraine,0,80.0,0.0,0.0,0.0,0.0,0.0,0.0,0.0,0.0,0.0,0.0,0.0,0.0,0.0,0.0,0.0,0.0,0.0,0,0,10.0,0.0
KRNAOFGYEFKHPB,migraine,0,80.0,0.0,0.0,0.0,0.0,0.0,0.0,0.0,0.0,0.0,0.0,0.0,0.0,0.0,0.0,0.0,0.0,0.0,0,0,10.0,0.0
KGFYHTZWPPHNLQ,Extended Antithrombotic Prophylaxis After Laparoscopic Surgery for Colorectal Cancer,0,82.0,0.0,0.0,0.0,0.0,0.0,0.0,0.0,0.0,0.0,0.0,0.0,0.0,0.0,0.0,0.0,0.0,0.0,0,0,0.0,0.0
KGFYHTZWPPHNLQ,Atrial Fibrillation; Periodontal Disease; Hemorrhage,0,80.0,0.052142484500835654,0.052142484500835654,0.0,0.0,0.0,0.0,0.0,0.0,0.0,0.0,0.0,0.0,0.9878490217600628,0.9878490217600628,0.48919882630160644,0.48919882630160644,0.9878490217600628,1,1,0.0,0.0
KGFYHTZWPPHNLQ,Cerebral Vein Thrombosis,0,78.0,0.4598331959661937,0.4598331959661937,0.0,0.0,0.0,0.0,0.0,0.0,0.0,0.0,0.0,0.0,0.9805101578521203,0.9805101578521203,0.28311318433148297,0.28311318433148297,0.9805101578521203,1,1,0.0,0.0
ZKMNUMMKYBVTFN,Pain,0,78.0,0.0,0.0,0.0,0.0,0.0,0.0,0.0,0.0,0.0,0.0,0.0,0.0,0.9974953049632043,0.9974953049632043,0.10844203789265631,0.10844203789265631,0.9974953049632043,1,1,13.879999999999995,0.05618666085771551
HMABYWSNWIZPAG,Primary Peritoneal Cancer,0,72.0,0.0,0.0,0.0,0.0,0.0,0.0,0.0,0.0,0.0,0.0,0.0,0.0,0.0,0.0,0.012158615952232422,0.012158615952232422,0.012158615952232422,1,1,9.333333333333336,-0.01621148793630989
HMABYWSNWIZPAG,Prostate Cancer,0,66.0,0.0,0.0,0.0,0.0,0.0,0.0,0.0,0.0,0.0,0.0,0.0,0.0,0.8561958800173328,0.7896264195972317,0.4672118834503051,0.19415418723775144,0.8561958800173328,3,1,6.75,0.0036543098347844305
HFNKQEVNSGCOJV,Graft-versus-host Disease (GVHD),0,76.0,0.0,0.0,0.0,0.0,0.0,0.0,0.0,0.0,0.0,0.0,0.0,0.0,0.0,0.0,0.0,0.0,0.0,0,0,0.0,0.0
DEVSOMFAQLZNKR,Multiple Myeloma,0,58.0,0.0,0.0,0.0,0.0,0.0,0.0,0.0,0.0,0.016639851921199027,0.016639851921199027,0.4559480982087158,0.4559480982087158,0.9275185835570487,0.9275185835570487,0.2905726855580247,0.2905726855580247,0.9275185835570487,1,1,-13.63636363636364,0.09080001629884593
DFEYYRMXOJXZRJ,Cognitive Change; Behavior,0,27.0,0.0,0.0,0.0,0.0,0.0,0.0,0.0,0.0,0.0,0.0,0.0,0.0,0.0,0.0,0.0,0.0,0.0,0,0,1.0,0.0
RYMZZMVNJRMUDD,Noonan Syndrome,0,32.0,0.0,0.0,0.0,0.0,0.0,0.0,0.0,0.0,0.0,0.0,0.0,0.0,0.42555155832813474,0.42555155832813474,0.03647584785669726,0.03647584785669726,0.42555155832813474,1,1,0.0,0.0
MFFMDFFZMYYVKS,Type 2 Diabetes,0,55.0,0.0,0.0,0.0,0.0,0.5511044663048749,0.5511044663048749,0.0,0.0,0.0,0.0,0.0,0.0,0.9981950138708703,0.9981950138708703,0.954188839355206,0.954188839355206,0.9981950138708703,1,1,-4.539473684210527,0.01805503837810929
MFFMDFFZMYYVKS,Type 2 Diabetes,0,55.0,0.0,0.0,0.0,0.0,0.5511044663048749,0.5511044663048749,0.0,0.0,0.0,0.0,0.0,0.0,0.9981950138708703,0.9981950138708703,0.954188839355206,0.954188839355206,0.9981950138708703,1,1,-4.539473684210527,0.01805503837810929
MFFMDFFZMYYVKS,Type 2 Diabetes,0,55.0,0.0,0.0,0.0,0.0,0.5511044663048749,0.5511044663048749,0.0,0.0,0.0,0.0,0.0,0.0,0.9981950138708703,0.9981950138708703,0.954188839355206,0.954188839355206,0.9981950138708703,1,1,-4.539473684210527,0.01805503837810929
TTZHDVOVKQGIBA,hepatitis C virus infection,0,96.0,0.0,0.0,0.0,0.0,0.0,0.0,0.0,0.0,0.0,0.0,0.0,0.0,0.0,0.0,0.0,0.0,0.0,0,0,14.472972972972968,0.0
QKDRXGFQVGOQKS,Type 2 Diabetes,0,62.0,0.08930718907979272,0.04465359453989636,0.0,0.0,0.0,0.0,0.0,0.0,0.0,0.0,0.0,0.0,0.9974377552980216,0.9276578004931286,0.9481524627860095,0.6667076968424706,0.9974377552980216,2,1,2.4605263157894726,0.017297779805260594
QKDRXGFQVGOQKS,Type 2 Diabetes,0,62.0,0.08930718907979272,0.04465359453989636,0.0,0.0,0.0,0.0,0.0,0.0,0.0,0.0,0.0,0.0,0.9974377552980216,0.9276578004931286,0.9481524627860095,0.6667076968424706,0.9974377552980216,2,1,2.4605263157894726,0.017297779805260594
QKDRXGFQVGOQKS,Type 2 Diabetes Mellitus,0,62.0,0.08930718907979272,0.04465359453989636,0.0,0.0,0.0,0.0,0.0,0.0,0.0,0.0,0.0,0.0,0.9974377552980216,0.9276578004931286,0.9481524627860095,0.6667076968424706,0.9974377552980216,2,1,-3.2285714285714278,0.027735338757369
QKDRXGFQVGOQKS,Type 2 Diabetes Mellitus,0,62.0,0.08930718907979272,0.04465359453989636,0.0,0.0,0.0,0.0,0.0,0.0,0.0,0.0,0.0,0.0,0.9974377552980216,0.9276578004931286,0.9481524627860095,0.6667076968424706,0.9974377552980216,2,1,-3.2285714285714278,0.027735338757369
WINHZLLDWRZWRT,Renal Cell Carcinoma (RCC),0,78.0,0.0,0.0,0.0,0.0,0.0,0.0,0.0,0.0,0.0,0.0,0.6517524759394587,0.5279645408388153,0.990764789095112,0.9834400233740089,0.9015065009956783,0.40304213844966724,0.990764789095112,9,1,0.0,0.0
PTOIAAWZLUQTIO,insomnia,0,41.0,0.0,0.0,0.0,0.0,0.0,0.0,0.0,0.0,0.0,0.0,0.0,0.0,0.9809657316430056,0.9809657316430056,0.1874245254116097,0.1632561154602769,0.9809657316430056,2,1,-26.25,0.0014496995555920433
LDEKQSIMHVQZJK,HIV-1 infection,0,93.0,0.0,0.0,0.0,0.0,0.0,0.0,0.0,0.0,0.0,0.0,0.0,0.0,0.0,0.0,0.0,0.0,0.0,0,0,3.714285714285708,0.0
UTNUDOFZCWSZMS,Multiple Sclerosis,0,64.0,0.0,0.0,0.0,0.0,0.0,0.0,0.0,0.0,0.0,0.0,0.0,0.0,0.9737407057072986,0.9737407057072986,0.23727798143842557,0.23727798143842557,0.9737407057072986,1,1,6.4761904761904745,0.15705081744671023
UTNUDOFZCWSZMS,Multiple Sclerosis,0,64.0,0.0,0.0,0.0,0.0,0.0,0.0,0.0,0.0,0.0,0.0,0.0,0.0,0.9737407057072986,0.9737407057072986,0.23727798143842557,0.23727798143842557,0.9737407057072986,1,1,6.4761904761904745,0.15705081744671023
OEKWJQXRCDYSHL,Coronary Artery Disease; Myocardial Ischemia; Myocardial Infarction; Stent Thrombosis; Cardiovascular Diseases,1,80.0,0.0,0.0,0.0,0.0,0.0,0.0,0.0,0.0,0.0,0.0,0.0,0.0,0.9976134733445021,0.9976134733445021,0.31455328780724245,0.31455328780724245,0.9976134733445021,1,1,0.0,0.0
PKVRCIRHQMSYJX,leiomyosarcoma,0,58.0,0.0,0.0,0.0,0.0,0.0,0.0,0.0,0.0,0.0,0.0,0.0,0.0,0.0,0.0,0.0,0.0,0.0,0,0,0.0,0.0
TVYLLZQTGLZFBW,Pain Management,0,48.0,0.0,0.0,0.0,0.0,0.0,0.0,0.0,0.0,0.0,0.0,0.0,0.0,0.0,0.0,0.0,0.0,0.0,0,0,-10.0,0.0
TVYLLZQTGLZFBW,Pain Management,0,48.0,0.0,0.0,0.0,0.0,0.0,0.0,0.0,0.0,0.0,0.0,0.0,0.0,0.0,0.0,0.0,0.0,0.0,0,0,-10.0,0.0
TZIZWYVVGLXXFV,Osteoarthritis,0,38.0,0.03917430693449476,0.03917430693449476,0.0,0.0,0.0,0.0,0.0,0.0,0.0,0.0,0.0,0.0,0.9956543606403514,0.9956543606403514,0.10105882334360619,0.10105882334360619,0.9956543606403514,1,1,-1.6923076923076934,0.1536399386795423
TZIZWYVVGLXXFV,Osteoarthritis,0,38.0,0.03917430693449476,0.03917430693449476,0.0,0.0,0.0,0.0,0.0,0.0,0.0,0.0,0.0,0.0,0.9956543606403514,0.9956543606403514,0.10105882334360619,0.10105882334360619,0.9956543606403514,1,1,-1.6923076923076934,0.1536399386795423
OOLLAFOLCSJHRE,contraception,0,87.0,0.0,0.0,0.0,0.0,0.0,0.0,0.0,0.0,0.0,0.0,0.0,0.0,0.9907445285729573,0.9907445285729573,0.0,0.0,0.9907445285729573,1,1,35.0,0.3619895160821154
WYQFJHHDOKWSHR,Rheumatoid Arthritis,0,80.0,0.5291414251952968,0.5291414251952968,0.0,0.0,0.2584313820647001,0.2584313820647001,0.0,0.0,0.0,0.0,0.0,0.0,0.9916966583306238,0.9916966583306238,0.3785285514892235,0.3785285514892235,0.9916966583306238,1,1,8.574468085106389,0.10284476801620901
WYQFJHHDOKWSHR,Psoriatic Arthritis,0,73.0,0.0,0.0,0.0,0.0,0.0,0.0,0.0,0.0,0.0,0.0,0.0,0.0,0.8511520743079273,0.8511520743079273,0.24159185910101472,0.24159185910101472,0.8511520743079273,1,1,4.900000000000006,-0.03899690026151437
WYQFJHHDOKWSHR,Psoriatic Arthritis,0,73.0,0.0,0.0,0.0,0.0,0.0,0.0,0.0,0.0,0.0,0.0,0.0,0.0,0.8511520743079273,0.8511520743079273,0.24159185910101472,0.24159185910101472,0.8511520743079273,1,1,4.900000000000006,-0.03899690026151437
WYQFJHHDOKWSHR,Crohn's disease,0,70.0,0.0,0.0,0.0,0.0,0.0,0.0,0.0,0.0,0.0,0.0,0.0,0.0,0.6536431905776742,0.6536431905776742,0.1656717941068985,0.1656717941068985,0.6536431905776742,1,1,5.0,-0.03823806111839645
WYQFJHHDOKWSHR,Crohn's disease,0,70.0,0.0,0.0,0.0,0.0,0.0,0.0,0.0,0.0,0.0,0.0,0.0,0.0,0.6536431905776742,0.6536431905776742,0.1656717941068985,0.1656717941068985,0.6536431905776742,1,1,5.0,-0.03823806111839645
JQSHBVHOMNKWFT,smoking cessation,0,82.0,0.7252476303015531,0.3626238151507766,0.0,0.0,0.0,0.0,0.0,0.0,0.0,0.0,0.0,0.0,0.691865354020246,0.691865354020246,0.0,0.0,0.7252476303015531,2,1,4.285714285714292,-1.1102230246251565e-16
JQSHBVHOMNKWFT,tobacco use disorder,0,82.0,0.8114041190865997,0.664414628299413,0.0,0.0,0.0,0.0,0.0,0.0,0.0,0.0,0.0,0.0,0.9940839114469342,0.9940839114469342,0.39730113269289685,0.25609873597518834,0.9940839114469342,2,1,0.0,0.0
GPXBXXGIAQBQNI,Advanced Melanoma,0,85.0,0.0,0.0,0.0,0.0,0.0,0.0,0.0,0.0,0.0,0.0,0.0,0.0,0.0,0.0,0.0,0.0,0.0,0,0,26.5,0.0
LQBVNQSMGBZMKD,Acute Myeloid Leukemia,1,80.0,0.0,0.0,0.0,0.0,0.45432061680260966,0.45432061680260966,0.25229128100882275,0.25229128100882275,0.0,0.0,0.4559480982087158,0.4559480982087158,0.6776043859744464,0.6776043859744464,0.967540779730476,0.967540779730476,0.967540779730476,1,1,17.81818181818182,0.06745996478884775
LQBVNQSMGBZMKD,Cell Lymphoma,0,77.0,0.0,0.0,0.0,0.0,0.0,0.0,0.0,0.0,0.0,0.0,0.3039653988058105,0.3039653988058105,0.49649526571452435,0.49649526571452435,0.5837637544173192,0.5837637544173192,0.5837637544173192,1,1,10.666666666666671,-0.08347496517954422
YQNWZWMKLDQSAC,Major Depressive Disorder,0,52.0,0.0,0.0,0.0,0.0,0.8033968449665265,0.48888818114358185,0.0,0.0,0.0,0.0,0.0,0.0,0.9994065355213364,0.9912940113854224,0.8034560660154578,0.4767771219535306,0.9994065355213364,3,1,3.860465116279073,0.00457864620849513
UBQNRHZMVUUOMG,alcohol dependence,1,31.0,0.0,0.0,0.0,0.0,0.0,0.0,0.0,0.0,0.0,0.0,0.0,0.0,0.938561826610206,0.938561826610206,0.03647584785669726,0.003647584785669726,0.938561826610206,10,1,-4.5,0.1647148993739005
HYHMLYSLQUKXKP,Hypercholesterolemia,0,76.0,0.0,0.0,0.0,0.0,0.0,0.0,0.0,0.0,0.0,0.0,0.0,0.0,0.8849319116502407,0.8849319116502407,0.20178027461714107,0.20178027461714107,0.8849319116502407,1,1,-4.357142857142861,-0.08597326672638039
UREBDLICKHMUKA,Multiple Myeloma,0,67.0,0.0,0.0,0.0,0.0,0.0,0.0,0.0,0.0,0.0,0.0,0.0,0.0,0.9809307646396322,0.9809307646396322,0.6774934245753107,0.6774934245753107,0.9809307646396322,1,1,-4.63636363636364,0.14421219738142943
GYQYAJJFPNQOOW,Acute Myeloid Leukemia,1,79.0,0.547137717850459,0.2735688589252295,0.3039653988058105,0.15198269940290526,0.5315118267028281,0.2657559133514141,0.8403921691290585,0.4201960845645292,0.0,0.0,0.8749189368575546,0.4374594684287773,0.9757346630479552,0.9570497064035417,0.9984664438716464,0.9725244149413742,0.9984664438716464,2,1,16.81818181818182,0.09838562893001812
YALNUENQHAQXEA,Duchenne muscular dystrophy,0,52.0,0.0,0.0,0.0,0.0,0.0,0.0,0.0,0.0,0.0,0.0,0.0,0.0,0.8513610401810024,0.8513610401810024,0.14263238599630654,0.07105233414502322,0.8513610401810024,4,1,0.0,0.0
XYFPWWZEPKGCCK,Follicular Lymphoma,0,70.0,0.0,0.0,0.0,0.0,0.0,0.0,0.0,0.0,0.0,0.0,0.0,0.0,0.6267863962770677,0.6267863962770677,0.28057322749014374,0.28057322749014374,0.6267863962770677,1,1,6.666666666666664,-0.19890628775707697
XYFPWWZEPKGCCK,Chronic Graft Versus Host Disease,1,70.0,0.0,0.0,0.0,0.0,0.0,0.0,0.0,0.0,0.0,0.0,0.0,0.0,0.5623056601772632,0.5623056601772632,0.14715672422917578,0.14715672422917578,0.5623056601772632,1,1,0.0,0.0
USSIQXCVUWKGNF,Medication-assisted Treatment of Opioid Use Disorder,0,86.0,0.0,0.0,0.0,0.0,0.0,0.0,0.0,0.0,0.0,0.0,0.0,0.0,0.0,0.0,0.0,0.0,0.0,0,0,0.0,0.0
FDLYAMZZIXQODN,Prostate Cancer,0,70.0,0.0,0.0,0.0,0.0,0.0,0.0,0.0,0.0,0.0,0.0,0.0,0.0,0.8561958800173328,0.7896264195972317,0.4672118834503051,0.19415418723775144,0.8561958800173328,3,1,10.75,0.0036543098347844305
OIGNJSKKLXVSLS,Pulpitis,0,52.0,0.0,0.0,0.0,0.0,0.0,0.0,0.0,0.0,0.0,0.0,0.0,0.0,0.5390741912988047,0.5390741912988047,0.0,0.0,0.5390741912988047,1,1,0.0,0.0
YXRDKMPIGHSVRX,Muscle Relaxation,0,94.0,0.0,0.0,0.0,0.0,0.0,0.0,0.0,0.0,0.0,0.0,0.0,0.0,0.0,0.0,0.0,0.0,0.0,0,0,0.0,0.0
YOZBGTLTNGAVFU,chronic kidney disease,0,84.0,0.0,0.0,0.0,0.0,0.0,0.0,0.0,0.0,0.0406507197601978,0.01016267994004945,0.0,0.0,0.9653502609900895,0.9608338856271764,0.09641155172205604,0.050272620071034266,0.9653502609900895,4,1,15.200000000000003,-0.014294610786585449
YOZBGTLTNGAVFU,chronic kidney disease,0,84.0,0.0,0.0,0.0,0.0,0.0,0.0,0.0,0.0,0.0406507197601978,0.01016267994004945,0.0,0.0,0.9653502609900895,0.9608338856271764,0.09641155172205604,0.050272620071034266,0.9653502609900895,4,1,15.200000000000003,-0.014294610786585449
RZVAJINKPMORJF,Non-melanoma Skin Cancer,0,9.0,0.0,0.0,0.0,0.0,0.0,0.0,0.0,0.0,0.0,0.0,0.0,0.0,0.0,0.0,0.0,0.0,0.0,0,0,0.0,0.0
NDAUXUAQIAJITI,Congestive heart failure,0,15.0,0.0,0.0,0.0,0.0,0.0,0.0,0.0,0.0,0.0,0.0,0.0,0.0,0.9729201456564128,0.9729201456564128,0.22706933082982955,0.22706933082982955,0.9729201456564128,1,1,0.0,0.0
QNZCBYKSOIHPEH,Symptomatic Aortic Stenosis; Eligible for Transcatheter Aortic Valve Replacement,1,40.0,0.0,0.0,0.0,0.0,0.0,0.0,0.0,0.0,0.0,0.0,0.0,0.0,0.0,0.0,0.0,0.0,0.0,0,0,0.0,0.0
KXNPVXPOPUZYGB,venous thromboembolism,0,78.0,0.8029343088516327,0.8029343088516327,0.0,0.0,0.0,0.0,0.0,0.0,0.0,0.0,0.0,0.0,0.9238568413117675,0.9238568413117675,0.4027790681327526,0.4027790681327526,0.9238568413117675,1,1,-4.0,-0.03499533849989844
XUKUURHRXDUEBC,Diabetes,0,20.0,0.0,0.0,0.0,0.0,0.0,0.0,0.0,0.0,0.0,0.0,0.0,0.0,0.0,0.0,0.0,0.0,0.0,0,0,-41.733333333333334,0.0
XUKUURHRXDUEBC,Bicuspid Aortic Valve,1,21.0,0.0,0.0,0.0,0.0,0.0,0.0,0.0,0.0,0.0,0.0,0.0,0.0,0.42555155832813474,0.42555155832813474,0.0,0.0,0.42555155832813474,1,1,0.0,0.0
XUKUURHRXDUEBC,Hypercholesterolemia in Coronaory Heart Disease,0,90.0,0.0,0.0,0.0,0.0,0.0,0.0,0.0,0.0,0.0,0.0,0.0,0.0,0.0,0.0,0.0,0.0,0.0,0,0,0.0,0.0
RKUNBYITZUJHSG,Myopia,0,58.0,0.0,0.0,0.0,0.0,0.0,0.0,0.0,0.0,0.0,0.0,0.0,0.0,0.0,0.0,0.0,0.0,0.0,0,0,0.0,0.0
KPYSYYIEGFHWSV,alcohol use disorder,1,43.0,0.0,0.0,0.0,0.0,0.0,0.0,0.0,0.0,0.0,0.0,0.0,0.0,0.0,0.0,0.0,0.0,0.0,0,0,0.0,0.0
HYHMLYSLQUKXKP,Hypercholesterolemia; Atherosclerosis; Statin Adverse Reaction,0,82.0,0.0,0.0,0.0,0.0,0.0,0.0,0.0,0.0,0.0,0.0,0.0,0.0,0.8849319116502407,0.8849319116502407,0.20178027461714107,0.20178027461714107,0.8849319116502407,1,1,0.0,0.0
VOVIALXJUBGFJZ,Acute Mountain Sickness,0,44.0,0.0,0.0,0.0,0.0,0.0,0.0,0.0,0.0,0.0,0.0,0.0,0.0,0.0,0.0,0.0,0.0,0.0,0,0,0.0,0.0
LEBVLXFERQHONN,Pain,0,62.0,0.547137717850459,0.547137717850459,0.0,0.0,0.0,0.0,0.0,0.0,0.0,0.0,0.0,0.0,0.9987210058300428,0.9987210058300428,0.07404934854241552,0.07404934854241552,0.9987210058300428,1,1,-2.1200000000000045,0.057412361724553995
RMRJXGBAOAMLHD,Pain,0,77.0,0.5236630062353352,0.2618315031176676,0.0,0.0,0.0,0.0,0.0,0.0,0.0,0.0,0.0,0.0,0.9996035856741771,0.9990946928538968,0.14216217234942638,0.08457911524123939,0.9996035856741771,2,1,12.879999999999995,0.05829494156868831
SNPPWIUOZRMYNY,Major Depressive Disorder,0,58.0,0.0,0.0,0.0,0.0,0.5401465136779253,0.18004883789264178,0.0,0.0,0.0,0.0,0.0,0.0,0.9989505958028947,0.8753736903695697,0.5155319005457124,0.3575904719101033,0.9989505958028947,3,1,9.860465116279073,0.004122706490053418
QWCRAEMEVRGPNT,Parkinson' Disease,1,24.0,0.0,0.0,0.0,0.0,0.0,0.0,0.0,0.0,0.0,0.0,0.0,0.0,0.0,0.0,0.0,0.0,0.0,0,0,0.0,0.0
HVFLCNVBZFFHBT,Septic Shock,0,78.0,0.0,0.0,0.0,0.0,0.0,0.0,0.0,0.0,0.0,0.0,0.0,0.0,0.0,0.0,0.0,0.0,0.0,0,0,22.0,0.0
GAGWJHPBXLXJQN,Organ Preservation in Rectal Cancer,0,73.0,0.0,0.0,0.0,0.0,0.0,0.0,0.0,0.0,0.0,0.0,0.0,0.0,0.0,0.0,0.0,0.0,0.0,0,0,0.0,0.0
GAGWJHPBXLXJQN,Advanced Rectal Carcinoma,0,72.0,0.0,0.0,0.0,0.0,0.0,0.0,0.0,0.0,0.0,0.0,0.0,0.0,0.838789638431987,0.838789638431987,0.12082018050261244,0.12082018050261244,0.838789638431987,1,1,0.0,0.0
YKPUWZUDDOIDPM,Acute Pain,0,58.0,0.0,0.0,0.0,0.0,0.0,0.0,0.0,0.0,0.0,0.0,0.0,0.0,0.0,0.0,0.0,0.0,0.0,0,0,3.6666666666666643,0.0
KPWSJANDNDDRMB,Treatment of the Depressive Episode in Participants With Bipolar I Disorder,0,60.0,0.8596325137173666,0.4298162568586833,0.0,0.0,0.6751831420974066,0.5945031261193743,0.0,0.0,0.0,0.0,0.0,0.0,0.9940285518421067,0.9853502868068297,0.508995189072585,0.4700723199354939,0.9940285518421067,2,1,0.0,0.0
KPWSJANDNDDRMB,Depression,0,43.0,0.0,0.0,0.0,0.0,0.0,0.0,0.0,0.0,0.0,0.0,0.0,0.0,0.0,0.0,0.0,0.0,0.0,0,0,-1.0,0.0
DBPPRLRVDVJOCL,Sepsis,0,78.0,0.0,0.0,0.0,0.0,0.0,0.0,0.0,0.0,0.0,0.0,0.0,0.0,0.0,0.0,0.0,0.0,0.0,0,0,21.25,-0.3995915322824751
GPRBEKHLDVQUJE,bacterial infection,0,84.0,0.0,0.0,0.0,0.0,0.0,0.0,0.0,0.0,0.0,0.0,0.0,0.0,0.0,0.0,0.0,0.0,0.0,0,0,-1.5,0.0
RZEKVGVHFLEQIL,Osteoarthritis,0,45.0,0.0,0.0,0.0,0.0,0.0,0.0,0.0,0.0,0.04398940613060317,0.04398940613060317,0.0,0.0,0.9992920723058388,0.9992920723058388,0.39550523801329834,0.39550523801329834,0.9992920723058388,1,1,5.307692307692307,0.15727765034502972
RZEKVGVHFLEQIL,Depression,1,28.0,0.0,0.0,0.0,0.0,0.0,0.0,0.0,0.0,0.0,0.0,0.0,0.0,0.0,0.0,0.0,0.0,0.0,0,0,-16.0,0.0
RZEKVGVHFLEQIL,Low Back Pain,0,25.0,0.0,0.0,0.0,0.0,0.0,0.0,0.0,0.0,0.0,0.0,0.0,0.0,0.6836084480054001,0.6836084480054001,0.04129763014686579,0.04129763014686579,0.6836084480054001,1,1,-5.666666666666668,1.1102230246251565e-16
WDQPAMHFFCXSNU,"Tuberculosis, Multidrug-Resistant; Infection, Bacterial; Pulmonary Tuberculoses",0,82.0,0.0,0.0,0.0,0.0,0.0,0.0,0.0,0.0,0.0,0.0,0.0,0.0,0.0,0.0,0.0,0.0,0.0,0,0,-0.4000000000000057,0.0
GJSURZIOUXUGAL,Locoregional Analgesia in Breast Surgery,0,68.0,0.0,0.0,0.0,0.0,0.0,0.0,0.0,0.0,0.0,0.0,0.0,0.0,0.0,0.0,0.0,0.0,0.0,0,0,-10.0,0.0
IAKHMKGGTNLKSZ,stroke,1,40.0,0.0,0.0,0.0,0.0,0.0,0.0,0.0,0.0,0.0,0.0,0.0,0.0,0.5319394479101685,0.5319394479101687,0.08814996565368506,0.02049514846392512,0.5319394479101685,15,1,0.0,0.0
KTEIFNKAUNYNJU,Anaplastic Lymphoma,0,88.0,0.0,0.0,0.0,0.0,0.0,0.0,0.0,0.0,0.0,0.0,0.6839221473130737,0.2279740491043579,0.6701183875661991,0.24098708669193822,0.9967418464777233,0.40863962819677213,0.9967418464777233,6,1,0.6666666666666714,1.1102230246251565e-16
KSGXQBZTULBEEQ,Thromboembolism,0,85.0,0.8525806695403524,0.8525806695403524,0.0,0.0,0.0,0.0,0.0,0.0,0.0,0.0,0.0,0.0,0.7967101972366297,0.7967101972366297,0.17112842424202165,0.17112842424202165,0.8525806695403524,1,1,0.0,0.0
JVHXJTBJCFBINQ,Type 2 Diabetes,0,60.0,0.0,0.0,0.0,0.0,0.0,0.0,0.0,0.0,0.0,0.0,0.0,0.0,0.9974377552980216,0.9974377552980216,0.9481524627860095,0.9481524627860095,0.9974377552980216,1,1,0.46052631578947256,0.017297779805260594
JVHXJTBJCFBINQ,Type 2 Diabetes Mellitus,1,58.0,0.0,0.0,0.0,0.0,0.0,0.0,0.0,0.0,0.0,0.0,0.0,0.0,0.9974377552980216,0.9974377552980216,0.9481524627860095,0.9481524627860095,0.9974377552980216,1,1,-7.228571428571428,0.027735338757369
RUEYEZADQJCKGV,anemia,0,83.0,0.0,0.0,0.0,0.0,0.8177217992498811,0.27730615417616333,0.0,0.0,0.0,0.0,0.0,0.0,0.9005842133665669,0.86558540394456,0.15401024054025744,0.057964789141936396,0.9005842133665669,4,1,7.375,0.07674099441576088
RUEYEZADQJCKGV,aspergillosis,0,5.0,0.0,0.0,0.0,0.0,0.0,0.0,0.0,0.0,0.0,0.0,0.0,0.0,0.0,0.0,0.0,0.0,0.0,0,0,0.0,0.0
NBRBXGKOEOGLOI,hepatitis C virus infection,0,86.0,0.0,0.0,0.0,0.0,0.0,0.0,0.0,0.0,0.0,0.0,0.0,0.0,0.0,0.0,0.0,0.0,0.0,0,0,4.472972972972968,0.0
DYDCPNMLZGFQTM,Community Acquired Bacterial Pneumonia,0,82.0,0.0,0.0,0.0,0.0,0.0,0.0,0.0,0.0,0.0,0.0,0.0,0.0,0.0,0.0,0.0,0.0,0.0,0,0,0.0,0.0
XDAOLTSRNUSPPH,"Tuberculosis, Multidrug-Resistant; Infection, Bacterial; Pulmonary Tuberculoses",0,83.0,0.0,0.0,0.0,0.0,0.0,0.0,0.0,0.0,0.0,0.0,0.0,0.0,0.0,0.0,0.0,0.0,0.0,0,0,0.5999999999999943,0.0
DPYMFVXJLLWWEU,"Anesthesia, General",0,88.0,0.0,0.0,0.0,0.0,0.0,0.0,0.0,0.0,0.0,0.0,0.0,0.0,0.0,0.0,0.0,0.0,0.0,0,0,0.0,0.0
DPYMFVXJLLWWEU,Anesthesia,0,88.0,0.0,0.0,0.0,0.0,0.0,0.0,0.0,0.0,0.0,0.0,0.0,0.0,0.0,0.0,0.0,0.0,0.0,0,0,3.6666666666666714,0.0
DPYMFVXJLLWWEU,Anesthesia,0,88.0,0.0,0.0,0.0,0.0,0.0,0.0,0.0,0.0,0.0,0.0,0.0,0.0,0.0,0.0,0.0,0.0,0.0,0,0,3.6666666666666714,0.0
UREBDLICKHMUKA,Macular Edema,0,65.0,0.0,0.0,0.0,0.0,0.0,0.0,0.0,0.0,0.0,0.0,0.0,0.0,0.09118961964174316,0.09118961964174316,0.0,0.0,0.09118961964174316,1,1,0.0,0.0
UREBDLICKHMUKA,Glaucoma,0,18.0,0.0,0.0,0.0,0.0,0.0,0.0,0.0,0.0,0.0,0.0,0.0,0.0,0.6146582163037726,0.6146582163037726,0.18403588235085666,0.18403588235085666,0.6146582163037726,1,1,0.0,0.0
UREBDLICKHMUKA,Migraine,0,28.0,0.0,0.0,0.0,0.0,0.0,0.0,0.0,0.0,0.0,0.0,0.0,0.0,0.0,0.0,0.0,0.0,0.0,0,0,-0.6666666666666679,0.0
UREBDLICKHMUKA,Multiple Myeloma,0,67.0,0.0,0.0,0.0,0.0,0.0,0.0,0.0,0.0,0.0,0.0,0.0,0.0,0.9809307646396322,0.9809307646396322,0.6774934245753107,0.6774934245753107,0.9809307646396322,1,1,-4.63636363636364,0.14421219738142943
UREBDLICKHMUKA,Pain Management After Surgery,0,35.0,0.0,0.0,0.0,0.0,0.0,0.0,0.0,0.0,0.0,0.0,0.0,0.0,0.0,0.0,0.0,0.0,0.0,0,0,0.0,0.0
MJIHNNLFOKEZEW,Heartburn; Gastroesophageal Reflux Disease,1,78.0,0.0,0.0,0.0,0.0,0.0,0.0,0.0,0.0,0.0,0.0,0.0,0.0,0.6509534255216691,0.6509534255216691,0.13201825167804915,0.0812073957793151,0.6509534255216691,2,1,0.0,0.0
DCOPUUMXTXDBNB,Acute Pain,0,50.0,0.0,0.0,0.0,0.0,0.0,0.0,0.0,0.0,0.0,0.0,0.0,0.0,0.0,0.0,0.0,0.0,0.0,0,0,-4.333333333333336,0.0
JGMOKGBVKVMRFX,threatened miscarriage,1,48.0,0.0,0.0,0.0,0.0,0.0,0.0,0.0,0.0,0.0,0.0,0.0,0.0,0.0,0.0,0.0,0.0,0.0,0,0,0.0,0.0
GBXSMTUPTTWBMN,Chronic Heart Failure With Reduced Ejection Fraction,0,82.0,0.0,0.0,0.0,0.0,0.34136834112886555,0.34136834112886555,0.0,0.0,0.0,0.0,0.0,0.0,0.0,0.0,0.0,0.0,0.34136834112886555,1,1,0.0,0.0
WXCXUHSOUPDCQV,Prostate Cancer,0,88.0,0.8728762805808241,0.8728762805808241,0.0,0.0,0.0,0.0,0.9285669064556789,0.9285669064556789,0.0,0.0,0.8304717518195258,0.8304717518195258,0.9918367794935794,0.9918367794935794,0.995170788956094,0.995170788956094,0.995170788956094,1,1,28.75,0.14262921877354562
JUKPWJGBANNWMW,Essential Hypertension,0,48.0,0.5561947301557132,0.5561947301557132,0.0,0.0,0.0,0.0,0.0,0.0,0.0,0.0,0.0,0.0,0.8241904064679962,0.8241904064679962,0.11224803822990696,0.11224803822990696,0.8241904064679962,1,1,-23.200000000000003,-0.02936087162542178
HLFSMUUOKPBTSM,Complicated Intra-abdominal Infections; Complicated Appendicitis,0,82.0,0.0,0.0,0.0,0.0,0.0,0.0,0.0,0.0,0.0,0.0,0.0,0.0,0.0,0.0,0.0,0.0,0.0,0,0,0.0,0.0
VOXZDWNPVJITMN,Atrophic Vaginitis,0,87.0,0.0,0.0,0.0,0.0,0.0,0.0,0.0,0.0,0.0,0.0,0.0,0.0,0.8532295837062074,0.8532295837062074,0.028876712886552,0.028876712886552,0.8532295837062074,1,1,0.0,0.0
VJJPUSNTGOMMGY,Lung Cancer,0,62.0,0.0,0.0,0.0,0.0,0.0,0.0,0.0,0.0,0.0,0.0,0.0,0.0,0.9435428448517708,0.943189866540751,0.9572363672146095,0.5768539297914405,0.9572363672146095,2,1,4.548387096774192,0.018101773193620607
OLNTVTPDXPETLC,Hypercholesterolemia,0,75.0,0.8158801617544358,0.8158801617544358,0.0,0.0,0.0,0.0,0.0,0.0,0.0,0.0,0.0,0.0,0.9919633381901906,0.9919633381901906,0.1313564894078266,0.1313564894078266,0.9919633381901906,1,1,-5.357142857142861,0.02105815981356951
OLNTVTPDXPETLC,Hypercholesterolemia; Familial Hypercholesterolemia,0,65.0,0.8158801617544358,0.8158801617544358,0.0,0.0,0.0,0.0,0.0,0.0,0.0,0.0,0.0,0.0,0.9919633381901906,0.9919633381901906,0.1313564894078266,0.1313564894078266,0.9919633381901906,1,1,0.0,0.0
OLNTVTPDXPETLC,Hypercholesterolemia,0,75.0,0.8158801617544358,0.8158801617544358,0.0,0.0,0.0,0.0,0.0,0.0,0.0,0.0,0.0,0.0,0.9919633381901906,0.9919633381901906,0.1313564894078266,0.1313564894078266,0.9919633381901906,1,1,-5.357142857142861,0.02105815981356951
YMTINGFKWWXKFG,primary biliary cirrhosis,0,42.0,0.0,0.0,0.0,0.0,0.0,0.0,0.0,0.0,0.0,0.0,0.0,0.0,0.0,0.0,0.0,0.0,0.0,0,0,0.0,0.0
YMTINGFKWWXKFG,severe hypertriglyceridemia,0,77.0,0.0,0.0,0.0,0.0,0.0,0.0,0.0,0.0,0.0,0.0,0.0,0.0,0.0,0.0,0.0,0.0,0.0,0,0,0.0,0.0
YMTINGFKWWXKFG,severe hypertriglyceridemia,0,77.0,0.0,0.0,0.0,0.0,0.0,0.0,0.0,0.0,0.0,0.0,0.0,0.0,0.0,0.0,0.0,0.0,0.0,0,0,0.0,0.0
PJMPHNIQZUBGLI,Obesity,0,4.0,0.0,0.0,0.0,0.0,0.4396185366019365,0.4396185366019365,0.0,0.0,0.0,0.0,0.0,0.0,0.939987915400738,0.939987915400738,0.2952588545459577,0.2952588545459577,0.939987915400738,1,1,-25.0,0.07810043207053385
MIWWSGDADVMLTG,"Trypanosomiasis, African; Sleeping Sickness; Trypanosomiasis; Gambian",0,88.0,0.0,0.0,0.0,0.0,0.0,0.0,0.0,0.0,0.0,0.0,0.0,0.0,0.0,0.0,0.0,0.0,0.0,0,0,0.0,0.0
RIJLVEAXPNLDTC,Rheumatoid Arthritis,0,80.0,0.9206099686872204,0.49688125496941016,0.0,0.0,0.4085531377482498,0.25682627588933943,0.0,0.0,0.0,0.0,0.0,0.0,0.9916966583306238,0.9903763105270122,0.7819688254142984,0.4874892762149199,0.9916966583306238,4,1,8.574468085106389,0.10284476801620901
RIJLVEAXPNLDTC,Rheumatoid Arthritis,0,80.0,0.9206099686872204,0.49688125496941016,0.0,0.0,0.4085531377482498,0.25682627588933943,0.0,0.0,0.0,0.0,0.0,0.0,0.9916966583306238,0.9903763105270122,0.7819688254142984,0.4874892762149199,0.9916966583306238,4,1,8.574468085106389,0.10284476801620901
RIJLVEAXPNLDTC,Rheumatoid Arthritis,0,80.0,0.9206099686872204,0.49688125496941016,0.0,0.0,0.4085531377482498,0.25682627588933943,0.0,0.0,0.0,0.0,0.0,0.0,0.9916966583306238,0.9903763105270122,0.7819688254142984,0.4874892762149199,0.9916966583306238,4,1,8.574468085106389,0.10284476801620901
RIJLVEAXPNLDTC,ulcerative colitis,0,72.0,0.783952881683333,0.21114125509623233,0.0,0.0,0.309375982904554,0.0773439957261385,0.0,0.0,0.10574779121881082,0.03761624302685326,0.4559480982087158,0.18997837425363157,0.858111634807134,0.8576969147136707,0.5490833602935111,0.32180473885965416,0.858111634807134,4,1,1.3333333333333286,-0.07844088411248284
RIJLVEAXPNLDTC,Crohn's disease,0,55.0,0.7683573739328637,0.3796515823098102,0.0,0.0,0.309375982904554,0.0773439957261385,0.0,0.0,0.03446987100163198,0.008617467750407995,0.0,0.0,0.653777812441516,0.653601781242526,0.33088312069947395,0.16775383146970116,0.7683573739328637,4,1,-10.0,0.07647612223679312
DBEPLOCGEIEOCV,androgenetic alopecia,0,78.0,0.0,0.0,0.0,0.0,0.0,0.0,0.0,0.0,0.0,0.0,0.0,0.0,0.0,0.0,0.0,0.0,0.0,0,0,0.0,0.0
RTHCYVBBDHJXIQ,Psychotic Disorders; Personality Disorders; Clinical High Risk,0,22.0,0.57344168862397,0.57344168862397,0.006079307976116211,0.006079307976116211,0.9434383708943879,0.9434383708943879,0.0,0.0,0.0,0.0,0.0,0.0,0.9995587795332861,0.9995587795332861,0.9557965976668639,0.9557965976668639,0.9995587795332861,1,1,0.0,0.0
WMWTYOKRWGGJOA,asthma,0,80.0,0.0,0.0,0.0,0.0,0.0,0.0,0.0,0.0,0.0,0.0,0.0,0.0,0.9988298364350643,0.9988298364350643,0.715329212260515,0.715329212260515,0.9988298364350643,1,1,14.125,0.06337853867771814
SDUQYLNIPVEERB,Urinary Bladder Neoplasms,0,50.0,0.0,0.0,0.0,0.0,0.0,0.0,0.0,0.0,0.0,0.0,0.0,0.0,0.6857575275219377,0.6857575275219377,0.5072934734827736,0.5072934734827736,0.6857575275219377,1,1,0.0,0.0
SDUQYLNIPVEERB,Metastatic Urothelial Carcinoma,0,48.0,0.0,0.0,0.0,0.0,0.0,0.0,0.0,0.0,0.0,0.0,0.0,0.0,0.6392776900217882,0.6392776900217882,0.015198269940290528,0.015198269940290528,0.6392776900217882,1,1,0.0,0.0
SDUQYLNIPVEERB,"Carcinoma, Pancreatic Ductal",0,42.0,0.0,0.0,0.0,0.0,0.0,0.0,0.0,0.0,0.0,0.0,0.0,0.0,0.0,0.0,0.0,0.0,0.0,0,0,0.0,0.0
WIGIZIANZCJQQY,Type 2 Diabetes,0,48.0,0.9356596165007461,0.9349191954104858,0.9066612367713315,0.8860591375189377,0.6047921859992851,0.30239609299964254,0.0,0.0,0.0,0.0,0.7133145042531812,0.6661430003140467,0.9984995303029797,0.9984995303029797,0.921228327080409,0.8332079592228658,0.9984995303029797,2,1,-11.539473684210527,0.01835955481021867
JYGXADMDTFJGBT,Congenital Adrenal Hyperplasia,0,88.0,0.0,0.0,0.0,0.0,0.5357133647682848,0.5357133647682848,0.0,0.0,0.0,0.0,0.0,0.0,0.9466715863312233,0.9466715863312233,0.25974662491007844,0.25974662491007844,0.9466715863312233,1,1,0.0,0.0
XYFPWWZEPKGCCK,Previously Untreated Chronic Lymphocytic Leukemia,0,87.0,0.0,0.0,0.0,0.0,0.0,0.0,0.0,0.0,0.0,0.0,0.0,0.0,0.0,0.0,0.0,0.0,0.0,0,0,0.0,0.0
HEFNNWSXXWATRW,Patent Ductus Arteriosus,0,83.0,0.0,0.0,0.0,0.0,0.0,0.0,0.0,0.0,0.0,0.0,0.0,0.0,0.9597896975243801,0.9597896975243801,0.6368284955532488,0.35818305412038465,0.9597896975243801,2,1,0.0,0.0
YOSHYTLCDANDAN,"Ehlers-Danlos Syndrome, Vascular Type",0,38.0,0.0,0.0,0.0,0.0,0.0,0.0,0.0,0.0,0.0,0.0,0.0,0.0,0.42555155832813474,0.42555155832813474,0.0,0.0,0.42555155832813474,1,1,0.0,0.0
QRXWMOHMRWLFEY,Tuberculosis; HIV,0,85.0,0.0,0.0,0.0,0.0,0.0,0.0,0.0,0.0,0.0,0.0,0.0,0.0,0.0,0.0,0.0,0.0,0.0,0,0,0.0,0.0
PURKAOJPTOLRMP,cystic fibrosis,0,85.0,0.9678729716442139,0.9678729716442139,0.8773170744461322,0.8773170744461322,0.43591187534835524,0.43591187534835524,0.9285669064556789,0.9285669064556789,0.0,0.0,0.0,0.0,0.9904941908672886,0.9904941908672886,0.9950080483633249,0.9950080483633249,0.9950080483633249,1,1,0.5,0.0
YQEZLKZALYSWHR,Pain; Traumatic Limb Injury,0,62.0,0.0,0.0,0.0,0.0,0.0,0.0,0.0,0.0,0.0,0.0,0.0,0.0,0.9406116098459604,0.8838783157899684,0.06896299420239828,0.036541411148993785,0.9406116098459604,7,1,0.0,0.0
YQEZLKZALYSWHR,Abdominal Cancer,0,50.0,0.0,0.0,0.0,0.0,0.0,0.0,0.0,0.0,0.0,0.0,0.0,0.0,0.0,0.0,0.0,0.0,0.0,0,0,0.0,0.0
YQEZLKZALYSWHR,Headache; Intranasal Ketamine,1,42.0,0.0,0.0,0.0,0.0,0.0,0.0,0.0,0.0,0.0,0.0,0.0,0.0,0.991630565442979,0.6384640046114936,0.040697589506777966,0.011024776766210748,0.991630565442979,7,1,0.0,0.0
DKYWVDODHFEZIM,Pain Relief,0,63.0,0.0,0.0,0.0,0.0,0.0,0.0,0.0,0.0,0.0,0.0,0.0,0.0,0.0,0.0,0.0,0.0,0.0,0,0,0.0,0.0
DKYWVDODHFEZIM,Pain Relief,0,63.0,0.0,0.0,0.0,0.0,0.0,0.0,0.0,0.0,0.0,0.0,0.0,0.0,0.0,0.0,0.0,0.0,0.0,0,0,0.0,0.0
VPPJLAIAVCUEMN,epilepsy,0,70.0,0.9750159084988218,0.4809470993610886,0.9198250332960655,0.41986048972501305,0.892851891179099,0.35841935486105775,0.0,0.0,0.0,0.0,0.547137717850459,0.0547137717850459,0.9987671453597234,0.9987670018184562,0.9683402365211742,0.4103610136791661,0.9987671453597234,10,1,4.181818181818187,0.027111982914907573
GGXICVAJURFBLW,open-angle glaucoma,0,80.0,0.0,0.0,0.0,0.0,0.0,0.0,0.0,0.0,0.0,0.0,0.0,0.0,0.0,0.0,0.0,0.0,0.0,0,0,1.3333333333333286,0.0
VRTWBAAJJOHBQU,Cirrhosis,0,55.0,0.0,0.0,0.0,0.0,0.0,0.0,0.0,0.0,0.0,0.0,0.0,0.0,0.0,0.0,0.0,0.0,0.0,0,0,15.75,0.0
MUGXRYIUWFITCP,insomnia,0,75.0,0.0,0.0,0.0,0.0,0.0,0.0,0.0,0.0,0.0,0.0,0.0,0.0,0.9762224837568165,0.9761712995999867,0.17762415247386154,0.12586356755337758,0.9762224837568165,2,1,7.75,-0.0032935483305970292
HPJKCIUCZWXJDR,Advanced Breast Cancer,0,80.0,0.0,0.0,0.0,0.0,0.0,0.0,0.0,0.0,0.0,0.0,0.0,0.0,0.9967339872687344,0.9967339872687344,0.9867926212379414,0.9867926212379414,0.9967339872687344,1,1,2.5454545454545467,0.0026122957498712074
HPJKCIUCZWXJDR,Infertility,0,70.0,0.8746350992837021,0.8746350992837021,0.7295169571339454,0.7295169571339454,0.5865740528646529,0.5865740528646529,0.0,0.0,0.0,0.0,0.0,0.0,0.6685770010911358,0.6685770010911358,0.7322271658435431,0.7322271658435431,0.8746350992837021,1,1,7.5,-0.0509469272027675
VVIAGPKUTFNRDU,gastric cancer,0,38.0,0.0,0.0,0.0,0.0,0.0,0.0,0.0,0.0,0.0,0.0,0.0,0.0,0.0,0.0,0.0,0.0,0.0,0,0,20.666666666666668,0.0
TYZROVQLWOKYKF,"Tuberculosis, Multidrug-Resistant; Infection, Bacterial; Pulmonary Tuberculoses",0,83.0,0.0,0.0,0.0,0.0,0.0,0.0,0.0,0.0,0.0,0.0,0.0,0.0,0.0,0.0,0.0,0.0,0.0,0,0,0.5999999999999943,0.0
KJHKTHWMRKYKJE,HIV infection,0,84.0,0.0,0.0,0.0,0.0,0.0,0.0,0.0,0.0,0.0,0.0,0.0,0.0,0.0,0.0,0.0,0.0,0.0,0,0,12.058823529411768,-0.07569723439911848
WGFOBBZOWHGYQH,constipation,0,70.0,0.0,0.0,0.0,0.0,0.0,0.0,0.0,0.0,0.0,0.0,0.0,0.0,0.0,0.0,0.0,0.0,0.0,0,0,-6.428571428571431,0.0
WGFOBBZOWHGYQH,chronic idiopathic constipation,0,72.0,0.0,0.0,0.0,0.0,0.0,0.0,0.0,0.0,0.0,0.0,0.0,0.0,0.0,0.0,0.0,0.0,0.0,0,0,0.5714285714285694,0.0
WGFOBBZOWHGYQH,constipation,0,70.0,0.0,0.0,0.0,0.0,0.0,0.0,0.0,0.0,0.0,0.0,0.0,0.0,0.0,0.0,0.0,0.0,0.0,0,0,-6.428571428571431,0.0
WGFOBBZOWHGYQH,functional constipation,0,72.0,0.0,0.0,0.0,0.0,0.0,0.0,0.0,0.0,0.0,0.0,0.0,0.0,0.0,0.0,0.0,0.0,0.0,0,0,-1.0,0.0
DMJNNHOOLUXYBV,Septic Shock,0,62.0,0.0,0.0,0.0,0.0,0.0,0.0,0.0,0.0,0.0,0.0,0.0,0.0,0.0,0.0,0.0,0.0,0.0,0,0,6.0,0.0
KJFBVJALEQWJBS,Cytomegalovirus (CMV),0,85.0,0.0,0.0,0.0,0.0,0.0,0.0,0.0,0.0,0.0,0.0,0.0,0.0,0.0,0.0,0.0,0.0,0.0,0,0,0.0,0.0
OCJYIGYOJCODJL,Vertigo,0,55.0,0.0,0.0,0.0,0.0,0.0,0.0,0.0,0.0,0.0,0.0,0.0,0.0,0.9219952055503746,0.9219952055503746,0.023874793379536387,0.023874793379536387,0.9219952055503746,1,1,0.0,0.0
DRLFMBDRBRZALE,Anxiety,0,28.0,0.0,0.0,0.0,0.0,0.0,0.0,0.0,0.0,0.0,0.0,0.0,0.0,0.5832656941951895,0.5832656941951895,0.20444468062669913,0.16978915285727045,0.5832656941951895,2,1,-8.5,-0.19436485503910106
DRLFMBDRBRZALE,Delirium,0,48.0,0.0,0.0,0.0,0.0,0.0,0.0,0.0,0.0,0.0,0.0,0.0,0.0,0.5971547771597032,0.5971547771597032,0.24173692688362097,0.13522238505208486,0.5971547771597032,2,1,9.5,-0.0020105618543397874
KBOPZPXVLCULAV,ulcerative colitis,1,70.0,0.0,0.0,0.0,0.0,0.2988587801058729,0.07471469502646823,0.0,0.0,0.21583880380939804,0.11042845344856611,0.0,0.0,0.9940088311545024,0.99397980012305,0.8279109549023195,0.4590949034528623,0.9940088311545024,4,1,-0.6666666666666714,0.057456312234885565
XZWYZXLIPXDOLR,Migraine,1,20.0,0.0,0.0,0.0,0.0,0.0,0.0,0.0,0.0,0.0,0.0,0.0,0.0,0.0,0.0,0.0,0.0,0.0,0,0,-8.666666666666668,0.0
XZWYZXLIPXDOLR,Type 2 Diabetes Mellitus,0,78.0,0.0,0.0,0.3039653988058105,0.3039653988058105,0.0,0.0,0.0,0.0,0.0,0.0,0.0,0.0,0.9986081372456911,0.9986081372456911,0.17827377545849124,0.17827377545849124,0.9986081372456911,1,1,12.771428571428572,0.028905720705038496
XZWYZXLIPXDOLR,Type 2 Diabetes Mellitus,0,78.0,0.0,0.0,0.3039653988058105,0.3039653988058105,0.0,0.0,0.0,0.0,0.0,0.0,0.0,0.0,0.9986081372456911,0.9986081372456911,0.17827377545849124,0.17827377545849124,0.9986081372456911,1,1,12.771428571428572,0.028905720705038496
XZWYZXLIPXDOLR,Type 2 Diabetes Mellitus,0,78.0,0.0,0.0,0.3039653988058105,0.3039653988058105,0.0,0.0,0.0,0.0,0.0,0.0,0.0,0.0,0.9986081372456911,0.9986081372456911,0.17827377545849124,0.17827377545849124,0.9986081372456911,1,1,12.771428571428572,0.028905720705038496
XZWYZXLIPXDOLR,Type 2 Diabetes Mellitus,0,78.0,0.0,0.0,0.3039653988058105,0.3039653988058105,0.0,0.0,0.0,0.0,0.0,0.0,0.0,0.0,0.9986081372456911,0.9986081372456911,0.17827377545849124,0.17827377545849124,0.9986081372456911,1,1,12.771428571428572,0.028905720705038496
XZWYZXLIPXDOLR,Management of Gestational Diabetes,0,68.0,0.0,0.0,0.0,0.0,0.0,0.0,0.0,0.0,0.0,0.0,0.0,0.0,0.0,0.0,0.0,0.0,0.0,0,0,0.0,0.0
XZWYZXLIPXDOLR,Polycystic Ovary Syndrome; Vitamin D Deficiency/Insufficiency,0,58.0,0.0,0.0,0.0,0.0,0.0,0.0,0.0,0.0,0.0,0.0,0.0,0.0,0.6808248149041206,0.3404124074520603,0.6351866961768237,0.3327916180287024,0.6808248149041206,2,1,0.0,0.0
USSIQXCVUWKGNF,Pain,0,70.0,0.5236630062353352,0.2618315031176676,0.0,0.0,0.0,0.0,0.0,0.0,0.0,0.0,0.0,0.0,0.9996035856741771,0.9370223795423898,0.14216217234942638,0.10556258327591234,0.9996035856741771,2,1,5.8799999999999955,0.05829494156868831
GNXFOGHNGIVQEH,Pain,0,40.0,0.0,0.0,0.0,0.0,0.0,0.0,0.0,0.0,0.0,0.0,0.0,0.0,0.0,0.0,0.0,0.0,0.0,0,0,-24.120000000000005,-0.9413086441054888
FBOZXECLQNJBKD,Plaque Psoriasis,0,68.0,0.0,0.0,0.0,0.0,0.0,0.0,0.0,0.0,0.0,0.0,0.0,0.0,0.0,0.0,0.0,0.0,0.0,0,0,0.0,0.0
FBOZXECLQNJBKD,Pediatric Crohn's Disease,1,55.0,0.0,0.0,0.0,0.0,0.0,0.0,0.0,0.0,0.0,0.0,0.0,0.0,0.5326149265741813,0.5326149265741813,0.03647584785669727,0.03647584785669727,0.5326149265741813,1,1,0.0,0.0
FBOZXECLQNJBKD,Psoriatic Arthritis,0,62.0,0.0,0.0,0.0,0.0,0.0,0.0,0.0,0.0,0.0,0.0,0.0,0.0,0.9291458748309558,0.9291458748309558,0.0,0.0,0.9291458748309558,1,1,-6.099999999999994,0.038996900261514145
FBOZXECLQNJBKD,Rheumatoid Arthritis,0,75.0,0.0,0.0,0.0,0.0,0.0,0.0,0.0,0.0,0.0,0.0,0.0,0.0,0.9951576249724678,0.9951576249724678,0.3567564706851452,0.3567564706851452,0.9951576249724678,1,1,3.574468085106389,0.10630573465805304
DUGOZIWVEXMGBE,Apathy,0,55.0,0.0,0.0,0.0,0.0,0.0,0.0,0.0,0.0,0.0,0.0,0.0,0.0,0.030396539880581056,0.030396539880581056,0.4970983861281465,0.2637474630043638,0.4970983861281465,2,1,0.0,0.0
VHRSUDSXCMQTMA,Chronic Subdural Hematomas,0,50.0,0.0,0.0,0.0,0.0,0.0,0.0,0.0,0.0,0.0,0.0,0.0,0.0,0.0,0.0,0.0,0.0,0.0,0,0,0.0,0.0
VHRSUDSXCMQTMA,Cardiopulmonary Bypass,0,42.0,0.0,0.0,0.0,0.0,0.0,0.0,0.0,0.0,0.0,0.0,0.0,0.0,0.0,0.0,0.0,0.0,0.0,0,0,0.0,0.0
VHRSUDSXCMQTMA,Prostate Cancer,0,30.0,0.0,0.0,0.0,0.0,0.0,0.0,0.0,0.0,0.0,0.0,0.2279740491043579,0.2279740491043579,0.9235621351186311,0.9235621351186311,0.8418425153379159,0.8418425153379159,0.9235621351186311,1,1,-29.25,0.07102056493608266
VKHAHZOOUSRJNA,medical abortion,0,94.0,0.0,0.0,0.0,0.0,0.0,0.0,0.0,0.0,0.0,0.0,0.0,0.0,0.0,0.0,0.0,0.0,0.0,0,0,3.0,0.0
DYKFCLLONBREIL,Depression,1,33.0,0.0,0.0,0.0,0.0,0.0,0.0,0.0,0.0,0.0,0.0,0.0,0.0,0.0,0.0,0.0,0.0,0.0,0,0,-11.0,0.0
PBAPPPCECJKMCM,Neurogenic Detrusor Overactivity,0,65.0,0.0,0.0,0.0,0.0,0.0,0.0,0.0,0.0,0.0,0.0,0.0,0.0,0.0,0.0,0.0,0.0,0.0,0,0,0.0,0.0
OJLOPKGSLYJEMD,anemia,0,33.0,0.0,0.0,0.0,0.0,0.0,0.0,0.0,0.0,0.0,0.0,0.0,0.0,0.0,0.0,0.0,0.0,0.0,0,0,-42.625,-0.823843218950806
OJLOPKGSLYJEMD,Labor pain,0,33.0,0.0,0.0,0.0,0.0,0.0,0.0,0.0,0.0,0.0,0.0,0.0,0.0,0.0,0.0,0.0,0.0,0.0,0,0,-14.5,0.0
OJLOPKGSLYJEMD,medical abortion,0,88.0,0.0,0.0,0.0,0.0,0.0,0.0,0.0,0.0,0.0,0.0,0.0,0.0,0.0,0.0,0.0,0.0,0.0,0,0,-3.0,0.0
FABPRXSRWADJSP,Tuberculosis,0,82.0,0.0,0.0,0.0,0.0,0.0,0.0,0.0,0.0,0.0,0.0,0.0,0.0,0.0,0.0,0.0,0.0,0.0,0,0,-3.25,0.0
FABPRXSRWADJSP,"Tuberculosis, Multidrug-Resistant; Infection, Bacterial; Pulmonary Tuberculoses",0,84.0,0.0,0.0,0.0,0.0,0.0,0.0,0.0,0.0,0.0,0.0,0.0,0.0,0.0,0.0,0.0,0.0,0.0,0,0,1.5999999999999943,0.0
RTGDFNSFWBGLEC,Systemic Sclerosis; Scleroderma; Interstitial Lung Disease,1,52.0,0.0,0.0,0.0,0.0,0.0,0.0,0.0,0.0,0.0,0.0,0.0,0.0,0.12158615952232422,0.12158615952232422,0.0,0.0,0.12158615952232422,2,1,0.0,0.0
DQCKKXVULJGBQN,Alcoholism,0,58.0,0.0,0.0,0.0,0.0,0.0,0.0,0.0,0.0,0.0,0.0,0.0,0.0,0.0,0.0,0.0,0.0,0.0,0,0,0.0,0.0
DQCKKXVULJGBQN,Use in Conjunction With Buprenorphine in Adults With Opioid Use Disorder,0,50.0,0.0,0.0,0.0,0.0,0.0,0.0,0.0,0.0,0.0,0.0,0.0,0.0,0.0,0.0,0.0,0.0,0.0,0,0,0.0,0.0
SNICXCGAKADSCV,smoking cessation,0,72.0,0.7252476303015531,0.3626238151507766,0.0,0.0,0.0,0.0,0.0,0.0,0.0,0.0,0.0,0.0,0.691865354020246,0.691865354020246,0.0,0.0,0.7252476303015531,2,1,-5.714285714285708,-1.1102230246251565e-16
XZXHXSATPCNXJR,Idiopathic Pulmonary Fibrosis,0,72.0,0.0,0.0,0.0,0.0,0.0,0.0,0.0,0.0,0.0,0.0,0.0,0.0,0.9625742358297891,0.9625742358297891,0.25695714988049195,0.1837669487697217,0.9625742358297891,3,1,9.0,0.48128711791489454
SFLSHLFXELFNJZ,hypotension,0,85.0,0.0,0.0,0.0,0.0,0.0,0.0,0.0,0.0,0.0,0.0,0.0,0.0,0.9753060995268333,0.9709236141184341,0.14111255900227748,0.09174942258454387,0.9753060995268333,2,1,16.400000000000006,0.17074398800090174
KVWDHTXUZHCGIO,Schizophrenia,0,78.0,0.6560907249300643,0.1701257160331566,0.3039653988058105,0.060793079761162105,0.6454494156558882,0.1890804942394924,0.0,0.0,0.0,0.0,0.0,0.0,0.9994097502793402,0.9985716216645303,0.9231710917698762,0.46555069897198453,0.9994097502793402,5,1,18.700000000000003,0.13590249690329748
KVWDHTXUZHCGIO,Breast Cancer,0,12.0,0.0,0.0,0.0,0.0,0.0,0.0,0.0,0.0,0.0,0.0,0.0,0.0,0.0,0.0,0.0,0.0,0.0,0,0,-45.475,-0.7455340400381703
DMNOVGJWPASQDL,pain,0,83.0,0.5236630062353352,0.5236630062353352,0.0,0.0,0.0,0.0,0.0,0.0,0.0,0.0,0.0,0.0,0.9996035856741771,0.9996035856741771,0.14216217234942638,0.14216217234942638,0.9996035856741771,1,1,24.875,0.08701978056087556
DMNOVGJWPASQDL,pain,0,83.0,0.5236630062353352,0.5236630062353352,0.0,0.0,0.0,0.0,0.0,0.0,0.0,0.0,0.0,0.0,0.9996035856741771,0.9996035856741771,0.14216217234942638,0.14216217234942638,0.9996035856741771,1,1,24.875,0.08701978056087556
JEECQCWWSTZDCK,skin and soft tissue Staphylococcus aureus infection,0,85.0,0.0,0.0,0.0,0.0,0.0,0.0,0.0,0.0,0.0,0.0,0.0,0.0,0.0,0.0,0.0,0.0,0.0,0,0,0.0,0.0
FELGMEQIXOGIFQ,Hypotension; Nausea; Vomiting,0,65.0,0.0,0.0,0.0,0.0,0.0,0.0,0.0,0.0,0.0,0.0,0.0,0.0,0.42707138532216377,0.42707138532216377,0.012158615952232422,0.012158615952232422,0.42707138532216377,1,1,0.0,0.0
LUMKNAVTFCDUIE,vaginal dryness,0,80.0,0.0,0.0,0.0,0.0,0.0,0.0,0.0,0.0,0.0,0.0,0.0,0.0,0.0,0.0,0.0,0.0,0.0,0,0,0.0,0.0
RCINICONZNJXQF,Lung Cancer,0,63.0,0.0,0.0,0.0,0.0,0.0,0.0,0.0,0.0,0.0,0.0,0.0,0.0,0.9941983815907179,0.9941983392277063,0.7481489379607551,0.2544792044528911,0.9941983815907179,15,1,5.548387096774192,0.05506378756972907
RCINICONZNJXQF,Lung Cancer,0,63.0,0.0,0.0,0.0,0.0,0.0,0.0,0.0,0.0,0.0,0.0,0.0,0.0,0.9941983815907179,0.9941983392277063,0.7481489379607551,0.2544792044528911,0.9941983815907179,15,1,5.548387096774192,0.05506378756972907
RCINICONZNJXQF,Lung Cancer,0,63.0,0.0,0.0,0.0,0.0,0.0,0.0,0.0,0.0,0.0,0.0,0.0,0.0,0.9941983815907179,0.9941983392277063,0.7481489379607551,0.2544792044528911,0.9941983815907179,15,1,5.548387096774192,0.05506378756972907
IQPSEEYGBUAQFF,Esophageal Disease,0,80.0,0.0,0.0,0.0,0.0,0.33688485149647984,0.33688485149647984,0.0,0.0,0.0,0.0,0.0,0.0,0.9983041634161604,0.9983041634161604,0.5923656550656575,0.5923656550656575,0.9983041634161604,1,1,0.0,0.0
WBXPDJSOTKVWSJ,Lung Cancer,0,54.0,0.0,0.0,0.0,0.0,0.0,0.0,0.0,0.0,0.0,0.0,0.0,0.0,0.9895581916859542,0.9890962963046239,0.9569893847275095,0.5283238873652887,0.9895581916859542,3,1,-3.451612903225808,0.05042359766496529
WBXPDJSOTKVWSJ,Lung Cancer,0,54.0,0.0,0.0,0.0,0.0,0.0,0.0,0.0,0.0,0.0,0.0,0.0,0.0,0.9895581916859542,0.9890962963046239,0.9569893847275095,0.5283238873652887,0.9895581916859542,3,1,-3.451612903225808,0.05042359766496529
WBXPDJSOTKVWSJ,Mesothelioma,0,65.0,0.0,0.0,0.0,0.0,0.0,0.0,0.0,0.0,0.0,0.0,0.0,0.0,0.9731830503141855,0.9729827225267709,0.5828228206466074,0.24800884825734248,0.9731830503141855,3,1,0.0,0.0
WBXPDJSOTKVWSJ,Lung Cancer,0,54.0,0.0,0.0,0.0,0.0,0.0,0.0,0.0,0.0,0.0,0.0,0.0,0.0,0.9895581916859542,0.9890962963046239,0.9569893847275095,0.5283238873652887,0.9895581916859542,3,1,-3.451612903225808,0.05042359766496529
PRMWGUBFXWROHD,epilepsy,0,72.0,0.6656842233847251,0.16642105584618128,0.0,0.0,0.9357100108131996,0.582140857121617,0.0,0.0,0.0,0.0,0.0,0.0,0.9953799656487587,0.9953777535445903,0.3076613541631422,0.25156354409369,0.9953799656487587,4,1,6.181818181818187,0.02372480320394288
RLLPVAHGXHCWKJ,scabies,0,88.0,0.0,0.0,0.0,0.0,0.0,0.0,0.0,0.0,0.0,0.0,0.0,0.0,0.0,0.0,0.0,0.0,0.0,0,0,0.0,0.0
QPFYXYFORQJZEC,dysuria,0,28.0,0.0,0.0,0.0,0.0,0.0,0.0,0.0,0.0,0.0,0.0,0.0,0.0,0.0,0.0,0.0,0.0,0.0,0,0,0.0,0.0
QPFYXYFORQJZEC,pain,0,25.0,0.0,0.0,0.0,0.0,0.0,0.0,0.0,0.0,0.0,0.0,0.0,0.0,0.0,0.0,0.0,0.0,0.0,0,0,-33.125,-0.9125838051133015
RKEWSXXUOLRFBX,schizophrenia,1,32.0,0.0,0.0,0.0,0.0,0.6454494156558882,0.6454494156558882,0.0,0.0,0.0,0.0,0.0,0.0,0.9993789784919922,0.9993789784919922,0.4095389692568782,0.4095389692568782,0.9993789784919922,1,1,-30.65,0.027754603556449542
ISWRGOKTTBVCFA,diabetic nephropathy,0,40.0,0.0,0.0,0.0,0.0,0.0,0.0,0.0,0.0,0.0,0.0,0.0,0.0,0.0,0.0,0.0,0.0,0.0,0,0,0.0,0.0
RJKFOVLPORLFTN,Preterm Birth; Twin Dichorionic Diamniotic Placenta,0,35.0,0.0,0.0,0.0,0.0,0.0,0.0,0.0,0.0,0.0,0.0,0.0,0.0,0.0,0.0,0.0,0.0,0.0,0,0,0.0,0.0
RJKFOVLPORLFTN,Infertility,0,55.0,0.5256683512342566,0.5256683512342566,0.0,0.0,0.9475465324332806,0.9475465324332806,0.0,0.0,0.0,0.0,0.0,0.0,0.9765289536892372,0.9765289536892372,0.29108021840633275,0.29108021840633275,0.9765289536892372,1,1,-7.5,0.05094692720276761
IPEHBUMCGVEMRF,"Tuberculosis, Multidrug-Resistant; Infection, Bacterial; Pulmonary Tuberculoses",0,80.0,0.0,0.0,0.0,0.0,0.0,0.0,0.0,0.0,0.0,0.0,0.0,0.0,0.0,0.0,0.0,0.0,0.0,0,0,-2.4000000000000057,0.0
GZUITABIAKMVPG,schizophrenia,0,30.0,0.03148028070365937,0.03148028070365937,0.0,0.0,0.0,0.0,0.0,0.0,0.0,0.0,0.0,0.0,0.6321015800744466,0.6321015800744466,0.7215867686287118,0.7215867686287118,0.7215867686287118,1,1,-32.65,-0.2500376063068308
HDACQVRGBOVJII,Acute Myocardial Infarction,0,76.0,0.0,0.0,0.0,0.0,0.0,0.0,0.0,0.0,0.0,0.0,0.0,0.0,0.0,0.0,0.7765237757587853,0.7765237757587853,0.7765237757587853,1,1,-1.0,0.050181019186314124
IWUCXVSUMQZMFG,hepatitis C virus infection,0,70.0,0.0,0.0,0.0,0.0,0.0,0.0,0.0,0.0,0.0,0.0,0.0,0.0,0.0,0.0,0.0,0.0,0.0,0,0,-11.527027027027032,0.0
IWUCXVSUMQZMFG,Cirrhosis,0,22.0,0.0,0.0,0.0,0.0,0.0,0.0,0.0,0.0,0.0,0.0,0.0,0.0,0.0,0.0,0.0,0.0,0.0,0,0,-17.25,0.0
RHXHGRAEPCAFML,Breast Cancer,0,80.0,0.0,0.0,0.0,0.0,0.0,0.0,0.3981682350153665,0.19908411750768326,0.0,0.0,0.8699743018321302,0.7524199055856331,0.9857851763693943,0.9857851763693943,0.9824509820474594,0.7876393128887076,0.9857851763693943,2,1,22.525,0.24025113633122408
WDZCUPBHRAEYDL,Tuberculosis,0,86.0,0.0,0.0,0.0,0.0,0.0,0.0,0.0,0.0,0.0,0.0,0.0,0.0,0.0,0.0,0.0,0.0,0.0,0,0,0.75,0.0
NCDNCNXCDXHOMX,Chronic Hepatitis C,0,9.0,0.0,0.0,0.0,0.0,0.0,0.0,0.0,0.0,0.0,0.0,0.0,0.0,0.9319350670846591,0.9319350670846591,0.09472142531660924,0.02368035632915231,0.9319350670846591,4,1,0.0,0.0
KGFYHTZWPPHNLQ,Aortic Valve Stenosis; Cardiovascular Diseases; Heart Valve Diseases; Ventricular Outflow Obstruction; Thrombosis,0,50.0,0.0,0.0,0.0,0.0,0.0,0.0,0.0,0.0,0.0,0.0,0.0,0.0,0.0,0.0,0.0,0.0,0.0,0,0,0.0,0.0
KGFYHTZWPPHNLQ,Thrombosis,0,88.0,0.0,0.0,0.0,0.0,0.0,0.0,0.0,0.0,0.0,0.0,0.0,0.0,0.0,0.0,0.0,0.0,0.0,0,0,0.0,0.0
XSVMFMHYUFZWBK,Classical progressive supranuclear palsy,0,22.0,0.0,0.0,0.0,0.0,0.0,0.0,0.0,0.0,0.0,0.0,0.0,0.0,0.0,0.0,0.0,0.0,0.0,0,0,0.0,0.0
ZKMNUMMKYBVTFN,Locoregional Analgesia in Breast Surgery,0,88.0,0.0,0.0,0.0,0.0,0.0,0.0,0.0,0.0,0.0,0.0,0.0,0.0,0.0,0.0,0.0,0.0,0.0,0,0,10.0,0.0
ZKMNUMMKYBVTFN,Pain,0,78.0,0.0,0.0,0.0,0.0,0.0,0.0,0.0,0.0,0.0,0.0,0.0,0.0,0.9974953049632043,0.9974953049632043,0.10844203789265631,0.10844203789265631,0.9974953049632043,1,1,13.879999999999995,0.05618666085771551
ZKMNUMMKYBVTFN,Anesthesia; Functional; Anesthesia,0,87.0,0.0,0.0,0.0,0.0,0.0,0.0,0.0,0.0,0.0,0.0,0.0,0.0,0.0,0.0,0.0,0.0,0.0,0,0,0.0,0.0
QXWZQTURMXZVHJ,Pulmonary Arterial Hypertension,1,78.0,0.0,0.0,0.0,0.0,0.0,0.0,0.0,0.0,0.0,0.0,0.0,0.0,0.9883479509361869,0.9883479509361869,0.20728885789290022,0.20728885789290022,0.9883479509361869,1,1,3.714285714285708,0.032672147657583195
DFEYYRMXOJXZRJ,"Anesthesia, General",0,88.0,0.0,0.0,0.0,0.0,0.0,0.0,0.0,0.0,0.0,0.0,0.0,0.0,0.0,0.0,0.0,0.0,0.0,0,0,0.0,0.0
DFEYYRMXOJXZRJ,Anesthesia,0,88.0,0.0,0.0,0.0,0.0,0.0,0.0,0.0,0.0,0.0,0.0,0.0,0.0,0.0,0.0,0.0,0.0,0.0,0,0,3.6666666666666714,0.0
DFEYYRMXOJXZRJ,Anesthesia,0,88.0,0.0,0.0,0.0,0.0,0.0,0.0,0.0,0.0,0.0,0.0,0.0,0.0,0.0,0.0,0.0,0.0,0.0,0,0,3.6666666666666714,0.0
MFFMDFFZMYYVKS,Type 2 Diabetes Mellitus,0,60.0,0.0,0.0,0.0,0.0,0.5511044663048749,0.5511044663048749,0.0,0.0,0.0,0.0,0.0,0.0,0.9981950138708703,0.9981950138708703,0.954188839355206,0.954188839355206,0.9981950138708703,1,1,-5.228571428571428,0.028492597330217695
MFFMDFFZMYYVKS,Type 2 Diabetes Mellitus,0,60.0,0.0,0.0,0.0,0.0,0.5511044663048749,0.5511044663048749,0.0,0.0,0.0,0.0,0.0,0.0,0.9981950138708703,0.9981950138708703,0.954188839355206,0.954188839355206,0.9981950138708703,1,1,-5.228571428571428,0.028492597330217695
TTZHDVOVKQGIBA,Cirrhosis,0,65.0,0.0,0.0,0.0,0.0,0.0,0.0,0.0,0.0,0.0,0.0,0.0,0.0,0.0,0.0,0.0,0.0,0.0,0,0,25.75,0.0
WINHZLLDWRZWRT,Cell Cancer,0,70.0,0.0,0.0,0.0,0.0,0.0,0.0,0.0,0.0,0.0,0.0,0.5319394479101685,0.5319394479101685,0.0,0.0,0.0,0.0,0.5319394479101685,1,1,1.0,0.11398702455217896
JYTNQNCOQXFQPK,Alzheimer's Disease,0,28.0,0.0,0.0,0.0,0.0,0.0,0.0,0.0,0.0,0.0,0.0,0.0,0.0,0.0,0.0,0.0,0.0,0.0,0,0,-0.5,-0.04672231723876279
TXEIIPDJKFWEEC,transthyretin amyloid cardiomyopathy,0,93.0,0.0,0.0,0.0,0.0,0.0,0.0,0.0,0.0,0.0,0.0,0.0,0.0,0.0,0.0,0.0,0.0,0.0,0,0,0.0,0.0
DNHPDWGIXIMXSA,hyperphosphatemia,0,72.0,0.0,0.0,0.0,0.0,0.0,0.0,0.0,0.0,0.0,0.0,0.0,0.0,0.0,0.0,0.0,0.0,0.0,0,0,0.0,0.0
DNHPDWGIXIMXSA,irritable bowel syndrome,0,55.0,0.0,0.0,0.0,0.0,0.0,0.0,0.0,0.0,0.0,0.0,0.0,0.0,0.0,0.0,0.0,0.0,0.0,0,0,5.166666666666664,0.0
GYHCTFXIZSNGJT,Autosomal Dominant Polycystic Kidney Disease (ADPKD),0,78.0,0.0,0.0,0.0,0.0,0.436965459053293,0.436965459053293,0.0,0.0,0.0,0.0,0.0,0.0,0.9201068858758514,0.9201068858758514,0.23391784784385555,0.23391784784385555,0.9201068858758514,1,1,0.0,0.0
KJADKKWYZYXHBB,Obese Children and Adolescents,0,35.0,0.0,0.0,0.0,0.0,0.0,0.0,0.0,0.0,0.0,0.0,0.0,0.0,0.0,0.0,0.0,0.0,0.0,0,0,0.0,0.0
UCFGDBYHRUNTLO,Lung Cancer,0,60.0,0.0,0.0,0.0,0.0,0.0,0.0,0.0,0.0,0.0,0.0,0.46068336542901067,0.46068336542901067,0.9755600848786896,0.9755600848786896,0.6886555297945525,0.6886555297945525,0.9755600848786896,1,1,2.548387096774192,0.03642549085770075
PKVRCIRHQMSYJX,Tube Cancer,0,55.0,0.0,0.0,0.0,0.0,0.0,0.0,0.0,0.0,0.0,0.0,0.0,0.0,0.0,0.0,0.0,0.0,0.0,0,0,0.0,0.0
TVYLLZQTGLZFBW,Acute Pain,0,55.0,0.0,0.0,0.0,0.0,0.0,0.0,0.0,0.0,0.0,0.0,0.0,0.0,0.0,0.0,0.0,0.0,0.0,0,0,0.6666666666666643,0.0
GYDJEQRTZSCIOI,Thrombocytopenia,0,12.0,0.18237923928348632,0.18237923928348632,0.0,0.0,0.0,0.0,0.0,0.0,0.0,0.0,0.0,0.0,0.42555155832813474,0.42555155832813474,0.054509795701367963,0.054509795701367963,0.42555155832813474,1,1,-35.0,-0.27733554396731674
GYDJEQRTZSCIOI,Hematologic Neoplasms,0,10.0,0.0,0.0,0.0,0.0,0.0,0.0,0.0,0.0,0.0,0.0,0.0,0.0,0.0,0.0,0.0,0.0,0.0,0,0,0.0,0.0
GYDJEQRTZSCIOI,Peri-operative Hemorrhage or Hematoma; Surgery; Retrognathism,0,82.0,0.0,0.0,0.0,0.0,0.0,0.0,0.0,0.0,0.0,0.0,0.0,0.0,0.0,0.0,0.0,0.0,0.0,0,0,0.0,0.0
GYDJEQRTZSCIOI,Hip Fracture; Anemia,0,62.0,0.0,0.0,0.0,0.0,0.0,0.0,0.0,0.0,0.0,0.0,0.0,0.0,0.6111463527152107,0.6111463527152107,0.012158615952232422,0.012158615952232422,0.6111463527152107,1,1,0.0,0.0
GYDJEQRTZSCIOI,Placenta Previa,0,70.0,0.0,0.0,0.0,0.0,0.0,0.0,0.0,0.0,0.0,0.0,0.0,0.0,0.0,0.0,0.0,0.0,0.0,0,0,0.0,0.0
MKPLKVHSHYCHOC,open-angle glaucoma,0,72.0,0.0,0.0,0.0,0.0,0.0,0.0,0.0,0.0,0.0,0.0,0.0,0.0,0.0,0.0,0.0,0.0,0.0,0,0,-6.666666666666671,0.0
GFNANZIMVAIWHM,Inflammatory Macular Edema,0,68.0,0.0,0.0,0.0,0.0,0.0,0.0,0.0,0.0,0.0,0.0,0.0,0.0,0.0,0.0,0.0,0.0,0.0,0,0,0.0,0.0
YNDXUCZADRHECN,pemphigus vulgaris,0,62.0,0.0,0.0,0.0,0.0,0.30457332960342215,0.30457332960342215,0.0,0.0,0.0,0.0,0.0,0.0,0.9040764969855679,0.9040764969855679,0.2308448334264128,0.2308448334264128,0.9040764969855679,1,1,0.0,0.0
DDOOFTLHJSMHLN,migraine,0,82.0,0.0,0.0,0.0,0.0,0.0,0.0,0.0,0.0,0.0,0.0,0.0,0.0,0.0,0.0,0.0,0.0,0.0,0,0,12.0,0.0
DDOOFTLHJSMHLN,migraine,0,82.0,0.0,0.0,0.0,0.0,0.0,0.0,0.0,0.0,0.0,0.0,0.0,0.0,0.0,0.0,0.0,0.0,0.0,0,0,12.0,0.0
DDOOFTLHJSMHLN,migraine,0,82.0,0.0,0.0,0.0,0.0,0.0,0.0,0.0,0.0,0.0,0.0,0.0,0.0,0.0,0.0,0.0,0.0,0.0,0,0,12.0,0.0
WYQFJHHDOKWSHR,Rheumatoid Arthritis,0,80.0,0.5291414251952968,0.5291414251952968,0.0,0.0,0.2584313820647001,0.2584313820647001,0.0,0.0,0.0,0.0,0.0,0.0,0.9916966583306238,0.9916966583306238,0.3785285514892235,0.3785285514892235,0.9916966583306238,1,1,8.574468085106389,0.10284476801620901
WYQFJHHDOKWSHR,Rheumatoid Arthritis,0,80.0,0.5291414251952968,0.5291414251952968,0.0,0.0,0.2584313820647001,0.2584313820647001,0.0,0.0,0.0,0.0,0.0,0.0,0.9916966583306238,0.9916966583306238,0.3785285514892235,0.3785285514892235,0.9916966583306238,1,1,8.574468085106389,0.10284476801620901
WYQFJHHDOKWSHR,Rheumatoid Arthritis,0,80.0,0.5291414251952968,0.5291414251952968,0.0,0.0,0.2584313820647001,0.2584313820647001,0.0,0.0,0.0,0.0,0.0,0.0,0.9916966583306238,0.9916966583306238,0.3785285514892235,0.3785285514892235,0.9916966583306238,1,1,8.574468085106389,0.10284476801620901
JGRXMPYUTJLTKT,anemia,0,80.0,0.0,0.0,0.0,0.0,0.8177217992498811,0.2725739330832937,0.0,0.0,0.0,0.0,0.0,0.0,0.9005842133665669,0.9005842133665669,0.15401024054025744,0.07176997643314308,0.9005842133665669,3,1,4.375,0.07674099441576088
JGRXMPYUTJLTKT,anemia,0,80.0,0.0,0.0,0.0,0.0,0.8177217992498811,0.2725739330832937,0.0,0.0,0.0,0.0,0.0,0.0,0.9005842133665669,0.9005842133665669,0.15401024054025744,0.07176997643314308,0.9005842133665669,3,1,4.375,0.07674099441576088
JGRXMPYUTJLTKT,anemia,0,80.0,0.0,0.0,0.0,0.0,0.8177217992498811,0.2725739330832937,0.0,0.0,0.0,0.0,0.0,0.0,0.9005842133665669,0.9005842133665669,0.15401024054025744,0.07176997643314308,0.9005842133665669,3,1,4.375,0.07674099441576088
GEJDGVNQKABXKG,Tardive Dyskinesia,0,78.0,0.0,0.0,0.0,0.0,0.0,0.0,0.0,0.0,0.0,0.0,0.0,0.0,0.0,0.0,0.0,0.0,0.0,0,0,0.0,0.0
JQSHBVHOMNKWFT,HIV infection,0,8.0,0.0,0.0,0.0,0.0,0.0,0.0,0.0,0.0,0.0,0.0,0.0,0.0,0.0,0.0,0.0,0.0,0.0,0,0,-63.94117647058823,-0.07569723439911848
LQBVNQSMGBZMKD,Multiple Myeloma,0,62.0,0.4295051339320758,0.4295051339320758,0.0,0.0,0.0,0.0,0.7599134970145264,0.7599134970145264,0.0,0.0,0.4559480982087158,0.4559480982087158,0.6256153914209588,0.6256153914209588,0.4255335299269007,0.4255335299269007,0.7599134970145264,1,1,-9.63636363636364,-0.07680507024367644
LQBVNQSMGBZMKD,Chronic Lymphocytic Leukemia,0,90.0,0.7356147774240064,0.7356147774240064,0.0,0.0,0.0,0.0,0.0,0.0,0.0430531040350025,0.0430531040350025,0.4559480982087158,0.4559480982087158,0.965708263035058,0.965708263035058,0.9495158215163638,0.9495158215163638,0.965708263035058,1,1,3.0,0.01734477665954781
LQBVNQSMGBZMKD,Previously Untreated Chronic Lymphocytic Leukemia,0,87.0,0.0,0.0,0.0,0.0,0.0,0.0,0.0,0.0,0.0,0.0,0.0,0.0,0.0,0.0,0.0,0.0,0.0,0,0,0.0,0.0
LQBVNQSMGBZMKD,Your Cancer,0,38.0,0.0,0.0,0.0,0.0,0.0,0.0,0.0,0.0,0.0,0.0,0.0,0.0,0.0,0.0,0.0,0.0,0.0,0,0,0.0,0.0
QZFHIXARHDBPBY,heart failure,0,55.0,0.342222367841554,0.16366791111921125,0.0,0.0,0.0,0.0,0.0,0.0,0.0,0.0,0.0,0.0,0.9665192363403899,0.9665192363403899,0.0,0.0,0.9665192363403899,3,1,16.0,0.014056259654679937
ZAFYATHCZYHLPB,Sleep Disorder,0,62.0,0.0,0.0,0.0,0.0,0.0,0.0,0.0,0.0,0.0,0.0,0.0,0.0,0.997885095523097,0.997885095523097,0.12902824570308646,0.12902824570308646,0.997885095523097,1,1,8.5,0.033225295743602556
UBQNRHZMVUUOMG,alcohol use disorder measurement,0,30.0,0.0,0.0,0.0,0.0,0.0,0.0,0.0,0.0,0.0,0.0,0.0,0.0,0.0,0.0,0.0,0.0,0.0,0,0,0.0,0.0
GBBSUAFBMRNDJC,sleep disorder,0,62.0,0.6260131179720698,0.06800939064509809,0.0,0.0,0.0,0.0,0.0,0.0,0.0,0.0,0.0,0.0,0.997885095523097,0.9959588405831185,0.12902824570308646,0.028923679762409147,0.997885095523097,16,1,0.0,0.0
XRWSZZJLZRKHHD,hepatitis C virus infection,0,87.0,0.0,0.0,0.0,0.0,0.0,0.0,0.0,0.0,0.0,0.0,0.0,0.0,0.0,0.0,0.0,0.0,0.0,0,0,5.472972972972968,0.0
NMUSYJAQQFHJEW,Acute Myeloid Leukemia,0,70.0,0.8274321824850255,0.41371609124251274,0.607930797611621,0.3039653988058105,0.0,0.0,0.607930797611621,0.3039653988058105,0.0,0.0,0.8514596149150455,0.42572980745752276,0.9720979202577157,0.9720979202577157,0.9880956737828811,0.962225604905148,0.9880956737828811,2,1,7.81818181818182,0.08801485884125282
HYHMLYSLQUKXKP,Hypercholesterolemia,0,76.0,0.0,0.0,0.0,0.0,0.0,0.0,0.0,0.0,0.0,0.0,0.0,0.0,0.8849319116502407,0.8849319116502407,0.20178027461714107,0.20178027461714107,0.8849319116502407,1,1,-4.357142857142861,-0.08597326672638039
HYHMLYSLQUKXKP,Hypercholesterolemia,0,76.0,0.0,0.0,0.0,0.0,0.0,0.0,0.0,0.0,0.0,0.0,0.0,0.0,0.8849319116502407,0.8849319116502407,0.20178027461714107,0.20178027461714107,0.8849319116502407,1,1,-4.357142857142861,-0.08597326672638039
RMRJXGBAOAMLHD,Chronic pain,0,58.0,0.0,0.0,0.0,0.0,0.0,0.0,0.0,0.0,0.0,0.0,0.0,0.0,0.9966171968278088,0.9726510403722346,0.03495602086266821,0.017478010431334106,0.9966171968278088,2,1,15.333333333333336,0.22620883767671918
RYYVLZVUVIJVGH,Back Pain; Neck Pain,1,20.0,0.0,0.0,0.0,0.0,0.0,0.0,0.0,0.0,0.0,0.0,0.0,0.0,0.5319394479101685,0.5319394479101685,0.012158615952232422,0.0030396539880581056,0.5319394479101685,4,1,0.0,0.0
VAAUVRVFOQPIGI,bacterial infection,0,87.0,0.0,0.0,0.0,0.0,0.0,0.0,0.0,0.0,0.0,0.0,0.0,0.0,0.0,0.0,0.0,0.0,0.0,0,0,1.5,0.0
GKTWGGQPFAXNFI,Ischemic Stroke,0,68.0,0.0,0.0,0.0,0.0,0.0,0.0,0.0,0.0,0.0,0.0,0.0,0.0,0.682103257387594,0.682103257387594,0.4066089106318993,0.4066089106318993,0.682103257387594,1,1,0.0,0.0
FKRSSPOQAMALKA,hepatitis C virus infection,0,88.0,0.0,0.0,0.0,0.0,0.0,0.0,0.0,0.0,0.0,0.0,0.0,0.0,0.0,0.0,0.0,0.0,0.0,0,0,6.472972972972968,0.0
OBWASQILIWPZMG,Type 2 Diabetes Mellitus,0,68.0,0.0,0.0,0.0,0.0,0.0,0.0,0.0,0.0,0.0,0.0,0.0,0.0,0.9974377552980216,0.9974377552980216,0.9481524627860095,0.9481524627860095,0.9974377552980216,1,1,2.7714285714285722,0.027735338757369
GYQYAJJFPNQOOW,Acute Myeloid Leukemia,0,79.0,0.547137717850459,0.2735688589252295,0.3039653988058105,0.15198269940290526,0.5315118267028281,0.2657559133514141,0.8403921691290585,0.4201960845645292,0.0,0.0,0.8749189368575546,0.4374594684287773,0.9757346630479552,0.9570497064035417,0.9984664438716464,0.9725244149413742,0.9984664438716464,2,1,16.81818181818182,0.09838562893001812
MUGXRYIUWFITCP,insomnia,0,75.0,0.0,0.0,0.0,0.0,0.0,0.0,0.0,0.0,0.0,0.0,0.0,0.0,0.9762224837568165,0.9761712995999867,0.17762415247386154,0.12586356755337758,0.9762224837568165,2,1,7.75,-0.0032935483305970292
LTXREWYXXSTFRX,"Diabetes Mellitus, Type 2",0,58.0,0.0,0.0,0.0,0.0,0.5511044663048749,0.5511044663048749,0.0,0.0,0.0,0.0,0.0,0.0,0.9981950138708703,0.9981950138708703,0.954188839355206,0.954188839355206,0.9981950138708703,1,1,-3.2727272727272734,0.0008432251253699397
USUZGMWDZDXMDG,pituitary-dependent Cushing's disease,0,78.0,0.0,0.0,0.0,0.0,0.0,0.0,0.0,0.0,0.0,0.0,0.0,0.0,0.0,0.0,0.0,0.0,0.0,0,0,10.0,0.0
TZRHLKRLEZJVIJ,liver cancer,0,20.0,0.0,0.0,0.0,0.0,0.0,0.0,0.0,0.0,0.0,0.0,0.0,0.0,0.0,0.0,0.0,0.0,0.0,0,0,0.0,0.0
SONNWYBIRXJNDC,hypotension,0,72.0,0.0,0.0,0.0,0.0,0.0,0.0,0.0,0.0,0.0,0.0,0.0,0.0,0.9753060995268333,0.9753060995268333,0.04238628616681025,0.04238628616681025,0.9753060995268333,1,1,3.4000000000000057,0.17074398800090174
NNACHAUCXXVJSP,narcolepsy without cataplexy,0,68.0,0.0,0.0,0.0,0.0,0.0,0.0,0.0,0.0,0.0,0.0,0.0,0.0,0.0,0.0,0.0,0.0,0.0,0,0,0.0,0.0
IYDYFVUFSPQPPV,Complicated Urinary Tract Infection; Acute Pyelonephritis,0,86.0,0.0,0.0,0.0,0.0,0.0,0.0,0.0,0.0,0.0,0.0,0.0,0.0,0.0,0.0,0.0,0.0,0.0,0,0,-2.0,0.0
OLBCVFGFOZPWHH,Open Heart Surgery,0,85.0,0.0,0.0,0.0,0.0,0.0,0.0,0.0,0.0,0.0,0.0,0.0,0.0,0.0,0.0,0.0,0.0,0.0,0,0,0.0,0.0
RHXHGRAEPCAFML,Women and Men With Hormone-receptor Positive Locally Advanced or Metastatic Breast Cancer,0,82.0,0.0,0.0,0.0,0.0,0.0,0.0,0.0,0.0,0.0,0.0,0.0,0.0,0.0,0.0,0.0,0.0,0.0,0,0,0.0,0.0
WDZCUPBHRAEYDL,Tuberculosis,0,86.0,0.0,0.0,0.0,0.0,0.0,0.0,0.0,0.0,0.0,0.0,0.0,0.0,0.0,0.0,0.0,0.0,0.0,0,0,0.75,0.0
KGFYHTZWPPHNLQ,Neoplasm; Venous Thromboembolism,0,82.0,0.0,0.0,0.0,0.0,0.0,0.0,0.0,0.0,0.0,0.0,0.0,0.0,0.0,0.0,0.0,0.0,0.0,0,0,0.0,0.0
YOZBGTLTNGAVFU,anemia of chronic kidney disease,0,80.0,0.0,0.0,0.0,0.0,0.0,0.0,0.0,0.0,0.0,0.0,0.0,0.0,0.0,0.0,0.0,0.0,0.0,0,0,0.0,0.0
YOZBGTLTNGAVFU,anemia of chronic kidney disease,0,80.0,0.0,0.0,0.0,0.0,0.0,0.0,0.0,0.0,0.0,0.0,0.0,0.0,0.0,0.0,0.0,0.0,0.0,0,0,0.0,0.0
YOZBGTLTNGAVFU,anemia of chronic kidney disease,0,80.0,0.0,0.0,0.0,0.0,0.0,0.0,0.0,0.0,0.0,0.0,0.0,0.0,0.0,0.0,0.0,0.0,0.0,0,0,0.0,0.0
YOZBGTLTNGAVFU,anemia of chronic kidney disease,0,80.0,0.0,0.0,0.0,0.0,0.0,0.0,0.0,0.0,0.0,0.0,0.0,0.0,0.0,0.0,0.0,0.0,0.0,0,0,0.0,0.0
MFFMDFFZMYYVKS,Type 2 Diabetes,0,55.0,0.0,0.0,0.0,0.0,0.5511044663048749,0.5511044663048749,0.0,0.0,0.0,0.0,0.0,0.0,0.9981950138708703,0.9981950138708703,0.954188839355206,0.954188839355206,0.9981950138708703,1,1,-4.539473684210527,0.01805503837810929
MFFMDFFZMYYVKS,Type 2 Diabetes Mellitus,0,60.0,0.0,0.0,0.0,0.0,0.5511044663048749,0.5511044663048749,0.0,0.0,0.0,0.0,0.0,0.0,0.9981950138708703,0.9981950138708703,0.954188839355206,0.954188839355206,0.9981950138708703,1,1,-5.228571428571428,0.028492597330217695
LERNTVKEWCAPOY,COPD,0,62.0,0.0,0.0,0.0,0.0,0.0,0.0,0.0,0.0,0.0,0.0,0.0,0.0,0.0,0.0,0.0,0.0,0.0,0,0,8.615384615384613,0.0
FWCVZAQENIZVMY,sickle cell disease,0,72.0,0.674927252858616,0.224975750952872,0.7987535201952689,0.26625117339842297,0.0,0.0,0.0,0.0,0.0,0.0,0.0,0.0,0.9479832490680078,0.9440232670392316,0.3547092098226796,0.20510101387109236,0.9479832490680078,3,1,0.0,0.0
WEAJZXNPAWBCOA,erectile dysfunction,0,80.0,0.0,0.0,0.0,0.0,0.0,0.0,0.0,0.0,0.0,0.0,0.0,0.0,0.9958166330606051,0.9958166330606051,0.23167404877224135,0.23167404877224135,0.9958166330606051,1,1,0.0,0.0
XUFXOAAUWZOOIT,Type 2 Diabetes,0,38.0,0.0,0.0,0.0,0.0,0.0,0.0,0.0,0.0,0.0,0.0,0.0,0.0,0.9880932907421601,0.986222766227229,0.13249220962677485,0.08895344111539967,0.9880932907421601,2,1,-21.539473684210527,0.007953315249399129
KDGFLJKFZUIJMX,Anaplastic Lymphoma,0,87.0,0.0,0.0,0.0,0.0,0.0,0.0,0.0,0.0,0.0,0.0,0.6839221473130737,0.6839221473130737,0.6701183875661991,0.6701183875661991,0.9967418464777233,0.9967418464777233,0.9967418464777233,1,1,-0.3333333333333286,1.1102230246251565e-16
STUWGJZDJHPWGZ,Advanced Breast Cancer,0,72.0,0.9071977813459119,0.9071977813459119,0.4875604996845201,0.4875604996845201,0.0,0.0,0.8253561331837682,0.8253561331837682,0.0,0.0,0.9483306179890979,0.9483306179890979,0.9425313169413648,0.9425313169413648,0.9939466361968845,0.9939466361968845,0.9939466361968845,1,1,-5.454545454545453,-0.000175055321978701
KRMDCWKBEZIMAB,Prevention of Pain,0,35.0,0.0,0.0,0.0,0.0,0.0,0.0,0.0,0.0,0.0,0.0,0.0,0.0,0.0,0.0,0.0,0.0,0.0,0,0,0.0,0.0
LSQZJLSUYDQPKJ,Alcoholic Hepatitis; Alcoholic Liver Disease,1,25.0,0.0,0.0,0.0,0.0,0.0,0.0,0.0,0.0,0.0,0.0,0.0,0.0,0.0,0.0,0.0,0.0,0.0,0,0,0.0,0.0
QNZCBYKSOIHPEH,Transient Ischemic Attack; Stroke; Atrial Fibrillation,0,86.0,0.0,0.0,0.0,0.0,0.0,0.0,0.0,0.0,0.0,0.0,0.0,0.0,0.0,0.0,0.23434043551267955,0.23434043551267955,0.23434043551267955,1,1,0.0,0.0
QNZCBYKSOIHPEH,With Leukemia,0,67.0,0.0,0.0,0.0,0.0,0.0,0.0,0.0,0.0,0.0,0.0,0.0,0.0,0.0,0.0,0.0,0.0,0.0,0,0,0.0,0.0
QNZCBYKSOIHPEH,Embolic Stroke of Undetermined Source,1,35.0,0.0,0.0,0.0,0.0,0.0,0.0,0.0,0.0,0.0,0.0,0.0,0.0,0.0,0.0,0.0,0.0,0.0,0,0,0.0,0.0
QNZCBYKSOIHPEH,With Cancer,0,68.0,0.0,0.0,0.0,0.0,0.0,0.0,0.0,0.0,0.0,0.0,0.0,0.0,0.0,0.0,0.0,0.0,0.0,0,0,20.25,0.0
XRWSZZJLZRKHHD,hepatitis C virus infection,0,87.0,0.0,0.0,0.0,0.0,0.0,0.0,0.0,0.0,0.0,0.0,0.0,0.0,0.0,0.0,0.0,0.0,0.0,0,0,5.472972972972968,0.0
XUKUURHRXDUEBC,Renal Insufficiency,0,33.0,0.0,0.0,0.0,0.0,0.0,0.0,0.0,0.0,0.0,0.0,0.0,0.0,0.566336510178366,0.566336510178366,0.42157343453212537,0.42157343453212537,0.566336510178366,1,1,0.0,0.0
XUKUURHRXDUEBC,Hypercholesterolemia,0,93.0,0.8848782465161684,0.8848782465161684,0.0,0.0,0.0,0.0,0.0,0.0,0.0,0.0,0.0,0.0,0.9985333487476596,0.9985333487476596,0.3381587936141898,0.3381587936141898,0.9985333487476596,1,1,12.642857142857139,0.027628170371038596
XUKUURHRXDUEBC,"Diabetes Mellitus, Type 2; Coronary Artery Disease",0,78.0,0.46761554622642576,0.46761554622642576,0.0,0.0,0.0,0.0,0.0,0.0,0.0,0.0,0.0,0.0,0.9085867500093789,0.9085867500093789,0.8010576605938883,0.8010576605938883,0.9085867500093789,1,1,0.0,0.0
NMUSYJAQQFHJEW,Acute Myeloid Leukemia,0,70.0,0.8274321824850255,0.41371609124251274,0.607930797611621,0.3039653988058105,0.0,0.0,0.607930797611621,0.3039653988058105,0.0,0.0,0.8514596149150455,0.42572980745752276,0.9720979202577157,0.9720979202577157,0.9880956737828811,0.962225604905148,0.9880956737828811,2,1,7.81818181818182,0.08801485884125282
QJFSABGVXDWMIW,essential hypertension,0,78.0,0.8051397966329676,0.8051397966329676,0.865457038266544,0.865457038266544,0.762408017466963,0.762408017466963,0.0,0.0,0.0,0.0,0.0,0.0,0.9197434486627256,0.9197434486627256,0.5659982429764635,0.5659982429764635,0.9197434486627256,1,1,8.25,0.2299358621656814
KHOITXIGCFIULA,inflammatory bowel disease,0,10.0,0.0,0.0,0.0,0.0,0.0,0.0,0.0,0.0,0.0,0.0,0.0,0.0,0.0,0.0,0.0,0.0,0.0,0,0,0.0,0.0
ZKIAIYBUSXZPLP,schizophrenia,0,70.0,0.6560907249300643,0.21869690831002142,0.0,0.0,0.6454494156558882,0.3005235535632214,0.0,0.0,0.0,0.0,0.0,0.0,0.9994097502793402,0.9981739213465834,0.9231710917698762,0.6219826717632376,0.9994097502793402,3,1,7.350000000000001,0.027785375343797547
LEBVLXFERQHONN,migraine,0,30.0,0.0,0.0,0.0,0.0,0.0,0.0,0.0,0.0,0.0,0.0,0.0,0.0,0.0,0.0,0.0,0.0,0.0,0,0,-40.0,0.0
LEBVLXFERQHONN,Postoperative Pain,0,72.0,0.0,0.0,0.0,0.0,0.0,0.0,0.0,0.0,0.0,0.0,0.0,0.0,0.0,0.0,0.0,0.0,0.0,0,0,11.777777777777779,0.0
RMRJXGBAOAMLHD,opioid dependence,0,84.0,0.0,0.0,0.0,0.0,0.0,0.0,0.0,0.0,0.0,0.0,0.0,0.0,0.0,0.0,0.0,0.0,0.0,0,0,0.0,0.0
SNPPWIUOZRMYNY,Major Depressive Disorder,0,58.0,0.0,0.0,0.0,0.0,0.5401465136779253,0.18004883789264178,0.0,0.0,0.0,0.0,0.0,0.0,0.9989505958028947,0.8753736903695697,0.5155319005457124,0.3575904719101033,0.9989505958028947,3,1,9.860465116279073,0.004122706490053418
KORNTPPJEAJQIU,non-functioning pituitary adenoma,0,30.0,0.0,0.0,0.0,0.0,0.0,0.0,0.0,0.0,0.0,0.0,0.0,0.0,0.0,0.0,0.0,0.0,0.0,0,0,0.0,0.0
GAGWJHPBXLXJQN,Advanced Gastric Cancer,0,60.0,0.0,0.0,0.0,0.0,0.0,0.0,0.0,0.0,0.0,0.0,0.0,0.0,0.8793337821767572,0.8793337821767572,0.6865366626902423,0.6865366626902423,0.8793337821767572,1,1,7.333333333333336,0.2931112607255857
GAGWJHPBXLXJQN,Gastric Adenocarcinoma,0,60.0,0.0,0.0,0.0,0.0,0.0,0.0,0.0,0.0,0.0,0.0,0.0,0.0,0.6761614529794218,0.6761614529794218,0.10615788411891992,0.10615788411891992,0.6761614529794218,1,1,0.0,0.0
LCQLHJZYVOQKHU,methylmalonic acidemia or propionic acidemia,0,74.0,0.0,0.0,0.0,0.0,0.0,0.0,0.0,0.0,0.0,0.0,0.0,0.0,0.0,0.0,0.0,0.0,0.0,0,0,0.0,0.0
VAAUVRVFOQPIGI,urinary tract infection,0,85.0,0.0,0.0,0.0,0.0,0.0,0.0,0.0,0.0,0.0,0.0,0.0,0.0,0.0,0.0,0.0,0.0,0.0,0,0,0.0,0.0
QYSXJUFSXHHAJI,vitamin D deficiency,0,95.0,0.0,0.0,0.0,0.0,0.0,0.0,0.0,0.0,0.0,0.0,0.0,0.0,0.0,0.0,0.0,0.0,0.0,0,0,0.0,0.0
VDHAWDNDOKGFTD,"Secondary Hyperparathyroidism, Chronic Kidney Disease",0,82.0,0.8713755249715062,0.8713755249715062,0.8490142952440954,0.8490142952440954,0.6396473879148777,0.6396473879148777,0.0,0.0,0.0,0.0,0.0,0.0,0.977820472725566,0.977820472725566,0.2870723468653704,0.2870723468653704,0.977820472725566,1,1,0.0,0.0
YXSLJKQTIDHPOT,fasciculation,0,42.0,0.0,0.0,0.0,0.0,0.0,0.0,0.0,0.0,0.0,0.0,0.0,0.0,0.0,0.0,0.0,0.0,0.0,0,0,0.0,0.0
GJSURZIOUXUGAL,fecal incontinence,1,33.0,0.0,0.0,0.0,0.0,0.0,0.0,0.0,0.0,0.0,0.0,0.0,0.0,0.4627028848488449,0.46270288484884486,0.0,0.0,0.4627028848488449,3,1,-3.5,-0.0199477292966313
GKTWGGQPFAXNFI,Peripheral Arterial Disease,0,60.0,0.0,0.0,0.0,0.0,0.0,0.0,0.0,0.0,0.0,0.0,0.0,0.0,0.9099520686520239,0.9099520686520239,0.16430801575884943,0.16430801575884943,0.9099520686520239,1,1,0.0,0.0
GKTWGGQPFAXNFI,Acute ST Segment Elevation Myocardial Infarction; Thrombolysis in Myocardial Infarction Flow,0,82.0,0.0,0.0,0.0,0.0,0.0,0.0,0.0,0.0,0.0,0.0,0.0,0.0,0.578563888824699,0.578563888824699,0.12384345869522169,0.12384345869522169,0.578563888824699,1,1,0.0,0.0
GKTWGGQPFAXNFI,Myocardial Infarction; ST Segment Elevation Myocardial Infarction (STEMI),0,80.0,0.0,0.0,0.0,0.0,0.0,0.0,0.0,0.0,0.0,0.0,0.0,0.0,0.9925062124334815,0.9925062124334815,0.6831674840037899,0.6831674840037899,0.9925062124334815,1,1,-1.0,0.0
FDKXTQMXEQVLRF,IV Melanoma,0,38.0,0.0,0.0,0.0,0.0,0.0,0.0,0.0,0.0,0.0,0.0,0.0,0.0,0.0,0.0,0.0,0.0,0.0,0,0,0.0,0.0
FKRSSPOQAMALKA,hepatitis C virus infection,0,88.0,0.0,0.0,0.0,0.0,0.0,0.0,0.0,0.0,0.0,0.0,0.0,0.0,0.0,0.0,0.0,0.0,0.0,0,0,6.472972972972968,0.0
FKRSSPOQAMALKA,hepatitis C virus infection,0,88.0,0.0,0.0,0.0,0.0,0.0,0.0,0.0,0.0,0.0,0.0,0.0,0.0,0.0,0.0,0.0,0.0,0.0,0,0,6.472972972972968,0.0
FKRSSPOQAMALKA,Cirrhosis,0,45.0,0.0,0.0,0.0,0.0,0.0,0.0,0.0,0.0,0.0,0.0,0.0,0.0,0.0,0.0,0.0,0.0,0.0,0,0,5.75,0.0
POZRVZJJTULAOH,Unexplained Infertility,0,15.0,0.0,0.0,0.0,0.0,0.0,0.0,0.0,0.0,0.0,0.0,0.0,0.0,0.0,0.0,0.0,0.0,0.0,0,0,-15.0,0.0
JVHXJTBJCFBINQ,Type 2 Diabetes,0,60.0,0.0,0.0,0.0,0.0,0.0,0.0,0.0,0.0,0.0,0.0,0.0,0.0,0.9974377552980216,0.9974377552980216,0.9481524627860095,0.9481524627860095,0.9974377552980216,1,1,0.46052631578947256,0.017297779805260594
JVHXJTBJCFBINQ,Type 1 Diabetes,0,40.0,0.0,0.0,0.0,0.0,0.44681393797460117,0.44681393797460117,0.0,0.0,0.0,0.0,0.0,0.0,0.9429775247362278,0.9429775247362278,0.8382089977315283,0.8382089977315283,0.9429775247362278,1,1,7.700000000000003,0.2614543749662124
JVHXJTBJCFBINQ,Type 1 Diabetes,0,40.0,0.0,0.0,0.0,0.0,0.44681393797460117,0.44681393797460117,0.0,0.0,0.0,0.0,0.0,0.0,0.9429775247362278,0.9429775247362278,0.8382089977315283,0.8382089977315283,0.9429775247362278,1,1,7.700000000000003,0.2614543749662124
JVHXJTBJCFBINQ,Type II Diabetes Mellitus,0,72.0,0.41592256290316537,0.41592256290316537,0.0,0.0,0.5732065566256663,0.5732065566256663,0.0,0.0,0.0,0.0,0.0,0.0,0.9979547446616185,0.9979547446616185,0.9714581997567786,0.9714581997567786,0.9979547446616185,1,1,10.0,-0.0002495444794455848
XAUDJQYHKZQPEU,Thrombocytopenia; Hematologic Diseases,0,58.0,0.0,0.0,0.0,0.0,0.0,0.0,0.0,0.0,0.0,0.0,0.0,0.0,0.4559480982087158,0.4559480982087158,0.08865657465169474,0.07460915148521621,0.4559480982087158,2,1,0.0,0.0
DPYMFVXJLLWWEU,Anesthesia With Use of LMA (Laryngeal Mask Airway),0,87.0,0.0,0.0,0.0,0.0,0.0,0.0,0.0,0.0,0.0,0.0,0.0,0.0,0.0,0.0,0.0,0.0,0.0,0,0,0.0,0.0
DPYMFVXJLLWWEU,Orthopedic Disorders,0,25.0,0.0,0.0,0.0,0.0,0.0,0.0,0.0,0.0,0.0,0.0,0.0,0.0,0.0,0.0,0.0,0.0,0.0,0,0,0.0,0.0
UREBDLICKHMUKA,Multiple Myeloma,0,67.0,0.0,0.0,0.0,0.0,0.0,0.0,0.0,0.0,0.0,0.0,0.0,0.0,0.9809307646396322,0.9809307646396322,0.6774934245753107,0.6774934245753107,0.9809307646396322,1,1,-4.63636363636364,0.14421219738142943
UREBDLICKHMUKA,Chronic Allergic Conjunctivitis,0,58.0,0.0,0.0,0.0,0.0,0.0,0.0,0.0,0.0,0.0,0.0,0.0,0.0,0.9951205294925413,0.9951205294925413,0.1482760028525543,0.1482760028525543,0.9951205294925413,1,1,0.0,0.0
UREBDLICKHMUKA,Chemotherapy-Induced Nausea and Vomiting,0,50.0,0.0,0.0,0.0,0.0,0.0,0.0,0.0,0.0,0.0,0.0,0.0,0.0,0.6871583436800075,0.6871583436800075,0.0,0.0,0.6871583436800075,1,1,-5.333333333333336,-0.05167081149136288
UREBDLICKHMUKA,Cataract,0,18.0,0.0,0.0,0.0,0.0,0.0,0.0,0.0,0.0,0.0,0.0,0.0,0.0,0.6847307744165831,0.6847307744165831,0.03330521648789523,0.03330521648789523,0.6847307744165831,1,1,0.0,0.0
UREBDLICKHMUKA,Chemotherapy-Induced Nausea and Vomiting,0,50.0,0.0,0.0,0.0,0.0,0.0,0.0,0.0,0.0,0.0,0.0,0.0,0.0,0.6871583436800075,0.6871583436800075,0.0,0.0,0.6871583436800075,1,1,-5.333333333333336,-0.05167081149136288
UREBDLICKHMUKA,Cardiac Surgery; Congenital Heart Defects; Cardiopulmonary Bypass,1,45.0,0.0,0.0,0.0,0.0,0.0,0.0,0.0,0.0,0.0,0.0,0.0,0.0,0.9589552641969801,0.9589552641969801,0.5784256222364782,0.5784256222364782,0.9589552641969801,1,1,0.0,0.0
UREBDLICKHMUKA,Postoperative Pain,0,42.0,0.0,0.0,0.0,0.0,0.0,0.0,0.0,0.0,0.0,0.0,0.0,0.0,0.0,0.0,0.0,0.0,0.0,0,0,-18.22222222222222,0.0
UREBDLICKHMUKA,Pediatric Asthma,0,70.0,0.0,0.0,0.0,0.0,0.0,0.0,0.0,0.0,0.0,0.0,0.0,0.0,0.0,0.0,0.0,0.0,0.0,0,0,0.0,0.0
UREBDLICKHMUKA,Post-Surgical Ocular Pain; Post-Surgical Ocular Inflammation,0,68.0,0.0,0.0,0.0,0.0,0.0,0.0,0.0,0.0,0.0,0.0,0.0,0.0,0.0,0.0,0.0,0.0,0.0,0,0,0.0,0.0
UREBDLICKHMUKA,Chronic Allergic Conjunctivitis,0,58.0,0.0,0.0,0.0,0.0,0.0,0.0,0.0,0.0,0.0,0.0,0.0,0.0,0.9951205294925413,0.9951205294925413,0.1482760028525543,0.1482760028525543,0.9951205294925413,1,1,0.0,0.0
UREBDLICKHMUKA,Gastrointestinal Neoplasms; Chemotherapy-induced Nausea and Vomiting,0,50.0,0.0,0.0,0.0,0.0,0.0,0.0,0.0,0.0,0.0,0.0,0.0,0.0,0.9966420209854742,0.9966420209854742,0.9237992818688524,0.9237992818688524,0.9966420209854742,1,1,0.0,0.0
DCOPUUMXTXDBNB,Post Operative Dental Pain,0,72.0,0.0,0.0,0.0,0.0,0.0,0.0,0.0,0.0,0.0,0.0,0.0,0.0,0.0,0.0,0.0,0.0,0.0,0,0,0.0,0.0
ZEUITGRIYCTCEM,Osteoarthritis,0,42.0,0.0,0.0,0.0,0.0,0.0,0.0,0.0,0.0,0.0,0.0,0.0,0.0,0.6544906565781436,0.6363609445996468,0.012158615952232422,0.006079307976116211,0.6544906565781436,2,1,2.3076923076923066,-0.18752376538266546
HGVDHZBSSITLCT,Venous Thromboembolism (VTE); Deep Vein Thrombosis (DVT); Pulmonary Embolism (PE); Cancer,0,78.0,0.8529129114084061,0.8529129114084061,0.0,0.0,0.0,0.0,0.0,0.0,0.0,0.0,0.0,0.0,0.9844800523753261,0.9844800523753261,0.650533164518347,0.650533164518347,0.9844800523753261,1,1,0.0,0.0
XDXWLKQMMKQXPV,severe aplastic anemia,0,66.0,0.0,0.0,0.0,0.0,0.0,0.0,0.0,0.0,0.0,0.0,0.0,0.0,0.8049609317051606,0.8049609317051606,0.04196901721755704,0.04196901721755704,0.8049609317051606,1,1,0.0,0.0
OBWASQILIWPZMG,Type 1 Diabetes Mellitus,0,40.0,0.0,0.0,0.0,0.0,0.44681393797460117,0.44681393797460117,0.0,0.0,0.0,0.0,0.0,0.0,0.9429775247362278,0.9429775247362278,0.8382089977315283,0.8382089977315283,0.9429775247362278,1,1,-1.3333333333333357,0.0
OBWASQILIWPZMG,"Diabetes Mellitus, Type 1",0,40.0,0.0,0.0,0.0,0.0,0.44681393797460117,0.44681393797460117,0.0,0.0,0.0,0.0,0.0,0.0,0.9429775247362278,0.9429775247362278,0.8382089977315283,0.8382089977315283,0.9429775247362278,1,1,0.0,0.0
GBXSMTUPTTWBMN,Heart Failure With Reduced Ejection Fraction (HF-rEF),0,80.0,0.0,0.0,0.0,0.0,0.7005841756523981,0.7005841756523981,0.0,0.0,0.0,0.0,0.0,0.0,0.5319394479101685,0.5319394479101685,0.5376888482839701,0.5376888482839701,0.7005841756523981,1,1,0.0,0.0
UCTWMZQNUQWSLP,Acute Upper Gastrointestinal Bleeding,0,58.0,0.0,0.0,0.0,0.0,0.0,0.0,0.0,0.0,0.0,0.0,0.0,0.0,0.0,0.0,0.0,0.0,0.0,0,0,0.0,0.0
JUKPWJGBANNWMW,Duchenne Muscular Dystrophy,0,38.0,0.0,0.0,0.0,0.0,0.0,0.0,0.0,0.0,0.0,0.0,0.0,0.0,0.9029190631689104,0.9029190631689104,0.19380179978660247,0.19380179978660247,0.9029190631689104,1,1,1.7999999999999972,0.18823661094108013
WSEQXVZVJXJVFP,Major Depressive Disorder,0,52.0,0.0,0.0,0.0,0.0,0.663267698464219,0.663267698464219,0.0,0.0,0.0,0.0,0.0,0.0,0.9994065355213364,0.9994065355213364,0.8034560660154578,0.8034560660154578,0.9994065355213364,1,1,3.860465116279073,0.00457864620849513
YQEZLKZALYSWHR,Depression,0,55.0,0.0,0.0,0.0,0.0,0.0,0.0,0.0,0.0,0.0,0.0,0.0,0.0,0.0,0.0,0.0,0.0,0.0,0,0,11.0,0.0
YQEZLKZALYSWHR,Depression,0,55.0,0.0,0.0,0.0,0.0,0.0,0.0,0.0,0.0,0.0,0.0,0.0,0.0,0.0,0.0,0.0,0.0,0.0,0,0,11.0,0.0
YQEZLKZALYSWHR,Depression,1,55.0,0.0,0.0,0.0,0.0,0.0,0.0,0.0,0.0,0.0,0.0,0.0,0.0,0.0,0.0,0.0,0.0,0.0,0,0,11.0,0.0
YQEZLKZALYSWHR,Relapse Prevention in Adult Participants With Treatment-resistant Depression,0,58.0,0.0,0.0,0.0,0.0,0.0,0.0,0.0,0.0,0.0,0.0,0.0,0.0,0.5150524813098456,0.5150524813098456,0.012158615952232422,0.0034738902720664066,0.5150524813098456,7,1,0.0,0.0
VOXZDWNPVJITMN,Schizophrenia; Schizoaffective Disorder; Schizophreniform Disorders,0,25.0,0.03148028070365937,0.03148028070365937,0.0,0.0,0.0,0.0,0.0,0.0,0.0,0.0,0.0,0.0,0.6321015800744466,0.6321015800744466,0.7215867686287118,0.7215867686287118,0.7215867686287118,1,1,0.0,0.0
DCCSDBARQIPTGU,Overactive Bladder Syndrome,0,65.0,0.0,0.0,0.0,0.0,0.0,0.0,0.0,0.0,0.0,0.0,0.0,0.0,0.8661631901333255,0.8661631901333255,0.015198269940290528,0.015198269940290528,0.8661631901333255,1,1,0.0,0.0
XTULMSXFIHGYFS,Asthma,0,80.0,0.0,0.0,0.0,0.0,0.0,0.0,0.0,0.0,0.0,0.0,0.0,0.0,0.9988298364350643,0.9988298364350643,0.715329212260515,0.715329212260515,0.9988298364350643,1,1,32.0,0.2568426199802777
XTULMSXFIHGYFS,asthma,0,80.0,0.0,0.0,0.0,0.0,0.0,0.0,0.0,0.0,0.0,0.0,0.0,0.0,0.9988298364350643,0.9988298364350643,0.715329212260515,0.715329212260515,0.9988298364350643,1,1,14.125,0.06337853867771814
XWLUWCNOOVRFPX,Benzodiazepine Refractory Status Epilepticus,0,65.0,0.0,0.0,0.0,0.0,0.0,0.0,0.0,0.0,0.0,0.0,0.0,0.0,0.0,0.0,0.0,0.0,0.0,0,0,3.3333333333333357,0.0
GKDRMWXFWHEQQT,immune thrombocytopenia,1,76.0,0.0,0.0,0.0,0.0,0.0,0.0,0.0,0.0,0.0,0.0,0.0,0.0,0.0,0.0,0.0,0.0,0.0,0,0,4.0,0.0
ZZUFCTLCJUWOSV,fluid overload,0,82.0,0.0,0.0,0.0,0.0,0.0,0.0,0.0,0.0,0.0,0.0,0.0,0.0,0.0,0.0,0.0,0.0,0.0,0,0,0.0,0.0
UGJMXCAKCUNAIE,Neck Cancer,0,25.0,0.0,0.0,0.0,0.0,0.0,0.0,0.0,0.0,0.0,0.0,0.0,0.0,0.0,0.0,0.0,0.0,0.0,0,0,-21.0,0.0
UGJMXCAKCUNAIE,Chronic Pain,0,55.0,0.0,0.0,0.0,0.0,0.0,0.0,0.0,0.0,0.0,0.0,0.0,0.0,0.6428439589164501,0.6428093702274644,0.030396539880581056,0.001169097687714656,0.6428439589164501,26,1,0.0,0.0
SDUQYLNIPVEERB,Metastatic Pancreatic Cancer,0,60.0,0.0,0.0,0.0,0.0,0.0,0.0,0.0,0.0,0.0,0.0,0.0,0.0,0.9567315435045285,0.9567315435045285,0.8811312411015507,0.8811312411015507,0.9567315435045285,1,1,4.0,0.31891051450150953
JYGXADMDTFJGBT,Community Acquired Pneumonia,0,58.0,0.0,0.0,0.0,0.0,0.0,0.0,0.0,0.0,0.0,0.0,0.0,0.0,0.0,0.0,0.0,0.0,0.0,0,0,0.0,0.0
XYFPWWZEPKGCCK,Chronic Lymphocytic Leukemia,0,90.0,0.0,0.0,0.0,0.0,0.0,0.0,0.607930797611621,0.607930797611621,0.0,0.0,0.607930797611621,0.607930797611621,0.9866191875662546,0.9866191875662546,0.9290050201076685,0.9290050201076685,0.9866191875662546,1,1,3.0,0.038255701190744396
XYFPWWZEPKGCCK,Metastatic Pancreatic Adenocarcinoma,0,22.0,0.0,0.0,0.0,0.0,0.0,0.0,0.0,0.0,0.0,0.0,0.4559480982087158,0.4559480982087158,0.0,0.0,0.030396539880581056,0.030396539880581056,0.4559480982087158,1,1,-16.5,0.2279740491043579
HEFNNWSXXWATRW,Acute Kidney Injury; Exercise-associated Hyponatremia; Perceived Exertion,0,20.0,0.0,0.0,0.0,0.0,0.0,0.0,0.0,0.0,0.0,0.0,0.0,0.0,0.0,0.0,0.0,0.0,0.0,0,0,0.0,0.0
HEFNNWSXXWATRW,Cachexia in Advanced Cancer,0,32.0,0.0,0.0,0.0,0.0,0.0,0.0,0.0,0.0,0.0,0.0,0.0,0.0,0.0,0.0,0.0,0.0,0.0,0,0,0.0,0.0
HEFNNWSXXWATRW,Pain; Long-bone Fractures,0,55.0,0.0,0.0,0.0,0.0,0.0,0.0,0.0,0.0,0.0,0.0,0.0,0.0,0.9995731537430043,0.9995540689241746,0.14491866369298037,0.08073394548064836,0.9995731537430043,2,1,0.0,0.0
DOUYETYNHWVLEO,extramammary Paget disease,0,55.0,0.0,0.0,0.0,0.0,0.0,0.0,0.0,0.0,0.0,0.0,0.0,0.0,0.0,0.0,0.0,0.0,0.0,0,0,0.0,0.0
DOUYETYNHWVLEO,lentigo maligna melanoma,0,50.0,0.0,0.0,0.0,0.0,0.0,0.0,0.0,0.0,0.0,0.0,0.0,0.0,0.0,0.0,0.0,0.0,0.0,0,0,0.0,0.0
QZZUEBNBZAPZLX,heart failure,0,13.0,0.0,0.0,0.0,0.0,0.0,0.0,0.0,0.0,0.0,0.0,0.0,0.0,0.9871610985017263,0.9871610985017263,0.4186806958316982,0.4186806958316982,0.9871610985017263,1,1,-26.0,0.03469812181601628
VDJHFHXMUKFKET,actinic keratosis,0,70.0,0.0,0.0,0.0,0.0,0.0,0.0,0.0,0.0,0.0,0.0,0.0,0.0,0.0,0.0,0.0,0.0,0.0,0,0,-1.6666666666666714,0.0
MOYKHGMNXAOIAT,diabetic foot ulcer,0,38.0,0.0,0.0,0.0,0.0,0.0,0.0,0.0,0.0,0.0,0.0,0.0,0.0,0.0,0.0,0.0,0.0,0.0,0,0,6.5,0.0
PURKAOJPTOLRMP,cystic fibrosis,0,85.0,0.9678729716442139,0.9678729716442139,0.8773170744461322,0.8773170744461322,0.43591187534835524,0.43591187534835524,0.9285669064556789,0.9285669064556789,0.0,0.0,0.0,0.0,0.9904941908672886,0.9904941908672886,0.9950080483633249,0.9950080483633249,0.9950080483633249,1,1,0.5,0.0
PURKAOJPTOLRMP,cystic fibrosis,0,85.0,0.9678729716442139,0.9678729716442139,0.8773170744461322,0.8773170744461322,0.43591187534835524,0.43591187534835524,0.9285669064556789,0.9285669064556789,0.0,0.0,0.0,0.0,0.9904941908672886,0.9904941908672886,0.9950080483633249,0.9950080483633249,0.9950080483633249,1,1,0.5,0.0
PURKAOJPTOLRMP,cystic fibrosis,0,85.0,0.9678729716442139,0.9678729716442139,0.8773170744461322,0.8773170744461322,0.43591187534835524,0.43591187534835524,0.9285669064556789,0.9285669064556789,0.0,0.0,0.0,0.0,0.9904941908672886,0.9904941908672886,0.9950080483633249,0.9950080483633249,0.9950080483633249,1,1,0.5,0.0
PURKAOJPTOLRMP,cystic fibrosis,0,85.0,0.9678729716442139,0.9678729716442139,0.8773170744461322,0.8773170744461322,0.43591187534835524,0.43591187534835524,0.9285669064556789,0.9285669064556789,0.0,0.0,0.0,0.0,0.9904941908672886,0.9904941908672886,0.9950080483633249,0.9950080483633249,0.9950080483633249,1,1,0.5,0.0
PURKAOJPTOLRMP,cystic fibrosis,0,85.0,0.9678729716442139,0.9678729716442139,0.8773170744461322,0.8773170744461322,0.43591187534835524,0.43591187534835524,0.9285669064556789,0.9285669064556789,0.0,0.0,0.0,0.0,0.9904941908672886,0.9904941908672886,0.9950080483633249,0.9950080483633249,0.9950080483633249,1,1,0.5,0.0
YQEZLKZALYSWHR,Treatment Resistant Late-Life Depression,0,68.0,0.0,0.0,0.0,0.0,0.0,0.0,0.0,0.0,0.0,0.0,0.0,0.0,0.0,0.0,0.0,0.0,0.0,0,0,0.0,0.0
OZWKMVRBQXNZKK,Acute Abdominal Pain,0,55.0,0.0,0.0,0.0,0.0,0.0,0.0,0.0,0.0,0.0,0.0,0.0,0.0,0.5319394479101685,0.5319394479101685,0.0,0.0,0.5319394479101685,2,1,0.0,0.0
VPPJLAIAVCUEMN,focal epilepsy,1,70.0,0.0,0.0,0.0,0.0,0.0,0.0,0.0,0.0,0.0,0.0,0.0,0.0,0.0,0.0,0.0,0.0,0.0,0,0,2.0,0.0
MJIHNNLFOKEZEW,Erosive Esophagitis,0,85.0,0.0,0.0,0.0,0.0,0.0,0.0,0.0,0.0,0.0,0.0,0.0,0.0,0.0,0.0,0.0,0.0,0.0,0,0,0.0,0.0
MJIHNNLFOKEZEW,Erosive Esophagitis,0,85.0,0.0,0.0,0.0,0.0,0.0,0.0,0.0,0.0,0.0,0.0,0.0,0.0,0.0,0.0,0.0,0.0,0.0,0,0,0.0,0.0
XEDHVZKDSYZQBF,migraine,0,62.0,0.0,0.0,0.0,0.0,0.0,0.0,0.0,0.0,0.0,0.0,0.0,0.0,0.0,0.0,0.0,0.0,0.0,0,0,-8.0,0.0
GOTYRUGSSMKFNF,Multiple Myeloma,0,85.0,0.0,0.0,0.0,0.0,0.0,0.0,0.9066612367713315,0.22666530919283287,0.0,0.0,0.42555155832813474,0.10638788958203368,0.9932550539726157,0.9932550539726157,0.6152794249385721,0.37384307344200607,0.9932550539726157,4,1,13.36363636363636,0.1565364867144129
HPJKCIUCZWXJDR,Advanced Breast Cancer,0,80.0,0.0,0.0,0.0,0.0,0.0,0.0,0.0,0.0,0.0,0.0,0.0,0.0,0.9967339872687344,0.9967339872687344,0.9867926212379414,0.9867926212379414,0.9967339872687344,1,1,2.5454545454545467,0.0026122957498712074
HPJKCIUCZWXJDR,Polycystic Ovary Syndrome,0,78.0,0.0,0.0,0.0,0.0,0.0,0.0,0.0,0.0,0.0,0.0,0.0,0.0,0.6434829941867707,0.6434829941867707,0.9617300032190573,0.9617300032190573,0.9617300032190573,1,1,22.0,0.21065060612217357
HPJKCIUCZWXJDR,"Azoospermia, Nonobstructive; Oligozoospermia",0,40.0,0.0,0.0,0.0,0.0,0.0,0.0,0.0,0.0,0.0,0.0,0.0,0.0,0.0,0.0,0.0,0.0,0.0,0,0,0.0,0.0
VVIAGPKUTFNRDU,gastric adenocarcinoma,0,35.0,0.0,0.0,0.0,0.0,0.0,0.0,0.0,0.0,0.0,0.0,0.0,0.0,0.0,0.0,0.0,0.0,0.0,0,0,0.0,0.0
HPHUVLMMVZITSG,Benzodiazepine Refractory Status Epilepticus,0,52.0,0.0,0.0,0.0,0.0,0.0,0.0,0.0,0.0,0.0,0.0,0.0,0.0,0.0,0.0,0.0,0.0,0.0,0,0,-9.666666666666664,0.0
GJJFMKBJSRMPLA,Major Depressive Disorder,1,52.0,0.0,0.0,0.0,0.0,0.663267698464219,0.3316338492321095,0.0,0.0,0.0,0.0,0.0,0.0,0.9994065355213364,0.9991785656621155,0.8034560660154578,0.6254777343770506,0.9994065355213364,2,1,3.860465116279073,0.00457864620849513
NNJVILVZKWQKPM,obesity,0,9.0,0.6854531424503234,0.18066545070771822,0.0,0.0,0.0,0.0,0.0,0.0,0.0,0.0,0.0,0.0,0.6718878502808032,0.6718048585338283,0.34861116110374396,0.07643942949526975,0.6854531424503234,10,1,-5.666666666666666,0.2967303955753746
NNJVILVZKWQKPM,pain,0,68.0,0.547137717850459,0.0547137717850459,0.0,0.0,0.0,0.0,0.0,0.0,0.0,0.0,0.0,0.0,0.9987210058300428,0.9976137492315844,0.10844203789265631,0.060633352963719175,0.9987210058300428,10,1,9.875,0.08613720071674125
LTXREWYXXSTFRX,Type 2 Diabetes Mellitus,0,58.0,0.0,0.0,0.0,0.0,0.5511044663048749,0.5511044663048749,0.0,0.0,0.0,0.0,0.0,0.0,0.9981950138708703,0.9981950138708703,0.954188839355206,0.954188839355206,0.9981950138708703,1,1,-7.228571428571428,0.028492597330217695
LTXREWYXXSTFRX,Type 2 DiAbetes Mellitus,1,58.0,0.0,0.0,0.0,0.0,0.5511044663048749,0.5511044663048749,0.0,0.0,0.0,0.0,0.0,0.0,0.9981950138708703,0.9981950138708703,0.954188839355206,0.954188839355206,0.9981950138708703,1,1,0.0,0.0
TYZROVQLWOKYKF,pulmonary tuberculosis,0,80.0,0.0,0.0,0.0,0.0,0.0,0.0,0.0,0.0,0.0,0.0,0.0,0.0,0.0,0.0,0.0,0.0,0.0,0,0,0.0,0.0
KSMAGQUYOIHWFS,opioid withdrawal,0,68.0,0.0,0.0,0.0,0.0,0.0,0.0,0.0,0.0,0.0,0.0,0.0,0.0,0.0,0.0,0.0,0.0,0.0,0,0,0.0,0.0
PSIFNNKUMBGKDQ,Hypertension,0,78.0,0.8051397966329676,0.8051397966329676,0.9066612367713315,0.9066612367713315,0.791658237936633,0.791658237936633,0.0,0.0,0.0,0.0,0.0,0.0,0.9991012181710432,0.9991012181710432,0.9070676865140088,0.9070676865140088,0.9991012181710432,1,1,9.416666666666671,0.03400520011329511
WGFOBBZOWHGYQH,chronic idiopathic constipation,0,72.0,0.0,0.0,0.0,0.0,0.0,0.0,0.0,0.0,0.0,0.0,0.0,0.0,0.0,0.0,0.0,0.0,0.0,0,0,0.5714285714285694,0.0
UFSKUSARDNFIRC,cystic fibrosis,0,80.0,0.9678729716442139,0.9678729716442139,0.8773170744461322,0.8773170744461322,0.43591187534835524,0.43591187534835524,0.9285669064556789,0.9285669064556789,0.0,0.0,0.0,0.0,0.9904941908672886,0.9904941908672886,0.9950080483633249,0.9950080483633249,0.9950080483633249,1,1,-4.5,0.0
NOZIJMHMKORZBA,Thrombocytopenia in Patients With Chronic Liver Disease,0,80.0,0.0,0.0,0.0,0.0,0.2854843025584173,0.2854843025584173,0.0,0.0,0.0,0.0,0.0,0.0,0.0,0.0,0.0,0.0,0.2854843025584173,1,1,0.0,0.0
UJVDJAPJQWZRFR,growth hormone deficiency,0,45.0,0.0,0.0,0.0,0.0,0.0,0.0,0.0,0.0,0.0,0.0,0.0,0.0,0.0,0.0,0.0,0.0,0.0,0,0,0.0,0.0
SGDBTWWWUNNDEQ,Multiple Myeloma,0,78.0,0.0,0.0,0.0,0.0,0.0,0.0,0.0,0.0,0.0,0.0,0.0,0.0,0.0,0.0,0.0,0.0,0.0,0,0,6.36363636363636,-0.8367185672582028
KBOPZPXVLCULAV,ulcerative colitis,1,70.0,0.0,0.0,0.0,0.0,0.2988587801058729,0.07471469502646823,0.0,0.0,0.21583880380939804,0.11042845344856611,0.0,0.0,0.9940088311545024,0.99397980012305,0.8279109549023195,0.4590949034528623,0.9940088311545024,4,1,-0.6666666666666714,0.057456312234885565
XZWYZXLIPXDOLR,Bipolar Disorder,0,22.0,0.0,0.0,0.0,0.0,0.0,0.0,0.0,0.0,0.0,0.0,0.0,0.0,0.42555155832813474,0.42555155832813474,0.03706689168770857,0.03706689168770857,0.42555155832813474,1,1,-25.333333333333336,-0.38104307278892124
XZWYZXLIPXDOLR,Type 2 Diabetes,0,74.0,0.0,0.0,0.3039653988058105,0.3039653988058105,0.0,0.0,0.0,0.0,0.0,0.0,0.0,0.0,0.9986081372456911,0.9986081372456911,0.17827377545849124,0.17827377545849124,0.9986081372456911,1,1,14.460526315789473,0.01846816175293009
XZWYZXLIPXDOLR,Diabetes,0,75.0,0.0,0.0,0.0,0.0,0.0,0.0,0.0,0.0,0.0,0.0,0.0,0.0,0.0,0.0,0.0,0.0,0.0,0,0,13.266666666666666,0.0
XZWYZXLIPXDOLR,Type 2 Diabetes Mellitus,0,78.0,0.0,0.0,0.3039653988058105,0.3039653988058105,0.0,0.0,0.0,0.0,0.0,0.0,0.0,0.0,0.9986081372456911,0.9986081372456911,0.17827377545849124,0.17827377545849124,0.9986081372456911,1,1,12.771428571428572,0.028905720705038496
XZWYZXLIPXDOLR,Type 2 Diabetes,0,74.0,0.0,0.0,0.3039653988058105,0.3039653988058105,0.0,0.0,0.0,0.0,0.0,0.0,0.0,0.0,0.9986081372456911,0.9986081372456911,0.17827377545849124,0.17827377545849124,0.9986081372456911,1,1,14.460526315789473,0.01846816175293009
FBOZXECLQNJBKD,Prevention of Graft-versus-Host Disease,0,62.0,0.0,0.0,0.0,0.0,0.0,0.0,0.0,0.0,0.0,0.0,0.0,0.0,0.0,0.0,0.0,0.0,0.0,0,0,0.0,0.0
FBOZXECLQNJBKD,Psoriatic Arthritis,0,62.0,0.0,0.0,0.0,0.0,0.0,0.0,0.0,0.0,0.0,0.0,0.0,0.0,0.9291458748309558,0.9291458748309558,0.0,0.0,0.9291458748309558,1,1,-6.099999999999994,0.038996900261514145
FBOZXECLQNJBKD,Rheumatoid Arthritis,0,75.0,0.0,0.0,0.0,0.0,0.0,0.0,0.0,0.0,0.0,0.0,0.0,0.0,0.9951576249724678,0.9951576249724678,0.3567564706851452,0.3567564706851452,0.9951576249724678,1,1,3.574468085106389,0.10630573465805304
FBOZXECLQNJBKD,Rheumatoid Arthritis,0,75.0,0.0,0.0,0.0,0.0,0.0,0.0,0.0,0.0,0.0,0.0,0.0,0.0,0.9951576249724678,0.9951576249724678,0.3567564706851452,0.3567564706851452,0.9951576249724678,1,1,3.574468085106389,0.10630573465805304
FBOZXECLQNJBKD,Rheumatoid Arthritis,0,75.0,0.0,0.0,0.0,0.0,0.0,0.0,0.0,0.0,0.0,0.0,0.0,0.0,0.9951576249724678,0.9951576249724678,0.3567564706851452,0.3567564706851452,0.9951576249724678,1,1,3.574468085106389,0.10630573465805304
FBOZXECLQNJBKD,Psoriatic Arthritis,0,62.0,0.0,0.0,0.0,0.0,0.0,0.0,0.0,0.0,0.0,0.0,0.0,0.0,0.9291458748309558,0.9291458748309558,0.0,0.0,0.9291458748309558,1,1,-6.099999999999994,0.038996900261514145
RFKMCNOHBTXSMU,cancer,0,12.0,0.0,0.0,0.0,0.0,0.0,0.0,0.0,0.0,0.0,0.0,0.0,0.0,0.0,0.0,0.0,0.0,0.0,0,0,0.0,0.0
VHRSUDSXCMQTMA,Osteoarthrosis,0,38.0,0.0,0.0,0.0,0.0,0.0,0.0,0.0,0.0,0.0,0.0,0.0,0.0,0.0,0.0,0.0,0.0,0.0,0,0,0.0,0.0
VHRSUDSXCMQTMA,Osteoarthrosis,0,38.0,0.0,0.0,0.0,0.0,0.0,0.0,0.0,0.0,0.0,0.0,0.0,0.0,0.0,0.0,0.0,0.0,0.0,0,0,0.0,0.0
VHRSUDSXCMQTMA,Osteoarthrosis,0,38.0,0.0,0.0,0.0,0.0,0.0,0.0,0.0,0.0,0.0,0.0,0.0,0.0,0.0,0.0,0.0,0.0,0.0,0,0,0.0,0.0
VHRSUDSXCMQTMA,Osteoarthrosis,0,38.0,0.0,0.0,0.0,0.0,0.0,0.0,0.0,0.0,0.0,0.0,0.0,0.0,0.0,0.0,0.0,0.0,0.0,0,0,0.0,0.0
VHRSUDSXCMQTMA,Dysphasia,0,28.0,0.0,0.0,0.0,0.0,0.0,0.0,0.0,0.0,0.0,0.0,0.0,0.0,0.0,0.0,0.0,0.0,0.0,0,0,0.0,0.0
VAOCPAMSLUNLGC,Vaginal Infection,0,80.0,0.0,0.0,0.0,0.0,0.0,0.0,0.0,0.0,0.0,0.0,0.0,0.0,0.0,0.0,0.0,0.0,0.0,0,0,0.0,0.0
VAOCPAMSLUNLGC,Vaginal Infection,0,80.0,0.0,0.0,0.0,0.0,0.0,0.0,0.0,0.0,0.0,0.0,0.0,0.0,0.0,0.0,0.0,0.0,0.0,0,0,0.0,0.0
OJLOPKGSLYJEMD,postpartum hemorrhage,0,80.0,0.0,0.0,0.0,0.0,0.0,0.0,0.0,0.0,0.0,0.0,0.0,0.0,0.6714874940140031,0.6714874940140031,0.0,0.0,0.6714874940140031,1,1,0.0,0.0
OJLOPKGSLYJEMD,contraception,0,22.0,0.0,0.0,0.0,0.0,0.0,0.0,0.0,0.0,0.0,0.0,0.0,0.0,0.5335309928174531,0.5335309928174531,0.0,0.0,0.5335309928174531,1,1,-30.0,-0.09522401967338878
WOFMFGQZHJDGCX,perennial allergic rhinitis,0,72.0,0.0,0.0,0.0,0.0,0.0,0.0,0.0,0.0,0.0,0.0,0.0,0.0,0.9966440958103557,0.9966440958103557,0.09436782621273954,0.09436782621273954,0.9966440958103557,1,1,-1.2222222222222285,-0.00019516194034063794
WOFMFGQZHJDGCX,asthma,0,76.0,0.0,0.0,0.0,0.0,0.0,0.0,0.0,0.0,0.0,0.0,0.0,0.0,0.9988298364350643,0.9988298364350643,0.715329212260515,0.715329212260515,0.9988298364350643,1,1,10.125,0.06337853867771814
RTGDFNSFWBGLEC,Pemphigus Vulgaris,0,62.0,0.0,0.0,0.0,0.0,0.0,0.0,0.0,0.0,0.0,0.0,0.0,0.0,0.5792229543910723,0.5792229543910723,0.0,0.0,0.5792229543910723,2,1,0.0,0.0
RTGDFNSFWBGLEC,Lupus Nephritis,0,66.0,0.0,0.0,0.0,0.0,0.0,0.0,0.0,0.0,0.0,0.0,0.0,0.0,0.6682319835560188,0.6682319835560188,0.0,0.0,0.6682319835560188,2,1,-2.0,0.001979964283280844
VWPOSFSPZNDTMJ,capillary infantile hemangioma,0,78.0,0.0,0.0,0.0,0.0,0.0,0.0,0.0,0.0,0.0,0.0,0.0,0.0,0.0,0.0,0.0,0.0,0.0,0,0,0.0,0.0
XZXHXSATPCNXJR,Patients With Scleroderma Related Lung Fibrosis,0,68.0,0.0,0.0,0.0,0.0,0.0,0.0,0.0,0.0,0.0,0.0,0.0,0.0,0.0,0.0,0.0,0.0,0.0,0,0,0.0,0.0
YQNQNVDNTFHQSW,Influenza,0,42.0,0.0,0.0,0.0,0.0,0.0,0.0,0.0,0.0,0.0,0.0,0.0,0.0,0.0,0.0,0.0,0.0,0.0,0,0,-9.0,0.0
FDLYAMZZIXQODN,Breast Cancer,0,62.0,0.0,0.0,0.0,0.0,0.0,0.0,0.0,0.0,0.0,0.0,0.0,0.0,0.9235703585767622,0.9235703585767622,0.9796383234721878,0.5742966388482388,0.9796383234721878,2,1,4.524999999999999,0.23410428343401757
KVWDHTXUZHCGIO,Chemotherapy-induced Nausea and Vomiting,1,68.0,0.0,0.0,0.0,0.0,0.0,0.0,0.0,0.0,0.0,0.0,0.0,0.0,0.6728307953873117,0.6720017245363705,0.0,0.0,0.6728307953873117,5,1,-7.200000000000003,-0.1783898100571757
KVWDHTXUZHCGIO,Schizophrenia,0,78.0,0.6560907249300643,0.1701257160331566,0.3039653988058105,0.060793079761162105,0.6454494156558882,0.1890804942394924,0.0,0.0,0.0,0.0,0.0,0.0,0.9994097502793402,0.9985716216645303,0.9231710917698762,0.46555069897198453,0.9994097502793402,5,1,18.700000000000003,0.13590249690329748
KVWDHTXUZHCGIO,Complications of Bone Marrow Transplant; Hematologic Neoplasms,0,35.0,0.0,0.0,0.0,0.0,0.0,0.0,0.0,0.0,0.0,0.0,0.0,0.0,0.0,0.0,0.0,0.0,0.0,0,0,0.0,0.0
FDLYAMZZIXQODN,Ovarian Cancer,0,80.0,0.0,0.0,0.0,0.0,0.0,0.0,0.0,0.0,0.0,0.0,0.0,0.0,0.9764449920295507,0.974424221312396,0.9378797457313377,0.36277160888103693,0.9764449920295507,3,1,9.0,0.10568854888560952
JEECQCWWSTZDCK,skin and soft tissue Staphylococcus aureus infection,0,85.0,0.0,0.0,0.0,0.0,0.0,0.0,0.0,0.0,0.0,0.0,0.0,0.0,0.0,0.0,0.0,0.0,0.0,0,0,0.0,0.0
JEECQCWWSTZDCK,Bacterial Pneumonia; Community-Acquired Infections,0,86.0,0.0,0.0,0.0,0.0,0.0,0.0,0.0,0.0,0.0,0.0,0.0,0.0,0.0,0.0,0.0,0.0,0.0,0,0,0.0,0.0
VSZGPKBBMSAYNT,Influenza,0,78.0,0.0,0.0,0.0,0.0,0.0,0.0,0.0,0.0,0.0,0.0,0.0,0.0,0.0,0.0,0.0,0.0,0.0,0,0,27.0,0.0
RCINICONZNJXQF,NSCLC,0,62.0,0.0,0.0,0.0,0.0,0.0,0.0,0.0,0.0,0.0,0.0,0.0,0.0,0.0,0.0,0.0,0.0,0.0,0,0,5.25,0.0
RCINICONZNJXQF,Lung Cancer,0,63.0,0.0,0.0,0.0,0.0,0.0,0.0,0.0,0.0,0.0,0.0,0.0,0.0,0.9941983815907179,0.9941983392277063,0.7481489379607551,0.2544792044528911,0.9941983815907179,15,1,5.548387096774192,0.05506378756972907
RCINICONZNJXQF,Lung Cancer,0,63.0,0.0,0.0,0.0,0.0,0.0,0.0,0.0,0.0,0.0,0.0,0.0,0.0,0.9941983815907179,0.9941983392277063,0.7481489379607551,0.2544792044528911,0.9941983815907179,15,1,5.548387096774192,0.05506378756972907
RCINICONZNJXQF,Endometrial Clear Cell Adenocarcinoma; Endometrial Serous Adenocarcinoma; Stage IIIA Uterine Corpus Cancer; Stage IIIB Uterine Corpus Cancer; Stage IIIC Uterine Corpus Cancer; Stage IVA Uterine Corpus Cancer,0,62.0,0.0,0.0,0.0,0.0,0.0,0.0,0.0,0.0,0.0,0.0,0.0,0.0,0.0,0.0,0.0,0.0,0.0,0,0,0.0,0.0
IQPSEEYGBUAQFF,Stress Ulcer Prophylaxis,0,68.0,0.0,0.0,0.0,0.0,0.0,0.0,0.0,0.0,0.0,0.0,0.0,0.0,0.0,0.0,0.0,0.0,0.0,0,0,-3.5,0.0
WBXPDJSOTKVWSJ,Lung Cancer,0,54.0,0.0,0.0,0.0,0.0,0.0,0.0,0.0,0.0,0.0,0.0,0.0,0.0,0.9895581916859542,0.9890962963046239,0.9569893847275095,0.5283238873652887,0.9895581916859542,3,1,-3.451612903225808,0.05042359766496529
PRMWGUBFXWROHD,epilepsy,0,72.0,0.6656842233847251,0.16642105584618128,0.0,0.0,0.9357100108131996,0.582140857121617,0.0,0.0,0.0,0.0,0.0,0.0,0.9953799656487587,0.9953777535445903,0.3076613541631422,0.25156354409369,0.9953799656487587,4,1,6.181818181818187,0.02372480320394288
RLLPVAHGXHCWKJ,scabies,0,88.0,0.0,0.0,0.0,0.0,0.0,0.0,0.0,0.0,0.0,0.0,0.0,0.0,0.0,0.0,0.0,0.0,0.0,0,0,0.0,0.0
JGWRKYUXBBNENE,tenosynovial giant cell tumor,0,88.0,0.0,0.0,0.0,0.0,0.0,0.0,0.0,0.0,0.0,0.0,0.0,0.0,0.0,0.0,0.0,0.0,0.0,0,0,0.0,0.0
DDBREPKUVSBGFI,status epilepticus,0,74.0,0.0,0.0,0.0,0.0,0.0,0.0,0.0,0.0,0.0,0.0,0.0,0.0,0.936804859312309,0.936804859312309,0.01823792392834863,0.01823792392834863,0.936804859312309,1,1,4.5,0.0
OIGNJSKKLXVSLS,Nephrotic Syndrome,0,76.0,0.0,0.0,0.0,0.0,0.0,0.0,0.0,0.0,0.0,0.0,0.0,0.0,0.9956842473528343,0.9956842473528343,0.20811273963106316,0.20811273963106316,0.9956842473528343,1,1,0.0,0.0
OIGNJSKKLXVSLS,Churg-Strauss Syndrome; Eosinophilic Granulomatosis With Polyangiitis,0,80.0,0.0,0.0,0.0,0.0,0.0,0.0,0.0,0.0,0.0,0.0,0.0,0.0,0.12158615952232422,0.12158615952232422,0.0,0.0,0.12158615952232422,1,1,0.0,0.0
XOFYZVNMUHMLCC,Lupus Nephritis,0,70.0,0.0,0.0,0.0,0.0,0.0,0.0,0.0,0.0,0.0,0.0,0.0,0.0,0.6642720549894572,0.6642720549894572,0.11380126791957541,0.11380126791957541,0.6642720549894572,1,1,2.0,-0.001979964283280733
CYHWMBVXXDIZNZ,Colonoscopy,0,35.0,0.0,0.0,0.0,0.0,0.0,0.0,0.0,0.0,0.0,0.0,0.0,0.0,0.0,0.0,0.0,0.0,0.0,0,0,0.0,0.0
CYHWMBVXXDIZNZ,Bronchoscopy,0,35.0,0.0,0.0,0.0,0.0,0.0,0.0,0.0,0.0,0.0,0.0,0.0,0.0,0.0,0.0,0.0,0.0,0.0,0,0,0.0,0.0
CYHWMBVXXDIZNZ,Colonoscopy,0,35.0,0.0,0.0,0.0,0.0,0.0,0.0,0.0,0.0,0.0,0.0,0.0,0.0,0.0,0.0,0.0,0.0,0.0,0,0,0.0,0.0
IWUCXVSUMQZMFG,Cirrhosis,0,22.0,0.0,0.0,0.0,0.0,0.0,0.0,0.0,0.0,0.0,0.0,0.0,0.0,0.0,0.0,0.0,0.0,0.0,0,0,-17.25,0.0
RHXHGRAEPCAFML,Advanced Breast Cancer,0,82.0,0.0,0.0,0.0,0.0,0.0,0.0,0.3981682350153665,0.19908411750768326,0.0,0.0,0.8699743018321302,0.7524199055856331,0.9857851763693943,0.9857851763693943,0.9824509820474594,0.7876393128887076,0.9857851763693943,2,1,4.545454545454547,-0.00833651514946887
RAPZEAPATHNIPO,Schizophrenia,0,62.0,0.6560907249300643,0.21869690831002142,0.0,0.0,0.6454494156558882,0.2151498052186294,0.0,0.0,0.0,0.0,0.0,0.0,0.9994097502793402,0.9992740567870717,0.9231710917698762,0.5102502143489288,0.9994097502793402,3,1,2.700000000000003,0.13590249690329748
KGFYHTZWPPHNLQ,Type 2 Diabetic Patients,0,38.0,0.0,0.0,0.0,0.0,0.0,0.0,0.0,0.0,0.0,0.0,0.0,0.0,0.0,0.0,0.0,0.0,0.0,0,0,0.0,0.0
KGFYHTZWPPHNLQ,Deep Venous Thrombosis,0,86.0,0.4598331959661937,0.4598331959661937,0.0,0.0,0.0,0.0,0.0,0.0,0.0,0.0,0.0,0.0,0.9805101578521203,0.9805101578521203,0.28311318433148297,0.28311318433148297,0.9805101578521203,1,1,0.0,0.0
KGFYHTZWPPHNLQ,Ambulatory Cancer,1,70.0,0.0,0.0,0.0,0.0,0.0,0.0,0.0,0.0,0.0,0.0,0.0,0.0,0.0,0.0,0.0,0.0,0.0,0,0,0.0,0.0
MNDBXUUTURYVHR,bronchiectasis,0,42.0,0.0,0.0,0.0,0.0,0.0,0.0,0.0,0.0,0.0,0.0,0.0,0.0,0.0,0.0,0.0,0.0,0.0,0,0,0.0,0.0
ZKMNUMMKYBVTFN,Breast Cancer,0,13.0,0.0,0.0,0.0,0.0,0.0,0.0,0.0,0.0,0.0,0.0,0.0,0.0,0.0,0.0,0.0,0.0,0.0,0,0,-44.475,-0.7455340400381703
ZKMNUMMKYBVTFN,pain,0,62.0,0.0,0.0,0.0,0.0,0.0,0.0,0.0,0.0,0.0,0.0,0.0,0.0,0.9974953049632043,0.9974953049632043,0.10844203789265631,0.10844203789265631,0.9974953049632043,1,1,3.875,0.08491149984990276
YOZBGTLTNGAVFU,anemia of chronic kidney disease,0,80.0,0.0,0.0,0.0,0.0,0.0,0.0,0.0,0.0,0.0,0.0,0.0,0.0,0.0,0.0,0.0,0.0,0.0,0,0,0.0,0.0
PQJQFLNBMSCUSH,acne vulgaris,0,64.0,0.0,0.0,0.0,0.0,0.0,0.0,0.0,0.0,0.0,0.0,0.0,0.0,0.0,0.0,0.0,0.0,0.0,0,0,-1.7999999999999972,0.0
QXWZQTURMXZVHJ,Pulmonary Arterial Hypertension,0,78.0,0.0,0.0,0.0,0.0,0.0,0.0,0.0,0.0,0.0,0.0,0.0,0.0,0.9883479509361869,0.9883479509361869,0.20728885789290022,0.20728885789290022,0.9883479509361869,1,1,3.714285714285708,0.032672147657583195
VGKDLMBJGBXTGI,Cryptococcal Meningitis; Fungal Meningitis,0,35.0,0.0,0.0,0.0,0.0,0.0,0.0,0.0,0.0,0.0,0.0,0.0,0.0,0.0,0.0,0.0,0.0,0.0,0,0,0.0,0.0
DFEYYRMXOJXZRJ,Orthopedic Disorders,0,25.0,0.0,0.0,0.0,0.0,0.0,0.0,0.0,0.0,0.0,0.0,0.0,0.0,0.0,0.0,0.0,0.0,0.0,0,0,0.0,0.0
MFFMDFFZMYYVKS,Type 2 Diabetes Mellitus,0,60.0,0.0,0.0,0.0,0.0,0.5511044663048749,0.5511044663048749,0.0,0.0,0.0,0.0,0.0,0.0,0.9981950138708703,0.9981950138708703,0.954188839355206,0.954188839355206,0.9981950138708703,1,1,-5.228571428571428,0.028492597330217695
MFFMDFFZMYYVKS,Type 2 Diabetes Mellitus,0,60.0,0.0,0.0,0.0,0.0,0.5511044663048749,0.5511044663048749,0.0,0.0,0.0,0.0,0.0,0.0,0.9981950138708703,0.9981950138708703,0.954188839355206,0.954188839355206,0.9981950138708703,1,1,-5.228571428571428,0.028492597330217695
MFFMDFFZMYYVKS,Type 2 Diabetes Mellitus,0,60.0,0.0,0.0,0.0,0.0,0.5511044663048749,0.5511044663048749,0.0,0.0,0.0,0.0,0.0,0.0,0.9981950138708703,0.9981950138708703,0.954188839355206,0.954188839355206,0.9981950138708703,1,1,-5.228571428571428,0.028492597330217695
MFFMDFFZMYYVKS,Type 2 Diabetes Mellitus,0,60.0,0.0,0.0,0.0,0.0,0.5511044663048749,0.5511044663048749,0.0,0.0,0.0,0.0,0.0,0.0,0.9981950138708703,0.9981950138708703,0.954188839355206,0.954188839355206,0.9981950138708703,1,1,-5.228571428571428,0.028492597330217695
MFFMDFFZMYYVKS,Type 2 Diabetes Mellitus,0,60.0,0.0,0.0,0.0,0.0,0.5511044663048749,0.5511044663048749,0.0,0.0,0.0,0.0,0.0,0.0,0.9981950138708703,0.9981950138708703,0.954188839355206,0.954188839355206,0.9981950138708703,1,1,-5.228571428571428,0.028492597330217695
TTZHDVOVKQGIBA,hepatitis C virus infection,0,96.0,0.0,0.0,0.0,0.0,0.0,0.0,0.0,0.0,0.0,0.0,0.0,0.0,0.0,0.0,0.0,0.0,0.0,0,0,14.472972972972968,0.0
TTZHDVOVKQGIBA,hepatitis C virus infection,0,96.0,0.0,0.0,0.0,0.0,0.0,0.0,0.0,0.0,0.0,0.0,0.0,0.0,0.0,0.0,0.0,0.0,0.0,0,0,14.472972972972968,0.0
TTZHDVOVKQGIBA,Cirrhosis,0,65.0,0.0,0.0,0.0,0.0,0.0,0.0,0.0,0.0,0.0,0.0,0.0,0.0,0.0,0.0,0.0,0.0,0.0,0,0,25.75,0.0
QKDRXGFQVGOQKS,Type 1 Diabetes Mellitus,0,42.0,0.0,0.0,0.0,0.0,0.44681393797460117,0.22340696898730059,0.0,0.0,0.0,0.0,0.0,0.0,0.9429775247362278,0.8794363312186824,0.8382089977315283,0.5038430850759639,0.9429775247362278,2,1,0.6666666666666643,0.0
QKDRXGFQVGOQKS,Type 1 Diabetes Mellitus,0,42.0,0.0,0.0,0.0,0.0,0.44681393797460117,0.22340696898730059,0.0,0.0,0.0,0.0,0.0,0.0,0.9429775247362278,0.8794363312186824,0.8382089977315283,0.5038430850759639,0.9429775247362278,2,1,0.6666666666666643,0.0
QKDRXGFQVGOQKS,Type 1 Diabetes,0,40.0,0.0,0.0,0.0,0.0,0.44681393797460117,0.22340696898730059,0.0,0.0,0.0,0.0,0.0,0.0,0.9429775247362278,0.8794363312186824,0.8382089977315283,0.5038430850759639,0.9429775247362278,2,1,7.700000000000003,0.2614543749662124
LXMSZDCAJNLERA,Duchenne Muscular Dystrophy,0,28.0,0.0,0.0,0.0,0.0,0.0,0.0,0.0,0.0,0.0,0.0,0.0,0.0,0.9029190631689104,0.9029190631689104,0.19380179978660247,0.19380179978660247,0.9029190631689104,1,1,-8.200000000000003,0.18823661094108013
WINHZLLDWRZWRT,Cell Carcinoma,0,76.0,0.0,0.0,0.0,0.0,0.6197820707717276,0.08854029582453252,0.0,0.0,0.030764815207951827,0.004394973601135975,0.918380756936772,0.8058242069237868,0.59715573491731,0.3485409696278987,0.8952365096561733,0.5433610180575993,0.918380756936772,7,1,12.666666666666664,-0.0023746506244188836
LBHLFPGPEGDCJG,"Malaria, Vivax",0,89.0,0.0,0.0,0.0,0.0,0.0,0.0,0.0,0.0,0.0,0.0,0.0,0.0,0.0,0.0,0.0,0.0,0.0,0,0,0.0,0.0
DRHKJLXJIQTDTD,Urinary Retention; Urinary Tract Infections,0,48.0,0.0,0.0,0.0,0.0,0.0,0.0,0.0,0.0,0.0,0.0,0.0,0.0,0.6506670040441591,0.6506670040441591,0.03647584785669726,0.01823792392834863,0.6506670040441591,2,1,0.0,0.0
KWTWDQCKEHXFFR,Pre- and Postoperative Pain,1,68.0,0.5236630062353352,0.2618315031176676,0.0,0.0,0.0,0.0,0.0,0.0,0.0,0.0,0.0,0.0,0.9996035856741771,0.9938108191127648,0.14216217234942638,0.07108108617471319,0.9996035856741771,2,1,0.0,0.0
RMMXLENWKUUMAY,Hypertension With Hyperlipidemia,0,50.0,0.0,0.0,0.0,0.0,0.0,0.0,0.0,0.0,0.0,0.0,0.0,0.0,0.0,0.0,0.0,0.0,0.0,0,0,0.0,0.0
DNHPDWGIXIMXSA,irritable bowel syndrome,0,55.0,0.0,0.0,0.0,0.0,0.0,0.0,0.0,0.0,0.0,0.0,0.0,0.0,0.0,0.0,0.0,0.0,0.0,0,0,5.166666666666664,0.0
DNHPDWGIXIMXSA,irritable bowel syndrome,0,55.0,0.0,0.0,0.0,0.0,0.0,0.0,0.0,0.0,0.0,0.0,0.0,0.0,0.0,0.0,0.0,0.0,0.0,0,0,5.166666666666664,0.0
WGRQANOPCQRCME,Type 2 Diabetes,0,52.0,0.0,0.0,0.0,0.0,0.5511044663048749,0.5511044663048749,0.0,0.0,0.0,0.0,0.0,0.0,0.9981950138708703,0.9981950138708703,0.954188839355206,0.954188839355206,0.9981950138708703,1,1,-7.539473684210527,0.01805503837810929
WGRQANOPCQRCME,Type 2 Diabetes,0,52.0,0.0,0.0,0.0,0.0,0.5511044663048749,0.5511044663048749,0.0,0.0,0.0,0.0,0.0,0.0,0.9981950138708703,0.9981950138708703,0.954188839355206,0.954188839355206,0.9981950138708703,1,1,-7.539473684210527,0.01805503837810929
WGRQANOPCQRCME,type 2 diabetes mellitus,0,52.0,0.0,0.0,0.0,0.0,0.5511044663048749,0.5511044663048749,0.0,0.0,0.0,0.0,0.0,0.0,0.9981950138708703,0.9981950138708703,0.954188839355206,0.954188839355206,0.9981950138708703,1,1,8.333333333333336,0.1147427951767448
UTNUDOFZCWSZMS,Multiple Sclerosis,0,64.0,0.0,0.0,0.0,0.0,0.0,0.0,0.0,0.0,0.0,0.0,0.0,0.0,0.9737407057072986,0.9737407057072986,0.23727798143842557,0.23727798143842557,0.9737407057072986,1,1,6.4761904761904745,0.15705081744671023
MUMGGOZAMZWBJJ,male hypogonadism,1,92.0,0.0,0.0,0.0,0.0,0.0,0.0,0.0,0.0,0.0,0.0,0.0,0.0,0.0,0.0,0.0,0.0,0.0,0,0,0.0,0.0
OEKWJQXRCDYSHL,Type 2 Diabetes,0,25.0,0.0,0.0,0.0,0.0,0.0,0.0,0.0,0.0,0.0,0.0,0.0,0.0,0.7616021936745586,0.7616021936745586,0.19863413027288712,0.19863413027288712,0.7616021936745586,1,1,-34.53947368421053,-0.21853778181820238
OEKWJQXRCDYSHL,Myocardial Infarction; ST Segment Elevation Myocardial Infarction (STEMI),0,82.0,0.0,0.0,0.0,0.0,0.0,0.0,0.0,0.0,0.0,0.0,0.0,0.0,0.9925062124334815,0.9925062124334815,0.6831674840037899,0.6831674840037899,0.9925062124334815,1,1,1.0,0.0
OEKWJQXRCDYSHL,Cerebral Aneurysm,0,40.0,0.0,0.0,0.0,0.0,0.0,0.0,0.0,0.0,0.0,0.0,0.0,0.0,0.0,0.0,0.0,0.0,0.0,0,0,0.0,0.0
LERNTVKEWCAPOY,Chronic Obstructive Pulmonary Disease,0,64.0,0.4341160287393241,0.21705801436966204,0.0,0.0,0.0,0.0,0.0,0.0,0.0,0.0,0.0,0.0,0.9983402173176782,0.994838712806341,0.13933559407821056,0.09469000810433788,0.9983402173176782,2,1,6.2307692307692335,0.06482583467312997
GYHCTFXIZSNGJT,"Polycystic Kidney, Autosomal Dominant",0,74.0,0.0,0.0,0.0,0.0,0.0,0.0,0.0,0.0,0.0,0.0,0.0,0.0,0.0,0.0,0.0,0.0,0.0,0,0,10.0,0.0
UCFGDBYHRUNTLO,Ovarian Cancer,0,56.0,0.0,0.0,0.0,0.0,0.0,0.0,0.0,0.0,0.0,0.0,0.4063426338202676,0.4063426338202676,0.9077255289929395,0.9077255289929395,0.39560826579217956,0.39560826579217956,0.9077255289929395,1,1,-15.0,0.03696908584899827
UCFGDBYHRUNTLO,Lung Cancer,0,60.0,0.0,0.0,0.0,0.0,0.0,0.0,0.0,0.0,0.0,0.0,0.46068336542901067,0.46068336542901067,0.9755600848786896,0.9755600848786896,0.6886555297945525,0.6886555297945525,0.9755600848786896,1,1,2.548387096774192,0.03642549085770075
PKVRCIRHQMSYJX,With Sarcoma,0,60.0,0.0,0.0,0.0,0.0,0.0,0.0,0.0,0.0,0.0,0.0,0.0,0.0,0.0,0.0,0.0,0.0,0.0,0,0,0.0,0.0
GYDJEQRTZSCIOI,Traumatic Hemorrhage,0,72.0,0.0,0.0,0.0,0.0,0.0,0.0,0.0,0.0,0.0,0.0,0.0,0.0,0.0,0.0,0.0,0.0,0.0,0,0,0.0,0.0
GYDJEQRTZSCIOI,Immediate Postpartum Hemorrhage,1,66.0,0.0,0.0,0.0,0.0,0.0,0.0,0.0,0.0,0.0,0.0,0.0,0.0,0.0,0.0,0.0,0.0,0.0,0,0,0.0,0.0
GYDJEQRTZSCIOI,Atherosclerotic Disease; Perioperative Bleeding,0,67.0,0.0,0.0,0.0,0.0,0.0,0.0,0.0,0.0,0.0,0.0,0.0,0.0,0.0,0.0,0.0,0.0,0.0,0,0,0.0,0.0
GYDJEQRTZSCIOI,Hemorrhagic Shock; Trauma Injury,0,70.0,0.0,0.0,0.0,0.0,0.0,0.0,0.0,0.0,0.0,0.0,0.0,0.0,0.0,0.0,0.04508387569162038,0.04508387569162038,0.04508387569162038,1,1,0.0,0.0
WYQFJHHDOKWSHR,Rheumatoid Arthritis,0,80.0,0.5291414251952968,0.5291414251952968,0.0,0.0,0.2584313820647001,0.2584313820647001,0.0,0.0,0.0,0.0,0.0,0.0,0.9916966583306238,0.9916966583306238,0.3785285514892235,0.3785285514892235,0.9916966583306238,1,1,8.574468085106389,0.10284476801620901
JGRXMPYUTJLTKT,anemia,0,80.0,0.0,0.0,0.0,0.0,0.8177217992498811,0.2725739330832937,0.0,0.0,0.0,0.0,0.0,0.0,0.9005842133665669,0.9005842133665669,0.15401024054025744,0.07176997643314308,0.9005842133665669,3,1,4.375,0.07674099441576088
NIJJYAXOARWZEE,Benzodiazepine Refractory Status Epilepticus,0,68.0,0.0,0.0,0.0,0.0,0.0,0.0,0.0,0.0,0.0,0.0,0.0,0.0,0.0,0.0,0.0,0.0,0.0,0,0,6.333333333333336,0.0
MYPYJXKWCTUITO,Skin Structures and Soft Tissue Infections,0,86.0,0.0,0.0,0.0,0.0,0.0,0.0,0.0,0.0,0.0,0.0,0.0,0.0,0.0,0.0,0.0,0.0,0.0,0,0,0.0,0.0
DAFYYTQWSAWIGS,Asthma,0,56.0,0.0,0.0,0.0,0.0,0.0,0.0,0.0,0.0,0.016957668054408362,0.016957668054408362,0.0,0.0,0.9988144467094884,0.9988144467094884,0.8837713671413231,0.8837713671413231,0.9988144467094884,1,1,8.0,0.2568272302547018
SGEGOXDYSFKCPT,Major Depressive Disorder,1,45.0,0.0,0.0,0.0,0.0,0.8033968449665265,0.7333322717153727,0.0,0.0,0.0,0.0,0.0,0.0,0.9994065355213364,0.9966986358546059,0.8034560660154578,0.6962944977544352,0.9994065355213364,2,1,-3.139534883720927,0.00457864620849513
SGEGOXDYSFKCPT,Major Depressive Disorder,0,45.0,0.0,0.0,0.0,0.0,0.8033968449665265,0.7333322717153727,0.0,0.0,0.0,0.0,0.0,0.0,0.9994065355213364,0.9966986358546059,0.8034560660154578,0.6962944977544352,0.9994065355213364,2,1,-3.139534883720927,0.00457864620849513
YQNWZWMKLDQSAC,Major Depressive Disorder,0,52.0,0.0,0.0,0.0,0.0,0.8033968449665265,0.48888818114358185,0.0,0.0,0.0,0.0,0.0,0.0,0.9994065355213364,0.9912940113854224,0.8034560660154578,0.4767771219535306,0.9994065355213364,3,1,3.860465116279073,0.00457864620849513
YXSLJKQTIDHPOT,postoperative pain,0,10.0,0.0,0.0,0.0,0.0,0.0,0.0,0.0,0.0,0.0,0.0,0.0,0.0,0.0,0.0,0.0,0.0,0.0,0,0,-41.0,0.0
VOVIALXJUBGFJZ,Chronic Rhinosinusitis With Polyposis,0,74.0,0.0,0.0,0.0,0.0,0.0,0.0,0.0,0.0,0.0,0.0,0.0,0.0,0.0,0.0,0.0,0.0,0.0,0,0,0.0,0.0
GAGWJHPBXLXJQN,Metastatic Nasopharyngeal Carcinoma,0,60.0,0.0,0.0,0.0,0.0,0.0,0.0,0.0,0.0,0.0,0.0,0.0,0.0,0.0,0.0,0.0,0.0,0.0,0,0,0.0,0.0
IAKHMKGGTNLKSZ,coronary artery disease,0,58.0,0.5176702706645825,0.03451135137763883,0.0,0.0,0.0,0.0,0.0,0.0,0.0,0.0,0.0,0.0,0.6599581515148762,0.6599581515148765,0.18676985059957027,0.015288333762158915,0.6599581515148762,15,1,20.0,-0.04086797645182427
NBRBXGKOEOGLOI,hepatitis C virus infection,0,86.0,0.0,0.0,0.0,0.0,0.0,0.0,0.0,0.0,0.0,0.0,0.0,0.0,0.0,0.0,0.0,0.0,0.0,0,0,4.472972972972968,0.0
NBRBXGKOEOGLOI,hepatitis C virus infection,0,86.0,0.0,0.0,0.0,0.0,0.0,0.0,0.0,0.0,0.0,0.0,0.0,0.0,0.0,0.0,0.0,0.0,0.0,0,0,4.472972972972968,0.0
JGMOKGBVKVMRFX,preterm labor and delivery,0,50.0,0.0,0.0,0.0,0.0,0.0,0.0,0.0,0.0,0.0,0.0,0.0,0.0,0.0,0.0,0.0,0.0,0.0,0,0,2.5,0.0
PJMPHNIQZUBGLI,Acute Post-op Pain,0,80.0,0.0,0.0,0.0,0.0,0.0,0.0,0.0,0.0,0.0,0.0,0.0,0.0,0.0,0.0,0.0,0.0,0.0,0,0,0.0,0.0
GHASVSINZRGABV,Anal Intraepithelial Neoplasia; High-grade Squamous Intraepithelial Lesion; HIV Infection,0,60.0,0.0,0.0,0.0,0.0,0.0,0.0,0.0,0.0,0.0,0.0,0.0,0.0,0.0,0.0,0.0,0.0,0.0,0,0,-1.0,-0.08065605245959141
WMWTYOKRWGGJOA,stridor,1,53.0,0.0,0.0,0.0,0.0,0.0,0.0,0.0,0.0,0.0,0.0,0.0,0.0,0.0,0.0,0.0,0.0,0.0,0,0,0.0,0.0
GYQYAJJFPNQOOW,Acute Myeloid Leukemia,0,79.0,0.547137717850459,0.2735688589252295,0.3039653988058105,0.15198269940290526,0.5315118267028281,0.2657559133514141,0.8403921691290585,0.4201960845645292,0.0,0.0,0.8749189368575546,0.4374594684287773,0.9757346630479552,0.9570497064035417,0.9984664438716464,0.9725244149413742,0.9984664438716464,2,1,16.81818181818182,0.09838562893001812
DOUYETYNHWVLEO,Anal Intraepithelial Neoplasia; High-grade Squamous Intraepithelial Lesion; HIV Infection,0,62.0,0.0,0.0,0.0,0.0,0.0,0.0,0.0,0.0,0.0,0.0,0.0,0.0,0.0,0.0,0.16131210491918282,0.16131210491918282,0.16131210491918282,1,1,1.0,0.08065605245959141
GOTYRUGSSMKFNF,cell Lymphoma,0,72.0,0.0,0.0,0.0,0.0,0.0,0.0,0.0,0.0,0.0,0.0,0.0,0.0,0.8973559279737194,0.8973559279737194,0.2933907803206884,0.08550631103240451,0.8973559279737194,4,1,23.5,0.4486779639868597
TYZROVQLWOKYKF,skin and soft tissue bacterial infection,0,88.0,0.0,0.0,0.0,0.0,0.0,0.0,0.0,0.0,0.0,0.0,0.0,0.0,0.0,0.0,0.0,0.0,0.0,0,0,0.0,0.0
XZWYZXLIPXDOLR,Polycystic Ovary Syndrome; Insulin Resistance,0,65.0,0.0,0.0,0.0,0.0,0.0,0.0,0.0,0.0,0.0,0.0,0.0,0.0,0.6808248149041206,0.3404124074520603,0.6351866961768237,0.3327916180287024,0.6808248149041206,2,1,0.0,0.0
FJLBFSROUSIWMA,Cushing syndrome,0,83.0,0.0,0.0,0.0,0.0,0.0,0.0,0.0,0.0,0.0,0.0,0.0,0.0,0.0,0.0,0.0,0.0,0.0,0,0,3.799999999999997,0.0
UZHSEJADLWPNLE,epilepsy,1,9.0,0.0,0.0,0.0,0.0,0.0,0.0,0.0,0.0,0.0,0.0,0.0,0.0,0.42555155832813474,0.42555155832813474,0.1542271873952482,0.1542271873952482,0.42555155832813474,1,1,-56.81818181818181,-0.5461036041166811
RCINICONZNJXQF,Gastric Adenocarcinoma; Gastroesophageal Junction Adenocarcinoma,0,62.0,0.0,0.0,0.0,0.0,0.0,0.0,0.0,0.0,0.0,0.0,0.0,0.0,0.6421747667002751,0.6421747667002753,0.08511031166562696,0.01479298274188278,0.6421747667002751,15,1,2.0,-0.016993343139573347
LPAUOXUZGSBGDU,MUltiple Sclerosis,0,75.0,0.0,0.0,0.0,0.0,0.0,0.0,0.0,0.0,0.0,0.0,0.0,0.0,0.9914416928427081,0.9914416928427081,0.18971314188267613,0.18971314188267613,0.9914416928427081,1,1,0.0,0.0
OGSBUKJUDHAQEA,unspecified peripheral T-cell lymphoma,0,61.0,0.0,0.0,0.0,0.0,0.0,0.0,0.0,0.0,0.0,0.0,0.0,0.0,0.0,0.0,0.0,0.0,0.0,0,0,0.0,0.0
OLBCVFGFOZPWHH,"Anesthesia, General; Anesthesia, Intravenous",0,87.0,0.0,0.0,0.0,0.0,0.0,0.0,0.0,0.0,0.0,0.0,0.0,0.0,0.0,0.0,0.0,0.0,0.0,0,0,0.0,0.0
IWUCXVSUMQZMFG,hepatitis C virus infection,0,70.0,0.0,0.0,0.0,0.0,0.0,0.0,0.0,0.0,0.0,0.0,0.0,0.0,0.0,0.0,0.0,0.0,0.0,0,0,-11.527027027027032,0.0
IWUCXVSUMQZMFG,hepatitis C virus infection,0,70.0,0.0,0.0,0.0,0.0,0.0,0.0,0.0,0.0,0.0,0.0,0.0,0.0,0.0,0.0,0.0,0.0,0.0,0,0,-11.527027027027032,0.0
IWUCXVSUMQZMFG,hepatitis C virus infection,0,70.0,0.0,0.0,0.0,0.0,0.0,0.0,0.0,0.0,0.0,0.0,0.0,0.0,0.0,0.0,0.0,0.0,0.0,0,0,-11.527027027027032,0.0
ZKMNUMMKYBVTFN,Pain,1,78.0,0.0,0.0,0.0,0.0,0.0,0.0,0.0,0.0,0.0,0.0,0.0,0.0,0.9974953049632043,0.9974953049632043,0.10844203789265631,0.10844203789265631,0.9974953049632043,1,1,13.879999999999995,0.05618666085771551
LERNTVKEWCAPOY,Chronic Obstructive Pulmonary Disease,0,64.0,0.4341160287393241,0.21705801436966204,0.0,0.0,0.0,0.0,0.0,0.0,0.0,0.0,0.0,0.0,0.9983402173176782,0.994838712806341,0.13933559407821056,0.09469000810433788,0.9983402173176782,2,1,6.2307692307692335,0.06482583467312997
UJLAWZDWDVHWOW,Rheumatoid Arthritis,0,80.0,0.5291414251952968,0.2645707125976484,0.0,0.0,0.4085531377482498,0.33349225990647496,0.0,0.0,0.0,0.0,0.0,0.0,0.9916966583306238,0.9903619208359421,0.3785285514892235,0.35858105745789837,0.9916966583306238,2,1,8.574468085106389,0.10284476801620901
MYPYJXKWCTUITO,Skin Structures and Soft Tissue Infections,0,86.0,0.0,0.0,0.0,0.0,0.0,0.0,0.0,0.0,0.0,0.0,0.0,0.0,0.0,0.0,0.0,0.0,0.0,0,0,0.0,0.0
UVIQSJCZCSLXRZ,Prostate Cancer,0,84.0,0.0,0.0,0.0,0.0,0.0,0.0,0.7599134970145264,0.7599134970145264,0.0,0.0,0.0,0.0,0.9722066556090688,0.9722066556090688,0.5249798737895077,0.5249798737895077,0.9722066556090688,1,1,24.75,0.11966508542652043
ULXXDDBFHOBEHA,Lung Cancer,0,80.0,0.9336832402296186,0.8023147388568665,0.607930797611621,0.607930797611621,0.0,0.0,0.9580964074361958,0.915823145885426,0.0,0.0,0.9409039510472654,0.8763923812552707,0.9960065980462496,0.988779651553428,0.9994311108906085,0.9958448484780085,0.9994311108906085,2,1,22.548387096774192,0.060296516869619676
KDGFLJKFZUIJMX,Anaplastic Lymphoma,0,87.0,0.0,0.0,0.0,0.0,0.0,0.0,0.0,0.0,0.0,0.0,0.6839221473130737,0.6839221473130737,0.6701183875661991,0.6701183875661991,0.9967418464777233,0.9967418464777233,0.9967418464777233,1,1,-0.3333333333333286,1.1102230246251565e-16
OFCNXPDARWKPPY,Type 1 Diabetes,1,22.0,0.0,0.0,0.0,0.0,0.0,0.0,0.0,0.0,0.0,0.0,0.0,0.0,0.0,0.0,0.0,0.0,0.0,0,0,-10.299999999999997,-0.6815231497700154
IYIKLHRQXLHMJQ,atrial fibrillation,1,67.0,0.9364984018095505,0.39494257964523594,0.668723877372783,0.319163668746101,0.881554837928283,0.5557333488814318,0.0,0.0,0.0,0.0,0.0,0.0,0.959897537725159,0.9391802444638293,0.7673826822791531,0.43825316972012224,0.959897537725159,4,1,15.857142857142854,0.23418633971487102
HTIQEAQVCYTUBX,Hypertension; Sleep Apnea,0,58.0,0.5668300974090446,0.5668300974090446,0.0,0.0,0.4778692671128725,0.4778692671128725,0.0,0.0,0.0,0.0,0.0,0.0,0.9987620332844843,0.9987620332844843,0.4623632838154484,0.4623632838154484,0.9987620332844843,1,1,0.0,0.0
QNZCBYKSOIHPEH,Myeloma; Venous Thromboembolism,0,85.0,0.0,0.0,0.0,0.0,0.0,0.0,0.0,0.0,0.0,0.0,0.0,0.0,0.0,0.0,0.0,0.0,0.0,0,0,0.0,0.0
IMOZEMNVLZVGJZ,Behcet syndrome,0,60.0,0.0,0.0,0.0,0.0,0.0,0.0,0.0,0.0,0.0,0.0,0.0,0.0,0.0,0.0,0.0,0.0,0.0,0,0,0.0,0.0
XRWSZZJLZRKHHD,hepatitis C virus infection,0,87.0,0.0,0.0,0.0,0.0,0.0,0.0,0.0,0.0,0.0,0.0,0.0,0.0,0.0,0.0,0.0,0.0,0.0,0,0,5.472972972972968,0.0
XUKUURHRXDUEBC,Hyperlipidemia,0,88.0,0.8822224612044356,0.8822224612044356,0.0,0.0,0.4822060647497228,0.4822060647497228,0.0,0.0,0.0,0.0,0.0,0.0,0.9981959653531629,0.9981959653531629,0.32614907253804604,0.32614907253804604,0.9981959653531629,1,1,8.0,0.011623498934301368
XUKUURHRXDUEBC,Primary Hyperlipidemia and Mixed Dyslipidemia,0,88.0,0.0,0.0,0.0,0.0,0.0,0.0,0.0,0.0,0.0,0.0,0.0,0.0,0.0,0.0,0.0,0.0,0.0,0,0,0.0,0.0
QJFSABGVXDWMIW,essential hypertension,0,78.0,0.8051397966329676,0.8051397966329676,0.865457038266544,0.865457038266544,0.762408017466963,0.762408017466963,0.0,0.0,0.0,0.0,0.0,0.0,0.9197434486627256,0.9197434486627256,0.5659982429764635,0.5659982429764635,0.9197434486627256,1,1,8.25,0.2299358621656814
XUZMWHLSFXCVMG,Rheumatoid Arthritis,0,75.0,0.5377736259951232,0.5334575255952101,0.0,0.0,0.3603205837444078,0.3093759829045539,0.0,0.0,0.0,0.0,0.0,0.0,0.9916966583306238,0.9916874923317688,0.4508261645295845,0.414677358009404,0.9916966583306238,2,1,3.574468085106389,0.10284476801620901
KUVIULQEHSCUHY,asthma,0,82.0,0.0,0.0,0.0,0.0,0.0,0.0,0.0,0.0,0.0,0.0,0.0,0.0,0.9988298364350643,0.9988298364350643,0.715329212260515,0.715329212260515,0.9988298364350643,1,1,16.125,0.06337853867771814
UBPYILGKFZZVDX,Chronic Myelogenous Leukemia,0,93.0,0.7960994423714745,0.1990248605928686,0.607930797611621,0.15198269940290526,0.4388162705926884,0.1097040676481721,0.9671529481664186,0.24178823704160465,0.021296310600521225,0.005324077650130306,0.7234376491578292,0.1808594122894573,0.9944055785934346,0.97316121715056,0.9910280948409712,0.38187826677754777,0.9944055785934346,4,1,0.6666666666666714,0.0
ZKIAIYBUSXZPLP,schizophrenia,0,70.0,0.6560907249300643,0.21869690831002142,0.0,0.0,0.6454494156558882,0.3005235535632214,0.0,0.0,0.0,0.0,0.0,0.0,0.9994097502793402,0.9981739213465834,0.9231710917698762,0.6219826717632376,0.9994097502793402,3,1,7.350000000000001,0.027785375343797547
XYLJNLCSTIOKRM,rosacea,0,35.0,0.0,0.0,0.0,0.0,0.0,0.0,0.0,0.0,0.0,0.0,0.0,0.0,0.0,0.0,0.0,0.0,0.0,0,0,-2.5,0.0
WXJFKKQWPMNTIM,adenovirus infection,0,84.0,0.0,0.0,0.0,0.0,0.0,0.0,0.0,0.0,0.0,0.0,0.0,0.0,0.0,0.0,0.0,0.0,0.0,0,0,0.0,0.0
RYYVLZVUVIJVGH,Parkinson's Disease,1,25.0,0.0,0.0,0.0,0.0,0.0,0.0,0.0,0.0,0.0,0.0,0.0,0.0,0.0,0.0,0.0,0.0,0.0,0,0,-33.083333333333336,0.0
GAGWJHPBXLXJQN,Advanced Gastric Cancer,0,60.0,0.0,0.0,0.0,0.0,0.0,0.0,0.0,0.0,0.0,0.0,0.0,0.0,0.8793337821767572,0.8793337821767572,0.6865366626902423,0.6865366626902423,0.8793337821767572,1,1,7.333333333333336,0.2931112607255857
GAGWJHPBXLXJQN,Metastatic Breast Cancer,0,58.0,0.0,0.0,0.0,0.0,0.0,0.0,0.0,0.0,0.0,0.0,0.0,0.0,0.9845390777112758,0.9845390777112758,0.867597429187726,0.867597429187726,0.9845390777112758,1,1,-7.066666666666663,-0.007621551478965594
RZEKVGVHFLEQIL,"Influenza, Human",0,22.0,0.0,0.0,0.0,0.0,0.0,0.0,0.0,0.0,0.0,0.0,0.0,0.0,0.0,0.0,0.0,0.0,0.0,0,0,-26.5,0.0
WHTVZRBIWZFKQO,Uncomplicated Knowlesi Malaria,0,87.0,0.0,0.0,0.0,0.0,0.0,0.0,0.0,0.0,0.0,0.0,0.0,0.0,0.0,0.0,0.0,0.0,0.0,0,0,0.0,0.0
LUKZNWIVRBCLON,seasonal allergic rhinitis,1,74.0,0.0,0.0,0.0,0.0,0.0,0.0,0.0,0.0,0.0,0.0,0.0,0.0,0.986523167562621,0.986523167562621,0.0,0.0,0.986523167562621,1,1,9.5,-0.007028368008780372
MYSWGUAQZAJSOK,HIV; Salivary Gland Disease; Benign Lymphoepithelial Lesion,0,12.0,0.0,0.0,0.0,0.0,0.0,0.0,0.0,0.0,0.0,0.0,0.0,0.0,0.0,0.0,0.0,0.0,0.0,0,0,0.0,0.0
MYSWGUAQZAJSOK,COPD,1,40.0,0.0,0.0,0.0,0.0,0.0,0.0,0.0,0.0,0.0,0.0,0.0,0.0,0.0,0.0,0.0,0.0,0.0,0,0,-13.384615384615387,0.0
OROGSEYTTFOCAN,PRK Post-operative Pain,0,60.0,0.5236630062353352,0.5236630062353352,0.0,0.0,0.0,0.0,0.0,0.0,0.0,0.0,0.0,0.0,0.9996035856741771,0.9996035856741771,0.14216217234942638,0.14216217234942638,0.9996035856741771,1,1,0.0,0.0
IAKHMKGGTNLKSZ,atrial fibrillation,0,40.0,0.0,0.0,0.0,0.0,0.0,0.0,0.0,0.0,0.0,0.0,0.0,0.0,0.6569243132652057,0.6569243132652057,0.07295169571339452,0.011955972353028548,0.6569243132652057,15,1,-11.142857142857146,-0.06878688474508221
UHDGCWIWMRVCDJ,Acute Myeloid Leukemia,0,84.0,0.0,0.0,0.0,0.0,0.3504113117433384,0.03185557379484894,0.0,0.0,0.02700429641134989,0.0024549360373954444,0.4559480982087158,0.08289965421976651,0.9714001615556841,0.971400161555684,0.15856861637703118,0.047951581384246114,0.9714001615556841,11,1,21.81818181818182,0.07131934661405581
FDKXTQMXEQVLRF,Metastatic Uveal Melanoma,0,35.0,0.0,0.0,0.0,0.0,0.0,0.0,0.0,0.0,0.0,0.0,0.0,0.0,0.0,0.0,0.0,0.0,0.0,0,0,0.0,0.0
FKRSSPOQAMALKA,hepatitis C virus infection,0,88.0,0.0,0.0,0.0,0.0,0.0,0.0,0.0,0.0,0.0,0.0,0.0,0.0,0.0,0.0,0.0,0.0,0.0,0,0,6.472972972972968,0.0
FKRSSPOQAMALKA,hepatitis C virus infection,0,88.0,0.0,0.0,0.0,0.0,0.0,0.0,0.0,0.0,0.0,0.0,0.0,0.0,0.0,0.0,0.0,0.0,0.0,0,0,6.472972972972968,0.0
FKRSSPOQAMALKA,hepatitis C virus infection,0,88.0,0.0,0.0,0.0,0.0,0.0,0.0,0.0,0.0,0.0,0.0,0.0,0.0,0.0,0.0,0.0,0.0,0.0,0,0,6.472972972972968,0.0
FKRSSPOQAMALKA,hepatitis C virus infection,0,88.0,0.0,0.0,0.0,0.0,0.0,0.0,0.0,0.0,0.0,0.0,0.0,0.0,0.0,0.0,0.0,0.0,0.0,0,0,6.472972972972968,0.0
FKRSSPOQAMALKA,hepatitis C virus infection,0,88.0,0.0,0.0,0.0,0.0,0.0,0.0,0.0,0.0,0.0,0.0,0.0,0.0,0.0,0.0,0.0,0.0,0.0,0,0,6.472972972972968,0.0
KGPGQDLTDHGEGT,Cellulitis,0,86.0,0.0,0.0,0.0,0.0,0.0,0.0,0.0,0.0,0.0,0.0,0.0,0.0,0.0,0.0,0.0,0.0,0.0,0,0,0.0,0.0
JVHXJTBJCFBINQ,Diabetes,0,70.0,0.0,0.0,0.0,0.0,0.0,0.0,0.0,0.0,0.0,0.0,0.0,0.0,0.0,0.0,0.0,0.0,0.0,0,0,8.266666666666666,0.0
JVHXJTBJCFBINQ,Diabetes Mellitus,0,70.0,0.41592256290316537,0.41592256290316537,0.0,0.0,0.5732065566256663,0.5732065566256663,0.0,0.0,0.0,0.0,0.0,0.0,0.9979547446616185,0.9979547446616185,0.9714581997567786,0.9714581997567786,0.9979547446616185,1,1,8.666666666666664,0.03392557582516975
JVHXJTBJCFBINQ,Type 1 Diabetes,0,40.0,0.0,0.0,0.0,0.0,0.44681393797460117,0.44681393797460117,0.0,0.0,0.0,0.0,0.0,0.0,0.9429775247362278,0.9429775247362278,0.8382089977315283,0.8382089977315283,0.9429775247362278,1,1,7.700000000000003,0.2614543749662124
JVHXJTBJCFBINQ,Type 2 Diabetes,0,60.0,0.0,0.0,0.0,0.0,0.0,0.0,0.0,0.0,0.0,0.0,0.0,0.0,0.9974377552980216,0.9974377552980216,0.9481524627860095,0.9481524627860095,0.9974377552980216,1,1,0.46052631578947256,0.017297779805260594
JVHXJTBJCFBINQ,Diabetes Mellitus Type 2,0,70.0,0.0,0.0,0.0,0.0,0.0,0.0,0.0,0.0,0.0,0.0,0.0,0.0,0.9974377552980216,0.9974377552980216,0.9481524627860095,0.9481524627860095,0.9974377552980216,1,1,4.0,0.0
DOAKLVKFURWEDJ,Renal Failure; Critical Care; Gram Positive Bacteria,0,85.0,0.0,0.0,0.0,0.0,0.0,0.0,0.0,0.0,0.0,0.0,0.0,0.0,0.0,0.0,0.0,0.0,0.0,0,0,0.0,0.0
HXGBXQDTNZMWGS,overactive bladder,0,64.0,0.0,0.0,0.0,0.0,0.0,0.0,0.0,0.0,0.0,0.0,0.0,0.0,0.9967173820459905,0.9967173820459905,0.08570825749178977,0.08570825749178977,0.9967173820459905,1,1,-1.1666666666666714,0.00736343507919579
NBRBXGKOEOGLOI,hepatitis C virus infection,0,86.0,0.0,0.0,0.0,0.0,0.0,0.0,0.0,0.0,0.0,0.0,0.0,0.0,0.0,0.0,0.0,0.0,0.0,0,0,4.472972972972968,0.0
NBRBXGKOEOGLOI,hepatitis C virus infection,0,86.0,0.0,0.0,0.0,0.0,0.0,0.0,0.0,0.0,0.0,0.0,0.0,0.0,0.0,0.0,0.0,0.0,0.0,0,0,4.472972972972968,0.0
XAUDJQYHKZQPEU,MDS,1,72.0,0.0,0.0,0.0,0.0,0.0,0.0,0.0,0.0,0.0,0.0,0.0,0.0,0.0,0.0,0.0,0.0,0.0,0,0,0.0,0.0
TZXKOCQBRNJULO,microcytic anemia with liver iron overload,0,84.0,0.0,0.0,0.0,0.0,0.0,0.0,0.0,0.0,0.0,0.0,0.0,0.0,0.0,0.0,0.0,0.0,0.0,0,0,0.0,0.0
KXGVEGMKQFWNSR,submental fat,0,80.0,0.0,0.0,0.0,0.0,0.0,0.0,0.0,0.0,0.0,0.0,0.0,0.0,0.0,0.0,0.0,0.0,0.0,0,0,0.0,0.0
UREBDLICKHMUKA,Knee Injury,0,42.0,0.0,0.0,0.0,0.0,0.0,0.0,0.0,0.0,0.0,0.0,0.0,0.0,0.42555155832813474,0.42555155832813474,0.0,0.0,0.42555155832813474,1,1,0.0,0.0
UREBDLICKHMUKA,Treatment of Ocular Inflammation and Pain,0,68.0,0.0,0.0,0.0,0.0,0.0,0.0,0.0,0.0,0.0,0.0,0.0,0.0,0.0,0.0,0.0,0.0,0.0,0,0,0.0,0.0
UREBDLICKHMUKA,Post-Surgical Ocular Pain; Post-Surgical Ocular Inflammation,0,68.0,0.0,0.0,0.0,0.0,0.0,0.0,0.0,0.0,0.0,0.0,0.0,0.0,0.0,0.0,0.0,0.0,0.0,0,0,0.0,0.0
UREBDLICKHMUKA,Multiple Myeloma,0,67.0,0.0,0.0,0.0,0.0,0.0,0.0,0.0,0.0,0.0,0.0,0.0,0.0,0.9809307646396322,0.9809307646396322,0.6774934245753107,0.6774934245753107,0.9809307646396322,1,1,-4.63636363636364,0.14421219738142943
UREBDLICKHMUKA,MULTIPLE MYELOMA,0,72.0,0.0,0.0,0.0,0.0,0.0,0.0,0.0,0.0,0.0,0.0,0.0,0.0,0.9809307646396322,0.9809307646396322,0.6774934245753107,0.6774934245753107,0.9809307646396322,1,1,-4.0,-0.006162144666491787
JRWZLRBJNMZMFE,cardiorenal syndrome,0,50.0,0.0,0.0,0.0,0.0,0.0,0.0,0.0,0.0,0.0,0.0,0.0,0.0,0.0,0.0,0.0,0.0,0.0,0,0,0.0,0.0
ZEUITGRIYCTCEM,Osteoarthritis,0,42.0,0.0,0.0,0.0,0.0,0.0,0.0,0.0,0.0,0.0,0.0,0.0,0.0,0.6544906565781436,0.6363609445996468,0.012158615952232422,0.006079307976116211,0.6544906565781436,2,1,2.3076923076923066,-0.18752376538266546
JWJOTENAMICLJG,alopecia,0,70.0,0.0,0.0,0.0,0.0,0.0,0.0,0.0,0.0,0.0,0.0,0.0,0.0,0.0,0.0,0.0,0.0,0.0,0,0,0.0,0.0
HGVDHZBSSITLCT,Atrial Fibrillation,0,74.0,0.052142484500835654,0.052142484500835654,0.0,0.0,0.0,0.0,0.0,0.0,0.0,0.0,0.0,0.0,0.9878490217600628,0.9878490217600628,0.48919882630160644,0.48919882630160644,0.9878490217600628,1,1,0.7999999999999972,0.005590296806980755
OBWASQILIWPZMG,Diabetes Mellitus Type 2,0,62.0,0.0,0.0,0.0,0.0,0.0,0.0,0.0,0.0,0.0,0.0,0.0,0.0,0.9974377552980216,0.9974377552980216,0.9481524627860095,0.9481524627860095,0.9974377552980216,1,1,-4.0,0.0
WXCXUHSOUPDCQV,Prostate Cancer,0,88.0,0.8728762805808241,0.8728762805808241,0.0,0.0,0.0,0.0,0.9285669064556789,0.9285669064556789,0.0,0.0,0.8304717518195258,0.8304717518195258,0.9918367794935794,0.9918367794935794,0.995170788956094,0.995170788956094,0.995170788956094,1,1,28.75,0.14262921877354562
WXCXUHSOUPDCQV,Metastatic Prostate Cancer,0,85.0,0.0,0.0,0.0,0.0,0.0,0.0,0.0,0.0,0.0,0.0,0.0,0.0,0.6615859672044662,0.6615859672044662,0.2711130932831126,0.2711130932831126,0.6615859672044662,1,1,1.0,0.0
UCTWMZQNUQWSLP,Irreversible Pulpitis,0,25.0,0.0,0.0,0.0,0.0,0.0,0.0,0.0,0.0,0.0,0.0,0.0,0.0,0.0,0.0,0.0,0.0,0.0,0,0,0.0,0.0
HLFSMUUOKPBTSM,complicated urinary tract infection,0,80.0,0.0,0.0,0.0,0.0,0.0,0.0,0.0,0.0,0.0,0.0,0.0,0.0,0.0,0.0,0.0,0.0,0.0,0,0,-1.6666666666666714,0.0
MCIACXAZCBVDEE,Type 2 Diabetes Mellitus,0,62.0,0.0,0.0,0.0,0.0,0.0,0.0,0.0,0.0,0.0,0.0,0.0,0.0,0.9974377552980216,0.9974377552980216,0.9481524627860095,0.9481524627860095,0.9974377552980216,1,1,-3.2285714285714278,0.027735338757369
SUBDBMMJDZJVOS,Stress Ulcer Prophylaxis,0,75.0,0.0,0.0,0.0,0.0,0.0,0.0,0.0,0.0,0.0,0.0,0.0,0.0,0.0,0.0,0.0,0.0,0.0,0,0,3.5,0.0
VOXZDWNPVJITMN,Vulvovaginal Atrophy; Menopause; Dyspareunia; Painful Intercourse,0,87.0,0.0,0.0,0.0,0.0,0.0,0.0,0.0,0.0,0.0,0.0,0.0,0.0,0.0,0.0,0.0,0.0,0.0,0,0,0.0,0.0
MNJVRJDLRVPLFE,pain,0,62.0,0.0,0.0,0.0,0.0,0.0,0.0,0.0,0.0,0.0,0.0,0.0,0.0,0.9995731537430043,0.9995731537430043,0.14491866369298037,0.14491866369298037,0.9995731537430043,1,1,3.875,0.08698934862970276
OLNTVTPDXPETLC,Hypercholesterolemia,0,75.0,0.8158801617544358,0.8158801617544358,0.0,0.0,0.0,0.0,0.0,0.0,0.0,0.0,0.0,0.0,0.9919633381901906,0.9919633381901906,0.1313564894078266,0.1313564894078266,0.9919633381901906,1,1,-5.357142857142861,0.02105815981356951
YMTINGFKWWXKFG,mixed dyslipidemia,0,52.0,0.0,0.0,0.0,0.0,0.0,0.0,0.0,0.0,0.0,0.0,0.0,0.0,0.0,0.0,0.0,0.0,0.0,0,0,7.0,0.0
PJMPHNIQZUBGLI,Postoperative Pain,0,78.0,0.0,0.0,0.0,0.0,0.0,0.0,0.0,0.0,0.0,0.0,0.0,0.0,0.0,0.0,0.0,0.0,0.0,0,0,17.77777777777778,0.0
DCCSDBARQIPTGU,Overactive Bladder Syndrome,0,65.0,0.0,0.0,0.0,0.0,0.0,0.0,0.0,0.0,0.0,0.0,0.0,0.0,0.8661631901333255,0.8661631901333255,0.015198269940290528,0.015198269940290528,0.8661631901333255,1,1,0.0,0.0
RTHCYVBBDHJXIQ,Stroke,1,30.0,0.0,0.0,0.0,0.0,0.0,0.0,0.0,0.0,0.0,0.0,0.0,0.0,0.6047766509620647,0.6047766509620647,0.6685491056365742,0.6685491056365742,0.6685491056365742,1,1,-7.0,-0.2048136870736621
WMWTYOKRWGGJOA,perennial allergic rhinitis,0,80.0,0.0,0.0,0.0,0.0,0.0,0.0,0.0,0.0,0.0,0.0,0.0,0.0,0.9966440958103557,0.9966440958103557,0.09436782621273954,0.09436782621273954,0.9966440958103557,1,1,6.7777777777777715,-0.00019516194034063794
GKDRMWXFWHEQQT,immune thrombocytopenia,0,76.0,0.0,0.0,0.0,0.0,0.0,0.0,0.0,0.0,0.0,0.0,0.0,0.0,0.0,0.0,0.0,0.0,0.0,0,0,4.0,0.0
GKDRMWXFWHEQQT,immune thrombocytopenia,0,76.0,0.0,0.0,0.0,0.0,0.0,0.0,0.0,0.0,0.0,0.0,0.0,0.0,0.0,0.0,0.0,0.0,0.0,0,0,4.0,0.0
SDUQYLNIPVEERB,Patients With Resected Pancreatic Cancer,0,55.0,0.0,0.0,0.0,0.0,0.0,0.0,0.0,0.0,0.0,0.0,0.0,0.0,0.0,0.0,0.0,0.0,0.0,0,0,0.0,0.0
SDUQYLNIPVEERB,Pancreatic Cancer,0,48.0,0.0,0.0,0.0,0.0,0.0,0.0,0.0,0.0,0.0,0.0,0.0,0.0,0.0,0.0,0.0,0.0,0.0,0,0,5.0,0.0
SDUQYLNIPVEERB,Pancreatic Cancer,0,48.0,0.0,0.0,0.0,0.0,0.0,0.0,0.0,0.0,0.0,0.0,0.0,0.0,0.0,0.0,0.0,0.0,0.0,0,0,5.0,0.0
JYGXADMDTFJGBT,"Infant, Newborn, Diseases; Cardiovascular Insufficiency",0,62.0,0.0,0.0,0.0,0.0,0.0,0.0,0.0,0.0,0.0,0.0,0.0,0.0,0.0,0.0,0.0,0.0,0.0,0,0,0.0,0.0
QIGBRXMKCJKVMJ,melasma,0,75.0,0.0,0.0,0.0,0.0,0.0,0.0,0.0,0.0,0.0,0.0,0.0,0.0,0.0,0.0,0.0,0.0,0.0,0,0,0.0,0.0
VSNHCAURESNICA,Sickle Cell Anemia; Sickle Cell Disease; Malaria,0,83.0,0.0,0.0,0.0,0.0,0.0,0.0,0.0,0.0,0.0,0.0,0.0,0.0,0.9528131037562446,0.9528131037562447,0.0,0.0,0.9528131037562446,3,1,0.0,0.0
XYFPWWZEPKGCCK,Waldenström's Macroglobulinemia,0,85.0,0.0,0.0,0.0,0.0,0.0,0.0,0.0,0.0,0.0,0.0,0.0,0.0,0.0,0.0,0.0,0.0,0.0,0,0,0.0,0.0
XYFPWWZEPKGCCK,Chronic Lymphocytic Leukemia,0,90.0,0.0,0.0,0.0,0.0,0.0,0.0,0.607930797611621,0.607930797611621,0.0,0.0,0.607930797611621,0.607930797611621,0.9866191875662546,0.9866191875662546,0.9290050201076685,0.9290050201076685,0.9866191875662546,1,1,3.0,0.038255701190744396
XYFPWWZEPKGCCK,Risk of Disease,0,48.0,0.0,0.0,0.0,0.0,0.0,0.0,0.0,0.0,0.0,0.0,0.0,0.0,0.0,0.0,0.0,0.0,0.0,0,0,0.0,0.0
HMJIYCCIJYRONP,Parkinson Disease,0,35.0,0.0,0.0,0.0,0.0,0.0,0.0,0.0,0.0,0.0,0.0,0.0,0.0,0.0,0.0,0.0,0.0,0.0,0,0,0.0,0.0
MBOMYENWWXQSNW,Multiple Myeloma,0,78.0,0.0,0.0,0.0,0.0,0.0,0.0,0.0,0.0,0.04269151280611231,0.0127144042279693,0.0,0.0,0.9867950546469583,0.9867935453866004,0.4225119043400766,0.09102576129269152,0.9867950546469583,38,1,6.36363636363636,0.15007648738875545
YQEZLKZALYSWHR,Post-operative Pain,0,68.0,0.0,0.0,0.0,0.0,0.0,0.0,0.0,0.0,0.0,0.0,0.0,0.0,0.0,0.0,0.0,0.0,0.0,0,0,0.0,0.0
VPPJLAIAVCUEMN,sodium channelopathy-related small fiber neuropathy,0,72.0,0.0,0.0,0.0,0.0,0.0,0.0,0.0,0.0,0.0,0.0,0.0,0.0,0.0,0.0,0.0,0.0,0.0,0,0,0.0,0.0
VPPJLAIAVCUEMN,epilepsy,0,70.0,0.9750159084988218,0.4809470993610886,0.9198250332960655,0.41986048972501305,0.892851891179099,0.35841935486105775,0.0,0.0,0.0,0.0,0.547137717850459,0.0547137717850459,0.9987671453597234,0.9987670018184562,0.9683402365211742,0.4103610136791661,0.9987671453597234,10,1,4.181818181818187,0.027111982914907573
VPPJLAIAVCUEMN,epilepsy,0,70.0,0.9750159084988218,0.4809470993610886,0.9198250332960655,0.41986048972501305,0.892851891179099,0.35841935486105775,0.0,0.0,0.0,0.0,0.547137717850459,0.0547137717850459,0.9987671453597234,0.9987670018184562,0.9683402365211742,0.4103610136791661,0.9987671453597234,10,1,4.181818181818187,0.027111982914907573
JTEGQNOMFQHVDC,chronic hepatitis B virus infection,0,78.0,0.0,0.0,0.0,0.0,0.0,0.0,0.0,0.0,0.0,0.0,0.0,0.0,0.0,0.0,0.0,0.0,0.0,0,0,0.0,0.0
GOTYRUGSSMKFNF,Cell Lymphoma,1,62.0,0.0,0.0,0.0,0.0,0.0,0.0,0.0,0.0,0.0,0.0,0.0,0.0,0.8973559279737194,0.8973559279737194,0.2933907803206884,0.08550631103240451,0.8973559279737194,4,1,-4.333333333333329,0.230117208376856
GOTYRUGSSMKFNF,Diffuse Large B Cell Lymphoma,0,55.0,0.0,0.0,0.0,0.0,0.0,0.0,0.0,0.0,0.0,0.0,0.0,0.0,0.0,0.0,0.0,0.0,0.0,0,0,0.0,0.0
GOTYRUGSSMKFNF,MULTIPLE MYELOMA,0,80.0,0.0,0.0,0.0,0.0,0.0,0.0,0.9066612367713315,0.22666530919283287,0.0,0.0,0.42555155832813474,0.10638788958203368,0.9932550539726157,0.9932550539726157,0.6152794249385721,0.37384307344200607,0.9932550539726157,4,1,4.0,0.006162144666491676
FWYSMLBETOMXAG,cytomegalovirus infection,0,92.0,0.0,0.0,0.0,0.0,0.0,0.0,0.0,0.0,0.0,0.0,0.0,0.0,0.0,0.0,0.0,0.0,0.0,0,0,4.0,0.0
HPJKCIUCZWXJDR,Unexplained Infertility,0,45.0,0.0,0.0,0.0,0.0,0.0,0.0,0.0,0.0,0.0,0.0,0.0,0.0,0.0,0.0,0.0,0.0,0.0,0,0,15.0,0.0
WTDRDQBEARUVNC,Ischaemic Stroke,0,32.0,0.0,0.0,0.0,0.0,0.0,0.0,0.0,0.0,0.0,0.0,0.0,0.0,0.0,0.0,0.0,0.0,0.0,0,0,0.0,0.0
XMAYWYJOQHXEEK,Cushing syndrome,0,75.0,0.0,0.0,0.0,0.0,0.0,0.0,0.0,0.0,0.0,0.0,0.0,0.0,0.0,0.0,0.0,0.0,0.0,0,0,-4.200000000000003,0.0
NNJVILVZKWQKPM,peripheral neuropathy,0,30.0,0.0,0.0,0.0,0.0,0.0,0.0,0.0,0.0,0.0,0.0,0.0,0.0,0.0,0.0,0.0,0.0,0.0,0,0,0.0,0.0
NNJVILVZKWQKPM,Local Anesthesia,0,90.0,0.0,0.0,0.0,0.0,0.0,0.0,0.0,0.0,0.0,0.0,0.0,0.0,0.0,0.0,0.0,0.0,0.0,0,0,0.0,0.0
JFOZKMSJYSPYLN,dry eye syndrome,0,58.0,0.0,0.0,0.0,0.0,0.0,0.0,0.0,0.0,0.0,0.0,0.0,0.0,0.0,0.0,0.0,0.0,0.0,0,0,0.0,0.0
LTXREWYXXSTFRX,Diabetes,0,55.0,0.0,0.0,0.0,0.0,0.0,0.0,0.0,0.0,0.0,0.0,0.0,0.0,0.0,0.0,0.0,0.0,0.0,0,0,-6.733333333333334,0.0
TYZROVQLWOKYKF,gram-positive bacterial infections,0,90.0,0.0,0.0,0.0,0.0,0.0,0.0,0.0,0.0,0.0,0.0,0.0,0.0,0.0,0.0,0.0,0.0,0.0,0,0,0.0,0.0
RDOIQAHITMMDAJ,fecal incontinence,1,40.0,0.0,0.0,0.0,0.0,0.0,0.0,0.0,0.0,0.0,0.0,0.0,0.0,0.5025983434421075,0.5025983434421075,0.0,0.0,0.5025983434421075,1,1,3.5,0.0199477292966313
DIWRORZWFLOCLC,Status Epilepticus,0,85.0,0.0,0.0,0.0,0.0,0.0,0.0,0.0,0.0,0.0,0.0,0.0,0.0,0.936804859312309,0.936804859312309,0.06079307976116211,0.008390711529535395,0.936804859312309,16,1,0.0,0.0
PSIFNNKUMBGKDQ,Proteinuria,0,72.0,0.0,0.0,0.0,0.0,0.0,0.0,0.0,0.0,0.0,0.0,0.0,0.0,0.9039345947713293,0.9039345947713293,0.0,0.0,0.9039345947713293,1,1,0.0,0.0
PSIFNNKUMBGKDQ,"Glomerulonephritis, IGA",0,67.0,0.0,0.0,0.0,0.0,0.0,0.0,0.0,0.0,0.0,0.0,0.0,0.0,0.0,0.0,0.0,0.0,0.0,0,0,0.0,0.0
PSIFNNKUMBGKDQ,Arterial Hypertension,0,85.0,0.0,0.0,0.0,0.0,0.0,0.0,0.0,0.0,0.0,0.0,0.0,0.0,0.0,0.0,0.0,0.0,0.0,0,0,0.0,0.0
WGFOBBZOWHGYQH,functional constipation,0,72.0,0.0,0.0,0.0,0.0,0.0,0.0,0.0,0.0,0.0,0.0,0.0,0.0,0.0,0.0,0.0,0.0,0.0,0,0,-1.0,0.0
VHRSUDSXCMQTMA,MEMBRANOUS NEPHROPATHY,0,35.0,0.0,0.0,0.0,0.0,0.0,0.0,0.0,0.0,0.0,0.0,0.0,0.0,0.0,0.0,0.0,0.0,0.0,0,0,0.0,0.0
JGCMEBMXRHSZKX,Pulmonary Arterial Hypertension,0,78.0,0.0,0.0,0.0,0.0,0.0,0.0,0.0,0.0,0.0,0.0,0.0,0.0,0.9887985627672249,0.9887915906912348,0.4125644371854152,0.4102810461091848,0.9887985627672249,2,1,3.714285714285708,0.0331227594886212
OPXLLQIJSORQAM,helminth infection,0,90.0,0.0,0.0,0.0,0.0,0.0,0.0,0.0,0.0,0.0,0.0,0.0,0.0,0.0,0.0,0.0,0.0,0.0,0,0,0.0,0.0
DMJNNHOOLUXYBV,Healthcare-Associated Pneumonia; Ventilator-Associated Pneumonia; Lung Diseases,0,87.0,0.0,0.0,0.0,0.0,0.0,0.0,0.0,0.0,0.0,0.0,0.0,0.0,0.0,0.0,0.0,0.0,0.0,0,0,0.0,0.0
DMJNNHOOLUXYBV,Urinary Tract Infection Complicated; Acute Pyelonephritis,0,88.0,0.0,0.0,0.0,0.0,0.0,0.0,0.0,0.0,0.0,0.0,0.0,0.0,0.0,0.0,0.0,0.0,0.0,0,0,0.0,0.0
KBOPZPXVLCULAV,ulcerative colitis,0,70.0,0.0,0.0,0.0,0.0,0.2988587801058729,0.07471469502646823,0.0,0.0,0.21583880380939804,0.11042845344856611,0.0,0.0,0.9940088311545024,0.99397980012305,0.8279109549023195,0.4590949034528623,0.9940088311545024,4,1,-0.6666666666666714,0.057456312234885565
XZWYZXLIPXDOLR,Brain Tumor Treated With Cranial or Cranial-Spinal Radiation,0,20.0,0.0,0.0,0.0,0.0,0.0,0.0,0.0,0.0,0.0,0.0,0.0,0.0,0.0,0.0,0.0,0.0,0.0,0,0,0.0,0.0
XZWYZXLIPXDOLR,Type 1 Diabetes,0,28.0,0.0,0.0,0.0,0.0,0.0,0.0,0.0,0.0,0.0,0.0,0.0,0.0,0.6427660249683012,0.6427660249683012,0.0667035180712751,0.0667035180712751,0.6427660249683012,1,1,-4.299999999999997,-0.03875712480171423
XZWYZXLIPXDOLR,Type 2 Diabetes,0,74.0,0.0,0.0,0.3039653988058105,0.3039653988058105,0.0,0.0,0.0,0.0,0.0,0.0,0.0,0.0,0.9986081372456911,0.9986081372456911,0.17827377545849124,0.17827377545849124,0.9986081372456911,1,1,14.460526315789473,0.01846816175293009
XZWYZXLIPXDOLR,Diabetes,0,75.0,0.0,0.0,0.0,0.0,0.0,0.0,0.0,0.0,0.0,0.0,0.0,0.0,0.0,0.0,0.0,0.0,0.0,0,0,13.266666666666666,0.0
XZWYZXLIPXDOLR,Type 2 Diabetes,0,74.0,0.0,0.0,0.3039653988058105,0.3039653988058105,0.0,0.0,0.0,0.0,0.0,0.0,0.0,0.0,0.9986081372456911,0.9986081372456911,0.17827377545849124,0.17827377545849124,0.9986081372456911,1,1,14.460526315789473,0.01846816175293009
XZWYZXLIPXDOLR,Type 2 Diabetes Mellitus,0,78.0,0.0,0.0,0.3039653988058105,0.3039653988058105,0.0,0.0,0.0,0.0,0.0,0.0,0.0,0.0,0.9986081372456911,0.9986081372456911,0.17827377545849124,0.17827377545849124,0.9986081372456911,1,1,12.771428571428572,0.028905720705038496
FBOZXECLQNJBKD,Rheumatoid Arthritis,0,75.0,0.0,0.0,0.0,0.0,0.0,0.0,0.0,0.0,0.0,0.0,0.0,0.0,0.9951576249724678,0.9951576249724678,0.3567564706851452,0.3567564706851452,0.9951576249724678,1,1,3.574468085106389,0.10630573465805304
FBOZXECLQNJBKD,Rheumatoid Arthritis,0,75.0,0.0,0.0,0.0,0.0,0.0,0.0,0.0,0.0,0.0,0.0,0.0,0.0,0.9951576249724678,0.9951576249724678,0.3567564706851452,0.3567564706851452,0.9951576249724678,1,1,3.574468085106389,0.10630573465805304
FBOZXECLQNJBKD,ALOPECIA AREATA,0,42.0,0.0,0.0,0.0,0.0,0.0,0.0,0.0,0.0,0.0,0.0,0.0,0.0,0.42707138532216377,0.42707138532216377,0.0,0.0,0.42707138532216377,1,1,0.0,0.0
FBOZXECLQNJBKD,Rheumatoid Arthritis,0,75.0,0.0,0.0,0.0,0.0,0.0,0.0,0.0,0.0,0.0,0.0,0.0,0.0,0.9951576249724678,0.9951576249724678,0.3567564706851452,0.3567564706851452,0.9951576249724678,1,1,3.574468085106389,0.10630573465805304
FBOZXECLQNJBKD,Rheumatoid Arthritis,0,75.0,0.0,0.0,0.0,0.0,0.0,0.0,0.0,0.0,0.0,0.0,0.0,0.0,0.9951576249724678,0.9951576249724678,0.3567564706851452,0.3567564706851452,0.9951576249724678,1,1,3.574468085106389,0.10630573465805304
FBOZXECLQNJBKD,Psoriatic Arthritis,0,62.0,0.0,0.0,0.0,0.0,0.0,0.0,0.0,0.0,0.0,0.0,0.0,0.0,0.9291458748309558,0.9291458748309558,0.0,0.0,0.9291458748309558,1,1,-6.099999999999994,0.038996900261514145
FBOZXECLQNJBKD,Neck Carcinoma,0,50.0,0.0,0.0,0.0,0.0,0.0,0.0,0.0,0.0,0.0,0.0,0.0,0.0,0.6317263141499949,0.6317263141499949,0.649682126452679,0.649682126452679,0.649682126452679,1,1,0.0,0.0
FBOZXECLQNJBKD,Rheumatoid Arthritis,0,75.0,0.0,0.0,0.0,0.0,0.0,0.0,0.0,0.0,0.0,0.0,0.0,0.0,0.9951576249724678,0.9951576249724678,0.3567564706851452,0.3567564706851452,0.9951576249724678,1,1,3.574468085106389,0.10630573465805304
FBOZXECLQNJBKD,Persistent Pregnancy of Unknown Location; Ectopic Pregnancy,0,85.0,0.0,0.0,0.0,0.0,0.0,0.0,0.0,0.0,0.0,0.0,0.0,0.0,0.0,0.0,0.0,0.0,0.0,0,0,0.0,0.0
FBOZXECLQNJBKD,Psoriasis,0,63.0,0.0,0.0,0.0,0.0,0.0,0.0,0.0,0.0,0.05919400010818598,0.05919400010818598,0.0,0.0,0.9813935420060569,0.9813935420060569,0.045355568220923355,0.045355568220923355,0.9813935420060569,1,1,0.0,0.0
FBOZXECLQNJBKD,Recurrent or Metastatic Head and Neck Cancer,0,45.0,0.0,0.0,0.0,0.0,0.0,0.0,0.0,0.0,0.0,0.0,0.0,0.0,0.6468825977815471,0.6468825977815471,0.6648551512752255,0.6648551512752255,0.6648551512752255,1,1,0.0,0.0
FBOZXECLQNJBKD,"Arthritis, Juvenile",0,70.0,0.0,0.0,0.0,0.0,0.0,0.0,0.0,0.0,0.0,0.0,0.0,0.0,0.0,0.0,0.0,0.0,0.0,0,0,0.0,0.0
VHRSUDSXCMQTMA,Dysphagia,0,48.0,0.0,0.0,0.0,0.0,0.0,0.0,0.0,0.0,0.0,0.0,0.0,0.0,0.4281268207346839,0.4281268207346839,0.0,0.0,0.4281268207346839,1,1,0.0,0.0
DDLIGBOFAVUZHB,Parental/Caregiver Anxiety; Child's Anxiety,0,58.0,0.0,0.0,0.0,0.0,0.0,0.0,0.0,0.0,0.0,0.0,0.0,0.0,0.0,0.0,0.0,0.0,0.0,0,0,18.0,0.0
DDLIGBOFAVUZHB,Preoperative Sedation,0,86.0,0.0,0.0,0.0,0.0,0.0,0.0,0.0,0.0,0.0,0.0,0.0,0.0,0.0,0.0,0.0,0.0,0.0,0,0,0.0,0.0
DDLIGBOFAVUZHB,epilepsy,0,70.0,0.918384590582302,0.4809616745385872,0.8274613634158176,0.33771900502438484,0.909607194599557,0.20111131798360002,0.0,0.0,0.0,0.0,0.5957721816593886,0.07048197684809732,0.9966635870430348,0.9966635870430348,0.5834193361817527,0.21172770860629825,0.9966635870430348,16,1,4.181818181818187,0.025008424598218948
PTKSEFOSCHHMPD,spinal cord injury,0,55.0,0.0,0.0,0.0,0.0,0.0,0.0,0.0,0.0,0.0,0.0,0.0,0.0,0.42555155832813474,0.42555155832813474,0.0,0.0,0.42555155832813474,1,1,0.0,0.0
VKHAHZOOUSRJNA,spontaneous abortion,0,80.0,0.0,0.0,0.0,0.0,0.0,0.0,0.0,0.0,0.0,0.0,0.0,0.0,0.0,0.0,0.0,0.0,0.0,0,0,0.0,0.0
PQLXHQMOHUQAKB,visceral Leishmaniasis,0,84.0,0.0,0.0,0.0,0.0,0.0,0.0,0.0,0.0,0.0,0.0,0.0,0.0,0.0,0.0,0.0,0.0,0.0,0,0,0.0,0.0
PQLXHQMOHUQAKB,post-kala-azar dermal leishmaniasis,0,82.0,0.0,0.0,0.0,0.0,0.0,0.0,0.0,0.0,0.0,0.0,0.0,0.0,0.0,0.0,0.0,0.0,0.0,0,0,0.0,0.0
PBAPPPCECJKMCM,Urinary Bladder Overactive; Overactive Bladder; Urgency Incontinence; Urinary Bladder Diseases\Urologic Diseases,0,80.0,0.0,0.0,0.0,0.0,0.0,0.0,0.0,0.0,0.0,0.0,0.0,0.0,0.9856722294271968,0.9856722294271968,0.7992241844736909,0.7992241844736909,0.9856722294271968,1,1,0.0,0.0
RONZAEMNMFQXRA,Breast Cancer,0,6.0,0.0,0.0,0.0,0.0,0.0,0.0,0.0,0.0,0.0,0.0,0.0,0.0,0.0,0.0,0.0,0.0,0.0,0,0,-51.475,-0.7455340400381703
ZVHNDZWQTBEVRY,primary myelofibrosis,1,75.0,0.642191918594726,0.321095959297363,0.0,0.0,0.4605686255750631,0.23028431278753156,0.0,0.0,0.0,0.0,0.5532170258265751,0.27660851291328753,0.9362491763146876,0.8859061875429544,0.3286492657522898,0.2014407734298826,0.9362491763146876,2,1,0.0,0.0
RTGDFNSFWBGLEC,Chronic Myelogenous Leukemia; Acute Lymphoblastic Leukemia; Acute Myeloid Leukemia; Acute Biphenotypic Leukemia; Myelodysplastic Syndrome; Myeloproliferative Neoplasm; Non-Hodgkin Lymphoma; Hodgkins Disease; Chronic Lymphocytic Leukemia; Multiple Myeloma,0,30.0,0.0,0.0,0.0,0.0,0.0,0.0,0.0,0.0,0.0,0.0,0.0,0.0,0.0,0.0,0.0,0.0,0.0,0,0,0.0,0.0
HPNSFSBZBAHARI,Chronic Kidney Disease,0,27.0,0.0,0.0,0.0,0.0,0.0,0.0,0.0,0.0,0.0,0.0,0.0,0.0,0.44074982826842524,0.44074982826842524,0.0,0.0,0.44074982826842524,2,1,-15.666666666666664,-0.1917066298905309
HRRBJVNMSRJFHQ,ureteral stent-related symptoms,0,48.0,0.0,0.0,0.0,0.0,0.0,0.0,0.0,0.0,0.0,0.0,0.0,0.0,0.0,0.0,0.0,0.0,0.0,0,0,0.0,0.0
HYIMSNHJOBLJNT,preterm labor and delivery,0,45.0,0.0,0.0,0.0,0.0,0.0,0.0,0.0,0.0,0.0,0.0,0.0,0.0,0.0,0.0,0.0,0.0,0.0,0,0,-2.5,0.0
HHZIURLSWUIHRB,Chronic Myelogenous Leukemia,0,96.0,0.7960994423714745,0.7960994423714745,0.607930797611621,0.607930797611621,0.0,0.0,0.9671529481664186,0.9671529481664186,0.0,0.0,0.7234376491578292,0.7234376491578292,0.9944055785934346,0.9944055785934346,0.9910280948409712,0.9910280948409712,0.9944055785934346,1,1,3.6666666666666714,0.0
OUBCNLGXQFSTLU,tyrosinemia type I,0,96.0,0.0,0.0,0.0,0.0,0.0,0.0,0.0,0.0,0.0,0.0,0.0,0.0,0.0,0.0,0.0,0.0,0.0,0,0,0.0,0.0
SFLSHLFXELFNJZ,Vasoplegic syndrome,0,80.0,0.0,0.0,0.0,0.0,0.0,0.0,0.0,0.0,0.0,0.0,0.0,0.0,0.0,0.0,0.0,0.0,0.0,0,0,0.0,0.0
VIKNJXKGJWUCNN,contraception,0,91.0,0.0,0.0,0.0,0.0,0.0,0.0,0.0,0.0,0.0,0.0,0.0,0.0,0.9907445285729573,0.9907445285729573,0.0,0.0,0.9907445285729573,1,1,39.0,0.3619895160821154
KVWDHTXUZHCGIO,With Cancer,0,18.0,0.0,0.0,0.0,0.0,0.0,0.0,0.0,0.0,0.0,0.0,0.0,0.0,0.0,0.0,0.0,0.0,0.0,0,0,-29.75,0.0
FDLYAMZZIXQODN,Pancreatic Cancer,0,58.0,0.0,0.0,0.0,0.0,0.0,0.0,0.0,0.0,0.0,0.0,0.0,0.0,0.0,0.0,0.0,0.0,0.0,0,0,15.0,0.0
JBIMVDZLSHOPLA,allergic conjunctivitis,0,78.0,0.0,0.0,0.0,0.0,0.0,0.0,0.0,0.0,0.0,0.0,0.0,0.0,0.0,0.0,0.0,0.0,0.0,0,0,0.0,0.0
SUBDBMMJDZJVOS,Peptic Ulcer Hemorrhage,0,72.0,0.0,0.0,0.0,0.0,0.0,0.0,0.0,0.0,0.0,0.0,0.0,0.0,0.9968614397877825,0.9968614397877825,0.17912425128716822,0.08956212564358411,0.9968614397877825,2,1,0.0,0.0
XRVDGNKRPOAQTN,Multiple Sclerosis,0,75.0,0.033626260204567195,0.033626260204567195,0.0,0.0,0.0,0.0,0.0,0.0,0.0,0.0,0.0,0.0,0.9874451726464155,0.9874451726464155,0.06364916787562606,0.06364916787562606,0.9874451726464155,1,1,17.476190476190474,0.1707552843858271
XPIJWUTXQAGSLK,impetigo,0,90.0,0.0,0.0,0.0,0.0,0.0,0.0,0.0,0.0,0.0,0.0,0.0,0.0,0.0,0.0,0.0,0.0,0.0,0,0,0.0,0.0
RCINICONZNJXQF,Breast Cancer,0,73.0,0.0,0.0,0.0,0.0,0.0,0.0,0.0,0.0,0.0,0.0,0.0,0.0,0.9958826872684627,0.9958826606132426,0.7189793669490522,0.3061028748634998,0.9958826872684627,15,1,15.524999999999999,0.2503486472302925
RCINICONZNJXQF,Primary Breast Cancer,0,65.0,0.0,0.0,0.0,0.0,0.0,0.0,0.0,0.0,0.0,0.0,0.0,0.0,0.9958826872684627,0.9958826606132426,0.7189793669490522,0.3061028748634998,0.9958826872684627,15,1,0.0,0.0
RCINICONZNJXQF,Metastatic Breast Cancer,0,58.0,0.0,0.0,0.0,0.0,0.0,0.0,0.0,0.0,0.0,0.0,0.0,0.0,0.9958826872684627,0.9958826606132426,0.7189793669490522,0.3061028748634998,0.9958826872684627,15,1,-7.066666666666663,0.0037220580782213464
RCINICONZNJXQF,Breast Cancer,0,73.0,0.0,0.0,0.0,0.0,0.0,0.0,0.0,0.0,0.0,0.0,0.0,0.0,0.9958826872684627,0.9958826606132426,0.7189793669490522,0.3061028748634998,0.9958826872684627,15,1,15.524999999999999,0.2503486472302925
RCINICONZNJXQF,Lung Cancer,0,63.0,0.0,0.0,0.0,0.0,0.0,0.0,0.0,0.0,0.0,0.0,0.0,0.0,0.9941983815907179,0.9941983392277063,0.7481489379607551,0.2544792044528911,0.9941983815907179,15,1,5.548387096774192,0.05506378756972907
RCINICONZNJXQF,Neoadjuvant Treatment of Patients With High-risk Early Breast Cancer,0,67.0,0.0,0.0,0.0,0.0,0.0,0.0,0.0,0.0,0.0,0.0,0.0,0.0,0.0,0.0,0.0,0.0,0.0,0,0,0.0,0.0
RCINICONZNJXQF,Breast Cancer,0,73.0,0.0,0.0,0.0,0.0,0.0,0.0,0.0,0.0,0.0,0.0,0.0,0.0,0.9958826872684627,0.9958826606132426,0.7189793669490522,0.3061028748634998,0.9958826872684627,15,1,15.524999999999999,0.2503486472302925
RCINICONZNJXQF,Junction Cancer,0,55.0,0.0,0.0,0.0,0.0,0.0,0.0,0.0,0.0,0.0,0.0,0.0,0.0,0.0,0.0,0.0,0.0,0.0,0,0,0.0,0.0
RCINICONZNJXQF,Breast Cancer,0,73.0,0.0,0.0,0.0,0.0,0.0,0.0,0.0,0.0,0.0,0.0,0.0,0.0,0.9958826872684627,0.9958826606132426,0.7189793669490522,0.3061028748634998,0.9958826872684627,15,1,15.524999999999999,0.2503486472302925
RCINICONZNJXQF,Early Primary Breast Cancer,0,67.0,0.0,0.0,0.0,0.0,0.0,0.0,0.0,0.0,0.0,0.0,0.0,0.0,0.9958826872684627,0.9958826606132426,0.7189793669490522,0.3061028748634998,0.9958826872684627,15,1,0.0,0.0
DREIJXJRTLTGJC,Rheumatoid Arthritis,0,76.0,0.9206099686872204,0.49688125496941016,0.0,0.0,0.4085531377482498,0.25682627588933943,0.0,0.0,0.0,0.0,0.0,0.0,0.9916966583306238,0.9903763105270122,0.7819688254142984,0.4874892762149199,0.9916966583306238,4,1,4.574468085106389,0.10284476801620901
DREIJXJRTLTGJC,Rheumatoid Arthritis,0,76.0,0.9206099686872204,0.49688125496941016,0.0,0.0,0.4085531377482498,0.25682627588933943,0.0,0.0,0.0,0.0,0.0,0.0,0.9916966583306238,0.9903763105270122,0.7819688254142984,0.4874892762149199,0.9916966583306238,4,1,4.574468085106389,0.10284476801620901
QYSPLQLAKJAUJT,Renal Colic,0,55.0,0.0,0.0,0.0,0.0,0.0,0.0,0.0,0.0,0.0,0.0,0.0,0.0,0.5854708990664096,0.5854708990664096,0.07903100368951074,0.03951550184475537,0.5854708990664096,2,1,0.0,0.0
DTGLZDAWLRGWQN,Acute Coronary Syndrome; Unstable Angina,0,80.0,0.0,0.0,0.0,0.0,0.0,0.0,0.0,0.0,0.0,0.0,0.0,0.0,0.9970589630875856,0.9970589630875856,0.19068552407289788,0.19068552407289788,0.9970589630875856,1,1,0.0,0.0
OIGNJSKKLXVSLS,Rheumatoid Arthritis,0,52.0,0.09933231518299525,0.09933231518299525,0.0,0.0,0.0,0.0,0.0,0.0,0.0,0.0,0.0,0.0,0.9964935211905023,0.9964935211905023,0.4134536366394646,0.4134536366394646,0.9964935211905023,1,1,-19.42553191489361,0.10764163087608747
XOFYZVNMUHMLCC,Prostate Cancer,0,32.0,0.0,0.0,0.0,0.0,0.0,0.0,0.0,0.0,0.0,0.0,0.2279740491043579,0.2279740491043579,0.9235621351186311,0.9235621351186311,0.8418425153379159,0.8418425153379159,0.9235621351186311,1,1,-27.25,0.07102056493608266
INDBQLZJXZLFIT,malaria,0,84.0,0.0,0.0,0.0,0.0,0.0,0.0,0.0,0.0,0.0,0.0,0.0,0.0,0.0,0.0,0.0,0.0,0.0,0,0,-0.6666666666666714,0.0
CZFFBEXEKNGXKS,HIV infection,0,92.0,0.0,0.0,0.0,0.0,0.0,0.0,0.0,0.0,0.0,0.0,0.0,0.0,0.0,0.0,0.0,0.0,0.0,0,0,20.058823529411768,-0.07569723439911848
ZTVQQQVZCWLTDF,Breast Diseases,0,15.0,0.0,0.0,0.0,0.0,0.0,0.0,0.0,0.0,0.0,0.0,0.0,0.0,0.0,0.0,0.0,0.0,0.0,0,0,0.0,0.0
IWUCXVSUMQZMFG,HIV infection,0,10.0,0.0,0.0,0.0,0.0,0.0,0.0,0.0,0.0,0.0,0.0,0.0,0.0,0.6566360099782473,0.6566360099782473,0.0,0.0,0.6566360099782473,1,1,-61.94117647058823,0.5809387755791289
IWUCXVSUMQZMFG,hepatitis C virus infection,0,70.0,0.0,0.0,0.0,0.0,0.0,0.0,0.0,0.0,0.0,0.0,0.0,0.0,0.0,0.0,0.0,0.0,0.0,0,0,-11.527027027027032,0.0
IWUCXVSUMQZMFG,hepatitis C virus infection,0,70.0,0.0,0.0,0.0,0.0,0.0,0.0,0.0,0.0,0.0,0.0,0.0,0.0,0.0,0.0,0.0,0.0,0.0,0,0,-11.527027027027032,0.0
IWUCXVSUMQZMFG,hepatitis C virus infection,0,70.0,0.0,0.0,0.0,0.0,0.0,0.0,0.0,0.0,0.0,0.0,0.0,0.0,0.0,0.0,0.0,0.0,0.0,0,0,-11.527027027027032,0.0
IWUCXVSUMQZMFG,hepatitis C virus infection,0,70.0,0.0,0.0,0.0,0.0,0.0,0.0,0.0,0.0,0.0,0.0,0.0,0.0,0.0,0.0,0.0,0.0,0.0,0,0,-11.527027027027032,0.0
RHXHGRAEPCAFML,Advanced Breast Cancer,0,82.0,0.0,0.0,0.0,0.0,0.0,0.0,0.3981682350153665,0.19908411750768326,0.0,0.0,0.8699743018321302,0.7524199055856331,0.9857851763693943,0.9857851763693943,0.9824509820474594,0.7876393128887076,0.9857851763693943,2,1,4.545454545454547,-0.00833651514946887
RAPZEAPATHNIPO,Schizophrenia,0,62.0,0.6560907249300643,0.21869690831002142,0.0,0.0,0.6454494156558882,0.2151498052186294,0.0,0.0,0.0,0.0,0.0,0.0,0.9994097502793402,0.9992740567870717,0.9231710917698762,0.5102502143489288,0.9994097502793402,3,1,2.700000000000003,0.13590249690329748
KGFYHTZWPPHNLQ,Symptomatic Superficial Vein Thrombosis,0,80.0,0.0,0.0,0.0,0.0,0.0,0.0,0.0,0.0,0.0,0.0,0.0,0.0,0.0,0.0,0.0,0.0,0.0,0,0,0.0,0.0
MNDBXUUTURYVHR,COPD,0,45.0,0.0,0.0,0.0,0.0,0.0,0.0,0.0,0.0,0.0,0.0,0.0,0.0,0.0,0.0,0.0,0.0,0.0,0,0,-8.384615384615387,0.0
MNDBXUUTURYVHR,COPD,0,45.0,0.0,0.0,0.0,0.0,0.0,0.0,0.0,0.0,0.0,0.0,0.0,0.0,0.0,0.0,0.0,0.0,0.0,0,0,-8.384615384615387,0.0
ZKMNUMMKYBVTFN,Bariatric Surgery Candidate,0,25.0,0.0,0.0,0.0,0.0,0.0,0.0,0.0,0.0,0.0,0.0,0.0,0.0,0.0,0.0,0.0,0.0,0.0,0,0,0.0,0.0
ZKMNUMMKYBVTFN,Pain,0,78.0,0.0,0.0,0.0,0.0,0.0,0.0,0.0,0.0,0.0,0.0,0.0,0.0,0.9974953049632043,0.9974953049632043,0.10844203789265631,0.10844203789265631,0.9974953049632043,1,1,13.879999999999995,0.05618666085771551
YOZBGTLTNGAVFU,anemia of chronic kidney disease,0,80.0,0.0,0.0,0.0,0.0,0.0,0.0,0.0,0.0,0.0,0.0,0.0,0.0,0.0,0.0,0.0,0.0,0.0,0,0,0.0,0.0
YOZBGTLTNGAVFU,anemia of chronic kidney disease,0,80.0,0.0,0.0,0.0,0.0,0.0,0.0,0.0,0.0,0.0,0.0,0.0,0.0,0.0,0.0,0.0,0.0,0.0,0,0,0.0,0.0
YOZBGTLTNGAVFU,anemia,0,80.0,0.0,0.0,0.0,0.0,0.8177217992498811,0.27730615417616333,0.0,0.0,0.0,0.0,0.0,0.0,0.9005842133665669,0.86558540394456,0.15401024054025744,0.057964789141936396,0.9005842133665669,4,1,4.375,0.07674099441576088
YOZBGTLTNGAVFU,anemia,0,80.0,0.0,0.0,0.0,0.0,0.8177217992498811,0.27730615417616333,0.0,0.0,0.0,0.0,0.0,0.0,0.9005842133665669,0.86558540394456,0.15401024054025744,0.057964789141936396,0.9005842133665669,4,1,4.375,0.07674099441576088
YOZBGTLTNGAVFU,anemia,0,80.0,0.0,0.0,0.0,0.0,0.8177217992498811,0.27730615417616333,0.0,0.0,0.0,0.0,0.0,0.0,0.9005842133665669,0.86558540394456,0.15401024054025744,0.057964789141936396,0.9005842133665669,4,1,4.375,0.07674099441576088
HMABYWSNWIZPAG,Ovarian Cancer,0,68.0,0.0,0.0,0.0,0.0,0.0,0.0,0.0,0.0,0.0,0.0,0.0,0.0,0.9764449920295507,0.974424221312396,0.9378797457313377,0.36277160888103693,0.9764449920295507,3,1,-3.0,0.10568854888560952
HFNKQEVNSGCOJV,Polycythemia Vera,0,78.0,0.7866704197885077,0.39333520989425386,0.607930797611621,0.3039653988058105,0.5747869002478668,0.2873934501239334,0.0,0.0,0.0,0.0,0.6018514896355048,0.3009257448177524,0.917670701465897,0.8955223603030433,0.9412043414828372,0.5394776596583869,0.9412043414828372,2,1,3.25,0.07601503138714294
HFNKQEVNSGCOJV,Primary Myelofibrosis (MF),0,75.0,0.0,0.0,0.0,0.0,0.2645714831205775,0.2645714831205775,0.0,0.0,0.0,0.0,0.3039653988058105,0.3039653988058105,0.0,0.0,0.0,0.0,0.3039653988058105,1,1,0.0,0.0
HFNKQEVNSGCOJV,Polycythemia Vera,0,78.0,0.7866704197885077,0.39333520989425386,0.607930797611621,0.3039653988058105,0.5747869002478668,0.2873934501239334,0.0,0.0,0.0,0.0,0.6018514896355048,0.3009257448177524,0.917670701465897,0.8955223603030433,0.9412043414828372,0.5394776596583869,0.9412043414828372,2,1,3.25,0.07601503138714294
PQJQFLNBMSCUSH,acne vulgaris,0,64.0,0.0,0.0,0.0,0.0,0.0,0.0,0.0,0.0,0.0,0.0,0.0,0.0,0.0,0.0,0.0,0.0,0.0,0,0,-1.7999999999999972,0.0
PQJQFLNBMSCUSH,acne vulgaris,0,64.0,0.0,0.0,0.0,0.0,0.0,0.0,0.0,0.0,0.0,0.0,0.0,0.0,0.0,0.0,0.0,0.0,0.0,0,0,-1.7999999999999972,0.0
RYMZZMVNJRMUDD,Critical Illness,0,20.0,0.0,0.0,0.0,0.0,0.0,0.0,0.0,0.0,0.0,0.0,0.0,0.0,0.0,0.0,0.0,0.0,0.0,0,0,0.0,0.0
MFFMDFFZMYYVKS,Type 2 Diabetes,0,55.0,0.0,0.0,0.0,0.0,0.5511044663048749,0.5511044663048749,0.0,0.0,0.0,0.0,0.0,0.0,0.9981950138708703,0.9981950138708703,0.954188839355206,0.954188839355206,0.9981950138708703,1,1,-4.539473684210527,0.01805503837810929
MFFMDFFZMYYVKS,Type 2 Diabetes Mellitus,0,60.0,0.0,0.0,0.0,0.0,0.5511044663048749,0.5511044663048749,0.0,0.0,0.0,0.0,0.0,0.0,0.9981950138708703,0.9981950138708703,0.954188839355206,0.954188839355206,0.9981950138708703,1,1,-5.228571428571428,0.028492597330217695
TTZHDVOVKQGIBA,hepatitis C virus infection,0,96.0,0.0,0.0,0.0,0.0,0.0,0.0,0.0,0.0,0.0,0.0,0.0,0.0,0.0,0.0,0.0,0.0,0.0,0,0,14.472972972972968,0.0
TTZHDVOVKQGIBA,hepatitis C virus infection,0,96.0,0.0,0.0,0.0,0.0,0.0,0.0,0.0,0.0,0.0,0.0,0.0,0.0,0.0,0.0,0.0,0.0,0.0,0,0,14.472972972972968,0.0
TTZHDVOVKQGIBA,hepatitis C virus infection,0,96.0,0.0,0.0,0.0,0.0,0.0,0.0,0.0,0.0,0.0,0.0,0.0,0.0,0.0,0.0,0.0,0.0,0.0,0,0,14.472972972972968,0.0
TTZHDVOVKQGIBA,hepatitis C virus infection,0,96.0,0.0,0.0,0.0,0.0,0.0,0.0,0.0,0.0,0.0,0.0,0.0,0.0,0.0,0.0,0.0,0.0,0.0,0,0,14.472972972972968,0.0
WINHZLLDWRZWRT,Cell Carcinoma,0,76.0,0.0,0.0,0.0,0.0,0.6197820707717276,0.08854029582453252,0.0,0.0,0.030764815207951827,0.004394973601135975,0.918380756936772,0.8058242069237868,0.59715573491731,0.3485409696278987,0.8952365096561733,0.5433610180575993,0.918380756936772,7,1,12.666666666666664,-0.0023746506244188836
WOXKDUGGOYFFRN,"Hypertension, Pulmonary",0,68.0,0.0,0.0,0.0,0.0,0.0,0.0,0.0,0.0,0.0,0.0,0.0,0.0,0.0,0.0,0.0,0.0,0.0,0,0,-4.25,0.0
QCGUSIANLFXSGE,pneumonia,0,68.0,0.0,0.0,0.0,0.0,0.0,0.0,0.0,0.0,0.0,0.0,0.0,0.0,0.0,0.0,0.0,0.0,0.0,0,0,2.0,-0.14705997396770018
UTNUDOFZCWSZMS,Multiple Sclerosis,1,64.0,0.0,0.0,0.0,0.0,0.0,0.0,0.0,0.0,0.0,0.0,0.0,0.0,0.9737407057072986,0.9737407057072986,0.23727798143842557,0.23727798143842557,0.9737407057072986,1,1,6.4761904761904745,0.15705081744671023
UEJJHQNACJXSKW,Neoplasms,0,45.0,0.0,0.0,0.0,0.0,0.0,0.0,0.0,0.0,0.0,0.0,0.0,0.0,0.0,0.0,0.0,0.0,0.0,0,0,0.0,0.0
OEKWJQXRCDYSHL,Acute Myocardial Infarction,0,78.0,0.0,0.0,0.0,0.0,0.0,0.0,0.0,0.0,0.0,0.0,0.0,0.0,0.5916855357421105,0.5916855357421105,0.676161737386157,0.676161737386157,0.676161737386157,1,1,1.0,-0.050181019186314124
LERNTVKEWCAPOY,Chronic Obstructive Pulmonary Disease,0,64.0,0.4341160287393241,0.21705801436966204,0.0,0.0,0.0,0.0,0.0,0.0,0.0,0.0,0.0,0.0,0.9983402173176782,0.994838712806341,0.13933559407821056,0.09469000810433788,0.9983402173176782,2,1,6.2307692307692335,0.06482583467312997
UJLAWZDWDVHWOW,Psoriatic Arthritis,0,75.0,0.0,0.0,0.0,0.0,0.0,0.0,0.0,0.0,0.0,0.0,0.0,0.0,0.8511520743079273,0.8509428538163104,0.24159185910101472,0.15581879750491567,0.8511520743079273,2,1,6.900000000000006,-0.03899690026151437
UJLAWZDWDVHWOW,Rheumatoid Arthritis,0,80.0,0.5291414251952968,0.2645707125976484,0.0,0.0,0.4085531377482498,0.33349225990647496,0.0,0.0,0.0,0.0,0.0,0.0,0.9916966583306238,0.9903619208359421,0.3785285514892235,0.35858105745789837,0.9916966583306238,2,1,8.574468085106389,0.10284476801620901
GYHCTFXIZSNGJT,"Polycystic Kidney, Autosomal Dominant",0,74.0,0.0,0.0,0.0,0.0,0.0,0.0,0.0,0.0,0.0,0.0,0.0,0.0,0.0,0.0,0.0,0.0,0.0,0,0,10.0,0.0
KJADKKWYZYXHBB,Epilepsy,0,68.0,0.9750159084988218,0.3559605948544055,0.9198250332960655,0.2595164588551429,0.9357100108131996,0.254035250552939,0.0,0.0,0.0,0.0,0.5957721816593886,0.04526619857891935,0.9987671453597234,0.9967495965798218,0.9683402365211742,0.25144792611832434,0.9987671453597234,37,1,18.0,0.06269597049950604
GYDJEQRTZSCIOI,Cancer; Tumour; Surgery,0,40.0,0.0,0.0,0.0,0.0,0.0,0.0,0.0,0.0,0.0,0.0,0.0,0.0,0.0,0.0,0.0,0.0,0.0,0,0,0.0,0.0
GYDJEQRTZSCIOI,Abdominal Aortic Aneurysms,0,32.0,0.33749743630924595,0.33749743630924595,0.0,0.0,0.0,0.0,0.0,0.0,0.0,0.0,0.0,0.0,0.42555155832813474,0.42555155832813474,0.10943725822537663,0.10943725822537663,0.42555155832813474,1,1,0.0,0.0
GYDJEQRTZSCIOI,Wounds and Injuries; Acute Coagulopathy,1,70.0,0.0,0.0,0.0,0.0,0.0,0.0,0.0,0.0,0.0,0.0,0.0,0.0,0.0,0.0,0.0,0.0,0.0,0,0,0.0,0.0
GYDJEQRTZSCIOI,Total Blood Loss,0,70.0,0.0,0.0,0.0,0.0,0.0,0.0,0.0,0.0,0.0,0.0,0.0,0.0,0.0,0.0,0.0,0.0,0.0,0,0,0.0,0.0
YNDXUCZADRHECN,Osteoarthritis,0,30.0,0.03917430693449476,0.03917430693449476,0.0,0.0,0.0,0.0,0.0,0.0,0.0,0.0,0.0,0.0,0.9956543606403514,0.9956543606403514,0.10105882334360619,0.10105882334360619,0.9956543606403514,1,1,-9.692307692307693,0.1536399386795423
YNDXUCZADRHECN,ocular trauma,0,35.0,0.0,0.0,0.0,0.0,0.0,0.0,0.0,0.0,0.0,0.0,0.0,0.0,0.0,0.0,0.0,0.0,0.0,0,0,0.0,0.0
FVTWTVQXNAJTQP,Chronic Obstructive Pulmonary Disease,0,45.0,0.4341160287393241,0.4341160287393241,0.0,0.0,0.0,0.0,0.0,0.0,0.0,0.0,0.0,0.0,0.9983402173176782,0.9983402173176782,0.13933559407821056,0.13933559407821056,0.9983402173176782,1,1,-12.769230769230766,0.06482583467312997
MYPYJXKWCTUITO,Clostridium Difficile Infection,0,90.0,0.0,0.0,0.0,0.0,0.0,0.0,0.0,0.0,0.0,0.0,0.0,0.0,0.0,0.0,0.0,0.0,0.0,0,0,0.0,0.0
MYPYJXKWCTUITO,Infection; Surgery; Nervous System Diseases,0,68.0,0.0,0.0,0.0,0.0,0.0,0.0,0.0,0.0,0.0,0.0,0.0,0.0,0.0,0.0,0.0,0.0,0.0,0,0,0.0,0.0
LQBVNQSMGBZMKD,Chronic Lymphocytic Leukemia,0,90.0,0.7356147774240064,0.7356147774240064,0.0,0.0,0.0,0.0,0.0,0.0,0.0430531040350025,0.0430531040350025,0.4559480982087158,0.4559480982087158,0.965708263035058,0.965708263035058,0.9495158215163638,0.9495158215163638,0.965708263035058,1,1,3.0,0.01734477665954781
LQBVNQSMGBZMKD,Chronic Lymphocytic Leukemia,0,90.0,0.7356147774240064,0.7356147774240064,0.0,0.0,0.0,0.0,0.0,0.0,0.0430531040350025,0.0430531040350025,0.4559480982087158,0.4559480982087158,0.965708263035058,0.965708263035058,0.9495158215163638,0.9495158215163638,0.965708263035058,1,1,3.0,0.01734477665954781
DAFYYTQWSAWIGS,Chronic Obstructive Pulmonary Disease,0,45.0,0.0,0.0,0.0,0.0,0.0,0.0,0.0,0.0,0.0,0.0,0.0,0.0,0.9987095195438428,0.9987095195438428,0.8194221934030006,0.8194221934030006,0.9987095195438428,1,1,-12.769230769230766,0.06519513689929457
XRWSZZJLZRKHHD,chronic hepatitis C virus infection,0,85.0,0.0,0.0,0.0,0.0,0.0,0.0,0.0,0.0,0.0,0.0,0.0,0.0,0.0,0.0,0.0,0.0,0.0,0,0,0.0,0.0
RZEKVGVHFLEQIL,Knee Osteoarthritis,0,38.0,0.0,0.0,0.0,0.0,0.0,0.0,0.0,0.0,0.0,0.0,0.0,0.0,0.0,0.0,0.0,0.0,0.0,0,0,0.0,0.0
KSGXQBZTULBEEQ,Venous Thromboembolism; Secondary Prevention,0,80.0,0.8029343088516327,0.8029343088516327,0.0,0.0,0.0,0.0,0.0,0.0,0.0,0.0,0.0,0.0,0.9238568413117675,0.9238568413117675,0.4027790681327526,0.4027790681327526,0.9238568413117675,1,1,0.0,0.0
KSGXQBZTULBEEQ,Stroke; Secondary Prevention,1,62.0,0.8280565108401714,0.8280565108401714,0.607930797611621,0.607930797611621,0.0,0.0,0.0,0.0,0.0,0.0,0.0,0.0,0.9216137440170787,0.9216137440170787,0.429610716158094,0.429610716158094,0.9216137440170787,1,1,0.0,0.0
NBRBXGKOEOGLOI,hepatitis C virus infection,0,86.0,0.0,0.0,0.0,0.0,0.0,0.0,0.0,0.0,0.0,0.0,0.0,0.0,0.0,0.0,0.0,0.0,0.0,0,0,4.472972972972968,0.0
DYDCPNMLZGFQTM,Skin and Subcutaneous Tissue Bacterial Infections; Skin Structures and Soft Tissue Infections,0,85.0,0.0,0.0,0.0,0.0,0.0,0.0,0.0,0.0,0.0,0.0,0.0,0.0,0.0,0.0,0.0,0.0,0.0,0,0,0.0,0.0
RHWKPHLQXYSBKR,HIV infection,0,92.0,0.0,0.0,0.0,0.0,0.0,0.0,0.0,0.0,0.0,0.0,0.0,0.0,0.0,0.0,0.0,0.0,0.0,0,0,20.058823529411768,-0.07569723439911848
ZCGNOVWYSGBHAU,influenza,1,68.0,0.0,0.0,0.0,0.0,0.0,0.0,0.0,0.0,0.0,0.0,0.0,0.0,0.0,0.0,0.0,0.0,0.0,0,0,0.0,0.0
GHASVSINZRGABV,Anal Cancer,0,65.0,0.0,0.0,0.0,0.0,0.0,0.0,0.0,0.0,0.0,0.0,0.0,0.0,0.0,0.0,0.0,0.0,0.0,0,0,6.5,0.0
JZUFKLXOESDKRF,heart failure,0,28.0,0.0,0.0,0.0,0.0,0.0,0.0,0.0,0.0,0.0,0.0,0.0,0.0,0.99552615344302,0.99552615344302,0.08000865566607801,0.08000865566607801,0.99552615344302,1,1,-11.0,0.04306317675730997
DOUYETYNHWVLEO,Anal Cancer,0,52.0,0.0,0.0,0.0,0.0,0.0,0.0,0.0,0.0,0.0,0.0,0.0,0.0,0.0,0.0,0.0,0.0,0.0,0,0,-6.5,0.0
JTEGQNOMFQHVDC,HIV infection,0,88.0,0.0,0.0,0.0,0.0,0.0,0.0,0.0,0.0,0.0,0.0,0.0,0.0,0.0,0.0,0.0,0.0,0.0,0,0,16.058823529411768,-0.07569723439911848
JTEGQNOMFQHVDC,HIV infection,0,88.0,0.0,0.0,0.0,0.0,0.0,0.0,0.0,0.0,0.0,0.0,0.0,0.0,0.0,0.0,0.0,0.0,0.0,0,0,16.058823529411768,-0.07569723439911848
USUZGMWDZDXMDG,Cushing syndrome,0,88.0,0.0,0.0,0.0,0.0,0.0,0.0,0.0,0.0,0.0,0.0,0.0,0.0,0.0,0.0,0.0,0.0,0.0,0,0,8.799999999999997,0.0
IYDYFVUFSPQPPV,Bloodstream Infections (BSI) Due to CRE; Hospital-Acquired Bacterial Pneumonia (HABP) Due to CRE; Ventilator-Associated Bacterial Pneumonia (VABP) Due to CRE; Complicated Urinary Tract Infection (cUTI) Due to CRE; Acute Pyelonephritis (AP) Due to CRE,0,80.0,0.0,0.0,0.0,0.0,0.0,0.0,0.0,0.0,0.0,0.0,0.0,0.0,0.0,0.0,0.0,0.0,0.0,0,0,0.0,0.0
NTHPAPBPFQJABD,Postoperative Nausea and Vomiting,0,70.0,0.0,0.0,0.0,0.0,0.0,0.0,0.0,0.0,0.0,0.0,0.0,0.0,0.9929196104576826,0.9929196104576826,0.0,0.0,0.9929196104576826,1,1,-1.0,0.0
IWUCXVSUMQZMFG,hepatitis C virus infection,0,70.0,0.0,0.0,0.0,0.0,0.0,0.0,0.0,0.0,0.0,0.0,0.0,0.0,0.0,0.0,0.0,0.0,0.0,0,0,-11.527027027027032,0.0
MFFMDFFZMYYVKS,Type 2 Diabetes,0,55.0,0.0,0.0,0.0,0.0,0.5511044663048749,0.5511044663048749,0.0,0.0,0.0,0.0,0.0,0.0,0.9981950138708703,0.9981950138708703,0.954188839355206,0.954188839355206,0.9981950138708703,1,1,-4.539473684210527,0.01805503837810929
OEKWJQXRCDYSHL,Acute Ischaemic Stroke; Transient Ischaemic Attack,1,60.0,0.0,0.0,0.0,0.0,0.0,0.0,0.0,0.0,0.0,0.0,0.0,0.0,0.682103257387594,0.682103257387594,0.4066089106318993,0.4066089106318993,0.682103257387594,1,1,0.0,0.0
LERNTVKEWCAPOY,chronic obstructive pulmonary disease,0,58.0,0.4341160287393241,0.21705801436966204,0.0,0.0,0.0,0.0,0.0,0.0,0.0,0.0,0.0,0.0,0.9983402173176782,0.994838712806341,0.13933559407821056,0.09469000810433788,0.9983402173176782,2,1,6.25,7.676919187005193e-05
GYDJEQRTZSCIOI,Blood Loss,0,76.0,0.0,0.0,0.0,0.0,0.0,0.0,0.0,0.0,0.0,0.0,0.0,0.0,0.0,0.0,0.0,0.0,0.0,0,0,0.0,0.0
MYPYJXKWCTUITO,Clostridium Difficile,0,86.0,0.0,0.0,0.0,0.0,0.0,0.0,0.0,0.0,0.0,0.0,0.0,0.0,0.0,0.0,0.0,0.0,0.0,0,0,0.0,0.0
ZAFYATHCZYHLPB,Parental/Caregiver Anxiety; Child's Anxiety,0,22.0,0.0,0.0,0.0,0.0,0.0,0.0,0.0,0.0,0.0,0.0,0.0,0.0,0.0,0.0,0.0,0.0,0.0,0,0,-18.0,0.0
UVIQSJCZCSLXRZ,Prostate Cancer,0,84.0,0.0,0.0,0.0,0.0,0.0,0.0,0.7599134970145264,0.7599134970145264,0.0,0.0,0.0,0.0,0.9722066556090688,0.9722066556090688,0.5249798737895077,0.5249798737895077,0.9722066556090688,1,1,24.75,0.11966508542652043
RZVAJINKPMORJF,Asthma; Wheezing,0,12.0,0.0,0.0,0.0,0.0,0.0,0.0,0.0,0.0,0.0123820786496205,0.00619103932481025,0.0,0.0,0.5462410199239819,0.5398239726158591,0.360055453210791,0.3092089614470059,0.5462410199239819,2,1,-23.0,-0.1508629388370275
LZCDAPDGXCYOEH,photoaging,0,58.0,0.0,0.0,0.0,0.0,0.0,0.0,0.0,0.0,0.0,0.0,0.0,0.0,0.0,0.0,0.0,0.0,0.0,0,0,-6.0,0.0
OIRDTQYFTABQOQ,coronary artery disease,0,28.0,0.2093235084560844,0.0523308771140211,0.0,0.0,0.0,0.0,0.0,0.0,0.0,0.0,0.0,0.0,0.632368553994688,0.594471734209602,0.5394705059361984,0.2159271642497631,0.632368553994688,4,1,-10.0,-0.06845757397201246
ULXXDDBFHOBEHA,Lung Cancer,0,80.0,0.9336832402296186,0.8023147388568665,0.607930797611621,0.607930797611621,0.0,0.0,0.9580964074361958,0.915823145885426,0.0,0.0,0.9409039510472654,0.8763923812552707,0.9960065980462496,0.988779651553428,0.9994311108906085,0.9958448484780085,0.9994311108906085,2,1,22.548387096774192,0.060296516869619676
ULXXDDBFHOBEHA,Cell Cancer,0,68.0,0.0,0.0,0.0,0.0,0.0,0.0,0.0,0.0,0.0,0.0,0.3039653988058105,0.3039653988058105,0.0,0.0,0.030396539880581056,0.030396539880581056,0.3039653988058105,1,1,-1.0,-0.11398702455217896
ULXXDDBFHOBEHA,Lung Cancer,0,80.0,0.9336832402296186,0.8023147388568665,0.607930797611621,0.607930797611621,0.0,0.0,0.9580964074361958,0.915823145885426,0.0,0.0,0.9409039510472654,0.8763923812552707,0.9960065980462496,0.988779651553428,0.9994311108906085,0.9958448484780085,0.9994311108906085,2,1,22.548387096774192,0.060296516869619676
HXHWSAZORRCQMX,Human Immunodeficiency Virus,0,12.0,0.0,0.0,0.0,0.0,0.0,0.0,0.0,0.0,0.0,0.0,0.0,0.0,0.5319394479101685,0.5319394479101685,0.02279740491043579,0.02279740491043579,0.5319394479101685,1,1,-30.75,0.39895458593262634
IDBPHNDTYPBSNI,Bronchoscopy; Conscious Sedation,0,62.0,0.0,0.0,0.0,0.0,0.0,0.0,0.0,0.0,0.0,0.0,0.0,0.0,0.0,0.0,0.0,0.0,0.0,0,0,0.0,0.0
ZSBOMTDTBDDKMP,Type 2 Diabetes,0,50.0,0.0,0.0,0.0,0.0,0.5511044663048749,0.5511044663048749,0.0,0.0,0.0,0.0,0.0,0.0,0.9981950138708703,0.9981950138708703,0.954188839355206,0.954188839355206,0.9981950138708703,1,1,-9.539473684210527,0.01805503837810929
LSQZJLSUYDQPKJ,Healthy,0,17.0,0.0,0.0,0.0,0.0,0.0,0.0,0.0,0.0,0.0,0.0,0.0,0.0,0.0,0.0,0.0,0.0,0.0,0,0,-34.25,0.0
LSQZJLSUYDQPKJ,Drug Resistant Malaria Due to Plasmodium Falciparum,0,10.0,0.0,0.0,0.0,0.0,0.0,0.0,0.0,0.0,0.0,0.0,0.0,0.0,0.0,0.0,0.0,0.0,0.0,0,0,-35.0,0.0
QNZCBYKSOIHPEH,Deep Vein Thrombosis; Pulmonary Embolism,0,84.0,0.0,0.0,0.0,0.0,0.0,0.0,0.0,0.0,0.0,0.0,0.0,0.0,0.9665946134356973,0.9665946134356973,0.28227941260734835,0.28227941260734835,0.9665946134356973,1,1,0.0,0.0
FIHJKUPKCHIPAT,malaria,0,89.0,0.0,0.0,0.0,0.0,0.0,0.0,0.0,0.0,0.0,0.0,0.0,0.0,0.0,0.0,0.0,0.0,0.0,0,0,4.333333333333329,0.0
OOUGLTULBSNHNF,"Muscular Dystrophy, Duchenne; Muscular Dystrophies; Muscular Disorders, Atrophic; Muscular Diseases; Musculoskeletal Diseases; Neuromuscular Diseases; Nervous System Diseases; Genetic Diseases, X-Linked; Genetic Diseases, Inborn",1,58.0,0.0,0.0,0.0,0.0,0.0,0.0,0.0,0.0,0.0,0.0,0.0,0.0,0.0,0.0,0.08966979264771412,0.08966979264771412,0.08966979264771412,1,1,0.0,0.0
METKIMKYRPQLGS,hemangioma,0,52.0,0.0,0.0,0.0,0.0,0.0,0.0,0.0,0.0,0.0,0.0,0.0,0.0,0.8824095948851877,0.8824095948851877,0.32523103809634013,0.32523103809634013,0.8824095948851877,1,1,0.0,0.0
XUKUURHRXDUEBC,Coronary Artery Disease,0,80.0,0.7512291716402865,0.7512291716402865,0.0,0.0,0.0,0.0,0.0,0.0,0.0,0.0,0.0,0.0,0.9959737802327127,0.9959737802327127,0.6511601462853147,0.6511601462853147,0.9959737802327127,1,1,20.799999999999997,0.03344915458089148
XUKUURHRXDUEBC,Hyperlipidemia or Mixed Dyslipidemia at High Risk for Cardiovascular Events,0,82.0,0.0,0.0,0.0,0.0,0.0,0.0,0.0,0.0,0.0,0.0,0.0,0.0,0.0,0.0,0.0,0.0,0.0,0,0,0.0,0.0
XUKUURHRXDUEBC,Heart Valve Diseases,0,28.0,0.0,0.0,0.0,0.0,0.0,0.0,0.0,0.0,0.0,0.0,0.0,0.0,0.0,0.0,0.0,0.0,0.0,0,0,0.0,0.0
LMEKQMALGUDUQG,Vasculitis,0,62.0,0.0,0.0,0.0,0.0,0.0,0.0,0.0,0.0,0.0,0.0,0.0,0.0,0.6058199267865807,0.6058199267865807,0.0,0.0,0.6058199267865807,1,1,0.0,0.0
LMEKQMALGUDUQG,Anti-Neutrophil Cytoplasmic Antibody-Associated Vasculitis; Microscopic Polyangiitis; Wegener Granulomatosis,0,68.0,0.0,0.0,0.0,0.0,0.0,0.0,0.0,0.0,0.0,0.0,0.0,0.0,0.5319394479101685,0.5319394479101685,0.0,0.0,0.5319394479101685,1,1,0.0,0.0
XUZMWHLSFXCVMG,Rheumatoid Arthritis,0,75.0,0.5377736259951232,0.5334575255952101,0.0,0.0,0.3603205837444078,0.3093759829045539,0.0,0.0,0.0,0.0,0.0,0.0,0.9916966583306238,0.9916874923317688,0.4508261645295845,0.414677358009404,0.9916966583306238,2,1,3.574468085106389,0.10284476801620901
XUZMWHLSFXCVMG,Rheumatoid Arthritis,0,75.0,0.5377736259951232,0.5334575255952101,0.0,0.0,0.3603205837444078,0.3093759829045539,0.0,0.0,0.0,0.0,0.0,0.0,0.9916966583306238,0.9916874923317688,0.4508261645295845,0.414677358009404,0.9916966583306238,2,1,3.574468085106389,0.10284476801620901
KUVIULQEHSCUHY,asthma,1,82.0,0.0,0.0,0.0,0.0,0.0,0.0,0.0,0.0,0.0,0.0,0.0,0.0,0.9988298364350643,0.9988298364350643,0.715329212260515,0.715329212260515,0.9988298364350643,1,1,16.125,0.06337853867771814
YBHILYKTIRIUTE,mixed dyslipidemia,0,38.0,0.0,0.0,0.0,0.0,0.0,0.0,0.0,0.0,0.0,0.0,0.0,0.0,0.0,0.0,0.0,0.0,0.0,0,0,-7.0,0.0
KWIUHFFTVRNATP,peroxisome biogenesis disorder,0,10.0,0.0,0.0,0.0,0.0,0.0,0.0,0.0,0.0,0.0,0.0,0.0,0.0,0.0,0.0,0.0,0.0,0.0,0,0,0.0,0.0
LKJPYSCBVHEWIU,Metastatic Prostate Cancer,0,82.0,0.0,0.0,0.0,0.0,0.0,0.0,0.0,0.0,0.0,0.0,0.0,0.0,0.6615859672044662,0.6615859672044662,0.2711130932831126,0.2711130932831126,0.6615859672044662,1,1,-2.0,0.0
LKJPYSCBVHEWIU,Prostate Cancer,0,87.0,0.8728762805808241,0.8728762805808241,0.0,0.0,0.0,0.0,0.9285669064556789,0.9285669064556789,0.0,0.0,0.8304717518195258,0.8304717518195258,0.9918367794935794,0.9918367794935794,0.995170788956094,0.995170788956094,0.995170788956094,1,1,27.75,0.14262921877354562
KHOITXIGCFIULA,chronic idiopathic constipation,0,68.0,0.0,0.0,0.0,0.0,0.0,0.0,0.0,0.0,0.0,0.0,0.0,0.0,0.0,0.0,0.0,0.0,0.0,0,0,-3.4285714285714306,0.0
LHHCSNFAOIFYRV,hepatitis C virus infection,0,86.0,0.0,0.0,0.0,0.0,0.0,0.0,0.0,0.0,0.0,0.0,0.0,0.0,0.0,0.0,0.0,0.0,0.0,0,0,4.472972972972968,0.0
ZKIAIYBUSXZPLP,schizophrenia,1,70.0,0.6560907249300643,0.21869690831002142,0.0,0.0,0.6454494156558882,0.3005235535632214,0.0,0.0,0.0,0.0,0.0,0.0,0.9994097502793402,0.9981739213465834,0.9231710917698762,0.6219826717632376,0.9994097502793402,3,1,7.350000000000001,0.027785375343797547
ZKIAIYBUSXZPLP,schizophrenia,0,70.0,0.6560907249300643,0.21869690831002142,0.0,0.0,0.6454494156558882,0.3005235535632214,0.0,0.0,0.0,0.0,0.0,0.0,0.9994097502793402,0.9981739213465834,0.9231710917698762,0.6219826717632376,0.9994097502793402,3,1,7.350000000000001,0.027785375343797547
ZKIAIYBUSXZPLP,Major Depressive Disorder,1,38.0,0.8596325137173666,0.46892341052260855,0.0,0.0,0.8033968449665265,0.6873280514617485,0.0,0.0,0.0,0.0,0.0,0.0,0.9971757307208892,0.9950650062502904,0.5891329294934124,0.5160127198239426,0.9971757307208892,3,1,-10.139534883720927,0.0023478414080478904
ZKIAIYBUSXZPLP,Major Depressive Disorder,0,38.0,0.8596325137173666,0.46892341052260855,0.0,0.0,0.8033968449665265,0.6873280514617485,0.0,0.0,0.0,0.0,0.0,0.0,0.9971757307208892,0.9950650062502904,0.5891329294934124,0.5160127198239426,0.9971757307208892,3,1,-10.139534883720927,0.0023478414080478904
ZKIAIYBUSXZPLP,Major Depressive Disorder,0,38.0,0.8596325137173666,0.46892341052260855,0.0,0.0,0.8033968449665265,0.6873280514617485,0.0,0.0,0.0,0.0,0.0,0.0,0.9971757307208892,0.9950650062502904,0.5891329294934124,0.5160127198239426,0.9971757307208892,3,1,-10.139534883720927,0.0023478414080478904
ZKIAIYBUSXZPLP,Major Depressive Disorder,0,38.0,0.8596325137173666,0.46892341052260855,0.0,0.0,0.8033968449665265,0.6873280514617485,0.0,0.0,0.0,0.0,0.0,0.0,0.9971757307208892,0.9950650062502904,0.5891329294934124,0.5160127198239426,0.9971757307208892,3,1,-10.139534883720927,0.0023478414080478904
ZKIAIYBUSXZPLP,Major Depressive Disorder,0,38.0,0.8596325137173666,0.46892341052260855,0.0,0.0,0.8033968449665265,0.6873280514617485,0.0,0.0,0.0,0.0,0.0,0.0,0.9971757307208892,0.9950650062502904,0.5891329294934124,0.5160127198239426,0.9971757307208892,3,1,-10.139534883720927,0.0023478414080478904
ZKIAIYBUSXZPLP,Major Depressive Disorder,0,38.0,0.8596325137173666,0.46892341052260855,0.0,0.0,0.8033968449665265,0.6873280514617485,0.0,0.0,0.0,0.0,0.0,0.0,0.9971757307208892,0.9950650062502904,0.5891329294934124,0.5160127198239426,0.9971757307208892,3,1,-10.139534883720927,0.0023478414080478904
ZKIAIYBUSXZPLP,schizophrenia,0,70.0,0.6560907249300643,0.21869690831002142,0.0,0.0,0.6454494156558882,0.3005235535632214,0.0,0.0,0.0,0.0,0.0,0.0,0.9994097502793402,0.9981739213465834,0.9231710917698762,0.6219826717632376,0.9994097502793402,3,1,7.350000000000001,0.027785375343797547
WXJFKKQWPMNTIM,cytomegalovirus infection,0,82.0,0.0,0.0,0.0,0.0,0.0,0.0,0.0,0.0,0.0,0.0,0.0,0.0,0.0,0.0,0.0,0.0,0.0,0,0,-6.0,0.0
LEBVLXFERQHONN,Chronic pain,0,35.0,0.0,0.0,0.0,0.0,0.0,0.0,0.0,0.0,0.0,0.0,0.0,0.0,0.6573039403127301,0.6573039403127301,0.0,0.0,0.6573039403127301,1,1,-7.666666666666664,-0.11310441883835953
LEBVLXFERQHONN,Chronic pain,0,35.0,0.0,0.0,0.0,0.0,0.0,0.0,0.0,0.0,0.0,0.0,0.0,0.0,0.6573039403127301,0.6573039403127301,0.0,0.0,0.6573039403127301,1,1,-7.666666666666664,-0.11310441883835953
LEBVLXFERQHONN,Functional Endoscopic Sinus Surgery (FESS),0,60.0,0.0,0.0,0.0,0.0,0.0,0.0,0.0,0.0,0.0,0.0,0.0,0.0,0.0,0.0,0.0,0.0,0.0,0,0,-12.0,0.0
RMRJXGBAOAMLHD,opioid use disorder,0,82.0,0.8551488348715596,0.4275744174357798,0.0,0.0,0.0,0.0,0.0,0.0,0.0,0.0,0.0,0.0,0.681410729297477,0.6811818436844136,0.15252944740803548,0.13436868757896736,0.8551488348715596,2,1,0.0,0.0
RMRJXGBAOAMLHD,opioid dependence,0,84.0,0.0,0.0,0.0,0.0,0.0,0.0,0.0,0.0,0.0,0.0,0.0,0.0,0.0,0.0,0.0,0.0,0.0,0,0,0.0,0.0
GMRQFYUYWCNGIN,facial angiofibroma,0,20.0,0.0,0.0,0.0,0.0,0.0,0.0,0.0,0.0,0.0,0.0,0.0,0.0,0.0,0.0,0.0,0.0,0.0,0,0,0.0,0.0
GAGWJHPBXLXJQN,Gastric Cancer,0,58.0,0.0,0.0,0.0,0.0,0.0,0.0,0.0,0.0,0.0,0.0,0.0,0.0,0.8793337821767572,0.8793337821767572,0.6865366626902423,0.6865366626902423,0.8793337821767572,1,1,-4.0,-0.01559400876673489
GAGWJHPBXLXJQN,Colorectal Cancer; Metastases,0,70.0,0.0,0.0,0.0,0.0,0.0,0.0,0.25229128100882275,0.25229128100882275,0.0,0.0,0.0,0.0,0.9841879182117216,0.9841879182117216,0.9020008314003113,0.9020008314003113,0.9841879182117216,1,1,0.0,0.0
GAGWJHPBXLXJQN,Colorectal Neoplasms; Neoplasm Metastasis; Intestinal Neoplasms; Gastrointestinal Neoplasms; Digestive System Neoplasms,0,75.0,0.0,0.0,0.0,0.0,0.0,0.0,0.25229128100882275,0.25229128100882275,0.0,0.0,0.0,0.0,0.9929143640788716,0.9929143640788716,0.9020123534439387,0.9020123534439387,0.9929143640788716,1,1,0.0,0.0
KPWSJANDNDDRMB,Major Depressive Disorder,0,38.0,0.8596325137173666,0.4298162568586833,0.0,0.0,0.6751831420974066,0.5945031261193743,0.0,0.0,0.0,0.0,0.0,0.0,0.9940285518421067,0.9853502868068297,0.508995189072585,0.4700723199354939,0.9940285518421067,2,1,-10.139534883720927,-0.0007993374707345735
OGHNVEJMJSYVRP,Breast Cancer; Heart Failure; Cardiotoxicity,0,48.0,0.0,0.0,0.0,0.0,0.0,0.0,0.0,0.0,0.0,0.0,0.0,0.0,0.0,0.0,0.0,0.0,0.0,0,0,0.0,0.0
RZEKVGVHFLEQIL,Osteoarthritis,0,45.0,0.0,0.0,0.0,0.0,0.0,0.0,0.0,0.0,0.04398940613060317,0.04398940613060317,0.0,0.0,0.9992920723058388,0.9992920723058388,0.39550523801329834,0.39550523801329834,0.9992920723058388,1,1,5.307692307692307,0.15727765034502972
VERWOWGGCGHDQE,Lung Cancer,0,68.0,0.0,0.0,0.0,0.0,0.0,0.0,0.979400228199195,0.32646674273306503,0.0,0.0,0.951883250002906,0.8399568594549133,0.9884617312605192,0.980142304871697,0.9977179089245308,0.9270803734462455,0.9977179089245308,3,1,10.548387096774192,0.05858331490354196
VERWOWGGCGHDQE,Non-Small Cell Lung Cancer,0,78.0,0.0,0.0,0.0,0.0,0.0,0.0,0.979400228199195,0.32646674273306503,0.0,0.0,0.951883250002906,0.8399568594549133,0.9884617312605192,0.980142304871697,0.9977179089245308,0.9270803734462455,0.9977179089245308,3,1,6.5,-0.0008566009830388577
JIVPVXMEBJLZRO,Hypertension; Kidney Transplantation,0,65.0,0.3099841877005166,0.3099841877005166,0.0,0.0,0.2520481086897781,0.2520481086897781,0.0,0.0,0.0,0.0,0.0,0.0,0.9987578896422389,0.9987578896422389,0.3725112433264773,0.3725112433264773,0.9987578896422389,1,1,0.0,0.0
QYSXJUFSXHHAJI,vitamin D deficiency,0,95.0,0.0,0.0,0.0,0.0,0.0,0.0,0.0,0.0,0.0,0.0,0.0,0.0,0.0,0.0,0.0,0.0,0.0,0,0,0.0,0.0
RRGUKTPIGVIEKM,vasospastic angina,0,42.0,0.0,0.0,0.0,0.0,0.0,0.0,0.0,0.0,0.0,0.0,0.0,0.0,0.0,0.0,0.0,0.0,0.0,0,0,-11.0,0.0
RRGUKTPIGVIEKM,vasospastic angina,0,42.0,0.0,0.0,0.0,0.0,0.0,0.0,0.0,0.0,0.0,0.0,0.0,0.0,0.0,0.0,0.0,0.0,0.0,0,0,-11.0,0.0
VDHAWDNDOKGFTD,Secondary Hyperparathyroidism; Chronic Kidney Disease,0,85.0,0.0,0.0,0.0,0.0,0.0,0.0,0.0,0.0,0.0,0.0,0.0,0.0,0.9732027998911369,0.9732027998911369,0.18277285104955376,0.18277285104955376,0.9732027998911369,1,1,0.0,0.0
YXSLJKQTIDHPOT,fasciculation,0,42.0,0.0,0.0,0.0,0.0,0.0,0.0,0.0,0.0,0.0,0.0,0.0,0.0,0.0,0.0,0.0,0.0,0.0,0,0,0.0,0.0
DGBIGWXXNGSACT,Status Epilepticus; Epilepsy,0,72.0,0.0,0.0,0.0,0.0,0.0,0.0,0.0,0.0,0.0,0.0,0.0,0.0,0.936804859312309,0.936804859312309,0.06079307976116211,0.008390711529535395,0.936804859312309,16,1,-4.0,0.20209496636906377
GJSURZIOUXUGAL,Is an Only Child,0,3.0,0.0,0.0,0.0,0.0,0.0,0.0,0.0,0.0,0.0,0.0,0.0,0.0,0.0,0.0,0.0,0.0,0.0,0,0,0.0,0.0
GJSURZIOUXUGAL,Negative Behaviour Change,0,45.0,0.0,0.0,0.0,0.0,0.0,0.0,0.0,0.0,0.0,0.0,0.0,0.0,0.0,0.0,0.0,0.0,0.0,0,0,0.0,0.0
GKTWGGQPFAXNFI,Carotid Artery Occlusion; Middle Cerebral Artery Occlusion; Stroke,0,65.0,0.0,0.0,0.0,0.0,0.0,0.0,0.0,0.0,0.0,0.0,0.0,0.0,0.0,0.0,0.0,0.0,0.0,0,0,0.0,0.0
VNFPBHJOKIVQEB,otomycosis,0,84.0,0.0,0.0,0.0,0.0,0.0,0.0,0.0,0.0,0.0,0.0,0.0,0.0,0.0,0.0,0.0,0.0,0.0,0,0,0.0,0.0
ITRJWOMZKQRYTA,ACE inhibitor-induced angioedema,0,20.0,0.0,0.0,0.0,0.0,0.0,0.0,0.0,0.0,0.0,0.0,0.0,0.0,0.0,0.0,0.0,0.0,0.0,0,0,0.0,0.0
FDKXTQMXEQVLRF,Metastatic Melanoma,0,38.0,0.0,0.0,0.0,0.0,0.0,0.0,0.0,0.0,0.0,0.0,0.0,0.0,0.0,0.0,0.0,0.0,0.0,0,0,-37.5,-0.6741335304020969
FDKXTQMXEQVLRF,positive Melanoma,0,37.0,0.0,0.0,0.0,0.0,0.0,0.0,0.0,0.0,0.0,0.0,0.0,0.0,0.0,0.0,0.0,0.0,0.0,0,0,-25.5,0.0
FKRSSPOQAMALKA,hepatitis C virus infection,0,88.0,0.0,0.0,0.0,0.0,0.0,0.0,0.0,0.0,0.0,0.0,0.0,0.0,0.0,0.0,0.0,0.0,0.0,0,0,6.472972972972968,0.0
DOAKLVKFURWEDJ,Acute Hematogenous Osteomyelitis,1,78.0,0.0,0.0,0.0,0.0,0.0,0.0,0.0,0.0,0.0,0.0,0.0,0.0,0.0,0.0,0.0,0.0,0.0,0,0,0.0,0.0
DYDCPNMLZGFQTM,Skin and Subcutaneous Tissue Bacterial Infections,0,84.0,0.0,0.0,0.0,0.0,0.0,0.0,0.0,0.0,0.0,0.0,0.0,0.0,0.0,0.0,0.0,0.0,0.0,0,0,0.0,0.0
JAUOIFJMECXRGI,urticaria,0,80.0,0.0,0.0,0.0,0.0,0.0,0.0,0.0,0.0,0.0,0.0,0.0,0.0,0.0,0.0,0.0,0.0,0.0,0,0,0.0,0.0
UREBDLICKHMUKA,Pelvic Organ Prolapse; PONV,1,50.0,0.0,0.0,0.0,0.0,0.0,0.0,0.0,0.0,0.0,0.0,0.0,0.0,0.42555155832813474,0.42555155832813474,0.0,0.0,0.42555155832813474,1,1,0.0,0.0
ZZVUWRFHKOJYTH,Acute Urticaria,0,76.0,0.0,0.0,0.0,0.0,0.0,0.0,0.0,0.0,0.0,0.0,0.0,0.0,0.0,0.0,0.0,0.0,0.0,0,0,0.0,0.0
ZEUITGRIYCTCEM,Back Pain Lower Back Chronic,0,42.0,0.0,0.0,0.0,0.0,0.0,0.0,0.0,0.0,0.0,0.0,0.0,0.0,0.0,0.0,0.0,0.0,0.0,0,0,0.0,0.0
ZEUITGRIYCTCEM,Back Pain Lower Back Chronic,0,42.0,0.0,0.0,0.0,0.0,0.0,0.0,0.0,0.0,0.0,0.0,0.0,0.0,0.0,0.0,0.0,0.0,0.0,0,0,0.0,0.0
ZEUITGRIYCTCEM,Osteoarthritis,0,42.0,0.0,0.0,0.0,0.0,0.0,0.0,0.0,0.0,0.0,0.0,0.0,0.0,0.6544906565781436,0.6363609445996468,0.012158615952232422,0.006079307976116211,0.6544906565781436,2,1,2.3076923076923066,-0.18752376538266546
SJVQHLPISAIATJ,Chronic Lymphocytic Leukemia; Small Lymphocytic Lymphoma,0,78.0,0.0,0.0,0.0,0.0,0.0,0.0,0.0,0.0,0.0,0.0,0.0,0.0,0.0,0.0,0.07278282604739131,0.07278282604739131,0.07278282604739131,2,1,-6.0,-0.2675739857821149
VLCYCQAOQCDTCN,Familial adenomatous polyposis,1,60.0,0.0,0.0,0.0,0.0,0.0,0.0,0.0,0.0,0.0,0.0,0.0,0.0,0.5319394479101685,0.5319394479101685,0.15929296385459354,0.15929296385459354,0.5319394479101685,1,1,0.0,0.0
OBWASQILIWPZMG,Type 2 Diabetes Mellitus,0,68.0,0.0,0.0,0.0,0.0,0.0,0.0,0.0,0.0,0.0,0.0,0.0,0.0,0.9974377552980216,0.9974377552980216,0.9481524627860095,0.9481524627860095,0.9974377552980216,1,1,2.7714285714285722,0.027735338757369
WXCXUHSOUPDCQV,Prostate Cancer,0,88.0,0.8728762805808241,0.8728762805808241,0.0,0.0,0.0,0.0,0.9285669064556789,0.9285669064556789,0.0,0.0,0.8304717518195258,0.8304717518195258,0.9918367794935794,0.9918367794935794,0.995170788956094,0.995170788956094,0.995170788956094,1,1,28.75,0.14262921877354562
UCTWMZQNUQWSLP,Uterine Myomas,0,30.0,0.0,0.0,0.0,0.0,0.0,0.0,0.0,0.0,0.0,0.0,0.0,0.0,0.0,0.0,0.0,0.0,0.0,0,0,0.0,0.0
JUKPWJGBANNWMW,Phospholamban R14del Mutation-related Cardiomyopathy,1,40.0,0.0,0.0,0.0,0.0,0.0,0.0,0.0,0.0,0.0,0.0,0.0,0.0,0.0,0.0,0.0,0.0,0.0,0,0,0.0,0.0
HLFSMUUOKPBTSM,complicated intra-abdominal infection,0,86.0,0.0,0.0,0.0,0.0,0.0,0.0,0.0,0.0,0.0,0.0,0.0,0.0,0.0,0.0,0.0,0.0,0.0,0,0,0.0,0.0
MCIACXAZCBVDEE,Type 2 Diabetes Mellitus,0,62.0,0.0,0.0,0.0,0.0,0.0,0.0,0.0,0.0,0.0,0.0,0.0,0.0,0.9974377552980216,0.9974377552980216,0.9481524627860095,0.9481524627860095,0.9974377552980216,1,1,-3.2285714285714278,0.027735338757369
WSEQXVZVJXJVFP,Dyspepsia; Anxiety; Depression,0,55.0,0.0,0.0,0.0,0.0,0.0,0.0,0.0,0.0,0.0,0.0,0.0,0.0,0.42707138532216377,0.42707138532216377,0.03343619386863916,0.03343619386863916,0.42707138532216377,1,1,0.0,0.0
SUBDBMMJDZJVOS,Bleeding; ERCP,1,58.0,0.0,0.0,0.0,0.0,0.255391728076642,0.127695864038321,0.0,0.0,0.0,0.0,0.0,0.0,0.8885271838590106,0.8885271838590106,0.17790381489609838,0.08895190744804919,0.8885271838590106,2,1,0.0,0.0
VOXZDWNPVJITMN,Menopause,0,87.0,0.0,0.0,0.0,0.0,0.0,0.0,0.0,0.0,0.0,0.0,0.0,0.0,0.9903904205462252,0.9903904205462252,0.04430802296592698,0.04430802296592698,0.9903904205462252,1,1,18.5,0.15677755909080437
OLNTVTPDXPETLC,Hyperlipidemia,0,76.0,0.7711237614866941,0.7711237614866941,0.0,0.0,0.46232246191858445,0.46232246191858445,0.0,0.0,0.0,0.0,0.0,0.0,0.980760716951711,0.980760716951711,0.17976663882879332,0.17976663882879332,0.980760716951711,1,1,-4.0,-0.005811749467150573
OLNTVTPDXPETLC,Hyperlipidemia,0,76.0,0.7711237614866941,0.7711237614866941,0.0,0.0,0.46232246191858445,0.46232246191858445,0.0,0.0,0.0,0.0,0.0,0.0,0.980760716951711,0.980760716951711,0.17976663882879332,0.17976663882879332,0.980760716951711,1,1,-4.0,-0.005811749467150573
OLNTVTPDXPETLC,Metabolic Syndrome X,0,40.0,0.0,0.0,0.0,0.0,0.0,0.0,0.0,0.0,0.0,0.0,0.0,0.0,0.0,0.0,0.0,0.0,0.0,0,0,0.0,0.0
PJMPHNIQZUBGLI,"Anesthetic, Sedative or Analgesic Complications in Labor or Delivery",0,76.0,0.0,0.0,0.0,0.0,0.0,0.0,0.0,0.0,0.0,0.0,0.0,0.0,0.0,0.0,0.0,0.0,0.0,0,0,0.0,0.0
RFHAOTPXVQNOHP,Fungal Infection; Hematopoietic and Lymphoid Cell Neoplasm,0,82.0,0.0,0.0,0.0,0.0,0.0,0.0,0.0,0.0,0.0,0.0,0.0,0.0,0.0,0.0,0.0,0.0,0.0,0,0,0.0,0.0
RFHAOTPXVQNOHP,Vulvovaginal Candidiasis,0,90.0,0.0,0.0,0.0,0.0,0.0,0.0,0.0,0.0,0.0,0.0,0.0,0.0,0.0,0.0,0.0,0.0,0.0,0,0,0.0,0.0
RFHAOTPXVQNOHP,Human Immunodeficiency Virus,0,52.0,0.0,0.0,0.0,0.0,0.0,0.0,0.0,0.0,0.0,0.0,0.0,0.0,0.0,0.0,0.0,0.0,0.0,0,0,9.25,-0.1329848619775421
RTHCYVBBDHJXIQ,Major Depressive Disorder,1,58.0,0.0,0.0,0.0,0.0,0.663267698464219,0.663267698464219,0.0,0.0,0.0,0.0,0.0,0.0,0.9994065355213364,0.9994065355213364,0.8034560660154578,0.8034560660154578,0.9994065355213364,1,1,9.860465116279073,0.00457864620849513
RTHCYVBBDHJXIQ,Major Depressive Disorder,0,58.0,0.0,0.0,0.0,0.0,0.663267698464219,0.663267698464219,0.0,0.0,0.0,0.0,0.0,0.0,0.9994065355213364,0.9994065355213364,0.8034560660154578,0.8034560660154578,0.9994065355213364,1,1,9.860465116279073,0.00457864620849513
WMWTYOKRWGGJOA,nasal polyps,0,68.0,0.0,0.0,0.0,0.0,0.0,0.0,0.0,0.0,0.0,0.0,0.0,0.0,0.0,0.0,0.3816342675403953,0.3816342675403953,0.3816342675403953,1,1,0.0,-5.551115123125783e-17
WMWTYOKRWGGJOA,chronic rhinosinusitis with nasal polyps,0,70.0,0.0,0.0,0.0,0.0,0.0,0.0,0.0,0.0,0.0,0.0,0.0,0.0,0.0,0.0,0.3816342675403953,0.3816342675403953,0.3816342675403953,1,1,-0.6666666666666714,-5.551115123125783e-17
WMWTYOKRWGGJOA,chronic rhinosinusitis with nasal polyps,0,70.0,0.0,0.0,0.0,0.0,0.0,0.0,0.0,0.0,0.0,0.0,0.0,0.0,0.0,0.0,0.3816342675403953,0.3816342675403953,0.3816342675403953,1,1,-0.6666666666666714,-5.551115123125783e-17
WMWTYOKRWGGJOA,nasal polyps,0,68.0,0.0,0.0,0.0,0.0,0.0,0.0,0.0,0.0,0.0,0.0,0.0,0.0,0.0,0.0,0.3816342675403953,0.3816342675403953,0.3816342675403953,1,1,0.0,-5.551115123125783e-17
OVBPIULPVIDEAO,contraception,0,8.0,0.0,0.0,0.0,0.0,0.0,0.0,0.0,0.0,0.0,0.0,0.0,0.0,0.0,0.0,0.0,0.0,0.0,0,0,-44.0,-0.6287550124908419
XWLUWCNOOVRFPX,Status Epilepticus; Epilepsy,0,80.0,0.0,0.0,0.0,0.0,0.0,0.0,0.0,0.0,0.0,0.0,0.0,0.0,0.5326149265741813,0.5326149265741813,0.14269486777272772,0.14269486777272772,0.5326149265741813,1,1,4.0,-0.20209496636906388
VWUXBMIQPBEWFH,Metastatic Breast Cancer,0,82.0,0.7362363711407216,0.7362363711407216,0.0,0.0,0.2784930983858836,0.2784930983858836,0.8492097570461924,0.8492097570461924,0.0,0.0,0.8496114818642673,0.8496114818642673,0.9932371323482767,0.9932371323482767,0.9993172641092537,0.9993172641092537,0.9993172641092537,1,1,16.933333333333337,0.007156634919012306
UGJMXCAKCUNAIE,Healthy,0,25.0,0.0,0.0,0.0,0.0,0.0,0.0,0.0,0.0,0.0,0.0,0.0,0.0,0.0,0.0,0.0,0.0,0.0,0,0,-26.25,0.0
XGALLCVXEZPNRQ,NSCLC,0,72.0,0.0,0.0,0.0,0.0,0.0,0.0,0.0,0.0,0.0,0.0,0.0,0.0,0.0,0.0,0.0,0.0,0.0,0,0,15.25,0.0
SDUQYLNIPVEERB,Lung Cancer,1,55.0,0.0,0.0,0.0,0.0,0.0,0.0,0.0,0.0,0.0,0.0,0.0,0.0,0.9717616148121468,0.9717616148121468,0.9077359535432145,0.9077359535432145,0.9717616148121468,1,1,-2.451612903225808,0.03262702079115798
WIGIZIANZCJQQY,Type 2 Diabetes,0,48.0,0.9356596165007461,0.9349191954104858,0.9066612367713315,0.8860591375189377,0.6047921859992851,0.30239609299964254,0.0,0.0,0.0,0.0,0.7133145042531812,0.6661430003140467,0.9984995303029797,0.9984995303029797,0.921228327080409,0.8332079592228658,0.9984995303029797,2,1,-11.539473684210527,0.01835955481021867
QWEWGXUTRTXFRF,"Diabetes Mellitus, Type 2",0,58.0,0.0,0.0,0.0,0.0,0.5511044663048749,0.5511044663048749,0.0,0.0,0.0,0.0,0.0,0.0,0.9981950138708703,0.9981950138708703,0.954188839355206,0.954188839355206,0.9981950138708703,1,1,-3.2727272727272734,0.0008432251253699397
LNEPOXFFQSENCJ,Delirium,0,38.0,0.0,0.0,0.0,0.0,0.0,0.0,0.0,0.0,0.0,0.0,0.0,0.0,0.6717792403438764,0.6647258277650561,0.1281017045625051,0.08252041149474652,0.6717792403438764,4,1,-0.5,0.07261390132983336
LNEPOXFFQSENCJ,Postoperative Confusion,0,35.0,0.0,0.0,0.0,0.0,0.0,0.0,0.0,0.0,0.0,0.0,0.0,0.0,0.0,0.0,0.0,0.0,0.0,0,0,0.0,0.0
JYGXADMDTFJGBT,Oral SubMucous Fibrosis,0,42.0,0.0,0.0,0.0,0.0,0.0,0.0,0.0,0.0,0.0,0.0,0.0,0.0,0.4483489632385705,0.4483489632385705,0.0,0.0,0.4483489632385705,1,1,0.0,0.0
VSNHCAURESNICA,Polycythemia Vera,0,65.0,0.11959339005341404,0.03986446335113802,0.0,0.0,0.0,0.0,0.0,0.0,0.0,0.0,0.0,0.0,0.6371442159342652,0.6371442159342652,0.0,0.0,0.6371442159342652,3,1,-9.75,-0.22804509416142904
XYFPWWZEPKGCCK,Chronic Lymphocytic Leukemia; Small Lymphocytic Lymphoma,0,90.0,0.0,0.0,0.0,0.0,0.0,0.0,0.0,0.0,0.0,0.0,0.607930797611621,0.607930797611621,0.17119162391077247,0.17119162391077247,0.0787776991905059,0.0787776991905059,0.607930797611621,1,1,6.0,0.2675739857821149
XYFPWWZEPKGCCK,Chronic Lymphocytic Leukemia,0,90.0,0.0,0.0,0.0,0.0,0.0,0.0,0.607930797611621,0.607930797611621,0.0,0.0,0.607930797611621,0.607930797611621,0.9866191875662546,0.9866191875662546,0.9290050201076685,0.9290050201076685,0.9866191875662546,1,1,3.0,0.038255701190744396
XYFPWWZEPKGCCK,Cell Lymphoma,0,70.0,0.0,0.0,0.0,0.0,0.0,0.0,0.607930797611621,0.607930797611621,0.0,0.0,0.4559480982087158,0.4559480982087158,0.9790244990922777,0.9790244990922777,0.7782577019255041,0.7782577019255041,0.9790244990922777,1,1,3.6666666666666714,0.3117857794954143
XYFPWWZEPKGCCK,Cell Lymphoma,1,70.0,0.0,0.0,0.0,0.0,0.0,0.0,0.607930797611621,0.607930797611621,0.0,0.0,0.4559480982087158,0.4559480982087158,0.9790244990922777,0.9790244990922777,0.7782577019255041,0.7782577019255041,0.9790244990922777,1,1,3.6666666666666714,0.3117857794954143
XYFPWWZEPKGCCK,Refractory Chronic Leukemia,0,83.0,0.0,0.0,0.0,0.0,0.0,0.0,0.0,0.0,0.0,0.0,0.0,0.0,0.0,0.0,0.0,0.0,0.0,0,0,0.0,0.0
HEFNNWSXXWATRW,Asthma; Wheezing,0,15.0,0.0,0.0,0.0,0.0,0.0,0.0,0.0,0.0,0.0123820786496205,0.00619103932481025,0.0,0.0,0.5462410199239819,0.5398239726158591,0.360055453210791,0.3092089614470059,0.5462410199239819,2,1,-20.0,-0.1508629388370275
HEFNNWSXXWATRW,PDA,0,90.0,0.0,0.0,0.0,0.0,0.0,0.0,0.0,0.0,0.0,0.0,0.0,0.0,0.0,0.0,0.0,0.0,0.0,0,0,0.0,0.0
DOUYETYNHWVLEO,cervical intraepithelial neoplasia,0,62.0,0.0,0.0,0.0,0.0,0.0,0.0,0.0,0.0,0.0,0.0,0.0,0.0,0.0,0.0,0.0,0.0,0.0,0,0,0.0,0.0
DOUYETYNHWVLEO,actinic keratosis,0,75.0,0.0,0.0,0.0,0.0,0.0,0.0,0.0,0.0,0.0,0.0,0.0,0.0,0.0,0.0,0.0,0.0,0.0,0,0,3.3333333333333286,0.0
QZZUEBNBZAPZLX,COPD,0,60.0,0.0,0.0,0.0,0.0,0.0,0.0,0.0,0.0,0.0,0.0,0.0,0.0,0.0,0.0,0.0,0.0,0.0,0,0,6.615384615384613,0.0
PIWKPBJCKXDKJR,Renal Function After Partial Nephrectomy,0,40.0,0.0,0.0,0.0,0.0,0.0,0.0,0.0,0.0,0.0,0.0,0.0,0.0,0.0,0.0,0.0,0.0,0.0,0,0,0.0,0.0
QRXWMOHMRWLFEY,Human Immunodeficiency Virus,0,20.0,0.0,0.0,0.0,0.0,0.0,0.0,0.0,0.0,0.0,0.0,0.0,0.0,0.0,0.0,0.0,0.0,0.0,0,0,-22.75,-0.1329848619775421
PURKAOJPTOLRMP,cystic fibrosis,0,85.0,0.9678729716442139,0.9678729716442139,0.8773170744461322,0.8773170744461322,0.43591187534835524,0.43591187534835524,0.9285669064556789,0.9285669064556789,0.0,0.0,0.0,0.0,0.9904941908672886,0.9904941908672886,0.9950080483633249,0.9950080483633249,0.9950080483633249,1,1,0.5,0.0
PURKAOJPTOLRMP,cystic fibrosis,0,85.0,0.9678729716442139,0.9678729716442139,0.8773170744461322,0.8773170744461322,0.43591187534835524,0.43591187534835524,0.9285669064556789,0.9285669064556789,0.0,0.0,0.0,0.0,0.9904941908672886,0.9904941908672886,0.9950080483633249,0.9950080483633249,0.9950080483633249,1,1,0.5,0.0
PURKAOJPTOLRMP,cystic fibrosis,0,85.0,0.9678729716442139,0.9678729716442139,0.8773170744461322,0.8773170744461322,0.43591187534835524,0.43591187534835524,0.9285669064556789,0.9285669064556789,0.0,0.0,0.0,0.0,0.9904941908672886,0.9904941908672886,0.9950080483633249,0.9950080483633249,0.9950080483633249,1,1,0.5,0.0
PURKAOJPTOLRMP,cystic fibrosis,0,85.0,0.9678729716442139,0.9678729716442139,0.8773170744461322,0.8773170744461322,0.43591187534835524,0.43591187534835524,0.9285669064556789,0.9285669064556789,0.0,0.0,0.0,0.0,0.9904941908672886,0.9904941908672886,0.9950080483633249,0.9950080483633249,0.9950080483633249,1,1,0.5,0.0
PURKAOJPTOLRMP,cystic fibrosis,0,85.0,0.9678729716442139,0.9678729716442139,0.8773170744461322,0.8773170744461322,0.43591187534835524,0.43591187534835524,0.9285669064556789,0.9285669064556789,0.0,0.0,0.0,0.0,0.9904941908672886,0.9904941908672886,0.9950080483633249,0.9950080483633249,0.9950080483633249,1,1,0.5,0.0
PURKAOJPTOLRMP,cystic fibrosis,0,85.0,0.9678729716442139,0.9678729716442139,0.8773170744461322,0.8773170744461322,0.43591187534835524,0.43591187534835524,0.9285669064556789,0.9285669064556789,0.0,0.0,0.0,0.0,0.9904941908672886,0.9904941908672886,0.9950080483633249,0.9950080483633249,0.9950080483633249,1,1,0.5,0.0
PURKAOJPTOLRMP,cystic fibrosis,0,85.0,0.9678729716442139,0.9678729716442139,0.8773170744461322,0.8773170744461322,0.43591187534835524,0.43591187534835524,0.9285669064556789,0.9285669064556789,0.0,0.0,0.0,0.0,0.9904941908672886,0.9904941908672886,0.9950080483633249,0.9950080483633249,0.9950080483633249,1,1,0.5,0.0
YQEZLKZALYSWHR,Epidural Catheterization; Thoracic; Procedural Pain,0,58.0,0.0,0.0,0.0,0.0,0.0,0.0,0.0,0.0,0.0,0.0,0.0,0.0,0.0,0.0,0.0,0.0,0.0,0,0,0.0,0.0
VPPJLAIAVCUEMN,epilepsy,0,70.0,0.9750159084988218,0.4809470993610886,0.9198250332960655,0.41986048972501305,0.892851891179099,0.35841935486105775,0.0,0.0,0.0,0.0,0.547137717850459,0.0547137717850459,0.9987671453597234,0.9987670018184562,0.9683402365211742,0.4103610136791661,0.9987671453597234,10,1,4.181818181818187,0.027111982914907573
VPPJLAIAVCUEMN,epilepsy,0,70.0,0.9750159084988218,0.4809470993610886,0.9198250332960655,0.41986048972501305,0.892851891179099,0.35841935486105775,0.0,0.0,0.0,0.0,0.547137717850459,0.0547137717850459,0.9987671453597234,0.9987670018184562,0.9683402365211742,0.4103610136791661,0.9987671453597234,10,1,4.181818181818187,0.027111982914907573
PYZRQGJRPPTADH,Dystrophia Myotonica Type 1; Myotonia Congenita; Paramyotonia Congenita; Hyperkalemic Periodic Paralysis; Potassium-Aggravated Myotonia,0,72.0,0.0,0.0,0.0,0.0,0.0,0.0,0.0,0.0,0.0,0.0,0.0,0.0,0.42555155832813474,0.42555155832813474,0.18076994610658087,0.03431381299686846,0.42555155832813474,10,1,0.0,0.0
GOTYRUGSSMKFNF,Mantle Cell Lymphoma,0,62.0,0.0,0.0,0.0,0.0,0.0,0.0,0.0,0.0,0.0,0.0,0.0,0.0,0.8973559279737194,0.8973559279737194,0.2933907803206884,0.08550631103240451,0.8973559279737194,4,1,0.0,0.0
GOTYRUGSSMKFNF,Follicular Lymphoma,0,60.0,0.0,0.0,0.0,0.0,0.0,0.0,0.0,0.0,0.0,0.0,0.0,0.0,0.9251458279126831,0.9251458279126831,0.01823792392834863,0.0045594809820871576,0.9251458279126831,4,1,-3.3333333333333357,0.09945314387853843
WOSKHXYHFSIKNG,Hepatocellular Carcinoma,0,67.0,0.42555155832813474,0.20264359920387368,0.0,0.0,0.0,0.0,0.2680974724704371,0.08936582415681237,0.11247451806008119,0.037491506020027064,0.5319394479101685,0.48127854810920007,0.9796514539477469,0.8712117578145313,0.887353042399616,0.7235730329479707,0.9796514539477469,3,1,0.0,0.0
FGQFOYHRJSUHMR,gout,0,73.0,0.9214621954515188,0.9214621954515188,0.0,0.0,0.0,0.0,0.0,0.0,0.0,0.0,0.0,0.0,0.9605945319042539,0.9605945319042539,0.8072547140869234,0.8072547140869234,0.9605945319042539,1,1,-3.75,-0.010618201116987858
HPJKCIUCZWXJDR,Advanced Breast Cancer,0,80.0,0.0,0.0,0.0,0.0,0.0,0.0,0.0,0.0,0.0,0.0,0.0,0.0,0.9967339872687344,0.9967339872687344,0.9867926212379414,0.9867926212379414,0.9967339872687344,1,1,2.5454545454545467,0.0026122957498712074
HPJKCIUCZWXJDR,Infertility,0,70.0,0.8746350992837021,0.8746350992837021,0.7295169571339454,0.7295169571339454,0.5865740528646529,0.5865740528646529,0.0,0.0,0.0,0.0,0.0,0.0,0.6685770010911358,0.6685770010911358,0.7322271658435431,0.7322271658435431,0.8746350992837021,1,1,7.5,-0.0509469272027675
HPHUVLMMVZITSG,Epilepsy; Partial Seizures,0,70.0,0.7568738430264683,0.6824023203190447,0.0,0.0,0.3359425587601818,0.1679712793800909,0.0,0.0,0.0,0.0,0.0,0.0,0.9982375811180926,0.997626180307403,0.5824175393623507,0.33049698650213577,0.9982375811180926,2,1,0.0,1.1102230246251565e-16
HPHUVLMMVZITSG,Epilepsy; Partial Seizures,0,70.0,0.7568738430264683,0.6824023203190447,0.0,0.0,0.3359425587601818,0.1679712793800909,0.0,0.0,0.0,0.0,0.0,0.0,0.9982375811180926,0.997626180307403,0.5824175393623507,0.33049698650213577,0.9982375811180926,2,1,0.0,1.1102230246251565e-16
NNJVILVZKWQKPM,Postoperative Pain,0,65.0,0.0,0.0,0.0,0.0,0.0,0.0,0.0,0.0,0.0,0.0,0.0,0.0,0.0,0.0,0.0,0.0,0.0,0,0,4.777777777777779,0.0
LTXREWYXXSTFRX,Type 2 Diabetes,0,65.0,0.0,0.0,0.0,0.0,0.5511044663048749,0.5511044663048749,0.0,0.0,0.0,0.0,0.0,0.0,0.9981950138708703,0.9981950138708703,0.954188839355206,0.954188839355206,0.9981950138708703,1,1,5.460526315789473,0.01805503837810929
LTXREWYXXSTFRX,Arterial Hypertension; Albuminuria,0,30.0,0.0,0.0,0.0,0.0,0.0,0.0,0.0,0.0,0.0,0.0,0.0,0.0,0.0,0.0,0.0,0.0,0.0,0,0,0.0,0.0
TYZROVQLWOKYKF,skin infection,0,87.0,0.0,0.0,0.0,0.0,0.0,0.0,0.0,0.0,0.0,0.0,0.0,0.0,0.0,0.0,0.0,0.0,0.0,0,0,0.0,0.0
DIWRORZWFLOCLC,Peripheral Vertigo.,0,33.0,0.0,0.0,0.0,0.0,0.0,0.0,0.0,0.0,0.0,0.0,0.0,0.0,0.0,0.0,0.0,0.0,0.0,0,0,-1.0,0.0
PSIFNNKUMBGKDQ,Newly-diagnosed Glioblastoma,1,18.0,0.0,0.0,0.0,0.0,0.0,0.0,0.0,0.0,0.0,0.0,0.0,0.0,0.0,0.0,0.0,0.0,0.0,0,0,0.0,0.0
DMKSVUSAATWOCU,cataract,0,15.0,0.0,0.0,0.0,0.0,0.0,0.0,0.0,0.0,0.0,0.0,0.0,0.0,0.6847307744165831,0.6847307744165831,0.03330521648789523,0.03330521648789523,0.6847307744165831,1,1,-7.5,-0.009752658590393093
YMBXTVYHTMGZDW,Fever,0,70.0,0.0,0.0,0.0,0.0,0.0,0.0,0.0,0.0,0.0,0.0,0.0,0.0,0.9945669043954367,0.9944914305399194,0.1211638993808519,0.07327925987720867,0.9945669043954367,2,1,-6.0,0.0
WGFOBBZOWHGYQH,chronic idiopathic constipation,1,72.0,0.0,0.0,0.0,0.0,0.0,0.0,0.0,0.0,0.0,0.0,0.0,0.0,0.0,0.0,0.0,0.0,0.0,0,0,0.5714285714285694,0.0
WGFOBBZOWHGYQH,functional constipation,1,72.0,0.0,0.0,0.0,0.0,0.0,0.0,0.0,0.0,0.0,0.0,0.0,0.0,0.0,0.0,0.0,0.0,0.0,0,0,-1.0,0.0
UFSKUSARDNFIRC,cystic fibrosis,0,80.0,0.9678729716442139,0.9678729716442139,0.8773170744461322,0.8773170744461322,0.43591187534835524,0.43591187534835524,0.9285669064556789,0.9285669064556789,0.0,0.0,0.0,0.0,0.9904941908672886,0.9904941908672886,0.9950080483633249,0.9950080483633249,0.9950080483633249,1,1,-4.5,0.0
JGCMEBMXRHSZKX,Pulmonary Arterial Hypertension,0,78.0,0.0,0.0,0.0,0.0,0.0,0.0,0.0,0.0,0.0,0.0,0.0,0.0,0.9887985627672249,0.9887915906912348,0.4125644371854152,0.4102810461091848,0.9887985627672249,2,1,3.714285714285708,0.0331227594886212
SGDBTWWWUNNDEQ,Multiple Myeloma,0,78.0,0.0,0.0,0.0,0.0,0.0,0.0,0.0,0.0,0.0,0.0,0.0,0.0,0.0,0.0,0.0,0.0,0.0,0,0,6.36363636363636,-0.8367185672582028
INWLQCZOYSRPNW,Insertion of Intrauterine Contraception,0,58.0,0.0,0.0,0.0,0.0,0.0,0.0,0.0,0.0,0.0,0.0,0.0,0.0,0.0,0.0,0.0,0.0,0.0,0,0,0.0,0.0
XZWYZXLIPXDOLR,Obesity,0,28.0,0.0,0.0,0.0,0.0,0.0,0.0,0.0,0.0,0.0,0.0,0.0,0.0,0.6569410581823159,0.6569410581823159,0.17057514624026926,0.17057514624026926,0.6569410581823159,1,1,-1.0,-0.2049464251478883
XZWYZXLIPXDOLR,Endometrial Cancer,0,30.0,0.0,0.0,0.0,0.0,0.0,0.0,0.0,0.0,0.0,0.0,0.0,0.0,0.4834799279057385,0.4834799279057385,0.01823792392834863,0.01823792392834863,0.4834799279057385,1,1,-11.666666666666664,0.15975039929504198
XZWYZXLIPXDOLR,Prediabetes; Type 2 Diabetes,1,82.0,0.0,0.0,0.0,0.0,0.0,0.0,0.0,0.0,0.0,0.0,0.0,0.0,0.6514462239067103,0.6514462239067103,0.0,0.0,0.6514462239067103,1,1,0.0,0.0
XZWYZXLIPXDOLR,Type 2 Diabetes Mellitus,0,78.0,0.0,0.0,0.3039653988058105,0.3039653988058105,0.0,0.0,0.0,0.0,0.0,0.0,0.0,0.0,0.9986081372456911,0.9986081372456911,0.17827377545849124,0.17827377545849124,0.9986081372456911,1,1,12.771428571428572,0.028905720705038496
XZWYZXLIPXDOLR,Type 1 Diabetes,0,28.0,0.0,0.0,0.0,0.0,0.0,0.0,0.0,0.0,0.0,0.0,0.0,0.0,0.6427660249683012,0.6427660249683012,0.0667035180712751,0.0667035180712751,0.6427660249683012,1,1,-4.299999999999997,-0.03875712480171423
XZWYZXLIPXDOLR,Overweight; Autism Spectrum Disorder,0,18.0,0.0,0.0,0.0,0.0,0.0,0.0,0.0,0.0,0.0,0.0,0.0,0.0,0.0,0.0,0.0,0.0,0.0,0,0,0.0,0.0
XZWYZXLIPXDOLR,Type 2 Diabetes Mellitus,0,78.0,0.0,0.0,0.3039653988058105,0.3039653988058105,0.0,0.0,0.0,0.0,0.0,0.0,0.0,0.0,0.9986081372456911,0.9986081372456911,0.17827377545849124,0.17827377545849124,0.9986081372456911,1,1,12.771428571428572,0.028905720705038496
XZWYZXLIPXDOLR,Hypogonadism; Obesity,0,28.0,0.0,0.0,0.0,0.0,0.0,0.0,0.0,0.0,0.0,0.0,0.0,0.0,0.0,0.0,0.0,0.0,0.0,0,0,0.0,0.0
XZWYZXLIPXDOLR,Metabolic Syndrome,0,65.0,0.0,0.0,0.0,0.0,0.0,0.0,0.0,0.0,0.0,0.0,0.0,0.0,0.6487793307600062,0.6487793307600062,0.03343619386863916,0.03343619386863916,0.6487793307600062,1,1,0.0,0.0
XZWYZXLIPXDOLR,Metabolic Syndrome,0,65.0,0.0,0.0,0.0,0.0,0.0,0.0,0.0,0.0,0.0,0.0,0.0,0.0,0.6487793307600062,0.6487793307600062,0.03343619386863916,0.03343619386863916,0.6487793307600062,1,1,0.0,0.0
USSIQXCVUWKGNF,neonatal abstinence syndrome,0,82.0,0.0,0.0,0.0,0.0,0.0,0.0,0.0,0.0,0.0,0.0,0.0,0.0,0.6100838609630753,0.6100838609630753,0.20820585113917273,0.20820585113917273,0.6100838609630753,1,1,16.0,0.0702181055499238
FBOZXECLQNJBKD,Cardiovascular Disease,1,25.0,0.0,0.0,0.0,0.0,0.0,0.0,0.0,0.0,0.0,0.0,0.0,0.0,0.0,0.0,0.0,0.0,0.0,0,0,0.0,0.0
FBOZXECLQNJBKD,Uveitis,0,68.0,0.0,0.0,0.0,0.0,0.0,0.0,0.0,0.0,0.0,0.0,0.0,0.0,0.5868220893612175,0.5868220893612175,0.0,0.0,0.5868220893612175,1,1,-2.0,-0.14142808154578346
FBOZXECLQNJBKD,Neck Cancer,0,48.0,0.0,0.0,0.0,0.0,0.0,0.0,0.0,0.0,0.0,0.0,0.0,0.0,0.0,0.0,0.0,0.0,0.0,0,0,2.0,0.0
FBOZXECLQNJBKD,Psoriasis Vulgaris,0,72.0,0.0,0.0,0.0,0.0,0.0,0.0,0.0,0.0,0.0,0.0,0.0,0.0,0.4559480982087158,0.4559480982087158,0.0,0.0,0.4559480982087158,1,1,0.0,0.0
VHRSUDSXCMQTMA,Thyroid-associated Ophthalmopathy; Dry Eye Syndrome,0,66.0,0.0,0.0,0.0,0.0,0.0,0.0,0.0,0.0,0.0,0.0,0.0,0.0,0.4305142890105526,0.4305142890105526,0.07052503861292814,0.07052503861292814,0.4305142890105526,1,1,0.0,0.0
VAOCPAMSLUNLGC,Complicated Urinary Tract Infection; Complicated Intra-abdominal Infection,0,68.0,0.0,0.0,0.0,0.0,0.0,0.0,0.0,0.0,0.0,0.0,0.0,0.0,0.0,0.0,0.0,0.0,0.0,0,0,0.0,0.0
VAOCPAMSLUNLGC,Hemorrhoids,0,20.0,0.0,0.0,0.0,0.0,0.0,0.0,0.0,0.0,0.0,0.0,0.0,0.0,0.0,0.0,0.0,0.0,0.0,0,0,0.0,0.0
PBAPPPCECJKMCM,Urinary Bladder Overactive; Urinary Bladder Diseases\Urologic Diseases; Overactive Bladder; Urgency Incontinence,0,78.0,0.0,0.0,0.0,0.0,0.0,0.0,0.0,0.0,0.0,0.0,0.0,0.0,0.9856722294271968,0.9856722294271968,0.7992241844736909,0.7992241844736909,0.9856722294271968,1,1,0.0,0.0
PBAPPPCECJKMCM,Overactive Bladder; Urinary Incontinence,0,68.0,0.0,0.0,0.0,0.0,0.0,0.0,0.0,0.0,0.0,0.0,0.0,0.0,0.0,0.0,0.0,0.0,0.0,0,0,0.0,0.0
OJLOPKGSLYJEMD,Pre-eclampsia; Fetus or Newborn; Effects of Induction of Labor,0,75.0,0.0,0.0,0.0,0.0,0.0,0.0,0.0,0.0,0.0,0.0,0.0,0.0,0.0,0.0,0.0,0.0,0.0,0,0,0.0,0.0
OJLOPKGSLYJEMD,uterine fibroids,0,17.0,0.0,0.0,0.0,0.0,0.0,0.0,0.0,0.0,0.0,0.0,0.0,0.0,0.0,0.0,0.0,0.0,0.0,0,0,1.25,0.0
ZVHNDZWQTBEVRY,Primary Myelofibrosis; Post-Polycythemia Vera Myelofibrosis; Post-Essential Thrombocythemia Myelofibrosis,0,78.0,0.642191918594726,0.321095959297363,0.0,0.0,0.4605686255750631,0.23028431278753156,0.0,0.0,0.0,0.0,0.5532170258265751,0.27660851291328753,0.9362491763146876,0.8859061875429544,0.3286492657522898,0.2014407734298826,0.9362491763146876,2,1,0.0,0.0
FABPRXSRWADJSP,Community-acquired Bacterial Pneumonia,0,82.0,0.0,0.0,0.0,0.0,0.0,0.0,0.0,0.0,0.0,0.0,0.0,0.0,0.0,0.0,0.0,0.0,0.0,0,0,0.0,0.0
RTGDFNSFWBGLEC,Chronic Inflammatory Demyelinating Polyradiculopathy,0,50.0,0.0,0.0,0.0,0.0,0.0,0.0,0.0,0.0,0.0,0.0,0.0,0.0,0.0,0.0,0.0,0.0,0.0,0,0,0.0,0.0
RTGDFNSFWBGLEC,Uveitis,0,64.0,0.0,0.0,0.0,0.0,0.3410491774601195,0.17052458873005974,0.0,0.0,0.0,0.0,0.0,0.0,0.6060630991056253,0.6060630991056253,0.0,0.0,0.6060630991056253,2,1,-6.0,-0.12218707180137567
DQCKKXVULJGBQN,Alcohol Dependence,0,62.0,0.0,0.0,0.0,0.0,0.0,0.0,0.0,0.0,0.0,0.0,0.0,0.0,0.9891797739573457,0.989167422268412,0.38438721356262,0.2553162418985566,0.9891797739573457,3,1,0.0,0.0
KOHIRBRYDXPAMZ,Hypertension,0,58.0,0.8932398545824125,0.8932398545824125,0.0,0.0,0.0,0.0,0.0,0.0,0.0,0.0,0.0,0.0,0.9989120439818553,0.9989120439818553,0.5661989056697972,0.5661989056697972,0.9989120439818553,1,1,-10.583333333333329,0.03381602592410715
HHZIURLSWUIHRB,Philadelphia Chromosome Positive (PH+) Chronic Myelogenous Leukemia in Chronic Phase (CML-CP),0,97.0,0.7960994423714745,0.7960994423714745,0.607930797611621,0.607930797611621,0.0,0.0,0.9671529481664186,0.9671529481664186,0.0,0.0,0.7234376491578292,0.7234376491578292,0.9944055785934346,0.9944055785934346,0.9910280948409712,0.9910280948409712,0.9944055785934346,1,1,0.0,0.0
XZXHXSATPCNXJR,Idiopathic Pulmonary Fibrosis,0,72.0,0.0,0.0,0.0,0.0,0.0,0.0,0.0,0.0,0.0,0.0,0.0,0.0,0.9625742358297891,0.9625742358297891,0.25695714988049195,0.1837669487697217,0.9625742358297891,3,1,9.0,0.48128711791489454
YQNQNVDNTFHQSW,Influenza,0,42.0,0.0,0.0,0.0,0.0,0.0,0.0,0.0,0.0,0.0,0.0,0.0,0.0,0.0,0.0,0.0,0.0,0.0,0,0,-9.0,0.0
FDLYAMZZIXQODN,Advanced Gastric Cancer,0,38.0,0.0,0.0,0.0,0.0,0.0,0.0,0.0,0.0,0.0,0.0,0.0,0.0,0.0,0.0,0.0,0.0,0.0,0,0,-14.666666666666664,-0.5862225214511715
MKMPWKUAHLTIBJ,Type 2 Diabetes Mellitus,0,58.0,0.0,0.0,0.0,0.0,0.5511044663048749,0.5511044663048749,0.0,0.0,0.0,0.0,0.0,0.0,0.9981950138708703,0.9981950138708703,0.954188839355206,0.954188839355206,0.9981950138708703,1,1,-7.228571428571428,0.028492597330217695
MKMPWKUAHLTIBJ,Type 2 Diabetes Mellitus,1,58.0,0.0,0.0,0.0,0.0,0.5511044663048749,0.5511044663048749,0.0,0.0,0.0,0.0,0.0,0.0,0.9981950138708703,0.9981950138708703,0.954188839355206,0.954188839355206,0.9981950138708703,1,1,-7.228571428571428,0.028492597330217695
MKMPWKUAHLTIBJ,Type 2 Diabetes Mellitus,0,58.0,0.0,0.0,0.0,0.0,0.5511044663048749,0.5511044663048749,0.0,0.0,0.0,0.0,0.0,0.0,0.9981950138708703,0.9981950138708703,0.954188839355206,0.954188839355206,0.9981950138708703,1,1,-7.228571428571428,0.028492597330217695
SUBDBMMJDZJVOS,Myocardial Injury After Noncardiac Surgery (MINS),0,5.0,0.0,0.0,0.0,0.0,0.0,0.0,0.0,0.0,0.0,0.0,0.0,0.0,0.0,0.0,0.0,0.0,0.0,0,0,0.0,0.0
XIQVNETUBQGFHX,hyperhidrosis,0,48.0,0.0,0.0,0.0,0.0,0.0,0.0,0.0,0.0,0.0,0.0,0.0,0.0,0.0,0.0,0.0,0.0,0.0,0,0,0.0,0.0
XIQVNETUBQGFHX,nocturnal enuresis,0,43.0,0.0,0.0,0.0,0.0,0.0,0.0,0.0,0.0,0.0,0.0,0.0,0.0,0.0,0.0,0.0,0.0,0.0,0,0,0.0,0.0
XRVDGNKRPOAQTN,Multiple Sclerosis,0,75.0,0.033626260204567195,0.033626260204567195,0.0,0.0,0.0,0.0,0.0,0.0,0.0,0.0,0.0,0.0,0.9874451726464155,0.9874451726464155,0.06364916787562606,0.06364916787562606,0.9874451726464155,1,1,17.476190476190474,0.1707552843858271
RCINICONZNJXQF,Advanced Lung Cancer,0,55.0,0.0,0.0,0.0,0.0,0.0,0.0,0.0,0.0,0.1431963198319518,0.00954642132213012,0.0,0.0,0.4993612907582411,0.49936129075824104,0.372104309038113,0.028758504120349738,0.4993612907582411,15,1,0.0,0.0
RCINICONZNJXQF,Breast Cancer,0,73.0,0.0,0.0,0.0,0.0,0.0,0.0,0.0,0.0,0.0,0.0,0.0,0.0,0.9958826872684627,0.9958826606132426,0.7189793669490522,0.3061028748634998,0.9958826872684627,15,1,15.524999999999999,0.2503486472302925
RCINICONZNJXQF,Gastric Cancer,0,68.0,0.0,0.0,0.0,0.0,0.0,0.0,0.25229128100882275,0.016819418733921516,0.0,0.0,0.0,0.0,0.9183188040935945,0.9183188040935945,0.6372597971585934,0.1543697581249394,0.9183188040935945,15,1,6.0,0.02339101315010239
RCINICONZNJXQF,Breast Cancer,0,73.0,0.0,0.0,0.0,0.0,0.0,0.0,0.0,0.0,0.0,0.0,0.0,0.0,0.9958826872684627,0.9958826606132426,0.7189793669490522,0.3061028748634998,0.9958826872684627,15,1,15.524999999999999,0.2503486472302925
RCINICONZNJXQF,Breast Cancer,0,73.0,0.0,0.0,0.0,0.0,0.0,0.0,0.0,0.0,0.0,0.0,0.0,0.0,0.9958826872684627,0.9958826606132426,0.7189793669490522,0.3061028748634998,0.9958826872684627,15,1,15.524999999999999,0.2503486472302925
RCINICONZNJXQF,Lung Cancer,0,63.0,0.0,0.0,0.0,0.0,0.0,0.0,0.0,0.0,0.0,0.0,0.0,0.0,0.9941983815907179,0.9941983392277063,0.7481489379607551,0.2544792044528911,0.9941983815907179,15,1,5.548387096774192,0.05506378756972907
RCINICONZNJXQF,Metastatic Breast Cancer,0,58.0,0.0,0.0,0.0,0.0,0.0,0.0,0.0,0.0,0.0,0.0,0.0,0.0,0.9958826872684627,0.9958826606132426,0.7189793669490522,0.3061028748634998,0.9958826872684627,15,1,-7.066666666666663,0.0037220580782213464
RCINICONZNJXQF,Critical Ischemia,0,38.0,0.0,0.0,0.0,0.0,0.0,0.0,0.0,0.0,0.0,0.0,0.0,0.0,0.0,0.0,0.0,0.0,0.0,0,0,0.0,0.0
IQPSEEYGBUAQFF,Prevention & Control,0,33.0,0.0,0.0,0.0,0.0,0.0,0.0,0.0,0.0,0.0,0.0,0.0,0.0,0.0,0.0,0.0,0.0,0.0,0,0,0.0,0.0
UOZODPSAJZTQNH,cutaneous Leishmaniasis,0,82.0,0.0,0.0,0.0,0.0,0.0,0.0,0.0,0.0,0.0,0.0,0.0,0.0,0.0,0.0,0.0,0.0,0.0,0,0,0.0,0.0
WBXPDJSOTKVWSJ,Lung Cancer,1,54.0,0.0,0.0,0.0,0.0,0.0,0.0,0.0,0.0,0.0,0.0,0.0,0.0,0.9895581916859542,0.9890962963046239,0.9569893847275095,0.5283238873652887,0.9895581916859542,3,1,-3.451612903225808,0.05042359766496529
ISWRGOKTTBVCFA,diabetic foot ulcer,0,25.0,0.0,0.0,0.0,0.0,0.0,0.0,0.0,0.0,0.0,0.0,0.0,0.0,0.0,0.0,0.0,0.0,0.0,0,0,-6.5,0.0
NNACHAUCXXVJSP,narcolepsy,0,65.0,0.0,0.0,0.0,0.0,0.0,0.0,0.0,0.0,0.0,0.0,0.0,0.0,0.0,0.0,0.0,0.0,0.0,0,0,0.0,0.0
YIQPUIGJQJDJOS,Non-Hodgkin's Lymphoma,0,25.0,0.0,0.0,0.0,0.0,0.0,0.0,0.0,0.0,0.0,0.0,0.0,0.0,0.0,0.0,0.0,0.0,0.0,0,0,-33.0,0.0
UVSMNLNDYGZFPF,Multiple Myeloma,0,78.0,0.0,0.0,0.0,0.0,0.0,0.0,0.9066612367713315,0.22666530919283287,0.0,0.0,0.42555155832813474,0.10638788958203368,0.9932550539726157,0.9932550539726157,0.6152794249385721,0.37384307344200607,0.9932550539726157,4,1,6.36363636363636,0.1565364867144129
DTGLZDAWLRGWQN,Coronary Artery Bypass,1,37.0,0.0,0.0,0.0,0.0,0.0,0.0,0.0,0.0,0.0,0.0,0.0,0.0,0.42555155832813474,0.42555155832813474,0.0,0.0,0.42555155832813474,1,1,0.0,0.0
DTGLZDAWLRGWQN,Acute Coronary Syndromes,0,82.0,0.0,0.0,0.0,0.0,0.0,0.0,0.0,0.0,0.0,0.0,0.0,0.0,0.9970589630875856,0.9970589630875856,0.19068552407289788,0.19068552407289788,0.9970589630875856,1,1,-1.0,0.0
LRJOMUJRLNCICJ,Non-Proliferative Diabetic Retinopathy; Cataract,0,40.0,0.0,0.0,0.0,0.0,0.0,0.0,0.0,0.0,0.0,0.0,0.0,0.0,0.42555155832813474,0.42555155832813474,0.03647584785669726,0.03647584785669726,0.42555155832813474,1,1,0.0,0.0
LRJOMUJRLNCICJ,Non-Proliferative Diabetic Retinopathy; Cataract,0,40.0,0.0,0.0,0.0,0.0,0.0,0.0,0.0,0.0,0.0,0.0,0.0,0.0,0.42555155832813474,0.42555155832813474,0.03647584785669726,0.03647584785669726,0.42555155832813474,1,1,0.0,0.0
XOFYZVNMUHMLCC,Immune Reconstitution Inflammatory Syndrome; HIV; Tuberculosis,0,68.0,0.0,0.0,0.0,0.0,0.0,0.0,0.0,0.0,0.0,0.0,0.0,0.0,0.0,0.0,0.0,0.0,0.0,0,0,0.0,0.0
RJKFOVLPORLFTN,Menopause,0,50.0,0.0,0.0,0.0,0.0,0.0,0.0,0.0,0.0,0.0,0.0,0.0,0.0,0.6768353023646163,0.6768353023646163,0.02279740491043579,0.02279740491043579,0.6768353023646163,1,1,-18.5,-0.15677755909080449
PWWVAXIEGOYWEE,Peripheral Vertigo.,0,35.0,0.0,0.0,0.0,0.0,0.0,0.0,0.0,0.0,0.0,0.0,0.0,0.0,0.0,0.0,0.0,0.0,0.0,0,0,1.0,0.0
OLBCVFGFOZPWHH,General Anesthesia; Elective Surgery,0,96.0,0.0,0.0,0.0,0.0,0.0,0.0,0.0,0.0,0.0,0.0,0.0,0.0,0.0,0.0,0.0,0.0,0.0,0,0,0.0,0.0
ZPMNHBXQOOVQJL,Bowel Cleansing; Colon Capsule Completion Times,0,60.0,0.0,0.0,0.0,0.0,0.0,0.0,0.0,0.0,0.0,0.0,0.0,0.0,0.0,0.0,0.0,0.0,0.0,0,0,0.0,0.0
URKOMYMAXPYINW,Delirium,0,40.0,0.0,0.0,0.0,0.0,0.0,0.0,0.0,0.0,0.0,0.0,0.0,0.0,0.6717792403438764,0.6717792403438764,0.1281017045625051,0.1262852346417522,0.6717792403438764,2,1,1.5,0.07261390132983336
LOUPRKONTZGTKE,malaria,0,83.0,0.0,0.0,0.0,0.0,0.0,0.0,0.0,0.0,0.0,0.0,0.0,0.0,0.0,0.0,0.0,0.0,0.0,0,0,-1.6666666666666714,0.0
LOUPRKONTZGTKE,Drug Resistant Malaria Due to Plasmodium Falciparum,0,80.0,0.0,0.0,0.0,0.0,0.0,0.0,0.0,0.0,0.0,0.0,0.0,0.0,0.0,0.0,0.0,0.0,0.0,0,0,35.0,0.0
YREYEVIYCVEVJK,PPI Resistant Gastroesophageal Reflux Disease,0,20.0,0.0,0.0,0.0,0.0,0.0,0.0,0.0,0.0,0.0,0.0,0.0,0.0,0.0,0.0,0.0,0.0,0.0,0,0,0.0,0.0
CZFFBEXEKNGXKS,Human Immunodeficiency Virus,0,87.0,0.0,0.0,0.0,0.0,0.0,0.0,0.0,0.0,0.0,0.0,0.0,0.0,0.0,0.0,0.0,0.0,0.0,0,0,44.25,-0.1329848619775421
XKLMZUWKNUAPSZ,"Diabetes, Type I; Diabetes, Type II; Angina; Coronary Artery Disease",0,42.0,0.0,0.0,0.0,0.0,0.31384427426699935,0.15692213713349967,0.0,0.0,0.0,0.0,0.0,0.0,0.4863446380892969,0.4863446380892969,0.015198269940290528,0.007599134970145264,0.4863446380892969,2,1,0.0,0.0
ZTVQQQVZCWLTDF,Anesthesia,0,81.0,0.0,0.0,0.0,0.0,0.0,0.0,0.0,0.0,0.0,0.0,0.0,0.0,0.0,0.0,0.0,0.0,0.0,0,0,-3.3333333333333286,0.0
IWUCXVSUMQZMFG,hepatitis C virus infection,0,70.0,0.0,0.0,0.0,0.0,0.0,0.0,0.0,0.0,0.0,0.0,0.0,0.0,0.0,0.0,0.0,0.0,0.0,0,0,-11.527027027027032,0.0
IWUCXVSUMQZMFG,hepatitis C virus infection,0,70.0,0.0,0.0,0.0,0.0,0.0,0.0,0.0,0.0,0.0,0.0,0.0,0.0,0.0,0.0,0.0,0.0,0.0,0,0,-11.527027027027032,0.0
IWUCXVSUMQZMFG,Treatment of Chronic Hepatitis C Infection,0,62.0,0.0,0.0,0.0,0.0,0.0,0.0,0.0,0.0,0.0,0.0,0.0,0.0,0.0,0.0,0.0,0.0,0.0,0,0,0.0,0.0
IWUCXVSUMQZMFG,hepatitis C virus infection,0,70.0,0.0,0.0,0.0,0.0,0.0,0.0,0.0,0.0,0.0,0.0,0.0,0.0,0.0,0.0,0.0,0.0,0.0,0,0,-11.527027027027032,0.0
RHXHGRAEPCAFML,Advanced Breast Cancer,0,82.0,0.0,0.0,0.0,0.0,0.0,0.0,0.3981682350153665,0.19908411750768326,0.0,0.0,0.8699743018321302,0.7524199055856331,0.9857851763693943,0.9857851763693943,0.9824509820474594,0.7876393128887076,0.9857851763693943,2,1,4.545454545454547,-0.00833651514946887
YIBOMRUWOWDFLG,HIV-1 infection,0,88.0,0.0,0.0,0.0,0.0,0.0,0.0,0.0,0.0,0.0,0.0,0.0,0.0,0.0,0.0,0.0,0.0,0.0,0,0,-1.2857142857142918,0.0
NCDNCNXCDXHOMX,"Infection, Human Immunodeficiency Virus; HIV Infections",0,86.0,0.0,0.0,0.0,0.0,0.0,0.0,0.0,0.0,0.0,0.0,0.0,0.0,0.0,0.0,0.0,0.0,0.0,0,0,0.0,0.0
KGFYHTZWPPHNLQ,Venous Thromboembolism,0,90.0,0.8529129114084061,0.8529129114084061,0.0,0.0,0.0,0.0,0.0,0.0,0.0,0.0,0.0,0.0,0.9844800523753261,0.9844800523753261,0.650533164518347,0.650533164518347,0.9844800523753261,1,1,3.5,0.030311605531779362
KGFYHTZWPPHNLQ,Heart Failure; Coronary Artery Disease,1,50.0,0.0,0.0,0.0,0.0,0.0,0.0,0.0,0.0,0.0,0.0,0.0,0.0,0.4277468639861766,0.4277468639861766,0.15003088135839315,0.15003088135839315,0.4277468639861766,1,1,0.0,0.0
KGFYHTZWPPHNLQ,Patients With Antiphospholipid Syndrome,1,48.0,0.0,0.0,0.0,0.0,0.0,0.0,0.0,0.0,0.0,0.0,0.0,0.0,0.0,0.0,0.0,0.0,0.0,0,0,0.0,0.0
MNDBXUUTURYVHR,Chronic Obstructive Pulmonary Disease,1,55.0,0.0,0.0,0.0,0.0,0.0,0.0,0.0,0.0,0.0,0.0,0.0,0.0,0.9829694469459493,0.9829694469459493,0.540412441601755,0.2400504528653214,0.9829694469459493,4,1,-2.7692307692307665,0.04945506430140112
ZKMNUMMKYBVTFN,Functional Endoscopic Sinus Surgery (FESS),0,84.0,0.0,0.0,0.0,0.0,0.0,0.0,0.0,0.0,0.0,0.0,0.0,0.0,0.0,0.0,0.0,0.0,0.0,0,0,12.0,0.0
YOZBGTLTNGAVFU,anemia of chronic kidney disease,0,80.0,0.0,0.0,0.0,0.0,0.0,0.0,0.0,0.0,0.0,0.0,0.0,0.0,0.0,0.0,0.0,0.0,0.0,0,0,0.0,0.0
RYMZZMVNJRMUDD,Schizophrenia; Schizoaffective Disorder; Schizophreniform Disorder; Psychosis NOS,1,18.0,0.0,0.0,0.0,0.0,0.0,0.0,0.0,0.0,0.0,0.0,0.0,0.0,0.0,0.0,0.0,0.0,0.0,0,0,0.0,0.0
RYMZZMVNJRMUDD,Dyslipidemias,0,90.0,0.0,0.0,0.0,0.0,0.0,0.0,0.0,0.0,0.0,0.0,0.0,0.0,0.0,0.0,0.0,0.0,0.0,0,0,0.0,0.0
MFFMDFFZMYYVKS,Type 2 Diabetes Mellitus,0,60.0,0.0,0.0,0.0,0.0,0.5511044663048749,0.5511044663048749,0.0,0.0,0.0,0.0,0.0,0.0,0.9981950138708703,0.9981950138708703,0.954188839355206,0.954188839355206,0.9981950138708703,1,1,-5.228571428571428,0.028492597330217695
MFFMDFFZMYYVKS,Type 2 Diabetes,0,55.0,0.0,0.0,0.0,0.0,0.5511044663048749,0.5511044663048749,0.0,0.0,0.0,0.0,0.0,0.0,0.9981950138708703,0.9981950138708703,0.954188839355206,0.954188839355206,0.9981950138708703,1,1,-4.539473684210527,0.01805503837810929
MFFMDFFZMYYVKS,Type 2 DIAbetes,0,65.0,0.0,0.0,0.0,0.0,0.5511044663048749,0.5511044663048749,0.0,0.0,0.0,0.0,0.0,0.0,0.9981950138708703,0.9981950138708703,0.954188839355206,0.954188839355206,0.9981950138708703,1,1,0.0,0.0
TTZHDVOVKQGIBA,hepatitis C virus infection,0,96.0,0.0,0.0,0.0,0.0,0.0,0.0,0.0,0.0,0.0,0.0,0.0,0.0,0.0,0.0,0.0,0.0,0.0,0,0,14.472972972972968,0.0
TTZHDVOVKQGIBA,hepatitis C virus infection,0,96.0,0.0,0.0,0.0,0.0,0.0,0.0,0.0,0.0,0.0,0.0,0.0,0.0,0.0,0.0,0.0,0.0,0.0,0,0,14.472972972972968,0.0
TTZHDVOVKQGIBA,hepatitis C virus infection,0,96.0,0.0,0.0,0.0,0.0,0.0,0.0,0.0,0.0,0.0,0.0,0.0,0.0,0.0,0.0,0.0,0.0,0.0,0,0,14.472972972972968,0.0
LXMSZDCAJNLERA,end-stage kidney disease,1,47.0,0.0,0.0,0.0,0.0,0.0,0.0,0.0,0.0,0.0,0.0,0.0,0.0,0.0,0.0,0.0,0.0,0.0,0,0,0.0,0.0
LXMSZDCAJNLERA,autosomal dominant polycystic kidney disease,0,26.0,0.0,0.0,0.0,0.0,0.0,0.0,0.0,0.0,0.0,0.0,0.0,0.0,0.42555155832813474,0.42555155832813474,0.03630697819069404,0.03630697819069404,0.42555155832813474,1,1,0.0,0.0
TXEIIPDJKFWEEC,transthyretin amyloid cardiomyopathy,0,93.0,0.0,0.0,0.0,0.0,0.0,0.0,0.0,0.0,0.0,0.0,0.0,0.0,0.0,0.0,0.0,0.0,0.0,0,0,0.0,0.0
RMMXLENWKUUMAY,Hyperlipidemia; Hypertension,0,72.0,0.0,0.0,0.0,0.0,0.0,0.0,0.0,0.0,0.0,0.0,0.0,0.0,0.6144139725638036,0.6144139725638036,0.10929656618934785,0.10929656618934785,0.6144139725638036,1,1,0.0,0.0
MUMGGOZAMZWBJJ,infertility,0,18.0,0.888157304811232,0.888157304811232,0.0,0.0,0.8176485964236592,0.8176485964236592,0.0,0.0,0.0,0.0,0.0,0.0,0.598448291996579,0.598448291996579,0.6875788150120012,0.6875788150120012,0.888157304811232,1,1,3.0,0.444078652405616
OEKWJQXRCDYSHL,Coronary Artery Disease; Endothelial Function,0,47.0,0.0,0.0,0.0,0.0,0.0,0.0,0.0,0.0,0.0,0.0,0.0,0.0,0.9976134733445021,0.9976134733445021,0.31455328780724245,0.31455328780724245,0.9976134733445021,1,1,-10.5,0.0
OEKWJQXRCDYSHL,Platelet Reactivity,0,86.0,0.0,0.0,0.0,0.0,0.0,0.0,0.0,0.0,0.0,0.0,0.0,0.0,0.0,0.0,0.0,0.0,0.0,0,0,0.0,0.0
OEKWJQXRCDYSHL,Chronic Kidney Disease,0,28.0,0.0,0.0,0.0,0.0,0.0,0.0,0.0,0.0,0.0,0.0,0.0,0.0,0.6570870499695098,0.6570870499695098,0.7780579677118958,0.7780579677118958,0.7780579677118958,1,1,-14.666666666666664,0.1456015095529397
UJLAWZDWDVHWOW,Psoriatic Arthritis,0,75.0,0.0,0.0,0.0,0.0,0.0,0.0,0.0,0.0,0.0,0.0,0.0,0.0,0.8511520743079273,0.8509428538163104,0.24159185910101472,0.15581879750491567,0.8511520743079273,2,1,6.900000000000006,-0.03899690026151437
PKVRCIRHQMSYJX,Tube Cancer,0,55.0,0.0,0.0,0.0,0.0,0.0,0.0,0.0,0.0,0.0,0.0,0.0,0.0,0.0,0.0,0.0,0.0,0.0,0,0,0.0,0.0
TVYLLZQTGLZFBW,Indwelling Urinary Catheter; Male Patients; General Anesthesia,0,45.0,0.0,0.0,0.0,0.0,0.0,0.0,0.0,0.0,0.0,0.0,0.0,0.0,0.0,0.0,0.0,0.0,0.0,0,0,0.0,0.0
LIRYPHYGHXZJBZ,positive Melanoma,0,88.0,0.0,0.0,0.0,0.0,0.0,0.0,0.0,0.0,0.0,0.0,0.0,0.0,0.0,0.0,0.0,0.0,0.0,0,0,25.5,0.0
GYDJEQRTZSCIOI,Gastrointestinal Bleeding,1,47.0,0.0,0.0,0.0,0.0,0.0,0.0,0.0,0.0,0.0,0.0,0.0,0.0,0.0,0.0,0.0,0.0,0.0,0,0,0.0,0.0
GYDJEQRTZSCIOI,Blood Loss,0,76.0,0.0,0.0,0.0,0.0,0.0,0.0,0.0,0.0,0.0,0.0,0.0,0.0,0.0,0.0,0.0,0.0,0.0,0,0,0.0,0.0
GYDJEQRTZSCIOI,Hip Fracture; Blood Loss,0,78.0,0.0,0.0,0.0,0.0,0.0,0.0,0.0,0.0,0.0,0.0,0.0,0.0,0.6111463527152107,0.6111463527152107,0.012158615952232422,0.012158615952232422,0.6111463527152107,1,1,0.0,0.0
SHGAZHPCJJPHSC,photoaging,0,70.0,0.0,0.0,0.0,0.0,0.0,0.0,0.0,0.0,0.0,0.0,0.0,0.0,0.0,0.0,0.0,0.0,0.0,0,0,6.0,0.0
SHGAZHPCJJPHSC,acne,0,80.0,0.0,0.0,0.0,0.0,0.0,0.0,0.0,0.0,0.0,0.0,0.0,0.0,0.9967651862360211,0.7474743517724097,0.21784186914416426,0.10977082471373133,0.9967651862360211,4,1,0.0,0.0
YNDXUCZADRHECN,oral lichen planus,0,58.0,0.0,0.0,0.0,0.0,0.0,0.0,0.0,0.0,0.0,0.0,0.0,0.0,0.0,0.0,0.0,0.0,0.0,0,0,0.0,0.0
WPVFJKSGQUFQAP,Congenital Cytomegalovirus Infection; Sensorineural Hearing Loss,0,78.0,0.0,0.0,0.0,0.0,0.0,0.0,0.0,0.0,0.0,0.0,0.0,0.0,0.0,0.0,0.0,0.0,0.0,0,0,0.0,0.0
MYPYJXKWCTUITO,Clostridium Difficile Infection,0,90.0,0.0,0.0,0.0,0.0,0.0,0.0,0.0,0.0,0.0,0.0,0.0,0.0,0.0,0.0,0.0,0.0,0.0,0,0,0.0,0.0
JQSHBVHOMNKWFT,Smoking Among Cancer,0,77.0,0.0,0.0,0.0,0.0,0.0,0.0,0.0,0.0,0.0,0.0,0.0,0.0,0.0,0.0,0.0,0.0,0.0,0,0,0.0,0.0
GPXBXXGIAQBQNI,Metastatic Melanoma,0,88.0,0.0,0.0,0.0,0.0,0.0,0.0,0.0,0.0,0.0,0.0,0.0,0.0,0.8988447072027959,0.8988447072027959,0.40188569636009125,0.40188569636009125,0.8988447072027959,1,1,12.5,0.22471117680069896
SGEGOXDYSFKCPT,generalized anxiety disorder,0,48.0,0.0,0.0,0.0,0.0,0.0,0.0,0.0,0.0,0.0,0.0,0.0,0.0,0.9257720971147273,0.8832207739237847,0.0995664858587343,0.09890197027296738,0.9257720971147273,2,1,0.0,0.0
SGEGOXDYSFKCPT,Major Depressive Disorder,0,45.0,0.0,0.0,0.0,0.0,0.8033968449665265,0.7333322717153727,0.0,0.0,0.0,0.0,0.0,0.0,0.9994065355213364,0.9966986358546059,0.8034560660154578,0.6962944977544352,0.9994065355213364,2,1,-3.139534883720927,0.00457864620849513
SYOKIDBDQMKNDQ,Type 2 Diabetes Mellitus (T2DM),0,58.0,0.0,0.0,0.0,0.0,0.5511044663048749,0.5511044663048749,0.0,0.0,0.0,0.0,0.0,0.0,0.9981950138708703,0.9981950138708703,0.954188839355206,0.954188839355206,0.9981950138708703,1,1,0.0,0.0
WAEXFXRVDQXREF,Acute Myeloid Leukemia,0,38.0,0.0,0.0,0.0,0.0,0.0,0.0,0.0,0.0,0.0,0.0,0.0,0.0,0.5730989691751603,0.5730989691751603,0.8841059729492219,0.6230424132005942,0.8841059729492219,4,1,-24.18181818181818,-0.015974841992406397
HTIQEAQVCYTUBX,Hypertension,0,78.0,0.5668300974090446,0.5668300974090446,0.0,0.0,0.4778692671128725,0.4778692671128725,0.0,0.0,0.0,0.0,0.0,0.0,0.9987620332844843,0.9987620332844843,0.4623632838154484,0.4623632838154484,0.9987620332844843,1,1,9.416666666666671,0.03366601522673618
RYYVLZVUVIJVGH,"Pain, Postoperative; Tooth Diseases",0,35.0,0.0,0.0,0.0,0.0,0.0,0.0,0.0,0.0,0.0,0.0,0.0,0.0,0.0,0.0,0.0,0.0,0.0,0,0,-21.5,0.0
GKTWGGQPFAXNFI,Coronary Artery Disease; Endothelial Function,0,68.0,0.0,0.0,0.0,0.0,0.0,0.0,0.0,0.0,0.0,0.0,0.0,0.0,0.9976134733445021,0.9976134733445021,0.31455328780724245,0.31455328780724245,0.9976134733445021,1,1,10.5,0.0
KSGXQBZTULBEEQ,Venous Thromboembolism,0,83.0,0.8029343088516327,0.8029343088516327,0.0,0.0,0.0,0.0,0.0,0.0,0.0,0.0,0.0,0.0,0.9238568413117675,0.9238568413117675,0.4027790681327526,0.4027790681327526,0.9238568413117675,1,1,-3.5,-0.03031160553177925
XDXWLKQMMKQXPV,purpura,0,76.0,0.0,0.0,0.0,0.0,0.5450246517197607,0.5450246517197607,0.0,0.0,0.0,0.0,0.0,0.0,0.9802155668760121,0.9802155668760121,0.7660629073768279,0.7660629073768279,0.9802155668760121,1,1,0.0,0.0
LCDDAGSJHKEABN,Diabetes,0,57.0,0.0,0.0,0.0,0.0,0.0,0.0,0.0,0.0,0.0,0.0,0.0,0.0,0.0,0.0,0.0,0.0,0.0,0,0,-4.733333333333334,0.0
ZCGNOVWYSGBHAU,influenza,1,68.0,0.0,0.0,0.0,0.0,0.0,0.0,0.0,0.0,0.0,0.0,0.0,0.0,0.0,0.0,0.0,0.0,0.0,0,0,0.0,0.0
SYTBZMRGLBWNTM,acute pharyngitis,0,60.0,0.0,0.0,0.0,0.0,0.0,0.0,0.0,0.0,0.0,0.0,0.0,0.0,0.0,0.0,0.04542594015486835,0.04542594015486835,0.04542594015486835,1,1,0.0,0.0
PGTVWKLGGCQMBR,drug-resistant focal epilepsy,1,60.0,0.0,0.0,0.0,0.0,0.0,0.0,0.0,0.0,0.0,0.0,0.0,0.0,0.0,0.0,0.0,0.0,0.0,0,0,0.0,0.0
JZUFKLXOESDKRF,Hypertension,0,76.0,0.3099841877005166,0.3099841877005166,0.0,0.0,0.2520481086897781,0.2520481086897781,0.0,0.0,0.0,0.0,0.0,0.0,0.9987578896422389,0.9987578896422389,0.3725112433264773,0.3725112433264773,0.9987578896422389,1,1,7.416666666666671,0.03366187158449074
HEFNNWSXXWATRW,"Pain, Postoperative; Tooth Diseases",0,78.0,0.0,0.0,0.0,0.0,0.0,0.0,0.0,0.0,0.0,0.0,0.0,0.0,0.0,0.0,0.0,0.0,0.0,0,0,21.5,0.0
FGQFOYHRJSUHMR,gout,0,73.0,0.9214621954515188,0.9214621954515188,0.0,0.0,0.0,0.0,0.0,0.0,0.0,0.0,0.0,0.0,0.9605945319042539,0.9605945319042539,0.8072547140869234,0.8072547140869234,0.9605945319042539,1,1,-3.75,-0.010618201116987858
RDOIQAHITMMDAJ,"Carcinoma, Non-Small-Cell Lung",0,12.0,0.0,0.0,0.0,0.0,0.0,0.0,0.0,0.0,0.0,0.0,0.0,0.0,0.0,0.0,0.0,0.0,0.0,0,0,0.0,0.0
DIWRORZWFLOCLC,Healthy Volunteers,0,55.0,0.0,0.0,0.0,0.0,0.0,0.0,0.0,0.0,0.0,0.0,0.0,0.0,0.0,0.0,0.0,0.0,0.0,0,0,18.5,0.0
DRLFMBDRBRZALE,Cancer Malignancies,0,18.0,0.0,0.0,0.0,0.0,0.0,0.0,0.0,0.0,0.0,0.0,0.0,0.0,0.0,0.0,0.0,0.0,0.0,0,0,0.0,0.0
XZWYZXLIPXDOLR,Type 2 Diabetes Mellitus,0,78.0,0.0,0.0,0.3039653988058105,0.3039653988058105,0.0,0.0,0.0,0.0,0.0,0.0,0.0,0.0,0.9986081372456911,0.9986081372456911,0.17827377545849124,0.17827377545849124,0.9986081372456911,1,1,12.771428571428572,0.028905720705038496
FBOZXECLQNJBKD,Psoriatic Arthritis,0,62.0,0.0,0.0,0.0,0.0,0.0,0.0,0.0,0.0,0.0,0.0,0.0,0.0,0.9291458748309558,0.9291458748309558,0.0,0.0,0.9291458748309558,1,1,-6.099999999999994,0.038996900261514145
FBOZXECLQNJBKD,Rheumatoid Arthritis,0,75.0,0.0,0.0,0.0,0.0,0.0,0.0,0.0,0.0,0.0,0.0,0.0,0.0,0.9951576249724678,0.9951576249724678,0.3567564706851452,0.3567564706851452,0.9951576249724678,1,1,3.574468085106389,0.10630573465805304
VHRSUDSXCMQTMA,Dexamethasone-induced Hiccup in Chemotherapy,0,45.0,0.0,0.0,0.0,0.0,0.0,0.0,0.0,0.0,0.0,0.0,0.0,0.0,0.0,0.0,0.0,0.0,0.0,0,0,0.0,0.0
TTWJBBZEZQICBI,solid tumor,0,25.0,0.0,0.0,0.0,0.0,0.0,0.0,0.0,0.0,0.0,0.0,0.0,0.0,0.0,0.0,0.0,0.0,0.0,0,0,0.0,0.0
PBAPPPCECJKMCM,Overactive Bladder; Urinary Incontinence,0,68.0,0.0,0.0,0.0,0.0,0.0,0.0,0.0,0.0,0.0,0.0,0.0,0.0,0.0,0.0,0.0,0.0,0.0,0,0,0.0,0.0
OJLOPKGSLYJEMD,Pre-eclampsia,0,30.0,0.0,0.0,0.0,0.0,0.0,0.0,0.0,0.0,0.0,0.0,0.0,0.0,0.0,0.0,0.0,0.0,0.0,0,0,0.0,0.0
JWNPDZNEKVCWMY,Metastatic Breast Cancer,0,80.0,0.4921515443954009,0.32737288902832873,0.0,0.0,0.0,0.0,0.8678361603226922,0.5900018244182085,0.0,0.0,0.8314060765533569,0.7205056335486345,0.9952073942972036,0.9483120918810618,0.9997022186776718,0.9770362195311343,0.9997022186776718,3,1,14.933333333333337,0.0075415894874304445
DTGLZDAWLRGWQN,Diabetes Mellitus,0,55.0,0.0,0.0,0.0,0.0,0.0,0.0,0.0,0.0,0.0,0.0,0.0,0.0,0.8950978831796259,0.8950978831796259,0.4840787985800032,0.4840787985800032,0.8950978831796259,1,1,-6.333333333333336,-0.06893128565682283
KGFYHTZWPPHNLQ,Atrial Fibrillation,0,86.0,0.052142484500835654,0.052142484500835654,0.0,0.0,0.0,0.0,0.0,0.0,0.0,0.0,0.0,0.0,0.9878490217600628,0.9878490217600628,0.48919882630160644,0.48919882630160644,0.9878490217600628,1,1,12.799999999999997,0.005590296806980755
MFFMDFFZMYYVKS,Type 2 Diabetes,0,55.0,0.0,0.0,0.0,0.0,0.5511044663048749,0.5511044663048749,0.0,0.0,0.0,0.0,0.0,0.0,0.9981950138708703,0.9981950138708703,0.954188839355206,0.954188839355206,0.9981950138708703,1,1,-4.539473684210527,0.01805503837810929
MFFMDFFZMYYVKS,Type 2 Diabetes,0,55.0,0.0,0.0,0.0,0.0,0.5511044663048749,0.5511044663048749,0.0,0.0,0.0,0.0,0.0,0.0,0.9981950138708703,0.9981950138708703,0.954188839355206,0.954188839355206,0.9981950138708703,1,1,-4.539473684210527,0.01805503837810929
FBOUYBDGKBSUES,overactive bladder,0,75.0,0.0,0.0,0.0,0.0,0.0,0.0,0.0,0.0,0.0,0.0,0.0,0.0,0.9967173820459905,0.9967173820459905,0.08570825749178977,0.08570825749178977,0.9967173820459905,1,1,9.833333333333329,0.00736343507919579
HWGQMRYQVZSGDQ,Metastatic Breast Cancer,0,80.0,0.0,0.0,0.0,0.0,0.0,0.0,0.0,0.0,0.0,0.0,0.0,0.0,0.9235703585767622,0.9235703585767622,0.9796383234721878,0.5742966388482388,0.9796383234721878,2,1,14.933333333333337,-0.012522305718053572
MUMGGOZAMZWBJJ,breast cancer,0,45.0,0.0,0.0,0.0,0.0,0.4798562433472878,0.4798562433472878,0.865457038266544,0.865457038266544,0.0,0.0,0.7553624702220689,0.7553624702220689,0.8776962927915266,0.8776962927915266,0.9969492754889687,0.9969492754889687,0.9969492754889687,1,1,15.5,0.49847463774448436
OEKWJQXRCDYSHL,Diabetes Mellitus,0,55.0,0.0,0.0,0.0,0.0,0.0,0.0,0.0,0.0,0.0,0.0,0.0,0.0,0.8950978831796259,0.8950978831796259,0.4840787985800032,0.4840787985800032,0.8950978831796259,1,1,-6.333333333333336,-0.06893128565682283
LERNTVKEWCAPOY,Chronic Obstructive Pulmonary Disease,0,64.0,0.4341160287393241,0.21705801436966204,0.0,0.0,0.0,0.0,0.0,0.0,0.0,0.0,0.0,0.0,0.9983402173176782,0.994838712806341,0.13933559407821056,0.09469000810433788,0.9983402173176782,2,1,6.2307692307692335,0.06482583467312997
LERNTVKEWCAPOY,COPD,0,62.0,0.0,0.0,0.0,0.0,0.0,0.0,0.0,0.0,0.0,0.0,0.0,0.0,0.0,0.0,0.0,0.0,0.0,0,0,8.615384615384613,0.0
LERNTVKEWCAPOY,Chronic Obstructive Pulmonary Disease,0,64.0,0.4341160287393241,0.21705801436966204,0.0,0.0,0.0,0.0,0.0,0.0,0.0,0.0,0.0,0.0,0.9983402173176782,0.994838712806341,0.13933559407821056,0.09469000810433788,0.9983402173176782,2,1,6.2307692307692335,0.06482583467312997
GPXBXXGIAQBQNI,Mutant Melanoma,0,88.0,0.0,0.0,0.0,0.0,0.0,0.0,0.0,0.0,0.0,0.0,0.0,0.0,0.0,0.0,0.0,0.0,0.0,0,0,0.0,0.0
MCGSCOLBFJQGHM,HIV-1 infection,0,88.0,0.0,0.0,0.0,0.0,0.0,0.0,0.0,0.0,0.0,0.0,0.0,0.0,0.0,0.0,0.0,0.0,0.0,0,0,-1.2857142857142918,0.0
UVIQSJCZCSLXRZ,Metastatic Castration-resistant Prostate Cancer; Metastatic Breast Cancer,0,70.0,0.0,0.0,0.0,0.0,0.0,0.0,0.0,0.0,0.0,0.0,0.0,0.0,0.0,0.0,0.0,0.0,0.0,0,0,0.0,0.0
UVIQSJCZCSLXRZ,Prostate Cancer,0,84.0,0.0,0.0,0.0,0.0,0.0,0.0,0.7599134970145264,0.7599134970145264,0.0,0.0,0.0,0.0,0.9722066556090688,0.9722066556090688,0.5249798737895077,0.5249798737895077,0.9722066556090688,1,1,24.75,0.11966508542652043
UAHFGYDRQSXQEB,erythropoietic protoporphyria,0,58.0,0.0,0.0,0.0,0.0,0.0,0.0,0.0,0.0,0.0,0.0,0.0,0.0,0.9063789058588965,0.9063789058588965,0.05419004906053529,0.05419004906053529,0.9063789058588965,1,1,0.0,0.0
ULXXDDBFHOBEHA,Cell Cancer,0,68.0,0.0,0.0,0.0,0.0,0.0,0.0,0.0,0.0,0.0,0.0,0.3039653988058105,0.3039653988058105,0.0,0.0,0.030396539880581056,0.030396539880581056,0.3039653988058105,1,1,-1.0,-0.11398702455217896
HXHWSAZORRCQMX,onchocerciasis,0,38.0,0.0,0.0,0.0,0.0,0.0,0.0,0.0,0.0,0.0,0.0,0.0,0.0,0.0,0.0,0.0,0.0,0.0,0,0,0.0,0.0
OFCNXPDARWKPPY,Tumor Lysis Syndrome,0,80.0,0.0,0.0,0.0,0.0,0.0,0.0,0.0,0.0,0.0,0.0,0.0,0.0,0.0,0.0,0.0,0.0,0.0,0,0,0.0,0.0
OFCNXPDARWKPPY,ankle sprain,0,6.0,0.0,0.0,0.0,0.0,0.0,0.0,0.0,0.0,0.0,0.0,0.0,0.0,0.0,0.0,0.0,0.0,0.0,0,0,-22.666666666666668,0.0
ZSBOMTDTBDDKMP,Diabetes Mellitus,0,52.0,0.0,0.0,0.0,0.0,0.9373091404036921,0.9373091404036921,0.0,0.0,0.0,0.0,0.0,0.0,0.9984538336205095,0.9984538336205095,0.9607846602074834,0.9607846602074834,0.9984538336205095,1,1,-9.333333333333336,0.03442466478406081
HTIQEAQVCYTUBX,Thalassemia; Iron Overload,0,32.0,0.0,0.0,0.0,0.0,0.0,0.0,0.0,0.0,0.0,0.0,0.0,0.0,0.38063222717127604,0.38063222717127604,0.09558023095782708,0.09558023095782708,0.38063222717127604,1,1,0.0,0.0
HTIQEAQVCYTUBX,Essential Hypertension,0,72.0,0.4533510637427101,0.4533510637427101,0.0,0.0,0.0,0.0,0.0,0.0,0.0,0.0,0.0,0.0,0.6843356380109173,0.6843356380109173,0.13433581930556793,0.13433581930556793,0.6843356380109173,1,1,0.7999999999999972,-0.16921564008250067
IMOZEMNVLZVGJZ,psoriasis,0,58.0,0.28493107317865624,0.07123276829466406,0.0,0.0,0.0,0.0,0.0,0.0,0.05057172662373052,0.021329687395125745,0.0,0.0,0.9824080292539396,0.9824080292539396,0.3483825219689976,0.17934138438356592,0.9824080292539396,4,1,0.0,0.0
VSWBSWWIRNCQIJ,bipolar disorder,0,52.0,0.7654566110663349,0.38272830553316745,0.0,0.0,0.0,0.0,0.0,0.0,0.0,0.0,0.0,0.0,0.9989515617643475,0.9989381989994681,0.21391988209191268,0.21333155892867955,0.9989515617643475,2,1,-2.0,0.0
VSWBSWWIRNCQIJ,Schizophrenia,0,62.0,0.6560907249300643,0.32804536246503213,0.0,0.0,0.6454494156558882,0.3227247078279441,0.0,0.0,0.0,0.0,0.0,0.0,0.9994097502793402,0.9993943643856662,0.9231710917698762,0.6663550305133772,0.9994097502793402,2,1,2.700000000000003,0.13590249690329748
VSWBSWWIRNCQIJ,Schizophrenia,0,62.0,0.6560907249300643,0.32804536246503213,0.0,0.0,0.6454494156558882,0.3227247078279441,0.0,0.0,0.0,0.0,0.0,0.0,0.9994097502793402,0.9993943643856662,0.9231710917698762,0.6663550305133772,0.9994097502793402,2,1,2.700000000000003,0.13590249690329748
XRWSZZJLZRKHHD,hepatitis C virus infection,0,87.0,0.0,0.0,0.0,0.0,0.0,0.0,0.0,0.0,0.0,0.0,0.0,0.0,0.0,0.0,0.0,0.0,0.0,0,0,5.472972972972968,0.0
XRWSZZJLZRKHHD,hepatitis C virus infection,0,87.0,0.0,0.0,0.0,0.0,0.0,0.0,0.0,0.0,0.0,0.0,0.0,0.0,0.0,0.0,0.0,0.0,0.0,0,0,5.472972972972968,0.0
OOUGLTULBSNHNF,Duchenne Muscular Dystrophy; Becker Muscular Dystrophy; Dystrophinopathy,0,58.0,0.0,0.0,0.0,0.0,0.0,0.0,0.0,0.0,0.09629623834168079,0.0012345671582266768,0.0,0.0,0.7512687165217014,0.7512687165217011,0.08136139769877518,0.004394508213740669,0.7512687165217014,78,1,0.0,0.0
XUKUURHRXDUEBC,Myocardial Infarction; Peripheral Vascular Disease; Aortic Aneurism,0,70.0,0.0,0.0,0.0,0.0,0.0,0.0,0.0,0.0,0.0,0.0,0.0,0.0,0.9953565019128846,0.9953565019128846,0.37320552858660583,0.37320552858660583,0.9953565019128846,1,1,0.0,0.0
XUKUURHRXDUEBC,Chronic Kidney Disease,0,38.0,0.0,0.0,0.0,0.0,0.0,0.0,0.0,0.0,0.0,0.0,0.0,0.0,0.6101594033339028,0.6101594033339028,0.2540153432551592,0.2540153432551592,0.6101594033339028,1,1,-4.666666666666664,-0.022297054825053286
XUKUURHRXDUEBC,Renal Insufficiency,0,33.0,0.0,0.0,0.0,0.0,0.0,0.0,0.0,0.0,0.0,0.0,0.0,0.0,0.566336510178366,0.566336510178366,0.42157343453212537,0.42157343453212537,0.566336510178366,1,1,0.0,0.0
LMEKQMALGUDUQG,Myasthenia Gravis,0,65.0,0.0,0.0,0.0,0.0,0.0,0.0,0.0,0.0,0.0,0.0,0.0,0.0,0.42555155832813474,0.42555155832813474,0.0,0.0,0.42555155832813474,1,1,8.5,0.0
KPYSYYIEGFHWSV,alcohol dependence,1,40.0,0.0,0.0,0.0,0.0,0.0,0.0,0.0,0.0,0.0,0.0,0.0,0.0,0.6091320278624051,0.6091320278624051,0.2320344168338141,0.14556939996747195,0.6091320278624051,2,1,4.5,-0.1647148993739005
XUZMWHLSFXCVMG,Rheumatoid Arthritis,0,75.0,0.5377736259951232,0.5334575255952101,0.0,0.0,0.3603205837444078,0.3093759829045539,0.0,0.0,0.0,0.0,0.0,0.0,0.9916966583306238,0.9916874923317688,0.4508261645295845,0.414677358009404,0.9916966583306238,2,1,3.574468085106389,0.10284476801620901
XUZMWHLSFXCVMG,Rheumatoid Arthritis,0,75.0,0.5377736259951232,0.5334575255952101,0.0,0.0,0.3603205837444078,0.3093759829045539,0.0,0.0,0.0,0.0,0.0,0.0,0.9916966583306238,0.9916874923317688,0.4508261645295845,0.414677358009404,0.9916966583306238,2,1,3.574468085106389,0.10284476801620901
XUZMWHLSFXCVMG,Rheumatoid Arthritis,0,75.0,0.5377736259951232,0.5334575255952101,0.0,0.0,0.3603205837444078,0.3093759829045539,0.0,0.0,0.0,0.0,0.0,0.0,0.9916966583306238,0.9916874923317688,0.4508261645295845,0.414677358009404,0.9916966583306238,2,1,3.574468085106389,0.10284476801620901
XHOLNRLADUSQLD,venous thromboembolism,0,80.0,0.8529129114084061,0.8529129114084061,0.0,0.0,0.0,0.0,0.0,0.0,0.0,0.0,0.0,0.0,0.9844800523753261,0.9844800523753261,0.650533164518347,0.650533164518347,0.9844800523753261,1,1,-2.0,0.02562787256366017
XVGOZDAJGBALKS,Schizophrenia,0,62.0,0.6560907249300643,0.283542860055261,0.3039653988058105,0.10132179960193684,0.6454494156558882,0.31513415706582065,0.0,0.0,0.0,0.0,0.0,0.0,0.9994097502793402,0.9988175627673632,0.9231710917698762,0.5704881674575054,0.9994097502793402,3,1,2.700000000000003,0.13590249690329748
LHHCSNFAOIFYRV,hepatitis C virus infection,0,86.0,0.0,0.0,0.0,0.0,0.0,0.0,0.0,0.0,0.0,0.0,0.0,0.0,0.0,0.0,0.0,0.0,0.0,0,0,4.472972972972968,0.0
LHHCSNFAOIFYRV,hepatitis C virus infection,0,86.0,0.0,0.0,0.0,0.0,0.0,0.0,0.0,0.0,0.0,0.0,0.0,0.0,0.0,0.0,0.0,0.0,0.0,0,0,4.472972972972968,0.0
ZKIAIYBUSXZPLP,schizophrenia,0,70.0,0.6560907249300643,0.21869690831002142,0.0,0.0,0.6454494156558882,0.3005235535632214,0.0,0.0,0.0,0.0,0.0,0.0,0.9994097502793402,0.9981739213465834,0.9231710917698762,0.6219826717632376,0.9994097502793402,3,1,7.350000000000001,0.027785375343797547
ZKIAIYBUSXZPLP,Major Depressive Disorder,0,38.0,0.8596325137173666,0.46892341052260855,0.0,0.0,0.8033968449665265,0.6873280514617485,0.0,0.0,0.0,0.0,0.0,0.0,0.9971757307208892,0.9950650062502904,0.5891329294934124,0.5160127198239426,0.9971757307208892,3,1,-10.139534883720927,0.0023478414080478904
MSYKRHVOOPPJKU,epilepsy,0,65.0,0.7568738430264683,0.7568738430264683,0.0,0.0,0.0,0.0,0.0,0.0,0.0,0.0,0.0,0.0,0.9970147794967135,0.9970147794967135,0.5824175393623507,0.5824175393623507,0.9970147794967135,1,1,-0.818181818181813,0.0253596170518976
MSYKRHVOOPPJKU,epilepsy,0,65.0,0.7568738430264683,0.7568738430264683,0.0,0.0,0.0,0.0,0.0,0.0,0.0,0.0,0.0,0.0,0.9970147794967135,0.9970147794967135,0.5824175393623507,0.5824175393623507,0.9970147794967135,1,1,-0.818181818181813,0.0253596170518976
LEBVLXFERQHONN,Headache,0,28.0,0.0,0.0,0.0,0.0,0.0,0.0,0.0,0.0,0.0,0.0,0.0,0.0,0.650510403365556,0.650510403365556,0.0,0.0,0.650510403365556,1,1,-16.0,0.11247942251871068
RMRJXGBAOAMLHD,Low back pain,0,38.0,0.0,0.0,0.0,0.0,0.0,0.0,0.0,0.0,0.0,0.0,0.0,0.0,0.9180287992505011,0.9118598038152173,0.02262853524443256,0.01131426762221628,0.9180287992505011,2,1,8.333333333333332,0.3384875926726366
RMRJXGBAOAMLHD,Low back pain,0,38.0,0.0,0.0,0.0,0.0,0.0,0.0,0.0,0.0,0.0,0.0,0.0,0.0,0.9180287992505011,0.9118598038152173,0.02262853524443256,0.01131426762221628,0.9180287992505011,2,1,8.333333333333332,0.3384875926726366
KORNTPPJEAJQIU,Prevention of Ovarian Hyperstimulation Syndrome,0,68.0,0.0,0.0,0.0,0.0,0.0,0.0,0.0,0.0,0.0,0.0,0.0,0.0,0.6006306538521605,0.6006306538521605,0.03706689168770857,0.03706689168770857,0.6006306538521605,1,1,0.0,0.0
GAGWJHPBXLXJQN,Metastatic Colorectal Cancer,0,65.0,0.0,0.0,0.0,0.0,0.0,0.0,0.0,0.0,0.0,0.0,0.0,0.0,0.6743996008018137,0.6743996008018137,0.16889800172094316,0.16889800172094316,0.6743996008018137,1,1,24.75,0.21693878555472212
GAGWJHPBXLXJQN,Advanced Rectal Cancer,0,72.0,0.0,0.0,0.0,0.0,0.0,0.0,0.0,0.0,0.0,0.0,0.0,0.0,0.0,0.0,0.0,0.0,0.0,0,0,0.0,0.0
KPWSJANDNDDRMB,Major Depressive Disorder,1,38.0,0.8596325137173666,0.4298162568586833,0.0,0.0,0.6751831420974066,0.5945031261193743,0.0,0.0,0.0,0.0,0.0,0.0,0.9940285518421067,0.9853502868068297,0.508995189072585,0.4700723199354939,0.9940285518421067,2,1,-10.139534883720927,-0.0007993374707345735
ZCCUWMICIWSJIX,Complicated Skin and Soft Tissue Infection,0,89.0,0.0,0.0,0.0,0.0,0.0,0.0,0.0,0.0,0.0,0.0,0.0,0.0,0.0,0.0,0.0,0.0,0.0,0,0,0.0,0.0
RZEKVGVHFLEQIL,Other Acute Postoperative Pain,0,58.0,0.0,0.0,0.0,0.0,0.0,0.0,0.0,0.0,0.0,0.0,0.0,0.0,0.0,0.0,0.0,0.0,0.0,0,0,0.0,0.0
WHTVZRBIWZFKQO,Malaria,0,78.0,0.0,0.0,0.0,0.0,0.0,0.0,0.0,0.0,0.0,0.0,0.0,0.0,0.0,0.0,0.0,0.0,0.0,0,0,0.0,0.0
WHTVZRBIWZFKQO,Malaria,0,78.0,0.0,0.0,0.0,0.0,0.0,0.0,0.0,0.0,0.0,0.0,0.0,0.0,0.0,0.0,0.0,0.0,0.0,0,0,0.0,0.0
WHTVZRBIWZFKQO,Vivax Malaria,0,82.0,0.0,0.0,0.0,0.0,0.0,0.0,0.0,0.0,0.0,0.0,0.0,0.0,0.0,0.0,0.0,0.0,0.0,0,0,0.0,0.0
GJSURZIOUXUGAL,hyperemesis gravidarum,0,28.0,0.0,0.0,0.0,0.0,0.0,0.0,0.0,0.0,0.0,0.0,0.0,0.0,0.42555155832813474,0.4255515583281347,0.0,0.0,0.42555155832813474,3,1,0.0,0.0
GKTWGGQPFAXNFI,Coronary Artery Disease,0,70.0,0.0,0.0,0.0,0.0,0.0,0.0,0.0,0.0,0.0,0.0,0.0,0.0,0.9976134733445021,0.9976134733445021,0.31455328780724245,0.31455328780724245,0.9976134733445021,1,1,10.799999999999997,0.03508884769268095
GKTWGGQPFAXNFI,Acute Coronary Syndrome,0,87.0,0.0,0.0,0.0,0.0,0.0,0.0,0.0,0.0,0.0,0.0,0.0,0.0,0.9970589630875856,0.9970589630875856,0.19068552407289788,0.19068552407289788,0.9970589630875856,1,1,16.0,0.1507773288085874
GKTWGGQPFAXNFI,Acute Ischemic Stroke,0,67.0,0.0,0.0,0.0,0.0,0.0,0.0,0.0,0.0,0.0,0.0,0.0,0.0,0.682103257387594,0.682103257387594,0.4066089106318993,0.4066089106318993,0.682103257387594,1,1,0.0,0.0
IAKHMKGGTNLKSZ,arrhythmia,0,38.0,0.0,0.0,0.0,0.0,0.0,0.0,0.0,0.0,0.0,0.0,0.0,0.0,0.0,0.0,0.0,0.0,0.0,0,0,0.0,0.0
KTEIFNKAUNYNJU,Lung Cancer,0,70.0,0.48192219376726453,0.08032036562787742,0.0,0.0,0.48952874318965406,0.08158812386494234,0.979400228199195,0.45362219372576645,0.0,0.0,0.951883250002906,0.7075549778432496,0.9884617312605192,0.9748314190517932,0.9977179089245308,0.8828926314783286,0.9977179089245308,6,1,12.548387096774192,0.05858331490354196
FKRSSPOQAMALKA,hepatitis C virus infection,0,88.0,0.0,0.0,0.0,0.0,0.0,0.0,0.0,0.0,0.0,0.0,0.0,0.0,0.0,0.0,0.0,0.0,0.0,0,0,6.472972972972968,0.0
FKRSSPOQAMALKA,hepatitis C virus infection,0,88.0,0.0,0.0,0.0,0.0,0.0,0.0,0.0,0.0,0.0,0.0,0.0,0.0,0.0,0.0,0.0,0.0,0.0,0,0,6.472972972972968,0.0
FKRSSPOQAMALKA,hepatitis C virus infection,0,88.0,0.0,0.0,0.0,0.0,0.0,0.0,0.0,0.0,0.0,0.0,0.0,0.0,0.0,0.0,0.0,0.0,0.0,0,0,6.472972972972968,0.0
FKRSSPOQAMALKA,hepatitis C virus infection,0,88.0,0.0,0.0,0.0,0.0,0.0,0.0,0.0,0.0,0.0,0.0,0.0,0.0,0.0,0.0,0.0,0.0,0.0,0,0,6.472972972972968,0.0
JVHXJTBJCFBINQ,Type 2 Diabetes,0,60.0,0.0,0.0,0.0,0.0,0.0,0.0,0.0,0.0,0.0,0.0,0.0,0.0,0.9974377552980216,0.9974377552980216,0.9481524627860095,0.9481524627860095,0.9974377552980216,1,1,0.46052631578947256,0.017297779805260594
JVHXJTBJCFBINQ,Type 2 Diabetes,0,60.0,0.0,0.0,0.0,0.0,0.0,0.0,0.0,0.0,0.0,0.0,0.0,0.0,0.9974377552980216,0.9974377552980216,0.9481524627860095,0.9481524627860095,0.9974377552980216,1,1,0.46052631578947256,0.017297779805260594
JVHXJTBJCFBINQ,Type 2 Diabetes,0,60.0,0.0,0.0,0.0,0.0,0.0,0.0,0.0,0.0,0.0,0.0,0.0,0.0,0.9974377552980216,0.9974377552980216,0.9481524627860095,0.9481524627860095,0.9974377552980216,1,1,0.46052631578947256,0.017297779805260594
HCYAFALTSJYZDH,gastroesophageal reflux disease,0,26.0,0.0,0.0,0.0,0.0,0.0,0.0,0.0,0.0,0.0,0.0,0.0,0.0,0.5796029111395795,0.5796029111395795,0.0,0.0,0.5796029111395795,1,1,-7.666666666666664,0.028272119129631124
UREBDLICKHMUKA,Multiple Myeloma,0,67.0,0.0,0.0,0.0,0.0,0.0,0.0,0.0,0.0,0.0,0.0,0.0,0.0,0.9809307646396322,0.9809307646396322,0.6774934245753107,0.6774934245753107,0.9809307646396322,1,1,-4.63636363636364,0.14421219738142943
UREBDLICKHMUKA,Purpura; Idiopathic Thrombocytopenic Purpura,0,77.0,0.0,0.0,0.0,0.0,0.2547837972790304,0.2547837972790304,0.0,0.0,0.0,0.0,0.0,0.0,0.9955952099057295,0.9955952099057295,0.28718598555849595,0.28718598555849595,0.9955952099057295,1,1,0.0,0.0
UREBDLICKHMUKA,Immune Thrombocytopenia,0,78.0,0.0,0.0,0.0,0.0,0.0,0.0,0.0,0.0,0.0,0.0,0.0,0.0,0.0,0.0,0.0,0.0,0.0,0,0,10.0,0.0
DCOPUUMXTXDBNB,Osteoarthritis,0,48.0,0.0,0.0,0.0,0.0,0.0,0.0,0.0,0.0,0.04398940613060317,0.021994703065301584,0.0,0.0,0.9992920723058388,0.9991810606054665,0.39550523801329834,0.28001785857941397,0.9992920723058388,2,1,8.307692307692307,0.15727765034502972
GZSOSUNBTXMUFQ,chronic venous disease,0,40.0,0.0,0.0,0.0,0.0,0.0,0.0,0.0,0.0,0.0,0.0,0.0,0.0,0.0,0.0,0.0,0.0,0.0,0,0,0.0,0.0
RHWKPHLQXYSBKR,infection,0,82.0,0.0,0.0,0.0,0.0,0.0,0.0,0.0,0.0,0.0,0.0,0.0,0.0,0.0,0.0,0.0,0.0,0.0,0,0,-0.4000000000000057,0.0
ZEUITGRIYCTCEM,Fibromyalgia,0,60.0,0.0,0.0,0.0,0.0,0.0,0.0,0.0,0.0,0.0,0.0,0.0,0.0,0.99003225421261,0.989874444207973,0.22737422955714656,0.12888538471886382,0.99003225421261,2,1,16.25,0.24750806355315247
XPOQHMRABVBWPR,HIV infection,0,88.0,0.0,0.0,0.0,0.0,0.0,0.0,0.0,0.0,0.0,0.0,0.0,0.0,0.0,0.0,0.0,0.0,0.0,0,0,16.058823529411768,-0.07569723439911848
XDXWLKQMMKQXPV,immune thrombocytopenia,0,68.0,0.0,0.0,0.0,0.0,0.0,0.0,0.0,0.0,0.0,0.0,0.0,0.0,0.0,0.0,0.0,0.0,0.0,0,0,-4.0,0.0
XDXWLKQMMKQXPV,immune thrombocytopenia,0,68.0,0.0,0.0,0.0,0.0,0.0,0.0,0.0,0.0,0.0,0.0,0.0,0.0,0.0,0.0,0.0,0.0,0.0,0,0,-4.0,0.0
QFNHIDANIVGXPE,irritable bowel syndrome,0,55.0,0.0,0.0,0.0,0.0,0.0,0.0,0.0,0.0,0.0,0.0,0.0,0.0,0.0,0.0,0.0,0.0,0.0,0,0,5.166666666666664,0.0
QFNHIDANIVGXPE,irritable bowel syndrome,0,55.0,0.0,0.0,0.0,0.0,0.0,0.0,0.0,0.0,0.0,0.0,0.0,0.0,0.0,0.0,0.0,0.0,0.0,0,0,5.166666666666664,0.0
JUKPWJGBANNWMW,Type 2 Diabetes,0,30.0,0.0,0.0,0.0,0.0,0.0,0.0,0.0,0.0,0.0,0.0,0.0,0.0,0.8762911455413431,0.8762911455413431,0.5936862873508182,0.5936862873508182,0.8762911455413431,1,1,-29.539473684210527,-0.10384882995141786
OROAFUQRIXKEMV,Essential Hypertension,0,76.0,0.8051397966329676,0.8051397966329676,0.865457038266544,0.865457038266544,0.762408017466963,0.762408017466963,0.0,0.0,0.0,0.0,0.0,0.0,0.9197434486627256,0.9197434486627256,0.5659982429764635,0.5659982429764635,0.9197434486627256,1,1,4.799999999999997,0.0661921705693076
OLNTVTPDXPETLC,Hypercholesterolemia,0,75.0,0.8158801617544358,0.8158801617544358,0.0,0.0,0.0,0.0,0.0,0.0,0.0,0.0,0.0,0.0,0.9919633381901906,0.9919633381901906,0.1313564894078266,0.1313564894078266,0.9919633381901906,1,1,-5.357142857142861,0.02105815981356951
OLNTVTPDXPETLC,Hypercholesterolemia,0,75.0,0.8158801617544358,0.8158801617544358,0.0,0.0,0.0,0.0,0.0,0.0,0.0,0.0,0.0,0.0,0.9919633381901906,0.9919633381901906,0.1313564894078266,0.1313564894078266,0.9919633381901906,1,1,-5.357142857142861,0.02105815981356951
OLNTVTPDXPETLC,Hypercholesterolemia,0,75.0,0.8158801617544358,0.8158801617544358,0.0,0.0,0.0,0.0,0.0,0.0,0.0,0.0,0.0,0.0,0.9919633381901906,0.9919633381901906,0.1313564894078266,0.1313564894078266,0.9919633381901906,1,1,-5.357142857142861,0.02105815981356951
GGXKWVWZWMLJEH,genital herpes,0,82.0,0.0,0.0,0.0,0.0,0.0,0.0,0.0,0.0,0.0,0.0,0.0,0.0,0.0,0.0,0.0,0.0,0.0,0,0,0.0,0.0
GGXKWVWZWMLJEH,Herpes Zoster,0,80.0,0.0,0.0,0.0,0.0,0.0,0.0,0.0,0.0,0.0,0.0,0.0,0.0,0.0,0.0,0.0,0.0,0.0,0,0,0.0,0.0
KKGQTZUTZRNORY,Multiple Sclerosis,0,78.0,0.0,0.0,0.0,0.0,0.0,0.0,0.0,0.0,0.0,0.0,0.0,0.0,0.9914416928427081,0.9914416928427081,0.18971314188267613,0.18971314188267613,0.9914416928427081,1,1,20.476190476190474,0.1747518045821197
KKGQTZUTZRNORY,chronic inflammatory demyelinating polyradiculoneuropathy,0,42.0,0.0,0.0,0.0,0.0,0.0,0.0,0.0,0.0,0.0,0.0,0.0,0.0,0.0,0.0,0.0,0.0,0.0,0,0,0.0,0.0
XTULMSXFIHGYFS,chronic obstructive pulmonary disease,0,44.0,0.5748219056004791,0.5748219056004791,0.0,0.0,0.34890668301924965,0.34890668301924965,0.0,0.0,0.0,0.0,0.0,0.0,0.9966181571042239,0.9966181571042239,0.779697199646036,0.779697199646036,0.9966181571042239,1,1,-7.75,-0.001645291021584283
XTULMSXFIHGYFS,rhinitis,0,75.0,0.0,0.0,0.0,0.0,0.0,0.0,0.0,0.0,0.0,0.0,0.0,0.0,0.0,0.0,0.0,0.0,0.0,0,0,6.5,0.0
XTULMSXFIHGYFS,perennial allergic rhinitis,0,82.0,0.0,0.0,0.0,0.0,0.0,0.0,0.0,0.0,0.0,0.0,0.0,0.0,0.9966440958103557,0.9966440958103557,0.09436782621273954,0.09436782621273954,0.9966440958103557,1,1,8.777777777777771,-0.00019516194034063794
WMWTYOKRWGGJOA,allergic rhinitis,0,82.0,0.0,0.0,0.0,0.0,0.0,0.0,0.0,0.0,0.0,0.0,0.0,0.0,0.0,0.0,0.0,0.0,0.0,0,0,10.0,0.0
KANJSNBRCNMZMV,venous thromboembolism,0,88.0,0.38333524353674375,0.38333524353674375,0.0,0.0,0.0,0.0,0.0,0.0,0.0,0.0,0.0,0.0,0.9682196457479041,0.9682196457479041,0.8291938332312183,0.8291938332312183,0.9682196457479041,1,1,6.0,0.009367465936238162
VWUXBMIQPBEWFH,Metastatic Breast Cancer,0,82.0,0.7362363711407216,0.7362363711407216,0.0,0.0,0.2784930983858836,0.2784930983858836,0.8492097570461924,0.8492097570461924,0.0,0.0,0.8496114818642673,0.8496114818642673,0.9932371323482767,0.9932371323482767,0.9993172641092537,0.9993172641092537,0.9993172641092537,1,1,16.933333333333337,0.007156634919012306
WIGIZIANZCJQQY,Type 2 Diabetes,0,48.0,0.9356596165007461,0.9349191954104858,0.9066612367713315,0.8860591375189377,0.6047921859992851,0.30239609299964254,0.0,0.0,0.0,0.0,0.7133145042531812,0.6661430003140467,0.9984995303029797,0.9984995303029797,0.921228327080409,0.8332079592228658,0.9984995303029797,2,1,-11.539473684210527,0.01835955481021867
XGALLCVXEZPNRQ,Non-Small Cell Lung Cancer,1,65.0,0.9336832402296186,0.9336832402296186,0.6079307976116209,0.6079307976116209,0.0,0.0,0.8735498843346562,0.8735498843346562,0.0,0.0,0.9409039510472654,0.9409039510472654,0.9960065980462496,0.9960065980462496,0.9994311108906085,0.9994311108906085,0.9994311108906085,1,1,-6.5,0.0008566009830388577
SDUQYLNIPVEERB,Pancreatic Adenocarcinoma (Ductal Adenocarcinoma),0,45.0,0.0,0.0,0.0,0.0,0.0,0.0,0.0,0.0,0.0,0.0,0.0,0.0,0.6401448805275487,0.6401448805275487,0.07903100368951074,0.07903100368951074,0.6401448805275487,1,1,0.0,0.0
SDUQYLNIPVEERB,Maintenance Therapies in Advanced Non Small Cell Lung Cancer,0,40.0,0.0,0.0,0.0,0.0,0.0,0.0,0.0,0.0,0.0,0.0,0.0,0.0,0.0,0.0,0.0,0.0,0.0,0,0,0.0,0.0
SDUQYLNIPVEERB,Metastatic or Locally Advanced Unresectable Pancreatic Adenocarcinoma,0,45.0,0.0,0.0,0.0,0.0,0.0,0.0,0.0,0.0,0.0,0.0,0.0,0.0,0.0,0.0,0.0,0.0,0.0,0,0,0.0,0.0
WIGIZIANZCJQQY,Diabetic Patients,0,50.0,0.0,0.0,0.0,0.0,0.0,0.0,0.0,0.0,0.0,0.0,0.0,0.0,0.0,0.0,0.0,0.0,0.0,0,0,0.0,0.0
WIGIZIANZCJQQY,Type 2 Diabetes Mellitus,0,50.0,0.9356596165007461,0.9349191954104858,0.9066612367713315,0.8860591375189377,0.6047921859992851,0.30239609299964254,0.0,0.0,0.0,0.0,0.7133145042531812,0.6661430003140467,0.9984995303029797,0.9984995303029797,0.921228327080409,0.8332079592228658,0.9984995303029797,2,1,-15.228571428571428,0.028797113762327076
ZNNLBTZKUZBEKO,Diabetes,1,48.0,0.0,0.0,0.0,0.0,0.0,0.0,0.0,0.0,0.0,0.0,0.0,0.0,0.0,0.0,0.0,0.0,0.0,0,0,-13.733333333333334,0.0
MFWNKCLOYSRHCJ,Vaginal Cancer,0,8.0,0.0,0.0,0.0,0.0,0.0,0.0,0.0,0.0,0.0,0.0,0.0,0.0,0.0,0.0,0.0,0.0,0.0,0,0,-5.0,0.0
LNEPOXFFQSENCJ,Psychomotor Agitation,0,68.0,0.0,0.0,0.0,0.0,0.0,0.0,0.0,0.0,0.0,0.0,0.0,0.0,0.0,0.0,0.0,0.0,0.0,0,0,0.0,0.0
RPTUSVTUFVMDQK,preeclampsia,0,48.0,0.0,0.0,0.0,0.0,0.0,0.0,0.0,0.0,0.0,0.0,0.0,0.0,0.0,0.0,0.0,0.0,0.0,0,0,17.333333333333332,0.0
XYFPWWZEPKGCCK,Chronic Lymphocytic Leukemia,0,90.0,0.0,0.0,0.0,0.0,0.0,0.0,0.607930797611621,0.607930797611621,0.0,0.0,0.607930797611621,0.607930797611621,0.9866191875662546,0.9866191875662546,0.9290050201076685,0.9290050201076685,0.9866191875662546,1,1,3.0,0.038255701190744396
XYFPWWZEPKGCCK,Cell Lymphoma,0,70.0,0.0,0.0,0.0,0.0,0.0,0.0,0.607930797611621,0.607930797611621,0.0,0.0,0.4559480982087158,0.4559480982087158,0.9790244990922777,0.9790244990922777,0.7782577019255041,0.7782577019255041,0.9790244990922777,1,1,3.6666666666666714,0.3117857794954143
HEFNNWSXXWATRW,Pain,0,72.0,0.0,0.0,0.0,0.0,0.0,0.0,0.0,0.0,0.0,0.0,0.0,0.0,0.9995731537430043,0.9995540689241746,0.14491866369298037,0.08073394548064836,0.9995731537430043,2,1,7.8799999999999955,0.058264509637515505
HEFNNWSXXWATRW,Pain,0,72.0,0.0,0.0,0.0,0.0,0.0,0.0,0.0,0.0,0.0,0.0,0.0,0.0,0.9995731537430043,0.9995540689241746,0.14491866369298037,0.08073394548064836,0.9995731537430043,2,1,7.8799999999999955,0.058264509637515505
HEFNNWSXXWATRW,Forearm Fracture,0,45.0,0.0,0.0,0.0,0.0,0.0,0.0,0.0,0.0,0.0,0.0,0.0,0.0,0.0,0.0,0.0,0.0,0.0,0,0,0.0,0.0
HEFNNWSXXWATRW,Patent Ductus Arteriosus,0,83.0,0.0,0.0,0.0,0.0,0.0,0.0,0.0,0.0,0.0,0.0,0.0,0.0,0.9597896975243801,0.9597896975243801,0.6368284955532488,0.35818305412038465,0.9597896975243801,2,1,0.0,0.0
HEFNNWSXXWATRW,Primary Dysmenorrhoea,0,84.0,0.0,0.0,0.0,0.0,0.0,0.0,0.0,0.0,0.0,0.0,0.0,0.0,0.0,0.0,0.0,0.0,0.0,0,0,0.0,0.0
IFSDAJWBUCMOAH,Previously Treated Chronic Lymphocytic Leukemia,0,80.0,0.0,0.0,0.0,0.0,0.0,0.0,0.0,0.0,0.0,0.0,0.0,0.0,0.9653877153634417,0.9653877153634417,0.8930863501746991,0.8930863501746991,0.9653877153634417,1,1,0.0,0.0
IFSDAJWBUCMOAH,Previously Treated Chronic Lymphocytic Leukemia,0,80.0,0.0,0.0,0.0,0.0,0.0,0.0,0.0,0.0,0.0,0.0,0.0,0.0,0.9653877153634417,0.9653877153634417,0.8930863501746991,0.8930863501746991,0.9653877153634417,1,1,0.0,0.0
PURKAOJPTOLRMP,cystic fibrosis,1,85.0,0.9678729716442139,0.9678729716442139,0.8773170744461322,0.8773170744461322,0.43591187534835524,0.43591187534835524,0.9285669064556789,0.9285669064556789,0.0,0.0,0.0,0.0,0.9904941908672886,0.9904941908672886,0.9950080483633249,0.9950080483633249,0.9950080483633249,1,1,0.5,0.0
PURKAOJPTOLRMP,cystic fibrosis,0,85.0,0.9678729716442139,0.9678729716442139,0.8773170744461322,0.8773170744461322,0.43591187534835524,0.43591187534835524,0.9285669064556789,0.9285669064556789,0.0,0.0,0.0,0.0,0.9904941908672886,0.9904941908672886,0.9950080483633249,0.9950080483633249,0.9950080483633249,1,1,0.5,0.0
ZCVMWBYGMWKGHF,fibromyalgia,0,25.0,0.0,0.0,0.0,0.0,0.0,0.0,0.0,0.0,0.0,0.0,0.0,0.0,0.42555155832813474,0.42555155832813474,0.0,0.0,0.42555155832813474,1,1,-6.0,-0.16303499948416256
VPPJLAIAVCUEMN,epilepsy,0,70.0,0.9750159084988218,0.4809470993610886,0.9198250332960655,0.41986048972501305,0.892851891179099,0.35841935486105775,0.0,0.0,0.0,0.0,0.547137717850459,0.0547137717850459,0.9987671453597234,0.9987670018184562,0.9683402365211742,0.4103610136791661,0.9987671453597234,10,1,4.181818181818187,0.027111982914907573
JTEGQNOMFQHVDC,HIV-1 infection,0,87.0,0.0,0.0,0.0,0.0,0.0,0.0,0.0,0.0,0.0,0.0,0.0,0.0,0.0,0.0,0.0,0.0,0.0,0,0,-2.285714285714292,0.0
JTEGQNOMFQHVDC,chronic hepatitis B virus infection,0,78.0,0.0,0.0,0.0,0.0,0.0,0.0,0.0,0.0,0.0,0.0,0.0,0.0,0.0,0.0,0.0,0.0,0.0,0,0,0.0,0.0
PYZRQGJRPPTADH,Bipolar Disorder,1,55.0,0.7246749994186954,0.07246749994186955,0.0,0.0,0.0,0.0,0.0,0.0,0.0,0.0,0.0,0.0,0.9952807732586858,0.9952736913165448,0.09415665967341989,0.034399933052519586,0.9952807732586858,10,1,7.666666666666664,0.18868614214162982
MJIHNNLFOKEZEW,Gastric Ulcers; Duodenal Ulcers,0,85.0,0.0,0.0,0.0,0.0,0.0,0.0,0.0,0.0,0.0,0.0,0.0,0.0,0.996303088351695,0.996303088351695,0.21303048918995818,0.10651524459497909,0.996303088351695,2,1,0.0,0.0
VHOGYURTWQBHIL,Myasthenia Gravis,0,48.0,0.0,0.0,0.0,0.0,0.0,0.0,0.0,0.0,0.0,0.0,0.0,0.0,0.42555155832813474,0.42555155832813474,0.0,0.0,0.42555155832813474,1,1,-8.5,0.0
GOTYRUGSSMKFNF,Follicular Lymphoma,0,60.0,0.0,0.0,0.0,0.0,0.0,0.0,0.0,0.0,0.0,0.0,0.0,0.0,0.9251458279126831,0.9251458279126831,0.01823792392834863,0.0045594809820871576,0.9251458279126831,4,1,-3.3333333333333357,0.09945314387853843
FGQFOYHRJSUHMR,gout,0,73.0,0.9214621954515188,0.9214621954515188,0.0,0.0,0.0,0.0,0.0,0.0,0.0,0.0,0.0,0.0,0.9605945319042539,0.9605945319042539,0.8072547140869234,0.8072547140869234,0.9605945319042539,1,1,-3.75,-0.010618201116987858
FGQFOYHRJSUHMR,gout,0,73.0,0.9214621954515188,0.9214621954515188,0.0,0.0,0.0,0.0,0.0,0.0,0.0,0.0,0.0,0.0,0.9605945319042539,0.9605945319042539,0.8072547140869234,0.8072547140869234,0.9605945319042539,1,1,-3.75,-0.010618201116987858
ZKLPARSLTMPFCP,rhinitis,0,62.0,0.0,0.0,0.0,0.0,0.0,0.0,0.0,0.0,0.0,0.0,0.0,0.0,0.0,0.0,0.0,0.0,0.0,0,0,-6.5,0.0
ZKLPARSLTMPFCP,perennial allergic rhinitis,0,62.0,0.0,0.0,0.0,0.0,0.0,0.0,0.0,0.0,0.0,0.0,0.0,0.0,0.998400553273422,0.998400553273422,0.3833883010710051,0.3833883010710051,0.998400553273422,1,1,-11.222222222222229,0.0015612955227256586
NNJVILVZKWQKPM,cardiac arrest,0,42.0,0.6613957284363995,0.33069786421819974,0.0,0.0,0.917378590161997,0.7743539843475127,0.0,0.0,0.0,0.0,0.0,0.0,0.0,0.0,0.3170262841568623,0.17523123901275073,0.917378590161997,2,1,4.0,0.23207588297182102
NNJVILVZKWQKPM,Low back pain,0,28.0,0.0,0.0,0.0,0.0,0.0,0.0,0.0,0.0,0.0,0.0,0.0,0.0,0.6167729521336497,0.6115559745222392,0.07421821820841873,0.007421821820841873,0.6167729521336497,10,1,-1.6666666666666679,0.037231745555785234
NNJVILVZKWQKPM,Nonviable pregnancy,0,22.0,0.0,0.0,0.0,0.0,0.0,0.0,0.0,0.0,0.0,0.0,0.0,0.0,0.0,0.0,0.0,0.0,0.0,0,0,0.0,0.0
JFOZKMSJYSPYLN,dry eye syndrome,0,58.0,0.0,0.0,0.0,0.0,0.0,0.0,0.0,0.0,0.0,0.0,0.0,0.0,0.0,0.0,0.0,0.0,0.0,0,0,0.0,0.0
JFOZKMSJYSPYLN,dry eye syndrome,0,58.0,0.0,0.0,0.0,0.0,0.0,0.0,0.0,0.0,0.0,0.0,0.0,0.0,0.0,0.0,0.0,0.0,0.0,0,0,0.0,0.0
LTXREWYXXSTFRX,Type 2 Diabetes,0,65.0,0.0,0.0,0.0,0.0,0.5511044663048749,0.5511044663048749,0.0,0.0,0.0,0.0,0.0,0.0,0.9981950138708703,0.9981950138708703,0.954188839355206,0.954188839355206,0.9981950138708703,1,1,5.460526315789473,0.01805503837810929
DIWRORZWFLOCLC,Perioperative Anxiety,0,62.0,0.0,0.0,0.0,0.0,0.0,0.0,0.0,0.0,0.0,0.0,0.0,0.0,0.0,0.0,0.0,0.0,0.0,0,0,0.0,0.0
WGFOBBZOWHGYQH,chronic idiopathic constipation,0,72.0,0.0,0.0,0.0,0.0,0.0,0.0,0.0,0.0,0.0,0.0,0.0,0.0,0.0,0.0,0.0,0.0,0.0,0,0,0.5714285714285694,0.0
XZWYZXLIPXDOLR,Type 2 Diabetes,0,74.0,0.0,0.0,0.3039653988058105,0.3039653988058105,0.0,0.0,0.0,0.0,0.0,0.0,0.0,0.0,0.9986081372456911,0.9986081372456911,0.17827377545849124,0.17827377545849124,0.9986081372456911,1,1,14.460526315789473,0.01846816175293009
DRLFMBDRBRZALE,Barrett's Esophagus,0,18.0,0.0,0.0,0.0,0.0,0.0,0.0,0.0,0.0,0.0,0.0,0.0,0.0,0.0,0.0,0.0,0.0,0.0,0,0,0.0,0.0
DRLFMBDRBRZALE,Diabetes; Glucose Tolerance,0,22.0,0.8969597064140472,0.8969597064140472,0.0,0.0,0.7085946026947754,0.7085946026947754,0.0,0.0,0.0,0.0,0.0,0.0,0.43315069329828,0.43315069329828,0.9282612403772378,0.9282612403772378,0.9282612403772378,1,1,0.0,0.0
ZRVUJXDFFKFLMG,Low Back Pain,0,42.0,0.0,0.0,0.0,0.0,0.0,0.0,0.0,0.0,0.0,0.0,0.0,0.0,0.6836084480054001,0.6836084480054001,0.04129763014686579,0.04129763014686579,0.6836084480054001,1,1,11.333333333333332,1.1102230246251565e-16
DMJNNHOOLUXYBV,Ventilator-associated Bacterial Pneumonia,0,88.0,0.0,0.0,0.0,0.0,0.0,0.0,0.0,0.0,0.0,0.0,0.0,0.0,0.0,0.0,0.0,0.0,0.0,0,0,0.0,0.0
DMJNNHOOLUXYBV,Sepsis,0,74.0,0.0,0.0,0.0,0.0,0.0,0.0,0.0,0.0,0.0,0.0,0.0,0.0,0.0,0.0,0.0,0.0,0.0,0,0,17.25,-0.3995915322824751
XZWYZXLIPXDOLR,Type 2 Diabetes Mellitus,0,78.0,0.0,0.0,0.3039653988058105,0.3039653988058105,0.0,0.0,0.0,0.0,0.0,0.0,0.0,0.0,0.9986081372456911,0.9986081372456911,0.17827377545849124,0.17827377545849124,0.9986081372456911,1,1,12.771428571428572,0.028905720705038496
XZWYZXLIPXDOLR,Type 2 Diabetes Mellitus,0,78.0,0.0,0.0,0.3039653988058105,0.3039653988058105,0.0,0.0,0.0,0.0,0.0,0.0,0.0,0.0,0.9986081372456911,0.9986081372456911,0.17827377545849124,0.17827377545849124,0.9986081372456911,1,1,12.771428571428572,0.028905720705038496
XZWYZXLIPXDOLR,Type 2 Diabetes,0,74.0,0.0,0.0,0.3039653988058105,0.3039653988058105,0.0,0.0,0.0,0.0,0.0,0.0,0.0,0.0,0.9986081372456911,0.9986081372456911,0.17827377545849124,0.17827377545849124,0.9986081372456911,1,1,14.460526315789473,0.01846816175293009
XZWYZXLIPXDOLR,Type 2 Diabetes Mellitus,0,78.0,0.0,0.0,0.3039653988058105,0.3039653988058105,0.0,0.0,0.0,0.0,0.0,0.0,0.0,0.0,0.9986081372456911,0.9986081372456911,0.17827377545849124,0.17827377545849124,0.9986081372456911,1,1,12.771428571428572,0.028905720705038496
XZWYZXLIPXDOLR,Type 2 Diabetes Mellitus,0,78.0,0.0,0.0,0.3039653988058105,0.3039653988058105,0.0,0.0,0.0,0.0,0.0,0.0,0.0,0.0,0.9986081372456911,0.9986081372456911,0.17827377545849124,0.17827377545849124,0.9986081372456911,1,1,12.771428571428572,0.028905720705038496
XZWYZXLIPXDOLR,Poor Glycemic Control,0,72.0,0.0,0.0,0.0,0.0,0.0,0.0,0.0,0.0,0.0,0.0,0.0,0.0,0.0,0.0,0.0,0.0,0.0,0,0,0.0,0.0
XZWYZXLIPXDOLR,Diabetes Mellitus,0,68.0,0.57753425773104,0.57753425773104,0.3039653988058105,0.3039653988058105,0.0,0.0,0.0,0.0,0.0,0.0,0.0,0.0,0.9987853341886563,0.9987853341886563,0.18074232535853035,0.18074232535853035,0.9987853341886563,1,1,6.666666666666664,0.0347561653522076
USSIQXCVUWKGNF,of Cancer,0,45.0,0.0,0.0,0.0,0.0,0.0,0.0,0.0,0.0,0.0,0.0,0.0,0.0,0.0,0.0,0.0,0.0,0.0,0,0,0.0,0.0
VHRSUDSXCMQTMA,Community Acquired Respiratory Disease Syndrome,1,50.0,0.0,0.0,0.0,0.0,0.0,0.0,0.0,0.0,0.0,0.0,0.0,0.0,0.0,0.0,0.0,0.0,0.0,0,0,0.0,0.0
TTWJBBZEZQICBI,sialorrhea,0,30.0,0.0,0.0,0.0,0.0,0.0,0.0,0.0,0.0,0.0,0.0,0.0,0.0,0.0,0.0,0.0,0.0,0.0,0,0,0.0,0.0
DDLIGBOFAVUZHB,hip fracture,0,28.0,0.0,0.0,0.0,0.0,0.0,0.0,0.0,0.0,0.0,0.0,0.0,0.0,0.0,0.0,0.0,0.0,0.0,0,0,-2.0,-0.27652407808028595
DDLIGBOFAVUZHB,Hypertension,0,12.0,0.500023767549804,0.40536141438771417,0.0,0.0,0.0,0.0,0.0,0.0,0.0,0.0,0.0,0.0,0.6060630991056253,0.6060630991056253,0.03343619386863916,0.00835904846715979,0.6060630991056253,4,1,-56.58333333333333,-0.35903291895212286
PTKSEFOSCHHMPD,hypotension,0,73.0,0.0,0.0,0.0,0.0,0.0,0.0,0.0,0.0,0.0,0.0,0.0,0.0,0.9753060995268333,0.9753060995268333,0.04238628616681025,0.04238628616681025,0.9753060995268333,1,1,4.400000000000006,0.17074398800090174
PTKSEFOSCHHMPD,orthostatic hypotension,1,76.0,0.0,0.0,0.0,0.0,0.0,0.0,0.0,0.0,0.0,0.0,0.0,0.0,0.0,0.0,0.0,0.0,0.0,0,0,0.0,0.0
PBAPPPCECJKMCM,"Urologic Diseases; Urinary Bladder, Overactive; Urinary Bladder Diseases",0,68.0,0.0,0.0,0.0,0.0,0.0,0.0,0.0,0.0,0.0,0.0,0.0,0.0,0.9863516477516826,0.9863516477516826,0.8414414006688581,0.8414414006688581,0.9863516477516826,1,1,0.0,0.0
OJLOPKGSLYJEMD,Failed labor induction,0,78.0,0.0,0.0,0.0,0.0,0.0,0.0,0.0,0.0,0.0,0.0,0.0,0.0,0.0,0.0,0.0,0.0,0.0,0,0,0.0,0.0
OJLOPKGSLYJEMD,infertility,0,12.0,0.0,0.0,0.0,0.0,0.0,0.0,0.0,0.0,0.0,0.0,0.0,0.0,0.0,0.0,0.0,0.0,0.0,0,0,-3.0,-0.444078652405616
OJLOPKGSLYJEMD,postpartum hemorrhage,1,80.0,0.0,0.0,0.0,0.0,0.0,0.0,0.0,0.0,0.0,0.0,0.0,0.0,0.6714874940140031,0.6714874940140031,0.0,0.0,0.6714874940140031,1,1,0.0,0.0
OJLOPKGSLYJEMD,postpartum hemorrhage,0,80.0,0.0,0.0,0.0,0.0,0.0,0.0,0.0,0.0,0.0,0.0,0.0,0.0,0.6714874940140031,0.6714874940140031,0.0,0.0,0.6714874940140031,1,1,0.0,0.0
WOFMFGQZHJDGCX,allergic rhinitis,0,74.0,0.0,0.0,0.0,0.0,0.0,0.0,0.0,0.0,0.0,0.0,0.0,0.0,0.0,0.0,0.0,0.0,0.0,0,0,2.0,0.0
WOFMFGQZHJDGCX,seasonal allergic rhinitis,0,76.0,0.0,0.0,0.0,0.0,0.0,0.0,0.0,0.0,0.0,0.0,0.0,0.0,0.986523167562621,0.986523167562621,0.0,0.0,0.986523167562621,1,1,11.5,-0.007028368008780372
FABPRXSRWADJSP,Chronic Obstructive Pulmonary Disease,0,46.0,0.0,0.0,0.0,0.0,0.0,0.0,0.0,0.0,0.0,0.0,0.0,0.0,0.0,0.0,0.0,0.0,0.0,0,0,-11.769230769230766,-0.9335143826445482
FABPRXSRWADJSP,Community-acquired Bacterial Pneumonia,0,82.0,0.0,0.0,0.0,0.0,0.0,0.0,0.0,0.0,0.0,0.0,0.0,0.0,0.0,0.0,0.0,0.0,0.0,0,0,0.0,0.0
DQCKKXVULJGBQN,HIV Infection,1,13.0,0.0,0.0,0.0,0.0,0.0,0.0,0.0,0.0,0.0,0.0,0.0,0.0,0.6302169748067669,0.6028901400289216,0.12944543323493007,0.07194075579852709,0.6302169748067669,3,1,0.0,0.0
KOHIRBRYDXPAMZ,cardiomyopathy,0,54.0,0.0,0.0,0.0,0.0,0.0,0.0,0.0,0.0,0.0,0.0,0.0,0.0,0.727828260473913,0.727828260473913,0.5304886218947032,0.5304886218947032,0.727828260473913,1,1,-8.666666666666664,-0.1637611036242851
SNICXCGAKADSCV,smoking cessation,0,72.0,0.7252476303015531,0.3626238151507766,0.0,0.0,0.0,0.0,0.0,0.0,0.0,0.0,0.0,0.0,0.691865354020246,0.691865354020246,0.0,0.0,0.7252476303015531,2,1,-5.714285714285708,-1.1102230246251565e-16
HHZIURLSWUIHRB,Chronic Myeloid Leukemia,0,94.0,0.7960994423714745,0.7960994423714745,0.607930797611621,0.607930797611621,0.0,0.0,0.9671529481664186,0.9671529481664186,0.0,0.0,0.8100002399510838,0.8100002399510838,0.9946214268286212,0.9946214268286212,0.9917245741988947,0.9917245741988947,0.9946214268286212,1,1,-0.5999999999999943,0.0
HHZIURLSWUIHRB,Chronic Myeloid Leukemia,0,94.0,0.7960994423714745,0.7960994423714745,0.607930797611621,0.607930797611621,0.0,0.0,0.9671529481664186,0.9671529481664186,0.0,0.0,0.8100002399510838,0.8100002399510838,0.9946214268286212,0.9946214268286212,0.9917245741988947,0.9917245741988947,0.9946214268286212,1,1,-0.5999999999999943,0.0
XZXHXSATPCNXJR,Idiopathic Pulmonary Fibrosis,0,72.0,0.0,0.0,0.0,0.0,0.0,0.0,0.0,0.0,0.0,0.0,0.0,0.0,0.9625742358297891,0.9625742358297891,0.25695714988049195,0.1837669487697217,0.9625742358297891,3,1,9.0,0.48128711791489454
MKMPWKUAHLTIBJ,Type 2 Diabetes Mellitus,0,58.0,0.0,0.0,0.0,0.0,0.5511044663048749,0.5511044663048749,0.0,0.0,0.0,0.0,0.0,0.0,0.9981950138708703,0.9981950138708703,0.954188839355206,0.954188839355206,0.9981950138708703,1,1,-7.228571428571428,0.028492597330217695
MKMPWKUAHLTIBJ,Type 2 Diabetes Mellitus,0,58.0,0.0,0.0,0.0,0.0,0.5511044663048749,0.5511044663048749,0.0,0.0,0.0,0.0,0.0,0.0,0.9981950138708703,0.9981950138708703,0.954188839355206,0.954188839355206,0.9981950138708703,1,1,-7.228571428571428,0.028492597330217695
MKMPWKUAHLTIBJ,Type 2 Diabetes Mellitus,0,58.0,0.0,0.0,0.0,0.0,0.5511044663048749,0.5511044663048749,0.0,0.0,0.0,0.0,0.0,0.0,0.9981950138708703,0.9981950138708703,0.954188839355206,0.954188839355206,0.9981950138708703,1,1,-7.228571428571428,0.028492597330217695
MKMPWKUAHLTIBJ,Type 2 Diabetes Mellitus,0,58.0,0.0,0.0,0.0,0.0,0.5511044663048749,0.5511044663048749,0.0,0.0,0.0,0.0,0.0,0.0,0.9981950138708703,0.9981950138708703,0.954188839355206,0.954188839355206,0.9981950138708703,1,1,-7.228571428571428,0.028492597330217695
MKMPWKUAHLTIBJ,Type 2 Diabetes Mellitus,0,58.0,0.0,0.0,0.0,0.0,0.5511044663048749,0.5511044663048749,0.0,0.0,0.0,0.0,0.0,0.0,0.9981950138708703,0.9981950138708703,0.954188839355206,0.954188839355206,0.9981950138708703,1,1,-7.228571428571428,0.028492597330217695
MKMPWKUAHLTIBJ,Type 2 Diabetes Mellitus,0,58.0,0.0,0.0,0.0,0.0,0.5511044663048749,0.5511044663048749,0.0,0.0,0.0,0.0,0.0,0.0,0.9981950138708703,0.9981950138708703,0.954188839355206,0.954188839355206,0.9981950138708703,1,1,-7.228571428571428,0.028492597330217695
FELGMEQIXOGIFQ,Vaginal Cancer,0,18.0,0.0,0.0,0.0,0.0,0.0,0.0,0.0,0.0,0.0,0.0,0.0,0.0,0.0,0.0,0.0,0.0,0.0,0,0,5.0,0.0
XIQVNETUBQGFHX,neurogenic bladder,0,66.0,0.0,0.0,0.0,0.0,0.0,0.0,0.0,0.0,0.0,0.0,0.0,0.0,0.0,0.0,0.0,0.0,0.0,0,0,0.0,0.0
RCINICONZNJXQF,Advanced Cervical Cancer,0,58.0,0.0,0.0,0.0,0.0,0.0,0.0,0.0,0.0,0.0,0.0,0.0,0.0,0.9566746166724645,0.9566746166724641,0.12969190349047918,0.026439360707238742,0.9566746166724645,15,1,0.0,0.0
RCINICONZNJXQF,Metastatic Breast Cancer,0,58.0,0.0,0.0,0.0,0.0,0.0,0.0,0.0,0.0,0.0,0.0,0.0,0.0,0.9958826872684627,0.9958826606132426,0.7189793669490522,0.3061028748634998,0.9958826872684627,15,1,-7.066666666666663,0.0037220580782213464
RCINICONZNJXQF,Advanced Breast Cancer,0,68.0,0.0,0.0,0.0,0.0,0.0,0.0,0.0,0.0,0.0,0.0,0.0,0.0,0.9958826872684627,0.9958826606132426,0.7189793669490522,0.3061028748634998,0.9958826872684627,15,1,-9.454545454545453,0.0017609957495995365
RCINICONZNJXQF,Early Breast Cancer,0,70.0,0.0,0.0,0.0,0.0,0.0,0.0,0.0,0.0,0.0,0.0,0.0,0.0,0.9958826872684627,0.9958826606132426,0.7189793669490522,0.3061028748634998,0.9958826872684627,15,1,0.0,0.0
RCINICONZNJXQF,Breast Cancer,0,73.0,0.0,0.0,0.0,0.0,0.0,0.0,0.0,0.0,0.0,0.0,0.0,0.0,0.9958826872684627,0.9958826606132426,0.7189793669490522,0.3061028748634998,0.9958826872684627,15,1,15.524999999999999,0.2503486472302925
RCINICONZNJXQF,Metastatic Breast Cancer,0,58.0,0.0,0.0,0.0,0.0,0.0,0.0,0.0,0.0,0.0,0.0,0.0,0.0,0.9958826872684627,0.9958826606132426,0.7189793669490522,0.3061028748634998,0.9958826872684627,15,1,-7.066666666666663,0.0037220580782213464
RCINICONZNJXQF,Lung Cancer,0,63.0,0.0,0.0,0.0,0.0,0.0,0.0,0.0,0.0,0.0,0.0,0.0,0.0,0.9941983815907179,0.9941983392277063,0.7481489379607551,0.2544792044528911,0.9941983815907179,15,1,5.548387096774192,0.05506378756972907
RCINICONZNJXQF,Metastatic Breast Cancer,0,58.0,0.0,0.0,0.0,0.0,0.0,0.0,0.0,0.0,0.0,0.0,0.0,0.0,0.9958826872684627,0.9958826606132426,0.7189793669490522,0.3061028748634998,0.9958826872684627,15,1,-7.066666666666663,0.0037220580782213464
RCINICONZNJXQF,Breast Cancer,0,73.0,0.0,0.0,0.0,0.0,0.0,0.0,0.0,0.0,0.0,0.0,0.0,0.0,0.9958826872684627,0.9958826606132426,0.7189793669490522,0.3061028748634998,0.9958826872684627,15,1,15.524999999999999,0.2503486472302925
IQPSEEYGBUAQFF,Peptic Ulcer,0,85.0,0.0,0.0,0.0,0.0,0.0,0.0,0.0,0.0,0.0,0.0,0.0,0.0,0.996303088351695,0.996303088351695,0.21303048918995818,0.21303048918995818,0.996303088351695,1,1,0.0,0.0
DREIJXJRTLTGJC,Rheumatoid Arthritis,0,76.0,0.9206099686872204,0.49688125496941016,0.0,0.0,0.4085531377482498,0.25682627588933943,0.0,0.0,0.0,0.0,0.0,0.0,0.9916966583306238,0.9903763105270122,0.7819688254142984,0.4874892762149199,0.9916966583306238,4,1,4.574468085106389,0.10284476801620901
PRMWGUBFXWROHD,focal epilepsy,0,66.0,0.0,0.0,0.0,0.0,0.0,0.0,0.0,0.0,0.0,0.0,0.0,0.0,0.0,0.0,0.0,0.0,0.0,0,0,-2.0,0.0
UVSMNLNDYGZFPF,Multiple Myeloma,0,78.0,0.0,0.0,0.0,0.0,0.0,0.0,0.9066612367713315,0.22666530919283287,0.0,0.0,0.42555155832813474,0.10638788958203368,0.9932550539726157,0.9932550539726157,0.6152794249385721,0.37384307344200607,0.9932550539726157,4,1,6.36363636363636,0.1565364867144129
DTGLZDAWLRGWQN,Coronary Artery Disease,0,54.0,0.0,0.0,0.0,0.0,0.0,0.0,0.0,0.0,0.0,0.0,0.0,0.0,0.9976134733445021,0.9976134733445021,0.31455328780724245,0.31455328780724245,0.9976134733445021,1,1,-5.200000000000003,0.03508884769268095
DTGLZDAWLRGWQN,Acute Coronary Syndrome,0,76.0,0.0,0.0,0.0,0.0,0.0,0.0,0.0,0.0,0.0,0.0,0.0,0.0,0.9970589630875856,0.9970589630875856,0.19068552407289788,0.19068552407289788,0.9970589630875856,1,1,5.0,0.1507773288085874
OIGNJSKKLXVSLS,Infantile Spasms,0,60.0,0.0,0.0,0.0,0.0,0.0,0.0,0.0,0.0,0.0,0.0,0.0,0.0,0.5982207918164354,0.5982207918164354,0.10030858160591748,0.10030858160591748,0.5982207918164354,1,1,0.0,0.0
CZFFBEXEKNGXKS,HIV-1 infection,0,90.0,0.0,0.0,0.0,0.0,0.0,0.0,0.0,0.0,0.0,0.0,0.0,0.0,0.0,0.0,0.0,0.0,0.0,0,0,0.7142857142857082,0.0
HDACQVRGBOVJII,"Renal Insufficiency, Chronic",0,76.0,0.0,0.0,0.0,0.0,0.0,0.0,0.0,0.0,0.0,0.0,0.0,0.0,0.0,0.0,0.0,0.0,0.0,0,0,0.0,0.0
XKLMZUWKNUAPSZ,Type 2 Diabetes Mellitus,0,23.0,0.0,0.0,0.0,0.0,0.0,0.0,0.0,0.0,0.0,0.0,0.0,0.0,0.0,0.0,0.0,0.0,0.0,0,0,-42.22857142857143,-0.9697024165406526
XKLMZUWKNUAPSZ,Type 2 Diabetes,1,23.0,0.0,0.0,0.0,0.0,0.0,0.0,0.0,0.0,0.0,0.0,0.0,0.0,0.0,0.0,0.0,0.0,0.0,0,0,-36.53947368421053,-0.980139975492761
ZTVQQQVZCWLTDF,Non-cephalic Presentation; Inhalation of Nitrous Oxide; Pregnancy Complications; Complications; Cesarean Section; Fetus or Neonate Affected by External Version Before Labor,0,70.0,0.0,0.0,0.0,0.0,0.0,0.0,0.0,0.0,0.0,0.0,0.0,0.0,0.0,0.0,0.0,0.0,0.0,0,0,0.0,0.0
IWUCXVSUMQZMFG,hepatitis C virus infection,0,70.0,0.0,0.0,0.0,0.0,0.0,0.0,0.0,0.0,0.0,0.0,0.0,0.0,0.0,0.0,0.0,0.0,0.0,0,0,-11.527027027027032,0.0
IWUCXVSUMQZMFG,hepatitis C virus infection,0,70.0,0.0,0.0,0.0,0.0,0.0,0.0,0.0,0.0,0.0,0.0,0.0,0.0,0.0,0.0,0.0,0.0,0.0,0,0,-11.527027027027032,0.0
IWUCXVSUMQZMFG,hepatitis C virus infection,0,70.0,0.0,0.0,0.0,0.0,0.0,0.0,0.0,0.0,0.0,0.0,0.0,0.0,0.0,0.0,0.0,0.0,0.0,0,0,-11.527027027027032,0.0
IWUCXVSUMQZMFG,hepatitis C virus infection,0,70.0,0.0,0.0,0.0,0.0,0.0,0.0,0.0,0.0,0.0,0.0,0.0,0.0,0.0,0.0,0.0,0.0,0.0,0,0,-11.527027027027032,0.0
IWUCXVSUMQZMFG,hepatitis C virus infection,0,70.0,0.0,0.0,0.0,0.0,0.0,0.0,0.0,0.0,0.0,0.0,0.0,0.0,0.0,0.0,0.0,0.0,0.0,0,0,-11.527027027027032,0.0
IWUCXVSUMQZMFG,hepatitis C virus infection,0,70.0,0.0,0.0,0.0,0.0,0.0,0.0,0.0,0.0,0.0,0.0,0.0,0.0,0.0,0.0,0.0,0.0,0.0,0,0,-11.527027027027032,0.0
IWUCXVSUMQZMFG,hepatitis C virus infection,0,70.0,0.0,0.0,0.0,0.0,0.0,0.0,0.0,0.0,0.0,0.0,0.0,0.0,0.0,0.0,0.0,0.0,0.0,0,0,-11.527027027027032,0.0
IWUCXVSUMQZMFG,hepatitis C virus infection,0,70.0,0.0,0.0,0.0,0.0,0.0,0.0,0.0,0.0,0.0,0.0,0.0,0.0,0.0,0.0,0.0,0.0,0.0,0,0,-11.527027027027032,0.0
IWUCXVSUMQZMFG,hepatitis C virus infection,0,70.0,0.0,0.0,0.0,0.0,0.0,0.0,0.0,0.0,0.0,0.0,0.0,0.0,0.0,0.0,0.0,0.0,0.0,0,0,-11.527027027027032,0.0
RAPZEAPATHNIPO,Autistic Disorder in Children and Adolescents,0,42.0,0.0,0.0,0.0,0.0,0.0,0.0,0.0,0.0,0.0,0.0,0.0,0.0,0.0,0.0,0.0,0.0,0.0,0,0,0.0,0.0
NCDNCNXCDXHOMX,Human Immunodeficiency Virus (HIV) Infections; Acquired Immunodeficiency Syndrome (AIDS) Virus,0,88.0,0.0,0.0,0.0,0.0,0.0,0.0,0.0,0.0,0.0,0.0,0.0,0.0,0.9969686923441947,0.9969686923441947,0.09123294956436129,0.04145778113032182,0.9969686923441947,4,1,0.0,0.0
KGFYHTZWPPHNLQ,Superficial Vein Thrombosis,0,83.0,0.0,0.0,0.0,0.0,0.0,0.0,0.0,0.0,0.0,0.0,0.0,0.0,0.0,0.0,0.0,0.0,0.0,0,0,0.0,0.0
MNDBXUUTURYVHR,Chronic Obstructive Pulmonary Disease,1,55.0,0.0,0.0,0.0,0.0,0.0,0.0,0.0,0.0,0.0,0.0,0.0,0.0,0.9829694469459493,0.9829694469459493,0.540412441601755,0.2400504528653214,0.9829694469459493,4,1,-2.7692307692307665,0.04945506430140112
FIVSJYGQAIEMOC,Chemotherapy-induced Nausea and Vomiting,0,80.0,0.0,0.0,0.0,0.0,0.0,0.0,0.0,0.0,0.0,0.0,0.0,0.0,0.9701471454826047,0.9701471454826047,0.012158615952232422,0.012158615952232422,0.9701471454826047,1,1,4.799999999999997,0.11892654003811731
FIVSJYGQAIEMOC,Chemotherapy-induced Nausea and Vomiting,0,80.0,0.0,0.0,0.0,0.0,0.0,0.0,0.0,0.0,0.0,0.0,0.0,0.0,0.9701471454826047,0.9701471454826047,0.012158615952232422,0.012158615952232422,0.9701471454826047,1,1,4.799999999999997,0.11892654003811731
FIVSJYGQAIEMOC,Chemotherapy-induced Nausea and Vomiting,0,80.0,0.0,0.0,0.0,0.0,0.0,0.0,0.0,0.0,0.0,0.0,0.0,0.0,0.9701471454826047,0.9701471454826047,0.012158615952232422,0.012158615952232422,0.9701471454826047,1,1,4.799999999999997,0.11892654003811731
KFQYTPMOWPVWEJ,restless legs syndrome,0,74.0,0.0,0.0,0.0,0.0,0.0,0.0,0.0,0.0,0.0,0.0,0.0,0.0,0.0,0.0,0.0,0.0,0.0,0,0,0.0,0.0
KFQYTPMOWPVWEJ,restless legs syndrome,1,74.0,0.0,0.0,0.0,0.0,0.0,0.0,0.0,0.0,0.0,0.0,0.0,0.0,0.0,0.0,0.0,0.0,0.0,0,0,0.0,0.0
KFQYTPMOWPVWEJ,Parkinson's Disease,0,75.0,0.0,0.0,0.0,0.0,0.0,0.0,0.0,0.0,0.0,0.0,0.0,0.0,0.0,0.0,0.0,0.0,0.0,0,0,16.916666666666664,0.0
KFQYTPMOWPVWEJ,Parkinson's Disease,0,75.0,0.0,0.0,0.0,0.0,0.0,0.0,0.0,0.0,0.0,0.0,0.0,0.0,0.0,0.0,0.0,0.0,0.0,0,0,16.916666666666664,0.0
KFQYTPMOWPVWEJ,Parkinson's Disease,0,75.0,0.0,0.0,0.0,0.0,0.0,0.0,0.0,0.0,0.0,0.0,0.0,0.0,0.0,0.0,0.0,0.0,0.0,0,0,16.916666666666664,0.0
YOZBGTLTNGAVFU,anemia of chronic kidney disease,0,80.0,0.0,0.0,0.0,0.0,0.0,0.0,0.0,0.0,0.0,0.0,0.0,0.0,0.0,0.0,0.0,0.0,0.0,0,0,0.0,0.0
HFNKQEVNSGCOJV,Polycythemia Vera,1,78.0,0.7866704197885077,0.39333520989425386,0.607930797611621,0.3039653988058105,0.5747869002478668,0.2873934501239334,0.0,0.0,0.0,0.0,0.6018514896355048,0.3009257448177524,0.917670701465897,0.8955223603030433,0.9412043414828372,0.5394776596583869,0.9412043414828372,2,1,3.25,0.07601503138714294
MEZLKOACVSPNER,Borderline personality disorder,0,33.0,0.0,0.0,0.0,0.0,0.0,0.0,0.0,0.0,0.0,0.0,0.0,0.0,0.42555155832813474,0.42555155832813474,0.07092093459011428,0.07092093459011428,0.42555155832813474,1,1,0.0,0.0
MFFMDFFZMYYVKS,Type 2 Diabetes Mellitus,0,60.0,0.0,0.0,0.0,0.0,0.5511044663048749,0.5511044663048749,0.0,0.0,0.0,0.0,0.0,0.0,0.9981950138708703,0.9981950138708703,0.954188839355206,0.954188839355206,0.9981950138708703,1,1,-5.228571428571428,0.028492597330217695
MFFMDFFZMYYVKS,Treatment of Type 2 Diabetes,1,72.0,0.0,0.0,0.0,0.0,0.0,0.0,0.0,0.0,0.0,0.0,0.0,0.0,0.0,0.0,0.0,0.0,0.0,0,0,0.0,0.0
MFFMDFFZMYYVKS,Inflammation; Macrophage Infiltration; Cardiovascular Disease,0,33.0,0.0,0.0,0.0,0.0,0.0,0.0,0.0,0.0,0.0,0.0,0.0,0.0,0.0,0.0,0.0,0.0,0.0,0,0,0.0,0.0
MFFMDFFZMYYVKS,Type 2 Diabetes Mellitus,0,60.0,0.0,0.0,0.0,0.0,0.5511044663048749,0.5511044663048749,0.0,0.0,0.0,0.0,0.0,0.0,0.9981950138708703,0.9981950138708703,0.954188839355206,0.954188839355206,0.9981950138708703,1,1,-5.228571428571428,0.028492597330217695
MFFMDFFZMYYVKS,Type 2 Diabetes Mellitus,0,60.0,0.0,0.0,0.0,0.0,0.5511044663048749,0.5511044663048749,0.0,0.0,0.0,0.0,0.0,0.0,0.9981950138708703,0.9981950138708703,0.954188839355206,0.954188839355206,0.9981950138708703,1,1,-5.228571428571428,0.028492597330217695
TTZHDVOVKQGIBA,hepatitis C virus infection,0,96.0,0.0,0.0,0.0,0.0,0.0,0.0,0.0,0.0,0.0,0.0,0.0,0.0,0.0,0.0,0.0,0.0,0.0,0,0,14.472972972972968,0.0
XNKLLVCARDGLGL,HIV infection,0,88.0,0.0,0.0,0.0,0.0,0.0,0.0,0.0,0.0,0.0,0.0,0.0,0.0,0.0,0.0,0.0,0.0,0.0,0,0,16.058823529411768,-0.07569723439911848
WINHZLLDWRZWRT,Gastrointestinal Stromal Tumors,0,85.0,0.908559202751775,0.16503867054860205,0.8168275681045472,0.15155169843944513,0.4653556753190563,0.05170618614656181,0.9607983220922475,0.2066414154572757,0.0,0.0,0.7814745002642415,0.4586004471287868,0.9830204284656623,0.9577491939673693,0.9956232577426181,0.43440138056158745,0.9956232577426181,9,1,-3.5,0.0
WOXKDUGGOYFFRN,"Lung Diseases, Interstitial",0,33.0,0.0,0.0,0.0,0.0,0.0,0.0,0.0,0.0,0.0,0.0,0.0,0.0,0.0,0.0,0.0,0.0,0.0,0,0,-30.833333333333336,0.0
NKANXQFJJICGDU,Breast Cancer,0,83.0,0.7362363711407216,0.7362363711407216,0.0,0.0,0.2784930983858836,0.2784930983858836,0.8492097570461924,0.8492097570461924,0.0,0.0,0.8496114818642673,0.8496114818642673,0.9932371323482767,0.9932371323482767,0.9993172641092537,0.9993172641092537,0.9993172641092537,1,1,25.525,0.25378322407108345
IQFYYKKMVGJFEH,Chronic Viral Hepatitis B Without Delta-agent,1,85.0,0.0,0.0,0.0,0.0,0.0,0.0,0.0,0.0,0.0,0.0,0.0,0.0,0.0,0.0,0.0,0.0,0.0,0,0,0.0,0.0
MUMGGOZAMZWBJJ,osteoarthritis,0,26.0,0.0,0.0,0.0,0.0,0.0,0.0,0.0,0.0,0.0,0.0,0.0,0.0,0.0,0.0,0.0,0.0,0.0,0,0,0.0,0.0
MKJIEFSOBYUXJB,tardive dyskinesia,0,75.0,0.0,0.0,0.0,0.0,0.0,0.0,0.0,0.0,0.0,0.0,0.0,0.0,0.0,0.0,0.0,0.0,0.0,0,0,0.0,0.0
OEKWJQXRCDYSHL,Platelet Reactivity,0,86.0,0.0,0.0,0.0,0.0,0.0,0.0,0.0,0.0,0.0,0.0,0.0,0.0,0.0,0.0,0.0,0.0,0.0,0,0,0.0,0.0
OEKWJQXRCDYSHL,Coronary Artery Disease,0,70.0,0.0,0.0,0.0,0.0,0.0,0.0,0.0,0.0,0.0,0.0,0.0,0.0,0.9976134733445021,0.9976134733445021,0.31455328780724245,0.31455328780724245,0.9976134733445021,1,1,10.799999999999997,0.03508884769268095
OEKWJQXRCDYSHL,Peripheral Artery Disease,1,55.0,0.0,0.0,0.0,0.0,0.0,0.0,0.0,0.0,0.0,0.0,0.0,0.0,0.9099520686520239,0.9099520686520239,0.16430801575884943,0.16430801575884943,0.9099520686520239,1,1,0.0,0.0
LERNTVKEWCAPOY,COPD,0,62.0,0.0,0.0,0.0,0.0,0.0,0.0,0.0,0.0,0.0,0.0,0.0,0.0,0.0,0.0,0.0,0.0,0.0,0,0,8.615384615384613,0.0
LERNTVKEWCAPOY,COPD,0,62.0,0.0,0.0,0.0,0.0,0.0,0.0,0.0,0.0,0.0,0.0,0.0,0.0,0.0,0.0,0.0,0.0,0.0,0,0,8.615384615384613,0.0
LERNTVKEWCAPOY,Chronic Obstructive Pulmonary Disease,0,64.0,0.4341160287393241,0.21705801436966204,0.0,0.0,0.0,0.0,0.0,0.0,0.0,0.0,0.0,0.0,0.9983402173176782,0.994838712806341,0.13933559407821056,0.09469000810433788,0.9983402173176782,2,1,6.2307692307692335,0.06482583467312997
LERNTVKEWCAPOY,Chronic Obstructive Pulmonary Disease,0,64.0,0.4341160287393241,0.21705801436966204,0.0,0.0,0.0,0.0,0.0,0.0,0.0,0.0,0.0,0.0,0.9983402173176782,0.994838712806341,0.13933559407821056,0.09469000810433788,0.9983402173176782,2,1,6.2307692307692335,0.06482583467312997
LERNTVKEWCAPOY,Chronic Obstructive Pulmonary Disease,0,64.0,0.4341160287393241,0.21705801436966204,0.0,0.0,0.0,0.0,0.0,0.0,0.0,0.0,0.0,0.0,0.9983402173176782,0.994838712806341,0.13933559407821056,0.09469000810433788,0.9983402173176782,2,1,6.2307692307692335,0.06482583467312997
LERNTVKEWCAPOY,chronic obstructive pulmonary disease,0,58.0,0.4341160287393241,0.21705801436966204,0.0,0.0,0.0,0.0,0.0,0.0,0.0,0.0,0.0,0.0,0.9983402173176782,0.994838712806341,0.13933559407821056,0.09469000810433788,0.9983402173176782,2,1,6.25,7.676919187005193e-05
LERNTVKEWCAPOY,chronic obstructive pulmonary disease,0,58.0,0.4341160287393241,0.21705801436966204,0.0,0.0,0.0,0.0,0.0,0.0,0.0,0.0,0.0,0.0,0.9983402173176782,0.994838712806341,0.13933559407821056,0.09469000810433788,0.9983402173176782,2,1,6.25,7.676919187005193e-05
GYHCTFXIZSNGJT,Cardiac-induced Edema,0,40.0,0.0,0.0,0.0,0.0,0.0,0.0,0.0,0.0,0.0,0.0,0.0,0.0,0.0,0.0,0.0,0.0,0.0,0,0,0.0,0.0
GYHCTFXIZSNGJT,Heart Failure; Dyspnea,1,35.0,0.0,0.0,0.0,0.0,0.0,0.0,0.0,0.0,0.0,0.0,0.0,0.0,0.9585262399926664,0.9585262399926664,0.1345065346371584,0.1345065346371584,0.9585262399926664,1,1,0.0,0.0
GYHCTFXIZSNGJT,Cardiac Edema,0,40.0,0.0,0.0,0.0,0.0,0.0,0.0,0.0,0.0,0.0,0.0,0.0,0.0,0.6228419891197061,0.6228419891197061,0.0,0.0,0.6228419891197061,1,1,0.0,0.0
PKVRCIRHQMSYJX,liposarcoma or leiomyosarcoma,0,60.0,0.0,0.0,0.0,0.0,0.0,0.0,0.0,0.0,0.0,0.0,0.0,0.0,0.0,0.0,0.0,0.0,0.0,0,0,0.0,0.0
TVYLLZQTGLZFBW,Fibromyalgia,1,30.0,0.0,0.0,0.0,0.0,0.0,0.0,0.0,0.0,0.0,0.0,0.0,0.0,0.99003225421261,0.8358522960841833,0.3762635052147409,0.21134475821748952,0.99003225421261,3,1,-13.75,0.24750806355315247
TVYLLZQTGLZFBW,Pain During Labour,0,35.0,0.0,0.0,0.0,0.0,0.0,0.0,0.0,0.0,0.0,0.0,0.0,0.0,0.0,0.0,0.0,0.0,0.0,0,0,0.0,0.0
LIRYPHYGHXZJBZ,mutant Melanoma,0,88.0,0.0,0.0,0.0,0.0,0.0,0.0,0.0,0.0,0.0,0.0,0.0,0.0,0.0,0.0,0.0,0.0,0.0,0,0,0.0,0.0
LIRYPHYGHXZJBZ,Cutaneous Melanoma,0,78.0,0.0,0.0,0.0,0.0,0.0,0.0,0.9285669064556789,0.8970119723611114,0.0,0.0,0.8888429022682052,0.8558386184177671,0.4904293119458496,0.4904293119458496,0.0893510249195618,0.07912492432443943,0.9285669064556789,2,1,0.0,0.0
GYDJEQRTZSCIOI,Traumatic Brain Injury,1,50.0,0.0,0.0,0.0,0.0,0.0,0.0,0.0,0.0,0.0,0.0,0.0,0.0,0.6780042412610706,0.6780042412610706,0.21065543297426265,0.21065543297426265,0.6780042412610706,1,1,10.0,0.08880904522180266
GYDJEQRTZSCIOI,Blood Loss,0,76.0,0.0,0.0,0.0,0.0,0.0,0.0,0.0,0.0,0.0,0.0,0.0,0.0,0.0,0.0,0.0,0.0,0.0,0,0,0.0,0.0
GYDJEQRTZSCIOI,Acetabular Fractures,0,62.0,0.0,0.0,0.0,0.0,0.0,0.0,0.0,0.0,0.0,0.0,0.0,0.0,0.0,0.0,0.0,0.0,0.0,0,0,0.0,0.0
PHLBKPHSAVXXEF,Major Depression,0,48.0,0.0,0.0,0.0,0.0,0.0,0.0,0.0,0.0,0.0,0.0,0.0,0.0,0.0,0.0,0.0,0.0,0.0,0,0,6.799999999999997,0.0
MYPYJXKWCTUITO,Clostridium Difficile Infection,0,90.0,0.0,0.0,0.0,0.0,0.0,0.0,0.0,0.0,0.0,0.0,0.0,0.0,0.0,0.0,0.0,0.0,0.0,0,0,0.0,0.0
MYPYJXKWCTUITO,Clostridium Difficile Infection,0,90.0,0.0,0.0,0.0,0.0,0.0,0.0,0.0,0.0,0.0,0.0,0.0,0.0,0.0,0.0,0.0,0.0,0.0,0,0,0.0,0.0
JQSHBVHOMNKWFT,nicotine dependence,0,80.0,0.8114041190865997,0.664414628299413,0.0,0.0,0.0,0.0,0.0,0.0,0.0,0.0,0.0,0.0,0.9940839114469342,0.9940839114469342,0.39730113269289685,0.25609873597518834,0.9940839114469342,2,1,0.0,0.0
JQSHBVHOMNKWFT,Chronic Obstructive Pulmonary Disease,0,58.0,0.8640096841800485,0.43200484209002427,0.0,0.0,0.0,0.0,0.0,0.0,0.0,0.0,0.0,0.0,0.42555155832813474,0.42555155832813474,0.357543086415802,0.178771543207901,0.8640096841800485,2,1,0.2307692307692335,-0.06950469846449969
JQSHBVHOMNKWFT,nicotine dependence,0,80.0,0.8114041190865997,0.664414628299413,0.0,0.0,0.0,0.0,0.0,0.0,0.0,0.0,0.0,0.0,0.9940839114469342,0.9940839114469342,0.39730113269289685,0.25609873597518834,0.9940839114469342,2,1,0.0,0.0
GPXBXXGIAQBQNI,Mutant Melanoma,0,88.0,0.0,0.0,0.0,0.0,0.0,0.0,0.0,0.0,0.0,0.0,0.0,0.0,0.0,0.0,0.0,0.0,0.0,0,0,0.0,0.0
PNVNVHUZROJLTJ,Major Depressive Disorder,0,52.0,0.0,0.0,0.0,0.0,0.663267698464219,0.3316338492321095,0.0,0.0,0.0,0.0,0.0,0.0,0.9994065355213364,0.9991785656621155,0.8034560660154578,0.6254777343770506,0.9994065355213364,2,1,3.860465116279073,0.00457864620849513
DAFYYTQWSAWIGS,chronic obstructive pulmonary disease,0,48.0,0.0,0.0,0.0,0.0,0.0,0.0,0.0,0.0,0.0,0.0,0.0,0.0,0.9987095195438428,0.9987095195438428,0.8194221934030006,0.8194221934030006,0.9987095195438428,1,1,-3.75,0.0004460714180346548
SGEGOXDYSFKCPT,generalized anxiety disorder,0,48.0,0.0,0.0,0.0,0.0,0.0,0.0,0.0,0.0,0.0,0.0,0.0,0.0,0.9257720971147273,0.8832207739237847,0.0995664858587343,0.09890197027296738,0.9257720971147273,2,1,0.0,0.0
SGEGOXDYSFKCPT,major depressive disorder,0,50.0,0.0,0.0,0.0,0.0,0.8033968449665265,0.7333322717153727,0.0,0.0,0.0,0.0,0.0,0.0,0.9994065355213364,0.9966986358546059,0.8034560660154578,0.6962944977544352,0.9994065355213364,2,1,0.0,0.0
SYOKIDBDQMKNDQ,Type 2 Diabetes Mellitus,0,62.0,0.0,0.0,0.0,0.0,0.5511044663048749,0.5511044663048749,0.0,0.0,0.0,0.0,0.0,0.0,0.9981950138708703,0.9981950138708703,0.954188839355206,0.954188839355206,0.9981950138708703,1,1,-3.2285714285714278,0.028492597330217695
WAEXFXRVDQXREF,Cutaneous T-Cell Lymphoma,0,58.0,0.0,0.0,0.0,0.0,0.0,0.0,0.0,0.0,0.0,0.0,0.0,0.0,0.9141197226795867,0.9141197226795867,0.4027395189579843,0.2801490471282636,0.9141197226795867,4,1,0.0,0.0
PJVWKTKQMONHTI,Pulmonary Embolism,0,80.0,0.0,0.0,0.0,0.0,0.0,0.0,0.0,0.0,0.0,0.0,0.0,0.0,0.8920033037883359,0.8920033037883359,0.0876129601157948,0.0876129601157948,0.8920033037883359,1,1,0.0,0.0
PJVWKTKQMONHTI,Deep Vein Thrombosis,0,80.0,0.0,0.0,0.0,0.0,0.0,0.0,0.0,0.0,0.0,0.0,0.0,0.0,0.6436708865030558,0.6436708865030558,0.18304128783103465,0.18304128783103465,0.6436708865030558,1,1,0.0,0.0
HBOMLICNUCNMMY,HIV-1 infection,0,85.0,0.0,0.0,0.0,0.0,0.0,0.0,0.0,0.0,0.0,0.0,0.0,0.0,0.0,0.0,0.0,0.0,0.0,0,0,-4.285714285714292,0.0
ULXXDDBFHOBEHA,Lung Cancer,0,80.0,0.9336832402296186,0.8023147388568665,0.607930797611621,0.607930797611621,0.0,0.0,0.9580964074361958,0.915823145885426,0.0,0.0,0.9409039510472654,0.8763923812552707,0.9960065980462496,0.988779651553428,0.9994311108906085,0.9958448484780085,0.9994311108906085,2,1,22.548387096774192,0.060296516869619676
OUJTZYPIHDYQMC,vascular disease,0,48.0,0.0,0.0,0.0,0.0,0.0,0.0,0.0,0.0,0.0,0.0,0.0,0.0,0.0,0.0,0.0,0.0,0.0,0,0,0.0,0.0
IYIKLHRQXLHMJQ,cardiac arrest,0,62.0,0.6613957284363995,0.27173682169113356,0.607930797611621,0.15198269940290526,0.917378590161997,0.5139094547675289,0.0,0.0,0.0,0.0,0.0,0.0,0.9692404133315209,0.37529496531042233,0.3170262841568623,0.12829990807392208,0.9692404133315209,4,1,24.0,0.28393770614134495
VSWBSWWIRNCQIJ,bipolar I disorder,0,62.0,0.0,0.0,0.0,0.0,0.0,0.0,0.0,0.0,0.0,0.0,0.0,0.0,0.9865482432417526,0.9860226198015952,0.09558023095782708,0.08578579032963986,0.9865482432417526,2,1,7.5,0.0
KPYSYYIEGFHWSV,gastroesophageal reflux disease,0,45.0,0.0,0.0,0.0,0.0,0.0,0.0,0.0,0.0,0.0,0.0,0.0,0.0,0.49478655375068614,0.49478655375068614,0.015198269940290528,0.007599134970145264,0.49478655375068614,2,1,11.333333333333336,-0.05654423825926225
KPYSYYIEGFHWSV,Multiple Sclerosis,0,40.0,0.0,0.0,0.0,0.0,0.0,0.0,0.0,0.0,0.0,0.0,0.0,0.0,0.9362313136610513,0.9362313136610513,0.015198269940290528,0.007599134970145264,0.9362313136610513,2,1,-17.523809523809526,0.11954142540046286
ONIQOQHATWINJY,Prostate Cancer,1,54.0,0.0,0.0,0.0,0.0,0.0,0.0,0.0,0.0,0.0,0.0,0.7219178221638001,0.5977986176514275,0.28869913171951617,0.25573674896295245,0.8492483893319698,0.5059795240625173,0.8492483893319698,3,1,-5.25,-0.003293180850578614
WSEQXVZVJXJVFP,Bone Mineral Density Quantitative Trait Locus 7,0,16.0,0.0,0.0,0.0,0.0,0.0,0.0,0.0,0.0,0.0,0.0,0.0,0.0,0.0,0.0,0.0,0.0,0.0,0,0,0.0,0.0
WSEQXVZVJXJVFP,Depression,0,50.0,0.0,0.0,0.0,0.0,0.0,0.0,0.0,0.0,0.0,0.0,0.0,0.0,0.0,0.0,0.0,0.0,0.0,0,0,6.0,0.0
ZZUFCTLCJUWOSV,fluid overload,0,82.0,0.0,0.0,0.0,0.0,0.0,0.0,0.0,0.0,0.0,0.0,0.0,0.0,0.0,0.0,0.0,0.0,0.0,0,0,0.0,0.0
XYFPWWZEPKGCCK,Chronic Lymphocytic Leukemia,0,90.0,0.0,0.0,0.0,0.0,0.0,0.0,0.607930797611621,0.607930797611621,0.0,0.0,0.607930797611621,0.607930797611621,0.9866191875662546,0.9866191875662546,0.9290050201076685,0.9290050201076685,0.9866191875662546,1,1,3.0,0.038255701190744396
GOTYRUGSSMKFNF,Chronic Lymphocytic Leukemia,0,60.0,0.0,0.0,0.0,0.0,0.0,0.0,0.0,0.0,0.0,0.0,0.0,0.0,0.6111944714021073,0.6111944714021073,0.023388448741447087,0.005847112185361772,0.6111944714021073,4,1,-27.0,-0.3371690149734029
FGQFOYHRJSUHMR,gout,0,73.0,0.9214621954515188,0.9214621954515188,0.0,0.0,0.0,0.0,0.0,0.0,0.0,0.0,0.0,0.0,0.9605945319042539,0.9605945319042539,0.8072547140869234,0.8072547140869234,0.9605945319042539,1,1,-3.75,-0.010618201116987858
FGQFOYHRJSUHMR,gout,0,73.0,0.9214621954515188,0.9214621954515188,0.0,0.0,0.0,0.0,0.0,0.0,0.0,0.0,0.0,0.0,0.9605945319042539,0.9605945319042539,0.8072547140869234,0.8072547140869234,0.9605945319042539,1,1,-3.75,-0.010618201116987858
FBPFZTCFMRRESA,renal cell carcinoma,0,9.0,0.0,0.0,0.0,0.0,0.0,0.0,0.0,0.0,0.0,0.0,0.0,0.0,0.0,0.0,0.0,0.0,0.0,0,0,0.0,0.0
XZWYZXLIPXDOLR,Type 2 Diabetes,0,74.0,0.0,0.0,0.3039653988058105,0.3039653988058105,0.0,0.0,0.0,0.0,0.0,0.0,0.0,0.0,0.9986081372456911,0.9986081372456911,0.17827377545849124,0.17827377545849124,0.9986081372456911,1,1,14.460526315789473,0.01846816175293009
FBOZXECLQNJBKD,Rheumatoid Arthritis,0,75.0,0.0,0.0,0.0,0.0,0.0,0.0,0.0,0.0,0.0,0.0,0.0,0.0,0.9951576249724678,0.9951576249724678,0.3567564706851452,0.3567564706851452,0.9951576249724678,1,1,3.574468085106389,0.10630573465805304
DUGOZIWVEXMGBE,mania,0,13.0,0.0,0.0,0.0,0.0,0.0,0.0,0.0,0.0,0.0,0.0,0.0,0.0,0.0,0.0,0.0,0.0,0.0,0,0,-3.666666666666668,0.0
XOFYZVNMUHMLCC,Heart Failure,0,21.0,0.4551688175620677,0.4551688175620677,0.0,0.0,0.0,0.0,0.0,0.0,0.0,0.0,0.0,0.0,0.5453476993908247,0.5453476993908247,0.11787255424693904,0.11787255424693904,0.5453476993908247,1,1,-37.888888888888886,-0.394106372035281
XOFYZVNMUHMLCC,Prostate Cancer,0,32.0,0.0,0.0,0.0,0.0,0.0,0.0,0.0,0.0,0.0,0.0,0.2279740491043579,0.2279740491043579,0.9235621351186311,0.9235621351186311,0.8418425153379159,0.8418425153379159,0.9235621351186311,1,1,-27.25,0.07102056493608266
RUOKEQAAGRXIBM,Parkinson's Disease,0,58.0,0.0,0.0,0.0,0.0,0.0,0.0,0.0,0.0,0.0,0.0,0.0,0.0,0.0,0.0,0.0,0.0,0.0,0,0,-0.0833333333333357,0.0
FTALBRSUTCGOEG,cervical spondylotic myelopathy,1,37.0,0.0,0.0,0.0,0.0,0.0,0.0,0.0,0.0,0.0,0.0,0.0,0.0,0.0,0.0,0.0,0.0,0.0,0,0,0.0,0.0
VGKDLMBJGBXTGI,Bone Mineral Density Quantitative Trait Locus 7,0,16.0,0.0,0.0,0.0,0.0,0.0,0.0,0.0,0.0,0.0,0.0,0.0,0.0,0.0,0.0,0.0,0.0,0.0,0,0,0.0,0.0
LERNTVKEWCAPOY,Chronic Obstructive Pulmonary Disease,0,64.0,0.4341160287393241,0.21705801436966204,0.0,0.0,0.0,0.0,0.0,0.0,0.0,0.0,0.0,0.0,0.9983402173176782,0.994838712806341,0.13933559407821056,0.09469000810433788,0.9983402173176782,2,1,6.2307692307692335,0.06482583467312997
UJLAWZDWDVHWOW,Ulcerative Colitis,0,71.0,0.0,0.0,0.0,0.0,0.309375982904554,0.154687991452277,0.0,0.0,0.10574779121881082,0.05287389560940541,0.4559480982087158,0.2279740491043579,0.8578293284609148,0.8576828015373053,0.24518341500753643,0.23220961365516662,0.8578293284609148,2,1,5.833333333333329,0.1002138490714175
UJLAWZDWDVHWOW,Ulcerative Colitis,0,71.0,0.0,0.0,0.0,0.0,0.309375982904554,0.154687991452277,0.0,0.0,0.10574779121881082,0.05287389560940541,0.4559480982087158,0.2279740491043579,0.8578293284609148,0.8576828015373053,0.24518341500753643,0.23220961365516662,0.8578293284609148,2,1,5.833333333333329,0.1002138490714175
PNVNVHUZROJLTJ,Bone Mineral Density Quantitative Trait Locus 7,0,16.0,0.0,0.0,0.0,0.0,0.0,0.0,0.0,0.0,0.0,0.0,0.0,0.0,0.0,0.0,0.0,0.0,0.0,0,0,0.0,0.0
ULXXDDBFHOBEHA,Cell Carcinoma,1,62.0,0.83931980492093,0.419659902460465,0.0,0.0,0.0,0.0,0.5867499922013436,0.4927762930791396,0.0,0.0,0.8264689618886951,0.8018891259131871,0.9182252829100169,0.7643711094603433,0.9958021120785364,0.9851449153374292,0.9958021120785364,2,1,-1.3333333333333357,0.07504670451734552
UAHFGYDRQSXQEB,erythropoietic protoporphyria,0,58.0,0.0,0.0,0.0,0.0,0.0,0.0,0.0,0.0,0.0,0.0,0.0,0.0,0.9063789058588965,0.9063789058588965,0.05419004906053529,0.05419004906053529,0.9063789058588965,1,1,0.0,0.0
OFCNXPDARWKPPY,hypertension,1,28.0,0.0,0.0,0.0,0.0,0.0,0.0,0.0,0.0,0.0,0.0,0.0,0.0,0.0,0.0,0.0,0.0,0.0,0,0,0.0,0.0
OFCNXPDARWKPPY,gout,0,90.0,0.7203524817018013,0.7203524817018013,0.0,0.0,0.0,0.0,0.0,0.0,0.0,0.0,0.0,0.0,0.993040929928822,0.993040929928822,0.40306403331363616,0.40306403331363616,0.993040929928822,1,1,13.25,0.0218281969075802
OFCNXPDARWKPPY,gout,0,90.0,0.7203524817018013,0.7203524817018013,0.0,0.0,0.0,0.0,0.0,0.0,0.0,0.0,0.0,0.0,0.993040929928822,0.993040929928822,0.40306403331363616,0.40306403331363616,0.993040929928822,1,1,13.25,0.0218281969075802
ZSBOMTDTBDDKMP,Type 2 Diabetes,0,50.0,0.0,0.0,0.0,0.0,0.5511044663048749,0.5511044663048749,0.0,0.0,0.0,0.0,0.0,0.0,0.9981950138708703,0.9981950138708703,0.954188839355206,0.954188839355206,0.9981950138708703,1,1,-9.539473684210527,0.01805503837810929
LSQZJLSUYDQPKJ,Pneumonia,0,86.0,0.0,0.0,0.0,0.0,0.0,0.0,0.0,0.0,0.0,0.0,0.0,0.0,0.0,0.0,0.0,0.0,0.0,0,0,0.0,0.0
LDXYBEHACFJIEL,Type 2 Diabetes Mellitus,0,48.0,0.0,0.0,0.0,0.0,0.5511044663048749,0.5511044663048749,0.0,0.0,0.0,0.0,0.0,0.0,0.9981950138708703,0.9981950138708703,0.954188839355206,0.954188839355206,0.9981950138708703,1,1,-17.228571428571428,0.028492597330217695
LDXYBEHACFJIEL,Type 2 Diabetes Mellitus,0,48.0,0.0,0.0,0.0,0.0,0.5511044663048749,0.5511044663048749,0.0,0.0,0.0,0.0,0.0,0.0,0.9981950138708703,0.9981950138708703,0.954188839355206,0.954188839355206,0.9981950138708703,1,1,-17.228571428571428,0.028492597330217695
YFGHCGITMMYXAQ,Major Depression,1,30.0,0.0,0.0,0.0,0.0,0.0,0.0,0.0,0.0,0.0,0.0,0.0,0.0,0.0,0.0,0.0,0.0,0.0,0,0,-11.200000000000003,0.0
VSWBSWWIRNCQIJ,schizophrenia,0,66.0,0.6560907249300643,0.32804536246503213,0.0,0.0,0.6454494156558882,0.3227247078279441,0.0,0.0,0.0,0.0,0.0,0.0,0.9994097502793402,0.9993943643856662,0.9231710917698762,0.6663550305133772,0.9994097502793402,2,1,3.3500000000000014,0.027785375343797547
VSWBSWWIRNCQIJ,Pediatric Bipolar Disorder,0,58.0,0.0,0.0,0.0,0.0,0.0,0.0,0.0,0.0,0.0,0.0,0.0,0.0,0.0,0.0,0.0,0.0,0.0,0,0,0.0,0.0
XUKUURHRXDUEBC,Pre-Eclampsia,0,33.0,0.0,0.0,0.0,0.0,0.0,0.0,0.0,0.0,0.0,0.0,0.0,0.0,0.0,0.0,0.0,0.0,0.0,0,0,0.0,0.0
XUKUURHRXDUEBC,Hypercholesterolemia,0,93.0,0.8848782465161684,0.8848782465161684,0.0,0.0,0.0,0.0,0.0,0.0,0.0,0.0,0.0,0.0,0.9985333487476596,0.9985333487476596,0.3381587936141898,0.3381587936141898,0.9985333487476596,1,1,12.642857142857139,0.027628170371038596
YSXKPIUOCJLQIE,cocaine dependence,0,20.0,0.0,0.0,0.0,0.0,0.0,0.0,0.0,0.0,0.0,0.0,0.0,0.0,0.5150524813098456,0.5150524813098456,0.0,0.0,0.5150524813098456,1,1,0.0,0.0
LHHCSNFAOIFYRV,hepatitis C virus infection,0,86.0,0.0,0.0,0.0,0.0,0.0,0.0,0.0,0.0,0.0,0.0,0.0,0.0,0.0,0.0,0.0,0.0,0.0,0,0,4.472972972972968,0.0
GJPICJJJRGTNOD,pulmonary arterial hypertension,0,75.0,0.0,0.0,0.0,0.0,0.0,0.0,0.0,0.0,0.0,0.0,0.0,0.0,0.9887985627672249,0.9887915906912348,0.4125644371854152,0.4102810461091848,0.9887985627672249,2,1,4.200000000000003,0.19784983491965258
MSYKRHVOOPPJKU,epilepsy,0,65.0,0.7568738430264683,0.7568738430264683,0.0,0.0,0.0,0.0,0.0,0.0,0.0,0.0,0.0,0.0,0.9970147794967135,0.9970147794967135,0.5824175393623507,0.5824175393623507,0.9970147794967135,1,1,-0.818181818181813,0.0253596170518976
VOVIALXJUBGFJZ,Asthma,0,76.0,0.0,0.0,0.0,0.0,0.0,0.0,0.0,0.0,0.0,0.0,0.0,0.0,0.9988298364350643,0.9988298364350643,0.715329212260515,0.715329212260515,0.9988298364350643,1,1,28.0,0.2568426199802777
RMRJXGBAOAMLHD,Treatment Resistant Depression,0,43.0,0.0,0.0,0.0,0.0,0.0,0.0,0.0,0.0,0.0,0.0,0.0,0.0,0.0,0.0,0.0,0.0,0.0,0,0,7.5,0.0
SNPPWIUOZRMYNY,Nicotine Dependence,0,58.0,0.8114041190865997,0.27046803969553324,0.0,0.0,0.0,0.0,0.0,0.0,0.0,0.0,0.0,0.0,0.9940839114469342,0.783478882595174,0.39730113269289685,0.23257027110138437,0.9940839114469342,3,1,-8.5,0.0
SNPPWIUOZRMYNY,Nicotine Dependence,0,58.0,0.8114041190865997,0.27046803969553324,0.0,0.0,0.0,0.0,0.0,0.0,0.0,0.0,0.0,0.0,0.9940839114469342,0.783478882595174,0.39730113269289685,0.23257027110138437,0.9940839114469342,3,1,-8.5,0.0
GMRQFYUYWCNGIN,chronic kidney disease,0,72.0,0.0,0.0,0.0,0.0,0.0,0.0,0.0,0.0,0.0,0.0,0.0,0.0,0.9891746123010652,0.9891746123010652,0.7854762837667014,0.7854762837667014,0.9891746123010652,1,1,3.200000000000003,0.009529740524390262
GHOSNRCGJFBJIB,Hypertension,0,85.0,0.8051397966329676,0.8051397966329676,0.9066612367713315,0.9066612367713315,0.791658237936633,0.791658237936633,0.0,0.0,0.0,0.0,0.0,0.0,0.9991012181710432,0.9991012181710432,0.9070676865140088,0.9070676865140088,0.9991012181710432,1,1,16.41666666666667,0.03400520011329511
GAGWJHPBXLXJQN,Breast Cancer,0,74.0,0.0,0.0,0.0,0.0,0.0,0.0,0.0,0.0,0.0,0.0,0.0,0.0,0.9845390777112758,0.9845390777112758,0.867597429187726,0.867597429187726,0.9845390777112758,1,1,16.525,0.23900503767310555
KPWSJANDNDDRMB,schizophrenia,0,76.0,0.6560907249300643,0.4253142900828915,0.3039653988058105,0.15198269940290526,0.29995305554157387,0.14997652777078693,0.0,0.0,0.0,0.0,0.0,0.0,0.9994097502793402,0.9985368549050486,0.9231710917698762,0.650962766557819,0.9994097502793402,2,1,13.350000000000001,0.027785375343797547
MLYYVTUWGNIJIB,Preterm premature rupture of membranes,0,70.0,0.0,0.0,0.0,0.0,0.0,0.0,0.0,0.0,0.0,0.0,0.0,0.0,0.0,0.0,0.0,0.0,0.0,0,0,0.0,0.0
VAAUVRVFOQPIGI,bacterial pneumonia,0,91.0,0.0,0.0,0.0,0.0,0.0,0.0,0.0,0.0,0.0,0.0,0.0,0.0,0.0,0.0,0.0,0.0,0.0,0,0,8.666666666666671,0.0
RZEKVGVHFLEQIL,Osteoarthritis,0,45.0,0.0,0.0,0.0,0.0,0.0,0.0,0.0,0.0,0.04398940613060317,0.04398940613060317,0.0,0.0,0.9992920723058388,0.9992920723058388,0.39550523801329834,0.39550523801329834,0.9992920723058388,1,1,5.307692307692307,0.15727765034502972
RZEKVGVHFLEQIL,Other Acute Postoperative Pain,0,58.0,0.0,0.0,0.0,0.0,0.0,0.0,0.0,0.0,0.0,0.0,0.0,0.0,0.0,0.0,0.0,0.0,0.0,0,0,0.0,0.0
ZKLPARSLTMPFCP,seasonal allergic rhinitis,0,72.0,0.0,0.0,0.0,0.0,0.0,0.0,0.0,0.0,0.0,0.0,0.0,0.0,0.9975703273379479,0.9975703273379479,0.10846350790837343,0.10846350790837343,0.9975703273379479,1,1,7.5,0.0040187917665465145
QYSXJUFSXHHAJI,heart failure,0,22.0,0.0,0.0,0.0,0.0,0.0,0.0,0.0,0.0,0.0,0.0,0.0,0.0,0.5971627716641296,0.5971627716641296,0.6894693962674107,0.6894693962674107,0.6894693962674107,1,1,-17.0,-0.26299358041829934
QYSXJUFSXHHAJI,chronic kidney disease,0,52.0,0.0,0.0,0.0,0.0,0.0,0.0,0.0,0.0,0.0,0.0,0.0,0.0,0.9891746123010652,0.9891746123010652,0.7854762837667014,0.7854762837667014,0.9891746123010652,1,1,-16.799999999999997,0.009529740524390262
LUKZNWIVRBCLON,asthma,0,80.0,0.0,0.0,0.0,0.0,0.0,0.0,0.0,0.0,0.0,0.0,0.0,0.0,0.9988298364350643,0.9988298364350643,0.715329212260515,0.715329212260515,0.9988298364350643,1,1,14.125,0.06337853867771814
LUKZNWIVRBCLON,asthma,0,80.0,0.0,0.0,0.0,0.0,0.0,0.0,0.0,0.0,0.0,0.0,0.0,0.0,0.9988298364350643,0.9988298364350643,0.715329212260515,0.715329212260515,0.9988298364350643,1,1,14.125,0.06337853867771814
RRGUKTPIGVIEKM,coronary artery disease,0,36.0,0.7910587950957347,0.7910587950957347,0.0,0.0,0.0,0.0,0.0,0.0,0.0,0.0,0.0,0.0,0.91882929106739,0.91882929106739,0.02262853524443256,0.02262853524443256,0.91882929106739,1,1,-2.0,0.21800316310068946
WDDPHFBMKLOVOX,Acute Myeloid Leukemia,0,76.0,0.0,0.0,0.0,0.0,0.3504113117433384,0.025029379410238455,0.0,0.0,0.02700429641134989,0.0019288783150964207,0.4559480982087158,0.06513544260124511,0.9714001615556841,0.9018882664386417,0.4140185374077142,0.09764776234102794,0.9714001615556841,14,1,13.81818181818182,0.07131934661405581
WDDPHFBMKLOVOX,Acute Myeloid Leukemia,0,76.0,0.0,0.0,0.0,0.0,0.3504113117433384,0.025029379410238455,0.0,0.0,0.02700429641134989,0.0019288783150964207,0.4559480982087158,0.06513544260124511,0.9714001615556841,0.9018882664386417,0.4140185374077142,0.09764776234102794,0.9714001615556841,14,1,13.81818181818182,0.07131934661405581
GDLIGKIOYRNHDA,premature ejaculation,0,62.0,0.0,0.0,0.0,0.0,0.0,0.0,0.0,0.0,0.0,0.0,0.0,0.0,0.0,0.0,0.0,0.0,0.0,0,0,0.0,0.0
GKTWGGQPFAXNFI,Acute Coronary Syndromes,0,84.0,0.0,0.0,0.0,0.0,0.0,0.0,0.0,0.0,0.0,0.0,0.0,0.0,0.9970589630875856,0.9970589630875856,0.19068552407289788,0.19068552407289788,0.9970589630875856,1,1,1.0,0.0
GKTWGGQPFAXNFI,Platelet Inhibition; Coronary Stent Implantation,0,86.0,0.0,0.0,0.0,0.0,0.0,0.0,0.0,0.0,0.0,0.0,0.0,0.0,0.0,0.0,0.0,0.0,0.0,0,0,0.0,0.0
FKRSSPOQAMALKA,hepatitis C virus infection,0,88.0,0.0,0.0,0.0,0.0,0.0,0.0,0.0,0.0,0.0,0.0,0.0,0.0,0.0,0.0,0.0,0.0,0.0,0,0,6.472972972972968,0.0
FKRSSPOQAMALKA,hepatitis C virus infection,0,88.0,0.0,0.0,0.0,0.0,0.0,0.0,0.0,0.0,0.0,0.0,0.0,0.0,0.0,0.0,0.0,0.0,0.0,0,0,6.472972972972968,0.0
KGPGQDLTDHGEGT,Cellulitis,0,86.0,0.0,0.0,0.0,0.0,0.0,0.0,0.0,0.0,0.0,0.0,0.0,0.0,0.0,0.0,0.0,0.0,0.0,0,0,0.0,0.0
JVHXJTBJCFBINQ,Type 2 Diabetes Mellitus,0,58.0,0.0,0.0,0.0,0.0,0.0,0.0,0.0,0.0,0.0,0.0,0.0,0.0,0.9974377552980216,0.9974377552980216,0.9481524627860095,0.9481524627860095,0.9974377552980216,1,1,-7.228571428571428,0.027735338757369
JVHXJTBJCFBINQ,diabetes Mellitus,0,65.0,0.41592256290316537,0.41592256290316537,0.0,0.0,0.5732065566256663,0.5732065566256663,0.0,0.0,0.0,0.0,0.0,0.0,0.9979547446616185,0.9979547446616185,0.9714581997567786,0.9714581997567786,0.9979547446616185,1,1,5.0,-0.0002495444794455848
XAUDJQYHKZQPEU,Acute Myeloid Leukemia,0,64.0,0.8274321824850255,0.41371609124251274,0.607930797611621,0.3039653988058105,0.0,0.0,0.607930797611621,0.3039653988058105,0.0,0.0,0.8514596149150455,0.42572980745752276,0.9720979202577157,0.9720979202577157,0.9880956737828811,0.962225604905148,0.9880956737828811,2,1,1.8181818181818201,0.08801485884125282
XAUDJQYHKZQPEU,Acute Myeloid Leukemia,0,64.0,0.8274321824850255,0.41371609124251274,0.607930797611621,0.3039653988058105,0.0,0.0,0.607930797611621,0.3039653988058105,0.0,0.0,0.8514596149150455,0.42572980745752276,0.9720979202577157,0.9720979202577157,0.9880956737828811,0.962225604905148,0.9880956737828811,2,1,1.8181818181818201,0.08801485884125282
JAUOIFJMECXRGI,seasonal allergic rhinitis,0,72.0,0.0,0.0,0.0,0.0,0.0,0.0,0.0,0.0,0.0,0.0,0.0,0.0,0.9975703273379479,0.9975703273379479,0.10846350790837343,0.10846350790837343,0.9975703273379479,1,1,7.5,0.0040187917665465145
UREBDLICKHMUKA,PCOS,0,45.0,0.0,0.0,0.0,0.0,0.0,0.0,0.0,0.0,0.0,0.0,0.0,0.0,0.0,0.0,0.0,0.0,0.0,0,0,0.0,0.0
UREBDLICKHMUKA,Thyroidectomy; Thyroid Diseases,0,38.0,0.0,0.0,0.0,0.0,0.0,0.0,0.0,0.0,0.0,0.0,0.0,0.0,0.0,0.0,0.0,0.0,0.0,0,0,0.0,0.0
UREBDLICKHMUKA,Bone Metastases,0,42.0,0.0,0.0,0.0,0.0,0.0,0.0,0.0,0.0,0.0,0.0,0.0,0.0,0.0,0.0,0.0,0.0,0.0,0,0,0.0,0.0
UREBDLICKHMUKA,Vomiting Postoperative,0,50.0,0.0,0.0,0.0,0.0,0.0,0.0,0.0,0.0,0.0,0.0,0.0,0.0,0.0,0.0,0.0,0.0,0.0,0,0,0.0,0.0
UREBDLICKHMUKA,Chemotherapy-Induced Nausea and Vomiting,0,50.0,0.0,0.0,0.0,0.0,0.0,0.0,0.0,0.0,0.0,0.0,0.0,0.0,0.6871583436800075,0.6871583436800075,0.0,0.0,0.6871583436800075,1,1,-5.333333333333336,-0.05167081149136288
UREBDLICKHMUKA,Chemotherapy-Induced Nausea and Vomiting,0,50.0,0.0,0.0,0.0,0.0,0.0,0.0,0.0,0.0,0.0,0.0,0.0,0.0,0.6871583436800075,0.6871583436800075,0.0,0.0,0.6871583436800075,1,1,-5.333333333333336,-0.05167081149136288
UREBDLICKHMUKA,Chemotherapy-Induced Nausea and Vomiting,0,50.0,0.0,0.0,0.0,0.0,0.0,0.0,0.0,0.0,0.0,0.0,0.0,0.0,0.6871583436800075,0.6871583436800075,0.0,0.0,0.6871583436800075,1,1,-5.333333333333336,-0.05167081149136288
UREBDLICKHMUKA,Children With Febrile Urinary Tract Infection,1,25.0,0.0,0.0,0.0,0.0,0.0,0.0,0.0,0.0,0.0,0.0,0.0,0.0,0.0,0.0,0.0,0.0,0.0,0,0,0.0,0.0
UREBDLICKHMUKA,Blepharitis,0,52.0,0.0,0.0,0.0,0.0,0.0,0.0,0.0,0.0,0.0,0.0,0.0,0.0,0.5868220893612175,0.5868220893612175,0.0,0.0,0.5868220893612175,1,1,0.0,0.0
DCOPUUMXTXDBNB,Osteo Arthritis of the Knee,0,48.0,0.0,0.0,0.0,0.0,0.0,0.0,0.0,0.0,0.0,0.0,0.0,0.0,0.8709963679089834,0.7746138983767961,0.17143994134246984,0.08571997067123492,0.8709963679089834,2,1,0.0,0.0
DCOPUUMXTXDBNB,Osteoarthritis,0,48.0,0.0,0.0,0.0,0.0,0.0,0.0,0.0,0.0,0.04398940613060317,0.021994703065301584,0.0,0.0,0.9992920723058388,0.9991810606054665,0.39550523801329834,0.28001785857941397,0.9992920723058388,2,1,8.307692307692307,0.15727765034502972
ZZVUWRFHKOJYTH,Chronic Idiopathic Urticaria,0,65.0,0.0,0.0,0.0,0.0,0.0,0.0,0.0,0.0,0.0,0.0,0.0,0.0,0.5916855357421105,0.5916855357421105,0.0728129385428036,0.0728129385428036,0.5916855357421105,1,1,0.0,0.0
RHWKPHLQXYSBKR,infection,0,82.0,0.0,0.0,0.0,0.0,0.0,0.0,0.0,0.0,0.0,0.0,0.0,0.0,0.0,0.0,0.0,0.0,0.0,0,0,-0.4000000000000057,0.0
ZEUITGRIYCTCEM,"Diabetic Neuropathy, Painful",0,62.0,0.0,0.0,0.0,0.0,0.0,0.0,0.0,0.0,0.0,0.0,0.0,0.0,0.0,0.0,0.0,0.0,0.0,0,0,0.0,0.0
ZEUITGRIYCTCEM,"Anxiety Neuroses; Anxiety States, Neurotic; Neuroses, Anxiety",0,60.0,0.535316841230233,0.2676584206151165,0.0,0.0,0.5868182897937325,0.29340914489686626,0.0,0.0,0.0,0.0,0.0,0.0,0.9959501472927405,0.9871696667891566,0.7543712278098693,0.598242399991283,0.9959501472927405,2,1,0.0,0.0
ZEUITGRIYCTCEM,Fibromyalgia,1,60.0,0.0,0.0,0.0,0.0,0.0,0.0,0.0,0.0,0.0,0.0,0.0,0.0,0.99003225421261,0.989874444207973,0.22737422955714656,0.12888538471886382,0.99003225421261,2,1,16.25,0.24750806355315247
XPOQHMRABVBWPR,HIV infection,0,88.0,0.0,0.0,0.0,0.0,0.0,0.0,0.0,0.0,0.0,0.0,0.0,0.0,0.0,0.0,0.0,0.0,0.0,0,0,16.058823529411768,-0.07569723439911848
XPOQHMRABVBWPR,HIV infection,0,88.0,0.0,0.0,0.0,0.0,0.0,0.0,0.0,0.0,0.0,0.0,0.0,0.0,0.0,0.0,0.0,0.0,0.0,0,0,16.058823529411768,-0.07569723439911848
KAQKFAOMNZTLHT,pulmonary arterial hypertension,0,84.0,0.0,0.0,0.0,0.0,0.0,0.0,0.0,0.0,0.0,0.0,0.0,0.0,0.9883479509361869,0.9883479509361869,0.20728885789290022,0.20728885789290022,0.9883479509361869,1,1,13.200000000000003,0.19739922308861457
UFNVPOGXISZXJD,Lung Cancer,0,47.0,0.0,0.0,0.0,0.0,0.0,0.0,0.0,0.0,0.0,0.0,0.0,0.0,0.9941983815907179,0.9941983815907179,0.5981333514306195,0.5981333514306195,0.9941983815907179,1,1,-10.451612903225808,0.05506378756972907
JUZNIMUFDBIJCM,diabetic foot infection,0,83.0,0.0,0.0,0.0,0.0,0.0,0.0,0.0,0.0,0.0,0.0,0.0,0.0,0.0,0.0,0.0,0.0,0.0,0,0,0.0,0.0
SUBDBMMJDZJVOS,Heartburn,0,80.0,0.0,0.0,0.0,0.0,0.0,0.0,0.0,0.0,0.0,0.0,0.0,0.0,0.0,0.0,0.0,0.0,0.0,0,0,0.0,0.0
SUBDBMMJDZJVOS,Heartburn,0,80.0,0.0,0.0,0.0,0.0,0.0,0.0,0.0,0.0,0.0,0.0,0.0,0.0,0.0,0.0,0.0,0.0,0.0,0,0,0.0,0.0
GBBSUAFBMRNDJC,insomnia,0,56.0,0.6260131179720698,0.05558915126304351,0.0,0.0,0.0,0.0,0.0,0.0,0.0,0.0,0.0,0.0,0.9978276225154038,0.9958689565703811,0.12323263876585568,0.02412461494167991,0.9978276225154038,16,1,-11.25,0.018311590427990243
VJJPUSNTGOMMGY,Lung Cancer,0,62.0,0.0,0.0,0.0,0.0,0.0,0.0,0.0,0.0,0.0,0.0,0.0,0.0,0.9435428448517708,0.943189866540751,0.9572363672146095,0.5768539297914405,0.9572363672146095,2,1,4.548387096774192,0.018101773193620607
MNJVRJDLRVPLFE,Coxarthrosis; Arthroplasties Hip Replacement; Perioperative Blood Loss,0,54.0,0.0,0.0,0.0,0.0,0.0,0.0,0.0,0.0,0.0,0.0,0.0,0.0,0.42555155832813474,0.42555155832813474,0.01654922726831635,0.01654922726831635,0.42555155832813474,1,1,0.0,0.0
MNJVRJDLRVPLFE,Dysmenorrhea,0,72.0,0.0,0.0,0.0,0.0,0.0,0.0,0.0,0.0,0.0,0.0,0.0,0.0,0.9976264941292113,0.9976264941292113,0.13044934530362104,0.13044934530362104,0.9976264941292113,1,1,-1.0,0.0
XUFQPHANEAPEMJ,Upper Gastrointestinal Bleeding,0,50.0,0.0,0.0,0.0,0.0,0.0,0.0,0.0,0.0,0.0,0.0,0.0,0.0,0.0,0.0,0.0,0.0,0.0,0,0,-11.0,0.0
PJMPHNIQZUBGLI,Pain,0,72.0,0.5236630062353352,0.5236630062353352,0.0,0.0,0.0,0.0,0.0,0.0,0.0,0.0,0.0,0.0,0.9996035856741771,0.9996035856741771,0.14216217234942638,0.14216217234942638,0.9996035856741771,1,1,7.8799999999999955,0.05829494156868831
RFHAOTPXVQNOHP,Acute Myeloid Leukemia,0,15.0,0.0,0.0,0.0,0.0,0.0,0.0,0.0,0.0,0.0,0.0,0.0,0.0,0.0,0.0,0.0,0.0,0.0,0,0,-47.18181818181818,-0.9000808149416283
FEBLZLNTKCEFIT,diabetic macular edema,0,68.0,0.0,0.0,0.0,0.0,0.0,0.0,0.0,0.0,0.0,0.0,0.0,0.0,0.6791439737799777,0.6791439737799777,0.02735688589252295,0.02735688589252295,0.6791439737799777,1,1,4.0,0.0
OVBPIULPVIDEAO,male infertility,0,24.0,0.0,0.0,0.0,0.0,0.0,0.0,0.0,0.0,0.0,0.0,0.0,0.0,0.0,0.0,0.0,0.0,0.0,0,0,0.0,0.0
VWUXBMIQPBEWFH,Advanced Breast Cancer,1,80.0,0.7362363711407216,0.7362363711407216,0.0,0.0,0.2784930983858836,0.2784930983858836,0.8492097570461924,0.8492097570461924,0.0,0.0,0.8496114818642673,0.8496114818642673,0.9932371323482767,0.9932371323482767,0.9993172641092537,0.9993172641092537,0.9993172641092537,1,1,2.5454545454545467,0.005195572590390496
UGJMXCAKCUNAIE,"Pain, Postoperative",0,38.0,0.0,0.0,0.0,0.0,0.0,0.0,0.0,0.0,0.0,0.0,0.0,0.0,0.0,0.0,0.0,0.0,0.0,0,0,-14.200000000000003,0.0
UGJMXCAKCUNAIE,Intervertebral Disc Prolapse,0,42.0,0.0,0.0,0.0,0.0,0.0,0.0,0.0,0.0,0.0,0.0,0.0,0.0,0.0,0.0,0.0,0.0,0.0,0,0,0.0,0.0
XGALLCVXEZPNRQ,Lung Cancer,0,74.0,0.9336832402296186,0.9336832402296186,0.6079307976116209,0.6079307976116209,0.0,0.0,0.8735498843346562,0.8735498843346562,0.0,0.0,0.9409039510472654,0.9409039510472654,0.9960065980462496,0.9960065980462496,0.9994311108906085,0.9994311108906085,0.9994311108906085,1,1,16.548387096774192,0.060296516869619676
SDUQYLNIPVEERB,Metastatic Pancreatic Cancer,0,60.0,0.0,0.0,0.0,0.0,0.0,0.0,0.0,0.0,0.0,0.0,0.0,0.0,0.9567315435045285,0.9567315435045285,0.8811312411015507,0.8811312411015507,0.9567315435045285,1,1,4.0,0.31891051450150953
LNEPOXFFQSENCJ,Delirium; Impaired Cognition; Long Term Psychologic Disorders,0,42.0,0.0,0.0,0.0,0.0,0.0,0.0,0.0,0.0,0.0,0.0,0.0,0.0,0.6717792403438764,0.6647258277650561,0.1281017045625051,0.08252041149474652,0.6717792403438764,4,1,4.5,0.0
JYGXADMDTFJGBT,"Infant, Newborn; Infant, Small for Gestational Age; Infant, Very Low Birth Weight; Infant, Premature; Bronchopulmonary Dysplasia",0,62.0,0.0,0.0,0.0,0.0,0.0,0.0,0.0,0.0,0.0,0.0,0.0,0.0,0.0,0.0,0.0,0.0,0.0,0,0,0.0,0.0
JYGXADMDTFJGBT,Septic Shock; Sepsis,0,56.0,0.0,0.0,0.0,0.0,0.0,0.0,0.0,0.0,0.0,0.0,0.0,0.0,0.6552241182685012,0.6552241182685012,0.13431555494564756,0.13431555494564756,0.6552241182685012,1,1,0.0,0.0
XXSMGPRMXLTPCZ,Autoimmune Diseases; Sjogren's Syndrome; Dry Eye,1,42.0,0.0,0.0,0.0,0.0,0.0,0.0,0.0,0.0,0.0,0.0,0.0,0.0,0.0,0.0,0.0,0.0,0.0,0,0,0.0,0.0
VSNHCAURESNICA,High Risk Polycythemia Vera; High Risk Essential Thrombocythemia,0,70.0,0.0,0.0,0.0,0.0,0.0,0.0,0.0,0.0,0.0,0.0,0.0,0.0,0.0,0.0,0.0,0.0,0.0,0,0,0.0,0.0
HEFNNWSXXWATRW,Dysmenorrhea,0,74.0,0.0,0.0,0.0,0.0,0.0,0.0,0.0,0.0,0.0,0.0,0.0,0.0,0.9976264941292113,0.9975886186698948,0.13044934530362104,0.07130398062792673,0.9976264941292113,2,1,1.0,0.0
JGPMMRGNQUBGND,Friedreich ataxia,0,40.0,0.0,0.0,0.0,0.0,0.0,0.0,0.0,0.0,0.0,0.0,0.0,0.0,0.0,0.0,0.0,0.0,0.0,0,0,0.0,0.0
XMXHEBAFVSFQEX,schizophrenia,0,62.0,0.6560907249300643,0.32804536246503213,0.0,0.0,0.6454494156558882,0.3227247078279441,0.0,0.0,0.0,0.0,0.0,0.0,0.9994097502793402,0.9993943643856662,0.9231710917698762,0.6663550305133772,0.9994097502793402,2,1,-0.6499999999999986,0.027785375343797547
KTUFNOKKBVMGRW,Pulmonary Arterial Hypertension,0,52.0,0.0,0.0,0.0,0.0,0.2755142374775867,0.09183807915919556,0.0,0.0,0.0,0.0,0.0,0.0,0.6526007168935002,0.6142657702433291,0.7578404700089524,0.4202883141048168,0.7578404700089524,3,1,-22.285714285714292,-0.1978353332696513
KTUFNOKKBVMGRW,Chronic Myeloid Leukemia,0,97.0,0.7960994423714745,0.37061417663265384,0.607930797611621,0.40528719840774735,0.5408678845286392,0.18028929484287973,0.9671529481664186,0.6108699954776542,0.0,0.0,0.8100002399510838,0.6705657723532433,0.9946214268286212,0.9726613543347894,0.9917245741988947,0.8881953383420874,0.9946214268286212,3,1,2.4000000000000057,0.0
QZZUEBNBZAPZLX,chronic obstructive pulmonary disease,0,45.0,0.0,0.0,0.0,0.0,0.0,0.0,0.0,0.0,0.0,0.0,0.0,0.0,0.9987095195438428,0.9987095195438428,0.8194221934030006,0.8194221934030006,0.9987095195438428,1,1,-6.75,0.0004460714180346548
YOSHYTLCDANDAN,Hypertension; Hyperlipidemia,0,55.0,0.0,0.0,0.0,0.0,0.0,0.0,0.0,0.0,0.0,0.0,0.0,0.0,0.0,0.0,0.0,0.0,0.0,0,0,0.0,0.0
QRXWMOHMRWLFEY,Latent Tuberculosis Infection,0,92.0,0.0,0.0,0.0,0.0,0.0,0.0,0.0,0.0,0.0,0.0,0.0,0.0,0.0,0.0,0.0,0.0,0.0,0,0,1.0,0.0
SHGAZHPCJJPHSC,Acne,0,88.0,0.0,0.0,0.0,0.0,0.0,0.0,0.0,0.0,0.0,0.0,0.0,0.0,0.9967651862360211,0.7474743517724097,0.21784186914416426,0.10977082471373133,0.9967651862360211,4,1,0.0,0.0
YQEZLKZALYSWHR,Refractory Cancer,0,22.0,0.0,0.0,0.0,0.0,0.0,0.0,0.0,0.0,0.0,0.0,0.0,0.0,0.0,0.0,0.0,0.0,0.0,0,0,0.0,0.0
YQEZLKZALYSWHR,Procedural Sedation and Analgesia,0,83.0,0.0,0.0,0.0,0.0,0.0,0.0,0.0,0.0,0.0,0.0,0.0,0.0,0.0,0.0,0.0,0.0,0.0,0,0,0.0,0.0
YQEZLKZALYSWHR,Postoperative Pain,0,52.0,0.0,0.0,0.0,0.0,0.0,0.0,0.0,0.0,0.0,0.0,0.0,0.0,0.0,0.0,0.0,0.0,0.0,0,0,-8.222222222222221,0.0
VPPJLAIAVCUEMN,epilepsy,0,70.0,0.9750159084988218,0.4809470993610886,0.9198250332960655,0.41986048972501305,0.892851891179099,0.35841935486105775,0.0,0.0,0.0,0.0,0.547137717850459,0.0547137717850459,0.9987671453597234,0.9987670018184562,0.9683402365211742,0.4103610136791661,0.9987671453597234,10,1,4.181818181818187,0.027111982914907573
VPPJLAIAVCUEMN,epilepsy,0,70.0,0.9750159084988218,0.4809470993610886,0.9198250332960655,0.41986048972501305,0.892851891179099,0.35841935486105775,0.0,0.0,0.0,0.0,0.547137717850459,0.0547137717850459,0.9987671453597234,0.9987670018184562,0.9683402365211742,0.4103610136791661,0.9987671453597234,10,1,4.181818181818187,0.027111982914907573
MJIHNNLFOKEZEW,Gastric Ulcer,0,83.0,0.0,0.0,0.0,0.0,0.0,0.0,0.0,0.0,0.0,0.0,0.0,0.0,0.9953328645051962,0.9953328645051962,0.13097295903536724,0.06548647951768362,0.9953328645051962,2,1,-0.6666666666666714,0.0
MJIHNNLFOKEZEW,Duodenal Ulcer,0,85.0,0.0,0.0,0.0,0.0,0.0,0.0,0.0,0.0,0.0,0.0,0.0,0.0,0.9870549467792921,0.9870549467792921,0.1312327053425791,0.06561635267128955,0.9870549467792921,2,1,0.0,0.0
MJIHNNLFOKEZEW,Gastric Ulcers; Duodenal Ulcers,0,85.0,0.0,0.0,0.0,0.0,0.0,0.0,0.0,0.0,0.0,0.0,0.0,0.0,0.996303088351695,0.996303088351695,0.21303048918995818,0.10651524459497909,0.996303088351695,2,1,0.0,0.0
MJIHNNLFOKEZEW,Gastric Ulcers; Duodenal Ulcers,0,85.0,0.0,0.0,0.0,0.0,0.0,0.0,0.0,0.0,0.0,0.0,0.0,0.0,0.996303088351695,0.996303088351695,0.21303048918995818,0.10651524459497909,0.996303088351695,2,1,0.0,0.0
MJIHNNLFOKEZEW,Gastric Ulcers; Duodenal Ulcers,0,85.0,0.0,0.0,0.0,0.0,0.0,0.0,0.0,0.0,0.0,0.0,0.0,0.0,0.996303088351695,0.996303088351695,0.21303048918995818,0.10651524459497909,0.996303088351695,2,1,0.0,0.0
MJIHNNLFOKEZEW,Erosive Esophagitis,0,85.0,0.0,0.0,0.0,0.0,0.0,0.0,0.0,0.0,0.0,0.0,0.0,0.0,0.0,0.0,0.0,0.0,0.0,0,0,0.0,0.0
GOTYRUGSSMKFNF,Untreated Patients With Follicular Lymphoma,1,68.0,0.0,0.0,0.0,0.0,0.0,0.0,0.0,0.0,0.0,0.0,0.0,0.0,0.0,0.0,0.0,0.0,0.0,0,0,0.0,0.0
WOSKHXYHFSIKNG,Thyroid Cancer,0,70.0,0.9701213597824737,0.3233737865941579,0.9333942194555429,0.31113140648518095,0.8410474195647767,0.28034913985492554,0.9285669064556789,0.30952230215189297,0.0,0.0,0.820942994308093,0.6567034907707944,0.9763730286499875,0.7083500726644858,0.9922168346417634,0.8250612313924496,0.9922168346417634,3,1,0.0,0.0
FGQFOYHRJSUHMR,gout,0,73.0,0.9214621954515188,0.9214621954515188,0.0,0.0,0.0,0.0,0.0,0.0,0.0,0.0,0.0,0.0,0.9605945319042539,0.9605945319042539,0.8072547140869234,0.8072547140869234,0.9605945319042539,1,1,-3.75,-0.010618201116987858
VVIAGPKUTFNRDU,Metastatic Pancreatic Cancer,0,48.0,0.0,0.0,0.0,0.0,0.0,0.0,0.0,0.0,0.0,0.0,0.0,0.0,0.0,0.0,0.0,0.0,0.0,0,0,-8.0,-0.637821029003019
HPHUVLMMVZITSG,Epilepsy; Generalized Tonic-clonic Seizures,0,68.0,0.7568738430264683,0.6824023203190447,0.0,0.0,0.3359425587601818,0.1679712793800909,0.0,0.0,0.0,0.0,0.0,0.0,0.9982375811180926,0.997626180307403,0.5824175393623507,0.33049698650213577,0.9982375811180926,2,1,0.0,0.0
HPHUVLMMVZITSG,Epilepsy; Generalized Tonic-clonic Seizures,0,68.0,0.7568738430264683,0.6824023203190447,0.0,0.0,0.3359425587601818,0.1679712793800909,0.0,0.0,0.0,0.0,0.0,0.0,0.9982375811180926,0.997626180307403,0.5824175393623507,0.33049698650213577,0.9982375811180926,2,1,0.0,0.0
LEBVLXFERQHONN,pain,0,72.0,0.547137717850459,0.547137717850459,0.0,0.0,0.0,0.0,0.0,0.0,0.0,0.0,0.0,0.0,0.9987210058300428,0.9987210058300428,0.07404934854241552,0.07404934854241552,0.9987210058300428,1,1,13.875,0.08613720071674125
WTDRDQBEARUVNC,Parkinson's Disease,0,87.0,0.0,0.0,0.0,0.0,0.0,0.0,0.0,0.0,0.0,0.0,0.0,0.0,0.0,0.0,0.0,0.0,0.0,0,0,28.916666666666664,0.0
NNJVILVZKWQKPM,Anesthesia,0,90.0,0.0,0.0,0.0,0.0,0.0,0.0,0.0,0.0,0.0,0.0,0.0,0.0,0.0,0.0,0.0,0.0,0.0,0,0,5.666666666666671,0.0
NNJVILVZKWQKPM,Postoperative Pain,0,65.0,0.0,0.0,0.0,0.0,0.0,0.0,0.0,0.0,0.0,0.0,0.0,0.0,0.0,0.0,0.0,0.0,0.0,0,0,4.777777777777779,0.0
JFOZKMSJYSPYLN,dry eye syndrome,0,58.0,0.0,0.0,0.0,0.0,0.0,0.0,0.0,0.0,0.0,0.0,0.0,0.0,0.0,0.0,0.0,0.0,0.0,0,0,0.0,0.0
TYZROVQLWOKYKF,skin and soft tissue bacterial infection,0,88.0,0.0,0.0,0.0,0.0,0.0,0.0,0.0,0.0,0.0,0.0,0.0,0.0,0.0,0.0,0.0,0.0,0.0,0,0,0.0,0.0
PSIFNNKUMBGKDQ,Nonalcoholic Steatohepatitis,0,38.0,0.0,0.0,0.0,0.0,0.0,0.0,0.0,0.0,0.0,0.0,0.0,0.0,0.0,0.0,0.0,0.0,0.0,0,0,-4.666666666666664,0.0
PSIFNNKUMBGKDQ,Hypertension,0,78.0,0.8051397966329676,0.8051397966329676,0.9066612367713315,0.9066612367713315,0.791658237936633,0.791658237936633,0.0,0.0,0.0,0.0,0.0,0.0,0.9991012181710432,0.9991012181710432,0.9070676865140088,0.9070676865140088,0.9991012181710432,1,1,9.416666666666671,0.03400520011329511
PSIFNNKUMBGKDQ,Hypertension,0,78.0,0.8051397966329676,0.8051397966329676,0.9066612367713315,0.9066612367713315,0.791658237936633,0.791658237936633,0.0,0.0,0.0,0.0,0.0,0.0,0.9991012181710432,0.9991012181710432,0.9070676865140088,0.9070676865140088,0.9991012181710432,1,1,9.416666666666671,0.03400520011329511
WGFOBBZOWHGYQH,colorectal carcinoma,0,10.0,0.0,0.0,0.0,0.0,0.0,0.0,0.0,0.0,0.0,0.0,0.0,0.0,0.0,0.0,0.0,0.0,0.0,0,0,0.0,0.0
WGFOBBZOWHGYQH,chronic idiopathic constipation,0,72.0,0.0,0.0,0.0,0.0,0.0,0.0,0.0,0.0,0.0,0.0,0.0,0.0,0.0,0.0,0.0,0.0,0.0,0,0,0.5714285714285694,0.0
ZRVUJXDFFKFLMG,Lumbar Sciatic Pain,0,52.0,0.0,0.0,0.0,0.0,0.0,0.0,0.0,0.0,0.0,0.0,0.0,0.0,0.0,0.0,0.0,0.0,0.0,0,0,0.0,0.0
SGDBTWWWUNNDEQ,Multiple Myeloma,0,78.0,0.0,0.0,0.0,0.0,0.0,0.0,0.0,0.0,0.0,0.0,0.0,0.0,0.0,0.0,0.0,0.0,0.0,0,0,6.36363636363636,-0.8367185672582028
SGDBTWWWUNNDEQ,Sickle Cell Disease,0,35.0,0.0,0.0,0.0,0.0,0.0,0.0,0.0,0.0,0.0,0.0,0.0,0.0,0.0,0.0,0.0,0.0,0.0,0,0,-1.5,-0.28835665134031285
NOOLISFMXDJSKH,gastric cancer,0,7.0,0.0,0.0,0.0,0.0,0.0,0.0,0.0,0.0,0.0,0.0,0.0,0.0,0.0,0.0,0.0,0.0,0.0,0,0,-10.333333333333332,0.0
NOOLISFMXDJSKH,gastric cancer,0,7.0,0.0,0.0,0.0,0.0,0.0,0.0,0.0,0.0,0.0,0.0,0.0,0.0,0.0,0.0,0.0,0.0,0.0,0,0,-10.333333333333332,0.0
DMJNNHOOLUXYBV,Complicated Intra-abdominal Infection,0,90.0,0.0,0.0,0.0,0.0,0.0,0.0,0.0,0.0,0.0,0.0,0.0,0.0,0.0,0.0,0.0,0.0,0.0,0,0,2.5,0.0
XZWYZXLIPXDOLR,Diabetes,1,75.0,0.0,0.0,0.0,0.0,0.0,0.0,0.0,0.0,0.0,0.0,0.0,0.0,0.0,0.0,0.0,0.0,0.0,0,0,13.266666666666666,0.0
XZWYZXLIPXDOLR,Type 2 Diabetes,1,74.0,0.0,0.0,0.3039653988058105,0.3039653988058105,0.0,0.0,0.0,0.0,0.0,0.0,0.0,0.0,0.9986081372456911,0.9986081372456911,0.17827377545849124,0.17827377545849124,0.9986081372456911,1,1,14.460526315789473,0.01846816175293009
XZWYZXLIPXDOLR,Type 2 Diabetes Mellitus,0,78.0,0.0,0.0,0.3039653988058105,0.3039653988058105,0.0,0.0,0.0,0.0,0.0,0.0,0.0,0.0,0.9986081372456911,0.9986081372456911,0.17827377545849124,0.17827377545849124,0.9986081372456911,1,1,12.771428571428572,0.028905720705038496
XZWYZXLIPXDOLR,Type 2 Diabetes Mellitus,0,78.0,0.0,0.0,0.3039653988058105,0.3039653988058105,0.0,0.0,0.0,0.0,0.0,0.0,0.0,0.0,0.9986081372456911,0.9986081372456911,0.17827377545849124,0.17827377545849124,0.9986081372456911,1,1,12.771428571428572,0.028905720705038496
XZWYZXLIPXDOLR,Type 2 Diabetes Mellitus,0,78.0,0.0,0.0,0.3039653988058105,0.3039653988058105,0.0,0.0,0.0,0.0,0.0,0.0,0.0,0.0,0.9986081372456911,0.9986081372456911,0.17827377545849124,0.17827377545849124,0.9986081372456911,1,1,12.771428571428572,0.028905720705038496
XZWYZXLIPXDOLR,Type 1 Diabetes,0,28.0,0.0,0.0,0.0,0.0,0.0,0.0,0.0,0.0,0.0,0.0,0.0,0.0,0.6427660249683012,0.6427660249683012,0.0667035180712751,0.0667035180712751,0.6427660249683012,1,1,-4.299999999999997,-0.03875712480171423
XZWYZXLIPXDOLR,Obesity; Insulin Resistance,0,55.0,0.0,0.0,0.0,0.0,0.0,0.0,0.0,0.0,0.0,0.0,0.0,0.0,0.6569410581823159,0.6569410581823159,0.17057514624026926,0.17057514624026926,0.6569410581823159,1,1,0.0,0.0
XZWYZXLIPXDOLR,Type 2 Diabetes Mellitus,0,78.0,0.0,0.0,0.3039653988058105,0.3039653988058105,0.0,0.0,0.0,0.0,0.0,0.0,0.0,0.0,0.9986081372456911,0.9986081372456911,0.17827377545849124,0.17827377545849124,0.9986081372456911,1,1,12.771428571428572,0.028905720705038496
XZWYZXLIPXDOLR,Polycystic Ovary Syndrome,0,60.0,0.0,0.0,0.0,0.0,0.0,0.0,0.0,0.0,0.0,0.0,0.0,0.0,0.6808248149041206,0.3404124074520603,0.6351866961768237,0.3327916180287024,0.6808248149041206,2,1,4.0,-0.07025458219276315
FBOZXECLQNJBKD,Hydatidiform Mole,0,85.0,0.0,0.0,0.0,0.0,0.0,0.0,0.0,0.0,0.0,0.0,0.0,0.0,0.0,0.0,0.0,0.0,0.0,0,0,0.0,0.0
RFKMCNOHBTXSMU,pain,0,50.0,0.4447664029113444,0.03819803589657908,0.0,0.0,0.0,0.0,0.0,0.0,0.0,0.0,0.0,0.0,0.9414368836886381,0.9371563933611053,0.030396539880581056,0.001688696660032281,0.9414368836886381,18,1,-8.125,0.028853078575336588
VAOCPAMSLUNLGC,Anal Incontinence,0,10.0,0.0,0.0,0.0,0.0,0.0,0.0,0.0,0.0,0.0,0.0,0.0,0.0,0.0,0.0,0.0,0.0,0.0,0,0,0.0,0.0
VAOCPAMSLUNLGC,Intra-abdominal Infections,0,82.0,0.0,0.0,0.0,0.0,0.0,0.0,0.0,0.0,0.0,0.0,0.0,0.0,0.0,0.0,0.0,0.0,0.0,0,0,0.0,0.0
FJLBFSROUSIWMA,Depression,1,38.0,0.0,0.0,0.0,0.0,0.0,0.0,0.0,0.0,0.0,0.0,0.0,0.0,0.0,0.0,0.0,0.0,0.0,0,0,-6.0,0.0
VLPIATFUUWWMKC,non-dystrophic myotonia,0,84.0,0.0,0.0,0.0,0.0,0.0,0.0,0.0,0.0,0.0,0.0,0.0,0.0,0.0,0.0,0.0,0.0,0.0,0,0,0.0,0.0
VKHAHZOOUSRJNA,cervical ripening,0,78.0,0.0,0.0,0.0,0.0,0.0,0.0,0.0,0.0,0.0,0.0,0.0,0.0,0.0,0.0,0.0,0.0,0.0,0,0,-4.666666666666671,0.0
DYKFCLLONBREIL,Depression,0,33.0,0.0,0.0,0.0,0.0,0.0,0.0,0.0,0.0,0.0,0.0,0.0,0.0,0.0,0.0,0.0,0.0,0.0,0,0,-11.0,0.0
DYKFCLLONBREIL,Depression,0,33.0,0.0,0.0,0.0,0.0,0.0,0.0,0.0,0.0,0.0,0.0,0.0,0.0,0.0,0.0,0.0,0.0,0.0,0,0,-11.0,0.0
OJLOPKGSLYJEMD,Cesarean complications,0,67.0,0.0,0.0,0.0,0.0,0.0,0.0,0.0,0.0,0.0,0.0,0.0,0.0,0.0,0.0,0.0,0.0,0.0,0,0,0.0,0.0
FABPRXSRWADJSP,"Atypical; Mycobacterium, Pulmonary, Tuberculous",0,82.0,0.0,0.0,0.0,0.0,0.0,0.0,0.0,0.0,0.0,0.0,0.0,0.0,0.0,0.0,0.0,0.0,0.0,0,0,0.0,0.0
DQCKKXVULJGBQN,Alcohol Use Disorder,0,62.0,0.0,0.0,0.0,0.0,0.0,0.0,0.0,0.0,0.0,0.0,0.0,0.0,0.0,0.0,0.0,0.0,0.0,0,0,0.0,0.0
HHZIURLSWUIHRB,Chronic Myeloid Leukemia,0,94.0,0.7960994423714745,0.7960994423714745,0.607930797611621,0.607930797611621,0.0,0.0,0.9671529481664186,0.9671529481664186,0.0,0.0,0.8100002399510838,0.8100002399510838,0.9946214268286212,0.9946214268286212,0.9917245741988947,0.9917245741988947,0.9946214268286212,1,1,-0.5999999999999943,0.0
HHZIURLSWUIHRB,Chronic Myeloid Leukemia,0,94.0,0.7960994423714745,0.7960994423714745,0.607930797611621,0.607930797611621,0.0,0.0,0.9671529481664186,0.9671529481664186,0.0,0.0,0.8100002399510838,0.8100002399510838,0.9946214268286212,0.9946214268286212,0.9917245741988947,0.9917245741988947,0.9946214268286212,1,1,-0.5999999999999943,0.0
FELGMEQIXOGIFQ,Gastroenteritis; Vomiting; Acute Gastroenteritis,0,45.0,0.0,0.0,0.0,0.0,0.0,0.0,0.0,0.0,0.0,0.0,0.0,0.0,0.6325261475170341,0.6325261475170341,0.07156167160228737,0.07156167160228737,0.6325261475170341,1,1,0.0,0.0
FELGMEQIXOGIFQ,Chemotherapy Induced Nausea and Vomiting,0,82.0,0.0,0.0,0.0,0.0,0.0,0.0,0.0,0.0,0.0,0.0,0.0,0.0,0.9971832126281848,0.9971832126281848,0.0,0.0,0.9971832126281848,1,1,0.0,0.0
FELGMEQIXOGIFQ,Postoperative Nausea and Vomiting,0,72.0,0.0,0.0,0.0,0.0,0.0,0.0,0.0,0.0,0.0,0.0,0.0,0.0,0.9929196104576826,0.9929196104576826,0.0,0.0,0.9929196104576826,1,1,1.0,0.0
FELGMEQIXOGIFQ,Chemotherapy-Induced Nausea and Vomiting,0,82.0,0.0,0.0,0.0,0.0,0.0,0.0,0.0,0.0,0.0,0.0,0.0,0.0,0.9971832126281848,0.9971832126281848,0.0,0.0,0.9971832126281848,1,1,26.666666666666664,0.2583540574568144
VSZGPKBBMSAYNT,"Influenza, Human",0,75.0,0.0,0.0,0.0,0.0,0.0,0.0,0.0,0.0,0.0,0.0,0.0,0.0,0.0,0.0,0.0,0.0,0.0,0,0,26.5,0.0
XIQVNETUBQGFHX,neurogenic bladder,0,66.0,0.0,0.0,0.0,0.0,0.0,0.0,0.0,0.0,0.0,0.0,0.0,0.0,0.0,0.0,0.0,0.0,0.0,0,0,0.0,0.0
RCINICONZNJXQF,Esophageal Cancer,0,67.0,0.0,0.0,0.0,0.0,0.0,0.0,0.0,0.0,0.0,0.0,0.0,0.0,0.6916159126720985,0.6916159126720985,0.2858398372992213,0.031257723160233335,0.6916159126720985,15,1,2.0,0.00045211388032317945
RCINICONZNJXQF,Gastric Carcinoma,0,68.0,0.0,0.0,0.0,0.0,0.0,0.0,0.25229128100882275,0.016819418733921516,0.02148906348061355,0.004188889949536539,0.0,0.0,0.65101012615766,0.6510101261576599,0.08950092298171088,0.02552183552195454,0.65101012615766,15,1,0.0,0.0
RCINICONZNJXQF,Breast Cancer,0,73.0,0.0,0.0,0.0,0.0,0.0,0.0,0.0,0.0,0.0,0.0,0.0,0.0,0.9958826872684627,0.9958826606132426,0.7189793669490522,0.3061028748634998,0.9958826872684627,15,1,15.524999999999999,0.2503486472302925
RCINICONZNJXQF,Lung Cancer,0,63.0,0.0,0.0,0.0,0.0,0.0,0.0,0.0,0.0,0.0,0.0,0.0,0.0,0.9941983815907179,0.9941983392277063,0.7481489379607551,0.2544792044528911,0.9941983815907179,15,1,5.548387096774192,0.05506378756972907
RCINICONZNJXQF,Primary Breast Cancer,0,65.0,0.0,0.0,0.0,0.0,0.0,0.0,0.0,0.0,0.0,0.0,0.0,0.0,0.9958826872684627,0.9958826606132426,0.7189793669490522,0.3061028748634998,0.9958826872684627,15,1,0.0,0.0
RCINICONZNJXQF,Lung Cancer,0,63.0,0.0,0.0,0.0,0.0,0.0,0.0,0.0,0.0,0.0,0.0,0.0,0.0,0.9941983815907179,0.9941983392277063,0.7481489379607551,0.2544792044528911,0.9941983815907179,15,1,5.548387096774192,0.05506378756972907
RCINICONZNJXQF,Ovarian Cancer,0,75.0,0.0,0.0,0.0,0.0,0.0,0.0,0.0,0.0,0.0,0.0,0.0,0.0,0.9206704591392625,0.9206704591392627,0.3669482177400349,0.06861318684385781,0.9206704591392625,15,1,4.0,0.049914015995321304
RCINICONZNJXQF,Triple Negative Breast Cancer,0,72.0,0.0,0.0,0.0,0.0,0.0,0.0,0.0,0.0,0.0,0.0,0.0,0.0,0.6824180836969475,0.6824180836969477,0.6155299325817664,0.09170736714506963,0.6824180836969475,15,1,32.5,-0.15348295010287394
PMXMIIMHBWHSKN,schizophrenia,0,75.0,0.6560907249300643,0.32804536246503213,0.0,0.0,0.6454494156558882,0.3227247078279441,0.0,0.0,0.0,0.0,0.0,0.0,0.9994097502793402,0.9993943643856662,0.9231710917698762,0.6663550305133772,0.9994097502793402,2,1,12.350000000000001,0.027785375343797547
WBXPDJSOTKVWSJ,Lung Cancer,0,54.0,0.0,0.0,0.0,0.0,0.0,0.0,0.0,0.0,0.0,0.0,0.0,0.0,0.9895581916859542,0.9890962963046239,0.9569893847275095,0.5283238873652887,0.9895581916859542,3,1,-3.451612903225808,0.05042359766496529
XDRYMKDFEDOLFX,HIV infection,0,35.0,0.0,0.0,0.0,0.0,0.0,0.0,0.0,0.0,0.0,0.0,0.0,0.0,0.0,0.0,0.0,0.0,0.0,0,0,-36.94117647058823,-0.07569723439911848
PRMWGUBFXWROHD,generalized tonic-clonic seizures,0,72.0,0.0,0.0,0.0,0.0,0.0,0.0,0.0,0.0,0.0,0.0,0.0,0.0,0.0,0.0,0.0,0.0,0.0,0,0,0.0,0.0
SONNWYBIRXJNDC,seasonal allergic rhinitis,0,35.0,0.0,0.0,0.0,0.0,0.0,0.0,0.0,0.0,0.0,0.0,0.0,0.0,0.9925423200470888,0.9925423200470888,0.0,0.0,0.9925423200470888,1,1,-29.5,-0.0010092155243126566
ISWRGOKTTBVCFA,Idiopathic Pulmonary Fibrosis,0,70.0,0.0,0.0,0.0,0.0,0.0,0.0,0.0,0.0,0.0,0.0,0.0,0.0,0.0,0.0,0.0,0.0,0.0,0,0,7.0,-0.48128711791489454
YIQPUIGJQJDJOS,Multiple Myeloma,0,48.0,0.0,0.0,0.0,0.0,0.0,0.0,0.0,0.0,0.0,0.0,0.40721287352589997,0.40721287352589997,0.939809848862217,0.939809848862217,0.4412598161534575,0.4412598161534575,0.939809848862217,1,1,-23.63636363636364,0.10309128160401415
DTGLZDAWLRGWQN,Coronary Artery Disease (CAD),0,72.0,0.0,0.0,0.0,0.0,0.0,0.0,0.0,0.0,0.0,0.0,0.0,0.0,0.9976134733445021,0.9976134733445021,0.31455328780724245,0.31455328780724245,0.9976134733445021,1,1,0.0,0.0
DTGLZDAWLRGWQN,Myocardial Infarction; STEMI,0,83.0,0.0,0.0,0.0,0.0,0.0,0.0,0.0,0.0,0.0,0.0,0.0,0.0,0.9925062124334815,0.9925062124334815,0.6831674840037899,0.6831674840037899,0.9925062124334815,1,1,0.0,0.0
DTGLZDAWLRGWQN,Myocardial Infarction,0,83.0,0.0,0.0,0.0,0.0,0.0,0.0,0.0,0.0,0.0,0.0,0.0,0.0,0.9925062124334815,0.9925062124334815,0.6831674840037899,0.6831674840037899,0.9925062124334815,1,1,18.0,0.045163528171367484
OIGNJSKKLXVSLS,Asthma; Wheezing,0,78.0,0.0,0.0,0.0,0.0,0.0,0.0,0.0,0.0,0.0,0.0,0.0,0.0,0.9988298364350643,0.9988298364350643,0.715329212260515,0.715329212260515,0.9988298364350643,1,1,43.0,0.3017258776740549
XOFYZVNMUHMLCC,Prostate Cancer,0,32.0,0.0,0.0,0.0,0.0,0.0,0.0,0.0,0.0,0.0,0.0,0.2279740491043579,0.2279740491043579,0.9235621351186311,0.9235621351186311,0.8418425153379159,0.8418425153379159,0.9235621351186311,1,1,-27.25,0.07102056493608266
INDBQLZJXZLFIT,Plasmodium falciparum malaria,0,48.0,0.0,0.0,0.0,0.0,0.0,0.0,0.0,0.0,0.0,0.0,0.0,0.0,0.0,0.0,0.0,0.0,0.0,0,0,-20.5,0.0
DBABZHXKTCFAPX,obesity,1,10.0,0.0,0.0,0.0,0.0,0.0,0.0,0.0,0.0,0.0,0.0,0.0,0.0,0.0,0.0,0.0,0.0,0.0,0,0,-4.666666666666666,-0.3887227468749488
FYPMFJGVHOHGLL,hyperlipidemia,0,55.0,0.5673000528737218,0.5673000528737218,0.0,0.0,0.6233375369322668,0.6233375369322668,0.0,0.0,0.0,0.0,0.0,0.0,0.42555155832813474,0.42555155832813474,0.19917885882519007,0.19917885882519007,0.6233375369322668,1,1,0.0,0.0
YREYEVIYCVEVJK,Upper Gastrointestinal Bleeding,0,72.0,0.0,0.0,0.0,0.0,0.0,0.0,0.0,0.0,0.0,0.0,0.0,0.0,0.0,0.0,0.0,0.0,0.0,0,0,11.0,0.0
GZUITABIAKMVPG,schizophrenia,0,30.0,0.03148028070365937,0.03148028070365937,0.0,0.0,0.0,0.0,0.0,0.0,0.0,0.0,0.0,0.0,0.6321015800744466,0.6321015800744466,0.7215867686287118,0.7215867686287118,0.7215867686287118,1,1,-32.65,-0.2500376063068308
CZFFBEXEKNGXKS,HIV-1 infection,0,90.0,0.0,0.0,0.0,0.0,0.0,0.0,0.0,0.0,0.0,0.0,0.0,0.0,0.0,0.0,0.0,0.0,0.0,0,0,0.7142857142857082,0.0
XKLMZUWKNUAPSZ,Ischemic Cardiomyopathy; Nonischemic Cardiomyopathy; Heart Failure,1,35.0,0.0,0.0,0.0,0.0,0.0,0.0,0.0,0.0,0.0,0.0,0.0,0.0,0.0,0.0,0.07599134970145263,0.07599134970145263,0.07599134970145263,1,1,0.0,0.0
XKLMZUWKNUAPSZ,Coronary Artery Disease; Angina Pectoris,1,55.0,0.0,0.0,0.0,0.0,0.0,0.0,0.0,0.0,0.0,0.0,0.0,0.0,0.6257370699957472,0.6257370699957472,0.13916037566571904,0.06958018783285952,0.6257370699957472,2,1,0.0,0.0
XKLMZUWKNUAPSZ,Type 2 Diabetes Mellitus,0,23.0,0.0,0.0,0.0,0.0,0.0,0.0,0.0,0.0,0.0,0.0,0.0,0.0,0.0,0.0,0.0,0.0,0.0,0,0,-42.22857142857143,-0.9697024165406526
RUOKEQAAGRXIBM,Parkinson's Disease,0,58.0,0.0,0.0,0.0,0.0,0.0,0.0,0.0,0.0,0.0,0.0,0.0,0.0,0.0,0.0,0.0,0.0,0.0,0,0,-0.0833333333333357,0.0
IWUCXVSUMQZMFG,hepatitis C virus infection,0,70.0,0.0,0.0,0.0,0.0,0.0,0.0,0.0,0.0,0.0,0.0,0.0,0.0,0.0,0.0,0.0,0.0,0.0,0,0,-11.527027027027032,0.0
IWUCXVSUMQZMFG,hepatitis C virus infection,0,70.0,0.0,0.0,0.0,0.0,0.0,0.0,0.0,0.0,0.0,0.0,0.0,0.0,0.0,0.0,0.0,0.0,0.0,0,0,-11.527027027027032,0.0
IWUCXVSUMQZMFG,hepatitis C virus infection,0,70.0,0.0,0.0,0.0,0.0,0.0,0.0,0.0,0.0,0.0,0.0,0.0,0.0,0.0,0.0,0.0,0.0,0.0,0,0,-11.527027027027032,0.0
IWUCXVSUMQZMFG,hepatitis C virus infection,0,70.0,0.0,0.0,0.0,0.0,0.0,0.0,0.0,0.0,0.0,0.0,0.0,0.0,0.0,0.0,0.0,0.0,0.0,0,0,-11.527027027027032,0.0
IWUCXVSUMQZMFG,hepatitis C virus infection,0,70.0,0.0,0.0,0.0,0.0,0.0,0.0,0.0,0.0,0.0,0.0,0.0,0.0,0.0,0.0,0.0,0.0,0.0,0,0,-11.527027027027032,0.0
JQXXHWHPUNPDRT,Latent Tuberculosis Infection,0,90.0,0.0,0.0,0.0,0.0,0.0,0.0,0.0,0.0,0.0,0.0,0.0,0.0,0.0,0.0,0.0,0.0,0.0,0,0,-1.0,0.0
YIBOMRUWOWDFLG,HIV-1 infection,0,88.0,0.0,0.0,0.0,0.0,0.0,0.0,0.0,0.0,0.0,0.0,0.0,0.0,0.0,0.0,0.0,0.0,0.0,0,0,-1.2857142857142918,0.0
RAPZEAPATHNIPO,Schizophrenia,0,62.0,0.6560907249300643,0.21869690831002142,0.0,0.0,0.6454494156558882,0.2151498052186294,0.0,0.0,0.0,0.0,0.0,0.0,0.9994097502793402,0.9992740567870717,0.9231710917698762,0.5102502143489288,0.9994097502793402,3,1,2.700000000000003,0.13590249690329748
NCDNCNXCDXHOMX,HIV-1 Infections,0,88.0,0.0,0.0,0.0,0.0,0.0,0.0,0.0,0.0,0.0,0.0,0.0,0.0,0.0,0.0,0.0,0.0,0.0,0,0,0.0,0.0
NCDNCNXCDXHOMX,HIV,0,88.0,0.0,0.0,0.0,0.0,0.0,0.0,0.0,0.0,0.0,0.0,0.0,0.0,0.0,0.0,0.0,0.0,0.0,0,0,-1.0,0.0
MNDBXUUTURYVHR,Chronic Obstructive Pulmonary Disease,0,55.0,0.0,0.0,0.0,0.0,0.0,0.0,0.0,0.0,0.0,0.0,0.0,0.0,0.9829694469459493,0.9829694469459493,0.540412441601755,0.2400504528653214,0.9829694469459493,4,1,-2.7692307692307665,0.04945506430140112
POGQSBRIGCQNEG,Lennox-Gastaut syndrome,0,52.0,0.0,0.0,0.0,0.0,0.0,0.0,0.0,0.0,0.0,0.0,0.0,0.0,0.0,0.0,0.0,0.0,0.0,0,0,0.0,0.0
DFEYYRMXOJXZRJ,coronary artery bypass,0,28.0,0.0,0.0,0.0,0.0,0.0,0.0,0.0,0.0,0.0,0.0,0.0,0.0,0.0,0.0,0.0,0.0,0.0,0,0,0.0,0.0
RYMZZMVNJRMUDD,Intestinal Neoplasm; Perioperative Care,1,22.0,0.0,0.0,0.0,0.0,0.0,0.0,0.0,0.0,0.0,0.0,0.0,0.0,0.0,0.0,0.0,0.0,0.0,0,0,0.0,0.0
RYMZZMVNJRMUDD,Asthma,0,16.0,0.0,0.0,0.0,0.0,0.0,0.0,0.0,0.0,0.0,0.0,0.0,0.0,0.5807090074519007,0.5807090074519007,0.2831017613220556,0.2831017613220556,0.5807090074519007,1,1,-32.0,-0.16127820900288592
MFFMDFFZMYYVKS,Type 2 Diabetes,0,55.0,0.0,0.0,0.0,0.0,0.5511044663048749,0.5511044663048749,0.0,0.0,0.0,0.0,0.0,0.0,0.9981950138708703,0.9981950138708703,0.954188839355206,0.954188839355206,0.9981950138708703,1,1,-4.539473684210527,0.01805503837810929
TTZHDVOVKQGIBA,hepatitis C virus infection,0,96.0,0.0,0.0,0.0,0.0,0.0,0.0,0.0,0.0,0.0,0.0,0.0,0.0,0.0,0.0,0.0,0.0,0.0,0,0,14.472972972972968,0.0
KQKPFRSPSRPDEB,migraine,0,66.0,0.0,0.0,0.0,0.0,0.0,0.0,0.0,0.0,0.0,0.0,0.0,0.0,0.0,0.0,0.0,0.0,0.0,0,0,-4.0,0.0
WOXKDUGGOYFFRN,Cardiovascular Disease; Insulin Resistance; Glucose Intolerance; Obesity,1,28.0,0.7912858017777502,0.7912858017777502,0.0,0.0,0.0,0.0,0.0,0.0,0.0,0.0,0.0,0.0,0.993109782455643,0.993109782455643,0.7186955715964921,0.7186955715964921,0.993109782455643,1,1,0.0,0.0
WOXKDUGGOYFFRN,Benign Prostatic Hyperplasia,0,52.0,0.0,0.0,0.0,0.0,0.0,0.0,0.0,0.0,0.0,0.0,0.0,0.0,0.9699567143414602,0.9699567143414602,0.5093819802033225,0.5093819802033225,0.9699567143414602,1,1,6.333333333333336,0.19511079791207453
NKANXQFJJICGDU,Breast Cancer,0,83.0,0.7362363711407216,0.7362363711407216,0.0,0.0,0.2784930983858836,0.2784930983858836,0.8492097570461924,0.8492097570461924,0.0,0.0,0.8496114818642673,0.8496114818642673,0.9932371323482767,0.9932371323482767,0.9993172641092537,0.9993172641092537,0.9993172641092537,1,1,25.525,0.25378322407108345
DOMXUEMWDBAQBQ,tinea pedis,0,89.0,0.0,0.0,0.0,0.0,0.0,0.0,0.0,0.0,0.0,0.0,0.0,0.0,0.0,0.0,0.0,0.0,0.0,0,0,4.5,0.0
MUMGGOZAMZWBJJ,male hypogonadism,0,92.0,0.0,0.0,0.0,0.0,0.0,0.0,0.0,0.0,0.0,0.0,0.0,0.0,0.0,0.0,0.0,0.0,0.0,0,0,0.0,0.0
GKCBAIGFKIBETG,cataract,0,30.0,0.46120191947897343,0.05411161786813605,0.0,0.0,0.7042360915973694,0.1097506524572327,0.0,0.0,0.0,0.0,0.0,0.0,0.5800149531246274,0.5800149531246274,0.03647584785669726,0.006687238773727832,0.7042360915973694,10,1,7.5,0.009752658590393204
OEKWJQXRCDYSHL,Acute Coronary Syndrome; Percutaneous Coronary Intervention,0,82.0,0.0,0.0,0.0,0.0,0.0,0.0,0.0,0.0,0.0,0.0,0.0,0.0,0.9970589630875856,0.9970589630875856,0.19068552407289788,0.19068552407289788,0.9970589630875856,1,1,0.0,0.0
OEKWJQXRCDYSHL,Coronary Artery Disease; Acute Coronary Syndrome,0,80.0,0.0,0.0,0.0,0.0,0.0,0.0,0.0,0.0,0.0,0.0,0.0,0.0,0.9976134733445021,0.9976134733445021,0.31455328780724245,0.31455328780724245,0.9976134733445021,1,1,0.0,0.0
LERNTVKEWCAPOY,Chronic Obstructive Pulmonary Disease,0,64.0,0.4341160287393241,0.21705801436966204,0.0,0.0,0.0,0.0,0.0,0.0,0.0,0.0,0.0,0.0,0.9983402173176782,0.994838712806341,0.13933559407821056,0.09469000810433788,0.9983402173176782,2,1,6.2307692307692335,0.06482583467312997
LERNTVKEWCAPOY,asthma,0,52.0,0.0,0.0,0.0,0.0,0.0,0.0,0.0,0.0,0.0,0.0,0.0,0.0,0.9912318349564274,0.9622770195893122,0.14927645961561212,0.1441533522140831,0.9912318349564274,2,1,-13.875,0.05578053719908127
LERNTVKEWCAPOY,COPD,0,62.0,0.0,0.0,0.0,0.0,0.0,0.0,0.0,0.0,0.0,0.0,0.0,0.0,0.0,0.0,0.0,0.0,0.0,0,0,8.615384615384613,0.0
LERNTVKEWCAPOY,Chronic Obstructive Pulmonary Disease,0,64.0,0.4341160287393241,0.21705801436966204,0.0,0.0,0.0,0.0,0.0,0.0,0.0,0.0,0.0,0.0,0.9983402173176782,0.994838712806341,0.13933559407821056,0.09469000810433788,0.9983402173176782,2,1,6.2307692307692335,0.06482583467312997
LERNTVKEWCAPOY,Chronic Obstructive Pulmonary Disease,0,64.0,0.4341160287393241,0.21705801436966204,0.0,0.0,0.0,0.0,0.0,0.0,0.0,0.0,0.0,0.0,0.9983402173176782,0.994838712806341,0.13933559407821056,0.09469000810433788,0.9983402173176782,2,1,6.2307692307692335,0.06482583467312997
ZAKOWWREFLAJOT,radiation-induced brachial plexopathy,0,17.0,0.0,0.0,0.0,0.0,0.0,0.0,0.0,0.0,0.0,0.0,0.0,0.0,0.0,0.0,0.0,0.0,0.0,0,0,0.0,0.0
GYHCTFXIZSNGJT,Cirrhosis; Hepatic Encephalopathy; Hyponatremia,0,42.0,0.0,0.0,0.0,0.0,0.0,0.0,0.0,0.0,0.0,0.0,0.0,0.0,0.0,0.0,0.17219013547733442,0.17219013547733442,0.17219013547733442,1,1,0.0,0.0
PKVRCIRHQMSYJX,liposarcoma or leiomyosarcoma,0,60.0,0.0,0.0,0.0,0.0,0.0,0.0,0.0,0.0,0.0,0.0,0.0,0.0,0.0,0.0,0.0,0.0,0.0,0,0,0.0,0.0
PKVRCIRHQMSYJX,Ovarian Cancer,0,56.0,0.0,0.0,0.0,0.0,0.0,0.0,0.0,0.0,0.0,0.0,0.0,0.0,0.0,0.0,0.0,0.0,0.0,0,0,-15.0,-0.8707564431439412
GYDJEQRTZSCIOI,Coronary Artery Disease,0,22.0,0.8238089279928872,0.8238089279928872,0.0,0.0,0.0,0.0,0.0,0.0,0.0,0.0,0.0,0.0,0.7149941658576676,0.7149941658576676,0.3363124894257357,0.3363124894257357,0.8238089279928872,1,1,-37.2,-0.138715697658934
GYDJEQRTZSCIOI,Hemoptysis,0,62.0,0.0,0.0,0.0,0.0,0.0,0.0,0.0,0.0,0.0,0.0,0.0,0.0,0.565713381110814,0.565713381110814,0.0,0.0,0.565713381110814,1,1,0.0,0.0
YNDXUCZADRHECN,gout,0,50.0,0.0,0.0,0.0,0.0,0.0,0.0,0.0,0.0,0.0,0.0,0.0,0.0,0.9582273532098353,0.9582273532098353,0.05619138136257414,0.05619138136257414,0.9582273532098353,1,1,-26.75,-0.012985379811406461
UHTHHESEBZOYNR,Locally Advanced or Metastatic Medullary Thyroid Cancer; Medullary Thyroid Cancer,0,83.0,0.0,0.0,0.0,0.0,0.0,0.0,0.0,0.0,0.0,0.0,0.0,0.0,0.0,0.0,0.0,0.0,0.0,0,0,0.0,0.0
JQSHBVHOMNKWFT,smoking cessation,0,82.0,0.7252476303015531,0.3626238151507766,0.0,0.0,0.0,0.0,0.0,0.0,0.0,0.0,0.0,0.0,0.691865354020246,0.691865354020246,0.0,0.0,0.7252476303015531,2,1,4.285714285714292,-1.1102230246251565e-16
JQSHBVHOMNKWFT,smoking cessation,0,82.0,0.7252476303015531,0.3626238151507766,0.0,0.0,0.0,0.0,0.0,0.0,0.0,0.0,0.0,0.0,0.691865354020246,0.691865354020246,0.0,0.0,0.7252476303015531,2,1,4.285714285714292,-1.1102230246251565e-16
JQSHBVHOMNKWFT,Nicotine Dependence,0,75.0,0.8114041190865997,0.664414628299413,0.0,0.0,0.0,0.0,0.0,0.0,0.0,0.0,0.0,0.0,0.9940839114469342,0.9940839114469342,0.39730113269289685,0.25609873597518834,0.9940839114469342,2,1,8.5,0.0
JQSHBVHOMNKWFT,Nicotine Dependence,0,75.0,0.8114041190865997,0.664414628299413,0.0,0.0,0.0,0.0,0.0,0.0,0.0,0.0,0.0,0.0,0.9940839114469342,0.9940839114469342,0.39730113269289685,0.25609873597518834,0.9940839114469342,2,1,8.5,0.0
GPXBXXGIAQBQNI,Metastatic Melanoma,0,88.0,0.0,0.0,0.0,0.0,0.0,0.0,0.0,0.0,0.0,0.0,0.0,0.0,0.8988447072027959,0.8988447072027959,0.40188569636009125,0.40188569636009125,0.8988447072027959,1,1,12.5,0.22471117680069896
DAFYYTQWSAWIGS,COPD,0,58.0,0.0,0.0,0.0,0.0,0.0,0.0,0.0,0.0,0.0,0.0,0.0,0.0,0.0,0.0,0.0,0.0,0.0,0,0,4.615384615384613,0.0
SYOKIDBDQMKNDQ,Type 2 Diabetes,0,60.0,0.0,0.0,0.0,0.0,0.5511044663048749,0.5511044663048749,0.0,0.0,0.0,0.0,0.0,0.0,0.9981950138708703,0.9981950138708703,0.954188839355206,0.954188839355206,0.9981950138708703,1,1,0.46052631578947256,0.01805503837810929
OGWKCGZFUXNPDA,Non-Hodgkin's Lymphoma,0,76.0,0.0,0.0,0.0,0.0,0.0,0.0,0.0,0.0,0.0,0.0,0.0,0.0,0.0,0.0,0.0,0.0,0.0,0,0,18.0,0.0
YQNWZWMKLDQSAC,Treatment of Major Depressive Disorder,1,48.0,0.0,0.0,0.0,0.0,0.8033968449665265,0.48888818114358185,0.0,0.0,0.0,0.0,0.0,0.0,0.9994065355213364,0.9912940113854224,0.8034560660154578,0.4767771219535306,0.9994065355213364,3,1,0.0,0.0
YQNWZWMKLDQSAC,Treatment of Major Depressive Disorder,0,48.0,0.0,0.0,0.0,0.0,0.8033968449665265,0.48888818114358185,0.0,0.0,0.0,0.0,0.0,0.0,0.9994065355213364,0.9912940113854224,0.8034560660154578,0.4767771219535306,0.9994065355213364,3,1,0.0,0.0
MVWVFYHBGMAFLY,Delirium; Impaired Cognition; Long Term Psychologic Disorders,0,33.0,0.0,0.0,0.0,0.0,0.0,0.0,0.0,0.0,0.0,0.0,0.0,0.0,0.6717792403438764,0.4478528268959176,0.16169270519809087,0.13808772482719842,0.6717792403438764,3,1,-4.5,0.0
GBBSUAFBMRNDJC,obstructive sleep apnea,0,12.0,0.0,0.0,0.0,0.0,0.0,0.0,0.0,0.0,0.0,0.0,0.0,0.0,0.4853044708304223,0.35080514950180625,0.030396539880581056,0.0030396539880581056,0.4853044708304223,16,1,0.0,0.0
VSWBSWWIRNCQIJ,Pediatric Bipolar Disorder,0,58.0,0.0,0.0,0.0,0.0,0.0,0.0,0.0,0.0,0.0,0.0,0.0,0.0,0.0,0.0,0.0,0.0,0.0,0,0,0.0,0.0
VSWBSWWIRNCQIJ,bipolar disorder,0,52.0,0.7654566110663349,0.38272830553316745,0.0,0.0,0.0,0.0,0.0,0.0,0.0,0.0,0.0,0.0,0.9989515617643475,0.9989381989994681,0.21391988209191268,0.21333155892867955,0.9989515617643475,2,1,-2.0,0.0
UREBDLICKHMUKA,Carpal Tunnel Syndrome,0,50.0,0.0,0.0,0.0,0.0,0.0,0.0,0.0,0.0,0.0,0.0,0.0,0.0,0.5030103854271554,0.5030103854271554,0.012158615952232422,0.012158615952232422,0.5030103854271554,1,1,0.0,0.0
GJPICJJJRGTNOD,pulmonary arterial hypertension,0,75.0,0.0,0.0,0.0,0.0,0.0,0.0,0.0,0.0,0.0,0.0,0.0,0.0,0.9887985627672249,0.9887915906912348,0.4125644371854152,0.4102810461091848,0.9887985627672249,2,1,4.200000000000003,0.19784983491965258
LEBVLXFERQHONN,Laparoscopic Colecctomy,0,88.0,0.0,0.0,0.0,0.0,0.0,0.0,0.0,0.0,0.0,0.0,0.0,0.0,0.0,0.0,0.0,0.0,0.0,0,0,0.0,0.0
QYSXJUFSXHHAJI,Diabetes,0,24.0,0.0,0.0,0.0,0.0,0.0,0.0,0.0,0.0,0.0,0.0,0.0,0.0,0.0,0.0,0.0,0.0,0.0,0,0,-37.733333333333334,0.0
LUKZNWIVRBCLON,perennial allergic rhinitis,0,75.0,0.0,0.0,0.0,0.0,0.0,0.0,0.0,0.0,0.0,0.0,0.0,0.0,0.9966440958103557,0.9966440958103557,0.09436782621273954,0.09436782621273954,0.9966440958103557,1,1,1.7777777777777715,-0.00019516194034063794
JVHXJTBJCFBINQ,Type 2 Diabetes,0,60.0,0.0,0.0,0.0,0.0,0.0,0.0,0.0,0.0,0.0,0.0,0.0,0.0,0.9974377552980216,0.9974377552980216,0.9481524627860095,0.9481524627860095,0.9974377552980216,1,1,0.46052631578947256,0.017297779805260594
RHWKPHLQXYSBKR,infection,0,82.0,0.0,0.0,0.0,0.0,0.0,0.0,0.0,0.0,0.0,0.0,0.0,0.0,0.0,0.0,0.0,0.0,0.0,0,0,-0.4000000000000057,0.0
ZEUITGRIYCTCEM,Parkinson's Disease,0,24.0,0.0,0.0,0.0,0.0,0.0,0.0,0.0,0.0,0.0,0.0,0.0,0.0,0.0,0.0,0.0,0.0,0.0,0,0,-34.083333333333336,0.0
VJJPUSNTGOMMGY,HIV-1 Infection; Kaposi's Sarcoma,1,70.0,0.0,0.0,0.0,0.0,0.0,0.0,0.0,0.0,0.0,0.0,0.0,0.0,0.42555155832813474,0.42555155832813474,0.030396539880581056,0.030396539880581056,0.42555155832813474,2,1,0.0,0.0
RTHCYVBBDHJXIQ,Major Depressive Disorder,0,58.0,0.0,0.0,0.0,0.0,0.663267698464219,0.663267698464219,0.0,0.0,0.0,0.0,0.0,0.0,0.9994065355213364,0.9994065355213364,0.8034560660154578,0.8034560660154578,0.9994065355213364,1,1,9.860465116279073,0.00457864620849513
XTULMSXFIHGYFS,asthma,0,80.0,0.0,0.0,0.0,0.0,0.0,0.0,0.0,0.0,0.0,0.0,0.0,0.0,0.9988298364350643,0.9988298364350643,0.715329212260515,0.715329212260515,0.9988298364350643,1,1,14.125,0.06337853867771814
SDUQYLNIPVEERB,Adenocarcinoma of the Pancreas; Advanced Solid Tumors; Cancer; Cancer of Pancreas; Cancer of the Pancreas; Metastases; Metastatic Cancer; Metastatic Pancreatic Cancer; Pancreas Cancer; Pancreatic Cancer; Bone Metastases; Endocrine Cancer; Oncology; Oncology Patients; Solid Tumors; Advanced Malignancy,0,52.0,0.0,0.0,0.0,0.0,0.0,0.0,0.0,0.0,0.0,0.0,0.0,0.0,0.6718845517971146,0.6718845517971146,0.10912600044510452,0.10912600044510452,0.6718845517971146,1,1,0.0,0.0
VPPJLAIAVCUEMN,Epilepsy,1,62.0,0.9750159084988218,0.4809470993610886,0.9198250332960655,0.41986048972501305,0.892851891179099,0.35841935486105775,0.0,0.0,0.0,0.0,0.547137717850459,0.0547137717850459,0.9987671453597234,0.9987670018184562,0.9683402365211742,0.4103610136791661,0.9987671453597234,10,1,12.0,0.06269597049950604
LTXREWYXXSTFRX,Type 2 Diabetes,0,65.0,0.0,0.0,0.0,0.0,0.5511044663048749,0.5511044663048749,0.0,0.0,0.0,0.0,0.0,0.0,0.9981950138708703,0.9981950138708703,0.954188839355206,0.954188839355206,0.9981950138708703,1,1,5.460526315789473,0.01805503837810929
GQYIWUVLTXOXAJ,glioblastoma multiforme,0,60.0,0.0,0.0,0.0,0.0,0.0,0.0,0.0,0.0,0.0,0.0,0.0,0.0,0.0,0.0,0.0,0.0,0.0,0,0,0.0,0.0
XZWYZXLIPXDOLR,Diabetes,0,75.0,0.0,0.0,0.0,0.0,0.0,0.0,0.0,0.0,0.0,0.0,0.0,0.0,0.0,0.0,0.0,0.0,0.0,0,0,13.266666666666666,0.0
FBOZXECLQNJBKD,Rheumatoid Arthritis,0,75.0,0.0,0.0,0.0,0.0,0.0,0.0,0.0,0.0,0.0,0.0,0.0,0.0,0.9951576249724678,0.9951576249724678,0.3567564706851452,0.3567564706851452,0.9951576249724678,1,1,3.574468085106389,0.10630573465805304
FBOZXECLQNJBKD,Rheumatoid Arthritis,0,75.0,0.0,0.0,0.0,0.0,0.0,0.0,0.0,0.0,0.0,0.0,0.0,0.0,0.9951576249724678,0.9951576249724678,0.3567564706851452,0.3567564706851452,0.9951576249724678,1,1,3.574468085106389,0.10630573465805304
WOFMFGQZHJDGCX,perennial allergic rhinitis,0,72.0,0.0,0.0,0.0,0.0,0.0,0.0,0.0,0.0,0.0,0.0,0.0,0.0,0.9966440958103557,0.9966440958103557,0.09436782621273954,0.09436782621273954,0.9966440958103557,1,1,-1.2222222222222285,-0.00019516194034063794
OELFLUMRDSZNSF,type 2 diabetes mellitus,0,54.0,0.9356596165007461,0.9349191954104858,0.9066612367713315,0.8860591375189377,0.6047921859992851,0.30239609299964254,0.0,0.0,0.0,0.0,0.7133145042531812,0.6661430003140467,0.9984995303029797,0.9984995303029797,0.921228327080409,0.8332079592228658,0.9984995303029797,2,1,10.333333333333336,0.11504731160885417
KOHIRBRYDXPAMZ,Hypertension,0,58.0,0.8932398545824125,0.8932398545824125,0.0,0.0,0.0,0.0,0.0,0.0,0.0,0.0,0.0,0.0,0.9989120439818553,0.9989120439818553,0.5661989056697972,0.5661989056697972,0.9989120439818553,1,1,-10.583333333333329,0.03381602592410715
UVSMNLNDYGZFPF,Multiple Myeloma,0,78.0,0.0,0.0,0.0,0.0,0.0,0.0,0.9066612367713315,0.22666530919283287,0.0,0.0,0.42555155832813474,0.10638788958203368,0.9932550539726157,0.9932550539726157,0.6152794249385721,0.37384307344200607,0.9932550539726157,4,1,6.36363636363636,0.1565364867144129
UVSMNLNDYGZFPF,Multiple Myeloma,0,78.0,0.0,0.0,0.0,0.0,0.0,0.0,0.9066612367713315,0.22666530919283287,0.0,0.0,0.42555155832813474,0.10638788958203368,0.9932550539726157,0.9932550539726157,0.6152794249385721,0.37384307344200607,0.9932550539726157,4,1,6.36363636363636,0.1565364867144129
FMGSKLZLMKYGDP,Postmenopausal Cancer,0,18.0,0.0,0.0,0.0,0.0,0.0,0.0,0.0,0.0,0.0,0.0,0.0,0.0,0.0,0.0,0.0,0.0,0.0,0,0,0.0,0.0
ZPMNHBXQOOVQJL,functional constipation,1,76.0,0.0,0.0,0.0,0.0,0.0,0.0,0.0,0.0,0.0,0.0,0.0,0.0,0.0,0.0,0.0,0.0,0.0,0,0,3.0,0.0
KWGRBVOPPLSCSI,seasonal allergic rhinitis,0,45.0,0.0,0.0,0.0,0.0,0.0,0.0,0.0,0.0,0.0,0.0,0.0,0.0,0.9925423200470888,0.9131681479690137,0.012158615952232422,0.006079307976116211,0.9925423200470888,2,1,-19.5,-0.0010092155243126566
IWUCXVSUMQZMFG,hepatitis C virus infection,0,70.0,0.0,0.0,0.0,0.0,0.0,0.0,0.0,0.0,0.0,0.0,0.0,0.0,0.0,0.0,0.0,0.0,0.0,0,0,-11.527027027027032,0.0
IWUCXVSUMQZMFG,hepatitis C virus infection,0,70.0,0.0,0.0,0.0,0.0,0.0,0.0,0.0,0.0,0.0,0.0,0.0,0.0,0.0,0.0,0.0,0.0,0.0,0,0,-11.527027027027032,0.0
IWUCXVSUMQZMFG,hepatitis C virus infection,0,70.0,0.0,0.0,0.0,0.0,0.0,0.0,0.0,0.0,0.0,0.0,0.0,0.0,0.0,0.0,0.0,0.0,0.0,0,0,-11.527027027027032,0.0
MFFMDFFZMYYVKS,"Diabetes Mellitus, Type 2",0,64.0,0.0,0.0,0.0,0.0,0.5511044663048749,0.5511044663048749,0.0,0.0,0.0,0.0,0.0,0.0,0.9981950138708703,0.9981950138708703,0.954188839355206,0.954188839355206,0.9981950138708703,1,1,2.7272727272727266,0.0008432251253699397
NCEXYHBECQHGNR,With Cancer,1,37.0,0.0,0.0,0.0,0.0,0.0,0.0,0.0,0.0,0.0,0.0,0.0,0.0,0.0,0.0,0.0,0.0,0.0,0,0,-10.75,0.0
TXEIIPDJKFWEEC,transthyretin amyloid polyneuropathy,0,92.0,0.0,0.0,0.0,0.0,0.0,0.0,0.0,0.0,0.0,0.0,0.0,0.0,0.0,0.0,0.0,0.0,0.0,0,0,0.0,0.0
PTOIAAWZLUQTIO,non-24-hour sleep-wake disorder,0,85.0,0.0,0.0,0.0,0.0,0.0,0.0,0.0,0.0,0.0,0.0,0.0,0.0,0.0,0.0,0.0,0.0,0.0,0,0,0.0,0.0
WGRQANOPCQRCME,Type 2 Diabetes,0,52.0,0.0,0.0,0.0,0.0,0.5511044663048749,0.5511044663048749,0.0,0.0,0.0,0.0,0.0,0.0,0.9981950138708703,0.9981950138708703,0.954188839355206,0.954188839355206,0.9981950138708703,1,1,-7.539473684210527,0.01805503837810929
LERNTVKEWCAPOY,Chronic Obstructive Pulmonary Disease,0,64.0,0.4341160287393241,0.21705801436966204,0.0,0.0,0.0,0.0,0.0,0.0,0.0,0.0,0.0,0.0,0.9983402173176782,0.994838712806341,0.13933559407821056,0.09469000810433788,0.9983402173176782,2,1,6.2307692307692335,0.06482583467312997
LERNTVKEWCAPOY,Chronic Obstructive Pulmonary Disease,0,64.0,0.4341160287393241,0.21705801436966204,0.0,0.0,0.0,0.0,0.0,0.0,0.0,0.0,0.0,0.0,0.9983402173176782,0.994838712806341,0.13933559407821056,0.09469000810433788,0.9983402173176782,2,1,6.2307692307692335,0.06482583467312997
LERNTVKEWCAPOY,Chronic Obstructive Pulmonary Disease,0,64.0,0.4341160287393241,0.21705801436966204,0.0,0.0,0.0,0.0,0.0,0.0,0.0,0.0,0.0,0.0,0.9983402173176782,0.994838712806341,0.13933559407821056,0.09469000810433788,0.9983402173176782,2,1,6.2307692307692335,0.06482583467312997
SYOKIDBDQMKNDQ,Type 2 Diabetes,0,60.0,0.0,0.0,0.0,0.0,0.5511044663048749,0.5511044663048749,0.0,0.0,0.0,0.0,0.0,0.0,0.9981950138708703,0.9981950138708703,0.954188839355206,0.954188839355206,0.9981950138708703,1,1,0.46052631578947256,0.01805503837810929
RZVAJINKPMORJF,Pain,0,60.0,0.0,0.0,0.0,0.0,0.0,0.0,0.0,0.0,0.0,0.0,0.0,0.0,0.9995731537430043,0.9991310570502242,0.4680162140242536,0.17877750561456587,0.9995731537430043,4,1,-4.1200000000000045,0.058264509637515505
RZVAJINKPMORJF,Pain,0,60.0,0.0,0.0,0.0,0.0,0.0,0.0,0.0,0.0,0.0,0.0,0.0,0.0,0.9995731537430043,0.9991310570502242,0.4680162140242536,0.17877750561456587,0.9995731537430043,4,1,-4.1200000000000045,0.058264509637515505
UAHFGYDRQSXQEB,polymorphic light eruption,0,70.0,0.0,0.0,0.0,0.0,0.0,0.0,0.0,0.0,0.0,0.0,0.0,0.0,0.0,0.0,0.0,0.0,0.0,0,0,0.0,0.0
IDBPHNDTYPBSNI,Child Comfort; Morphine; Intensive Care Units; Pediatric,0,80.0,0.0,0.0,0.0,0.0,0.0,0.0,0.0,0.0,0.0,0.0,0.0,0.0,0.0,0.0,0.0,0.0,0.0,0,0,-2.0,0.0
UXOWGYHJODZGMF,Hypertension,0,74.0,0.3162685828046494,0.3162685828046494,0.0,0.0,0.3755188536846983,0.3755188536846983,0.0,0.0,0.0,0.0,0.0,0.0,0.9907949031713993,0.9907949031713993,0.7865523579263779,0.7865523579263779,0.9907949031713993,1,1,5.416666666666671,0.02569888511365115
UXOWGYHJODZGMF,pulmonary arterial hypertension,0,40.0,0.0,0.0,0.0,0.0,0.0,0.0,0.0,0.0,0.0,0.0,0.0,0.0,0.0,0.0,0.0,0.0,0.0,0,0,-30.799999999999997,-0.7909487278475723
UXOWGYHJODZGMF,Marfan syndrome,0,44.0,0.0,0.0,0.0,0.0,0.0,0.0,0.0,0.0,0.0,0.0,0.0,0.0,0.0,0.0,0.0,0.0,0.0,0,0,0.0,0.0
OFCNXPDARWKPPY,mania,0,25.0,0.0,0.0,0.0,0.0,0.0,0.0,0.0,0.0,0.0,0.0,0.0,0.0,0.0,0.0,0.0,0.0,0.0,0,0,8.333333333333332,0.0
OFCNXPDARWKPPY,cardiovascular disease,0,33.0,0.0,0.0,0.0,0.0,0.0,0.0,0.0,0.0,0.0,0.0,0.0,0.0,0.0,0.0,0.0,0.0,0.0,0,0,0.0,0.0
ZSBOMTDTBDDKMP,Type 2 Diabetes,0,50.0,0.0,0.0,0.0,0.0,0.5511044663048749,0.5511044663048749,0.0,0.0,0.0,0.0,0.0,0.0,0.9981950138708703,0.9981950138708703,0.954188839355206,0.954188839355206,0.9981950138708703,1,1,-9.539473684210527,0.01805503837810929
OUJTZYPIHDYQMC,portopulmonary hypertension,0,65.0,0.0,0.0,0.0,0.0,0.0,0.0,0.0,0.0,0.0,0.0,0.0,0.0,0.0,0.0,0.0,0.0,0.0,0,0,0.0,0.0
IYIKLHRQXLHMJQ,atrial fibrillation,0,67.0,0.9364984018095505,0.39494257964523594,0.668723877372783,0.319163668746101,0.881554837928283,0.5557333488814318,0.0,0.0,0.0,0.0,0.0,0.0,0.959897537725159,0.9391802444638293,0.7673826822791531,0.43825316972012224,0.959897537725159,4,1,15.857142857142854,0.23418633971487102
IMOZEMNVLZVGJZ,plaque psoriasis,0,62.0,0.0,0.0,0.0,0.0,0.0,0.0,0.0,0.0,0.0,0.0,0.0,0.0,0.0,0.0,0.0,0.0,0.0,0,0,-2.5,0.0
IMOZEMNVLZVGJZ,plaque psoriasis,0,62.0,0.0,0.0,0.0,0.0,0.0,0.0,0.0,0.0,0.0,0.0,0.0,0.0,0.0,0.0,0.0,0.0,0.0,0,0,-2.5,0.0
YFGHCGITMMYXAQ,Major Depression,1,30.0,0.0,0.0,0.0,0.0,0.0,0.0,0.0,0.0,0.0,0.0,0.0,0.0,0.0,0.0,0.0,0.0,0.0,0,0,-11.200000000000003,0.0
YFGHCGITMMYXAQ,Major Depression,0,30.0,0.0,0.0,0.0,0.0,0.0,0.0,0.0,0.0,0.0,0.0,0.0,0.0,0.0,0.0,0.0,0.0,0.0,0,0,-11.200000000000003,0.0
VSWBSWWIRNCQIJ,schizophrenia,0,66.0,0.6560907249300643,0.32804536246503213,0.0,0.0,0.6454494156558882,0.3227247078279441,0.0,0.0,0.0,0.0,0.0,0.0,0.9994097502793402,0.9993943643856662,0.9231710917698762,0.6663550305133772,0.9994097502793402,2,1,3.3500000000000014,0.027785375343797547
OOUGLTULBSNHNF,Cystic Fibrosis,0,45.0,0.0,0.0,0.0,0.0,0.0,0.0,0.7599134970145264,0.009742480730955466,0.02929573195532551,0.00037558630711955783,0.0,0.0,0.6384191240142085,0.6384191240142083,0.15221118206107567,0.007831431392567109,0.7599134970145264,78,1,0.0,0.0
XUKUURHRXDUEBC,Type 1 Diabetes,0,20.0,0.0,0.0,0.0,0.0,0.0,0.0,0.0,0.0,0.0,0.0,0.0,0.0,0.6297256776902622,0.6297256776902622,0.10108927217240611,0.10108927217240611,0.6297256776902622,1,1,-12.299999999999997,-0.05179747207975316
NMUSYJAQQFHJEW,Acute Myeloid Leukemia,0,70.0,0.8274321824850255,0.41371609124251274,0.607930797611621,0.3039653988058105,0.0,0.0,0.607930797611621,0.3039653988058105,0.0,0.0,0.8514596149150455,0.42572980745752276,0.9720979202577157,0.9720979202577157,0.9880956737828811,0.962225604905148,0.9880956737828811,2,1,7.81818181818182,0.08801485884125282
KUVIULQEHSCUHY,perennial allergic rhinitis,0,72.0,0.0,0.0,0.0,0.0,0.0,0.0,0.0,0.0,0.0,0.0,0.0,0.0,0.9966440958103557,0.9966440958103557,0.09436782621273954,0.09436782621273954,0.9966440958103557,1,1,-1.2222222222222285,-0.00019516194034063794
YTKUWDBFDASYHO,Non-Hodgkin's Lymphoma,0,73.0,0.0,0.0,0.0,0.0,0.0,0.0,0.0,0.0,0.0,0.0,0.0,0.0,0.0,0.0,0.0,0.0,0.0,0,0,15.0,0.0
YTKUWDBFDASYHO,Cell Lymphoma,0,64.0,0.0,0.0,0.0,0.0,0.0,0.0,0.0,0.0,0.0,0.0,0.0,0.0,0.0,0.0,0.0,0.0,0.0,0,0,-2.3333333333333286,-0.6672387195968634
UREBDLICKHMUKA,Pregnancy; Respiratory Distress Syndrome; Pregnancy Outcomes; Preterm Birth,0,81.0,0.0,0.0,0.0,0.0,0.0,0.0,0.0,0.0,0.0,0.0,0.0,0.0,0.0,0.0,0.0,0.0,0.0,0,0,0.0,0.0
GJPICJJJRGTNOD,Mild Pulmonary Vascular Disease,0,48.0,0.0,0.0,0.0,0.0,0.0,0.0,0.0,0.0,0.0,0.0,0.0,0.0,0.0,0.0,0.0,0.0,0.0,0,0,0.0,0.0
WXJFKKQWPMNTIM,adenovirus infection,0,84.0,0.0,0.0,0.0,0.0,0.0,0.0,0.0,0.0,0.0,0.0,0.0,0.0,0.0,0.0,0.0,0.0,0.0,0,0,0.0,0.0
MSYKRHVOOPPJKU,epilepsy,0,65.0,0.7568738430264683,0.7568738430264683,0.0,0.0,0.0,0.0,0.0,0.0,0.0,0.0,0.0,0.0,0.9970147794967135,0.9970147794967135,0.5824175393623507,0.5824175393623507,0.9970147794967135,1,1,-0.818181818181813,0.0253596170518976
VOVIALXJUBGFJZ,Bronchopulmonary Dysplasia,1,50.0,0.0,0.0,0.0,0.0,0.0,0.0,0.0,0.0,0.0,0.0,0.0,0.0,0.6347403083739067,0.6347403083739067,0.2442699718736694,0.2442699718736694,0.6347403083739067,1,1,0.0,0.0
VOVIALXJUBGFJZ,"Colitis, Ulcerative",0,62.0,0.0,0.0,0.0,0.0,0.0,0.0,0.0,0.0,0.0,0.0,0.0,0.0,0.0,0.0,0.0,0.0,0.0,0,0,0.0,0.0
VOVIALXJUBGFJZ,Lymphocytic Colitis,0,75.0,0.0,0.0,0.0,0.0,0.0,0.0,0.0,0.0,0.0,0.0,0.0,0.0,0.5015429080295873,0.5015429080295873,0.0,0.0,0.5015429080295873,1,1,11.5,0.0379956748507263
RMRJXGBAOAMLHD,opioid use disorder,0,82.0,0.8551488348715596,0.4275744174357798,0.0,0.0,0.0,0.0,0.0,0.0,0.0,0.0,0.0,0.0,0.681410729297477,0.6811818436844136,0.15252944740803548,0.13436868757896736,0.8551488348715596,2,1,0.0,0.0
RMRJXGBAOAMLHD,Low back pain,1,38.0,0.0,0.0,0.0,0.0,0.0,0.0,0.0,0.0,0.0,0.0,0.0,0.0,0.9180287992505011,0.9118598038152173,0.02262853524443256,0.01131426762221628,0.9180287992505011,2,1,8.333333333333332,0.3384875926726366
SNPPWIUOZRMYNY,Smoking Cessation,0,58.0,0.7252476303015531,0.24174921010051773,0.0,0.0,0.0,0.0,0.0,0.0,0.0,0.0,0.0,0.0,0.691865354020246,0.6657932359758102,0.0,0.0,0.7252476303015531,3,1,4.799999999999997,0.023478465870519605
GHOSNRCGJFBJIB,essential hypertension,0,78.0,0.8051397966329676,0.8051397966329676,0.865457038266544,0.865457038266544,0.762408017466963,0.762408017466963,0.0,0.0,0.0,0.0,0.0,0.0,0.9197434486627256,0.9197434486627256,0.5659982429764635,0.5659982429764635,0.9197434486627256,1,1,8.25,0.2299358621656814
GAGWJHPBXLXJQN,Metastatic Breast Cancer,0,58.0,0.0,0.0,0.0,0.0,0.0,0.0,0.0,0.0,0.0,0.0,0.0,0.0,0.9845390777112758,0.9845390777112758,0.867597429187726,0.867597429187726,0.9845390777112758,1,1,-7.066666666666663,-0.007621551478965594
GAGWJHPBXLXJQN,Advanced Colorectal Cancer,0,70.0,0.0,0.0,0.0,0.0,0.0,0.0,0.25229128100882275,0.25229128100882275,0.0,0.0,0.0,0.0,0.9841879182117216,0.9841879182117216,0.9020008314003113,0.9020008314003113,0.9841879182117216,1,1,14.0,0.4920939591058608
GAGWJHPBXLXJQN,Breast Cancer,0,74.0,0.0,0.0,0.0,0.0,0.0,0.0,0.0,0.0,0.0,0.0,0.0,0.0,0.9845390777112758,0.9845390777112758,0.867597429187726,0.867597429187726,0.9845390777112758,1,1,16.525,0.23900503767310555
YKPUWZUDDOIDPM,diabetic neuropathy,0,38.0,0.0,0.0,0.0,0.0,0.0,0.0,0.0,0.0,0.0,0.0,0.0,0.0,0.6375838370928271,0.6375838370928271,0.2313986195426798,0.2313986195426798,0.6375838370928271,1,1,0.0,0.0
KPWSJANDNDDRMB,bipolar disorder,0,58.0,0.7654566110663349,0.38272830553316745,0.0,0.0,0.0,0.0,0.0,0.0,0.0,0.0,0.0,0.0,0.9989515617643475,0.9975360960813531,0.21391988209191268,0.18413330885430246,0.9989515617643475,2,1,4.0,0.0
KPWSJANDNDDRMB,Bipolar I Disorder,0,58.0,0.0,0.0,0.0,0.0,0.0,0.0,0.0,0.0,0.0,0.0,0.0,0.0,0.9865482432417526,0.9721884872208295,0.09558023095782708,0.05690907744308786,0.9865482432417526,2,1,0.0,0.0
KPWSJANDNDDRMB,Bipolar I Disorder,0,58.0,0.0,0.0,0.0,0.0,0.0,0.0,0.0,0.0,0.0,0.0,0.0,0.0,0.9865482432417526,0.9721884872208295,0.09558023095782708,0.05690907744308786,0.9865482432417526,2,1,0.0,0.0
KPWSJANDNDDRMB,schizophrenia,0,76.0,0.6560907249300643,0.4253142900828915,0.3039653988058105,0.15198269940290526,0.29995305554157387,0.14997652777078693,0.0,0.0,0.0,0.0,0.0,0.0,0.9994097502793402,0.9985368549050486,0.9231710917698762,0.650962766557819,0.9994097502793402,2,1,13.350000000000001,0.027785375343797547
KPWSJANDNDDRMB,schizophrenia,0,76.0,0.6560907249300643,0.4253142900828915,0.3039653988058105,0.15198269940290526,0.29995305554157387,0.14997652777078693,0.0,0.0,0.0,0.0,0.0,0.0,0.9994097502793402,0.9985368549050486,0.9231710917698762,0.650962766557819,0.9994097502793402,2,1,13.350000000000001,0.027785375343797547
KPWSJANDNDDRMB,schizophrenia,0,76.0,0.6560907249300643,0.4253142900828915,0.3039653988058105,0.15198269940290526,0.29995305554157387,0.14997652777078693,0.0,0.0,0.0,0.0,0.0,0.0,0.9994097502793402,0.9985368549050486,0.9231710917698762,0.650962766557819,0.9994097502793402,2,1,13.350000000000001,0.027785375343797547
QYSXJUFSXHHAJI,vitamin D deficiency,1,95.0,0.0,0.0,0.0,0.0,0.0,0.0,0.0,0.0,0.0,0.0,0.0,0.0,0.0,0.0,0.0,0.0,0.0,0,0,0.0,0.0
QYSXJUFSXHHAJI,Gastric Bypass; Parathyroid Hormone,0,70.0,0.0,0.0,0.0,0.0,0.0,0.0,0.0,0.0,0.0,0.0,0.0,0.0,0.0,0.0,0.0,0.0,0.0,0,0,0.0,0.0
QYSXJUFSXHHAJI,vitamin D deficiency,0,95.0,0.0,0.0,0.0,0.0,0.0,0.0,0.0,0.0,0.0,0.0,0.0,0.0,0.0,0.0,0.0,0.0,0.0,0,0,0.0,0.0
QYSXJUFSXHHAJI,chronic kidney disease,0,52.0,0.0,0.0,0.0,0.0,0.0,0.0,0.0,0.0,0.0,0.0,0.0,0.0,0.9891746123010652,0.9891746123010652,0.7854762837667014,0.7854762837667014,0.9891746123010652,1,1,-16.799999999999997,0.009529740524390262
VDHAWDNDOKGFTD,"Hyperparathyroidism, Primary; Hypercalcemia",0,84.0,0.9049069331948028,0.9049069331948028,0.0,0.0,0.3420522632761786,0.3420522632761786,0.0,0.0,0.0,0.0,0.0,0.0,0.0,0.0,0.03436188678567448,0.03436188678567448,0.9049069331948028,1,1,0.0,0.0
MYSWGUAQZAJSOK,Traveler's Diarrhea,0,80.0,0.0,0.0,0.0,0.0,0.0,0.0,0.0,0.0,0.0,0.0,0.0,0.0,0.0,0.0,0.0,0.0,0.0,0,0,0.0,0.0
CXOXHMZGEKVPMT,Low back pain,0,24.0,0.0,0.0,0.0,0.0,0.0,0.0,0.0,0.0,0.0,0.0,0.0,0.0,0.10638788958203368,0.06934210660257553,0.0,0.0,0.10638788958203368,16,1,-5.666666666666668,-0.47315331699583074
JVHXJTBJCFBINQ,Type 2 Diabetes Mellitus,0,58.0,0.0,0.0,0.0,0.0,0.0,0.0,0.0,0.0,0.0,0.0,0.0,0.0,0.9974377552980216,0.9974377552980216,0.9481524627860095,0.9481524627860095,0.9974377552980216,1,1,-7.228571428571428,0.027735338757369
JVHXJTBJCFBINQ,Type 2 Diabetes Mellitus,0,58.0,0.0,0.0,0.0,0.0,0.0,0.0,0.0,0.0,0.0,0.0,0.0,0.0,0.9974377552980216,0.9974377552980216,0.9481524627860095,0.9481524627860095,0.9974377552980216,1,1,-7.228571428571428,0.027735338757369
JVHXJTBJCFBINQ,Type 2 Diabetes,0,60.0,0.0,0.0,0.0,0.0,0.0,0.0,0.0,0.0,0.0,0.0,0.0,0.0,0.9974377552980216,0.9974377552980216,0.9481524627860095,0.9481524627860095,0.9974377552980216,1,1,0.46052631578947256,0.017297779805260594
JVHXJTBJCFBINQ,Type 2 Diabetes,0,60.0,0.0,0.0,0.0,0.0,0.0,0.0,0.0,0.0,0.0,0.0,0.0,0.0,0.9974377552980216,0.9974377552980216,0.9481524627860095,0.9481524627860095,0.9974377552980216,1,1,0.46052631578947256,0.017297779805260594
JVHXJTBJCFBINQ,Type 2 Diabetes,0,60.0,0.0,0.0,0.0,0.0,0.0,0.0,0.0,0.0,0.0,0.0,0.0,0.0,0.9974377552980216,0.9974377552980216,0.9481524627860095,0.9481524627860095,0.9974377552980216,1,1,0.46052631578947256,0.017297779805260594
JVHXJTBJCFBINQ,Type 2 Diabetes,0,60.0,0.0,0.0,0.0,0.0,0.0,0.0,0.0,0.0,0.0,0.0,0.0,0.0,0.9974377552980216,0.9974377552980216,0.9481524627860095,0.9481524627860095,0.9974377552980216,1,1,0.46052631578947256,0.017297779805260594
DOAKLVKFURWEDJ,Infections,0,80.0,0.0,0.0,0.0,0.0,0.0,0.0,0.0,0.0,0.0,0.0,0.0,0.0,0.0,0.0,0.0,0.0,0.0,0,0,0.0,0.0
DPYMFVXJLLWWEU,Cystoscopes; Baxter Anaesthesia Brand of Desflurane; Sevoflurane,0,84.0,0.0,0.0,0.0,0.0,0.0,0.0,0.0,0.0,0.0,0.0,0.0,0.0,0.0,0.0,0.0,0.0,0.0,0,0,1.0,0.0
KYYIDSXMWOZKMP,Depression,0,58.0,0.0,0.0,0.0,0.0,0.0,0.0,0.0,0.0,0.0,0.0,0.0,0.0,0.0,0.0,0.0,0.0,0.0,0,0,14.0,0.0
UREBDLICKHMUKA,Development,0,42.0,0.0,0.0,0.0,0.0,0.0,0.0,0.0,0.0,0.0,0.0,0.0,0.0,0.0,0.0,0.0,0.0,0.0,0,0,0.0,0.0
UREBDLICKHMUKA,Inguinal Hernia; Femoral Hernia,1,38.0,0.0,0.0,0.0,0.0,0.0,0.0,0.0,0.0,0.0,0.0,0.0,0.0,0.0,0.0,0.0,0.0,0.0,0,0,0.0,0.0
QXWYKJLNLSIPIN,Parkinson's Disease,0,48.0,0.0,0.0,0.0,0.0,0.0,0.0,0.0,0.0,0.0,0.0,0.0,0.0,0.0,0.0,0.0,0.0,0.0,0,0,-10.083333333333336,0.0
ZEUITGRIYCTCEM,"Diabetic Neuropathy, Painful",1,62.0,0.0,0.0,0.0,0.0,0.0,0.0,0.0,0.0,0.0,0.0,0.0,0.0,0.0,0.0,0.0,0.0,0.0,0,0,0.0,0.0
ZEUITGRIYCTCEM,Major Depressive Disorder,0,60.0,0.0,0.0,0.0,0.0,0.663267698464219,0.3316338492321095,0.0,0.0,0.0,0.0,0.0,0.0,0.9994065355213364,0.9991785656621155,0.8034560660154578,0.6254777343770506,0.9994065355213364,2,1,11.860465116279073,0.00457864620849513
WXCXUHSOUPDCQV,Metastatic Prostate Cancer,0,85.0,0.0,0.0,0.0,0.0,0.0,0.0,0.0,0.0,0.0,0.0,0.0,0.0,0.6615859672044662,0.6615859672044662,0.2711130932831126,0.2711130932831126,0.6615859672044662,1,1,1.0,0.0
JUKPWJGBANNWMW,Heart Failure,0,72.0,0.0,0.0,0.0,0.0,0.0,0.0,0.0,0.0,0.0,0.0,0.0,0.0,0.9837766381091795,0.9837766381091795,0.3687145438284474,0.3687145438284474,0.9837766381091795,1,1,13.111111111111114,0.04432256668307377
JUKPWJGBANNWMW,Metabolic Syndrome; Endothelial Dysfunction,0,46.0,0.0,0.0,0.0,0.0,0.0,0.0,0.0,0.0,0.0,0.0,0.0,0.0,0.0,0.0,0.0,0.0,0.0,0,0,0.0,0.0
JUZNIMUFDBIJCM,intra-abdominal infection,0,82.0,0.0,0.0,0.0,0.0,0.0,0.0,0.0,0.0,0.0,0.0,0.0,0.0,0.0,0.0,0.0,0.0,0.0,0,0,0.0,0.0
QIALRBLEEWJACW,epilepsy,0,68.0,0.9750159084988218,0.4809470993610886,0.9198250332960655,0.41986048972501305,0.892851891179099,0.35841935486105775,0.0,0.0,0.0,0.0,0.547137717850459,0.0547137717850459,0.9987671453597234,0.9987670018184562,0.9683402365211742,0.4103610136791661,0.9987671453597234,10,1,2.181818181818187,0.027111982914907573
SUBDBMMJDZJVOS,Prevention,0,58.0,0.0,0.0,0.0,0.0,0.0,0.0,0.0,0.0,0.0,0.0,0.0,0.0,0.0,0.0,0.0,0.0,0.0,0,0,0.0,0.0
NNYBQONXHNTVIJ,ankle sprain,0,45.0,0.0,0.0,0.0,0.0,0.0,0.0,0.0,0.0,0.0,0.0,0.0,0.0,0.0,0.0,0.0,0.0,0.0,0,0,16.333333333333332,0.0
MNJVRJDLRVPLFE,ankylosing spondylitis,0,47.0,0.0,0.0,0.0,0.0,0.0,0.0,0.0,0.0,0.0,0.0,0.0,0.0,0.9954619985350714,0.9954619985350714,0.1227830518136319,0.1227830518136319,0.9954619985350714,1,1,0.0,0.0
KKGQTZUTZRNORY,Multiple Sclerosis,0,78.0,0.0,0.0,0.0,0.0,0.0,0.0,0.0,0.0,0.0,0.0,0.0,0.0,0.9914416928427081,0.9914416928427081,0.18971314188267613,0.18971314188267613,0.9914416928427081,1,1,20.476190476190474,0.1747518045821197
KKGQTZUTZRNORY,Multiple Sclerosis,0,78.0,0.0,0.0,0.0,0.0,0.0,0.0,0.0,0.0,0.0,0.0,0.0,0.0,0.9914416928427081,0.9914416928427081,0.18971314188267613,0.18971314188267613,0.9914416928427081,1,1,20.476190476190474,0.1747518045821197
XTULMSXFIHGYFS,asthma,0,80.0,0.0,0.0,0.0,0.0,0.0,0.0,0.0,0.0,0.0,0.0,0.0,0.0,0.9988298364350643,0.9988298364350643,0.715329212260515,0.715329212260515,0.9988298364350643,1,1,14.125,0.06337853867771814
XTULMSXFIHGYFS,asthma,0,80.0,0.0,0.0,0.0,0.0,0.0,0.0,0.0,0.0,0.0,0.0,0.0,0.0,0.9988298364350643,0.9988298364350643,0.715329212260515,0.715329212260515,0.9988298364350643,1,1,14.125,0.06337853867771814
SDUQYLNIPVEERB,Lung Cancer,0,55.0,0.0,0.0,0.0,0.0,0.0,0.0,0.0,0.0,0.0,0.0,0.0,0.0,0.9717616148121468,0.9717616148121468,0.9077359535432145,0.9077359535432145,0.9717616148121468,1,1,-2.451612903225808,0.03262702079115798
SDUQYLNIPVEERB,Surgically Resected Pancreatic Cancer,0,62.0,0.0,0.0,0.0,0.0,0.0,0.0,0.0,0.0,0.0,0.0,0.0,0.0,0.0,0.0,0.0,0.0,0.0,0,0,0.0,0.0
WIGIZIANZCJQQY,Type 2 Diabetes,0,48.0,0.9356596165007461,0.9349191954104858,0.9066612367713315,0.8860591375189377,0.6047921859992851,0.30239609299964254,0.0,0.0,0.0,0.0,0.7133145042531812,0.6661430003140467,0.9984995303029797,0.9984995303029797,0.921228327080409,0.8332079592228658,0.9984995303029797,2,1,-11.539473684210527,0.01835955481021867
WIGIZIANZCJQQY,Type 2 Diabetes Mellitus,0,50.0,0.9356596165007461,0.9349191954104858,0.9066612367713315,0.8860591375189377,0.6047921859992851,0.30239609299964254,0.0,0.0,0.0,0.0,0.7133145042531812,0.6661430003140467,0.9984995303029797,0.9984995303029797,0.921228327080409,0.8332079592228658,0.9984995303029797,2,1,-15.228571428571428,0.028797113762327076
ZDXPYRJPNDTMRX,colorectal cancer,0,15.0,0.0,0.0,0.0,0.0,0.0,0.0,0.0,0.0,0.0,0.0,0.0,0.0,0.0,0.0,0.0,0.0,0.0,0,0,0.0,0.0
XXSMGPRMXLTPCZ,Rheumatoid Arthritis,1,48.0,0.0,0.0,0.0,0.0,0.0,0.0,0.0,0.0,0.0,0.0,0.0,0.0,0.0,0.0,0.0,0.0,0.0,0,0,-23.42553191489361,-0.8888518903144148
XXSMGPRMXLTPCZ,Osteoarthritis,1,15.0,0.0,0.0,0.0,0.0,0.0,0.0,0.0,0.0,0.0,0.0,0.0,0.0,0.0,0.0,0.0,0.0,0.0,0,0,-24.692307692307693,-0.8420144219608091
HEFNNWSXXWATRW,Altitude Sickness,0,40.0,0.0,0.0,0.0,0.0,0.0,0.0,0.0,0.0,0.0,0.0,0.0,0.0,0.44074982826842524,0.44074982826842524,0.0,0.0,0.44074982826842524,2,1,0.0,0.0
KTUFNOKKBVMGRW,Gastrointestinal Stromal Tumors,0,92.0,0.908559202751775,0.49511601164580615,0.8168275681045472,0.4546550953183354,0.4653556753190563,0.15511855843968544,0.9607983220922475,0.6199242463718272,0.0,0.0,0.7814745002642415,0.5145660447698973,0.9830204284656623,0.9650649031491415,0.9956232577426181,0.8774238772329034,0.9956232577426181,3,1,3.5,0.0
QZZUEBNBZAPZLX,chronic obstructive pulmonary disease,0,45.0,0.0,0.0,0.0,0.0,0.0,0.0,0.0,0.0,0.0,0.0,0.0,0.0,0.9987095195438428,0.9987095195438428,0.8194221934030006,0.8194221934030006,0.9987095195438428,1,1,-6.75,0.0004460714180346548
QZZUEBNBZAPZLX,asthma,0,38.0,0.0,0.0,0.0,0.0,0.0,0.0,0.0,0.0,0.016957668054408362,0.016957668054408362,0.0,0.0,0.9988144467094884,0.9988144467094884,0.8837713671413231,0.8837713671413231,0.9988144467094884,1,1,-27.875,0.06336314895214223
QZZUEBNBZAPZLX,Chronic Obstructive Pulmonary Disease,0,62.0,0.0,0.0,0.0,0.0,0.0,0.0,0.0,0.0,0.0,0.0,0.0,0.0,0.9987095195438428,0.9987095195438428,0.8194221934030006,0.8194221934030006,0.9987095195438428,1,1,4.2307692307692335,0.06519513689929457
PURKAOJPTOLRMP,cystic fibrosis,0,85.0,0.9678729716442139,0.9678729716442139,0.8773170744461322,0.8773170744461322,0.43591187534835524,0.43591187534835524,0.9285669064556789,0.9285669064556789,0.0,0.0,0.0,0.0,0.9904941908672886,0.9904941908672886,0.9950080483633249,0.9950080483633249,0.9950080483633249,1,1,0.5,0.0
YQEZLKZALYSWHR,Pain; Hyperalgesia; Inflammatory Response,1,60.0,0.0,0.0,0.0,0.0,0.0,0.0,0.0,0.0,0.0,0.0,0.0,0.0,0.9406116098459604,0.8838783157899684,0.06896299420239828,0.036541411148993785,0.9406116098459604,7,1,0.0,0.0
ZCVMWBYGMWKGHF,allergic conjunctivitis,0,78.0,0.0,0.0,0.0,0.0,0.0,0.0,0.0,0.0,0.0,0.0,0.0,0.0,0.0,0.0,0.0,0.0,0.0,0,0,0.0,0.0
MJIHNNLFOKEZEW,Erosive Esophagitis; GERD,0,85.0,0.0,0.0,0.0,0.0,0.0,0.0,0.0,0.0,0.0,0.0,0.0,0.0,0.0,0.0,0.0,0.0,0.0,0,0,0.0,0.0
GOTYRUGSSMKFNF,Anemia,0,73.0,0.9373715612167679,0.23434289030419198,0.0,0.0,0.46720884560582215,0.17938868701557192,0.0,0.0,0.0,0.0,0.0,0.0,0.727828260473913,0.727828260473913,0.06079307976116211,0.04669246264989257,0.9373715612167679,4,1,0.0,0.0
GOTYRUGSSMKFNF,Multiple Myeloma,0,85.0,0.0,0.0,0.0,0.0,0.0,0.0,0.9066612367713315,0.22666530919283287,0.0,0.0,0.42555155832813474,0.10638788958203368,0.9932550539726157,0.9932550539726157,0.6152794249385721,0.37384307344200607,0.9932550539726157,4,1,13.36363636363636,0.1565364867144129
GOTYRUGSSMKFNF,Myelodysplastic Syndrome,0,75.0,0.0,0.0,0.0,0.0,0.37532971965877465,0.09383242991469366,0.0,0.0,0.0,0.0,0.0,0.0,0.9283938021667913,0.9283938021667913,0.21569862903811496,0.06000396523564495,0.9283938021667913,4,1,0.0,0.0
VVIAGPKUTFNRDU,Pancreatic Cancer,0,45.0,0.0,0.0,0.0,0.0,0.0,0.0,0.0,0.0,0.0,0.0,0.0,0.0,0.0,0.0,0.0,0.0,0.0,0,0,2.0,0.0
HPHUVLMMVZITSG,Epilepsy; Partial Seizures,0,70.0,0.7568738430264683,0.6824023203190447,0.0,0.0,0.3359425587601818,0.1679712793800909,0.0,0.0,0.0,0.0,0.0,0.0,0.9982375811180926,0.997626180307403,0.5824175393623507,0.33049698650213577,0.9982375811180926,2,1,0.0,1.1102230246251565e-16
HPHUVLMMVZITSG,Epilepsy; Generalized Tonic-Clonic Seizures,0,72.0,0.7568738430264683,0.6824023203190447,0.0,0.0,0.3359425587601818,0.1679712793800909,0.0,0.0,0.0,0.0,0.0,0.0,0.9982375811180926,0.997626180307403,0.5824175393623507,0.33049698650213577,0.9982375811180926,2,1,0.0,0.0
NNJVILVZKWQKPM,ankle sprain,0,35.0,0.0,0.0,0.0,0.0,0.0,0.0,0.0,0.0,0.0,0.0,0.0,0.0,0.0,0.0,0.0,0.0,0.0,0,0,6.333333333333332,0.0
LTXREWYXXSTFRX,diabetes Mellitus,0,55.0,0.0,0.0,0.0,0.0,0.9373091404036921,0.9373091404036921,0.0,0.0,0.0,0.0,0.0,0.0,0.9984538336205095,0.9984538336205095,0.9607846602074834,0.9607846602074834,0.9984538336205095,1,1,-5.0,0.00024954447944547375
LTXREWYXXSTFRX,Type 2 Diabetes,0,65.0,0.0,0.0,0.0,0.0,0.5511044663048749,0.5511044663048749,0.0,0.0,0.0,0.0,0.0,0.0,0.9981950138708703,0.9981950138708703,0.954188839355206,0.954188839355206,0.9981950138708703,1,1,5.460526315789473,0.01805503837810929
LTXREWYXXSTFRX,"Diabetes Mellitus, Type 2",0,58.0,0.0,0.0,0.0,0.0,0.5511044663048749,0.5511044663048749,0.0,0.0,0.0,0.0,0.0,0.0,0.9981950138708703,0.9981950138708703,0.954188839355206,0.954188839355206,0.9981950138708703,1,1,-3.2727272727272734,0.0008432251253699397
LTXREWYXXSTFRX,"Diabetes Mellitus, Type 2",0,58.0,0.0,0.0,0.0,0.0,0.5511044663048749,0.5511044663048749,0.0,0.0,0.0,0.0,0.0,0.0,0.9981950138708703,0.9981950138708703,0.954188839355206,0.954188839355206,0.9981950138708703,1,1,-3.2727272727272734,0.0008432251253699397
LTXREWYXXSTFRX,"Diabetes Mellitus, Type 2",0,58.0,0.0,0.0,0.0,0.0,0.5511044663048749,0.5511044663048749,0.0,0.0,0.0,0.0,0.0,0.0,0.9981950138708703,0.9981950138708703,0.954188839355206,0.954188839355206,0.9981950138708703,1,1,-3.2727272727272734,0.0008432251253699397
TYZROVQLWOKYKF,skin and soft tissue bacterial infection,0,88.0,0.0,0.0,0.0,0.0,0.0,0.0,0.0,0.0,0.0,0.0,0.0,0.0,0.0,0.0,0.0,0.0,0.0,0,0,0.0,0.0
DMKSVUSAATWOCU,inflammation,0,75.0,0.0,0.0,0.0,0.0,0.0,0.0,0.0,0.0,0.0,0.0,0.0,0.0,0.997071824622448,0.997071824622448,0.2422978384830684,0.2422978384830684,0.997071824622448,1,1,0.0,0.0
WGFOBBZOWHGYQH,opioid-induced constipation,0,58.0,0.0,0.0,0.0,0.0,0.0,0.0,0.0,0.0,0.0,0.0,0.0,0.0,0.0,0.0,0.0,0.0,0.0,0,0,0.0,0.0
OPXLLQIJSORQAM,Healthy Volunteers,0,18.0,0.0,0.0,0.0,0.0,0.0,0.0,0.0,0.0,0.0,0.0,0.0,0.0,0.0,0.0,0.0,0.0,0.0,0,0,-18.5,0.0
DRLFMBDRBRZALE,Migraine,0,38.0,0.0,0.0,0.0,0.0,0.0,0.0,0.0,0.0,0.0,0.0,0.0,0.0,0.0,0.0,0.0,0.0,0.0,0,0,9.333333333333332,0.0
KBOPZPXVLCULAV,Lymphocytic Colitis,0,52.0,0.0,0.0,0.0,0.0,0.0,0.0,0.0,0.0,0.0,0.0,0.0,0.0,0.42555155832813474,0.42555155832813474,0.01823792392834863,0.0045594809820871576,0.42555155832813474,4,1,-11.5,-0.0379956748507263
KBOPZPXVLCULAV,irritable bowel syndrome,0,24.0,0.0,0.0,0.0,0.0,0.0,0.0,0.0,0.0,0.0,0.0,0.0,0.0,0.0,0.0,0.0,0.0,0.0,0,0,-25.833333333333336,0.0
XZWYZXLIPXDOLR,Type 2 Diabetes Mellitus,0,78.0,0.0,0.0,0.3039653988058105,0.3039653988058105,0.0,0.0,0.0,0.0,0.0,0.0,0.0,0.0,0.9986081372456911,0.9986081372456911,0.17827377545849124,0.17827377545849124,0.9986081372456911,1,1,12.771428571428572,0.028905720705038496
XZWYZXLIPXDOLR,Type 2 Diabetes Mellitus,0,78.0,0.0,0.0,0.3039653988058105,0.3039653988058105,0.0,0.0,0.0,0.0,0.0,0.0,0.0,0.0,0.9986081372456911,0.9986081372456911,0.17827377545849124,0.17827377545849124,0.9986081372456911,1,1,12.771428571428572,0.028905720705038496
XZWYZXLIPXDOLR,"Diabetes Mellitus, Type 2",0,75.0,0.0,0.0,0.3039653988058105,0.3039653988058105,0.0,0.0,0.0,0.0,0.0,0.0,0.0,0.0,0.9986081372456911,0.9986081372456911,0.17827377545849124,0.17827377545849124,0.9986081372456911,1,1,13.727272727272727,0.0012563485001907404
XZWYZXLIPXDOLR,Type 2 Diabetes Mellitus,0,78.0,0.0,0.0,0.3039653988058105,0.3039653988058105,0.0,0.0,0.0,0.0,0.0,0.0,0.0,0.0,0.9986081372456911,0.9986081372456911,0.17827377545849124,0.17827377545849124,0.9986081372456911,1,1,12.771428571428572,0.028905720705038496
XZWYZXLIPXDOLR,"Diabetes Mellitus, Type 2",0,75.0,0.0,0.0,0.3039653988058105,0.3039653988058105,0.0,0.0,0.0,0.0,0.0,0.0,0.0,0.0,0.9986081372456911,0.9986081372456911,0.17827377545849124,0.17827377545849124,0.9986081372456911,1,1,13.727272727272727,0.0012563485001907404
XZWYZXLIPXDOLR,Type 2 Diabetes Mellitus,0,78.0,0.0,0.0,0.3039653988058105,0.3039653988058105,0.0,0.0,0.0,0.0,0.0,0.0,0.0,0.0,0.9986081372456911,0.9986081372456911,0.17827377545849124,0.17827377545849124,0.9986081372456911,1,1,12.771428571428572,0.028905720705038496
FBOZXECLQNJBKD,Rheumatoid Arthritis,0,75.0,0.0,0.0,0.0,0.0,0.0,0.0,0.0,0.0,0.0,0.0,0.0,0.0,0.9951576249724678,0.9951576249724678,0.3567564706851452,0.3567564706851452,0.9951576249724678,1,1,3.574468085106389,0.10630573465805304
FBOZXECLQNJBKD,Rheumatoid Arthritis,0,75.0,0.0,0.0,0.0,0.0,0.0,0.0,0.0,0.0,0.0,0.0,0.0,0.0,0.9951576249724678,0.9951576249724678,0.3567564706851452,0.3567564706851452,0.9951576249724678,1,1,3.574468085106389,0.10630573465805304
FBOZXECLQNJBKD,Graft-versus-host Disease,0,70.0,0.0,0.0,0.0,0.0,0.0,0.0,0.0,0.0,0.0,0.0,0.0,0.0,0.0,0.0,0.0,0.0,0.0,0,0,2.5,0.0
FBOZXECLQNJBKD,Uveitis,0,68.0,0.0,0.0,0.0,0.0,0.0,0.0,0.0,0.0,0.0,0.0,0.0,0.0,0.5868220893612175,0.5868220893612175,0.0,0.0,0.5868220893612175,1,1,-2.0,-0.14142808154578346
FBOZXECLQNJBKD,Plaque Psoriasis,0,68.0,0.0,0.0,0.0,0.0,0.0,0.0,0.0,0.0,0.0,0.0,0.0,0.0,0.0,0.0,0.0,0.0,0.0,0,0,0.0,0.0
JVLBPIPGETUEET,constipation,0,85.0,0.0,0.0,0.0,0.0,0.0,0.0,0.0,0.0,0.0,0.0,0.0,0.0,0.0,0.0,0.0,0.0,0.0,0,0,8.57142857142857,0.0
VKHAHZOOUSRJNA,pituitary-dependent Cushing's disease,0,58.0,0.0,0.0,0.0,0.0,0.0,0.0,0.0,0.0,0.0,0.0,0.0,0.0,0.0,0.0,0.0,0.0,0.0,0,0,-10.0,0.0
RONZAEMNMFQXRA,Autism Spectrum Disorders,0,22.0,0.0,0.0,0.0,0.0,0.5412103925737457,0.10824207851474914,0.0,0.0,0.0,0.0,0.0,0.0,0.9963804373409494,0.6723351049607655,0.2568312369310428,0.07920300801674937,0.9963804373409494,5,1,0.0,0.0
KKZJGLLVHKMTCM,Multiple Sclerosis,0,60.0,0.0,0.0,0.0,0.0,0.0,0.0,0.0,0.0,0.0,0.0,0.0,0.0,0.7845402275755606,0.7845402275755606,0.0,0.0,0.7845402275755606,1,1,2.4761904761904745,-0.03214966068502778
YFGHCGITMMYXAQ,in Cancer,0,32.0,0.0,0.0,0.0,0.0,0.0,0.0,0.0,0.0,0.0,0.0,0.0,0.0,0.0,0.0,0.0,0.0,0.0,0,0,3.75,0.0
WOFMFGQZHJDGCX,perennial allergic rhinitis,0,72.0,0.0,0.0,0.0,0.0,0.0,0.0,0.0,0.0,0.0,0.0,0.0,0.0,0.9966440958103557,0.9966440958103557,0.09436782621273954,0.09436782621273954,0.9966440958103557,1,1,-1.2222222222222285,-0.00019516194034063794
RTGDFNSFWBGLEC,Graft-versus-Host Disease; Immune System Disorders,0,75.0,0.0,0.0,0.0,0.0,0.0,0.0,0.0,0.0,0.0,0.0,0.0,0.0,0.6013062234377355,0.6013062234377355,0.024148362238461615,0.012074181119230807,0.6013062234377355,2,1,0.0,0.0
RTGDFNSFWBGLEC,Idiopathic Nephrotic Syndrome,0,60.0,0.0,0.0,0.0,0.0,0.0,0.0,0.0,0.0,0.0,0.0,0.0,0.0,0.0,0.0,0.0,0.0,0.0,0,0,0.0,0.0
RTGDFNSFWBGLEC,Uveitis,0,64.0,0.0,0.0,0.0,0.0,0.3410491774601195,0.17052458873005974,0.0,0.0,0.0,0.0,0.0,0.0,0.6060630991056253,0.6060630991056253,0.0,0.0,0.6060630991056253,2,1,-6.0,-0.12218707180137567
IMONTRJLAWHYGT,Contraceptive Usage,0,86.0,0.0,0.0,0.0,0.0,0.0,0.0,0.0,0.0,0.0,0.0,0.0,0.0,0.0,0.0,0.0,0.0,0.0,0,0,0.0,0.0
PHVGLTMQBUFIQQ,gastroesophageal reflux disease,0,30.0,0.0,0.0,0.0,0.0,0.0,0.0,0.0,0.0,0.0,0.0,0.0,0.0,0.5796029111395795,0.5796029111395795,0.0,0.0,0.5796029111395795,1,1,-3.6666666666666643,0.028272119129631124
SUBDBMMJDZJVOS,Gastric Ulcer,0,85.0,0.0,0.0,0.0,0.0,0.0,0.0,0.0,0.0,0.0,0.0,0.0,0.0,0.9953328645051962,0.9953328645051962,0.13097295903536724,0.06548647951768362,0.9953328645051962,2,1,1.3333333333333286,0.0
SUBDBMMJDZJVOS,Gastroesophageal Reflux Disease; Heartburn,0,80.0,0.0,0.0,0.0,0.0,0.0,0.0,0.0,0.0,0.0,0.0,0.0,0.0,0.9981690542695568,0.9981690542695568,0.5878210735448489,0.3060691527246569,0.9981690542695568,2,1,0.0,0.0
FELGMEQIXOGIFQ,Schizoaffective and Schizophreniform Disorders; Schizophrenia,0,20.0,0.0,0.0,0.0,0.0,0.0,0.0,0.0,0.0,0.0,0.0,0.0,0.0,0.0,0.0,0.0,0.0,0.0,0,0,0.0,0.0
RCINICONZNJXQF,Metastatic Breast Cancer,0,58.0,0.0,0.0,0.0,0.0,0.0,0.0,0.0,0.0,0.0,0.0,0.0,0.0,0.9958826872684627,0.9958826606132426,0.7189793669490522,0.3061028748634998,0.9958826872684627,15,1,-7.066666666666663,0.0037220580782213464
RCINICONZNJXQF,Lung Cancer,0,63.0,0.0,0.0,0.0,0.0,0.0,0.0,0.0,0.0,0.0,0.0,0.0,0.0,0.9941983815907179,0.9941983392277063,0.7481489379607551,0.2544792044528911,0.9941983815907179,15,1,5.548387096774192,0.05506378756972907
RCINICONZNJXQF,Neck Cancer,0,65.0,0.0,0.0,0.0,0.0,0.0,0.0,0.0,0.0,0.0,0.0,0.0,0.0,0.0,0.0,0.0,0.0,0.0,0,0,19.0,0.0
RCINICONZNJXQF,Gastric Cancer,0,68.0,0.0,0.0,0.0,0.0,0.0,0.0,0.25229128100882275,0.016819418733921516,0.0,0.0,0.0,0.0,0.9183188040935945,0.9183188040935945,0.6372597971585934,0.1543697581249394,0.9183188040935945,15,1,6.0,0.02339101315010239
RCINICONZNJXQF,Ovarian Cancer,0,75.0,0.0,0.0,0.0,0.0,0.0,0.0,0.0,0.0,0.0,0.0,0.0,0.0,0.9206704591392625,0.9206704591392627,0.3669482177400349,0.06861318684385781,0.9206704591392625,15,1,4.0,0.049914015995321304
RCINICONZNJXQF,Ovarian Cancer,0,75.0,0.0,0.0,0.0,0.0,0.0,0.0,0.0,0.0,0.0,0.0,0.0,0.0,0.9206704591392625,0.9206704591392627,0.3669482177400349,0.06861318684385781,0.9206704591392625,15,1,4.0,0.049914015995321304
RCINICONZNJXQF,Breast Cancer,0,73.0,0.0,0.0,0.0,0.0,0.0,0.0,0.0,0.0,0.0,0.0,0.0,0.0,0.9958826872684627,0.9958826606132426,0.7189793669490522,0.3061028748634998,0.9958826872684627,15,1,15.524999999999999,0.2503486472302925
FPOHNWQLNRZRFC,Hodgkin lymphoma,0,48.0,0.0,0.0,0.0,0.0,0.0,0.0,0.0,0.0,0.0,0.0,0.0,0.0,0.12158615952232422,0.12158615952232422,0.26748955094911325,0.26748955094911325,0.26748955094911325,1,1,0.0,0.0
FPVKHBSQESCIEP,Graft-versus-host Disease,0,65.0,0.0,0.0,0.0,0.0,0.0,0.0,0.0,0.0,0.0,0.0,0.0,0.0,0.0,0.0,0.0,0.0,0.0,0,0,-2.5,0.0
DDBREPKUVSBGFI,epilepsy,0,72.0,0.8988573199503707,0.8988573199503707,0.8140341655823902,0.8140341655823902,0.909607194599557,0.909607194599557,0.0,0.0,0.0,0.0,0.0,0.0,0.9966635870430348,0.9966635870430348,0.5647101619812184,0.5647101619812184,0.9966635870430348,1,1,6.181818181818187,0.025008424598218948
HYAFETHFCAUJAY,Type 2 Diabetes Mellitus,0,76.0,0.8267226818039495,0.8267226818039495,0.9190679877429972,0.9190679877429972,0.5736654536829061,0.5736654536829061,0.0,0.0,0.0,0.0,0.0,0.0,0.9970828321891484,0.9970828321891484,0.901977163012148,0.901977163012148,0.9970828321891484,1,1,10.771428571428572,0.027380415648495804
UVSMNLNDYGZFPF,Primary Myelofibrosis; MPN-associated Myelofibrosis,1,38.0,0.0,0.0,0.0,0.0,0.0,0.0,0.0,0.0,0.0,0.0,0.0,0.0,0.4559480982087158,0.4559480982087158,0.0,0.0,0.4559480982087158,4,1,0.0,0.0
DTGLZDAWLRGWQN,Hemodialysis; Chronic Renal Failure,0,47.0,0.0,0.0,0.0,0.0,0.0,0.0,0.0,0.0,0.0,0.0,0.0,0.0,0.0,0.0,0.0,0.0,0.0,0,0,0.0,0.0
DTGLZDAWLRGWQN,ST Segment Elevation Myocardial Infarction,0,88.0,0.0,0.0,0.0,0.0,0.0,0.0,0.0,0.0,0.0,0.0,0.0,0.0,0.578563888824699,0.578563888824699,0.12384345869522169,0.12384345869522169,0.578563888824699,1,1,0.0,0.0
OIGNJSKKLXVSLS,Chronic Obstructive Pulmonary Disease,0,45.0,0.5748219056004791,0.5748219056004791,0.0,0.0,0.34890668301924965,0.34890668301924965,0.0,0.0,0.0,0.0,0.0,0.0,0.9966181571042239,0.9966181571042239,0.779697199646036,0.779697199646036,0.9966181571042239,1,1,-12.769230769230766,0.06310377445967563
XOFYZVNMUHMLCC,Uveitis,0,78.0,0.0,0.0,0.0,0.0,0.0,0.0,0.0,0.0,0.0,0.0,0.0,0.0,0.9918653242541601,0.9918653242541601,0.12530129217439523,0.12530129217439523,0.9918653242541601,1,1,8.0,0.2636151533471591
XOFYZVNMUHMLCC,Uveitis,0,78.0,0.0,0.0,0.0,0.0,0.0,0.0,0.0,0.0,0.0,0.0,0.0,0.0,0.9918653242541601,0.9918653242541601,0.12530129217439523,0.12530129217439523,0.9918653242541601,1,1,8.0,0.2636151533471591
XOFYZVNMUHMLCC,Prostate Cancer,0,32.0,0.0,0.0,0.0,0.0,0.0,0.0,0.0,0.0,0.0,0.0,0.2279740491043579,0.2279740491043579,0.9235621351186311,0.9235621351186311,0.8418425153379159,0.8418425153379159,0.9235621351186311,1,1,-27.25,0.07102056493608266
XOFYZVNMUHMLCC,Prostate Cancer,0,32.0,0.0,0.0,0.0,0.0,0.0,0.0,0.0,0.0,0.0,0.0,0.2279740491043579,0.2279740491043579,0.9235621351186311,0.9235621351186311,0.8418425153379159,0.8418425153379159,0.9235621351186311,1,1,-27.25,0.07102056493608266
RJKFOVLPORLFTN,Brain Injuries,0,33.0,0.0,0.0,0.0,0.0,0.0,0.0,0.0,0.0,0.0,0.0,0.0,0.0,0.0,0.0,0.0,0.0,0.0,0,0,0.0,0.0
ZPMNHBXQOOVQJL,constipation,0,80.0,0.0,0.0,0.0,0.0,0.0,0.0,0.0,0.0,0.0,0.0,0.0,0.0,0.0,0.0,0.0,0.0,0.0,0,0,3.5714285714285694,0.0
ZPMNHBXQOOVQJL,constipation,0,80.0,0.0,0.0,0.0,0.0,0.0,0.0,0.0,0.0,0.0,0.0,0.0,0.0,0.0,0.0,0.0,0.0,0.0,0,0,3.5714285714285694,0.0
ZPMNHBXQOOVQJL,constipation,0,80.0,0.0,0.0,0.0,0.0,0.0,0.0,0.0,0.0,0.0,0.0,0.0,0.0,0.0,0.0,0.0,0.0,0.0,0,0,3.5714285714285694,0.0
URKOMYMAXPYINW,Bipolar Disorder,0,65.0,0.7654566110663349,0.38272830553316745,0.0,0.0,0.0,0.0,0.0,0.0,0.0,0.0,0.0,0.0,0.9989515617643475,0.9989381989994681,0.21391988209191268,0.21333155892867955,0.9989515617643475,2,1,17.666666666666664,0.19235693064729154
LOUPRKONTZGTKE,Plasmodium falciparum malaria,0,89.0,0.0,0.0,0.0,0.0,0.0,0.0,0.0,0.0,0.0,0.0,0.0,0.0,0.0,0.0,0.0,0.0,0.0,0,0,20.5,0.0
CZFFBEXEKNGXKS,infection,0,83.0,0.0,0.0,0.0,0.0,0.0,0.0,0.0,0.0,0.0,0.0,0.0,0.0,0.0,0.0,0.0,0.0,0.0,0,0,0.5999999999999943,0.0
XKLMZUWKNUAPSZ,Angina; Pulmonary Arterial Hypertension,0,40.0,0.0,0.0,0.0,0.0,0.0,0.0,0.0,0.0,0.0,0.0,0.0,0.0,0.9574156176904117,0.9574156176904117,0.0,0.0,0.9574156176904117,2,1,0.0,0.0
IWUCXVSUMQZMFG,hepatitis C virus infection,0,70.0,0.0,0.0,0.0,0.0,0.0,0.0,0.0,0.0,0.0,0.0,0.0,0.0,0.0,0.0,0.0,0.0,0.0,0,0,-11.527027027027032,0.0
IWUCXVSUMQZMFG,hepatitis C virus infection,0,70.0,0.0,0.0,0.0,0.0,0.0,0.0,0.0,0.0,0.0,0.0,0.0,0.0,0.0,0.0,0.0,0.0,0.0,0,0,-11.527027027027032,0.0
NCDNCNXCDXHOMX,HIV; HIV Infections,0,87.0,0.0,0.0,0.0,0.0,0.0,0.0,0.0,0.0,0.0,0.0,0.0,0.0,0.9969686923441947,0.9969686923441947,0.09123294956436129,0.04145778113032182,0.9969686923441947,4,1,0.0,0.0
KGFYHTZWPPHNLQ,"Arthritis; Osteoarthritis, Knee; Osteoarthritis, Hip; Thromboembolism",0,38.0,0.0,0.0,0.0,0.0,0.0,0.0,0.0,0.0,0.0,0.0,0.0,0.0,0.0,0.0,0.0,0.0,0.0,0,0,0.0,0.0
ZKMNUMMKYBVTFN,Pain,0,78.0,0.0,0.0,0.0,0.0,0.0,0.0,0.0,0.0,0.0,0.0,0.0,0.0,0.9974953049632043,0.9974953049632043,0.10844203789265631,0.10844203789265631,0.9974953049632043,1,1,13.879999999999995,0.05618666085771551
POGQSBRIGCQNEG,Lennox-Gastaut syndrome,0,52.0,0.0,0.0,0.0,0.0,0.0,0.0,0.0,0.0,0.0,0.0,0.0,0.0,0.0,0.0,0.0,0.0,0.0,0,0,0.0,0.0
VGKDLMBJGBXTGI,Chronic Kidney Disease; Depression,1,35.0,0.0,0.0,0.0,0.0,0.0,0.0,0.0,0.0,0.0,0.0,0.0,0.0,0.0,0.0,0.0,0.0,0.0,0,0,0.0,0.0
VGKDLMBJGBXTGI,Major Depressive Disorder,0,50.0,0.0,0.0,0.0,0.0,0.663267698464219,0.663267698464219,0.0,0.0,0.0,0.0,0.0,0.0,0.9994065355213364,0.9994065355213364,0.8034560660154578,0.8034560660154578,0.9994065355213364,1,1,1.860465116279073,0.00457864620849513
VGKDLMBJGBXTGI,Roux en Y Gastric Bypass Surgery,0,25.0,0.0,0.0,0.0,0.0,0.0,0.0,0.0,0.0,0.0,0.0,0.0,0.0,0.0,0.0,0.0,0.0,0.0,0,0,0.0,0.0
DFEYYRMXOJXZRJ,coronary artery disease,0,30.0,0.0,0.0,0.0,0.0,0.0,0.0,0.0,0.0,0.0,0.0,0.0,0.0,0.5921485152898476,0.5780512647917435,0.06839221473130737,0.004295163243995149,0.5921485152898476,23,1,-8.0,-0.10867761267685294
DFEYYRMXOJXZRJ,Cystoscopes; Baxter Anaesthesia Brand of Desflurane; Sevoflurane,0,82.0,0.0,0.0,0.0,0.0,0.0,0.0,0.0,0.0,0.0,0.0,0.0,0.0,0.0,0.0,0.0,0.0,0.0,0,0,-1.0,0.0
RYMZZMVNJRMUDD,"Cirrhosis; Hypertension, Portal; Bleeding Esophageal Varices; Portal Vein Thrombosis",1,50.0,0.0,0.0,0.0,0.0,0.0,0.0,0.0,0.0,0.0,0.0,0.0,0.0,0.0,0.0,0.0,0.0,0.0,0,0,0.0,0.0
RYMZZMVNJRMUDD,Portal Hypertension; Esophageal Varices; Liver Cirrhosis,0,50.0,0.0,0.0,0.0,0.0,0.0,0.0,0.0,0.0,0.0,0.0,0.0,0.0,0.12158615952232422,0.12158615952232422,0.03951550184475537,0.03951550184475537,0.12158615952232422,1,1,0.0,0.0
MFFMDFFZMYYVKS,"Diabetes Mellitus, Type 2",0,64.0,0.0,0.0,0.0,0.0,0.5511044663048749,0.5511044663048749,0.0,0.0,0.0,0.0,0.0,0.0,0.9981950138708703,0.9981950138708703,0.954188839355206,0.954188839355206,0.9981950138708703,1,1,2.7272727272727266,0.0008432251253699397
MFFMDFFZMYYVKS,"Diabetes Mellitus, Type 2",0,64.0,0.0,0.0,0.0,0.0,0.5511044663048749,0.5511044663048749,0.0,0.0,0.0,0.0,0.0,0.0,0.9981950138708703,0.9981950138708703,0.954188839355206,0.954188839355206,0.9981950138708703,1,1,2.7272727272727266,0.0008432251253699397
MFFMDFFZMYYVKS,Type 2 Diabetes,0,55.0,0.0,0.0,0.0,0.0,0.5511044663048749,0.5511044663048749,0.0,0.0,0.0,0.0,0.0,0.0,0.9981950138708703,0.9981950138708703,0.954188839355206,0.954188839355206,0.9981950138708703,1,1,-4.539473684210527,0.01805503837810929
MFFMDFFZMYYVKS,Type 2 Diabetes,0,55.0,0.0,0.0,0.0,0.0,0.5511044663048749,0.5511044663048749,0.0,0.0,0.0,0.0,0.0,0.0,0.9981950138708703,0.9981950138708703,0.954188839355206,0.954188839355206,0.9981950138708703,1,1,-4.539473684210527,0.01805503837810929
SJZRECIVHVDYJC,fibromyalgia,0,35.0,0.0,0.0,0.0,0.0,0.0,0.0,0.0,0.0,0.0,0.0,0.0,0.0,0.6106833731674737,0.6106833731674737,0.03951550184475537,0.03951550184475537,0.6106833731674737,1,1,4.0,0.02209681535517638
LXMSZDCAJNLERA,myocardial infarction,1,60.0,0.0,0.0,0.0,0.0,0.0,0.0,0.0,0.0,0.0,0.0,0.0,0.0,0.9595321873081911,0.9595321873081911,0.6571706482050631,0.6571706482050631,0.9595321873081911,1,1,0.0,0.0
GGCSSNBKKAUURC,Child Comfort; Morphine; Intensive Care Units; Pediatric,0,84.0,0.0,0.0,0.0,0.0,0.0,0.0,0.0,0.0,0.0,0.0,0.0,0.0,0.0,0.0,0.0,0.0,0.0,0,0,2.0,0.0
WINHZLLDWRZWRT,Cell Carcinoma,0,76.0,0.0,0.0,0.0,0.0,0.6197820707717276,0.08854029582453252,0.0,0.0,0.030764815207951827,0.004394973601135975,0.918380756936772,0.8058242069237868,0.59715573491731,0.3485409696278987,0.8952365096561733,0.5433610180575993,0.918380756936772,7,1,12.666666666666664,-0.0023746506244188836
WOXKDUGGOYFFRN,Benign Prostatic Hyperplasia; Enlarged Prostate,0,52.0,0.0,0.0,0.0,0.0,0.0,0.0,0.0,0.0,0.0,0.0,0.0,0.0,0.9699567143414602,0.9699567143414602,0.5093819802033225,0.5093819802033225,0.9699567143414602,1,1,0.0,0.0
WOXKDUGGOYFFRN,Benign Prostatic Hyperplasia,0,52.0,0.0,0.0,0.0,0.0,0.0,0.0,0.0,0.0,0.0,0.0,0.0,0.0,0.9699567143414602,0.9699567143414602,0.5093819802033225,0.5093819802033225,0.9699567143414602,1,1,6.333333333333336,0.19511079791207453
RMMXLENWKUUMAY,Hypertension,0,80.0,0.8051397966329676,0.8051397966329676,0.9066612367713315,0.9066612367713315,0.791658237936633,0.791658237936633,0.0,0.0,0.0,0.0,0.0,0.0,0.9991012181710432,0.9991012181710432,0.9070676865140088,0.9070676865140088,0.9991012181710432,1,1,11.416666666666671,0.03400520011329511
LERNTVKEWCAPOY,chronic obstructive pulmonary disease,0,58.0,0.4341160287393241,0.21705801436966204,0.0,0.0,0.0,0.0,0.0,0.0,0.0,0.0,0.0,0.0,0.9983402173176782,0.994838712806341,0.13933559407821056,0.09469000810433788,0.9983402173176782,2,1,6.25,7.676919187005193e-05
SPMVMDHWKHCIDT,Subjects Who Have Participated in a Study of Tivozanib Versus Sorafenib in Kidney Carcinoma,0,80.0,0.19757750922377684,0.12665224950242104,0.0,0.0,0.7682185071885651,0.2560728357295217,0.607930797611621,0.20264359920387368,0.0,0.0,0.8260650303128293,0.6452089787961782,0.9956402439089049,0.994937243101922,0.9802488680818982,0.9041125684827119,0.9956402439089049,3,1,0.0,0.0
OOGJQPCLVADCPB,Low back pain,0,12.0,0.0,0.0,0.0,0.0,0.0,0.0,0.0,0.0,0.0,0.0,0.0,0.0,0.0,0.0,0.0,0.0,0.0,0,0,-17.666666666666668,-0.5795412065778645
GYHCTFXIZSNGJT,Autosomal Dominant Polycystic Kidney Disease (ADPKD),0,78.0,0.0,0.0,0.0,0.0,0.436965459053293,0.436965459053293,0.0,0.0,0.0,0.0,0.0,0.0,0.9201068858758514,0.9201068858758514,0.23391784784385555,0.23391784784385555,0.9201068858758514,1,1,0.0,0.0
GYHCTFXIZSNGJT,Ascites; Hepatic Cirrhosis,0,45.0,0.0,0.0,0.0,0.0,0.0,0.0,0.0,0.0,0.0,0.0,0.0,0.0,0.5714211758217231,0.5714211758217231,0.19917949440899765,0.19917949440899765,0.5714211758217231,1,1,0.0,0.0
XFCLJVABOIYOMF,Circulatory; Change,0,28.0,0.0,0.0,0.0,0.0,0.0,0.0,0.0,0.0,0.0,0.0,0.0,0.0,0.0,0.0,0.0,0.0,0.0,0,0,0.0,0.0
GYDJEQRTZSCIOI,Knee Arthropathy,0,70.0,0.0,0.0,0.0,0.0,0.0,0.0,0.0,0.0,0.0,0.0,0.0,0.0,0.0,0.0,0.0,0.0,0.0,0,0,0.0,0.0
PHLBKPHSAVXXEF,Sleep Disorder,0,45.0,0.5135586285658582,0.2567793142829291,0.0,0.0,0.0,0.0,0.0,0.0,0.0,0.0,0.0,0.0,0.9314345040358919,0.7767914636485139,0.49279019300396165,0.36769058671000376,0.9314345040358919,2,1,-8.5,-0.033225295743602556
YNDXUCZADRHECN,diabetic macular edema,0,60.0,0.0,0.0,0.0,0.0,0.0,0.0,0.0,0.0,0.0,0.0,0.0,0.0,0.6791439737799777,0.6791439737799777,0.02735688589252295,0.02735688589252295,0.6791439737799777,1,1,-4.0,0.0
HDOVUKNUBWVHOX,Human Immunodeficiency Virus; Herpes Simplex,0,55.0,0.0,0.0,0.0,0.0,0.0,0.0,0.0,0.0,0.0,0.0,0.0,0.0,0.0,0.0,0.0,0.0,0.0,0,0,0.0,0.0
JQSHBVHOMNKWFT,Smoking Cessation,0,78.0,0.7252476303015531,0.3626238151507766,0.0,0.0,0.0,0.0,0.0,0.0,0.0,0.0,0.0,0.0,0.691865354020246,0.691865354020246,0.0,0.0,0.7252476303015531,2,1,24.799999999999997,0.023478465870519605
JQSHBVHOMNKWFT,nicotine dependence,0,80.0,0.8114041190865997,0.664414628299413,0.0,0.0,0.0,0.0,0.0,0.0,0.0,0.0,0.0,0.0,0.9940839114469342,0.9940839114469342,0.39730113269289685,0.25609873597518834,0.9940839114469342,2,1,0.0,0.0
JQSHBVHOMNKWFT,nicotine dependence,0,80.0,0.8114041190865997,0.664414628299413,0.0,0.0,0.0,0.0,0.0,0.0,0.0,0.0,0.0,0.0,0.9940839114469342,0.9940839114469342,0.39730113269289685,0.25609873597518834,0.9940839114469342,2,1,0.0,0.0
GPXBXXGIAQBQNI,Metastatic Melanoma,0,88.0,0.0,0.0,0.0,0.0,0.0,0.0,0.0,0.0,0.0,0.0,0.0,0.0,0.8988447072027959,0.8988447072027959,0.40188569636009125,0.40188569636009125,0.8988447072027959,1,1,12.5,0.22471117680069896
DAFYYTQWSAWIGS,asthma,1,42.0,0.0,0.0,0.0,0.0,0.0,0.0,0.0,0.0,0.016957668054408362,0.016957668054408362,0.0,0.0,0.9988144467094884,0.9988144467094884,0.8837713671413231,0.8837713671413231,0.9988144467094884,1,1,-23.875,0.06336314895214223
SYOKIDBDQMKNDQ,Insulin Resistance; Microvascular Disease,0,38.0,0.0,0.0,0.0,0.0,0.0,0.0,0.0,0.0,0.0,0.0,0.0,0.0,0.0,0.0,0.5532232146813877,0.5532232146813877,0.5532232146813877,1,1,0.0,0.0
SYOKIDBDQMKNDQ,Type 2 Diabetes,0,60.0,0.0,0.0,0.0,0.0,0.5511044663048749,0.5511044663048749,0.0,0.0,0.0,0.0,0.0,0.0,0.9981950138708703,0.9981950138708703,0.954188839355206,0.954188839355206,0.9981950138708703,1,1,0.46052631578947256,0.01805503837810929
SYOKIDBDQMKNDQ,Type 2 Diabetes Mellitus,0,62.0,0.0,0.0,0.0,0.0,0.5511044663048749,0.5511044663048749,0.0,0.0,0.0,0.0,0.0,0.0,0.9981950138708703,0.9981950138708703,0.954188839355206,0.954188839355206,0.9981950138708703,1,1,-3.2285714285714278,0.028492597330217695
SYOKIDBDQMKNDQ,Type 2 Diabetes Mellitus,0,62.0,0.0,0.0,0.0,0.0,0.5511044663048749,0.5511044663048749,0.0,0.0,0.0,0.0,0.0,0.0,0.9981950138708703,0.9981950138708703,0.954188839355206,0.954188839355206,0.9981950138708703,1,1,-3.2285714285714278,0.028492597330217695
SYOKIDBDQMKNDQ,Type 2 Diabetes,0,60.0,0.0,0.0,0.0,0.0,0.5511044663048749,0.5511044663048749,0.0,0.0,0.0,0.0,0.0,0.0,0.9981950138708703,0.9981950138708703,0.954188839355206,0.954188839355206,0.9981950138708703,1,1,0.46052631578947256,0.01805503837810929
SYOKIDBDQMKNDQ,Type II Diabetes Mellitus,0,52.0,0.0,0.0,0.0,0.0,0.9373091404036921,0.9373091404036921,0.0,0.0,0.0,0.0,0.0,0.0,0.9984538336205095,0.9984538336205095,0.9607846602074834,0.9607846602074834,0.9984538336205095,1,1,-10.0,0.00024954447944547375
SYOKIDBDQMKNDQ,Type 2 Diabetes,0,60.0,0.0,0.0,0.0,0.0,0.5511044663048749,0.5511044663048749,0.0,0.0,0.0,0.0,0.0,0.0,0.9981950138708703,0.9981950138708703,0.954188839355206,0.954188839355206,0.9981950138708703,1,1,0.46052631578947256,0.01805503837810929
YQNWZWMKLDQSAC,depressive disorder,0,50.0,0.0,0.0,0.0,0.0,0.0,0.0,0.0,0.0,0.0,0.0,0.0,0.0,0.0,0.0,0.0,0.0,0.0,0,0,0.0,0.0
YQNWZWMKLDQSAC,Major Depressive Disorder,0,52.0,0.0,0.0,0.0,0.0,0.8033968449665265,0.48888818114358185,0.0,0.0,0.0,0.0,0.0,0.0,0.9994065355213364,0.9912940113854224,0.8034560660154578,0.4767771219535306,0.9994065355213364,3,1,3.860465116279073,0.00457864620849513
YQNWZWMKLDQSAC,Major Depressive Disorder,0,52.0,0.0,0.0,0.0,0.0,0.8033968449665265,0.48888818114358185,0.0,0.0,0.0,0.0,0.0,0.0,0.9994065355213364,0.9912940113854224,0.8034560660154578,0.4767771219535306,0.9994065355213364,3,1,3.860465116279073,0.00457864620849513
YQNWZWMKLDQSAC,Major Depressive Disorder,1,52.0,0.0,0.0,0.0,0.0,0.8033968449665265,0.48888818114358185,0.0,0.0,0.0,0.0,0.0,0.0,0.9994065355213364,0.9912940113854224,0.8034560660154578,0.4767771219535306,0.9994065355213364,3,1,3.860465116279073,0.00457864620849513
PJVWKTKQMONHTI,in Cancer,0,28.0,0.0,0.0,0.0,0.0,0.0,0.0,0.0,0.0,0.0,0.0,0.0,0.0,0.0,0.0,0.0,0.0,0.0,0,0,-0.25,0.0
PJVWKTKQMONHTI,Atrial Fibrillation; Stroke,0,84.0,0.0,0.0,0.0,0.0,0.0,0.0,0.0,0.0,0.0,0.0,0.0,0.0,0.9955877066868104,0.9955877066868104,0.19663982119570736,0.19663982119570736,0.9955877066868104,1,1,0.0,0.0
PJVWKTKQMONHTI,Anticoagulation in Pregnancy,0,32.0,0.0,0.0,0.0,0.0,0.0,0.0,0.0,0.0,0.0,0.0,0.0,0.0,0.0,0.0,0.0,0.0,0.0,0,0,1.0,0.0
OUJTZYPIHDYQMC,"Hypertension, Pulmonary",0,78.0,0.0,0.0,0.0,0.0,0.0,0.0,0.0,0.0,0.0,0.0,0.0,0.0,0.0,0.0,0.0,0.0,0.0,0,0,5.75,0.0
YFGHCGITMMYXAQ,Treat Cancer,1,12.0,0.0,0.0,0.0,0.0,0.0,0.0,0.0,0.0,0.0,0.0,0.0,0.0,0.0,0.0,0.0,0.0,0.0,0,0,0.0,0.0
VSWBSWWIRNCQIJ,schizophrenia,0,66.0,0.6560907249300643,0.32804536246503213,0.0,0.0,0.6454494156558882,0.3227247078279441,0.0,0.0,0.0,0.0,0.0,0.0,0.9994097502793402,0.9993943643856662,0.9231710917698762,0.6663550305133772,0.9994097502793402,2,1,3.3500000000000014,0.027785375343797547
XUKUURHRXDUEBC,Hypercholesterolemia,0,93.0,0.8848782465161684,0.8848782465161684,0.0,0.0,0.0,0.0,0.0,0.0,0.0,0.0,0.0,0.0,0.9985333487476596,0.9985333487476596,0.3381587936141898,0.3381587936141898,0.9985333487476596,1,1,12.642857142857139,0.027628170371038596
KUVIULQEHSCUHY,allergic rhinitis,0,62.0,0.0,0.0,0.0,0.0,0.0,0.0,0.0,0.0,0.0,0.0,0.0,0.0,0.0,0.0,0.0,0.0,0.0,0,0,-10.0,0.0
KHOITXIGCFIULA,Bowel Preparation,0,86.0,0.0,0.0,0.0,0.0,0.0,0.0,0.0,0.0,0.0,0.0,0.0,0.0,0.0,0.0,0.0,0.0,0.0,0,0,0.0,0.0
KHOITXIGCFIULA,Bowel Preparation,0,86.0,0.0,0.0,0.0,0.0,0.0,0.0,0.0,0.0,0.0,0.0,0.0,0.0,0.0,0.0,0.0,0.0,0.0,0,0,0.0,0.0
MAEIEVLCKWDQJH,autism spectrum disorder,0,28.0,0.0,0.0,0.0,0.0,0.0,0.0,0.0,0.0,0.0,0.0,0.0,0.0,0.5047176577504481,0.5047176577504481,0.0,0.0,0.5047176577504481,1,1,4.0,-0.3687562400355894
JVHXJTBJCFBINQ,Type 2 Diabetes,0,60.0,0.0,0.0,0.0,0.0,0.0,0.0,0.0,0.0,0.0,0.0,0.0,0.0,0.9974377552980216,0.9974377552980216,0.9481524627860095,0.9481524627860095,0.9974377552980216,1,1,0.46052631578947256,0.017297779805260594
ZQTNQVWKHCQYLQ,Atrial Fibrillation,0,58.0,0.9364984018095505,0.39494257964523594,0.668723877372783,0.319163668746101,0.881554837928283,0.5557333488814318,0.0,0.0,0.0,0.0,0.0,0.0,0.959897537725159,0.9391802444638293,0.7673826822791531,0.43825316972012224,0.959897537725159,4,1,-15.200000000000003,-0.02236118722792313
JUZNIMUFDBIJCM,Infection; Surgical Site Infection,0,85.0,0.0,0.0,0.0,0.0,0.0,0.0,0.0,0.0,0.0,0.0,0.0,0.0,0.0,0.0,0.0,0.0,0.0,0,0,0.0,0.0
NNYBQONXHNTVIJ,postoperative pain,0,65.0,0.0,0.0,0.0,0.0,0.0,0.0,0.0,0.0,0.0,0.0,0.0,0.0,0.0,0.0,0.0,0.0,0.0,0,0,14.0,0.0
GKDRMWXFWHEQQT,Rheumatoid Arthritis,0,52.0,0.0,0.0,0.0,0.0,0.0,0.0,0.0,0.0,0.06916045949629798,0.06916045949629798,0.0,0.0,0.6380026466937687,0.6380026466937687,0.6815130719271049,0.6815130719271049,0.6815130719271049,1,1,-19.42553191489361,-0.20733881838730994
GKDRMWXFWHEQQT,Rheumatoid Arthritis,0,52.0,0.0,0.0,0.0,0.0,0.0,0.0,0.0,0.0,0.06916045949629798,0.06916045949629798,0.0,0.0,0.6380026466937687,0.6380026466937687,0.6815130719271049,0.6815130719271049,0.6815130719271049,1,1,-19.42553191489361,-0.20733881838730994
GKDRMWXFWHEQQT,Rheumatoid Arthritis,0,52.0,0.0,0.0,0.0,0.0,0.0,0.0,0.0,0.0,0.06916045949629798,0.06916045949629798,0.0,0.0,0.6380026466937687,0.6380026466937687,0.6815130719271049,0.6815130719271049,0.6815130719271049,1,1,-19.42553191489361,-0.20733881838730994
HEFNNWSXXWATRW,Fever,0,82.0,0.0,0.0,0.0,0.0,0.0,0.0,0.0,0.0,0.0,0.0,0.0,0.0,0.9945669043954367,0.9944914305399194,0.1211638993808519,0.07327925987720867,0.9945669043954367,2,1,6.0,0.0
WWYNJERNGUHSAO,Healthy,0,78.0,0.0,0.0,0.0,0.0,0.0,0.0,0.0,0.0,0.0,0.0,0.0,0.0,0.0,0.0,0.0,0.0,0.0,0,0,26.75,0.0
LTXREWYXXSTFRX,Type 2 Diabetes,0,65.0,0.0,0.0,0.0,0.0,0.5511044663048749,0.5511044663048749,0.0,0.0,0.0,0.0,0.0,0.0,0.9981950138708703,0.9981950138708703,0.954188839355206,0.954188839355206,0.9981950138708703,1,1,5.460526315789473,0.01805503837810929
LTXREWYXXSTFRX,Type 2 Diabetes,0,65.0,0.0,0.0,0.0,0.0,0.5511044663048749,0.5511044663048749,0.0,0.0,0.0,0.0,0.0,0.0,0.9981950138708703,0.9981950138708703,0.954188839355206,0.954188839355206,0.9981950138708703,1,1,5.460526315789473,0.01805503837810929
VOBHXZCDAVEXEY,binge eating disorder,0,52.0,0.0,0.0,0.0,0.0,0.0,0.0,0.0,0.0,0.0,0.0,0.0,0.0,0.0,0.0,0.0,0.0,0.0,0,0,0.0,0.0
PSIFNNKUMBGKDQ,Hypertension; Cardiovascular Disease,0,80.0,0.0,0.0,0.0,0.0,0.493779969483419,0.493779969483419,0.0,0.0,0.0,0.0,0.0,0.0,0.4418052636809454,0.4418052636809454,0.27578331039556253,0.27578331039556253,0.493779969483419,1,1,0.0,0.0
XZWYZXLIPXDOLR,Type 2 Diabetes Mellitus,0,78.0,0.0,0.0,0.3039653988058105,0.3039653988058105,0.0,0.0,0.0,0.0,0.0,0.0,0.0,0.0,0.9986081372456911,0.9986081372456911,0.17827377545849124,0.17827377545849124,0.9986081372456911,1,1,12.771428571428572,0.028905720705038496
XZWYZXLIPXDOLR,Breast Cancer,1,18.0,0.0,0.0,0.0,0.0,0.0,0.0,0.0,0.0,0.0,0.0,0.0,0.0,0.0,0.0,0.0,0.0,0.0,0,0,-39.475,-0.7455340400381703
USSIQXCVUWKGNF,HIV infection,0,8.0,0.0,0.0,0.0,0.0,0.0,0.0,0.0,0.0,0.0,0.0,0.0,0.0,0.6302169748067669,0.6302169748067669,0.12944543323493007,0.12944543323493007,0.6302169748067669,1,1,-63.94117647058823,0.5545197404076484
FBOZXECLQNJBKD,Rheumatoid Arthritis,0,75.0,0.0,0.0,0.0,0.0,0.0,0.0,0.0,0.0,0.0,0.0,0.0,0.0,0.9951576249724678,0.9951576249724678,0.3567564706851452,0.3567564706851452,0.9951576249724678,1,1,3.574468085106389,0.10630573465805304
FBOZXECLQNJBKD,Rheumatoid Arthritis,0,75.0,0.0,0.0,0.0,0.0,0.0,0.0,0.0,0.0,0.0,0.0,0.0,0.0,0.9951576249724678,0.9951576249724678,0.3567564706851452,0.3567564706851452,0.9951576249724678,1,1,3.574468085106389,0.10630573465805304
WOFMFGQZHJDGCX,perennial allergic rhinitis,0,72.0,0.0,0.0,0.0,0.0,0.0,0.0,0.0,0.0,0.0,0.0,0.0,0.0,0.9966440958103557,0.9966440958103557,0.09436782621273954,0.09436782621273954,0.9966440958103557,1,1,-1.2222222222222285,-0.00019516194034063794
RTGDFNSFWBGLEC,Lung Transplantation,0,80.0,0.0,0.0,0.0,0.0,0.0,0.0,0.0,0.0,0.0,0.0,0.0,0.0,0.42555155832813474,0.42555155832813474,0.0,0.0,0.42555155832813474,2,1,0.0,0.0
RCINICONZNJXQF,Metastatic Breast Cancer,0,58.0,0.0,0.0,0.0,0.0,0.0,0.0,0.0,0.0,0.0,0.0,0.0,0.0,0.9958826872684627,0.9958826606132426,0.7189793669490522,0.3061028748634998,0.9958826872684627,15,1,-7.066666666666663,0.0037220580782213464
IPVQLZZIHOAWMC,Diabetes; Microalbuminuria,0,76.0,0.7820391936961246,0.7820391936961246,0.0,0.0,0.43936749495645605,0.43936749495645605,0.0,0.0,0.0,0.0,0.0,0.0,0.9490373373525812,0.9490373373525812,0.8305961594801309,0.8305961594801309,0.9490373373525812,1,1,0.0,0.0
NFBAXHOPROOJAW,Anticoagulation in Pregnancy,0,30.0,0.0,0.0,0.0,0.0,0.0,0.0,0.0,0.0,0.0,0.0,0.0,0.0,0.0,0.0,0.0,0.0,0.0,0,0,-1.0,0.0
DTGLZDAWLRGWQN,Coronary Artery Disease (CAD); Acute Coronary Syndrome (ACS),0,85.0,0.0,0.0,0.0,0.0,0.0,0.0,0.0,0.0,0.0,0.0,0.0,0.0,0.9976134733445021,0.9976134733445021,0.31455328780724245,0.31455328780724245,0.9976134733445021,1,1,0.0,0.0
TUZYXOIXSAXUGO,Liver Cancer,1,22.0,0.0,0.0,0.0,0.0,0.0,0.0,0.0,0.0,0.0,0.0,0.0,0.0,0.0,0.0,0.0,0.0,0.0,0,0,-2.666666666666668,0.0
IENZQIKPVFGBNW,post-traumatic stress disorder,0,48.0,0.0,0.0,0.0,0.0,0.0,0.0,0.0,0.0,0.0,0.0,0.0,0.0,0.5676346076401649,0.5676346076401649,0.04700993762197863,0.04700993762197863,0.5676346076401649,1,1,0.0,0.0
CZFFBEXEKNGXKS,infection,0,83.0,0.0,0.0,0.0,0.0,0.0,0.0,0.0,0.0,0.0,0.0,0.0,0.0,0.0,0.0,0.0,0.0,0.0,0,0,0.5999999999999943,0.0
ZTVQQQVZCWLTDF,Labor pain,0,62.0,0.0,0.0,0.0,0.0,0.0,0.0,0.0,0.0,0.0,0.0,0.0,0.0,0.0,0.0,0.0,0.0,0.0,0,0,14.5,0.0
YXRDKMPIGHSVRX,cardiac arrest,0,10.0,0.16928911807700994,0.16928911807700994,0.0,0.0,0.0,0.0,0.0,0.0,0.0,0.0,0.0,0.0,0.0,0.0,0.0,0.0,0.16928911807700994,1,1,-28.0,-0.516013589113166
MFFMDFFZMYYVKS,Type 2 Diabetes,0,55.0,0.0,0.0,0.0,0.0,0.5511044663048749,0.5511044663048749,0.0,0.0,0.0,0.0,0.0,0.0,0.9981950138708703,0.9981950138708703,0.954188839355206,0.954188839355206,0.9981950138708703,1,1,-4.539473684210527,0.01805503837810929
MFFMDFFZMYYVKS,Type 2 Diabetes,0,55.0,0.0,0.0,0.0,0.0,0.5511044663048749,0.5511044663048749,0.0,0.0,0.0,0.0,0.0,0.0,0.9981950138708703,0.9981950138708703,0.954188839355206,0.954188839355206,0.9981950138708703,1,1,-4.539473684210527,0.01805503837810929
LXMSZDCAJNLERA,diabetes mellitus,0,18.0,0.24608899047299712,0.24608899047299712,0.0,0.0,0.0,0.0,0.0,0.0,0.0,0.0,0.0,0.0,0.907643141817842,0.907643141817842,0.6350946020163627,0.6350946020163627,0.907643141817842,1,1,0.0,0.0
WINHZLLDWRZWRT,Metastatic Kidney Cancer,0,85.0,0.0,0.0,0.0,0.0,0.8464985981342592,0.1685083468368587,0.607930797611621,0.13509573280258247,0.0,0.0,0.6663993347254529,0.53693704378824,0.9908201726574482,0.9835490350619247,0.90152083814004,0.40405805662216365,0.9908201726574482,9,1,0.0,0.0
WOXKDUGGOYFFRN,"Hypertension, Pulmonary",0,68.0,0.0,0.0,0.0,0.0,0.0,0.0,0.0,0.0,0.0,0.0,0.0,0.0,0.0,0.0,0.0,0.0,0.0,0,0,-4.25,0.0
WSNODXPBBALQOF,open-angle glaucoma,0,84.0,0.0,0.0,0.0,0.0,0.0,0.0,0.0,0.0,0.0,0.0,0.0,0.0,0.0,0.0,0.0,0.0,0.0,0,0,5.333333333333329,0.0
PTOIAAWZLUQTIO,non-24-hour sleep-wake disorder,0,85.0,0.0,0.0,0.0,0.0,0.0,0.0,0.0,0.0,0.0,0.0,0.0,0.0,0.0,0.0,0.0,0.0,0.0,0,0,0.0,0.0
LERNTVKEWCAPOY,COPD,0,62.0,0.0,0.0,0.0,0.0,0.0,0.0,0.0,0.0,0.0,0.0,0.0,0.0,0.0,0.0,0.0,0.0,0.0,0,0,8.615384615384613,0.0
LERNTVKEWCAPOY,Chronic Obstructive Pulmonary Disease,0,64.0,0.4341160287393241,0.21705801436966204,0.0,0.0,0.0,0.0,0.0,0.0,0.0,0.0,0.0,0.0,0.9983402173176782,0.994838712806341,0.13933559407821056,0.09469000810433788,0.9983402173176782,2,1,6.2307692307692335,0.06482583467312997
GYHCTFXIZSNGJT,Autosomal Dominant Polycystic Kidney Disease （ADPKD),0,84.0,0.0,0.0,0.0,0.0,0.0,0.0,0.0,0.0,0.0,0.0,0.0,0.0,0.0,0.0,0.0,0.0,0.0,0,0,0.0,0.0
HDOVUKNUBWVHOX,HIV Infection; Herpes Simplex Type II; HIV Infections,1,42.0,0.0,0.0,0.0,0.0,0.0,0.0,0.0,0.0,0.0,0.0,0.0,0.0,0.0,0.0,0.0,0.0,0.0,0,0,0.0,0.0
GMPZPHGHNDMRKL,Autism Spectrum Disorder,1,27.0,0.0,0.0,0.006079307976116211,0.006079307976116211,0.4372440940021982,0.4372440940021982,0.0,0.0,0.0,0.0,0.0,0.0,0.5621482939878474,0.5621482939878474,0.32681073504525665,0.32681073504525665,0.5621482939878474,1,1,0.0,0.0
KXVKOYCGACSUPP,Seborrheic Dermatitis; Papulopustular Rosacea,1,46.0,0.0,0.0,0.0,0.0,0.0,0.0,0.0,0.0,0.0,0.0,0.0,0.0,0.4559480982087158,0.4559480982087158,0.0,0.0,0.4559480982087158,1,1,0.0,0.0
BNMFQWUHWYJTRI,COVID-19,1,72.0,0.0,0.0,0.0,0.0,0.0,0.0,0.0,0.0,0.0,0.0,0.0,0.0,0.0,0.0,0.0,0.0,0.0,0,0,30.111111111111114,-0.23227039974824495
CSCLQCHKUAMZOY,Amyotrophic Lateral Sclerosis,1,32.0,0.0,0.0,0.0,0.0,0.0,0.0,0.0,0.0,0.0,0.0,0.0,0.0,0.0,0.0,0.6771708959614218,0.6771708959614218,0.6771708959614218,1,1,8.5,0.032329063681247994
QBQMUMMSYHUDFM,Schizophrenia,1,40.0,0.0,0.0,0.0,0.0,0.0,0.0,0.0,0.0,0.0,0.0,0.0,0.0,0.0,0.0,0.0,0.0,0.0,0,0,-19.299999999999997,-0.8635072533760427
ROTWSDMXHVGAHZ,Chronic Kidney Disease,1,25.0,0.0,0.0,0.0,0.0,0.0,0.0,0.0,0.0,0.0,0.0,0.0,0.0,0.0,0.0,0.0,0.0,0.0,0,0,-17.666666666666664,-0.6324564581589561
JQLBBYLGWHUHRW,Duchenne Muscular Dystrophy,1,38.0,0.0,0.0,0.0,0.0,0.0,0.0,0.0,0.0,0.0,0.0,0.0,0.0,0.48925763982785253,0.48925763982785253,0.31926260622140407,0.14471376578339512,0.48925763982785253,3,1,1.7999999999999972,-0.2254248123999777
KTBSXLIQKWEBRB,Chronic Graft-Versus-Host Disease,1,68.0,0.0,0.0,0.0,0.0,0.0,0.0,0.0,0.0,0.0,0.0,0.0,0.0,0.0,0.0,0.0,0.0,0.0,0,0,0.0,0.0
QXWZQTURMXZVHJ,Chronic Thromboembolic Pulmonary Hypertension,1,48.0,0.0,0.0,0.0,0.0,0.0,0.0,0.0,0.0,0.0,0.0,0.0,0.0,0.0,0.0,0.02870784322054877,0.02870784322054877,0.02870784322054877,1,1,-3.5,-0.008443483300161411
XYLJNLCSTIOKRM,Graft Versus Host Disease; Ocular Surface Disease; oGVHD; Ocular Graft vs Host Disease; Brimonidine Tartrate; Lubricant Eye Drops; Ophthalmic Solutions; Graft vs Host Disease,1,63.0,0.0,0.0,0.0,0.0,0.0,0.0,0.0,0.0,0.0,0.0,0.0,0.0,0.0,0.0,0.0,0.0,0.0,0,0,0.0,0.0
OYFMQDVLFYKOPZ,Alopecia Areata,1,70.0,0.0,0.0,0.0,0.0,0.0,0.0,0.0,0.0,0.0,0.0,0.0,0.0,0.9290047545382115,0.8700953134306013,0.13593345327998824,0.12075523538019801,0.9290047545382115,2,1,-4.0,0.058909441107610205
CMSMOCZEIVJLDB,Colorectal Cancer,1,28.0,0.0,0.0,0.0,0.0,0.0,0.0,0.0,0.0,0.0,0.0,0.0,0.0,0.0,0.0,0.0,0.0,0.0,0,0,3.5,-0.42404412080055237
MJHOMTRKVMKCNE,Cell Lymphoma,1,56.0,0.0,0.0,0.0,0.0,0.0,0.0,0.607930797611621,0.3039653988058105,0.0,0.0,0.3039653988058105,0.15198269940290526,0.12158615952232422,0.06079307976116211,0.24055322600487777,0.13577040485823505,0.607930797611621,2,1,-10.333333333333329,-0.05930792198524237
JUPOTOIJLKDAPF,Advanced Solid Tumors,1,28.0,0.0,0.0,0.0,0.0,0.0,0.0,0.0,0.0,0.0,0.0,0.0,0.0,0.0,0.0,0.0,0.0,0.0,0,0,0.0,0.0
PZBCKZWLPGJMAO,"Lymphoma, Non-Hodgkin",1,62.0,0.0,0.0,0.0,0.0,0.0,0.0,0.0,0.0,0.0,0.0,0.0,0.0,0.0,0.0,0.0,0.0,0.0,0,0,0.0,0.0
AKQXQLUNFKDZBN,Parkinson's Disease,1,60.0,0.0,0.0,0.0,0.0,0.0,0.0,0.0,0.0,0.0,0.0,0.0,0.0,0.0,0.0,0.0,0.0,0.0,0,0,1.9166666666666643,0.0
AZEXWHKOMMASPA,huntington disease,1,28.0,0.0,0.0,0.0,0.0,0.29490722992139734,0.29490722992139734,0.0,0.0,0.0,0.0,0.0,0.0,0.17465293511588148,0.17465293511588148,0.8103082934792283,0.8103082934792283,0.8103082934792283,1,1,0.0,0.0
KJNNWYBAOPXVJY,Alzheimer's Disease,1,26.0,0.0,0.0,0.0,0.0,0.0,0.0,0.0,0.0,0.0,0.0,0.0,0.0,0.0,0.0,0.0,0.0,0.0,0,0,-2.5,-0.04672231723876279
HYAFETHFCAUJAY,Alzheimer Disease,1,22.0,0.0,0.0,0.0,0.0,0.0,0.0,0.0,0.0,0.0,0.0,0.0,0.0,0.6372133543056814,0.6372133543056814,0.7415411330934505,0.7415411330934505,0.7415411330934505,1,1,0.0,0.0
DRHKJLXJIQTDTD,Postoperative Urinary Retention,1,60.0,0.0,0.0,0.0,0.0,0.0,0.0,0.0,0.0,0.0,0.0,0.0,0.0,0.0,0.0,0.0,0.0,0.0,0,0,0.0,0.0
MYPYJXKWCTUITO,INFECTION,1,76.0,0.0,0.0,0.0,0.0,0.0,0.0,0.0,0.0,0.0,0.0,0.0,0.0,0.0,0.0,0.0,0.0,0.0,0,0,0.0,0.0
HFNKQEVNSGCOJV,Pancreatic Cancer,1,16.0,0.0,0.0,0.0,0.0,0.0,0.0,0.0,0.0,0.0,0.0,0.0,0.0,0.0,0.0,0.0,0.0,0.0,0,0,-27.0,0.0
AUUKUAHPMHVZJL,Cardiothoracic Surgery; Vascular Surgery,1,25.0,0.0,0.0,0.0,0.0,0.0,0.0,0.0,0.0,0.0,0.0,0.0,0.0,0.0,0.0,0.0,0.0,0.0,0,0,0.0,0.0
HYAFETHFCAUJAY,Alzheimer's Disease,1,15.0,0.0,0.0,0.0,0.0,0.0,0.0,0.0,0.0,0.0,0.0,0.0,0.0,0.0,0.0,0.0,0.0,0.0,0,0,-13.5,-0.04672231723876279
RAHBGWKEPAQNFF,Advanced Non-Squamous Non-Small Cell Lung Cancer,1,38.0,0.0,0.0,0.0,0.0,0.0,0.0,0.0,0.0,0.0,0.0,0.0,0.0,0.0,0.0,0.0,0.0,0.0,0,0,0.0,0.0
MAYQIFVKVAUMPD,Alzheimer's Disease,1,16.0,0.0,0.0,0.0,0.0,0.0,0.0,0.0,0.0,0.0,0.0,0.0,0.0,0.0,0.0,0.0,0.0,0.0,0,0,-12.5,-0.04672231723876279
UXIPFQUBOVWAQW,Internal Hemorrhoids,1,20.0,0.0,0.0,0.0,0.0,0.0,0.0,0.0,0.0,0.0,0.0,0.0,0.0,0.0,0.0,0.0,0.0,0.0,0,0,0.0,0.0
ZBBHBTPTTSWHBA,intracerebral hemorrhage,1,50.0,0.0,0.0,0.0,0.0,0.0,0.0,0.0,0.0,0.0,0.0,0.0,0.0,0.21277577916406737,0.21277577916406737,0.0,0.0,0.21277577916406737,1,1,0.0,0.0
MPVGZUGXCQEXTM,Refractory Colorectal Cancer,1,33.0,0.19892846655180269,0.03315474442530045,0.0,0.0,0.3167319455556546,0.052788657592609096,0.0,0.0,0.02715117658656749,0.0066813520624610665,0.8132340940550455,0.6450809712491663,0.9676701529144636,0.8835291619366704,0.7889733520823978,0.5742828441258284,0.9676701529144636,6,1,0.0,0.0
VOXZDWNPVJITMN,Triple Negative Breast Cancer,1,7.0,0.41229413918050006,0.41229413918050006,0.0,0.0,0.0,0.0,0.0,0.0,0.0,0.0,0.0,0.0,0.0,0.0,0.9893839839026952,0.9893839839026952,0.9893839839026952,1,1,-32.5,0.15348295010287383
MVGWUTBTXDYMND,"Atopic Dermatitis; Atopic Dermatitis, Unspecified; Eczema; Eczema, Atopic",1,63.0,0.0,0.0,0.0,0.0,0.0,0.0,0.0,0.0,0.0,0.0,0.0,0.0,0.0,0.0,0.0,0.0,0.0,0,0,0.0,0.0
YAYRGNWWLMLWJE,Triple-Negative Breast Neoplasms; Breast Neoplasm; Breast Cancer; Triple-Negative Breast Cancer,0,70.0,0.0,0.0,0.0,0.0,0.0,0.0,0.0,0.0,0.0,0.0,0.0,0.0,0.0,0.0,0.0,0.0,0.0,0,0,0.0,0.0
HWGQMRYQVZSGDQ,Breast Neoplasms; BRCA 1 Gene Mutation; BRCA 2 Gene Mutation,0,85.0,0.0,0.0,0.0,0.0,0.0,0.0,0.0,0.0,0.0,0.0,0.0,0.0,0.0,0.0,0.0,0.0,0.0,0,0,0.0,0.0
DKNWSYNQZKUICI,Patients With Moderate or Severe COVID-19,1,16.0,0.0,0.0,0.0,0.0,0.0,0.0,0.0,0.0,0.0,0.0,0.0,0.0,0.0,0.0,0.0,0.0,0.0,0,0,0.0,0.0
ZPMNHBXQOOVQJL,Constipation,1,80.0,0.0,0.0,0.0,0.0,0.0,0.0,0.0,0.0,0.0,0.0,0.0,0.0,0.0,0.0,0.0,0.0,0.0,0,0,0.0,0.0
MLDQJTXFUGDVEO,Radiotherapy; Toripalimab; Sorafenib; Advanced Hepatocellular Carcinoma,0,70.0,0.0,0.0,0.0,0.0,0.0,0.0,0.0,0.0,0.0,0.0,0.0,0.0,0.0,0.0,0.0,0.0,0.0,0,0,0.0,0.0
HJBWBFZLDZWPHF,Prostate Cancer,0,85.0,0.8728762805808241,0.8728762805808241,0.0,0.0,0.0,0.0,0.9285669064556789,0.9285669064556789,0.0,0.0,0.8304717518195258,0.8304717518195258,0.9918367794935794,0.9918367794935794,0.995170788956094,0.995170788956094,0.995170788956094,1,1,25.75,0.14262921877354562
UREBDLICKHMUKA,"Coronavirus Infection; Pneumonia, Viral; Acute Respiratory Distress Syndrome",0,74.0,0.0,0.0,0.0,0.0,0.0,0.0,0.0,0.0,0.0,0.0,0.0,0.0,0.0,0.0,0.0,0.0,0.0,0,0,0.0,0.0
SGEIEGAXKLMUIZ,Inclusion Body Myositis,1,36.0,0.0,0.0,0.0,0.0,0.0,0.0,0.0,0.0,0.0,0.0,0.0,0.0,0.0,0.0,0.0,0.0,0.0,0,0,0.0,0.0
MYPYJXKWCTUITO,Clostridium Difficile Infection,0,90.0,0.0,0.0,0.0,0.0,0.0,0.0,0.0,0.0,0.0,0.0,0.0,0.0,0.0,0.0,0.0,0.0,0.0,0,0,0.0,0.0
XUZMWHLSFXCVMG,Systemic Lupus Erythematosus,1,60.0,0.5186108717538456,0.2593054358769228,0.0,0.0,0.2541150734016576,0.1270575367008288,0.0,0.0,0.02146220416930593,0.010731102084652965,0.0,0.0,0.586453212753675,0.5845448007620753,0.7524105622018317,0.5828379180043713,0.7524105622018317,2,1,-0.6666666666666643,0.0
YOZBGTLTNGAVFU,"Primary MDS (Very Low, Low or Intermediate IPSS-R With <5% Blasts); Anemia",1,55.0,0.0,0.0,0.0,0.0,0.0,0.0,0.0,0.0,0.0,0.0,0.0,0.0,0.0,0.0,0.0,0.0,0.0,0,0,0.0,0.0
BSMCAPRUBJMWDF,Advanced BRAFV600 Wild-type Melanoma,1,35.0,0.0,0.0,0.0,0.0,0.0,0.0,0.0,0.0,0.0,0.0,0.0,0.0,0.0,0.0,0.0,0.0,0.0,0,0,0.0,0.0
IAKHMKGGTNLKSZ,Atrial Fibrillation; Cardiac Surgery; Colchicine Adverse Reaction,1,52.0,0.0,0.0,0.0,0.0,0.0,0.0,0.0,0.0,0.0,0.0,0.0,0.0,0.0,0.0,0.0,0.0,0.0,0,0,0.0,0.0
AFLFKFHDSCQHOL,Nonalcoholic Steatohepatitis (NASH) With Fibrosis,1,54.0,0.0,0.0,0.0,0.0,0.0,0.0,0.0,0.0,0.0,0.0,0.0,0.0,0.0,0.0,0.0,0.0,0.0,0,0,0.0,0.0
WIKYUJGCLQQFNW,Headache,0,60.0,0.032166125850799344,0.032166125850799344,0.0,0.0,0.0,0.0,0.0,0.0,0.0,0.0,0.0,0.0,0.42555155832813474,0.42555155832813474,0.07508451959501529,0.07508451959501529,0.42555155832813474,1,1,16.0,-0.11247942251871057
MLDQJTXFUGDVEO,Hepatocellular Carcinoma; Recurrence,1,60.0,0.0,0.0,0.0,0.0,0.0,0.0,0.0,0.0,0.0,0.0,0.0,0.0,0.0,0.0,0.0,0.0,0.0,0,0,0.0,0.0
YQNWZWMKLDQSAC,"Depressive Disorder, Major",1,58.0,0.0,0.0,0.0,0.0,0.0,0.0,0.0,0.0,0.0,0.0,0.0,0.0,0.0,0.0,0.0,0.0,0.0,0,0,0.0,0.0
RHWKPHLQXYSBKR,HIV,1,90.0,0.0,0.0,0.0,0.0,0.0,0.0,0.0,0.0,0.0,0.0,0.0,0.0,0.0,0.0,0.0,0.0,0.0,0,0,1.0,0.0
OOUGLTULBSNHNF,Cystic Fibrosis,1,45.0,0.0,0.0,0.0,0.0,0.0,0.0,0.7599134970145264,0.009742480730955466,0.02929573195532551,0.00037558630711955783,0.0,0.0,0.6384191240142085,0.6384191240142083,0.15221118206107567,0.007831431392567109,0.7599134970145264,78,1,0.0,0.0
RFHAOTPXVQNOHP,Cutaneous Leishmaniasis,1,40.0,0.0,0.0,0.0,0.0,0.0,0.0,0.0,0.0,0.0,0.0,0.0,0.0,0.0,0.0,0.0,0.0,0.0,0,0,0.0,0.0
ONIQOQHATWINJY,Prostate Cancer; Castration Resistant Prostate Cancer; Pain; Prostatic Neoplasms,1,48.0,0.0,0.0,0.0,0.0,0.0,0.0,0.0,0.0,0.0,0.0,0.0,0.0,0.0,0.0,0.0,0.0,0.0,0,0,0.0,0.0
CMSMOCZEIVJLDB,Diffuse Large B-Cell Lymphoma,0,78.0,0.0,0.0,0.0,0.0,0.0,0.0,0.0,0.0,0.0,0.0,0.0,0.0,0.0,0.0,0.0,0.0,0.0,0,0,0.0,0.0
VSNHCAURESNICA,Sickle Cell Anemia,0,76.0,0.0,0.0,0.0,0.0,0.0,0.0,0.0,0.0,0.0,0.0,0.0,0.0,0.9528131037562446,0.9528131037562447,0.0,0.0,0.9528131037562446,3,1,0.0,0.0
YFGHCGITMMYXAQ,Depression,1,33.0,0.0,0.0,0.0,0.0,0.0,0.0,0.0,0.0,0.0,0.0,0.0,0.0,0.0,0.0,0.0,0.0,0.0,0,0,-11.0,0.0
