NCT_ID,Drug_Clean,Disease,is_cytotoxic,disease_is_oncology,safety_cytotoxic_cap,cap_reason
NCT06514742,Aticaprant,Major Depressive Disorder,0,0,0,
NCT06635135,Aticaprant,Depression,0,0,0,
NCT06418711,clofazimine,"MAC Lung Disease; Treatment Refractory MAC Lung Disease; Mycobacterium Infections, Nontuberculous",0,0,0,
NCT05469178,Bemcentinib,Lung Cancer,0,1,0,
NCT05650567,M5049,Dermatomyositis; Polymyositis,0,0,0,
NCT05860296,SLC-391,Advanced Lung Cancer,0,1,0,
NCT05395494,D-Cycloserine,Fibromyalgia,0,0,0,
NCT04925960,Epalrestat,Pmm2-CDG; Phosphomannomutase 2 Deficiency; Phosphomannomutase 2 Congenital Disorder of Glycosylation; Phosphomannomutase II Congenital Disorder of Glycosylation; Phosphomannomutase II Deficiency,0,0,0,
NCT05568225,Etavopivat,"Very Low Risk, Low Risk, or Intermediate Risk MDS Per IPSS-R",0,0,0,
NCT04537299,Fisetin,Covid19; SARS-CoV Infection,0,0,0,
NCT04781543,HZN-825 QD,limited cutaneous systemic sclerosis,0,0,0,
NCT05517668,Intravenous of Fomepizole (4-MP),Acetaminophen; Drug Overdose; Acetaminophen Overdose; Acetaminophen Poisoning; Drug-induced Liver Injury; Liver Failure; Liver Toxicity,0,0,0,
NCT05253209,L-citrulline,Ventricular Septal Defect; Atrioventricular Septal Defect; Primum Atrial Septal Defect,0,0,0,
NCT04840199,letermovir,HIV Infections; Cytomegalovirus; CMV,0,0,0,
NCT06964165,niraparib,Ovarian Cancer,0,1,0,
NCT05267106,pemigatinib,Glioblastoma; Adult-type Diffuse Gliomas,0,1,0,
NCT05442775,Reldesemtiv,Amyotrophic Lateral Sclerosis,0,0,0,
NCT05254990,Reparixin,Infectious Pneumonia; Severe COVID-19,0,0,0,
NCT05019742,SPH3127,Ulcerative Colitis,0,0,0,
NCT05605093,Shionogi Protease Inhibitor (S-217622),Respiratory Infection,0,0,0,
NCT04601467,AZD5718,Acute Coronary Syndrome,0,0,0,
NCT04641273,BAY1817080,Participants With Diabetic Neuropathic Pain,0,0,0,
NCT04826484,bupivacaine,Urologic Diseases; Hypospadias; Undescended Testes; Chordee; Hydrocele; Orchiectomy,0,0,0,
NCT04947579,CC-99677,"Spondylitis, Ankylosing",0,0,0,
NCT04311502,clofazimine,HIV; Tuberculosis,0,0,0,
NCT04638517,danazol,Adults and Children With Pulmonary Fibrosis,0,0,0,
NCT05019521,danicopan,Geographic Atrophy,0,0,0,
NCT04141995,digoxin,Pancreatic Cancer,0,1,0,
NCT04718675,KB-0742,Ovarian Cancer,0,1,0,
NCT04968184,KBP-5074,Chronic Kidney Diseases,0,0,0,
NCT04628481,DF2156A,Type 1 Diabetes,0,0,0,
NCT04641975,mirabegron,Overactive Bladder (OAB); Pharmacokinetics of Mirabegron,0,0,0,
NCT04858425,niclosamide,Covid19,0,0,0,
NCT04635059,pacritinib,Biochemical Relapse After Definitive Treatment for Prostate Cancer,0,1,0,
NCT04944784,Reldesemtiv,Amyotrophic Lateral Sclerosis,0,0,0,
NCT04720664,SM-88,Breast Cancer,0,1,0,
NCT04705051,Venglustat,Congenital Cystic Kidney Disease,0,0,0,
NCT04551053,parsaclisib,Myelofibrosis; Primary Myelofibrosis; Post Essential Thrombocythemia Myelofibrosis; Post Polycythemia Vera Myelofibrosis,0,0,0,
NCT04551066,parsaclisib,Myelofibrosis; Primary Myelofibrosis; Post Essential Thrombocythemia Myelofibrosis; Post Polycythemia Vera Myelofibrosis,0,0,0,
NCT04393038,ABX464,COVID-19,0,0,0,
NCT04529499,favipiravir,Covid19,0,0,0,
NCT04534283,abemaciclib,Cancer; Cancer Metastatic; BRAF V600E; MEK1 Gene Mutation; MEK2 Gene Mutation; ERK Mutation; RAF1 Gene Mutation,0,1,0,
NCT04313881,azacitidine,Myelodysplastic Syndromes,1,0,1,cytotoxic_managed_toxicity
NCT04606563,Azilsartan,Covid19; SARS-CoV Infection; ards; acute kidney injury,0,0,0,
NCT04504734,Bucillamine,Covid19,0,0,0,
NCT04173273,etrasimod,Crohn's Disease,0,0,0,
NCT04578548,GLPG2737,Autosomal Dominant Polycystic Kidney Disease,0,0,0,
NCT04344444,hydroxychloroquine,COVID-19,0,0,0,
NCT04345692,hydroxychloroquine,COVID-19,0,0,0,
NCT04435808,hydroxychloroquine,COVID-19,0,0,0,
NCT04329923,hydroxychloroquine,COVID-19,0,0,0,
NCT04447235,losartan,Cancer Patients With COVID-19 Infection,0,1,0,
NCT04271475,macitentan,Chronic Thromboembolic Pulmonary Hypertension,0,0,0,
NCT04523090,nitazoxanide,COVID-19,0,0,0,
NCT04504032,rivaroxaban,COVID-19,0,0,0,
NCT04459715,Xevinapant,Cell Carcinoma,0,1,0,
NCT03852628,buprenorphine,Post Traumatic Stress Disorder; Alcohol Abuse,0,0,0,
NCT03953326,acetylcholine,HeartPhone Cancer,0,1,0,
NCT03942419,atropine,Myopia,0,0,0,
NCT03742973,baricitinib,Primary Biliary Cholangitis,0,0,0,
NCT03340727,caffeine,Apnea of Prematurity,0,0,0,
NCT03890120,Cilofexor,Primary Sclerosing Cholangitis,0,0,0,
NCT03926624,DFP-10917,"Leukemia, Myeloid, Acute",0,1,0,
NCT04042727,Dexmedetomidine,Rapid Atrial Fibrillation; Heart Rate Control,0,0,0,
NCT03791398,Dose ONC201,metastatic colorectal cancer,0,1,0,
NCT02644525,imatinib,Loiasis,0,0,0,
NCT03721965,Itacitinib,Treatment of Graft-Versus-Host Disease,0,0,0,
NCT03948178,Levosimendan,Amyotrophic Lateral Sclerosis,0,0,0,
NCT04163900,NUC-1031,Tract Cancer,0,1,0,
NCT03955471,niraparib,Ovarian Cancer,0,1,0,
NCT03762265,Rilzabrutinib,Pemphigus,0,0,0,
NCT03682055,VK-2019,Nasopharyngeal Carcinoma,0,1,0,
NCT03713320,vorinostat,Cutaneous T-Cell Lymphoma/Mycosis Fungoides,0,1,0,
NCT03948334,ZPL389,Atopic Dermatitis,0,0,0,
NCT03599622,BMS-986165,Granulomatous Colitis; Crohn's Disease; Crohn's Enteritis; Granulomatous Enteritis,0,0,0,
NCT03630120,cabozantinib,Thyroid Cancer,0,1,0,
NCT03395288,D-Mannose,Urinary Tract Infections,0,0,0,
NCT03645603,Dexmedetomidine,Withdrawal Syndrome,0,0,0,
NCT03657095,Esuberaprost,Pulmonary Arterial Hypertension,0,0,0,
NCT03372603,GSK2798745,Cough,0,0,0,
NCT03628391,haloperidol,Delirium; Critical Illness; Intensive Care Psychosis; Cognitive Impairment; Cognitive Decline,0,0,0,
NCT03506373,ibrutinib,Recurrent Waldenstrom Macroglobulinemia; Refractory Waldenstrom Macroglobulinemia; Waldenstrom Macroglobulinemia,0,0,0,
NCT03467217,losartan,NAFLD - Nonalcoholic Fatty Liver Disease,0,0,0,
NCT03572478,rucaparib,Endometrial Cancer,0,1,0,
NCT03530293,valbenazine,Tourette Syndrome,0,0,0,
NCT03523728,Venglustat,"Polycystic Kidney, Autosomal Dominant",0,0,0,
NCT03517566,ZPL389,Atopic Dermatitis,0,0,0,
NCT03690141,eFT508,Prostate Cancer,0,1,0,
NCT03603288,idebenone,Duchenne muscular dystrophy,0,0,0,
NCT03061708,AZD2014,Stomach Neoplasms,0,1,0,
NCT03082833,AZD2014,Cancer of Stomach,0,1,0,
NCT03131206,alectinib,Lung Cancer,0,1,0,
NCT02759120,Antimicrobial therapy: Co-trimoxazole or Doxycycline,Idiopathic Pulmonary Fibrosis,0,0,0,
NCT02587962,birinapant,Solid Tumors,0,1,0,
NCT03028740,Cenicriviroc,Nonalcoholic Steatohepatitis,0,0,0,
NCT03059446,Cenicriviroc,Nonalcoholic Steatohepatitis; Liver Cirrhosis; Non-alcoholic Fatty Liver Disease,0,0,0,
NCT02999854,cyclophosphamide,Blood Cancer,0,1,0,
NCT03170232,Danirixin,Disease Progression in Chronic Obstructive Pulmonary Disease,0,0,0,
NCT03063203,decitabine,Acute Myeloid Leukemia,1,1,1,cytotoxic_managed_toxicity
NCT03071692,K-877,diabeTes,0,0,0,
NCT02972658,Lanabecestat,Alzheimer's Disease,0,0,0,
NCT02932475,metformin,Type 2 Diabetes,0,0,0,
NCT02902484,nintedanib,Advanced Pancreatic Cancer,0,1,0,
NCT03176277,ONO-7475 once daily,Acute Leukemia,0,1,0,
NCT02907918,Palbociclib,Breast Cancer,0,1,0,
NCT03151408,Pracinostat,Acute Myeloid Leukemia,0,1,0,
NCT03053050,oseltamivir,Nonalcoholic Steatohepatitis,0,0,0,
NCT03053063,oseltamivir,Nonalcoholic Steatohepatitis,0,0,0,
NCT02960217,UX007,Glucose Transporter Type 1 Deficiency Syndrome (Glut1 DS),0,0,0,
NCT03154333,diacerein 1%,epidermolysis bullosa,0,0,0,
NCT02723786,mycophenolic acid,Kidney Transplantation (Status Post),0,0,0,
NCT02771626,CB-839,With Melanoma,0,1,0,
NCT02858362,Ezutromid,Duchenne Muscular Dystrophy,0,0,0,
NCT02641639,Fosbretabulin,Subjects With Platinum Resistant Ovarian Cancer,0,1,0,
NCT02603146,hydroxychloroquine,Rheumatoid Arthritis,0,0,0,
NCT02817906,lumateperone,Alzheimer's Disease,0,0,0,
NCT02703272,ibrutinib,Hodgkin Lymphoma,0,1,0,
NCT02814019,idebenone,Duchenne Muscular Dystrophy (DMD),0,0,0,
NCT02783573,Lanabecestat,Alzheimer's Disease,0,0,0,
NCT02587351,metoprolol,Chronic Obstructive Pulmonary Disease,0,0,0,
NCT02847650,PF-06649751,Parkinson's Disease,0,0,0,
NCT02862600,perhexiline,"Cardiomyopathy, Hypertrophic; Cardiomyopathy, Hypertrophic, Familial",0,0,0,
NCT02691182,SPN-810,Attention Deficit Hyperactivity Disorder (ADHD),0,0,0,
NCT02779777,Tipifarnib,Myelodysplastic Syndromes,0,0,0,
NCT02687815,vitamin D3,Asthma,0,0,0,
NCT02372578,ASP3662,Painful Diabetic Peripheral Neuropathy (PDPN),0,0,0,
NCT02449655,AZD2014,Advanced Gastric Adenocarcinoma,0,1,0,
NCT02595840,afatinib,Non-small-cell Lung Cancer With Somatic EGFR Mutations,0,1,0,
NCT02497612,Artefenomel,Plasmodium Falciparum Infection,0,0,0,
NCT02699385,Domperidone,Gastroenteritis,0,0,0,
NCT02418000,E6201,AML; MDS; CMML,0,0,0,
NCT02260648,Evacetrapib,Hypercholesterolemia,0,0,0,
NCT02368691,GTx-024,Breast Cancer,0,1,0,
NCT02545283,Idasanutlin,Acute Myeloid Leukemia,0,1,0,
NCT02431663,ketamine,Status Epilepticus,0,0,0,
NCT02443337,LY3023414,Lung Cancer,0,1,0,
NCT02332928,melatonin,for Cancer,0,1,0,
NCT02147834,ranolazine,Angina,0,0,0,
NCT02393209,TAK-117,Lung Cancer,0,1,0,
NCT02449681,TH-4000 (Tarloxotinib),Treatment of Patients With Recurrent or Metastatic Squamous Cell Carcinoma,0,1,0,
NCT02454842,TH-4000 (Tarloxotinib),Lung Cancer,0,1,0,
NCT02418572,testosterone,Infertility; Poor Ovarian Response,0,0,0,
NCT02599961,UX007,Glucose Transporter Type 1 Deficiency Syndrome,0,0,0,
NCT02337478,vincristine,Acute Myeloid Leukemia,1,1,1,cytotoxic_managed_toxicity
NCT02454855,melatonin,Metastatic Cancer,0,1,0,
NCT02095717,Curcumin,Prostate Cancer,0,1,0,
NCT02260635,Evacetrapib,Hypercholesterolemia,0,0,0,
NCT02565147,Heparin,Acute Myocardial Infarction,0,0,0,
NCT02245737,Lanabecestat,Alzheimer's Disease,0,0,0,
NCT02100007,ME-344,Solid Tumors,0,1,0,
NCT02313909,rivaroxaban,Stroke,0,0,0,
NCT02119676,ruxolitinib,Colorectal Cancer,0,1,0,
NCT02058108,telbivudine,Chronic Hepatitis B,0,0,0,
NCT02147873,birinapant,Myelodysplastic Syndrome (MDS); Chronic Myelomonocytic Leukemia (CMML),0,1,0,
NCT01905592,niraparib,Breast Cancer,0,1,0,
NCT02138786,selinexor,Richter's Transformation,0,0,0,
NCT01756053,ABT-089,Nicotine Addiction,0,0,0,
NCT01793298,ASM-024,Asthma,0,0,0,
NCT01907815,Akt Inhibitor GSK2141795,Acute Myeloid Leukemia,0,1,0,
NCT02029274,siponimod,Active Dermatomyositis,0,0,0,
NCT02204332,Cabazitaxel,Metastatic Colorectal Cancer,1,1,1,cytotoxic_managed_toxicity
NCT01980199,fexinidazole,Visceral Leishmaniasis,0,0,0,
NCT01777256,GSK2586184,Systemic Lupus Erythematosus,0,0,0,
NCT01798485,Ganetespib,NSCLC,0,1,0,
NCT01882764,HMPL-004,Ulcerative Colitis,0,0,0,
NCT01805791,HMPL-004,Ulcerative Colitis,0,0,0,
NCT01774604,Indomethacin,Post-ERCP Acute Pancreatitis,0,0,0,
NCT01862224,JNJ-38518168,Rheumatoid Arthritis,0,0,0,
NCT01849874,"MEK162, MEK inhibitor",Peritoneal Cancer,0,1,0,
NCT01852110,MK-7622,Alzheimer's Disease,0,0,0,
NCT01794000,prasugrel,Sickle Cell Disease,0,0,0,
NCT01865084,tadalafil,"Muscular Dystrophy, Duchenne",0,0,0,
NCT02085304,Temodar,Glioblastoma,1,1,1,cytotoxic_managed_toxicity
NCT01944943,Vismodegib,cell Lymphoma,0,1,0,
NCT01870609,defactinib (VS-6063),Malignant Pleural Mesothelioma,0,1,0,
NCT01318642,AMG,Adenocarcinoma of the Pancreas; Locally Advanced; Unresectable,0,1,0,
NCT01646125,AUY922,NSCLC,0,1,0,
NCT01556347,Bortezomib,heart transplant rejection,0,0,0,
NCT01596699,clofarabine,Myeloid Malignancy; Bone Marrow Failure Syndrome; Transfusion-dependent Red Blood Cell (RBC) Defect; Congenital Immunodeficiency; Metabolic Disease; Severe Immune Dysregulation,1,0,1,cytotoxic_managed_toxicity
NCT01571895,DF2156A,Bullous Pemphigoid,0,0,0,
NCT01514864,Dasatinib,Advanced Cancer,0,1,0,
NCT01719861,desipramine,Lung Cancer,0,1,0,
NCT01975727,dexamethasone,Postoperative Nausea and Vomiting; Vomiting,0,0,0,
NCT01687998,Evacetrapib,Cardiovascular Diseases,0,0,0,
NCT01679951,JNJ-38518168,Rheumatoid Arthritis,0,0,0,
NCT01687478,olanzapine,Treatment-resistant Depression,0,0,0,
NCT01771198,simvastatin,Rhinosinusitis,0,0,0,
NCT01436175,lisdexamfetamine,Major Depressive Disorder,0,0,0,
NCT01709734,galeterone,Prostate Cancer,0,1,0,
NCT01348087,AFQ056,Fragile X Syndrome,0,0,0,
NCT01433354,AFQ056,Fragile X Syndrome,0,0,0,
NCT01442714,azacitidine,Leukemia; Acute Myeloid Leukemia (AML); Myelodysplastic Syndromes (MDS),1,1,1,cytotoxic_managed_toxicity
NCT01385293,BKM120,Prostate Cancer,0,1,0,
NCT01230970,BN83495,Breast Cancer,0,1,0,
NCT01216241,daptomycin,Febrile Neutropenia,0,0,0,
NCT01177540,decitabine,Acute Myelogenous Leukemia,1,1,1,cytotoxic_managed_toxicity
NCT01316939,GSK1605786A,Crohn's Disease,0,0,0,
NCT01318993,GSK1605786A,Crohn's Disease,0,0,0,
NCT01405846,gefitinib,Lung Cancer; Head and Neck Cancer,0,1,0,
NCT01103583,hydroxyurea,Multiple Sclerosis,0,0,0,
NCT01467076,Inhaled PGE1,newborn respiratory distress syndrome,0,0,0,
NCT01387958,LCQ908,Hepatitis C,0,0,0,
NCT01275248,ondansetron,Obsessive-compulsive Disorder,0,0,0,
NCT01391611,pazopanib eye drops,Gastrointestinal Stromal Tumor (GIST),0,1,0,
NCT01287221,rifampin,Multiple System Atrophy,0,0,0,
NCT01244191,Tivantinib,Lung Cancer,0,1,0,
NCT01386372,tolvaptan,Hyponatremia,0,0,0,
NCT01362348,pazopanib eye drops,wet macular degeneration,0,0,0,
NCT01130246,"A-002, varespladib methyl",Acute Coronary Syndrome,0,0,0,
NCT01205828,ABT-888,Liver Cancer,0,1,0,
NCT01059448,AMG,rheumatoid arthritis,0,0,0,
NCT01151215,AZD8931,Breast Cancer,0,1,0,
NCT01285310,apremilast,Patients With Rheumatoid Arthritis,0,0,0,
NCT01251354,BN83495,Endometrial Cancer,0,1,0,
NCT01131351,delamanid,Tuberculosis,0,0,0,
NCT00991939,dexamethasone,Immune Thrombocytopenic Purpura,0,0,0,
NCT01067144,gabapentin,Pain; Breast Cancer; Lung Cancer,0,1,0,
NCT01097707,LY500307,Benign Prostatic Hyperplasia,0,0,0,
NCT01038739,mesalamine,Diverticulitis,0,0,0,
NCT00822900,progesterone,Traumatic Brain Injury,0,0,0,
NCT01055067,Tivantinib,Non-CNS Germ Cell Tumors (Seminomas and Nonseminomas),0,1,0,
NCT01012414,paricalcitol,Coronary Artery Disease; Chronic Kidney Disease; Hypovitaminosis D; Secondary Hyperparathyroidism,0,0,0,
NCT01061671,simvastatin,Moderate and Severe COPD,0,0,0,
NCT01227512,tolvaptan,Hyponatremia; Dilutional Hyponatremia; Inappropriate ADH Syndrome,0,0,0,
NCT05611749,duloxetine,Acute Post-operative Pain; Chronic Post Operative Pain; Narcotic Use; Opioid Use; Opioid Addiction,0,0,0,
NCT05695378,KM-819,Multiple System Atrophy,0,0,0,
NCT05583110,tucatinib,Metastatic Breast Cancer,0,1,0,
NCT05930938,Xevinapant,Neck Cancer,0,1,0,
NCT05360264,decitabine,refracTory pAncreaTic cancEr,1,1,1,cytotoxic_managed_toxicity
NCT05036317,empagliflozin,Postprandial Hypoglycemia,0,0,0,
NCT04706507,ganciclovir,respiratory failure,0,0,0,
NCT05055258,KVD824,"Angioedema, Hereditary, Types I and II",0,0,0,
NCT04820842,TAK-994,Narcolepsy Type 1 (NT 1),0,0,0,
NCT04398134,ABI-H2158,Chronic Hepatitis B,0,0,0,
NCT04220411,AR100DP1,"Dermatitis, Atopic",0,0,0,
NCT04214418,Cobimetinib,Gastrointestinal Cancer,0,1,0,
NCT04209621,duvelisib,Ibrutinib-Resistant Chronic Lymphocytic Leukemia,0,1,0,
NCT04220632,Itacitinib,"GVHD,Acute",0,0,0,
NCT04478266,SAR439859,Advanced Breast Cancer,0,1,0,
NCT04096560,TAK-994,Narcolepsy Type 1 (NT1); Narcolepsy Type 2 (NT2),0,0,0,
NCT03718143,AZD1775 only,Acute Myeloid Leukemia,0,1,0,
NCT03953677,Dexmedetomidine,Septic Shock; Vasopressor Resistance,0,0,0,
NCT03377309,perampanel,Amyotrophic Lateral Sclerosis,0,0,0,
NCT04165031,LY3499446,Advanced Solid Tumor; Non-Small Cell Lung Cancer; Colorectal Cancer,0,1,0,
NCT03301415,valganciclovir,Congenital Cytomegalovirus Infection,0,0,0,
NCT03531827,enzalutamide,Prostate Cancer,0,1,0,
NCT03192215,apixaban,Stroke,0,0,0,
NCT03504917,RO5285119,Autism Spectrum Disorder,0,0,0,
NCT03729297,cabozantinib,Gland Cancer,0,1,0,
NCT03297294,EMA401,Painful Diabetic Neuropathy,0,0,0,
NCT03436420,Gemcabene,Non-Alcoholic Fatty Liver Disease,0,0,0,
NCT03397446,lisdexamfetamine,Bulimia Nervosa,0,0,0,
NCT03450707,Thiamine,Cardiac Arrest,0,0,0,
NCT03093272,apalutamide,Prostate Cancer,0,1,0,
NCT03373422,BAY1128688,Endometriosis,0,0,0,
NCT03131453,CNP520,Alzheimer's Disease,0,0,0,
NCT03381118,cytarabine,Acute Myeloid Leukemia,1,1,1,cytotoxic_managed_toxicity
NCT03094195,EMA401,Post-herpetic Neuralgia,0,0,0,
NCT02722369,hydroxychloroquine,Lung Cancer,0,1,0,
NCT02874651,Apatinib,Nasopharyngeal Carcinoma,0,1,0,
NCT02618577,edoxaban,Atrial High Rate Episodes,0,0,0,
NCT02956486,Elenbecestat,Alzheimer's Disease,0,0,0,
NCT02711137,INCB057643,Solid Tumors,0,1,0,
NCT02820519,loxapine,Neuropathic Pain,0,0,0,
NCT02585388,anastrozole,Metastatic Breast Cancer,0,1,0,
NCT02489500,Bortezomib,AL Amyloidosis,0,0,0,
NCT02439138,idelalisib,Waldenstrom's Macroglobulinemia,0,0,0,
NCT02495233,gilteritinib,Lung Cancer,0,1,0,
NCT02457910,Taselisib,Metastatic Breast Cancer,0,1,0,
NCT02443194,duloxetine,Depression,0,0,0,
NCT02039219,Obeticholic Acid (OCA),Alcoholic Hepatitis,0,0,0,
NCT02053103,PF-05175157,Type 2 Diabetes Mellitus,0,0,0,
NCT02053116,PF-05175157,Type 2 Diabetes Mellitus,0,0,0,
NCT02173756,morphine,Cancer,0,1,0,
NCT01954082,myo-Inositol 5%,retinopathy of prematurity,0,0,0,
NCT01808950,0.06% Resiquimod - C,Cell Carcinoma,0,1,0,
NCT01888965,Dovitinib,Colorectal and Pancreas Cancer,0,1,0,
NCT01761747,ponatinib,Squamous Cell Lung and Head and Neck Cancer,0,1,0,
NCT01653418,Bortezomib,Multiple Myeloma,0,1,0,
NCT01266070,Dovitinib,Von Hippel-Lindau Syndrome,0,0,0,
NCT01560585,isotretinoin,Alzheimer's Disease,0,0,0,
NCT00978432,panobinostat,Cell Lymphoma,0,1,0,
NCT01792635,PF-05175157,Type 2 Diabetes Mellitus,0,0,0,
NCT01631279,TH-4000 (Tarloxotinib),"Unspecified Adult Solid Tumor, Protocol Specific",0,1,0,
NCT01712659,ruxolitinib,Adult T-Cell Leukemia,0,1,0,
NCT01611662,gemcitabine,Bladder Cancer,1,1,1,cytotoxic_managed_toxicity
NCT01319539,Akt Inhibitor MK2206,Breast Cancer,0,1,0,
NCT01351675,Bardoxolone Methyl:,Type 2 Diabetes,0,0,0,
NCT01491633,Dasatinib,Lung Cancer,0,1,0,
NCT01483690,decitabine,Acute Lymphoblastic Leukemia; Precursor B-Cell Lymphoblastic Leukemia; Precursor T-Cell Lymphoblastic Leukemia,1,1,1,cytotoxic_managed_toxicity
NCT01277510,cinacalcet,"Chronic Kidney Disease; Hyperparathyroidism; Hyperparathyroidism, Secondary; Kidney Disease; Secondary Hyperparathyroidism",0,0,0,
NCT01388647,eribulin,Operable HER2 Positive Breast Cancer,0,1,0,
NCT01151137,dronedarone,Atrial Fibrillation,0,0,0,
NCT01108458,Erlotinib,Pancreatic Cancer,0,1,0,
NCT01127542,lenalidomide,Chronic Lymphocytic Leukaemia,0,0,0,
NCT01179737,nilotinib,Pulmonary Arterial Hypertension,0,0,0,
NCT01204853,sitaxentan,"Hypertension, Pulmonary",0,0,0,
NCT01210443,sitaxentan,"Hypertension, Pulmonary",0,0,0,
NCT00796510,sitaxentan,Pulmonary Arterial Hypertension; Pulmonary Hypertension,0,0,0,
NCT07194694,bupivacaine,Pain,0,0,0,
NCT06576882,amoxicillin,Helicobacter Pylori Infection; Gastritis; Vonoprazan; Adolescents,0,0,0,
NCT06318481,clopidogrel,"Stent Thrombosis; Myocardial Infarction, Acute",0,0,0,
NCT06192108,dapagliflozin,Type 2 Diabetes,0,0,0,
NCT06415773,dapagliflozin,Type 2 Diabetes,0,0,0,
NCT07028697,daridorexant,insomnia,0,0,0,
NCT07289945,desflurane,Early Recovery in Elderly Patients; Cognitive Function,0,0,0,
NCT05214911,desloratadine,allergic rhinitis,0,0,0,
NCT07326904,esomeprazole,Gastro Oesophageal Reflux Disease,0,0,0,
NCT06590870,fentanyl,Procedural Pain,0,0,0,
NCT06206408,fezolinetant,hot flashes,0,0,0,
NCT06685679,melatonin,"Neonatal Diseases and Abnormalities; Neonatal Mortality; Pulmonary Arterial Hypertension; Pulmonary Arterial Hypertension, Children",0,0,0,
NCT05486416,propofol,General Anesthesia,0,0,0,
NCT06391931,propofol,Anesthesia,0,0,0,
NCT06714669,remimazolam,intraoperative hypotension,0,0,0,
NCT06744777,ribavirin,Dengue Hemorrhagic Fever,0,0,0,
NCT06466369,tadalafil,BPH With Other Lower Urinary Tract Symptoms,0,0,0,
NCT06258785,tizanidine,postoperative urinary retention,0,0,0,
NCT05761574,acetaminophen,Pain,0,0,0,
NCT05586971,allopurinol,gout,0,0,0,
NCT06088043,apremilast,plaque psoriasis,0,0,0,
NCT06108544,apremilast,plaque psoriasis,0,0,0,
NCT05861427,atogepant,migraine,0,0,0,
NCT05878093,budesonide,Chronic Rhinosinusitis With Nasal Polyps,0,0,0,
NCT06165679,bupivacaine,hemodynamic instability,0,0,0,
NCT06616441,bupivacaine,postoperative pain,0,0,0,
NCT05682326,daprodustat,anemia,0,0,0,
NCT06010693,daridorexant,insomnia,0,0,0,
NCT05988671,dexamethasone,Laparoscopic Cholecystectomy; Postoperative Nausea and Vomiting,0,0,0,
NCT05763875,ezetimibe,Hypercholesterolemia,0,0,0,
NCT05692154,fexofenadine,seasonal allergic rhinitis,0,0,0,
NCT05690698,haloperidol,Hyperactive Delirium,0,0,0,
NCT05754996,lactulose,hepatic encephalopathy,0,0,0,
NCT05794555,lactulose,Cirrhosis,0,0,0,
NCT05763823,letermovir,Prevention of Cytomegalovirus Infection,0,0,0,
NCT06846307,mannitol,traumatic brain injury,0,0,0,
NCT06103188,melatonin,Anxiety; Preoperative Anxiety,0,0,0,
NCT05680129,metformin,T2DM; Type 2 Diabetes Mellitus,0,0,0,
NCT06042855,metformin,Covid19,0,0,0,
NCT06297954,metoclopramide,upper gastrointestinal bleeding,0,0,0,
NCT05458609,naltrexone,Alcohol Use Disorder,0,0,0,
NCT05630833,nitrofurantoin,Recurrent urinary tract infections,0,0,0,
NCT05680870,omeprazole,in Cancer,0,1,0,
NCT06091436,progesterone,Infertility,0,0,0,
NCT05615025,propofol,"Anesthesia, General; Neuromuscular Transmission Disorders",0,0,0,
NCT05836545,remimazolam,Healthy,0,0,0,
NCT06013345,remimazolam,atrial fibrillation,0,0,0,
NCT05810038,rimegepant,migraine,0,0,0,
NCT05779241,risperidone,Schizophrenia; Schizoaffective Disorder,0,0,0,
NCT05773846,ropivacaine,Post-surgical Pain,0,0,0,
NCT06103825,solriamfetol,sleep apnea,0,0,0,
NCT05753670,tamsulosin,Postoperative Retention of Urine,0,0,0,
NCT06135415,tirbanibulin,actinic keratosis,0,0,0,
NCT06278402,tofacitinib,Alopecia Areata; Alopecia Totalis; Alopecia Universalis,0,0,0,
NCT06215820,tramadol,Acute Pain; Post Operative Pain; Pain,0,0,0,
NCT06215859,tramadol,Acute Pain; Post Operative Pain; Pain,0,0,0,
NCT05811676,tranexamic acid,"Hemorrhage, Postpartum; Placenta Previa",0,0,0,
NCT06288685,triamcinolone,pain,0,0,0,
NCT06122649,apremilast,plaque psoriasis,0,0,0,
NCT05639946,brivaracetam,neuropathic pain,0,0,0,
NCT05726097,prucalopride,Colon Cancer; Inflammatory Bowel Diseases; Gastrointestinal Bleed; Colon Polyp,0,1,0,
NCT05174065,apremilast,palmoplantar pustulosis,0,0,0,
NCT05216263,atogepant,chronic migraine,0,0,0,
NCT05311475,azelastine,seasonal allergic rhinitis,0,0,0,
NCT05292586,beclomethasone dipropionate,asthma,0,0,0,
NCT05656027,brimonidine,presbyopia,0,0,0,
NCT05624151,bupivacaine,pain,0,0,0,
NCT05430217,buspirone,Vertigo; Autonomic Dysfunction,0,0,0,
NCT05485805,caffeine,Pain,0,0,0,
NCT05439616,cariprazine,autism spectrum disorder,0,0,0,
NCT05439356,colchicine,Ischemic stroke,0,0,0,
NCT05196347,dapagliflozin,Chronic Kidney Diseases,0,0,0,
NCT05438875,eltrombopag,purpura,0,0,0,
NCT05364190,empagliflozin,Chronic Heart Failure; Acute Heart Failure; Diabetes Mellitus,0,0,0,
NCT05950061,escitalopram,Major Depressive Disorder,0,0,0,
NCT05617820,estradiol,Dyspareunia,0,0,0,
NCT05570292,folic acid,Gastric Residual Volume,0,0,0,
NCT05620641,gabapentin,Post Operative Nausea and Vomiting; Sleeve Gastrectomy; Morbid Obesity,0,0,0,
NCT05323734,ganaxolone,tuberous sclerosis,0,0,0,
NCT05475665,irbesartan,Essential Hypertension,0,0,0,
NCT05476354,irbesartan,Essential Hypertension,0,0,0,
NCT03941860,ixazomib citrate,Multiple Myeloma,0,1,0,
NCT05233566,ketamine,Postoperative Depression,0,0,0,
NCT05291598,ketorolac,total hip arthroplasty,0,0,0,
NCT05629390,lotilaner,blepharitis,0,0,0,
NCT05167825,macitentan,Pulmonary Arterial Hypertension,0,0,0,
NCT05137717,maribavir,cytomegalovirus infection,0,0,0,
NCT05174416,mavacamten,hypertrophic cardiomyopathy,0,0,0,
NCT05414175,mavacamten,cardiomyopathy,0,0,0,
NCT05582395,mavacamten,cardiomyopathy,0,0,0,
NCT04979806,meropenem,Complicated Urinary Tract Infection; Acute Pyelonephritis,0,0,0,
NCT04826692,metformin,Huntington Disease,0,0,0,
NCT05280496,metformin,Diabetes,0,0,0,
NCT05413369,metformin,Type 2 Diabetes Mellitus,0,0,0,
NCT05722951,metformin,Epilepsy,0,0,0,
NCT05097326,mifepristone,Labor induction,0,0,0,
NCT05424445,misoprostol,Labor induction,0,0,0,
NCT05355974,norepinephrine,Anesthesia-induced hypotension,0,0,0,
NCT05027802,palovarotene,fibrodysplasia ossificans progressiva,0,0,0,
NCT05223166,pitolisant,excessive daytime sleepiness,0,0,0,
NCT05458128,pitolisant,idiopathic hypersomnia,0,0,0,
NCT05478174,propofol,General Anesthesia,0,0,0,
NCT05399485,rimegepant,migraine,0,0,0,
NCT05369793,roflumilast,type 2 diabetes mellitus,0,0,0,
NCT05301517,roxadustat,anemia,0,0,0,
NCT05072704,sufentanil,total hip arthroplasty,0,0,0,
NCT04937881,tenofovir alafenamide,HIV infection,0,0,0,
NCT06146478,thalidomide,Transfusion-dependent Beta-Thalassemia,0,0,0,
NCT05429671,tobramycin,Total Knee Arthoplasty,0,0,0,
NCT07043049,tramadol,Shivering,0,0,0,
NCT05601882,upadacitinib,atopic dermatitis,0,0,0,
NCT06248931,valproic acid,migraine,0,0,0,
NCT05320575,zanubrutinib,hemophagocytic lymphohistiocytosis,0,0,0,
NCT05658380,atropine,Anesthesia,0,0,0,
NCT06948513,ibuprofen,Pain Management,0,0,0,
NCT05600309,regorafenib,Colorectal Cancer,0,1,0,
NCT04956432,allopurinol,gout,0,0,0,
NCT04829747,atogepant,chronic migraine,0,0,0,
NCT04476420,betamethasone valerate,oral submucous fibrosis,0,0,0,
NCT04825704,bupivacaine,Pain,0,0,0,
NCT04974385,bupivacaine,pain,0,0,0,
NCT05171179,bupivacaine,Mammaplasty,0,0,0,
NCT04729179,cannabidiol,fibromyalgia,0,0,0,
NCT04345796,carvedilol,Tricuspid Regurgitation; Right Ventricular Dilatation,0,0,0,
NCT06754410,cetirizine,Lower Ureteric Stones,0,0,0,
NCT04847947,vitamin D3,Pre-frail Elderly,0,0,0,
NCT05175547,clevidipine,stroke,0,0,0,
NCT06120725,clopidogrel,Ischemic Stroke,0,0,0,
NCT04724629,colchicine,COVID-19; cytokine release syndrome,0,0,0,
NCT04870424,colchicine,atrial fibrillation,0,0,0,
NCT04765371,dexamethasone,Coronavirus Infection,0,0,0,
NCT04707352,dapagliflozin,Heart Failure,0,0,0,
NCT04636671,dexamethasone,Covid19; Viral Pneumonia Human Coronavirus; Severe Acute Respiratory Syndrome,0,0,0,
NCT04655144,dexamethasone,Post Uterine Artery Embolization Pain,0,0,0,
NCT04909918,dexamethasone,Covid19,0,0,0,
NCT04976777,dexamethasone,Macular Edema,0,0,0,
NCT05564286,dexamethasone,Chemoradiotherapy in Cervical Cancer,0,1,0,
NCT05001555,dexketoprofen,low back pain,0,0,0,
NCT04940390,dihydroergotamine,migraine,0,0,0,
NCT05083923,diroximel fumarate,Multiple Sclerosis,0,0,0,
NCT04504812,duloxetine,Improving Outcomes in People With Knee Osteoarthritis Pain,0,0,0,
NCT04730037,edoxaban,CTEPH,0,0,0,
NCT04934722,enzalutamide,Prostate Cancer,0,1,0,
NCT03652870,escitalopram,Parkinson's Disease,0,0,0,
NCT04774380,etoposide,Lung Cancer,1,1,1,cytotoxic_managed_toxicity
NCT04878016,etoposide,SCLC,1,1,1,cytotoxic_managed_toxicity
NCT04818320,favipiravir,COVID-19,0,0,0,
NCT05185284,favipiravir,COVID-19,0,0,0,
NCT05137184,fentanyl,Acute Pain; Ambulances,0,0,0,
NCT05848492,fluconazole,Invasive Candidiases,0,0,0,
NCT04629703,fostamatinib,pneumonia,0,0,0,
NCT04615624,furosemide,preeclampsia,0,0,0,
NCT04752475,furosemide,preeclampsia,0,0,0,
NCT05093621,furosemide,heart failure,0,0,0,
NCT04935359,gemcitabine,Metastatic Pancreatic Ductal Adenocarcinoma,1,1,1,cytotoxic_managed_toxicity
NCT04842604,glasdegib,Acute Myeloid Leukemia; Myelodysplastic Syndrome; Chronic Myelomonocytic Leukemia,0,1,0,
NCT04918862,granisetron,1mg Vs 3 mg of Granisetron,0,0,0,
NCT05087615,granisetron,"Bariatric Surgery Candidate; Perioperative Complication; Nausea; Vomiting, Postoperative; Drug Effect",0,0,0,
NCT04750707,hydroxyurea,Sickle Cell Anemia in Children,0,0,0,
NCT04819776,iloperidone,bipolar I disorder,0,0,0,
NCT04684238,isoflurane,sedation,0,0,0,
NCT04939649,ketamine,Major Depression,0,0,0,
NCT04955158,ketamine,Sore Throat,0,0,0,
NCT04607122,landiolol,atrial fibrillation,0,0,0,
NCT04874935,lansoprazole,Breast Cancer,0,1,0,
NCT07079540,lansoprazole,Reflux Esophagitis,0,0,0,
NCT04591353,lidocaine,total hip arthroplasty,0,0,0,
NCT04775225,lidocaine,juvenile idiopathic arthritis,0,0,0,
NCT04985942,lumateperone,Major Depressive Disorder,0,0,0,
NCT05061706,lumateperone,Major Depressive Disorder,0,0,0,
NCT05061719,lumateperone,Major Depressive Disorder,0,0,0,
NCT04786873,macimorelin,isolated growth hormone deficiency type IA,0,0,0,
NCT04510194,metformin,SARS-CoV-2 Infection,0,0,0,
NCT04885530,metformin,Covid19,0,0,0,
NCT04221750,metformin,Frailty; Sarcopenic Obesity; Aging,0,0,0,
NCT04807348,metformin,Type 2 Diabetes,0,0,0,
NCT04927312,metronidazole,Complicated Intra-abdominal Infection,0,0,0,
NCT04624750,mexiletine,myotonic dystrophy type 1,0,0,0,
NCT04515186,miltefosine,mania,0,0,0,
NCT05065190,nintedanib,"Lung Diseases, Interstitial",0,0,0,
NCT05276596,norepinephrine,hypotension,0,0,0,
NCT04779242,omadacycline,Community-acquired Pneumonia; Bacterial Pneumonia,0,0,0,
NCT04887506,prednisone,Prostate Cancer,0,1,0,
NCT04411836,primaquine,malaria,0,0,0,
NCT04711837,propofol,Anesthesia,0,0,0,
NCT04958746,propofol,Gynecological Outpatient Surgery,0,0,0,
NCT04940689,remifentanil,Anesthesia,0,0,0,
NCT04800172,roflumilast,obesity,0,0,0,
NCT04676334,rucaparib,Metastatic Castration-Resistant Prostate Cancer; Ovarian Cancer; Epithelial Ovarian Cancer; Fallopian Tube Cancer; Peritoneal Cancer; Other Solid Tumor,0,1,0,
NCT04921969,ruxolitinib,Atopic Dermatitis,0,0,0,
NCT04565990,selexipag,"Hypertension, Pulmonary",0,0,0,
NCT04304261,sitagliptin,"Diabetes Mellitus, Type 2; Cognitive Functions Confusion",0,0,0,
NCT06413082,spironolactone,Hypertension,0,0,0,
NCT05385744,teriflunomide,Multiple Sclerosis,0,0,0,
NCT04635007,tranexamic acid,"Cesarean Section Complications; Blood Loss, Surgical; Misoprostol; Tranexamic Acid",0,0,0,
NCT04799249,trilaciclib,Metastatic Triple-Negative Breast Cancer,0,1,0,
NCT04707768,vadadustat,anemia of chronic kidney disease,0,0,0,
NCT05110157,valbenazine,Schizophrenia,0,0,0,
NCT05093933,vericiguat,heart failure with reduced ejection fraction,0,0,0,
NCT05033886,fezolinetant,hot flashes,0,0,0,
NCT04776148,lenvatinib,Metastatic Colorectal Cancer,0,1,0,
NCT04472429,paclitaxel,Anal Carcinoma,1,1,1,cytotoxic_managed_toxicity
NCT05064059,regorafenib,Colorectal Cancer,0,1,0,
NCT04429022,acetaminophen,"Pain, Postoperative",0,0,0,
NCT04590586,apremilast,COVID-19,0,0,0,
NCT04401579,baricitinib,COVID-19,0,0,0,
NCT04421027,baricitinib,COVID-19,0,0,0,
NCT04640168,baricitinib,COVID-19,0,0,0,
NCT03917914,bisoprolol,COPD,0,0,0,
NCT05175066,bisoprolol,Cardiomyopathies; Chemotherapy Effect; Diastolic Dysfunction; Systolic Dysfunction,0,0,0,
NCT04258839,brexpiprazole,autism spectrum disorder,0,0,0,
NCT03342027,bupropion,HIV; Smoking Cessation,0,0,0,
NCT04388319,bupropion,Smoking Cessation,0,0,0,
NCT04338269,cabozantinib,Cell Carcinoma,0,1,0,
NCT04471428,cabozantinib,Lung Cancer,0,1,0,
NCT04237090,cetirizine,Breast Cancer; Lung Cancer; Ovarian Cancer; Oesophageal Cancer; Head Cancer Neck; Cervical Cancer; Endometrial Cancer,0,1,0,
NCT04420247,chloroquine,COVID; COVID-19; SARS-CoV 2; Coronavirus; Corona Virus Infection,0,0,0,
NCT04502667,vitamin D3,COVID-19,0,0,0,
NCT04535791,vitamin D3,COVID-19,0,0,0,
NCT04377711,ciclesonide,COVID-19,0,0,0,
NCT04110340,ciprofloxacin,"Plague, Bubonic; Plague, Pneumonic",0,0,0,
NCT04324463,colchicine,Coronavirus; Severe Acute Respiratory Syndrome,0,0,0,
NCT04328480,colchicine,COVID-19,0,0,0,
NCT04667780,colchicine,COVID-19,0,0,0,
NCT04469465,danicopan,Paroxysmal Nocturnal Hemoglobinuria,0,0,0,
NCT04213677,dapagliflozin,Polycystic Ovary Syndrome,0,0,0,
NCT04564742,dapagliflozin,Acute Myocardial Infarction; Heart Failure,0,0,0,
NCT04634500,dapagliflozin,Type 2 Diabetes,0,0,0,
NCT04189107,dexamethasone,"Analgesia; Surgery; Cancer of Head and Neck; Oropharyngeal Cancer; Carcinoma of Unknown Primary; Pain, Postoperative; Postoperative Pain",0,1,0,
NCT04509973,dexamethasone,Covid19; Hypoxia,0,0,0,
NCT04890626,dexamethasone,SARS-CoV-2 Infection,0,0,0,
NCT05195242,dexamethasone,COVID-19; Thrombosis Embolism; Bleeding,0,0,0,
NCT04406649,dihydroergotamine,migraine,0,0,0,
NCT04166331,dobutamine,Sepsis,0,0,0,
NCT04079452,doravirine,HIV-1 infection,0,0,0,
NCT04157751,empagliflozin,Heart Failure,0,0,0,
NCT04233801,empagliflozin,Type 2 Diabetes,0,0,0,
NCT04509674,empagliflozin,Myocardial Infarction,0,0,0,
NCT04032119,epinephrine,Gastric Neoplasm; Early Gastric Cancer,0,1,0,
NCT04231331,ertugliflozin,valvular heart disease,0,0,0,
NCT04476446,esketamine,Esketamine Treatment in Participants With Treatment Resistant Depression,0,0,0,
NCT03452865,esomeprazole,Sepsis; Septic Shock,0,0,0,
NCT04192266,estradiol,PTSD,0,0,0,
NCT04256421,etoposide,Lung Cancer,1,1,1,cytotoxic_managed_toxicity
NCT04712903,etoposide,Lung Cancer,1,1,1,cytotoxic_managed_toxicity
NCT03996369,etrasimod,Ulcerative Colitis,0,0,0,
NCT04706793,etrasimod,Ulcerative Colitis,0,0,0,
NCT04373733,favipiravir,COVID-19,0,0,0,
NCT04501783,favipiravir,COVID-19,0,0,0,
NCT04542694,favipiravir,COVID-19,0,0,0,
NCT04600895,favipiravir,COVID-19,0,0,0,
NCT04600999,favipiravir,COVID-19,0,0,0,
NCT04613271,favipiravir,Infectious Disease; SARS-CoV Infection; Covid19,0,0,0,
NCT04981379,favipiravir,Covid19,0,0,0,
NCT04128540,fentanyl,Aortic Coarctation; Erector Spinae Plane Block; Paediatric,0,0,0,
NCT04234204,fezolinetant,hot flashes,0,0,0,
NCT04451226,fezolinetant,hot flashes,0,0,0,
NCT04230980,gabapentin,Post-Operative Pain,0,0,0,
NCT04391569,ganaxolone,status epilepticus,0,0,0,
NCT04193176,gefapixant,chronic cough,0,0,0,
NCT04193202,gefapixant,chronic cough,0,0,0,
NCT04182204,gemcitabine,Cell Lymphoma,1,1,1,cytotoxic_managed_toxicity
NCT04924062,gemcitabine,Tract Carcinoma,1,1,1,cytotoxic_managed_toxicity
NCT04578886,guanfacine,delirium,0,0,0,
NCT04348305,hydrocortisone,Covid-19; Hypoxia,0,0,0,
NCT04261517,hydroxychloroquine,"Pneumonia, Pneumocystis; Coronavirus; COVID-19",0,0,0,
NCT04308668,hydroxychloroquine,Corona Virus Infection; Acute Respiratory Distress Syndrome; SARS-CoV Infection; Coronavirus; Coronavirus Infections,0,0,0,
NCT04315896,hydroxychloroquine,Severe COVID-19 Pulmonary Infection,0,0,0,
NCT04315948,hydroxychloroquine,Corona Virus Infection,0,0,0,
NCT04318015,hydroxychloroquine,COVID-19; Severe Acute Respiratory Syndrome,0,0,0,
NCT04321278,hydroxychloroquine,"Coronavirus Infections; Pneumonia, Viral",0,0,0,
NCT04328467,hydroxychloroquine,COVID-19; Corona Virus Infection; ARDS; Acute Respiratory Distress Syndrome,0,0,0,
NCT04331834,hydroxychloroquine,COVID-19,0,0,0,
NCT04332991,hydroxychloroquine,Coronavirus; Acute Respiratory Infection; SARS-CoV Infection,0,0,0,
NCT04334148,hydroxychloroquine,COVID-19,0,0,0,
NCT04334928,hydroxychloroquine,Coronavirus Infection,0,0,0,
NCT04338698,hydroxychloroquine,COVID 19,0,0,0,
NCT04391127,hydroxychloroquine,COVID-19,0,0,0,
NCT04410562,hydroxychloroquine,Pregnancy Related; COVID; Covid-19,0,0,0,
NCT04414241,hydroxychloroquine,SARS-CoV-2,0,0,0,
NCT04394416,imatinib,COVID-19,0,0,0,
NCT03588429,isoflurane,Anesthesia,0,0,0,
NCT05696509,isoflurane,valvular heart disease,0,0,0,
NCT04312048,isosorbide mononitrate,pain,0,0,0,
NCT04646694,ketamine,Postoperative Pain,0,0,0,
NCT04627285,lacosamide,epilepsy,0,0,0,
NCT04549168,lemborexant,insomnia,0,0,0,
NCT04199104,lenvatinib,Cell Carcinoma,0,1,0,
NCT04889118,lenvatinib,Advanced Melanoma,0,1,0,
NCT05523323,lenvatinib,Cell Carcinoma,0,1,0,
NCT06486870,letrozole,PCOS (Polycystic Ovary Syndrome) of Bilateral Ovaries,0,0,0,
NCT04500158,lidocaine,Pain,0,0,0,
NCT04285515,lumateperone,Depression,0,0,0,
NCT04185363,maralixibat,progressive familial intrahepatic cholestasis,0,0,0,
NCT04349072,mavacamten,hypertrophic cardiomyopathy,0,0,0,
NCT04478721,meropenem,Bacteremia,0,0,0,
NCT04264897,metformin,Aging; Insulin Sensitivity; Chronic Disease; Mitochondria; Insulin Resistance,0,0,0,
NCT05921942,metformin,Colon Cancer,0,1,0,
NCT04618497,methoxyflurane,pain,0,0,0,
NCT04438980,methylprednisolone,Covid-19 Pneumonia,0,0,0,
NCT03947827,minocycline,Treatment Resistant Depression,0,0,0,
NCT04173494,momelotinib,Primary Myelofibrosis; Post-polycythemia Vera Myelofibrosis; Post-essential Thrombocythemia Myelofibrosis,0,0,0,
NCT04433390,naloxegol,constipation,0,0,0,
NCT04538534,nicardipine,vasospastic angina,0,0,0,
NCT04317430,niclosamide,Diabetic Nephropathies,0,0,0,
NCT03925025,nimodipine,organophosphate poisoning,0,0,0,
NCT04359680,nitazoxanide,COVID-19; Viral Respiratory Illnesses,0,0,0,
NCT04486313,nitazoxanide,COVID-19,0,0,0,
NCT04187144,nitrofurantoin,Recurrent urinary tract infections,0,0,0,
NCT04501861,norepinephrine,Intraoperative hypotension,0,0,0,
NCT04456699,olaparib,Metastatic Colorectal Cancer,0,1,0,
NCT04540211,paclitaxel,Metastatic Esophageal Carcinoma,1,1,1,cytotoxic_managed_toxicity
NCT05318443,paclitaxel,Lung Cancer,1,1,1,cytotoxic_managed_toxicity
NCT04531982,pimavanserin,schizophrenia,0,0,0,
NCT04222972,pralsetinib,First-Line Treatment of Advanced Non-Small Cell Lung Cancer,0,1,0,
NCT04100018,prednisone,Prostate Cancer,0,1,0,
NCT04414761,progesterone,IVF; GnRH Antagonist; PPOS,0,0,0,
NCT04400201,propofol,sedation,0,0,0,
NCT04511728,propofol,Induction and Maintenance of General Anesthesia,0,0,0,
NCT04620031,propofol,Sedation in Intensive Care,0,0,0,
NCT04280705,remdesivir,COVID-19,0,0,0,
NCT04292730,remdesivir,COVID-19,0,0,0,
NCT04292899,remdesivir,COVID-19,0,0,0,
NCT04409262,remdesivir,COVID-19 Pneumonia,0,0,0,
NCT04492475,remdesivir,COVID-19,0,0,0,
NCT04546581,remdesivir,COVID; COVID-19; SARS-CoV-2; SARS (Severe Acute Respiratory Syndrome),0,0,0,
NCT04593940,remdesivir,Covid19,0,0,0,
NCT04678739,remdesivir,Covid19; Covid-19 ARDS,0,0,0,
NCT04853901,remdesivir,Covid19,0,0,0,
NCT04574362,rimegepant,migraine,0,0,0,
NCT04327063,ropivacaine,Breast Cancer,0,1,0,
NCT04910165,ropivacaine,Pain,0,0,0,
NCT04410198,roxadustat,anemia,0,0,0,
NCT04484857,roxadustat,anemia,0,0,0,
NCT04227522,rucaparib,Ovarian Cancer,0,1,0,
NCT04362137,ruxolitinib,Cytokine Storm (Covid-19); cytokine release syndrome,0,0,0,
NCT04472598,ruxolitinib,Myelofibrosis (MF),0,0,0,
NCT04534725,selinexor,in Cancer,0,1,0,
NCT03841812,sevoflurane,pain,0,0,0,
NCT04355962,sevoflurane,COVID-19; ards,0,0,0,
NCT04571944,suvorexant,Delirium,0,0,0,
NCT04158076,telmisartan,Hypercholesterolemia; Hypertension,0,0,0,
NCT04410978,teriflunomide,Multiple Sclerosis,0,0,0,
NCT04427618,tranexamic acid,Postpartum Hemorrhage; Tranexamic Acid,0,0,0,
NCT04195698,upadacitinib,atopic dermatitis,0,0,0,
NCT04313153,vadadustat,anemia,0,0,0,
NCT04138706,vancomycin,Clostridium Difficile Infection,0,0,0,
NCT04015414,varenicline,smoking cessation,0,0,0,
NCT04590404,varenicline,tobacco use disorder,0,0,0,
NCT04285567,venetoclax,Chronic Lymphocytic Leukemia,0,1,0,
NCT04509622,venetoclax,Acute Myeloid Leukemia,0,1,0,
NCT05705089,warfarin,Left Ventricular Thrombus; ST Segment Elevation Myocardial Infarction,0,0,0,
NCT04123405,acetylcysteine,rhinosinusitis,0,0,0,
NCT04271917,cannabidiol,Pain,0,0,0,
NCT04175834,diphenhydramine,Multiple Sclerosis; Infusion Reaction,0,0,0,
NCT04349241,favipiravir,COVID-19,0,0,0,
NCT04344379,hydroxychloroquine,SARS-CoV-2 Infection,0,0,0,
NCT05007678,leflunomide,COVID-19,0,0,0,
NCT04218734,metformin,Type 2 Diabetes Mellitus,0,0,0,
NCT04536194,norepinephrine,congenital heart disease,0,0,0,
NCT04598451,prednisone,Pemphigus Vulgaris; Pemphigus Foliaceus,0,0,0,
NCT04537078,progesterone,"Infertility, Female",0,0,0,
NCT04530344,ruxolitinib,Vitiligo,0,0,0,
NCT04394975,sunitinib,Cell Cancer,0,1,0,
NCT04008706,acalabrutinib,Chronic Lymphocytic Leukemia,0,1,0,
NCT03596866,alectinib,Lung Cancer,0,1,0,
NCT05782192,alogliptin,Type 2 Diabetes,0,0,0,
NCT03545373,amoxicillin,Tuberculosis; Respiratory Tract Infections; Pneumonia,0,0,0,
NCT03721172,apremilast,psoriasis,0,0,0,
NCT03777436,apremilast,psoriasis,0,0,0,
NCT03930186,apremilast,plaque psoriasis,0,0,0,
NCT04175613,apremilast,psoriasis,0,0,0,
NCT03735979,argatroban,ischemic stroke,0,0,0,
NCT03939312,atogepant,episodic migraine,0,0,0,
NCT03768427,atorvastatin,Hypercholesterolemia,0,0,0,
NCT03745716,azacitidine,MDS,1,0,1,cytotoxic_managed_toxicity
NCT03899259,baricitinib,Alopecia Areata,0,0,0,
NCT03874494,brexpiprazole,schizophrenia,0,0,0,
NCT04124614,brexpiprazole,Post Traumatic Stress Disorder,0,0,0,
NCT04162522,brexpiprazole,Depression,0,0,0,
NCT04174170,brexpiprazole,Post Traumatic Stress Disorder,0,0,0,
NCT04174365,brexpiprazole,autism spectrum disorder,0,0,0,
NCT03685630,brivaracetam,epilepsy,0,0,0,
NCT03639389,bupivacaine,Pain,0,0,0,
NCT05164549,buprenorphine,Opioid Use Disorder,0,0,0,
NCT03897439,bupropion,Smoking Cessation,0,0,0,
NCT03802591,capecitabine,Gastric Adenocarcinoma; Gastroesophageal Junction Adenocarcinoma,1,1,1,cytotoxic_managed_toxicity
NCT03813784,capecitabine,Metastatic Gastric Cancer,1,1,1,cytotoxic_managed_toxicity
NCT03794388,capsaicin,breast cancer,0,1,0,
NCT04041791,ceftriaxone,pneumonia,0,0,0,
NCT03742505,vitamin D3,vitamin D deficiency,0,0,0,
NCT04121403,cladribine,Multiple Sclerosis,1,0,1,cytotoxic_managed_toxicity
NCT03725930,clonidine,Child Preschool,0,0,0,
NCT03645057,crisaborole,atopic dermatitis,0,0,0,
NCT03723252,dapagliflozin,Nonalcoholic Steatohepatitis,0,0,0,
NCT03877224,dapagliflozin,Heart Failure With Preserved Ejection Fraction (HFpEF),0,0,0,
NCT03877237,dapagliflozin,Heart Failure With Reduced Ejection Fraction (HFrEF),0,0,0,
NCT03901482,dihydroergotamine,migraine,0,0,0,
NCT03778931,elacestrant,Advanced Breast Cancer,0,1,0,
NCT03939637,eltrombopag,immune thrombocytopenia,0,0,0,
NCT03594110,empagliflozin,Chronic Kidney Disease,0,0,0,
NCT03917459,enalapril,"Heart Failure; Heart Failure, Systolic; Erectile Dysfunction",0,0,0,
NCT03788967,ertapenem,complicated urinary tract infection,0,0,0,
NCT03717194,ertugliflozin,Diabetes,0,0,0,
NCT04005716,etoposide,Lung Cancer,1,1,1,cytotoxic_managed_toxicity
NCT04028050,etoposide,Lung Cancer,1,1,1,cytotoxic_managed_toxicity
NCT03945188,etrasimod,Ulcerative Colitis,0,0,0,
NCT03952039,fedratinib,myelofibrosis,0,0,0,
NCT04003142,fezolinetant,hot flashes,0,0,0,
NCT03764618,fostamatinib,anemia,0,0,0,
NCT03806530,gabapentin,End Stage Renal Disease; Restless Legs Syndrome,0,0,0,
NCT03699254,ganciclovir,Transplantation Infection; Cytomegalovirus Infections,0,0,0,
NCT03673072,gemcitabine,Gallbladder Carcinoma,1,1,1,cytotoxic_managed_toxicity
NCT03924986,gemcitabine,Metastatic Nasopharyngeal Cancer,1,1,1,cytotoxic_managed_toxicity
NCT04003636,gemcitabine,Tract Carcinoma,1,1,1,cytotoxic_managed_toxicity
NCT04327843,haloperidol decanoate,Schizophrenia; Medication Nonadherence; Schizo Affective Disorder,0,0,0,
NCT04197115,hydrocortisone,Sepsis; Septic Shock,0,0,0,
NCT03789591,hydroxyurea,Sickle Cell Disease; Sickle Cell Anemia,0,0,0,
NCT04476069,ibuprofen,Pain Management,0,0,0,
NCT03788837,iloprost,septic shock,0,0,0,
NCT03111212,iloprost,acute respiratory distress syndrome,0,0,0,
NCT03831854,ketamine,Reducing Psychological Side Effects of Ketamine,0,0,0,
NCT04075006,ketamine,Critical Illness; Sedation; Mechanical Ventilation,0,0,0,
NCT06185127,ketamine,Lung Diseases; Diagnosis; Anesthesia,0,0,0,
NCT03678675,ketorolac,Post-cesarean pain,0,0,0,
NCT03967847,ketorolac,rotator cuff tear,0,0,0,
NCT04133623,ketorolac,Acute Pain Due to Trauma,0,0,0,
NCT04246541,ketorolac,Postoperative Pain,0,0,0,
NCT04246554,ketorolac,Postoperative Pain,0,0,0,
NCT03779178,landiolol,atrial fibrillation,0,0,0,
NCT04124926,lansoprazole,Erosive Esophagitis,0,0,0,
NCT03670810,lasmiditan,migraine,0,0,0,
NCT03820986,lenvatinib,Advance Melanoma,0,1,0,
NCT03829319,lenvatinib,Lung Cancer,0,1,0,
NCT03829332,lenvatinib,Lung Cancer,0,1,0,
NCT03884101,lenvatinib,Endometrial Carcinoma,0,1,0,
NCT03898180,lenvatinib,Urothelial Carcinoma,0,1,0,
NCT03976375,lenvatinib,Lung Cancer,0,1,0,
NCT04676412,lenvatinib,Lung Cancer,0,1,0,
NCT04716933,lenvatinib,Lung Cancer,0,1,0,
NCT04865289,lenvatinib,Endometrial Carcinoma,0,1,0,
NCT03930615,letermovir,cytomegalovirus infection,0,0,0,
NCT03621280,levoketoconazole,Cushing syndrome,0,0,0,
NCT03677817,lidocaine,Improved Postoperative Pain,0,0,0,
NCT03844984,lidocaine,septic shock,0,0,0,
NCT04069169,lidocaine,Scoliosis; Adolescence; Anesthesia Recovery Period,0,0,0,
NCT03905330,maralixibat,progressive familial intrahepatic cholestasis,0,0,0,
NCT03675139,medroxyprogesterone acetate,endometrial hyperplasia,0,0,0,
NCT03840148,meropenem,Urinary Tract Infections; Acute Pyelonephritis,0,0,0,
NCT03798054,metformin,Type 2 Diabetes,0,0,0,
NCT03798080,metformin,Type 2 Diabetes,0,0,0,
NCT03862716,metformin,Type 2 Diabetes,0,0,0,
NCT04029480,metformin,Type 2 Diabetes Mellitus,0,0,0,
NCT05118542,methimazole,Graves disease,0,0,0,
NCT05108597,misoprostol,uterine fibroids,0,0,0,
NCT03853798,mitapivat,pyruvate kinase deficiency,0,0,0,
NCT03899103,mycophenolate mofetil,Steroid-Dependent Nephrotic Syndrome,0,0,0,
NCT02955329,nicotine,cannabis use disorder,0,0,0,
NCT03283007,nintedanib,Lung-transplant Recipients,0,0,0,
NCT03820726,nintedanib,"Lung Diseases, Interstitial",0,0,0,
NCT04093024,nintedanib,"Lung Diseases, Interstitial",0,0,0,
NCT04020341,nitrofurantoin,Recurrent urinary tract infections,0,0,0,
NCT04789005,norepinephrine,Spinal anesthesia-induced hypotension,0,0,0,
NCT03834519,olaparib,Prostate Cancer,0,1,0,
NCT03915769,ozanimod,ulcerative colitis,0,0,0,
NCT03199885,paclitaxel,Metastatic Breast Cancer,1,1,1,cytotoxic_managed_toxicity
NCT03726879,paclitaxel,Breast Cancer,1,1,1,cytotoxic_managed_toxicity
NCT03940196,paclitaxel,Ovarian Cancer,1,1,1,cytotoxic_managed_toxicity
NCT03943667,paclitaxel,Metastatic Pancreatic Adenocarcinoma,1,1,1,cytotoxic_managed_toxicity
NCT03957590,paclitaxel,Cell Carcinoma,1,1,1,cytotoxic_managed_toxicity
NCT04177108,paclitaxel,Participants With Locally Advanced or Metastatic Triple-Negative Breast Cancer,1,1,1,cytotoxic_managed_toxicity
NCT03762018,pemetrexed,Pleural Mesothelioma Malignant Advanced,1,1,1,cytotoxic_managed_toxicity
NCT03802240,pemetrexed,NSCLC,1,1,1,cytotoxic_managed_toxicity
NCT03968159,pimavanserin,Major Depressive Disorder,0,0,0,
NCT03893097,praziquantel,schistosomiasis,0,0,0,
NCT04209543,progesterone,Vasomotor Symptoms; Menopausal Symptoms,0,0,0,
NCT03808844,propofol,Induction of Anesthesia,0,0,0,
NCT03921775,propofol,Anesthesia for Elective Surgery Patients,0,0,0,
NCT04111159,propofol,Sedation or Anesthesia,0,0,0,
NCT04155515,ribavirin,Cirrhosis,0,0,0,
NCT03702582,rivaroxaban,Atrial Fibrillation; Stroke; Bleeding,0,0,0,
NCT03996772,rivaroxaban,Atrial Fibrillation; Intracerebral Hemorrhage,0,0,0,
NCT03936387,ropivacaine,Post-Sternotomy Pain,0,0,0,
NCT05663827,ruxolitinib,Steroid Refractory GVHD,0,0,0,
NCT03881371,safinamide,Parkinson's Disease,0,0,0,
NCT03988530,scopolamine,motion sickness,0,0,0,
NCT03935217,secnidazole,trichomoniasis,0,0,0,
NCT03623243,siponimod,multiple sclerosis,0,0,0,
NCT04017832,sitagliptin,Type 2 Diabetes,0,0,0,
NCT03883698,sofosbuvir,hepatitis C virus infection,0,0,0,
NCT03894046,sulbactam,bacterial pneumonia,0,0,0,
NCT03956355,tapinarof,plaque psoriasis,0,0,0,
NCT03983980,tapinarof,plaque psoriasis,0,0,0,
NCT03176134,tedizolid phosphate,skin and soft tissue bacterial infection,0,0,0,
NCT03872232,telmisartan,Hypercholesterolemia; Hypertension,0,0,0,
NCT02938923,testosterone,hip fracture,0,0,0,
NCT03475342,tranexamic acid,Intrapartum - Moderate and Severe Anaemia,0,0,0,
NCT03915860,trifarotene,acne vulgaris,0,0,0,
NCT03725202,upadacitinib,giant cell arteritis,0,0,0,
NCT04169373,upadacitinib,spondyloarthritis,0,0,0,
NCT04102579,valbenazine,"Chorea, Huntington",0,0,0,
NCT03595553,vancomycin,Clostridium Difficile Infection,0,0,0,
NCT03941964,venetoclax,Acute Myeloid Leukemia,0,1,0,
NCT03902080,vibegron,overactive bladder,0,0,0,
NCT04103450,vibegron,overactive bladder,0,0,0,
NCT03979352,empagliflozin,Type1 Diabetes Mellitus,0,0,0,
NCT04003155,fezolinetant,hot flashes,0,0,0,
NCT04003389,fezolinetant,hot flashes,0,0,0,
NCT03349684,acarbose,"Diabetes Mellitus, Type 2",0,0,0,
NCT03554018,acetaminophen,Low Back Pain,0,0,0,
NCT03584373,acetaminophen,Nephrolithiasis,0,0,0,
NCT04392362,adenosine,supraventricular tachycardia,0,0,0,
NCT03474276,albendazole,acute malnutrition,0,0,0,
NCT03439046,alpelisib,Breast Cancer,0,1,0,
NCT05437224,ambrisentan,pulmonary arterial hypertension,0,0,0,
NCT06416735,amiloride,essential hypertension,0,0,0,
NCT03153150,apixaban,"Intracranial Hemorrhages; Intracranial Hemorrhage, Hypertensive; Subarachnoid Hemorrhage; Subdural Hematoma; Intraventricular Hemorrhage; Atrial Fibrillation; Atrial Flutter; Small Vessel Cerebrovascular Disease; Microhaemorrhage",0,0,0,
NCT05208398,apixaban,Left Ventricular Thrombus,0,0,0,
NCT03611751,apremilast,psoriasis,0,0,0,
NCT03624127,apremilast,psoriasis,0,0,0,
NCT03491462,arimoclomol,amyotrophic lateral sclerosis,0,0,0,
NCT03700320,atogepant,episodic migraine,0,0,0,
NCT03777059,atogepant,episodic migraine,0,0,0,
NCT03415178,atorvastatin,Hypercholesterolaemia,0,0,0,
NCT03334253,atropine,Myopia,0,0,0,
NCT03164473,azathioprine,Eosinophilic Granulomatosis With Polyangiitis,0,0,0,
NCT03334435,baricitinib,Atopic Dermatitis,0,0,0,
NCT03428100,baricitinib,Atopic Dermatitis,0,0,0,
NCT03435081,baricitinib,Atopic Dermatitis,0,0,0,
NCT03616964,baricitinib,Systemic Lupus Erythematosus,0,0,0,
NCT03733301,baricitinib,Atopic Dermatitis,0,0,0,
NCT03773978,baricitinib,Juvenile Idiopathic Arthritis,0,0,0,
NCT03485482,bisoprolol,Cardiovascular Diseases,0,0,0,
NCT03538691,brexpiprazole,Major Depressive Disorder,0,0,0,
NCT03548584,brexpiprazole,Alzheimer disease,0,0,0,
NCT03594123,brexpiprazole,Alzheimer's disease biomarker measurement,0,0,0,
NCT03724942,brexpiprazole,Alzheimer disease,0,0,0,
NCT03737474,brexpiprazole,Major Depressive Disorder,0,0,0,
NCT03615326,capecitabine,Gastric Neoplasms; Gastroesophageal Junction Adenocarcinoma,1,1,1,cytotoxic_managed_toxicity
NCT03745170,capecitabine,Gastric Cancer,1,1,1,cytotoxic_managed_toxicity
NCT03777657,capecitabine,Junction Carcinoma,1,1,1,cytotoxic_managed_toxicity
NCT03573297,cariprazine,bipolar I disorder,0,0,0,
NCT03738215,cariprazine,Major Depressive Disorder,0,0,0,
NCT03739203,cariprazine,Major Depressive Disorder,0,0,0,
NCT03678753,cenobamate,combined generalized and focal epilepsy,0,0,0,
NCT03475225,vitamin D3,drug-resistant epilepsy,0,0,0,
NCT04476511,vitamin D3,vitamin D deficiency,0,0,0,
NCT03299244,cinacalcet,Secondary Hyperparathyroidism; Chronic Kidney Disease,0,0,0,
NCT03354598,ciprofloxacin,Uncomplicated Urinary Tract Infection,0,0,0,
NCT03653832,clonidine,critical illness,0,0,0,
NCT03357874,clopidogrel,Acute Coronary Syndrome,0,0,0,
NCT03048825,colchicine,ST Elevation Myocardial Infarction,0,0,0,
NCT03310125,colchicine,atrial fibrillation,0,0,0,
NCT03025113,cyclobenzaprine,Musculoskeletal Pain,0,0,0,
NCT03379727,cytarabine,Acute Myeloid Leukemia,1,1,1,cytotoxic_managed_toxicity
NCT03619213,dapagliflozin,Heart Failure With Preserved Ejection Fraction,0,0,0,
NCT03138733,daptomycin,Staphylococcus Aureus Bacteremia,0,0,0,
NCT03575104,daridorexant,insomnia,0,0,0,
NCT03100786,dexamethasone,Tuberculosis; Tuberculous Meningitis; Drug-Induced Liver Injury,0,0,0,
NCT03396107,dexamethasone,Cesarean Section Complications,0,0,0,
NCT03555929,dexamethasone,Hand Wound; Wrist Wound; Forearm Wound; Hand Fracture; Wrist Fracture; Forearm Fracture,0,0,0,
NCT03598426,dexamethasone,Hypersensitivity Reactions,0,0,0,
NCT03718273,digoxin,Atrial Fibrillation; Heart Diseases,0,0,0,
NCT05761418,dinoprostone,uterine fibroids,0,0,0,
NCT03048422,dolutegravir,HIV infection,0,0,0,
NCT03249181,dolutegravir,HIV-1 infection,0,0,0,
NCT03395639,edoxaban,Cardiac Disease,0,0,0,
NCT03515096,eltrombopag,Thrombocytopenia,0,0,0,
NCT03332212,empagliflozin,Heart Failure,0,0,0,
NCT03429543,empagliflozin,Diabetes,0,0,0,
NCT03448406,empagliflozin,Heart Failure,0,0,0,
NCT03448419,empagliflozin,Heart Failure,0,0,0,
NCT03434197,esflurbiprofen,Osteoarthritis,0,0,0,
NCT03569475,fluoxetine,Major Depressive Disorder,0,0,0,
NCT03591068,fluticasone propionate,nasal polyps,0,0,0,
NCT03296813,furosemide,heart failure,0,0,0,
NCT03449134,gefapixant,chronic cough,0,0,0,
NCT03696108,gefapixant,chronic cough,0,0,0,
NCT03126435,gemcitabine,Metastatic Pancreas Cancer; Locally Advanced Pancreatic Cancer; Pancreatic Adenocarcinoma,1,1,1,cytotoxic_managed_toxicity
NCT03377491,gemcitabine,Pancreas Adenocarcinoma,1,1,1,cytotoxic_managed_toxicity
NCT03629925,gemcitabine,NSCLC,1,1,1,cytotoxic_managed_toxicity
NCT04613726,granisetron,"Vomiting, Postoperative; Postoperative Complications; Hypotension",0,0,0,
NCT03509350,hydrocortisone,Sepsis,0,0,0,
NCT03375515,hydromorphone,Severe Cancer,0,1,0,
NCT03474679,ibrutinib,Graft vs Host Disease,0,0,0,
NCT03404518,ibuprofen,"Outpatient Surgery; Pain, Postoperative",0,0,0,
NCT03571737,ibuprofen,Acute Musculoskeletal Disease; Sprains; Sprains and Strains; Injuries; Emergencies; Trauma; Acute Pain,0,0,0,
NCT03729973,ketamine,Sore Throat,0,0,0,
NCT03585374,ketoprofen,Acute Traumatic Pain,0,0,0,
NCT03485625,ketorolac,pain,0,0,0,
NCT03311945,lamivudine,HIV-1 infection,0,0,0,
NCT03517449,lenvatinib,Advanced Endometrial Cancer,0,1,0,
NCT03443869,letermovir,CMV Disease,0,0,0,
NCT02912988,letrozole,Subfertility,0,0,0,
NCT03750786,leucovorin,Advanced Colorectal Cancer,0,1,0,
NCT03898622,levothyroxine,TSH Control in Patients With Chronic Kidney Disease,0,0,0,
NCT03583333,linezolid,bacterial pneumonia,0,0,0,
NCT03719313,lonafarnib,Hepatitis Delta Virus,0,0,0,
NCT02705573,mannitol,"Kidney Transplantation, Mannitol",0,0,0,
NCT03505489,mannitol,asthma,0,0,0,
NCT03529123,metformin,Type 2 Diabetes,0,0,0,
NCT03841591,metformin,Diabetes,0,0,0,
NCT05451147,metformin,Diabetes Mellitus,0,0,0,
NCT03794505,methylprednisolone acetate,Shoulder Arthritis,0,0,0,
NCT03729362,miglustat,late-onset Pompe disease,0,0,0,
NCT03129646,miltefosine,visceral Leishmaniasis,0,0,0,
NCT03825887,nalbuphine,Mucositis Pain,0,0,0,
NCT03542552,nifedipine,Placenta previa,0,0,0,
NCT03598270,niraparib,Ovarian Cancer,0,1,0,
NCT03336619,nitazoxanide,Influenza,0,0,0,
NCT03605862,nitazoxanide,Enterovirus; Rhinovirus,0,0,0,
NCT03367572,olanzapine,Breast Cancer,0,1,0,
NCT03578081,olanzapine,in Cancer,0,1,0,
NCT03286842,olaparib,Metastatic Breast Cancer,0,1,0,
NCT03402841,olaparib,Ovarian Cancer,0,1,0,
NCT03555188,ondansetron,IBS - Irritable Bowel Syndrome,0,0,0,
NCT03440385,ozanimod,Crohn disease,0,0,0,
NCT03296163,paclitaxel,Lung Cancer,1,1,1,cytotoxic_managed_toxicity
NCT03337724,paclitaxel,Breast Cancer,1,1,1,cytotoxic_managed_toxicity
NCT03493854,paclitaxel,Breast Cancer,1,1,1,cytotoxic_managed_toxicity
NCT03556358,paclitaxel,Breast Cancer,1,1,1,cytotoxic_managed_toxicity
NCT03594747,paclitaxel,Advanced Lung Cancer,1,1,1,cytotoxic_managed_toxicity
NCT03603184,paclitaxel,Endometrial Cancer,1,1,1,cytotoxic_managed_toxicity
NCT03635489,paclitaxel,Primary Peritoneal Cancer,1,1,1,cytotoxic_managed_toxicity
NCT03635567,paclitaxel,Metastatic Cervical Cancer,1,1,1,cytotoxic_managed_toxicity
NCT03866993,paclitaxel,Lung Cancer,1,1,1,cytotoxic_managed_toxicity
NCT03374800,pantoprazole,"Gastrointestinal Hemorrhage (Clinically Important, Upper)",0,0,0,
NCT03660059,peficitinib,Rheumatoid Arthritis,0,0,0,
NCT03607539,pemetrexed,NSCLC,1,1,1,cytotoxic_managed_toxicity
NCT03663205,pemetrexed,Lung Cancer,1,1,1,cytotoxic_managed_toxicity
NCT03575052,pimavanserin,neuropsychiatric symptoms of neurodegenerative disease,0,0,0,
NCT03623321,pimavanserin,neuropsychiatric symptoms of neurodegenerative disease,0,0,0,
NCT01519154,propofol,sedation,0,0,0,
NCT03674008,propofol,Sedation or Anesthesia,0,0,0,
NCT03779061,propofol,sedation,0,0,0,
NCT04034771,propofol,traumatic brain injury,0,0,0,
NCT03661489,remimazolam,"Anesthesia, Intravenous",0,0,0,
NCT03347344,riluzole,spinocerebellar ataxia type 2,0,0,0,
NCT03461757,rimegepant,migraine,0,0,0,
NCT03387670,simvastatin,Multiple Sclerosis,0,0,0,
NCT05576675,sufentanil,Gastrointestinal Surgery,0,0,0,
NCT02802501,tafenoquine,malaria,0,0,0,
NCT03354039,tamoxifen,Duchenne Muscular Dystrophy,0,0,0,
NCT03427125,tenapanor,hyperphosphatemia,0,0,0,
NCT03354429,ticagrelor,Acute Ischaemic Stroke; Transient Ischaemic Attack,0,0,0,
NCT03486457,tofacitinib,Psoriatic Arthritis,0,0,0,
NCT03502616,tofacitinib,Ankylosing Spondylitis,0,0,0,
NCT03255226,tolvaptan,Pediatric Congestive Heart Failure (CHF) Patients With Volume Overload,0,0,0,
NCT03088813,topotecan,Lung Cancer,1,1,1,cytotoxic_managed_toxicity
NCT03551626,trametinib,Malignant Melanoma,0,1,0,
NCT02775773,tranexamic acid,Post Partum Haemorrhage,0,0,0,
NCT03364491,tranexamic acid,Obstetrical Complications; Hemorrhage; Labor and Delivery,0,0,0,
NCT03463993,tranexamic acid,Post Partum Hemorrhage,0,0,0,
NCT03505723,tranexamic acid,Perioperative Bleeding; Venous Thrombosis; Arterial Thrombosis,0,0,0,
NCT03565276,tranexamic acid,Post Partum Hemorrhage,0,0,0,
NCT03846973,tranexamic acid,Tranexamic Acid,0,0,0,
NCT03534284,trazodone,Insomnia; End Stage Renal Disease,0,0,0,
NCT02955212,upadacitinib,Rheumatoid Arthritis,0,0,0,
NCT03569293,upadacitinib,atopic dermatitis,0,0,0,
NCT03607422,upadacitinib,atopic dermatitis,0,0,0,
NCT03653026,upadacitinib,ulcerative colitis,0,0,0,
NCT03661138,upadacitinib,atopic dermatitis,0,0,0,
NCT03406156,venetoclax,Chronic Lymphocytic Leukemia,0,1,0,
NCT03583372,vibegron,overactive bladder,0,0,0,
NCT03232398,warfarin,Acute Myocardial Infarction; Left Ventricular Thrombosis; Anticoagulants and Bleeding Disorders,0,0,0,
NCT03734016,zanubrutinib,Chronic Lymphocytic Leukemia,0,1,0,
NCT03465722,avapritinib,GIST,0,0,0,
NCT03675737,capecitabine,Stomach Neoplasms,1,1,1,cytotoxic_managed_toxicity
NCT03403712,dexamethasone,Breast Cancer,0,1,0,
NCT03572933,ganaxolone,CDKL5 deficiency disorder,0,0,0,
NCT03416179,glasdegib,Acute Myeloid Leukemia,0,1,0,
NCT03553498,hydromorphone,pain,0,0,0,
NCT03665779,isosorbide mononitrate,Induction of Labor Affected Fetus / Newborn; Rupture of Membranes Prior to Onset of Labor,0,0,0,
NCT03713593,lenvatinib,Advanced Hepatocellular Carcinoma,0,1,0,
NCT03422328,macitentan,Pulmonary Arterial Hypertension; Chronic Thromboembolic Pulmonary Hypertension,0,0,0,
NCT03470545,mavacamten,hypertrophic cardiomyopathy,0,0,0,
NCT03219437,methotrexate,Psoriasis,1,0,1,cytotoxic_managed_toxicity
NCT03691090,paclitaxel,Advanced Esophageal Cancer,1,1,1,cytotoxic_managed_toxicity
NCT03515837,pemetrexed,Lung Cancer,1,1,1,cytotoxic_managed_toxicity
NCT03149809,solifenacin,Urinary Symptoms in Parkinson Disease,0,0,0,
NCT03334682,spironolactone,acne vulgaris,0,0,0,
NCT03492281,vibegron,overactive bladder,0,0,0,
NCT03009981,abiraterone acetate,Relapsed Prostate Cancer,0,1,0,
NCT03014167,albendazole,filariasis,0,0,0,
NCT03137303,albuterol,COPD,0,0,0,
NCT03185065,amantadine,Multiple Sclerosis,0,0,0,
NCT02924285,amiodarone,Therapy of Premature Ventricular Contractions in Patients With Structural Heart Disease,0,0,0,
NCT02933697,apixaban,Atrial Fibrillation; End-stage Kidney Disease,0,0,0,
NCT03045406,apixaban,With Cancer,0,1,0,
NCT03080883,apixaban,Secondary Cancer,0,1,0,
NCT03123471,apremilast,psoriasis,0,0,0,
NCT03106779,asciminib,Chronic Myelogenous Leukemia,0,1,0,
NCT03179631,ataluren,"Muscular Dystrophy, Duchenne; Muscular Dystrophies; Muscular Disorders, Atrophic; Muscular Diseases; Musculoskeletal Disease; Neuromuscular Diseases; Nervous System Diseases; Genetic Diseases, X-Linked; Genetic Diseases, Inborn",0,0,0,
NCT02850081,atorvastatin,Carotid Artery Stenosis; Strokes,0,0,0,
NCT03268954,azacitidine,Participants With Higher-Risk Myelodysplastic Syndrome,1,0,1,cytotoxic_managed_toxicity
NCT03334396,baricitinib,Atopic Dermatitis,0,0,0,
NCT03334422,baricitinib,Atopic Dermatitis,0,0,0,
NCT03337308,bempedoic acid,Hyperlipidemias,0,0,0,
NCT03100318,benzbromarone,hyperuricemia,0,0,0,
NCT03257865,brexpiprazole,bipolar I disorder,0,0,0,
NCT03259555,brexpiprazole,bipolar I disorder,0,0,0,
NCT03287869,brexpiprazole,bipolar I disorder,0,0,0,
NCT03083665,brivaracetam,epilepsy,0,0,0,
NCT03250377,brivaracetam,epilepsy,0,0,0,
NCT03009500,bupivacaine,Chronic Peripheral Post-traumatic Neuropathic Pain,0,0,0,
NCT03027661,bupivacaine,Pain,0,0,0,
NCT02526212,buprenorphine,opioid use disorder,0,0,0,
NCT03232346,buprenorphine,opioid use disorder,0,0,0,
NCT03006705,capecitabine,Gastric Cancer,1,1,1,cytotoxic_managed_toxicity
NCT03084939,capecitabine,Metastatic Breast Cancer,1,1,1,cytotoxic_managed_toxicity
NCT03032380,cefiderocol,Healthcare-associated Pneumonia (HCAP); Hospital Acquired Pneumonia (HAP); Ventilator Associated Pneumonia (VAP),0,0,0,
NCT03269994,cefoxitin,pancreatic cancer,0,1,0,
NCT03294395,ceftriaxone,gonorrhea,0,0,0,
NCT03396588,clonidine,neonatal abstinence syndrome,0,0,0,
NCT02814916,dalbavancin,Methicillin-Resistant Staphylococcus Aureus; Bacterial Infections; Staphylococcal Skin Infections,0,0,0,
NCT02984644,dapagliflozin,Type II; Diabetes,0,0,0,
NCT03036124,dapagliflozin,Chronic Heart Failure With Reduced Ejection Fraction (HFrEF),0,0,0,
NCT03036150,dapagliflozin,Chronic Kidney Disease,0,0,0,
NCT03199053,dapagliflozin,Type 2 Diabetes Mellitus,0,0,0,
NCT03029208,daprodustat,anemia,0,0,0,
NCT03011905,dexamethasone,"Brachial Plexus Block; Pain, Postoperative",0,0,0,
NCT03029234,dexamethasone,Multiple Myeloma,0,1,0,
NCT03092817,dexamethasone,Tuberculosis; Tuberculous Meningitis; Drug-Induced Liver Injury; HIV; IRIS,0,0,0,
NCT03158688,dexamethasone,Multiple Myeloma,0,1,0,
NCT03218553,dexamethasone,Major Non-cardiac Surgery,0,0,0,
NCT03234972,dexamethasone,Multiple Myeloma,0,1,0,
NCT03001661,dinoprostone,Induction of Labor Affected Fetus / Newborn,0,0,0,
NCT03067597,dinoprostone,cervical ripening,0,0,0,
NCT03067727,dinoprostone,cervical ripening,0,0,0,
NCT02976259,dolutegravir,HIV infection,0,0,0,
NCT02987530,dolutegravir,HIV-1 infection,0,0,0,
NCT03122262,dolutegravir,HIV-1 infection,0,0,0,
NCT03176693,doxazosin,pheochromocytoma and paraganglioma,0,1,0,
NCT02798471,edoxaban,Venous Thromboembolism (VTE); Pulmonary Embolism; Deep Vein Thrombosis (DVT),0,0,0,
NCT02866175,edoxaban,Atrial Fibrillation,0,0,0,
NCT02942576,edoxaban,Atrial Fibrillation,0,0,0,
NCT03244319,edoxaban,MV(Mitral Valve) Repair,0,0,0,
NCT03057951,empagliflozin,Heart Failure,0,0,0,
NCT03057977,empagliflozin,Heart Failure,0,0,0,
NCT03151343,empagliflozin,Type2 Diabetes Mellitus,0,0,0,
NCT03066804,enalapril,Heart Failure With Preserved Ejection Fraction,0,0,0,
NCT03265574,enalapril,Breast Cancer,0,1,0,
NCT03016312,enzalutamide,Prostrate Cancer,0,1,0,
NCT03032510,eravacycline,complicated urinary tract infection,0,0,0,
NCT03264547,eribulin,Breast Cancer,0,1,0,
NCT03039192,esketamine,Major Depressive Disorder,0,0,0,
NCT03097133,esketamine,Major Depressive Disorder,0,0,0,
NCT03066778,etoposide,Participants With Extensive Stage Small Cell Lung Cancer,1,1,1,cytotoxic_managed_toxicity
NCT04414800,fentanyl,"Multiple Trauma; Pain, Acute",0,0,0,
NCT03025308,filgotinib,Rheumatoid Arthritis,0,0,0,
NCT03143153,fluorouracil,Esophageal Cancer,1,1,1,cytotoxic_managed_toxicity
NCT04628325,furosemide,congestive heart failure,0,0,0,
NCT03269344,gabapentin,Oropharyngeal Cancer,0,1,0,
NCT03128515,hydroxyurea,Sickle Cell Anemia; Sickle Cell Disease; Malaria,0,0,0,
NCT03053440,ibrutinib,Waldenström's Macroglobulinemia,0,0,0,
NCT03112174,ibrutinib,Cell Lymphoma,0,1,0,
NCT02863575,ibuprofen,Pain,0,0,0,
NCT04037514,ibuprofen,Patent Ductus Arteriosus After Premature Birth,0,0,0,
NCT03068312,ivacaftor,cystic fibrosis,0,0,0,
NCT03150719,ivacaftor,cystic fibrosis,0,0,0,
NCT02892916,ketamine,Post Operative Cognitive Dysfunction,0,0,0,
NCT02920528,ketamine,Treatment of Acute Pain,0,0,0,
NCT03104140,ketamine,Septic Shock,0,0,0,
NCT03320486,ketoconazole,tinea pedis,0,0,0,
NCT03050307,lansoprazole,Gastric Ulcer,0,0,0,
NCT03050359,lansoprazole,Duodenal Ulcer,0,0,0,
NCT02966093,lenvatinib,Thyroid Cancer,0,1,0,
NCT02818738,levamisole hydrochloride,Maintaining Remission After the First Flare of Steroid Sensitive Nephrotic Syndrome,0,0,0,
NCT03340064,levetiracetam,Partial Seizures,0,0,0,
NCT03277690,levoketoconazole,Cushing syndrome,0,0,0,
NCT02720198,levomilnacipran,Major Depressive Disorder,0,0,0,
NCT03086486,linezolid,tuberculosis,0,0,0,
NCT03097861,lubiprostone,chronic idiopathic constipation,0,0,0,
NCT03249376,lumateperone,Depression,0,0,0,
NCT02932410,macitentan,Pulmonary Arterial Hypertension,0,0,0,
NCT02927067,maribavir,Cytomegalovirus (CMV),0,0,0,
NCT03066830,metformin,Type 2 Diabetes Mellitus,0,0,0,
NCT03130426,metformin,Type 2 Diabetes,0,0,0,
NCT03214380,metformin,Type 2 Diabetes,0,0,0,
NCT03268005,metformin,Type 2 Diabetes,0,0,0,
NCT03309007,metformin,diabetes,0,0,0,
NCT02980276,metformin,Reduction of Gestational Diabetes,0,0,0,
NCT03215056,methoxyflurane,Pain,0,0,0,
NCT03256903,methoxyflurane,Trauma Pain,0,0,0,
NCT02700685,methylphenidate,attention deficit hyperactivity disorder,0,0,0,
NCT03229538,methylprednisolone,Congenital Heart Disease in Children; Inflammatory Response,0,0,0,
NCT03220958,metoclopramide,Post-Traumatic Headache,0,0,0,
NCT03069677,midazolam,Anxiety,0,0,0,
NCT03031184,mirtazapine,Dementia,0,0,0,
NCT03148574,misoprostol,postpartum hemorrhage,0,0,0,
NCT03085797,mometasone furoate,chronic rhinosinusitis with nasal polyps,0,0,0,
NCT02990286,mycophenolate mofetil,"Lung Disease, Interstitial",0,0,0,
NCT03156452,mycophenolate mofetil,Immune Thrombocytopenia,0,0,0,
NCT03248037,netarsudil,Fuchs' endothelial dystrophy,0,0,0,
NCT03091699,nicotine,smoking cessation,0,0,0,
NCT02999178,nintedanib,"Lung Diseases, Interstitial",0,0,0,
NCT03313180,nintedanib,"Lung Diseases, Interstitial",0,0,0,
NCT03187769,olanzapine,Schizophrenia; Schizophreniform Disorders; Bipolar I Disorder,0,0,0,
NCT03219710,olanzapine,Chemotherapy-induced Nausea and Vomiting,0,0,0,
NCT03205228,omeprazole,Globus,0,0,0,
NCT03352323,oxymetazoline,rosacea,0,0,0,
NCT02898077,paclitaxel,Gastroesophageal Cancer,1,1,1,cytotoxic_managed_toxicity
NCT03036488,paclitaxel,Breast Cancer,1,1,1,cytotoxic_managed_toxicity
NCT03038100,paclitaxel,Primary Peritoneal Cancer,1,1,1,cytotoxic_managed_toxicity
NCT03064126,paclitaxel,"Peripheral Artery Disease; Atherosclerosis; Artery Diseases, Peripheral; Plaque, Atherosclerotic; Occlusive Arterial Disease",1,0,1,cytotoxic_managed_toxicity
NCT03117049,paclitaxel,Lung Cancer,1,1,1,cytotoxic_managed_toxicity
NCT03125902,paclitaxel,Breast Cancer,1,1,1,cytotoxic_managed_toxicity
NCT03169335,paclitaxel,Lung Cancer,1,1,1,cytotoxic_managed_toxicity
NCT03329911,paclitaxel,Lung Cancer,1,1,1,cytotoxic_managed_toxicity
NCT03875092,paclitaxel,Lung Cancer,1,1,1,cytotoxic_managed_toxicity
NCT06781073,paclitaxel,Cervical Carcinoma,1,1,1,cytotoxic_managed_toxicity
NCT03312634,palovarotene,fibrodysplasia ossificans progressiva,0,0,0,
NCT02929563,pantoprazole,Gastrointestinal Hemorrhage,0,0,0,
NCT02864251,pemetrexed,Lung Cancer,1,1,1,cytotoxic_managed_toxicity
NCT03134872,pemetrexed,NSCLC,1,1,1,cytotoxic_managed_toxicity
NCT03065075,phenazopyridine,urinary retention,0,0,0,
NCT03374956,phentermine,Obesity,0,0,0,
NCT03208933,pirfenidone,Idiopathic Pulmonary Fibrosis,0,0,0,
NCT03232073,ponesimod,Multiple Sclerosis,0,0,0,
NCT02961257,prednisone,Prostate Cancer Metastatic,0,1,0,
NCT03070522,prednisone,Cystic Fibrosis Pulmonary Exacerbation,0,0,0,
NCT03022240,propofol,Cognitive Change; Behavior,0,0,0,
NCT03425474,propofol,sedation,0,0,0,
NCT02947269,prucalopride,postoperative ileus,0,0,0,
NCT03029689,raltegravir,HIV infection,0,0,0,
NCT03065309,remifentanil,hypotension,0,0,0,
NCT03669484,remimazolam,General Anaesthesia,0,0,0,
NCT03235479,rimegepant,migraine,0,0,0,
NCT03237845,rimegepant,migraine,0,0,0,
NCT03055026,rivaroxaban,Extended Antithrombotic Prophylaxis After Laparoscopic Surgery for Colorectal Cancer,0,1,0,
NCT03181386,rivaroxaban,Atrial Fibrillation; Periodontal Disease; Hemorrhage,0,0,0,
NCT04569279,rivaroxaban,Cerebral Vein Thrombosis,0,0,0,
NCT02959476,ropivacaine,Pain,0,0,0,
NCT02855944,rucaparib,Primary Peritoneal Cancer,0,1,0,
NCT02975934,rucaparib,Prostate Cancer,0,1,0,
NCT03112603,ruxolitinib,Graft-versus-host Disease (GVHD),0,0,0,
NCT03110562,selinexor,Multiple Myeloma,0,1,0,
NCT02713945,simvastatin,Noonan Syndrome,0,0,0,
NCT03061214,sitagliptin,Type 2 Diabetes,0,0,0,
NCT03076112,sitagliptin,Type 2 Diabetes,0,0,0,
NCT03115112,sitagliptin,Type 2 Diabetes,0,0,0,
NCT03995485,sofosbuvir,hepatitis C virus infection,0,0,0,
NCT03242018,sotagliflozin,Type 2 Diabetes,0,0,0,
NCT03242252,sotagliflozin,Type 2 Diabetes,0,0,0,
NCT03285594,sotagliflozin,Type 2 Diabetes Mellitus,0,0,0,
NCT03351478,sotagliflozin,Type 2 Diabetes Mellitus,0,0,0,
NCT03260894,sunitinib,Renal Cell Carcinoma (RCC),0,1,0,
NCT03373201,tasimelteon,insomnia,0,0,0,
NCT03277248,teriflunomide,Multiple Sclerosis,0,0,0,
NCT03277261,teriflunomide,Multiple Sclerosis,0,0,0,
NCT02617290,ticagrelor,Coronary Artery Disease; Myocardial Ischemia; Myocardial Infarction; Stent Thrombosis; Cardiovascular Diseases,0,0,0,
NCT02997358,trabectedin,leiomyosarcoma,1,1,1,cytotoxic_managed_toxicity
NCT03290378,tramadol,Pain Management,0,0,0,
NCT03395808,tramadol,Pain Management,0,0,0,
NCT03191903,triamcinolone hexacetonide,Osteoarthritis,0,0,0,
NCT03390036,triamcinolone hexacetonide,Osteoarthritis,0,0,0,
NCT03118297,ulipristal acetate,contraception,0,0,0,
NCT03086343,upadacitinib,Rheumatoid Arthritis,0,0,0,
NCT03104374,upadacitinib,Psoriatic Arthritis,0,0,0,
NCT03104400,upadacitinib,Psoriatic Arthritis,0,0,0,
NCT03345836,upadacitinib,Crohn's disease,0,0,0,
NCT03345849,upadacitinib,Crohn's disease,0,0,0,
NCT02957786,varenicline,smoking cessation,0,0,0,
NCT03262662,varenicline,tobacco use disorder,0,0,0,
NCT02908672,vemurafenib,Advanced Melanoma,0,1,0,
NCT03069352,venetoclax,Acute Myeloid Leukemia,0,1,0,
NCT03108625,vortioxetine,Major Depressive Disorder,0,0,0,
NCT02901041,zonisamide,alcohol dependence,0,0,0,
NCT03067441,bempedoic acid,Hypercholesterolemia,0,0,0,
NCT03275285,dexamethasone,Multiple Myeloma,0,1,0,
NCT02997202,gilteritinib,Acute Myeloid Leukemia,0,1,0,
NCT02851797,givinostat,Duchenne muscular dystrophy,0,0,0,
NCT02947347,ibrutinib,Follicular Lymphoma,0,1,0,
NCT02959944,ibrutinib,Chronic Graft Versus Host Disease,0,0,0,
NCT02502175,methadone,Medication-assisted Treatment of Opioid Use Disorder,0,0,0,
NCT02987543,olaparib,Prostate Cancer,0,1,0,
NCT02629042,prednisolone,Pulpitis,0,0,0,
NCT03043157,rocuronium,Muscle Relaxation,0,0,0,
NCT02964936,roxadustat,chronic kidney disease,0,0,0,
NCT02988973,roxadustat,chronic kidney disease,0,0,0,
NCT03131713,acetaminophen,Non-melanoma Skin Cancer,0,1,0,
NCT02885636,albuterol,Congestive heart failure,0,0,0,
NCT02664649,apixaban,Symptomatic Aortic Stenosis; Eligible for Transcatheter Aortic Valve Replacement,0,0,0,
NCT02935530,argatroban,venous thromboembolism,0,0,0,
NCT02662569,atorvastatin,Diabetes,0,0,0,
NCT02679261,atorvastatin,Bicuspid Aortic Valve,0,0,0,
NCT03433196,atorvastatin,Hypercholesterolemia in Coronaory Heart Disease,0,0,0,
NCT02870478,atropine,Myopia,0,0,0,
NCT02723383,baclofen,alcohol use disorder,0,0,0,
NCT03001076,bempedoic acid,Hypercholesterolemia; Atherosclerosis; Statin Adverse Reaction,0,0,0,
NCT02604173,budesonide,Acute Mountain Sickness,0,0,0,
NCT02949674,bupivacaine,Pain,0,0,0,
NCT02634788,buprenorphine,Pain,0,0,0,
NCT02741791,bupropion,Major Depressive Disorder,0,0,0,
NCT02617017,buspirone,Parkinson' Disease,0,0,0,
NCT02820987,cefepime,Septic Shock,0,0,0,
NCT02514278,capecitabine,Organ Preservation in Rectal Cancer,1,1,1,cytotoxic_managed_toxicity
NCT02551237,capecitabine,Advanced Rectal Carcinoma,1,1,1,cytotoxic_managed_toxicity
NCT02700815,capsaicin,Acute Pain,0,0,0,
NCT02670538,cariprazine,Treatment of the Depressive Episode in Participants With Bipolar I Disorder,0,0,0,
NCT02670551,cariprazine,Depression,0,0,0,
NCT02714595,cefiderocol,Sepsis,0,0,0,
NCT02659033,cefotaxime,bacterial infection,0,0,0,
NCT02688400,celecoxib,Osteoarthritis,0,0,0,
NCT02703363,celecoxib,Depression,0,0,0,
NCT02725411,celecoxib,Low Back Pain,0,0,0,
NCT02754765,clofazimine,"Tuberculosis, Multidrug-Resistant; Infection, Bacterial; Pulmonary Tuberculoses",0,0,0,
NCT02655965,clonidine,Locoregional Analgesia in Breast Surgery,0,0,0,
NCT02898610,colchicine,stroke,0,0,0,
NCT02737501,crizotinib,Anaplastic Lymphoma,0,1,0,
NCT02913326,dabigatran etexilate,Thromboembolism,0,0,0,
NCT02681094,dapagliflozin,Type 2 Diabetes,0,0,0,
NCT02725593,dapagliflozin,Type 2 Diabetes Mellitus,0,0,0,
NCT02876835,daprodustat,anemia,0,0,0,
NCT02879305,daprodustat,aspergillosis,0,0,0,
NCT02634008,dasabuvir,hepatitis C virus infection,0,0,0,
NCT02679573,delafloxacin,Community Acquired Bacterial Pneumonia,0,0,0,
NCT02698514,desflurane,"Anesthesia, General",0,0,0,
NCT02830243,desflurane,Anesthesia,0,0,0,
NCT02872389,desflurane,Anesthesia,0,0,0,
NCT02121262,dexamethasone,Macular Edema,0,0,0,
NCT02767219,dexamethasone,Glaucoma,0,0,0,
NCT02794441,dexamethasone,Migraine,0,0,0,
NCT02811978,dexamethasone,Multiple Myeloma,0,1,0,
NCT02904538,dexamethasone,Pain Management After Surgery,0,0,0,
NCT02873689,dexlansoprazole,Heartburn; Gastroesophageal Reflux Disease,0,0,0,
NCT02128685,dydrogesterone,threatened miscarriage,0,0,0,
NCT02900378,enalapril,Chronic Heart Failure With Reduced Ejection Fraction,0,0,0,
NCT02677896,enzalutamide,Prostate Cancer,0,1,0,
NCT02890173,eplerenone,Essential Hypertension,0,0,0,
NCT02784704,eravacycline,Complicated Intra-abdominal Infections; Complicated Appendicitis,0,0,0,
NCT02995694,estradiol,Atrophic Vaginitis,0,0,0,
NCT02822144,etomidate,stroke,0,0,0,
NCT02763579,etoposide,Lung Cancer,1,1,1,cytotoxic_managed_toxicity
NCT02634580,ezetimibe,Hypercholesterolemia,0,0,0,
NCT02748057,ezetimibe,Hypercholesterolemia; Familial Hypercholesterolemia,0,0,0,
NCT02749994,ezetimibe,Hypercholesterolemia,0,0,0,
NCT02823353,fenofibrate,primary biliary cirrhosis,0,0,0,
NCT03001817,fenofibrate,severe hypertriglyceridemia,0,0,0,
NCT03011450,fenofibrate,severe hypertriglyceridemia,0,0,0,
NCT02880540,fentanyl,Obesity,0,0,0,
NCT03025789,fexinidazole,"Trypanosomiasis, African; Sleeping Sickness; Trypanosomiasis; Gambian",0,0,0,
NCT02873936,filgotinib,Rheumatoid Arthritis,0,0,0,
NCT02886728,filgotinib,Rheumatoid Arthritis,0,0,0,
NCT02889796,filgotinib,Rheumatoid Arthritis,0,0,0,
NCT02914522,filgotinib,ulcerative colitis,0,0,0,
NCT02914561,filgotinib,Crohn's disease,0,0,0,
NCT03004469,finasteride,androgenetic alopecia,0,0,0,
NCT02751632,fluoxetine,Psychotic Disorders; Personality Disorders; Clinical High Risk,0,0,0,
NCT02980133,fluticasone propionate,asthma,0,0,0,
NCT02695771,gemcitabine,Urinary Bladder Neoplasms,1,1,1,cytotoxic_managed_toxicity
NCT02807636,gemcitabine,Metastatic Urothelial Carcinoma,1,1,1,cytotoxic_managed_toxicity
NCT02853305,gemcitabine,Urothelial Carcinoma,1,1,1,cytotoxic_managed_toxicity
NCT02993731,gemcitabine,"Carcinoma, Pancreatic Ductal",1,1,1,cytotoxic_managed_toxicity
NCT02769481,glimepiride,Type 2 Diabetes,0,0,0,
NCT03062280,hydrocortisone,Congenital Adrenal Hyperplasia,0,0,0,
NCT02950051,ibrutinib,Previously Untreated Chronic Lymphocytic Leukemia,0,1,0,
NCT03022253,ibuprofen,Patent Ductus Arteriosus,0,0,0,
NCT02597361,irbesartan,"Ehlers-Danlos Syndrome, Vascular Type",0,0,0,
NCT02980016,isoniazid,Tuberculosis; HIV,0,0,0,
NCT02934698,ivacaftor,cystic fibrosis,0,0,0,
NCT02778880,ketamine,Pain; Traumatic Limb Injury,0,0,0,
NCT02927379,ketamine,Abdominal Cancer,0,1,0,
NCT03081416,ketamine,Headache; Intranasal Ketamine,0,0,0,
NCT02905045,ketoprofen,Pain Relief,0,0,0,
NCT02905058,ketoprofen,Pain Relief,0,0,0,
NCT02582866,lacosamide,epilepsy,0,0,0,
NCT03419975,latanoprost,open-angle glaucoma,0,0,0,
NCT02705534,ledipasvir,Cirrhosis,0,0,0,
NCT02783729,lemborexant,insomnia,0,0,0,
NCT02600923,letrozole,Advanced Breast Cancer,0,1,0,
NCT03241472,letrozole,Infertility,0,0,0,
NCT02578368,leucovorin,gastric cancer,0,1,0,
NCT02671383,lopinavir,HIV infection,0,0,0,
NCT02651155,lubiprostone,constipation,0,0,0,
NCT02695719,lubiprostone,chronic idiopathic constipation,0,0,0,
NCT02729909,lubiprostone,constipation,0,0,0,
NCT02766777,lubiprostone,functional constipation,0,0,0,
NCT02931539,maribavir,Cytomegalovirus (CMV),0,0,0,
NCT02112578,meclizine,Vertigo,0,0,0,
NCT02386319,melatonin,Anxiety,0,0,0,
NCT02536417,melatonin,Delirium,0,0,0,
NCT02522780,mesalamine,ulcerative colitis,0,0,0,
NCT02593097,metformin,Migraine,0,0,0,
NCT02752412,metformin,Type 2 Diabetes Mellitus,0,0,0,
NCT02794792,metformin,Type 2 Diabetes Mellitus,0,0,0,
NCT02831361,metformin,Type 2 Diabetes Mellitus,0,0,0,
NCT02926950,metformin,Type 2 Diabetes Mellitus,0,0,0,
NCT03320694,metformin,Management of Gestational Diabetes,0,0,0,
NCT03792984,metformin,Polycystic Ovary Syndrome; Vitamin D Deficiency/Insufficiency,0,0,0,
NCT02558010,methadone,Pain,0,0,0,
NCT02831569,methocarbamol,Pain,0,0,0,
NCT02634801,methotrexate,Plaque Psoriasis,1,0,1,cytotoxic_managed_toxicity
NCT02772965,methotrexate,Pediatric Crohn's Disease,1,0,1,cytotoxic_managed_toxicity
NCT03148860,methotrexate,Psoriatic Arthritis,1,0,1,cytotoxic_managed_toxicity
NCT03332719,methotrexate,Rheumatoid Arthritis,1,0,1,cytotoxic_managed_toxicity
NCT02346201,methylphenidate,Apathy,0,0,0,
NCT02650609,methylprednisolone,Chronic Subdural Hematomas,0,0,0,
NCT02666703,methylprednisolone,Cardiopulmonary Bypass,0,0,0,
NCT02887976,methylprednisolone,Prostate Cancer,0,1,0,
NCT02985229,mifepristone,medical abortion,0,0,0,
NCT02751931,mirabegron,Neurogenic Detrusor Overactivity,0,0,0,
NCT02202967,misoprostol,anemia,0,0,0,
NCT02758340,misoprostol,Labor pain,0,0,0,
NCT02563327,moxifloxacin,Tuberculosis,0,0,0,
NCT02896205,mycophenolate mofetil,Systemic Sclerosis; Scleroderma; Interstitial Lung Disease,0,0,0,
NCT02652585,naltrexone,Alcoholism,0,0,0,
NCT02696434,naltrexone,Use in Conjunction With Buprenorphine in Adults With Opioid Use Disorder,0,0,0,
NCT02521662,nicotine,smoking cessation,0,0,0,
NCT02802345,nintedanib,Idiopathic Pulmonary Fibrosis,0,0,0,
NCT03215797,norepinephrine,hypotension,0,0,0,
NCT02694328,olanzapine,Schizophrenia,0,0,0,
NCT02861859,olanzapine,Breast Cancer,0,1,0,
NCT02815709,oliceridine,pain,0,0,0,
NCT02820324,oliceridine,pain,0,0,0,
NCT02877927,omadacycline,skin and soft tissue Staphylococcus aureus infection,0,0,0,
NCT04140058,ondansetron,Hypotension; Nausea; Vomiting,0,0,0,
NCT02638337,ospemifene,vaginal dryness,0,0,0,
NCT02754882,paclitaxel,Lung Cancer,1,1,1,cytotoxic_managed_toxicity
NCT02775435,paclitaxel,Lung Cancer,1,1,1,cytotoxic_managed_toxicity
NCT02810457,paclitaxel,Lung Cancer,1,1,1,cytotoxic_managed_toxicity
NCT03998969,pantoprazole,Esophageal Disease,0,0,0,
NCT02578680,pemetrexed,Lung Cancer,1,1,1,cytotoxic_managed_toxicity
NCT02657434,pemetrexed,Lung Cancer,1,1,1,cytotoxic_managed_toxicity
NCT02899299,pemetrexed,Mesothelioma,1,1,1,cytotoxic_managed_toxicity
NCT03950674,pemetrexed,Lung Cancer,1,1,1,cytotoxic_managed_toxicity
NCT02849626,perampanel,epilepsy,0,0,0,
NCT02407782,permethrin,scabies,0,0,0,
NCT01657448,phenazopyridine,dysuria,0,0,0,
NCT02806713,phenazopyridine,pain,0,0,0,
NCT02970292,pimavanserin,schizophrenia,0,0,0,
NCT02689778,pirfenidone,diabetic nephropathy,0,0,0,
NCT02697331,progesterone,Preterm Birth; Twin Dichorionic Diamniotic Placenta,0,0,0,
NCT02736032,progesterone,Infertility,0,0,0,
NCT03043820,raloxifene,schizophrenia,0,0,0,
NCT02924727,ramipril,Acute Myocardial Infarction,0,0,0,
NCT02788279,regorafenib,Colorectal Cancer,0,1,0,
NCT02941926,ribociclib,Breast Cancer,0,1,0,
NCT03020082,ritonavir,Chronic Hepatitis C,0,0,0,
NCT02833948,rivaroxaban,Aortic Valve Stenosis; Cardiovascular Diseases; Heart Valve Diseases; Ventricular Outflow Obstruction; Thrombosis,0,0,0,
NCT02846532,rivaroxaban,Thrombosis,0,0,0,
NCT02839642,rivastigmine,Classical progressive supranuclear palsy,0,0,0,
NCT03480165,ropivacaine,Anesthesia; Functional; Anesthesia,0,0,0,
NCT02558231,selexipag,Pulmonary Arterial Hypertension,0,0,0,
NCT02738879,sitagliptin,Type 2 Diabetes Mellitus,0,0,0,
NCT02791490,sitagliptin,Type 2 Diabetes Mellitus,0,0,0,
NCT02684006,sunitinib,Cell Cancer,0,1,0,
NCT02750306,suvorexant,Alzheimer's Disease,0,0,0,
NCT02791230,tafamidis,transthyretin amyloid cardiomyopathy,0,0,0,
NCT02675998,tenapanor,hyperphosphatemia,0,0,0,
NCT02727751,tenapanor,irritable bowel syndrome,0,0,0,
NCT02964273,tolvaptan,Autosomal Dominant Polycystic Kidney Disease (ADPKD),0,0,0,
NCT02273804,topiramate,Obese Children and Adolescents,0,0,0,
NCT02566993,topotecan,Lung Cancer,1,1,1,cytotoxic_managed_toxicity
NCT02903004,trabectedin,Tube Cancer,1,1,1,cytotoxic_managed_toxicity
NCT02982161,tramadol,Acute Pain,0,0,0,
NCT02578901,tranexamic acid,Thrombocytopenia,0,0,0,
NCT02650791,tranexamic acid,Hematologic Neoplasms,0,1,0,
NCT02702128,tranexamic acid,Peri-operative Hemorrhage or Hematoma; Surgery; Retrognathism,0,0,0,
NCT02993341,tranexamic acid,Hip Fracture; Anemia,0,0,0,
NCT03060889,tranexamic acid,Placenta Previa,0,0,0,
NCT02914509,travoprost,open-angle glaucoma,0,0,0,
NCT02556424,triamcinolone,Inflammatory Macular Edema,0,0,0,
NCT02828163,triamcinolone acetonide,pemphigus vulgaris,0,0,0,
NCT02828020,ubrogepant,migraine,0,0,0,
NCT02867709,ubrogepant,migraine,0,0,0,
NCT02873221,ubrogepant,migraine,0,0,0,
NCT02706847,upadacitinib,Rheumatoid Arthritis,0,0,0,
NCT02706873,upadacitinib,Rheumatoid Arthritis,0,0,0,
NCT02706951,upadacitinib,Rheumatoid Arthritis,0,0,0,
NCT02680574,vadadustat,anemia,0,0,0,
NCT02865850,vadadustat,anemia,0,0,0,
NCT02892149,vadadustat,anemia,0,0,0,
NCT02736955,valbenazine,Tardive Dyskinesia,0,0,0,
NCT02460900,varenicline,HIV infection,0,0,0,
NCT02755597,venetoclax,Multiple Myeloma,0,1,0,
NCT02756611,venetoclax,Chronic Lymphocytic Leukemia,0,1,0,
NCT02980731,venetoclax,Your Cancer,0,1,0,
NCT02861534,vericiguat,heart failure,0,0,0,
NCT03075241,zolpidem,Sleep Disorder,0,0,0,
NCT02900352,zonisamide,alcohol use disorder measurement,0,0,0,
NCT02732912,zopiclone,sleep disorder,0,0,0,
NCT03004625,asunaprevir,hepatitis C virus infection,0,0,0,
NCT02752035,azacitidine,Acute Myeloid Leukemia,1,1,1,cytotoxic_managed_toxicity
NCT02988115,bempedoic acid,Hypercholesterolemia,0,0,0,
NCT02991118,bempedoic acid,Hypercholesterolemia,0,0,0,
NCT02946073,buprenorphine,Chronic pain,0,0,0,
NCT03003000,caffeine,Back Pain; Neck Pain,0,0,0,
NCT02869009,clopidogrel,Ischemic Stroke,0,0,0,
NCT02863328,empagliflozin,Type 2 Diabetes Mellitus,0,0,0,
NCT02952820,lemborexant,insomnia,0,0,0,
NCT02897349,linagliptin,"Diabetes Mellitus, Type 2",0,0,0,
NCT02697734,osilodrostat,pituitary-dependent Cushing's disease,0,0,0,
NCT03059238,parecoxib sodium,liver cancer,0,1,0,
NCT02611687,pitolisant,narcolepsy without cataplexy,0,0,0,
NCT02486627,plazomicin,Complicated Urinary Tract Infection; Acute Pyelonephritis,0,0,0,
NCT04486690,propofol,Open Heart Surgery,0,0,0,
NCT03096847,ribociclib,Women and Men With Hormone-receptor Positive Locally Advanced or Metastatic Breast Cancer,0,1,0,
NCT02410772,rifapentine,Tuberculosis,0,0,0,
NCT02746185,rivaroxaban,Neoplasm; Venous Thromboembolism,0,1,0,
NCT02779764,roxadustat,anemia of chronic kidney disease,0,0,0,
NCT02780141,roxadustat,anemia of chronic kidney disease,0,0,0,
NCT02780726,roxadustat,anemia of chronic kidney disease,0,0,0,
NCT02952092,roxadustat,anemia of chronic kidney disease,0,0,0,
NCT02607865,sitagliptin,Type 2 Diabetes,0,0,0,
NCT02849080,sitagliptin,Type 2 Diabetes Mellitus,0,0,0,
NCT02629965,tiotropium,COPD,0,0,0,
NCT03036813,voxelotor,sickle cell disease,0,0,0,
NCT02503306,avanafil,erectile dysfunction,0,0,0,
NCT02315495,acarbose,Type 2 Diabetes,0,0,0,
NCT02604342,alectinib,Anaplastic Lymphoma,0,1,0,
NCT02437318,alpelisib,Advanced Breast Cancer,0,1,0,
NCT03587025,amitriptyline,Prevention of Pain,0,0,0,
NCT02281929,amoxicillin,Alcoholic Hepatitis; Alcoholic Liver Disease,0,0,0,
NCT02283294,apixaban,Transient Ischemic Attack; Stroke; Atrial Fibrillation,0,0,0,
NCT02369653,apixaban,With Leukemia,0,1,0,
NCT02427126,apixaban,Embolic Stroke of Undetermined Source,0,0,0,
NCT02585713,apixaban,With Cancer,0,1,0,
NCT02496078,asunaprevir,hepatitis C virus infection,0,0,0,
NCT02522117,atorvastatin,Renal Insufficiency,0,0,0,
NCT02584504,atorvastatin,Hypercholesterolemia,0,0,0,
NCT02586155,atorvastatin,"Diabetes Mellitus, Type 2; Coronary Artery Disease",0,0,0,
NCT02577406,azacitidine,Acute Myeloid Leukemia,1,1,1,cytotoxic_managed_toxicity
NCT02480764,azilsartan medoxomil,essential hypertension,0,0,0,
NCT02980562,bisacodyl,inflammatory bowel disease,0,0,0,
NCT02194933,brexpiprazole,schizophrenia,0,0,0,
NCT02665273,bupivacaine,migraine,0,0,0,
NCT02752971,bupivacaine,Postoperative Pain,0,0,0,
NCT02187198,buprenorphine,opioid dependence,0,0,0,
NCT02191397,bupropion,Major Depressive Disorder,0,0,0,
NCT03271918,cabergoline,non-functioning pituitary adenoma,0,0,0,
NCT02395640,capecitabine,Advanced Gastric Cancer,1,1,1,cytotoxic_managed_toxicity
NCT02494583,capecitabine,Gastric Adenocarcinoma,1,1,1,cytotoxic_managed_toxicity
NCT02426775,carglumic acid,methylmalonic acidemia or propionic acidemia,0,0,0,
NCT02424461,ceftriaxone,urinary tract infection,0,0,0,
NCT02750293,vitamin D3,vitamin D deficiency,0,0,0,
NCT02341417,cinacalcet,"Secondary Hyperparathyroidism, Chronic Kidney Disease",0,0,0,
NCT02502032,cisatracurium,fasciculation,0,0,0,
NCT02628626,clonidine,fecal incontinence,0,0,0,
NCT02217501,clopidogrel,Peripheral Arterial Disease,0,0,0,
NCT02298088,clopidogrel,Acute ST Segment Elevation Myocardial Infarction; Thrombolysis in Myocardial Infarction Flow,0,0,0,
NCT02429271,clopidogrel,Myocardial Infarction; ST Segment Elevation Myocardial Infarction (STEMI),0,0,0,
NCT02545075,dacarbazine,IV Melanoma,1,1,1,cytotoxic_managed_toxicity
NCT02319031,daclatasvir,hepatitis C virus infection,0,0,0,
NCT02596880,daclatasvir,Cirrhosis,0,0,0,
NCT03563664,danazol,Unexplained Infertility,0,0,0,
NCT02419612,dapagliflozin,Type 2 Diabetes,0,0,0,
NCT02460978,dapagliflozin,Type 1 Diabetes,0,0,0,
NCT02518945,dapagliflozin,Type 1 Diabetes,0,0,0,
NCT02592421,dapagliflozin,Type II Diabetes Mellitus,0,0,0,
NCT02487563,decitabine,Thrombocytopenia; Hematologic Diseases,1,0,1,cytotoxic_managed_toxicity
NCT02322502,desflurane,Anesthesia With Use of LMA (Laryngeal Mask Airway),0,0,0,
NCT02609802,desflurane,Orthopedic Disorders,0,0,0,
NCT02412878,dexamethasone,Multiple Myeloma,0,1,0,
NCT02445326,dexamethasone,Chronic Allergic Conjunctivitis,0,0,0,
NCT02517021,dexamethasone,Chemotherapy-Induced Nausea and Vomiting,0,0,0,
NCT02547623,dexamethasone,Cataract,0,0,0,
NCT02557035,dexamethasone,Chemotherapy-Induced Nausea and Vomiting,0,0,0,
NCT02615262,dexamethasone,Cardiac Surgery; Congenital Heart Defects; Cardiopulmonary Bypass,0,0,0,
NCT02698995,dexamethasone,Postoperative Pain,0,0,0,
NCT02725008,dexamethasone,Pediatric Asthma,0,0,0,
NCT02736175,dexamethasone,Post-Surgical Ocular Pain; Post-Surgical Ocular Inflammation,0,0,0,
NCT02988882,dexamethasone,Chronic Allergic Conjunctivitis,0,0,0,
NCT03674294,dexamethasone,Gastrointestinal Neoplasms; Chemotherapy-induced Nausea and Vomiting,0,1,0,
NCT02476422,diclofenac,Post Operative Dental Pain,0,0,0,
NCT02335346,duloxetine,Osteoarthritis,0,0,0,
NCT02073682,edoxaban,Venous Thromboembolism (VTE); Deep Vein Thrombosis (DVT); Pulmonary Embolism (PE); Cancer,0,1,0,
NCT02099747,eltrombopag,severe aplastic anemia,0,0,0,
NCT02414958,empagliflozin,Type 1 Diabetes Mellitus,0,0,0,
NCT02580591,empagliflozin,"Diabetes Mellitus, Type 1",0,0,0,
NCT02468232,enalapril,Heart Failure With Reduced Ejection Fraction (HF-rEF),0,0,0,
NCT02534571,epinephrine,Acute Upper Gastrointestinal Bleeding,0,0,0,
NCT02354352,eplerenone,Duchenne Muscular Dystrophy,0,0,0,
NCT02417064,esketamine,Depression,0,0,0,
NCT02418585,esketamine,Depression,0,0,0,
NCT02422186,esketamine,Depression,0,0,0,
NCT02493868,esketamine,Relapse Prevention in Adult Participants With Treatment-resistant Depression,0,0,0,
NCT03848234,estradiol,Schizophrenia; Schizoaffective Disorder; Schizophreniform Disorders,0,0,0,
NCT02614482,fesoterodine,Overactive Bladder Syndrome,0,0,0,
NCT02446418,fluticasone furoate,Asthma,0,0,0,
NCT02502734,fluticasone furoate,asthma,0,0,0,
NCT01960075,fosphenytoin,Benzodiazepine Refractory Status Epilepticus,0,0,0,
NCT02076412,fostamatinib,immune thrombocytopenia,0,0,0,
NCT02345681,furosemide,fluid overload,0,0,0,
NCT02480114,gabapentin,Neck Cancer,0,1,0,
NCT03158376,gabapentin,Chronic Pain,0,0,0,
NCT02395016,gemcitabine,Metastatic Pancreatic Cancer,1,1,1,cytotoxic_managed_toxicity
NCT02517489,hydrocortisone,Community Acquired Pneumonia,0,0,0,
NCT02301156,ibrutinib,Chronic Lymphocytic Leukemia,0,1,0,
NCT02436668,ibrutinib,Metastatic Pancreatic Adenocarcinoma,0,1,0,
NCT02272725,ibuprofen,Acute Kidney Injury; Exercise-associated Hyponatremia; Perceived Exertion,0,0,0,
NCT02330926,ibuprofen,Cachexia in Advanced Cancer,0,1,0,
NCT02477007,ibuprofen,Pain; Long-bone Fractures,0,0,0,
NCT02385188,imiquimod,extramammary Paget disease,0,0,0,
NCT02394132,imiquimod,lentigo maligna melanoma,0,1,0,
NCT02598505,indacaterol,heart failure,0,0,0,
NCT02361216,ingenol mebutate,actinic keratosis,0,0,0,
NCT02789033,isosorbide dinitrate,diabetic foot ulcer,0,0,0,
NCT02347657,ivacaftor,cystic fibrosis,0,0,0,
NCT02390219,ivacaftor,cystic fibrosis,0,0,0,
NCT02392234,ivacaftor,cystic fibrosis,0,0,0,
NCT02412111,ivacaftor,cystic fibrosis,0,0,0,
NCT02516410,ivacaftor,cystic fibrosis,0,0,0,
NCT02556606,ketamine,Treatment Resistant Late-Life Depression,0,0,0,
NCT02465255,ketorolac,Acute Abdominal Pain,0,0,0,
NCT02477839,lacosamide,focal epilepsy,0,0,0,
NCT02388724,lansoprazole,Erosive Esophagitis,0,0,0,
NCT02388737,lansoprazole,Erosive Esophagitis,0,0,0,
NCT02565186,lasmiditan,migraine,0,0,0,
NCT02322320,lenalidomide,Multiple Myeloma,0,1,0,
NCT02297438,letrozole,Advanced Breast Cancer,0,1,0,
NCT02491320,letrozole,Polycystic Ovary Syndrome,0,0,0,
NCT02900105,letrozole,"Azoospermia, Nonobstructive; Oligozoospermia",0,0,0,
NCT02545504,leucovorin,gastric adenocarcinoma,0,1,0,
NCT02431806,levomilnacipran,Major Depressive Disorder,0,0,0,
NCT02525016,lidocaine,obesity,0,0,0,
NCT02990364,lidocaine,pain,0,0,0,
NCT02453555,linagliptin,Type 2 Diabetes Mellitus,0,0,0,
NCT02851745,linagliptin,Type 2 DiAbetes Mellitus,0,0,0,
NCT02333799,linezolid,pulmonary tuberculosis,0,0,0,
NCT02363998,lofexidine,opioid withdrawal,0,0,0,
NCT02235909,losartan,Hypertension,0,0,0,
NCT02481947,lubiprostone,chronic idiopathic constipation,0,0,0,
NCT02389621,lusutrombopag,Thrombocytopenia in Patients With Chronic Liver Disease,0,0,0,
NCT02558829,macimorelin,growth hormone deficiency,0,0,0,
NCT02197221,melphalan,Multiple Myeloma,1,1,1,cytotoxic_managed_toxicity
NCT02522767,mesalamine,ulcerative colitis,0,0,0,
NCT02519543,metformin,Bipolar Disorder,0,0,0,
NCT02551874,metformin,Type 2 Diabetes,0,0,0,
NCT02586129,metformin,Diabetes,0,0,0,
NCT02597049,metformin,Type 2 Diabetes Mellitus,0,0,0,
NCT02638805,metformin,Type 2 Diabetes,0,0,0,
NCT02345850,methotrexate,Prevention of Graft-versus-Host Disease,1,0,1,cytotoxic_managed_toxicity
NCT02376790,methotrexate,Psoriatic Arthritis,1,0,1,cytotoxic_managed_toxicity
NCT02504268,methotrexate,Rheumatoid Arthritis,1,0,1,cytotoxic_managed_toxicity
NCT02553018,methotrexate,Rheumatoid Arthritis,1,0,1,cytotoxic_managed_toxicity
NCT02744196,methotrexate,Rheumatoid Arthritis,1,0,1,cytotoxic_managed_toxicity
NCT04108468,methotrexate,Psoriatic Arthritis,1,0,1,cytotoxic_managed_toxicity
NCT02604225,methoxyflurane,cancer,0,1,0,
NCT02319343,methylprednisolone,Osteoarthrosis,0,0,0,
NCT02332603,methylprednisolone,Osteoarthrosis,0,0,0,
NCT02332616,methylprednisolone,Osteoarthrosis,0,0,0,
NCT02332629,methylprednisolone,Osteoarthrosis,0,0,0,
NCT03308084,methylprednisolone,Dysphasia,0,0,0,
NCT02308007,metronidazole,Vaginal Infection,0,0,0,
NCT02308033,metronidazole,Vaginal Infection,0,0,0,
NCT02163616,misoprostol,postpartum hemorrhage,0,0,0,
NCT03790371,misoprostol,contraception,0,0,0,
NCT02498509,mometasone furoate,perennial allergic rhinitis,0,0,0,
NCT02554786,mometasone furoate,asthma,0,0,0,
NCT02342886,moxifloxacin,"Tuberculosis, Pulmonary, Drug Sensitive; Tuberculosis, Pulmonary, Multi Drug-resistant",0,0,0,
NCT02383589,mycophenolate mofetil,Pemphigus Vulgaris,0,0,0,
NCT02630628,mycophenolate mofetil,Lupus Nephritis,0,0,0,
NCT02505971,nadolol,capillary infantile hemangioma,0,0,0,
NCT02597933,nintedanib,Patients With Scleroderma Related Lung Fibrosis,0,0,0,
NCT02612922,nitazoxanide,Influenza,0,0,0,
NCT02282020,olaparib,Breast Cancer,0,1,0,
NCT02484911,olanzapine,Chemotherapy-induced Nausea and Vomiting,0,0,0,
NCT02634346,olanzapine,Schizophrenia,0,0,0,
NCT02635984,olanzapine,Complications of Bone Marrow Transplant; Hematologic Neoplasms,0,1,0,
NCT02477644,olaparib,Ovarian Cancer,0,1,0,
NCT02378480,omadacycline,skin and soft tissue Staphylococcus aureus infection,0,0,0,
NCT02531438,omadacycline,Bacterial Pneumonia; Community-Acquired Infections,0,0,0,
NCT02369159,oseltamivir,Influenza,0,0,0,
NCT02364999,paclitaxel,NSCLC,1,1,1,cytotoxic_managed_toxicity
NCT02366143,paclitaxel,Lung Cancer,1,1,1,cytotoxic_managed_toxicity
NCT02367794,paclitaxel,Lung Cancer,1,1,1,cytotoxic_managed_toxicity
NCT02501954,paclitaxel,Endometrial Clear Cell Adenocarcinoma; Endometrial Serous Adenocarcinoma; Stage IIIA Uterine Corpus Cancer; Stage IIIB Uterine Corpus Cancer; Stage IIIC Uterine Corpus Cancer; Stage IVA Uterine Corpus Cancer,1,1,1,cytotoxic_managed_toxicity
NCT02290327,pantoprazole,Stress Ulcer Prophylaxis,0,0,0,
NCT02367781,pemetrexed,Lung Cancer,1,1,1,cytotoxic_managed_toxicity
NCT02427607,perampanel,epilepsy,0,0,0,
NCT02572986,permethrin,scabies,0,0,0,
NCT02371369,pexidartinib,tenosynovial giant cell tumor,0,1,0,
NCT03650270,phenobarbital,status epilepticus,0,0,0,
NCT03141970,prednisolone,Nephrotic Syndrome,0,0,0,
NCT03298061,prednisolone,Churg-Strauss Syndrome; Eosinophilic Granulomatosis With Polyangiitis,0,0,0,
NCT02457221,prednisone,Lupus Nephritis,0,0,0,
NCT02290873,remimazolam,Colonoscopy,0,0,0,
NCT02296892,remimazolam,Bronchoscopy,0,0,0,
NCT02532647,remimazolam,Colonoscopy,0,0,0,
NCT02442284,ribavirin,Cirrhosis,0,0,0,
NCT02422615,ribociclib,Advanced Breast Cancer,0,1,0,
NCT02469155,risperidone,Schizophrenia,0,0,0,
NCT02164578,rivaroxaban,Type 2 Diabetic Patients,0,0,0,
NCT02486445,rivaroxaban,Deep Venous Thrombosis,0,0,0,
NCT02555878,rivaroxaban,Ambulatory Cancer,0,1,0,
NCT04122547,roflumilast,bronchiectasis,0,0,0,
NCT02408393,ropivacaine,Breast Cancer,0,1,0,
NCT02410317,ropivacaine,pain,0,0,0,
NCT02273726,roxadustat,anemia of chronic kidney disease,0,0,0,
NCT02413346,sarecycline,acne vulgaris,0,0,0,
NCT02471183,selexipag,Pulmonary Arterial Hypertension,0,0,0,
NCT01802385,sertraline,Cryptococcal Meningitis; Fungal Meningitis,0,0,0,
NCT02532855,sitagliptin,Type 2 Diabetes Mellitus,0,0,0,
NCT02536248,sitagliptin,Type 2 Diabetes Mellitus,0,0,0,
NCT02564211,sitagliptin,Type 2 Diabetes Mellitus,0,0,0,
NCT02577003,sitagliptin,Type 2 Diabetes Mellitus,0,0,0,
NCT02577016,sitagliptin,Type 2 Diabetes Mellitus,0,0,0,
NCT02250807,sofosbuvir,hepatitis C virus infection,0,0,0,
NCT02384941,sotagliflozin,Type 1 Diabetes Mellitus,0,0,0,
NCT02421510,sotagliflozin,Type 1 Diabetes Mellitus,0,0,0,
NCT02531035,sotagliflozin,Type 1 Diabetes,0,0,0,
NCT02420821,sunitinib,Cell Carcinoma,0,1,0,
NCT02216123,tafenoquine,"Malaria, Vivax",0,0,0,
NCT02486653,tamsulosin,Urinary Retention; Urinary Tract Infections,0,0,0,
NCT02604446,tapentadol,Pre- and Postoperative Pain,0,0,0,
NCT03566316,telmisartan,Hypertension With Hyperlipidemia,0,0,0,
NCT02621892,tenapanor,irritable bowel syndrome,0,0,0,
NCT02686138,tenapanor,irritable bowel syndrome,0,0,0,
NCT02354222,teneligliptin,Type 2 Diabetes,0,0,0,
NCT02354235,teneligliptin,Type 2 Diabetes,0,0,0,
NCT02567994,teneligliptin,type 2 diabetes mellitus,0,0,0,
NCT02587195,teriflunomide,Multiple Sclerosis,0,0,0,
NCT02367105,testosterone,male hypogonadism,0,0,0,
NCT02325466,ticagrelor,Type 2 Diabetes,0,0,0,
NCT02675205,ticagrelor,Cerebral Aneurysm,0,0,0,
NCT02518139,tiotropium,Chronic Obstructive Pulmonary Disease,0,0,0,
NCT03803124,tolvaptan,"Polycystic Kidney, Autosomal Dominant",0,0,0,
NCT02421588,topotecan,Ovarian Cancer,1,1,1,cytotoxic_managed_toxicity
NCT02481830,topotecan,Lung Cancer,1,1,1,cytotoxic_managed_toxicity
NCT02672527,trabectedin,With Sarcoma,1,1,1,cytotoxic_managed_toxicity
NCT02086500,tranexamic acid,Traumatic Hemorrhage,0,0,0,
NCT02302456,tranexamic acid,Immediate Postpartum Hemorrhage,0,0,0,
NCT02546648,tranexamic acid,Atherosclerotic Disease; Perioperative Bleeding,0,0,0,
NCT03469947,tranexamic acid,Hemorrhagic Shock; Trauma Injury,0,0,0,
NCT02675426,upadacitinib,Rheumatoid Arthritis,0,0,0,
NCT02648347,vadadustat,anemia,0,0,0,
NCT02607618,vancomycin,Skin Structures and Soft Tissue Infections,0,0,0,
NCT02372799,vilazodone,Major Depressive Disorder,0,0,0,
NCT02436239,vilazodone,Major Depressive Disorder,0,0,0,
NCT02389816,vortioxetine,Major Depressive Disorder,0,0,0,
NCT02920905,atracurium,postoperative pain,0,0,0,
NCT03687515,budesonide,Chronic Rhinosinusitis With Polyposis,0,0,0,
NCT02460419,capecitabine,Metastatic Nasopharyngeal Carcinoma,1,1,1,cytotoxic_managed_toxicity
NCT02551094,colchicine,coronary artery disease,0,0,0,
NCT02476617,dasabuvir,hepatitis C virus infection,0,0,0,
NCT02582632,dasabuvir,hepatitis C virus infection,0,0,0,
NCT02989519,dydrogesterone,preterm labor and delivery,0,0,0,
NCT02395653,fentanyl,Acute Post-op Pain,0,0,0,
NCT02059499,fluorouracil,Anal Intraepithelial Neoplasia; High-grade Squamous Intraepithelial Lesion; HIV Infection,1,0,1,cytotoxic_managed_toxicity
NCT02523820,fluticasone propionate,stridor,0,0,0,
NCT02421939,gilteritinib,Acute Myeloid Leukemia,0,1,0,
NCT02285062,lenalidomide,cell Lymphoma,0,1,0,
NCT02570490,linezolid,skin and soft tissue bacterial infection,0,0,0,
NCT02491333,metformin,Polycystic Ovary Syndrome; Insulin Resistance,0,0,0,
NCT02297945,metyrapone,Cushing syndrome,0,0,0,
NCT02332447,naloxone,epilepsy,0,0,0,
NCT02370498,paclitaxel,Gastric Adenocarcinoma; Gastroesophageal Junction Adenocarcinoma,1,1,1,cytotoxic_managed_toxicity
NCT02425644,ponesimod,MUltiple Sclerosis,0,0,0,
NCT03349333,pralatrexate,unspecified peripheral T-cell lymphoma,1,1,1,cytotoxic_managed_toxicity
NCT02492282,propofol,"Anesthesia, General; Anesthesia, Intravenous",0,0,0,
NCT02442271,ribavirin,hepatitis C virus infection,0,0,0,
NCT02517528,ribavirin,hepatitis C virus infection,0,0,0,
NCT02609659,ribavirin,hepatitis C virus infection,0,0,0,
NCT02821169,ropivacaine,Pain,0,0,0,
NCT02296138,tiotropium,Chronic Obstructive Pulmonary Disease,0,0,0,
NCT02566967,tofacitinib,Rheumatoid Arthritis,0,0,0,
NCT02600611,vancomycin,Skin Structures and Soft Tissue Infections,0,0,0,
NCT04056754,abiraterone acetate,Prostate Cancer,0,1,0,
NCT02044380,afatinib,Lung Cancer,0,1,0,
NCT02075840,alectinib,Anaplastic Lymphoma,0,1,0,
NCT02017171,allopurinol,Type 1 Diabetes,0,0,0,
NCT02132767,amiodarone,atrial fibrillation,0,0,0,
NCT02896621,amlodipine,Hypertension; Sleep Apnea,0,0,0,
NCT02066454,apixaban,Myeloma; Venous Thromboembolism,0,1,0,
NCT02307513,apremilast,Behcet syndrome,0,0,0,
NCT01995266,asunaprevir,hepatitis C virus infection,0,0,0,
NCT02135029,atorvastatin,Hyperlipidemia,0,0,0,
NCT02189837,atorvastatin,Primary Hyperlipidemia and Mixed Dyslipidemia,0,0,0,
NCT02203916,azilsartan medoxomil,essential hypertension,0,0,0,
NCT02265705,baricitinib,Rheumatoid Arthritis,0,0,0,
NCT02139644,beclomethasone dipropionate,asthma,0,0,0,
NCT02130557,bosutinib,Chronic Myelogenous Leukemia,0,1,0,
NCT02054702,brexpiprazole,schizophrenia,0,0,0,
NCT02289352,brimonidine,rosacea,0,0,0,
NCT02087306,brincidofovir,adenovirus infection,0,0,0,
NCT01738178,caffeine,Parkinson's Disease,0,0,0,
NCT02114359,capecitabine,Advanced Gastric Cancer,1,1,1,cytotoxic_managed_toxicity
NCT02253459,capecitabine,Metastatic Breast Cancer,1,1,1,cytotoxic_managed_toxicity
NCT02108366,celecoxib,"Influenza, Human",0,0,0,
NCT02001012,chloroquine,Uncomplicated Knowlesi Malaria,0,0,0,
NCT02155881,ciclesonide,seasonal allergic rhinitis,0,0,0,
NCT02068846,ciprofloxacin,HIV; Salivary Gland Disease; Benign Lymphoepithelial Lesion,0,0,0,
NCT02300220,ciprofloxacin,COPD,0,0,0,
NCT02625753,codeine,PRK Post-operative Pain,0,0,0,
NCT02282098,colchicine,atrial fibrillation,0,0,0,
NCT02319135,cytarabine,Acute Myeloid Leukemia,1,1,1,cytotoxic_managed_toxicity
NCT01974752,dacarbazine,Metastatic Uveal Melanoma,1,1,1,cytotoxic_managed_toxicity
NCT02032875,daclatasvir,hepatitis C virus infection,0,0,0,
NCT02032888,daclatasvir,hepatitis C virus infection,0,0,0,
NCT02032901,daclatasvir,hepatitis C virus infection,0,0,0,
NCT02282709,daclatasvir,hepatitis C virus infection,0,0,0,
NCT02127970,dalbavancin,Cellulitis,0,0,0,
NCT02096705,dapagliflozin,Diabetes,0,0,0,
NCT02229396,dapagliflozin,Diabetes Mellitus,0,0,0,
NCT02268214,dapagliflozin,Type 1 Diabetes,0,0,0,
NCT02284893,dapagliflozin,Type 2 Diabetes,0,0,0,
NCT02383238,dapagliflozin,Diabetes Mellitus Type 2,0,0,0,
NCT02142075,daptomycin,Renal Failure; Critical Care; Gram Positive Bacteria,0,0,0,
NCT02143570,darifenacin,overactive bladder,0,0,0,
NCT02216422,dasabuvir,hepatitis C virus infection,0,0,0,
NCT02219503,dasabuvir,hepatitis C virus infection,0,0,0,
NCT02214407,decitabine,MDS,1,0,1,cytotoxic_managed_toxicity
NCT01825512,deferiprone,microcytic anemia with liver iron overload,0,0,0,
NCT02035267,deoxycholic acid,submental fat,0,0,0,
NCT01971645,dexamethasone,Knee Injury,0,0,0,
NCT02034019,dexamethasone,Treatment of Ocular Inflammation and Pain,0,0,0,
NCT02089113,dexamethasone,Post-Surgical Ocular Pain; Post-Surgical Ocular Inflammation,0,0,0,
NCT02136134,dexamethasone,Multiple Myeloma,0,1,0,
NCT02215980,dexamethasone,MULTIPLE MYELOMA,0,1,0,
NCT02133105,dobutamine,cardiorenal syndrome,0,0,0,
NCT02275780,doravirine,HIV-1,0,0,0,
NCT02248480,duloxetine,Osteoarthritis,0,0,0,
NCT02014584,dutasteride,alopecia,0,0,0,
NCT02072434,edoxaban,Atrial Fibrillation,0,0,0,
NCT02471963,empagliflozin,Diabetes Mellitus Type 2,0,0,0,
NCT02288247,enzalutamide,Prostate Cancer,0,1,0,
NCT02294461,enzalutamide,Metastatic Prostate Cancer,0,1,0,
NCT02807298,epinephrine,Irreversible Pulpitis,0,0,0,
NCT01978938,eravacycline,complicated urinary tract infection,0,0,0,
NCT02226003,ertugliflozin,Type 2 Diabetes Mellitus,0,0,0,
NCT02157376,esomeprazole,Stress Ulcer Prophylaxis,0,0,0,
NCT02253173,estradiol,Vulvovaginal Atrophy; Menopause; Dyspareunia; Painful Intercourse,0,0,0,
NCT02750917,etoricoxib,pain,0,0,0,
NCT03288038,ezetimibe,Hypercholesterolemia,0,0,0,
NCT02262143,fenofibrate,mixed dyslipidemia,0,0,0,
NCT02145975,fentanyl,Postoperative Pain,0,0,0,
NCT02327936,fesoterodine,Overactive Bladder Syndrome,0,0,0,
NCT02683213,fluoxetine,Stroke,0,0,0,
NCT04332978,fluticasone propionate,perennial allergic rhinitis,0,0,0,
NCT02077192,fostamatinib,immune thrombocytopenia,0,0,0,
NCT02076399,fostamatinib,immune thrombocytopenia,0,0,0,
NCT01964430,gemcitabine,Patients With Resected Pancreatic Cancer,1,1,1,cytotoxic_managed_toxicity
NCT02043288,gemcitabine,Pancreatic Cancer,1,1,1,cytotoxic_managed_toxicity
NCT03766295,gemcitabine,Pancreatic Cancer,1,1,1,cytotoxic_managed_toxicity
NCT01954056,hydrocortisone,"Infant, Newborn, Diseases; Cardiovascular Insufficiency",0,0,0,
NCT02095990,hydroquinone,melasma,0,0,0,
NCT01976416,hydroxyurea,Sickle Cell Anemia; Sickle Cell Disease; Malaria,0,0,0,
NCT02165397,ibrutinib,Waldenström's Macroglobulinemia,0,0,0,
NCT02264574,ibrutinib,Chronic Lymphocytic Leukemia,0,1,0,
NCT02863718,ibrutinib,Risk of Disease,0,0,0,
NCT02168842,isradipine,Parkinson Disease,0,0,0,
NCT02181413,ixazomib citrate,Multiple Myeloma,0,1,0,
NCT02021240,ketamine,Post-operative Pain,0,0,0,
NCT01911975,lacosamide,sodium channelopathy-related small fiber neuropathy,0,0,0,
NCT01964560,lacosamide,epilepsy,0,0,0,
NCT02124564,lacosamide,epilepsy,0,0,0,
NCT02263079,lamivudine,chronic hepatitis B virus infection,0,0,0,
NCT01996865,lenalidomide,Cell Lymphoma,0,1,0,
NCT02112175,lenalidomide,Multiple Myeloma,0,1,0,
NCT02128061,lenalidomide,Diffuse Large B Cell Lymphoma,0,1,0,
NCT02137772,letermovir,cytomegalovirus infection,0,0,0,
NCT02739516,letrozole,Unexplained Infertility,0,0,0,
NCT02073773,levodopa,Ischaemic Stroke,0,0,0,
NCT01838551,levoketoconazole,Cushing syndrome,0,0,0,
NCT02217267,lidocaine,peripheral neuropathy,0,0,0,
NCT02726737,lidocaine,Local Anesthesia,0,0,0,
NCT02284516,lifitegrast,dry eye syndrome,0,0,0,
NCT02015299,linagliptin,Diabetes,0,0,0,
NCT02066402,linezolid,gram-positive bacterial infections,0,0,0,
NCT02008565,loperamide,fecal incontinence,0,0,0,
NCT02239380,lorazepam,Status Epilepticus,0,0,0,
NCT02232763,losartan,Proteinuria,0,0,0,
NCT02232776,losartan,"Glomerulonephritis, IGA",0,0,0,
NCT02248961,losartan,Arterial Hypertension,0,0,0,
NCT02138136,lubiprostone,functional constipation,0,0,0,
NCT01955187,methylprednisolone,MEMBRANOUS NEPHROPATHY,0,0,0,
NCT02112487,macitentan,Pulmonary Arterial Hypertension,0,0,0,
NCT02034162,mebendazole,helminth infection,0,0,0,
NCT02070757,meropenem,Healthcare-Associated Pneumonia; Ventilator-Associated Pneumonia; Lung Diseases,0,0,0,
NCT03477422,meropenem,Urinary Tract Infection Complicated; Acute Pyelonephritis,0,0,0,
NCT02280629,mesalamine,ulcerative colitis,0,0,0,
NCT02040376,metformin,Brain Tumor Treated With Cranial or Cranial-Spinal Radiation,0,1,0,
NCT02045290,metformin,Type 1 Diabetes,0,0,0,
NCT02058147,metformin,Type 2 Diabetes,0,0,0,
NCT02152371,metformin,Diabetes,0,0,0,
NCT01386671,metformin,Type 2 Diabetes,0,0,0,
NCT02068443,metformin,Type 2 Diabetes Mellitus,0,0,0,
NCT01987479,methotrexate,Rheumatoid Arthritis,1,0,1,cytotoxic_managed_toxicity
NCT02001987,methotrexate,Rheumatoid Arthritis,1,0,1,cytotoxic_managed_toxicity
NCT02037191,methotrexate,ALOPECIA AREATA,1,0,1,cytotoxic_managed_toxicity
NCT02046603,methotrexate,Rheumatoid Arthritis,1,0,1,cytotoxic_managed_toxicity
NCT02046616,methotrexate,Rheumatoid Arthritis,1,0,1,cytotoxic_managed_toxicity
NCT02065713,methotrexate,Psoriatic Arthritis,1,0,1,cytotoxic_managed_toxicity
NCT02105636,methotrexate,Neck Carcinoma,1,1,1,cytotoxic_managed_toxicity
NCT02151851,methotrexate,Rheumatoid Arthritis,1,0,1,cytotoxic_managed_toxicity
NCT02152696,methotrexate,Persistent Pregnancy of Unknown Location; Ectopic Pregnancy,1,0,1,cytotoxic_managed_toxicity
NCT02196701,methotrexate,Psoriasis,1,0,1,cytotoxic_managed_toxicity
NCT02252042,methotrexate,Recurrent or Metastatic Head and Neck Cancer,1,1,1,cytotoxic_managed_toxicity
NCT02277444,methotrexate,"Arthritis, Juvenile",1,0,1,cytotoxic_managed_toxicity
NCT03311425,methylprednisolone,Dysphagia,0,0,0,
NCT02096900,midazolam,Parental/Caregiver Anxiety; Child's Anxiety,0,0,0,
NCT02250703,midazolam,Preoperative Sedation,0,0,0,
NCT02325583,midazolam,epilepsy,0,0,0,
NCT02307565,midodrine,spinal cord injury,0,0,0,
NCT02012491,mifepristone,spontaneous abortion,0,0,0,
NCT02011958,miltefosine,visceral Leishmaniasis,0,0,0,
NCT02193022,miltefosine,post-kala-azar dermal leishmaniasis,0,0,0,
NCT02045862,mirabegron,Urinary Bladder Overactive; Overactive Bladder; Urgency Incontinence; Urinary Bladder Diseases\Urologic Diseases,0,0,0,
NCT02336750,mirtazapine,Breast Cancer,0,1,0,
NCT02101268,momelotinib,primary myelofibrosis,0,0,0,
NCT01951885,mycophenolate mofetil,Chronic Myelogenous Leukemia; Acute Lymphoblastic Leukemia; Acute Myeloid Leukemia; Acute Biphenotypic Leukemia; Myelodysplastic Syndrome; Myeloproliferative Neoplasm; Non-Hodgkin Lymphoma; Hodgkins Disease; Chronic Lymphocytic Leukemia; Multiple Myeloma,0,1,0,
NCT02334488,mycophenolic acid,Chronic Kidney Disease,0,0,0,
NCT01959074,naftopidil,ureteral stent-related symptoms,0,0,0,
NCT02132533,nifedipine,preterm labor and delivery,0,0,0,
NCT02272777,nilotinib,Chronic Myelogenous Leukemia,0,1,0,
NCT02323529,nitisinone,tyrosinemia type I,0,0,0,
NCT02479529,norepinephrine,Vasoplegic syndrome,0,0,0,
NCT03106454,norethindrone,contraception,0,0,0,
NCT02116530,olanzapine,With Cancer,0,1,0,
NCT02184195,olaparib,Pancreatic Cancer,0,1,0,
NCT02161146,olopatadine,allergic conjunctivitis,0,0,0,
NCT03362281,omeprazole,Peptic Ulcer Hemorrhage,0,0,0,
NCT02294058,ozanimod,Multiple Sclerosis,0,0,0,
NCT02090764,ozenoxacin,impetigo,0,0,0,
NCT01964391,paclitaxel,Breast Cancer,1,1,1,cytotoxic_managed_toxicity
NCT01966471,paclitaxel,Primary Breast Cancer,1,1,1,cytotoxic_managed_toxicity
NCT01989676,paclitaxel,Metastatic Breast Cancer,1,1,1,cytotoxic_managed_toxicity
NCT02032277,paclitaxel,Breast Cancer,1,1,1,cytotoxic_managed_toxicity
NCT02106546,paclitaxel,Lung Cancer,1,1,1,cytotoxic_managed_toxicity
NCT02125344,paclitaxel,Neoadjuvant Treatment of Patients With High-risk Early Breast Cancer,1,1,1,cytotoxic_managed_toxicity
NCT02163694,paclitaxel,Breast Cancer,1,1,1,cytotoxic_managed_toxicity
NCT02178956,paclitaxel,Junction Cancer,1,1,1,cytotoxic_managed_toxicity
NCT02194166,paclitaxel,Breast Cancer,1,1,1,cytotoxic_managed_toxicity
NCT02214381,paclitaxel,Early Primary Breast Cancer,1,1,1,cytotoxic_managed_toxicity
NCT02305849,peficitinib,Rheumatoid Arthritis,0,0,0,
NCT02308163,peficitinib,Rheumatoid Arthritis,0,0,0,
NCT02304783,piroxicam,Renal Colic,0,0,0,
NCT01774838,prasugrel,Acute Coronary Syndrome; Unstable Angina,0,0,0,
NCT02000336,prednisolone,Rheumatoid Arthritis,0,0,0,
NCT03761225,prednisone,Prostate Cancer,0,1,0,
NCT02259426,primaquine,malaria,0,0,0,
NCT02131233,raltegravir,HIV infection,0,0,0,
NCT03764267,remifentanil,Breast Diseases,0,0,0,
NCT02006745,ribavirin,HIV infection,0,0,0,
NCT02023112,ribavirin,hepatitis C virus infection,0,0,0,
NCT02105701,ribavirin,hepatitis C virus infection,0,0,0,
NCT03090035,ribavirin,hepatitis C virus infection,0,0,0,
NCT02278120,ribociclib,Advanced Breast Cancer,0,1,0,
NCT02109562,risperidone,Schizophrenia,0,0,0,
NCT02123524,rivaroxaban,Symptomatic Superficial Vein Thrombosis,0,0,0,
NCT02165826,roflumilast,COPD,0,0,0,
NCT02340520,roflumilast,COPD,0,0,0,
NCT02154763,ropivacaine,Bariatric Surgery Candidate,0,0,0,
NCT02256228,ropivacaine,Pain,0,0,0,
NCT02021318,roxadustat,anemia of chronic kidney disease,0,0,0,
NCT02052310,roxadustat,anemia of chronic kidney disease,0,0,0,
NCT02174627,roxadustat,anemia,0,0,0,
NCT02174731,roxadustat,anemia,0,0,0,
NCT02278341,roxadustat,anemia,0,0,0,
NCT01968213,rucaparib,Ovarian Cancer,0,1,0,
NCT02038036,ruxolitinib,Polycythemia Vera,0,0,0,
NCT02087059,ruxolitinib,Primary Myelofibrosis (MF),0,0,0,
NCT02292446,ruxolitinib,Polycythemia Vera,0,0,0,
NCT02320149,sarecycline,acne vulgaris,0,0,0,
NCT02322866,sarecycline,acne vulgaris,0,0,0,
NCT02067949,simvastatin,Critical Illness,0,0,0,
NCT02173457,sitagliptin,Type 2 Diabetes,0,0,0,
NCT02074514,sofosbuvir,hepatitis C virus infection,0,0,0,
NCT02231749,sunitinib,Cell Carcinoma,0,1,0,
NCT01824290,tadalafil,"Hypertension, Pulmonary",0,0,0,
NCT02019420,tedizolid phosphate,pneumonia,0,0,0,
NCT02201108,teriflunomide,Multiple Sclerosis,0,0,0,
NCT02203253,thalidomide,Neoplasms,0,1,0,
NCT01930591,ticagrelor,Acute Myocardial Infarction,0,0,0,
NCT01911364,tiotropium,Chronic Obstructive Pulmonary Disease,0,0,0,
NCT01976364,tofacitinib,Psoriatic Arthritis,0,0,0,
NCT02281552,tofacitinib,Rheumatoid Arthritis,0,0,0,
NCT02251275,tolvaptan,"Polycystic Kidney, Autosomal Dominant",0,0,0,
NCT02201251,topiramate,Epilepsy,0,0,0,
NCT01651182,tranexamic acid,Cancer; Tumour; Surgery,0,1,0,
NCT02125890,tranexamic acid,Abdominal Aortic Aneurysms,0,0,0,
NCT02187120,tranexamic acid,Wounds and Injuries; Acute Coagulopathy,0,0,0,
NCT02393300,tranexamic acid,Total Blood Loss,0,0,0,
NCT02022930,triamcinolone acetonide,Osteoarthritis,0,0,0,
NCT02873026,triamcinolone acetonide,ocular trauma,0,0,0,
NCT02207829,umeclidinium,Chronic Obstructive Pulmonary Disease,0,0,0,
NCT01987895,vancomycin,Clostridium Difficile Infection,0,0,0,
NCT02284126,vancomycin,Infection; Surgery; Nervous System Diseases,0,0,0,
NCT02005471,venetoclax,Chronic Lymphocytic Leukemia,0,1,0,
NCT02242942,venetoclax,Chronic Lymphocytic Leukemia,0,1,0,
NCT02105974,vilanterol,Chronic Obstructive Pulmonary Disease,0,0,0,
NCT02079727,celecoxib,Knee Osteoarthritis,0,0,0,
NCT02197416,dabigatran etexilate,Venous Thromboembolism; Secondary Prevention,0,0,0,
NCT02239120,dabigatran etexilate,Stroke; Secondary Prevention,0,0,0,
NCT02207088,dasabuvir,hepatitis C virus infection,0,0,0,
NCT02219477,dasabuvir,hepatitis C virus infection,0,0,0,
NCT01984684,delafloxacin,Skin and Subcutaneous Tissue Bacterial Infections; Skin Structures and Soft Tissue Infections,0,0,0,
NCT02263326,dolutegravir,HIV infection,0,0,0,
NCT02026349,favipiravir,influenza,0,0,0,
NCT02135419,fluorouracil,Anal Cancer,1,1,1,cytotoxic_managed_toxicity
NCT01647932,hydrochlorothiazide,heart failure,0,0,0,
NCT02369965,lamivudine,HIV infection,0,0,0,
NCT02180217,osilodrostat,Cushing syndrome,0,0,0,
NCT01970371,plazomicin,Bloodstream Infections (BSI) Due to CRE; Hospital-Acquired Bacterial Pneumonia (HABP) Due to CRE; Ventilator-Associated Bacterial Pneumonia (VABP) Due to CRE; Complicated Urinary Tract Infection (cUTI) Due to CRE; Acute Pyelonephritis (AP) Due to CRE,0,0,0,
NCT02830906,ramosetron,Postoperative Nausea and Vomiting,0,0,0,
NCT02265237,ribavirin,hepatitis C virus infection,0,0,0,
NCT02254291,sitagliptin,Type 2 Diabetes,0,0,0,
NCT01994720,ticagrelor,Acute Ischaemic Stroke; Transient Ischaemic Attack,0,0,0,
NCT02085161,tiotropium,chronic obstructive pulmonary disease,0,0,0,
NCT02312440,tranexamic acid,Blood Loss,0,0,0,
NCT02179658,vancomycin,Clostridium Difficile,0,0,0,
NCT01715285,abiraterone acetate,Prostate Cancer,0,1,0,
NCT01606319,acetaminophen,Asthma; Wheezing,0,0,0,
NCT01406080,adapalene,photoaging,0,0,0,
NCT01809743,adenosine,coronary artery disease,0,0,0,
NCT01853826,afatinib,Lung Cancer,0,1,0,
NCT01856478,afatinib,Cell Cancer,0,1,0,
NCT01953913,afatinib,Lung Cancer,0,1,0,
NCT01825031,albendazole,Human Immunodeficiency Virus,0,0,0,
NCT01805726,alfentanil,Bronchoscopy; Conscious Sedation,0,0,0,
NCT01890122,alogliptin,Type 2 Diabetes,0,0,0,
NCT01829529,amoxicillin,Healthy,0,0,0,
NCT02974348,amoxicillin,Drug Resistant Malaria Due to Plasmodium Falciparum,0,0,0,
NCT01780987,apixaban,Deep Vein Thrombosis; Pulmonary Embolism,0,0,0,
NCT02563704,artesunate,malaria,0,0,0,
NCT01973049,asunaprevir,hepatitis C virus infection,0,0,0,
NCT01826487,ataluren,"Muscular Dystrophy, Duchenne; Muscular Dystrophies; Muscular Disorders, Atrophic; Muscular Diseases; Musculoskeletal Diseases; Neuromuscular Diseases; Nervous System Diseases; Genetic Diseases, X-Linked; Genetic Diseases, Inborn",0,0,0,
NCT02342275,atenolol,hemangioma,0,0,0,
NCT01946815,atorvastatin,Coronary Artery Disease,0,0,0,
NCT01953328,atorvastatin,Hyperlipidemia or Mixed Dyslipidemia at High Risk for Cardiovascular Events,0,0,0,
NCT02084069,atorvastatin,Heart Valve Diseases,0,0,0,
NCT01663623,azathioprine,Vasculitis,0,0,0,
NCT01697267,azathioprine,Anti-Neutrophil Cytoplasmic Antibody-Associated Vasculitis; Microscopic Polyangiitis; Wegener Granulomatosis,0,0,0,
NCT01721044,baricitinib,Rheumatoid Arthritis,0,0,0,
NCT01885078,baricitinib,Rheumatoid Arthritis,0,0,0,
NCT02031640,beclomethasone dipropionate,asthma,0,0,0,
NCT02548832,berberine,mixed dyslipidemia,0,0,0,
NCT01838941,betaine,peroxisome biogenesis disorder,0,0,0,
NCT01809691,bicalutamide,Metastatic Prostate Cancer,0,1,0,
NCT02085252,bicalutamide,Prostate Cancer,0,1,0,
NCT01982240,bisacodyl,chronic idiopathic constipation,0,0,0,
NCT01945294,boceprevir,hepatitis C virus infection,0,0,0,
NCT01810380,brexpiprazole,schizophrenia,0,0,0,
NCT01810783,brexpiprazole,schizophrenia,0,0,0,
NCT01838681,brexpiprazole,Major Depressive Disorder,0,0,0,
NCT01942733,brexpiprazole,Major Depressive Disorder,0,0,0,
NCT01942785,brexpiprazole,Major Depressive Disorder,0,0,0,
NCT02012218,brexpiprazole,Major Depressive Disorder,0,0,0,
NCT02013531,brexpiprazole,Major Depressive Disorder,0,0,0,
NCT02013609,brexpiprazole,Major Depressive Disorder,0,0,0,
NCT02013622,brexpiprazole,schizophrenia,0,0,0,
NCT01769170,brincidofovir,cytomegalovirus infection,0,0,0,
NCT02065219,bupivacaine,Chronic pain,0,0,0,
NCT02065804,bupivacaine,Chronic pain,0,0,0,
NCT03013361,bupivacaine,Functional Endoscopic Sinus Surgery (FESS),0,0,0,
NCT01848054,buprenorphine,opioid use disorder,0,0,0,
NCT01908842,buprenorphine,opioid dependence,0,0,0,
NCT03140449,calcitriol,facial angiofibroma,0,0,0,
NCT01774786,capecitabine,Gastric Cancer,1,1,1,cytotoxic_managed_toxicity
NCT01918852,capecitabine,Colorectal Cancer; Metastases,1,1,1,cytotoxic_managed_toxicity
NCT01996306,capecitabine,Colorectal Neoplasms; Neoplasm Metastasis; Intestinal Neoplasms; Gastrointestinal Neoplasms; Digestive System Neoplasms,1,1,1,cytotoxic_managed_toxicity
NCT01838876,cariprazine,Major Depressive Disorder,0,0,0,
NCT01724450,carvedilol,Breast Cancer; Heart Failure; Cardiotoxicity,0,1,0,
NCT01765296,celecoxib,Osteoarthritis,0,0,0,
NCT01828099,ceritinib,Lung Cancer,0,1,0,
NCT01828112,ceritinib,Non-Small Cell Lung Cancer,0,1,0,
NCT02644395,chlorthalidone,Hypertension; Kidney Transplantation,0,0,0,
NCT02069990,vitamin D3,vitamin D deficiency,0,0,0,
NCT02087007,cilostazol,vasospastic angina,0,0,0,
NCT02094469,cilostazol,vasospastic angina,0,0,0,
NCT01896232,cinacalcet,Secondary Hyperparathyroidism; Chronic Kidney Disease,0,0,0,
NCT02481193,cisatracurium,fasciculation,0,0,0,
NCT01870024,clonazepam,Status Epilepticus; Epilepsy,0,0,0,
NCT02181543,clonidine,Is an Only Child,0,0,0,
NCT02324413,clonidine,Negative Behaviour Change,0,0,0,
NCT01758614,clopidogrel,Carotid Artery Occlusion; Middle Cerebral Artery Occlusion; Stroke,0,0,0,
NCT01993823,clotrimazole,otomycosis,0,0,0,
NCT01843530,cortisone acetate,ACE inhibitor-induced angioedema,0,0,0,
NCT01721876,cytarabine,"Leukemia, Myeloid, Acute",1,1,1,cytotoxic_managed_toxicity
NCT01721772,dacarbazine,Metastatic Melanoma,1,1,1,cytotoxic_managed_toxicity
NCT01763164,dacarbazine,positive Melanoma,1,1,1,cytotoxic_managed_toxicity
NCT01741545,daclatasvir,hepatitis C virus infection,0,0,0,
NCT01922011,daptomycin,Acute Hematogenous Osteomyelitis,0,0,0,
NCT01603407,deflazacort,Duchenne Muscular Dystrophy,0,0,0,
NCT01811732,delafloxacin,Skin and Subcutaneous Tissue Bacterial Infections,0,0,0,
NCT01916967,desloratadine,urticaria,0,0,0,
NCT02073734,dexamethasone,Pelvic Organ Prolapse; PONV,0,0,0,
NCT02023164,diphenhydramine,Acute Urticaria,0,0,0,
NCT01855919,duloxetine,Back Pain Lower Back Chronic,0,0,0,
NCT01914666,duloxetine,Back Pain Lower Back Chronic,0,0,0,
NCT01931475,duloxetine,Osteoarthritis,0,0,0,
NCT02004522,duvelisib,Chronic Lymphocytic Leukemia; Small Lymphocytic Lymphoma,0,1,0,
NCT01483144,eflornithine,Familial adenomatous polyposis,0,0,0,
NCT01947855,empagliflozin,Type 2 Diabetes Mellitus,0,0,0,
NCT02003924,enzalutamide,Prostate Cancer,0,1,0,
NCT01861015,epinephrine,Uterine Myomas,0,0,0,
NCT01857856,eplerenone,Phospholamban R14del Mutation-related Cardiomyopathy,0,0,0,
NCT01844856,eravacycline,complicated intra-abdominal infection,0,0,0,
NCT01986881,ertugliflozin,Type 2 Diabetes Mellitus,0,0,0,
NCT02153567,escitalopram,Dyspepsia; Anxiety; Depression,0,0,0,
NCT01873079,esomeprazole,Bleeding; ERCP,0,0,0,
NCT01942668,estradiol,Menopause,0,0,0,
NCT01763827,ezetimibe,Hyperlipidemia,0,0,0,
NCT01763905,ezetimibe,Hyperlipidemia,0,0,0,
NCT01849068,ezetimibe,Metabolic Syndrome X,0,0,0,
NCT02004899,fentanyl,"Anesthetic, Sedative or Analgesic Complications in Labor or Delivery",0,0,0,
NCT01503515,fluconazole,Fungal Infection; Hematopoietic and Lymphoid Cell Neoplasm,0,1,0,
NCT01806623,fluconazole,Vulvovaginal Candidiasis,0,0,0,
NCT01808612,fluoxetine,Major Depressive Disorder,0,0,0,
NCT01808651,fluoxetine,Major Depressive Disorder,0,0,0,
NCT01622569,fluticasone propionate,nasal polyps,0,0,0,
NCT01623310,fluticasone propionate,chronic rhinosinusitis with nasal polyps,0,0,0,
NCT01623323,fluticasone propionate,chronic rhinosinusitis with nasal polyps,0,0,0,
NCT01624662,fluticasone propionate,nasal polyps,0,0,0,
NCT03359057,folic acid,contraception,0,0,0,
NCT01942135,fulvestrant,Metastatic Breast Cancer,0,1,0,
NCT01888497,gabapentin,Healthy,0,0,0,
NCT01774721,gefitinib,NSCLC,0,1,0,
NCT01850303,gemcitabine,Lung Cancer,1,1,1,cytotoxic_managed_toxicity
NCT01769378,glimepiride,Type 2 Diabetes,0,0,0,
NCT03088670,gosogliptin,"Diabetes Mellitus, Type 2",0,0,0,
NCT01811459,haloperidol,Delirium,0,0,0,
NCT01862302,haloperidol,Postoperative Confusion,0,0,0,
NCT02714543,hydrocortisone,Oral SubMucous Fibrosis,0,0,0,
NCT01949805,hydroxyurea,Polycythemia Vera,0,0,0,
NCT01722487,ibrutinib,Chronic Lymphocytic Leukemia; Small Lymphocytic Lymphoma,0,1,0,
NCT01724346,ibrutinib,Chronic Lymphocytic Leukemia,0,1,0,
NCT01776840,ibrutinib,Cell Lymphoma,0,1,0,
NCT01855750,ibrutinib,Cell Lymphoma,0,1,0,
NCT01973387,ibrutinib,Refractory Chronic Leukemia,0,1,0,
NCT01755728,ibuprofen,PDA,0,0,0,
NCT01861535,imiquimod,cervical intraepithelial neoplasia,0,0,0,
NCT02120898,imiquimod,actinic keratosis,0,0,0,
NCT01778062,indacaterol,COPD,0,0,0,
NCT01839084,isoflurane,Renal Function After Partial Nephrectomy,0,0,0,
NCT01705145,ivacaftor,cystic fibrosis,0,0,0,
NCT01707290,ivacaftor,cystic fibrosis,0,0,0,
NCT01807923,ivacaftor,cystic fibrosis,0,0,0,
NCT01807949,ivacaftor,cystic fibrosis,0,0,0,
NCT01897233,ivacaftor,cystic fibrosis,0,0,0,
NCT01931839,ivacaftor,cystic fibrosis,0,0,0,
NCT01946412,ivacaftor,cystic fibrosis,0,0,0,
NCT06310850,ketamine,Epidural Catheterization; Thoracic; Procedural Pain,0,0,0,
NCT01832038,lacosamide,epilepsy,0,0,0,
NCT01921205,lacosamide,epilepsy,0,0,0,
NCT01939561,lamotrigine,Dystrophia Myotonica Type 1; Myotonia Congenita; Paramyotonia Congenita; Hyperkalemic Periodic Paralysis; Potassium-Aggravated Myotonia,0,0,0,
NCT01865110,lenalidomide,Mantle Cell Lymphoma,0,1,0,
NCT01938001,lenalidomide,Follicular Lymphoma,0,1,0,
NCT01761266,lenvatinib,Hepatocellular Carcinoma,0,1,0,
NCT01808131,lesinurad,gout,0,0,0,
NCT01740427,letrozole,Advanced Breast Cancer,0,1,0,
NCT02304107,letrozole,Infertility,0,0,0,
NCT01392768,levetiracetam,Epilepsy; Partial Seizures,0,0,0,
NCT01954121,levetiracetam,Epilepsy; Partial Seizures,0,0,0,
NCT01944098,lidocaine,Postoperative Pain,0,0,0,
NCT01734785,linagliptin,Type 2 Diabetes,0,0,0,
NCT02376075,linagliptin,Arterial Hypertension; Albuminuria,0,0,0,
NCT01967225,linezolid,skin infection,0,0,0,
NCT01827293,lorazepam,Peripheral Vertigo.,0,0,0,
NCT01805453,losartan,Newly-diagnosed Glioblastoma,0,1,0,
NCT01475643,loteprednol etabonate,cataract,0,0,0,
NCT01779271,loxoprofen,Fever,0,0,0,
NCT01993875,lubiprostone,chronic idiopathic constipation,0,0,0,
NCT02042183,lubiprostone,functional constipation,0,0,0,
NCT01841762,macitentan,Pulmonary Arterial Hypertension,0,0,0,
NCT01916252,melphalan,Multiple Myeloma,1,1,1,cytotoxic_managed_toxicity
NCT02078063,mepivacaine,Insertion of Intrauterine Contraception,0,0,0,
NCT01677923,metformin,Obesity,0,0,0,
NCT01697566,metformin,Endometrial Cancer,0,1,0,
NCT01779362,metformin,Prediabetes; Type 2 Diabetes,0,0,0,
NCT01779375,metformin,Prediabetes; Type 2 Diabetes,0,0,0,
NCT01787396,metformin,Type 2 Diabetes Mellitus,0,0,0,
NCT01808690,metformin,Type 1 Diabetes,0,0,0,
NCT01825798,metformin,Overweight; Autism Spectrum Disorder,0,0,0,
NCT02033889,metformin,Type 2 Diabetes Mellitus,0,0,0,
NCT02514629,metformin,Hypogonadism; Obesity,0,0,0,
NCT02773927,metformin,Metabolic Syndrome,0,0,0,
NCT02778776,metformin,Metabolic Syndrome,0,0,0,
NCT01958476,methadone,neonatal abstinence syndrome,0,0,0,
NCT01594333,methotrexate,Cardiovascular Disease,1,0,1,cytotoxic_managed_toxicity
NCT01829295,methotrexate,Uveitis,1,0,1,cytotoxic_managed_toxicity
NCT01884623,methotrexate,Neck Cancer,1,1,1,cytotoxic_managed_toxicity
NCT02902861,methotrexate,Psoriasis Vulgaris,1,0,1,cytotoxic_managed_toxicity
NCT01579539,methylprednisolone,Thyroid-associated Ophthalmopathy; Dry Eye Syndrome,0,0,0,
NCT01644643,metronidazole,Complicated Urinary Tract Infection; Complicated Intra-abdominal Infection,0,0,0,
NCT02328144,metronidazole,Hemorrhoids,0,0,0,
NCT01972841,mirabegron,Urinary Bladder Overactive; Urinary Bladder Diseases\Urologic Diseases; Overactive Bladder; Urgency Incontinence,0,0,0,
NCT02476175,mirabegron,Overactive Bladder; Urinary Incontinence,0,0,0,
NCT01801410,misoprostol,Pre-eclampsia; Fetus or Newborn; Effects of Induction of Labor,0,0,0,
NCT02061657,misoprostol,uterine fibroids,0,0,0,
NCT01969838,momelotinib,Primary Myelofibrosis; Post-Polycythemia Vera Myelofibrosis; Post-Essential Thrombocythemia Myelofibrosis,0,0,0,
NCT01968733,moxifloxacin,Community-acquired Bacterial Pneumonia,0,0,0,
NCT02494505,mycophenolate mofetil,Chronic Inflammatory Demyelinating Polyradiculopathy,0,0,0,
NCT01856712,naltrexone,Alcohol Dependence,0,0,0,
NCT05170061,nebivolol,Hypertension,0,0,0,
NCT01743989,nilotinib,Philadelphia Chromosome Positive (PH+) Chronic Myelogenous Leukemia in Chronic Phase (CML-CP),0,1,0,
NCT01979952,nintedanib,Idiopathic Pulmonary Fibrosis,0,0,0,
NCT01610245,nitazoxanide,Influenza,0,0,0,
NCT01924533,olaparib,Advanced Gastric Cancer,0,1,0,
NCT01755156,omarigliptin,Type 2 Diabetes Mellitus,0,0,0,
NCT01814748,omarigliptin,Type 2 Diabetes Mellitus,0,0,0,
NCT01841697,omarigliptin,Type 2 Diabetes Mellitus,0,0,0,
NCT01661101,omeprazole,Myocardial Injury After Noncardiac Surgery (MINS),0,0,0,
NCT01855256,oxybutynin,hyperhidrosis,0,0,0,
NCT02538302,oxybutynin,nocturnal enuresis,0,0,0,
NCT02047734,ozanimod,Multiple Sclerosis,0,0,0,
NCT01763671,paclitaxel,Advanced Lung Cancer,1,1,1,cytotoxic_managed_toxicity
NCT01822314,paclitaxel,Breast Cancer,1,1,1,cytotoxic_managed_toxicity
NCT01839773,paclitaxel,Gastric Cancer,1,1,1,cytotoxic_managed_toxicity
NCT01901146,paclitaxel,Breast Cancer,1,1,1,cytotoxic_managed_toxicity
NCT01940497,paclitaxel,Breast Cancer,1,1,1,cytotoxic_managed_toxicity
NCT01966003,paclitaxel,Lung Cancer,1,1,1,cytotoxic_managed_toxicity
NCT02019277,paclitaxel,Metastatic Breast Cancer,1,1,1,cytotoxic_managed_toxicity
NCT02835586,paclitaxel,Critical Ischemia,1,0,1,cytotoxic_managed_toxicity
NCT01776424,pantoprazole,Prevention & Control,0,0,0,
NCT01790659,paromomycin,cutaneous Leishmaniasis,0,0,0,
NCT02222376,pirfenidone,diabetic foot ulcer,0,0,0,
NCT01800045,pitolisant,narcolepsy,0,0,0,
NCT01767714,plerixafor,Non-Hodgkin's Lymphoma,0,1,0,
NCT01734928,pomalidomide,Multiple Myeloma,0,1,0,
NCT01560780,prasugrel,Coronary Artery Bypass,0,0,0,
NCT01641510,prasugrel,Acute Coronary Syndromes,0,0,0,
NCT01853072,prednisolone acetate,Non-Proliferative Diabetic Retinopathy; Cataract,0,0,0,
NCT01872611,prednisolone acetate,Non-Proliferative Diabetic Retinopathy; Cataract,0,0,0,
NCT01924286,prednisone,Immune Reconstitution Inflammatory Syndrome; HIV; Tuberculosis,0,0,0,
NCT01739933,propofol,delirium,0,0,0,
NCT01856998,propofol,General Anesthesia; Elective Surgery,0,0,0,
NCT01864915,prucalopride,Bowel Cleansing; Colon Capsule Completion Times,0,0,0,
NCT02135107,rabeprazole,PPI Resistant Gastroesophageal Reflux Disease,0,0,0,
NCT01754259,ranolazine,"Diabetes, Type I; Diabetes, Type II; Angina; Coronary Artery Disease",0,0,0,
NCT01998165,remifentanil,Anesthesia,0,0,0,
NCT01754974,ribavirin,hepatitis C virus infection,0,0,0,
NCT01833533,ribavirin,hepatitis C virus infection,0,0,0,
NCT01854528,ribavirin,Treatment of Chronic Hepatitis C Infection,0,0,0,
NCT01854697,ribavirin,hepatitis C virus infection,0,0,0,
NCT01958021,ribociclib,Advanced Breast Cancer,0,1,0,
NCT01709084,rilpivirine,HIV-1 infection,0,0,0,
NCT01910402,ritonavir,"Infection, Human Immunodeficiency Virus; HIV Infections",0,0,0,
NCT01431456,rivaroxaban,Venous Thromboembolism,0,0,0,
NCT01877915,rivaroxaban,Heart Failure; Coronary Artery Disease,0,0,0,
NCT02926170,rivaroxaban,Patients With Antiphospholipid Syndrome,0,0,0,
NCT01973998,roflumilast,Chronic Obstructive Pulmonary Disease,0,0,0,
NCT01887600,roxadustat,anemia of chronic kidney disease,0,0,0,
NCT01999309,simvastatin,Schizophrenia; Schizoaffective Disorder; Schizophreniform Disorder; Psychosis NOS,0,0,0,
NCT02030041,simvastatin,Dyslipidemias,0,0,0,
NCT01652729,sitagliptin,Type 2 Diabetes Mellitus,0,0,0,
NCT01937598,sitagliptin,Type 2 Diabetes,0,0,0,
NCT02043054,sitagliptin,Type 2 DIAbetes,0,0,0,
NCT01783678,sofosbuvir,hepatitis C virus infection,0,0,0,
NCT01910636,sofosbuvir,hepatitis C virus infection,0,0,0,
NCT02021643,sofosbuvir,hepatitis C virus infection,0,0,0,
NCT01848639,spironolactone,end-stage kidney disease,0,0,0,
NCT01853553,spironolactone,autosomal dominant polycystic kidney disease,0,0,0,
NCT01994889,tafamidis,transthyretin amyloid cardiomyopathy,0,0,0,
NCT01914432,telmisartan,Hyperlipidemia; Hypertension,0,0,0,
NCT01961336,testosterone,infertility,0,0,0,
NCT01805596,ticagrelor,Coronary Artery Disease; Endothelial Function,0,0,0,
NCT01813435,ticagrelor,Coronary Artery Disease (CAD),0,0,0,
NCT01961856,ticagrelor,Platelet Reactivity,0,0,0,
NCT02163954,ticagrelor,Chronic Kidney Disease,0,0,0,
NCT01882439,tofacitinib,Psoriatic Arthritis,0,0,0,
NCT01846611,trabectedin,Tube Cancer,1,1,1,cytotoxic_managed_toxicity
NCT01721031,tramadol,Indwelling Urinary Catheter; Male Patients; General Anesthesia,0,0,0,
NCT01682083,trametinib,positive Melanoma,0,1,0,
NCT01658124,tranexamic acid,Gastrointestinal Bleeding,0,0,0,
NCT01881568,tranexamic acid,Blood Loss,0,0,0,
NCT02150720,tranexamic acid,Hip Fracture; Blood Loss,0,0,0,
NCT02249767,tretinoin,acne,0,0,0,
NCT02329600,triamcinolone acetonide,oral lichen planus,0,0,0,
NCT02005822,valganciclovir,Congenital Cytomegalovirus Infection; Sensorineural Hearing Loss,0,0,0,
NCT01983683,vancomycin,Clostridium Difficile Infection,0,0,0,
NCT01756885,varenicline,Smoking Among Cancer,0,1,0,
NCT01689519,vemurafenib,Metastatic Melanoma,0,1,0,
NCT01844115,vilazodone,generalized anxiety disorder,0,0,0,
NCT01878292,vilazodone,Major Depressive Disorder,0,0,0,
NCT01871558,vildagliptin,Type 2 Diabetes Mellitus (T2DM),0,0,0,
NCT01802333,vorinostat,Acute Myeloid Leukemia,0,1,0,
NCT01911780,amlodipine,Hypertension,0,0,0,
NCT01929031,caffeine,"Pain, Postoperative; Tooth Diseases",0,0,0,
NCT01895777,dabigatran etexilate,Venous Thromboembolism,0,0,0,
NCT01762761,eltrombopag,purpura,0,0,0,
NCT02949193,evogliptin,Diabetes,0,0,0,
NCT02008344,favipiravir,influenza,0,0,0,
NCT01986361,flurbiprofen,acute pharyngitis,0,0,0,
NCT01963208,ganaxolone,drug-resistant focal epilepsy,0,0,0,
NCT01975246,hydrochlorothiazide,Hypertension,0,0,0,
NCT01808144,lesinurad,gout,0,0,0,
NCT01814553,loperamide,"Carcinoma, Non-Small-Cell Lung",0,1,0,
NCT02147548,lorazepam,Healthy Volunteers,0,0,0,
NCT01700959,melatonin,Cancer Malignancies,0,1,0,
NCT01871415,metformin,Type 2 Diabetes Mellitus,0,0,0,
NCT01871649,methotrexate,Psoriatic Arthritis,1,0,1,cytotoxic_managed_toxicity
NCT01995201,methotrexate,Rheumatoid Arthritis,1,0,1,cytotoxic_managed_toxicity
NCT01974024,methylprednisolone,Dexamethasone-induced Hiccup in Chemotherapy,0,0,0,
NCT02135510,metoclopramide,solid tumor,0,1,0,
NCT02468830,mirabegron,Overactive Bladder; Urinary Incontinence,0,0,0,
NCT02086994,misoprostol,Pre-eclampsia,0,0,0,
NCT01808573,neratinib,Metastatic Breast Cancer,0,1,0,
NCT01531114,prasugrel,Diabetes Mellitus,0,0,0,
NCT01729871,rivaroxaban,Atrial Fibrillation,0,0,0,
NCT01455870,sitagliptin,Type 2 Diabetes,0,0,0,
NCT01930188,sitagliptin,Type 2 Diabetes,0,0,0,
NCT01767519,solifenacin,overactive bladder,0,0,0,
NCT01945775,talazoparib,Metastatic Breast Cancer,0,1,0,
NCT01573442,testosterone,breast cancer,0,1,0,
NCT01964352,tiotropium,Chronic Obstructive Pulmonary Disease,0,0,0,
NCT01969721,tiotropium,COPD,0,0,0,
NCT02006732,tiotropium,Chronic Obstructive Pulmonary Disease,0,0,0,
NCT01909453,vemurafenib,Mutant Melanoma,0,1,0,
NCT01352715,abacavir,HIV-1 infection,0,0,0,
NCT01517802,abiraterone acetate,Metastatic Castration-resistant Prostate Cancer; Metastatic Breast Cancer,0,1,0,
NCT01695135,abiraterone acetate,Prostate Cancer,0,1,0,
NCT01605136,afamelanotide,erythropoietic protoporphyria,0,0,0,
NCT01345682,afatinib,Cell Cancer,0,1,0,
NCT01488071,agomelatine,Major Depression,0,0,0,
NCT03238131,albendazole,onchocerciasis,0,0,0,
NCT01724528,allopurinol,Tumor Lysis Syndrome,0,1,0,
NCT01987570,allopurinol,ankle sprain,0,0,0,
NCT01521962,alogliptin,Diabetes Mellitus,0,0,0,
NCT01395199,amlodipine,Thalassemia; Iron Overload,0,0,0,
NCT01663233,amlodipine,Essential Hypertension,0,0,0,
NCT01690299,apremilast,psoriasis,0,0,0,
NCT00764478,asenapine,bipolar disorder,0,0,0,
NCT01617187,asenapine,Schizophrenia,0,0,0,
NCT01617200,asenapine,Schizophrenia,0,0,0,
NCT01573351,asunaprevir,hepatitis C virus infection,0,0,0,
NCT01718145,asunaprevir,hepatitis C virus infection,0,0,0,
NCT01557400,ataluren,Duchenne Muscular Dystrophy; Becker Muscular Dystrophy; Dystrophinopathy,0,0,0,
NCT01543555,atorvastatin,Myocardial Infarction; Peripheral Vascular Disease; Aortic Aneurism,0,0,0,
NCT01820767,atorvastatin,Chronic Kidney Disease,0,0,0,
NCT02355704,atorvastatin,Renal Insufficiency,0,0,0,
NCT01727193,azathioprine,Myasthenia Gravis,0,0,0,
NCT01738282,baclofen,alcohol dependence,0,0,0,
NCT01710358,baricitinib,Rheumatoid Arthritis,0,0,0,
NCT01711359,baricitinib,Rheumatoid Arthritis,0,0,0,
NCT01721057,baricitinib,Rheumatoid Arthritis,0,0,0,
NCT01724021,bendamustine,Cell Lymphoma,1,1,1,cytotoxic_managed_toxicity
NCT01583218,betrixaban,venous thromboembolism,0,0,0,
NCT01655095,bisacodyl,Quality of Bowel Preparation for the Colon Capsule; Colon Capsule Completion Rates; Colon Capsule Polyp Detection,0,0,0,
NCT01516424,blonanserin,Schizophrenia,0,0,0,
NCT01544920,boceprevir,hepatitis C virus infection,0,0,0,
NCT01585584,boceprevir,hepatitis C virus infection,0,0,0,
NCT01668797,brexpiprazole,schizophrenia,0,0,0,
NCT01727726,brexpiprazole,Major Depressive Disorder,0,0,0,
NCT01653262,brivaracetam,epilepsy,0,0,0,
NCT01728077,brivaracetam,epilepsy,0,0,0,
NCT01939314,bupivacaine,Headache,0,0,0,
NCT01633944,buprenorphine,Low back pain,0,0,0,
NCT01675167,buprenorphine,Low back pain,0,0,0,
NCT01535859,cabergoline,Prevention of Ovarian Hyperstimulation Syndrome,0,0,0,
NCT01718873,capecitabine,Metastatic Colorectal Cancer,1,1,1,cytotoxic_managed_toxicity
NCT01804790,capecitabine,Advanced Rectal Cancer,1,1,1,cytotoxic_managed_toxicity
NCT01715805,cariprazine,Major Depressive Disorder,0,0,0,
NCT01499277,ceftaroline fosamil,Complicated Skin and Soft Tissue Infection,0,0,0,
NCT01543685,celecoxib,Other Acute Postoperative Pain,0,0,0,
NCT01378286,chloroquine,Malaria,0,0,0,
NCT01443130,chloroquine,Malaria,0,0,0,
NCT01640574,chloroquine,Vivax Malaria,0,0,0,
NCT01559012,clonidine,hyperemesis gravidarum,0,0,0,
NCT01543932,clopidogrel,Coronary Artery Disease,0,0,0,
NCT01626534,clopidogrel,Acute Coronary Syndrome,0,0,0,
NCT01790997,clopidogrel,Acute Ischemic Stroke,0,0,0,
NCT03021343,colchicine,arrhythmia,0,0,0,
NCT01639001,crizotinib,Lung Cancer,0,1,0,
NCT01492426,daclatasvir,hepatitis C virus infection,0,0,0,
NCT01616524,daclatasvir,hepatitis C virus infection,0,0,0,
NCT01606007,dapagliflozin,Type 2 Diabetes,0,0,0,
NCT01619059,dapagliflozin,Type 2 Diabetes,0,0,0,
NCT01646320,dapagliflozin,Type 2 Diabetes,0,0,0,
NCT01265550,desipramine,gastroesophageal reflux disease,0,0,0,
NCT01568866,dexamethasone,Multiple Myeloma,0,1,0,
NCT01734044,dexamethasone,Purpura; Idiopathic Thrombocytopenic Purpura,0,0,0,
NCT02351622,dexamethasone,Immune Thrombocytopenia,0,0,0,
NCT01510912,diclofenac,Osteoarthritis,0,0,0,
NCT01532882,diosmin,chronic venous disease,0,0,0,
NCT01499199,dolutegravir,infection,0,0,0,
NCT01621191,duloxetine,Fibromyalgia,0,0,0,
NCT01516060,efavirenz,HIV infection,0,0,0,
NCT01520909,eltrombopag,immune thrombocytopenia,0,0,0,
NCT01621204,eltrombopag,immune thrombocytopenia,0,0,0,
NCT01553591,eluxadoline,irritable bowel syndrome,0,0,0,
NCT01553747,eluxadoline,irritable bowel syndrome,0,0,0,
NCT01586442,eplerenone,Type 2 Diabetes,0,0,0,
NCT01631227,eprosartan,Essential Hypertension,0,0,0,
NCT01644188,ezetimibe,Hypercholesterolemia,0,0,0,
NCT01644474,ezetimibe,Hypercholesterolemia,0,0,0,
NCT01730053,ezetimibe,Hypercholesterolemia,0,0,0,
NCT01281007,famciclovir,genital herpes,0,0,0,
NCT01327144,famciclovir,Herpes Zoster,0,0,0,
NCT01497262,fingolimod,Multiple Sclerosis,0,0,0,
NCT01625182,fingolimod,chronic inflammatory demyelinating polyradiculoneuropathy,0,0,0,
NCT01691885,fluticasone furoate,chronic obstructive pulmonary disease,0,0,0,
NCT01622231,fluticasone furoate,rhinitis,0,0,0,
NCT01630135,fluticasone furoate,perennial allergic rhinitis,0,0,0,
NCT01817790,fluticasone propionate,allergic rhinitis,0,0,0,
NCT01857583,fondaparinux,venous thromboembolism,0,0,0,
NCT01610284,fulvestrant,Metastatic Breast Cancer,0,1,0,
NCT01459809,glimepiride,Type 2 Diabetes,0,0,0,
NCT01544179,gefitinib,Non-Small Cell Lung Cancer,0,1,0,
NCT01526135,gemcitabine,Pancreatic Adenocarcinoma (Ductal Adenocarcinoma),1,1,1,cytotoxic_managed_toxicity
NCT01631136,gemcitabine,Maintenance Therapies in Advanced Non Small Cell Lung Cancer,1,1,1,cytotoxic_managed_toxicity
NCT01746979,gemcitabine,Metastatic or Locally Advanced Unresectable Pancreatic Adenocarcinoma,1,1,1,cytotoxic_managed_toxicity
NCT01585792,glimepiride,Diabetic Patients,0,0,0,
NCT01644500,glimepiride,Type 2 Diabetes Mellitus,0,0,0,
NCT01731431,glyburide,Diabetes,0,0,0,
NCT01536392,granisetron,Vaginal Cancer,0,1,0,
NCT01750541,haloperidol,Psychomotor Agitation,0,0,0,
NCT01538875,hydralazine,preeclampsia,0,0,0,
NCT01611090,ibrutinib,Chronic Lymphocytic Leukemia,0,1,0,
NCT01646021,ibrutinib,Cell Lymphoma,0,1,0,
NCT01562717,ibuprofen,Pain,0,0,0,
NCT01563289,ibuprofen,Pain,0,0,0,
NCT01567072,ibuprofen,Forearm Fracture,0,0,0,
NCT01630278,ibuprofen,Patent Ductus Arteriosus,0,0,0,
NCT02441530,ibuprofen,Primary Dysmenorrhoea,0,0,0,
NCT01539512,idelalisib,Previously Treated Chronic Lymphocytic Leukemia,0,1,0,
NCT01569295,idelalisib,Previously Treated Chronic Lymphocytic Leukemia,0,1,0,
NCT01614457,ivacaftor,cystic fibrosis,0,0,0,
NCT01614470,ivacaftor,cystic fibrosis,0,0,0,
NCT01553318,ketotifen,fibromyalgia,0,0,0,
NCT01465997,lacosamide,epilepsy,0,0,0,
NCT01580202,lamivudine,chronic hepatitis B virus infection,0,0,0,
NCT01602510,lamotrigine,Bipolar Disorder,0,0,0,
NCT01456247,lansoprazole,Gastric Ulcers; Duodenal Ulcers,0,0,0,
NCT01650701,lenalidomide,Follicular Lymphoma,0,1,0,
NCT01510158,lesinurad,gout,0,0,0,
NCT01510769,lesinurad,gout,0,0,0,
NCT01563081,levocetirizine,rhinitis,0,0,0,
NCT01640535,levocetirizine,perennial allergic rhinitis,0,0,0,
NCT01401647,lidocaine,cardiac arrest,0,0,0,
NCT01694134,lidocaine,Low back pain,0,0,0,
NCT01708330,lidocaine,Nonviable pregnancy,0,0,0,
NCT01636206,lifitegrast,dry eye syndrome,0,0,0,
NCT01743729,lifitegrast,dry eye syndrome,0,0,0,
NCT01835678,linagliptin,Type 2 Diabetes,0,0,0,
NCT01901003,lorazepam,Perioperative Anxiety,0,0,0,
NCT01674530,lubiprostone,chronic idiopathic constipation,0,0,0,
NCT01566474,melatonin,Barrett's Esophagus,0,0,0,
NCT01705639,melatonin,Diabetes; Glucose Tolerance,0,0,0,
NCT02706054,meloxicam,Low Back Pain,0,0,0,
NCT01292031,meropenem,Ventilator-associated Bacterial Pneumonia,0,0,0,
NCT01551394,meropenem,Sepsis,0,0,0,
NCT01517412,metformin,Type 2 Diabetes Mellitus,0,0,0,
NCT01545388,metformin,Type 2 Diabetes Mellitus,0,0,0,
NCT01624259,metformin,Type 2 Diabetes,0,0,0,
NCT01648582,metformin,Type 2 Diabetes Mellitus,0,0,0,
NCT01702298,metformin,Type 2 Diabetes Mellitus,0,0,0,
NCT01792830,metformin,Poor Glycemic Control,0,0,0,
NCT01915550,metformin,Diabetes Mellitus,0,0,0,
NCT01793480,methadone,of Cancer,0,1,0,
NCT01283009,methylprednisolone,Community Acquired Respiratory Disease Syndrome,0,0,0,
NCT02222220,metoclopramide,sialorrhea,0,0,0,
NCT01837290,midazolam,hip fracture,0,0,0,
NCT02058485,midazolam,Hypertension,0,0,0,
NCT01531959,midodrine,hypotension,0,0,0,
NCT01707953,midodrine,orthostatic hypotension,0,0,0,
NCT01638000,mirabegron,"Urologic Diseases; Urinary Bladder, Overactive; Urinary Bladder Diseases",0,0,0,
NCT01506388,misoprostol,Failed labor induction,0,0,0,
NCT01612065,misoprostol,infertility,0,0,0,
NCT01866241,misoprostol,postpartum hemorrhage,0,0,0,
NCT02053922,misoprostol,postpartum hemorrhage,0,0,0,
NCT01372865,mometasone furoate,allergic rhinitis,0,0,0,
NCT01673659,mometasone furoate,seasonal allergic rhinitis,0,0,0,
NCT01658020,moxifloxacin,Chronic Obstructive Pulmonary Disease,0,0,0,
NCT01756339,moxifloxacin,Community-acquired Bacterial Pneumonia,0,0,0,
NCT01625091,naltrexone,HIV Infection,0,0,0,
NCT01648634,nebivolol,cardiomyopathy,0,0,0,
NCT01702532,nicotine,smoking cessation,0,0,0,
NCT01535391,nilotinib,Chronic Myeloid Leukemia,0,1,0,
NCT01657604,nilotinib,Chronic Myeloid Leukemia,0,1,0,
NCT01619085,nintedanib,Idiopathic Pulmonary Fibrosis,0,0,0,
NCT01682759,omarigliptin,Type 2 Diabetes Mellitus,0,0,0,
NCT01697592,omarigliptin,Type 2 Diabetes Mellitus,0,0,0,
NCT01698775,omarigliptin,Type 2 Diabetes Mellitus,0,0,0,
NCT01703221,omarigliptin,Type 2 Diabetes Mellitus,0,0,0,
NCT01704261,omarigliptin,Type 2 Diabetes Mellitus,0,0,0,
NCT01717313,omarigliptin,Type 2 Diabetes Mellitus,0,0,0,
NCT01557244,oxybutynin,neurogenic bladder,0,0,0,
NCT01414608,paclitaxel,Advanced Cervical Cancer,1,1,1,cytotoxic_managed_toxicity
NCT01526369,paclitaxel,Metastatic Breast Cancer,1,1,1,cytotoxic_managed_toxicity
NCT01572038,paclitaxel,Advanced Breast Cancer,1,1,1,cytotoxic_managed_toxicity
NCT01583426,paclitaxel,Early Breast Cancer,1,1,1,cytotoxic_managed_toxicity
NCT01644890,paclitaxel,Breast Cancer,1,1,1,cytotoxic_managed_toxicity
NCT01663727,paclitaxel,Metastatic Breast Cancer,1,1,1,cytotoxic_managed_toxicity
NCT01763645,paclitaxel,Lung Cancer,1,1,1,cytotoxic_managed_toxicity
NCT01764022,paclitaxel,Metastatic Breast Cancer,1,1,1,cytotoxic_managed_toxicity
NCT02472964,paclitaxel,Breast Cancer,1,1,1,cytotoxic_managed_toxicity
NCT02084420,pantoprazole,Peptic Ulcer,0,0,0,
NCT01638013,peficitinib,Rheumatoid Arthritis,0,0,0,
NCT01618695,perampanel,focal epilepsy,0,0,0,
NCT01712789,pomalidomide,Multiple Myeloma,0,1,0,
NCT01609647,prasugrel,Acute Coronary Syndrome,0,0,0,
NCT01828437,prednisolone,Infantile Spasms,0,0,0,
NCT01485978,ramipril,"Renal Insufficiency, Chronic",0,0,0,
NCT01494987,ranolazine,Type 2 Diabetes Mellitus,0,0,0,
NCT01555164,ranolazine,Type 2 Diabetes,0,0,0,
NCT01735669,remifentanil,Non-cephalic Presentation; Inhalation of Nitrous Oxide; Pregnancy Complications; Complications; Cesarean Section; Fetus or Neonate Affected by External Version Before Labor,0,0,0,
NCT01466192,ribavirin,hepatitis C virus infection,0,0,0,
NCT01498068,ribavirin,hepatitis C virus infection,0,0,0,
NCT01513941,ribavirin,hepatitis C virus infection,0,0,0,
NCT01571583,ribavirin,hepatitis C virus infection,0,0,0,
NCT01598090,ribavirin,hepatitis C virus infection,0,0,0,
NCT01674725,ribavirin,hepatitis C virus infection,0,0,0,
NCT01715415,ribavirin,hepatitis C virus infection,0,0,0,
NCT01716585,ribavirin,hepatitis C virus infection,0,0,0,
NCT01767116,ribavirin,hepatitis C virus infection,0,0,0,
NCT01624675,risperidone,Autistic Disorder in Children and Adolescents,0,0,0,
NCT01448707,ritonavir,Human Immunodeficiency Virus (HIV) Infections; Acquired Immunodeficiency Syndrome (AIDS) Virus,0,0,0,
NCT01499953,rivaroxaban,Superficial Vein Thrombosis,0,0,0,
NCT01509677,roflumilast,Chronic Obstructive Pulmonary Disease,0,0,0,
NCT01499849,rolapitant,Chemotherapy-induced Nausea and Vomiting,0,0,0,
NCT01500213,rolapitant,Chemotherapy-induced Nausea and Vomiting,0,0,0,
NCT01500226,rolapitant,Chemotherapy-induced Nausea and Vomiting,0,0,0,
NCT01537042,rotigotine,restless legs syndrome,0,0,0,
NCT01569464,rotigotine,restless legs syndrome,0,0,0,
NCT01646255,rotigotine,Parkinson's Disease,0,0,0,
NCT01646268,rotigotine,Parkinson's Disease,0,0,0,
NCT01723904,rotigotine,Parkinson's Disease,0,0,0,
NCT01750190,roxadustat,anemia of chronic kidney disease,0,0,0,
NCT01632904,ruxolitinib,Polycythemia Vera,0,0,0,
NCT01912391,selegiline,Borderline personality disorder,0,0,0,
NCT01462266,sitagliptin,Type 2 Diabetes Mellitus,0,0,0,
NCT01485614,sitagliptin,Treatment of Type 2 Diabetes,0,0,0,
NCT01552694,sitagliptin,Inflammation; Macrophage Infiltration; Cardiovascular Disease,0,0,0,
NCT01590771,sitagliptin,Type 2 Diabetes Mellitus,0,0,0,
NCT01590797,sitagliptin,Type 2 Diabetes Mellitus,0,0,0,
NCT01641640,sofosbuvir,hepatitis C virus infection,0,0,0,
NCT02670772,stavudine,HIV infection,0,0,0,
NCT01694277,sunitinib,Gastrointestinal Stromal Tumors,0,1,0,
NCT01553981,tadalafil,"Lung Diseases, Interstitial",0,0,0,
NCT01638247,tamoxifen,Breast Cancer,0,1,0,
NCT01595685,telbivudine,Chronic Viral Hepatitis B Without Delta-agent,0,0,0,
NCT01595581,testosterone,osteoarthritis,0,0,0,
NCT01543321,tetrabenazine,tardive dyskinesia,0,0,0,
NCT01511471,ticagrelor,Platelet Reactivity,0,0,0,
NCT01732822,ticagrelor,Peripheral Artery Disease,0,0,0,
NCT01533922,tiotropium,COPD,0,0,0,
NCT01533935,tiotropium,COPD,0,0,0,
NCT01574651,tiotropium,Chronic Obstructive Pulmonary Disease,0,0,0,
NCT01610037,tiotropium,Chronic Obstructive Pulmonary Disease,0,0,0,
NCT01613326,tiotropium,Chronic Obstructive Pulmonary Disease,0,0,0,
NCT01694771,tiotropium,chronic obstructive pulmonary disease,0,0,0,
NCT01696058,tiotropium,chronic obstructive pulmonary disease,0,0,0,
NCT01618448,tolvaptan,Cardiac-induced Edema,0,0,0,
NCT01644331,tolvaptan,Heart Failure; Dyspnea,0,0,0,
NCT01651156,tolvaptan,Cardiac Edema,0,0,0,
NCT01692678,trabectedin,liposarcoma or leiomyosarcoma,1,1,1,cytotoxic_managed_toxicity
NCT01598753,tramadol,Fibromyalgia,0,0,0,
NCT01889979,tramadol,Pain During Labour,0,0,0,
NCT01584648,trametinib,mutant Melanoma,0,1,0,
NCT01597908,trametinib,Cutaneous Melanoma,0,1,0,
NCT01402882,tranexamic acid,Traumatic Brain Injury,0,0,0,
NCT01594671,tranexamic acid,Blood Loss,0,0,0,
NCT02684851,tranexamic acid,Acetabular Fractures,0,0,0,
NCT02086929,trazodone,Major Depression,0,0,0,
NCT01597505,vancomycin,Clostridium Difficile Infection,0,0,0,
NCT01598311,vancomycin,Clostridium Difficile Infection,0,0,0,
NCT01509547,varenicline,nicotine dependence,0,0,0,
NCT01694732,varenicline,Chronic Obstructive Pulmonary Disease,0,0,0,
NCT01710137,varenicline,nicotine dependence,0,0,0,
NCT01667419,vemurafenib,Mutant Melanoma,0,1,0,
NCT01557712,venlafaxine,Major Depressive Disorder,0,0,0,
NCT01629966,vilazodone,generalized anxiety disorder,0,0,0,
NCT02015546,vilazodone,major depressive disorder,0,0,0,
NCT01582230,vildagliptin,Type 2 Diabetes Mellitus,0,0,0,
NCT01728805,vorinostat,Cutaneous T-Cell Lymphoma,0,1,0,
NCT01516814,warfarin,Pulmonary Embolism,0,0,0,
NCT01516840,warfarin,Deep Vein Thrombosis,0,0,0,
NCT01523587,afatinib,Lung Cancer,0,1,0,
NCT01808313,ambrisentan,vascular disease,0,0,0,
NCT01395992,asenapine,bipolar I disorder,0,0,0,
NCT01743651,baclofen,Multiple Sclerosis,0,0,0,
NCT01605227,cabozantinib,Prostate Cancer,0,1,0,
NCT02179268,citalopram,Bone Mineral Density Quantitative Trait Locus 7,0,0,0,
NCT01655706,escitalopram,Depression,0,0,0,
NCT01628731,furosemide,fluid overload,0,0,0,
NCT01578707,ibrutinib,Chronic Lymphocytic Leukemia,0,1,0,
NCT01556776,lenalidomide,Chronic Lymphocytic Leukemia,0,1,0,
NCT01508702,lesinurad,gout,0,0,0,
NCT01650246,lesinurad,gout,0,0,0,
NCT01606787,mannitol,renal cell carcinoma,0,1,0,
NCT01541215,metformin,Type 2 Diabetes,0,0,0,
NCT01587989,methotrexate,Rheumatoid Arthritis,1,0,1,cytotoxic_managed_toxicity
NCT01541605,methylphenidate,mania,0,0,0,
NCT01559727,prednisone,Heart Failure,0,0,0,
NCT01578655,prednisone,Prostate Cancer,0,1,0,
NCT01556165,rasagiline,Parkinson's Disease,0,0,0,
NCT01257828,riluzole,cervical spondylotic myelopathy,0,0,0,
NCT01559116,tiotropium,Chronic Obstructive Pulmonary Disease,0,0,0,
NCT01458951,tofacitinib,Ulcerative Colitis,0,0,0,
NCT01465763,tofacitinib,Ulcerative Colitis,0,0,0,
NCT01427478,afatinib,Cell Carcinoma,0,1,0,
NCT04578496,afamelanotide,erythropoietic protoporphyria,0,0,0,
NCT01320722,allopurinol,hypertension,0,0,0,
NCT01736514,allopurinol,gout,0,0,0,
NCT02082769,allopurinol,gout,0,0,0,
NCT01456130,alogliptin,Type 2 Diabetes,0,0,0,
NCT01399723,amoxicillin,Pneumonia,0,0,0,
NCT01529528,anagliptin,Type 2 Diabetes Mellitus,0,0,0,
NCT01529541,anagliptin,Type 2 Diabetes Mellitus,0,0,0,
NCT01305408,armodafinil,Major Depression,0,0,0,
NCT01244828,asenapine,schizophrenia,0,0,0,
NCT01349907,asenapine,Pediatric Bipolar Disorder,0,0,0,
NCT01278459,atorvastatin,Pre-Eclampsia,0,0,0,
NCT01370603,atorvastatin,Hypercholesterolemia,0,0,0,
NCT01251393,biperiden,cocaine dependence,0,0,0,
NCT01425203,boceprevir,hepatitis C virus infection,0,0,0,
NCT01338415,bosentan,pulmonary arterial hypertension,0,0,0,
NCT01339559,brivaracetam,epilepsy,0,0,0,
NCT01360021,budesonide,Asthma,0,0,0,
NCT01407575,buprenorphine,Treatment Resistant Depression,0,0,0,
NCT01303861,bupropion,Nicotine Dependence,0,0,0,
NCT01406223,bupropion,Nicotine Dependence,0,0,0,
NCT01384539,calcitriol,chronic kidney disease,0,0,0,
NCT01613209,candesartan cilexetil,Hypertension,0,0,0,
NCT01234337,capecitabine,Breast Cancer,1,1,1,cytotoxic_managed_toxicity
NCT01412060,cariprazine,schizophrenia,0,0,0,
NCT01503606,cefazolin,Preterm premature rupture of membranes,0,0,0,
NCT01371838,ceftriaxone,bacterial pneumonia,0,0,0,
NCT01354145,celecoxib,Osteoarthritis,0,0,0,
NCT01462435,celecoxib,Other Acute Postoperative Pain,0,0,0,
NCT01484119,cetirizine,seasonal allergic rhinitis,0,0,0,
NCT01292720,vitamin D3,heart failure,0,0,0,
NCT01248065,ciclesonide,asthma,0,0,0,
NCT01455194,ciclesonide,asthma,0,0,0,
NCT02266030,cilostazol,coronary artery disease,0,0,0,
NCT01312922,citalopram,Major Depressive Disorder,0,0,0,
NCT01471444,clofarabine,Acute Myeloid Leukemia,1,1,1,cytotoxic_managed_toxicity
NCT02085408,clofarabine,Acute Myeloid Leukemia,1,1,1,cytotoxic_managed_toxicity
NCT01439984,clomipramine,premature ejaculation,0,0,0,
NCT01465828,clopidogrel,Acute Coronary Syndrome,0,0,0,
NCT01505790,clopidogrel,Acute Coronary Syndromes,0,0,0,
NCT01515345,clopidogrel,Platelet Inhibition; Coronary Stent Implantation,0,0,0,
NCT01389323,daclatasvir,hepatitis C virus infection,0,0,0,
NCT01471574,daclatasvir,hepatitis C virus infection,0,0,0,
NCT01339091,dalbavancin,Cellulitis,0,0,0,
NCT01294423,dapagliflozin,Type 2 Diabetes Mellitus,0,0,0,
NCT01294436,dapagliflozin,diabetes Mellitus,0,0,0,
NCT01303796,decitabine,Acute Myeloid Leukemia,1,1,1,cytotoxic_managed_toxicity
NCT01400828,desloratadine,seasonal allergic rhinitis,0,0,0,
NCT01154192,dexamethasone,PCOS,0,0,0,
NCT01189292,dexamethasone,Thyroidectomy; Thyroid Diseases,0,0,0,
NCT01248585,dexamethasone,Bone Metastases,0,0,0,
NCT01297010,dexamethasone,Vomiting Postoperative,0,0,0,
NCT01339260,dexamethasone,Chemotherapy-Induced Nausea and Vomiting,0,0,0,
NCT01363479,dexamethasone,Chemotherapy-Induced Nausea and Vomiting,0,0,0,
NCT01376297,dexamethasone,Chemotherapy-Induced Nausea and Vomiting,0,0,0,
NCT01391793,dexamethasone,Children With Febrile Urinary Tract Infection,0,0,0,
NCT01408082,dexamethasone,Blepharitis,0,0,0,
NCT01456611,diclofenac,Osteo Arthritis of the Knee,0,0,0,
NCT01461369,diclofenac,Osteoarthritis,0,0,0,
NCT01264939,diphenhydramine,Chronic Idiopathic Urticaria,0,0,0,
NCT01263015,dolutegravir,infection,0,0,0,
NCT01179672,duloxetine,"Diabetic Neuropathy, Painful",0,0,0,
NCT01226511,duloxetine,"Anxiety Neuroses; Anxiety States, Neurotic; Neuroses, Anxiety",0,0,0,
NCT01237587,duloxetine,Fibromyalgia,0,0,0,
NCT01271894,efavirenz,HIV infection,0,0,0,
NCT01451333,efavirenz,HIV infection,0,0,0,
NCT01470144,epoprostenol,pulmonary arterial hypertension,0,0,0,
NCT01454934,eribulin,Lung Cancer,0,1,0,
NCT01370616,ertapenem,diabetic foot infection,0,0,0,
NCT01370525,esomeprazole,Heartburn,0,0,0,
NCT01370538,esomeprazole,Heartburn,0,0,0,
NCT01100164,eszopiclone,insomnia,0,0,0,
NCT01450761,etoposide,Lung Cancer,1,1,1,cytotoxic_managed_toxicity
NCT01229774,etoricoxib,Coxarthrosis; Arthroplasties Hip Replacement; Perioperative Blood Loss,0,0,0,
NCT01462370,etoricoxib,Dysmenorrhea,0,0,0,
NCT01408186,famotidine,Upper Gastrointestinal Bleeding,0,0,0,
NCT01270659,fentanyl,Pain,0,0,0,
NCT01307579,fluconazole,Acute Myeloid Leukemia,0,1,0,
NCT01304706,fluocinolone acetonide,diabetic macular edema,0,0,0,
NCT01407432,folic acid,male infertility,0,0,0,
NCT01300351,fulvestrant,Advanced Breast Cancer,0,1,0,
NCT01116583,gabapentin,"Pain, Postoperative",0,0,0,
NCT02120703,gabapentin,Intervertebral Disc Prolapse,0,0,0,
NCT01404260,gefitinib,Lung Cancer,0,1,0,
NCT01360853,gemcitabine,Metastatic Pancreatic Cancer,1,1,1,cytotoxic_managed_toxicity
NCT01211522,haloperidol,Delirium; Impaired Cognition; Long Term Psychologic Disorders,0,0,0,
NCT01353313,hydrocortisone,"Infant, Newborn; Infant, Small for Gestational Age; Infant, Very Low Birth Weight; Infant, Premature; Bronchopulmonary Dysplasia",0,0,0,
NCT02266589,hydrocortisone,Septic Shock; Sepsis,0,0,0,
NCT01601028,hydroxychloroquine,Autoimmune Diseases; Sjogren's Syndrome; Dry Eye,0,0,0,
NCT01259856,hydroxyurea,High Risk Polycythemia Vera; High Risk Essential Thrombocythemia,0,0,0,
NCT01303406,idebenone,Friedreich ataxia,0,0,0,
NCT01291511,iloperidone,schizophrenia,0,0,0,
NCT01392469,imatinib,Pulmonary Arterial Hypertension,0,0,0,
NCT01511289,imatinib,Chronic Myeloid Leukemia,0,1,0,
NCT01232894,indacaterol,chronic obstructive pulmonary disease,0,0,0,
NCT01442987,irbesartan,Hypertension; Hyperlipidemia,0,0,0,
NCT00170209,isoniazid,Latent Tuberculosis Infection,0,0,0,
NCT01474590,isotretinoin,Acne,0,0,0,
NCT01326325,ketamine,Refractory Cancer,0,1,0,
NCT01387139,ketamine,Procedural Sedation and Analgesia,0,0,0,
NCT01983020,ketamine,Postoperative Pain,0,0,0,
NCT01243177,lacosamide,epilepsy,0,0,0,
NCT01484977,lacosamide,epilepsy,0,0,0,
NCT01452711,lansoprazole,Gastric Ulcer,0,0,0,
NCT01452724,lansoprazole,Duodenal Ulcer,0,0,0,
NCT01452750,lansoprazole,Gastric Ulcers; Duodenal Ulcers,0,0,0,
NCT01452763,lansoprazole,Gastric Ulcers; Duodenal Ulcers,0,0,0,
NCT01456260,lansoprazole,Gastric Ulcers; Duodenal Ulcers,0,0,0,
NCT01459367,lansoprazole,Erosive Esophagitis,0,0,0,
NCT01476787,lenalidomide,Untreated Patients With Follicular Lymphoma,0,1,0,
NCT01321554,lenvatinib,Thyroid Cancer,0,1,0,
NCT01493531,lesinurad,gout,0,0,0,
NCT01494506,leucovorin,Metastatic Pancreatic Cancer,0,1,0,
NCT01292837,levetiracetam,Epilepsy; Generalized Tonic-clonic Seizures,0,0,0,
NCT01398956,levetiracetam,Epilepsy; Generalized Tonic-clonic Seizures,0,0,0,
NCT01458431,levobupivacaine,pain,0,0,0,
NCT01227655,levodopa,Parkinson's Disease,0,0,0,
NCT01154738,lidocaine,Anesthesia,0,0,0,
NCT01421498,lifitegrast,dry eye syndrome,0,0,0,
NCT01421511,linezolid,skin and soft tissue bacterial infection,0,0,0,
NCT01051219,losartan,Nonalcoholic Steatohepatitis,0,0,0,
NCT01307046,losartan,Hypertension,0,0,0,
NCT01302691,losartan,Hypertension,0,0,0,
NCT01324284,lubiprostone,colorectal carcinoma,0,1,0,
NCT01372423,lubiprostone,chronic idiopathic constipation,0,0,0,
NCT01147289,meloxicam,Lumbar Sciatic Pain,0,0,0,
NCT01413178,melphalan,Multiple Myeloma,1,1,1,cytotoxic_managed_toxicity
NCT01877837,melphalan,Sickle Cell Disease,1,0,1,cytotoxic_managed_toxicity
NCT01411176,menthol,gastric cancer,0,1,0,
NCT01411189,menthol,gastric cancer,0,1,0,
NCT01445678,meropenem,Complicated Intra-abdominal Infection,0,0,0,
NCT01334125,metformin,Diabetes,0,0,0,
NCT01353391,metformin,Type 2 Diabetes,0,0,0,
NCT01368081,metformin,Type 2 Diabetes Mellitus,0,0,0,
NCT01370707,metformin,Type 2 Diabetes Mellitus,0,0,0,
NCT01381900,metformin,Type 2 Diabetes Mellitus,0,0,0,
NCT01483560,metformin,Type 1 Diabetes,0,0,0,
NCT01487993,metformin,Obesity; Insulin Resistance,0,0,0,
NCT01760447,metformin,Type 2 Diabetes Mellitus,0,0,0,
NCT03086005,metformin,Polycystic Ovary Syndrome,0,0,0,
NCT01984099,methotrexate,Hydatidiform Mole,1,0,1,cytotoxic_managed_toxicity
NCT01420159,methoxyflurane,pain,0,0,0,
NCT01275560,metronidazole,Anal Incontinence,0,0,0,
NCT01473836,metronidazole,Intra-abdominal Infections,0,0,0,
NCT01375920,metyrapone,Depression,0,0,0,
NCT02336477,mexiletine,non-dystrophic myotonia,0,0,0,
NCT01436279,mifepristone,cervical ripening,0,0,0,
NCT01403662,minocycline,Depression,0,0,0,
NCT01429272,minocycline,Depression,0,0,0,
NCT01412073,misoprostol,Cesarean complications,0,0,0,
NCT01298336,moxifloxacin,"Atypical; Mycobacterium, Pulmonary, Tuberculous",0,0,0,
NCT01342549,naltrexone,Alcohol Use Disorder,0,0,0,
NCT01254188,nilotinib,Chronic Myeloid Leukemia,0,1,0,
NCT01275196,nilotinib,Chronic Myeloid Leukemia,0,1,0,
NCT01257672,ondansetron,Gastroenteritis; Vomiting; Acute Gastroenteritis,0,0,0,
NCT01362530,ondansetron,Chemotherapy Induced Nausea and Vomiting,0,0,0,
NCT01395901,ondansetron,Postoperative Nausea and Vomiting,0,0,0,
NCT01442376,ondansetron,Chemotherapy-Induced Nausea and Vomiting,0,0,0,
NCT01231620,oseltamivir,"Influenza, Human",0,0,0,
NCT01716624,oxybutynin,neurogenic bladder,0,0,0,
NCT01196390,paclitaxel,Esophageal Cancer,1,1,1,cytotoxic_managed_toxicity
NCT01248403,paclitaxel,Gastric Carcinoma,1,1,1,cytotoxic_managed_toxicity
NCT01275677,paclitaxel,Breast Cancer,1,1,1,cytotoxic_managed_toxicity
NCT01285609,paclitaxel,Lung Cancer,1,1,1,cytotoxic_managed_toxicity
NCT01358877,paclitaxel,Primary Breast Cancer,1,1,1,cytotoxic_managed_toxicity
NCT01364012,paclitaxel,Lung Cancer,1,1,1,cytotoxic_managed_toxicity
NCT01462890,paclitaxel,Ovarian Cancer,1,1,1,cytotoxic_managed_toxicity
NCT04031703,paclitaxel,Triple Negative Breast Cancer,1,1,1,cytotoxic_managed_toxicity
NCT01662310,paliperidone,schizophrenia,0,0,0,
NCT01351415,pemetrexed,Lung Cancer,1,1,1,cytotoxic_managed_toxicity
NCT01360762,pentamidine,HIV infection,0,0,0,
NCT01393743,perampanel,generalized tonic-clonic seizures,0,0,0,
NCT01413958,phenylephrine,seasonal allergic rhinitis,0,0,0,
NCT01366209,pirfenidone,Idiopathic Pulmonary Fibrosis,0,0,0,
NCT01146834,plerixafor,Multiple Myeloma,0,1,0,
NCT01304472,prasugrel,Coronary Artery Disease (CAD),0,0,0,
NCT01327534,prasugrel,Myocardial Infarction; STEMI,0,0,0,
NCT01338909,prasugrel,Myocardial Infarction,0,0,0,
NCT01272635,prednisolone,Asthma; Wheezing,0,0,0,
NCT01308567,prednisone,Prostate Cancer,0,1,0,
NCT01365598,primaquine,Plasmodium falciparum malaria,0,0,0,
NCT01349010,probucol,hyperlipidemia,0,0,0,
NCT01573637,raloxifene,schizophrenia,0,0,0,
NCT01453192,raltegravir,HIV-1 infection,0,0,0,
NCT01215253,ranolazine,Ischemic Cardiomyopathy; Nonischemic Cardiomyopathy; Heart Failure,0,0,0,
NCT01442038,ranolazine,Coronary Artery Disease; Angina Pectoris,0,0,0,
NCT01472185,ranolazine,Type 2 Diabetes Mellitus,0,0,0,
NCT01736891,rasagiline,Parkinson's Disease,0,0,0,
NCT01318694,ribavirin,hepatitis C virus infection,0,0,0,
NCT01433887,ribavirin,hepatitis C virus infection,0,0,0,
NCT01448044,ribavirin,hepatitis C virus infection,0,0,0,
NCT01468584,ribavirin,hepatitis C virus infection,0,0,0,
NCT01479868,ribavirin,hepatitis C virus infection,0,0,0,
NCT01266902,rilpivirine,HIV-1 infection,0,0,0,
NCT01295372,risperidone,Schizophrenia,0,0,0,
NCT01281813,ritonavir,HIV-1 Infections,0,0,0,
NCT01335698,ritonavir,HIV,0,0,0,
NCT01313494,roflumilast,Chronic Obstructive Pulmonary Disease,0,0,0,
NCT01405053,rufinamide,Lennox-Gastaut syndrome,0,0,0,
NCT01285271,sevoflurane,coronary artery bypass,0,0,0,
NCT00994903,simvastatin,Intestinal Neoplasm; Perioperative Care,0,1,0,
NCT01266434,simvastatin,Asthma,0,0,0,
NCT01334229,sitagliptin,Type 2 Diabetes,0,0,0,
NCT01497366,sofosbuvir,hepatitis C virus infection,0,0,0,
NCT01462812,sumatriptan,migraine,0,0,0,
NCT01444651,tadalafil,Cardiovascular Disease; Insulin Resistance; Glucose Intolerance; Obesity,0,0,0,
NCT01460342,tadalafil,Benign Prostatic Hyperplasia,0,0,0,
NCT02995772,tamoxifen,Breast Cancer,0,1,0,
NCT01433107,terbinafine,tinea pedis,0,0,0,
NCT01446042,testosterone,male hypogonadism,0,0,0,
NCT02101359,tetracaine,cataract,0,0,0,
NCT01294462,ticagrelor,Acute Coronary Syndrome; Percutaneous Coronary Intervention,0,0,0,
NCT01360437,ticagrelor,Coronary Artery Disease; Acute Coronary Syndrome,0,0,0,
NCT01285492,tiotropium,Chronic Obstructive Pulmonary Disease,0,0,0,
NCT01290874,tiotropium,asthma,0,0,0,
NCT01395888,tiotropium,COPD,0,0,0,
NCT01462929,tiotropium,Chronic Obstructive Pulmonary Disease,0,0,0,
NCT01490125,tiotropium,Chronic Obstructive Pulmonary Disease,0,0,0,
NCT01291433,tocopherol acetate,radiation-induced brachial plexopathy,0,0,0,
NCT01556646,tolvaptan,Cirrhosis; Hepatic Encephalopathy; Hyponatremia,0,0,0,
NCT01343277,trabectedin,liposarcoma or leiomyosarcoma,1,1,1,cytotoxic_managed_toxicity
NCT01379989,trabectedin,Ovarian Cancer,1,1,1,cytotoxic_managed_toxicity
NCT01519245,tranexamic acid,Coronary Artery Disease,0,0,0,
NCT02781597,tranexamic acid,Hemoptysis,0,0,0,
NCT01356602,triamcinolone acetonide,gout,0,0,0,
NCT01298323,vandetanib,Locally Advanced or Metastatic Medullary Thyroid Cancer; Medullary Thyroid Cancer,0,1,0,
NCT01184664,varenicline,smoking cessation,0,0,0,
NCT01206010,varenicline,smoking cessation,0,0,0,
NCT01307397,vemurafenib,Metastatic Melanoma,0,1,0,
NCT01336608,vilanterol,COPD,0,0,0,
NCT01497522,vildagliptin,Type 2 Diabetes,0,0,0,
NCT01200758,vincristine,Non-Hodgkin's Lymphoma,1,1,1,cytotoxic_managed_toxicity
NCT01355081,vortioxetine,Treatment of Major Depressive Disorder,0,0,0,
NCT01364649,vortioxetine,Treatment of Major Depressive Disorder,0,0,0,
NCT01369576,zopiclone,obstructive sleep apnea,0,0,0,
NCT01244815,asenapine,Pediatric Bipolar Disorder,0,0,0,
NCT01396291,asenapine,bipolar disorder,0,0,0,
NCT02575729,betamethasone,Carpal Tunnel Syndrome,0,0,0,
NCT01223352,bosentan,pulmonary arterial hypertension,0,0,0,
NCT01423292,bupivacaine,Laparoscopic Colecctomy,0,0,0,
NCT01395290,vitamin D3,Diabetes,0,0,0,
NCT01401465,ciclesonide,perennial allergic rhinitis,0,0,0,
NCT01392677,dapagliflozin,Type 2 Diabetes,0,0,0,
NCT01328041,dolutegravir,infection,0,0,0,
NCT01504178,duloxetine,Parkinson's Disease,0,0,0,
NCT01352117,etoposide,HIV-1 Infection; Kaposi's Sarcoma,1,1,1,cytotoxic_managed_toxicity
NCT01372150,fluoxetine,Major Depressive Disorder,0,0,0,
NCT01313676,fluticasone furoate,Chronic Obstructive Pulmonary Disease,0,0,0,
NCT01431950,fluticasone furoate,asthma,0,0,0,
NCT01231347,gemcitabine,Adenocarcinoma of the Pancreas; Advanced Solid Tumors; Cancer; Cancer of Pancreas; Cancer of the Pancreas; Metastases; Metastatic Cancer; Metastatic Pancreatic Cancer; Pancreas Cancer; Pancreatic Cancer; Bone Metastases; Endocrine Cancer; Oncology; Oncology Patients; Solid Tumors; Advanced Malignancy,1,1,1,cytotoxic_managed_toxicity
NCT01345058,lacosamide,Epilepsy,0,0,0,
NCT01422876,linagliptin,Type 2 Diabetes,0,0,0,
NCT01290939,lomustine,glioblastoma multiforme,1,1,1,cytotoxic_managed_toxicity
NCT01505426,metformin,Diabetes,0,0,0,
NCT01235507,methotrexate,Rheumatoid Arthritis,1,0,1,cytotoxic_managed_toxicity
NCT01353859,methotrexate,Rheumatoid Arthritis,1,0,1,cytotoxic_managed_toxicity
NCT01470053,mometasone furoate,perennial allergic rhinitis,0,0,0,
NCT01316107,nateglinide,type 2 diabetes mellitus,0,0,0,
NCT01499134,nebivolol,Hypertension,0,0,0,
NCT01311687,pomalidomide,Multiple Myeloma,0,1,0,
NCT01324947,pomalidomide,Multiple Myeloma,0,1,0,
NCT01376349,prasterone,Postmenopausal Cancer,0,1,0,
NCT01330381,prucalopride,functional constipation,0,0,0,
NCT01306721,pseudoephedrine,seasonal allergic rhinitis,0,0,0,
NCT01370642,ribavirin,hepatitis C virus infection,0,0,0,
NCT01405560,ribavirin,hepatitis C virus infection,0,0,0,
NCT01405937,ribavirin,hepatitis C virus infection,0,0,0,
NCT01296412,sitagliptin,"Diabetes Mellitus, Type 2",0,0,0,
NCT01198145,sulfasalazine,With Cancer,0,1,0,
NCT01435655,tafamidis,transthyretin amyloid polyneuropathy,0,0,0,
NCT01429116,tasimelteon,non-24-hour sleep-wake disorder,0,0,0,
NCT01430754,tasimelteon,non-24-hour sleep-wake disorder,0,0,0,
NCT01301833,teneligliptin,Type 2 Diabetes,0,0,0,
NCT01294787,tiotropium,Chronic Obstructive Pulmonary Disease,0,0,0,
NCT01431274,tiotropium,Chronic Obstructive Pulmonary Disease,0,0,0,
NCT01431287,tiotropium,Chronic Obstructive Pulmonary Disease,0,0,0,
NCT01357252,vildagliptin,Type 2 Diabetes,0,0,0,
NCT01115673,acetaminophen,Pain,0,0,0,
NCT01216163,acetaminophen,Pain,0,0,0,
NCT04704713,afamelanotide,polymorphic light eruption,0,0,0,
NCT01235637,alfentanil,Child Comfort; Morphine; Intensive Care Units; Pediatric,0,0,0,
NCT01151410,aliskiren,Hypertension,0,0,0,
NCT01318395,aliskiren,pulmonary arterial hypertension,0,0,0,
NCT01715207,aliskiren,Marfan syndrome,0,0,0,
NCT01092221,allopurinol,mania,0,0,0,
NCT01101035,allopurinol,cardiovascular disease,0,0,0,
NCT01289119,alogliptin,Type 2 Diabetes,0,0,0,
NCT01224210,ambrisentan,portopulmonary hypertension,0,0,0,
NCT01173809,amiodarone,atrial fibrillation,0,0,0,
NCT01194219,apremilast,plaque psoriasis,0,0,0,
NCT01232283,apremilast,plaque psoriasis,0,0,0,
NCT01072630,armodafinil,Major Depression,0,0,0,
NCT01072929,armodafinil,Major Depression,0,0,0,
NCT01142596,asenapine,schizophrenia,0,0,0,
NCT01140451,ataluren,Cystic Fibrosis,0,0,0,
NCT01236365,atorvastatin,Type 1 Diabetes,0,0,0,
NCT01074047,azacitidine,Acute Myeloid Leukemia,1,1,1,cytotoxic_managed_toxicity
NCT01133626,beclomethasone dipropionate,perennial allergic rhinitis,0,0,0,
NCT01059630,bendamustine,Non-Hodgkin's Lymphoma,1,1,1,cytotoxic_managed_toxicity
NCT01073163,bendamustine,Cell Lymphoma,1,1,1,cytotoxic_managed_toxicity
NCT01222247,betamethasone,Pregnancy; Respiratory Distress Syndrome; Pregnancy Outcomes; Preterm Birth,0,0,0,
NCT01218607,bosentan,Mild Pulmonary Vascular Disease,0,0,0,
NCT01143181,brincidofovir,adenovirus infection,0,0,0,
NCT01261325,brivaracetam,epilepsy,0,0,0,
NCT01035190,budesonide,Bronchopulmonary Dysplasia,0,0,0,
NCT01100112,budesonide,"Colitis, Ulcerative",0,0,0,
NCT01209208,budesonide,Lymphocytic Colitis,0,0,0,
NCT01114308,buprenorphine,opioid use disorder,0,0,0,
NCT01256450,buprenorphine,Low back pain,0,0,0,
NCT00943618,bupropion,Smoking Cessation,0,0,0,
NCT01135212,candesartan cilexetil,essential hypertension,0,0,0,
NCT01026142,capecitabine,Metastatic Breast Cancer,1,1,1,cytotoxic_managed_toxicity
NCT01097018,capecitabine,Advanced Colorectal Cancer,1,1,1,cytotoxic_managed_toxicity
NCT01112826,capecitabine,Breast Cancer,1,1,1,cytotoxic_managed_toxicity
NCT05029297,capsaicin,diabetic neuropathy,0,0,0,
NCT01058096,cariprazine,bipolar disorder,0,0,0,
NCT01058668,cariprazine,Bipolar I Disorder,0,0,0,
NCT01059539,cariprazine,Bipolar I Disorder,0,0,0,
NCT01104766,cariprazine,schizophrenia,0,0,0,
NCT01104779,cariprazine,schizophrenia,0,0,0,
NCT01104792,cariprazine,schizophrenia,0,0,0,
NCT01130181,vitamin D3,vitamin D deficiency,0,0,0,
NCT01138475,vitamin D3,Gastric Bypass; Parathyroid Hormone,0,0,0,
NCT01190683,vitamin D3,vitamin D deficiency,0,0,0,
NCT02005718,vitamin D3,chronic kidney disease,0,0,0,
NCT00975221,cinacalcet,"Hyperparathyroidism, Primary; Hypercalcemia",0,0,0,
NCT01208922,ciprofloxacin,Traveler's Diarrhea,0,0,0,
NCT01179828,clobazam,Low back pain,0,0,0,
NCT01031680,dapagliflozin,Type 2 Diabetes Mellitus,0,0,0,
NCT01042977,dapagliflozin,Type 2 Diabetes Mellitus,0,0,0,
NCT01095653,dapagliflozin,Type 2 Diabetes,0,0,0,
NCT01095666,dapagliflozin,Type 2 Diabetes,0,0,0,
NCT01137474,dapagliflozin,Type 2 Diabetes,0,0,0,
NCT01195662,dapagliflozin,Type 2 Diabetes,0,0,0,
NCT01184872,daptomycin,Infections,0,0,0,
NCT01219881,desflurane,Cystoscopes; Baxter Anaesthesia Brand of Desflurane; Sevoflurane,0,0,0,
NCT01527786,desvenlafaxine,Depression,0,0,0,
NCT01062568,dexamethasone,Development,0,0,0,
NCT01170780,dexamethasone,Inguinal Hernia; Femoral Hernia,0,0,0,
NCT01176240,droxidopa,Parkinson's Disease,0,0,0,
NCT01089556,duloxetine,"Diabetic Neuropathy, Painful",0,0,0,
NCT01140906,duloxetine,Major Depressive Disorder,0,0,0,
NCT01212991,enzalutamide,Metastatic Prostate Cancer,0,1,0,
NCT01115855,eplerenone,Heart Failure,0,0,0,
NCT01319344,eplerenone,Metabolic Syndrome; Endothelial Dysfunction,0,0,0,
NCT01069900,ertapenem,intra-abdominal infection,0,0,0,
NCT01422720,eslicarbazepine acetate,epilepsy,0,0,0,
NCT01069939,esomeprazole,Prevention,0,0,0,
NCT01198834,etodolac,ankle sprain,0,0,0,
NCT01091675,etoricoxib,ankylosing spondylitis,0,0,0,
NCT01199861,fingolimod,Multiple Sclerosis,0,0,0,
NCT01201356,fingolimod,Multiple Sclerosis,0,0,0,
NCT01086384,fluticasone furoate,asthma,0,0,0,
NCT01159912,fluticasone furoate,asthma,0,0,0,
NCT00981058,gemcitabine,Lung Cancer,1,1,1,cytotoxic_managed_toxicity
NCT01072981,gemcitabine,Surgically Resected Pancreatic Cancer,1,1,1,cytotoxic_managed_toxicity
NCT01167881,glimepiride,Type 2 Diabetes,0,0,0,
NCT01189890,glimepiride,Type 2 Diabetes Mellitus,0,0,0,
NCT01087658,glutamine,colorectal cancer,0,1,0,
NCT01132118,hydroxychloroquine,Rheumatoid Arthritis,0,0,0,
NCT01148043,hydroxychloroquine,Osteoarthritis,0,0,0,
NCT01171794,ibuprofen,Altitude Sickness,0,0,0,
NCT01151852,imatinib,Gastrointestinal Stromal Tumors,0,1,0,
NCT01068600,indacaterol,chronic obstructive pulmonary disease,0,0,0,
NCT01079130,indacaterol,asthma,0,0,0,
NCT01089127,indacaterol,Chronic Obstructive Pulmonary Disease,0,0,0,
NCT01117012,ivacaftor,cystic fibrosis,0,0,0,
NCT01301079,ketamine,Pain; Hyperalgesia; Inflammatory Response,0,0,0,
NCT00770133,ketotifen,allergic conjunctivitis,0,0,0,
NCT01509261,lansoprazole,Erosive Esophagitis; GERD,0,0,0,
NCT01029262,lenalidomide,Anemia,0,0,0,
NCT01109004,lenalidomide,Multiple Myeloma,0,1,0,
NCT01243476,lenalidomide,Myelodysplastic Syndrome,0,0,0,
NCT01121848,leucovorin,Pancreatic Cancer,0,1,0,
NCT01063764,levetiracetam,Epilepsy; Partial Seizures,0,0,0,
NCT01228747,levetiracetam,Epilepsy; Generalized Tonic-Clonic Seizures,0,0,0,
NCT01087502,linagliptin,diabetes Mellitus,0,0,0,
NCT01194830,linagliptin,Type 2 Diabetes,0,0,0,
NCT01204294,linagliptin,"Diabetes Mellitus, Type 2",0,0,0,
NCT01214239,linagliptin,"Diabetes Mellitus, Type 2",0,0,0,
NCT01215097,linagliptin,"Diabetes Mellitus, Type 2",0,0,0,
NCT01170221,linezolid,skin and soft tissue bacterial infection,0,0,0,
NCT01060072,loteprednol etabonate,inflammation,0,0,0,
NCT01298219,lubiprostone,opioid-induced constipation,0,0,0,
NCT01173562,mebendazole,Healthy Volunteers,0,0,0,
NCT01357031,melatonin,Migraine,0,0,0,
NCT01412372,mesalamine,irritable bowel syndrome,0,0,0,
NCT01034111,metformin,Type 2 Diabetes Mellitus,0,0,0,
NCT01076075,metformin,Type 2 Diabetes Mellitus,0,0,0,
NCT01106625,metformin,"Diabetes Mellitus, Type 2",0,0,0,
NCT01126580,metformin,Type 2 Diabetes Mellitus,0,0,0,
NCT01137812,metformin,"Diabetes Mellitus, Type 2",0,0,0,
NCT01169779,metformin,Type 2 Diabetes Mellitus,0,0,0,
NCT01063062,methotrexate,Rheumatoid Arthritis,1,0,1,cytotoxic_managed_toxicity
NCT01142726,methotrexate,Rheumatoid Arthritis,1,0,1,cytotoxic_managed_toxicity
NCT01188798,methotrexate,Graft-versus-host Disease,1,0,1,cytotoxic_managed_toxicity
NCT01232920,methotrexate,Uveitis,1,0,1,cytotoxic_managed_toxicity
NCT01251614,methotrexate,Plaque Psoriasis,1,0,1,cytotoxic_managed_toxicity
NCT01186770,methylnaltrexone,constipation,0,0,0,
NCT01371565,mifepristone,pituitary-dependent Cushing's disease,0,0,0,
NCT01302964,mirtazapine,Autism Spectrum Disorders,0,0,0,
NCT02937285,mitoxantrone,Multiple Sclerosis,1,0,1,cytotoxic_managed_toxicity
NCT01440621,modafinil,in Cancer,0,1,0,
NCT01135134,mometasone furoate,perennial allergic rhinitis,0,0,0,
NCT01002742,mycophenolate mofetil,Graft-versus-Host Disease; Immune System Disorders,0,0,0,
NCT01092962,mycophenolate mofetil,Idiopathic Nephrotic Syndrome,0,0,0,
NCT01140217,norethindrone acetate,Contraceptive Usage,0,0,0,
NCT01065649,nortriptyline,gastroesophageal reflux disease,0,0,0,
NCT01150162,omeprazole,Gastric Ulcer,0,0,0,
NCT01338077,omeprazole,Gastroesophageal Reflux Disease; Heartburn,0,0,0,
NCT01121042,ondansetron,Schizoaffective and Schizophreniform Disorders; Schizophrenia,0,0,0,
NCT01084876,paclitaxel,Metastatic Breast Cancer,1,1,1,cytotoxic_managed_toxicity
NCT01107626,paclitaxel,Lung Cancer,1,1,1,cytotoxic_managed_toxicity
NCT01166542,paclitaxel,Neck Cancer,1,1,1,cytotoxic_managed_toxicity
NCT01170663,paclitaxel,Gastric Cancer,1,1,1,cytotoxic_managed_toxicity
NCT01204749,paclitaxel,Ovarian Cancer,1,1,1,cytotoxic_managed_toxicity
NCT01239732,paclitaxel,Ovarian Cancer,1,1,1,cytotoxic_managed_toxicity
NCT04127019,paclitaxel,Breast Cancer,1,1,1,cytotoxic_managed_toxicity
NCT01034163,panobinostat,Hodgkin lymphoma,0,1,0,
NCT01284556,phenobarbital,epilepsy,0,0,0,
NCT01225081,pioglitazone,Type 2 Diabetes Mellitus,0,0,0,
NCT01178281,pomalidomide,Primary Myelofibrosis; MPN-associated Myelofibrosis,0,0,0,
NCT01155765,prasugrel,Hemodialysis; Chronic Renal Failure,0,0,0,
NCT01336348,prasugrel,ST Segment Elevation Myocardial Infarction,0,0,0,
NCT01353235,prednisolone,Chronic Obstructive Pulmonary Disease,0,0,0,
NCT01124838,prednisone,Uveitis,0,0,0,
NCT01138657,prednisone,Uveitis,0,0,0,
NCT01193244,prednisone,Prostate Cancer,0,1,0,
NCT01193257,prednisone,Prostate Cancer,0,1,0,
NCT01143064,progesterone,Brain Injuries,0,0,0,
NCT01116206,prucalopride,constipation,0,0,0,
NCT01147926,prucalopride,constipation,0,0,0,
NCT01251822,prucalopride,constipation,0,0,0,
NCT01197846,quetiapine,Bipolar Disorder,0,0,0,
NCT01258049,quinine,Plasmodium falciparum malaria,0,0,0,
NCT01231516,raltegravir,infection,0,0,0,
NCT01174173,ranolazine,Angina; Pulmonary Arterial Hypertension,0,0,0,
NCT01241760,ribavirin,hepatitis C virus infection,0,0,0,
NCT01263860,ribavirin,hepatitis C virus infection,0,0,0,
NCT01106586,ritonavir,HIV; HIV Infections,0,0,0,
NCT01094886,rivaroxaban,"Arthritis; Osteoarthritis, Knee; Osteoarthritis, Hip; Thromboembolism",0,0,0,
NCT01183806,rivastigmine,Alzheimer's Disease,0,0,0,
NCT01082744,ropivacaine,Pain,0,0,0,
NCT01151540,rufinamide,Lennox-Gastaut syndrome,0,0,0,
NCT00946998,sertraline,Chronic Kidney Disease; Depression,0,0,0,
NCT01098318,sertraline,Major Depressive Disorder,0,0,0,
NCT01214382,sertraline,Roux en Y Gastric Bypass Surgery,0,0,0,
NCT01120405,sevoflurane,coronary artery disease,0,0,0,
NCT01095185,simvastatin,"Cirrhosis; Hypertension, Portal; Bleeding Esophageal Varices; Portal Vein Thrombosis",0,0,0,
NCT02134626,simvastatin,Portal Hypertension; Esophageal Varices; Liver Cirrhosis,0,0,0,
NCT01081834,sitagliptin,"Diabetes Mellitus, Type 2",0,0,0,
NCT01106677,sitagliptin,"Diabetes Mellitus, Type 2",0,0,0,
NCT01177813,sitagliptin,Type 2 Diabetes,0,0,0,
NCT01340768,sitagliptin,Type 2 Diabetes,0,0,0,
NCT00803023,sodium oxybate,fibromyalgia,0,0,0,
NCT01059136,spironolactone,myocardial infarction,0,0,0,
NCT01265901,sunitinib,Cell Carcinoma,0,1,0,
NCT01139762,tadalafil,Benign Prostatic Hyperplasia; Enlarged Prostate,0,0,0,
NCT01152190,tadalafil,Benign Prostatic Hyperplasia,0,0,0,
NCT01222520,telmisartan,Hypertension,0,0,0,
NCT01119937,tiotropium,chronic obstructive pulmonary disease,0,0,0,
NCT01076010,tivozanib,Subjects Who Have Participated in a Study of Tivozanib Versus Sorafenib in Kidney Carcinoma,0,1,0,
NCT01214421,tolvaptan,Autosomal Dominant Polycystic Kidney Disease (ADPKD),0,0,0,
NCT01349348,tolvaptan,Ascites; Hepatic Cirrhosis,0,0,0,
NCT01417754,toremifene,Circulatory; Change,0,0,0,
NCT01306370,tranexamic acid,Knee Arthropathy,0,0,0,
NCT01142258,trazodone,Sleep Disorder,0,0,0,
NCT01572350,triamcinolone acetonide,diabetic macular edema,0,0,0,
NCT01176409,valacyclovir,Human Immunodeficiency Virus; Herpes Simplex,0,0,0,
NCT01162239,varenicline,nicotine dependence,0,0,0,
NCT01314001,varenicline,nicotine dependence,0,0,0,
NCT01006980,vemurafenib,Metastatic Melanoma,0,1,0,
NCT01181895,vilanterol,asthma,0,0,0,
NCT01122641,vildagliptin,Insulin Resistance; Microvascular Disease,0,0,0,
NCT01159249,vildagliptin,Type 2 Diabetes,0,0,0,
NCT01224366,vildagliptin,Type 2 Diabetes Mellitus,0,0,0,
NCT01233622,vildagliptin,Type 2 Diabetes Mellitus,0,0,0,
NCT01257451,vildagliptin,Type 2 Diabetes,0,0,0,
NCT01262586,vildagliptin,Type II Diabetes Mellitus,0,0,0,
NCT01822548,vildagliptin,Type 2 Diabetes,0,0,0,
NCT01152996,vortioxetine,depressive disorder,0,0,0,
NCT01153009,vortioxetine,Major Depressive Disorder,0,0,0,
NCT01163266,vortioxetine,Major Depressive Disorder,0,0,0,
NCT01179516,vortioxetine,Major Depressive Disorder,0,0,0,
NCT01130025,warfarin,in Cancer,0,1,0,
NCT01182441,warfarin,Atrial Fibrillation; Stroke,0,0,0,
NCT01758640,warfarin,Anticoagulation in Pregnancy,0,0,0,
NCT01178073,ambrisentan,"Hypertension, Pulmonary",0,0,0,
NCT01160380,armodafinil,Treat Cancer,0,1,0,
NCT01190267,asenapine,schizophrenia,0,0,0,
NCT01154036,atorvastatin,Hypercholesterolemia,0,0,0,
NCT01113489,beclomethasone dipropionate,allergic rhinitis,0,0,0,
NCT01073930,bisacodyl,Bowel Preparation,0,0,0,
NCT01073943,bisacodyl,Bowel Preparation,0,0,0,
NCT01078714,bumetanide,autism spectrum disorder,0,0,0,
NCT01217892,dapagliflozin,Type 2 Diabetes,0,0,0,
NCT01182376,dronedarone,Atrial Fibrillation,0,0,0,
NCT01254344,ertapenem,Infection; Surgical Site Infection,0,0,0,
NCT01118572,etodolac,postoperative pain,0,0,0,
NCT01197521,fostamatinib,Rheumatoid Arthritis,0,0,0,
NCT01197534,fostamatinib,Rheumatoid Arthritis,0,0,0,
NCT01197755,fostamatinib,Rheumatoid Arthritis,0,0,0,
NCT01002573,ibuprofen,Fever,0,0,0,
NCT00922233,levonorgestrel,Healthy,0,0,0,
NCT01084005,linagliptin,Type 2 Diabetes,0,0,0,
NCT01243424,linagliptin,Type 2 Diabetes,0,0,0,
NCT01090713,lisdexamfetamine,binge eating disorder,0,0,0,
NCT00971165,losartan,Hypertension; Cardiovascular Disease,0,0,0,
NCT01135433,metformin,Type 2 Diabetes Mellitus,0,0,0,
NCT01101438,metformin,Breast Cancer,0,1,0,
NCT01131273,methadone,HIV infection,0,0,0,
NCT01034137,methotrexate,Rheumatoid Arthritis,1,0,1,cytotoxic_managed_toxicity
NCT01185301,methotrexate,Rheumatoid Arthritis,1,0,1,cytotoxic_managed_toxicity
NCT01165424,mometasone furoate,perennial allergic rhinitis,0,0,0,
NCT01014442,mycophenolate mofetil,Lung Transplantation,0,0,0,
NCT01120184,paclitaxel,Metastatic Breast Cancer,1,1,1,cytotoxic_managed_toxicity
NCT02729441,perindopril,Diabetes; Microalbuminuria,0,0,0,
NCT01109784,prasugrel,Coronary Artery Disease (CAD); Acute Coronary Syndrome (ACS),0,0,0,
NCT01075555,pravastatin,Liver Cancer,0,1,0,
NCT00532493,prazosin,post-traumatic stress disorder,0,0,0,
NCT01227824,raltegravir,infection,0,0,0,
NCT01048398,remifentanil,Labor pain,0,0,0,
NCT01719770,rocuronium,cardiac arrest,0,0,0,
NCT01046110,sitagliptin,Type 2 Diabetes,0,0,0,
NCT01098539,sitagliptin,Type 2 Diabetes,0,0,0,
NCT01062763,spironolactone,diabetes mellitus,0,0,0,
NCT01064310,sunitinib,Metastatic Kidney Cancer,0,1,0,
NCT01087671,tafluprost,open-angle glaucoma,0,0,0,
NCT01163032,tasimelteon,non-24-hour sleep-wake disorder,0,0,0,
NCT01120691,tiotropium,COPD,0,0,0,
NCT01202188,tiotropium,Chronic Obstructive Pulmonary Disease,0,0,0,
NCT01280721,tolvaptan,Autosomal Dominant Polycystic Kidney Disease （ADPKD),0,0,0,
NCT00860977,valacyclovir,HIV Infection; Herpes Simplex Type II; HIV Infections,0,0,0,
NCT03775421,macitentan,Congenital Heart Disease With Fontan Circulation,0,0,0,
NCT01133990,E7820,Metastatic Colorectal Cancer,0,1,0,
NCT02901431,RO5285119,Autism Spectrum Disorder,0,0,0,
NCT06515418,Oral Azelaprag (BGE-105),obesity,0,0,0,
NCT06065059,TNG348,Breast Cancer; Ovarian Cancer; Pancreas Cancer; Prostate Cancer; BRCA1 Mutation; BRCA-Mutated Ovarian Carcinoma; BRCA-Associated Breast Carcinoma; HRD Positive Advanced Ovarian Cancer,0,1,0,
NCT04501614,ponatinib,Acute Lymphoblastic Leukemia,0,1,0,
NCT05038020,AKST4290,Diabetic Retinopathy,0,0,0,
NCT04793399,bosutinib,Chronic Leukemia,0,1,0,
NCT04142658,apixaban,Aortic Valve Disease; Aortic Valve Stenosis; Aortic Valve Failure,0,0,0,
NCT03976648,GLPG1690,Systemic Sclerosis,0,0,0,
NCT04023721,Inarigivir soproxil,"Hepatitis B; HBV; Hepatitis B, Chronic",0,0,0,
NCT03774745,progesterone,"Pregnancy, Unwanted",0,0,0,
NCT03711162,GLPG1690,Subjects With Idiopathic Pulmonary Fibrosis,0,0,0,
NCT03733444,GLPG1690,Participants With Idiopathic Pulmonary Fibrosis,0,0,0,
NCT02910882,gemcitabine,Pancreatic Cancer,1,1,1,cytotoxic_managed_toxicity
NCT02055690,Fosbretabulin,Ovarian Cancer,0,1,0,
NCT01717898,BEZ235,Prostate Cancer,0,1,0,
NCT01796470,Entospletinib,Chronic Lymphocytic Leukemia; Mantle Cell Lymphoma; Diffuse Large B-cell Lymphoma; Indolent Non-Hodgkin's Lymphoma,0,1,0,
NCT01402817,sunitinib,Neurofibromatosis; NF1; Plexiform Neurofibromas,0,0,0,
NCT01453595,BEZ235,Cell Carcinoma,0,1,0,
NCT01110876,Erlotinib,Brain Cancer; Glioblastoma Multiforme,0,1,0,
NCT01453140,cyclophosphamide,Graft Versus Host Disease,0,0,0,
NCT01205685,Erlotinib,Hormone-Sensitive Metastatic Breast Cancer,0,1,0,
NCT06013371,PF-07038124,Seborrheic Dermatitis; Papulopustular Rosacea,0,0,0,
NCT05543707,PBI-0451 (Pomotrelvir),COVID-19,0,0,0,
NCT05267574,REN001,Primary Mitochondrial Myopathy,0,0,0,
NCT05237284,SAR443820,Amyotrophic Lateral Sclerosis,0,0,0,
NCT05182476,Luvadaxistat,Schizophrenia,0,0,0,
NCT04492722,AZD5718,Chronic Kidney Disease,0,0,0,
NCT04495894,ketorolac,Patients Undergoing Surgery for Non-Small Cell Lung Cancer,0,1,0,
NCT03917719,Edasalonexent,Duchenne Muscular Dystrophy,0,0,0,
NCT03883607,Elafibranor,Non Alcoholic Steatohepatitis,0,0,0,
NCT03584516,Itacitinib,Chronic Graft-Versus-Host Disease,0,0,0,
NCT03689244,selexipag,Chronic Thromboembolic Pulmonary Hypertension,0,0,0,
NCT03901469,talazoparib,Breast Cancer,0,1,0,
NCT03591874,brimonidine,Graft Versus Host Disease; Ocular Surface Disease; oGVHD; Ocular Graft vs Host Disease; Brimonidine Tartrate; Lubricant Eye Drops; Ophthalmic Solutions; Graft vs Host Disease,0,0,0,
NCT03185481,PF-06649751,Parkinson's Disease,0,0,0,
NCT03354637,ATI-50002,Alopecia Areata,0,0,0,
NCT03147040,carboplatin,Breast Cancer,0,1,0,
NCT03149679,cyclophosphamide,Colorectal Cancer,0,1,0,
NCT03123393,TAK-659,Cell Lymphoma,0,1,0,
NCT02880371,ARRY-382,Advanced Solid Tumors,0,1,0,
NCT02916056,Azeliragon,Alzheimer's Disease,0,0,0,
NCT02626455,Copanlisib (BAY80-6946),"Lymphoma, Non-Hodgkin",0,1,0,
NCT02687542,PF-06649751,Parkinson's Disease,0,0,0,
NCT02976038,elamipretide,primary mitochondrial disease,0,0,0,
NCT02342548,BID of PF-02545920,huntington disease,0,0,0,
NCT02080364,Azeliragon,Alzheimer's Disease,0,0,0,
NCT02284906,pioglitazone,Alzheimer Disease,0,0,0,
NCT02518971,tamsulosin,Postoperative Urinary Retention,0,0,0,
NCT02374853,vancomycin,INFECTION,0,0,0,
NCT02119663,ruxolitinib,Pancreatic Cancer,0,1,0,
NCT01897519,ABT-719,Cardiothoracic Surgery; Vascular Surgery,0,0,0,
NCT01759407,epinephrine,Traumatic Femur Fracture,0,0,0,
NCT01931566,pioglitazone,Alzheimer's Disease,0,0,0,
NCT02629848,Motesanib,Advanced Non-Squamous Non-Small Cell Lung Cancer,0,1,0,
NCT01712074,PF-05212377 (SAM-760),Alzheimer's Disease,0,0,0,
NCT01355874,Iferanserin,Internal Hemorrhoids,0,0,0,
NCT01176565,nicardipine,intracerebral hemorrhage,0,0,0,
NCT01365910,linifanib,Refractory Colorectal Cancer,0,1,0,
NCT01009294,ataluren,Duchenne Muscular Dystrophy; Becker Muscular Dystrophy,0,0,0,
NCT01083641,estradiol,Triple Negative Breast Cancer,0,1,0,
NCT01732640,afatinib,Squamous Cell Carcinoma of the Head and Neck,0,1,0,
NCT05732454,etrasimod,"Atopic Dermatitis; Atopic Dermatitis, Unspecified; Eczema; Eczema, Atopic",0,0,0,
NCT02978716,carboplatin,Triple-Negative Breast Neoplasms; Breast Neoplasm; Breast Cancer; Triple-Negative Breast Cancer,0,1,0,
NCT02034916,talazoparib,Breast Neoplasms; BRCA 1 Gene Mutation; BRCA 2 Gene Mutation,0,1,0,
NCT04952519,amantadine,Patients With Moderate or Severe COVID-19,0,0,0,
NCT04759833,prucalopride,Constipation,0,0,0,
NCT04709380,Sorafenib,Radiotherapy; Toripalimab; Sorafenib; Advanced Hepatocellular Carcinoma,0,1,0,
NCT05014919,vortioxetine,Depression,0,0,0,
NCT04409288,apalutamide,Prostate Cancer,0,1,0,
NCT04327401,dexamethasone,"Coronavirus Infection; Pneumonia, Viral; Acute Respiratory Distress Syndrome",0,0,0,
NCT04372017,hydroxychloroquine,COVID-19; SARS-CoV 2,0,0,0,
NCT04218084,voxelotor,Sickle Cell Disease,0,0,0,
NCT03836716,arimoclomol,Amyotrophic Lateral Sclerosis,0,0,0,
NCT04049097,arimoclomol,Inclusion Body Myositis,0,0,0,
NCT03843125,baricitinib,Systemic Lupus Erythematosus,0,0,0,
NCT03796650,vancomycin,Clostridium Difficile Infection,0,0,0,
NCT04188509,voxelotor,Sickle Cell Disease,0,0,0,
NCT03616912,baricitinib,Systemic Lupus Erythematosus,0,0,0,
NCT03652571,nortriptyline,Functional Dyspepsia,0,0,0,
NCT03263091,roxadustat,"Primary MDS (Very Low, Low or Intermediate IPSS-R With <5% Blasts); Anemia",0,0,0,
NCT03573882,voxelotor,Sickle Cell Disease,0,0,0,
NCT02859896,calcitriol,Secondary Hyperparathyroidism-Chronic Kidney Disease,0,0,0,
NCT03273153,Cobimetinib,Advanced BRAFV600 Wild-type Melanoma,0,1,0,
NCT03015831,colchicine,Atrial Fibrillation; Cardiac Surgery; Colchicine Adverse Reaction,0,0,0,
NCT02873702,dexlansoprazole,Erosive Esophagitis,0,0,0,
NCT02704403,Elafibranor,Nonalcoholic Steatohepatitis (NASH) With Fibrosis,0,0,0,
NCT02735343,prochlorperazine,Headache,0,0,0,
NCT02867280,Sorafenib,Hepatocellular Carcinoma; Recurrence,0,1,0,
NCT02871297,vortioxetine,"Depressive Disorder, Major",0,0,0,
NCT02456103,ataluren,Cystic Fibrosis,0,0,0,
NCT02439957,brincidofovir,Cytomegalovirus Disease; Kidney Transplant Infection,0,0,0,
NCT02439970,brincidofovir,Cytomegalovirus Disease,0,0,0,
NCT02596334,dolutegravir,HIV,0,0,0,
NCT02519439,ganaxolone,Drug Resistant Partial Onset Seizure,0,0,0,
NCT02107859,ataluren,Cystic Fibrosis,0,0,0,
NCT01953744,fluconazole,Cutaneous Leishmaniasis,0,0,0,
NCT01589237,LCQ908,Familial Chylomicronemia Syndrome (FCS) (HLP Type I),0,0,0,
NCT01633060,BKM120,Metastatic Breast Cancer,0,1,0,
NCT03031340,pregabalin,Spinal Fusion,0,0,0,
NCT01522443,cabozantinib,Prostate Cancer; Castration Resistant Prostate Cancer; Pain; Prostatic Neoplasms,0,1,0,
NCT01287741,cyclophosphamide,Diffuse Large B-Cell Lymphoma,0,1,0,
NCT01425307,hydroxyurea,Sickle Cell Anemia,0,0,0,
NCT01121536,armodafinil,Depression,0,0,0,
NCT01021423,lenalidomide,Mantle Cell Lymphoma; Non-Hodgkin's Lymphoma,0,1,0,
NCT01495988,Cobimetinib,Melanoma; Metastatic Melanoma,0,1,0,
NCT01141075,ataluren,"Amino Acid Metabolism, Inborn Errors",0,0,0,
