Drug_Clean,Disease,n_phase2_trials,earliest_p2_year,transitioned,oof_pred_full
0.06% Resiquimod - A,Cell Carcinoma,1,2013,0,0.059094974453355965
0.06% Resiquimod - B,Cell Carcinoma,1,2013,0,0.06325160106513489
0.06% Resiquimod - C,Cell Carcinoma,1,2013,0,0.06365037884102824
1) basiliximab 2) mycophenolate mofetil (MMF) OR azathioprine 3) tacrolimus 4) corticosteroids,Kidney Transplantation (Status Post),1,2016,0,0.0015535821321474336
5-fluorouracil and irinotecan,Ductal Adenocarcinoma of Pancreas; Adenocarcinoma of Ampulla,1,2016,0,0.0013272416616344949
5FU,Gastroesophageal Adenocarcinoma; Adenocarcinoma of the Distal Esophagus; Adenocarcinomas of the Gastroesophageal Junction; Adenocarcinoma of the Proximal Stomach,1,2011,0,0.00019533378265277674
5Fluorouracil,Pancreatic Cancer,1,2021,0,0.026735299233679538
ABI-H2158,Chronic Hepatitis B,1,2020,0,0.051728105819407476
ABT-089,Nicotine Addiction,1,2013,0,0.021159871619276932
ABT-719,Cardiothoracic Surgery; Vascular Surgery,1,2013,0,0.0010002585163077127
ABT-888,Liver Cancer,1,2010,0,0.10907112680903105
ABX464,COVID-19,1,2020,0,0.04353742632375367
AFQ056,Fragile X Syndrome,2,2011,0,0.1994428521421163
AKST4290,Diabetic Retinopathy,1,2021,0,0.0594202851382575
AR100DP1,"Dermatitis, Atopic",1,2020,0,0.047654082331582734
ARRY-382,Advanced Solid Tumors,1,2016,0,0.09051895590840431
ASM-024,Asthma,1,2013,0,0.03023974935821942
ASP3662,Painful Diabetic Peripheral Neuropathy (PDPN),1,2015,0,0.0016584794817872312
ATI-50002,Alopecia Areata,2,2017,0,0.06122230014264822
AUY922,NSCLC,1,2012,0,0.05892314613101055
AVP-786,Schizophrenia,1,2019,0,0.044802158571339845
AZD1775 only,Acute Myeloid Leukemia,1,2019,0,0.0014369978467091576
AZD2014,Advanced Gastric Adenocarcinoma,1,2015,0,0.07995212318524217
AZD2014,Cancer of Stomach,1,2017,0,0.07995212318524217
AZD2014,Stomach Neoplasms,1,2017,0,0.07995212318524217
AZD5363,Advanced Gastric Adenocarcinoma,1,2015,0,0.07084743494780668
AZD5718,Acute Coronary Syndrome,1,2021,0,0.06040244976028819
AZD5718,Chronic Kidney Disease,1,2020,0,0.06040244976028819
AZD8931,Breast Cancer,1,2010,0,0.18665604245187256
Abiraterone,Solid Tumors,1,2016,0,0.03381639700750677
Akt Inhibitor GSK2141795,Acute Myeloid Leukemia,1,2013,0,0.11965501547044025
Anastrozole plus tegafur-uracil,Breast Cancer,1,2010,0,0.0018409197375654912
Apatinib,Nasopharyngeal Carcinoma,1,2016,0,0.004401661697659369
Apremilast,Patients With Rheumatoid Arthritis,2,2010,0,0.08041874093009675
Artefenomel,Plasmodium Falciparum Infection,1,2015,0,0.04742887420691415
BAF312,Active Dermatomyositis,1,2013,0,0.0074462940121830246
BAY1128688,Endometriosis,1,2017,0,0.06382040178916623
BAY1817080,Participants With Diabetic Neuropathic Pain,1,2021,0,0.0017371060116878369
BEZ235,Cell Carcinoma,1,2011,0,0.019190339773869497
BEZ235,Prostate Cancer,1,2013,0,0.007735446821105424
BKM120,Prostate Cancer,1,2011,0,0.04018385636457389
BMS-986165,Granulomatous Colitis; Crohn's Disease; Crohn's Enteritis; Granulomatous Enteritis,1,2018,0,0.007284865746252247
BN83495,Breast Cancer,1,2011,0,0.05343463293580518
BN83495,Endometrial Cancer,1,2010,0,0.05343463293580518
Belumosudil (KD025),Chronic Graft-versus-host-disease,1,2018,0,0.00011197625047039139
Birinapant,Solid Tumors,1,2017,0,0.04590233640035042
Bortezomib,Multiple Myeloma,1,2012,0,0.060468233482334155
Bosutinib Monotherapy,Chronic Leukemia,1,2021,0,0.04893974015178111
Brequinar/Brequinar + Ribavirin,Acute Myeloid Leukemia,1,2018,0,0.015628387705655666
Buprenex and Vivitrol,Post Traumatic Stress Disorder; Alcohol Abuse,1,2019,0,0.00013006606609122028
Busulfan,Myeloid Malignancy; Bone Marrow Failure Syndrome; Transfusion-dependent Red Blood Cell (RBC) Defect; Congenital Immunodeficiency; Metabolic Disease; Severe Immune Dysregulation,1,2012,0,0.0002693009143594872
Busulfan,T-Cell Lymphoma,1,2013,0,0.037106855347313485
Butyrate enemas,Very Low Birth Weight Preterms,1,2012,0,0.0020078707060561056
CB-839,With Melanoma,1,2016,0,0.08414541219836744
CC-99677,"Spondylitis, Ankylosing",1,2021,0,0.0015071674629388652
CD5789,Lamellar Ichthyosis,2,2019,0,0.003338236153946557
CNP520,Alzheimer's Disease,2,2017,0,0.06356477293474729
CRLX101,Prostate Cancer,1,2019,0,0.05656628582269006
Cabazitaxel,Metastatic Colorectal Cancer,1,2013,0,0.033302137767949734
Calcium EDTA,"Renal Insufficiency, Chronic; Kidney Diseases",1,2014,0,0.0016226164088403272
Calcium Leucovorin,Pancreatic Cancer,1,2021,0,0.1587331964508095
Carboplatin,Breast Cancer,1,2017,0,0.04845685876725793
Carboplatin,Gastroesophageal Adenocarcinoma; Adenocarcinoma of the Distal Esophagus; Adenocarcinomas of the Gastroesophageal Junction; Adenocarcinoma of the Proximal Stomach,1,2011,0,0.0013240992428823456
Carboplatin,Lung Cancer,4,2010,0,0.04845685876725793
Carboplatin,Squamous Cell Carcinoma,1,2015,0,0.04845685876725793
Carboplatin,Triple-negative Breast Cancer,1,2021,0,0.04845685876725793
Carboplatin and Etoposide,Patients With Advanced Solid Tumors and Extensive Stage Small Cell Lung Cancer,1,2010,0,0.0016924416490058844
Carfilzomib^2,Multiple Myeloma,2,2019,0,0.05386791202588938
Cenicriviroc,Nonalcoholic Steatohepatitis; Liver Cirrhosis; Non-alcoholic Fatty Liver Disease,1,2017,0,0.0006196619765056566
Cisplatin,Squamous Cell Carcinoma,1,2015,0,0.06417069377813055
Clofazimine,HIV; Tuberculosis,1,2021,0,0.00015111706702895754
Clofazimine loading dose,HIV; Tuberculosis,1,2021,0,0.00014656591916133467
Cobimetinib,Gastrointestinal Cancer,1,2020,0,0.042953966437576374
Cobomarsen,Cutaneous T-Cell Lymphoma/Mycosis Fungoides,1,2019,0,0.05494310472893628
Curcumin,Prostate Cancer,1,2014,0,0.060590457370167536
Cyclophosphamide,Acute Lymphoblastic Leukemia,1,2019,0,0.0060024468507812
Cyclophosphamide,Blood Cancer,1,2017,0,0.0060024468507812
Cyclophosphamide,Cervical Squamous Cell Carcinoma In Situ; Vulvar High Grade Squamous Intraepithelial Lesion,1,2017,0,0.000266195973028829
Cyclophosphamide,Colorectal Cancer,1,2017,0,0.0060024468507812
Cyclophosphamide,Metastatic Melanoma,2,2010,0,0.0060024468507812
Cyclophosphamide,Refractory Ovarian Cancer,1,2018,0,0.000266195973028829
Cyclophosphamide,T-Cell Lymphoma,1,2013,0,0.0060024468507812
Cyclophosphamide,Triple-negative Breast Cancer,1,2021,0,0.0060024468507812
Cyclophosphamide Days 3 and 4 post transplant,Hematologic Malignancies,1,2012,0,0.002974636663195395
Cyclophosphamide and Sirolimus,Graft Versus Host Disease,1,2011,0,0.003532151957126571
Cysteamine Bitartrate,Mitochondrial Diseases,1,2015,0,0.05818485062324694
D-Mannose,Urinary Tract Infections,1,2018,0,0.15123028056226823
DF2156A,Bullous Pemphigoid,1,2012,0,0.0515918629000036
Danirixin,Disease Progression in Chronic Obstructive Pulmonary Disease,1,2017,0,0.007791834883296859
Dapagliflozin,Chronic Kidney Disease,1,2020,0,0.19749077885644745
Dasatinib,Advanced Cancer,1,2012,0,0.044473135419426116
Dasatinib,Lung Cancer,1,2011,0,0.044473135419426116
Daunorubicin (nonliposomal),Acute Lymphoblastic Leukemia,1,2019,0,0.8400449519645289
Desipramine HCL,Lung Cancer,1,2012,0,0.08281839716989176
Dexamethasone,Multiple Myeloma,2,2019,0,0.08265974296780448
Dexamethasone,Postoperative Nausea and Vomiting; Vomiting,3,2012,0,0.007944353495201508
Dexamethasone or equivalent,Acute Lymphoblastic Leukemia,1,2019,0,0.04647327241787348
Dexmedetomidine,Withdrawal Syndrome,1,2018,0,0.06597034887720377
Dexmedetomidine Hydrochloride,Rapid Atrial Fibrillation; Heart Rate Control,1,2019,0,0.0005814902006676655
Dexrazoxane,Tissue Sarcoma,1,2018,0,0.007766618878890093
Docetaxel,Advanced Solid Tumor; Non-Small Cell Lung Cancer; Colorectal Cancer,1,2019,0,0.0023419328577509607
Docetaxel,Biliary Cancer,1,2013,0,0.16984503209333252
Docetaxel,Lung Cancer,2,2015,1,0.16984503209333252
Docetaxel,NSCLC,1,2012,1,0.16984503209333252
Docetaxel,Patients With Non Small-cell Lung Cancer,1,2013,0,0.0023419328577509607
Docetaxel,Prostate Cancer,1,2017,0,0.16984503209333252
Docetaxel,Synovial Sarcoma,1,2020,0,0.16984503209333252
Dordaviprone (ONC201),Glioblastoma; Diffuse Midline Glioma; H3 K27M Glioma; Thalamic Glioma; Infratentorial Glioma; Basal Ganglia Glioma,1,2016,0,0.001348868269459134
Dordaviprone (ONC201),Glioma,1,2017,0,0.05171190638755409
Dovitinib,Colorectal and Pancreas Cancer,1,2013,0,0.0036821447136742977
Dovitinib,Von Hippel-Lindau Syndrome,1,2012,0,0.13044618810020525
Doxorubicin,Acute Lymphoblastic Leukemia,1,2019,0,0.0789259068332952
Doxorubicin,T-Cell Lymphoma,1,2013,0,0.0789259068332952
Doxorubicin,Tissue Sarcoma,1,2018,0,0.0789259068332952
E6201,AML; MDS; CMML,1,2015,0,0.0005724001284892489
E7820,Metastatic Colorectal Cancer,1,2010,0,0.05000339042302081
EMA401,Painful Diabetic Neuropathy,1,2018,0,0.0744571829632986
EMA401,Post-herpetic Neuralgia,1,2017,0,0.18883794876430146
Elafibranor,Non Alcoholic Steatohepatitis,2,2019,0,0.09139700719857742
Entecavir (ETV),Chronic Hepatitis B,1,2020,0,0.007021401443887708
Entospletinib,Chronic Lymphocytic Leukemia; Mantle Cell Lymphoma; Diffuse Large B-cell Lymphoma; Indolent Non-Hodgkin's Lymphoma,1,2013,0,0.008260107749320143
Epirubicin,Triple-negative Breast Cancer,1,2021,0,0.06592725314539848
Erbitux,Head and Neck Carcinoma,1,2013,0,0.20569149266885586
Erlotinib,Advanced Solid Tumor; Non-Small Cell Lung Cancer; Colorectal Cancer,1,2019,0,0.00023267936495879508
Erlotinib,Brain Cancer; Glioblastoma Multiforme,1,2011,0,0.00023267936495879508
Erlotinib,Hormone-Sensitive Metastatic Breast Cancer,1,2010,0,0.00023267936495879508
Erlotinib,Lung Cancer,1,2015,0,0.03886563454463817
Erlotinib,Pancreatic Cancer,1,2010,0,0.0034701528469492948
Escitalopram + RT2CK17,Depression,1,2018,0,0.15324686513154478
Ethambutol,HIV; Tuberculosis,1,2021,0,0.0007011603743274466
Ezutromid,Duchenne Muscular Dystrophy,1,2016,0,0.07940990319804138
FOLFIRI,Metastatic Colorectal Cancer,1,2010,0,0.05620857984545241
Ferroquine SSR97193,Plasmodium Falciparum Infection,1,2015,0,0.06129811756689489
Fludarabine,Acute Lymphoblastic Leukemia,1,2019,0,0.05530781481624995
Fludarabine,Metastatic Melanoma,2,2010,0,0.05530781481624995
Fludarabine,Myeloid Malignancy; Bone Marrow Failure Syndrome; Transfusion-dependent Red Blood Cell (RBC) Defect; Congenital Immunodeficiency; Metabolic Disease; Severe Immune Dysregulation,1,2012,0,0.001507555824903719
Fludarabine,Refractory Ovarian Cancer,1,2018,0,0.001507555824903719
Fosbretabulin,Ovarian Cancer,1,2014,0,0.24130972986189914
Fosbretabulin tromethamine,Subjects With Platinum Resistant Ovarian Cancer,1,2016,0,0.0027231460354742608
Fycompa,Amyotrophic Lateral Sclerosis,1,2019,0,0.04967921916145355
GC4711 +SBRT,NSCLC,1,2020,0,0.06235083649295966
GDC-0853,"Lupus Erythematosus, Systemic",1,2018,0,0.07755589598903453
GLPG1690,Systemic Sclerosis,1,2019,0,0.08140055019347182
GLPG2737,Autosomal Dominant Polycystic Kidney Disease,1,2020,0,0.043415598701192284
GS-1101,Waldenstrom's Macroglobulinemia,1,2015,0,0.07819387357759844
GSK2586184,Systemic Lupus Erythematosus,4,2013,0,0.0774483989129491
GSK2798745,Cough,1,2018,0,0.08346677006743468
GTx-024,Breast Cancer,1,2015,0,0.08169900293755314
Gd-DOTA,"Renal Insufficiency, Chronic; Kidney Diseases",1,2014,0,0.0015023652682616697
Gemcabene,Non-Alcoholic Fatty Liver Disease,1,2018,0,0.0639714661940687
Gemcitabine,Diffuse Large B Cell Lymphoma; Relapsed Diffuse Large B-Cell Lymphoma; Refractory Diffuse Large B-Cell Lymphoma,1,2018,0,0.0011509792146206798
Gemcitabine and nanoparticle albumin bound paclitaxel,Ductal Adenocarcinoma of Pancreas; Adenocarcinoma of Ampulla,1,2016,0,8.920678048513121e-05
"Gemcitabine, Nab-Paclitaxel, and hydroxychloroquine",Resectable Pancreatic Cancer,1,2017,0,0.06666184733658959
Glucagon,"Hypoglycemia Unawareness; Diabetes Mellitus, Type 1",1,2018,0,0.006823443081631822
Goserelin,Breast Cancer,1,2017,0,0.081141997446523
Goserelin,Hormone-Sensitive Metastatic Breast Cancer,1,2010,0,0.008190969089137247
Goserelin,Prostate Cancer,1,2011,0,0.081141997446523
Hydroxychloroquine Sulfate once a day,COVID-19,1,2020,0,0.0005897441035773888
Hydroxychloroquine Sulfate twice a day,COVID-19,2,2020,0,0.0005327990585388645
IMO-8400,Waldenstrom's Macroglobulinemia,1,2014,0,0.11164601569573877
INCB057643,Solid Tumors,1,2016,0,0.05446630294628881
Icotinib hydrochloride,Mild to Moderate Psoriasis,1,2017,0,0.0014974325097487412
Imatinib Mesylate,Loiasis,1,2019,0,0.4136163753924009
Inarigivir soproxil,"Hepatitis B; HBV; Hepatitis B, Chronic",1,2019,0,0.0016676508403139431
Indomethacin,Cervical Squamous Cell Carcinoma In Situ; Vulvar High Grade Squamous Intraepithelial Lesion,1,2017,0,0.0006200696732952657
Itacitinib,Chronic Graft-Versus-Host Disease,1,2019,0,0.008081865921390846
Itacitinib,"GVHD,Acute",1,2020,0,0.008081865921390846
Itacitinib,Treatment of Graft-Versus-Host Disease,1,2019,0,0.008081865921390846
JNJ-38518168,Rheumatoid Arthritis,1,2013,0,0.004699254963146844
JNJ-38518168 (),Rheumatoid Arthritis,3,2012,0,0.006505049728136684
KB-0742,Ovarian Cancer,1,2021,0,0.05115832666300031
KRT-232,Lung Cancer,1,2021,0,0.09117731911938289
KVD824,"Angioedema, Hereditary, Types I and II",1,2021,0,0.0017767588170549814
"L-Arginine, N2-((4-Methylphenyl)Sulfonyl)-, Methyl Ester",HeartPhone Cancer,1,2019,0,0.0016764218210914238
LBH589,Cell Lymphoma,1,2012,0,0.04992073514679505
LCQ908,Hepatitis C,1,2011,0,0.0821812242976414
LY2510924,Cell Carcinoma,1,2011,0,0.060683525253802675
LY3023414,Lung Cancer,1,2015,0,0.10223876497307423
LY3214996,Cancer; Cancer Metastatic; BRAF V600E; MEK1 Gene Mutation; MEK2 Gene Mutation; ERK Mutation; RAF1 Gene Mutation,1,2020,0,0.0006884230896131752
LY3499446,Advanced Solid Tumor; Non-Small Cell Lung Cancer; Colorectal Cancer,1,2019,0,0.001319093230449752
LY500307,Benign Prostatic Hyperplasia,1,2010,0,0.08573677574775888
Ladarixin,Type 1 Diabetes,1,2021,0,0.04784676965227853
Lanabecestat,Alzheimer's Disease,1,2014,1,0.07782263159251292
Leuprolide Acetate,Prostate Cancer,1,2017,0,0.07498680818922865
Lisdexamfetamine dimesylate,Bulimia Nervosa,1,2018,0,0.07135376460761542
Low dose IL-2 with Cytoxan + Sirolimus,Graft Versus Host Disease,1,2011,0,0.11854165805712924
"Low dose IL-2, Vidaza, Cytoxan & Sirolimus",Graft Versus Host Disease,1,2011,0,0.12117577946794056
"Low dose IL-2, Vidaza, cyclophosphamide & Sirolimus",Graft Versus Host Disease,1,2011,0,0.004963414100112338
Lumason,Abdominal Injury,1,2017,0,0.0076640009995444635
"Lutein, zeaxanthin and mesozeaxanthin",Glaucoma,1,2019,0,0.049907660845571244
Luteinizing Hormone Releasing Hormone (LHRH) Agonist,High Risk Prostate Cancer,1,2011,0,0.06857425804070139
Luvadaxistat,Schizophrenia,1,2021,0,0.046225033085333746
ME-344,Solid Tumors,1,2014,0,0.029364105796093293
MK-7622,Alzheimer's Disease,1,2013,0,0.081715624163207
MOR,Atopic Dermatitis,1,2018,0,0.08116575302439348
Memantine Hydrochloride (HCl),Autism Spectrum Disorder (ASD); Autism; Autistic Disorder; Asperger's Disorder; Asperger's; Pediatric Autism; Pervasive Developmental Disorder Not Otherwise Specified (PDD-NOS),1,2012,0,0.0034987339691530165
Mifepristone,"Pregnancy, Unwanted",1,2019,0,0.00010474725654907099
ONO-7475 + Venetoclax (70-),Acute Leukemia,1,2017,0,0.052288905658580645
OSI-906,Hormone-Sensitive Metastatic Breast Cancer,1,2010,0,0.0006576122073349408
Obeticholic Acid (OCA),Alcoholic Hepatitis,1,2014,0,0.07977614592031156
Oxaliplatin,Diffuse Large B Cell Lymphoma; Relapsed Diffuse Large B-Cell Lymphoma; Refractory Diffuse Large B-Cell Lymphoma,1,2018,0,0.001121903547992752
Oxaliplatin,Pancreatic Cancer,1,2021,0,0.0912339294975861
PF-05175157,Type 2 Diabetes Mellitus,3,2012,0,0.0022989574559398192
PF-05212377 (SAM-760),Alzheimer's Disease,1,2012,0,0.07693943630996371
PF-06649751,Parkinson's Disease,1,2016,0,0.017332546882535466
PF-06649751 ( QD),Parkinson's Disease,2,2016,0,0.008016970925937311
PF-07321332,COVID-19,1,2021,0,0.08151326565716913
PR610,"Unspecified Adult Solid Tumor, Protocol Specific",1,2012,0,0.00014501187275603905
Paclitaxel/doxorubicin/cyclophosphamide,Locally Advanced HER2-Negative Breast Cancer,1,2010,0,0.0001265409258609528
Palbociclib,Breast Cancer,1,2017,0,0.006877592963668536
Pazopanib,Gastrointestinal Stromal Tumor (GIST),1,2011,0,0.1053772063746169
Pazopanib,Ovarian Cancer,1,2014,0,0.01892401481034154
Phase I- Cytarabine & Eltrombopag,Acute Myeloid Leukemia,1,2012,0,0.12224342081004307
Pregabalin,Participants With Diabetic Neuropathic Pain,1,2021,0,0.002127409673213786
RAD001,Cell Lymphoma,1,2012,0,0.01689314108270789
RO5285119,Autism Spectrum Disorder,1,2016,0,0.08130924243677323
Rifampicin,HIV; Tuberculosis,1,2021,0,0.00022825007901033502
Ropivicaine,Traumatic Femur Fracture,1,2013,0,0.01021826179005302
Rovalpituzumab tesirine,Adults With Extensive-Stage Small Cell Lung Cancer,1,2017,0,0.008294282727388897
SM-88,Breast Cancer,1,2021,0,0.05459020870339384
SP160412 Ibuprofen and Chlorpheniramine maleate,Sunburn,1,2018,0,0.03756720352895964
SPI-1620,Biliary Cancer,1,2013,0,0.048867017955223205
SPI-1620,Patients With Non Small-cell Lung Cancer,1,2013,0,0.0014177761440920267
Sirolimus,Multiple System Atrophy,1,2018,0,0.08282214743293809
Sodium Bicarbonate,Acute Kidney Injury; Congenital Heart Disease,1,2013,0,0.0014068304669753076
Sodium Nitroprusside,HeartPhone Cancer,1,2019,0,0.023092226800755917
Sorafenib,Thyroid Cancer,1,2018,0,0.04389542932114931
Sorafenib and OSI-906,Advanced Hepatocellular Cancer,1,2011,0,0.0017473568659269526
Sugar pill,Angina,1,2015,0,0.02293755992848604
Sutent®/Sunitinib,Neurofibromatosis; NF1; Plexiform Neurofibromas,1,2012,0,0.001805000295226696
TAK-117,Lung Cancer,1,2015,0,0.19694151858224523
TAK-448,Low Testosterone,1,2015,0,0.06407508960265346
TAK-659,Cell Lymphoma,1,2017,0,0.08578864471642296
TAK-994,Narcolepsy Type 1 (NT 1),1,2021,0,0.001421035168474367
TAK-994,Narcolepsy Type 1 (NT1); Narcolepsy Type 2 (NT2),1,2020,0,0.001421035168474367
TH-302 combination with pemetrexed,Lung Cancer,1,2014,0,0.05442542607845149
TH-4000 (Tarloxotinib),Lung Cancer,1,2015,0,0.0016390657793008134
TH-4000 (Tarloxotinib),Treatment of Patients With Recurrent or Metastatic Squamous Cell Carcinoma,1,2015,0,0.0001108859853822097
TZP-102,Diabetic Gastroparesis,1,2012,0,0.008376042150194525
Taselisib,Metastatic Breast Cancer,1,2015,0,0.07619153700133094
Taxotere,Head and Neck Carcinoma,1,2013,0,0.06233183121696095
Taxotere,Prostate Cancer,1,2014,0,0.06233183121696095
Temodar,Glioblastoma Multiforme; Gliosarcoma,1,2011,0,0.0004294323952895496
Temozolomide,Brain Cancer; Glioblastoma Multiforme,1,2011,0,0.0014650691626771108
Temozolomide,Glioblastoma,1,2013,0,0.059371771734002564
Temozolomide,Liver Cancer,1,2010,0,0.059371771734002564
Tetracosactide (Synacthène®),Post-dural Puncture Headache,1,2016,0,0.0013479633662007897
Thiamine,Cardiac Arrest,1,2018,0,0.008170960480482967
Tipifarnib,Myelodysplastic Syndromes,1,2016,0,0.0019579522850091424
Tivantinib (ARQ 197),Non-CNS Germ Cell Tumors (Seminomas and Nonseminomas),1,2010,0,0.008202399275287684
Treatment Arm - ATG,Graft-versus-host-disease; Relapse,1,2020,0,0.0010986368480740004
Triple therapy group,Septic Shock; Critical Illness,1,2018,0,0.0017466940428453401
UX007,Glucose Transporter Type 1 Deficiency Syndrome,1,2015,0,0.06508602012576167
VK-2019,Nasopharyngeal Carcinoma,1,2019,0,0.05323862463657658
Venglustat,"Polycystic Kidney, Autosomal Dominant",1,2018,0,0.005793433073610204
Vincristine Sulfate Liposome,Acute Myeloid Leukemia,1,2015,0,0.23900098808489795
Vismodegib,cell Lymphoma,1,2013,0,0.01626523090180352
ZPL389,Atopic Dermatitis,6,2018,0,0.08029219034199873
abemaciclib,Advanced Solid Tumor; Non-Small Cell Lung Cancer; Colorectal Cancer,1,2019,0,0.0006278762505491485
abemaciclib,Breast Cancer,6,2014,0,0.0505018330552033
abemaciclib,Breast Cancer Metastatic,1,2021,0,0.0505018330552033
abemaciclib,Cancer; Cancer Metastatic; BRAF V600E; MEK1 Gene Mutation; MEK2 Gene Mutation; ERK Mutation; RAF1 Gene Mutation,1,2020,0,0.0006278762505491485
abemaciclib,"Esophageal Adenocarcinoma; Esophagus SCC; Cholangiocarcinoma; Urothelial/Bladder Cancer, Nos; Endometrial Cancer",1,2018,0,0.0006278762505491485
abemaciclib,Korean Cancer,1,2017,0,0.0006278762505491485
abemaciclib,Lung Cancer,1,2015,0,0.0505018330552033
abemaciclib,Mantle Cell Lymphoma,1,2013,0,0.0505018330552033
abemaciclib,Metastatic Breast Cancer,2,2016,0,0.0505018330552033
abemaciclib,Neck Cancer,1,2018,0,0.0505018330552033
abemaciclib,Pancreatic Ductal Adenocarcinoma,1,2017,0,0.0505018330552033
abemaciclib,Prostate Cancer,1,2021,0,0.0505018330552033
abemaciclib,Relapsed Solid Tumor; Refractory Solid Tumor,1,2020,0,0.0006278762505491485
abemaciclib,Thyroid Cancer,1,2020,0,0.0505018330552033
abiraterone acetate,Advanced Prostate Cancer,1,2011,0,0.20077368988643562
abiraterone acetate,Breast Cancer,1,2013,0,0.08321696812605459
abiraterone acetate,Castration Resistant Prostate Cancer,1,2017,0,0.009504600513391916
abiraterone acetate,Gland Cancer,1,2015,0,0.08321696812605459
abiraterone acetate,Metastatic Castrate Resistant Prostate Cancer,1,2011,0,0.009504600513391916
abiraterone acetate,Metastatic Castration-Resistant Prostate Cancer,1,2014,0,0.009504600513391916
abiraterone acetate,Metastatic Castration-Resistant Prostate Cancer; Metastatic Breast Cancer; Non-small Cell Lung Cancer; Advanced Solid Tumors,1,2018,0,0.009504600513391916
abiraterone acetate,Metastatic Prostate Cancer,1,2018,0,0.20077368988643562
abiraterone acetate,Patients With Prostate Cancer,1,2012,0,0.08321696812605459
abiraterone acetate,Prostate Adenocarcinoma; Prostate Cancer; High Risk Prostate Cancer,1,2014,0,0.009504600513391916
abiraterone acetate,Prostate Cancer,24,2010,1,0.20077368988643562
abiraterone acetate,Side Effect Related to Mineralcorticoid Excess Prevention in Prostate Cancer,1,2013,0,0.009504600513391916
abiraterone acetate,Treatment of Patients With Castration-Resistant Prostate Cancer,1,2012,0,0.009504600513391916
abiraterone acetate,metastatic Prostate Cancer,1,2017,0,0.20077368988643562
acalabrutinib,Advanced Blood Cancer,1,2021,0,0.08388989956908716
acalabrutinib,COVID-19,2,2020,0,0.08388989956908716
acalabrutinib,Cell Carcinoma,1,2015,0,0.08388989956908716
acalabrutinib,Cell Lymphoma,1,2020,0,0.19642581456648794
acalabrutinib,Chronic Lymphocytic Leukemia,1,2019,0,0.19642581456648794
acalabrutinib,Follicular Lymphoma (FL); CLL; Small Lymphocytic Lymphoma (SLL); Richter's Syndrome; Mantle Cell Lymphoma (MCL); Indolent Non Hodgkin Lymphoma; Waldenström Macroglobulinemia; Multiple Myeloma; Hodgkin Lymphoma; Burkitt Lymphoma; Marginal Zone Lymphomas; Mediastinal Large B Cell Lymphoma; Hairy Cell Leukemia,1,2015,0,0.0062081470583905726
acalabrutinib,Food Allergy; Food Allergy Peanut,1,2021,0,0.0062081470583905726
acalabrutinib,Hodgkin Lymphoma,1,2019,0,0.08388989956908716
acalabrutinib,Lung Cancer,1,2015,0,0.08388989956908716
acalabrutinib,Non-Hodgkins Lymphoma; Multiple Myeloma; B-All,1,2014,0,0.0062081470583905726
acalabrutinib,Ovarian Cancer,1,2015,0,0.08388989956908716
acalabrutinib,Rheumatoid Arthritis,1,2015,0,0.08388989956908716
acalabrutinib,Untreated Mantle Cell Lymphoma,1,2018,0,0.0062081470583905726
acetaminophen,Analgesia,1,2019,0,0.002018103651881112
acetaminophen,Anterior Cruciate Ligament Injury,1,2019,0,0.00023836549735007344
acetaminophen,Behavioural Disturbances; Pain; Dementia; Alzheimer's Dementia; Vascular Dementia,1,2012,0,0.00023836549735007344
acetaminophen,Borderline Personality Disorder,1,2013,0,0.04741967133502917
acetaminophen,Breast Cancer,1,2016,0,0.0034252959132080505
acetaminophen,"Herpangina; Gingivostomatitis; Hand, Foot and Mouth Disease",1,2017,0,0.00023836549735007344
acetaminophen,Hypertension,1,2013,0,0.0034252959132080505
acetaminophen,IgG4 Related Disease; IgG4-RD,1,2021,0,0.00023836549735007344
acetaminophen,Irreversible Pulpitis,2,2015,0,0.00023836549735007344
acetaminophen,Kidney Transplant,1,2015,0,0.0034252959132080505
acetaminophen,Kidney Transplant; Adult Living Donor Kidney Transplant Recipients; Renal Transplant; Living Kidney Donor,1,2016,0,0.00023836549735007344
acetaminophen,Liver Transplant Recipient; Living Donor (of the Respective Liver Transplant Recipient),1,2016,0,0.00023836549735007344
acetaminophen,Local Anesthesia; Tooth Extraction,1,2019,0,0.00023836549735007344
acetaminophen,Lung Cancer,2,2018,0,0.0034252959132080505
acetaminophen,Lupus Nephritis,1,2015,0,0.09786866801044021
acetaminophen,Malaria; Seizures; Coma; Parasitemia; Hyperpyrexia; Fever,1,2019,0,0.00023836549735007344
acetaminophen,Metastatic Castration-resistant Prostate Cancer; Prostate Cancer; Prostate Neoplasm; Advanced Solid Tumor; Solid Tumor; Non-metastatic Castration-resistant Prostate Cancer,1,2018,0,0.00023836549735007344
acetaminophen,Multiple Myeloma,1,2013,0,0.0034252959132080505
acetaminophen,Musculoskeletal Injury,1,2019,0,0.0034252959132080505
acetaminophen,Myelodysplastic Syndromes; Hodgkin's Lymphoma; Non-Hodgkin's Lymphoma; Acute Leukemia; Multiple Myeloma,1,2015,0,0.00023836549735007344
acetaminophen,Pain,1,2010,1,0.09786866801044021
acetaminophen,Pain Management,1,2017,0,0.0034252959132080505
acetaminophen,Pain; Fever; Drug Effect; Drug Reaction,1,2018,0,0.00023836549735007344
acetaminophen,Patency of the Ductus Arteriosus; Acetaminophen; Extreme Prematurity,1,2020,0,0.00023836549735007344
acetaminophen,Patients With Body Temperature Between 37.8-38.5; No Sign of Infection; No Liver and Kidney Problem,1,2013,0,0.00023836549735007344
acetaminophen,Perioperative Pain,1,2020,0,0.00023836549735007344
acetaminophen,Post Surgical Dental Pain,1,2019,0,0.0034252959132080505
acetaminophen,Post-surgical Pain,1,2018,0,0.00023836549735007344
acetaminophen,Postoperative Adenoidectomy Pain,1,2019,0,0.00023836549735007344
acetaminophen,Postoperative Pain,2,2018,0,0.041604928854858926
acetaminophen,Postsurgical Pain,1,2018,0,0.00023836549735007344
acetaminophen,Preeclampsia Severe; Preeclampsia Postpartum,1,2019,0,0.00023836549735007344
acetaminophen,Prevention of Persistent Postoperative Pain,1,2017,0,0.00023836549735007344
acetaminophen,Pruritus,1,2019,0,0.0034252959132080505
acetaminophen,Renal Colic,1,2012,0,0.09786866801044021
acetaminophen,Rotator Cuff Tear,1,2019,0,0.0034252959132080505
acetaminophen,Scoliosis Idiopathic; Scoliosis; Adolescence; Erector Spinae Plane Block,1,2019,0,0.00023836549735007344
acetaminophen,Severe Sepsis,1,2013,0,0.0034252959132080505
acetaminophen,Surgery,1,2018,0,0.0034252959132080505
acetaminophen,Systemic Sclerosis-Associated PAH,1,2011,0,0.00023836549735007344
acetaminophen,Tonsillectomy,1,2016,0,0.0034252959132080505
acetaminophen,Tonsillectomy; Adenoidectomy,1,2012,0,0.00023836549735007344
acetylcholine,HeartPhone Cancer,1,2019,0,0.0010518078217455905
acyclovir,Cell Lymphoma,1,2015,0,0.05467507860283917
acyclovir,Lung Cancer,1,2013,0,0.05467507860283917
acyclovir,Metastatic Castration-resistant Prostate Cancer,1,2014,0,0.0011754723879761277
afatinib,Advanced Cancer,1,2015,0,0.12300315425941857
afatinib,Advanced Gastric Cancer,1,2016,0,0.19673267961752186
afatinib,Breast Cancer,1,2011,0,0.19673267961752186
afatinib,"Carcinoma, Squamous Cell of Head and Neck",1,2012,0,0.19673267961752186
afatinib,Cell Carcinoma,2,2012,0,0.02239888079123831
afatinib,Chordoma,1,2018,0,0.12300315425941857
afatinib,Lung Adenocarcinoma Stage III; EGFR Gene Mutation,1,2020,0,0.00044657491667723465
afatinib,Lung Cancer,2,2016,0,0.07984780018361079
afatinib,Lung Neoplasms,1,2011,0,0.07984780018361079
afatinib,NSCLC,3,2013,0,0.07984780018361079
afatinib,Neuroectodermal Tumors; Rhabdomyosarcoma,1,2015,0,0.00044657491667723465
afatinib,Non-small Cell Lung Cancer,1,2016,0,0.07984780018361079
afatinib,"Non-small Cell Lung Carcinoma; Urothelial Carcinoma; Gastrointestinal Carcinoma, Non-colon; Upper Aerodigestive Tract Carcinoma",1,2016,0,0.00044657491667723465
afatinib,Non-small-cell Lung Cancer With Somatic EGFR Mutations,1,2015,0,0.00044657491667723465
afatinib,Patient With EGFR Mutated Lung Cancer,1,2016,0,0.12300315425941857
afatinib,Patients With Locally Advanced or Operable Breast Cancer,1,2012,0,0.00044657491667723465
afatinib,Tract Carcinoma,1,2016,0,0.12300315425941857
alectinib,Advanced Unresectable or Metastatic Solid Malignancy,1,2021,0,0.0005654276761377146
alectinib,Anaplastic Lymphoma,2,2013,1,0.01054180162608404
alectinib,"Glioblastoma, Adult",1,2018,0,0.09934685945317674
alectinib,Lung Cancer,2,2013,1,0.01656820426966424
alectinib,Lung Neoplasm,1,2020,0,0.01656820426966424
alectinib,Metastatic or Locally Advanced Malignancies,1,2021,0,0.0005654276761377146
alectinib,NSCLC,1,2020,0,0.01656820426966424
alectinib,Neoplasms; Solid Tumors; Biliary Cancer; Salivary Cancer; Bladder Cancer,1,2014,0,0.0005654276761377146
alectinib,or Cancer,1,2018,0,0.09934685945317674
alprazolam,Diabetes,1,2018,0,0.09893266234981783
amlodipine,Breast Cancer,1,2016,0,0.0313093063617546
amlodipine,Essential Hypertension,2,2010,1,0.015701116267873252
amlodipine,Hypertension,5,2010,1,0.012290345815511746
amlodipine,Hypertension; Concurrent Obesity,1,2012,0,0.00020604980733254663
amlodipine,Primary Aldosteronism; Primary Aldosteronism Due to Adrenal Hyperplasia (Bilateral),1,2020,0,0.00020604980733254663
amlodipine,Thalassemia,1,2014,0,0.0313093063617546
amoxicillin,Aggressive Periodontitis,1,2015,0,0.04878577279687678
amoxicillin,Chlamydia Trachomatis Infection in Pregnancy,1,2013,0,0.04878577279687678
amoxicillin,Dentoalveolar Abscess,1,2018,0,0.04878577279687678
amoxicillin,Helicobacter Pylori Infection,3,2021,0,0.04878577279687678
amoxicillin,Vaginitis Gardnerella,1,2017,0,0.0014761673444108436
amsacrine,Leukemia,1,2010,0,0.05221697568174945
anastrozole,Advanced Breast Cancer,3,2014,0,0.0029577966371860448
anastrozole,Breast Cancer,15,2010,0,0.0029577966371860448
anastrozole,Endometriosis,1,2014,0,0.0029577966371860448
anastrozole,Healthy Males,1,2011,0,0.0029577966371860448
anastrozole,Metastatic Breast Cancer,3,2015,0,0.0029577966371860448
anastrozole,Primary Breast Cancer,1,2019,0,0.0029577966371860448
anastrozole,Pulmonary Arterial Hypertension,2,2012,0,0.0029577966371860448
apalutamide,Advanced Prostate Cancer,1,2017,0,0.03315137615851878
apalutamide,High-Risk Prostate Cancer,1,2019,0,0.0034438721321115745
apalutamide,Non-metastatic Prostate Cancer,1,2020,0,0.0034438721321115745
apalutamide,Oligometastatic Prostate Cancer,1,2018,0,0.0001768872672366546
apalutamide,Prostate Cancer,9,2016,0,0.03315137615851878
apixaban,Atrial Fibrillation (AF),1,2020,0,0.08051670950957626
apixaban,Atrial Fibrillation; End Stage Renal Failure on Dialysis,1,2019,0,0.008099780512127425
apixaban,Bleeding,1,2017,0,0.08051670950957626
apixaban,Cerebral Hemorrhage; Atrial Fibrillation,1,2014,0,0.008099780512127425
apixaban,Coronary Artery Bypass Grafting; Postoperative Atrial Fibrilation; Stroke; Systemic Embolism; Deep Venous Thrombosis,1,2016,0,0.008099780512127425
apixaban,ESRD; Anticoagulant Toxicity,1,2016,0,0.008099780512127425
apixaban,Healthy,1,2017,0,0.08051670950957626
apixaban,Heart Failure,1,2021,0,0.08051670950957626
apixaban,"Knee Arthroplasty, Total",1,2017,0,0.008099780512127425
apixaban,Nephrotic Syndrome; Thromboembolic Disease,1,2021,0,0.008099780512127425
apixaban,Thrombosis,1,2017,0,0.20364995773066283
apixaban,Venous Thromboembolism,1,2017,0,0.20364995773066283
apixaban,Venous Thromboembolism; Menstruation,1,2016,0,0.008099780512127425
apixaban,in Cancer,1,2014,0,0.08051670950957626
armodafinil,Brain Tumors; Nervous System Tumors; Cognition Disorders; Fatigue,1,2010,0,0.009075912035198969
armodafinil,Breast Cancer,1,2011,0,0.08203719788271911
armodafinil,Nocturia; Daytime Sleepiness,1,2011,0,0.009075912035198969
armodafinil,Patient-Reported Fatigue Following Radiation Therapy for Head and Neck Cancer,1,2011,0,0.009075912035198969
armodafinil,Reducing the Symptom Burden Produced by Chemoradiation Treatment for Esophageal Cancer,1,2013,0,0.009075912035198969
armodafinil,Sleep Deprivation,1,2010,0,0.006972854214152497
ataluren,Aniridia,1,2016,0,0.04562244043844939
ataluren,Duchenne Muscular Dystrophy,3,2016,0,0.03967764779992275
ataluren,Duchenne Muscular Dystrophy; Becker Muscular Dystrophy,1,2010,0,0.0025306403007696997
ataluren,Nonsene Mutation Duchenne Muscular Dystrophy,1,2021,0,0.0025306403007696997
ataluren,Nonsense Mutation in CDKL5 and Dravet Syndrome,1,2016,0,0.0025306403007696997
atorvastatin,Acute Stroke; Dual Antiplatelet Therapy; Statin,1,2021,0,0.008007078272894342
atorvastatin,Arterial Stiffness,1,2020,0,0.08465281170456015
atorvastatin,Breast Cancer; Lymphoma,1,2014,0,0.008007078272894342
atorvastatin,Cardiovascular Diseases; Nephropathy,1,2010,0,0.008007078272894342
atorvastatin,Cerebral Cavernous Malformation,1,2018,0,0.08465281170456015
atorvastatin,Childhood Cancer,1,2012,0,0.08465281170456015
atorvastatin,Chronic Periodontitis,1,2015,0,0.08465281170456015
atorvastatin,Chronic Subdural Hematoma,1,2013,0,0.00417359387514679
atorvastatin,Contrast-Induced Nephropathy,1,2013,0,0.008007078272894342
atorvastatin,Contrast-induced Nephropathy,1,2016,0,0.008007078272894342
atorvastatin,Diabetes,1,2017,0,0.08465281170456015
atorvastatin,Diabetes Mellitus,1,2017,0,0.08465281170456015
atorvastatin,Dyslipidemia,2,2010,0,0.08465281170456015
atorvastatin,Dyslipidemias,1,2011,0,0.008007078272894342
atorvastatin,Glioblastoma Multiforme,1,2014,0,0.08465281170456015
atorvastatin,HIV-1 Infection,1,2011,0,0.08465281170456015
atorvastatin,Heart Failure,1,2017,0,0.18403688694288717
atorvastatin,Hip Fracture; Myocardial Ischemia; Inflammation,1,2014,0,0.008007078272894342
atorvastatin,Human Immunodeficiency Virus,1,2014,0,0.08465281170456015
atorvastatin,Hypercholesterolemia,5,2011,1,0.18403688694288717
atorvastatin,Hyperlipidemia,2,2010,1,0.18403688694288717
atorvastatin,Influenza,1,2013,0,0.08465281170456015
atorvastatin,Kawasaki Disease,1,2012,0,0.08465281170456015
atorvastatin,Myalgia; Hypercholesterolemia; Hyperlipidemia,1,2011,0,0.008007078272894342
atorvastatin,Nephropathy; Cardiovascular Diseases,1,2010,0,0.008007078272894342
atorvastatin,Nonalcoholic Steatohepatitis,1,2015,0,0.18403688694288717
atorvastatin,Platelet Dysfunction,1,2011,0,0.08465281170456015
atorvastatin,Prophylaxis of Acute Graft Versus Host Disease,1,2011,0,0.008007078272894342
atorvastatin,Prostate Cancer,2,2012,0,0.08465281170456015
atorvastatin,Psoriasis,1,2013,0,0.08465281170456015
atorvastatin,Rheumatoid Arthritis,2,2010,0,0.08465281170456015
atorvastatin,Scleroderma,1,2015,0,0.08465281170456015
atorvastatin,Sickle Cell Disease; Sickle Cell Nephropathy,1,2013,0,0.008007078272894342
atorvastatin,"Sleep Apnea, Obstructive",1,2018,0,0.08465281170456015
atorvastatin,Thyroid Associated Ophthalmopathy; Hypercholesterolemia,1,2020,0,0.008007078272894342
atorvastatin,Type 2 Diabetes,1,2010,0,0.08465281170456015
atorvastatin,Vitiligo,1,2015,0,0.08465281170456015
atorvastatin calcium,"Aggressive Non-Hodgkin Lymphoma; Blasts Under 5 Percent of Bone Marrow Nucleated Cells; Chronic Lymphocytic Leukemia; Loss of Chromosome 17p; Myelodysplastic/Myeloproliferative Neoplasm; Non-Hodgkin Lymphoma; Prolymphocytic Leukemia; Recurrent Adult Acute Lymphoblastic Leukemia; Recurrent Adult Acute Myeloid Leukemia; Recurrent Aggressive Adult Non-Hodgkin Lymphoma; Recurrent Childhood Acute Lymphoblastic Leukemia; Recurrent Childhood Acute Myeloid Leukemia; Recurrent Chronic Lymphocytic Leukemia; Recurrent Chronic Myelogenous Leukemia, BCR-ABL1 Positive; Recurrent Diffuse Large B-Cell Lymphoma; Recurrent Hodgkin Lymphoma; Recurrent Mantle Cell Lymphoma; Recurrent Non-Hodgkin Lymphoma; Recurrent Plasma Cell Myeloma; Recurrent Small Lymphocytic Lymphoma; Waldenstrom Macroglobulinemia",1,2012,0,0.008221983520607018
atorvastatin calcium,Graft vs Host Disease,1,2014,0,0.07606082287889229
atorvastatin calcium,Preventing Severe Acute Graft-Versus-Host Disease,1,2012,0,0.008221983520607018
azacitidine,Acute Leukemia,2,2011,0,0.12787514067748013
azacitidine,Acute Lymphoblastic Leukemia,1,2017,0,0.0665002810304441
azacitidine,Acute Myelocytic Leukemia,1,2011,0,0.12787514067748013
azacitidine,Acute Myelogenous Leukemia; Acute Lymphoid Leukemia; Juvenile Myelomonocytic Leukemia; Myelodysplastic Syndrome,1,2015,0,0.00045238711374640954
azacitidine,Acute Myeloid Leukemia,20,2010,1,0.12787514067748013
azacitidine,Acute Myeloid Leukemia (AML),1,2010,0,0.12787514067748013
azacitidine,Acute Myeloid Leukemia With Multilineage Dysplasia; Blasts 20-30 Percent of Bone Marrow Nucleated Cells; Blasts 20-30 Percent of Peripheral Blood White Cells; Chronic Myelomonocytic Leukemia; High Risk Myelodysplastic Syndrome; IPSS Risk Category Intermediate-2; Myelodysplastic Syndrome,1,2017,0,0.00045238711374640954
azacitidine,Acute Myeloid Leukemia in Remission; Myelodysplastic Syndromes; Minimal Residual Disease,1,2021,0,0.00045238711374640954
azacitidine,Acute Myeloid Leukemia; Acute Myelogenous Leukemia; Myelodysplastic Syndrome,1,2016,0,0.00045238711374640954
azacitidine,Acute Myeloid Leukemia; Myelodysplastic Syndrome,1,2013,0,0.00045238711374640954
azacitidine,Advanced Breast Cancer,1,2011,0,0.0665002810304441
azacitidine,Advanced Pancreatic Cancer,1,2020,0,0.0665002810304441
azacitidine,Chinese Patients With Higher Risk Myelodysplastic Syndrome,1,2012,0,0.00045238711374640954
azacitidine,Chronic Myelomonocytic Leukemia,4,2010,0,0.15135364130387302
azacitidine,"Cohort 1a and 1b: Glioma (Advanced Gliomas and Glioblastoma Multiforme); Cohort 2a and 2b: Hepatobiliary Tumors (Hepatocellular Carcinoma, Bile Duct Carcinoma, Intrahepatic Cholangiocarcinoma, Other Hepatobiliary Carcinomas); Cohort 3a and 3b: Chondrosarcoma; Cohort 4a and 4b: Intrahepatic Cholangiocarcinoma; Cohort 5a: Other Non-Central Nervous System Solid Tumors With IDH1 Mutations",1,2018,0,0.00045238711374640954
azacitidine,High Risk Acute Myeloid Leukemia,1,2011,0,0.0665002810304441
azacitidine,Leukemia,1,2012,0,0.12787514067748013
azacitidine,"Leukemia, Myeloid, Acute",1,2012,1,0.5643410986672327
azacitidine,"Leukemia, Myeloid, Acute; Myelodysplastic Syndromes; Leukemia, Myelomonocytic, Chronic",1,2015,0,0.00045238711374640954
azacitidine,Leukemia; Acute Myeloid Leukemia (AML); Myelodysplastic Syndromes (MDS),1,2011,0,0.00045238711374640954
azacitidine,Lung Cancer,1,2011,0,0.0665002810304441
azacitidine,MDS; Systemic Autoimmune Diseases,1,2017,0,0.00045238711374640954
azacitidine,Metastatic Colorectal Cancer,3,2010,0,0.0665002810304441
azacitidine,Microsatellite Stable Colorectal Carcinoma; Platinum Resistant Epithelial Ovarian Cancer Type II; Estrogen Receptor Positive and HER2 Negative Breast Cancer,1,2016,0,0.00045238711374640954
azacitidine,Multiple Myeloma,1,2010,0,0.0665002810304441
azacitidine,Myelodysplastic Syndrome,3,2011,0,0.15135364130387302
azacitidine,Myelodysplastic Syndrome (MDS),2,2010,0,0.15135364130387302
azacitidine,Myelodysplastic Syndrome (MDS); Chronic Myelomonocytic Leukemia (CMML),1,2014,0,0.00045238711374640954
azacitidine,Myelodysplastic Syndrome; Acute Myeloid Leukemia; Chronic Myelomonocytic Leukemia,1,2013,0,0.00045238711374640954
azacitidine,Myelodysplastic Syndrome; Acute Myeloid Leukemia; Myeloproliferative Neoplasm; Chronic Myelomonocytic Leukemia,1,2017,0,0.00045238711374640954
azacitidine,Myelodysplastic Syndrome; MDS,1,2013,0,0.00045238711374640954
azacitidine,Myelodysplastic Syndromes; Acute Myeloid Leukemia; Chronic Myelomonocytic Leukemia,1,2018,0,0.00045238711374640954
azacitidine,Myelomonocytic Leukemia,1,2015,0,0.0665002810304441
azacitidine,NSCLC,1,2013,0,0.0665002810304441
azacitidine,Pancreatic Cancer,1,2017,0,0.32150592440516934
azacitidine,Refractory Lymphoma,1,2013,0,0.0665002810304441
azacitidine,Relapsed and Refractory Patients With Acute Myeloid Leukemia,1,2012,0,0.00045238711374640954
azacitidine,Solid Tumors,1,2016,0,0.0665002810304441
azathioprine,Gout,1,2015,0,0.08513194465587016
azathioprine,Lupus Nephritis,1,2015,0,0.18938395081501852
azathioprine,Neuromyelitis Optica Spectrum Disorder,1,2015,0,0.18938395081501852
azathioprine,Neuromyelitis Optica Spectrum Disorders; Neuromyelitis Optica,1,2017,0,0.006336425305075997
azithromycin,Asthma,1,2015,0,0.05627868571199348
azithromycin,Blepharitis,1,2010,0,0.05627868571199348
azithromycin,Bronchiolitis Obliterans,1,2011,0,0.05627868571199348
azithromycin,COVID-19,1,2020,0,0.05627868571199348
azithromycin,COVID-19; Corona Virus Infection; Coronavirus-19; Sars-CoV2,1,2020,0,0.0013444210262905688
azithromycin,Chlamydial Infection,1,2017,0,0.05627868571199348
azithromycin,Chronic Periodontitis,1,2012,0,0.05627868571199348
azithromycin,Covid19,1,2020,0,0.10346799429362803
azithromycin,Difficult-to-treat Asthma,1,2018,0,0.0013444210262905688
azithromycin,Esophageal Motility Disorders,1,2012,0,0.0013444210262905688
azithromycin,Lymphatic Filariasis; Yaws; Trauma,1,2018,0,0.0013444210262905688
azithromycin,Mycobacterium Avium Complex,1,2020,0,0.05627868571199348
azithromycin,Newly Diagnosed Chronic Graft-versus-Host Disease,1,2021,0,0.0013444210262905688
azithromycin,PANS; PANDAS; Obsessive Compulsive Disorder (OCD),1,2012,0,0.0013444210262905688
azithromycin,Posterior Blepharitis,1,2013,0,0.05627868571199348
azithromycin,RSV Bronchiolitis,1,2011,0,0.05627868571199348
azithromycin,Sarcoidosis; Antimycobacterial Therapy,1,2014,0,0.0013444210262905688
azithromycin,Ureaplasma Infections,1,2013,0,0.05627868571199348
baricitinib,Aicardi Goutieres Syndrome,1,2019,0,0.17197989074377612
baricitinib,Alopecia Areata,1,2018,1,0.17197989074377612
baricitinib,"Arteritis, Giant Cell",1,2017,0,0.0006609762402120598
baricitinib,Atopic Dermatitis,1,2016,1,0.033573662637373276
baricitinib,Chronic Graft vs Host Disease; Chronic Graft-Versus-Host Disease,1,2016,0,0.0006609762402120598
baricitinib,Diabetic Kidney Disease,1,2012,0,0.033573662637373276
baricitinib,Idiopathic Inflammatory Myopathies,1,2021,0,0.17197989074377612
baricitinib,Polymyalgia Rheumatic (PMR),1,2020,0,0.0006609762402120598
baricitinib,Primary Biliary Cholangitis,1,2019,0,0.033573662637373276
baricitinib,"Psoriasis; Skin Diseases; Skin Diseases, Papulosquamous",1,2011,0,0.0006609762402120598
baricitinib,Rheumatoid Arthritis,1,2011,1,0.17197989074377612
baricitinib,Systemic Lupus Erythematosus,1,2016,1,0.033573662637373276
baricitinib,Type 1 Diabetes,1,2020,0,0.033573662637373276
bendamustine,AL Amyloidosis,1,2013,0,0.032031530616837764
bendamustine,Breast Cancer,1,2013,0,0.032031530616837764
bendamustine,Cell Lymphoma,3,2012,1,0.032031530616837764
bendamustine,Chronic Lymphocytic Leucemia,3,2015,0,0.0008789489098797246
bendamustine,Chronic Lymphocytic Leukemia,5,2010,1,0.032031530616837764
bendamustine,"Chronic Lymphocytic Leukemia (CLL); Leukaemia, Lymphocytic, Chronic",1,2012,0,0.0008789489098797246
bendamustine,Chronic Lymphoid Leukemia,1,2019,0,0.032031530616837764
bendamustine,Follicular Lymphoma,3,2014,0,0.032031530616837764
bendamustine,Grade Lymphoma,1,2010,0,0.032031530616837764
bendamustine,Hodgkin Lymphoma,7,2012,1,0.032031530616837764
bendamustine,Hodgkin's Lymphoma,1,2017,0,0.032031530616837764
bendamustine,Indolent Non-follicular; Non-Hodgkin's Lymphoma,1,2011,0,0.0008789489098797246
bendamustine,Leukemia; Lymphoma,1,2013,0,0.032031530616837764
bendamustine,"Lymphoid Leukemia; Small Lymphocytic Lymphoma; Lymphoma, Non-Hodgkin",1,2013,0,0.0008789489098797246
bendamustine,"Lymphoma, Non-Hodgkin",1,2011,1,0.01030549254914124
bendamustine,Multiple Myeloma,5,2010,0,0.032031530616837764
bendamustine,Multiple Myeloma; Chronic Kidney Disease,1,2014,0,0.0008789489098797246
bendamustine,Non-Hodgkin's Lymphoma,1,2011,0,0.032031530616837764
bendamustine,"Patients With CLL Relapsing After an Initial Response (CR, PR ≥ 6 Months) Following no More Than Two Prior Treatment Lines; or; Patients With CLL Refractory (SD, PD or CR/PR < 6 Months) Following no More Than Two Prior Treatment Lines",1,2010,0,0.0008789489098797246
bendamustine,Refractory Acute Leukemia,1,2010,0,0.032031530616837764
bendamustine,Refractory Leukemia,1,2016,0,0.032031530616837764
bendamustine,Refractory Lymphoma,1,2014,0,0.032031530616837764
bendamustine,Relapsed Chronic Lymphocytic Leukemia,1,2010,0,0.0008789489098797246
bendamustine,Untreated Follicular Lymphoma,1,2010,0,0.0008789489098797246
bendamustine,Untreated Mantle Cell Lymphoma,1,2018,0,0.0008789489098797246
bendamustine,With Lymphoma,1,2016,0,0.032031530616837764
bendamustine,cell Lymphoma,1,2011,1,0.032031530616837764
birinapant,Myelodysplastic Syndrome (MDS); Chronic Myelomonocytic Leukemia (CMML),1,2014,0,0.0004132131497317672
bosutinib,"B Acute Lymphoblastic Leukemia With t(9;22)(q34.1;q11.2); BCR-ABL1; Blast Phase Chronic Myelogenous Leukemia, BCR-ABL1 Positive; Blasts More Than 5 Percent of Bone Marrow Nucleated Cells; CD22 Positive; Philadelphia Chromosome Positive, BCR-ABL1 Positive Chronic Myelogenous Leukemia; Recurrent Chronic Myelogenous Leukemia, BCR-ABL1 Positive; Refractory Chronic Myelogenous Leukemia, BCR-ABL1 Positive",1,2015,0,0.003203372134342074
bosutinib,Chronic Myeloblastic Leukaemia,1,2015,0,0.003203372134342074
bosutinib,Chronic Myelogenous Leukemia,1,2017,0,0.5936622426507313
bosutinib,Chronic Myeloid Leukemia,3,2015,0,0.10943518268446586
bosutinib,Glioblastoma,1,2011,0,0.030278048126906338
bosutinib,"Polycystic Kidney, Autosomal Dominant",1,2010,0,0.008227606849170484
budesonide,Acute Respiratory Distress Syndrome (ARDS),1,2013,0,0.19721281264272908
budesonide,Asthma,2,2010,1,0.19721281264272908
budesonide,Breast Cancer,1,2015,0,0.08601875906723541
budesonide,COPD,2,2012,0,0.19721281264272908
budesonide,Chronic Rhinosinusitis With Nasal Polyps,1,2021,1,0.19721281264272908
budesonide,Chronic Sinusitis,1,2019,0,0.19721281264272908
budesonide,"Colitis, Ulcerative",1,2015,0,0.19721281264272908
budesonide,Crohn's Disease,1,2014,0,0.19721281264272908
budesonide,Esophageal Stricture,1,2014,0,0.19721281264272908
budesonide,Nasal Polyps,1,2010,0,0.19721281264272908
budesonide,Newly Diagnosed Chronic Graft-versus-Host Disease,1,2021,0,0.0068921433915038995
budesonide,Rhinosinusitis,1,2015,0,0.19721281264272908
budesonide,Rhinosinusitis; Chronic Polyposis,1,2013,0,0.0068921433915038995
budesonide,Severe Acute Malnutrition,1,2020,0,0.08601875906723541
budesonide,Sinusitis,1,2013,0,0.19721281264272908
budesonide,Status Asthmaticus,1,2010,0,0.19721281264272908
bupropion,"Agitation in Patients With Dementia of the Alzheimer's Type; Alzheimer Disease; Agitation,Psychomotor",1,2017,0,0.0027277128957455474
bupropion,Alcohol Abuse,1,2017,0,0.05066012665313304
bupropion,Apathy; Huntington's Disease,1,2012,0,0.0027277128957455474
bupropion,Binge Drinking,1,2016,0,0.0027277128957455474
bupropion,Depression,1,2018,0,0.05066012665313304
bupropion,Smoking; Nicotine Dependence,1,2014,0,0.0027277128957455474
bupropion,"Stress Disorders, Post-Traumatic; Smoking",1,2013,0,0.0027277128957455474
buspirone,Cannabis Use Disorder,1,2013,0,0.08592448451954007
buspirone,Cocaine Dependence,2,2011,0,0.08592448451954007
buspirone,Gastroparesis,1,2019,0,0.08592448451954007
buspirone,Parkinson's Disease,1,2016,0,0.006511435939611473
buspirone,Smoking Cessation; Tobacco Use Cessation,1,2012,0,0.008353815104426237
buspirone,Spinal Cord Injuries,1,2020,0,0.08592448451954007
buspirone,Spinal Cord Injury; Sleep Disordered Breathing,1,2015,0,0.008353815104426237
cabozantinib,Adrenocortical Carcinoma,1,2018,0,0.04814852885946221
cabozantinib,Advanced Hepatocellular Carcinoma,1,2018,0,0.04814852885946221
cabozantinib,Advanced Liver Cancer,1,2012,0,0.05465356471034356
cabozantinib,Advanced Prostate Cancer,1,2012,0,0.04814852885946221
cabozantinib,Advanced Urothelial Cancer,1,2012,0,0.04814852885946221
cabozantinib,Advanced or Metastatic Cervical Carcinoma,1,2020,0,0.04814852885946221
cabozantinib,Bile Duct Cancer; Intrahepatic Cholangiocarcinoma; Cholangiocarcinoma of the Extrahepatic Bile Duct,1,2013,0,0.0007525958682292902
cabozantinib,Breast Cancer,3,2011,0,0.04814852885946221
cabozantinib,Carcinoid Tumor; Carcinoid Tumor of GI System; Neuroendocrine Tumors,1,2019,0,0.0007525958682292902
cabozantinib,Carcinoid Tumor; Pancreatic Neuroendocrine Tumor,1,2012,0,0.0007525958682292902
cabozantinib,Carcinoma Prostate,1,2021,0,0.04814852885946221
cabozantinib,Cell Carcinoma,4,2017,1,0.04814852885946221
cabozantinib,Cell cArcInoma,1,2018,0,0.04814852885946221
cabozantinib,Cisplatin-Ineligible Advanced Urothelial Carcinoma,1,2018,0,0.0007525958682292902
cabozantinib,Gland Cancer,1,2018,0,0.04814852885946221
cabozantinib,Gynae Sarcoma,1,2015,0,0.04814852885946221
cabozantinib,Hepatocellular Carcinoma,2,2020,0,0.26224075586889445
cabozantinib,Lung Cancer,1,2018,1,0.05465356471034356
cabozantinib,Lung Cancer; Solid Tumor (Not Breast or Prostate Cancers),1,2012,0,0.0007525958682292902
cabozantinib,Metastatic Gastrointestinal Stromal Tumor,1,2017,0,0.05465356471034356
cabozantinib,Metastatic Prostate Cancer,1,2014,0,0.04814852885946221
cabozantinib,Metastatic Renal Carcinoma,1,2020,0,0.26224075586889445
cabozantinib,Metastatic Triple-negative Breast Cancer,1,2017,0,0.04814852885946221
cabozantinib,NF1; Neurofibromatosis; Plexiform Neurofibromas,1,2014,0,0.0007525958682292902
cabozantinib,"Non-small Cell Lung Carcinoma; Urothelial Carcinoma; Gastrointestinal Carcinoma, Non-colon; Upper Aerodigestive Tract Carcinoma",1,2016,0,0.0007525958682292902
cabozantinib,Patients With Hepatocellular Carcinoma,1,2021,0,0.26224075586889445
cabozantinib,Prostate Cancer,3,2012,0,0.04814852885946221
cabozantinib,Renal Cell Carcinoma; Papillary Renal Cell Carcinoma Type 1; Papillary Renal Cell Carcinoma Type 2; Chromophobe Renal Cell Carcinoma; Sarcomatoid Renal Cell Carcinoma; Xp11.2 Translocation-Related Renal Cell Carcinoma,1,2019,0,0.0007525958682292902
cabozantinib,Thyroid Cancer,1,2018,0,0.05465356471034356
cabozantinib,Tissue Sarcoma,1,2013,0,0.04814852885946221
capecitabine,Adenocarcinoma of the Esophagogastric Junction,1,2014,0,0.20045463083206969
capecitabine,Adjuvant Treatment in Estrogen Receptor-Positive Early Stage Breast Cancer,1,2011,0,0.006044239526587341
capecitabine,Advanced Cancer,1,2010,0,0.06990549674278866
capecitabine,Advanced Colorectal Cancer,1,2012,0,0.06990549674278866
capecitabine,Advanced Gastric Cancer,4,2011,1,0.06990549674278866
capecitabine,Advanced Gastrointestinal Cancer,1,2014,0,0.06990549674278866
capecitabine,Advanced Hepatocellular Carcinoma,1,2016,0,0.06990549674278866
capecitabine,Advanced Pancreatic Cancer,1,2015,0,0.06990549674278866
capecitabine,Advanced Rectal Cancer,2,2017,0,0.20045463083206969
capecitabine,Advanced bReast cAncer,1,2017,0,0.06990549674278866
capecitabine,Advanced or Metastatic Biliary Tract Cancer,1,2017,0,0.06990549674278866
capecitabine,Advanced or Metastatic Triple-Negative Breast Cancer,1,2020,0,0.006044239526587341
capecitabine,Ampulla of Vater Adenocarcinoma; Small Intestinal Adenocarcinoma; Stage III Ampulla of Vater Cancer AJCC v8; Stage III Small Intestinal Adenocarcinoma AJCC v8; Stage IIIA Ampulla of Vater Cancer AJCC v8; Stage IIIA Small Intestinal Adenocarcinoma AJCC v8; Stage IIIB Ampulla of Vater Cancer AJCC v8; Stage IIIB Small Intestinal Adenocarcinoma AJCC v8; Stage IV Ampulla of Vater Cancer AJCC v8; Stage IV Small Intestinal Adenocarcinoma AJCC v8,1,2011,0,0.006044239526587341
capecitabine,Brain Metastases; Breast Cancer; Metastatic Breast Cancer,1,2014,0,0.006044239526587341
capecitabine,Breast Cancer,9,2011,1,0.06990549674278866
capecitabine,Breast Cancer; Gastric Cancer; Gastroesophageal Junction Cancer,1,2020,0,0.006044239526587341
capecitabine,Cell Carcinoma,3,2010,1,0.06990549674278866
capecitabine,Cholangiocarcinoma,1,2010,0,0.06990549674278866
capecitabine,Cholangiocarcinoma; Biliary Tract Cancer; Adjuvant Chemotherapy; Capecitabine; Gemcitabine; Cisplatin,1,2017,0,0.006044239526587341
capecitabine,Colon Cancer,2,2010,0,0.06990549674278866
capecitabine,Colorectal Cancer,3,2014,0,0.06990549674278866
capecitabine,Colorectal Cancer; RAS and BRAF Wild-type; Colorectal Neoplasms; Intestinal Neoplasms; Gastrointestinal Neoplasms; Digestive System Neoplasms; Neoplasms by Site; Neoplasms; Digestive System Diseases; Gastrointestinal Diseases; Colonic Diseases; Intestinal Diseases; Rectal Diseases,1,2019,0,0.006044239526587341
capecitabine,Colorectal Neoplasms,1,2012,0,0.06990549674278866
capecitabine,Esophageal Cancer; Gastric Cancer,1,2016,0,0.006044239526587341
capecitabine,Gallbladder Cancer,1,2014,0,0.06990549674278866
capecitabine,Gastric Adenocarcinoma With Peritoneal Carcinoma,1,2020,0,0.06990549674278866
capecitabine,Gastric Adenocarcinoma; Advanced Solid Tumors; Gastroesophageal Junction Adenocarcinoma,1,2019,0,0.006044239526587341
capecitabine,Gastric Adenocarcinoma; Gastroesophageal Junction Adenocarcinoma,1,2015,1,0.006044239526587341
capecitabine,Gastric Cancer,5,2011,1,0.06990549674278866
capecitabine,Gastrinoma; Glucagonoma; Insulinoma; Pancreatic Polypeptide Tumor; Recurrent Islet Cell Carcinoma; Recurrent Pancreatic Cancer; Somatostatinoma; Stage III Pancreatic Cancer; Stage IV Pancreatic Cancer,1,2012,0,0.006044239526587341
capecitabine,Gastrointestinal Cancer,1,2019,0,0.06990549674278866
capecitabine,Gastrointestinal Cancer; Cancer of Unknown Primary Site; Pancreatic Cancer; Bile Duct Neoplasms,1,2014,0,0.006044239526587341
capecitabine,Gemcitabine and Cisplatin Refractory Biliary Tract Cancer,1,2015,0,0.006044239526587341
capecitabine,HER2-Positive Breast Cancer,1,2012,0,0.006044239526587341
capecitabine,Hepatocellular Carcinoma,1,2016,0,0.06990549674278866
capecitabine,Junction Cancer,1,2013,0,0.06990549674278866
capecitabine,Junction Carcinoma,2,2017,1,0.20045463083206969
capecitabine,Locally Advanced Rectal Cancer,2,2021,0,0.006044239526587341
capecitabine,MRI Defined High-risk Rectal Cancer,1,2016,0,0.006044239526587341
capecitabine,Metastatic Breast Cancer,5,2010,1,0.06990549674278866
capecitabine,Metastatic Colorectal Cancer,10,2010,1,0.20045463083206969
capecitabine,Metastatic Pancreatic Cancer,1,2018,0,0.06990549674278866
capecitabine,Midgut Neuroendocrine Tumours; Pancreatic Neuroendocrine Tumours,1,2015,0,0.006044239526587341
capecitabine,Oesophageal Cancer,1,2016,0,0.06990549674278866
capecitabine,Pancreatic Adenocarcinoma,1,2012,0,0.06990549674278866
capecitabine,Pancreatic Cancer,5,2010,1,0.057645417555126977
capecitabine,Pancreatic Ductal Adenocarcinoma,1,2017,0,0.06990549674278866
capecitabine,Patients With HER2-Positive Metastatic Esophagogastric Cancer,1,2011,0,0.006044239526587341
capecitabine,Patients With Refractory Colorectal Cancer,1,2013,0,0.006044239526587341
capecitabine,Patients With Refractory Metastatic Colorectal Cancer,1,2014,0,0.006044239526587341
capecitabine,Rectal Cancer,3,2010,0,0.20045463083206969
capecitabine,Resected Gastric Carcinoma,1,2012,0,0.006044239526587341
capecitabine,TNBC With Residual Disease,1,2018,0,0.006044239526587341
capecitabine,Tract Cancer,3,2011,0,0.06990549674278866
capecitabine,Tract Carcinoma,1,2017,0,0.06990549674278866
capecitabine,Treating Colorectal Cancer,1,2018,0,0.006044239526587341
capecitabine,Treatment of HER-2 Positive Breast Cancer,1,2013,0,0.006044239526587341
capecitabine,Uterine Cervical Neoplasms; Endometrial Neoplasms; Squamous Cell Carcinoma of Head and Neck; Gallbladder Neoplasms; Cholangiocarcinoma; Esophageal Neoplasms; Triple Negative Breast Neoplasms; Hepatocellular Carcinoma; Urinary Bladder Neoplasms; Ovarian Neoplasms; Stomach Neoplasms,1,2021,0,0.006044239526587341
carboplatin,Operable HER2 Positive Breast Cancer,1,2011,0,0.0015901844774146572
carmustine,Cell Lymphoma,2,2010,0,0.09984746862811138
carmustine,Hodgkin Lymphoma,3,2010,0,0.09984746862811138
carmustine,Mantle Cell Lymphoma; Recurrent Diffuse Large B-Cell Lymphoma; Recurrent Follicular Lymphoma; Recurrent Indolent Adult Non-Hodgkin Lymphoma; Refractory Diffuse Large B-Cell Lymphoma; Refractory Follicular Lymphoma; Refractory Indolent Adult Non-Hodgkin Lymphoma,1,2017,0,0.0008640137173089715
carmustine,Multiple Myeloma,1,2012,0,0.09984746862811138
carmustine,Recurrent B-Cell Non-Hodgkin Lymphoma; Recurrent Hodgkin Lymphoma; Recurrent Mantle Cell Lymphoma; Recurrent T-Cell Non-Hodgkin Lymphoma; Refractory B-Cell Non-Hodgkin Lymphoma; Refractory Hodgkin Lymphoma; Refractory Mantle Cell Lymphoma; Refractory T-Cell Non-Hodgkin Lymphoma,1,2013,0,0.0008640137173089715
carmustine,Refractory Lymphoma,1,2014,0,0.09984746862811138
carmustine,Systemic B-cell Lymphoma,1,2014,0,0.09984746862811138
carmustine,for Lymphoma,1,2014,0,0.09984746862811138
carvedilol,Breast Cancer,1,2014,0,0.030551683827603603
carvedilol,Childhood Cancer,1,2016,0,0.030551683827603603
carvedilol,Contrast-induced Nephropathy,1,2016,0,0.0010622316806776428
carvedilol,Hypertension; Diabetes; Cardiovascular Disease,1,2014,0,0.0010622316806776428
carvedilol,Pulmonary Arterial Hypertension,1,2010,0,0.030551683827603603
celecoxib,2019 Novel Coronavirus Disease; 2019 Novel Coronavirus Infection; 2019-nCoV Disease; 2019-nCoV Infection; COVID-19 Pandemic; COVID-19 Virus Disease; COVID-19 Virus Infection; Covid19; Coronavirus Disease 2019; SARS-CoV-2 Infection; SARS-CoV-2 Acute Respiratory Disease; COVID-19,1,2021,0,0.00022955143611188755
celecoxib,Acute Pain,1,2013,0,0.00547438945731062
celecoxib,Anterior Cruciate Ligament Injury,1,2019,0,0.00022955143611188755
celecoxib,Colorectal Cancer,2,2015,0,0.0012448730957456363
celecoxib,Glioblastoma,1,2016,0,0.0012448730957456363
celecoxib,Lymphangioleiomyomatosis (LAM),1,2016,0,0.00547438945731062
celecoxib,Malignant Neoplasm of Pancreas Metastatic to Peritoneal Surface; Malignant Peritoneal Mesothelioma; Peritoneal Carcinomatosis,1,2014,0,0.00022955143611188755
celecoxib,Obstructive Sleep Apnea; Hypertension; Cardiovascular Diseases; Stroke,1,2011,0,0.00022955143611188755
celecoxib,Osteoarthritis,4,2011,1,0.00547438945731062
celecoxib,Pain,2,2010,0,0.00547438945731062
celecoxib,Postoperative Pain,1,2013,0,0.002051346414617189
celecoxib,Postoperative Pain; Total Knee Arthroplasty,1,2021,0,0.00022955143611188755
celecoxib,Prevention of Persistent Postoperative Pain,1,2017,0,0.00022955143611188755
celecoxib,Reducing Pain,1,2014,0,0.0012448730957456363
celecoxib,Rotator Cuff Tear,1,2019,0,0.0012448730957456363
celecoxib,Tobacco Use Disorder,1,2010,0,0.0012448730957456363
celecoxib,Tonsillectomy,1,2016,0,0.0012448730957456363
chlorambucil,Chronic Lymphocytic Leukemia,1,2013,1,0.08567726129554835
chlorambucil,Initial Treatment of Chronic Lymphocytic Leukemia,1,2010,0,0.00018279606394566472
chloroquine,COVID,1,2020,0,0.0005114809268161813
chloroquine,Covid19,1,2020,0,0.0007424042912403182
chloroquine,Malaria,1,2015,0,0.0005114809268161813
chloroquine,"Malaria, Vivax",1,2017,0,0.0001980260353459563
chloroquine,Plasmodium Vivax Infection,1,2014,0,0.0005114809268161813
chloroquine,Vivax Malaria; G6PD Deficiency,1,2018,0,0.0001980260353459563
cinacalcet,Memory Functions,1,2012,0,0.005683294839873036
cinacalcet,Primary Hyperparathyroidism,1,2016,0,0.281551933265672
cinacalcet,Secondary Hyperparathyroidism,1,2014,0,0.281551933265672
ciprofloxacin,Anthrax,1,2012,0,0.061804363326704304
ciprofloxacin,Crohn Disease,1,2018,0,0.16488372757574093
ciprofloxacin,Crohn's Disease,2,2014,0,0.061804363326704304
ciprofloxacin,Plague,1,2010,0,0.061804363326704304
ciprofloxacin,Prophylaxis; Stem Cell Transplant Complications,1,2018,0,0.0018407697110259407
ciprofloxacin,Treating Complicated Urinary Tract Infection,1,2012,0,0.0018407697110259407
cisplatin,Bladder Cancer,1,2012,0,0.06306427048537876
cisplatin,Metastatic Breast Cancer,1,2013,0,0.06306427048537876
citalopram,Cocaine Dependence,2,2010,0,0.7636536161793492
citalopram,Complicated Grief; Bereavement,1,2010,0,0.00021757894981599656
citalopram,Major Depressive Disorder,1,2013,1,0.343427165829012
citalopram,Major Depressive Disorder; Dysthymia; Depression Not Otherwise Specified; Borderline Personality Disorder,1,2010,0,0.00021757894981599656
citalopram,"Stroke, Ischemic",1,2013,0,0.5535680108513443
cladribine,Acute Myeloid Leukemia,7,2014,0,0.03559823309444578
cladribine,Blasts 10 Percent or More of Bone Marrow Nucleated Cells; Chronic Myelomonocytic Leukemia-2; High Grade Malignant Neoplasm; Myelodysplastic Syndrome; Myelodysplastic Syndrome With Excess Blasts-2; Myeloid Neoplasm; Previously Treated Myelodysplastic Syndrome; Recurrent Acute Myeloid Leukemia; Refractory Acute Myeloid Leukemia,1,2016,0,0.00032650591266938586
cladribine,Mixed Phenotype Acute Leukemia; Previously Treated Myelodysplastic Syndrome; Recurrent Adult Acute Myeloid Leukemia; Recurrent High Risk Myelodysplastic Syndrome; Refractory Acute Myeloid Leukemia; Refractory High Risk Myelodysplastic Syndrome; Untreated Adult Acute Myeloid Leukemia,1,2016,0,0.00032650591266938586
clofarabine,Acute Leukemia,2,2013,0,0.04130140463751604
clofarabine,Acute Lymphoblastic Leukemia,1,2010,0,0.12620125255162146
clofarabine,Acute Lymphoblastic Leukemia; Acute Myelogenous Leukemia; Myelodysplastic Syndrome; Multiple Myeloma,1,2010,0,0.00023811627119239235
clofarabine,Acute Lymphoblastic Lymphoma,1,2012,0,0.04551953772610399
clofarabine,Acute Myelogenous Leukemia,1,2011,0,0.04130140463751604
clofarabine,Acute Myeloid Leukaemia; Myelodysplasia,1,2011,0,0.00023811627119239235
clofarabine,Acute Myeloid Leukemia,5,2010,1,0.04130140463751604
clofarabine,Acute Myeloid Leukemia; Acute Lymphoblastic Leukemia; Myelodysplastic Syndrome,1,2012,0,0.00023811627119239235
clofarabine,Hodgkin Lymphoma,1,2012,0,0.046229851936530716
clofarabine,Induction Failure Acute Myeloid Leukemia,1,2015,0,0.00023811627119239235
clofarabine,Leukemia,1,2010,0,0.04130140463751604
clofarabine,Myelodysplastic Syndrome,2,2010,0,0.04130140463751604
clofarabine,Myeloid Malignancy; Bone Marrow Failure Syndrome; Transfusion-dependent Red Blood Cell (RBC) Defect; Congenital Immunodeficiency; Metabolic Disease; Severe Immune Dysregulation,1,2012,0,0.00023811627119239235
clofarabine,Patients With Higher-Risk Myelodysplastic Syndrome,1,2011,0,0.00023811627119239235
clofarabine,Pediatric Relapsed or Refractory Precursor B-Cell Acute Lymphoblastic Leukemia,1,2013,0,0.00023811627119239235
clofarabine,Treatment of Recurrent NHL or Acute Leukemia,1,2013,0,0.00023811627119239235
clofarabine,With Leukemia,1,2017,0,0.04130140463751604
clopidogrel,Acute Coronary Syndrome,3,2010,1,0.18728063879885626
clopidogrel,"Acute Coronary Syndrome; Angina, Unstable",1,2016,0,0.006360099228782558
clopidogrel,Acute Ischemic Stroke; Transient Ischemic Attack (TIA),1,2019,0,0.006360099228782558
clopidogrel,Acute Stroke; Dual Antiplatelet Therapy; Statin,1,2021,0,0.006360099228782558
clopidogrel,Asthma,1,2013,0,0.0826138812757601
clopidogrel,COPD,1,2015,0,0.0826138812757601
clopidogrel,Carotid Artery Stenosis,1,2016,0,0.18728063879885626
clopidogrel,Cerebral Hemorrhage; Atrial Fibrillation,1,2014,0,0.006360099228782558
clopidogrel,Clopidogrel,1,2012,0,0.2861435804439344
clopidogrel,Coronary Artery Disease,2,2013,1,0.18728063879885626
clopidogrel,Coronary Artery Disease (CAD),1,2013,0,0.18728063879885626
clopidogrel,HIV-1 Infection,1,2015,0,0.0826138812757601
clopidogrel,HIV; Cardiovascular Diseases; Inflammation,1,2015,0,0.006360099228782558
clopidogrel,Inhibition of Platelet Reactivity in Patients With Acute Coronary Syndrome,1,2015,0,0.006360099228782558
clopidogrel,Myocardial Infarction; Percutaneous Coronary Intervention,1,2010,0,0.006360099228782558
clopidogrel,Peripheral Arterial Disease,1,2013,1,0.18728063879885626
clopidogrel,Platelet Aggregation; Adenosine; Coronary Artery Disease; Kidney Dysfunction; Antiplatelet Therapy,1,2017,0,0.006360099228782558
clopidogrel,"Pneumonia, Viral; Corona Virus Infection; Respiratory Failure; Embolism and Thrombosis",1,2020,0,0.006360099228782558
clopidogrel,SCAD; AMI,1,2021,0,0.006360099228782558
clopidogrel,Stable Coronary Artery Disease,1,2010,0,0.0826138812757601
crizotinib,"Anaplastic Large Cell Lymphoma, ALK-Positive",1,2015,0,0.002264322851170062
crizotinib,Cell Lymphoma,1,2013,0,0.024782156447024035
crizotinib,Hematologic Cancers; Solid Tumors; Metastatic Cancer,1,2013,0,0.002264322851170062
crizotinib,Kidney Cancer,1,2016,0,0.047012752525446656
crizotinib,Lung Cancer,5,2012,0,0.06393107010484866
crizotinib,NSCLC,1,2013,0,0.06393107010484866
crizotinib,Neurofibromatosis 2; Progressive Vestibular Schwannoma (VS),1,2020,0,0.002264322851170062
crizotinib,Uveal Melanoma,1,2015,0,0.024782156447024035
crizotinib,c-MET Positive Gastric Cancer,1,2014,0,0.024782156447024035
cyclophosphamide,Hematologic Cancer,1,2010,0,0.0036711890406497367
cytarabine,Acute Leukaemia,1,2013,0,0.11831840175782327
cytarabine,Acute Leukemia,2,2013,0,0.01496349413022877
cytarabine,Acute Lymphoblastic Leukemia,9,2010,1,0.11026444830843445
cytarabine,Acute Lymphoblastic Lymphoma,1,2012,0,0.09688888353407168
cytarabine,Acute Myeloblastic Leukemia,1,2012,0,0.01496349413022877
cytarabine,Acute Myelogenous Leukemia,3,2011,0,0.01496349413022877
cytarabine,Acute Myeloid Leukemia,35,2010,1,0.01496349413022877
cytarabine,Acute Myeloid Leukemia (AML),2,2010,1,0.01496349413022877
cytarabine,Acute Myeloid Leukemia; Acute Myelogenous Leukemia; Myelodysplastic Syndrome,1,2016,0,0.00047567272809281955
cytarabine,Acute Myeloid Leukemia; Myelodysplastic Syndrome,1,2014,0,0.00047567272809281955
cytarabine,Acute Myeloid Leukemia; Myelodysplastic Syndromes,1,2014,0,0.00047567272809281955
cytarabine,Blasts 10 Percent or More of Bone Marrow Nucleated Cells; Chronic Myelomonocytic Leukemia-2; High Grade Malignant Neoplasm; Myelodysplastic Syndrome; Myelodysplastic Syndrome With Excess Blasts-2; Myeloid Neoplasm; Previously Treated Myelodysplastic Syndrome; Recurrent Acute Myeloid Leukemia; Refractory Acute Myeloid Leukemia,1,2016,0,0.00047567272809281955
cytarabine,Cell Lymphoma,5,2011,0,0.12675994281112954
cytarabine,Elderly Patients With Acute Myeloid Leukemia,1,2012,0,0.01496349413022877
cytarabine,Hodgkin Lymphoma,3,2010,0,0.1135209574665835
cytarabine,Induction Failure Acute Myeloid Leukemia,1,2015,0,0.00047567272809281955
cytarabine,Leukemia,2,2010,0,0.01496349413022877
cytarabine,"Leukemia, Myeloid, Acute",1,2015,1,0.2694524100202593
cytarabine,Lymphoma; HIV,1,2010,0,0.1139028525201125
cytarabine,Mantle Cell Lymphoma; Recurrent Diffuse Large B-Cell Lymphoma; Recurrent Follicular Lymphoma; Recurrent Indolent Adult Non-Hodgkin Lymphoma; Refractory Diffuse Large B-Cell Lymphoma; Refractory Follicular Lymphoma; Refractory Indolent Adult Non-Hodgkin Lymphoma,1,2017,0,0.00047567272809281955
cytarabine,Mixed Phenotype Acute Leukemia; Previously Treated Myelodysplastic Syndrome; Recurrent Adult Acute Myeloid Leukemia; Recurrent High Risk Myelodysplastic Syndrome; Refractory Acute Myeloid Leukemia; Refractory High Risk Myelodysplastic Syndrome; Untreated Adult Acute Myeloid Leukemia,1,2016,0,0.00047567272809281955
cytarabine,Multiple Myeloma,1,2012,0,0.01496349413022877
cytarabine,Newly Diagnosed Acute Myeloid Leukemia,1,2016,0,0.01496349413022877
cytarabine,Patients With Higher-Risk Myelodysplastic Syndrome,1,2011,0,0.00047567272809281955
cytarabine,Pediatric Relapsed or Refractory Precursor B-Cell Acute Lymphoblastic Leukemia,1,2013,0,0.00047567272809281955
cytarabine,Plus G-CSF in Acute Myeloid Leukemia,1,2011,0,0.11831840175782327
cytarabine,Recurrent B-Cell Non-Hodgkin Lymphoma; Recurrent Hodgkin Lymphoma; Recurrent Mantle Cell Lymphoma; Recurrent T-Cell Non-Hodgkin Lymphoma; Refractory B-Cell Non-Hodgkin Lymphoma; Refractory Hodgkin Lymphoma; Refractory Mantle Cell Lymphoma; Refractory T-Cell Non-Hodgkin Lymphoma,1,2013,0,0.00047567272809281955
cytarabine,Refractory Lymphoma,1,2014,0,0.01496349413022877
cytarabine,Relapsed Acute Leukemia,1,2016,0,0.00047567272809281955
cytarabine,Relapsed or Refractory Acute Myeloid Leukemia,1,2017,0,0.00047567272809281955
cytarabine,Relapsed/Refractory Acute Myeloid Leukemia (AML),1,2016,0,0.00047567272809281955
cytarabine,System Lymphoma,1,2011,0,0.01496349413022877
cytarabine,Systemic B-cell Lymphoma,1,2014,0,0.09688888353407168
cytarabine,Untreated Mantle Cell Lymphoma,1,2018,0,0.00047567272809281955
cytarabine,for Lymphoma,1,2014,0,0.01496349413022877
dabigatran etexilate,Venous Thromboembolism,1,2010,1,0.19219140964275655
danazol,Adults and Children With Pulmonary Fibrosis,1,2021,0,0.00013472096980758248
danazol,Anemia; Primary Myelofibrosis; Secondary Myelofibrosis,1,2013,0,0.00013472096980758248
danazol,Autoimmune Thrombocytopenia,1,2012,0,0.020331136473408624
danazol,Diabetic Macular Edema,1,2011,0,0.05575618115333034
danazol,Endometriosis-Related Pain,1,2019,0,0.00013472096980758248
danazol,Genetic Bone Marrow and Lung Disorder,1,2011,0,0.00013472096980758248
danazol,Moderate to Severe Cyclic Mastalgia,1,2010,0,0.00013472096980758248
danicopan,"C3 Glomerulonephritis; Dense Deposit Disease; C3 Glomerulopathy; Immune Complex Mediated Membranoproliferative Glomerulonephritis; Membranoproliferative Glomerulonephritis Types I, II, and III",1,2017,0,0.007253503173104003
danicopan,C3 Glomerulopathy; C3 Glomerulonephritis; Dense Deposit Disease,1,2018,0,0.007253503173104003
danicopan,COVID-19,1,2021,0,0.08647679024725988
danicopan,Geographic Atrophy,1,2021,0,0.1969188743120563
danicopan,Paroxysmal Nocturnal Hemoglobinuria (PNH),2,2017,0,0.19698339671416096
dapagliflozin,Alzheimer's Disease,1,2019,0,0.08660171921888275
dapagliflozin,Asymptomatic Hyperuricemia,1,2017,0,0.005966955939274691
dapagliflozin,COVID-19,1,2020,0,0.08660171921888275
dapagliflozin,Chronic Kidney Disease,1,2021,0,0.190262819626988
dapagliflozin,Cystinuria,1,2021,0,0.190262819626988
dapagliflozin,"Diabetes Mellitus, Type 1; Hypoglycemia; Hypoglycemia Unawareness",1,2018,0,0.005966955939274691
dapagliflozin,Diabetic Kidney Disease,1,2019,0,0.190262819626988
dapagliflozin,Heart Failure With Preserved Ejection Fraction,2,2021,1,0.005966955939274691
dapagliflozin,Heart Failure; Chronic Kidney Disease,1,2021,0,0.005966955939274691
dapagliflozin,Metabolic Syndrome X,1,2014,0,0.08660171921888275
dapagliflozin,Obesity,1,2014,0,0.08660171921888275
dapagliflozin,Physical Activity,1,2015,0,0.08660171921888275
dapagliflozin,T2 Diabetes and Fatty Liver Disease (Non-alcoholic Origin),1,2015,0,0.005966955939274691
dapagliflozin,Type 1 Diabetes,2,2012,1,0.190262819626988
dapagliflozin,diabetes,1,2016,0,0.08660171921888275
daptomycin,Acute Bacterial Skin Infection,1,2010,0,0.02488812933109713
daptomycin,Hematopoietic and Lymphoid Cell Neoplasm; Malignant Solid Neoplasm,1,2021,0,0.0001553797520718573
daptomycin,Pneumococcal Meningitis,1,2018,0,0.02488812933109713
daptomycin,Skin Infection; Bacterial Infection,1,2014,0,0.0001553797520718573
daptomycin,Staphylococcal Bacteraemia,1,2021,0,0.0001553797520718573
daunorubicin,Acute Leukaemia,1,2013,0,0.03514723724724601
daunorubicin,Acute Lymphoblastic Leukemia,3,2010,1,0.026450131059829306
daunorubicin,Acute Lymphoblastic Lymphoma,1,2012,0,0.03514723724724601
daunorubicin,Acute Myeloid Leukemia,4,2012,1,0.026450131059829306
daunorubicin,Acute Myeloid Leukemia (AML),1,2013,1,0.026450131059829306
daunorubicin,Refractory Acute Leukemia,1,2020,0,0.03514723724724601
decitabine,Acute Leukemia,1,2013,0,0.06873693467934058
decitabine,Acute Lymphoblastic Leukemia; Precursor B-Cell Lymphoblastic Leukemia; Precursor T-Cell Lymphoblastic Leukemia,1,2011,0,0.05979023001116594
decitabine,Acute Myelogenous Leukemia,2,2011,0,0.06873693467934058
decitabine,Acute Myeloid Leukemia,16,2011,1,0.06873693467934058
decitabine,Acute Myeloid Leukemia (AML),1,2014,0,0.06873693467934058
decitabine,Acute Myeloid Leukemia; Myelodysplastic Syndrome; Chronic Myelomonocytic Leukemia,1,2013,0,0.0008161062835045274
decitabine,Acute Myeloid Leukemia; Myelodysplastic Syndromes,1,2014,0,0.0008161062835045274
decitabine,Acute Myeloid Leukemia; Myeloid and Monocytic Leukemia; Myelodysplastic Syndromes,1,2020,0,0.0008161062835045274
decitabine,Acute Myeloid Leukemia; Myeloproliferative Neoplasms; Myelodysplastic Syndromes; Myeloproliferative/Myelodysplastic Neoplasm,1,2012,0,0.0008161062835045274
decitabine,Chronic Myelomonocytic Leukemia,1,2010,0,0.2439909254104856
decitabine,Chronic Myelomonocytic Leukemia; de Novo Myelodysplastic Syndrome; Myelodysplastic Syndrome; Secondary Myelodysplastic Syndrome,1,2013,0,0.0008161062835045274
decitabine,Chronic Myelomonocytic Leukemia; de Novo Myelodysplastic Syndromes; Myelodysplastic Syndromes; Refractory Anemia; Refractory Anemia With Excess Blasts; Refractory Anemia With Ringed Sideroblasts; Refractory Cytopenia With Multilineage Dysplasia; Thrombocytopenia,1,2010,0,0.0008161062835045274
decitabine,Colorectal Cancer,1,2014,0,0.05979023001116594
decitabine,Elderly Patients With Acute Myeloid Leukemia,1,2012,0,0.05979023001116594
decitabine,High Risk Myelodysplastic Syndrome,1,2013,0,0.05979023001116594
decitabine,High-Risk Sickle Cell Disease,1,2011,0,0.0008161062835045274
decitabine,Immune Thrombocytopenia,1,2015,0,0.05979023001116594
decitabine,Induction Failure Acute Myeloid Leukemia,1,2015,0,0.0008161062835045274
decitabine,Leukemia,1,2012,0,0.06873693467934058
decitabine,Mixed Phenotype Acute Leukemia; Previously Treated Myelodysplastic Syndrome; Recurrent Adult Acute Myeloid Leukemia; Recurrent High Risk Myelodysplastic Syndrome; Refractory Acute Myeloid Leukemia; Refractory High Risk Myelodysplastic Syndrome; Untreated Adult Acute Myeloid Leukemia,1,2016,0,0.0008161062835045274
decitabine,Myelodysplastic Syndrome,1,2010,0,0.2439909254104856
decitabine,Myelodysplastic Syndrome; Allogeneic Hematopoietic Stem Cell Transplantation; Conditioning,1,2016,0,0.0008161062835045274
decitabine,Myelodysplastic Syndrome; MDS,1,2013,0,0.0008161062835045274
decitabine,Myeloproliferative Neoplasms,1,2014,0,0.06873693467934058
decitabine,Older or Unfit Patients With Acute Myeloid Leukemia,1,2013,0,0.0008161062835045274
decitabine,Patients With Acute Myeloid Leukemia,1,2016,0,0.15789164866764638
decitabine,Refractory or Relapsed Acute Myeloid Leukemia,1,2016,0,0.0008161062835045274
decitabine,Response Rate,1,2018,0,0.05979023001116594
defactinib (VS-6063),Malignant Pleural Mesothelioma,1,2013,0,0.04802147160366479
degarelix,Breast Cancer Invasive Nos,1,2014,0,0.09075206756688273
degarelix,COVID-19,1,2020,0,0.04413610320342656
degarelix,Metastatic Prostate Cancer,1,2017,0,0.09075206756688273
degarelix,Patients With Localized Prostate Cancer,1,2014,0,0.00031125155587514747
degarelix,Patients With Prostate Cancer,1,2012,0,0.04413610320342656
degarelix,Prostate Cancer,7,2011,1,0.04413610320342656
degarelix,Prostatic Neoplasms,1,2010,0,0.04413610320342656
delamanid,Multidrug Resistant Tuberculosis,1,2013,0,0.06672943169481607
delamanid,Tuberculosis,2,2010,0,0.06672943169481607
delamanid,"Tuberculosis, Multidrug-Resistant",1,2016,0,0.0017170579211280123
delamanid,Tuberculosis; HIV Infections,2,2016,0,0.0017170579211280123
dexamethasone,AL Amyloidosis,3,2012,0,0.07834933023050575
dexamethasone,Acute Leukemia,1,2014,0,0.07834933023050575
dexamethasone,Acute Lymphoblastic Leukemia,7,2010,1,0.07834933023050575
dexamethasone,Acute Lymphoblastic Leukemia; Precursor B-Cell Lymphoblastic Leukemia; Precursor T-Cell Lymphoblastic Leukemia,1,2011,0,0.07834933023050575
dexamethasone,Acute Lymphoblastic Lymphoma,1,2012,0,0.1914411468932837
dexamethasone,Acute Myeloid Leukemia,1,2015,1,0.07834933023050575
dexamethasone,Acute Pharyngitis,1,2019,0,0.1914411468932837
dexamethasone,Adenotonsillitis; Tonsillitis,1,2012,0,0.0055083007392243075
dexamethasone,"Adjuvants, Anesthesia",1,2017,0,0.0055083007392243075
dexamethasone,Advanced Cancers; Hematologic Disorder; Solid Tumors,1,2013,0,0.0055083007392243075
dexamethasone,Advanced Solid Tumors,1,2014,0,0.07834933023050575
dexamethasone,Amyloidosis,1,2017,0,0.07834933023050575
dexamethasone,Analgesia,1,2021,0,0.003639098797158466
dexamethasone,Anesthesia,1,2021,0,0.07834933023050575
dexamethasone,Breast Cancer,2,2011,1,0.07834933023050575
dexamethasone,CINV,1,2013,0,0.07834933023050575
dexamethasone,COVID-19,1,2020,0,0.07834933023050575
dexamethasone,Cancer,1,2011,0,0.07834933023050575
dexamethasone,Cataract,1,2018,0,0.07834933023050575
dexamethasone,Cell Carcinoma,1,2014,0,0.07834933023050575
dexamethasone,Cell Leukemia,1,2015,0,0.07834933023050575
dexamethasone,Cell Lymphoma,6,2011,0,0.1914411468932837
dexamethasone,Cervicogenic Upper Extremity Radiculopathy,1,2018,0,0.0055083007392243075
dexamethasone,Chemotherapy-Induced Nausea and Vomiting,1,2013,1,0.1914411468932837
dexamethasone,Chemotherapy-induced Nausea and Vomiting,1,2012,1,0.1914411468932837
dexamethasone,Chronic Allergic Conjunctivitis,1,2014,1,0.1914411468932837
dexamethasone,Coronavirus Infection; SARS (Severe Acute Respiratory Syndrome); Virus Diseases; Coronaviridae Infections; Nidovirales Infections; RNA Virus Infections; Respiratory Tract Infections; Respiratory Tract Disease,1,2020,0,0.0055083007392243075
dexamethasone,Cortisol Resistance; Negative Feedback; ACTH; Mineralcorticoid; Glucocorticoid,1,2011,0,0.0055083007392243075
dexamethasone,Diabetic Retinopathy; Macular Edema,1,2010,0,0.0055083007392243075
dexamethasone,Dry Eye,1,2015,0,0.1914411468932837
dexamethasone,"Effects of; Anesthesia, in Labor and Delivery",1,2015,0,0.0055083007392243075
dexamethasone,Epiretinal Membrane; Cellophane Maculopathy; Macular Edema; Retinal Edema,2,2010,0,0.0055083007392243075
dexamethasone,Esophageal Cancer,1,2010,0,0.07834933023050575
dexamethasone,"Fasciitis, Plantar",1,2011,0,0.0055083007392243075
dexamethasone,Follicular Lymphoma,1,2011,0,0.1914411468932837
dexamethasone,"Hearing Loss, Sudden; Hearing Loss, Ototoxic; Hearing Loss, Noise-Induced; Meniere Disease",1,2021,0,0.0055083007392243075
dexamethasone,Heavy Menstrual Bleeding,1,2013,0,0.07834933023050575
dexamethasone,Hematological Malignancy,1,2010,0,0.07834933023050575
dexamethasone,Hemophagocytic Lymphohistiocytosis,1,2010,0,0.07834933023050575
dexamethasone,Hodgkin Lymphoma,4,2012,1,0.1914411468932837
dexamethasone,Hodgkin's Lymphoma,1,2017,0,0.07834933023050575
dexamethasone,Immune Thrombocytopenia,2,2014,0,0.07834933023050575
dexamethasone,Immune Thrombocytopenia (ITP),1,2020,0,0.1914411468932837
dexamethasone,Inflammation Eye,1,2018,0,0.1914411468932837
dexamethasone,Inflammatory Bowel Diseases; Dexamethasone; Postoperative Ileus; Postoperative Complications,1,2018,0,0.0055083007392243075
dexamethasone,Intrahepatic Cholangiocarcinoma; Peripheral Cholangiocarcinoma; Cholangiolar Carcinoma; Cholangiocellular Carcinoma,1,2013,0,0.0055083007392243075
dexamethasone,Leptomeningeal Metastasis,1,2018,0,0.07834933023050575
dexamethasone,Leukemia,3,2010,0,0.07834933023050575
dexamethasone,Lichen Planus,1,2017,0,0.1914411468932837
dexamethasone,Liver Dysfunction; Hepatectomy; Bilirubinaemia; Jaundice,1,2016,0,0.0055083007392243075
dexamethasone,Local Anesthesia,1,2016,0,0.07834933023050575
dexamethasone,Lung Cancer,2,2010,1,0.07834933023050575
dexamethasone,MULTIPLE MYELOMA,1,2015,0,0.07834933023050575
dexamethasone,Metastatic Castration-resistant Prostate Cancer,1,2014,0,0.0055083007392243075
dexamethasone,Multiple Myeloma,106,2010,1,0.07834933023050575
dexamethasone,Multiple Myeloma; Chronic Kidney Disease,1,2014,0,0.0055083007392243075
dexamethasone,Myeloma,3,2010,0,0.07834933023050575
dexamethasone,"Myeloma Multiple; Myeloma, Plasma-Cell; Myeloma-Multiple; Plasma Cell Myeloma",1,2018,0,0.0055083007392243075
dexamethasone,"Nausea and Vomiting, Postoperative",2,2015,1,0.0055083007392243075
dexamethasone,Nervous System Disorder; Genetic Syndrome,1,2011,0,0.0055083007392243075
dexamethasone,Pain,1,2014,0,0.07834933023050575
dexamethasone,Pancreatic Cancer,1,2013,0,0.15973382719060808
dexamethasone,Parapneumonic Pleural Effusion; Empyema,1,2010,0,0.0055083007392243075
dexamethasone,Patients With Head and Neck Cancer,1,2017,0,0.07834933023050575
dexamethasone,Pediatric Relapsed or Refractory Precursor B-Cell Acute Lymphoblastic Leukemia,1,2013,0,0.0055083007392243075
dexamethasone,Pelvic Organ Prolapse; Surgery; Postoperative Pain,1,2017,0,0.0055083007392243075
dexamethasone,Postoperative Analgesia,1,2019,0,0.0055083007392243075
dexamethasone,Postoperative Nausea and Vomiting,1,2015,0,0.07834933023050575
dexamethasone,Postoperative Pain,1,2016,0,0.006291972046684665
dexamethasone,Postspinal Shivering,1,2015,0,0.0055083007392243075
dexamethasone,Primary Systemic Amyloidosis,2,2010,0,0.1914411468932837
dexamethasone,"Quality of Recovery; Same Day Surgery; Nausea and Vomiting, Postoperative; Vaginal Prolapse",1,2017,0,0.0055083007392243075
dexamethasone,Recurrent Lymphoma,1,2010,0,0.07834933023050575
dexamethasone,Recurrent Plasma Cell Myeloma; Refractory Plasma Cell Myeloma,2,2013,0,0.0055083007392243075
dexamethasone,Refractory Cancer,1,2016,0,0.07834933023050575
dexamethasone,Refractory Lymphoma,1,2013,0,0.07834933023050575
dexamethasone,Relapsed or Refractory Multiple Myeloma,2,2014,0,0.0055083007392243075
dexamethasone,Smoldering Multiple Myeloma,1,2016,0,0.07834933023050575
dexamethasone,T-cell Acute Lymphoblastic Leukemia; T-cell Lymphoblastic Lymphoma,1,2015,0,0.07834933023050575
dexamethasone,Thrombocytopenia,1,2016,0,0.1914411468932837
dexamethasone,Tonsillitis; Obstructive Sleep Apnea of Child,1,2018,0,0.0055083007392243075
dexamethasone,Tuberculosis Meningitis; HIV-1-infection,1,2019,0,0.0055083007392243075
dexamethasone,Waldenstrom Macroglobulinemia,1,2013,0,0.1914411468932837
dexamethasone,Waldenstrom's Macroglobulinemia,2,2011,0,0.1914411468932837
dexamethasone,cell Lymphoma,1,2016,0,0.1914411468932837
dexlansoprazole,Gastroesophageal Reflux Disease,1,2012,0,0.48984768413661534
dexlansoprazole,Gastroesophageal Reflux Disease; Erosive Esophagitis,1,2012,0,0.00016222755601723928
diclofenac,Cell Carcinoma,1,2011,0,0.00574473254092189
diclofenac,Osteoarthritis,1,2014,0,0.013249086053859032
diclofenac,"Pain, Acute",1,2017,0,0.013249086053859032
diclofenac,Pain; Hematuria; Lower Urinary Tract Symptoms,1,2013,0,0.00017216620342036125
diclofenac,Pain; Postoperative Pain; Irreversible Pulpitis,1,2012,0,0.00017216620342036125
diclofenac,Renal Colic,1,2016,0,0.013249086053859032
diclofenac potassium,Dysmenorrhea,1,2014,0,0.008427162911548698
diclofenac potassium,Endoscopy,1,2016,0,0.00012256007388185297
digoxin,Breast Cancer,1,2013,0,0.05417869938825333
digoxin,Cutaneous Warts,1,2015,0,0.05417869938825333
digoxin,Pancreatic Cancer,1,2021,0,0.04829200750290484
digoxin,Recurrent Prostate Cancer,1,2010,0,0.03372744955227722
diltiazem,Hypertension; Craniotomy,1,2010,0,0.012338745555400705
diphenhydramine,Acute Cerebrovascular Accident; Cerebral Edema,1,2014,0,0.00026844182267044133
diphenhydramine,Alcohol Dependence,1,2014,0,0.008480461153490059
diphenhydramine,Breast Cancer,1,2021,0,0.008480461153490059
diphenhydramine,Cocaine-Related Disorders,1,2015,0,0.00026844182267044133
diphenhydramine,Depression,1,2013,0,0.008480461153490059
diphenhydramine,IgG4 Related Disease; IgG4-RD,1,2021,0,0.00026844182267044133
diphenhydramine,Kidney Transplant,1,2015,0,0.008480461153490059
diphenhydramine,Kidney Transplant; Adult Living Donor Kidney Transplant Recipients; Renal Transplant; Living Kidney Donor,1,2016,0,0.00026844182267044133
diphenhydramine,Liver Transplant Recipient; Living Donor (of the Respective Liver Transplant Recipient),1,2016,0,0.00026844182267044133
diphenhydramine,Lung Cancer,2,2018,0,0.008480461153490059
diphenhydramine,Lupus Nephritis,1,2015,0,0.08671622002426992
diphenhydramine,Management of Oral Mucositis in Patients With Head and Neck Cancer,1,2011,0,0.00026844182267044133
diphenhydramine,Multiple Myeloma,1,2013,0,0.008480461153490059
diphenhydramine,Myelodysplastic Syndromes; Hodgkin's Lymphoma; Non-Hodgkin's Lymphoma; Acute Leukemia; Multiple Myeloma,1,2015,0,0.00026844182267044133
diphenhydramine,Patients With Head and Neck Cancer,1,2017,0,0.008480461153490059
diphenhydramine,Post-Traumatic Headache,1,2017,0,0.00026844182267044133
diphenhydramine,Systemic Sclerosis-Associated PAH,1,2011,0,0.00026844182267044133
dronedarone,Atrial Fibrillation,1,2012,0,0.01176613735532272
duloxetine,Breast Cancer,1,2013,0,0.062196226501868866
duloxetine,Fibromyalgia,1,2018,0,0.2019387226603467
duloxetine,"Infertility, Male; Depression",1,2016,0,0.0008571599187748389
duloxetine,Major Depression,2,2011,0,0.2019387226603467
duloxetine,Major Depressive Disorder,1,2012,1,0.2019387226603467
duloxetine,Osteoarthritis,1,2021,0,0.062196226501868866
duloxetine,"Osteoarthritis, Knee",1,2020,0,0.062196226501868866
duloxetine,Postoperative Myalgia,1,2017,0,0.0008571599187748389
duvelisib,COVID-19,2,2020,0,0.06269319436953144
duvelisib,Hematologic Malignancy,1,2016,0,0.06269319436953144
duvelisib,Hodgkin Lymphoma,2,2013,0,0.06269319436953144
duvelisib,Ibrutinib-Resistant Chronic Lymphocytic Leukemia,1,2020,0,0.0007153314188388743
duvelisib,Squamous Cell Carcinoma of the Head and Neck (SCCHN); Recurrent Squamous Cell Carcinoma of the Head and Neck; Metastatic Head and Neck Cancer; Advanced Head and Neck Cancer; Advanced Head and Neck Squamous Cell Carcinoma,1,2021,0,0.0007153314188388743
duvelisib,cell Lymphoma,1,2018,0,0.06269319436953144
eFT508,Prostate Cancer,1,2018,0,0.007528971724057855
edoxaban,Acute Ischemic Stroke,1,2018,0,0.08632267898179533
edoxaban,Anticoagulation Reversal,1,2014,0,0.007621138640422421
edoxaban,Atrial Fibrillation,1,2018,0,0.08632267898179533
edoxaban,Bleeding,1,2017,0,0.08632267898179533
edoxaban,Peripheral Arterial Disease,1,2013,0,0.20342425838505568
edoxaban,SCAD; AMI,1,2021,0,0.007621138640422421
empagliflozin,Diabetes,1,2013,1,0.07660252665714126
empagliflozin,Diabetes Mellitus,1,2018,0,0.07660252665714126
empagliflozin,"Diabetes Mellitus, Type 1; Diabetes Mellitus, Type 2; Obesity",1,2016,0,0.006007355161366192
empagliflozin,Polycystic Ovary Syndrome,1,2017,0,0.07660252665714126
empagliflozin,SIADH,1,2016,0,0.19168994757121774
empagliflozin,Type 2 Diabetes,3,2016,1,0.07660252665714126
enalapril,Essential Hypertension,1,2010,0,0.19964104797709817
enalapril,Lung Cancer; Radiation Pneumonitis,1,2013,0,0.008621572227408192
enalapril,Pediatric Heart Failure,1,2016,0,0.19964104797709817
enalapril,"Stroke, Acute; Vessels; Occlusion; Blood Pressure; Endovascular Thrombectomy; Mechanical Thrombectomy",1,2020,0,0.008621572227408192
enzalutamide,Adenocarcinoma of the Prostate,1,2015,0,0.08428450229087894
enzalutamide,Advanced Breast Cancer,2,2013,0,0.08428450229087894
enzalutamide,Advanced Hepatocellular Carcinoma,1,2015,0,0.08428450229087894
enzalutamide,Breast Cancer,2,2013,0,0.08428450229087894
enzalutamide,Castration Resistant Metastatic Prostate Cancer,1,2015,0,0.0064846578175990904
enzalutamide,Castration Resistant Prostate Cancer,2,2014,0,0.0064846578175990904
enzalutamide,Castration-Resistant Prostate Cancer,1,2015,0,0.0064846578175990904
enzalutamide,Castration-resistant Prostate Cancer,2,2014,0,0.0064846578175990904
enzalutamide,Endometrial Cancer,1,2016,0,0.08428450229087894
enzalutamide,High Risk Localized Prostate Cancer,1,2014,0,0.0064846578175990904
enzalutamide,Intermediate Risk Prostate Cancer,1,2014,0,0.08428450229087894
enzalutamide,Metastatic Breast Cancer,1,2015,0,0.08428450229087894
enzalutamide,Metastatic Castrate Resistant Prostate Cancer,1,2020,0,0.0064846578175990904
enzalutamide,Metastatic Castration-Resistant Prostate Cancer,1,2014,0,0.0064846578175990904
enzalutamide,Metastatic Castration-Resistant Prostate Cancer; Metastatic Breast Cancer; Non-small Cell Lung Cancer; Advanced Solid Tumors,1,2018,0,0.0064846578175990904
enzalutamide,Metastatic Progressive Castration-resistant Prostate Cancer,1,2010,0,0.0064846578175990904
enzalutamide,Metastatic Prostate Cancer,1,2011,1,0.1848277346654077
enzalutamide,Metastatic Prostate Cancer; Castration-resistant Prostate Cancer; Prostatic Neoplasm; Cancer of the Prostate; Progressive mCRPC,1,2019,0,0.0064846578175990904
enzalutamide,"Non-metastatic, Hormone naïve Prostate Cancer",1,2015,0,0.0064846578175990904
enzalutamide,Patients Undergoing Prostatectomy for Localized Prostate Cancer,1,2012,0,0.0064846578175990904
enzalutamide,Primary Breast Cancer,1,2015,0,0.08428450229087894
enzalutamide,Prostate Adenocarcinoma; Prostate Cancer; High Risk Prostate Cancer,1,2014,0,0.0064846578175990904
enzalutamide,Prostate Cancer,35,2011,1,0.1848277346654077
enzalutamide,Prostate Cancer Metastatic,1,2015,0,0.1848277346654077
enzalutamide,Prostate Cancer Metastatic; Metastasis,1,2017,0,0.0064846578175990904
enzalutamide,Prostate Cancer; DNA; Androgen Receptor Abnormal,1,2014,0,0.0064846578175990904
enzalutamide,Refractory Prostate Cancer,1,2014,0,0.08428450229087894
enzalutamide,Tube Cancer,1,2013,0,0.08428450229087894
epinephrine,Anesthesia,1,2014,0,0.012754406380237634
epinephrine,Hypotension; Pain,1,2016,0,0.00028171889720309386
epinephrine,Lung Cancer,1,2018,0,0.012754406380237634
epinephrine,Myelodysplastic Syndromes; Hodgkin's Lymphoma; Non-Hodgkin's Lymphoma; Acute Leukemia; Multiple Myeloma,1,2015,0,0.00028171889720309386
epinephrine,Postoperative Pain; Total Knee Arthroplasty,1,2021,0,0.00028171889720309386
epinephrine,Traumatic Femur Fracture,1,2013,0,0.012754406380237634
eplerenone,Breast Cancer,1,2014,0,0.023695513253383278
eplerenone,Chronic Kidney Disease,1,2011,0,0.04216064262048188
eplerenone,Essential Hypertension,1,2015,1,0.023695513253383278
eplerenone,Hypertension,1,2013,0,0.04216064262048188
eplerenone,Primary Hyperparathyroidism,1,2016,0,0.04216064262048188
eplerenone,Type 2 Diabetes Mellitus,1,2013,0,0.023695513253383278
eribulin,Advanced or Metastatic Triple-Negative Breast Cancer,1,2020,0,0.00017645990095343562
eribulin,Breast Cancer,7,2011,1,0.3304878439939062
eribulin,Cancer; Solid Tumor,1,2016,0,0.00017645990095343562
eribulin,HER2 Non-overexpressing Breast Cancer,1,2012,0,0.00017645990095343562
eribulin,Malignant Solid Tumour; Breast Cancer Nos Metastatic Recurrent; Neuropathy,1,2012,0,0.00017645990095343562
eribulin,Metastatic Breast Cancer,6,2011,1,0.3304878439939062
eribulin,Operable HER2 Positive Breast Cancer,1,2011,0,0.00017645990095343562
eribulin,Solitary Fibrous Tumor,1,2019,0,0.3304878439939062
eribulin,Tissue Sarcoma,2,2018,0,0.3304878439939062
escitalopram,Depression,2,2010,1,0.05385055795766917
escitalopram,Fibromyalgia,1,2018,0,0.8640182126534803
escitalopram,Major Depression,2,2011,0,0.8640182126534803
escitalopram,Major Depressive Disorder,3,2010,1,0.8640182126534803
esomeprazole,Dyspepsia,1,2020,0,0.10295579348902988
esomeprazole,Erosive Esophagitis; GERD,1,2013,0,0.0005759068026095714
esomeprazole,Erosive Gastroesophageal Reflux Disease,1,2017,0,0.0005759068026095714
esomeprazole,Gastroesophageal Reflux,1,2016,0,0.22659477743947581
esomeprazole,Healthy Volunteers With Ileostomy,1,2015,0,0.0005759068026095714
esomeprazole,Helicobacter Pylori Infection,1,2021,0,0.22659477743947581
estradiol,Breast Cancer,1,2015,0,0.28365528699060427
estradiol,Bulimia Nervosa,1,2020,0,0.28365528699060427
estradiol,Estrogen Levels Among Breast Cancer Patients,1,2013,0,0.0004598293138466716
estradiol,Failed Induction of Labor,1,2015,0,0.0004598293138466716
estradiol,Heavy Uterine Bleeding; Uterine Fibroids,1,2011,0,0.0004598293138466716
estradiol,Menopause; Vulvovaginal Atrophy; Painful Intercourse; Dyspareunia,1,2013,0,0.0004598293138466716
estradiol,Miscarriage,1,2018,0,0.09067516598536597
estradiol,Ovarian Diseases,1,2011,0,0.09067516598536597
estradiol,Perimenopause-Related Depression,1,2019,0,0.0004598293138466716
estradiol,Perimenopause; Menopause; Depression,1,2010,0,0.0004598293138466716
estradiol,Triple Negative Breast Cancer,1,2010,0,0.09067516598536597
etoposide,Acute Lymphoblastic Leukemia,3,2015,0,0.04982921679152618
etoposide,Acute Lymphoblastic Lymphoma,1,2012,0,0.15216351059032
etoposide,Acute Myeloid Leukemia,3,2012,0,0.04982921679152618
etoposide,Acute Myeloid Leukemia (AML),1,2010,0,0.04982921679152618
etoposide,Adult Rhabdomyosarcoma; Childhood Alveolar Rhabdomyosarcoma; Childhood Embryonal Rhabdomyosarcoma; Metastatic Childhood Soft Tissue Sarcoma; Stage IV Adult Soft Tissue Sarcoma; Untreated Childhood Rhabdomyosarcoma,1,2010,0,0.0006495445016751993
etoposide,"Anaplastic Large Cell Lymphoma, ALK-Negative; Anaplastic Large Cell Lymphoma, ALK-Positive; Hepatosplenic T-Cell Lymphoma; Peripheral T-Cell Lymphoma, Not Otherwise Specified; Stage II Angioimmunoblastic T-cell Lymphoma; Stage II Enteropathy-Associated T-Cell Lymphoma; Stage III Angioimmunoblastic T-cell Lymphoma; Stage III Enteropathy-Associated T-Cell Lymphoma; Stage IV Angioimmunoblastic T-cell Lymphoma; Stage IV Enteropathy-Associated T-Cell Lymphoma",1,2015,0,0.0006495445016751993
etoposide,Associated T-Cell Leukemia,1,2010,0,0.04982921679152618
etoposide,B-Cell Malignancies,1,2016,0,0.04982921679152618
etoposide,Cell Lymphoma,7,2010,0,0.15216351059032
etoposide,Central Nervous System Nongerminomatous Germ Cell Tumor; Childhood Germinoma,1,2012,0,0.0006495445016751993
etoposide,Desmoplastic/Nodular Medulloblastoma; Medulloblastoma; Medulloblastoma With Extensive Nodularity; Nevoid Basal Cell Carcinoma Syndrome,1,2013,0,0.0006495445016751993
etoposide,Diffuse Large B-Cell Lymphoma Unclassifiable,1,2016,0,0.0006495445016751993
etoposide,Hemophagocytic Lymphohistiocytosis,1,2010,0,0.04982921679152618
etoposide,Hodgkin Lymphoma,11,2010,1,0.15808900444894386
etoposide,Leukemia,1,2015,0,0.04982921679152618
etoposide,"Leukemia, Myeloid, Acute",1,2015,1,0.05886058836518836
etoposide,Lung Cancer,14,2010,1,0.04982921679152618
etoposide,Lung Carcinoma,1,2011,0,0.04982921679152618
etoposide,Lymphoma,1,2011,0,0.04982921679152618
etoposide,Lymphoma; HIV,1,2010,0,0.15808900444894386
etoposide,Mantle Cell Lymphoma; Recurrent Diffuse Large B-Cell Lymphoma; Recurrent Follicular Lymphoma; Recurrent Indolent Adult Non-Hodgkin Lymphoma; Refractory Diffuse Large B-Cell Lymphoma; Refractory Follicular Lymphoma; Refractory Indolent Adult Non-Hodgkin Lymphoma,1,2017,0,0.0006495445016751993
etoposide,Metastatic Breast Cancer,1,2013,0,0.04982921679152618
etoposide,Multiple Myeloma,2,2012,0,0.15216351059032
etoposide,Neuroendocrine Tumors; Neuroendocrine Neoplasm; Gastroenteropancreatic Neuroendocrine Tumor,1,2019,0,0.0006495445016751993
etoposide,Non-Hodgkin's Lymphoma,1,2011,0,0.04982921679152618
etoposide,Non-hodgkin Lymphoma,1,2012,0,0.04982921679152618
etoposide,Osteosarcoma,1,2020,0,0.15216351059032
etoposide,Ovarian Cancer,1,2019,0,0.04982921679152618
etoposide,Patients With Extensive-Stage Small Cell Lung Cancer,1,2020,0,0.0006495445016751993
etoposide,Patients With Stage II-III Non-small Cell Lung Cancer,1,2015,0,0.0006495445016751993
etoposide,Pediatric Relapsed or Refractory Precursor B-Cell Acute Lymphoblastic Leukemia,1,2013,0,0.0006495445016751993
etoposide,Peripheral T Cell Lymphoma,1,2018,0,0.0006495445016751993
etoposide,Plus G-CSF in Acute Myeloid Leukemia,1,2011,0,0.15808900444894386
etoposide,Recurrent B-Cell Non-Hodgkin Lymphoma; Recurrent Hodgkin Lymphoma; Recurrent Mantle Cell Lymphoma; Recurrent T-Cell Non-Hodgkin Lymphoma; Refractory B-Cell Non-Hodgkin Lymphoma; Refractory Hodgkin Lymphoma; Refractory Mantle Cell Lymphoma; Refractory T-Cell Non-Hodgkin Lymphoma,1,2013,0,0.0006495445016751993
etoposide,Recurrent Lymphoma,1,2010,0,0.04982921679152618
etoposide,Refractory Burkitt Lymphoma,1,2015,0,0.0006495445016751993
etoposide,Refractory Hodgkin Lymphoma,1,2014,0,0.0006495445016751993
etoposide,Refractory Lymphoma,1,2014,0,0.04982921679152618
etoposide,Refractory Ovarian Cancer,1,2016,0,0.0006495445016751993
etoposide,Relapsed Hodgkin Lymphoma,2,2011,0,0.0006495445016751993
etoposide,Relapsed or Refractory Acute Myeloid Leukemia,1,2017,0,0.0006495445016751993
etoposide,Relapsed or Refractory Hodgkin Lymphoma,1,2014,0,0.0006495445016751993
etoposide,Relapsed/Refractory Acute Myeloid Leukemia (AML),1,2016,0,0.0006495445016751993
etoposide,SCLC,1,2017,1,0.15808900444894386
etoposide,Systemic B-cell Lymphoma,1,2014,0,0.15216351059032
etoposide,T-Cell Lymphoma,1,2013,0,0.04982921679152618
etoposide,Tumors; Solid Malignant Tumors; Osteosarcoma; Differentiated Thyroid Cancer (DTC),1,2014,0,0.0006495445016751993
etoposide,cell Lymphoma,1,2010,0,0.15216351059032
etoposide phosphate,Acute Lymphoblastic Leukemia,1,2010,0,0.08303992153102632
etoposide phosphate,Hodgkin Lymphoma,1,2010,0,0.204373361199312
etoposide phosphate,Leukemia,1,2010,0,0.08303992153102632
etoposide phosphate,for Lymphoma,1,2014,0,0.08303992153102632
etrasimod,Alopecia Areata,1,2020,0,0.0018790596234779563
etrasimod,Eosinophilic Esophagitis,1,2020,0,0.0018790596234779563
etrasimod,Ulcerative Colitis,4,2015,1,0.004464169153471116
etravirine,Human Immunodeficiency Virus (HIV),1,2010,0,0.01451154383550736
etravirine,"Infection, Human Immunodeficiency Virus",1,2010,0,0.01451154383550736
everolimus,Acute Coronary Syndromes,1,2015,0,0.008490303996123409
everolimus,Advanced Breast Cancer,4,2013,0,0.008490303996123409
everolimus,Advanced Colorectal Cancer,1,2010,0,0.008490303996123409
everolimus,Advanced Disease,1,2017,0,0.008490303996123409
everolimus,Advanced Malignant Solid Neoplasm,1,2014,0,0.008490303996123409
everolimus,Advanced Pancreatic Neuroendocrine Tumor; Locally Advanced Pancreatic Neuroendocrine Tumor; Pancreatic Gastrinoma; Pancreatic Neuroendocrine Tumor G1; Pancreatic Neuroendocrine Tumor G2; Pancreatic Vipoma,1,2010,0,0.0008140875452551299
everolimus,Brain Tumor; Glioblastoma; Anaplastic Glioma,1,2012,0,0.0008140875452551299
everolimus,Breast Cancer,7,2011,1,0.008490303996123409
everolimus,"Carcinoma, Neuroendocrine",1,2016,0,0.008490303996123409
everolimus,Cavity Cancer,1,2014,0,0.008490303996123409
everolimus,Cell Cancer,3,2010,0,0.008490303996123409
everolimus,Cell Carcinoma,9,2010,1,0.008490303996123409
everolimus,Clear Cell Renal Carcinoma,1,2011,0,0.008490303996123409
everolimus,Condition After Allogenic Peripheral Stem Cell Transplantation (SCT),1,2011,0,0.0008140875452551299
everolimus,Cutaneous Squamous Cell Carcinoma; Advanced Cancer,1,2020,0,0.0008140875452551299
everolimus,Endometrial Cancer,1,2015,0,0.008490303996123409
everolimus,Epilepsy; Tuberous Sclerosis Complex,1,2010,0,0.0008140875452551299
everolimus,Epilepsy; Tuberous Sclerosis Complex; Focal Cortical Dysplasia,1,2014,0,0.0008140875452551299
everolimus,Epithelial Cancer,1,2010,0,0.008490303996123409
everolimus,Esophageal Cancer,1,2012,0,0.008490303996123409
everolimus,Gastrointestinal Neoplasms,1,2011,0,0.008490303996123409
everolimus,Graft-versus-Host Disease,1,2016,0,0.01839615024630237
everolimus,Hepatocellular Carcinoma,1,2012,0,0.008490303996123409
everolimus,Hodgkin Lymphoma,1,2011,0,0.008490303996123409
everolimus,Human Epidermal Growth Factor 2 Negative Carcinoma of Breast; Hormone Receptor (HR)-Positive Breast Cancer,1,2016,0,0.0008140875452551299
everolimus,Invasive Breast Carcinoma; Triple-Negative Breast Carcinoma,1,2016,0,0.0008140875452551299
everolimus,Kidney Transplant; Adult Living Donor Kidney Transplant Recipients; Renal Transplant; Living Kidney Donor,1,2016,0,0.0008140875452551299
everolimus,Kidney Transplantation,1,2017,0,0.008490303996123409
everolimus,Living-Donor Kidney Transplant; Kidney Transplant Recipients,1,2019,0,0.0008140875452551299
everolimus,Lung Cancer,1,2011,0,0.008490303996123409
everolimus,Lymphangioleiomyomatosis,1,2010,0,0.01839615024630237
everolimus,Malignant Peripheral Nerve Sheath Tumors; MPNST; Sarcoma,1,2012,0,0.0008140875452551299
everolimus,Metastatic Breast Cancer,5,2011,1,0.008490303996123409
everolimus,Metastatic Colorectal Cancer,2,2010,0,0.008490303996123409
everolimus,Metastatic Hepatocellular Carcinoma,1,2011,0,0.008490303996123409
everolimus,Metastatic Malignant Melanoma,1,2010,0,0.008490303996123409
everolimus,Metastatic Melanoma,1,2010,0,0.008490303996123409
everolimus,Metastatic Osteosarcoma; Relapsed Osteosarcoma,1,2011,0,0.0008140875452551299
everolimus,Metastatic Renal Cell Carcinoma; Advanced Urothelial Carcinoma; Advanced Gastric Adenocarcinoma; Metastatic Colorectal Adenocarcinoma,1,2015,0,0.0008140875452551299
everolimus,Metastatic Thyroid Cancer,1,2010,0,0.008490303996123409
everolimus,Neoplasms,1,2014,0,0.010855525645685366
everolimus,Neuroendocrine Carcinoma of the Lung and Thymus,1,2013,0,0.0008140875452551299
everolimus,Neuroendocrine Tumors,1,2017,0,0.008490303996123409
everolimus,Neuroendocrine Tumors; Hepatic Metastases; Metastases,1,2012,0,0.0008140875452551299
everolimus,Neurofibromatosis 1,1,2015,0,0.008490303996123409
everolimus,Pediatric Recurrent Progressive Low-grade Gliomas; Pediatric Progressive Low-grade Gliomas,1,2012,0,0.0008140875452551299
everolimus,Polycystic Liver Disease,1,2010,0,0.008490303996123409
everolimus,Recurrent Childhood Ependymoma,1,2015,0,0.0008140875452551299
everolimus,Recurrent Meningiomas; Resistant Meningiomas,1,2015,0,0.0008140875452551299
everolimus,Recurrent and Refractory Solid Tumors,1,2017,0,0.0008140875452551299
everolimus,Refractory Hodgkin Lymphoma,1,2012,0,0.0008140875452551299
everolimus,Serous Carcinoma,1,2017,0,0.008490303996123409
everolimus,Solid Malignancy; Solid Tumor,1,2015,0,0.0008140875452551299
everolimus,Solid Tumor,1,2015,0,0.008490303996123409
everolimus,Sporadic Angiomyolipomas (AMLs),1,2015,0,0.0008140875452551299
everolimus,Thymic Carcinoma,1,2011,0,0.008490303996123409
everolimus,Thyroid Cancer,1,2010,0,0.008490303996123409
everolimus,Tissue Sarcoma,1,2011,0,0.008490303996123409
everolimus,Treatment of HER-2 Positive Breast Cancer,1,2013,0,0.0008140875452551299
everolimus,Tuberous Sclerosis Complex; Self-injury; Autism,1,2013,0,0.0008140875452551299
everolimus,cell Lymphoma,1,2010,0,0.01839615024630237
everolimus,for Cancer,1,2014,0,0.008490303996123409
everolimus,in Lymphoma,1,2012,0,0.008490303996123409
ezetimibe,Homozygous Familial Hypercholesterolemia,1,2019,0,0.15001738273593446
ezetimibe,Hypercholesterolaemia,1,2016,1,0.15001738273593446
ezetimibe,Hypercholesterolemia,3,2013,1,0.15001738273593446
ezetimibe,Hyperlipidemia,2,2011,1,0.15001738273593446
ezetimibe,Non Alcoholic Steatohepatitis,1,2013,0,0.11198628184857798
famotidine,2019 Novel Coronavirus Disease; 2019 Novel Coronavirus Infection; 2019-nCoV Disease; 2019-nCoV Infection; COVID-19 Pandemic; COVID-19 Virus Disease; COVID-19 Virus Infection; Covid19; Coronavirus Disease 2019; SARS-CoV-2 Infection; SARS-CoV-2 Acute Respiratory Disease; COVID-19,1,2021,0,0.007877930127092873
famotidine,Acute Cerebrovascular Accident; Cerebral Edema,1,2014,0,0.007877930127092873
famotidine,Breast Cancer,1,2021,0,0.07648166809046494
famotidine,Covid19,1,2021,0,0.09201023723230732
famotidine,Dyskinesia,1,2011,0,0.07648166809046494
famotidine,IgG4 Related Disease; IgG4-RD,1,2021,0,0.007877930127092873
famotidine,Patients With Head and Neck Cancer,1,2017,0,0.07648166809046494
fentanyl,Acute Pain,1,2014,0,0.04352348733188507
fentanyl,Administration and Dosage of Ketamine; Endoscopic Sedation,1,2018,0,0.0002803538238454195
fentanyl,Adverse Anesthesia Outcome,1,2017,0,0.0002803538238454195
fentanyl,Anesthesia,1,2012,1,0.0032843194719705806
fentanyl,Bloodpressure; Heart Rate,1,2012,0,0.0002803538238454195
fentanyl,Bone Fracture,1,2015,0,0.0032843194719705806
fentanyl,Chronic Otitis Media,1,2011,0,0.04352348733188507
fentanyl,Conscious Sedation,1,2018,0,0.0002803538238454195
fentanyl,Conscious Sedation During Procedure; Endobronchial Ultrasound,1,2016,0,0.0002803538238454195
fentanyl,Critical Illness; Asthma; Bronchospasm,1,2015,0,0.0002803538238454195
fentanyl,Dexmedetomidine; Fentanyl,1,2019,0,0.0002803538238454195
fentanyl,Dyspnea; Congestive Heart Failure,1,2015,0,0.0002803538238454195
fentanyl,General Anesthesia,1,2013,0,0.0032843194719705806
fentanyl,Healthy,1,2019,0,0.0032843194719705806
fentanyl,Hypospadias,1,2014,0,0.04352348733188507
fentanyl,Low Dose of Pethidine for Subarachnoid Anesthesia,1,2017,0,0.0002803538238454195
fentanyl,Monitored Anesthesia Care,1,2019,0,0.0002803538238454195
fentanyl,Pain,4,2011,0,0.04352348733188507
fentanyl,Patient Controlled Treatment of Pain,1,2011,0,0.0002803538238454195
fentanyl,Pericapsular Nerve Group Block (PENG Block); Lumbar Erector Spinae Plane Block,1,2021,0,0.0002803538238454195
fentanyl,Post Operative Pain,2,2010,0,0.0002803538238454195
fentanyl,Postoperative Analgesia,1,2018,0,0.0002803538238454195
fentanyl,Postoperative Pain,1,2016,0,0.005027076825413255
fentanyl,Postsurgical Pain,1,2018,0,0.0002803538238454195
fentanyl,Prevention of Persistent Postoperative Pain,1,2017,0,0.0002803538238454195
fentanyl,Scoliosis Idiopathic; Scoliosis; Adolescence; Erector Spinae Plane Block,1,2019,0,0.0002803538238454195
fentanyl,Transversus Abdominis Block,1,2019,0,0.0002803538238454195
fentanyl,in Cancer,2,2012,0,0.0032843194719705806
fexinidazole,Chagas' Disease (Chronic) Nos,1,2017,0,0.00024257583193652488
fexinidazole,Human African Trypanosomiasis (HAT),2,2014,0,0.09518463787401228
fexinidazole,Human African Trypanosomiasis (HAT); Sleeping Sickness,1,2012,0,0.00024257583193652488
fexinidazole,"Trypanosomiasis, African; Sleeping Sickness; Trypanosoma Brucei Rhodesiense; Infection",1,2019,0,0.00024257583193652488
fexinidazole,Visceral Leishmaniasis,1,2013,0,0.09518463787401228
fluconazole,Candida Vulvovaginitis,1,2017,0,0.10939255084179847
fluconazole,Candidemia; Mycoses; Fungal Infection; Fungemia; Invasive Candidiasis,1,2016,0,0.0002766954006289344
fluconazole,Candidiasis,1,2014,0,0.10939255084179847
fluconazole,"Candidiasis, Vulvovaginal",1,2013,0,0.10939255084179847
fluconazole,"Candidiasis, Vulvovaginal; Mycoses; Yeast Infection; Moniliasis, Vulvovaginal; Vaginitis, Monilial",1,2016,0,0.0002766954006289344
fluconazole,Crohn Disease,1,2018,0,0.03633860940832311
fluconazole,Crohn's Disease,1,2016,0,0.10939255084179847
fluconazole,Cryptococcal Meningitis; HIV Infections,1,2010,0,0.0002766954006289344
fluconazole,HIV Associated Neurocognitive Disorder,1,2010,0,0.10939255084179847
fluconazole,Meningitis Streptococcal; Hiv; Meningitis; Meningoencephalitis,1,2017,0,0.0002766954006289344
fluconazole,"Mycoses; Candidiasis, Invasive; Candidemia",1,2014,0,0.0002766954006289344
fluconazole,Nephrolithiasis; Nephrocalcinosis; Hypercalciuria,1,2021,0,0.0002766954006289344
fluconazole,Very Low Birth Weight Infant,1,2012,0,0.13019792399884805
fluconazole,Vulvovaginal Candidiasis,1,2015,0,0.10939255084179847
fluconazole,"Vulvovaginitis; Yeast Infection; Yeast Infection Vaginal; Candidiasis, Vulvovaginal",1,2016,0,0.0002766954006289344
fludarabine phosphate,"Accelerated Phase Chronic Myelogenous Leukemia, BCR-ABL1 Positive; Acute Biphenotypic Leukemia; Acute Leukemia of Ambiguous Lineage; Acute Undifferentiated Leukemia; Adult Acute Lymphoblastic Leukemia in Remission; Adult Acute Myeloid Leukemia in Remission; Blast Phase Chronic Myelogenous Leukemia, BCR-ABL1 Positive; Childhood Acute Lymphoblastic Leukemia in Remission; Childhood Acute Myeloid Leukemia in Remission; Chronic Myelogenous Leukemia, BCR-ABL1 Positive; Myelodysplastic Syndrome With Excess Blasts-1; Myelodysplastic Syndrome With Excess Blasts-2; Recurrent Adult Acute Lymphoblastic Leukemia; Recurrent Adult Acute Myeloid Leukemia; Recurrent Childhood Acute Lymphoblastic Leukemia; Recurrent Childhood Acute Myeloid Leukemia; Refractory Adult Acute Lymphoblastic Leukemia; Refractory Childhood Acute Lymphoblastic Leukemia",1,2014,0,0.0021617201136664784
fludarabine phosphate,"Accelerated Phase Chronic Myelogenous Leukemia, BCR-ABL1 Positive; Acute Biphenotypic Leukemia; Acute Leukemia of Ambiguous Lineage; Acute Undifferentiated Leukemia; Allogeneic Hematopoietic Stem Cell Transplant Recipient; Blast Phase Chronic Myelogenous Leukemia, BCR-ABL1 Positive; Blastic Plasmacytoid Dendritic Cell Neoplasm; Childhood Acute Lymphoblastic Leukemia in Remission; Childhood Acute Myeloid Leukemia in Remission; Donor; Lymphoblastic Lymphoma; Myelodysplastic Syndrome With Excess Blasts; Myelodysplastic Syndrome With Excess Blasts-1; Myelodysplastic Syndrome With Excess Blasts-2; Recurrent Acute Lymphoblastic Leukemia; Recurrent Acute Myeloid Leukemia; Recurrent Childhood Acute Lymphoblastic Leukemia; Recurrent Childhood Acute Myeloid Leukemia; Recurrent Chronic Myelogenous Leukemia, BCR-ABL1 Positive; Refractory Acute Lymphoblastic Leukemia; Refractory Acute Myeloid Leukemia; Acute Lymphoblastic Leukemia in Remission; Acute Myeloid Leukemia in Remission",1,2015,0,0.0021617201136664784
fludarabine phosphate,"Accelerated Phase Chronic Myelogenous Leukemia, BCR-ABL1 Positive; Acute Erythroid Leukemia; Acute Megakaryoblastic Leukemia; Acute Myeloid Leukemia; Acute Myeloid Leukemia Arising From Previous Myelodysplastic Syndrome; Acute Myeloid Leukemia in Remission; Blast Phase Chronic Myelogenous Leukemia, BCR-ABL1 Positive; Blasts Under 20 Percent of Bone Marrow Nucleated Cells; Blasts Under 20 Percent of Peripheral Blood White Cells; Chronic Myelomonocytic Leukemia; High Risk Myelodysplastic Syndrome; Myelodysplastic Syndrome; Recurrent Chronic Myelogenous Leukemia, BCR-ABL1 Positive; Therapy-Related Acute Myeloid Leukemia; Therapy-Related Myelodysplastic Syndrome",1,2013,0,0.0021617201136664784
fludarabine phosphate,"Accelerated Phase Chronic Myelogenous Leukemia; Adult Acute Lymphoblastic Leukemia in Remission; Adult Acute Myeloid Leukemia in Remission; Adult Acute Myeloid Leukemia With 11q23 (MLL) Abnormalities; Adult Acute Myeloid Leukemia With Del(5q); Adult Acute Myeloid Leukemia With Inv(16)(p13;q22); Adult Acute Myeloid Leukemia With t(15;17)(q22;q12); Adult Acute Myeloid Leukemia With t(16;16)(p13;q22); Adult Acute Myeloid Leukemia With t(8;21)(q22;q22); Adult Grade III Lymphomatoid Granulomatosis; Adult Nasal Type Extranodal NK/T-cell Lymphoma; Anaplastic Large Cell Lymphoma; Angioimmunoblastic T-cell Lymphoma; Aplastic Anemia; Burkitt Lymphoma; Childhood Acute Lymphoblastic Leukemia in Remission; Childhood Acute Myeloid Leukemia in Remission; Childhood Chronic Myelogenous Leukemia; Childhood Diffuse Large Cell Lymphoma; Childhood Grade III Lymphomatoid Granulomatosis; Childhood Immunoblastic Large Cell Lymphoma; Childhood Myelodysplastic Syndromes; Childhood Nasal Type Extranodal NK/T-cell Lymphoma; Chronic Myelomonocytic Leukemia; Chronic Phase Chronic Myelogenous Leukemia; Congenital Amegakaryocytic Thrombocytopenia; Diamond-Blackfan Anemia; Extranodal Marginal Zone B-cell Lymphoma of Mucosa-associated Lymphoid Tissue; Hepatosplenic T-cell Lymphoma; Juvenile Myelomonocytic Leukemia; Myelodysplastic/Myeloproliferative Neoplasm, Unclassifiable; Nodal Marginal Zone B-cell Lymphoma; Paroxysmal Nocturnal Hemoglobinuria; Peripheral T-cell Lymphoma; Polycythemia Vera; Post-transplant Lymphoproliferative Disorder; Previously Treated Myelodysplastic Syndromes; Primary Myelofibrosis; Recurrent Adult Acute Lymphoblastic Leukemia; Recurrent Adult Acute Myeloid Leukemia; Recurrent Adult Burkitt Lymphoma; Recurrent Adult Diffuse Large Cell Lymphoma; Recurrent Adult Diffuse Mixed Cell Lymphoma; Recurrent Adult Diffuse Small Cleaved Cell Lymphoma; Recurrent Adult Grade III Lymphomatoid Granulomatosis; Recurrent Adult Hodgkin Lymphoma; Recurrent Adult Immunoblastic Large Cell Lymphoma; Recurrent Adult Lymphoblastic Lymphoma; Recurrent Adult T-cell Leukemia/Lymphoma; Recurrent Childhood Acute Lymphoblastic Leukemia; Recurrent Childhood Acute Myeloid Leukemia; Recurrent Childhood Anaplastic Large Cell Lymphoma; Recurrent Childhood Grade III Lymphomatoid Granulomatosis; Recurrent Childhood Large Cell Lymphoma; Recurrent Childhood Lymphoblastic Lymphoma; Recurrent Childhood Small Noncleaved Cell Lymphoma; Recurrent Cutaneous T-cell Non-Hodgkin Lymphoma; Recurrent Grade 1 Follicular Lymphoma; Recurrent Grade 2 Follicular Lymphoma; Recurrent Grade 3 Follicular Lymphoma; Recurrent Mantle Cell Lymphoma; Recurrent Marginal Zone Lymphoma; Recurrent Mycosis Fungoides/Sezary Syndrome; Recurrent Small Lymphocytic Lymphoma; Recurrent/Refractory Childhood Hodgkin Lymphoma; Refractory Chronic Lymphocytic Leukemia; Refractory Hairy Cell Leukemia; Refractory Multiple Myeloma; Secondary Acute Myeloid Leukemia; Secondary Myelodysplastic Syndromes; Secondary Myelofibrosis; Severe Combined Immunodeficiency; Severe Congenital Neutropenia; Shwachman-Diamond Syndrome; Splenic Marginal Zone Lymphoma; T-cell Large Granular Lymphocyte Leukemia; Waldenstrom Macroglobulinemia; Wiskott-Aldrich Syndrome",1,2012,0,0.0021617201136664784
fludarabine phosphate,Accelerated Phase Chronic Myelogenous Leukemia; Adult Acute Myeloid Leukemia in Remission; Adult Acute Myeloid Leukemia With 11q23 (MLL) Abnormalities; Adult Acute Myeloid Leukemia With Del(5q); Adult Acute Myeloid Leukemia With Inv(16)(p13;q22); Adult Acute Myeloid Leukemia With t(15;17)(q22;q12); Adult Acute Myeloid Leukemia With t(16;16)(p13;q22); Adult Acute Myeloid Leukemia With t(8;21)(q22;q22); Childhood Acute Lymphoblastic Leukemia in Remission; Childhood Acute Myeloid Leukemia in Remission; Childhood Chronic Myelogenous Leukemia; Childhood Myelodysplastic Syndromes; Chronic Phase Chronic Myelogenous Leukemia; de Novo Myelodysplastic Syndromes; Previously Treated Myelodysplastic Syndromes; Refractory Anemia; Refractory Anemia With Excess Blasts; Refractory Anemia With Excess Blasts in Transformation; Relapsing Chronic Myelogenous Leukemia; Secondary Myelodysplastic Syndromes,1,2010,0,0.0021617201136664784
fludarabine phosphate,"Acute Leukemia; Chronic Lymphocytic Leukemia/Small Lymphocytic Lymphoma; Chronic Myelogenous Leukemia, BCR-ABL1 Positive; Diffuse Large B-Cell Lymphoma; Follicular Lymphoma; Graft Versus Host Disease; Hodgkin Lymphoma; Mantle Cell Lymphoma; Marginal Zone Lymphoma; Myelodysplastic Syndrome; Myeloproliferative Neoplasm; Recurrent Acute Myeloid Leukemia With Myelodysplasia-Related Changes; Recurrent Plasma Cell Myeloma; Refractory Plasma Cell Myeloma; Secondary Myelodysplastic Syndrome",1,2017,0,0.0021617201136664784
fludarabine phosphate,Acute Lymphoblastic Leukemia,1,2010,0,0.10505759789209608
fludarabine phosphate,Acute Myeloid Leukemia,5,2010,0,0.15340991103994808
fludarabine phosphate,"Acute Myeloid Leukemia With FLT3/ITD Mutation; Acute Myeloid Leukemia With Gene Mutations; Acute Myeloid Leukemia With Inv(3) (q21.3;q26.2); GATA2, MECOM; Acute Myeloid Leukemia With t(6;9) (p23;q34.1); DEK-NUP214; Aplastic Anemia; Chronic Lymphocytic Leukemia; Chronic Myelogenous Leukemia, BCR-ABL1 Positive; Chronic Myelomonocytic Leukemia; Follicular Lymphoma; Hodgkin Lymphoma; Myelodysplastic Syndrome; Myelofibrosis; Myeloid Leukemia; Non-Hodgkin Lymphoma; Plasma Cell Myeloma; Polycythemia Vera; Recurrent Adult Acute Myeloid Leukemia; Recurrent Childhood Acute Myeloid Leukemia; Refractory Acute Myeloid Leukemia; Secondary Acute Myeloid Leukemia; Therapy-Related Acute Myeloid Leukemia",1,2012,0,0.0021617201136664784
fludarabine phosphate,"Aggressive Non-Hodgkin Lymphoma; Blasts Under 5 Percent of Bone Marrow Nucleated Cells; Chronic Lymphocytic Leukemia; Loss of Chromosome 17p; Myelodysplastic/Myeloproliferative Neoplasm; Non-Hodgkin Lymphoma; Prolymphocytic Leukemia; Recurrent Adult Acute Lymphoblastic Leukemia; Recurrent Adult Acute Myeloid Leukemia; Recurrent Aggressive Adult Non-Hodgkin Lymphoma; Recurrent Childhood Acute Lymphoblastic Leukemia; Recurrent Childhood Acute Myeloid Leukemia; Recurrent Chronic Lymphocytic Leukemia; Recurrent Chronic Myelogenous Leukemia, BCR-ABL1 Positive; Recurrent Diffuse Large B-Cell Lymphoma; Recurrent Hodgkin Lymphoma; Recurrent Mantle Cell Lymphoma; Recurrent Non-Hodgkin Lymphoma; Recurrent Plasma Cell Myeloma; Recurrent Small Lymphocytic Lymphoma; Waldenstrom Macroglobulinemia",1,2012,0,0.0021617201136664784
fludarabine phosphate,Blasts 10 Percent or More of Bone Marrow Nucleated Cells; Chronic Myelomonocytic Leukemia-2; High Grade Malignant Neoplasm; Myelodysplastic Syndrome; Myelodysplastic Syndrome With Excess Blasts-2; Myeloid Neoplasm; Previously Treated Myelodysplastic Syndrome; Recurrent Acute Myeloid Leukemia; Refractory Acute Myeloid Leukemia,1,2016,0,0.0021617201136664784
fludarabine phosphate,Blood Cancer,2,2010,0,0.15340991103994808
fludarabine phosphate,Chronic Lymphocytic Leukemia,1,2010,0,0.13561826125750082
fludarabine phosphate,Graft Versus Host Disease; Hematopoietic/Lymphoid Cancer,1,2015,0,0.0021617201136664784
fludarabine phosphate,Hematologic Cancer,2,2010,0,0.11781344964551774
fludarabine phosphate,Hematopoietic and Lymphoid Cell Neoplasm,1,2012,0,0.15340991103994808
fludarabine phosphate,Hodgkin Lymphoma,2,2010,0,0.1127915988030912
fludarabine phosphate,Metastatic Melanoma,3,2013,0,0.15340991103994808
fludarabine phosphate,Myelomonocytic Leukemia,1,2013,0,0.15340991103994808
fludarabine phosphate,Neck Cancer,1,2019,0,0.1127915988030912
fludarabine phosphate,Prevention of Graft-Versus-Host Disease,1,2011,0,0.0021617201136664784
fludarabine phosphate,Small Lymphocytic Lymphoma; CLL (Chronic Lymphocytic Leukemia),1,2010,0,0.0021617201136664784
fluorouracil,Adenocarcinoma of the Gastroesophageal Junction; Gastric Cancer,1,2011,0,0.00044581608828439046
fluorouracil,Advanced Cancer,1,2010,0,0.0029341423080842303
fluorouracil,Advanced Colorectal Cancer,1,2013,0,0.0029341423080842303
fluorouracil,Advanced Gastric Cancer,1,2012,0,0.0029341423080842303
fluorouracil,Advanced Gastrointestinal Cancer,1,2014,0,0.0029341423080842303
fluorouracil,Advanced Pancreatic Cancer,3,2013,0,0.0029341423080842303
fluorouracil,Advanced Rectal Cancer,1,2017,0,0.034861527433650015
fluorouracil,Bladder Cancer,1,2018,0,0.0029341423080842303
fluorouracil,Breast Cancer,1,2016,0,0.0029341423080842303
fluorouracil,"Cancer of Rectum; Cancer of the Rectum; Neoplasm, Rectum; Rectal Cancer; Rectum Cancer; Rectum Neoplasms; Adenocarcinoma of the Rectum",1,2016,0,0.00044581608828439046
fluorouracil,Cardia Cancer,1,2016,0,0.0029341423080842303
fluorouracil,Colorectal Cancer,2,2014,0,0.0029341423080842303
fluorouracil,Colorectal Carcinoma,1,2018,0,0.0029341423080842303
fluorouracil,Esophageal Cancer,3,2011,1,0.0029341423080842303
fluorouracil,Esophageal and Gastric Cancer,1,2013,0,0.0029341423080842303
fluorouracil,First-Line Treatment of Colorectal Cancer,1,2018,0,0.00044581608828439046
fluorouracil,GI Cancer,1,2014,0,0.0029341423080842303
fluorouracil,Gallbladder Cancer,1,2014,0,0.0029341423080842303
fluorouracil,Gastric Cancer,1,2012,0,0.0029341423080842303
fluorouracil,Gastrointestinal Cancer,1,2019,0,0.0029341423080842303
fluorouracil,Head and Neck Cancer,1,2010,0,0.0029341423080842303
fluorouracil,Head and Neck Squamous Cell Carcinoma,1,2013,0,0.0029341423080842303
fluorouracil,Hepatocellular Carcinoma,1,2013,0,0.0029341423080842303
fluorouracil,Junction Cancer,1,2012,0,0.0029341423080842303
fluorouracil,Metastatic Colorectal Cancer,2,2010,1,0.034861527433650015
fluorouracil,Metastatic Pancreatic Cancer,2,2012,0,0.0029341423080842303
fluorouracil,Neck Cancer,2,2012,0,0.034861527433650015
fluorouracil,Newly Diagnosed Squamous Cell Carcinoma,1,2018,0,0.00044581608828439046
fluorouracil,Oropharyngeal Cancer,1,2014,0,0.0029341423080842303
fluorouracil,Pancreatic Cancer,3,2016,0,0.014217408746271165
fluorouracil,Pancreatic Ductal Adenocarcinoma,1,2021,0,0.0029341423080842303
fluorouracil,Patients With Progressive Poorly Differentiated Extra-pulmonary Neuroendocrine Carcinoma,1,2018,0,0.00044581608828439046
fluorouracil,Previously Untreated Stage IV Colorectal Cancer,1,2012,0,0.00044581608828439046
fluorouracil,Rectal Cancer,1,2012,0,0.034861527433650015
fluorouracil,Stomach Cancer,1,2011,1,0.0029341423080842303
fluoxetine,Adolescent Depression,2,2010,0,0.0027710218795793324
fluoxetine,Depression,2,2012,0,0.03492956867881176
fluoxetine,Major Depressive Disorder,1,2014,1,0.09059219034696578
fluoxetine,Multiple Sclerosis,1,2014,0,0.03492956867881176
fluoxetine,Musculoskeletal Injury,1,2021,0,0.03492956867881176
fluoxetine,Pulmonary Arterial Hypertension,1,2013,0,0.03492956867881176
fluoxetine,Seizure Induced Respiratory Depression,1,2017,0,0.03492956867881176
fluoxetine,Selective Mutism; Social Anxiety,1,2014,0,0.0001562096260758574
fluoxetine,Severe Mood Dysregulation,1,2013,0,0.0001562096260758574
fluoxetine,Stroke; Motor Function,1,2014,0,0.0001562096260758574
fluoxetine,Treatment of Non Erosive Reflux Disease,1,2010,0,0.0001562096260758574
gabapentin,Acute Lymphoblastic Leukemia,1,2012,0,0.02132367158395785
gabapentin,Alcohol Dependence,1,2010,0,0.02132367158395785
gabapentin,Alcohol Use Disorder; Alcohol Withdrawal,1,2014,0,0.001893146851177295
gabapentin,Alcohol Use Disorder; Bipolar Disorder,1,2017,0,0.001893146851177295
gabapentin,Anterior Cruciate Ligament Injury,1,2019,0,0.001893146851177295
gabapentin,Anxiety; Pain,1,2010,0,0.001893146851177295
gabapentin,Bipolar I Disorder; Bipolar II Disorder; Cannabis Use Disorder; Substance Use Disorders,1,2017,0,0.001893146851177295
gabapentin,"Chronic Pain; Alcohol Use, Unspecified; HIV Infections",1,2021,0,0.001893146851177295
gabapentin,Drug Dependence,1,2016,0,0.02132367158395785
gabapentin,Female Genital Diseases,1,2013,0,0.001893146851177295
gabapentin,Hyperemesis Gravidarum,1,2014,0,0.031753316234179374
gabapentin,Insomnia in Chronic Pain,1,2020,0,0.02132367158395785
gabapentin,Multiple Sclerosis,1,2012,0,0.02132367158395785
gabapentin,Non-obstetric Lower Abdominal Surgery,1,2019,0,0.001893146851177295
gabapentin,Opioid-use Disorder; Alcohol Use Disorder,1,2017,0,0.001893146851177295
gabapentin,Other Abortion; Spontaneous Abortion,1,2016,0,0.001893146851177295
gabapentin,Pain Medication in Patients With Bladder Cancer,1,2015,0,0.001893146851177295
gabapentin,Painful Diabetic Neuropathy,1,2018,0,0.031753316234179374
gabapentin,Postoperative Complications,1,2014,0,0.001893146851177295
gabapentin,Postoperative Nausea and Vomiting,1,2015,0,0.02132367158395785
gabapentin,Prevention of Persistent Postoperative Pain,1,2017,0,0.001893146851177295
gabapentin,Rotator Cuff Tear,1,2019,0,0.02132367158395785
gabapentin,Sickle Cell Disease,1,2013,0,0.02132367158395785
gabapentin,Urinary Urgency; Urinary Frequency; Nocturia; Incontinence; Detrusor Uninhibited Activity; Quality of Life,1,2010,0,0.001893146851177295
gabapentin enacarbil,Alcohol Use Disorder,1,2015,0,0.00268981603591682
galeterone,Prostate Cancer,1,2012,0,0.2511717703072801
gefitinib,Lung Cancer,7,2011,0,0.02555912530773598
gefitinib,Lung Cancer; Head and Neck Cancer,1,2011,0,0.00017456551766314182
gefitinib,Lung Neoplasms,1,2011,0,0.02555912530773598
gefitinib,Metastatic Gastric Cancer,1,2017,0,0.004484364415185011
gefitinib,NSCLC,6,2011,1,0.02555912530773598
gefitinib,Non Small Cell Lung Cancer,1,2011,0,0.02555912530773598
gefitinib,Solid Tumor,1,2014,0,0.02555912530773598
gemcitabine,Adenocarcinoma of the Pancreas,1,2014,0,0.03868725214447909
gemcitabine,Adenocarcinoma of the Pancreas; Locally Advanced; Unresectable,1,2012,0,0.00017876336829073924
gemcitabine,Advanced Breast Cancer,1,2017,0,0.017818316545612792
gemcitabine,Advanced Cervical Cancer,1,2013,0,0.017818316545612792
gemcitabine,Advanced Kidney Cancer,1,2010,0,0.017818316545612792
gemcitabine,Advanced Nasopharyngeal Carcinoma,1,2021,0,0.017818316545612792
gemcitabine,Advanced Pancreatic Cancer,7,2011,0,0.03740819929505766
gemcitabine,Advanced Pancreatic and Biliary Cancer,1,2011,0,0.017818316545612792
gemcitabine,Advanced Sarcoma,1,2013,0,0.017818316545612792
gemcitabine,Advanced Solid Tumors,1,2020,0,0.017818316545612792
gemcitabine,Advanced or Metastatic Triple-Negative Breast Cancer,1,2020,0,0.00017876336829073924
gemcitabine,Biliary Carcinoma; Gall Bladder Carcinoma; Cholangiocarcinoma; Gastrointestinal Tumor,1,2016,0,0.00017876336829073924
gemcitabine,Biliary Tract Cancer,1,2013,0,0.03740819929505766
gemcitabine,Biliary Tract Cancer (BTC); Colorectal Cancer (CRC); Endometrial Cancer; Gastroesophageal Cancer (GC); Ovarian Cancer; Solid Tumors,1,2017,0,0.00017876336829073924
gemcitabine,Bladder Cancer,7,2011,0,0.017818316545612792
gemcitabine,Breast Cancer,6,2010,1,0.017818316545612792
gemcitabine,Cancer of Pancreas; Pancreas Cancer; Pancreatic Adenocarcinoma; Pancreatic Cancer; Pancreatic Neoplasms,1,2018,0,0.00017876336829073924
gemcitabine,Carcinoma; Metastatic Pancreatic Adenocarcinoma,1,2018,0,0.00017876336829073924
gemcitabine,Cell Cancer,1,2016,0,0.017818316545612792
gemcitabine,Cell Lymphoma,2,2010,1,0.03740819929505766
gemcitabine,Cholangiocarcinoma,2,2010,0,0.03518518632754607
gemcitabine,Cholangiocarcinoma; Gall Bladder Carcinoma; Cholangiocarcinoma Non-resectable; Gallbladder Carcinoma Non-Resectable,1,2018,0,0.00017876336829073924
gemcitabine,Colorectal Cancer; Pancreatic Cancer,1,2017,0,0.00017876336829073924
gemcitabine,Colorectal Carcinoma,1,2018,0,0.017818316545612792
gemcitabine,Duct Cancer,1,2018,0,0.03740819929505766
gemcitabine,Elderly Lymphoma,1,2017,0,0.007351355073260103
gemcitabine,Ewing's Sarcoma,1,2016,0,0.017818316545612792
gemcitabine,Gallbladder Cancer,1,2010,0,0.02876846500293719
gemcitabine,Gastrointestinal Cancer,1,2019,0,0.03868725214447909
gemcitabine,Hodgkin Lymphoma,4,2015,0,0.03518518632754607
gemcitabine,Hodgkin's Lymphoma,1,2017,0,0.03868725214447909
gemcitabine,Intrahepatic Cholangiocarcinoma; Peripheral Cholangiocarcinoma; Cholangiolar Carcinoma; Cholangiocellular Carcinoma,1,2013,0,0.00017876336829073924
gemcitabine,Locally Advanced Pancreatic Adenocarcinoma,1,2019,0,0.00017876336829073924
gemcitabine,Locally Advanced Pancreatic Cancer,1,2017,0,0.017818316545612792
gemcitabine,Lung Cancer,18,2010,1,0.03868725214447909
gemcitabine,Lymphoma,1,2011,0,0.017818316545612792
gemcitabine,Malignant Pleural Mesothelioma; Mesothelioma,1,2016,0,0.00017876336829073924
gemcitabine,Malignant Solid Tumor,1,2012,0,0.017818316545612792
gemcitabine,Mature T-Cell and NK-Cell Neoplasm,1,2018,0,0.017818316545612792
gemcitabine,Mesothelioma,1,2016,0,0.017818316545612792
gemcitabine,"Mesothelioma, Malignant",1,2014,0,0.03740819929505766
gemcitabine,Metastatic Bladder Cancer,1,2014,0,0.017818316545612792
gemcitabine,Metastatic Breast Cancer,5,2010,1,0.017818316545612792
gemcitabine,Metastatic Cancer,2,2011,0,0.017818316545612792
gemcitabine,Metastatic Leiomyosarcoma,1,2015,0,0.03740819929505766
gemcitabine,Metastatic Pancreatic Adenocarcinoma,3,2010,1,0.017818316545612792
gemcitabine,Metastatic Pancreatic Cancer,15,2010,1,0.03868725214447909
gemcitabine,Metastatic Soft Tissue Sarcoma,1,2012,0,0.017818316545612792
gemcitabine,Metastatic Urothelial Cancer,3,2011,1,0.01725220927433541
gemcitabine,Metastatic Urothelial Carcinoma,1,2012,1,0.03868725214447909
gemcitabine,Multiple Myeloma,1,2018,0,0.017818316545612792
gemcitabine,Multiple Myeloma; Amyloidosis,1,2014,0,0.00017876336829073924
gemcitabine,Myeloma,1,2010,0,0.017818316545612792
gemcitabine,NSCLC,4,2011,1,0.03740819929505766
gemcitabine,Nasopharyngeal Carcinoma,1,2020,0,0.01990651095385449
gemcitabine,Non Small Cell Lung Cancer; Pancreatic Ductal Adenocarcinoma; Triple Negative Breast Cancer; Colorectal Cancer,1,2017,0,0.00017876336829073924
gemcitabine,Ovarian Cancer,4,2010,1,0.03740819929505766
gemcitabine,Pancreas Cancer,1,2015,0,0.03868725214447909
gemcitabine,Pancreatic Adenocarcinoma,2,2013,0,0.03868725214447909
gemcitabine,Pancreatic Adenocarcinoma Metastatic,1,2014,0,0.017818316545612792
gemcitabine,Pancreatic Cancer,33,2010,1,0.03815848531225166
gemcitabine,Pancreatic Cancer; Pancreas Cancer; Pancreatic Adenocarcinoma Resectable; Pancreatic Ductal Adenocarcinoma; Pancreas Metastases,1,2017,0,0.00017876336829073924
gemcitabine,Pancreatic Cancer; Pancreatic Adenocarcinoma; Pancreas Ductal Adenocarcinoma,1,2016,0,0.00017876336829073924
gemcitabine,Pancreatic Ductal Adenocarcinoma,3,2015,0,0.018353528481412872
gemcitabine,Patients With Advanced Biliary Tract Cancer,1,2011,0,0.00017876336829073924
gemcitabine,Patients With Advanced Pancreatic Cancer,1,2011,0,0.017818316545612792
gemcitabine,Patients With Advanced Unresectable Biliary Tract Cancer,1,2017,0,0.00017876336829073924
gemcitabine,Pleomorphic Sarcoma,1,2017,0,0.017818316545612792
gemcitabine,Primary Peritoneal Cancer,1,2015,0,0.01725220927433541
gemcitabine,Progressive Metastatic Pancreatic Carcinoma,1,2014,0,0.017818316545612792
gemcitabine,Recurrent Ovarian Cancer,1,2012,0,0.017818316545612792
gemcitabine,Refractory Lymphoma,1,2013,0,0.017818316545612792
gemcitabine,Refractory Peripheral T-Cell Lymphoma; Relapsed Peripheral T-Cell Lymphoma,1,2018,0,0.00017876336829073924
gemcitabine,Refractory Sarcoma,1,2016,0,0.02876846500293719
gemcitabine,Relapsed Ovarian Cancer,1,2012,0,0.00017876336829073924
gemcitabine,Relapsed Small Cell Cancer,1,2016,0,0.00017876336829073924
gemcitabine,Renal Collecting Duct Carcinoma,1,2011,0,0.017818316545612792
gemcitabine,Resectable Pancreas Carcinoma,1,2014,0,0.006531592806710886
gemcitabine,Solid Tumor,1,2017,0,0.017818316545612792
gemcitabine,Solid Tumors,1,2016,0,0.017818316545612792
gemcitabine,Solid Tumors; Pancreatic Cancer,1,2013,0,0.00017876336829073924
gemcitabine,Stage IV Pancreatic Cancer,1,2013,0,0.017818316545612792
gemcitabine,Synovial Sarcoma,1,2020,0,0.017818316545612792
gemcitabine,T-Cell Lymphoma,1,2013,0,0.017818316545612792
gemcitabine,Tissue Sarcoma,4,2012,0,0.017818316545612792
gemcitabine,Tract Cancer,5,2015,1,0.03740819929505766
gemcitabine,Tract Carcinoma,1,2013,1,0.017818316545612792
gemcitabine,Unresectable Locally Advanced Pancreatic Cancer,1,2020,0,0.00017876336829073924
gemcitabine,Unresectable Nonmetastatic Locally Advanced Pancreatic Cancer,1,2010,0,0.00017876336829073924
gemcitabine,Unresectable Sarcoma,1,2015,0,0.00017876336829073924
gemcitabine,Untreated Metastatic Pancreatic Ductal Adenocarcinoma,1,2016,0,0.00017876336829073924
gemcitabine,Urothelial Cancer,1,2018,0,0.01725220927433541
gemcitabine,Urothelial Carcinoma,1,2019,0,0.03868725214447909
gemcitabine,Urothelial Carcinoma; Bladder Cancer,1,2015,0,0.00017876336829073924
gemcitabine,Uterine Cervical Neoplasms; Endometrial Neoplasms; Squamous Cell Carcinoma of Head and Neck; Gallbladder Neoplasms; Cholangiocarcinoma; Esophageal Neoplasms; Triple Negative Breast Neoplasms; Hepatocellular Carcinoma; Urinary Bladder Neoplasms; Ovarian Neoplasms; Stomach Neoplasms,1,2021,0,0.00017876336829073924
gemcitabine,With Cancer,1,2015,0,0.017818316545612792
gemcitabine,cell Lymphoma,1,2016,0,0.03740819929505766
gemcitabine,or Cancer,1,2018,0,0.017818316545612792
gemcitabine,with Cancer,1,2021,0,0.017818316545612792
gemcitabine hydrochloride,Bladder Cancer,1,2012,0,0.07275832242026799
gilteritinib,Acute Myeloid Leukemia,4,2013,1,0.01583729223682854
gilteritinib,Advanced Solid Tumors; Acute Myeloid Leukemia,1,2016,0,9.459014749774493e-05
gilteritinib,Lung Cancer,1,2015,0,0.0059805723566636465
glimepiride,Diabetes,2,2012,0,0.15819260410436448
glimepiride,Type 2 Diabetes,1,2012,1,0.15819260410436448
glimepiride,Type 2 Diabetes Mellitus,1,2012,1,0.15819260410436448
glyburide,Traumatic Brain Injury,1,2011,0,0.042263017061687454
hLL1-DOX (the doxorubicin conjugate of milatuzumab),Multiple Myeloma,1,2010,0,0.05001731125795257
haloperidol,Violent Aggressive Behavior; Ketamine,1,2018,0,0.00017181851223987537
hydrocortisone,Acute Lymphoblastic Lymphoma,1,2012,0,0.20320133844370605
hydrocortisone,Hemophagocytic Lymphohistiocytosis,1,2010,0,0.08214278081583873
hydrocortisone,Hypoxic-Ischemic Encephalopathy; Asphyxia,1,2016,0,0.008669317099348033
hydrocortisone,Memory Impairment,1,2012,0,0.08214278081583873
hydrocortisone,Postoperative Complications; Postoperative Pancreatitis,1,2011,0,0.008669317099348033
hydrocortisone,"Sepsis, Severe; Septic Shock",1,2018,0,0.008669317099348033
hydrocortisone,Septic Shock,1,2018,0,0.20320133844370605
hydrocortisone,Systemic Lupus Erythematosis,1,2014,0,0.008669317099348033
hydrocortisone sodium succinate,Acute Lymphoblastic Leukemia,1,2017,0,0.08447191182244564
hydroxychloroquine,Acute HIV Infection,1,2015,0,0.0011346574933544778
hydroxychloroquine,Advanced Pancreatic Cancer,1,2020,0,0.0011346574933544778
hydroxychloroquine,Breast Cancer,1,2018,0,0.0011346574933544778
hydroxychloroquine,COVID,1,2020,0,0.0011346574933544778
hydroxychloroquine,COVID-19,4,2020,0,0.0011346574933544778
hydroxychloroquine,COVID-19; Corona Virus Infection; Coronavirus-19; Sars-CoV2,1,2020,0,0.00011400059660881521
hydroxychloroquine,COVID-19; Coronavirus Infection; Sars-CoV2; Corona Virus Infection; COVID; Coronavirus; Coronavirus-19; Coronavirus 19,1,2020,0,0.00011400059660881521
hydroxychloroquine,Cell Carcinoma,2,2011,0,0.0011346574933544778
hydroxychloroquine,Chronic Kidney Disease; Cardiovascular Disease; Inflammation; Atherosclerosis; Aortic Stiffness,1,2018,0,0.00011400059660881521
hydroxychloroquine,Chronic Pancreatitis; Insulin Dependent Diabetes,1,2017,0,0.00011400059660881521
hydroxychloroquine,Colorectal Cancer,2,2010,0,0.0011346574933544778
hydroxychloroquine,Congenital Heart Block; Neonatal Lupus; Autoantibody-Associated Heart Block,1,2011,0,0.00011400059660881521
hydroxychloroquine,Coronavirus Infection; Coronavirus; Infectious Disease,1,2020,0,0.00011400059660881521
hydroxychloroquine,Crohn's Disease,1,2014,0,0.0011346574933544778
hydroxychloroquine,Gastrointestinal Cancer,1,2020,0,0.0011346574933544778
hydroxychloroquine,Glioblastoma,1,2013,0,0.0011346574933544778
hydroxychloroquine,Hidradenitis Suppurativa; Hidradenitis; Acne Inversa; Boils; Follicular Occlusion Triad; Follicular Occlusion Tetrad,1,2017,0,0.00011400059660881521
hydroxychloroquine,Lung Cancer,2,2011,0,0.0011346574933544778
hydroxychloroquine,Metastatic Pancreatic Cancer,1,2011,0,0.0011346574933544778
hydroxychloroquine,Multiple Sclerosis,1,2016,0,0.0011346574933544778
hydroxychloroquine,Ovarian Cancer,1,2017,0,0.0011346574933544778
hydroxychloroquine,Pancreatic Cancer,2,2010,0,0.0010161338609318542
hydroxychloroquine,"Pneumonia, Viral; Respiratory Failure",1,2020,0,0.00011400059660881521
hydroxychloroquine,Prostate Cancer,1,2018,0,0.0011346574933544778
hydroxychloroquine,Rheumatoid Arthritis,1,2016,0,0.07874432276079282
hydroxychloroquine,SARS-CoV 2; COVID-19,1,2020,0,0.00011400059660881521
hydroxychloroquine,Systemic Lupus Erythematosis,1,2014,0,0.00011400059660881521
hydroxychloroquine,Systemic Lupus Erythematosus,1,2017,0,0.0317508631401196
hydroxychloroquine,Zellweger Syndrome; Peroxisome Biogenesis Disorders,1,2019,0,0.00011400059660881521
hydroxyurea,Acute Lymphoblastic Leukemia,1,2019,0,0.025334524628446247
hydroxyurea,Acute Myeloid Leukemia (AML),1,2014,0,0.025334524628446247
hydroxyurea,Beta-Thalassemia,1,2021,0,0.09095937403928075
hydroxyurea,Existing Neurological Disease,1,2014,0,0.00011883334328931126
hydroxyurea,Iron Overload; Oxidative Stress; Thalassemia Major,1,2019,0,0.00011883334328931126
hydroxyurea,Multiple Sclerosis,1,2011,0,0.025334524628446247
hydroxyurea,Neck Cancer,1,2012,0,0.09095937403928075
hydroxyurea,Oropharyngeal Cancer,1,2014,0,0.025334524628446247
hydroxyurea,Patients With Head and Neck Cancer,1,2017,0,0.025334524628446247
hydroxyurea,Patients With Sickle Cell Disease,1,2019,0,0.025334524628446247
hydroxyurea,Sickle Cell Anaemia,1,2017,0,0.0046158042996729265
hydroxyurea,Sickle Cell Anemia,1,2017,0,0.09095937403928075
hydroxyurea,Sickle Cell Disease,3,2014,0,0.09095937403928075
hydroxyurea,Sickle Cell Disease; Stroke,1,2012,0,0.00011883334328931126
ibrutinib,Acute Leukemia,1,2017,0,0.07895942056581048
ibrutinib,Carcinoid Tumors; Pancreatic NET,1,2015,0,0.009577691684448488
ibrutinib,Cell Lymphoma,11,2012,1,0.19384535428655916
ibrutinib,Chronic Graft Versus Host Disease,1,2018,0,0.19384535428655916
ibrutinib,Chronic Lymphocytic Leucemia,1,2015,0,0.009577691684448488
ibrutinib,Chronic Lymphocytic Leukemia,11,2013,1,0.19384535428655916
ibrutinib,Chronic Lymphocytic Leukemia; Mantle Cell Lymphoma,1,2014,0,0.009577691684448488
ibrutinib,CoronaVirus Induced Disease-2019 (COVID-19),1,2020,0,0.07895942056581048
ibrutinib,Diffuse Large B-Cell Lymphoma Unclassifiable,1,2016,0,0.009577691684448488
ibrutinib,Follicular Lymphoma,3,2013,1,0.07895942056581048
ibrutinib,Food Allergy; Anaphylaxis Food,1,2017,0,0.009577691684448488
ibrutinib,Graft Versus Host Disease,1,2014,0,0.19384535428655916
ibrutinib,Hematologic Neoplasms,1,2015,0,0.07895942056581048
ibrutinib,Hodgkin Lymphoma,3,2014,1,0.07895942056581048
ibrutinib,Ibrutinib-Resistant Chronic Lymphocytic Leukemia,1,2020,0,0.009577691684448488
ibrutinib,"Leukemia, Lymphocytic, Chronic",1,2016,0,0.2038385505697741
ibrutinib,"Leukemia, Lymphocytic, Chronic, B-Cell",1,2015,0,0.009577691684448488
ibrutinib,Lung Cancer,1,2015,0,0.07895942056581048
ibrutinib,"Lymphoma, Non-Hodgkin; Lymphoma, Large B-Cell, Diffuse; Lymphoma, Follicular",1,2017,0,0.009577691684448488
ibrutinib,Metastatic Kidney Cancer,1,2016,0,0.07895942056581048
ibrutinib,Metastatic Pancreatic Cancer,1,2015,0,0.07895942056581048
ibrutinib,Metastatic Renal Cell Carcinoma; Advanced Urothelial Carcinoma; Advanced Gastric Adenocarcinoma; Metastatic Colorectal Adenocarcinoma,1,2015,0,0.009577691684448488
ibrutinib,Multiple Myeloma,2,2013,0,0.07895942056581048
ibrutinib,Nervous Lymphoma,1,2015,0,0.07895942056581048
ibrutinib,Newly Diagnosed Chronic Graft-versus-Host Disease,1,2021,0,0.009577691684448488
ibrutinib,Non-Small Cell Lung Cancer; Breast Cancer; Pancreatic Cancer,1,2015,0,0.009577691684448488
ibrutinib,Patients With Chronic Lymphocytic Leukemia,1,2018,0,0.19384535428655916
ibrutinib,Prolymphocytic Leukemia,1,2020,0,0.07895942056581048
ibrutinib,Prostate Cancer,1,2016,0,0.07895942056581048
ibrutinib,Recurrent Chronic Lymphocytic Leukemia; Recurrent Small Lymphocytic Lymphoma; Refractory Chronic Lymphocytic Leukemia; Refractory Small Lymphocytic Lymphoma,1,2017,0,0.009577691684448488
ibrutinib,Recurrent Waldenstrom Macroglobulinemia; Refractory Waldenstrom Macroglobulinemia; Waldenstrom Macroglobulinemia,1,2018,0,0.009577691684448488
ibrutinib,Refractory Colorectal Cancer,1,2018,0,0.009577691684448488
ibrutinib,Refractory Follicular Lymphoma,1,2017,0,0.009577691684448488
ibrutinib,Refractory Hodgkin Lymphoma,1,2016,0,0.009577691684448488
ibrutinib,Refractory Lymphoma,1,2015,0,0.07895942056581048
ibrutinib,Relapsed Lymphoma,1,2016,0,0.009577691684448488
ibrutinib,System Lymphoma,1,2019,0,0.07895942056581048
ibrutinib,Waldenstrom Macroglobulinemia,1,2019,0,0.19384535428655916
ibrutinib,Waldenstrom's Macroglobulinemia,1,2016,0,0.19384535428655916
ibrutinib,With Lymphoma,1,2016,0,0.07895942056581048
ibrutinib,Zone Lymphoma,1,2013,0,0.19384535428655916
ibrutinib,cell Lymphoma,4,2011,0,0.19384535428655916
ibuprofen,Acute Pain,1,2015,0,0.09567049925924463
ibuprofen,Analgesia,1,2019,0,0.010681007715468406
ibuprofen,Cervicobrachial Neuralgia,1,2015,0,0.00032585714205160185
ibuprofen,Chronic Low Back Pain,1,2013,0,0.01279615532711222
ibuprofen,Contraception,1,2015,0,0.014469972246256036
ibuprofen,"Ductus Arteriosus, Patent",1,2015,0,0.01279615532711222
ibuprofen,Dysmenorrhea,1,2013,0,0.09567049925924463
ibuprofen,"Herpangina; Gingivostomatitis; Hand, Foot and Mouth Disease",1,2017,0,0.00032585714205160185
ibuprofen,Hypertension,1,2013,0,0.01279615532711222
ibuprofen,Local Anesthesia; Tooth Extraction,1,2019,0,0.00032585714205160185
ibuprofen,Major Depressive Disorder,1,2015,0,0.01279615532711222
ibuprofen,Malaria,1,2019,0,0.01279615532711222
ibuprofen,Malaria; Seizures; Coma; Parasitemia; Hyperpyrexia; Fever,1,2019,0,0.00032585714205160185
ibuprofen,Metastatic Castration-resistant Prostate Cancer; Prostate Cancer; Prostate Neoplasm; Advanced Solid Tumor; Solid Tumor; Non-metastatic Castration-resistant Prostate Cancer,1,2018,0,0.00032585714205160185
ibuprofen,Musculoskeletal Injury,1,2019,0,0.01279615532711222
ibuprofen,Osteoarthritis,1,2011,0,0.09567049925924463
ibuprofen,Ovulation; Ovulation Inhibition; Ovulation Inhibition/Drug Effects; Pregnancy; Fertilization in Vitro/Methods,1,2016,0,0.00032585714205160185
ibuprofen,Pain,3,2010,1,0.09567049925924463
ibuprofen,Pain Management,1,2018,1,0.01279615532711222
ibuprofen,Pain; Postoperative Pain; Irreversible Pulpitis,1,2012,0,0.00032585714205160185
ibuprofen,Post-operative Pain,1,2012,0,0.00032585714205160185
ibuprofen,Postoperative Dental Pain,1,2011,0,0.00032585714205160185
ibuprofen,Postoperative Pain,1,2018,0,0.029615495001003734
ibuprofen,Retinopathy of Prematurity,1,2015,0,0.01279615532711222
ibuprofen,Skeletal Muscle Mass Regulation,1,2015,0,0.09567049925924463
ibuprofen,Temporomandibular Disorder,1,2020,0,0.01279615532711222
ibuprofen,Tonsillectomy; Adenoidectomy,1,2012,0,0.00032585714205160185
ibuprofen,Treatment of Muscular Pain,1,2017,0,0.01279615532711222
ibuprofen,Tuberculosis,1,2016,0,0.01279615532711222
ibuprofen,Type 1 Diabetes,1,2013,0,0.01279615532711222
ibuprofen,With Cancer,1,2017,0,0.01279615532711222
ibuprofen,in Cancer,1,2010,0,0.01279615532711222
idarubicin,Acute Leukemia,2,2013,0,0.23453323162802642
idarubicin,Acute Lymphoblastic Leukemia,1,2019,0,0.23453323162802642
idarubicin,Acute Myeloblastic Leukemia,1,2012,0,0.23453323162802642
idarubicin,Acute Myelogenous Leukemia,1,2011,0,0.23453323162802642
idarubicin,Acute Myeloid Leukemia,13,2010,1,0.23453323162802642
idarubicin,Acute Myeloid Leukemia (AML),1,2010,1,0.23453323162802642
idarubicin,Acute Myeloid Leukemia; Myelodysplastic Syndrome,1,2014,0,0.0002174806626190794
idarubicin,Adult Acute Myeloid Leukemia With 11q23 (MLL) Abnormalities; Adult Acute Myeloid Leukemia With Del(5q); Adult Acute Myeloid Leukemia With Inv(16)(p13;q22); Adult Acute Myeloid Leukemia With t(15;17)(q22;q12); Adult Acute Myeloid Leukemia With t(16;16)(p13;q22); Adult Acute Myeloid Leukemia With t(8;21)(q22;q22); de Novo Myelodysplastic Syndromes; Myelodysplastic Syndrome With Isolated Del(5q); Untreated Adult Acute Myeloid Leukemia,1,2010,0,0.0002174806626190794
idarubicin,Hepatocellular Carcinoma,1,2015,0,0.23453323162802642
idarubicin,Induction Failure Acute Myeloid Leukemia,1,2015,0,0.0002174806626190794
idarubicin,Leukemia,1,2013,0,0.23453323162802642
idarubicin,"Leukemia, Myeloid, Acute",1,2015,1,0.12275663508190064
idarubicin,Newly Diagnosed Acute Myeloid Leukemia,1,2016,0,0.23453323162802642
idarubicin,Primary Acute Myeloid Leukemia,1,2012,0,0.23453323162802642
idarubicin,Relapsed/Refractory Acute Myeloid Leukemia (AML),1,2016,0,0.0002174806626190794
idelalisib,Chronic Lymphocytic Leukemia,2,2015,0,0.19726514644615512
idelalisib,Chronic Lymphocytic Leukemia; Mantle Cell Lymphoma; Diffuse Large B-cell Lymphoma; Indolent Non-Hodgkin's Lymphoma,1,2013,0,0.007156146399433518
idelalisib,Chronic Lymphocytic Leukemia; Small Lymphocytic Lymphoma,1,2014,0,0.07392846988421493
idelalisib,Hodgkin Lymphoma,1,2011,0,0.07392846988421493
idelalisib,"Leukemia, Lymphocytic, Chronic, B-Cell; Chronic Lymphocytic Leukemia; Small Lymphocytic Lymphoma",1,2016,0,0.007156146399433518
idelalisib,Refractory Hodgkin Lymphoma,1,2011,0,0.007156146399433518
idelalisib,Waldenstrom Macroglobulinemia,1,2017,0,0.07392846988421493
idelalisib,cell Lymphoma,1,2017,0,0.07392846988421493
idelalisib,grade Lymphoma,1,2011,0,0.07392846988421493
ifosfamide,Adult Rhabdomyosarcoma; Childhood Alveolar Rhabdomyosarcoma; Childhood Embryonal Rhabdomyosarcoma; Metastatic Childhood Soft Tissue Sarcoma; Stage IV Adult Soft Tissue Sarcoma; Untreated Childhood Rhabdomyosarcoma,1,2010,0,0.0002586652590959846
ifosfamide,Advanced Penile Cancer,1,2020,0,0.0019928792332801746
ifosfamide,B-Cell Malignancies,1,2016,0,0.0019928792332801746
ifosfamide,Bone Sarcoma,1,2017,0,0.0019928792332801746
ifosfamide,Cell Lymphoma,1,2013,0,0.0019928792332801746
ifosfamide,Central Nervous System Nongerminomatous Germ Cell Tumor; Childhood Germinoma,1,2012,0,0.0002586652590959846
ifosfamide,Germ Cell Tumor,1,2015,0,0.0019928792332801746
ifosfamide,Hodgkin Lymphoma,2,2010,1,0.0019928792332801746
ifosfamide,Lymphoma,1,2011,0,0.0019928792332801746
ifosfamide,Osteosarcoma,1,2020,0,0.0019928792332801746
ifosfamide,Refractory Hodgkin Lymphoma,1,2014,0,0.0002586652590959846
ifosfamide,Relapsed Hodgkin Lymphoma,2,2011,0,0.0002586652590959846
ifosfamide,Systemic B-cell Lymphoma,1,2014,0,0.0019928792332801746
ifosfamide,Tissue Sarcoma,1,2013,0,0.0019928792332801746
ifosfamide,Tumors; Solid Malignant Tumors; Osteosarcoma; Differentiated Thyroid Cancer (DTC),1,2014,0,0.0002586652590959846
imatinib,Acute Lymphoblastic Leukemia,1,2013,1,0.043961746653248125
imatinib,Aggressive Fibromatosis; Desmoid Tumor,1,2010,0,0.0002125715888314157
imatinib,Chronic Myeloid Leukaemia,1,2013,0,0.043961746653248125
imatinib,Chronic Myeloid Leukemia,2,2012,0,0.012788667873665786
imatinib,Fibromatosis,1,2014,0,0.002157153075853375
imatinib,Metastatic Gastric Cancer,1,2017,0,0.002157153075853375
imatinib,Treatment; Stem Cell Transplantation,1,2012,0,0.0002125715888314157
imatinib,Tuberculosis,1,2020,0,0.002157153075853375
indocyanine green,Breast Cancer,4,2012,1,0.12451130712538032
indocyanine green,Cholecystitis; Hepatocellular Carcinoma; Liver Metastases,1,2021,0,0.00019499797728981632
indocyanine green,Chylothorax; Esophageal Cancer; Thoracic Duct Intra-Operative Injury,1,2017,0,0.00019499797728981632
indocyanine green,Colorectal Cancer,1,2013,0,0.12451130712538032
indocyanine green,Diabetes Mellitus,1,2020,0,0.12451130712538032
indocyanine green,Kidney Transplantation,1,2016,0,0.12451130712538032
indocyanine green,Lung Neoplasms; Esophageal Lesion,1,2020,0,0.00019499797728981632
indocyanine green,Ovarian Cancer,1,2021,0,0.12451130712538032
indocyanine green,Pelvic Endometriosis; Endometriosis Outside Pelvis,2,2016,0,0.00019499797728981632
indocyanine green,Periodontitis,1,2012,0,0.12451130712538032
indocyanine green,Peripheral Arterial Disease,1,2015,0,0.12451130712538032
indocyanine green,Peritoneal Carcinoma,1,2013,0,0.12451130712538032
irbesartan,Focal Segmental Glomerulosclerosis,1,2014,0,0.08546571518844286
irinotecan,Adenocarcinoma of the Stomach; Adenocarcinoma of the Gastroesophageal Junction,1,2019,0,0.009178396129031392
irinotecan,Advanced Colorectal Cancer,3,2010,0,0.08058475720496054
irinotecan,Advanced Gastric Cancer,1,2010,0,0.08058475720496054
irinotecan,Advanced Gastrointestinal Cancer,1,2014,0,0.08058475720496054
irinotecan,Advanced Pancreatic Cancer,1,2018,0,0.08058475720496054
irinotecan,Advanced Solid Tumors or Colorectal Cancer,1,2012,0,0.009178396129031392
irinotecan,Advanced Solid Tumors; Glioblastoma; Soft Tissue Sarcoma (Excluding GIST); Endometrial Carcinoma; Epithelial Ovarian Carcinoma; Mesothelioma; Gastroenteropancreatic Neuroendocrine Tumor; SCLC; Gastric Carcinoma; Pancreatic Adenocarcinoma; Colorectal Carcinoma; Neuroendocrine Tumors,1,2016,0,0.009178396129031392
irinotecan,Biliary Tract Cancer,1,2019,0,0.08058475720496054
irinotecan,Cell Carcinoma,1,2017,1,0.08058475720496054
irinotecan,Colo-rectal Cancer; Liver Metastases,1,2018,0,0.009178396129031392
irinotecan,Colorectal Cancer,7,2010,1,0.08058475720496054
irinotecan,Colorectal Cancer; Pancreatic Cancer,1,2017,0,0.009178396129031392
irinotecan,Colorectal Neoplasms,1,2012,0,0.08058475720496054
irinotecan,Desmoplastic Small Round Cell Tumor; Rhabdomyosarcoma,1,2019,0,0.009178396129031392
irinotecan,Esophageal Cancer,1,2013,0,0.08058475720496054
irinotecan,Ewing Sarcoma,1,2021,0,0.08058475720496054
irinotecan,Ewing's Sarcoma,1,2016,0,0.08058475720496054
irinotecan,GI Cancer,1,2014,0,0.08058475720496054
irinotecan,Gastric Adenocarcinoma; Gastro-esophageal Junction Adenocarcinoma,1,2017,0,0.009178396129031392
irinotecan,Gastric Cancer,1,2021,0,0.08058475720496054
irinotecan,Gastroesophageal Junction Adenocarcinoma; Advanced Gastric Carcinoma,1,2021,0,0.009178396129031392
irinotecan,Gemcitabine and Cisplatin Refractory Biliary Tract Cancer,1,2015,0,0.009178396129031392
irinotecan,Gemcitabine and S-1 Refractory Pancreatic Cancer,1,2015,0,0.009178396129031392
irinotecan,Glioblastoma Multiforme,1,2010,0,0.08058475720496054
irinotecan,Lung Cancer,3,2013,1,0.08058475720496054
irinotecan,Metastatic Colorectal Cancer,17,2010,1,0.19734361560868446
irinotecan,Metastatic Colorectal Cancer; Solid Tumor,1,2018,0,0.009178396129031392
irinotecan,Metastatic Pancreatic Cancer,5,2014,0,0.08058475720496054
irinotecan,Neuroblastoma,2,2012,0,0.08058475720496054
irinotecan,Neuroblastoma Recurrent,1,2013,0,0.08058475720496054
irinotecan,Neuroendocrine Carcinoma,1,2017,0,0.08058475720496054
irinotecan,Pancreatic Adenocarcinoma,2,2012,0,0.08058475720496054
irinotecan,Pancreatic Cancer,2,2012,0,0.2044227354750169
irinotecan,Patients With Colorectal Cancer,1,2019,0,0.257918469466047
irinotecan,Patients With Refractory Metastatic Colorectal Cancer,1,2014,0,0.009178396129031392
irinotecan,"Pilomyxoid Astrocytoma; Pilocytic Astrocytoma; Glioma, Astrocytic; Optic Nerve Glioma; Pleomorphic Xanthoastrocytoma; Glioblastoma Multiforme; Anaplastic Astrocytoma; Gliosarcoma; Diffuse Intrinsic Pontine Glioma; DIPG; Low-grade Glioma; Brainstem Glioma",1,2013,0,0.009178396129031392
irinotecan,Pineoblastoma,1,2016,0,0.19734361560868446
irinotecan,Rectal Cancer,1,2013,0,0.19734361560868446
irinotecan,Recurrent Ovarian Cancer,1,2010,0,0.08058475720496054
irinotecan,Refractory Colorectal Carcinoma,1,2012,0,0.009178396129031392
irinotecan,Relapsed Solid Tumor; Refractory Solid Tumor,1,2020,0,0.009178396129031392
irinotecan,Resectable Pancreas Carcinoma,1,2014,0,0.0039379207504951115
irinotecan,Solid Tumors,1,2012,0,0.08058475720496054
irinotecan,Tract Cancer,1,2019,0,0.08058475720496054
irinotecan,Treatment Related Cancer,1,2019,0,0.003896196935995798
irinotecan,Unresectable Metastatic Colorectal Cancer,1,2020,0,0.009178396129031392
isoniazid,HIV; Tuberculosis,1,2021,0,0.001594259037639386
isoniazid,Latent Tuberculosis,1,2019,0,0.004203343378788011
isoniazid,Pulmonary Tuberculosis,1,2015,1,0.004203343378788011
isoniazid,Tuberculosis,4,2014,1,0.004203343378788011
isoniazid,"Tuberculosis, Pulmonary",2,2013,1,0.020514123344912212
isoniazid,Tuberculosis; Multidrug Resistant Tuberculosis; Extensively-drug Resistant Tuberculosis,1,2015,0,0.001594259037639386
isoniazid,Tuberculosis; Pulmonary Tuberculosis; HIV Coinfection,1,2021,0,0.001594259037639386
isotretinoin,Acne Vulgaris,2,2020,0,0.20710554752811206
isotretinoin,Alzheimer's Disease,1,2012,0,0.02150479057104122
isotretinoin,Congenital Ichthyosis,1,2019,0,0.01881107452552807
isotretinoin,HIV-1 Infection,1,2014,0,0.02150479057104122
isotretinoin,Neuroblastoma,2,2012,0,0.2690583861686625
isotretinoin,Recurrent Neuroblastoma,1,2011,0,0.02150479057104122
ixazomib citrate,Cell Leukemia,1,2015,0,0.13077276687174128
ixazomib citrate,Chronic Graft Versus Host Disease,1,2015,0,0.11448655156346912
ixazomib citrate,Multiple Myeloma,10,2012,1,0.11448655156346912
ixazomib citrate,Recurrent Waldenstrom Macroglobulinemia; Refractory Waldenstrom Macroglobulinemia; Waldenstrom Macroglobulinemia,1,2018,0,0.0001240847317417566
ketamine,ADNP Syndrome,1,2020,0,0.058687766471737256
ketamine,"Acute Pain; Chronic Pain, Widespread; Schizophrenia",1,2017,0,0.00010782219266724284
ketamine,Administration and Dosage of Ketamine; Endoscopic Sedation,1,2018,0,0.00010782219266724284
ketamine,Advanced Cancer,1,2019,0,0.01085394588680451
ketamine,Anesthesia,2,2018,0,0.01085394588680451
ketamine,Bone Fracture,1,2015,0,0.038167888056583874
ketamine,COVID-19; Acute Respiratory Distress Syndrome; Severe Acute Respiratory Syndrome (SARS); Coronavirus Infections,1,2020,0,0.00010782219266724284
ketamine,Cannula Site Pain,1,2021,0,0.00010782219266724284
ketamine,Cluster Headache,1,2019,0,0.01085394588680451
ketamine,Cognitive Disorders; Delirium; Acute Kidney Injury,1,2015,0,0.00010782219266724284
ketamine,Critical Illness; Asthma; Bronchospasm,1,2015,0,0.00010782219266724284
ketamine,Depression,14,2012,1,0.042275454542283826
ketamine,Fatigue,1,2021,0,0.01085394588680451
ketamine,Female Genital Diseases,1,2013,0,0.00010782219266724284
ketamine,Healthy Volunteers,1,2019,0,0.00010782219266724284
ketamine,Ketamine; Depressive Symptom; Neurosurgery; Perioperative Period,1,2017,0,0.00010782219266724284
ketamine,Laparoscopic Gastric Bypass Surgery; Ketamine,1,2018,0,0.00010782219266724284
ketamine,Major Depressive Disorder,2,2015,0,0.058687766471737256
ketamine,Mucositis,1,2012,0,0.01085394588680451
ketamine,Multiple Sclerosis; Fatigue,1,2018,0,0.00010782219266724284
ketamine,Neck Cancer,1,2010,0,0.01085394588680451
ketamine,Obsessive-Compulsive Disorder,1,2013,0,0.038167888056583874
ketamine,"Obstetric Pain; Postpartum Depression; Breastfeeding; Pain, Acute; Pain, Chronic; Obstetric Anesthesia Problems; Drug Effect; Opioid Use",1,2019,0,0.00010782219266724284
ketamine,PTSD,2,2021,0,0.01085394588680451
ketamine,PTSD; Posttraumatic Stress Disorder,1,2016,0,0.00010782219266724284
ketamine,Pain,2,2014,1,0.01085394588680451
ketamine,"Pain, Postoperative",2,2011,1,0.00010782219266724284
ketamine,Pain; Postoperative Depression,1,2014,0,0.00010782219266724284
ketamine,Pediatric-Refractory Obsessive-Compulsive Disorder,1,2015,0,0.00010782219266724284
ketamine,Post Operative Pain,1,2011,0,0.00010782219266724284
ketamine,Post-Traumatic Stress Disorder,1,2015,0,0.01085394588680451
ketamine,Postoperative Adenoidectomy Pain,1,2019,0,0.00010782219266724284
ketamine,Postoperative Analgesia; Lower Abdominal Cancer,1,2017,0,0.00010782219266724284
ketamine,Postoperative Cognitive Dysfunction,1,2013,0,0.00010782219266724284
ketamine,Postoperative Pain,4,2015,1,0.0029375552097215415
ketamine,Primary Alcohol Use Disorder,1,2016,0,0.00010782219266724284
ketamine,Respiratory Tract Disease; Acute Pain; Diseases of the Digestive System,1,2015,0,0.00010782219266724284
ketamine,Rett Syndrome,1,2019,0,0.042275454542283826
ketamine,Sedation During Spinal Anesthesia,1,2018,0,0.00010782219266724284
ketamine,Sickle Cell Disease; Vaso-Occlusive Crisis,1,2016,0,0.00010782219266724284
ketamine,Spinal Fusion,1,2012,0,0.00010782219266724284
ketamine,Subarachnoid Hemorrhage,1,2016,0,0.01085394588680451
ketamine,Suicidality in Bipolar Depression,1,2013,0,0.00010782219266724284
ketamine,Trauma,1,2018,0,0.01085394588680451
ketamine,Treatment-resistant Depression,1,2015,0,0.00010782219266724284
ketoprofen,Female Genital Diseases,1,2013,0,7.418319096058935e-05
lamotrigine,Addiction,1,2015,0,0.4006073249227028
lamotrigine,"Meniere's Disease; Ménière's Vertigo; Vertigo, Intermittent; Vertigo, Aural",1,2014,0,0.002040714964491442
lansoprazole,Erosive Esophagitis,1,2021,0,0.00011562942577719285
lansoprazole,Gout; Moderate Renal Impairment,1,2014,0,0.00011562942577719285
lansoprazole,Helicobacter Pylori Infection,1,2021,0,0.030030696845427928
lansoprazole,Premature Infants; Gastroesophageal Reflux,1,2013,0,0.00011562942577719285
lansoprazole,Preterm Infants; Gastrointestinal Reflux,1,2013,0,0.00011562942577719285
lansoprazole,Reflux Esophagitis,1,2020,1,0.030030696845427928
lansoprazole,Uterine Cancer,1,2017,0,0.005219637806935335
leflunomide,Hematopoietic and Lymphoid Cell Neoplasm; Malignant Solid Neoplasm; Symptomatic COVID-19 Infection Laboratory-Confirmed,1,2021,0,0.00028831692746511615
leflunomide,Multiple Myeloma,1,2015,0,0.013291614146030537
leflunomide,Recurrent Lymphoproliferative Disorder; Refractory Lymphoproliferative Disorder,1,2021,0,0.00028831692746511615
leflunomide,Rheumatoid Arthritis,1,2010,1,0.013291614146030537
lenalidomide,AIDS-Related Kaposi Sarcoma; Recurrent Kaposi Sarcoma,1,2010,0,0.027339718871229372
lenalidomide,Acute Myeloid Leukemia,5,2010,0,0.0157274465777124
lenalidomide,Adult Lymphocyte Depletion Hodgkin Lymphoma; Adult Lymphocyte Predominant Hodgkin Lymphoma; Adult Mixed Cellularity Hodgkin Lymphoma; Adult Nodular Lymphocyte Predominant Hodgkin Lymphoma; Adult Nodular Sclerosis Hodgkin Lymphoma; Recurrent Adult Hodgkin Lymphoma,1,2011,0,0.027339718871229372
lenalidomide,Adult Myelodysplastic Syndrome; Anemia; Chronic Myelomonocytic Leukemia,1,2012,0,0.027339718871229372
lenalidomide,Advanced Hepatocellular Carcinoma,1,2011,0,0.0157274465777124
lenalidomide,"Anaplastic Large Cell Lymphoma, ALK-Negative; Anaplastic Large Cell Lymphoma, ALK-Positive; Hepatosplenic T-Cell Lymphoma; Peripheral T-Cell Lymphoma, Not Otherwise Specified; Stage II Angioimmunoblastic T-cell Lymphoma; Stage II Enteropathy-Associated T-Cell Lymphoma; Stage III Angioimmunoblastic T-cell Lymphoma; Stage III Enteropathy-Associated T-Cell Lymphoma; Stage IV Angioimmunoblastic T-cell Lymphoma; Stage IV Enteropathy-Associated T-Cell Lymphoma",1,2015,0,0.027339718871229372
lenalidomide,B-Cell Non-Hodgkin Lymphoma; Hematopoietic and Lymphoid Cell Neoplasm; Leukemia; Lymphoma; Plasma Cell Myeloma; T-Cell Non-Hodgkin Lymphoma,1,2013,0,0.027339718871229372
lenalidomide,Blood Disorder,1,2020,0,0.0157274465777124
lenalidomide,CLL; Chronic Lymphocytic Leukemia,1,2012,0,0.027339718871229372
lenalidomide,Cell Leukemia,1,2010,0,0.0157274465777124
lenalidomide,Cell Lymphoma,6,2010,1,0.38822436348287226
lenalidomide,Chronic Lymphocytic Leukaemia,1,2010,0,0.0157274465777124
lenalidomide,Chronic Lymphocytic Leukemia,4,2010,1,0.0157274465777124
lenalidomide,Chronic Lymphocytic Leukemia; Small Lymphocytic Lymphoma,1,2012,0,0.0157274465777124
lenalidomide,Contiguous Stage II Small Lymphocytic Lymphoma; Noncontiguous Stage II Small Lymphocytic Lymphoma; Prolymphocytic Leukemia; Recurrent Small Lymphocytic Lymphoma; Refractory Chronic Lymphocytic Leukemia; Stage I Chronic Lymphocytic Leukemia; Stage I Small Lymphocytic Lymphoma; Stage II Chronic Lymphocytic Leukemia; Stage III Chronic Lymphocytic Leukemia; Stage III Small Lymphocytic Lymphoma; Stage IV Chronic Lymphocytic Leukemia; Stage IV Small Lymphocytic Lymphoma,1,2014,0,0.027339718871229372
lenalidomide,Diffuse Large B Cell Lymphoma,1,2015,0,0.027339718871229372
lenalidomide,Diffuse Large B-Cell Lymphoma Unclassifiable,1,2016,0,0.027339718871229372
lenalidomide,Diffuse Large B-cell Lymphoma,1,2016,0,0.0157274465777124
lenalidomide,Follicular Lymphoma,3,2011,1,0.0157274465777124
lenalidomide,HIV-1 Infection,1,2012,0,0.0157274465777124
lenalidomide,Hodgkin Lymphoma,3,2010,0,0.0157274465777124
lenalidomide,"Leukemia, Myeloid, Acute; Myelodysplastic Syndromes; Leukemia, Myelomonocytic, Chronic",1,2015,0,0.027339718871229372
lenalidomide,Leukemia; Acute Myeloid Leukemia (AML); Myelodysplastic Syndromes (MDS),1,2011,0,0.027339718871229372
lenalidomide,"Lymphoid Leukemia; Small Lymphocytic Lymphoma; Lymphoma, Non-Hodgkin",1,2013,0,0.027339718871229372
lenalidomide,Mantle Cell Lymphoma; Recurrent Diffuse Large B-Cell Lymphoma; Recurrent Follicular Lymphoma; Recurrent Indolent Adult Non-Hodgkin Lymphoma; Refractory Diffuse Large B-Cell Lymphoma; Refractory Follicular Lymphoma; Refractory Indolent Adult Non-Hodgkin Lymphoma,1,2017,0,0.027339718871229372
lenalidomide,Multiple Myeloma,58,2010,1,0.38822436348287226
lenalidomide,Myelodysplastic Syndrome,1,2011,0,0.38822436348287226
lenalidomide,Myelodysplastic Syndrome; MDS,1,2010,0,0.027339718871229372
lenalidomide,Myelodysplastic Syndromes,2,2010,0,0.38822436348287226
lenalidomide,"Myeloma Multiple; Myeloma, Plasma-Cell; Myeloma-Multiple; Plasma Cell Myeloma",1,2018,0,0.027339718871229372
lenalidomide,Myeloma; Stem Cell Transplantation,1,2010,0,0.027339718871229372
lenalidomide,Myeloproliferative Diseases,1,2011,0,0.0157274465777124
lenalidomide,Neurofibromatosis Type 1; Recurrent Childhood Pilocytic Astrocytoma; Recurrent Childhood Visual Pathway Glioma,1,2012,0,0.027339718871229372
lenalidomide,Non-Hodgkin's Lymphoma,1,2010,0,0.0157274465777124
lenalidomide,Patients With Diffuse Large B Cell Lymphoma,1,2020,0,0.027339718871229372
lenalidomide,Primary Lymphoma,1,2019,0,0.0157274465777124
lenalidomide,Primary Systemic Amyloidosis,1,2010,0,0.38822436348287226
lenalidomide,Recurrent Plasma Cell Myeloma; Refractory Plasma Cell Myeloma,1,2016,0,0.027339718871229372
lenalidomide,Refractory Follicular Lymphoma,2,2015,0,0.027339718871229372
lenalidomide,Refractory Hodgkin Lymphoma,1,2010,0,0.027339718871229372
lenalidomide,Refractory Lymphoma,1,2012,0,0.0157274465777124
lenalidomide,Relapsed and Refractory Patients With Acute Myeloid Leukemia,1,2012,0,0.027339718871229372
lenalidomide,Relapsed or Refractory Acute Myeloid Leukemia,1,2017,0,0.027339718871229372
lenalidomide,Smoldering Multiple Myeloma,1,2016,0,0.38822436348287226
lenalidomide,System Lymphoma,2,2013,0,0.0157274465777124
lenalidomide,Therapy of Bladder Cancer,1,2011,0,0.0157274465777124
lenalidomide,Thyroid Cancer,1,2010,0,0.0157274465777124
lenalidomide,Untreated Mantle Cell Lymphoma,2,2011,0,0.027339718871229372
lenalidomide,With Lymphoma,1,2016,0,0.0157274465777124
lenalidomide,cell Leukemia,1,2012,0,0.0157274465777124
lenalidomide,cell Lymphoma,5,2011,1,0.38822436348287226
lenalidomide,in Lymphoma,1,2012,0,0.0157274465777124
lenvatinib,Advanced Disease,1,2017,0,0.06196535141802191
lenvatinib,Advanced Endometrial Cancer,1,2010,1,0.06196535141802191
lenvatinib,Advanced Gastric Cancer,1,2018,0,0.06196535141802191
lenvatinib,Advanced Hepatocellular Carcinoma,4,2020,0,0.06196535141802191
lenvatinib,Advanced Lung Cancer,1,2011,0,0.0578109335399517
lenvatinib,Advanced Melanoma,1,2019,1,0.06196535141802191
lenvatinib,Advanced Non-Small Cell Lung Cancer,1,2018,0,0.06196535141802191
lenvatinib,Advanced Solid Tumor,1,2021,0,0.06196535141802191
lenvatinib,Advanced Solid Tumors; Triple Negative Breast Cancer; Ovarian Cancer; Gastric Cancer; Colorectal Cancer; Glioblastoma; Biliary Tract Cancers; Pancreatic Cancer,1,2019,0,0.0006761804653620033
lenvatinib,Advanced Stage Hepatocellular Carcinoma,1,2019,0,0.07439857026412465
lenvatinib,Anaplastic Thyroid Cancer,1,2016,0,0.06196535141802191
lenvatinib,Cancer; Solid Tumor,1,2016,0,0.0006761804653620033
lenvatinib,Cell Carcinoma,4,2010,1,0.06196535141802191
lenvatinib,Cystic Carcinoma,1,2015,0,0.06196535141802191
lenvatinib,Gastro Intestinal Stromal Tumour,1,2020,0,0.07439857026412465
lenvatinib,Glioma,1,2010,0,0.06196535141802191
lenvatinib,Hepatocellular Carcinoma,2,2019,0,0.0578109335399517
lenvatinib,IV Melanoma,2,2010,0,0.06196535141802191
lenvatinib,Intrahepatic Cholangiocarcinoma,1,2021,0,0.07439857026412465
lenvatinib,KIF5B-RET-Positive Adenocarcinoma of the Lung,1,2013,0,0.0006761804653620033
lenvatinib,Lung Cancer,1,2021,0,0.06196535141802191
lenvatinib,Malignant Adrenal Gland Pheochromocytoma; Malignant Paraganglioma; Metastatic Adrenal Gland Pheochromocytoma,1,2017,0,0.0006761804653620033
lenvatinib,"Melanoma; Carcinoma, Hepatocellular; Colorectal Neoplasms",1,2021,0,0.0006761804653620033
lenvatinib,Metastatic Gastroesophageal Cancer,1,2017,0,0.0578109335399517
lenvatinib,Neuroendocrine Tumors,1,2015,0,0.0578109335399517
lenvatinib,Neuroendocrine Tumors; Neuroendocrine Carcinoma; Neuroendocrine Cancer,1,2017,0,0.0006761804653620033
lenvatinib,Osteosarcoma,1,2020,0,0.06196535141802191
lenvatinib,Recurrent and Refractory Solid Tumors,1,2017,0,0.0006761804653620033
lenvatinib,Refractory Melanoma,1,2020,0,0.06196535141802191
lenvatinib,Relapsed or Refractory Solid Tumors,1,2020,0,0.0006761804653620033
lenvatinib,Thyroid Cancer,3,2017,0,0.0578109335399517
lenvatinib,Tissue Sarcoma,1,2018,0,0.06196535141802191
lenvatinib,Tract Cancer,2,2015,0,0.06196535141802191
lenvatinib,Tumors,1,2015,0,0.005359503303824215
lenvatinib,Tumors; Solid Malignant Tumors; Osteosarcoma; Differentiated Thyroid Cancer (DTC),1,2014,0,0.0006761804653620033
lenvatinib,Unresectable Hepatocellular Carcinoma,1,2021,0,0.0006761804653620033
lenvatinib,Uterine Cervical Neoplasms; Endometrial Neoplasms; Squamous Cell Carcinoma of Head and Neck; Gallbladder Neoplasms; Cholangiocarcinoma; Esophageal Neoplasms; Triple Negative Breast Neoplasms; Hepatocellular Carcinoma; Urinary Bladder Neoplasms; Ovarian Neoplasms; Stomach Neoplasms,1,2021,0,0.0006761804653620033
lenvatinib,With Melanoma,1,2021,0,0.06196535141802191
letrozole,Advanced Breast Cancer,9,2012,1,0.07498198345105533
letrozole,Breast Cancer,20,2012,1,0.07498198345105533
letrozole,Breast Cancer Invasive Nos,1,2014,0,0.20380318478960788
letrozole,Breast Cancer Metastatic,1,2021,0,0.07498198345105533
letrozole,Breast Cancer; Osteoporosis,1,2015,0,0.008121244366573185
letrozole,Cavity Cancer,1,2014,0,0.07498198345105533
letrozole,Complete Miscarriage,1,2015,0,0.07498198345105533
letrozole,Constitutional Delay of Growth and Puberty,1,2013,0,0.008121244366573185
letrozole,Ductal Carcinoma,1,2012,0,0.20380318478960788
letrozole,Ductal Carcinoma in Situ; Estrogen Receptor-positive Breast Cancer; Progesterone Receptor-positive Breast Cancer; Stage I Breast Cancer; Stage II Breast Cancer; Stage IIIA Breast Cancer; Stage IIIB Breast Cancer; Stage IIIC Breast Cancer,1,2011,0,0.008121244366573185
letrozole,Endometrial Cancer,2,2015,0,0.07498198345105533
letrozole,Endometriosis-Related Pain,1,2019,0,0.008121244366573185
letrozole,Hormone-Sensitive Metastatic Breast Cancer,1,2010,0,0.008121244366573185
letrozole,Infertility,2,2016,1,0.20380318478960788
letrozole,Insulin Resistance; Type 2 Diabetes Mellitus; Obesity; Androgen Deficiency; Metabolic Disease,1,2013,0,0.008121244366573185
letrozole,Lymphangioleiomyomatosis,1,2011,0,0.20380318478960788
letrozole,Metastatic Breast Cancer,6,2010,0,0.07498198345105533
letrozole,Metastatic Endometrial Cancer,1,2017,0,0.07498198345105533
letrozole,Miscarriage,1,2015,0,0.20380318478960788
letrozole,Operable Hormone-Sensitive Breast Cancer,1,2018,0,0.008121244366573185
letrozole,Ovarian Cancer,1,2014,0,0.07498198345105533
letrozole,Pregnancy,1,2013,0,0.07498198345105533
letrozole,Premenopausal Women With Metastatic Breast Cancer,1,2014,0,0.008121244366573185
letrozole,Primary Breast Cancer,1,2015,0,0.07498198345105533
letrozole,Serous Carcinoma,1,2017,0,0.07498198345105533
leuprolide,Advanced Breast Cancer,1,2017,0,0.08521473887819712
leuprolide,Myelodysplastic Syndrome; Acute Lymphocytic Leukemia; Acute Myelogenous Leukemia; Chronic Myelogenous Leukemia; Chronic Myelomonocytic Leukemia,1,2011,0,0.006996363388014205
leuprolide,Oligometastatic Prostate Cancer,1,2018,0,0.006996363388014205
leuprolide,Patients Undergoing Prostatectomy for Localized Prostate Cancer,1,2012,0,0.006996363388014205
leuprolide,Prostate Cancer,6,2011,1,0.08521473887819712
levamlodipine,Hypertension,1,2010,0,0.7345149400053804
levetiracetam,Alzheimer's Disease,2,2014,0,0.06300374545384288
levetiracetam,Epilepsy; Partial Onset Seizures,1,2011,0,0.0008695951433754132
levetiracetam,Hodgkin Lymphoma,1,2015,0,0.06300374545384288
levetiracetam,Oromandibular Dystonia; Cranial Dystonia,1,2014,0,0.0008695951433754132
levetiracetam,Psychosis; Schizophrenia; Schizo Affective Disorder; Schizophreniform,1,2017,0,0.0008695951433754132
levetiracetam,Schizophrenia,1,2018,0,0.06300374545384288
levetiracetam,Seizure; Epilepsy; Cerebral Malaria,1,2013,0,0.0008695951433754132
levetiracetam,Seizures,1,2010,0,0.10252512237429623
levetiracetam,"Status Epilepticus; Generalized Convulsive Status Epilepticus; Status Epilepticus, Generalized; Status Epilepticus, Generalized Convulsive",1,2021,0,0.0008695951433754132
levocarnitine,Sjogren's Syndrome; Keratoconjunctivitis Sicca,1,2021,0,0.0007332448147232416
levodopa,Albinism,1,2010,0,0.18874864986900217
levodopa,Angelman Syndrome,1,2011,0,0.18874864986900217
levodopa,Parkinson's Disease,3,2016,0,0.005879387790812066
linagliptin,Junction Cancer,1,2017,0,0.08487598390083718
linagliptin,Lung Cancer,1,2017,0,0.08487598390083718
linagliptin,Type 2 Diabetes,1,2017,0,0.08487598390083718
linifanib,Refractory Colorectal Cancer,1,2011,0,0.0017425957315669485
lorazepam,Anxiety,1,2017,0,0.12950982215228785
lorazepam,Epilepsy,1,2017,0,0.0506443138335758
lorazepam,"Reflex Epilepsy, Photosensitive",1,2015,0,0.0013440513874076925
lorlatinib,Lung Cancer,1,2020,0,0.22989587259375685
lorlatinib,NSCLC,1,2019,0,0.22989587259375685
losartan,Aging,1,2011,0,0.09012024612475658
losartan,Cancer Patients With COVID-19 Infection,1,2020,0,0.09012024612475658
losartan,Chronic Kidney Disease; Hypertension; Hyperkalemia,1,2011,0,0.00809015118877876
losartan,CoVid 19 Positive,1,2020,0,0.00809015118877876
losartan,Corona Virus Infection; Acute Respiratory Distress Syndrome; SARS-CoV Infection,2,2020,0,0.00809015118877876
losartan,Diabetic Macular Edema,1,2015,0,0.09012024612475658
losartan,HIV Infection; HIV Infections,1,2014,0,0.00809015118877876
losartan,Hypertension,2,2015,0,0.1991138443777703
losartan,Hypertension; Aging; Sedentary Lifestyle,1,2018,0,0.00809015118877876
losartan,Hypertrophic Cardiomyopathy,1,2011,0,0.09012024612475658
losartan,Inflammation,1,2016,0,0.09012024612475658
losartan,NAFLD,1,2013,0,0.09012024612475658
losartan,Nephropathy; Sickle Cell Anemia,1,2012,0,0.00809015118877876
losartan,Sarcopenia,1,2013,0,0.09012024612475658
losartan,Severe Obstructive Sleep Apnea (Apnea Hypopnea Index > 30 Events/Hour); Hypertension,1,2012,0,0.00809015118877876
losartan potassium,Eosinophilic Esophagitis,1,2017,0,0.07821948907112677
losartan potassium,Eosinophilic Esophagitis; Connective Tissue Disorders,1,2013,0,0.007181866490732565
losartan potassium,NAFLD - Nonalcoholic Fatty Liver Disease,1,2018,0,0.07821948907112677
loxapine,Neuropathic Pain,1,2016,0,0.011330442763968357
macitentan,Chronic Thromboembolic Pulmonary Hypertension,2,2014,1,0.005605053867597533
macitentan,Patients With Heart Failure With Preserved Ejection Fraction and Pulmonary Vascular Disease,1,2017,0,0.00011134757907897983
macitentan,Pulmonary Hypertension,1,2014,0,0.08260543130987869
melatonin,Alcohol-Related Disorders,1,2017,0,0.005063420962818419
melatonin,Anxiety; Pain,1,2010,0,0.0001850676497796888
melatonin,Attention Deficit Hyperactivity Disorder,1,2010,0,0.005063420962818419
melatonin,Breast Cancer,2,2013,0,0.005063420962818419
melatonin,Childhood Autism,1,2013,0,0.005063420962818419
melatonin,Delirium,1,2019,0,0.03145733713756284
melatonin,Epilepsy,1,2011,0,0.005063420962818419
melatonin,Glucose Metabolism Disorders,1,2017,0,0.005063420962818419
melatonin,Hypertension,2,2010,0,0.005063420962818419
melatonin,Migraine,1,2017,0,0.005063420962818419
melatonin,Migraine in Adolescents,1,2015,0,0.005063420962818419
melatonin,Multiple Sclerosis,2,2010,0,0.005063420962818419
melatonin,Perinatal Asphyxia,1,2012,0,0.03145733713756284
melatonin,Reperfusion Injury,1,2014,0,0.005063420962818419
melatonin,Schizophrenia,1,2012,0,0.005063420962818419
melatonin,Sleep Disorders,2,2014,0,0.03145733713756284
melatonin,Xerostomia Cancer,1,2013,0,0.005063420962818419
meloxicam,Dysmenorrhea,1,2014,0,0.18386133737117533
meloxicam,Multiple Myeloma,1,2014,0,0.07968647712713715
meloxicam,Non-Hodgkin's Lymphoma; Hodgkin's Lymphoma; Multiple Myeloma; Hematopoietic Stem Cells,1,2013,0,0.007068191803106442
melphalan,"Accelerated Phase Chronic Myelogenous Leukemia; Adult Acute Lymphoblastic Leukemia in Remission; Adult Acute Myeloid Leukemia in Remission; Adult Acute Myeloid Leukemia With 11q23 (MLL) Abnormalities; Adult Acute Myeloid Leukemia With Del(5q); Adult Acute Myeloid Leukemia With Inv(16)(p13;q22); Adult Acute Myeloid Leukemia With t(15;17)(q22;q12); Adult Acute Myeloid Leukemia With t(16;16)(p13;q22); Adult Acute Myeloid Leukemia With t(8;21)(q22;q22); Adult Grade III Lymphomatoid Granulomatosis; Adult Nasal Type Extranodal NK/T-cell Lymphoma; Anaplastic Large Cell Lymphoma; Angioimmunoblastic T-cell Lymphoma; Aplastic Anemia; Burkitt Lymphoma; Childhood Acute Lymphoblastic Leukemia in Remission; Childhood Acute Myeloid Leukemia in Remission; Childhood Chronic Myelogenous Leukemia; Childhood Diffuse Large Cell Lymphoma; Childhood Grade III Lymphomatoid Granulomatosis; Childhood Immunoblastic Large Cell Lymphoma; Childhood Myelodysplastic Syndromes; Childhood Nasal Type Extranodal NK/T-cell Lymphoma; Chronic Myelomonocytic Leukemia; Chronic Phase Chronic Myelogenous Leukemia; Congenital Amegakaryocytic Thrombocytopenia; Diamond-Blackfan Anemia; Extranodal Marginal Zone B-cell Lymphoma of Mucosa-associated Lymphoid Tissue; Hepatosplenic T-cell Lymphoma; Juvenile Myelomonocytic Leukemia; Myelodysplastic/Myeloproliferative Neoplasm, Unclassifiable; Nodal Marginal Zone B-cell Lymphoma; Paroxysmal Nocturnal Hemoglobinuria; Peripheral T-cell Lymphoma; Polycythemia Vera; Post-transplant Lymphoproliferative Disorder; Previously Treated Myelodysplastic Syndromes; Primary Myelofibrosis; Recurrent Adult Acute Lymphoblastic Leukemia; Recurrent Adult Acute Myeloid Leukemia; Recurrent Adult Burkitt Lymphoma; Recurrent Adult Diffuse Large Cell Lymphoma; Recurrent Adult Diffuse Mixed Cell Lymphoma; Recurrent Adult Diffuse Small Cleaved Cell Lymphoma; Recurrent Adult Grade III Lymphomatoid Granulomatosis; Recurrent Adult Hodgkin Lymphoma; Recurrent Adult Immunoblastic Large Cell Lymphoma; Recurrent Adult Lymphoblastic Lymphoma; Recurrent Adult T-cell Leukemia/Lymphoma; Recurrent Childhood Acute Lymphoblastic Leukemia; Recurrent Childhood Acute Myeloid Leukemia; Recurrent Childhood Anaplastic Large Cell Lymphoma; Recurrent Childhood Grade III Lymphomatoid Granulomatosis; Recurrent Childhood Large Cell Lymphoma; Recurrent Childhood Lymphoblastic Lymphoma; Recurrent Childhood Small Noncleaved Cell Lymphoma; Recurrent Cutaneous T-cell Non-Hodgkin Lymphoma; Recurrent Grade 1 Follicular Lymphoma; Recurrent Grade 2 Follicular Lymphoma; Recurrent Grade 3 Follicular Lymphoma; Recurrent Mantle Cell Lymphoma; Recurrent Marginal Zone Lymphoma; Recurrent Mycosis Fungoides/Sezary Syndrome; Recurrent Small Lymphocytic Lymphoma; Recurrent/Refractory Childhood Hodgkin Lymphoma; Refractory Chronic Lymphocytic Leukemia; Refractory Hairy Cell Leukemia; Refractory Multiple Myeloma; Secondary Acute Myeloid Leukemia; Secondary Myelodysplastic Syndromes; Secondary Myelofibrosis; Severe Combined Immunodeficiency; Severe Congenital Neutropenia; Shwachman-Diamond Syndrome; Splenic Marginal Zone Lymphoma; T-cell Large Granular Lymphocyte Leukemia; Waldenstrom Macroglobulinemia; Wiskott-Aldrich Syndrome",1,2012,0,0.0018427132438432684
melphalan,Acute Lymphoblastic Leukemia,1,2010,0,0.06257526380557356
melphalan,Acute Lymphoblastic Leukemia; Acute Myelogenous Leukemia; Myelodysplastic Syndrome; Multiple Myeloma,1,2010,0,0.0018427132438432684
melphalan,Acute Myeloid Leukemia,2,2014,0,0.06257526380557356
melphalan,Acute Myeloid Leukemia; Acute Lymphoblastic Leukemia; Biphenotypic Acute Leukemia; Undifferentiated Leukemia; Prolymphocytic Leukemia; Myelodysplastic Syndromes; Chronic Myelogenous Leukemia; Myeloproliferative Neoplasm; Relapsed Large Cell Lymphoma; Mantle Cell Lymphoma; Hodgkin Lymphoma; Burkitt Lymphoma; Relapsed T-Cell Lymphoma; Relapsed Chronic Lymphocytic Leukemia; Relapsed Small Lymphocytic Lymphoma; Relapsed Marginal B-cell Lymphoma; Relapsed Follicular Lymphoma; Lymphoplasmacytic Lymphoma,1,2019,0,0.0018427132438432684
melphalan,Blasts 10 Percent or More of Bone Marrow Nucleated Cells; Chronic Myelomonocytic Leukemia-2; High Grade Malignant Neoplasm; Myelodysplastic Syndrome; Myelodysplastic Syndrome With Excess Blasts-2; Myeloid Neoplasm; Previously Treated Myelodysplastic Syndrome; Recurrent Acute Myeloid Leukemia; Refractory Acute Myeloid Leukemia,1,2016,0,0.0018427132438432684
melphalan,Cell Lymphoma,1,2016,0,0.06257526380557356
melphalan,Chronic Myelogenous Leukemia; Acute Myelogenous Leukemia; Myelodysplastic Syndrome; Acute Lymphocytic Leukemia; Chronic Lymphocytic Leukemia; Hodgkin's Lymphoma; Non-Hodgkin's Lymphoma; Myelofibrosis; CMML; Multiple Myeloma,1,2015,0,0.0018427132438432684
melphalan,Hodgkin Lymphoma,3,2010,0,0.06257526380557356
melphalan,Leukemia,1,2018,0,0.06257526380557356
melphalan,"Leukemia, Erythroblastic, Acute; Myelodysplastic Syndromes",1,2015,0,0.0018427132438432684
melphalan,Leukemia; Lymphoma,1,2013,0,0.06257526380557356
melphalan,Lymphoma,1,2011,0,0.06257526380557356
melphalan,Lymphoma; HIV,1,2010,0,0.06257526380557356
melphalan,Mantle Cell Lymphoma; Recurrent Diffuse Large B-Cell Lymphoma; Recurrent Follicular Lymphoma; Recurrent Indolent Adult Non-Hodgkin Lymphoma; Refractory Diffuse Large B-Cell Lymphoma; Refractory Follicular Lymphoma; Refractory Indolent Adult Non-Hodgkin Lymphoma,1,2017,0,0.0018427132438432684
melphalan,Multiple Myeloma,21,2010,1,0.06257526380557356
melphalan,Myeloma,1,2010,0,0.06257526380557356
melphalan,Myeloma; Stem Cell Transplantation,1,2010,0,0.0018427132438432684
melphalan,Myelomonocytic Leukemia,1,2013,0,0.06257526380557356
melphalan,Non-Hodgkin's Lymphoma; Hodgkin's Lymphoma; Multiple Myeloma; Chronic Lymphocytic Leukemia; Acute Myelogenous Leukemia,1,2011,0,0.0018427132438432684
melphalan,Non-hodgkin Lymphoma,1,2012,0,0.06257526380557356
melphalan,Recurrent B-Cell Non-Hodgkin Lymphoma; Recurrent Hodgkin Lymphoma; Recurrent Mantle Cell Lymphoma; Recurrent T-Cell Non-Hodgkin Lymphoma; Refractory B-Cell Non-Hodgkin Lymphoma; Refractory Hodgkin Lymphoma; Refractory Mantle Cell Lymphoma; Refractory T-Cell Non-Hodgkin Lymphoma,1,2013,0,0.0018427132438432684
melphalan,Refractory Lymphoma,2,2013,0,0.06257526380557356
melphalan,Sickle Cell Disease,1,2017,0,0.06257526380557356
melphalan,T-Cell Lymphoma,1,2013,0,0.06257526380557356
melphalan,With Leukemia,1,2017,0,0.06257526380557356
meropenem,ARDS; Septic Shock,3,2020,0,0.0016676758692298315
meropenem,Acute Pancreatitis,1,2013,0,0.0650543876602814
meropenem,Complicated Intra-Abdominal Infection,1,2018,0,0.0016676758692298315
meropenem,Complicated Intra-abdominal Infections,1,2015,0,0.0016676758692298315
meropenem,Complicated Urinary Tract Infection; Pyelonephritis,1,2018,0,0.0016676758692298315
meropenem,Hematopoietic and Lymphoid Cell Neoplasm; Malignant Solid Neoplasm,1,2021,0,0.0016676758692298315
meropenem,Meningitis,1,2013,0,0.0650543876602814
meropenem,Other Infectious Diseases,1,2018,0,0.0650543876602814
meropenem,Pulmonary Tuberculosis,1,2014,0,0.0650543876602814
metformin,Adenocarcinoma of the Endometrium,1,2013,0,0.002707787084117976
metformin,Advanced Pancreatic Cancer,1,2011,0,0.002707787084117976
metformin,Advanced Rectal Cancer,1,2015,0,0.002707787084117976
metformin,"Age-Related Macular Degeneration; Macular Degeneration, Age-Related; Dry Macular Degeneration; Geographic Atrophy",1,2016,0,0.00026547635949777243
metformin,Alzheimer's Disease; Vascular Dementia; Dementia; Memory Impairment,1,2013,0,0.00026547635949777243
metformin,Autosomal Dominant Polycystic Kidney Disease,1,2016,0,0.0032230200390982343
metformin,Breast Cancer,6,2011,0,0.002707787084117976
metformin,Breast Cancer; Prostate Cancer; Lung Cancer; Colon Cancer; Melanoma of Skin; Endometrial Cancer; Liver Cancer; Pancreatic Cancer; Rectal Cancer; Kidney Cancer; Other Solid Malignant Tumors,1,2015,0,0.00026547635949777243
metformin,Cell Carcinoma,1,2017,0,0.002707787084117976
metformin,Cervical Cancer,1,2020,0,0.002707787084117976
metformin,Chronic Kidney Disease; Cardiovascular Disease; Metabolic Syndrome,1,2014,0,0.00026547635949777243
metformin,Chronic Lymphocytic Leukemia,1,2012,0,0.002707787084117976
metformin,Chronic Periodontitis,2,2016,0,0.002707787084117976
metformin,Clomiphene Citrate Resistant Polycystic Ovary Syndrome,1,2018,0,0.00026547635949777243
metformin,Colorectal Cancer,1,2019,0,0.002707787084117976
metformin,Dengue; Viral Infection; Metformin; Anti-inflammatory Agents; Obesity; Overweight,1,2020,0,0.00026547635949777243
metformin,Diabetes,1,2011,1,0.002707787084117976
metformin,Diabetes Mellitus,1,2011,1,0.002707787084117976
metformin,ER-positive Postmenopausal Breast Cancer,1,2012,0,0.00026547635949777243
metformin,Endometrial Cancer,2,2014,0,0.002707787084117976
metformin,Familial Adenomatous Polyposis,1,2013,0,0.0031895858390474166
metformin,"Fibromyalgia; Mitochondrial Diseases; Movement Disorders; Diabetes Mellitus, Type 2",1,2015,0,0.00026547635949777243
metformin,Fragile X Syndrome,1,2018,0,0.002707787084117976
metformin,"Fragile X Syndrome; Fragile X Mental Retardation Syndrome; Mental Retardation, X Linked; Genetic Diseases, X-Linked; Trinucleotide Repeat Expansion; Fra(X) Syndrome; Intellectual Disability; FXS; Neurobehavioral Manifestations; Sex Chromosome Disorders",1,2018,0,0.00026547635949777243
metformin,"Fragile X Syndrome; Fragile X Mental Retardation Syndrome; Mental Retardation, X-Linked; Genetic Diseases, X-Linked; Trinucleotide Repeat Expansion; Fra(X) Syndrome; Intellectual Disability; FXS; Neurobehavioral Manifestations; Sex Chromosome Disorders",1,2019,0,0.00026547635949777243
metformin,Frailty,1,2016,0,0.002707787084117976
metformin,"Heart Failure, Systolic",1,2017,0,0.00026547635949777243
metformin,Hepatic Steatosis; HIV-1-infection,1,2017,0,0.00026547635949777243
metformin,Iatrogenic Cushing Disease,1,2012,0,0.00026547635949777243
metformin,Intracytoplasmatic Sperm Injection,1,2017,0,0.00026547635949777243
metformin,Low Milk Supply; Pre-diabetes; Insulin Resistance; Suppressed Lactation,1,2014,0,0.00026547635949777243
metformin,Lung Cancer,2,2014,0,0.002707787084117976
metformin,Major Depressive Disorder,1,2017,0,0.002707787084117976
metformin,Metabolic Syndrome,1,2016,0,0.002707787084117976
metformin,Metabolic Syndrome X; Diastolic Dysfunction; Insulin Resistance,1,2014,0,0.00026547635949777243
metformin,Metabolic Syndrome; Hypercholesterolemia,1,2010,0,0.00026547635949777243
metformin,Metastatic Breast Cancer,1,2011,0,0.002707787084117976
metformin,Metastatic Prostate Cancer,2,2010,0,0.002707787084117976
metformin,Metformin to Improve Tumor Oxygenation in Locally Advanced Cervix Cancer,1,2015,0,0.00026547635949777243
metformin,PCOS,1,2011,0,0.0032230200390982343
metformin,Pancreatic Cancer,2,2010,0,0.02953184426465157
metformin,Patients With Advanced Pancreatic Cancer,1,2011,0,0.002707787084117976
metformin,Patients With Advanced Prostate Cancer,1,2011,0,0.002707787084117976
metformin,Periodontitis,1,2013,0,0.002707787084117976
metformin,Polycystic Ovary Syndrome,2,2017,0,0.0032230200390982343
metformin,Post-transplant Diabetes Mellitus; New Onset Diabetes After Transplant; New Onset Diabetes After Transplantation; Kidney Transplant; Complications; Renal Transplantation; End Stage Renal Disease; Metformin,1,2019,0,0.00026547635949777243
metformin,"PreDiabetes; Obesity, Morbid; Diabetes Mellitus, Type 2",1,2018,0,0.00026547635949777243
metformin,Prediabetes,1,2014,0,0.008613158402056061
metformin,Pregnancy Complications; Obesity,1,2010,0,0.00026547635949777243
metformin,Pulmonary Artery Hypertension,1,2018,0,0.002707787084117976
metformin,Rectal Cancer,2,2016,1,0.002707787084117976
metformin,Reduction of Obesity-Associated Breast Cancer,1,2014,0,0.00026547635949777243
metformin,Renal Disorder Associated With Type II Diabetes Mellitus,1,2012,0,0.002707787084117976
metformin,"Renal Insufficiency, Chronic",2,2017,1,0.002707787084117976
metformin,Reproductive Endocrinology; Polycystic Ovarian Syndrome,1,2014,0,0.00026547635949777243
metformin,Rheumatoid Arthritis,1,2019,0,0.002707787084117976
metformin,ST Elevation Myocardial Infarction (STEMI); Coronary Artery Disease; Heart Failure; Diabetes,1,2011,0,0.00026547635949777243
metformin,Smoking; HIV-1-infection,1,2016,0,0.00026547635949777243
metformin,Targeting Cancer,1,2011,0,0.002707787084117976
metformin,Type 1 Diabetes,1,2018,0,0.002707787084117976
metformin,Type 2 Diabetes,18,2010,1,0.003051569059279647
metformin,Type 2 Diabetes Mellitus,13,2010,1,0.003051569059279647
metformin,Vascular Health in Metabolic Syndrome,1,2017,0,0.00026547635949777243
metformin,cell Lymphoma,1,2017,0,0.002707787084117976
metformin,diabetes,2,2015,1,0.002707787084117976
metformin,refractory Prostate Cancer,1,2013,0,0.002707787084117976
metformin hydrochloride,Colon Cancer,1,2018,0,0.14778837693886784
metformin hydrochloride,Colorectal Cancer,1,2011,0,0.14778837693886784
metformin hydrochloride,Endoplasmic Reticulum Stress; Viral Infection; Yellow Fever,1,2021,0,0.00015709014772958687
metformin hydrochloride,Esophageal Cancer,1,2012,0,0.14778837693886784
metformin hydrochloride,"Insulin Resistance; Obesity; Obesity, Abdominal",1,2019,0,0.00015709014772958687
metformin hydrochloride,Metastatic Pancreatic Cancer,1,2013,0,0.14778837693886784
metformin hydrochloride,Prostate Cancer,1,2011,0,0.14778837693886784
methotrexate,ALX-0061 Combination Therapy in Subjects With Rheumatoid Arthritis,1,2015,0,0.006872598964365833
methotrexate,"Accelerated Phase Chronic Myelogenous Leukemia, BCR-ABL1 Positive; Acute Biphenotypic Leukemia; Acute Leukemia of Ambiguous Lineage; Acute Undifferentiated Leukemia; Adult Acute Lymphoblastic Leukemia in Remission; Adult Acute Myeloid Leukemia in Remission; Blast Phase Chronic Myelogenous Leukemia, BCR-ABL1 Positive; Childhood Acute Lymphoblastic Leukemia in Remission; Childhood Acute Myeloid Leukemia in Remission; Chronic Myelogenous Leukemia, BCR-ABL1 Positive; Myelodysplastic Syndrome With Excess Blasts-1; Myelodysplastic Syndrome With Excess Blasts-2; Recurrent Adult Acute Lymphoblastic Leukemia; Recurrent Adult Acute Myeloid Leukemia; Recurrent Childhood Acute Lymphoblastic Leukemia; Recurrent Childhood Acute Myeloid Leukemia; Refractory Adult Acute Lymphoblastic Leukemia; Refractory Childhood Acute Lymphoblastic Leukemia",1,2014,0,0.006872598964365833
methotrexate,"Accelerated Phase Chronic Myelogenous Leukemia, BCR-ABL1 Positive; Acute Biphenotypic Leukemia; Acute Leukemia of Ambiguous Lineage; Acute Undifferentiated Leukemia; Allogeneic Hematopoietic Stem Cell Transplant Recipient; Blast Phase Chronic Myelogenous Leukemia, BCR-ABL1 Positive; Blastic Plasmacytoid Dendritic Cell Neoplasm; Childhood Acute Lymphoblastic Leukemia in Remission; Childhood Acute Myeloid Leukemia in Remission; Donor; Lymphoblastic Lymphoma; Myelodysplastic Syndrome With Excess Blasts; Myelodysplastic Syndrome With Excess Blasts-1; Myelodysplastic Syndrome With Excess Blasts-2; Recurrent Acute Lymphoblastic Leukemia; Recurrent Acute Myeloid Leukemia; Recurrent Childhood Acute Lymphoblastic Leukemia; Recurrent Childhood Acute Myeloid Leukemia; Recurrent Chronic Myelogenous Leukemia, BCR-ABL1 Positive; Refractory Acute Lymphoblastic Leukemia; Refractory Acute Myeloid Leukemia; Acute Lymphoblastic Leukemia in Remission; Acute Myeloid Leukemia in Remission",1,2015,0,0.006872598964365833
methotrexate,"Accelerated Phase Chronic Myelogenous Leukemia; Adult Acute Lymphoblastic Leukemia in Remission; Adult Acute Myeloid Leukemia in Remission; Adult Acute Myeloid Leukemia With 11q23 (MLL) Abnormalities; Adult Acute Myeloid Leukemia With Del(5q); Adult Acute Myeloid Leukemia With Inv(16)(p13;q22); Adult Acute Myeloid Leukemia With t(15;17)(q22;q12); Adult Acute Myeloid Leukemia With t(16;16)(p13;q22); Adult Acute Myeloid Leukemia With t(8;21)(q22;q22); Adult Grade III Lymphomatoid Granulomatosis; Adult Nasal Type Extranodal NK/T-cell Lymphoma; Anaplastic Large Cell Lymphoma; Angioimmunoblastic T-cell Lymphoma; Aplastic Anemia; Burkitt Lymphoma; Childhood Acute Lymphoblastic Leukemia in Remission; Childhood Acute Myeloid Leukemia in Remission; Childhood Chronic Myelogenous Leukemia; Childhood Diffuse Large Cell Lymphoma; Childhood Grade III Lymphomatoid Granulomatosis; Childhood Immunoblastic Large Cell Lymphoma; Childhood Myelodysplastic Syndromes; Childhood Nasal Type Extranodal NK/T-cell Lymphoma; Chronic Myelomonocytic Leukemia; Chronic Phase Chronic Myelogenous Leukemia; Congenital Amegakaryocytic Thrombocytopenia; Diamond-Blackfan Anemia; Extranodal Marginal Zone B-cell Lymphoma of Mucosa-associated Lymphoid Tissue; Hepatosplenic T-cell Lymphoma; Juvenile Myelomonocytic Leukemia; Myelodysplastic/Myeloproliferative Neoplasm, Unclassifiable; Nodal Marginal Zone B-cell Lymphoma; Paroxysmal Nocturnal Hemoglobinuria; Peripheral T-cell Lymphoma; Polycythemia Vera; Post-transplant Lymphoproliferative Disorder; Previously Treated Myelodysplastic Syndromes; Primary Myelofibrosis; Recurrent Adult Acute Lymphoblastic Leukemia; Recurrent Adult Acute Myeloid Leukemia; Recurrent Adult Burkitt Lymphoma; Recurrent Adult Diffuse Large Cell Lymphoma; Recurrent Adult Diffuse Mixed Cell Lymphoma; Recurrent Adult Diffuse Small Cleaved Cell Lymphoma; Recurrent Adult Grade III Lymphomatoid Granulomatosis; Recurrent Adult Hodgkin Lymphoma; Recurrent Adult Immunoblastic Large Cell Lymphoma; Recurrent Adult Lymphoblastic Lymphoma; Recurrent Adult T-cell Leukemia/Lymphoma; Recurrent Childhood Acute Lymphoblastic Leukemia; Recurrent Childhood Acute Myeloid Leukemia; Recurrent Childhood Anaplastic Large Cell Lymphoma; Recurrent Childhood Grade III Lymphomatoid Granulomatosis; Recurrent Childhood Large Cell Lymphoma; Recurrent Childhood Lymphoblastic Lymphoma; Recurrent Childhood Small Noncleaved Cell Lymphoma; Recurrent Cutaneous T-cell Non-Hodgkin Lymphoma; Recurrent Grade 1 Follicular Lymphoma; Recurrent Grade 2 Follicular Lymphoma; Recurrent Grade 3 Follicular Lymphoma; Recurrent Mantle Cell Lymphoma; Recurrent Marginal Zone Lymphoma; Recurrent Mycosis Fungoides/Sezary Syndrome; Recurrent Small Lymphocytic Lymphoma; Recurrent/Refractory Childhood Hodgkin Lymphoma; Refractory Chronic Lymphocytic Leukemia; Refractory Hairy Cell Leukemia; Refractory Multiple Myeloma; Secondary Acute Myeloid Leukemia; Secondary Myelodysplastic Syndromes; Secondary Myelofibrosis; Severe Combined Immunodeficiency; Severe Congenital Neutropenia; Shwachman-Diamond Syndrome; Splenic Marginal Zone Lymphoma; T-cell Large Granular Lymphocyte Leukemia; Waldenstrom Macroglobulinemia; Wiskott-Aldrich Syndrome",1,2012,0,0.006872598964365833
methotrexate,"Accelerated Phase Chronic Myelogenous Leukemia; Adult Acute Myeloid Leukemia in Remission; Adult Acute Myeloid Leukemia With 11q23 (MLL) Abnormalities; Adult Acute Myeloid Leukemia With Del(5q); Adult Acute Myeloid Leukemia With Inv(16)(p13;q22); Adult Acute Myeloid Leukemia With t(15;17)(q22;q12); Adult Acute Myeloid Leukemia With t(16;16)(p13;q22); Adult Acute Myeloid Leukemia With t(8;21)(q22;q22); Adult Grade III Lymphomatoid Granulomatosis; B-cell Chronic Lymphocytic Leukemia; Chronic Myelogenous Leukemia, BCR-ABL1 Positive; Chronic Myelomonocytic Leukemia; Chronic Phase Chronic Myelogenous Leukemia; Contiguous Stage II Adult Burkitt Lymphoma; Contiguous Stage II Adult Diffuse Large Cell Lymphoma; Contiguous Stage II Adult Diffuse Mixed Cell Lymphoma; Contiguous Stage II Adult Diffuse Small Cleaved Cell Lymphoma; Contiguous Stage II Adult Immunoblastic Large Cell Lymphoma; Contiguous Stage II Adult Lymphoblastic Lymphoma; Contiguous Stage II Grade 1 Follicular Lymphoma; Contiguous Stage II Grade 2 Follicular Lymphoma; Contiguous Stage II Grade 3 Follicular Lymphoma; Contiguous Stage II Mantle Cell Lymphoma; Contiguous Stage II Marginal Zone Lymphoma; Contiguous Stage II Small Lymphocytic Lymphoma; Cutaneous B-cell Non-Hodgkin Lymphoma; Extranodal Marginal Zone B-cell Lymphoma of Mucosa-associated Lymphoid Tissue; Graft Versus Host Disease; Intraocular Lymphoma; Myelodysplastic Syndrome With Isolated Del(5q); Myelodysplastic/Myeloproliferative Neoplasm, Unclassifiable; Nodal Marginal Zone B-cell Lymphoma; Noncontiguous Stage II Adult Burkitt Lymphoma; Noncontiguous Stage II Adult Diffuse Large Cell Lymphoma; Noncontiguous Stage II Adult Diffuse Mixed Cell Lymphoma; Noncontiguous Stage II Adult Diffuse Small Cleaved Cell Lymphoma; Noncontiguous Stage II Adult Immunoblastic Large Cell Lymphoma; Noncontiguous Stage II Adult Lymphoblastic Lymphoma; Noncontiguous Stage II Grade 1 Follicular Lymphoma; Noncontiguous Stage II Grade 2 Follicular Lymphoma; Noncontiguous Stage II Grade 3 Follicular Lymphoma; Noncontiguous Stage II Mantle Cell Lymphoma; Noncontiguous Stage II Marginal Zone Lymphoma; Noncontiguous Stage II Small Lymphocytic Lymphoma; Post-transplant Lymphoproliferative Disorder; Primary Central Nervous System Hodgkin Lymphoma; Primary Central Nervous System Non-Hodgkin Lymphoma; Recurrent Adult Acute Myeloid Leukemia; Recurrent Adult Burkitt Lymphoma; Recurrent Adult Diffuse Large Cell Lymphoma; Recurrent Adult Diffuse Mixed Cell Lymphoma; Recurrent Adult Diffuse Small Cleaved Cell Lymphoma; Recurrent Adult Grade III Lymphomatoid Granulomatosis; Recurrent Adult Hodgkin Lymphoma; Recurrent Adult Immunoblastic Large Cell Lymphoma; Recurrent Adult Lymphoblastic Lymphoma; Recurrent Grade 1 Follicular Lymphoma; Recurrent Grade 2 Follicular Lymphoma; Recurrent Grade 3 Follicular Lymphoma; Recurrent Mantle Cell Lymphoma; Recurrent Marginal Zone Lymphoma; Recurrent Small Lymphocytic Lymphoma; Refractory Anemia; Refractory Anemia With Excess Blasts; Refractory Anemia With Ringed Sideroblasts; Refractory Chronic Lymphocytic Leukemia; Refractory Cytopenia With Multilineage Dysplasia; Refractory Hairy Cell Leukemia; Relapsing Chronic Myelogenous Leukemia; Secondary Central Nervous System Hodgkin Lymphoma; Secondary Central Nervous System Non-Hodgkin Lymphoma; Small Intestine Lymphoma; Splenic Marginal Zone Lymphoma; Stage I Adult Burkitt Lymphoma; Stage I Adult Diffuse Large Cell Lymphoma; Stage I Adult Diffuse Mixed Cell Lymphoma; Stage I Adult Diffuse Small Cleaved Cell Lymphoma; Stage I Adult Hodgkin Lymphoma; Stage I Adult Immunoblastic Large Cell Lymphoma; Stage I Adult Lymphoblastic Lymphoma; Stage I Chronic Lymphocytic Leukemia; Stage I Grade 1 Follicular Lymphoma; Stage I Grade 2 Follicular Lymphoma; Stage I Grade 3 Follicular Lymphoma; Stage I Mantle Cell Lymphoma; Stage I Marginal Zone Lymphoma; Stage I Small Lymphocytic Lymphoma; Stage II Adult Hodgkin Lymphoma; Stage II Chronic Lymphocytic Leukemia; Stage III Adult Burkitt Lymphoma; Stage III Adult Diffuse Large Cell Lymphoma; Stage III Adult Diffuse Mixed Cell Lymphoma; Stage III Adult Diffuse Small Cleaved Cell Lymphoma; Stage III Adult Hodgkin Lymphoma; Stage III Adult Immunoblastic Large Cell Lymphoma; Stage III Adult Lymphoblastic Lymphoma; Stage III Chronic Lymphocytic Leukemia; Stage III Grade 1 Follicular Lymphoma; Stage III Grade 2 Follicular Lymphoma; Stage III Grade 3 Follicular Lymphoma; Stage III Mantle Cell Lymphoma; Stage III Marginal Zone Lymphoma; Stage IV Adult Burkitt Lymphoma; Stage IV Adult Diffuse Large Cell Lymphoma; Stage IV Adult Diffuse Mixed Cell Lymphoma; Stage IV Adult Diffuse Small Cleaved Cell Lymphoma; Stage IV Adult Hodgkin Lymphoma; Stage IV Adult Immunoblastic Large Cell Lymphoma; Stage IV Adult Lymphoblastic Lymphoma; Stage IV Chronic Lymphocytic Leukemia; Stage IV Grade 1 Follicular Lymphoma; Stage IV Grade 2 Follicular Lymphoma; Stage IV Grade 3 Follicular Lymphoma; Stage IV Mantle Cell Lymphoma; Stage IV Marginal Zone Lymphoma; Stage IV Small Lymphocytic Lymphoma; Testicular Lymphoma; Waldenström Macroglobulinemia",1,2013,0,0.006872598964365833
methotrexate,Acute Lymphoblastic Leukemia,9,2010,1,0.08207790333499823
methotrexate,Acute Lymphoblastic Leukemia; Precursor B-Cell Lymphoblastic Leukemia; Precursor T-Cell Lymphoblastic Leukemia,1,2011,0,0.08207790333499823
methotrexate,Acute Lymphoblastic Lymphoma,1,2012,0,0.08207790333499823
methotrexate,Acute Myeloid Leukemia,3,2010,1,0.08207790333499823
methotrexate,Bladder Cancer,2,2014,0,0.08207790333499823
methotrexate,Bone Sarcoma,1,2017,0,0.08207790333499823
methotrexate,Breast Cancer,2,2011,0,0.08207790333499823
methotrexate,Cell Carcinoma,1,2012,0,0.08207790333499823
methotrexate,Cell Lymphoma,5,2011,1,0.08207790333499823
methotrexate,Chronic Lymphocytic Leukemia,1,2010,0,0.08207790333499823
methotrexate,Colorectal Cancer,1,2015,0,0.08207790333499823
methotrexate,Coronary Artery Disease,1,2015,0,0.08207790333499823
methotrexate,Desmoplastic/Nodular Medulloblastoma; Medulloblastoma; Medulloblastoma With Extensive Nodularity; Nevoid Basal Cell Carcinoma Syndrome,1,2013,0,0.006872598964365833
methotrexate,GVHD; Hematologic Neoplasms,1,2019,0,0.006872598964365833
methotrexate,Graft Versus Host Disease,2,2011,0,0.18729781675147697
methotrexate,Graft Versus Host Disease; Hematopoietic Stem Cell Transplantation; Leukemia,1,2016,0,0.006872598964365833
methotrexate,Graft vs Host Disease; Hematologic Neoplasms; Non-Neoplastic Hematologic and Lymphocytic Disorder,1,2014,0,0.006872598964365833
methotrexate,Hematologic Cancer,1,2011,0,0.18729781675147697
methotrexate,Hematologic Malignancy,1,2018,0,0.08207790333499823
methotrexate,Hematopoietic Stem Cell Transplantation,1,2014,0,0.18729781675147697
methotrexate,Hematopoietic and Lymphoid Cell Neoplasm,1,2012,0,0.08207790333499823
methotrexate,Hemophagocytic Lymphohistiocytosis,1,2010,0,0.08207790333499823
methotrexate,Langerhans Cell Histiocytosis,1,2014,0,0.08207790333499823
methotrexate,Leukemia,2,2010,0,0.08207790333499823
methotrexate,Leukemia; Acute Myeloid Leukemia; Acute Lymphocytic Leukemia; Chronic Myeloid Leukemia; Chronic Lymphocytic Leukemia; Myeloproliferative Diseases; Non-Hodgkins Lymphoma; Hodgkins Lymphoma; Multiple Myeloma; Myelodysplastic Syndrome,1,2012,0,0.006872598964365833
methotrexate,Leukemia; Chronic Myelogenous Leukemia,1,2012,0,0.08207790333499823
methotrexate,Leukemia; Lymphoma,1,2013,0,0.08207790333499823
methotrexate,Leukemia; Lymphoma; Myelodysplastic Syndrome,1,2011,0,0.006872598964365833
methotrexate,Lung Cancer,1,2018,0,0.08207790333499823
methotrexate,Lymphocytes Leukemia,1,2013,0,0.08207790333499823
methotrexate,Malignant Pleural Mesothelioma; Mesothelioma,1,2016,0,0.006872598964365833
methotrexate,Myelodysplastic Syndrome; Acute Lymphocytic Leukemia; Acute Myelogenous Leukemia; Chronic Myelogenous Leukemia; Chronic Myelomonocytic Leukemia,1,2011,0,0.006872598964365833
methotrexate,Non-melanoma Skin Cancer,1,2020,0,0.08207790333499823
methotrexate,Oligoarthritis,1,2011,0,0.08207790333499823
methotrexate,Patients With Diffuse Large B Cell Lymphoma,1,2020,0,0.006872598964365833
methotrexate,Pediatric Relapsed or Refractory Precursor B-Cell Acute Lymphoblastic Leukemia,1,2013,0,0.006872598964365833
methotrexate,Primary Lymphoma,1,2019,0,0.08207790333499823
methotrexate,Prophylaxis of Acute Graft Versus Host Disease,1,2011,0,0.006872598964365833
methotrexate,Prophylaxis of Graft Versus Host Disease,1,2011,0,0.006872598964365833
methotrexate,Psoriasis,2,2017,1,0.18729781675147697
methotrexate,Rheumatoid Arthritis,22,2010,1,0.18729781675147697
methotrexate,Sickle Cell Disease,1,2017,0,0.08207790333499823
methotrexate,System Lymphoma,2,2011,0,0.18729781675147697
methotrexate,Systemic B-cell Lymphoma,1,2014,0,0.08207790333499823
methotrexate,Thyroid Associated Orbitopathy,1,2020,0,0.08207790333499823
methotrexate,Tract Cancer,1,2015,0,0.08207790333499823
methotrexate,Ulcerative Colitis,1,2012,0,0.08207790333499823
methotrexate,Uveitis,1,2013,0,0.18729781675147697
methotrexate,for Lymphoma,1,2010,0,0.08207790333499823
methylprednisolone,Acute Alcoholic Hepatitis,1,2013,0,0.08032337938666978
methylprednisolone,"Allografts; Rejection; Transplant, Kidney; Transplant Rejection; Kidney Transplantation",1,2019,0,0.006059444682269715
methylprednisolone,Amyotrophic Lateral Sclerosis (ALS),1,2013,0,0.08032337938666978
methylprednisolone,Aplastic Anemia; Hypoplastic Myelodysplastic Syndrome,1,2015,0,0.006059444682269715
methylprednisolone,Chronic Graft-Versus-Host Disease,1,2019,0,0.006059444682269715
methylprednisolone,CoVid 19 Positive,1,2020,0,0.006059444682269715
methylprednisolone,Complications,1,2014,0,0.003915545837798885
methylprednisolone,Diabetes Mellitus,1,2016,0,0.08032337938666978
methylprednisolone,"Drug-induced Liver Injury,Chronic",1,2015,0,0.006059444682269715
methylprednisolone,Elective Cardiac Surgery,1,2013,0,0.006059444682269715
methylprednisolone,"GVHD,Acute",1,2020,0,0.006059444682269715
methylprednisolone,Graft Versus Host Disease,1,2015,0,0.1976274456323986
methylprednisolone,Heart Arrest,1,2018,0,0.08032337938666978
methylprednisolone,Hodgkin Lymphoma,1,2015,0,0.1976274456323986
methylprednisolone,IgG4 Related Disease; IgG4-RD,1,2021,0,0.006059444682269715
methylprednisolone,Intussusception,1,2019,0,0.08032337938666978
methylprednisolone,Ischemia-reperfusion Injury; No-reflow,1,2020,0,0.006059444682269715
methylprednisolone,Kidney Transplant,1,2015,0,0.08032337938666978
methylprednisolone,Kidney Transplantation; Renal Transplantation,1,2011,0,0.006059444682269715
methylprednisolone,Leukemia,1,2010,0,0.08032337938666978
methylprednisolone,Living-Donor Kidney Transplant; Kidney Transplant Recipients,1,2019,0,0.006059444682269715
methylprednisolone,Lung Transplant Rejection; Antibody-mediated Rejection,1,2019,0,0.006059444682269715
methylprednisolone,Lupus Nephritis,3,2010,0,0.1976274456323986
methylprednisolone,Major Abdominal Surgery,1,2020,0,0.08032337938666978
methylprednisolone,Metastatic Breast Cancer,1,2010,0,0.08032337938666978
methylprednisolone,Multiple Myeloma,1,2013,0,0.08032337938666978
methylprednisolone,Multiple Sclerosis,1,2011,0,0.1976274456323986
methylprednisolone,Multisystem Inflammatory Syndrome-Children,1,2020,0,0.006059444682269715
methylprednisolone,Non-Hodgkin Lymphoma; Chronic Lymphocytic Leukemia,1,2010,0,0.006059444682269715
methylprednisolone,Osteoarthrosis,2,2015,0,0.1976274456323986
methylprednisolone,Out-Of-Hospital Cardiac Arrest; Cardiac Arrest; Cardiac Arrest With Successful Resuscitation; Post Cardiac Arrest Syndrome; Systemic Inflammatory Response Syndrome; Neurological Injury,1,2020,0,0.006059444682269715
methylprednisolone,Pneumonia,1,2019,0,0.1976274456323986
methylprednisolone,Relapsing Remitting Multiple Sclerosis,1,2010,0,0.1976274456323986
methylprednisolone,Sinusitis,1,2013,0,0.1976274456323986
methylprednisolone,Spinal Cord Injuries,1,2010,0,0.08032337938666978
methylprednisolone,Suspected Appendicitis,1,2016,0,0.006059444682269715
methylprednisolone,Systemic Sclerosis-Associated PAH,1,2011,0,0.006059444682269715
methylprednisolone,Thyroid Associated Ophthalmopathy; Hypercholesterolemia,1,2020,0,0.006059444682269715
methylprednisolone,Tuberculous Uveitis,1,2021,0,0.006059444682269715
methylprednisolone,Ventilator Associated Pneumonia,1,2018,0,0.08032337938666978
methylprednisolone sodium succinate,SARS-CoV Infection; Severe Acute Respiratory Syndrome (SARS) Pneumonia,1,2020,0,0.008478351321229118
metoprolol,B Thalassemia,1,2012,0,0.00027923590206218603
metoprolol,Breast Cancer,1,2011,0,0.003450372966427637
metoprolol,"Infant,Premature",1,2018,0,0.00027923590206218603
metronidazole,Acute Pelvic Inflammatory Disease,1,2010,0,0.05827183839160264
metronidazole,Aggressive Periodontitis,1,2015,0,0.05827183839160264
metronidazole,Bacterial Vaginosis,2,2014,0,0.05827183839160264
metronidazole,Chronic Diarrhea,1,2015,0,0.05827183839160264
metronidazole,Chronic Periodontitis; Type 2 Diabetes Mellitus,1,2018,0,0.00034287163134405496
metronidazole,Clostridium Difficile,1,2014,0,0.05827183839160264
metronidazole,Clostridium Difficile Associated Diarrhea,1,2012,0,0.00034287163134405496
metronidazole,Complicated Intra-Abdominal Infection,1,2018,0,0.00034287163134405496
metronidazole,"Complicated Intra-Abdominal Infections, cIAIs",1,2016,0,0.00034287163134405496
metronidazole,Complicated Intra-abdominal Infections,1,2015,0,0.00034287163134405496
metronidazole,Ulcerative Colitis,1,2016,0,0.05827183839160264
metronidazole,Ulcerative Colitis; Inflammatory Bowel Diseases; Acute Severe Colitis,1,2019,0,0.00034287163134405496
metronidazole,"Vaginosis, Bacterial; Vaginal Infection",1,2010,0,0.00034287163134405496
mirabegron,Chronic Heart Failure With Reduced Ejection Fraction (HFrEF),1,2013,0,0.009051879358136752
mirabegron,Erectile Dysfunction; Overactive Bladder; Urinary Incontinence,1,2017,0,0.009051879358136752
mirabegron,Heart Failure With Reduced Ejection Fraction NYHA Class III-IV,1,2017,0,0.009051879358136752
mirabegron,"Hypertrophy, Left Ventricular",1,2016,0,0.08424734078252744
mirabegron,Myeloproliferative Neoplasm; Primary Myelofibrosis; Essential Thrombocythemia; Polycythemia Vera,1,2015,0,0.009051879358136752
mirabegron,Resting Energy Expenditure; Thermogenesis; Brown Adipose Tissue,2,2021,0,0.009051879358136752
mirabegron,Spinal Cord Injury; Autonomic Dysreflexia; Baroreceptor Integrity; Sympathetic Integrity; Vagal Integrity; Autonomic Integrity; Hypotensive; Cognitive Function; Cerebral Blood Flow; Blood Pressure,1,2016,0,0.009051879358136752
mirabegron,Ureteral Stones and Ureteral Stent Pain,1,2017,0,0.009051879358136752
mirabegron,"Urologic Diseases; Urinary Bladder Diseases; Urological Manifestations; Signs and Symptoms; Urinary Bladder, Overactive",1,2011,0,0.009051879358136752
mirtazapine,Alcohol Dependence,1,2010,0,0.002125935217262324
mirtazapine,Amphetamine-Related Disorders,1,2013,0,0.024276895763624746
mirtazapine,Major Depressive Disorder; Alcohol Use Disorder,2,2013,0,0.00018427227559871575
mirtazapine,Spinal Cord Injuries; Sleep Disordered Breathing,1,2017,0,0.00018427227559871575
mirtazapine,in Cancer,1,2019,0,0.002125935217262324
mitomycin,Bladder Cancer,1,2018,0,0.06411207242817497
mitomycin,Gastroesophageal Cancer,1,2016,0,0.06411207242817497
mitoxantrone,Acute Lymphoblastic Leukemia,3,2010,0,0.0063056342147527105
mitoxantrone,Acute Lymphoblastic Leukemia; Precursor B-Cell Lymphoblastic Leukemia; Precursor T-Cell Lymphoblastic Leukemia,1,2011,0,0.0063056342147527105
mitoxantrone,Acute Myeloid Leukemia,3,2015,0,0.0063056342147527105
mitoxantrone,"Leukemia, Myeloid, Acute",1,2015,1,0.07150573215195992
mitoxantrone,Pediatric Relapsed or Refractory Precursor B-Cell Acute Lymphoblastic Leukemia,1,2013,0,0.00025287338392669006
mitoxantrone,Plus G-CSF in Acute Myeloid Leukemia,1,2011,0,0.10691965896007247
mitoxantrone,Prostate Cancer,1,2010,0,0.0063056342147527105
mitoxantrone,Relapsed or Refractory Acute Myeloid Leukemia,1,2017,0,0.00025287338392669006
mitoxantrone,Relapsed/Refractory Acute Myeloid Leukemia (AML),1,2016,0,0.00025287338392669006
mitoxantrone,Treatment of Recurrent NHL or Acute Leukemia,1,2013,0,0.00025287338392669006
modafinil,Alcohol Use Disorder,1,2017,0,0.08434520881229345
modafinil,Cocaine Dependence,1,2010,0,0.08434520881229345
modafinil,Cocaine-Related Disorders,1,2016,0,0.00840802932877328
modafinil,Idiopathic Hypersomnia; Narcolepsy Without Cataplexy,1,2019,0,0.00840802932877328
modafinil,Methamphetamine Dependence,1,2011,0,0.2076752191341253
modafinil,Spatial Neglect; Dysphagia,1,2010,0,0.00840802932877328
modafinil,by Cancer,1,2011,0,0.16670266090955274
moxifloxacin,Cholangitis,1,2014,0,0.05817744550156195
moxifloxacin,Endophthalmitis,1,2013,0,0.05817744550156195
moxifloxacin,Healthy,1,2015,0,0.05817744550156195
moxifloxacin,"Meningitis, Tuberculous; Pharmacokinetics; Pharmacodynamics; Tolerability",1,2010,0,0.0018307454882840115
moxifloxacin,Multi-drug Resistant Tuberculosis; Extensively Drug-Resistant Tuberculosis; Pulmonary Tuberculoses,1,2020,0,0.0018307454882840115
moxifloxacin,Parkinson's Disease,1,2017,0,0.010881863097895577
moxifloxacin,Pulmonary Tuberculosis,1,2010,0,0.05817744550156195
moxifloxacin,Recurrent Tuberculosis,1,2013,0,0.05817744550156195
moxifloxacin,Spasticity,1,2013,0,0.05817744550156195
moxifloxacin,Tuberculosis,2,2014,1,0.05817744550156195
moxifloxacin,"Tuberculosis, Multidrug-Resistant; Extensively Drug-Resistant Tuberculosis; Tuberculosis, Pulmonary",1,2017,0,0.0018307454882840115
moxifloxacin,"Tuberculosis, Pulmonary",1,2013,0,0.010881863097895577
moxifloxacin,"Tuberculosis, Pulmonary; Tuberculosis, Multidrug-Resistant; Tuberculosis, MDR; Tuberculosis; Drug-Resistant Tuberculosis",2,2018,0,0.0018307454882840115
moxifloxacin,Tuberculosis; Multidrug Resistant Tuberculosis; Extensively-drug Resistant Tuberculosis,1,2015,0,0.0018307454882840115
mycophenolate mofetil,"Accelerated Phase Chronic Myelogenous Leukemia, BCR-ABL1 Positive; Acute Biphenotypic Leukemia; Acute Leukemia of Ambiguous Lineage; Acute Undifferentiated Leukemia; Allogeneic Hematopoietic Stem Cell Transplant Recipient; Blast Phase Chronic Myelogenous Leukemia, BCR-ABL1 Positive; Blastic Plasmacytoid Dendritic Cell Neoplasm; Childhood Acute Lymphoblastic Leukemia in Remission; Childhood Acute Myeloid Leukemia in Remission; Donor; Lymphoblastic Lymphoma; Myelodysplastic Syndrome With Excess Blasts; Myelodysplastic Syndrome With Excess Blasts-1; Myelodysplastic Syndrome With Excess Blasts-2; Recurrent Acute Lymphoblastic Leukemia; Recurrent Acute Myeloid Leukemia; Recurrent Childhood Acute Lymphoblastic Leukemia; Recurrent Childhood Acute Myeloid Leukemia; Recurrent Chronic Myelogenous Leukemia, BCR-ABL1 Positive; Refractory Acute Lymphoblastic Leukemia; Refractory Acute Myeloid Leukemia; Acute Lymphoblastic Leukemia in Remission; Acute Myeloid Leukemia in Remission",1,2015,0,0.000806497234519256
mycophenolate mofetil,"Accelerated Phase Chronic Myelogenous Leukemia; Adult Acute Lymphoblastic Leukemia in Remission; Adult Acute Myeloid Leukemia in Remission; Adult Acute Myeloid Leukemia With 11q23 (MLL) Abnormalities; Adult Acute Myeloid Leukemia With Del(5q); Adult Acute Myeloid Leukemia With Inv(16)(p13;q22); Adult Acute Myeloid Leukemia With t(15;17)(q22;q12); Adult Acute Myeloid Leukemia With t(16;16)(p13;q22); Adult Acute Myeloid Leukemia With t(8;21)(q22;q22); Adult Grade III Lymphomatoid Granulomatosis; Adult Nasal Type Extranodal NK/T-cell Lymphoma; Anaplastic Large Cell Lymphoma; Angioimmunoblastic T-cell Lymphoma; Aplastic Anemia; Burkitt Lymphoma; Childhood Acute Lymphoblastic Leukemia in Remission; Childhood Acute Myeloid Leukemia in Remission; Childhood Chronic Myelogenous Leukemia; Childhood Diffuse Large Cell Lymphoma; Childhood Grade III Lymphomatoid Granulomatosis; Childhood Immunoblastic Large Cell Lymphoma; Childhood Myelodysplastic Syndromes; Childhood Nasal Type Extranodal NK/T-cell Lymphoma; Chronic Myelomonocytic Leukemia; Chronic Phase Chronic Myelogenous Leukemia; Congenital Amegakaryocytic Thrombocytopenia; Diamond-Blackfan Anemia; Extranodal Marginal Zone B-cell Lymphoma of Mucosa-associated Lymphoid Tissue; Hepatosplenic T-cell Lymphoma; Juvenile Myelomonocytic Leukemia; Myelodysplastic/Myeloproliferative Neoplasm, Unclassifiable; Nodal Marginal Zone B-cell Lymphoma; Paroxysmal Nocturnal Hemoglobinuria; Peripheral T-cell Lymphoma; Polycythemia Vera; Post-transplant Lymphoproliferative Disorder; Previously Treated Myelodysplastic Syndromes; Primary Myelofibrosis; Recurrent Adult Acute Lymphoblastic Leukemia; Recurrent Adult Acute Myeloid Leukemia; Recurrent Adult Burkitt Lymphoma; Recurrent Adult Diffuse Large Cell Lymphoma; Recurrent Adult Diffuse Mixed Cell Lymphoma; Recurrent Adult Diffuse Small Cleaved Cell Lymphoma; Recurrent Adult Grade III Lymphomatoid Granulomatosis; Recurrent Adult Hodgkin Lymphoma; Recurrent Adult Immunoblastic Large Cell Lymphoma; Recurrent Adult Lymphoblastic Lymphoma; Recurrent Adult T-cell Leukemia/Lymphoma; Recurrent Childhood Acute Lymphoblastic Leukemia; Recurrent Childhood Acute Myeloid Leukemia; Recurrent Childhood Anaplastic Large Cell Lymphoma; Recurrent Childhood Grade III Lymphomatoid Granulomatosis; Recurrent Childhood Large Cell Lymphoma; Recurrent Childhood Lymphoblastic Lymphoma; Recurrent Childhood Small Noncleaved Cell Lymphoma; Recurrent Cutaneous T-cell Non-Hodgkin Lymphoma; Recurrent Grade 1 Follicular Lymphoma; Recurrent Grade 2 Follicular Lymphoma; Recurrent Grade 3 Follicular Lymphoma; Recurrent Mantle Cell Lymphoma; Recurrent Marginal Zone Lymphoma; Recurrent Mycosis Fungoides/Sezary Syndrome; Recurrent Small Lymphocytic Lymphoma; Recurrent/Refractory Childhood Hodgkin Lymphoma; Refractory Chronic Lymphocytic Leukemia; Refractory Hairy Cell Leukemia; Refractory Multiple Myeloma; Secondary Acute Myeloid Leukemia; Secondary Myelodysplastic Syndromes; Secondary Myelofibrosis; Severe Combined Immunodeficiency; Severe Congenital Neutropenia; Shwachman-Diamond Syndrome; Splenic Marginal Zone Lymphoma; T-cell Large Granular Lymphocyte Leukemia; Waldenstrom Macroglobulinemia; Wiskott-Aldrich Syndrome",1,2012,0,0.000806497234519256
mycophenolate mofetil,Accelerated Phase Chronic Myelogenous Leukemia; Adult Acute Myeloid Leukemia in Remission; Adult Acute Myeloid Leukemia With 11q23 (MLL) Abnormalities; Adult Acute Myeloid Leukemia With Del(5q); Adult Acute Myeloid Leukemia With Inv(16)(p13;q22); Adult Acute Myeloid Leukemia With t(15;17)(q22;q12); Adult Acute Myeloid Leukemia With t(16;16)(p13;q22); Adult Acute Myeloid Leukemia With t(8;21)(q22;q22); Childhood Acute Lymphoblastic Leukemia in Remission; Childhood Acute Myeloid Leukemia in Remission; Childhood Chronic Myelogenous Leukemia; Childhood Myelodysplastic Syndromes; Chronic Phase Chronic Myelogenous Leukemia; de Novo Myelodysplastic Syndromes; Previously Treated Myelodysplastic Syndromes; Refractory Anemia; Refractory Anemia With Excess Blasts; Refractory Anemia With Excess Blasts in Transformation; Relapsing Chronic Myelogenous Leukemia; Secondary Myelodysplastic Syndromes,1,2010,0,0.000806497234519256
mycophenolate mofetil,"Acute Leukemia; Chronic Lymphocytic Leukemia/Small Lymphocytic Lymphoma; Chronic Myelogenous Leukemia, BCR-ABL1 Positive; Diffuse Large B-Cell Lymphoma; Follicular Lymphoma; Graft Versus Host Disease; Hodgkin Lymphoma; Mantle Cell Lymphoma; Marginal Zone Lymphoma; Myelodysplastic Syndrome; Myeloproliferative Neoplasm; Recurrent Acute Myeloid Leukemia With Myelodysplasia-Related Changes; Recurrent Plasma Cell Myeloma; Refractory Plasma Cell Myeloma; Secondary Myelodysplastic Syndrome",1,2017,0,0.000806497234519256
mycophenolate mofetil,Acute Myeloid Leukemia,4,2011,0,0.06526454637588294
mycophenolate mofetil,"Acute Myeloid Leukemia With FLT3/ITD Mutation; Acute Myeloid Leukemia With Gene Mutations; Acute Myeloid Leukemia With Inv(3) (q21.3;q26.2); GATA2, MECOM; Acute Myeloid Leukemia With t(6;9) (p23;q34.1); DEK-NUP214; Aplastic Anemia; Chronic Lymphocytic Leukemia; Chronic Myelogenous Leukemia, BCR-ABL1 Positive; Chronic Myelomonocytic Leukemia; Follicular Lymphoma; Hodgkin Lymphoma; Myelodysplastic Syndrome; Myelofibrosis; Myeloid Leukemia; Non-Hodgkin Lymphoma; Plasma Cell Myeloma; Polycythemia Vera; Recurrent Adult Acute Myeloid Leukemia; Recurrent Childhood Acute Myeloid Leukemia; Refractory Acute Myeloid Leukemia; Secondary Acute Myeloid Leukemia; Therapy-Related Acute Myeloid Leukemia",1,2012,0,0.000806497234519256
mycophenolate mofetil,Acute Myeloid Leukemia; Acute Lymphoblastic Leukemia; Acute Leukemia; Myelodysplastic Syndromes; Myelodysplastic-Myeloproliferative Diseases; Myeloproliferative Disorder; Non Hodgkin Lymphoma; Hodgkin Lymphoma; Leukemia,1,2018,0,0.000806497234519256
mycophenolate mofetil,Acute Myeloid Leukemia; Acute Lymphoid Leukemia; Lymphoma; Myelodysplastic Syndromes; Chronic Lymphocytic Leukemia; Immune System Diseases,1,2014,0,0.000806497234519256
mycophenolate mofetil,Acute Myeloid Leukemia; Acute Myeloid Leukemia in Remission; Aplastic Anemia; Chronic Myelomonocytic Leukemia; Hodgkin Lymphoma; Indolent Non-Hodgkin Lymphoma; Malignant Neoplasm; Myelodysplastic Syndrome; Myeloproliferative Neoplasm; Plasma Cell Myeloma; Refractory Anemia; Refractory Anemia With Excess Blasts; Refractory Anemia With Ring Sideroblasts; Refractory Cytopenia With Multilineage Dysplasia; Refractory Cytopenia With Multilineage Dysplasia and Ring Sideroblasts,1,2015,0,0.000806497234519256
mycophenolate mofetil,"Adult Acute Lymphoblastic Leukemia in Remission; Adult Acute Myeloid Leukemia in Remission; Adult Acute Myeloid Leukemia With 11q23 (MLL) Abnormalities; Adult Acute Myeloid Leukemia With Del(5q); Adult Acute Myeloid Leukemia With Inv(16)(p13;q22); Adult Acute Myeloid Leukemia With t(15;17)(q22;q12); Adult Acute Myeloid Leukemia With t(16;16)(p13;q22); Adult Acute Myeloid Leukemia With t(8;21)(q22;q22); Adult Nasal Type Extranodal NK/T-cell Lymphoma; Aplastic Anemia; Childhood Acute Lymphoblastic Leukemia in Remission; Childhood Acute Myeloid Leukemia in Remission; Childhood Myelodysplastic Syndromes; Chronic Eosinophilic Leukemia; Chronic Myelomonocytic Leukemia; Chronic Neutrophilic Leukemia; Essential Thrombocythemia; Extranodal Marginal Zone B-cell Lymphoma of Mucosa-associated Lymphoid Tissue; Juvenile Myelomonocytic Leukemia; Mastocytosis; Myelodysplastic/Myeloproliferative Neoplasm, Unclassifiable; Nodal Marginal Zone B-cell Lymphoma; Polycythemia Vera; Previously Treated Myelodysplastic Syndromes; Primary Myelofibrosis; Recurrent Adult Acute Lymphoblastic Leukemia; Recurrent Adult Acute Myeloid Leukemia; Recurrent Adult Diffuse Small Cleaved Cell Lymphoma; Recurrent Adult Grade III Lymphomatoid Granulomatosis; Recurrent Adult Hodgkin Lymphoma; Recurrent Childhood Acute Lymphoblastic Leukemia; Recurrent Childhood Acute Myeloid Leukemia; Recurrent Cutaneous T-cell Non-Hodgkin Lymphoma; Recurrent Grade 1 Follicular Lymphoma; Recurrent Grade 2 Follicular Lymphoma; Recurrent Marginal Zone Lymphoma; Recurrent Mycosis Fungoides/Sezary Syndrome; Recurrent Small Lymphocytic Lymphoma; Recurrent/Refractory Childhood Hodgkin Lymphoma; Refractory Anemia; Refractory Anemia With Ringed Sideroblasts; Refractory Hairy Cell Leukemia; Refractory Multiple Myeloma; Secondary Myelodysplastic Syndromes; Splenic Marginal Zone Lymphoma; T-cell Large Granular Lymphocyte Leukemia; Waldenström Macroglobulinemia",1,2011,0,0.000806497234519256
mycophenolate mofetil,"Aggressive Non-Hodgkin Lymphoma; Blasts Under 5 Percent of Bone Marrow Nucleated Cells; Chronic Lymphocytic Leukemia; Loss of Chromosome 17p; Myelodysplastic/Myeloproliferative Neoplasm; Non-Hodgkin Lymphoma; Prolymphocytic Leukemia; Recurrent Adult Acute Lymphoblastic Leukemia; Recurrent Adult Acute Myeloid Leukemia; Recurrent Aggressive Adult Non-Hodgkin Lymphoma; Recurrent Childhood Acute Lymphoblastic Leukemia; Recurrent Childhood Acute Myeloid Leukemia; Recurrent Chronic Lymphocytic Leukemia; Recurrent Chronic Myelogenous Leukemia, BCR-ABL1 Positive; Recurrent Diffuse Large B-Cell Lymphoma; Recurrent Hodgkin Lymphoma; Recurrent Mantle Cell Lymphoma; Recurrent Non-Hodgkin Lymphoma; Recurrent Plasma Cell Myeloma; Recurrent Small Lymphocytic Lymphoma; Waldenstrom Macroglobulinemia",1,2012,0,0.000806497234519256
mycophenolate mofetil,Alcoholic Hepatitis,1,2014,0,0.06526454637588294
mycophenolate mofetil,Allogeneic Blood and Marrow Transplantation (BMT); Graft Versus Host Disease,1,2010,0,0.000806497234519256
mycophenolate mofetil,Amyotrophic Lateral Sclerosis (ALS),1,2013,0,0.06526454637588294
mycophenolate mofetil,Blasts 10 Percent or More of Bone Marrow Nucleated Cells; Chronic Myelomonocytic Leukemia-2; High Grade Malignant Neoplasm; Myelodysplastic Syndrome; Myelodysplastic Syndrome With Excess Blasts-2; Myeloid Neoplasm; Previously Treated Myelodysplastic Syndrome; Recurrent Acute Myeloid Leukemia; Refractory Acute Myeloid Leukemia,1,2016,0,0.000806497234519256
mycophenolate mofetil,Blood Cancer,1,2010,0,0.06526454637588294
mycophenolate mofetil,Epidermolysis Bullosa,1,2016,0,0.06526454637588294
mycophenolate mofetil,Graft Versus Host Disease; Hematopoietic/Lymphoid Cancer,1,2015,0,0.000806497234519256
mycophenolate mofetil,Graft-versus-Host Disease,1,2014,0,0.20467968911266218
mycophenolate mofetil,Graft-versus-host-disease; Stem Cell Transplant Complications; Acute Myeloid Leukemia; Acute Lymphoid Leukemia,1,2020,0,0.000806497234519256
mycophenolate mofetil,Hematologic Malignancies,1,2010,0,0.06526454637588294
mycophenolate mofetil,Hematologic Malignancy,1,2010,0,0.06526454637588294
mycophenolate mofetil,Hematological Malignancies,1,2011,0,0.06526454637588294
mycophenolate mofetil,Hematopoietic and Lymphoid Cell Neoplasm,1,2018,0,0.06526454637588294
mycophenolate mofetil,Hematopoietic/Lymphoid Cancer,1,2013,0,0.06526454637588294
mycophenolate mofetil,Hodgkin Lymphoma,2,2010,0,0.06526454637588294
mycophenolate mofetil,"Hodgkin's Lymphoma; Lymphoid Leukemia; Lymphoma; Leukemia; Myeloma; Acute Lymphocytic Leukemia; Non Hodgkin Lymphoma; Chronic Lymphocytic Leukemia; Multiple Myeloma; Chronic Myelogenous Leukemia; Myelodysplastic Syndromes; Recurrent Acute Myeloid Leukemia, Adult; Recurrent Hodgkin Lymphoma; Recurrent Non-Hodgkin Lymphoma; Recurrent Plasma Cell Myeloma; Recurrent Chronic Lymphocytic Leukemia; Recurrent Chronic Myelogenous Leukemia; Acute Myelogenous Leukemia",1,2015,0,0.000806497234519256
mycophenolate mofetil,Induction Failure Acute Myeloid Leukemia,1,2015,0,0.000806497234519256
mycophenolate mofetil,Juvenile Neuronal Ceroid Lipofuscinosis,1,2011,0,0.20467968911266218
mycophenolate mofetil,Kidney Transplant,1,2015,0,0.06526454637588294
mycophenolate mofetil,Kidney Transplant; Adult Living Donor Kidney Transplant Recipients; Renal Transplant; Living Kidney Donor,1,2016,0,0.000806497234519256
mycophenolate mofetil,"Leukemia, Acute Lymphoblastic; Myeloid Leukemia, Acute; Biphenotypic Acute Leukemia; Lymphoblastic Lymphoma; Myelodysplastic Syndromes; Myeloproliferative Neoplasm",1,2021,0,0.000806497234519256
mycophenolate mofetil,Leukemia; Lymphoma,1,2013,0,0.06526454637588294
mycophenolate mofetil,Living-Donor Kidney Transplant; Kidney Transplant Recipients,1,2019,0,0.000806497234519256
mycophenolate mofetil,Lung Transplant Rejection; Antibody-mediated Rejection,1,2019,0,0.000806497234519256
mycophenolate mofetil,Lupus Nephritis,2,2010,1,0.20467968911266218
mycophenolate mofetil,"Myeloablative Conditioning; HLA-mismatched Bone Marrow Transplantation; Graft Survival; Transplantation, Bone Marrow",1,2015,0,0.000806497234519256
mycophenolate mofetil,Myelodysplastic Syndrome (MDS); Chronic Lymphocytic Leukemia (CLL); Chemotherapy-sensitive Lymphoma; Acute Lymphoblastic Leukemia (ALL)/T Lymphoblastic Lymphoma; Acute Myelogenous Leukemia (AML); Acute Biphenotypic Leukemia (ABL); Acute Undifferentiated Leukemia (AUL),1,2016,0,0.000806497234519256
mycophenolate mofetil,Myelodysplastic Syndrome; Chronic Myelomonocytic Leukemia; Small Lymphocytic Lymphoma; Chronic Lymphocytic Leukemia; Prolymphocytic Leukemia; Chronic Myeloid Leukemia; Chronic Myeloproliferative Disorders; Multiple Myeloma; Plasma Cell Neoplasm; Plasma Cell Dyscrasia; Myelofibrosis; Polycythemia Vera; Essential Thrombocythemia; Plasma Cell Leukemia,1,2015,0,0.000806497234519256
mycophenolate mofetil,Myelomonocytic Leukemia,1,2013,0,0.06526454637588294
mycophenolate mofetil,"Neural Tube Defects; Anemia; Leukemia, Myeloid; Bone Marrow Transplant Failure; Myelodysplastic Syndromes (MDS); Myeloproliferative Disorders",1,2011,0,0.000806497234519256
mycophenolate mofetil,Pulmonary Fibrosis,1,2016,0,0.06526454637588294
mycophenolate mofetil,Severe Aplastic Anemia; Aplastic Anemia; Bone Marrow Failure; Immunosuppression,1,2016,0,0.000806497234519256
mycophenolate mofetil,Systemic Scleroderma,1,2011,0,0.06526454637588294
mycophenolate mofetil,Systemic Sclerosis,1,2012,0,0.20467968911266218
mycophenolate mofetil,To Compare the Effects of Mycophenolate Mofetil With Cyclophosphamide in Neplaese Lupus Nephritis Patients,1,2014,0,0.000806497234519256
mycophenolate mofetil,Type 1 Diabetes,1,2016,0,0.06526454637588294
mycophenolate mofetil,With Leukemia,2,2015,0,0.06526454637588294
nab-paclitaxel,Pancreatic Cancer,2,2012,0,0.005107996071664829
naltrexone,Alcohol Dependence; Alcohol Abuse,1,2010,0,0.00013303406991072643
naltrexone,"Alcohol Drinking; Opioid Use, Unspecified",1,2021,0,0.00013303406991072643
naltrexone,Alcohol Use Disorder,3,2013,1,0.08077908248968022
naltrexone,Amphetamine-Related Disorders,1,2012,0,0.05756445251145966
naltrexone,Binge Drinking,1,2016,0,0.00013303406991072643
naltrexone,Binge Drinking; HIV,1,2015,0,0.00013303406991072643
naltrexone,COVID-19; Acute Respiratory Distress Syndrome; Severe Acute Respiratory Syndrome (SARS); Coronavirus Infections,1,2020,0,0.00013303406991072643
naltrexone,Chronic Pain,1,2018,0,0.05756445251145966
naltrexone,Covid19,1,2021,0,0.015572208731447107
naltrexone,Depression,1,2013,0,0.08077908248968022
naltrexone,Dry Eye Disease,1,2018,0,0.08077908248968022
naltrexone,Gulf War Illness,1,2012,0,0.00013303406991072643
naltrexone,Healthy Volunteers,1,2014,0,0.00013303406991072643
naltrexone,Reduction in Heavy Drinking in Patients With HIV,1,2011,0,0.00013303406991072643
naltrexone,Stable Opioid Dependence,1,2011,0,0.00013303406991072643
naltrexone,Treatment of Patients With Post-COVID-19 Syndrome,1,2021,0,0.00013303406991072643
naltrexone,Veterans With Alcohol Use Disorder,1,2015,0,0.00013303406991072643
niclosamide,COVID-19,2,2020,0,0.03453670012583076
niclosamide,Covid19,2,2021,0,0.02760604183588758
niclosamide,Rheumatoid Arthritis,1,2017,0,0.03453670012583076
nilotinib,Acute Lymphoblastic Leukemia,1,2012,0,0.22879160495398124
nilotinib,Acute Myeloid Leukemia,1,2015,0,0.05305985660517067
nilotinib,"Ataxia, Cerebellar; Ataxia, Progressive",1,2018,0,0.0005621795453131655
nilotinib,CML,1,2013,0,0.22879160495398124
nilotinib,Chronic Myelogenous Leukemia,2,2011,1,0.22879160495398124
nilotinib,Chronic Myeloid Leukaemia,1,2013,0,0.22879160495398124
nilotinib,Chronic Myeloid Leukemia,4,2012,0,0.22879160495398124
nilotinib,Gastrointestinal Stromal Tumors,1,2013,0,0.22879160495398124
nilotinib,Glioma,1,2010,0,0.05305985660517067
nilotinib,Inoperable Melanoma,1,2010,0,0.0005621795453131655
nilotinib,"Leukemia, Myelogenous, Chronic, BCR-ABL Positive",1,2013,0,0.0005621795453131655
nilotinib,Patients Who Have Received Allo-HSCT,1,2010,0,0.0005621795453131655
nilotinib,Pulmonary Arterial Hypertension,1,2010,0,0.05305985660517067
nilotinib,TKI Resistant Ph-Leukemia,1,2013,0,0.0005621795453131655
nilotinib,Treatment; Stem Cell Transplantation,1,2012,0,0.0005621795453131655
nintedanib,Advanced Esophagogastric Cancer,1,2014,0,0.03561561331978581
nintedanib,Advanced Pancreatic Cancer,1,2017,0,0.11308624186408447
nintedanib,Breast Cancer,1,2013,0,0.1566352037790691
nintedanib,Carcinoid Tumor; Metastatic Carcinoid Tumor; Neuroendocrine Neoplasm,1,2015,0,0.001980628865115752
nintedanib,Cervix Cancer,1,2014,0,0.1566352037790691
nintedanib,Endometrial Cancer,1,2011,0,0.1566352037790691
nintedanib,Korean Cancer,1,2017,0,0.001980628865115752
nintedanib,Lung Cancer,2,2014,0,0.11308624186408447
nintedanib,Lung Cancer; Lung Metastases,1,2015,0,0.001980628865115752
nintedanib,Lymphangioleiomyomatosis,1,2016,0,0.07201215496531863
nintedanib,Metastatic Colorectal Cancer,1,2015,0,0.06272656916056947
nintedanib,Metastatic Melanoma,1,2015,0,0.03561561331978581
nintedanib,Pulmonary Fibrosis,1,2011,0,0.06272656916056947
nintedanib,Recurrent Pleural Malignant Mesothelioma; Stage IV Pleural Mesothelioma,1,2016,0,0.001980628865115752
nintedanib,Thyroid Cancer,1,2014,0,0.10944451006223477
niraparib,Advanced Ovarian Cancer,2,2017,0,0.048229818147152284
niraparib,Advanced Urothelial Cancer,1,2019,0,0.048229818147152284
niraparib,Breast Cancer,1,2016,0,0.048229818147152284
niraparib,Cell Carcinoma,1,2021,0,0.048229818147152284
niraparib,Lung Cancer,1,2017,0,0.048229818147152284
niraparib,Mesothelioma; Uveal Melanoma; Renal Cell Carcinoma; Cholangiocarcinoma,1,2018,0,0.0006969056103759929
niraparib,Metastatic Breast Cancer,1,2020,0,0.048229818147152284
niraparib,Metastatic Pancreatic Cancer,1,2020,0,0.048229818147152284
niraparib,Ovarian Cancer,7,2015,1,0.048229818147152284
niraparib,Pancreatic Cancer,1,2020,0,0.15873089180549357
niraparib,Prostate Cancer,1,2016,0,0.048229818147152284
niraparib,Relapsed Ovarian Cancer,2,2018,0,0.0006969056103759929
niraparib,Serous Carcinoma,1,2019,0,0.048229818147152284
niraparib,Urothelial Carcinoma,1,2019,0,0.048229818147152284
nitazoxanide,COVID-19,1,2020,0,0.03565609749437556
nitazoxanide,Chronic Hepatitis B,1,2019,0,0.03565609749437556
nitazoxanide,Chronic Hepatitis c,1,2010,0,0.03565609749437556
nitazoxanide,Covid19,2,2020,0,0.04651769606396874
nitazoxanide,"Covid19; Corona Virus Infection; Pneumonia, Viral",1,2020,0,0.000319263561208666
nitazoxanide,Covid19; Coronavirus,1,2020,0,0.000319263561208666
nitazoxanide,Covid19; SARS-CoV Infection,1,2020,0,0.000319263561208666
nitazoxanide,Gastroenteritis Norovirus,1,2018,0,0.000319263561208666
nitazoxanide,Hepatitis C,1,2010,0,0.03565609749437556
nitazoxanide,Influenza,1,2010,1,0.03565609749437556
nitazoxanide,Severe Acute Respiratory Illness,1,2014,0,0.03565609749437556
nitazoxanide,Tuberculosis,1,2016,0,0.03565609749437556
olanzapine,Advanced Cancer,1,2017,0,0.0315711266294063
olanzapine,Amyotrophic Lateral Sclerosis (ALS),1,2011,0,0.0315711266294063
olanzapine,Breast Cancer,1,2020,0,0.0315711266294063
olanzapine,Chemotherapy Induced Nausea and Vomiting,1,2014,0,0.027340158762644017
olanzapine,Chemotherapy-induced Nausea and Vomiting,1,2014,1,0.027340158762644017
olanzapine,Postoperative Nausea and Vomiting,2,2016,0,0.030930233970881422
olanzapine,Postoperative Nausea; Postoperative Nausea and Vomiting,1,2018,0,0.002346702649796155
olanzapine,Schizophrenia,3,2011,1,0.027340158762644017
olaparib,Advanced Breast Cancer,1,2017,0,0.07363517225413754
olaparib,Bladder Cancer,1,2018,0,0.07363517225413754
olaparib,Breast Cancer,1,2019,0,0.07363517225413754
olaparib,Cancers With DNA Repair-Deficiency,1,2018,0,0.0008703827889129639
olaparib,Duct Cancer,1,2020,0,0.07363517225413754
olaparib,Endometrial Cancer,1,2016,0,0.07363517225413754
olaparib,Ewing's Sarcoma,1,2012,0,0.07363517225413754
olaparib,Gastric Cancer,1,2010,0,0.07363517225413754
olaparib,Hodgkin Lymphoma,1,2017,0,0.07363517225413754
olaparib,Junction Cancer,1,2018,0,0.07363517225413754
olaparib,Lung Cancer,3,2016,0,0.07363517225413754
olaparib,Mesothelioma,1,2018,0,0.07363517225413754
olaparib,Metastatic Castration-Resistant Prostate Cancer; Metastatic Breast Cancer; Non-small Cell Lung Cancer; Advanced Solid Tumors,1,2018,0,0.0008703827889129639
olaparib,Metastatic Sarcoma,1,2020,0,0.07363517225413754
olaparib,Metastatic Urothelial Cancer,1,2018,0,0.07363517225413754
olaparib,NSCLC,1,2014,0,0.07363517225413754
olaparib,"Neoplasms, Germ Cell and Embryonal",1,2015,0,0.0008703827889129639
olaparib,Non Small Cell Lung Cancer,1,2011,0,0.07363517225413754
olaparib,Ovarian Cancer,5,2015,1,0.07363517225413754
olaparib,Ovarian Carcinoma,1,2018,0,0.07363517225413754
olaparib,Ovarian Neoplasms,1,2017,0,0.07363517225413754
olaparib,Ovarian; Breast; Prostate; Pancreatic; Advanced Tumours,1,2010,0,0.0008703827889129639
olaparib,Pancreatic Cancer,2,2016,0,0.16399606844652673
olaparib,Primary Peritoneal Cancer,1,2017,0,0.07363517225413754
olaparib,Prostate Cancer,2,2014,1,0.07363517225413754
olaparib,Prostate Cancer Metastatic,1,2018,0,0.07363517225413754
olaparib,Surgery of Carcinoma,1,2016,0,0.07363517225413754
olaparib,or Cancer,1,2018,0,0.07363517225413754
omeprazole,Cancer of the Breast,1,2015,0,0.062036140358677064
omeprazole,Cell Carcinoma,1,2016,0,0.062036140358677064
omeprazole,Cervical Squamous Cell Carcinoma In Situ; Vulvar High Grade Squamous Intraepithelial Lesion,1,2017,0,0.0007702656618441371
omeprazole,Gastroesophageal Reflux,1,2010,0,0.2095565535423137
omeprazole,Idiopathic Pulmonary Fibrosis,1,2014,0,0.062036140358677064
omeprazole,Peptic Ulcer Hemorrhage,1,2014,0,0.13669664834228845
omeprazole,Treatment of Non Erosive Reflux Disease,1,2010,0,0.0007702656618441371
omeprazole,Ulcerative Colitis,1,2011,0,0.062036140358677064
ondansetron,Adenotonsillitis; Tonsillitis,1,2012,0,0.0067530546939062585
ondansetron,Alcohol Abuse; Alcohol Dependence,2,2010,0,0.0067530546939062585
ondansetron,Alcohol Use Disorder,1,2015,0,0.060519792508687456
ondansetron,CINV,1,2013,0,0.14129767511380914
ondansetron,Cardiac Output,1,2013,0,0.060519792508687456
ondansetron,Cell Cancer,1,2020,0,0.060519792508687456
ondansetron,Chemo-radiation Induced Nausea and Vomiting,1,2017,0,0.0067530546939062585
ondansetron,Chemotherapy-induced Nausea and Vomiting,2,2012,1,0.14129767511380914
ondansetron,Cholecystitis,1,2020,0,0.060519792508687456
ondansetron,Narcotic Addiction; Neonatal Abstinence Syndrome,1,2014,0,0.0067530546939062585
ondansetron,Nausea; Vomiting,1,2013,0,0.060519792508687456
ondansetron,Nausea; Vomiting; Glioma,1,2014,0,0.060519792508687456
ondansetron,Obsessive-compulsive Disorder,1,2011,0,0.060519792508687456
ondansetron,Post-operative Nausea; Post-operative Vomiting,1,2013,0,0.0067530546939062585
ondansetron,Postoperative Nausea,1,2013,0,0.14129767511380914
ondansetron,Postoperative Nausea and Vomiting,1,2012,1,0.14129767511380914
ondansetron,Postoperative Nausea and Vomiting (PONV),1,2020,0,0.0067530546939062585
ondansetron,Schizophrenia; Schizoaffective Disorder; Psychosis Not Otherwise Specified; Schizophreniform Disorder,1,2010,0,0.0067530546939062585
oseltamivir,Covid 19,1,2020,0,0.0472534617752156
oseltamivir,Influenza,3,2010,1,0.0472534617752156
oseltamivir,Influenza A Virus,1,2015,0,0.0013697120356363284
oseltamivir,Influenza A Virus Infection,1,2011,0,0.0013697120356363284
oseltamivir,Obesity,1,2010,0,0.0472534617752156
oseltamivir,Thrombocytopenia,1,2016,0,0.0472534617752156
paclitaxel,Adenocarcinoma of the Esophagogastric Junction,1,2014,0,0.034169915287103246
paclitaxel,Adenocarcinoma of the Lung,1,2011,0,0.13065434861108033
paclitaxel,Advanced Breast Cancer,1,2017,0,0.04850958697369381
paclitaxel,Advanced Disease,1,2011,0,0.04850958697369381
paclitaxel,Advanced Gastric Adenocarcinoma,3,2015,0,0.04850958697369381
paclitaxel,Advanced Gastric Cancer,3,2012,1,0.04850958697369381
paclitaxel,Advanced Melanoma,1,2012,0,0.04850958697369381
paclitaxel,Advanced Oesophagogastric Carcinoma,1,2015,0,0.00013960542618098878
paclitaxel,Advanced Ovarian Cancer,2,2011,0,0.04850958697369381
paclitaxel,Advanced Pancreatic Cancer,1,2011,0,0.04850958697369381
paclitaxel,Advanced Solid Tumors,1,2014,0,0.04850958697369381
paclitaxel,Advanced Unresectable or Metastatic Solid Malignancy,1,2021,0,0.00013960542618098878
paclitaxel,Advanced Urothelial Cancer,2,2014,0,0.04850958697369381
paclitaxel,Advanced bReast cAncer,1,2017,0,0.04850958697369381
paclitaxel,Advanced or Metastatic Breast Cancer,1,2011,0,0.04850958697369381
paclitaxel,Angiosarcoma,1,2010,0,0.027422203739547735
paclitaxel,Benign Prostatic Hyperplasia; Benign Prostatic Hypertrophy,1,2017,0,0.00013960542618098878
paclitaxel,Biliary Tract Cancer (BTC); Colorectal Cancer (CRC); Endometrial Cancer; Gastroesophageal Cancer (GC); Ovarian Cancer; Solid Tumors,1,2017,0,0.00013960542618098878
paclitaxel,Breast Cancer,45,2010,1,0.04850958697369381
paclitaxel,Breast Cancer Metastatic,1,2021,0,0.04850958697369381
paclitaxel,Cancer,1,2011,0,0.04850958697369381
paclitaxel,Cardia Cancer,1,2016,0,0.04850958697369381
paclitaxel,Cavity Cancer,2,2011,0,0.04850958697369381
paclitaxel,Cell Cancer,1,2011,0,0.04850958697369381
paclitaxel,Cell Carcinoma,5,2017,1,0.04850958697369381
paclitaxel,Cervical Cancer,2,2010,0,0.034169915287103246
paclitaxel,Endometrial Cancer,4,2016,1,0.04850958697369381
paclitaxel,Epithelial Cancer,2,2010,0,0.04850958697369381
paclitaxel,Esophageal Cancer,2,2010,1,0.04850958697369381
paclitaxel,Esophageal Squamous Cell Carcinoma,1,2016,0,0.034169915287103246
paclitaxel,Gastric Adenocarcinoma With Peritoneal Carcinoma,1,2020,0,0.04850958697369381
paclitaxel,Gastric Adenocarcinoma; Gastroesophageal Junction Adenocarcinoma,1,2016,0,0.00013960542618098878
paclitaxel,Gastric Cancer,3,2010,1,0.04850958697369381
paclitaxel,Gastric Cancer Stage IV; Peritoneal Carcinomatosis; Intraperitoneal Paclitaxel; mFOLFOX6,1,2018,0,0.00013960542618098878
paclitaxel,Gastric Cancer; Gastroesophageal Junction Adenocarcinoma,1,2015,0,0.00013960542618098878
paclitaxel,Gastroesophageal Adenocarcinoma; Adenocarcinoma of the Distal Esophagus; Adenocarcinomas of the Gastroesophageal Junction; Adenocarcinoma of the Proximal Stomach,1,2011,0,0.00013960542618098878
paclitaxel,Gastroesophageal Cancer,2,2018,1,0.034169915287103246
paclitaxel,Gastrointestinal Stromal Tumors,1,2015,0,0.04850958697369381
paclitaxel,Germ Cell Tumor,1,2015,0,0.04850958697369381
paclitaxel,Gynaecological Cancer,1,2012,0,0.05494363351525953
paclitaxel,HER2 Positive Breast Cancer,1,2013,0,0.04850958697369381
paclitaxel,HPV-related Oropharynx Cancer,1,2018,0,0.00013960542618098878
paclitaxel,Head and Neck Cancer; Squamous Cell Carcinoma of the Head and Neck,2,2012,0,0.00013960542618098878
paclitaxel,Head and Neck Squamous Cell Carcinoma,1,2020,0,0.04850958697369381
paclitaxel,High Risk HPV-related Head and Neck Cancer,1,2019,0,0.00013960542618098878
paclitaxel,High-risk Locally Advanced Nasopharyngeal Carcinoma,1,2013,0,0.00013960542618098878
paclitaxel,Human Papillomavirus Negative Disease,1,2019,0,0.05494363351525953
paclitaxel,IV Melanoma,1,2011,0,0.04850958697369381
paclitaxel,Junction Cancer,1,2017,0,0.04850958697369381
paclitaxel,Larynx Cancer,1,2013,0,0.034169915287103246
paclitaxel,Locally Advanced Esophageal Carcinoma,1,2015,0,0.00013960542618098878
paclitaxel,Lung Cancer,28,2010,1,0.04850958697369381
paclitaxel,Lung Carcinoma,2,2010,0,0.04850958697369381
paclitaxel,Malignant Solid Tumor,1,2012,0,0.04850958697369381
paclitaxel,Metastatic Breast Cancer,13,2010,1,0.04850958697369381
paclitaxel,Metastatic Breast Cancer; Advanced Breast Cancer; Triple Negative Breast Cancer,1,2020,0,0.00013960542618098878
paclitaxel,Metastatic Breast Carcinoma,1,2015,0,0.04850958697369381
paclitaxel,Metastatic Cervical Cancer,1,2021,0,0.034169915287103246
paclitaxel,Metastatic Gastric Adenocarcinoma; Gastroesophageal Junction Adenocarcinoma,1,2015,0,0.00013960542618098878
paclitaxel,Metastatic Gastric Cancer,1,2020,0,0.04850958697369381
paclitaxel,Metastatic Malignant Melanoma,1,2010,0,0.034169915287103246
paclitaxel,Metastatic Melanoma,2,2010,0,0.034169915287103246
paclitaxel,Metastatic Pancreatic Cancer,2,2010,0,0.04850958697369381
paclitaxel,Metastatic Renal Cell Carcinoma; Advanced Urothelial Carcinoma; Advanced Gastric Adenocarcinoma; Metastatic Colorectal Adenocarcinoma,1,2015,0,0.00013960542618098878
paclitaxel,Metastatic Thymic Cancer,1,2019,0,0.04850958697369381
paclitaxel,Metastatic Triple-Negative Breast Cancer,1,2015,0,0.04850958697369381
paclitaxel,Metastatic Urothelial Cancer,1,2016,1,0.034169915287103246
paclitaxel,NSCLC,6,2013,1,0.04850958697369381
paclitaxel,Neck Cancer,1,2012,0,0.034169915287103246
paclitaxel,Neoplasms,1,2018,0,0.06971093734387522
paclitaxel,Neuroendocrine Carcinoma,1,2017,0,0.04850958697369381
paclitaxel,Non-small Cell Lung Cancer,1,2010,0,0.04850958697369381
paclitaxel,Oesophageal Cancer,2,2016,0,0.04850958697369381
paclitaxel,Oropharyngeal Cancer,1,2014,0,0.04850958697369381
paclitaxel,Oropharynx Cancer,1,2010,0,0.034169915287103246
paclitaxel,Ovarian Cancer,18,2010,1,0.04850958697369381
paclitaxel,Ovarian Neoplasms,1,2017,0,0.04850958697369381
paclitaxel,Ovarian Sex-cord Stromal Tumor,1,2013,0,0.00013960542618098878
paclitaxel,Ovary Cancer,1,2016,0,0.04850958697369381
paclitaxel,Participants With Early Stage Triple Negative Breast Cancer,1,2015,0,0.00013960542618098878
paclitaxel,Patients With Head and Neck Cancer,1,2017,0,0.04850958697369381
paclitaxel,Patients With Locally Advanced or Operable Breast Cancer,1,2012,0,0.00013960542618098878
paclitaxel,Patients With Newly-Diagnosed Advanced-Stage Ovarian Cancer,1,2018,0,0.00013960542618098878
paclitaxel,Peritoneal Cancer,2,2010,0,0.034169915287103246
paclitaxel,Peritoneal Carcinoma,1,2012,0,0.034169915287103246
paclitaxel,Platinum-resistant Ovarian Cancer,1,2020,0,0.00013960542618098878
paclitaxel,Positive Carcinoma,1,2013,0,0.04850958697369381
paclitaxel,Primary Breast Cancer,2,2013,1,0.04850958697369381
paclitaxel,Primary Peritoneal Cancer,4,2010,1,0.034169915287103246
paclitaxel,Recurrent Breast Cancer; Metastatic Breast Cancer,1,2014,0,0.00013960542618098878
paclitaxel,Refractory Ovarian Cancer,2,2010,0,0.00013960542618098878
paclitaxel,Refractory Urothelial Cancer,1,2010,0,0.00013960542618098878
paclitaxel,Resectable Esophageal Squamous Cell Carcinoma,1,2020,0,0.00013960542618098878
paclitaxel,Resectable Esophageal and Gastroesophageal Junction Cancer,1,2017,0,0.00013960542618098878
paclitaxel,Small Cell Lung Cancer,1,2014,0,0.04850958697369381
paclitaxel,Solid Tumor,1,2017,0,0.04850958697369381
paclitaxel,Solid Tumors,1,2016,0,0.034169915287103246
paclitaxel,Stage I Breast Cancer AJCC v7; Stage IA Breast Cancer AJCC v7; Stage IB Breast Cancer AJCC v7; Stage II Breast Cancer AJCC v6 and v7; Stage IIA Breast Cancer AJCC v6 and v7; Stage IIB Breast Cancer AJCC v6 and v7; Stage III Breast Cancer AJCC v7; Stage IIIA Breast Cancer AJCC v7; Stage IIIB Breast Cancer AJCC v7; Stage IIIC Breast Cancer AJCC v7; Triple-Negative Breast Carcinoma,1,2016,0,0.00013960542618098878
paclitaxel,T Locally Advanced Breast Cancer,1,2013,0,0.00013960542618098878
paclitaxel,Thyroid Cancer,2,2010,0,0.04850958697369381
paclitaxel,Triple Negative Breast Cancer,1,2014,0,0.034169915287103246
paclitaxel,Triple-negative Breast Cancer,1,2021,0,0.034169915287103246
paclitaxel,Tube Cancer,4,2010,1,0.01898826430630523
paclitaxel,Urothelial Cancer,1,2014,1,0.034169915287103246
paclitaxel,Uterine Cervical Neoplasms; Endometrial Neoplasms; Squamous Cell Carcinoma of Head and Neck; Gallbladder Neoplasms; Cholangiocarcinoma; Esophageal Neoplasms; Triple Negative Breast Neoplasms; Hepatocellular Carcinoma; Urinary Bladder Neoplasms; Ovarian Neoplasms; Stomach Neoplasms,1,2021,0,0.00013960542618098878
paclitaxel,cell Carcinoma,1,2019,0,0.04850958697369381
paclitaxel,in Cancer,1,2018,0,0.04850958697369381
paclitaxel,in Melanoma,1,2010,0,0.04850958697369381
paclitaxel,llerian Cancer,1,2012,0,0.00013960542618098878
paclitaxel,or Cancer,1,2018,0,0.04850958697369381
pacritinib,Biochemical Relapse After Definitive Treatment for Prostate Cancer,1,2021,0,0.016226657544733923
pacritinib,Graft Vs Host Disease; GVHD,1,2017,0,0.016226657544733923
pacritinib,Primary Myelofibrosis; Post-Polycythemia Vera Myelofibrosis; Post- Essential Thrombocythemia Myelofibrosis,1,2017,0,0.016226657544733923
pantoprazole,Acute Cerebrovascular Accident; Cerebral Edema,1,2014,0,0.0005242460111713117
pantoprazole,Diabetes,1,2012,0,0.04233647257025667
pantoprazole,Men With Metastatic Castration-Resistant Prostate Cancer,1,2013,0,0.0005242460111713117
pantoprazole,Osteosarcoma; Nephrotoxicity; Ototoxicity,1,2013,0,0.0005242460111713117
pantoprazole,Psychosis; Acute Psychosis; Schizophrenia,1,2017,0,0.0005242460111713117
pemetrexed,Adenocarcinoma of the Lung,1,2011,0,0.00878962872166763
pemetrexed,Advanced Lung Cancer,2,2012,0,0.06699817934298793
pemetrexed,Advanced Nonsquamous Non-Small Cell Lung Cancer,1,2011,0,0.0007789907996343879
pemetrexed,Leptomeningeal Metastasis,1,2018,0,0.08031901882971508
pemetrexed,Lung Adenocarcinoma,1,2015,0,0.06699817934298793
pemetrexed,Lung Adenocarcinoma; Brain Metastases,1,2012,0,0.0007789907996343879
pemetrexed,Lung Cancer,30,2010,1,0.06699817934298793
pemetrexed,Lung Carcinoma,1,2020,0,0.06699817934298793
pemetrexed,Malignant Pleural Mesothelioma,1,2015,0,0.08031901882971508
pemetrexed,Malignant Pleural Mesothelioma; Non-Small Cell Lung Cancer,1,2015,0,0.0007789907996343879
pemetrexed,Mesothelioma,1,2016,0,0.08031901882971508
pemetrexed,Metastatic Colorectal Cancer,2,2015,0,0.18086318927925876
pemetrexed,NSCLC,9,2010,1,0.06699817934298793
pemetrexed,Non Small Cell Lung Cancer; Pancreatic Ductal Adenocarcinoma; Triple Negative Breast Cancer; Colorectal Cancer,1,2017,0,0.0007789907996343879
pemetrexed,Non-small-cell Lung Cancer With Somatic EGFR Mutations,1,2015,0,0.0007789907996343879
pemetrexed,Participants With Recurrent or Metastatic Squamous Cell Head and Neck Cancer,1,2010,0,0.0007789907996343879
pemetrexed,Patients With Recurrent or Metastatic Squamous Cell Head and Neck Cancer,1,2010,0,0.0007789907996343879
pemetrexed,Rectal Cancer,1,2011,0,0.18086318927925876
pemetrexed,Solid Tumor,1,2017,0,0.06699817934298793
pemetrexed,in Cancer,1,2021,0,0.06699817934298793
pemigatinib,Bladder Cancer,1,2020,0,0.01552698151207153
pemigatinib,Cholangiocarcinoma,2,2017,0,0.015616285795969595
pemigatinib,MPN (Myeloproliferative Neoplasms),1,2017,0,0.0038957648665524833
pemigatinib,Urothelial Carcinoma,1,2017,0,0.015616285795969595
pemigatinib,or Cancer,1,2018,0,0.0038957648665524833
perhexiline,"Cardiomyopathy, Hypertrophic; Cardiomyopathy, Hypertrophic, Familial",1,2016,0,0.00016359131231742104
phentermine,Obesity,1,2014,1,0.026607010035466155
phentermine,"Obesity, Morbid; Bariatric Surgery; Adolescent; Young Adult; Drug Therapy",1,2020,0,0.0005236996666772699
phenytoin,HIV-infection; Pregnancy; Mother to Child Transmission,1,2010,0,0.0003349607752800056
phenytoin,Optic Neuritis,1,2017,0,0.033644127975207966
phenytoin,Optic Neuritis; Multiple Sclerosis,1,2011,0,0.0003349607752800056
pimecrolimus,Rash,1,2012,0,0.03440225396011783
pioglitazone,Adrenomyeloneuropathy; X-linked Adrenoleukodystrophy,1,2016,0,0.007807748085012152
pioglitazone,Autism Spectrum Disorders,1,2013,0,0.08407813915438604
pioglitazone,Cardiac Allograft Vasculopathy,1,2010,0,0.007807748085012152
pioglitazone,Cocaine Use Disorder; Alcohol Use Disorder,1,2012,0,0.007807748085012152
pioglitazone,"Diabetes Mellitus, Type 2",1,2011,0,0.007807748085012152
pioglitazone,Opioid Abuse,1,2010,0,0.08407813915438604
pioglitazone,Parkinson's Disease,1,2011,0,0.0062926215200772295
pioglitazone,Patients With Cancer,1,2013,0,0.08407813915438604
pioglitazone,Polycystic Kidney Disease,1,2016,0,0.08407813915438604
pioglitazone,Skin Cancer,1,2014,0,0.08407813915438604
pioglitazone,Systemic Lupus Erythematosus,1,2015,0,0.08407813915438604
pioglitazone,Thyroid Cancer,1,2012,0,0.08407813915438604
pioglitazone,Type 2 Diabetes,3,2010,0,0.19134972853178583
pioglitazone,Type 2 Diabetes Mellitus,1,2010,0,0.19134972853178583
plerixafor,Acute Myeloblastic Leukemia,1,2012,0,0.14298775342321118
plerixafor,Acute Myeloid Leukaemia; High Risk Myelodysplastic Syndrome,1,2011,0,0.00038105846381526884
plerixafor,Adult Ependymoblastoma; Adult Giant Cell Glioblastoma; Adult Glioblastoma; Adult Gliosarcoma; Adult Medulloblastoma; Adult Mixed Glioma; Adult Oligodendroglial Tumors; Adult Pineoblastoma; Adult Supratentorial Primitive Neuroectodermal Tumor (PNET),1,2014,0,0.00038105846381526884
plerixafor,Autologous Stem Cell Mobilization in Patients With Multiple Myeloma or Non-Hodgkin Lymphoma,1,2014,0,0.00038105846381526884
plerixafor,Autologous Transplantation,1,2010,0,0.00038105846381526884
plerixafor,Blood And Marrow Transplantation,1,2013,0,0.07687512191022383
plerixafor,Blood Stem Cell Harvest Failure,1,2013,0,0.00038105846381526884
plerixafor,Failure of Bone Marrow Graft,1,2011,0,0.00038105846381526884
plerixafor,Fanconi Anemia,3,2013,0,0.14298775342321118
plerixafor,Glioblastoma; Glioblastoma With Primitive Neuronal Component; Gliosarcoma; Malignant Glioma; Oligodendroglial Component Present,1,2018,0,0.00038105846381526884
plerixafor,Hodgkin Lymphoma,1,2010,0,0.14298775342321118
plerixafor,"Leukemia, Myeloid, Acute; Myelodysplastic Syndromes; Lymphoma, Non-Hodgkin; Hodgkin Disease; Leukemia, Lymphocytic, Chronic, B-Cell; Multiple Myeloma",1,2011,0,0.00038105846381526884
plerixafor,Major Sickle Cell Syndrome of Type SS or Sβ Thalassemia,1,2016,0,0.00038105846381526884
plerixafor,Metastatic Pancreatic Cancer,1,2020,0,0.14298775342321118
plerixafor,Multiple Myeloma,2,2013,0,0.41899953237508525
plerixafor,Multiple Myeloma; Lymphoma,1,2010,0,0.00038105846381526884
plerixafor,Myeloma; Lymphoma,1,2010,0,0.00038105846381526884
plerixafor,Non-Hodgkin's Lymphoma; Hodgkin's Lymphoma; Stem Cell Mobilization; Autologous Stem Cell Transplantation,1,2010,0,0.00038105846381526884
plerixafor,Non-Hodgkin's Lymphoma; Multiple Myeloma,1,2011,0,0.00038105846381526884
plerixafor,Pediatric Cancer,1,2014,0,0.14298775342321118
plerixafor,Plasma Cell Myeloma; Multiple Myeloma,1,2012,0,0.00038105846381526884
plerixafor,Plus G-CSF in Acute Myeloid Leukemia,1,2011,0,0.14298775342321118
plerixafor,Related Donors Donating Peripheral Blood Stem Cells (PBSC) to a Family Member; Acute Myelogenous Leukemia; Acute Lymphoblastic Leukemia; Myelodysplastic Syndrome; Chronic Myelogenous Leukemia; Non-Hodgkin's Lymphoma; Hodgkin's Disease; Chronic Lymphocytic Leukemia,1,2013,0,0.00038105846381526884
plerixafor,Systemic Scleroderma,1,2011,0,0.14298775342321118
plerixafor,T-Cell Lymphoma,1,2013,0,0.14298775342321118
plerixafor,Type 1 Diabetes,1,2017,0,0.14298775342321118
plerixafor,Versus G-CSF in the Treatment of People With WHIM Syndrome,1,2014,0,0.00038105846381526884
pomalidomide,AL Amyloidosis,1,2012,0,0.06501466528358477
pomalidomide,Blood Disorder,1,2020,0,0.06501466528358477
pomalidomide,Cell Leukemia,1,2015,0,0.06501466528358477
pomalidomide,Central Nervous System Neoplasms; Medulloblastoma,1,2017,0,0.016548809189587396
pomalidomide,Chronic Graft-versus-Host Disease,1,2012,0,0.016548809189587396
pomalidomide,Kaposi Sarcoma,2,2012,0,0.06501466528358477
pomalidomide,Multiple Myeloma,22,2010,1,0.410555420723474
pomalidomide,Myeloma,1,2011,0,0.410555420723474
pomalidomide,Relapsed or Refractory Multiple Myeloma,1,2020,0,0.016548809189587396
ponatinib,Acute Lymphoblastic Leukemia,2,2014,0,0.17018957669761567
ponatinib,Chronic Myeloid Leukemia,2,2010,0,0.17018957669761567
ponatinib,GIST,1,2013,0,0.005902203850295274
ponatinib,Glioblastoma,1,2015,0,0.005902203850295274
ponatinib,Lung Cancer,1,2013,0,0.005902203850295274
ponatinib,NSCLC,1,2013,0,0.005902203850295274
ponatinib,Squamous Cell Lung and Head and Neck Cancer,1,2013,0,0.005902203850295274
pramipexole,Parkinson's Disease,1,2019,0,0.013641112442004463
pramipexole,Renal Colic,1,2019,0,0.10473492301653961
prasugrel,Acute Coronary Syndrome,1,2010,1,0.037725004628875604
prasugrel,Coronary Artery Disease,1,2013,0,0.037725004628875604
prasugrel,Coronary Artery Disease (CAD),1,2013,0,0.037725004628875604
prasugrel,STEMI,1,2011,0,0.037725004628875604
prasugrel,Sickle Cell Anemia,1,2010,0,0.037725004628875604
prasugrel,Sickle Cell Disease,1,2011,1,0.037725004628875604
pravastatin,Advanced Hepatocarcinoma,1,2011,0,0.08761530524658448
pravastatin,Autosomal Dominant Polycystic Kidney Disease,1,2019,0,0.08761530524658448
pravastatin,Fibrosis,1,2010,0,0.08761530524658448
pravastatin,HIV Infection; Coronary Heart Disease,1,2016,0,0.007425803979291446
pravastatin,Hepatocellular Carcinoma,1,2011,0,0.08761530524658448
pravastatin,Tuberculosis,1,2020,0,0.08761530524658448
pravastatin,Tuberculosis; Pulmonary Tuberculosis,1,2020,0,0.007425803979291446
prednisolone,Acute Lymphoblastic Leukemia,1,2017,0,0.08179895697465629
prednisolone,Advanced Prostate Cancer,1,2011,0,0.08179895697465629
prednisolone,Alcoholic Hepatitis,1,2014,0,0.08179895697465629
prednisolone,Alcoholic Hepatitis (AH),1,2016,0,0.008294282727388897
prednisolone,Allergic Bronchopulmonary Aspergillosis,1,2013,0,0.19298887208950455
prednisolone,Asthma,1,2013,0,0.19298887208950455
prednisolone,Cell Lymphoma,1,2013,0,0.19298887208950455
prednisolone,Duchenne Muscular Dystrophy,1,2014,0,0.19298887208950455
prednisolone,Erosive Lichen Planus,1,2018,0,0.008294282727388897
prednisolone,Giant Cell Arteritis,1,2019,0,0.19298887208950455
prednisolone,Infertility,1,2018,0,0.08179895697465629
prednisolone,Kaposiform Hemangioendothelioma; Kasabach Merritt Phenomenon,1,2017,0,0.008294282727388897
prednisolone,Leprosy,3,2010,0,0.08179895697465629
prednisolone,Lupus Nephritis,1,2015,0,0.19298887208950455
prednisolone,"Lymphoma, Non Hodgkin",1,2013,0,0.08179895697465629
prednisolone,Peripheral T Cell Lymphoma,1,2018,0,0.008294282727388897
prednisolone,Prostate Cancer,3,2012,1,0.08179895697465629
prednisolone,Rheumatoid Arthritis,3,2011,1,0.19298887208950455
prednisolone,Stomatitis; Oral Mucositis; Neoplasm of the Breast; Malignant Tumor of Breast,1,2014,0,0.008294282727388897
prednisolone,Type 2 Diabetes,1,2020,0,0.08179895697465629
prednisolone,cell Lymphoma,2,2013,0,0.19298887208950455
prednisolone acetate,Fuchs' Dystrophy; Bullous Keratopathy,1,2011,0,0.006155501534158704
prednisone,Acute GVHD,1,2016,0,0.20163395937139192
prednisone,Acute Lymphoblastic Leukemia,3,2015,0,0.07392297297210385
prednisone,Acute Lymphoblastic Lymphoma,1,2012,0,0.20163395937139192
prednisone,Acute Urticaria,1,2012,0,0.004905375139093464
prednisone,Advanced Prostate Cancer,3,2012,0,0.07392297297210385
prednisone,Alcoholic Hepatitis,1,2020,0,0.07392297297210385
prednisone,Amyotrophic Lateral Sclerosis (ALS),1,2013,0,0.07392297297210385
prednisone,"Anaplastic Large Cell Lymphoma, ALK-Negative; Anaplastic Large Cell Lymphoma, ALK-Positive; Hepatosplenic T-Cell Lymphoma; Peripheral T-Cell Lymphoma, Not Otherwise Specified; Stage II Angioimmunoblastic T-cell Lymphoma; Stage II Enteropathy-Associated T-Cell Lymphoma; Stage III Angioimmunoblastic T-cell Lymphoma; Stage III Enteropathy-Associated T-Cell Lymphoma; Stage IV Angioimmunoblastic T-cell Lymphoma; Stage IV Enteropathy-Associated T-Cell Lymphoma",1,2015,0,0.006852168970743347
prednisone,Associated T-Cell Leukemia,1,2010,0,0.07392297297210385
prednisone,Bell's Palsy; Facial Nerve Paresis,1,2018,0,0.006852168970743347
prednisone,COPD,1,2011,0,0.20163395937139192
prednisone,Castrate-Resistant Prostate Cancer,1,2010,0,0.006852168970743347
prednisone,Castration Resistant Prostate Cancer,2,2014,0,0.006852168970743347
prednisone,Cell Lymphoma,8,2010,1,0.20163395937139192
prednisone,Chronic Graft-Versus-Host Disease,1,2019,0,0.006852168970743347
prednisone,Chronic Rhinosinusitis With Nasal Polyps,1,2021,0,0.20163395937139192
prednisone,Corticosteroid Resistant (CR) Asthmatics,1,2017,0,0.006852168970743347
prednisone,Cutaneous Squamous Cell Carcinoma; Advanced Cancer,1,2020,0,0.006852168970743347
prednisone,Diffuse Large B Cell Lymphoma,1,2015,0,0.006852168970743347
prednisone,Diffuse Large B-Cell Lymphoma Unclassifiable,1,2016,0,0.006852168970743347
prednisone,Duchenne Muscular Dystrophy,1,2018,0,0.20163395937139192
prednisone,Follicular Lymphoma,1,2015,0,0.20163395937139192
prednisone,"GVHD,Acute",1,2020,0,0.006852168970743347
prednisone,Gastrointestinal Stromal Tumor(GIST),1,2014,0,0.07392297297210385
prednisone,Giant Cell Arteritis,1,2018,0,0.20163395937139192
prednisone,"Heart Failure, Hyperuricemia",1,2013,0,0.006852168970743347
prednisone,Hemangioma,1,2010,0,0.07392297297210385
prednisone,High-Risk Prostate Cancer,1,2019,0,0.07392297297210385
prednisone,Hodgkin Lymphoma,10,2010,1,0.20163395937139192
prednisone,ITCH,1,2010,0,0.011188838010851418
prednisone,ITP; Croticosteroid Therapy,1,2016,0,0.006852168970743347
prednisone,IgG4 Related Disease; IgG4-RD,1,2021,0,0.006852168970743347
prednisone,Kidney Transplant,1,2015,0,0.07392297297210385
prednisone,Kidney Transplantation,1,2013,0,0.07392297297210385
prednisone,Kidney Transplantation; Primary Focal Segmental Glomerulosclerosis (FSGS),1,2017,0,0.006852168970743347
prednisone,Limb-girdle Muscular Dystrophy; Becker Muscular Dystrophy,1,2019,0,0.006852168970743347
prednisone,Living-Donor Kidney Transplant; Kidney Transplant Recipients,1,2019,0,0.006852168970743347
prednisone,Lung Cancer; Lung Metastases,1,2015,0,0.006852168970743347
prednisone,Lung Transplant Rejection; Antibody-mediated Rejection,1,2019,0,0.006852168970743347
prednisone,Lupus Nephritis,2,2015,0,0.20163395937139192
prednisone,"Lymphoma, Large B-Cell, Diffuse",1,2016,0,0.20163395937139192
prednisone,"Lymphoma, Non Hodgkin",1,2013,0,0.07392297297210385
prednisone,"Lymphoma, Non-Hodgkin",1,2013,1,0.06688131756720037
prednisone,Metastatic Castrate Resistant Prostate Cancer,1,2011,0,0.006852168970743347
prednisone,Metastatic Prostate Cancer,2,2010,0,0.20163395937139192
prednisone,Multiple Myeloma,8,2010,1,0.07392297297210385
prednisone,Myelodysplastic Syndrome; MDS,1,2010,0,0.006852168970743347
prednisone,Myelodysplastic Syndromes; Hodgkin's Lymphoma; Non-Hodgkin's Lymphoma; Acute Leukemia; Multiple Myeloma,1,2015,0,0.006852168970743347
prednisone,Myeloproliferative Diseases,1,2011,0,0.07392297297210385
prednisone,Patients With Diffuse Large B Cell Lymphoma,1,2020,0,0.006852168970743347
prednisone,Prostate Adenocarcinoma; Prostate Cancer; High Risk Prostate Cancer,1,2014,0,0.006852168970743347
prednisone,Prostate Cancer,33,2010,1,0.07392297297210385
prednisone,Refractory Burkitt Lymphoma,1,2015,0,0.006852168970743347
prednisone,Relapsed or Refractory Multiple Myeloma,1,2018,0,0.006852168970743347
prednisone,Rheumatoid Arthritis,2,2011,0,0.20163395937139192
prednisone,Systemic Sclerosis-Associated PAH,1,2011,0,0.006852168970743347
prednisone,T-Cell Lymphoma,1,2013,0,0.20163395937139192
prednisone,Uveitis,1,2013,0,0.20163395937139192
prednisone,Young Patients With Diffuse Large B-cell Lymphoma,1,2013,0,0.07392297297210385
prednisone,cell Lymphoma,1,2012,1,0.20163395937139192
prednisone,metastatic Prostate Cancer,1,2017,0,0.20163395937139192
pregabalin,Painful Diabetic Peripheral Neuropathy (PDPN),1,2015,0,0.002234811440251951
progesterone,Abortion,1,2017,0,0.03359371815859013
progesterone,Alcohol Dependence; Post-Traumatic Stress Disorder (PTSD),1,2016,0,0.004663123130182025
progesterone,Cannabis Use,1,2019,0,0.017501505054435505
progesterone,Congenital Heart Disease; Periventricular Leucomalacia; Brain Development; Cardiac Surgery; Neurodevelopmental Disability; Fetal Neuroprotection,1,2014,0,0.004663123130182025
progesterone,Estrogen Deficiency; Cardiovascular Disease (CVD); Functional Hypothalamic Amenorrhea; Endothelial Dysfunction,1,2017,0,0.004663123130182025
progesterone,Heavy Uterine Bleeding; Uterine Fibroids,1,2011,0,0.004663123130182025
progesterone,Menopause,1,2016,0,0.03359371815859013
progesterone,Miscarriage; Preterm Birth,1,2014,0,0.004663123130182025
progesterone,Prolonged QT Interval in EKG and Sudden Death,1,2013,0,0.017501505054435505
progesterone,Tobacco Use Disorder,1,2013,0,0.017501505054435505
psyllium (),Targeted Dietary Management of Irritable Bowel Syndrome,1,2014,0,0.0016295530233877923
pyrazinamide,HIV; Tuberculosis,1,2021,0,0.000541225738579483
pyrazinamide,Pulmonary Tuberculosis,2,2010,1,0.04994937266657554
pyrazinamide,Tuberculosis,3,2014,1,0.04994937266657554
pyrazinamide,"Tuberculosis, Multidrug-Resistant",1,2016,0,0.000541225738579483
pyrazinamide,"Tuberculosis, Pulmonary",2,2013,1,0.16632801518365753
pyrazinamide,"Tuberculosis, Pulmonary; Tuberculosis, Multidrug-Resistant; Tuberculosis, MDR; Tuberculosis; Drug-Resistant Tuberculosis",2,2018,0,0.000541225738579483
pyrazinamide,Tuberculosis; Multidrug Resistant Tuberculosis; Extensively-drug Resistant Tuberculosis,1,2015,0,0.000541225738579483
pyrazinamide,Tuberculosis; Pulmonary Tuberculosis; HIV Coinfection,1,2021,0,0.000541225738579483
quetiapine,Cannabis Dependence,1,2012,0,0.02574512232130623
quetiapine,Depression,1,2020,0,0.021705011691708503
quetiapine,Schizophrenia,1,2018,0,0.03844967130507504
ramipril,"Diabetes Mellitus, Type 1; Diabetes Mellitus, Type 2; Obesity",1,2016,0,0.007235050031160564
ramipril,Glioblastoma; Radiotherapy; Complications; Cognitive Decline; Chemoradiation,1,2019,0,0.007235050031160564
ramipril,Hemodialysis,1,2018,0,0.20181688468079234
ramipril,Myocardial Infarction,1,2019,0,0.20181688468079234
ramipril,Systemic Lupus Erythematosus,1,2011,0,0.07950121095473997
ranitidine,Breast Cancer,2,2011,1,0.051680713985792215
ranolazine,Angina,2,2014,0,0.1455407853375011
ranolazine,Atrial Fibrillation,1,2012,0,0.19148684197165905
ranolazine,Coronary Artery Disease; Acute Myocardial Ischemia,1,2013,0,9.880658631509222e-05
ranolazine,Diastolic Heart Failure,1,2010,0,0.1455407853375011
ranolazine,Dilated Cardiomyopathy,1,2014,0,0.19148684197165905
ranolazine,Long QT Syndrome,1,2012,0,0.19148684197165905
ranolazine,Microvascular Angina,1,2014,0,9.880658631509222e-05
ranolazine,Persistent Atrial Fibrillation,1,2012,0,0.19148684197165905
ranolazine,Type 2 Diabetes Mellitus,1,2010,1,0.038630059288747895
ranolazine,Ventricular Premature Complexes; Myocardial Ischemia,1,2014,0,9.880658631509222e-05
regorafenib,Adult Angiosarcoma; Recurrent Adult Soft Tissue Sarcoma; Stage III Adult Soft Tissue Sarcoma; Stage IV Adult Soft Tissue Sarcoma,1,2014,0,0.00017197456655287474
regorafenib,Advanced Biliary Cancer,1,2014,0,0.0026522483985229614
regorafenib,Advanced Colorectal Cancer,1,2013,0,0.0015072207585972277
regorafenib,Advanced Gastrointestinal Cancer,1,2014,0,0.0009111350748831446
regorafenib,Advanced Oesophagogastric Carcinoma,1,2015,0,0.00017197456655287474
regorafenib,Advanced Pancreatic Cancer,1,2014,0,0.0009111350748831446
regorafenib,Advanced Refractory Solid Tumors,1,2019,0,0.00017197456655287474
regorafenib,Advanced Solid Cancer,1,2019,0,0.0015072207585972277
regorafenib,Chemotherapy Patients With Metastatic Colorectal Cancer,1,2013,0,0.00017197456655287474
regorafenib,Colorectal Cancer,2,2014,1,0.0015072207585972277
regorafenib,Colorectal Cancer Metastatic,1,2016,0,0.0015072207585972277
regorafenib,Cystic Carcinoma,1,2014,0,0.0023265887549774452
regorafenib,Gastrinoma; Glucagonoma; Insulinoma; Metastatic Gastrointestinal Carcinoid Tumor; Pancreatic Polypeptide Tumor; Pulmonary Carcinoid Tumor; Recurrent Gastrointestinal Carcinoid Tumor; Recurrent Islet Cell Carcinoma; Somatostatinoma,1,2016,0,0.00017197456655287474
regorafenib,Gastrointestinal Stromal Tumor,1,2010,0,0.006090683779153659
regorafenib,Gastrointestinal Stromal Tumors,1,2015,0,0.006090683779153659
regorafenib,Gastrointestinal Stromal Tumors (GISTs),1,2016,0,0.006090683779153659
regorafenib,Gastrointestinal Stromal Tumour (GIST),1,2014,0,0.006090683779153659
regorafenib,Glioblastoma Multiforme,1,2015,0,0.0037489255685777033
regorafenib,Hepatocellular Carcinoma,1,2020,0,0.0026522483985229614
regorafenib,Lung Cancer,1,2018,0,0.0023265887549774452
regorafenib,Metastatic Colorectal Adenocarcinoma,1,2013,0,0.0015072207585972277
regorafenib,Metastatic Colorectal Cancer,10,2013,1,0.007043882848950524
regorafenib,Metastatic Esophagogastric Cancer,1,2013,0,0.003927928368091847
regorafenib,Metastatic Gastric Cancer,1,2018,0,0.0015072207585972277
regorafenib,Metastatic Soft Tissue Sarcoma,1,2019,0,0.0009111350748831446
regorafenib,"Non-small Cell Lung Carcinoma; Urothelial Carcinoma; Gastrointestinal Carcinoma, Non-colon; Upper Aerodigestive Tract Carcinoma",1,2016,0,0.00017197456655287474
regorafenib,OVARian Carcinoma,1,2015,0,0.0015072207585972277
regorafenib,Ovarian Cancer,1,2016,0,0.0015072207585972277
regorafenib,Pancreas Cancer; Ovarian Cancer; Melanoma; Sarcoma; Thymoma Type B3; Thymoma Type B2; Thymic Carcinoma,1,2014,0,0.00017197456655287474
regorafenib,Recurrent Glioblastoma,1,2019,0,0.0006326477119388545
regorafenib,Selected Sarcoma,1,2014,0,0.0009111350748831446
regorafenib,Tissue Sarcoma,1,2013,0,0.0009111350748831446
regorafenib,Tract Cancer,1,2014,0,0.0023265887549774452
regorafenib,Tract Carcinoma,1,2014,0,0.0026522483985229614
regorafenib,Treated Cancer,1,2018,0,0.0026522483985229614
regorafenib,Urothelial Cancer,1,2015,0,0.0009111350748831446
remdesivir,COVID,1,2020,0,0.0463175972856193
remdesivir,COVID-19,4,2020,1,0.0463175972856193
remdesivir,CoVid 19 Positive,1,2020,0,0.0013268170311604775
remdesivir,Covid19,1,2020,0,0.11718898963236653
remdesivir,Ebola Virus,1,2018,0,0.0463175972856193
remdesivir,Ebola; HIV/AIDS,1,2021,0,0.0013268170311604775
ribociclib,Advanced Breast Cancer,2,2018,0,0.03639765670861902
ribociclib,Advanced Digestive System Neuroendocrine Neoplasm; Duodenal Neuroendocrine Tumor G1; Functional Pancreatic Neuroendocrine Tumor; Gastric Neuroendocrine Tumor; Intermediate Grade Lung Neuroendocrine Neoplasm; Low Grade Lung Neuroendocrine Neoplasm; Nonfunctional Pancreatic Neuroendocrine Tumor; Thymus Neoplasm,1,2015,0,0.000590178981518187
ribociclib,Breast Cancer,3,2016,1,0.03639765670861902
ribociclib,Endometrial Cancer,1,2016,0,0.03639765670861902
ribociclib,Metastatic Breast Cancer,5,2014,0,0.03639765670861902
ribociclib,Prostate Cancer,2,2015,0,0.03639765670861902
rifapentine,HIV; Tuberculosis,1,2021,0,0.00026018787916816323
rifapentine,Latent Tuberculosis,1,2019,0,0.013454680628251142
rifapentine,"Tuberculosis, Pulmonary",1,2018,0,0.011696638647353352
risperidone,Autism Spectrum Disorder,1,2016,0,0.008691536315996905
risperidone,Huntington Disease; Chorea,1,2020,0,0.00035813340130048797
risperidone,Schizophrenia,7,2010,1,0.008691536315996905
risperidone,"Schizophrenia, Acute Episode",1,2017,0,0.00035813340130048797
risperidone,"Schizophrenia, Schizoaffective Disorder",1,2020,0,0.003918186607498676
risperidone,Schizophrenia; Iloperidone; Efficacy,1,2012,0,0.00035813340130048797
ritonavir,COVID-19,5,2021,0,0.03466974556280144
ritonavir,Chronic Delta Hepatitis,1,2015,0,0.08268119114871106
ritonavir,Chronic Hepatitis C,3,2012,1,0.08268119114871106
ritonavir,Chronic Hepatitis C Genotype 1b,1,2017,0,0.0001574905180662056
ritonavir,Chronic Hepatitis C Infection,1,2012,0,0.08268119114871106
ritonavir,Chronic Hepatitis C Infection; Hepatitis C; Hepatitis C Virus,1,2011,0,0.0001574905180662056
ritonavir,Chronic Hepatitis C; Hepatitis C (HCV); Hepatitis C Genotype 1,1,2011,0,0.0001574905180662056
ritonavir,Chronic Hepatitis D Infection,2,2014,0,0.0001574905180662056
ritonavir,Chronic Hepatitis c Genotype 1,1,2019,0,0.0001574905180662056
ritonavir,Glioblastoma,1,2016,0,0.03466974556280144
ritonavir,HCV,1,2017,0,0.03466974556280144
ritonavir,HIV-1 Infection,1,2012,0,0.08268119114871106
ritonavir,HIV-1 Infection; HIV Infections,1,2010,0,0.0001574905180662056
ritonavir,HIV-1 Infections,1,2010,1,0.08268119114871106
ritonavir,Hepatitis C,1,2013,1,0.08268119114871106
ritonavir,Hepatitis C Virus,1,2011,0,0.0001574905180662056
ritonavir,"Hepatitis C, Chronic",5,2010,0,0.03466974556280144
ritonavir,Hepatitis C; HCV; Chronic Hepatitis C Infection; Hepatitis C Genotype 1,2,2010,0,0.0001574905180662056
ritonavir,Hepatitis C; HIV,1,2012,0,0.0001574905180662056
ritonavir,Hepatitis D,1,2015,0,0.08268119114871106
ritonavir,Human Immunodeficiency Virus (HIV),1,2010,0,0.08268119114871106
ritonavir,"Infection, Human Immunodeficiency Virus; HIV Infections",1,2013,0,0.0001574905180662056
ritonavir,Liver Disease; Hepatitis D,1,2018,0,0.0001574905180662056
rivaroxaban,Acute Coronary Syndrome,1,2015,0,0.20633700565211738
rivaroxaban,Bleeding,1,2017,0,0.07912308569878532
rivaroxaban,COVID-19,1,2020,0,0.07912308569878532
rivaroxaban,Cerebral Venous Thrombosis,1,2019,0,0.20633700565211738
rivaroxaban,Covid19,1,2020,0,0.1091107012652129
rivaroxaban,Healthy,1,2017,0,0.07912308569878532
rivaroxaban,Ischemic Stroke; Transient Ischemic Attack,1,2014,0,0.007495471269266299
rivaroxaban,Prophylaxis of Venous Thromboembolic Events,1,2011,0,0.007495471269266299
rivaroxaban,Sickle Cell Anemia; Sickle Cell-Beta0-Thalassemia,1,2014,0,0.007495471269266299
rivaroxaban,Valvular Heart Disease,1,2015,0,0.011850338464530239
rivaroxaban,Venous Thromboembolism,1,2014,0,0.20633700565211738
rivaroxaban,Venous Thromboembolism; Haemorrhage,1,2012,0,0.007495471269266299
rivaroxaban,Venous Thromboembolism; Menstruation,1,2016,0,0.007495471269266299
ropinirole,Hyperprolactinemia; Prolactinoma,1,2016,0,0.0005558296720200012
rucaparib,Advanced Gastric Cancer,1,2016,0,0.02952685387579202
rucaparib,Cell Cancer,1,2020,0,0.02952685387579202
rucaparib,Endometrial Cancer,1,2018,0,0.02952685387579202
rucaparib,Lung Cancer,1,2019,0,0.02952685387579202
rucaparib,Metastatic Breast Cancer,1,2016,0,0.02952685387579202
rucaparib,Ovarian Cancer,1,2011,1,0.02952685387579202
rucaparib,Pancreatic Cancer,1,2014,0,0.08144344879852242
rucaparib,Prostate Cancer,3,2017,0,0.02952685387579202
rucaparib,Recurrent Carcinoma,1,2018,0,0.02952685387579202
rucaparib,Solid Tumors,1,2016,0,0.02952685387579202
rucaparib,Tract Cancer,1,2019,0,0.02952685387579202
rucaparib,Triple Negative Breast Cancer,1,2010,0,0.02952685387579202
ruxolitinib,Accelerated/Blast-phase Myeloproliferative Neoplasm; Chronic-phase Myelofibrosis; IDH2 Mutation,1,2021,0,0.000269508800495785
ruxolitinib,Acute Graft Versus Host Disease,1,2019,0,0.0632202305039298
ruxolitinib,Acute Myeloid Leukemia; Myeloid and Monocytic Leukemia; Myelodysplastic Syndromes,1,2020,0,0.000269508800495785
ruxolitinib,Adult T-Cell Leukemia,1,2012,0,0.0632202305039298
ruxolitinib,Alopecia Areata,1,2013,0,0.01255458995902271
ruxolitinib,Anemia; Myelodysplastic/Myeloproliferative Neoplasm; Myelofibrosis,1,2013,0,0.000269508800495785
ruxolitinib,Breast Cancer,2,2012,0,0.0632202305039298
ruxolitinib,Chronic Lymphocytic Leukemia,2,2014,0,0.0632202305039298
ruxolitinib,Colorectal Cancer,1,2014,0,0.0632202305039298
ruxolitinib,Coronavirus; Covid19; Pneumonia,1,2020,0,0.000269508800495785
ruxolitinib,Covid-19,1,2020,0,0.08233438582188227
ruxolitinib,Cytokine Release Syndrome; COVID19,1,2020,0,0.000269508800495785
ruxolitinib,Essential Thrombocythemia; Myelofibrosis; Myeloproliferative Neoplasm; Polycythemia Vera; Secondary Acute Myeloid Leukemia,1,2019,0,0.000269508800495785
ruxolitinib,Graft-versus-host Disease (GVHD),1,2016,1,0.029730459632708893
ruxolitinib,Graft-versus-host-disease (GVHD),1,2018,0,0.029730459632708893
ruxolitinib,Graft-versus-host-disease; Stem Cell Transplant Complications; Acute Myeloid Leukemia; Acute Lymphoid Leukemia,1,2020,0,0.000269508800495785
ruxolitinib,HIV Infections,1,2016,0,0.0632202305039298
ruxolitinib,Hemophagocytic Syndrome (HPS),1,2016,0,0.029730459632708893
ruxolitinib,Hodgkin Lymphoma,1,2015,0,0.0632202305039298
ruxolitinib,Hodgkin's Lymphoma,1,2013,0,0.0632202305039298
ruxolitinib,Lung Cancer,1,2014,0,0.0632202305039298
ruxolitinib,MPN (Myeloproliferative Neoplasms),2,2011,0,0.08233438582188227
ruxolitinib,Multiple Myeloma,1,2019,0,0.0632202305039298
ruxolitinib,Myelofibrosis,6,2011,0,0.029730459632708893
ruxolitinib,Myelofibrosis (MF),1,2017,1,0.08233438582188227
ruxolitinib,"Myelofibrosis; Leukemia, Myelocytic, Acute; Myelodysplastic/Myeloproliferative Neoplasm; Myelodysplastic Syndrome (MDS); Preleukemia; Primary Myelofibrosis; Myeloproliferative Disorders; Bone Marrow Disease; Hematological Disease; Precancerous Conditions; Neoplasms; Leukemia; Neoplasms by Histologic Type; Essential Thrombocytosis",1,2014,0,0.000269508800495785
ruxolitinib,Myelomonocytic Leukemia,1,2013,0,0.029730459632708893
ruxolitinib,Myeloproliferative Diseases,2,2011,0,0.08233438582188227
ruxolitinib,Myeloproliferative Neoplasms,1,2014,0,0.08233438582188227
ruxolitinib,Necrobiosis Lipoidica,1,2020,0,0.029730459632708893
ruxolitinib,Pancreatic Cancer,1,2011,1,0.04556949118309979
ruxolitinib,Primary Myelofibrosis (MF); Post-Polycythemia Vera (PV) MF; Post-Essential Thrombocythemia (ET) MF,1,2010,0,0.000269508800495785
ruxolitinib,Primary Myelofibrosis; Myeloproliferative Disorders,1,2016,0,0.000269508800495785
ruxolitinib,Primary Myelofibrosis; Polycythemia Vera; Post-Essential Thrombocythemia Myelofibrosis,1,2013,0,0.000269508800495785
ruxolitinib,Primary Myelofibrosis; Post-Polycythemia Vera Myelofibrosis; Post-Essential Thrombocythemia Myelofibrosis,1,2011,1,0.000269508800495785
ruxolitinib,Primary Myelofibrosis; Post-Polycythemia Vera-Myelofibrosis; Post-Essential Thrombocythemia Myelofibrosis,1,2017,0,0.000269508800495785
ruxolitinib,Recurrent Breast Cancer; Metastatic Breast Cancer,1,2014,0,0.000269508800495785
ruxolitinib,Refractory Hodgkin Lymphoma,1,2013,0,0.000269508800495785
ruxolitinib,Solid Tumors,1,2016,0,0.0632202305039298
ruxolitinib,TKI Resistant Ph-Leukemia,1,2013,0,0.000269508800495785
ruxolitinib,Thalassemia Major,1,2014,0,0.029730459632708893
ruxolitinib,aGVHD; Stem Cell Transplant Complications,1,2019,0,0.000269508800495785
selepressin,Septic Shock,1,2015,0,0.08630981944674038
selexipag,Raynaud's Phenomenon Secondary to Systemic Sclerosis,1,2014,0,0.007087189008608555
selinexor,Acute Myeloid Leukemia,3,2014,0,0.011806351282681848
selinexor,Acute Myeloid Leukemia (AML),1,2014,0,0.011806351282681848
selinexor,Advanced Pancreatic Cancer,1,2014,0,0.011806351282681848
selinexor,"Carcinoma, Neuroendocrine",1,2014,0,0.011806351282681848
selinexor,Coronavirus Infection,1,2020,0,0.011806351282681848
selinexor,Dedifferentiated Liposarcoma,1,2016,0,0.011806351282681848
selinexor,Metastatic Triple Negative Breast Cancer,1,2015,0,0.011806351282681848
selinexor,Multiple Myeloma,3,2014,1,0.03970651160356551
selinexor,Ovarian Carcinoma; Endometrial Carcinoma; Cervical Carcinoma,1,2014,0,0.0004525256041836826
selinexor,Relapsed or Refractory Multiple Myeloma,1,2018,0,0.0004525256041836826
selinexor,Richter's Transformation,1,2014,0,0.03970651160356551
sertraline,Autism Spectrum Disorder,1,2015,0,0.07873549548962902
sertraline,Autism Spectrum Disorder; Anxiety,1,2017,0,0.006045498367503011
sertraline,Clinical Care for Depression,1,2011,0,0.006045498367503011
sertraline,Depression,1,2014,0,0.07873549548962902
sertraline,Fragile X Syndrome,1,2012,0,0.07873549548962902
sertraline,Glioblastoma,1,2016,0,0.07873549548962902
sertraline,Major Depression,1,2014,0,0.1922038635762818
sertraline,Major Depressive Disorder,1,2016,1,0.1922038635762818
sertraline,OCD,1,2013,0,0.1922038635762818
sertraline,"Stress Disorders, Post-Traumatic",1,2017,0,0.006045498367503011
simvastatin,Acute Pancreatitis,1,2016,0,0.0884353101357356
simvastatin,Alzheimer's Disease,1,2011,0,0.0884353101357356
simvastatin,Breast Cancer,1,2018,0,0.0884353101357356
simvastatin,Celiac Disease,1,2010,0,0.0884353101357356
simvastatin,Dental Caries Extending to Pulp; Dental Implant Failed,1,2021,0,0.008435137181819811
simvastatin,Diabetes Mellitus,1,2017,0,0.0884353101357356
simvastatin,Dilated Cardiomyopathy,1,2019,0,0.0884353101357356
simvastatin,Dyslipidemia,1,2010,0,0.0884353101357356
simvastatin,Immediate Implant Placement; Bone Regeneration; Alveolar Bone Resorption,1,2015,0,0.008435137181819811
simvastatin,Liver Cirrhoses,1,2019,0,0.0884353101357356
simvastatin,Lymphangioleiomyomatosis; Tuberous Sclerosis Complex,1,2014,0,0.008435137181819811
simvastatin,Metastatic Colorectal Cancer,1,2013,0,0.0884353101357356
simvastatin,Migraine,1,2010,0,0.0884353101357356
simvastatin,Multiple Sclerosis,1,2019,0,0.20009397698542966
simvastatin,NSCLC,1,2010,0,0.0884353101357356
simvastatin,Oxidative Stress,1,2014,0,0.005176319153670676
simvastatin,Parkinson's Disease,1,2016,0,0.006950139566507971
simvastatin,Peri-implant Mucositis,1,2015,0,0.008435137181819811
simvastatin,Rhinosinusitis,1,2012,0,0.0884353101357356
simvastatin,Schizophrenia; Schizoaffective Disorder; Psychosis Not Otherwise Specified; Schizophreniform Disorder,1,2010,0,0.008435137181819811
simvastatin,Sickle Cell Disease,1,2012,0,0.0884353101357356
simvastatin,Smoking Cessation,1,2015,0,0.0884353101357356
simvastatin,Subarachnoid Hemorrhage,1,2010,0,0.0884353101357356
simvastatin,Vitiligo,1,2012,0,0.0884353101357356
sirolimus,Acute GVHD,1,2016,0,0.2109630880633105
sirolimus,Acute Myeloid Leukemia,2,2013,0,0.0884961876757272
sirolimus,Adenomatous Polyposis Coli,1,2017,0,0.2109630880633105
sirolimus,Age-Related Macular Degeneration,1,2015,0,0.0884961876757272
sirolimus,Age-Related Macular Degeneration; Geographic Atrophy,1,2011,0,0.008002061969233965
sirolimus,Bladder Cancer,1,2013,0,0.0884961876757272
sirolimus,Blasts 10 Percent or More of Bone Marrow Nucleated Cells; Chronic Myelomonocytic Leukemia-2; High Grade Malignant Neoplasm; Myelodysplastic Syndrome; Myelodysplastic Syndrome With Excess Blasts-2; Myeloid Neoplasm; Previously Treated Myelodysplastic Syndrome; Recurrent Acute Myeloid Leukemia; Refractory Acute Myeloid Leukemia,1,2016,0,0.008002061969233965
sirolimus,Blood Cancer,1,2010,0,0.0884961876757272
sirolimus,COVID-19,1,2020,0,0.0884961876757272
sirolimus,Cell Carcinoma,1,2010,0,0.0884961876757272
sirolimus,Chronic Lymphocytic Leukemia,1,2010,0,0.0884961876757272
sirolimus,Cognitive Impairment in Sturge-Weber Syndrome,1,2017,0,0.008002061969233965
sirolimus,Cowden Syndrome,1,2019,0,0.06241486235628624
sirolimus,Cutaneous Squamous Cell Carcinoma; Advanced Cancer,1,2020,0,0.008002061969233965
sirolimus,Depression,1,2016,0,0.0884961876757272
sirolimus,Desmoid Tumor,1,2014,0,0.17482028421464513
sirolimus,End Stage Renal Disease; Venous Stenosis,1,2011,0,0.008002061969233965
sirolimus,Exudative Age Related Macular Degeneration,1,2016,0,0.0884961876757272
sirolimus,Graft Versus Host Disease,2,2011,0,0.2109630880633105
sirolimus,Graft Versus Host Disease; GVHD,1,2016,0,0.008002061969233965
sirolimus,Graft Vs Host Disease; GVHD,1,2017,0,0.008002061969233965
sirolimus,Graft vs. Host Disease,1,2013,0,0.2109630880633105
sirolimus,Graft-Versus-Host-Disease,1,2014,0,0.2109630880633105
sirolimus,HIV-1 Infection,1,2015,0,0.0884961876757272
sirolimus,Hematologic Malignancies,1,2010,0,0.0884961876757272
sirolimus,Hematological Disease,1,2017,0,0.0884961876757272
sirolimus,Hepatocellular Carcinoma,1,2010,0,0.0884961876757272
sirolimus,Kaposiform Hemangioendothelioma,1,2021,0,0.2109630880633105
sirolimus,Kaposiform Hemangioendothelioma; Kasabach Merritt Phenomenon,1,2017,0,0.008002061969233965
sirolimus,Kidney Transplantation,1,2010,0,0.0884961876757272
sirolimus,Lung Cancer,1,2014,0,0.0884961876757272
sirolimus,Lymphangioleiomyomatosis,1,2018,0,0.2109630880633105
sirolimus,Malignant Peripheral Nerve Sheath Tumors (MPNST); Sarcoma,1,2013,0,0.008002061969233965
sirolimus,Malignant Peripheral Nerve Sheath Tumors; Neurofibromatosis 1,1,2019,0,0.008002061969233965
sirolimus,Myelodysplastic Syndrome (MDS); Chronic Lymphocytic Leukemia (CLL); Chemotherapy-sensitive Lymphoma; Acute Lymphoblastic Leukemia (ALL)/T Lymphoblastic Lymphoma; Acute Myelogenous Leukemia (AML); Acute Biphenotypic Leukemia (ABL); Acute Undifferentiated Leukemia (AUL),1,2016,0,0.008002061969233965
sirolimus,PIK3CA-Related Overgrowth Spectrum (PROS); Growth Disorder; Genetics,1,2015,0,0.008002061969233965
sirolimus,Scleritis,1,2012,0,0.2109630880633105
sirolimus,Segmental Overgrowth Disorders Due to PIK3CA,1,2015,0,0.008002061969233965
sirolimus,Sickle Cell Disease,1,2017,0,0.0884961876757272
sirolimus,"Smoking Cessation; Smoking, Cigarette; Nicotine Dependence",1,2018,0,0.008002061969233965
sirolimus,Tuberous Sclerosis Complex; Self-injury; Autism,1,2013,0,0.008002061969233965
sirolimus,Type 1 Diabetes,1,2016,0,0.0884961876757272
sirolimus,Vascular Malformation,1,2015,0,0.0884961876757272
sirolimus,for Lymphoma,1,2010,0,0.0884961876757272
sitagliptin,"Acute Myeloid Leukemia; Acute Lymphoid Leukemia; Hematopoetic Myelodysplasia; Leukemia, Myelogenous, Chronic; Lymphoma, Non-Hodgkin",1,2012,0,0.007691091537114415
sitagliptin,Atherosclerosis; Inflammation,1,2016,0,0.007691091537114415
sitagliptin,Diabetes,3,2010,1,0.08157798071571555
sitagliptin,Diabetes; Insulin Resistance,1,2010,0,0.007691091537114415
sitagliptin,HIV-1 Infection,1,2015,0,0.08157798071571555
sitagliptin,Hyperlipidemia,1,2012,0,0.08157798071571555
sitagliptin,Non-alcoholic Fatty Liver Disease,1,2014,0,0.08157798071571555
sitagliptin,Prevention of Acute Graft Versus-Host Disease,1,2016,0,0.007691091537114415
sitagliptin,Type 1 Diabetes,1,2013,0,0.08157798071571555
sitagliptin,Type 1 Diabetes; Monogenic Diabetes,1,2021,0,0.007691091537114415
sitagliptin,Type 2 Diabetes,3,2010,1,0.08157798071571555
sitagliptin,Type 2 Diabetes Mellitus,3,2011,1,0.08157798071571555
sitagliptin,Type II Diabetes,1,2012,0,0.08157798071571555
sulindac,Adenomatous Polyposis Coli,1,2010,0,0.19379593861643404
sulindac,Inflammation; Cancer; Pain; Hypertension,1,2012,0,0.0005278356492601386
sunitinib,Advanced Kidney Cancer,1,2010,0,0.06149401629141945
sunitinib,Advanced Non-Small Cell Lung Cancer,1,2011,0,0.007115365372244773
sunitinib,Advanced Thymus Cancer,1,2012,0,0.007115365372244773
sunitinib,Cell Cancer,1,2011,1,0.010591830930464443
sunitinib,Cell Carcinoma,9,2010,1,0.007115365372244773
sunitinib,"Clear Cell, Metastatic Renal Cell Carcinoma",1,2012,0,0.0017076211591168465
sunitinib,Gastrointestinal Stromal Tumor(GIST),1,2020,0,0.24604970074830806
sunitinib,Gastrointestinal Stromal Tumors,1,2015,0,0.24604970074830806
sunitinib,Lung Cancer,1,2013,0,0.010591830930464443
sunitinib,Malignant Progressive Pheochromocytoma and Paraganglioma (PPGL),1,2011,0,0.0017076211591168465
sunitinib,Metastatic Gastric Cancer,1,2017,0,0.007115365372244773
sunitinib,Metastatic Kidney Cancer,1,2017,0,0.06149401629141945
sunitinib,Metastatic Renal Cell Carcinoma,1,2010,0,0.06149401629141945
sunitinib,Metastatic Uveal Melanoma,1,2010,0,0.010591830930464443
sunitinib,Pancreatic Neuroendocrine Carcinoma,1,2015,0,0.24604970074830806
sunitinib,Pancreatic Neuroendocrine Tumors,1,2010,0,0.12295271486753838
sunitinib,Pancreatic Neuroendocrine Tumour Metastatic,1,2017,0,0.26599668274449917
sunitinib,Thymic Carcinoma,1,2015,0,0.010591830930464443
sunitinib,Unresectable and Advanced Cholangiocarcinoma,1,2011,0,0.0017076211591168465
sunitinib,Von Hippel-Lindau Disease,1,2010,0,0.24604970074830806
suvorexant,Cocaine Use Disorder; Anxiety,1,2016,0,0.0006450127807187801
suvorexant,Sleep Disturbance; Opioid-use Disorder,1,2020,0,0.0006450127807187801
tacrolimus,Kidney Transplantation; Renal Transplantation,1,2011,0,0.0067861611662437486
tadalafil,Acromegaly Cardiomyopathy,1,2016,0,0.0036979600221018647
tadalafil,Cardiomyopathy; Renal Impairment,2,2014,0,0.00016491748680673543
tadalafil,Cell Carcinoma,1,2012,0,0.0036979600221018647
tadalafil,Chronic Obstructive Pulmonary Disease,1,2010,0,0.0036979600221018647
tadalafil,Congestive Heart Failure,1,2012,0,0.0036979600221018647
tadalafil,Cushing's Syndrome Cardiomyopathy,1,2016,0,0.00016491748680673543
tadalafil,"Dementia, Vascular",1,2015,0,0.0022995936976423327
tadalafil,Erectile Dysfunction,1,2010,0,0.03601458569748991
tadalafil,Healthy; Obese,1,2016,0,0.00016491748680673543
tadalafil,Primary Hepatocellular Carcinoma,1,2019,0,0.0036979600221018647
tadalafil,Primary Hypertension,1,2014,0,0.0036979600221018647
tadalafil,Pulmonary Arterial Hypertension,1,2020,0,0.03601458569748991
tadalafil,Pulmonary Hypertension,1,2011,0,0.03601458569748991
tadalafil,Pulmonary Hypertension Due to Chronic Lung Disease,1,2013,0,0.00016491748680673543
tadalafil,"Stroke, Lacunar; Cerebral Small Vessel Diseases",1,2016,0,0.00016491748680673543
tadalafil,Type 2 Diabetes,1,2015,0,0.0036979600221018647
talazoparib,Acute Myeloid Leukemia,1,2016,0,0.011499823353755271
talazoparib,Adult Solid Neoplasm; Childhood Solid Neoplasm; Recurrent Childhood Central Nervous System Neoplasm; Recurrent Ewing Sarcoma/Peripheral Primitive Neuroectodermal Tumor; Recurrent Malignant Solid Neoplasm; Refractory Central Nervous System Neoplasm,1,2014,0,0.00016495180866265467
talazoparib,Advanced Solid Tumor,1,2020,0,0.011499823353755271
talazoparib,Breast Cancer,2,2015,0,0.011499823353755271
talazoparib,Cancer,1,2016,0,0.011499823353755271
talazoparib,Cell Carcinoma,1,2019,0,0.011499823353755271
talazoparib,Lung Cancer,1,2017,0,0.011499823353755271
talazoparib,People With Previously Treated Advanced Kidney Cancer,1,2020,0,0.00016495180866265467
talazoparib,Prostate Cancer,3,2017,0,0.011499823353755271
talazoparib,Recurrent Glioma; Recurrent Glioblastoma; Poly ADP Ribose Polymerase (PARP) Inhibitor; PTEN Gene Inactivation; IDH Mutation,1,2021,0,0.00016495180866265467
talazoparib,Stage IV or Recurrent Non-Squamous Non-Small Cell Lung Cancer,1,2020,0,0.00016495180866265467
talazoparib,in Melanoma,1,2020,0,0.011499823353755271
tamoxifen,Advanced Breast Cancer,2,2013,1,0.033620270022675945
tamoxifen,Amyotrophic Lateral Sclerosis,1,2011,0,0.0021034382095612624
tamoxifen,Breast Cancer,12,2011,1,0.033620270022675945
tamoxifen,Breast Cancer; Mammographic Density,1,2015,0,0.0001929137159307219
tamoxifen,Breast Fibroadenoma,1,2018,0,0.0021034382095612624
tamoxifen,Breast Neoplasms,1,2015,0,0.033620270022675945
tamoxifen,Endometrial Cancer,1,2015,0,0.0021034382095612624
tamoxifen,HIV Infections,1,2018,0,0.0021034382095612624
tamoxifen,Hypertension; Pulmonary Arterial Hypertension; Familial Primary Pulmonary Hypertension; Primary Pulmonary Hypertension; Lung Diseases; Tamoxifen; Estrogen Receptor Antagonist; Hormone Antagonists; Estrogens,1,2018,0,0.0001929137159307219
tamoxifen,Meningitis Streptococcal; Hiv; Meningitis; Meningoencephalitis,1,2017,0,0.0001929137159307219
tamoxifen,Metastatic Breast Cancer,2,2015,0,0.033620270022675945
tamoxifen,Metastatic Hormone Receptor Positive Breast Cancer,1,2017,0,0.033620270022675945
tamoxifen,Neuroendocrine Tumors; Progesterone Receptor Positive Tumor; Estrogen Receptor Positive Tumor,1,2019,0,0.0001929137159307219
tamoxifen,Newly Diagnosed Hormone Positive Clinical Stage 1 or 2 Breast Cancer,1,2012,0,0.0001929137159307219
tamoxifen,OVARian Carcinoma,1,2015,0,0.0021034382095612624
tamoxifen,Vulvar Atrophy,1,2021,0,0.0001929137159307219
tamsulosin,Benign Prostate Hyperplasia,1,2013,0,0.07486956271134261
tamsulosin,Inguinal Hernia; Urinary Retention,1,2020,0,0.00012461704607996438
tamsulosin,Lower Urinary Tract Symptoms,1,2012,0,0.053548358557266806
tamsulosin,Urinary Retention Postoperative,1,2021,0,0.00012461704607996438
tamsulosin,Urinary Retention; Lower Urinary Tract Symptoms; Stress Urinary Incontinence; Pelvic Organ Prolapse,1,2018,0,0.00012461704607996438
telbivudine,Disorder Related to Transplantation; Virus Diseases; Injury Due to Exposure to External Cause,1,2013,0,0.0005378052060867897
telmisartan,"COVID-19; Respiratory Insufficiency; Telmisartan; Respiratory Distress Syndrome, Adult",1,2020,0,0.0002219338040405387
telmisartan,Corona Virus Infection; Sars-CoV2,1,2020,0,0.0002219338040405387
telmisartan,HIV Infection,1,2010,0,0.01057816708248142
telmisartan,HIV-1 Infection,1,2014,0,0.01057816708248142
telmisartan,Heart Disease,1,2012,0,0.01057816708248142
telmisartan,Hypertension,1,2010,0,0.1638999340230192
telmisartan,"Hypertension,Essential",1,2020,0,0.0002219338040405387
thalidomide,Amyloidosis,1,2017,0,0.09263741623418341
thalidomide,Chronic Lymphocytic Leukemia,1,2012,0,0.09263741623418341
thalidomide,Crohn's Disease,1,2013,0,0.09263741623418341
thalidomide,Hereditary Hemorrhagic Telangiectasia; Epistaxis,1,2011,0,0.0009756562909534989
thalidomide,MULTIPLE MYELOMA,1,2015,0,0.09842273739547362
thalidomide,Mantle Cell Lymphoma; Non-Hodgkin's Lymphoma,1,2015,0,0.0009756562909534989
thalidomide,Multiple Myeloma,5,2010,1,0.09842273739547362
thalidomide,Multiple Myeloma; Chronic Kidney Disease,1,2014,0,0.0009756562909534989
thiotepa,"Accelerated Phase Chronic Myelogenous Leukemia, BCR-ABL1 Positive; Acute Biphenotypic Leukemia; Acute Leukemia of Ambiguous Lineage; Acute Undifferentiated Leukemia; Adult Acute Lymphoblastic Leukemia in Remission; Adult Acute Myeloid Leukemia in Remission; Blast Phase Chronic Myelogenous Leukemia, BCR-ABL1 Positive; Childhood Acute Lymphoblastic Leukemia in Remission; Childhood Acute Myeloid Leukemia in Remission; Chronic Myelogenous Leukemia, BCR-ABL1 Positive; Myelodysplastic Syndrome With Excess Blasts-1; Myelodysplastic Syndrome With Excess Blasts-2; Recurrent Adult Acute Lymphoblastic Leukemia; Recurrent Adult Acute Myeloid Leukemia; Recurrent Childhood Acute Lymphoblastic Leukemia; Recurrent Childhood Acute Myeloid Leukemia; Refractory Adult Acute Lymphoblastic Leukemia; Refractory Childhood Acute Lymphoblastic Leukemia",1,2014,0,0.0016754227056252733
thiotepa,"Accelerated Phase Chronic Myelogenous Leukemia, BCR-ABL1 Positive; Acute Biphenotypic Leukemia; Acute Leukemia of Ambiguous Lineage; Acute Undifferentiated Leukemia; Allogeneic Hematopoietic Stem Cell Transplant Recipient; Blast Phase Chronic Myelogenous Leukemia, BCR-ABL1 Positive; Blastic Plasmacytoid Dendritic Cell Neoplasm; Childhood Acute Lymphoblastic Leukemia in Remission; Childhood Acute Myeloid Leukemia in Remission; Donor; Lymphoblastic Lymphoma; Myelodysplastic Syndrome With Excess Blasts; Myelodysplastic Syndrome With Excess Blasts-1; Myelodysplastic Syndrome With Excess Blasts-2; Recurrent Acute Lymphoblastic Leukemia; Recurrent Acute Myeloid Leukemia; Recurrent Childhood Acute Lymphoblastic Leukemia; Recurrent Childhood Acute Myeloid Leukemia; Recurrent Chronic Myelogenous Leukemia, BCR-ABL1 Positive; Refractory Acute Lymphoblastic Leukemia; Refractory Acute Myeloid Leukemia; Acute Lymphoblastic Leukemia in Remission; Acute Myeloid Leukemia in Remission",1,2015,0,0.0016754227056252733
thiotepa,Acute Lymphoblastic Leukemia; Acute Myelogenous Leukemia; Myelodysplastic Syndrome; Multiple Myeloma,1,2010,0,0.0016754227056252733
thiotepa,Acute Myeloid Leukemia,1,2012,0,0.05655887183441673
thiotepa,Acute Myeloid Leukemia; Acute Lymphoblastic Leukemia; Myelodysplastic Syndromes; Acute Leukemia; Chronic Myeloid Leukemia,1,2020,0,0.0016754227056252733
thiotepa,AutoSCT in Lymphoma,1,2018,0,0.0016754227056252733
thiotepa,Leukemia,1,2018,0,0.05655887183441673
thiotepa,Leukemia; Lymphoma,1,2013,0,0.05655887183441673
thiotepa,Patients With Sickle Cell Disease,1,2019,0,0.05655887183441673
thiotepa,Sickle Cell Disease,1,2017,0,0.05655887183441673
thiotepa,Systemic B-cell Lymphoma,1,2014,0,0.05655887183441673
ticagrelor,Abdominal Aortic Aneurysm,1,2014,0,0.08179469361346867
ticagrelor,Acute Coronary Syndrome,3,2010,1,0.19532410249686127
ticagrelor,"Acute Coronary Syndrome; Angina, Unstable",1,2016,0,0.007077603971205197
ticagrelor,COPD,2,2015,0,0.08179469361346867
ticagrelor,Carotid Artery Stenosis,1,2016,0,0.19532410249686127
ticagrelor,Coronary Artery Disease,6,2013,1,0.19532410249686127
ticagrelor,Critical Limb Ischemia,1,2014,0,0.007077603971205197
ticagrelor,End Stage Renal Disease; Vascular Access Patency,1,2014,0,0.007077603971205197
ticagrelor,Inhibition of Platelet Reactivity in Patients With Acute Coronary Syndrome,1,2015,0,0.007077603971205197
ticagrelor,Platelet Aggregation; Adenosine; Coronary Artery Disease; Kidney Dysfunction; Antiplatelet Therapy,1,2017,0,0.007077603971205197
ticagrelor,Platelet Dysfunction Due to Drugs,1,2019,0,0.08179469361346867
ticagrelor,Sickle Cell Disease,1,2015,0,0.19532410249686127
ticagrelor,Stable Coronary Artery Disease,1,2010,0,0.08179469361346867
tofacitinib,Alopecia Areata,1,2015,0,0.01785331272768099
tofacitinib,COVID-19,1,2020,0,0.17799271597012084
tofacitinib,Cutaneous Lupus; Systemic Lupus Erythematosus,1,2017,0,0.016323869633619877
tofacitinib,Immune Skin Conditions in Down Syndrome,1,2020,0,0.016323869633619877
tofacitinib,Juvenile Idiopathic Arthritis,1,2013,0,0.449848743015386
tofacitinib,RHEUMATOID ARTHRITIS,1,2020,0,0.449848743015386
tofacitinib,Rheumatoid Arthritis,3,2014,1,0.449848743015386
tofacitinib,Systemic Sclerosis; Scleroderma,1,2017,0,0.016323869633619877
tolvaptan,Autosomal Dominant Polycystic Kidney Disease,3,2010,0,0.17340604438663026
tolvaptan,Cardiovascular Diseases; Nephropathy,1,2012,0,0.00017035749928244248
tolvaptan,Cirrhosis; Refractory/Recurrent Ascites,1,2013,0,0.00017035749928244248
tolvaptan,Hyponatremia,1,2011,0,0.17340604438663026
tolvaptan,Syndrome of Inappropriate Antidiuretic Hormone Secretion (SIADH),1,2013,0,0.17340604438663026
topiramate,Alcohol Dependence,1,2010,0,0.05399235566963205
topiramate,Alcohol Drinking,1,2012,0,0.04284199046798035
topiramate,Alcoholism; Alcohol Use Disorder (AUD),1,2014,0,0.002488810521843277
topiramate,Cocaine Dependence,1,2013,0,0.09662091612158513
topiramate,Compulsive Shopping,1,2015,0,0.002488810521843277
topiramate,Cryptogenic Sensory Peripheral Neuropathy in Metabolic Syndrome,1,2018,0,0.002488810521843277
topiramate,Healthy Volunteers,1,2014,0,0.002488810521843277
topiramate,"Obesity, Morbid; Obesity; Weight Loss",1,2013,0,0.002488810521843277
topiramate,PTSD and Alcohol Use Disorder,1,2017,0,0.002488810521843277
topotecan,Cell Cancer,1,2015,0,0.07844360899227851
topotecan,Cervical Cancer,1,2016,0,0.07844360899227851
topotecan,Glioblastoma; Glioblastoma Multiforme; Gliosarcoma; Brain Neoplasms; Central Nervous System Neoplasms,1,2015,0,0.007721529504412414
topotecan,Lung Cancer,6,2012,1,0.07844360899227851
topotecan,Ovarian Cancer,2,2010,1,0.07844360899227851
topotecan,Recurrent Ovarian Cancer,1,2011,0,0.07844360899227851
topotecan,Relapsed Ovarian Cancer,1,2012,0,0.007721529504412414
topotecan,SCLC,1,2015,0,0.19221261587079036
topotecan,Sensitive-Relapsed Small Cell Lung Cancer,1,2010,0,0.007721529504412414
topotecan,Solid Tumors,1,2014,0,0.07844360899227851
tramadol,Acute Pain,1,2016,0,0.19848950456885145
tramadol,Acute Pain; Postoperative Pain,1,2021,0,0.008366508136929634
tramadol,Breast Cancer,1,2016,0,0.0752532207443215
tramadol,Neck Cancer,1,2021,0,0.0752532207443215
tramadol,Pain,1,2014,0,0.19848950456885145
tramadol,Pulpitis; Pain Management,1,2010,0,0.008366508136929634
tramadol,Reducing Pain,1,2014,0,0.0752532207443215
tramadol,"Rotator Cuff Tear; Rotator Cuff Injury; Analgesics, Opioid; Buprenorphine",1,2016,0,0.008366508136929634
tramadol,Trauma; Opioid Analgesic Adverse Reaction,1,2017,0,0.008366508136929634
trametinib,Acute Myeloid Leukemia,2,2013,0,0.0581637951186507
trametinib,Advanced Colorectal Cancer,1,2015,0,0.0581637951186507
trametinib,Advanced Malignant Solid Neoplasm,1,2014,0,0.0581637951186507
trametinib,Advanced Melanoma,2,2014,0,0.2570331970147156
trametinib,Advanced Pancreatic Cancer,1,2016,0,0.0581637951186507
trametinib,Ameloblastoma; BRAF Gene Mutation,1,2017,0,0.0008424994293932178
trametinib,Breast Cancer,1,2013,0,0.0581637951186507
trametinib,Colorectal Cancer,1,2012,0,0.0581637951186507
trametinib,Cutaneous Melanoma,1,2013,0,0.2570331970147156
trametinib,"Diffuse Astrocytoma; Anaplastic Astrocytoma; Astrocytoma; Oligodendroglioma, Childhood; Anaplastic Oligodendroglioma; Glioblastoma; Pilocytic Astrocytoma; Giant Cell Astrocytoma; Pleomorphic Xanthoastrocytoma; Anaplastic Pleomorphic Xanthoastrocytoma; Angiocentric Glioma; Chordoid Glioma of Third Ventricle; Gangliocytoma; Ganglioglioma; Anaplastic Ganglioglioma; Dysplastic Gangliocytoma of Cerebrellum; Desmoplastic Infantile Astrocytoma and Ganglioglioma; Papillary Glioneuronal Tumor; Rosette-forming Glioneurona Tumor; Central Neurocytoma; Extraventricular Neurocytoma; Cerebellar Iponeurocytoma",1,2017,0,0.0008424994293932178
trametinib,Gallbladder Cancer,1,2014,0,0.0581637951186507
trametinib,Locally Advanced Epithelioid Hemangioendothelioma; Metastatic Epithelioid Hemangioendothelioma; Unresectable Epithelioid Hemangioendothelioma,1,2017,0,0.0008424994293932178
trametinib,Lung Adenocarcinoma; Lung Cancer; Lung Cancer Metastatic; Lung Cancer Stage IV; Recurrent Lung Adenocarcinoma; Recurrent Lung Cancer,1,2017,0,0.0008424994293932178
trametinib,Lung Cancer,1,2011,0,0.0581637951186507
trametinib,Metastatic Colon Cancer,1,2018,0,0.0581637951186507
trametinib,Metastatic Melanoma,1,2017,0,0.2570331970147156
trametinib,Multiple Myeloma,1,2013,0,0.0581637951186507
trametinib,NSCLC,2,2014,0,0.0581637951186507
trametinib,Positive Melanoma,2,2014,0,0.0581637951186507
trametinib,Rare Cancer,1,2014,0,0.0581637951186507
trametinib,Thyroid Cancer,1,2012,0,0.0581637951186507
trametinib,Treated Cancer,1,2018,0,0.0581637951186507
trametinib,With Cancer,1,2015,0,0.0581637951186507
trametinib,With Melanoma,1,2018,0,0.2570331970147156
trametinib,type Melanoma,1,2019,0,0.2570331970147156
tranexamic acid,"Acute Blood Loss Anemia; Osteoarthritis, Knee",1,2011,0,0.008793961461142651
tranexamic acid,Adolescent Idiopathic Scoliosis,1,2013,0,0.08394294524495205
tranexamic acid,"Arthroplasty, Replacement, Knee; Arthroplasty, Replacement, Hip",1,2021,0,0.008793961461142651
tranexamic acid,Bladder Cancer,1,2013,0,0.08394294524495205
tranexamic acid,Bleeding,2,2010,0,0.200476160051491
tranexamic acid,"Blood Loss, Surgical",1,2019,0,0.008793961461142651
tranexamic acid,Brain Injuries; Wounds and Injuries; Hemorrhage,1,2019,0,0.008793961461142651
tranexamic acid,Curvature of Spine,1,2013,0,0.08394294524495205
tranexamic acid,Degenerative Disc Disease,1,2020,0,0.08394294524495205
tranexamic acid,Effect of Drugs; Adverse Effects of Medical Drugs,1,2018,0,0.008793961461142651
tranexamic acid,Hematological Malignancies Treated With Intensive Chemotherapy,1,2019,0,0.008793961461142651
tranexamic acid,Hemorrhage; Shock; Wounds and Injuries,1,2016,0,0.008793961461142651
tranexamic acid,Intracerebral Haemorrhage,1,2018,0,0.19948803307404703
tranexamic acid,Intracerebral Haemorrhage; Stroke,1,2012,0,0.008793961461142651
tranexamic acid,Intracerebral Hemorrhage,1,2016,0,0.08394294524495205
tranexamic acid,Osteoarthritis,1,2015,0,0.08394294524495205
tranexamic acid,Polytrauma; Traumatic Hemorrhage,1,2018,0,0.008793961461142651
tranexamic acid,Post Partum Hemorrhage,1,2020,0,0.008793961461142651
tranexamic acid,Post Partum Hemorrhage; Fibrinolysis; Hemorrhage; Blood Loss,1,2019,0,0.008793961461142651
tranexamic acid,Postoperative Hemorrhage; Injuries and Wounds,1,2020,0,0.008793961461142651
tranexamic acid,Postpartum Haemorrage Sever Bleeding After Delivery,1,2015,0,0.008793961461142651
tranexamic acid,Postpartum Hemorrhage,3,2015,1,0.200476160051491
tranexamic acid,"Shoulder Joint Disease; Complications; Arthroplasty; Intraoperative Complications; Blood Loss, Surgical",1,2013,0,0.008793961461142651
tranexamic acid,Subarachnoid Hemorrhage,1,2012,0,0.08394294524495205
tranexamic acid,"Telangiectasia, Hereditary Hemorrhagic; Epistaxis",1,2011,0,0.008793961461142651
tranexamic acid,To Determine Efficacy of Tranexamic Acid in Reducing Blood Loss During Myomectomy,1,2018,0,0.008793961461142651
tranexamic acid,Urologic Diseases; Prostate Cancer; Bladder Cancer; Urinary Retention; Hematuria; Nurse Physician Relations; Nurse's Role; Patient Satisfaction,1,2021,0,0.008793961461142651
trazodone,Major Depressive Disorder,1,2020,0,0.10523542270999917
trazodone,Spinal Cord Injury; Sleep Disordered Breathing,1,2015,0,9.450327694768374e-05
trazodone,Treatment of Depression,1,2011,0,0.10523542270999917
tucatinib,Advanced Unresectable or Metastatic Solid Malignancy,1,2021,0,0.006571801412162832
tucatinib,Breast Cancer,2,2016,0,0.20129446087121602
tucatinib,Colorectal Cancer,1,2017,0,0.07900224606467138
tucatinib,Gastroesophageal Cancer,1,2021,0,0.20129446087121602
valacyclovir,Alzheimer's Disease,1,2018,0,0.04526847151723124
valacyclovir,Congenital Cytomegalovirus Infection,1,2015,0,0.04526847151723124
valacyclovir,Hepatitis C,1,2012,0,0.04526847151723124
valacyclovir,Herpetic Gingivostomatitis,1,2016,0,0.004027207547952454
valacyclovir,NSCLC,1,2017,0,0.04526847151723124
valacyclovir,Transplantation Infection; Epstein-Barr Virus Infections; Cytomegalovirus Infections,1,2014,0,0.0012760536242837019
valbenazine,Tourette Syndrome,4,2016,0,0.03086903747574765
valganciclovir,Congenital Cytomegalovirus Infection,1,2019,0,0.06834688392875844
valganciclovir,Cytomegalovirus Infection,1,2015,0,0.06834688392875844
valganciclovir,EBV Viremia; CMV Viremia,1,2011,0,0.0016722691201566356
valganciclovir,Kaposi Sarcoma,1,2015,0,0.06834688392875844
valganciclovir,Lung Transplant; CMV,1,2021,0,0.0016722691201566356
valganciclovir,Transplantation Infection; Epstein-Barr Virus Infections; Cytomegalovirus Infections,1,2014,0,0.0016722691201566356
vancomycin,Arthropathy of Knee Joint,2,2013,1,0.08516459974190269
vancomycin,Bacteremia,1,2011,0,0.42291776091317057
vancomycin,Bacterial Infections; Infection,1,2010,0,0.00022017642239822766
vancomycin,Chronic Rhinosinusitis (Diagnosis),1,2018,0,0.00022017642239822766
vancomycin,Clostridium Difficile,1,2014,0,0.08516459974190269
vancomycin,Clostridium Difficile Infection,2,2011,1,0.08516459974190269
vancomycin,Clostridium Difficile Infection; Diarrhea,1,2010,0,0.00022017642239822766
vancomycin,Crohn Disease,1,2018,0,0.07773802496705089
vancomycin,Crohn's Disease,1,2016,0,0.08516459974190269
vancomycin,End Stage Renal Disease,1,2017,0,0.08516459974190269
vancomycin,Hematopoietic and Lymphoid Cell Neoplasm; Malignant Solid Neoplasm,1,2021,0,0.00022017642239822766
vancomycin,INFECTION,1,2015,0,0.08516459974190269
vancomycin,Obesity,1,2014,0,0.08516459974190269
vancomycin,Oral Treatment of Clostridioides Difficile Infection,1,2020,0,0.00022017642239822766
vancomycin,"Pneumonia, Staphylococcal; Methicillin-Resistant Staphylococcus Aureus",1,2013,0,0.00022017642239822766
vancomycin,Prevention of Recurrent Clostridium Difficile Infection,1,2018,0,0.00022017642239822766
vancomycin,Primary Sclerosing Cholangitis,1,2020,0,0.08516459974190269
vancomycin,Skin and Subcutaneous Tissue Bacterial Infections,1,2011,1,0.08516459974190269
vancomycin,Skin and Subcutaneous Tissue Bacterial Infections; Gram-Positive Bacterial Infections,1,2019,0,0.00022017642239822766
vancomycin,Staphylococcal Bacteraemia,1,2021,0,0.00022017642239822766
vandetanib,Epithelial Cancer,1,2010,0,0.055754376817579644
vandetanib,GIST,1,2013,0,0.0603311142068683
vandetanib,NSCLC,2,2014,0,0.04036223620752468
vandetanib,Neck Cancer,1,2012,0,0.055754376817579644
vandetanib,Thyroid Cancer,1,2018,0,0.03477690764293831
vandetanib,Tract Cancer,1,2010,0,0.055754376817579644
vemurafenib,Advanced Melanoma,1,2014,1,0.20704888917495007
vemurafenib,Cell Leukemia,1,2012,0,0.0891933332584118
vemurafenib,Hodgkin Lymphoma,1,2017,0,0.0891933332584118
vemurafenib,Metastatic Colorectal Cancer,3,2014,0,0.20704888917495007
vemurafenib,Metastatic Melanoma,3,2011,1,0.20704888917495007
vemurafenib,Metastatic or Locally Advanced Malignancies,1,2021,0,0.008422460214161445
vemurafenib,Murine Sarcoma,1,2016,0,0.20704888917495007
vemurafenib,Mutant Melanoma,1,2016,0,0.20704888917495007
vemurafenib,Neoplasms; Solid Tumors; Biliary Cancer; Salivary Cancer; Bladder Cancer,1,2014,0,0.008422460214161445
vemurafenib,Positive Cancer,1,2012,0,0.0891933332584118
vemurafenib,Thyroid Cancer,1,2011,0,0.20704888917495007
vemurafenib,With Melanoma,1,2017,0,0.20704888917495007
vemurafenib,in Melanoma,1,2013,0,0.20704888917495007
vemurafenib,or Cancer,1,2018,0,0.0891933332584118
vemurafenib,type Melanoma,1,2018,0,0.20704888917495007
venetoclax,Acute Myelogenous Leukemia,1,2014,0,0.0723039276687433
venetoclax,Acute Myeloid Leukemia,7,2015,1,0.0723039276687433
venetoclax,Cell Lymphoma,3,2018,0,0.0723039276687433
venetoclax,Chronic Lymphocytic Leukemia,4,2014,1,0.18866446627335157
venetoclax,Chronic Lymphocytic Leukemia; Waldenstrom Macroglobulinemia; Mantle Cell Lymphoma; Marginal Zone Lymphoma; B-cell Lymphoma; Small Lymphocytic Lymphoma,1,2019,0,0.007333930045558592
venetoclax,Follicular Lymphoma,1,2014,0,0.0723039276687433
venetoclax,Hodgkin Lymphoma,1,2018,0,0.0723039276687433
venetoclax,"Leukemia, Lymphocytic, Chronic",1,2016,0,0.12770023377668066
venetoclax,"Leukemia, Lymphocytic, Chronic, B-Cell; Chronic Lymphocytic Leukemia; Small Lymphocytic Lymphoma",1,2016,0,0.007333930045558592
venetoclax,"Lymphoma, Large B-Cell, Diffuse",1,2017,0,0.0723039276687433
venetoclax,"Lymphoma, Mantle-Cell",1,2018,0,0.007333930045558592
venetoclax,"Lymphoma, Non-Hodgkin",1,2013,0,0.12770023377668066
venetoclax,Multiple Myeloma,2,2012,1,0.0723039276687433
venetoclax,Non-Hodgkin Lymphoma (NHL); Multiple Myeloma (MM); Chronic Lymphocytic Leukemia (CLL); Small Lymphocytic Lymphoma (SLL); Acute Myeloid Leukemia (AML),1,2014,0,0.007333930045558592
venetoclax,Patients With Chronic Lymphocytic Leukemia,1,2018,0,0.18866446627335157
venetoclax,Prolymphocytic Leukemia,1,2020,0,0.0723039276687433
venetoclax,Recurrent Chronic Lymphocytic Leukemia; Recurrent Small Lymphocytic Lymphoma; Refractory Chronic Lymphocytic Leukemia; Refractory Small Lymphocytic Lymphoma,1,2017,0,0.007333930045558592
venetoclax,Refractory Follicular Lymphoma,2,2016,0,0.007333930045558592
venetoclax,Refractory Lymphoma,1,2018,0,0.0723039276687433
venlafaxine,Depression,1,2014,0,0.04593598508881669
venlafaxine,Fibromyalgia Syndrome,1,2013,0,0.12445032922708281
venlafaxine,Meniere Disease,1,2020,0,0.04593598508881669
venlafaxine,Neck Pain,1,2012,0,0.04593598508881669
venlafaxine,OSA; Obstructive Sleep Apnea,1,2020,0,0.0001371802547494628
verapamil,Beta Cell Survival Therapy in Type 1 Diabetes,1,2015,0,0.020549271389593348
verapamil,COVID-19,1,2020,0,0.05476837981341678
verapamil,Children and Young Adults With Dravet Syndrome,1,2012,0,0.020549271389593348
vildagliptin,Breast Cancer,1,2020,0,0.0813969480292431
vildagliptin,Diabetes Mellitus,1,2010,0,0.0813969480292431
vildagliptin,Type 1 Diabetes,1,2016,0,0.0813969480292431
vinblastine,Bladder Cancer,1,2014,0,0.24776908430356706
vinblastine,Hodgkin Disease,1,2014,0,0.196886454552654
vinblastine,Hodgkin Lymphoma,6,2013,1,0.196886454552654
vinblastine,Pediatric Relapsed or Refractory Precursor B-Cell Acute Lymphoblastic Leukemia,1,2013,0,0.0023586944340147587
vinblastine,Tract Cancer,1,2015,0,0.24776908430356706
vincristine,Acute Leukemia,1,2014,0,0.21262208688661094
vincristine,Acute Lymphoblastic Leukemia,5,2010,1,0.21262208688661094
vincristine,Acute Lymphoblastic Leukemia; Precursor B-Cell Lymphoblastic Leukemia; Precursor T-Cell Lymphoblastic Leukemia,1,2011,0,0.21262208688661094
vincristine,Acute Lymphoblastic Lymphoma,1,2012,0,0.2084402034306755
vincristine,Associated T-Cell Leukemia,1,2010,0,0.21262208688661094
vincristine,Cell Lymphoma,7,2010,1,0.025036867726043834
vincristine,"Diffuse Astrocytoma; Anaplastic Astrocytoma; Astrocytoma; Oligodendroglioma, Childhood; Anaplastic Oligodendroglioma; Glioblastoma; Pilocytic Astrocytoma; Giant Cell Astrocytoma; Pleomorphic Xanthoastrocytoma; Anaplastic Pleomorphic Xanthoastrocytoma; Angiocentric Glioma; Chordoid Glioma of Third Ventricle; Gangliocytoma; Ganglioglioma; Anaplastic Ganglioglioma; Dysplastic Gangliocytoma of Cerebrellum; Desmoplastic Infantile Astrocytoma and Ganglioglioma; Papillary Glioneuronal Tumor; Rosette-forming Glioneurona Tumor; Central Neurocytoma; Extraventricular Neurocytoma; Cerebellar Iponeurocytoma",1,2017,0,0.0012879452595806434
vincristine,Diffuse Large B Cell Lymphoma,1,2015,0,0.0012879452595806434
vincristine,Follicular Lymphoma,1,2015,0,0.05152686096489604
vincristine,Hodgkin Lymphoma,4,2011,1,0.2084402034306755
vincristine,"Lymphoma, Large B-Cell, Diffuse",1,2016,0,0.2084402034306755
vincristine,"Lymphoma, Non-Hodgkin",1,2013,1,0.12640118060134867
vincristine,Neuroblastoma,1,2014,0,0.025036867726043834
vincristine,Newly Diagnosed Hodgkin Disease,1,2015,0,0.0012879452595806434
vincristine,Patients With Diffuse Large B Cell Lymphoma,1,2020,0,0.0012879452595806434
vincristine,"Pilomyxoid Astrocytoma; Pilocytic Astrocytoma; Glioma, Astrocytic; Optic Nerve Glioma; Pleomorphic Xanthoastrocytoma; Glioblastoma Multiforme; Anaplastic Astrocytoma; Gliosarcoma; Diffuse Intrinsic Pontine Glioma; DIPG; Low-grade Glioma; Brainstem Glioma",1,2013,0,0.0012879452595806434
vincristine,System Lymphoma,1,2011,0,0.21262208688661094
vincristine,T-Cell Lymphoma,1,2013,0,0.21262208688661094
vincristine,Young Patients With Diffuse Large B-cell Lymphoma,1,2013,0,0.21262208688661094
vincristine,cell Lymphoma,2,2012,1,0.025036867726043834
vinorelbine,Advanced Breast Cancer,1,2021,0,0.15882299648608494
vinorelbine,Advanced bReast cAncer,1,2017,0,0.15882299648608494
vinorelbine,Anaplastic Large Cell Lymphoma; Vinorelbine,2,2016,0,0.002730257819759959
vinorelbine,Breast Cancer,6,2011,1,0.15882299648608494
vinorelbine,Cell Lymphoma,1,2017,0,0.4540250246893325
vinorelbine,Low-grade Glioma,1,2011,0,0.15882299648608494
vinorelbine,Lung Cancer,3,2010,1,0.15882299648608494
vinorelbine,Mesothelioma,2,2015,0,0.15882299648608494
vinorelbine,Metastatic Breast Cancer,6,2010,1,0.15882299648608494
vinorelbine,Multiple Myeloma,1,2018,0,0.15882299648608494
vinorelbine,Multiple Myeloma; Amyloidosis,1,2014,0,0.002730257819759959
vinorelbine,NSCLC,2,2016,0,0.15882299648608494
vinorelbine,Non Small Cell Lung Cancer,1,2010,0,0.15882299648608494
vinorelbine,Patients With Stage IV Non-small Cell Lung Cancer,1,2019,0,0.002730257819759959
vinorelbine,Second-line Treatment in Advanced Breast Cancer,1,2012,0,0.002730257819759959
vitamin D3,Asthma,1,2016,0,0.050842148692692546
vorinostat,"Accelerated Phase Chronic Myelogenous Leukemia; Adult Acute Myeloid Leukemia in Remission; Adult Acute Myeloid Leukemia With 11q23 (MLL) Abnormalities; Adult Acute Myeloid Leukemia With Del(5q); Adult Acute Myeloid Leukemia With Inv(16)(p13;q22); Adult Acute Myeloid Leukemia With t(15;17)(q22;q12); Adult Acute Myeloid Leukemia With t(16;16)(p13;q22); Adult Acute Myeloid Leukemia With t(8;21)(q22;q22); Adult Grade III Lymphomatoid Granulomatosis; B-cell Chronic Lymphocytic Leukemia; Chronic Myelogenous Leukemia, BCR-ABL1 Positive; Chronic Myelomonocytic Leukemia; Chronic Phase Chronic Myelogenous Leukemia; Contiguous Stage II Adult Burkitt Lymphoma; Contiguous Stage II Adult Diffuse Large Cell Lymphoma; Contiguous Stage II Adult Diffuse Mixed Cell Lymphoma; Contiguous Stage II Adult Diffuse Small Cleaved Cell Lymphoma; Contiguous Stage II Adult Immunoblastic Large Cell Lymphoma; Contiguous Stage II Adult Lymphoblastic Lymphoma; Contiguous Stage II Grade 1 Follicular Lymphoma; Contiguous Stage II Grade 2 Follicular Lymphoma; Contiguous Stage II Grade 3 Follicular Lymphoma; Contiguous Stage II Mantle Cell Lymphoma; Contiguous Stage II Marginal Zone Lymphoma; Contiguous Stage II Small Lymphocytic Lymphoma; Cutaneous B-cell Non-Hodgkin Lymphoma; Extranodal Marginal Zone B-cell Lymphoma of Mucosa-associated Lymphoid Tissue; Graft Versus Host Disease; Intraocular Lymphoma; Myelodysplastic Syndrome With Isolated Del(5q); Myelodysplastic/Myeloproliferative Neoplasm, Unclassifiable; Nodal Marginal Zone B-cell Lymphoma; Noncontiguous Stage II Adult Burkitt Lymphoma; Noncontiguous Stage II Adult Diffuse Large Cell Lymphoma; Noncontiguous Stage II Adult Diffuse Mixed Cell Lymphoma; Noncontiguous Stage II Adult Diffuse Small Cleaved Cell Lymphoma; Noncontiguous Stage II Adult Immunoblastic Large Cell Lymphoma; Noncontiguous Stage II Adult Lymphoblastic Lymphoma; Noncontiguous Stage II Grade 1 Follicular Lymphoma; Noncontiguous Stage II Grade 2 Follicular Lymphoma; Noncontiguous Stage II Grade 3 Follicular Lymphoma; Noncontiguous Stage II Mantle Cell Lymphoma; Noncontiguous Stage II Marginal Zone Lymphoma; Noncontiguous Stage II Small Lymphocytic Lymphoma; Post-transplant Lymphoproliferative Disorder; Primary Central Nervous System Hodgkin Lymphoma; Primary Central Nervous System Non-Hodgkin Lymphoma; Recurrent Adult Acute Myeloid Leukemia; Recurrent Adult Burkitt Lymphoma; Recurrent Adult Diffuse Large Cell Lymphoma; Recurrent Adult Diffuse Mixed Cell Lymphoma; Recurrent Adult Diffuse Small Cleaved Cell Lymphoma; Recurrent Adult Grade III Lymphomatoid Granulomatosis; Recurrent Adult Hodgkin Lymphoma; Recurrent Adult Immunoblastic Large Cell Lymphoma; Recurrent Adult Lymphoblastic Lymphoma; Recurrent Grade 1 Follicular Lymphoma; Recurrent Grade 2 Follicular Lymphoma; Recurrent Grade 3 Follicular Lymphoma; Recurrent Mantle Cell Lymphoma; Recurrent Marginal Zone Lymphoma; Recurrent Small Lymphocytic Lymphoma; Refractory Anemia; Refractory Anemia With Excess Blasts; Refractory Anemia With Ringed Sideroblasts; Refractory Chronic Lymphocytic Leukemia; Refractory Cytopenia With Multilineage Dysplasia; Refractory Hairy Cell Leukemia; Relapsing Chronic Myelogenous Leukemia; Secondary Central Nervous System Hodgkin Lymphoma; Secondary Central Nervous System Non-Hodgkin Lymphoma; Small Intestine Lymphoma; Splenic Marginal Zone Lymphoma; Stage I Adult Burkitt Lymphoma; Stage I Adult Diffuse Large Cell Lymphoma; Stage I Adult Diffuse Mixed Cell Lymphoma; Stage I Adult Diffuse Small Cleaved Cell Lymphoma; Stage I Adult Hodgkin Lymphoma; Stage I Adult Immunoblastic Large Cell Lymphoma; Stage I Adult Lymphoblastic Lymphoma; Stage I Chronic Lymphocytic Leukemia; Stage I Grade 1 Follicular Lymphoma; Stage I Grade 2 Follicular Lymphoma; Stage I Grade 3 Follicular Lymphoma; Stage I Mantle Cell Lymphoma; Stage I Marginal Zone Lymphoma; Stage I Small Lymphocytic Lymphoma; Stage II Adult Hodgkin Lymphoma; Stage II Chronic Lymphocytic Leukemia; Stage III Adult Burkitt Lymphoma; Stage III Adult Diffuse Large Cell Lymphoma; Stage III Adult Diffuse Mixed Cell Lymphoma; Stage III Adult Diffuse Small Cleaved Cell Lymphoma; Stage III Adult Hodgkin Lymphoma; Stage III Adult Immunoblastic Large Cell Lymphoma; Stage III Adult Lymphoblastic Lymphoma; Stage III Chronic Lymphocytic Leukemia; Stage III Grade 1 Follicular Lymphoma; Stage III Grade 2 Follicular Lymphoma; Stage III Grade 3 Follicular Lymphoma; Stage III Mantle Cell Lymphoma; Stage III Marginal Zone Lymphoma; Stage IV Adult Burkitt Lymphoma; Stage IV Adult Diffuse Large Cell Lymphoma; Stage IV Adult Diffuse Mixed Cell Lymphoma; Stage IV Adult Diffuse Small Cleaved Cell Lymphoma; Stage IV Adult Hodgkin Lymphoma; Stage IV Adult Immunoblastic Large Cell Lymphoma; Stage IV Adult Lymphoblastic Lymphoma; Stage IV Chronic Lymphocytic Leukemia; Stage IV Grade 1 Follicular Lymphoma; Stage IV Grade 2 Follicular Lymphoma; Stage IV Grade 3 Follicular Lymphoma; Stage IV Mantle Cell Lymphoma; Stage IV Marginal Zone Lymphoma; Stage IV Small Lymphocytic Lymphoma; Testicular Lymphoma; Waldenström Macroglobulinemia",1,2013,0,0.0003303362652072177
vorinostat,Acute HIV Infection,1,2015,0,0.001610915066196161
vorinostat,Acute Lymphoblastic Leukemia; Precursor B-Cell Lymphoblastic Leukemia; Precursor T-Cell Lymphoblastic Leukemia,1,2011,0,0.001610915066196161
vorinostat,Acute Myeloid Leukemia,1,2013,0,0.001610915066196161
vorinostat,Advanced Melanoma,1,2016,0,0.001610915066196161
vorinostat,Advanced Sarcoma,1,2013,0,0.001610915066196161
vorinostat,Anaplastic Astrocytoma; Anaplastic Oligoastrocytoma; Diffuse Intrinsic Pontine Glioma; Gliosarcoma,1,2010,0,0.0003303362652072177
vorinostat,Brain Cancer; Glioblastoma Multiforme,1,2011,0,0.0003303362652072177
vorinostat,Brain Stem Glioma; Cerebral Astrocytoma; Childhood Cerebellar Anaplastic Astrocytoma; Childhood Cerebral Anaplastic Astrocytoma; Childhood Spinal Cord Neoplasm,1,2011,0,0.0003303362652072177
vorinostat,Breast Neoplasms,1,2015,0,0.001610915066196161
vorinostat,Cell Lymphoma,1,2010,0,0.001610915066196161
vorinostat,Colorectal Cancer,1,2015,0,0.001610915066196161
vorinostat,Cutaneous T-Cell Lymphoma/Mycosis Fungoides,1,2019,0,0.001610915066196161
vorinostat,Cystic Carcinoma,1,2010,0,0.001610915066196161
vorinostat,Graft vs Host Disease; Hematologic Neoplasms; Non-Neoplastic Hematologic and Lymphocytic Disorder,1,2014,0,0.0003303362652072177
vorinostat,HIV,1,2015,0,0.001610915066196161
vorinostat,HIV Infections,1,2018,0,0.001610915066196161
vorinostat,HIV-1 Infection,1,2011,0,0.001610915066196161
vorinostat,High Risk Myelodysplastic Syndrome,1,2013,0,0.001610915066196161
vorinostat,Hodgkin Lymphoma,2,2010,0,0.001610915066196161
vorinostat,"Leukemia, Myeloid, Acute",1,2012,0,0.053541514851321435
vorinostat,Malignant Glioma; Recurrent Glioblastoma,1,2011,0,0.0003303362652072177
vorinostat,Multiple Myeloma,1,2011,0,0.001610915066196161
vorinostat,Neck Cancer,1,2015,0,0.001610915066196161
vorinostat,Neimann-Pick Disease,1,2014,0,0.001610915066196161
vorinostat,Neuroblastoma,1,2014,0,0.001610915066196161
vorinostat,Recurrent Glioblastoma Multiforme; Malignant Glioma; Adult Brain Tumor,1,2013,0,0.0003303362652072177
vorinostat,Refractory Lymphoma,1,2013,0,0.001610915066196161
vorinostat,Tissue Sarcoma,1,2010,0,0.001610915066196161
warfarin,Atrial Fibrillation,1,2011,1,0.01538575637797945
warfarin,Atrial Fibrillation; End Stage Renal Failure on Dialysis,1,2019,0,0.002078207646433781
warfarin,Coronary Artery Bypass Grafting; Postoperative Atrial Fibrilation; Stroke; Systemic Embolism; Deep Venous Thrombosis,1,2016,0,0.002078207646433781
warfarin,Deep Vein Thrombosis; Venous Thrombosis,1,2012,0,0.002078207646433781
warfarin,Heart Failure,1,2021,0,0.01538575637797945
warfarin,Ischemic Stroke; Transient Ischemic Attack,1,2014,0,0.002078207646433781
warfarin,Valvular Heart Disease,1,2015,0,0.006865281918210409
zolpidem,Insomnia Disorder,2,2016,0,0.08754524558307916
zolpidem,Insomnia Disorders,1,2017,0,0.08754524558307916
zolpidem,Parkinson's Disease,1,2018,0,0.01276437961973875
zolpidem,Primary Insomnia; Secondary Insomnia,1,2013,0,0.0006823981305022665
