nct,label,proba,fold
NCT06418711,0,0.417501385889528,0
NCT04925960,0,0.6630066921383576,0
NCT04944784,0,0.7367755954292429,0
NCT04551053,0,0.7732434026312947,0
NCT04551066,0,0.7732434026312947,0
NCT04393038,0,0.013648368341322747,0
NCT03926624,0,0.9661985198500767,0
NCT02759120,0,0.9992716306442916,0
NCT03028740,0,0.9977648500028814,0
NCT02972658,0,0.009362247401161766,0
NCT02932475,0,0.9722123362339973,0
NCT02783573,0,0.025465538995899633,0
NCT02587351,0,0.9881514571491813,0
NCT02332928,0,0.7979134658606397,0
NCT02454855,0,0.7908439971829514,0
NCT02245737,0,0.025465538995899633,0
NCT02313909,0,0.013623662653108796,0
NCT01130246,0,0.9995850157405936,0
NCT01067144,0,0.7684244222159258,0
NCT01038739,0,0.7555734445249412,0
NCT03131453,0,0.09361952277270724,0
NCT02618577,0,0.6646870207527074,0
NCT02489500,0,0.9388055668468387,0
NCT01954082,0,0.6596908878552068,0
NCT01277510,0,0.5501998186703709,0
NCT01204853,0,0.999703835082465,0
NCT01210443,0,0.9997743917131213,0
NCT00796510,0,0.9403799100533717,0
NCT07289945,1,0.8906409642163017,0
NCT06685679,1,0.8562959088670604,0
NCT07289945,1,0.9332009865018268,0
NCT05586971,1,0.6000984454046786,0
NCT05763875,1,0.9971227129713862,0
NCT05754996,1,0.9464275051921803,0
NCT05794555,1,0.9995412610093203,0
NCT06103188,1,0.8535729202330509,0
NCT05680129,1,0.9226253177983783,0
NCT06042855,0,0.07885439125494773,0
NCT06297954,1,0.8090967594054626,0
NCT05773846,1,0.6285359188032279,0
NCT05639946,1,0.8227831316589528,0
NCT05726097,1,0.9285845662033857,0
NCT05430217,1,0.51524464683558,0
NCT05620641,1,0.7879616751185027,0
NCT05137717,1,0.9990817911291648,0
NCT04826692,1,0.7901209715996849,0
NCT05280496,1,0.9996314866194783,0
NCT05413369,1,0.9982353206071052,0
NCT05722951,1,0.9222712426137641,0
NCT05072704,1,0.9958025728682757,0
NCT05601882,1,0.9995638649146915,0
NCT04956432,1,0.7931501807906237,0
NCT04847947,1,0.5098018735748263,0
NCT05083923,1,0.8585590653946725,0
NCT04730037,1,0.8535262202183322,0
NCT04591353,1,0.9974705324672531,0
NCT04775225,1,0.8349165158223546,0
NCT04510194,0,0.998069213825623,0
NCT04885530,0,0.10072614124517872,0
NCT04221750,1,0.7856640578664584,0
NCT04807348,1,0.9716473298195644,0
NCT04304261,1,0.9406022365490179,0
NCT04799249,0,0.6981297179731101,0
NCT04401579,1,0.0035939495087214364,0
NCT04421027,0,0.004028102969424327,0
NCT04640168,0,0.0035939495087214364,0
NCT04338269,1,0.9532081478612122,0
NCT04471428,0,0.5922132417354025,0
NCT04535791,0,0.004955509946707867,0
NCT04640168,0,0.021860176257768683,0
NCT04079452,1,0.9953495633343233,0
NCT04230980,1,0.8363081235978728,0
NCT04500158,1,0.9973523764013306,0
NCT04264897,1,0.8690329972976123,0
NCT05921942,1,0.9708626035083164,0
NCT04456699,0,0.5448353553562608,0
NCT04280705,1,0.007534092095266075,0
NCT04292730,1,0.17428432084382578,0
NCT04292899,1,0.17428432084382578,0
NCT04409262,1,0.5658024010143488,0
NCT04492475,1,0.007534092095266075,0
NCT04546581,1,0.6192522127860911,0
NCT04593940,1,0.010726787055611883,0
NCT04678739,1,0.8312845897485873,0
NCT04853901,1,0.3799519945297757,0
NCT04327063,1,0.9538549461206602,0
NCT04910165,1,0.9823074611650131,0
NCT03841812,1,0.9974507542512303,0
NCT04355962,0,0.8564150631285072,0
NCT04195698,1,0.9997499150395227,0
NCT04218734,1,0.9943217651746479,0
NCT04008706,1,0.9992802911335598,0
NCT03735979,1,0.6346489625463594,0
NCT03768427,1,0.9976221104318255,0
NCT03899259,1,0.6479925600807694,0
NCT03685630,1,0.9818659714203969,0
NCT05164549,1,0.7330070195090326,0
NCT03742505,1,0.8806200906389579,0
NCT03917459,1,0.8246856385928966,0
NCT03788967,1,0.9973887078908156,0
NCT03806530,1,0.8659029926302777,0
NCT03677817,0,0.6756881412392152,0
NCT03844984,1,0.003625171170130656,0
NCT04069169,0,0.6391741193708048,0
NCT03798054,1,0.9948620743211635,0
NCT03798080,1,0.9943462274304091,0
NCT03862716,1,0.9939779890882225,0
NCT04029480,1,0.9902411580665357,0
NCT03853798,1,0.35238037978105813,0
NCT03834519,1,0.9978113499537793,0
NCT03915769,1,0.28406049775555325,0
NCT03702582,1,0.837772811678105,0
NCT03996772,1,0.7809780754266161,0
NCT03806530,1,0.86387279287784,0
NCT03936387,1,0.9470375667479889,0
NCT03935217,1,0.8503863548389773,0
NCT04017832,1,0.9835638121959249,0
NCT03176134,1,0.9996173512146429,0
NCT03725202,1,0.6290090667279269,0
NCT04169373,1,0.584349290749914,0
NCT03439046,1,0.9957959620144157,0
NCT03491462,0,0.7490823895023497,0
NCT03415178,1,0.8385918781824694,0
NCT03334435,1,0.9930431497601997,0
NCT03428100,1,0.9930431497601997,0
NCT03435081,1,0.9930431497601997,0
NCT03616964,0,0.7832971188818066,0
NCT03733301,1,0.9930431497601997,0
NCT03773978,1,0.6366036672887598,0
NCT03475225,0,0.5408085774747203,0
NCT04476511,1,0.9774324835251189,0
NCT03299244,1,0.6504031301441326,0
NCT05761418,1,0.9959288871349529,0
NCT03395639,1,0.857638511612685,0
NCT03439046,1,0.9986663558093314,0
NCT03375515,1,0.9145367600142311,0
NCT03439046,1,0.9988320910267264,0
NCT03529123,1,0.9959891809229816,0
NCT03841591,1,0.9993646672641134,0
NCT05451147,1,0.9990607380273113,0
NCT05761418,1,0.9952436625777119,0
NCT03286842,1,0.9966886979485814,0
NCT03402841,1,0.9985283204078189,0
NCT03440385,0,0.5708858114073908,0
NCT03439046,1,0.9982301192636766,0
NCT05576675,1,0.9509414731520133,0
NCT02955212,1,0.9903097796017042,0
NCT03569293,1,0.9965768023678057,0
NCT03607422,1,0.9965768023678057,0
NCT03653026,1,0.7766618039333909,0
NCT03661138,1,0.9983951346391743,0
NCT03465722,1,0.9454270504659495,0
NCT03553498,1,0.9969081256355269,0
NCT03185065,1,0.7983327065315767,0
NCT03179631,1,0.7358829002717662,0
NCT03268954,1,0.8707750459933699,0
NCT03334396,1,0.9930431497601997,0
NCT03334422,1,0.9930431497601997,0
NCT03083665,1,0.9065383390406655,0
NCT03250377,1,0.9916223033702868,0
NCT02526212,1,0.9485916022158193,0
NCT03232346,1,0.9816880176793616,0
NCT03001661,1,0.8602977973232242,0
NCT03067597,1,0.9991853516424213,0
NCT03067727,1,0.9963357054738995,0
NCT02798471,1,0.8395071680946059,0
NCT02866175,1,0.8942346566873707,0
NCT02942576,1,0.9805267167152725,0
NCT03244319,1,0.9464373560588577,0
NCT03066804,1,0.995220834749847,0
NCT03265574,0,0.9970261724806436,0
NCT03025308,1,0.9975363860613125,0
NCT03269344,0,0.7684244222159258,0
NCT02927067,1,0.6665651191232558,0
NCT03066830,1,0.9927227151974003,0
NCT03130426,1,0.9927800162455245,0
NCT03214380,1,0.9839674958399255,0
NCT03268005,1,0.9831058568872898,0
NCT03309007,1,0.8724156180863287,0
NCT02980276,1,0.7371236029459979,0
NCT03185065,1,0.18552543535750068,0
NCT03220958,1,0.7992472447547994,0
NCT03185065,1,0.264563021940644,0
NCT03091699,1,0.9995451053512275,0
NCT02947269,0,0.6893783833215693,0
NCT03055026,1,0.8133001683612893,0
NCT03181386,1,0.9431058019031047,0
NCT04569279,1,0.9364175340438721,0
NCT02959476,1,0.9570576255629536,0
NCT03061214,1,0.9818950140524535,0
NCT03076112,1,0.9977482128024954,0
NCT03115112,1,0.9676895374779637,0
NCT03086343,1,0.9902772600480145,0
NCT03104374,1,0.9987378319375301,0
NCT03104400,1,0.9984283512467225,0
NCT03345836,1,0.8319966968237791,0
NCT03345849,1,0.8319966968237791,0
NCT02901041,0,0.8067969776295844,0
NCT02502175,1,0.6817034342388636,0
NCT02987543,1,0.996405585489684,0
NCT02935530,1,0.9995721118923633,0
NCT02662569,1,0.9833014419022195,0
NCT02679261,0,0.626642808004006,0
NCT03433196,1,0.7871310722169764,0
NCT02723383,0,0.6792058011353842,0
NCT02634788,1,0.9834012373497172,0
NCT02617017,0,0.46618726745983613,0
NCT02754765,1,0.965554231215908,0
NCT02754765,1,0.9758534050900789,0
NCT02698514,1,0.9060180919548319,0
NCT02830243,1,0.9991216402869731,0
NCT02872389,1,0.9991216402869731,0
NCT02900378,1,0.689826764864356,0
NCT02634580,1,0.9955170745986579,0
NCT02748057,1,0.9568347604668004,0
NCT02749994,1,0.9980176507055399,0
NCT02873936,1,0.9785893581789272,0
NCT02886728,1,0.9785893581789272,0
NCT02889796,1,0.9785893581789272,0
NCT02914522,1,0.8901666176583946,0
NCT02914561,1,0.7428458815024763,0
NCT02705534,1,0.9996145293473369,0
NCT02754765,1,0.9671258035353956,0
NCT02931539,1,0.7440251071764411,0
NCT02386319,1,0.9986991381051411,0
NCT02536417,1,0.1272730227915523,0
NCT02522780,0,0.8822279105683402,0
NCT02593097,0,0.9992335498602245,0
NCT02752412,1,0.9986940364454385,0
NCT02794792,1,0.9970796596720622,0
NCT02831361,1,0.9927227151974003,0
NCT02926950,1,0.9949992796482368,0
NCT03320694,1,0.9223159416653296,0
NCT03792984,1,0.8788506543517125,0
NCT02558010,1,0.9972375322158331,0
NCT02751931,1,0.7577140470939975,0
NCT02754765,1,0.976503912519068,0
NCT02521662,1,0.997248580551783,0
NCT02849626,1,0.889703988615392,0
NCT02754765,1,0.740236585123144,0
NCT02705534,1,0.9993697248578348,0
NCT02941926,1,0.9978685767298492,0
NCT02833948,1,0.7986701508770391,0
NCT02846532,1,0.9364175340438721,0
NCT02839642,1,0.7461699798499882,0
NCT03480165,1,0.7918722319680267,0
NCT02698514,1,0.9429768415969105,0
NCT02830243,1,0.9991713615324901,0
NCT02872389,1,0.9991713615324901,0
NCT02738879,1,0.9796515288659469,0
NCT02791490,1,0.9400712726252346,0
NCT02705534,1,0.9996542797190242,0
NCT02914509,1,0.9971494541744342,0
NCT02828163,1,0.7695481711541129,0
NCT02706847,1,0.9824613491139752,0
NCT02706873,1,0.986061746700388,0
NCT02706951,1,0.9888601032643155,0
NCT03075241,1,0.9961886650047993,0
NCT02900352,1,0.6961426323348378,0
NCT02752035,0,0.8660551935317395,0
NCT02946073,1,0.988219635640769,0
NCT02752035,0,0.15382044650109292,0
NCT02897349,1,0.9992125391442069,0
NCT03059238,1,0.855053759691626,0
NCT03096847,1,0.9084396919159603,0
NCT02746185,1,0.8483105428008076,0
NCT02607865,1,0.9818950140524535,0
NCT02849080,1,0.995203557590754,0
NCT02437318,1,0.2748340499822893,0
NCT03587025,1,0.6048203952746212,0
NCT02522117,1,0.6914900941927706,0
NCT02584504,1,0.9968817052143505,0
NCT02586155,1,0.6376169418937482,0
NCT02577406,1,0.8277042466520649,0
NCT02480764,1,0.9966062683944996,0
NCT02187198,1,0.9719748694561355,0
NCT02750293,1,0.748955019298468,0
NCT02341417,1,0.8434740194255756,0
NCT02502032,1,0.5490912278852655,0
NCT02322502,1,0.8635086677688301,0
NCT02609802,1,0.9165479060106916,0
NCT02073682,1,0.856692094315875,0
NCT02468232,1,0.6588793816669316,0
NCT02480114,1,0.8614947999502865,0
NCT03158376,1,0.8082095063222196,0
NCT02322320,1,0.9986633109023053,0
NCT02525016,1,0.9993301654178924,0
NCT02990364,1,0.996055233391698,0
NCT02453555,1,0.942282648821886,0
NCT02851745,0,0.7726265759169109,0
NCT02363998,1,0.9541006912972791,0
NCT02389621,1,0.7147115530245148,0
NCT02197221,1,0.9950775713946313,0
NCT02522767,0,0.8790284736648315,0
NCT02519543,1,0.10779438186659886,0
NCT02551874,1,0.9927800162455245,0
NCT02586129,1,0.9982106060253669,0
NCT02597049,1,0.9957756733951293,0
NCT02638805,1,0.9929269602288086,0
NCT02282020,1,0.9978847721286946,0
NCT02477644,1,0.9924229766081614,0
NCT02427607,1,0.880385078397126,0
NCT02371369,1,0.6477255586012501,0
NCT02422615,1,0.2676579622933487,0
NCT02164578,1,0.8421832318116926,0
NCT02486445,1,0.9130439075854152,0
NCT02555878,0,0.6146379522440365,0
NCT02408393,1,0.9693317933177968,0
NCT02410317,1,0.9976228631298304,0
NCT02609802,1,0.9495961326903494,0
NCT02532855,1,0.9785271211878621,0
NCT02536248,1,0.9720642592575337,0
NCT02564211,1,0.9960271687581265,0
NCT02577003,1,0.9400712726252346,0
NCT02577016,1,0.9506806541743503,0
NCT02604446,0,0.6682106253408673,0
NCT02354222,1,0.9614648781409963,0
NCT02354235,1,0.9614648781409963,0
NCT02567994,1,0.9910284235418187,0
NCT02675426,1,0.9906853552282091,0
NCT02920905,1,0.9958677588835282,0
NCT02285062,0,0.8385572203990656,0
NCT02491333,1,0.8000205032568648,0
NCT02821169,0,0.9570576255629536,0
NCT02017171,0,0.999207651328468,0
NCT02135029,1,0.6701621323100124,0
NCT02189837,1,0.6531670105357857,0
NCT02203916,1,0.9965388282568767,0
NCT02265705,1,0.9828097979182544,0
NCT02035267,1,0.7028317555188348,0
NCT02072434,1,0.9810542610057735,0
NCT03288038,1,0.9947777572453134,0
NCT01996865,0,0.985738643548892,0
NCT02128061,1,0.8905264486984564,0
NCT02217267,1,0.8065820343444523,0
NCT02726737,1,0.8161526797212907,0
NCT02015299,1,0.9954618152853429,0
NCT02280629,1,0.906785197941469,0
NCT02040376,1,0.8285177387210185,0
NCT02045290,1,0.9987925312436949,0
NCT02058147,1,0.9943462274304091,0
NCT02152371,1,0.9984994035925295,0
NCT01386671,1,0.9834801971906341,0
NCT02068443,1,0.9967061175931977,0
NCT02045862,1,0.6004141620671377,0
NCT01959074,1,0.438146827106959,0
NCT03106454,1,0.9894775033731086,0
NCT02184195,1,0.10932547204926868,0
NCT02161146,1,0.8875072244256872,0
NCT02294058,1,0.5832346162776514,0
NCT02090764,1,0.8467572854557434,0
NCT02278120,1,0.2579057230718763,0
NCT02123524,1,0.6278902931370358,0
NCT02154763,1,0.61333981648874,0
NCT02256228,1,0.9440215330302713,0
NCT02173457,1,0.9884915217103859,0
NCT02019420,1,0.9979599718915922,0
NCT02022930,1,0.9880001103011009,0
NCT02873026,1,0.7537859947721524,0
NCT02254291,1,0.9961406958882845,0
NCT01805726,1,0.8149042254244532,0
NCT01826487,0,0.7277765871829849,0
NCT01946815,1,0.9993499067549363,0
NCT01953328,1,0.6142305936329922,0
NCT02084069,1,0.8129267933391662,0
NCT01721044,1,0.9804165539299742,0
NCT01885078,1,0.9804165539299742,0
NCT01945294,1,0.9989770568435253,0
NCT01848054,1,0.6248592385649883,0
NCT01908842,1,0.504408591955998,0
NCT01828099,1,0.974451122645192,0
NCT01828112,1,0.9848558282356537,0
NCT02644395,1,0.9610151415114881,0
NCT02069990,1,0.8436196425340522,0
NCT02087007,1,0.996460147923551,0
NCT02094469,1,0.9994906754760352,0
NCT01896232,1,0.681554642455707,0
NCT02481193,1,0.5510043909562161,0
NCT02004522,1,0.9983205955834134,0
NCT01763827,1,0.8081020070210279,0
NCT01763905,1,0.8081020070210279,0
NCT01849068,1,0.7746846998695482,0
NCT01888497,1,0.9985396552995036,0
NCT01774721,1,0.8822426483083136,0
NCT01865110,1,0.9515829757904429,0
NCT01938001,1,0.997934337486514,0
NCT01808131,1,0.9179284425427864,0
NCT01944098,1,0.9972689656690371,0
NCT01734785,1,0.9950381614706143,0
NCT02376075,1,0.6501619071922236,0
NCT01916252,1,0.9953316146805784,0
NCT01677923,1,0.9995747841183068,0
NCT01697566,1,0.8891682862448401,0
NCT01779375,0,0.9836189903521659,0
NCT01787396,1,0.9958572667096118,0
NCT01808690,1,0.9983306104346559,0
NCT01825798,1,0.8000205032568648,0
NCT02033889,1,0.9951236698463181,0
NCT02514629,1,0.8140349396310218,0
NCT02773927,1,0.8657120725901885,0
NCT02778776,1,0.8657120725901885,0
NCT01958476,1,0.9964438658266881,0
NCT01972841,1,0.5791370330531722,0
NCT02476175,1,0.9730502003321287,0
NCT01924533,1,0.9931840279137765,0
NCT02047734,1,0.5832346162776514,0
NCT01864915,1,0.8147362432081782,0
NCT01958021,1,0.18070665127071855,0
NCT01709084,1,0.9672147168110193,0
NCT01431456,1,0.9991370921089482,0
NCT01877915,0,0.6235006803308589,0
NCT02926170,0,0.8270343256416304,0
NCT01652729,1,0.9919531804425725,0
NCT01937598,1,0.9802552418031375,0
NCT02043054,1,0.8666933386891995,0
NCT02329600,1,0.9368873571274839,0
NCT01808144,1,0.9179284425427864,0
NCT01700959,1,0.8627945169525041,0
NCT01871415,1,0.9949992796482368,0
NCT02135510,1,0.9505688719126513,0
NCT02468830,1,0.9730502003321287,0
NCT01729871,1,0.7985767630698574,0
NCT01455870,1,0.9763605376528471,0
NCT01930188,1,0.9468419873597919,0
NCT01724528,1,0.7987474061600133,0
NCT01987570,1,0.9980237821155215,0
NCT00764478,1,0.9968541796464581,0
NCT01617187,1,0.8311713819705162,0
NCT01617200,1,0.9164718839924618,0
NCT01557400,1,0.9077816104877249,0
NCT01543555,1,0.6156410483725474,0
NCT01820767,1,0.9988651974765665,0
NCT02355704,1,0.8135519188415562,0
NCT01738282,0,0.690280912334092,0
NCT01710358,1,0.9812438530981198,0
NCT01711359,1,0.9804165539299742,0
NCT01721057,1,0.9812438530981198,0
NCT01544920,1,0.9992665863907848,0
NCT01585584,1,0.9993214267835433,0
NCT01653262,1,0.9813735374980602,0
NCT01728077,1,0.975563707594503,0
NCT01633944,1,0.9868595131706616,0
NCT01675167,1,0.9892776012419857,0
NCT01499277,1,0.6674911622027206,0
NCT01532882,1,0.6805675824429258,0
NCT01516060,1,0.9978449519816615,0
NCT01553591,1,0.9977947474014239,0
NCT01553747,1,0.9977947474014239,0
NCT01644188,1,0.9955170745986579,0
NCT01644474,1,0.9968858708166651,0
NCT01730053,1,0.9955170745986579,0
NCT01857583,1,0.9997646786453652,0
NCT01544179,0,0.7985538154035307,0
NCT01731431,0,0.9994640953726556,0
NCT01539512,1,0.7100001163632766,0
NCT01569295,1,0.7100001163632766,0
NCT01553318,0,0.07433359513073896,0
NCT01650701,1,0.9995838408072484,0
NCT01510158,1,0.9157940296843289,0
NCT01510769,1,0.8768592269012826,0
NCT01401647,1,0.9974079156344725,0
NCT01694134,1,0.9994030886330159,0
NCT01708330,1,0.770152120504032,0
NCT01835678,1,0.9826791977821252,0
NCT01566474,1,0.958796281691963,0
NCT01705639,1,0.9618806546995471,0
NCT02706054,1,0.9985803945900169,0
NCT01517412,1,0.9987807660027475,0
NCT01545388,1,0.9934382157110341,0
NCT01624259,1,0.9933569801689018,0
NCT01648582,1,0.9984188569071365,0
NCT01702298,1,0.9979644194312717,0
NCT01792830,1,0.9254320590912604,0
NCT01915550,1,0.9993345281895795,0
NCT01793480,1,0.9591192107882287,0
NCT02222220,1,0.8203499738692832,0
NCT01638000,1,0.5791370330531722,0
NCT01702532,1,0.999557661180367,0
NCT01618695,1,0.00470732205042115,0
NCT01499953,1,0.9170867460864798,0
NCT01462266,1,0.9400712726252346,0
NCT01485614,0,0.6845763029552719,0
NCT01552694,1,0.8268971307719658,0
NCT01590771,1,0.9817942354758183,0
NCT01590797,1,0.9834201219925668,0
NCT01401647,1,0.9961273840777921,0
NCT01395992,1,0.3424146470483815,0
NCT01743651,1,0.7585809219971444,0
NCT01605227,0,0.9947418006984212,0
NCT01556776,1,0.9950488509236624,0
NCT01508702,1,0.9395902924919736,0
NCT01650246,1,0.9919372522431978,0
NCT01541215,1,0.9806267504585671,0
NCT01556165,1,0.8554762127531946,0
NCT01320722,0,0.82186572810073,0
NCT01736514,1,0.9816087843620476,0
NCT02082769,1,0.7346619288319668,0
NCT01529528,1,0.9866987012038043,0
NCT01529541,1,0.9866987012038043,0
NCT01244828,1,0.9899451052837431,0
NCT01349907,1,0.9417249826012261,0
NCT01278459,1,0.6115897099941051,0
NCT01370603,1,0.994827199593828,0
NCT01425203,1,0.9941497964971033,0
NCT01338415,1,0.9992606263889569,0
NCT01339559,1,0.975563707594503,0
NCT01407575,1,0.9937919396478606,0
NCT01292720,1,0.9919015475668853,0
NCT02266030,1,0.9983368128356546,0
NCT01471444,1,0.838471123055039,0
NCT02085408,1,0.838471123055039,0
NCT02085408,1,0.8615001373240112,0
NCT01271894,1,0.9978449519816615,0
NCT01451333,1,0.996458271452984,0
NCT01470144,1,0.9998341909698544,0
NCT01370616,1,0.7383946282323914,0
NCT01304706,1,0.9866542041526282,0
NCT01116583,1,0.9980678660658939,0
NCT02120703,1,0.9626033517193211,0
NCT01404260,1,0.9566436075797139,0
NCT01476787,0,0.8901415829630434,0
NCT01493531,1,0.9224219202397427,0
NCT01154738,1,0.9873737731141208,0
NCT01147289,1,0.953601793626735,0
NCT01413178,1,0.9953316146805784,0
NCT01877837,1,0.131277342725618,0
NCT01411176,1,0.9925888249099643,0
NCT01411189,1,0.9989210816989716,0
NCT01334125,0,0.9972488233613643,0
NCT01353391,0,0.9831058568872898,0
NCT01368081,1,0.9986347766697093,0
NCT01370707,1,0.9969517068690043,0
NCT01381900,1,0.9904392762890093,0
NCT01483560,1,0.9987184818473583,0
NCT01487993,1,0.8135727898394153,0
NCT01760447,1,0.9967061175931977,0
NCT03086005,1,0.9982581763076646,0
NCT01393743,1,0.7372087680155756,0
NCT01320722,0,0.9952079197273017,0
NCT01736891,1,0.9154951059133226,0
NCT01266902,1,0.9727216577237487,0
NCT01285271,1,0.8996900569808423,0
NCT01334229,1,0.9515824226400367,0
NCT01356602,1,0.36947087423643554,0
NCT01244815,1,0.7725670499923695,0
NCT01396291,1,0.9976122006312355,0
NCT01223352,1,0.9992606263889569,0
NCT01395290,1,0.9946653991612459,0
NCT01422876,1,0.9926364962139135,0
NCT01290939,1,0.8714951174324739,0
NCT01505426,1,0.9965817247108324,0
NCT01376349,1,0.7929007992615896,0
NCT01330381,0,0.09993491891928029,0
NCT01296412,1,0.9993230616854231,0
NCT01301833,1,0.9938495008715192,0
NCT01235637,1,0.8732222070058937,0
NCT01092221,1,0.9976737499753384,0
NCT01101035,1,0.7239227897658206,0
NCT01142596,1,0.8710471001657899,0
NCT01140451,1,0.9693011642769421,0
NCT01236365,1,0.9977307673265123,0
NCT01074047,1,0.8087203225039699,0
NCT01218607,1,0.59817455418501,0
NCT01261325,1,0.9189296144229817,0
NCT01114308,1,0.6693965029730532,0
NCT01256450,0,0.9872892024476355,0
NCT01130181,0,0.7267915096763522,0
NCT01138475,1,0.5176475684654781,0
NCT01190683,1,0.9128081645307836,0
NCT02005718,1,0.9992779575581309,0
NCT00975221,1,0.6841085348046746,0
NCT01219881,1,0.8888393963925117,0
NCT01527786,1,0.2143957091659362,0
NCT01069900,1,0.7028545453382581,0
NCT00770133,1,0.7294057503018023,0
NCT01029262,1,0.6555320726864838,0
NCT01109004,1,0.9987705566161882,0
NCT01243476,1,0.6942680671326568,0
NCT01087502,1,0.9992567248265408,0
NCT01194830,1,0.9965132168872003,0
NCT01204294,1,0.9995069100092446,0
NCT01214239,1,0.9993303739330225,0
NCT01215097,1,0.9993303739330225,0
NCT01357031,1,0.9993122531245329,0
NCT01412372,1,0.9978586180816369,0
NCT01034111,1,0.9986347766697093,0
NCT01076075,1,0.9932531313014584,0
NCT01106625,1,0.9971884062595789,0
NCT01126580,1,0.9961971749849577,0
NCT01137812,1,0.9971884062595789,0
NCT01169779,1,0.9949992796482368,0
NCT01186770,1,0.9981819744441873,0
NCT01225081,1,0.9936447838376646,0
NCT01116206,1,0.9959005336966781,0
NCT01147926,1,0.9972374596478059,0
NCT01251822,1,0.9979333645265887,0
NCT01094886,1,0.9378330202612533,0
NCT01082744,1,0.9570576255629536,0
NCT01120405,1,0.999133220532371,0
NCT01219881,1,0.9320470536565135,0
NCT01081834,1,0.9976815317619145,0
NCT01106677,1,0.9976815317619145,0
NCT01177813,1,0.9961406958882845,0
NCT01340768,1,0.9962468661009835,0
NCT01235637,1,0.8506885071947908,0
NCT01572350,1,0.9555951410741256,0
NCT01190267,1,0.9899451052837431,0
NCT01154036,1,0.9937796968847818,0
NCT01254344,1,0.8282651501301354,0
NCT01084005,1,0.9972880541278756,0
NCT01243424,1,0.9780364336904727,0
NCT01090713,1,0.8077292502699522,0
NCT01135433,1,0.9936450061840818,0
NCT01101438,0,0.9979862211505627,0
NCT01131273,1,0.9996236030815714,0
NCT02729441,1,0.9608200236382122,0
NCT01075555,0,0.9911020995425962,0
NCT01046110,1,0.9962468661009835,0
NCT01098539,1,0.9884915217103859,0
NCT03711162,0,0.6083137689527672,0
NCT03733444,0,0.6083137689527672,0
NCT02284906,0,0.7578527500857158,0
NCT01931566,0,0.006733661384809366,0
NCT04952519,0,0.8299479680336008,0
NCT04759833,0,0.6979475992769848,0
NCT04049097,0,0.8314917872606972,0
NCT03616912,0,0.7832971188818066,0
NCT02107859,0,0.9784646804776201,0
NCT01522443,0,0.7850553967841711,0
NCT04529499,0,0.25402968149845884,1
NCT04504734,0,0.25402968149845884,1
NCT03942419,0,0.9219519548814015,1
NCT03890120,0,0.4499535063079462,1
NCT02703272,0,0.565153113750123,1
NCT02691182,0,0.85889732129077,1
NCT02545283,0,0.06203496305444702,1
NCT02418572,0,0.5074046795393363,1
NCT01805791,0,0.7015764206383145,1
NCT01865084,0,0.4860224407201651,1
NCT01103583,0,0.9827624693280508,1
NCT00822900,0,0.00479298940066396,1
NCT04706507,0,0.4635913888759647,1
NCT03953677,0,0.6476646872003818,1
NCT03504917,0,0.6401192663590513,1
NCT02956486,0,0.030847898938049012,1
NCT01761747,0,0.7115163007376434,1
NCT07194694,1,0.9290451033661312,1
NCT06744777,1,0.47409668295701224,1
NCT06466369,1,0.6448089870614089,1
NCT06258785,1,0.7794305314948455,1
NCT06165679,1,0.8464740191741519,1
NCT06616441,1,0.995602096745441,1
NCT05692154,1,0.9956130193801185,1
NCT06846307,1,0.9991881114162091,1
NCT05458609,1,0.837065874395926,1
NCT06165679,1,0.8464740191741519,1
NCT06091436,1,0.9862347116382506,1
NCT05810038,1,0.9913453857564034,1
NCT06278402,1,0.8566856806175346,1
NCT05311475,1,0.9963026543541289,1
NCT05624151,1,0.990522399790511,1
NCT05439356,0,0.5014243053021822,1
NCT05291598,1,0.9942827280720696,1
NCT05399485,1,0.9824323346267324,1
NCT04937881,1,0.9988004476929929,1
NCT05429671,1,0.849850882350745,1
NCT05658380,1,0.9986259042995829,1
NCT04825704,1,0.9626667545396873,1
NCT04974385,1,0.9925784129602799,1
NCT05171179,1,0.723177007495367,1
NCT04724629,0,0.7041677082433321,1
NCT04818320,0,0.1530746757884403,1
NCT05185284,1,0.1490699077888902,1
NCT04935359,1,0.3454251841519182,1
NCT04842604,1,0.8184094413854418,1
NCT04918862,1,0.7034964515023934,1
NCT05087615,1,0.924103025941211,1
NCT04750707,1,0.7754963832091117,1
NCT04819776,1,0.4136023310831699,1
NCT04607122,0,0.21787425445263725,1
NCT05087615,1,0.894933774170706,1
NCT04927312,1,0.9968123277411771,1
NCT05065190,1,0.9506328433121353,1
NCT04779242,1,0.5450750572220959,1
NCT05087615,1,0.924103025941211,1
NCT04411836,1,0.9976910500351021,1
NCT04940689,1,0.999138548184718,1
NCT06413082,1,0.9845043034341883,1
NCT04411836,1,0.9976910500351021,1
NCT05385744,1,0.9953291761756548,1
NCT03917914,0,0.8604383442295103,1
NCT05175066,1,0.5710550887709197,1
NCT04377711,0,0.008464424671444575,1
NCT04324463,0,0.8283168705896107,1
NCT04328480,0,0.1575625749789756,1
NCT04469465,1,0.43610731446046,1
NCT04166331,1,0.9949757612990278,1
NCT04373733,0,0.07471283361925825,1
NCT04542694,1,0.16763890168260695,1
NCT04600895,0,0.027110146250459,1
NCT04182204,1,0.9915956295351754,1
NCT04394416,0,0.02402879903746527,1
NCT04549168,1,0.9951727065110795,1
NCT04618497,1,0.9993827724448537,1
NCT03947827,1,0.9959645799195587,1
NCT03925025,1,0.6395136519069684,1
NCT04414761,1,0.5775589214471186,1
NCT04574362,1,0.9907958616573004,1
NCT04324463,0,0.8487022574789309,1
NCT04410978,1,0.9951025634434951,1
NCT04123405,1,0.4588887285519206,1
NCT04349241,0,0.5632229633555681,1
NCT04537078,1,0.6351377930050821,1
NCT03639389,1,0.9396483760078702,1
NCT03794388,1,0.9948870497598723,1
NCT03725930,1,0.5702807763746692,1
NCT03952039,1,0.5630254684962388,1
NCT03699254,1,0.9606645585001039,1
NCT03673072,1,0.6583623853850333,1
NCT03924986,1,0.4995805668076876,1
NCT03789591,1,0.5448678820257641,1
NCT03678675,1,0.4894724338440654,1
NCT03967847,1,0.8028582338915159,1
NCT04133623,1,0.44765405178938233,1
NCT04246541,1,0.9997225032226585,1
NCT04246554,1,0.999678370224839,1
NCT03779178,1,0.4663508760536482,1
NCT03283007,1,0.49572846256372577,1
NCT03820726,1,0.9937866059912254,1
NCT04093024,1,0.7049422950600425,1
NCT03893097,1,0.6206900163191965,1
NCT04209543,1,0.4715193619314409,1
NCT04155515,1,0.9991684770604766,1
NCT03988530,1,0.49127088449839873,1
NCT03894046,1,0.9995668388116637,1
NCT03956355,1,0.9938137748372347,1
NCT03983980,1,0.9930591406586434,1
NCT02938923,0,0.9945036655533671,1
NCT03699254,1,0.9606645585001039,1
NCT03334253,1,0.8681049212181412,1
NCT03164473,1,0.36104581254157514,1
NCT03678753,1,0.6590016106867083,1
NCT03653832,0,0.565153113750123,1
NCT03048825,0,0.8610141222608109,1
NCT03310125,0,0.08084922493888227,1
NCT03379727,1,0.9886362459410734,1
NCT03569475,1,0.1724134559429664,1
NCT03591068,1,0.8621463045146014,1
NCT03126435,1,0.6585740929184093,1
NCT03377491,1,0.6587955217139935,1
NCT03629925,1,0.4214455812117676,1
NCT04613726,1,0.6565515437360786,1
NCT03474679,1,0.5447129341065735,1
NCT03485625,1,0.9931519993075666,1
NCT03898622,1,0.5450750572220959,1
NCT03583333,1,0.9942398639612811,1
NCT03719313,1,0.4907422707652758,1
NCT02705573,1,0.5450750572220959,1
NCT03505489,1,0.9895388510990109,1
NCT03505489,1,0.9637508690030023,1
NCT03542552,1,0.85889732129077,1
NCT03660059,1,0.9951257203018639,1
NCT03461757,1,0.9692255406720337,1
NCT03048825,0,0.9158740578867323,1
NCT03486457,1,0.9949446629255918,1
NCT03502616,1,0.45677830798639607,1
NCT03416179,0,0.11581898506597849,1
NCT04613726,1,0.6565515437360786,1
NCT03334682,1,0.9934961098829251,1
NCT03009981,1,0.9744280805946443,1
NCT03009981,1,0.8420544786136411,1
NCT03027661,1,0.9589210006614387,1
NCT03269994,1,0.8184094413854418,1
NCT03396588,1,0.9988994955319246,1
NCT03176693,1,0.7056646408124064,1
NCT03032510,1,0.9980292212879802,1
NCT03264547,1,0.998087206265669,1
NCT03143153,1,0.9976761146820128,1
NCT03128515,1,0.6541873405139262,1
NCT03053440,1,0.7580637070431067,1
NCT03112174,1,0.014359787712357732,1
NCT03086486,1,0.7036257801244984,1
NCT03215056,1,0.976647622958563,1
NCT03256903,1,0.7193530597234508,1
NCT03248037,1,0.6547719569686601,1
NCT02999178,1,0.8246305205431458,1
NCT03313180,1,0.9937866059912254,1
NCT03086486,1,0.7036257801244984,1
NCT03065309,1,0.9998120965944819,1
NCT03235479,1,0.9909096761934337,1
NCT03237845,1,0.9909096761934337,1
NCT03242018,1,0.9317570893819691,1
NCT03242252,1,0.9473596422000384,1
NCT03285594,1,0.7270714601572926,1
NCT03351478,1,0.7270714601572926,1
NCT03277248,1,0.9936242426332703,1
NCT03277261,1,0.9936242426332703,1
NCT02997358,1,0.8522506066707536,1
NCT03191903,1,0.9577609511541298,1
NCT03390036,1,0.9439013839186398,1
NCT03112174,1,0.03935885361615367,1
NCT02997202,0,0.004952356934102969,1
NCT02947347,1,0.9919186568282218,1
NCT02959944,0,0.4527822522536198,1
NCT02870478,1,0.9846451301851962,1
NCT02949674,1,0.9875779261405151,1
NCT02820987,1,0.9971366288216412,1
NCT02700815,1,0.9880512705219837,1
NCT02655965,1,0.9108278272258735,1
NCT02898610,0,0.9974440832005677,1
NCT02634008,1,0.9975837478092081,1
NCT02700815,1,0.9947248859597579,1
NCT02784704,1,0.5564708564088817,1
NCT03025789,1,0.5673512209618221,1
NCT03004469,1,0.5074046795393363,1
NCT02751632,1,0.4790093218915075,1
NCT02980133,1,0.3773744927182542,1
NCT02695771,1,0.7913449233584037,1
NCT02807636,1,0.3497430163438935,1
NCT02993731,1,0.6599791776311575,1
NCT02950051,1,0.8303802723887136,1
NCT02980016,1,0.6224626311217402,1
NCT02783729,1,0.9944050953761375,1
NCT02671383,1,0.9988004476929929,1
NCT02820987,1,0.9971366288216412,1
NCT02652585,1,0.43503154979174874,1
NCT02696434,1,0.4738799764672872,1
NCT02802345,1,0.09192793414050697,1
NCT02877927,1,0.8294306442655188,1
NCT02407782,1,0.865488107882293,1
NCT02697331,1,0.478189858887563,1
NCT02736032,1,0.9982248053172188,1
NCT03043820,1,0.5180229770687912,1
NCT02634008,1,0.9976427882825648,1
NCT02655965,1,0.8724479262460875,1
NCT02949674,1,0.9880180854067533,1
NCT02903004,1,0.9186779879793124,1
NCT02950051,1,0.9024091688294111,1
NCT03004625,1,0.9992391718946193,1
NCT03004625,1,0.9992391718946193,1
NCT02952820,1,0.993462616359846,1
NCT02496078,1,0.9889416800254813,1
NCT02665273,1,0.9901306968817221,1
NCT02752971,1,0.9982563104039646,1
NCT02628626,0,0.006567882577594065,1
NCT02496078,1,0.9889416800254813,1
NCT02476422,1,0.4665440575825249,1
NCT02395016,1,0.9959145960085676,1
NCT02301156,1,0.9992961286151846,1
NCT02436668,1,0.9895790847973508,1
NCT02385188,1,0.7041677082433321,1
NCT02394132,1,0.7056646408124064,1
NCT02598505,1,0.9983712962080168,1
NCT02465255,1,0.7017260357251711,1
NCT02333799,1,0.7041677082433321,1
NCT02604225,1,0.4788559401958104,1
NCT02308007,1,0.6624172747981067,1
NCT02308033,1,0.6718910016548775,1
NCT02505971,1,0.5124344252972746,1
NCT02597933,1,0.45585205414405333,1
NCT02378480,1,0.6996715037552003,1
NCT02531438,1,0.5450750572220959,1
NCT02369159,1,0.6004307855783537,1
NCT02572986,1,0.8753626435234042,1
NCT02442284,1,0.9982565853762674,1
NCT02384941,1,0.9945317928959009,1
NCT02421510,1,0.9946643231391221,1
NCT02531035,1,0.735766486363253,1
NCT02587195,1,0.9984677631754947,1
NCT02367105,0,0.7142479779235699,1
NCT02672527,1,0.847719703666277,1
NCT02372799,0,0.33816026863861925,1
NCT02436239,1,0.9658173625274654,1
NCT02551094,1,0.9853680759796066,1
NCT02476617,1,0.9993736653534397,1
NCT02582632,1,0.9970511676317646,1
NCT02059499,1,0.638900826773312,1
NCT02523820,0,0.5629923932541306,1
NCT02421939,1,0.014819607284027586,1
NCT02059499,1,0.6700239754468049,1
NCT02570490,1,0.9983088361863977,1
NCT03349333,1,0.5673512209618221,1
NCT02442271,1,0.9967611361316192,1
NCT02517528,1,0.9955079522306427,1
NCT02609659,1,0.9974462852182648,1
NCT02566967,1,0.9989047206810653,1
NCT04056754,1,0.9866644271789822,1
NCT01995266,1,0.9979369811191909,1
NCT02155881,0,0.9972685121156435,1
NCT02625753,1,0.6708424255444518,1
NCT02282098,1,0.058427354914508345,1
NCT02319135,1,0.9843768752773826,1
NCT01995266,1,0.9979369811191909,1
NCT02216422,1,0.9991482511881541,1
NCT02219503,1,0.9991482511881541,1
NCT02133105,1,0.49913866778443,1
NCT02014584,1,0.4547277937248245,1
NCT01978938,1,0.9977659331904455,1
NCT02683213,0,0.04088983868316012,1
NCT04332978,1,0.9934124113670613,1
NCT01964430,1,0.730485214475219,1
NCT02043288,1,0.9831707176054321,1
NCT03766295,1,0.9656686468002393,1
NCT01976416,1,0.9005215229346564,1
NCT02165397,1,0.6555036087547932,1
NCT02264574,1,0.998989886800731,1
NCT02863718,1,0.509247908608623,1
NCT02284516,1,0.9241650571014072,1
NCT02066402,1,0.4726491516210839,1
NCT02307565,1,0.47867684625200335,1
NCT02132533,1,0.9969613704395881,1
NCT02272777,1,0.9995012903131685,1
NCT02323529,1,0.6224626311217402,1
NCT02305849,1,0.996897365667982,1
NCT02308163,1,0.996897365667982,1
NCT02259426,1,0.9939023101574779,1
NCT03764267,1,0.7095998058993138,1
NCT02006745,1,0.9980935627966749,1
NCT02023112,1,0.9957376779675613,1
NCT02105701,1,0.997718468982721,1
NCT03090035,1,0.9974462852182648,1
NCT01824290,1,0.3149307843808655,1
NCT02201108,0,0.9939671669290451,1
NCT01976364,1,0.9967594828241758,1
NCT02281552,1,0.9953074347037516,1
NCT02207088,1,0.9991482511881541,1
NCT02026349,0,0.9143988611866142,1
NCT02135419,1,0.956292630610378,1
NCT01647932,1,0.9959404066295829,1
NCT02135419,1,0.9035894593574387,1
NCT02265237,1,0.9955707738264544,1
NCT01715285,1,0.9779624301330891,1
NCT02563704,1,0.9996285381692799,1
NCT01663623,1,0.5875138831389755,1
NCT01697267,1,0.5630254684962388,1
NCT02065219,1,0.9933336822257818,1
NCT02065804,1,0.9933336822257818,1
NCT03013361,1,0.7625953461715538,1
NCT02181543,1,0.7053999379223397,1
NCT02324413,1,0.6557603984485656,1
NCT01844856,1,0.5628426546187586,1
NCT01808612,0,0.6915440426513575,1
NCT01808651,1,0.9930341696517171,1
NCT01622569,1,0.6225525208657441,1
NCT01623310,1,0.9985422106676384,1
NCT01623323,1,0.9996394903146084,1
NCT01624662,1,0.6225525208657441,1
NCT01850303,0,0.99854296988741,1
NCT01949805,1,0.99167776155393,1
NCT01722487,1,0.9985257168058411,1
NCT01724346,1,0.9992961286151846,1
NCT01776840,1,0.005100902634390709,1
NCT01855750,0,0.00636778794295764,1
NCT01973387,1,0.711116680291254,1
NCT01861535,1,0.7178979132976523,1
NCT02120898,1,0.9962383633104633,1
NCT01778062,1,0.8083222265730903,1
NCT01967225,1,0.7015676502633585,1
NCT01644643,1,0.565153113750123,1
NCT02328144,1,0.4923645211452476,1
NCT01856712,1,0.7234319999718741,1
NCT01743989,1,0.5048114931609198,1
NCT01979952,1,0.2675072794176822,1
NCT01850303,0,0.998879841512521,1
NCT02563704,1,0.9996285381692799,1
NCT01998165,1,0.9995712026489422,1
NCT01754974,1,0.9801441476113453,1
NCT01833533,1,0.9747202606542176,1
NCT01854528,1,0.7017260357251711,1
NCT01854697,1,0.9967611361316192,1
NCT03013361,1,0.8110080522853372,1
NCT01848639,0,0.4344927527930912,1
NCT01853553,1,0.5873114020025538,1
NCT01961336,1,0.9983387987340476,1
NCT01882439,1,0.9952409821466752,1
NCT01846611,1,0.9581151934414258,1
NCT02249767,1,0.6708424255444518,1
NCT01844115,1,0.8562776017400201,1
NCT01878292,1,0.33816026863861925,1
NCT02949193,1,0.8223042962220615,1
NCT02008344,0,0.9143988611866142,1
NCT01975246,1,0.9970446709012084,1
NCT01573442,1,0.4780150939733462,1
NCT01517802,1,0.8522506066707536,1
NCT01695135,1,0.9921284674948488,1
NCT01573351,1,0.9965168951027119,1
NCT01718145,1,0.9984736765363327,1
NCT01727193,1,0.9603275387281576,1
NCT01583218,1,0.9331513703859154,1
NCT01939314,1,0.9949327506035064,1
NCT01559012,1,0.4834407961855364,1
NCT03021343,1,0.8443518826827054,1
NCT01573351,1,0.9965168951027119,1
NCT01718145,1,0.9984736765363327,1
NCT01510912,1,0.9977290337491136,1
NCT01281007,1,0.7940734175548908,1
NCT01327144,1,0.7827130948523534,1
NCT01817790,1,0.9955274923460367,1
NCT01526135,1,0.7351365982851013,1
NCT01631136,1,0.6579245334045882,1
NCT01746979,1,0.538929035252168,1
NCT01536392,1,0.9606645585001039,1
NCT01611090,1,0.9988298491180515,1
NCT01646021,1,0.01680828442430557,1
NCT01727193,1,0.9201526452501608,1
NCT01636206,1,0.95562936744804,1
NCT01743729,1,0.95562936744804,1
NCT01531959,1,0.9978236939463397,1
NCT01707953,0,0.49082755556075586,1
NCT01625091,0,0.49506120662927544,1
NCT01535391,1,0.9426577924392618,1
NCT01657604,1,0.9426577924392618,1
NCT01619085,1,0.7513794816917133,1
NCT01536392,1,0.9606645585001039,1
NCT01638013,1,0.998818069551744,1
NCT01735669,1,0.7182878670659103,1
NCT01466192,1,0.9982918892640744,1
NCT01498068,1,0.9957376779675613,1
NCT01513941,1,0.9976427882825648,1
NCT01571583,1,0.9951729283874783,1
NCT01598090,1,0.9930091726076108,1
NCT01674725,1,0.9955707738264544,1
NCT01715415,1,0.9756536494402682,1
NCT01716585,1,0.9756536494402682,1
NCT01767116,1,0.9756536494402682,1
NCT01553981,1,0.9438154864051013,1
NCT01595581,1,0.5646995736930264,1
NCT01692678,1,0.8003777670704889,1
NCT01557712,1,0.7507203996221927,1
NCT01629966,1,0.8562776017400201,1
NCT02015546,1,0.4751243159186371,1
NCT01578707,1,0.9994532428195354,1
NCT01606787,1,0.5710550887709197,1
NCT01458951,1,0.9965055337674055,1
NCT01465763,1,0.9965055337674055,1
NCT01503606,1,0.7750650221413956,1
NCT01248065,1,0.8461769544619759,1
NCT01455194,1,0.622896197192,1
NCT01456611,1,0.5751175719703229,1
NCT01461369,1,0.9570098836284423,1
NCT01454934,1,0.9987938541131549,1
NCT01360853,1,0.9984596428765545,1
NCT01259856,1,0.7041677082433321,1
NCT01291511,1,0.7772475114320391,1
NCT01392469,1,0.9037497918835355,1
NCT01511289,1,0.9524700688603098,1
NCT01232894,1,0.9994772768861088,1
NCT00170209,1,0.919973840845115,1
NCT01474590,1,0.8352419115639462,1
NCT01458431,1,0.9964134533527199,1
NCT01421498,1,0.9507280107559966,1
NCT01421511,1,0.9956538278439044,1
NCT01420159,1,0.9953553054066582,1
NCT01275560,1,0.849850882350745,1
NCT01473836,1,0.7056646408124064,1
NCT01403662,1,0.3853155554815325,1
NCT01429272,1,0.057841333513979465,1
NCT01342549,1,0.8902319651208375,1
NCT01254188,1,0.9614971564404801,1
NCT01275196,1,0.9101809455810822,1
NCT01231620,1,0.9957307187922297,1
NCT01360762,1,0.9964533382420789,1
NCT01365598,1,0.9953175307112487,1
NCT01573637,1,0.38209020659722137,1
NCT01318694,1,0.9935336532860083,1
NCT01433887,1,0.9974462852182648,1
NCT01448044,1,0.9721355749921886,1
NCT01468584,1,0.9982918892640744,1
NCT01479868,1,0.9975487099307417,1
NCT00170209,1,0.919973840845115,1
NCT01405053,1,0.9754889206378954,1
NCT01444651,0,0.4756745159538238,1
NCT01460342,1,0.8038348331179276,1
NCT01433107,1,0.9979797916846413,1
NCT01446042,1,0.9647386667445806,1
NCT02101359,1,0.9993986498268844,1
NCT01343277,1,0.8784506831978794,1
NCT01379989,1,0.9873476592670496,1
NCT01200758,1,0.9948678024952492,1
NCT01423292,1,0.5915319854401978,1
NCT01401465,1,0.9953061950548933,1
NCT01372150,1,0.4098692691690577,1
NCT01231347,1,0.6079618346097104,1
NCT01316107,1,0.9982480932411083,1
NCT01370642,1,0.9756536494402682,1
NCT01405560,1,0.9957376779675613,1
NCT01405937,1,0.9957376779675613,1
NCT01059630,1,0.993344784423077,1
NCT01073163,1,0.8395393105782205,1
NCT05029297,1,0.7045688309959546,1
NCT01198834,1,0.9949510358350758,1
NCT00981058,1,0.9988297171973992,1
NCT01072981,1,0.7971518150766755,1
NCT01151852,1,0.9960370893636068,1
NCT01068600,1,0.9965792494855358,1
NCT01079130,1,0.4691980528233676,1
NCT01089127,1,0.8506458794848833,1
NCT01198834,1,0.9953785435327044,1
NCT01170221,1,0.9956538278439044,1
NCT02937285,1,0.9949454130413636,1
NCT01143064,1,0.4907422707652758,1
NCT01241760,1,0.9967611361316192,1
NCT01263860,1,0.9974462852182648,1
NCT01151540,1,0.8784506831978794,1
NCT01059136,0,0.7045688309959546,1
NCT01139762,1,0.4636931855289715,1
NCT01152190,1,0.8181906480211009,1
NCT01076010,1,0.711116680291254,1
NCT01176409,1,0.4860224407201651,1
NCT01118572,1,0.9965077633571228,1
NCT01048398,1,0.998120303613041,1
NCT01062763,1,0.5873114020025538,1
NCT00860977,0,0.49524060727108454,1
NCT02626455,0,0.4527822522536198,1
NCT03273153,0,0.5528754660382563,1
NCT03015831,0,0.5875138831389755,1
NCT02704403,0,0.49572846256372577,1
NCT01425307,1,0.5583726865381103,1
NCT06514742,0,0.8926017963949506,2
NCT04173273,0,0.6399167283702794,2
NCT03762265,0,0.499576665885403,2
NCT03395288,0,0.8501305756321333,2
NCT02960217,0,0.44599373454866775,2
NCT02641639,0,0.45495782984701966,2
NCT02699385,0,0.5846754572653604,2
NCT01798485,0,0.9929833869741274,2
NCT01316939,0,0.5031050553750426,2
NCT01227512,0,0.8293178089662985,2
NCT06576882,1,0.833685571401207,2
NCT05486416,1,0.9330080283573953,2
NCT06391931,1,0.9997274478828343,2
NCT05761574,1,0.9764769787202325,2
NCT05988671,1,0.6996271239183577,2
NCT05763823,1,0.8538685448103992,2
NCT05615025,1,0.7969976223495472,2
NCT05615025,1,0.8416402923114228,2
NCT06135415,1,0.9933437020586181,2
NCT05292586,1,0.9793796333980997,2
NCT05656027,1,0.7326670128080637,2
NCT05570292,1,0.7158987776935523,2
NCT05323734,0,0.6166393094657389,2
NCT05174416,1,0.45717352069474687,2
NCT05414175,1,0.9969974300641311,2
NCT05582395,0,0.9930475901312501,2
NCT05097326,1,0.999033525197334,2
NCT05097326,1,0.9991064276435616,2
NCT05355974,1,0.8902235888424197,2
NCT05223166,1,0.8033926941909285,2
NCT05458128,1,0.8631774740707576,2
NCT05478174,1,0.684917680727301,2
NCT05369793,1,0.99849774150296,2
NCT06146478,1,0.9244108629824112,2
NCT05320575,1,0.8571978763841961,2
NCT04765371,1,0.00929112187468614,2
NCT04636671,1,0.7197331823965735,2
NCT04655144,1,0.7000173419926898,2
NCT04976777,1,0.9598286856386441,2
NCT05564286,1,0.9201068447474091,2
NCT05001555,1,0.7625688056615041,2
NCT04774380,1,0.8929960519569473,2
NCT04878016,1,0.45509457461945363,2
NCT05848492,1,0.8903048826337934,2
NCT04629703,1,0.9931600655173632,2
NCT04636671,1,0.7214699086484776,2
NCT04624750,1,0.7987960138872514,2
NCT05276596,1,0.998641462660292,2
NCT04765371,1,0.008988073913858667,2
NCT04711837,1,0.9941505526380632,2
NCT04958746,1,0.6477873483422953,2
NCT04800172,1,0.12319855787720424,2
NCT04676334,1,0.8903048826337934,2
NCT04707768,1,0.9996100576209339,2
NCT05093933,0,0.4389374162005423,2
NCT04776148,0,0.13798905357901725,2
NCT04429022,1,0.9991831253311757,2
NCT04429022,1,0.9991171070871017,2
NCT04420247,0,0.8393494569167613,2
NCT04189107,1,0.7730867258252384,2
NCT04509973,1,0.5192140480268477,2
NCT04890626,1,0.03129094755529321,2
NCT05195242,1,0.5886590369265013,2
NCT04032119,1,0.5740506373622748,2
NCT04231331,1,0.908907317552555,2
NCT04256421,1,0.8307413952648137,2
NCT04712903,1,0.9870486519781826,2
NCT03996369,1,0.10039042549946134,2
NCT04706793,1,0.1294989299308388,2
NCT04429022,1,0.9991367690689068,2
NCT04391569,1,0.9904640979027672,2
NCT04420247,0,0.827392937874533,2
NCT04312048,1,0.9911626328262564,2
NCT04429022,1,0.9985924256028672,2
NCT04199104,1,0.9195875067905889,2
NCT04889118,1,0.9919779312127999,2
NCT05523323,1,0.9195875067905889,2
NCT06486870,1,0.8807413136347665,2
NCT04349072,1,0.34408014757824373,2
NCT04433390,1,0.994758959209802,2
NCT04501861,1,0.8860745099095547,2
NCT04400201,1,0.9987661910028459,2
NCT04511728,1,0.8593082715538813,2
NCT04620031,1,0.8593082715538813,2
NCT04227522,1,0.986655582772668,2
NCT04313153,1,0.9991226158273974,2
NCT04015414,1,0.9969503751730147,2
NCT04590404,1,0.8731230415243154,2
NCT05007678,0,0.1139770314912545,2
NCT04536194,1,0.5709026790121511,2
NCT03596866,1,0.659192619218957,2
NCT03545373,1,0.8507217891507292,2
NCT04121403,1,0.9748577131527584,2
NCT03645057,1,0.9994844928725826,2
NCT03717194,1,0.3919653258134923,2
NCT04005716,1,0.3989995753019914,2
NCT04028050,1,0.9509215889487685,2
NCT03945188,1,0.19635219799217224,2
NCT03764618,1,0.7818796736203599,2
NCT04197115,1,0.009186544613048605,2
NCT03788837,0,0.9933041836369341,2
NCT03111212,0,0.8130596303708586,2
NCT03670810,1,0.9966868612889405,2
NCT03820986,0,0.46442446500656703,2
NCT03829319,0,0.29715404872375767,2
NCT03829332,0,0.24923264311734247,2
NCT03884101,0,0.6017484936135453,2
NCT03898180,0,0.44954044323454545,2
NCT03976375,0,0.46088017533628267,2
NCT04676412,0,0.24923264311734247,2
NCT04716933,1,0.3031775086250705,2
NCT04865289,0,0.6017484936135453,2
NCT03930615,1,0.9923606738060451,2
NCT04789005,1,0.8519867146262932,2
NCT03762018,1,0.6146134349866326,2
NCT03802240,1,0.9840609017076519,2
NCT04789005,1,0.9258583750460448,2
NCT03808844,1,0.6437276539967147,2
NCT03921775,1,0.8874901565729748,2
NCT04111159,1,0.5640791725150595,2
NCT03881371,1,0.6993000085128058,2
NCT03883698,1,0.9993876866475367,2
NCT03902080,1,0.9983786771705995,2
NCT04103450,1,0.9996887074916925,2
NCT03349684,1,0.9935251522918067,2
NCT03554018,1,0.9933100682112075,2
NCT03584373,1,0.908235778465572,2
NCT04392362,1,0.9357883504189645,2
NCT03025113,1,0.7624607233451867,2
NCT03100786,1,0.531775862615862,2
NCT03396107,1,0.7465970171645796,2
NCT03555929,1,0.6477873483422953,2
NCT03598426,1,0.9201350254406832,2
NCT03048422,1,0.9990961048037494,2
NCT03249181,1,0.9986480700274636,2
NCT03509350,1,0.9894090628453898,2
NCT03585374,1,0.8050398059248204,2
NCT03517449,1,0.5456957839743691,2
NCT03443869,1,0.5986650267734117,2
NCT02912988,1,0.8009183035096274,2
NCT03750786,1,0.9967392461282939,2
NCT03825887,1,0.6076237023502542,2
NCT03607539,1,0.9808614642927359,2
NCT03663205,1,0.07138813840540294,2
NCT01519154,1,0.9907223934527457,2
NCT03674008,1,0.5704566340129634,2
NCT03779061,1,0.9942641788640366,2
NCT04034771,1,0.9982884990320242,2
NCT02802501,1,0.9952343950458472,2
NCT03255226,1,0.8412106739293093,2
NCT03088813,1,0.40142546915133137,2
NCT03551626,1,0.727382850957626,2
NCT03583372,1,0.998309290700809,2
NCT03734016,1,0.9992432094322031,2
NCT03572933,1,0.5165656942327731,2
NCT03665779,1,0.7990034423641436,2
NCT03713593,1,0.6780895123220101,2
NCT03470545,1,0.45073358239897826,2
NCT03219437,1,0.5273998740837456,2
NCT03515837,1,0.004776988961163606,2
NCT03492281,1,0.9979348953175036,2
NCT02924285,1,0.8155851629362789,2
NCT03100318,1,0.7740553455053393,2
NCT03032380,1,0.6071095961939097,2
NCT03011905,1,0.4884952777963456,2
NCT03029234,1,0.9979707927683042,2
NCT03092817,0,0.5002600211685119,2
NCT03158688,1,0.9949446383509654,2
NCT03218553,0,0.3595946273656844,2
NCT03234972,1,0.9949684223936166,2
NCT02976259,1,0.998931048909097,2
NCT02987530,0,0.9995249010813096,2
NCT03122262,1,0.9982225697792971,2
NCT03066778,1,0.43373677028892355,2
NCT02966093,1,0.7223825419809783,2
NCT03085797,1,0.9923532371015537,2
NCT03352323,1,0.9618018423659024,2
NCT02864251,1,0.02276164391046344,2
NCT03134872,1,0.9900254010052506,2
NCT03208933,1,0.7108350589650286,2
NCT03232073,1,0.9909082311359119,2
NCT03022240,1,0.9521658547751648,2
NCT03425474,1,0.9982022284632532,2
NCT03029689,1,0.989962559777203,2
NCT02855944,1,0.9903880259705267,2
NCT02975934,1,0.9428374578800405,2
NCT03022240,1,0.9628210675363666,2
NCT03995485,1,0.9975462091693927,2
NCT03122262,1,0.9967230043284789,2
NCT02957786,1,0.9983358911108621,2
NCT03262662,1,0.632164681765266,2
NCT03108625,1,0.8890270658987345,2
NCT03275285,1,0.9967442709332955,2
NCT03131713,1,0.8645496090419528,2
NCT02714595,1,0.9994824267951359,2
NCT02659033,1,0.8342407693558482,2
NCT02737501,1,0.6487344671337254,2
NCT02913326,1,0.6867698191260451,2
NCT02121262,1,0.9064427096319759,2
NCT02767219,1,0.8593082715538813,2
NCT02794441,1,0.03482548585732315,2
NCT02811978,1,0.9983496438727564,2
NCT02904538,1,0.7000173419926898,2
NCT02763579,1,0.5416905268581609,2
NCT02823353,1,0.8040860451731326,2
NCT03001817,1,0.6804956192073119,2
NCT03011450,1,0.5493111330202256,2
NCT03062280,1,0.7903477726278768,2
NCT02905045,1,0.7260465357998205,2
NCT02905058,1,0.7260465357998205,2
NCT02600923,1,0.9429632742007443,2
NCT03241472,1,0.9996639392363422,2
NCT02578368,1,0.9961861115015281,2
NCT02112578,1,0.6907328397931984,2
NCT02634801,1,0.804833205363212,2
NCT02772965,0,0.5400258229790581,2
NCT03148860,1,0.9788956388020121,2
NCT03332719,1,0.9588903032630983,2
NCT02985229,1,0.9287704127071169,2
NCT02985229,1,0.9337921089601192,2
NCT02563327,1,0.9973116082424806,2
NCT03215797,1,0.996146571892742,2
NCT02638337,1,0.48439382638735173,2
NCT02578680,1,0.005158191450498119,2
NCT02657434,1,0.0563111025415958,2
NCT02899299,1,0.620689791584326,2
NCT03950674,1,0.007898573758884302,2
NCT02689778,1,0.729246244303452,2
NCT02563327,1,0.9987673327827948,2
NCT02964273,1,0.531743057640258,2
NCT02273804,1,0.5180281848002877,2
NCT02566993,1,0.6480887158560904,2
NCT02680574,1,0.9981209760877225,2
NCT02865850,1,0.9981209760877225,2
NCT02892149,1,0.9981209760877225,2
NCT02460900,1,0.9917135793035539,2
NCT02861534,1,0.9910873122930581,2
NCT02732912,1,0.8857812029471341,2
NCT02659033,1,0.7918825202500276,2
NCT03215797,1,0.998747290246343,2
NCT02611687,1,0.7351112881251413,2
NCT04486690,1,0.729246244303452,2
NCT02629965,1,0.13422386288668983,2
NCT02503306,1,0.7338640472636154,2
NCT02315495,1,0.950904674154539,2
NCT02604342,1,0.5543776168582873,2
NCT02281929,0,0.4922475460544881,2
NCT02980562,1,0.9083275876911608,2
NCT03563664,1,0.9606701820774156,2
NCT02487563,1,0.9084031655361952,2
NCT02412878,1,0.9937155306006186,2
NCT02445326,1,0.8392842596622386,2
NCT02517021,1,0.9912109101356765,2
NCT02547623,1,0.8239526704600302,2
NCT02557035,1,0.988081636109344,2
NCT02615262,0,0.7253709243721772,2
NCT02698995,1,0.9894547140731109,2
NCT02725008,1,0.6907328397931984,2
NCT02736175,1,0.8392842596622386,2
NCT02988882,1,0.8392842596622386,2
NCT03674294,1,0.5218442921048206,2
NCT02534571,1,0.8245136210195436,2
NCT02614482,1,0.860954872143123,2
NCT02076412,0,0.9939234879946331,2
NCT02517489,1,0.25529953751676976,2
NCT02565186,1,0.9994369914799379,2
NCT02297438,1,0.6259394754236204,2
NCT02491320,1,0.9979871838754673,2
NCT02900105,1,0.8591450083182092,2
NCT02545504,1,0.4970286772714265,2
NCT02345850,1,0.6549826691228743,2
NCT02376790,1,0.9645707951149549,2
NCT02504268,1,0.19559533907294846,2
NCT02553018,1,0.8874428945347723,2
NCT02744196,1,0.7879025392773298,2
NCT04108468,1,0.9814307030973555,2
NCT02498509,1,0.9933105257983542,2
NCT02554786,1,0.9944644413809883,2
NCT02367781,1,0.05991564789672845,2
NCT04122547,1,0.6137812921921265,2
NCT02250807,1,0.9975462091693927,2
NCT02216123,1,0.775278452123632,2
NCT02518139,1,0.5872987572003572,2
NCT03803124,1,0.0026457520263177435,2
NCT02421588,1,0.9813340784872633,2
NCT02481830,1,0.7031520562808875,2
NCT02648347,1,0.9981209760877225,2
NCT02389816,1,0.1755195892184824,2
NCT02425644,1,0.49493635751180864,2
NCT02492282,1,0.6274542441939377,2
NCT02296138,1,0.2880298511136228,2
NCT02044380,1,0.9762806787138382,2
NCT02075840,1,0.5543776168582873,2
NCT02132767,0,0.4293402714186797,2
NCT02139644,1,0.974337842122919,2
NCT02130557,1,0.9930155272960823,2
NCT02289352,1,0.8219199093529883,2
NCT02001012,1,0.8645125881394696,2
NCT02214407,0,0.711973654457566,2
NCT01825512,1,0.8617123341693846,2
NCT01971645,1,0.6907328397931984,2
NCT02034019,1,0.8050627133998582,2
NCT02089113,1,0.8392842596622386,2
NCT02136134,1,0.9929719224274992,2
NCT02215980,1,0.6294301553580309,2
NCT02807298,1,0.7990034423641436,2
NCT02226003,1,0.6775684133451685,2
NCT02750917,1,0.9789993713939769,2
NCT02262143,1,0.9949749995424553,2
NCT02327936,1,0.9134353828571746,2
NCT02077192,1,0.9990965477515372,2
NCT02076399,1,0.9939234879946331,2
NCT01954056,1,0.4852631950807192,2
NCT02095990,1,0.6773160515531758,2
NCT02215980,1,0.8438501288074892,2
NCT02137772,1,0.9937380610188606,2
NCT02739516,1,0.91269213331985,2
NCT01987479,1,0.9517867856993536,2
NCT02001987,1,0.9970476714475226,2
NCT02037191,1,0.6612817407173738,2
NCT02046603,1,0.984328274225381,2
NCT02046616,1,0.9800330060471774,2
NCT02065713,1,0.9417407791194926,2
NCT02105636,1,0.7752191891681184,2
NCT02151851,1,0.42955513071441015,2
NCT02152696,1,0.9240370527535086,2
NCT02196701,1,0.7728870620953671,2
NCT02252042,1,0.677312255194443,2
NCT02277444,1,0.9127943548690874,2
NCT02012491,1,0.7155400866281769,2
NCT02479529,1,0.8000009465575063,2
NCT02304783,1,0.6552415195652423,2
NCT02131233,1,0.9898182411071313,2
NCT02165826,1,0.28610859016752327,2
NCT02340520,1,0.899474794384414,2
NCT01968213,1,0.9799412255199034,2
NCT02226003,1,0.9758160174863038,2
NCT02074514,1,0.9990109118771489,2
NCT02203253,1,0.5754337525257602,2
NCT01911364,1,0.37226903678615675,2
NCT02251275,1,0.051140506261460744,2
NCT02201251,1,0.628579272079786,2
NCT02207829,1,0.3795105587324973,2
NCT02197416,1,0.6867698191260451,2
NCT02239120,0,0.4822679143173801,2
NCT02263326,1,0.9983657228145725,2
NCT02263326,1,0.9983514078883586,2
NCT02085161,1,0.9951425571056518,2
NCT01606319,1,0.9925512279457145,2
NCT01809743,1,0.9994309084020964,2
NCT01853826,1,0.9762806787138382,2
NCT01856478,1,0.9923530454207636,2
NCT01953913,1,0.9561495274346902,2
NCT01829529,1,0.999323867076593,2
NCT02974348,1,0.5584141237576171,2
NCT02031640,0,0.9773996521284879,2
NCT01838941,1,0.895002525700078,2
NCT01982240,1,0.3429714031256656,2
NCT02073734,0,0.765526388705927,2
NCT01861015,1,0.739308914565773,2
NCT01986881,1,0.7105642020190469,2
NCT01503515,1,0.8903048826337934,2
NCT01806623,1,0.7850373821309359,2
NCT03359057,1,0.9989626742503029,2
NCT02714543,1,0.9019891420299755,2
NCT01606319,1,0.9918810078517325,2
NCT01761266,1,0.6275735109581868,2
NCT01740427,1,0.4736276743147522,2
NCT02304107,1,0.999621051704462,2
NCT02078063,1,0.692052333365468,2
NCT01594333,0,0.45047646789360263,2
NCT01829295,1,0.9890133392580359,2
NCT01884623,1,0.38974326099267115,2
NCT02902861,1,0.5314277116242523,2
NCT01968733,1,0.6023452888528376,2
NCT01829295,1,0.9955583723340865,2
NCT01855256,1,0.7399272848781245,2
NCT02538302,1,0.504762106323784,2
NCT02222376,1,0.9989447723438175,2
NCT01800045,1,0.6549883131261217,2
NCT01767714,1,0.9906417667071994,2
NCT01734928,1,0.9903123035858642,2
NCT01856998,1,0.8050627133998582,2
NCT02974348,1,0.5835300541473718,2
NCT02135107,1,0.7531033662620701,2
NCT01973998,0,0.4596751155996012,2
NCT01783678,1,0.9982680697955235,2
NCT01910636,1,0.9984264590315503,2
NCT02021643,1,0.997685009619262,2
NCT01682083,1,0.9941078041033171,2
NCT01756885,1,0.6874975222762048,2
NCT01895777,1,0.9961458030162659,2
NCT01963208,0,0.4750098751056942,2
NCT01871649,1,0.9485988597852043,2
NCT01995201,1,0.9899844942078295,2
NCT01808573,1,0.9962066551454801,2
NCT01945775,1,0.9603347788984823,2
NCT01964352,1,0.9599342883380716,2
NCT01969721,1,0.772170064955613,2
NCT02006732,1,0.9557570719348549,2
NCT01345682,1,0.9913882648499768,2
NCT01378286,1,0.8413557514165447,2
NCT01443130,1,0.7968107088329036,2
NCT01640574,1,0.8016697768635819,2
NCT01639001,1,0.28811117305442585,2
NCT01568866,1,0.995281905779322,2
NCT01734044,1,0.8052290990084577,2
NCT02351622,1,0.9990019864069128,2
NCT01499199,1,0.8985914415811916,2
NCT01631227,1,0.9977036082983887,2
NCT01497262,1,0.9959767293649834,2
NCT01625182,1,0.6070553752161214,2
NCT01372865,1,0.9995090442628096,2
NCT01673659,1,0.5279660221636294,2
NCT01658020,1,0.02535945467525184,2
NCT01756339,1,0.6023452888528376,2
NCT01557244,1,0.837612927539318,2
NCT01712789,1,0.9973269401457322,2
NCT01509677,0,0.9433919253793207,2
NCT01537042,1,0.4771837075922548,2
NCT01569464,0,0.5696271740060198,2
NCT01646255,1,0.2915889612287807,2
NCT01646268,1,0.39440517572074313,2
NCT01723904,1,0.8962294248925561,2
NCT01641640,1,0.997685009619262,2
NCT01533922,1,0.8671876548321623,2
NCT01533935,1,0.8671876548321623,2
NCT01574651,1,0.4863360583341797,2
NCT01610037,1,0.4931428911359969,2
NCT01613326,1,0.4452420781745031,2
NCT01694771,1,0.9974940395570837,2
NCT01696058,1,0.9974940395570837,2
NCT01618448,1,0.5165656942327731,2
NCT01644331,0,0.5326086623009245,2
NCT01651156,1,0.6645546003538001,2
NCT01584648,1,0.46060877192934735,2
NCT01597908,1,0.7789020995742091,2
NCT01509547,1,0.57240271226564,2
NCT01694732,1,0.04307183767412323,2
NCT01710137,1,0.5228074857713173,2
NCT01523587,1,0.8424208400301302,2
NCT01587989,1,0.6914433172002632,2
NCT01559116,1,0.9654800073406956,2
NCT01427478,0,0.6006093792273581,2
NCT01399723,1,0.8242203146373139,2
NCT01305408,0,0.16671339450780873,2
NCT01303796,1,0.24581668136660073,2
NCT01154192,1,0.8917114181978194,2
NCT01189292,1,0.6437276539967147,2
NCT01248585,1,0.6027540484395362,2
NCT01297010,1,0.765526388705927,2
NCT01339260,1,0.9954313719958955,2
NCT01363479,1,0.9954313719958955,2
NCT01376297,1,0.9978022850452476,2
NCT01391793,0,0.6907328397931984,2
NCT01408082,1,0.6875434607311456,2
NCT01263015,1,0.4750796139908105,2
NCT01100164,1,0.9993746732536279,2
NCT01450761,1,0.6943813494429323,2
NCT01229774,1,0.5548938404717652,2
NCT01462370,1,0.49910157772046804,2
NCT01307579,1,0.44384949985097677,2
NCT01407432,1,0.5445040943517284,2
NCT01353313,1,0.4233219392397411,2
NCT02266589,1,0.6086008668158286,2
NCT01462370,1,0.4965239449134976,2
NCT01321554,1,0.7335764054297093,2
NCT01494506,1,0.9976468491003059,2
NCT01984099,1,0.7751362379409297,2
NCT02336477,1,0.500775973425303,2
NCT01436279,1,0.9981188318123716,2
NCT01298336,1,0.802043164962932,2
NCT01716624,1,0.8350695716515427,2
NCT01662310,1,0.7018192089935696,2
NCT01351415,1,0.041972871156788175,2
NCT01413958,1,0.8322207273554134,2
NCT01366209,1,0.4421655545321375,2
NCT01146834,1,0.9892750334980667,2
NCT01453192,1,0.9974702481355201,2
NCT01313494,1,0.9631946783941306,2
NCT01497366,1,0.9975462091693927,2
NCT01285492,1,0.9119773445556881,2
NCT01290874,1,0.9821682092096982,2
NCT01395888,1,0.3316706767194982,2
NCT01462929,1,0.7483754994577974,2
NCT01490125,1,0.3634586795429427,2
NCT01291433,1,0.505226427336656,2
NCT01556646,1,0.8704921095883554,2
NCT01184664,1,0.9897454462466163,2
NCT01206010,1,0.9901450313173226,2
NCT01355081,0,0.44402010809540654,2
NCT01364649,1,0.6329996506520241,2
NCT01369576,1,0.6836920886063059,2
NCT02575729,1,0.8593082715538813,2
NCT01328041,1,0.8822389493192005,2
NCT01352117,0,0.7771782778945445,2
NCT01235507,1,0.9595750284557731,2
NCT01353859,1,0.9618180347507505,2
NCT01470053,1,0.990150063039701,2
NCT01311687,1,0.9972576396052115,2
NCT01324947,1,0.9973269401457322,2
NCT01198145,0,0.9936491725287772,2
NCT01294787,1,0.2803341468963928,2
NCT01431274,1,0.9895876258597636,2
NCT01431287,1,0.9895876258597636,2
NCT01115673,1,0.9902276009110655,2
NCT01216163,1,0.9584632314783987,2
NCT01173809,1,0.3304092475496726,2
NCT01072630,0,0.16671339450780873,2
NCT01072929,1,0.16671339450780873,2
NCT01133626,1,0.9973046952904074,2
NCT01222247,1,0.4871483394877506,2
NCT01062568,1,0.908235778465572,2
NCT01170780,0,0.5464102264226107,2
NCT01422720,1,0.9967219080467697,2
NCT01091675,1,0.907822984489532,2
NCT01199861,1,0.8435826489918602,2
NCT01201356,1,0.9923588074472789,2
NCT01121848,1,0.6614448765503228,2
NCT01063062,1,0.9776199898973675,2
NCT01142726,1,0.7186111332528776,2
NCT01188798,1,0.8569186406092083,2
NCT01232920,1,0.9865520684758674,2
NCT01251614,1,0.3593314927736774,2
NCT01371565,1,0.9989093223826965,2
NCT01440621,1,0.9926815985792493,2
NCT01135134,1,0.9968984402205425,2
NCT01232920,1,0.9933324415298933,2
NCT01065649,1,0.9972312677674051,2
NCT01034163,1,0.7677144418471116,2
NCT01188798,1,0.8896333178177309,2
NCT01178281,0,0.6109148392616086,2
NCT01231516,1,0.3595464756995277,2
NCT01119937,1,0.9953665279004261,2
NCT01214421,1,0.8512005908752955,2
NCT01349348,1,0.6298926575742766,2
NCT01162239,1,0.928441354802349,2
NCT01314001,1,0.45229832502339146,2
NCT01152996,1,0.8541066189176336,2
NCT01153009,1,0.09883077249253129,2
NCT01163266,1,0.09883077249253129,2
NCT01179516,0,0.09883077249253129,2
NCT01160380,0,0.5712820546391062,2
NCT01113489,1,0.9920593128337651,2
NCT01073930,1,0.845447830469627,2
NCT01073943,1,0.845447830469627,2
NCT01078714,1,0.9568476959228753,2
NCT01197521,1,0.6081574338838721,2
NCT01197534,1,0.6163429260516093,2
NCT01197755,1,0.6163429260516093,2
NCT01034137,1,0.9528827588539647,2
NCT01185301,1,0.7911025888324886,2
NCT01165424,1,0.9995430851590968,2
NCT01227824,1,0.39903981463518695,2
NCT01120691,1,0.05415389001256576,2
NCT01202188,1,0.754470220463067,2
NCT01280721,1,0.9467855734590216,2
NCT03917719,0,0.782106044958696,2
NCT03584516,0,0.5322010875616398,2
NCT03591874,0,0.6601341054365997,2
NCT02080364,0,0.021006184972457622,2
NCT05732454,0,0.6487345271324614,2
NCT04709380,1,0.8996535521632992,2
NCT04327401,1,0.8426223868861803,2
NCT02735343,1,0.9947609448752283,2
NCT02867280,0,0.728522990298705,2
NCT02871297,0,0.818689763226944,2
NCT02596334,0,0.9984161104858501,2
NCT01953744,0,0.7481399749938548,2
NCT01121536,0,0.7175247090572725,2
NCT05253209,0,0.54207411282443,3
NCT05254990,0,0.5129341591051482,3
NCT05605093,0,0.8121444470911418,3
NCT04271475,0,0.46288583584040194,3
NCT04523090,0,0.05644572267198846,3
NCT03628391,0,0.46541217878544117,3
NCT03523728,0,0.9983558362592848,3
NCT03151408,0,0.037804049103390865,3
NCT02058108,0,0.3897412011952041,3
NCT01774604,0,0.6007513810065646,3
NCT01849874,0,0.717305002385935,3
NCT01287221,0,0.36399935284238927,3
NCT01244191,0,0.20418102662198143,3
NCT04478266,0,0.9945513388063878,3
NCT06318481,1,0.7003630665311799,3
NCT07028697,1,0.9956036062776542,3
NCT06714669,1,0.8904596621162657,3
NCT06088043,1,0.9927158401698069,3
NCT06108544,1,0.9927158401698069,3
NCT05878093,1,0.5576739095948745,3
NCT05682326,1,0.9961953584874871,3
NCT06010693,1,0.9939315173602722,3
NCT05690698,1,0.5985382014276033,3
NCT05836545,1,0.9991294529234463,3
NCT06013345,1,0.2320969390544047,3
NCT06215820,1,0.7156158542816135,3
NCT06215859,1,0.5424958838855382,3
NCT06288685,1,0.9927954079141701,3
NCT06122649,1,0.9923686902386317,3
NCT05174065,1,0.5847500891825741,3
NCT05950061,1,0.8957467759606382,3
NCT03941860,1,0.9529396978557294,3
NCT05233566,1,0.7159092737540668,3
NCT05629390,1,0.6949107063818898,3
NCT05167825,1,0.9985020281864126,3
NCT04979806,1,0.5988847380941128,3
NCT05027802,1,0.6660608370509687,3
NCT05950061,1,0.9131269263053278,3
NCT07043049,1,0.7841986284881663,3
NCT06248931,1,0.9683031492683973,3
NCT04476420,1,0.9181813037370119,3
NCT04345796,1,0.8907733717050605,3
NCT06120725,1,0.45078869659660264,3
NCT04940390,1,0.9925104306281957,3
NCT04345796,1,0.8319591241785237,3
NCT04684238,1,0.9977963037196069,3
NCT04939649,0,0.030825919198237815,3
NCT04955158,1,0.7005027478987423,3
NCT04874935,1,0.5710633689536856,3
NCT07079540,1,0.5223697662720744,3
NCT04515186,1,0.9966126904096156,3
NCT04565990,1,0.1349798497790024,3
NCT05110157,0,0.984949919055279,3
NCT04472429,1,0.4674554705609918,3
NCT04590586,0,0.018928952466397628,3
NCT04406649,1,0.9986049973030742,3
NCT04476446,1,0.9244562418658053,3
NCT04193176,1,0.7199863360322631,3
NCT04193202,1,0.5727321551481425,3
NCT03588429,1,0.9981682722367167,3
NCT05696509,1,0.9994687572081851,3
NCT04646694,1,0.991969741274051,3
NCT04627285,1,0.9995519346605655,3
NCT04185363,1,0.8566733969434385,3
NCT04478721,1,0.8669535148965654,3
NCT04438980,0,0.5870969279407683,3
NCT04317430,1,0.9355473941515575,3
NCT04359680,0,0.6654436550494102,3
NCT04486313,0,0.06558837284204565,3
NCT04540211,1,0.5990925853616145,3
NCT05318443,1,0.26094995543925176,3
NCT05696509,1,0.9987580386470878,3
NCT03588429,1,0.9981682722367167,3
NCT05696509,1,0.9994687572081851,3
NCT04571944,0,0.9914862859854848,3
NCT04158076,1,0.8806052830515002,3
NCT04138706,1,0.4451978026517391,3
NCT05705089,1,0.9165892653051201,3
NCT05782192,1,0.9960630289190383,3
NCT03721172,1,0.5734662219909721,3
NCT03777436,1,0.4914800414487976,3
NCT03930186,1,0.9933213302593671,3
NCT04175613,1,0.9811297549857144,3
NCT03901482,1,0.9925104306281957,3
NCT03831854,1,0.6019974095365231,3
NCT04075006,0,0.7088659437769802,3
NCT06185127,1,0.84133827995478,3
NCT04124926,1,0.44327100867193775,3
NCT03905330,1,0.5139131438107817,3
NCT03675139,1,0.7644293294580166,3
NCT03840148,1,0.6587562888242311,3
NCT03899103,1,0.9215513287937493,3
NCT03940196,1,0.9961119387279521,3
NCT03943667,1,0.9987967540099807,3
NCT03957590,1,0.11414775427882796,3
NCT04177108,1,0.7381891709639077,3
NCT03623243,1,0.9233292575724621,3
NCT03872232,1,0.6107632432769292,3
NCT03915860,1,0.9990325170630663,3
NCT04102579,1,0.7119844199565231,3
NCT03595553,1,0.5414193504767342,3
NCT03474276,1,0.9105141920590616,3
NCT05437224,1,0.9983700677197297,3
NCT06416735,1,0.9992648971926075,3
NCT03611751,1,0.5021392406202974,3
NCT03624127,1,0.5021392406202974,3
NCT03357874,1,0.7201767647764103,3
NCT03138733,1,0.5942799102682256,3
NCT03575104,1,0.987807097507053,3
NCT03718273,1,0.7037613289588267,3
NCT03434197,1,0.994120750782458,3
NCT03449134,1,0.4965675574759801,3
NCT03696108,1,0.6387219011479116,3
NCT03729973,1,0.9638080748036824,3
NCT03729973,1,0.9697328235626786,3
NCT03794505,1,0.7097849737765342,3
NCT03336619,0,0.9851257282115004,3
NCT03605862,0,0.6760621288732518,3
NCT03555188,0,0.5472511415019621,3
NCT03296163,1,0.30724400448970673,3
NCT03337724,1,0.2455001496924575,3
NCT03493854,1,0.9452338927829993,3
NCT03556358,1,0.6544647582478637,3
NCT03594747,1,0.8178460392275635,3
NCT03635489,1,0.9938338446441799,3
NCT03635567,1,0.49900361938560583,3
NCT03866993,1,0.06583978578881598,3
NCT03374800,1,0.5299004397890261,3
NCT03661489,1,0.8967545978118425,3
NCT03347344,0,0.642791990400776,3
NCT03354039,0,0.005641905391311344,3
NCT03357874,1,0.7333752024392898,3
NCT03232398,1,0.8075267710753742,3
NCT03422328,1,0.9540129518977399,3
NCT03691090,1,0.5911106821018555,3
NCT03014167,1,0.5930800062076296,3
NCT03137303,1,0.9162927233446121,3
NCT03123471,1,0.5734662219909721,3
NCT02814916,1,0.7297762189549921,3
NCT03029208,1,0.9970722271261372,3
NCT03039192,1,0.8416780557118922,3
NCT03097133,1,0.7218907361833092,3
NCT02892916,0,0.522408997125156,3
NCT02920528,1,0.7227098004316834,3
NCT03104140,1,0.9946722462681852,3
NCT03050307,1,0.9914852234980276,3
NCT03050359,1,0.5364206191414915,3
NCT02932410,1,0.9983873439208191,3
NCT02700685,1,0.5094213317425159,3
NCT03229538,0,0.547244472040171,3
NCT03069677,1,0.9979053734263649,3
NCT03031184,0,0.8210756899615962,3
NCT02990286,1,0.7689724500526645,3
NCT03156452,1,0.9944297728073892,3
NCT02898077,1,0.6311393527095689,3
NCT03036488,1,0.30537445745568587,3
NCT03038100,1,0.9922546283370918,3
NCT03064126,1,0.6484652457590085,3
NCT03117049,1,0.08243231786594515,3
NCT03125902,1,0.35487207961640405,3
NCT03169335,1,0.4075055189420353,3
NCT03329911,1,0.2860881648414437,3
NCT03875092,1,0.14976771253905724,3
NCT06781073,1,0.5743858713167493,3
NCT03312634,1,0.8570549180752036,3
NCT02929563,1,0.6272010757972796,3
NCT03374956,1,0.9965513226200503,3
NCT03669484,1,0.830643593689968,3
NCT03373201,1,0.9882023449917563,3
NCT03290378,1,0.9963615765614843,3
NCT03395808,1,0.9993573483761169,3
NCT03118297,1,0.9925483314845301,3
NCT02908672,1,0.9949237845586674,3
NCT02851797,1,0.4160837410028141,3
NCT02629042,1,0.8722162337452454,3
NCT02885636,1,0.19124113642147725,3
NCT02604173,1,0.703839548401756,3
NCT02876835,1,0.9966610984111955,3
NCT02879305,1,0.8334840405156563,3
NCT02679573,1,0.7108803449640224,3
NCT02873689,0,0.7112929311385465,3
NCT02128685,0,0.7523148222913089,3
NCT02890173,1,0.9980618665765197,3
NCT02769481,1,0.9927541955950192,3
NCT02778880,1,0.5108431334162274,3
NCT02927379,1,0.7461797289454877,3
NCT03081416,0,0.7980025755559041,3
NCT02582866,1,0.9995519346605655,3
NCT02346201,1,0.8188313249838471,3
NCT02650609,1,0.5485928252885127,3
NCT02666703,1,0.8604305784183328,3
NCT02887976,1,0.9980492527313387,3
NCT02896205,0,0.8403771602148384,3
NCT02815709,1,0.9734373646708441,3
NCT02820324,1,0.9734373646708441,3
NCT04140058,1,0.7715021133386006,3
NCT02754882,1,0.2575786729642468,3
NCT02775435,1,0.14976771253905724,3
NCT02810457,1,0.08243231786594515,3
NCT03998969,1,0.7325136955056987,3
NCT02558231,0,0.9945353016329394,3
NCT02750306,1,0.06287774456298313,3
NCT02791230,1,0.9278473030622102,3
NCT02982161,1,0.9962041690389185,3
NCT02556424,1,0.8695663834454935,3
NCT02736955,1,0.9459976006506191,3
NCT02869009,1,0.823866753647914,3
NCT02697734,1,0.988912641341904,3
NCT02486627,1,0.4389113391995296,3
NCT02410772,1,0.9985648169038819,3
NCT03036813,1,0.5668336877355152,3
NCT02217501,1,0.8907855539238428,3
NCT02298088,1,0.9105141920590616,3
NCT02429271,1,0.7248436616241187,3
NCT02354352,1,0.012421777053120076,3
NCT02417064,1,0.023977383732292572,3
NCT02418585,1,0.023977383732292572,3
NCT02422186,0,0.013251921323447349,3
NCT02493868,1,0.47469540799748966,3
NCT02556606,1,0.7167653817151202,3
NCT02477839,0,0.9954872385576957,3
NCT02388724,1,0.46169907919162567,3
NCT02388737,1,0.32875260117969296,3
NCT02235909,1,0.9957107149588375,3
NCT02319343,1,0.5075723882067991,3
NCT02332603,1,0.7502709874080982,3
NCT02332616,1,0.46516104130400826,3
NCT02332629,1,0.5727321551481425,3
NCT03308084,1,0.7805940790770957,3
NCT02383589,1,0.7500935869513423,3
NCT02630628,1,0.9966755247747824,3
NCT02612922,1,0.9928577781112262,3
NCT02364999,1,0.5200275513887503,3
NCT02366143,1,0.37685595580665326,3
NCT02367794,1,0.2051197577815713,3
NCT02501954,1,0.8878888074815238,3
NCT02290327,1,0.9951298756619972,3
NCT03141970,1,0.807652624884115,3
NCT03298061,1,0.952512115347775,3
NCT02290873,1,0.6610742971320287,3
NCT02296892,1,0.7009058471550513,3
NCT02532647,1,0.7503208356280364,3
NCT02471183,1,0.9991674551740445,3
NCT01802385,0,0.6120515301931814,3
NCT02354352,1,0.013790821092679786,3
NCT03566316,1,0.6958660732155478,3
NCT02429271,1,0.7534934094454051,3
NCT02607618,1,0.8164912162410785,3
NCT03687515,1,0.9244562418658053,3
NCT02989519,1,0.999467956758689,3
NCT02332447,0,0.9987946926436302,3
NCT02370498,1,0.978998199609288,3
NCT02600611,1,0.8164912162410785,3
NCT02307513,1,0.6149779193981572,3
NCT02127970,1,0.720500544614663,3
NCT02142075,1,0.923755171062523,3
NCT02143570,1,0.9992491357708825,3
NCT02181413,1,0.9025938052556276,3
NCT02021240,1,0.6185413389484342,3
NCT01911975,1,0.5916268297147947,3
NCT01964560,1,0.9995218892778333,3
NCT02124564,1,0.9989107765378418,3
NCT02008565,0,0.00583354378757632,3
NCT02232763,1,0.6419275711959443,3
NCT02232776,1,0.8802488834345553,3
NCT02248961,1,0.8887699870236284,3
NCT01955187,1,0.8104613949748395,3
NCT02112487,1,0.999655712379183,3
NCT02070757,1,0.6716836719202979,3
NCT03477422,1,0.5318863800768939,3
NCT03311425,1,0.8843925007434098,3
NCT02096900,1,0.5744013760320711,3
NCT02250703,1,0.8276770735048848,3
NCT02325583,1,0.9997226040983223,3
NCT02011958,1,0.8691333092441546,3
NCT02193022,1,0.9354065574068527,3
NCT02336750,1,0.9730937743872087,3
NCT01951885,1,0.8092798780057561,3
NCT01964391,1,0.9356682459877481,3
NCT01966471,1,0.7328425139370308,3
NCT01989676,1,0.9906304502161742,3
NCT02032277,1,0.2766444713363759,3
NCT02106546,1,0.16559568612740744,3
NCT02125344,1,0.6404039194888177,3
NCT02163694,1,0.3871393596230271,3
NCT02178956,1,0.6175743671252278,3
NCT02194166,1,0.8339349965269092,3
NCT02214381,1,0.8585639366172626,3
NCT02000336,1,0.9381696409462773,3
NCT01987895,1,0.7067231942759106,3
NCT02284126,1,0.8651422635746945,3
NCT02105974,1,0.830235857738779,3
NCT01984684,1,0.8352470910293237,3
NCT02180217,1,0.993161708610307,3
NCT01970371,1,0.7704357725859194,3
NCT02830906,1,0.7019714733266944,3
NCT02179658,1,0.6964077988013133,3
NCT02096900,1,0.7590201453709221,3
NCT01825031,1,0.8401316551910999,3
NCT01890122,1,0.9947639883914547,3
NCT02548832,1,0.9959342733607058,3
NCT01724450,1,0.8334369792631968,3
NCT01758614,1,0.7400363638193056,3
NCT01993823,1,0.7445879799347641,3
NCT01922011,0,0.6162741228999521,3
NCT01811732,1,0.8254494808479803,3
NCT01857856,0,0.881993918360599,3
NCT02153567,1,0.7147506954712134,3
NCT01825031,1,0.7824813035483117,3
NCT01942135,1,0.9919166406227433,3
NCT01769378,1,0.9962976639554806,3
NCT01811459,1,0.9977643606590287,3
NCT01862302,1,0.5617745903765666,3
NCT01839084,1,0.6937788378735438,3
NCT01825031,1,0.7688928632817089,3
NCT06310850,1,0.9315653228159287,3
NCT01832038,1,0.9994476035747758,3
NCT01921205,1,0.9940281020150459,3
NCT01805453,0,0.5205780625483617,3
NCT01779271,1,0.997829566834931,3
NCT01841762,1,0.9996530372207056,3
NCT01579539,1,0.8167754279723473,3
NCT02494505,1,0.5254555459819066,3
NCT05170061,1,0.9962035987290452,3
NCT01610245,1,0.9928577781112262,3
NCT01763671,1,0.919993278932727,3
NCT01822314,1,0.8077595515959292,3
NCT01839773,1,0.9980752574136413,3
NCT01901146,1,0.4299431058299769,3
NCT01940497,1,0.9024169132690485,3
NCT01966003,1,0.1844686549358512,3
NCT02019277,1,0.9988473475580781,3
NCT02835586,1,0.8576949129247265,3
NCT01776424,1,0.6109114612547929,3
NCT01790659,1,0.5687810913929985,3
NCT01811459,1,0.997922601509509,3
NCT01825031,1,0.827965245491739,3
NCT01754259,1,0.7479104285368116,3
NCT01994889,1,0.385577881188833,3
NCT01914432,1,0.8747575570037742,3
NCT01721031,1,0.8918972669796009,3
NCT02005822,1,0.9296089394033434,3
NCT01983683,1,0.7067231942759106,3
NCT01689519,1,0.9960097609003693,3
NCT01802333,0,0.13566611449110322,3
NCT01986361,1,0.6499921297681944,3
NCT01814553,1,0.8798435462837888,3
NCT01974024,1,0.9001694454254336,3
NCT01909453,1,0.5951536877983582,3
NCT03238131,1,0.8351384174576062,3
NCT01521962,1,0.9999074715765329,3
NCT01690299,1,0.5659801611032518,3
NCT01516424,1,0.9980572637407726,3
NCT01543932,1,0.9994183639859449,3
NCT01626534,1,0.8198904055631049,3
NCT01790997,1,0.5505687067322702,3
NCT01265550,1,0.9951123532652902,3
NCT01586442,1,0.9959354379646422,3
NCT01610284,1,0.9931921398724385,3
NCT01459809,1,0.9988868835923731,3
NCT01585792,1,0.9548208187805164,3
NCT01644500,1,0.9891450271686316,3
NCT01750541,1,0.7978668168435306,3
NCT01465997,1,0.9967798147843268,3
NCT01456247,1,0.7897897551456298,3
NCT01459809,1,0.9900562597704693,3
NCT01292031,1,0.9389183322499004,3
NCT01551394,1,0.9994083214770403,3
NCT01283009,0,0.8168909577160722,3
NCT01837290,1,0.012838516216956601,3
NCT02058485,1,0.988023904364874,3
NCT01648634,1,0.4196724802925436,3
NCT01414608,1,0.8088471147360577,3
NCT01526369,1,0.9979388460093386,3
NCT01572038,1,0.9984313023904144,3
NCT01583426,1,0.6420460955160364,3
NCT01644890,1,0.9256139554065556,3
NCT01663727,1,0.9935078846360699,3
NCT01763645,1,0.30584636900710094,3
NCT01764022,1,0.9898520348248983,3
NCT02472964,1,0.7815001162028181,3
NCT02084420,1,0.7066307688320737,3
NCT01543932,1,0.9994877554107402,3
NCT01828437,1,0.9242149031424796,3
NCT01494987,1,0.9571870522084929,3
NCT01555164,0,0.996220309658814,3
NCT01912391,1,0.7674346962320455,3
NCT02670772,1,0.9528057339274933,3
NCT01638247,1,0.9953665936499269,3
NCT01595685,0,0.8671161898500928,3
NCT01543932,1,0.9994044304456254,3
NCT01598753,0,0.13050810396766327,3
NCT01889979,1,0.6178684602538352,3
NCT01597505,1,0.5247042478515895,3
NCT01598311,1,0.8128980973164828,3
NCT01667419,1,0.46099818307638735,3
NCT01728805,1,0.842420348953322,3
NCT01516814,1,0.8631563830928322,3
NCT01516840,1,0.5691933712031017,3
NCT01808313,1,0.7151239657920616,3
NCT01265550,1,0.9983657981821576,3
NCT02179268,1,0.9776138520592101,3
NCT01655706,1,0.8654716737001681,3
NCT01541605,1,0.9941654035184605,3
NCT01257828,0,0.5872271063129793,3
NCT02179268,1,0.9799564191385025,3
NCT02179268,1,0.9799564191385025,3
NCT01456130,1,0.9985557841442727,3
NCT01360021,1,0.9629853725579797,3
NCT01439984,1,0.7950075723316106,3
NCT01505790,1,0.9989747319991755,3
NCT01515345,1,0.9177546737777245,3
NCT01339091,1,0.575676176270554,3
NCT01408186,1,0.5504847269449553,3
NCT01300351,0,0.9941805100102836,3
NCT01211522,1,0.6700753896890991,3
NCT01326325,1,0.5703960058332924,3
NCT01387139,1,0.5686451945235491,3
NCT01983020,1,0.9978670960105411,3
NCT01243177,1,0.9965645215635178,3
NCT01484977,1,0.9995519346605655,3
NCT01452711,1,0.9914852234980276,3
NCT01452724,1,0.5364206191414915,3
NCT01452750,1,0.32139714950727577,3
NCT01452763,1,0.32139714950727577,3
NCT01456260,1,0.7897897551456298,3
NCT01459367,1,0.5893479567839858,3
NCT01983020,1,0.9972851081249843,3
NCT01051219,1,0.0883901872810318,3
NCT01307046,1,0.99658359994128,3
NCT01302691,1,0.99658359994128,3
NCT01445678,1,0.9957163861505723,3
NCT01257672,1,0.5573420069773237,3
NCT01362530,1,0.5162756289152748,3
NCT01395901,1,0.3960511637199973,3
NCT01442376,1,0.995118181197913,3
NCT01196390,1,0.9970146679597723,3
NCT01248403,1,0.6219207506205151,3
NCT01275677,1,0.9091960582474501,3
NCT01285609,1,0.31157867996619465,3
NCT01358877,1,0.36237742981793225,3
NCT01364012,1,0.10224027414105727,3
NCT01462890,1,0.9939565368630254,3
NCT04031703,1,0.9547363041168355,3
NCT01272635,1,0.9477249952280671,3
NCT01349010,1,0.8269115778350595,3
NCT01408186,1,0.5867299241814206,3
NCT01215253,0,0.5466772473568917,3
NCT01442038,0,0.5123675532206934,3
NCT01472185,1,0.9796892585153131,3
NCT01462812,1,0.9946170119149362,3
NCT02995772,1,0.9954170379391666,3
NCT01307397,1,0.9989651325245095,3
NCT01336608,1,0.6699047666180352,3
NCT01211522,1,0.41808657261169513,3
NCT01345058,0,0.9964944327540162,3
NCT01499134,1,0.9966804617071411,3
NCT01306721,1,0.328838404585366,3
NCT01435655,1,0.8397403611335175,3
NCT01430754,1,0.3919791075069217,3
NCT01289119,1,0.9952951705189543,3
NCT01224210,1,0.9488111239178866,3
NCT01194219,1,0.9900716347099899,3
NCT01232283,1,0.9900716347099899,3
NCT01035190,0,0.6731352605137075,3
NCT01100112,1,0.8446419143333463,3
NCT01209208,1,0.8322370560123297,3
NCT01179828,1,0.4395838495857072,3
NCT01184872,1,0.8268650438131212,3
NCT01115855,1,0.09189494460789345,3
NCT01319344,1,0.9262740882078557,3
NCT01167881,1,0.9992015375007087,3
NCT01189890,1,0.9828281784471645,3
NCT01087658,1,0.848770995583591,3
NCT01301079,0,0.5367760727496855,3
NCT01509261,1,0.6967998072271727,3
NCT01209208,1,0.6263542058543018,3
NCT01302964,1,0.8298847587641967,3
NCT01002742,1,0.6032015688810868,3
NCT01092962,1,0.9037330302948224,3
NCT01121042,1,0.6822982335914453,3
NCT01084876,1,0.994634700830348,3
NCT01107626,1,0.8602097879318799,3
NCT01166542,1,0.052707133552065535,3
NCT01170663,1,0.9902755601142884,3
NCT01204749,1,0.98893712512347,3
NCT01239732,1,0.9980857970754512,3
NCT04127019,1,0.9256139554065556,3
NCT01353235,1,0.7378580629957401,3
NCT01258049,1,0.9960936935894277,3
NCT01174173,1,0.8655857863978843,3
NCT00946998,0,0.5948613559294401,3
NCT01098318,1,0.27636447495866745,3
NCT01214382,1,0.911997387010568,3
NCT01222520,1,0.9978209677262991,3
NCT01179828,1,0.43896106160016707,3
NCT01417754,1,0.9540129518977399,3
NCT01006980,1,0.9982592794686546,3
NCT01181895,0,0.9800648793656569,3
NCT01130025,1,0.9972980439321009,3
NCT01182441,1,0.9173502814698437,3
NCT01758640,1,0.824969826408056,3
NCT01178073,1,0.003257708682908374,3
NCT00971165,1,0.8212543622865773,3
NCT01014442,1,0.9093307240140677,3
NCT01120184,1,0.989136440666652,3
NCT01758640,1,0.8290737338375246,3
NCT00532493,1,0.6284774965710047,3
NCT01178073,1,0.05597985388588981,3
NCT01087671,1,0.9992334174649973,3
NCT01163032,1,0.4127740672354848,3
NCT03689244,0,0.8119985121296129,3
NCT02629848,0,0.5309962409949142,3
NCT01355874,0,0.7925463200657287,3
NCT04409288,1,0.9994424547763138,3
NCT03796650,1,0.8463053175329286,3
NCT01287741,1,0.600693316585527,3
NCT04968184,0,0.4362441833038478,4
NCT04459715,0,0.9845629703334879,4
NCT03340727,0,0.5001531897978493,4
NCT04163900,0,0.9315314020395081,4
NCT03071692,0,0.498554438655679,4
NCT02817906,0,0.5273376484304358,4
NCT02814019,0,0.8117377384226957,4
NCT01794000,0,0.9849112832546757,4
NCT01687998,0,0.6187305710877701,4
NCT01687478,0,0.6969043749832063,4
NCT01061671,0,0.797510325451771,4
NCT05930938,0,0.9978717008264618,4
NCT05036317,0,0.6628735317804553,4
NCT03192215,0,0.004897537174575232,4
NCT02443194,0,0.6379217860444478,4
NCT02173756,0,0.7636894241930221,4
NCT01351675,0,0.971260074957081,4
NCT01151137,0,0.9959923762198842,4
NCT06192108,1,0.995135180278392,4
NCT06415773,1,0.9760284997409857,4
NCT05214911,1,0.998803475273703,4
NCT07326904,1,0.8772189235091873,4
NCT06590870,1,0.8174948148365009,4
NCT06206408,1,0.2301708480894537,4
NCT05861427,1,0.992719572064028,4
NCT05630833,1,0.5735366482916107,4
NCT05680870,1,0.9980892372505542,4
NCT05779241,1,0.9045761801671635,4
NCT06103825,1,0.7574934493970246,4
NCT05753670,1,0.7725726512810467,4
NCT05811676,1,0.5409942793980319,4
NCT05216263,1,0.9230081176444221,4
NCT05485805,1,0.9831568547096327,4
NCT05439616,1,0.9968437607389726,4
NCT05196347,1,0.9336358914900933,4
NCT05438875,1,0.8693590445174334,4
NCT05364190,1,0.5954534204353612,4
NCT05617820,1,0.8775317331969309,4
NCT05475665,1,0.9982020486587698,4
NCT05476354,1,0.9982020486587698,4
NCT05424445,1,0.998658923228303,4
NCT05301517,1,0.996928892303892,4
NCT06948513,1,0.999073757493337,4
NCT04829747,1,0.9230081176444221,4
NCT04729179,0,0.004642463591174583,4
NCT06754410,1,0.950375669506617,4
NCT04707352,1,0.9928840309669351,4
NCT04504812,1,0.795918785991269,4
NCT04934722,1,0.9937359202327184,4
NCT05137184,1,0.7080427787836745,4
NCT04615624,1,0.5985477181781699,4
NCT04752475,1,0.5985477181781699,4
NCT05093621,1,0.9992709265829992,4
NCT04985942,1,0.40546267349083126,4
NCT05061706,1,0.40546267349083126,4
NCT05061719,1,0.7141307709129422,4
NCT04786873,1,0.8907735273965214,4
NCT05137184,1,0.3453953524950847,4
NCT04887506,1,0.9886149541812645,4
NCT04921969,1,0.9965272862101673,4
NCT05093621,1,0.9989499570135494,4
NCT04635007,1,0.7790756067567284,4
NCT05033886,1,0.4814578082425032,4
NCT04258839,1,0.9987616224606307,4
NCT03342027,1,0.9204688329158466,4
NCT04388319,1,0.928150216716981,4
NCT04237090,1,0.8299958957846214,4
NCT04110340,1,0.6502984276173457,4
NCT04213677,1,0.985280789395078,4
NCT04564742,1,0.8608477565087043,4
NCT04634500,1,0.9750049345369213,4
NCT04157751,1,0.978593349228232,4
NCT04233801,1,0.92841846578909,4
NCT04509674,0,0.6295937668700109,4
NCT03452865,0,0.9938260420617085,4
NCT04192266,1,0.8363179960950049,4
NCT04128540,1,0.8965610332638582,4
NCT04234204,0,0.3924595385038608,4
NCT04451226,1,0.4624991020930895,4
NCT04578886,0,0.8207310476572028,4
NCT04261517,0,0.8945505083543903,4
NCT04308668,0,0.678894097111788,4
NCT04315896,0,0.791898037154454,4
NCT04315948,0,0.4588101096754284,4
NCT04318015,0,0.7373523535252533,4
NCT04321278,0,0.8185681586742496,4
NCT04328467,0,0.678894097111788,4
NCT04332991,0,0.6928313137216068,4
NCT04334148,0,0.07548574908658921,4
NCT04334928,0,0.9977220726930439,4
NCT04338698,0,0.9447987050170084,4
NCT04391127,0,0.10959268064221789,4
NCT04410562,0,0.4915673779518839,4
NCT04285515,1,0.1773078084715492,4
NCT04173494,1,0.4975995975340441,4
NCT04538534,1,0.9977608529322117,4
NCT04187144,1,0.5735366482916107,4
NCT04338698,0,0.9575702907950763,4
NCT04531982,0,0.9931113947307815,4
NCT04315948,0,0.542754105245878,4
NCT04410198,1,0.9990001883360066,4
NCT04484857,1,0.9990001883360066,4
NCT04362137,0,0.513706253400554,4
NCT04472598,1,0.7006485047948768,4
NCT04534725,1,0.9979992073668187,4
NCT04427618,1,0.702670288277086,4
NCT04285567,1,0.9826588267575364,4
NCT04509622,1,0.610869637496857,4
NCT04388319,1,0.565661262373783,4
NCT04271917,1,0.9524032988219466,4
NCT04175834,1,0.8572007654970626,4
NCT04598451,1,0.8651243603589255,4
NCT04530344,1,0.5032790679859241,4
NCT04394975,1,0.9977042479506935,4
NCT03939312,1,0.6267205783718066,4
NCT03874494,1,0.9857761172857203,4
NCT04124614,1,0.724452459418867,4
NCT04162522,1,0.7916045126566643,4
NCT04174170,0,0.724452459418867,4
NCT04174365,0,0.9979718428005682,4
NCT03897439,1,0.9599896416825913,4
NCT03802591,1,0.9943420561778221,4
NCT03813784,1,0.8484310370585812,4
NCT04041791,1,0.9948946402161787,4
NCT03723252,1,0.0664765865723028,4
NCT03877224,0,0.7711420037329336,4
NCT03877237,1,0.7711420037329336,4
NCT03778931,1,0.20219913924686475,4
NCT03939637,1,0.44483149168677416,4
NCT03594110,1,0.984218788296493,4
NCT04162522,1,0.9839954449673209,4
NCT04003142,1,0.48112068998027613,4
NCT04327843,1,0.8408905800451253,4
NCT04476069,1,0.9973687768791629,4
NCT03621280,1,0.9992364328330179,4
NCT05118542,1,0.7378698417785363,4
NCT05108597,1,0.9993302992451032,4
NCT04020341,1,0.5735366482916107,4
NCT03968159,0,0.07383609397681654,4
NCT05118542,1,0.7953580187592546,4
NCT05663827,1,0.9095513764398369,4
NCT03475342,0,0.6024009559894702,4
NCT03979352,1,0.5106397838720611,4
NCT04003155,1,0.48112068998027613,4
NCT04003389,1,0.5230709544920481,4
NCT03153150,1,0.7178414015714253,4
NCT05208398,1,0.862706542932563,4
NCT03700320,1,0.7248820908152858,4
NCT03777059,1,0.45529090872279027,4
NCT03538691,0,0.034865771262350784,4
NCT03548584,1,0.5837399694014175,4
NCT03594123,1,0.8605615594321869,4
NCT03724942,1,0.7574026693662567,4
NCT03737474,1,0.09326896871159171,4
NCT03615326,1,0.7940671165452233,4
NCT03745170,1,0.98770015462328,4
NCT03777657,1,0.45600410344608694,4
NCT03573297,0,0.9981812367257504,4
NCT03738215,1,0.043467675025160614,4
NCT03739203,1,0.043467675025160614,4
NCT03354598,1,0.8248016212242406,4
NCT03619213,1,0.9968336013729556,4
NCT03153150,1,0.85717247695742,4
NCT03515096,1,0.6218989546495812,4
NCT03332212,0,0.9938296179185427,4
NCT03429543,1,0.8090484904007327,4
NCT03448406,0,0.9873004126910502,4
NCT03448419,0,0.977951561190904,4
NCT03296813,1,0.9993399572116506,4
NCT03404518,1,0.859492760462622,4
NCT03571737,1,0.9252898452955705,4
NCT03311945,1,0.45282931163825424,4
NCT03429543,1,0.8553427913145675,4
NCT03729362,1,0.5638916881192572,4
NCT03367572,1,0.5390711862781802,4
NCT03153150,1,0.7657782141505427,4
NCT03575052,1,0.7532720131494305,4
NCT03623321,1,0.9582303415262415,4
NCT03367572,1,0.6542536088346937,4
NCT03311945,1,0.35538249731414684,4
NCT03153150,1,0.7178414015714253,4
NCT03387670,1,0.7841872480848008,4
NCT03427125,1,0.8434515127738703,4
NCT03354429,1,0.734205667924134,4
NCT03296813,1,0.9990493489912147,4
NCT02775773,1,0.8849088541135465,4
NCT03364491,0,0.5035842229565124,4
NCT03463993,0,0.8433653884167228,4
NCT03505723,1,0.752339511110878,4
NCT03565276,1,0.9050933197212009,4
NCT03846973,1,0.7724460011927355,4
NCT03534284,0,0.44554320249536156,4
NCT03153150,1,0.9144886374484636,4
NCT03675737,1,0.6628425747214279,4
NCT03149809,1,0.916172258739264,4
NCT02933697,1,0.8871421745336339,4
NCT03045406,1,0.027604054728095996,4
NCT03080883,1,0.7783523523792574,4
NCT03106779,1,0.9950912422389638,4
NCT03337308,1,0.7060895691390482,4
NCT03257865,0,0.9950981750723721,4
NCT03259555,0,0.9950981750723721,4
NCT03287869,1,0.9977501288946701,4
NCT03006705,1,0.9604634349843113,4
NCT03084939,1,0.999717478850895,4
NCT03294395,1,0.7206782370381336,4
NCT02984644,1,0.8300800468997531,4
NCT03036124,1,0.6969945578213631,4
NCT03036150,1,0.9883363019621875,4
NCT03199053,1,0.9924254565335524,4
NCT03057951,1,0.977951561190904,4
NCT03057977,1,0.977951561190904,4
NCT03151343,0,0.4879833795259985,4
NCT03016312,1,0.5974028866930445,4
NCT03337308,1,0.7813035885836445,4
NCT04414800,1,0.8604025036844477,4
NCT04628325,1,0.9566741634174217,4
NCT02863575,1,0.995381770081648,4
NCT04037514,1,0.5078533687356522,4
NCT03068312,1,0.7103039017877935,4
NCT03150719,1,0.3823789614626754,4
NCT04414800,1,0.7597932477274233,4
NCT03320486,1,0.9974846843169818,4
NCT02818738,1,0.7636676266200654,4
NCT03340064,1,0.7506132192595243,4
NCT03277690,1,0.9982096848300362,4
NCT02720198,1,0.8833728932818005,4
NCT03097861,1,0.99666061620625,4
NCT03249376,1,0.1025389593295383,4
NCT03148574,1,0.9817184036414338,4
NCT03187769,1,0.7812169160043841,4
NCT03219710,1,0.8089703322372943,4
NCT03205228,1,0.8775317331969309,4
NCT03065075,0,0.9586701765362724,4
NCT02961257,1,0.847215802668386,4
NCT03070522,0,0.8724965669427697,4
NCT02720198,1,0.4344528867933705,4
NCT03112603,1,0.6112270735351805,4
NCT03110562,1,0.9961124268399899,4
NCT02713945,1,0.5638824218921362,4
NCT03260894,1,0.9130681863667607,4
NCT02617290,0,0.9247392815619291,4
NCT03069352,0,0.31103824792132945,4
NCT03067441,1,0.99692067759069,4
NCT03043157,1,0.9788955597386987,4
NCT02964936,1,0.9788621960261225,4
NCT02988973,1,0.9797849705010429,4
NCT02664649,0,0.8278310486626361,4
NCT03001076,1,0.6838064771911085,4
NCT02741791,1,0.9553435793387,4
NCT02514278,1,0.6467505635182461,4
NCT02551237,1,0.6540891552539361,4
NCT02670538,1,0.8271881995926159,4
NCT02670551,1,0.3904919642060013,4
NCT02688400,1,0.9969156902665698,4
NCT02703363,0,0.4732676555700697,4
NCT02725411,1,0.9955272367852209,4
NCT02681094,1,0.9451945933573326,4
NCT02725593,0,0.9952788382389753,4
NCT02677896,1,0.9908444117180641,4
NCT02995694,1,0.9006980924002969,4
NCT02880540,1,0.9992640755275172,4
NCT03022253,1,0.8101153910211079,4
NCT02597361,1,0.5459305758725176,4
NCT02934698,1,0.7846980124114055,4
NCT03419975,1,0.9992592491983806,4
NCT02651155,1,0.9956586948616364,4
NCT02695719,1,0.9919671871634249,4
NCT02729909,1,0.9956586948616364,4
NCT02766777,1,0.030382019303255046,4
NCT02831569,1,0.9536235214698613,4
NCT02703363,0,0.9691738880318441,4
NCT02202967,1,0.9972275649204109,4
NCT02758340,1,0.9992636195415631,4
NCT02694328,1,0.678587493230974,4
NCT02861859,1,0.6553774130870427,4
NCT01657448,1,0.9238464134148027,4
NCT02806713,1,0.9984416454697327,4
NCT02970292,0,0.9951987544978488,4
NCT02924727,1,0.5637427713457887,4
NCT03020082,1,0.9291766974118171,4
NCT02684006,1,0.997096425462954,4
NCT02675998,1,0.8558134868225112,4
NCT02727751,1,0.9996013775984618,4
NCT02578901,1,0.8473305519231731,4
NCT02650791,1,0.8220114636809985,4
NCT02702128,1,0.762094695427437,4
NCT02993341,1,0.7769691103485556,4
NCT03060889,1,0.9559191003147296,4
NCT02828020,1,0.9948500877722604,4
NCT02867709,1,0.9948500877722604,4
NCT02873221,1,0.9985546031465046,4
NCT02755597,1,0.9949469622174215,4
NCT02756611,1,0.9204751724841035,4
NCT02980731,1,0.8407910221093443,4
NCT02988115,1,0.9958660117843636,4
NCT02991118,1,0.9957404338760475,4
NCT03003000,0,0.8632883328366358,4
NCT02863328,1,0.9980183821338997,4
NCT02779764,1,0.9984000120795193,4
NCT02780141,1,0.9984000120795193,4
NCT02780726,1,0.9984000120795193,4
NCT02952092,1,0.9965772844122326,4
NCT02283294,1,0.8871421745336339,4
NCT02369653,1,0.5984383126618203,4
NCT02427126,0,0.8193653413628947,4
NCT02585713,1,0.005662141466038478,4
NCT02194933,1,0.9812817170877617,4
NCT02191397,1,0.9852624945843598,4
NCT03271918,1,0.8764602302724256,4
NCT02395640,1,0.995464129889568,4
NCT02494583,1,0.6277206432947442,4
NCT02426775,1,0.8208275170787017,4
NCT02424461,1,0.8479447086171277,4
NCT02545075,1,0.7745054228543516,4
NCT02319031,1,0.9994312511672051,4
NCT02596880,1,0.9995982994846977,4
NCT02419612,1,0.9451992938157798,4
NCT02460978,1,0.10399831705953076,4
NCT02518945,1,0.35852653237599547,4
NCT02592421,1,0.9142480693665258,4
NCT02335346,1,0.9962093084958497,4
NCT02099747,1,0.7010523442374177,4
NCT02414958,1,0.9941061577578243,4
NCT02580591,1,0.794928690012117,4
NCT02191397,1,0.9966422280239676,4
NCT03848234,1,0.7993547821407622,4
NCT02446418,1,0.9989194662101849,4
NCT02502734,1,0.8097787335126021,4
NCT01960075,1,0.6752951463331818,4
NCT02345681,1,0.8275347705048939,4
NCT02272725,1,0.8597586483927028,4
NCT02330926,1,0.9123690490609367,4
NCT02477007,1,0.48557581793699633,4
NCT02361216,1,0.9956562546466373,4
NCT02789033,1,0.9990100581558442,4
NCT02347657,1,0.31247373449105476,4
NCT02390219,1,0.6468772272259042,4
NCT02392234,1,0.2807448389477664,4
NCT02412111,1,0.5054854074186197,4
NCT02516410,1,0.31247373449105476,4
NCT01960075,1,0.6719853632106206,4
NCT02431806,0,0.8678749338349968,4
NCT02481947,1,0.9988632461456147,4
NCT02390219,1,0.5721248383704619,4
NCT02558829,1,0.8887495390697526,4
NCT02163616,1,0.8635057970426275,4
NCT03790371,1,0.9984443004433768,4
NCT02484911,0,0.6498662527350852,4
NCT02634346,1,0.678587493230974,4
NCT02635984,1,0.7345852069651846,4
NCT03650270,1,0.9978931490805131,4
NCT02457221,1,0.9969535658435356,4
NCT02469155,1,0.7793272042357483,4
NCT02273726,1,0.9986079788063302,4
NCT02413346,1,0.9995043404129722,4
NCT02319031,1,0.9992342357925169,4
NCT02596880,1,0.9995672274504215,4
NCT02420821,1,0.8613156162444054,4
NCT02486653,1,0.7279487256543239,4
NCT02621892,1,0.9974989176867082,4
NCT02686138,1,0.9972768013413722,4
NCT02325466,1,0.4500515983318244,4
NCT02675205,1,0.9575239791194863,4
NCT02086500,1,0.7329095947154878,4
NCT02302456,0,0.6964684996152124,4
NCT02546648,1,0.7769691103485556,4
NCT03469947,1,0.881649811949561,4
NCT01960075,1,0.8797212070509771,4
NCT02446418,1,0.9991608389506076,4
NCT02460419,1,0.8588198428048435,4
NCT02395653,1,0.9151918873279472,4
NCT02297945,1,0.9959912784425777,4
NCT02896621,1,0.8664560892713432,4
NCT02066454,1,0.7973718810410878,4
NCT02054702,1,0.9934818777874223,4
NCT02087306,1,0.8896355949195234,4
NCT01738178,0,0.996404863544173,4
NCT02114359,1,0.995464129889568,4
NCT02253459,1,0.9998215500532371,4
NCT02108366,1,0.9960942390835098,4
NCT02068846,1,0.7835136721914633,4
NCT02300220,0,0.9910126322046642,4
NCT01974752,1,0.6946064171778501,4
NCT02032875,1,0.9992110095271662,4
NCT02032888,1,0.99927047323392,4
NCT02032901,1,0.9993620845682886,4
NCT02282709,1,0.9991310199487958,4
NCT02096705,1,0.7966197201191005,4
NCT02229396,1,0.9985333195738204,4
NCT02268214,1,0.10399831705953076,4
NCT02284893,1,0.8989161620667228,4
NCT02383238,1,0.8772617921168947,4
NCT02248480,1,0.9875475458052965,4
NCT02471963,1,0.7661416749802421,4
NCT02288247,1,0.992048582558123,4
NCT02294461,1,0.266027884260241,4
NCT02157376,1,0.999109409690572,4
NCT02253173,1,0.6028975561249257,4
NCT02145975,1,0.994120429322406,4
NCT02168842,1,0.5587532441246388,4
NCT02263079,1,0.7707313043849967,4
NCT02073773,1,0.8968922944143403,4
NCT01838551,1,0.9992364328330179,4
NCT02239380,1,0.7525601184641315,4
NCT02138136,1,0.030382019303255046,4
NCT02034162,1,0.8347079748645907,4
NCT02101268,0,0.8278310486626361,4
NCT02334488,1,0.9983137404811245,4
NCT02116530,1,0.01631224498138841,4
NCT03362281,1,0.9294533329102892,4
NCT01774838,1,0.8907442559357962,4
NCT03761225,1,0.8963387227987829,4
NCT02032875,1,0.9979856984612928,4
NCT02109562,1,0.6891027996287458,4
NCT02021318,1,0.999042100035222,4
NCT02052310,1,0.9986061004230699,4
NCT02174627,1,0.9937627727462969,4
NCT02174731,1,0.99825032147661,4
NCT02278341,1,0.9983987255688501,4
NCT02038036,1,0.9982407009879949,4
NCT02087059,1,0.8572101557561864,4
NCT02292446,1,0.9987267432590555,4
NCT02320149,1,0.997042963767324,4
NCT02322866,1,0.9981016996339773,4
NCT02067949,1,0.8711742592564349,4
NCT02032875,1,0.9987174548104311,4
NCT02032888,1,0.998814072020493,4
NCT02032901,1,0.9989629370887538,4
NCT02231749,1,0.8742611357428952,4
NCT01930591,1,0.9170910900178022,4
NCT01651182,1,0.8732265059670431,4
NCT02125890,1,0.689886544725573,4
NCT02187120,0,0.5137424972995925,4
NCT02393300,1,0.8276633344586619,4
NCT02005471,1,0.9888688984971149,4
NCT02242942,1,0.9532107105195209,4
NCT02282709,1,0.8243553294761369,4
NCT02079727,1,0.739016730354115,4
NCT02369965,1,0.999236602286811,4
NCT01994720,0,0.5176281682870669,4
NCT02312440,1,0.5983498178828104,4
NCT01406080,1,0.8218603896691047,4
NCT01780987,1,0.8278310486626361,4
NCT02342275,1,0.8096862058483852,4
NCT01809691,1,0.8190763659052217,4
NCT02085252,1,0.9977418160490134,4
NCT01810380,0,0.9862701798523992,4
NCT01810783,1,0.995714794869747,4
NCT01838681,0,0.10091183501077149,4
NCT01942733,1,0.29341597702798045,4
NCT01942785,1,0.29341597702798045,4
NCT02012218,1,0.29341597702798045,4
NCT02013531,1,0.22133507950448464,4
NCT02013609,1,0.25657894634825107,4
NCT02013622,1,0.991517258601502,4
NCT01769170,1,0.9987660586733622,4
NCT03140449,1,0.9004306359454066,4
NCT01774786,1,0.9655248543537034,4
NCT01918852,1,0.8814158190155597,4
NCT01996306,1,0.8484310370585812,4
NCT01838876,1,0.3342834122841718,4
NCT01765296,1,0.9986323676461383,4
NCT01870024,1,0.6340233065494837,4
NCT01843530,1,0.9272404901556353,4
NCT01721772,1,0.997581537325673,4
NCT01763164,1,0.9974034782245729,4
NCT01741545,1,0.9993620845682886,4
NCT01916967,1,0.6817191557499988,4
NCT02023164,1,0.8026241223200309,4
NCT01855919,1,0.39186689737581576,4
NCT01914666,1,0.6696528391067696,4
NCT01931475,1,0.9904856231131189,4
NCT01483144,0,0.833598199076783,4
NCT01947855,1,0.9977768040597239,4
NCT02003924,1,0.9970949661805097,4
NCT01873079,0,0.9391653634437775,4
NCT01942668,1,0.3604302129503913,4
NCT02004899,1,0.5740363033913042,4
NCT01870024,1,0.49754869353581954,4
NCT03088670,1,0.9992158250817307,4
NCT01755728,1,0.9275015277125471,4
NCT01705145,1,0.7499828457813049,4
NCT01707290,1,0.6468772272259042,4
NCT01807923,1,0.21559215392267767,4
NCT01807949,1,0.21559215392267767,4
NCT01897233,1,0.439766747874004,4
NCT01931839,1,0.15447465115055511,4
NCT01946412,1,0.6938202197728464,4
NCT01939561,1,0.8065850859456483,4
NCT01392768,1,0.5177107808011693,4
NCT01954121,1,0.7805536713673599,4
NCT01827293,1,0.8884575706047749,4
NCT01475643,1,0.9987724705722657,4
NCT01993875,0,0.993911717451306,4
NCT02042183,0,0.013528695365149291,4
NCT01897233,1,0.36425954672317334,4
NCT01801410,1,0.9659192243964453,4
NCT02061657,1,0.9992714400136703,4
NCT01969838,1,0.7519507894315854,4
NCT01755156,1,0.9717486682737277,4
NCT01814748,0,0.9881580883463581,4
NCT01841697,1,0.992525913390366,4
NCT01661101,1,0.7351609410642904,4
NCT01560780,0,0.6612504197069292,4
NCT01641510,1,0.997854423871408,4
NCT01853072,1,0.8905713001839587,4
NCT01872611,1,0.8905713001839587,4
NCT01924286,1,0.7345835074487714,4
NCT01942668,1,0.7637016532761632,4
NCT01827293,1,0.8997880990885538,4
NCT01910402,1,0.6561474612292024,4
NCT01887600,1,0.9965971607471561,4
NCT01999309,0,0.7147390131098434,4
NCT02030041,1,0.9252583497115033,4
NCT01805596,1,0.9187875875179637,4
NCT01961856,1,0.9232595660297859,4
NCT02163954,1,0.9985108039914252,4
NCT01658124,0,0.6835162419564262,4
NCT01881568,1,0.7653316707845056,4
NCT02150720,1,0.8494660343822847,4
NCT01406080,1,0.9428263557181371,4
NCT01871558,1,0.8289009034012214,4
NCT01911780,1,0.999902345122998,4
NCT01929031,1,0.6009833989360752,4
NCT01805596,1,0.9259486791830722,4
NCT01762761,1,0.5364566161434742,4
NCT01929031,1,0.7848275804161275,4
NCT02147548,1,0.930233596128894,4
NCT02086994,1,0.9280918132156369,4
NCT01531114,1,0.9969731880587496,4
NCT01767519,1,0.9988624133701519,4
NCT01531114,1,0.9979079623292446,4
NCT01352715,1,0.6713217723131262,4
NCT01605136,1,0.5988249241872511,4
NCT01395199,1,0.7546965445732653,4
NCT01663233,1,0.991379553450213,4
NCT01668797,1,0.9913235255193833,4
NCT01727726,1,0.2019071140151177,4
NCT01535859,1,0.6856147266620343,4
NCT01718873,1,0.821754026775552,4
NCT01804790,1,0.9253478019007588,4
NCT01715805,0,0.016083123428372745,4
NCT01543685,1,0.6844814022309785,4
NCT01492426,1,0.999370535239449,4
NCT01616524,1,0.997077853995675,4
NCT01606007,1,0.9436919390567966,4
NCT01619059,1,0.8989161620667228,4
NCT01646320,1,0.89628387811368,4
NCT01621191,1,0.00718243890318739,4
NCT01520909,1,0.40219064481068345,4
NCT01621204,1,0.44483149168677416,4
NCT01691885,1,0.9984411069536951,4
NCT01622231,1,0.6150751737956212,4
NCT01630135,1,0.9955028253647273,4
NCT01538875,1,0.9069917188391637,4
NCT01562717,1,0.9956230729424687,4
NCT01563289,1,0.9956230729424687,4
NCT01567072,1,0.8042637905243212,4
NCT01630278,1,0.7103038465303964,4
NCT02441530,1,0.9489700511675532,4
NCT01614457,0,0.3823789614626754,4
NCT01614470,1,0.3307827957411061,4
NCT01352715,1,0.6835141408330786,4
NCT01580202,1,0.8858456573832559,4
NCT01602510,0,0.9798153718163924,4
NCT01563081,1,0.8434144693821439,4
NCT01640535,1,0.9997986090489839,4
NCT01901003,1,0.8492957425039501,4
NCT01674530,1,0.9988632461456147,4
NCT01506388,1,0.935567933088202,4
NCT01612065,1,0.9991753007169744,4
NCT01866241,0,0.7195667319275878,4
NCT02053922,1,0.9160986311473922,4
NCT01682759,1,0.9947459771417901,4
NCT01697592,1,0.9852558527854232,4
NCT01698775,1,0.9928718693016925,4
NCT01703221,1,0.9911039189443052,4
NCT01704261,1,0.9829040577164447,4
NCT01717313,1,0.9818259917233781,4
NCT01609647,1,0.8443570210315409,4
NCT01352715,1,0.5808400108406884,4
NCT01485978,1,0.8608134891298153,4
NCT01624675,1,0.6842349884557349,4
NCT01448707,1,0.8088009260221002,4
NCT01499849,1,0.6422556524269188,4
NCT01500213,1,0.6422556524269188,4
NCT01500226,1,0.6422556524269188,4
NCT01750190,1,0.9922129244742548,4
NCT01632904,0,0.9984115624994006,4
NCT01694277,1,0.9983066916728036,4
NCT01543321,1,0.7523219689210832,4
NCT01511471,1,0.8484956795604374,4
NCT01732822,0,0.7533763742570009,4
NCT01402882,0,0.001831095598511533,4
NCT01594671,1,0.8750559979936339,4
NCT02684851,1,0.8750463111181825,4
NCT02086929,1,0.023388726721575017,4
NCT01691885,1,0.9984283410911151,4
NCT01582230,1,0.9827478856589212,4
NCT01352715,1,0.5808400108406884,4
NCT01628731,1,0.8962521745813131,4
NCT01559727,1,0.9994929087130962,4
NCT01578655,1,0.9915971282423638,4
NCT04578496,1,0.9570301527908075,4
NCT01251393,1,0.8982763141433044,4
NCT01303861,1,0.8487042720367614,4
NCT01406223,1,0.9019076614440846,4
NCT01384539,1,0.9925998538493659,4
NCT01613209,1,0.9992792164751779,4
NCT01234337,1,0.7931608875195718,4
NCT01412060,1,0.9986815637405837,4
NCT01371838,1,0.9932362199290824,4
NCT01354145,1,0.994039950728725,4
NCT01462435,1,0.6844814022309785,4
NCT01484119,1,0.9520854527890894,4
NCT01384539,1,0.9927334912853298,4
NCT01389323,1,0.999156550384512,4
NCT01471574,1,0.999370535239449,4
NCT01294423,1,0.9946399574798175,4
NCT01294436,1,0.9986394321332185,4
NCT01400828,1,0.8606423985865329,4
NCT01264939,1,0.6216446805933497,4
NCT01179672,1,0.6016871276665821,4
NCT01226511,1,0.4283228099284595,4
NCT01237587,0,0.006835343518022695,4
NCT01370525,1,0.785463984976502,4
NCT01370538,1,0.785463984976502,4
NCT01270659,1,0.9676676533199381,4
NCT01601028,0,0.7173609588158774,4
NCT01303406,1,0.8487426057211507,4
NCT01442987,1,0.8914583996870614,4
NCT01292837,1,0.7609643559849625,4
NCT01398956,1,0.8212987664585067,4
NCT01227655,1,0.9956297411814332,4
NCT01324284,1,0.911389105849304,4
NCT01372423,1,0.9988632461456147,4
NCT01375920,0,0.10492254759261922,4
NCT01412073,1,0.9238464134148027,4
NCT01304472,1,0.9165629102006779,4
NCT01327534,1,0.6837579357985517,4
NCT01338909,1,0.7855212131644526,4
NCT01308567,1,0.9880587448583702,4
NCT01295372,1,0.5528613909996658,4
NCT01281813,1,0.9291766974118171,4
NCT01335698,1,0.003401933338580143,4
NCT00994903,0,0.7288944188858814,4
NCT01266434,1,0.9856730519877094,4
NCT01294462,1,0.8288562169067513,4
NCT01360437,1,0.9112347135606305,4
NCT01519245,1,0.9981219802603986,4
NCT02781597,1,0.8837860762844011,4
NCT01298323,1,0.957879492902118,4
NCT01303861,1,0.7851930228593844,4
NCT01406223,1,0.8569662837726879,4
NCT01497522,1,0.8254654012715029,4
NCT01392677,1,0.9041330470012885,4
NCT01504178,1,0.9897683183183441,4
NCT01431950,1,0.5927012877571942,4
NCT01357252,1,0.7584879856949368,4
NCT04704713,1,0.7500023082142548,4
NCT01151410,1,0.9977154434120078,4
NCT01318395,1,0.9991164780845263,4
NCT01715207,1,0.9179475436010538,4
NCT01143181,1,0.959506714301131,4
NCT00943618,1,0.9522604553682446,4
NCT01135212,1,0.9987781762120206,4
NCT01026142,1,0.999823663346361,4
NCT01097018,1,0.9988326302071133,4
NCT01112826,1,0.977378617487766,4
NCT01058096,1,0.9912141315749722,4
NCT01058668,1,0.8528082926740908,4
NCT01059539,1,0.9407574106320309,4
NCT01104766,1,0.9986571183965182,4
NCT01104779,1,0.998513703360713,4
NCT01104792,1,0.99947942081831,4
NCT01208922,1,0.8248016212242406,4
NCT01031680,1,0.9933710769857893,4
NCT01042977,1,0.9939824997866598,4
NCT01095653,1,0.9041330470012885,4
NCT01095666,1,0.9041330470012885,4
NCT01137474,1,0.89628387811368,4
NCT01195662,1,0.9365710400602714,4
NCT01176240,1,0.9924276377127265,4
NCT01089556,0,0.38489000800906215,4
NCT01140906,1,0.5671416536526913,4
NCT01212991,1,0.4880355494646582,4
NCT01069939,1,0.6885424148280532,4
NCT01086384,1,0.7198271972032815,4
NCT01159912,1,0.5627377264372336,4
NCT01132118,0,0.9900423956018125,4
NCT01148043,0,0.9972520622934893,4
NCT01171794,1,0.912704981212349,4
NCT01117012,1,0.6468772272259042,4
NCT01063764,1,0.6341487587168199,4
NCT01228747,1,0.7154881434223379,4
NCT01060072,1,0.9071963441540152,4
NCT01298219,1,0.7852146717876547,4
NCT01173562,1,0.9361967769002776,4
NCT01140217,1,0.9493933753427041,4
NCT01150162,1,0.9993992221881163,4
NCT01338077,1,0.8556560276565749,4
NCT01284556,1,0.9927805691432995,4
NCT01155765,1,0.8306734351641215,4
NCT01336348,1,0.7983531733712835,4
NCT01124838,1,0.9960265255885403,4
NCT01138657,1,0.9960265255885403,4
NCT01193244,1,0.7247607493552498,4
NCT01193257,1,0.7247607493552498,4
NCT01197846,1,0.9978375341783154,4
NCT01106586,1,0.7500666160915238,4
NCT01095185,0,0.7288944188858814,4
NCT02134626,1,0.8784274477618671,4
NCT00803023,1,0.0467006968783052,4
NCT01265901,1,0.8780822954765932,4
NCT01306370,1,0.8251994399362891,4
NCT01142258,1,0.9946083010429115,4
NCT00943618,1,0.9422151484026394,4
NCT01122641,1,0.794189147309552,4
NCT01159249,1,0.9789550500602203,4
NCT01224366,1,0.9845235303518171,4
NCT01233622,1,0.9862515094447546,4
NCT01257451,1,0.7485434992635199,4
NCT01262586,1,0.908156791333623,4
NCT01822548,1,0.987890512631864,4
NCT01217892,1,0.9041330470012885,4
NCT01182376,1,0.9980340131694262,4
NCT01002573,1,0.9984832546786195,4
NCT00922233,1,0.9996388758895941,4
NCT01109784,1,0.9315314020395081,4
NCT01719770,1,0.9962715851876627,4
NCT01064310,1,0.636325062705549,4
NCT04142658,0,0.9351563025807966,4
NCT02518971,0,0.8054306898435856,4
NCT02119663,0,0.9992926233315,4
NCT01176565,0,0.8608134891298153,4
NCT03263091,0,0.6277206432947442,4
