row_idx,y,p,NCT_ID,safety_cytotoxic_cap,cap_reason,p_adj
133,0,0.00015042299709236073,NCT02847650,0,,0.00015042299709236073
243,1,0.11098852736019371,NCT05695378,0,,0.11098852736019371
244,1,0.8983032021737862,NCT05583110,0,,0.8983032021737862
245,1,0.00015899742335112436,NCT05930938,0,,0.00015899742335112436
246,1,0.0015156078317225547,NCT05360264,1,cytotoxic_managed_toxicity,0.0015156078317225547
248,1,0.0021995397937777895,NCT04706507,0,,0.0021995397937777895
249,1,0.0045826485190261605,NCT05055258,0,,0.0045826485190261605
250,1,0.004853221903767467,NCT04820842,0,,0.004853221903767467
251,1,0.0010598199999821184,NCT04398134,0,,0.0010598199999821184
252,1,0.01949373159870786,NCT04220411,0,,0.01949373159870786
254,1,0.2026412947121631,NCT04209621,0,,0.2026412947121631
256,1,0.4709515922487292,NCT04220632,0,,0.4709515922487292
258,1,0.004853221903767467,NCT04096560,0,,0.004853221903767467
259,1,0.39158102890328783,NCT03718143,0,,0.39158102890328783
260,1,0.041396525615103034,NCT03953677,0,,0.041396525615103034
261,1,0.0012733110829484208,NCT03377309,0,,0.0012733110829484208
262,1,0.0006962341963064652,NCT04165031,0,,0.0006962341963064652
263,1,0.07731825083658336,NCT03301415,0,,0.07731825083658336
264,1,0.43435266809059075,NCT03531827,0,,0.43435266809059075
267,1,0.13152101653607562,NCT03729297,0,,0.13152101653607562
269,1,0.11825151546836721,NCT03436420,0,,0.11825151546836721
272,1,0.7685813523541217,NCT03093272,0,,0.7685813523541217
273,1,0.01324704542297844,NCT03373422,0,,0.01324704542297844
274,1,0.9985867015627559,NCT03131453,0,,0.9985867015627559
275,1,0.0010108372855936922,NCT03381118,1,cytotoxic_managed_toxicity,0.0010108372855936922
277,1,0.002391866740021829,NCT02722369,0,,0.002391866740021829
278,1,0.06003753958096501,NCT02874651,0,,0.06003753958096501
279,1,0.0016698229263600293,NCT02618577,0,,0.0016698229263600293
280,1,0.9968842024598719,NCT02956486,0,,0.9968842024598719
281,1,0.08842155287447814,NCT02711137,0,,0.08842155287447814
282,1,0.010887934305468054,NCT02820519,0,,0.010887934305468054
283,1,0.7967840697522494,NCT02585388,0,,0.7967840697522494
285,1,0.1590719857119018,NCT02439138,0,,0.1590719857119018
286,1,0.018255559750646556,NCT02495233,0,,0.018255559750646556
287,1,0.8005213431714907,NCT02585388,0,,0.8005213431714907
288,1,0.7832175148170792,NCT02457910,0,,0.7832175148170792
289,1,0.002470134365508073,NCT02443194,0,,0.002470134365508073
293,1,0.01569205178178046,NCT02173756,0,,0.01569205178178046
294,1,0.003122917066879188,NCT01954082,0,,0.003122917066879188
295,1,0.17766556780941167,NCT01808950,0,,0.17766556780941167
296,1,0.022123123682483738,NCT01888965,0,,0.022123123682483738
297,1,0.064551226100954,NCT01761747,0,,0.064551226100954
299,1,0.004274749887160236,NCT01266070,0,,0.004274749887160236
300,1,0.9990399885986541,NCT01560585,0,,0.9990399885986541
301,1,0.0005369505227658261,NCT00978432,0,,0.0005369505227658261
302,1,0.0005824740598143395,NCT01792635,0,,0.0005824740598143395
303,1,0.2073328713142551,NCT01631279,0,,0.2073328713142551
305,1,0.014520994013014751,NCT01611662,1,cytotoxic_managed_toxicity,0.014520994013014751
306,1,0.029728340983810886,NCT01319539,0,,0.029728340983810886
307,1,0.0002663495573817339,NCT01351675,0,,0.0002663495573817339
308,1,0.21177712392825104,NCT01491633,0,,0.21177712392825104
309,1,0.5989191299380016,NCT01483690,1,cytotoxic_managed_toxicity,0.15
310,1,0.662691195465112,NCT01483690,1,cytotoxic_managed_toxicity,0.15
311,1,0.01451491336269243,NCT01277510,0,,0.01451491336269243
312,1,0.10677130519936213,NCT01388647,0,,0.10677130519936213
313,1,0.001940165763197331,NCT01151137,0,,0.001940165763197331
314,1,0.2601543932081688,NCT01108458,0,,0.2601543932081688
315,1,0.00021873658182556413,NCT01127542,0,,0.00021873658182556413
316,1,0.0036493763244998334,NCT01179737,0,,0.0036493763244998334
317,1,0.0008274444373702261,NCT01204853,0,,0.0008274444373702261
318,1,0.0008356282379553645,NCT01210443,0,,0.0008356282379553645
319,1,0.07168482515061056,NCT00796510,0,,0.07168482515061056
320,0,0.0004676650143590884,NCT07194694,0,,0.0004676650143590884
321,0,0.0006127451836965085,NCT06576882,0,,0.0006127451836965085
322,0,0.01041739385997233,NCT06318481,0,,0.01041739385997233
323,0,2.2939712110329497e-05,NCT06192108,0,,2.2939712110329497e-05
324,0,2.234256586357865e-05,NCT06415773,0,,2.234256586357865e-05
325,0,0.0006671386229972719,NCT07028697,0,,0.0006671386229972719
326,0,0.0001863613437759153,NCT07289945,0,,0.0001863613437759153
327,0,1.273284247395617e-05,NCT05214911,0,,1.273284247395617e-05
328,0,0.001939479149235183,NCT07326904,0,,0.001939479149235183
329,0,0.0013437761474908716,NCT06590870,0,,0.0013437761474908716
330,0,0.012029023981399777,NCT06206408,0,,0.012029023981399777
331,0,0.002258981930336272,NCT06685679,0,,0.002258981930336272
332,0,0.003094960178171214,NCT05486416,0,,0.003094960178171214
333,0,0.00020976364147522278,NCT06391931,0,,0.00020976364147522278
334,0,0.016329055490589058,NCT06714669,0,,0.016329055490589058
335,0,0.0001787228198815077,NCT06744777,0,,0.0001787228198815077
336,0,7.531730239343013e-05,NCT07289945,0,,7.531730239343013e-05
337,0,0.00943404238478413,NCT06466369,0,,0.00943404238478413
338,0,0.11256616944146222,NCT06258785,0,,0.11256616944146222
339,0,1.659790474837171e-05,NCT05761574,0,,1.659790474837171e-05
340,0,2.3595264306705066e-05,NCT05586971,0,,2.3595264306705066e-05
341,0,2.223969387270113e-05,NCT06088043,0,,2.223969387270113e-05
342,0,2.223969387270113e-05,NCT06108544,0,,2.223969387270113e-05
343,0,6.51695835756895e-05,NCT05861427,0,,6.51695835756895e-05
344,0,0.0009723660147804017,NCT05878093,0,,0.0009723660147804017
345,0,0.0005920994190896799,NCT06165679,0,,0.0005920994190896799
346,0,0.0004749328430268456,NCT06616441,0,,0.0004749328430268456
347,0,9.853010192760304e-05,NCT05682326,0,,9.853010192760304e-05
348,0,0.0006305111226421407,NCT06010693,0,,0.0006305111226421407
349,0,2.9137584172974733e-05,NCT05988671,0,,2.9137584172974733e-05
350,0,1.5281999820966333e-05,NCT05763875,0,,1.5281999820966333e-05
351,0,0.00023000376569133927,NCT05692154,0,,0.00023000376569133927
352,0,0.00041546309639380475,NCT05690698,0,,0.00041546309639380475
353,0,0.00014141738874032787,NCT05754996,0,,0.00014141738874032787
354,0,2.7385200492804707e-05,NCT05794555,0,,2.7385200492804707e-05
355,0,0.023643361825433036,NCT05763823,0,,0.023643361825433036
356,0,0.00024790147452846516,NCT06846307,0,,0.00024790147452846516
357,0,0.0011719404984469307,NCT06103188,0,,0.0011719404984469307
358,0,0.0012679915402349046,NCT05680129,0,,0.0012679915402349046
360,0,0.00015063967938652663,NCT06297954,0,,0.00015063967938652663
361,0,0.006095740013625379,NCT05458609,0,,0.006095740013625379
362,0,0.0008009350129104727,NCT05630833,0,,0.0008009350129104727
363,0,0.00015948967915280663,NCT05680870,0,,0.00015948967915280663
364,0,6.531145281605802e-05,NCT06165679,0,,6.531145281605802e-05
365,0,0.0002645532985001721,NCT06091436,0,,0.0002645532985001721
366,0,0.00032442374696752186,NCT05615025,0,,0.00032442374696752186
367,0,0.0006493936859692488,NCT05836545,0,,0.0006493936859692488
368,0,0.0008143164609307936,NCT06013345,0,,0.0008143164609307936
369,0,0.0028701934368874425,NCT05810038,0,,0.0028701934368874425
370,0,0.0016527835643764615,NCT05779241,0,,0.0016527835643764615
371,0,0.01285957580407152,NCT05773846,0,,0.01285957580407152
372,0,0.0001570494779852527,NCT05615025,0,,0.0001570494779852527
373,0,0.0005624904294890249,NCT06103825,0,,0.0005624904294890249
374,0,0.001901975174313736,NCT05753670,0,,0.001901975174313736
375,0,0.00013247349907376333,NCT06135415,0,,0.00013247349907376333
376,0,0.0035393962975440113,NCT06278402,0,,0.0035393962975440113
377,0,0.0022832684271153958,NCT06215820,0,,0.0022832684271153958
378,0,0.0022832684271153958,NCT06215859,0,,0.0022832684271153958
379,0,0.0007789999555913319,NCT05811676,0,,0.0007789999555913319
380,0,2.7566802900399052e-05,NCT06288685,0,,2.7566802900399052e-05
381,0,3.4459073403704545e-05,NCT06122649,0,,3.4459073403704545e-05
382,0,0.0007403508223385784,NCT05639946,0,,0.0007403508223385784
383,0,0.0009422057594596191,NCT05726097,0,,0.0009422057594596191
384,0,0.0015351968478500887,NCT05174065,0,,0.0015351968478500887
385,0,0.0026179595687742955,NCT05216263,0,,0.0026179595687742955
386,0,8.485046988951651e-05,NCT05311475,0,,8.485046988951651e-05
387,0,8.997568974317644e-05,NCT05292586,0,,8.997568974317644e-05
388,0,0.04065882617921271,NCT05656027,0,,0.04065882617921271
389,0,0.0004676650143590884,NCT05624151,0,,0.0004676650143590884
390,0,0.00027060985145236944,NCT05430217,0,,0.00027060985145236944
391,0,0.00017686350526655579,NCT05485805,0,,0.00017686350526655579
392,0,4.721729525342796e-05,NCT05439616,0,,4.721729525342796e-05
394,0,0.00024130699025642354,NCT05196347,0,,0.00024130699025642354
395,0,0.008043632324222763,NCT05438875,0,,0.008043632324222763
396,0,0.0011579867926398732,NCT05364190,0,,0.0011579867926398732
397,0,0.00011387470759027636,NCT05950061,0,,0.00011387470759027636
398,0,0.002546230156501299,NCT05617820,0,,0.002546230156501299
399,0,0.000687384699780876,NCT05570292,0,,0.000687384699780876
400,0,0.0015473355128468728,NCT05620641,0,,0.0015473355128468728
402,0,0.0010186721174271546,NCT05475665,0,,0.0010186721174271546
403,0,0.0010186721174271546,NCT05476354,0,,0.0010186721174271546
404,0,2.8378926303043863e-05,NCT03941860,0,,2.8378926303043863e-05
405,0,0.009208388095241344,NCT05233566,0,,0.009208388095241344
406,0,8.69722865063222e-06,NCT05291598,0,,8.69722865063222e-06
407,0,0.012858487619492815,NCT05629390,0,,0.012858487619492815
408,0,0.9509896137718113,NCT05167825,0,,0.9509896137718113
409,0,0.00013759715649009607,NCT05137717,0,,0.00013759715649009607
410,0,0.0038647023874724936,NCT05174416,0,,0.0038647023874724936
411,0,0.008001248690266576,NCT05414175,0,,0.008001248690266576
413,0,0.011813190133125597,NCT04979806,0,,0.011813190133125597
414,0,0.004142149133799533,NCT04826692,0,,0.004142149133799533
415,0,0.0002884874046266794,NCT05280496,0,,0.0002884874046266794
416,0,0.0017968254252161483,NCT05413369,0,,0.0017968254252161483
417,0,0.0005743157236275824,NCT05722951,0,,0.0005743157236275824
418,0,0.16650269967408773,NCT05097326,0,,0.16650269967408773
419,0,0.0004820559457610899,NCT05097326,0,,0.0004820559457610899
420,0,0.000266385897986577,NCT05424445,0,,0.000266385897986577
421,0,0.00025523089647934503,NCT05355974,0,,0.00025523089647934503
422,0,0.16235153143682274,NCT05027802,0,,0.16235153143682274
423,0,0.0024136403933980423,NCT05223166,0,,0.0024136403933980423
424,0,0.0168501342986121,NCT05458128,0,,0.0168501342986121
425,0,0.0030221503284872634,NCT05478174,0,,0.0030221503284872634
426,0,0.0028701934368874425,NCT05399485,0,,0.0028701934368874425
427,0,0.0001931601363312334,NCT05369793,0,,0.0001931601363312334
428,0,3.2824777746295165e-05,NCT05301517,0,,3.2824777746295165e-05
429,0,0.0009614035377227085,NCT05950061,0,,0.0009614035377227085
430,0,0.0001278831791633579,NCT05072704,0,,0.0001278831791633579
431,0,3.739153578998908e-05,NCT04937881,0,,3.739153578998908e-05
432,0,0.0027452444654326863,NCT06146478,0,,0.0027452444654326863
433,0,0.06586631634709586,NCT05429671,0,,0.06586631634709586
434,0,0.004517652572433957,NCT07043049,0,,0.004517652572433957
435,0,0.0007418207746178417,NCT05601882,0,,0.0007418207746178417
436,0,5.721946630032591e-05,NCT06248931,0,,5.721946630032591e-05
437,0,0.42794828108503646,NCT05320575,0,,0.42794828108503646
438,0,2.3002109759042334e-05,NCT05658380,0,,2.3002109759042334e-05
439,0,8.203641927931595e-05,NCT06948513,0,,8.203641927931595e-05
441,0,2.3595264306705066e-05,NCT04956432,0,,2.3595264306705066e-05
442,0,0.0026179595687742955,NCT04829747,0,,0.0026179595687742955
443,0,0.006014144700459031,NCT04476420,0,,0.006014144700459031
444,0,0.0004676650143590884,NCT04825704,0,,0.0004676650143590884
445,0,0.0004676650143590884,NCT04974385,0,,0.0004676650143590884
446,0,0.024801444109338027,NCT05171179,0,,0.024801444109338027
448,0,0.000672545137576006,NCT04345796,0,,0.000672545137576006
449,0,0.0009593984172691075,NCT06754410,0,,0.0009593984172691075
450,0,0.0007255768856987632,NCT04847947,0,,0.0007255768856987632
452,0,0.010577247444336326,NCT06120725,0,,0.010577247444336326
455,0,1.712124452185099e-05,NCT04765371,0,,1.712124452185099e-05
456,0,9.956104260512443e-05,NCT04707352,0,,9.956104260512443e-05
457,0,1.9428343953030643e-05,NCT04636671,0,,1.9428343953030643e-05
458,0,7.579435114274593e-05,NCT04655144,0,,7.579435114274593e-05
460,0,2.890040743804606e-05,NCT04976777,0,,2.890040743804606e-05
461,0,2.3533657878426188e-05,NCT05564286,0,,2.3533657878426188e-05
462,0,0.0010064953703925739,NCT05001555,0,,0.0010064953703925739
463,0,3.168331539193183e-05,NCT04940390,0,,3.168331539193183e-05
464,0,0.00020756689063892276,NCT05083923,0,,0.00020756689063892276
465,0,0.03518458825160621,NCT04504812,0,,0.03518458825160621
466,0,0.0018054637350724018,NCT04730037,0,,0.0018054637350724018
467,0,0.00010996240940468556,NCT04345796,0,,0.00010996240940468556
468,0,0.16201590860735107,NCT04934722,0,,0.16201590860735107
470,0,0.43243959917662683,NCT04774380,1,cytotoxic_managed_toxicity,0.15
471,0,0.009307920470423305,NCT04878016,1,cytotoxic_managed_toxicity,0.009307920470423305
473,0,1.0999836971224802e-05,NCT05185284,0,,1.0999836971224802e-05
474,0,0.0004374218404420962,NCT05137184,0,,0.0004374218404420962
475,0,0.003965172901422563,NCT05848492,0,,0.003965172901422563
476,0,0.00014077855958263632,NCT04629703,0,,0.00014077855958263632
477,0,5.743629580068299e-05,NCT04615624,0,,5.743629580068299e-05
478,0,5.743629580068299e-05,NCT04752475,0,,5.743629580068299e-05
479,0,3.069465919816704e-05,NCT05093621,0,,3.069465919816704e-05
480,0,0.01500606297393225,NCT04935359,1,cytotoxic_managed_toxicity,0.01500606297393225
481,0,0.2497435954652381,NCT04842604,0,,0.2497435954652381
482,0,0.0008364047881018992,NCT04918862,0,,0.0008364047881018992
483,0,6.66315667807769e-05,NCT05087615,0,,6.66315667807769e-05
484,0,0.018599003909265836,NCT04750707,0,,0.018599003909265836
485,0,0.00013124179230734924,NCT04819776,0,,0.00013124179230734924
486,0,0.0018402270168915284,NCT04684238,0,,0.0018402270168915284
488,0,0.00014770602294790678,NCT04955158,0,,0.00014770602294790678
490,0,0.00853458618953444,NCT04874935,0,,0.00853458618953444
491,0,0.006667528305390869,NCT07079540,0,,0.006667528305390869
492,0,2.930885541190395e-05,NCT04591353,0,,2.930885541190395e-05
493,0,0.00031164798494372973,NCT04775225,0,,0.00031164798494372973
494,0,5.4155574851461895e-05,NCT04985942,0,,5.4155574851461895e-05
495,0,5.4155574851461895e-05,NCT05061706,0,,5.4155574851461895e-05
496,0,0.00011239148518335739,NCT05061719,0,,0.00011239148518335739
497,0,0.007487183602717362,NCT04786873,0,,0.007487183602717362
500,0,0.0012616425007671323,NCT04221750,0,,0.0012616425007671323
501,0,0.0002262862394220631,NCT04807348,0,,0.0002262862394220631
502,0,0.00045415285584139855,NCT05137184,0,,0.00045415285584139855
503,0,7.614198227476942e-05,NCT04636671,0,,7.614198227476942e-05
505,0,3.0462937678210892e-05,NCT05087615,0,,3.0462937678210892e-05
506,0,0.002191437859301905,NCT04927312,0,,0.002191437859301905
507,0,0.004591898474322212,NCT04624750,0,,0.004591898474322212
508,0,0.00019383147082975934,NCT04515186,0,,0.00019383147082975934
509,0,0.012044380230040112,NCT05065190,0,,0.012044380230040112
510,0,2.5405751371346975e-05,NCT05276596,0,,2.5405751371346975e-05
512,0,0.0003603086945982708,NCT04779242,0,,0.0003603086945982708
513,0,0.00017882577378774105,NCT05087615,0,,0.00017882577378774105
514,0,3.2417349741581295e-05,NCT04765371,0,,3.2417349741581295e-05
515,0,0.026262713758528216,NCT04887506,0,,0.026262713758528216
516,0,0.00010765685295842401,NCT04411836,0,,0.00010765685295842401
517,0,0.00021900917498503505,NCT04711837,0,,0.00021900917498503505
518,0,0.0060709951690180505,NCT04958746,0,,0.0060709951690180505
519,0,6.917163917473624e-05,NCT04940689,0,,6.917163917473624e-05
520,0,0.5186318564863198,NCT04800172,0,,0.5186318564863198
521,0,0.052987263486636,NCT04676334,0,,0.052987263486636
522,0,0.0001270167687825584,NCT04921969,0,,0.0001270167687825584
523,0,0.39799769053561707,NCT04565990,0,,0.39799769053561707
524,0,0.10863382944324569,NCT04304261,0,,0.10863382944324569
525,0,0.0045589537114774665,NCT06413082,0,,0.0045589537114774665
526,0,0.00724690025560278,NCT04411836,0,,0.00724690025560278
527,0,4.8132879032662096e-05,NCT05385744,0,,4.8132879032662096e-05
528,0,1.6469341371983173e-05,NCT05093621,0,,1.6469341371983173e-05
529,0,0.0007782583667434611,NCT04635007,0,,0.0007782583667434611
531,0,6.518125843934731e-05,NCT04707768,0,,6.518125843934731e-05
534,0,0.013076630989942403,NCT05033886,0,,0.013076630989942403
536,0,0.0017555576731133609,NCT04472429,1,cytotoxic_managed_toxicity,0.0017555576731133609
538,0,0.00010352749775222995,NCT04429022,0,,0.00010352749775222995
540,0,0.00017244457280559186,NCT04401579,0,,0.00017244457280559186
544,0,0.0043289658653383025,NCT05175066,0,,0.0043289658653383025
545,0,0.00015766736755961497,NCT04258839,0,,0.00015766736755961497
546,0,0.1435624246352961,NCT03342027,0,,0.1435624246352961
547,0,0.008505265357044548,NCT04388319,0,,0.008505265357044548
548,0,0.54729361996338,NCT04338269,0,,0.54729361996338
550,0,0.0009437583697013731,NCT04429022,0,,0.0009437583697013731
551,0,0.0011877366670684317,NCT04237090,0,,0.0011877366670684317
556,0,0.00027667447158497433,NCT04110340,0,,0.00027667447158497433
560,0,0.26885977347801876,NCT04469465,0,,0.26885977347801876
561,0,0.00025512741150667223,NCT04213677,0,,0.00025512741150667223
562,0,0.0005447443807569915,NCT04564742,0,,0.0005447443807569915
563,0,2.234256586357865e-05,NCT04634500,0,,2.234256586357865e-05
564,0,6.98898291768478e-05,NCT04189107,0,,6.98898291768478e-05
565,0,2.9973807781504957e-05,NCT04509973,0,,2.9973807781504957e-05
567,0,0.00012965061029784414,NCT04890626,0,,0.00012965061029784414
568,0,3.0192115724432632e-05,NCT05195242,0,,3.0192115724432632e-05
569,0,9.466978508040875e-05,NCT04406649,0,,9.466978508040875e-05
570,0,0.0003230158406046554,NCT04166331,0,,0.0003230158406046554
571,0,0.00020055362354647714,NCT04079452,0,,0.00020055362354647714
572,0,0.00012311451442896065,NCT04157751,0,,0.00012311451442896065
573,0,0.00010083449428547044,NCT04233801,0,,0.00010083449428547044
575,0,0.0023884142993915287,NCT04032119,0,,0.0023884142993915287
576,0,2.923077341462841e-05,NCT04231331,0,,2.923077341462841e-05
577,0,0.006243666312458137,NCT04476446,0,,0.006243666312458137
579,0,0.006338045681040154,NCT04192266,0,,0.006338045681040154
580,0,0.0460417662472096,NCT04256421,1,cytotoxic_managed_toxicity,0.0460417662472096
581,0,0.4303392541119865,NCT04712903,1,cytotoxic_managed_toxicity,0.15
582,0,0.0420456004143437,NCT03996369,0,,0.0420456004143437
583,0,0.004844669175299339,NCT04706793,0,,0.004844669175299339
586,0,1.0263506523115919e-05,NCT04542694,0,,1.0263506523115919e-05
591,0,0.0007997726996585204,NCT04128540,0,,0.0007997726996585204
593,0,0.04812413774193094,NCT04451226,0,,0.04812413774193094
594,0,0.0016483987084528328,NCT04230980,0,,0.0016483987084528328
595,0,9.060947240879128e-05,NCT04429022,0,,9.060947240879128e-05
596,0,0.0025136348288424854,NCT04391569,0,,0.0025136348288424854
597,0,0.00042857649206780676,NCT04193176,0,,0.00042857649206780676
598,0,0.00042857649206780676,NCT04193202,0,,0.00042857649206780676
599,0,0.05545944911668418,NCT04182204,1,cytotoxic_managed_toxicity,0.05545944911668418
621,0,0.00014076555204906109,NCT03588429,0,,0.00014076555204906109
622,0,0.00026566274967315077,NCT05696509,0,,0.00026566274967315077
623,0,0.0001648571540876033,NCT04312048,0,,0.0001648571540876033
624,0,0.0001476161812012222,NCT04646694,0,,0.0001476161812012222
625,0,2.240794294026987e-05,NCT04429022,0,,2.240794294026987e-05
626,0,0.00010051532780330256,NCT04627285,0,,0.00010051532780330256
627,0,0.00023327848779977883,NCT04549168,0,,0.00023327848779977883
628,0,0.48244457387840256,NCT04199104,0,,0.48244457387840256
629,0,0.005085273743583533,NCT04889118,0,,0.005085273743583533
630,0,0.48244457387840256,NCT05523323,0,,0.48244457387840256
631,0,0.010396328011121768,NCT06486870,0,,0.010396328011121768
632,0,4.9752856402316014e-05,NCT04500158,0,,4.9752856402316014e-05
633,0,0.09900124381664127,NCT04285515,0,,0.09900124381664127
634,0,0.22642628599042808,NCT04185363,0,,0.22642628599042808
635,0,0.00374937722042646,NCT04349072,0,,0.00374937722042646
636,0,0.01380786687389883,NCT04478721,0,,0.01380786687389883
637,0,0.003800272283133178,NCT04264897,0,,0.003800272283133178
638,0,0.0013319670299970494,NCT05921942,0,,0.0013319670299970494
639,0,3.521902736059212e-05,NCT04618497,0,,3.521902736059212e-05
641,0,3.5471722961283985e-05,NCT03947827,0,,3.5471722961283985e-05
642,0,0.005743935055529234,NCT04173494,0,,0.005743935055529234
643,0,0.00018341706189583303,NCT04433390,0,,0.00018341706189583303
644,0,0.0001020583575760959,NCT04538534,0,,0.0001020583575760959
645,0,0.01821352880229107,NCT04317430,0,,0.01821352880229107
646,0,0.0025048934093380324,NCT03925025,0,,0.0025048934093380324
649,0,0.0008009350129104727,NCT04187144,0,,0.0008009350129104727
650,0,0.0003336864142283398,NCT04501861,0,,0.0003336864142283398
653,0,0.00269369606249145,NCT04540211,1,cytotoxic_managed_toxicity,0.00269369606249145
654,0,0.646413140429791,NCT05318443,1,cytotoxic_managed_toxicity,0.15
658,0,0.006744705462062671,NCT04414761,0,,0.006744705462062671
659,0,0.0025336875912373843,NCT04400201,0,,0.0025336875912373843
660,0,0.003094960178171214,NCT04511728,0,,0.003094960178171214
661,0,0.003094960178171214,NCT04620031,0,,0.003094960178171214
662,0,0.000364023734173447,NCT05696509,0,,0.000364023734173447
663,0,8.880106870140078e-05,NCT04280705,0,,8.880106870140078e-05
664,0,5.211673554783535e-05,NCT04292730,0,,5.211673554783535e-05
665,0,9.000881093031278e-05,NCT04292899,0,,9.000881093031278e-05
667,0,0.0011375953216756318,NCT04409262,0,,0.0011375953216756318
668,0,8.880106870140078e-05,NCT04492475,0,,8.880106870140078e-05
669,0,0.004885210340280991,NCT04546581,0,,0.004885210340280991
670,0,0.0010765598132286783,NCT04593940,0,,0.0010765598132286783
671,0,0.024276801392215552,NCT04678739,0,,0.024276801392215552
672,0,0.0011814189906553165,NCT04853901,0,,0.0011814189906553165
673,0,0.0018424258646979764,NCT04574362,0,,0.0018424258646979764
675,0,0.01980895792895197,NCT04327063,0,,0.01980895792895197
676,0,0.00025049235945820544,NCT04910165,0,,0.00025049235945820544
677,0,0.00014306464925312144,NCT04410198,0,,0.00014306464925312144
678,0,0.00014306464925312144,NCT04484857,0,,0.00014306464925312144
679,0,0.36158919482888213,NCT04227522,0,,0.36158919482888213
681,0,0.0033039137729588136,NCT04472598,0,,0.0033039137729588136
682,0,0.15639613624157722,NCT04534725,0,,0.15639613624157722
683,0,0.0001595946719578242,NCT03588429,0,,0.0001595946719578242
684,0,0.00015872917394918956,NCT03841812,0,,0.00015872917394918956
686,0,0.00019188099645324106,NCT05696509,0,,0.00019188099645324106
688,0,0.004925823075534632,NCT04158076,0,,0.004925823075534632
689,0,4.8132879032662096e-05,NCT04410978,0,,4.8132879032662096e-05
690,0,0.0007782583667434611,NCT04427618,0,,0.0007782583667434611
691,0,0.0017521477931762334,NCT04195698,0,,0.0017521477931762334
692,0,5.98122149900557e-05,NCT04313153,0,,5.98122149900557e-05
693,0,0.0018801419190999404,NCT04138706,0,,0.0018801419190999404
694,0,5.666341668262309e-05,NCT04015414,0,,5.666341668262309e-05
695,0,9.324675488877463e-05,NCT04590404,0,,9.324675488877463e-05
696,0,1.610351228192967e-05,NCT04285567,0,,1.610351228192967e-05
697,0,0.03147432086685322,NCT04509622,0,,0.03147432086685322
698,0,0.00022655624004557965,NCT05705089,0,,0.00022655624004557965
699,0,0.00010625606330956458,NCT04388319,0,,0.00010625606330956458
700,0,0.0006560169664779644,NCT04123405,0,,0.0006560169664779644
701,0,0.0013153087870490048,NCT04271917,0,,0.0013153087870490048
702,0,0.005298146261062194,NCT04175834,0,,0.005298146261062194
706,0,0.005490188456365008,NCT04218734,0,,0.005490188456365008
707,0,0.00035645759370750695,NCT04536194,0,,0.00035645759370750695
708,0,0.00016292170989779504,NCT04598451,0,,0.00016292170989779504
709,0,0.006744705462062671,NCT04537078,0,,0.006744705462062671
710,0,0.0035986923726244015,NCT04530344,0,,0.0035986923726244015
711,0,0.00017801401456506258,NCT04394975,0,,0.00017801401456506258
712,0,0.03281561464474055,NCT04008706,0,,0.03281561464474055
713,0,0.36508941059897937,NCT03596866,0,,0.36508941059897937
714,0,0.0002812025814750773,NCT05782192,0,,0.0002812025814750773
715,0,0.0014348094738964585,NCT03545373,0,,0.0014348094738964585
716,0,0.0015783551893415425,NCT03721172,0,,0.0015783551893415425
717,0,0.0015783551893415425,NCT03777436,0,,0.0015783551893415425
718,0,8.984838833444863e-05,NCT03930186,0,,8.984838833444863e-05
719,0,0.005621428972596813,NCT04175613,0,,0.005621428972596813
720,0,0.002876333134874425,NCT03735979,0,,0.002876333134874425
721,0,0.0026179595687742955,NCT03939312,0,,0.0026179595687742955
722,0,0.0018521287731835846,NCT03768427,0,,0.0018521287731835846
724,0,0.010280475607902469,NCT03899259,0,,0.010280475607902469
725,0,3.210407153530748e-05,NCT03874494,0,,3.210407153530748e-05
726,0,0.0010904226343733897,NCT04124614,0,,0.0010904226343733897
727,0,0.012541275240038263,NCT04162522,0,,0.012541275240038263
730,0,6.819510943669145e-05,NCT03685630,0,,6.819510943669145e-05
731,0,0.0004542064481816117,NCT03639389,0,,0.0004542064481816117
732,0,0.008518355656909614,NCT05164549,0,,0.008518355656909614
733,0,0.001656860903786831,NCT03897439,0,,0.001656860903786831
734,0,0.00030507280026191477,NCT03802591,1,cytotoxic_managed_toxicity,0.00030507280026191477
735,0,0.002477740250662395,NCT03813784,1,cytotoxic_managed_toxicity,0.002477740250662395
736,0,0.0003893975990784452,NCT03794388,0,,0.0003893975990784452
737,0,1.335335090182199e-05,NCT04041791,0,,1.335335090182199e-05
738,0,0.0005799877490227929,NCT03742505,0,,0.0005799877490227929
739,0,1.4724462704496922e-05,NCT04121403,1,cytotoxic_managed_toxicity,1.4724462704496922e-05
740,0,0.0003191120418123402,NCT03725930,0,,0.0003191120418123402
741,0,0.00014381260700219384,NCT03645057,0,,0.00014381260700219384
742,0,0.00026572968161064166,NCT03723252,0,,0.00026572968161064166
744,0,0.0005852488751009903,NCT03877237,0,,0.0005852488751009903
745,0,3.168331539193183e-05,NCT03901482,0,,3.168331539193183e-05
746,0,0.0001878865363159427,NCT03778931,0,,0.0001878865363159427
747,0,0.00017738334577170373,NCT03939637,0,,0.00017738334577170373
748,0,0.00010083449428547044,NCT03594110,0,,0.00010083449428547044
749,0,0.0014454516711955123,NCT03917459,0,,0.0014454516711955123
750,0,0.0001299617950133848,NCT03788967,0,,0.0001299617950133848
751,0,4.198215148534363e-05,NCT03717194,0,,4.198215148534363e-05
752,0,0.050958377645947905,NCT04162522,0,,0.050958377645947905
753,0,0.23829066448999098,NCT04005716,1,cytotoxic_managed_toxicity,0.15
754,0,0.46436665980978953,NCT04028050,1,cytotoxic_managed_toxicity,0.15
755,0,0.004844669175299339,NCT03945188,0,,0.004844669175299339
756,0,0.041188074717971694,NCT03952039,0,,0.041188074717971694
757,0,0.01674227667962147,NCT04003142,0,,0.01674227667962147
758,0,0.00017865033633615045,NCT03764618,0,,0.00017865033633615045
759,0,0.000371357622358414,NCT03806530,0,,0.000371357622358414
760,0,0.0006135534461767094,NCT03699254,0,,0.0006135534461767094
761,0,0.002988571214674429,NCT03673072,1,cytotoxic_managed_toxicity,0.002988571214674429
762,0,0.00899047811756894,NCT03924986,1,cytotoxic_managed_toxicity,0.00899047811756894
764,0,0.013489829170815534,NCT04327843,0,,0.013489829170815534
765,0,0.07909241345091844,NCT04197115,0,,0.07909241345091844
766,0,0.0016662337345484026,NCT03789591,0,,0.0016662337345484026
767,0,0.00015217615970420018,NCT04476069,0,,0.00015217615970420018
770,0,0.002960993233913555,NCT03831854,0,,0.002960993233913555
772,0,0.0046258099629038355,NCT06185127,0,,0.0046258099629038355
773,0,0.00011046971486010552,NCT03678675,0,,0.00011046971486010552
774,0,0.00010999532351255178,NCT03967847,0,,0.00010999532351255178
775,0,5.91554953251584e-05,NCT04133623,0,,5.91554953251584e-05
776,0,1.346176716015021e-05,NCT04246541,0,,1.346176716015021e-05
777,0,1.346176716015021e-05,NCT04246554,0,,1.346176716015021e-05
778,0,0.0011229424881319615,NCT03779178,0,,0.0011229424881319615
779,0,0.0066902437634877975,NCT04124926,0,,0.0066902437634877975
780,0,0.00011301635943243835,NCT03670810,0,,0.00011301635943243835
788,0,0.24152643911257893,NCT04716933,0,,0.24152643911257893
790,0,0.00026696942875350496,NCT03930615,0,,0.00026696942875350496
791,0,0.009681776263230454,NCT03621280,0,,0.009681776263230454
793,0,0.0008213498596804722,NCT03844984,0,,0.0008213498596804722
795,0,0.3364403439763878,NCT03905330,0,,0.3364403439763878
796,0,0.02650755632769227,NCT03675139,0,,0.02650755632769227
797,0,0.012876441601937558,NCT03840148,0,,0.012876441601937558
798,0,8.574752180939808e-05,NCT03798054,0,,8.574752180939808e-05
799,0,8.574752180939808e-05,NCT03798080,0,,8.574752180939808e-05
800,0,0.00021994862550633,NCT03862716,0,,0.00021994862550633
801,0,0.005645329253071902,NCT04029480,0,,0.005645329253071902
802,0,0.00025838068047427903,NCT05118542,0,,0.00025838068047427903
803,0,0.0005582362021848787,NCT05108597,0,,0.0005582362021848787
804,0,0.017709476097858085,NCT03853798,0,,0.017709476097858085
805,0,0.01672150175312443,NCT03899103,0,,0.01672150175312443
807,0,0.06078007990921326,NCT03283007,0,,0.06078007990921326
808,0,0.028329729662398752,NCT03820726,0,,0.028329729662398752
809,0,0.012044380230040112,NCT04093024,0,,0.012044380230040112
810,0,0.0008009350129104727,NCT04020341,0,,0.0008009350129104727
811,0,3.376584756119311e-05,NCT04789005,0,,3.376584756119311e-05
812,0,0.4125450490312825,NCT03834519,0,,0.4125450490312825
813,0,0.0002702355862189241,NCT03915769,0,,0.0002702355862189241
816,0,0.8804603722232148,NCT03940196,1,cytotoxic_managed_toxicity,0.15
817,0,0.0011034009055727234,NCT03943667,1,cytotoxic_managed_toxicity,0.0011034009055727234
818,0,0.7091297896227762,NCT03957590,1,cytotoxic_managed_toxicity,0.15
819,0,0.004517070546360495,NCT04177108,1,cytotoxic_managed_toxicity,0.004517070546360495
820,0,0.001748488396580776,NCT03762018,1,cytotoxic_managed_toxicity,0.001748488396580776
821,0,0.00010093292296565249,NCT03802240,1,cytotoxic_managed_toxicity,0.00010093292296565249
822,0,3.383469956308363e-05,NCT04789005,0,,3.383469956308363e-05
824,0,0.0005441446329222209,NCT03893097,0,,0.0005441446329222209
825,0,0.011567926409699659,NCT04209543,0,,0.011567926409699659
826,0,0.003094960178171214,NCT03808844,0,,0.003094960178171214
827,0,0.003094960178171214,NCT03921775,0,,0.003094960178171214
828,0,0.003094960178171214,NCT04111159,0,,0.003094960178171214
829,0,0.00092588970785519,NCT05118542,0,,0.00092588970785519
830,0,0.0001150654600651583,NCT04155515,0,,0.0001150654600651583
831,0,0.0022290255150462014,NCT03702582,0,,0.0022290255150462014
832,0,0.0034172853529340027,NCT03996772,0,,0.0034172853529340027
833,0,0.0008010353729110981,NCT03806530,0,,0.0008010353729110981
834,0,0.065152654240587,NCT03936387,0,,0.065152654240587
835,0,0.08359339860108977,NCT05663827,0,,0.08359339860108977
836,0,3.6021457744905503e-05,NCT03881371,0,,3.6021457744905503e-05
837,0,0.0028236984309891787,NCT03988530,0,,0.0028236984309891787
838,0,0.001314867833911938,NCT03935217,0,,0.001314867833911938
839,0,0.022783755241772,NCT03623243,0,,0.022783755241772
840,0,0.005458820533993603,NCT04017832,0,,0.005458820533993603
841,0,9.571864218960089e-05,NCT03883698,0,,9.571864218960089e-05
842,0,7.610220093201831e-05,NCT03894046,0,,7.610220093201831e-05
843,0,6.570615843099818e-05,NCT03956355,0,,6.570615843099818e-05
844,0,6.570615843099818e-05,NCT03983980,0,,6.570615843099818e-05
845,0,4.066912369545504e-05,NCT03176134,0,,4.066912369545504e-05
846,0,0.008667431314963284,NCT03872232,0,,0.008667431314963284
849,0,0.00107706620522738,NCT03915860,0,,0.00107706620522738
850,0,0.0031972411433705676,NCT03725202,0,,0.0031972411433705676
851,0,0.003202617475267338,NCT04169373,0,,0.003202617475267338
852,0,0.04729181559894906,NCT04102579,0,,0.04729181559894906
853,0,0.0007382757575296781,NCT03699254,0,,0.0007382757575296781
854,0,0.0018801419190999404,NCT03595553,0,,0.0018801419190999404
856,0,0.00013106402290380124,NCT03902080,0,,0.00013106402290380124
857,0,0.0004605273843717744,NCT04103450,0,,0.0004605273843717744
858,0,0.0006168469490520812,NCT03979352,0,,0.0006168469490520812
859,0,0.01674227667962147,NCT04003155,0,,0.01674227667962147
860,0,0.01674227667962147,NCT04003389,0,,0.01674227667962147
861,0,1.6652530638721026e-05,NCT03349684,0,,1.6652530638721026e-05
862,0,1.8658333721663825e-05,NCT03554018,0,,1.8658333721663825e-05
863,0,0.0001111550111555738,NCT03584373,0,,0.0001111550111555738
864,0,0.0005727536714358042,NCT04392362,0,,0.0005727536714358042
865,0,0.001957908310522086,NCT03474276,0,,0.001957908310522086
866,0,0.5489614204296719,NCT03439046,0,,0.5489614204296719
867,0,0.0005224379779767473,NCT05437224,0,,0.0005224379779767473
868,0,0.0004253199768990681,NCT06416735,0,,0.0004253199768990681
869,0,0.0001465296878219836,NCT03153150,0,,0.0001465296878219836
870,0,0.0003325985677399218,NCT05208398,0,,0.0003325985677399218
871,0,0.000717637740848952,NCT03611751,0,,0.000717637740848952
872,0,0.000717637740848952,NCT03624127,0,,0.000717637740848952
874,0,0.00020267491120127412,NCT03700320,0,,0.00020267491120127412
875,0,0.0009357636625047736,NCT03777059,0,,0.0009357636625047736
876,0,0.02967589372930448,NCT03415178,0,,0.02967589372930448
877,0,0.0005326795996554941,NCT03334253,0,,0.0005326795996554941
878,0,9.049028899461696e-05,NCT03164473,0,,9.049028899461696e-05
879,0,0.0011611529452846396,NCT03334435,0,,0.0011611529452846396
880,0,0.0011611529452846396,NCT03428100,0,,0.0011611529452846396
881,0,0.0011535323943487302,NCT03435081,0,,0.0011535323943487302
883,0,0.0011578334812544274,NCT03733301,0,,0.0011578334812544274
884,0,0.008020578636009435,NCT03773978,0,,0.008020578636009435
887,0,0.0008658638356639371,NCT03548584,0,,0.0008658638356639371
888,0,0.005855923322437319,NCT03594123,0,,0.005855923322437319
889,0,0.006702823847320213,NCT03724942,0,,0.006702823847320213
890,0,0.0001552522820348256,NCT03737474,0,,0.0001552522820348256
891,0,0.0032635566749301403,NCT03615326,1,cytotoxic_managed_toxicity,0.0032635566749301403
892,0,0.00016756979509975267,NCT03745170,1,cytotoxic_managed_toxicity,0.00016756979509975267
893,0,0.011559895837626653,NCT03777657,1,cytotoxic_managed_toxicity,0.011559895837626653
895,0,3.575916384843795e-05,NCT03738215,0,,3.575916384843795e-05
896,0,3.575916384843795e-05,NCT03739203,0,,3.575916384843795e-05
897,0,0.0025110583305493167,NCT03678753,0,,0.0025110583305493167
899,0,8.362570450484778e-06,NCT04476511,0,,8.362570450484778e-06
900,0,0.005105446104142397,NCT03299244,0,,0.005105446104142397
901,0,5.173799253001912e-05,NCT03354598,0,,5.173799253001912e-05
903,0,0.0009598997671226451,NCT03357874,0,,0.0009598997671226451
907,0,0.060859405464025185,NCT03379727,1,cytotoxic_managed_toxicity,0.060859405464025185
908,0,3.714996220142463e-05,NCT03619213,0,,3.714996220142463e-05
909,0,0.002114937600182405,NCT03138733,0,,0.002114937600182405
910,0,0.0006305111226421407,NCT03575104,0,,0.0006305111226421407
911,0,6.605982624574988e-05,NCT03100786,0,,6.605982624574988e-05
912,0,2.8828657566608914e-05,NCT03396107,0,,2.8828657566608914e-05
913,0,7.394275242916565e-05,NCT03555929,0,,7.394275242916565e-05
914,0,2.920933404441188e-05,NCT03598426,0,,2.920933404441188e-05
915,0,0.0009749725712847556,NCT03718273,0,,0.0009749725712847556
916,0,0.014208716885809838,NCT05761418,0,,0.014208716885809838
917,0,3.348833923676291e-05,NCT03048422,0,,3.348833923676291e-05
918,0,3.850964214159537e-05,NCT03249181,0,,3.850964214159537e-05
919,0,0.00019715804125333816,NCT03153150,0,,0.00019715804125333816
920,0,0.0017424491258800343,NCT03395639,0,,0.0017424491258800343
921,0,0.0008802946471321682,NCT03515096,0,,0.0008802946471321682
923,0,0.00015931114866220704,NCT03429543,0,,0.00015931114866220704
926,0,3.014526237861185e-05,NCT03434197,0,,3.014526237861185e-05
927,0,5.8746464811278845e-05,NCT03569475,0,,5.8746464811278845e-05
928,0,0.003698598425198002,NCT03591068,0,,0.003698598425198002
929,0,0.0005012020317710357,NCT03439046,0,,0.0005012020317710357
930,0,3.069465919816704e-05,NCT03296813,0,,3.069465919816704e-05
931,0,0.00042857649206780676,NCT03449134,0,,0.00042857649206780676
932,0,0.00042857649206780676,NCT03696108,0,,0.00042857649206780676
933,0,0.002469554041803635,NCT03126435,1,cytotoxic_managed_toxicity,0.002469554041803635
934,0,0.0029172995207600695,NCT03377491,1,cytotoxic_managed_toxicity,0.0029172995207600695
935,0,0.0001081137824287175,NCT03629925,1,cytotoxic_managed_toxicity,0.0001081137824287175
936,0,4.157649734892387e-05,NCT04613726,0,,4.157649734892387e-05
937,0,0.00029198232497271837,NCT03509350,0,,0.00029198232497271837
938,0,0.0013704685186880891,NCT03375515,0,,0.0013704685186880891
939,0,0.450302885209512,NCT03474679,0,,0.450302885209512
940,0,0.0011255032488674394,NCT03404518,0,,0.0011255032488674394
941,0,0.0010472778265182428,NCT03571737,0,,0.0010472778265182428
942,0,0.00011426371483205179,NCT03729973,0,,0.00011426371483205179
943,0,0.007776152552073498,NCT03585374,0,,0.007776152552073498
944,0,1.4233654901570712e-05,NCT03485625,0,,1.4233654901570712e-05
945,0,7.75921073322431e-05,NCT03311945,0,,7.75921073322431e-05
946,0,0.017384594808415036,NCT03517449,0,,0.017384594808415036
947,0,0.006795106257272611,NCT03443869,0,,0.006795106257272611
948,0,0.010396328011121768,NCT02912988,0,,0.010396328011121768
949,0,0.11851140997550946,NCT03439046,0,,0.11851140997550946
950,0,7.395109553864977e-05,NCT03750786,0,,7.395109553864977e-05
951,0,0.0056300719697757245,NCT03898622,0,,0.0056300719697757245
952,0,3.363886388715853e-05,NCT03729973,0,,3.363886388715853e-05
953,0,1.5106920063656863e-05,NCT03429543,0,,1.5106920063656863e-05
954,0,1.6773547239723334e-05,NCT03583333,0,,1.6773547239723334e-05
955,0,0.19116171887748074,NCT03719313,0,,0.19116171887748074
956,0,0.0019262711072277762,NCT02705573,0,,0.0019262711072277762
957,0,0.00014397321764215615,NCT03505489,0,,0.00014397321764215615
958,0,8.574752180939808e-05,NCT03529123,0,,8.574752180939808e-05
959,0,6.848437224258591e-05,NCT03841591,0,,6.848437224258591e-05
960,0,6.848437224258591e-05,NCT05451147,0,,6.848437224258591e-05
961,0,5.564816869228256e-05,NCT03505489,0,,5.564816869228256e-05
962,0,0.0009748663236998536,NCT03794505,0,,0.0009748663236998536
963,0,0.000475322268764071,NCT03729362,0,,0.000475322268764071
965,0,0.0005648562308245279,NCT05761418,0,,0.0005648562308245279
966,0,0.001707323796657326,NCT03825887,0,,0.001707323796657326
967,0,0.0003469353188974584,NCT03542552,0,,0.0003469353188974584
971,0,0.002141849691721555,NCT03367572,0,,0.002141849691721555
973,0,0.8731972351663299,NCT03286842,0,,0.8731972351663299
974,0,0.8495923122759892,NCT03402841,0,,0.8495923122759892
977,0,0.646413140429791,NCT03296163,1,cytotoxic_managed_toxicity,0.15
978,0,0.08248849602617778,NCT03337724,1,cytotoxic_managed_toxicity,0.08248849602617778
979,0,0.03379420365803341,NCT03493854,1,cytotoxic_managed_toxicity,0.03379420365803341
980,0,0.029642794957691166,NCT03556358,1,cytotoxic_managed_toxicity,0.029642794957691166
981,0,0.0019998634457340605,NCT03594747,1,cytotoxic_managed_toxicity,0.0019998634457340605
983,0,0.001807387849621648,NCT03635489,1,cytotoxic_managed_toxicity,0.001807387849621648
984,0,0.0043368248829452494,NCT03635567,1,cytotoxic_managed_toxicity,0.0043368248829452494
985,0,0.857707743422462,NCT03866993,1,cytotoxic_managed_toxicity,0.15
986,0,0.0006470132717505829,NCT03374800,0,,0.0006470132717505829
988,0,7.59232960646656e-05,NCT03660059,0,,7.59232960646656e-05
989,0,0.0002980088020968238,NCT03607539,1,cytotoxic_managed_toxicity,0.0002980088020968238
990,0,0.07658542025937838,NCT03663205,1,cytotoxic_managed_toxicity,0.07658542025937838
991,0,0.000514501660012221,NCT03153150,0,,0.000514501660012221
992,0,0.0014350147865483246,NCT03575052,0,,0.0014350147865483246
993,0,0.003251815953754503,NCT03623321,0,,0.003251815953754503
994,0,0.05820868516083529,NCT03367572,0,,0.05820868516083529
995,0,0.0022856297281610887,NCT01519154,0,,0.0022856297281610887
996,0,0.003094960178171214,NCT03674008,0,,0.003094960178171214
997,0,0.002529923625081075,NCT03779061,0,,0.002529923625081075
998,0,0.003473386044209765,NCT04034771,0,,0.003473386044209765
999,0,0.0001496501858029358,NCT03311945,0,,0.0001496501858029358
1000,0,0.01670040192468327,NCT03661489,0,,0.01670040192468327
1001,0,0.09697976152955393,NCT03439046,0,,0.09697976152955393
1003,0,0.002870427574047812,NCT03461757,0,,0.002870427574047812
1004,0,0.00014934847851756953,NCT03153150,0,,0.00014934847851756953
1005,0,2.2337221552782227e-05,NCT03387670,0,,2.2337221552782227e-05
1007,0,0.0052436775919960064,NCT05576675,0,,0.0052436775919960064
1008,0,0.0029765325310222037,NCT02802501,0,,0.0029765325310222037
1010,0,0.04701556542786914,NCT03427125,0,,0.04701556542786914
1011,0,0.00015102620032696437,NCT03354429,0,,0.00015102620032696437
1012,0,3.666406660148457e-05,NCT03357874,0,,3.666406660148457e-05
1013,0,0.00012260464315798613,NCT03486457,0,,0.00012260464315798613
1014,0,0.001164185494199096,NCT03502616,0,,0.001164185494199096
1015,0,0.06889748384389478,NCT03255226,0,,0.06889748384389478
1016,0,0.005231932287713114,NCT03088813,1,cytotoxic_managed_toxicity,0.005231932287713114
1017,0,1.6469341371983173e-05,NCT03296813,0,,1.6469341371983173e-05
1018,0,0.02750528344113266,NCT03551626,0,,0.02750528344113266
1019,0,0.00016839865907300887,NCT02775773,0,,0.00016839865907300887
1022,0,0.00017375650864175925,NCT03505723,0,,0.00017375650864175925
1023,0,0.0051834387722522225,NCT03565276,0,,0.0051834387722522225
1024,0,0.0007782583667434611,NCT03846973,0,,0.0007782583667434611
1026,0,5.5813823613774806e-05,NCT02955212,0,,5.5813823613774806e-05
1027,0,0.0006024613840815208,NCT03569293,0,,0.0006024613840815208
1028,0,0.0006024613840815208,NCT03607422,0,,0.0006024613840815208
1029,0,5.532272175731e-05,NCT03653026,0,,5.532272175731e-05
1030,0,0.0006024613840815208,NCT03661138,0,,0.0006024613840815208
1032,0,7.651210441068476e-05,NCT03583372,0,,7.651210441068476e-05
1033,0,7.889054354782746e-05,NCT03153150,0,,7.889054354782746e-05
1034,0,0.00023262791104189498,NCT03232398,0,,0.00023262791104189498
1035,0,0.002097472693420668,NCT03734016,0,,0.002097472693420668
1036,0,0.0011298549017231285,NCT03465722,0,,0.0011298549017231285
1037,0,0.006212497423270906,NCT03675737,1,cytotoxic_managed_toxicity,0.006212497423270906
1039,0,0.06060505261645427,NCT03572933,0,,0.06060505261645427
1041,0,9.813239798480652e-05,NCT03553498,0,,9.813239798480652e-05
1042,0,0.007596124337895154,NCT03665779,0,,0.007596124337895154
1043,0,0.008851632368090853,NCT03713593,0,,0.008851632368090853
1044,0,0.03710118205248504,NCT03422328,0,,0.03710118205248504
1045,0,0.003955872662563547,NCT03470545,0,,0.003955872662563547
1046,0,5.757053600439873e-05,NCT03219437,1,cytotoxic_managed_toxicity,5.757053600439873e-05
1047,0,8.948124909959377e-05,NCT04613726,0,,8.948124909959377e-05
1048,0,0.0018320337791172612,NCT03691090,1,cytotoxic_managed_toxicity,0.0018320337791172612
1049,0,0.0218702477027305,NCT03515837,1,cytotoxic_managed_toxicity,0.0218702477027305
1050,0,0.000768774240156035,NCT03149809,0,,0.000768774240156035
1051,0,0.0019524906884022745,NCT03334682,0,,0.0019524906884022745
1052,0,7.651210441068476e-05,NCT03492281,0,,7.651210441068476e-05
1053,0,0.0009849476042253663,NCT03009981,0,,0.0009849476042253663
1054,0,0.0014419729857539558,NCT03014167,0,,0.0014419729857539558
1055,0,0.00020158854301169666,NCT03137303,0,,0.00020158854301169666
1056,0,3.2942785152279303e-05,NCT03185065,0,,3.2942785152279303e-05
1057,0,0.0283038347419347,NCT02924285,0,,0.0283038347419347
1058,0,0.0004695408698899664,NCT03009981,0,,0.0004695408698899664
1059,0,0.00035823156303661124,NCT02933697,0,,0.00035823156303661124
1060,0,0.00010569285760355844,NCT03045406,0,,0.00010569285760355844
1061,0,0.000857993959991543,NCT03080883,0,,0.000857993959991543
1062,0,0.0015783551893415425,NCT03123471,0,,0.0015783551893415425
1063,0,0.00013797089864608345,NCT03106779,0,,0.00013797089864608345
1064,0,0.023696637753766,NCT03179631,0,,0.023696637753766
1066,0,0.003880439560736148,NCT03268954,1,cytotoxic_managed_toxicity,0.003880439560736148
1067,0,0.0011611529452846396,NCT03334396,0,,0.0011611529452846396
1068,0,0.0011578334812544274,NCT03334422,0,,0.0011578334812544274
1069,0,0.0023269595358692036,NCT03337308,0,,0.0023269595358692036
1070,0,0.004228523682092908,NCT03100318,0,,0.004228523682092908
1073,0,5.597075643698584e-05,NCT03287869,0,,5.597075643698584e-05
1074,0,3.506713519572458e-05,NCT03083665,0,,3.506713519572458e-05
1075,0,6.819510943669145e-05,NCT03250377,0,,6.819510943669145e-05
1077,0,0.0004676650143590884,NCT03027661,0,,0.0004676650143590884
1078,0,0.007567331560147479,NCT02526212,0,,0.007567331560147479
1079,0,0.012505423992561718,NCT03232346,0,,0.012505423992561718
1080,0,0.0002934553766186905,NCT03006705,1,cytotoxic_managed_toxicity,0.0002934553766186905
1081,0,0.38492399978420777,NCT03084939,1,cytotoxic_managed_toxicity,0.15
1082,0,9.933291387012762e-05,NCT03032380,0,,9.933291387012762e-05
1083,0,0.00019105906756727392,NCT03269994,0,,0.00019105906756727392
1084,0,0.00040128221319936516,NCT03294395,0,,0.00040128221319936516
1085,0,8.406168488146859e-05,NCT03396588,0,,8.406168488146859e-05
1086,0,0.04791490111672286,NCT02814916,0,,0.04791490111672286
1087,0,0.00021193108092815616,NCT02984644,0,,0.00021193108092815616
1088,0,0.0005403106234799467,NCT03036124,0,,0.0005403106234799467
1089,0,3.039632241820077e-05,NCT03036150,0,,3.039632241820077e-05
1090,0,0.00040623193010321115,NCT03199053,0,,0.00040623193010321115
1091,0,2.4180653851140314e-05,NCT03029208,0,,2.4180653851140314e-05
1092,0,8.278583559475306e-05,NCT03011905,0,,8.278583559475306e-05
1093,0,5.8910763747020925e-05,NCT03029234,0,,5.8910763747020925e-05
1095,0,1.064477262960025e-05,NCT03158688,0,,1.064477262960025e-05
1097,0,2.0737289151011465e-05,NCT03234972,0,,2.0737289151011465e-05
1098,0,0.019210516389184713,NCT03001661,0,,0.019210516389184713
1099,0,0.005614030135323829,NCT03067597,0,,0.005614030135323829
1100,0,0.0022283692488107554,NCT03067727,0,,0.0022283692488107554
1101,0,0.00016176862257649618,NCT02976259,0,,0.00016176862257649618
1103,0,4.6766537622423765e-05,NCT03122262,0,,4.6766537622423765e-05
1104,0,0.0001672365981102672,NCT03176693,0,,0.0001672365981102672
1105,0,0.003974545303685862,NCT02798471,0,,0.003974545303685862
1106,0,0.26248550799574133,NCT02866175,0,,0.26248550799574133
1107,0,0.22600436030111654,NCT02942576,0,,0.22600436030111654
1108,0,0.0017083578747753552,NCT03244319,0,,0.0017083578747753552
1109,0,0.00012311451442896065,NCT03057951,0,,0.00012311451442896065
1110,0,0.00012311451442896065,NCT03057977,0,,0.00012311451442896065
1112,0,0.00014725196303374386,NCT03066804,0,,0.00014725196303374386
1114,0,0.019684906126595146,NCT03016312,0,,0.019684906126595146
1115,0,4.018662471998531e-05,NCT03032510,0,,4.018662471998531e-05
1116,0,0.016797748415243605,NCT03264547,0,,0.016797748415243605
1117,0,7.196118405657964e-05,NCT03039192,0,,7.196118405657964e-05
1118,0,7.196118405657964e-05,NCT03097133,0,,7.196118405657964e-05
1119,0,0.0013616703460942153,NCT03066778,1,cytotoxic_managed_toxicity,0.0013616703460942153
1120,0,3.645512455844558e-05,NCT03337308,0,,3.645512455844558e-05
1121,0,0.00025770512042206224,NCT04414800,0,,0.00025770512042206224
1122,0,0.00035422456597031173,NCT03025308,0,,0.00035422456597031173
1123,0,4.7109402430771316e-05,NCT03143153,1,cytotoxic_managed_toxicity,4.7109402430771316e-05
1124,0,0.0010576882026458706,NCT04628325,0,,0.0010576882026458706
1126,0,0.0017715633304287194,NCT03128515,0,,0.0017715633304287194
1127,0,0.34668926507690456,NCT03053440,0,,0.34668926507690456
1128,0,0.3798270705810845,NCT03112174,0,,0.3798270705810845
1129,0,8.06740716352901e-05,NCT02863575,0,,8.06740716352901e-05
1130,0,0.0011881284126624176,NCT04037514,0,,0.0011881284126624176
1131,0,0.008734424493347907,NCT03068312,0,,0.008734424493347907
1132,0,0.00873579507849947,NCT03150719,0,,0.00873579507849947
1134,0,0.009208388095241344,NCT02920528,0,,0.009208388095241344
1135,0,0.000488494987619962,NCT03104140,0,,0.000488494987619962
1136,0,0.0026405666677766443,NCT04414800,0,,0.0026405666677766443
1137,0,0.016825863979188924,NCT03320486,0,,0.016825863979188924
1138,0,0.020551079261931112,NCT03050307,0,,0.020551079261931112
1139,0,0.03316323293391856,NCT03050359,0,,0.03316323293391856
1140,0,0.017484217872334947,NCT02966093,0,,0.017484217872334947
1141,0,0.0022656177818321916,NCT02818738,0,,0.0022656177818321916
1142,0,0.0042737410732608125,NCT03340064,0,,0.0042737410732608125
1143,0,0.003767144813372898,NCT03277690,0,,0.003767144813372898
1144,0,7.156090528449796e-05,NCT02720198,0,,7.156090528449796e-05
1146,0,0.001243205962911864,NCT03086486,0,,0.001243205962911864
1147,0,0.0016623107545390887,NCT03097861,0,,0.0016623107545390887
1148,0,0.09861120298386042,NCT03249376,0,,0.09861120298386042
1149,0,0.8718027007635992,NCT02932410,0,,0.8718027007635992
1150,0,0.0004769426236488672,NCT02927067,0,,0.0004769426236488672
1151,0,0.005645329253071902,NCT03066830,0,,0.005645329253071902
1152,0,0.00021994862550633,NCT03130426,0,,0.00021994862550633
1153,0,8.674332216232231e-05,NCT03214380,0,,8.674332216232231e-05
1154,0,8.674332216232231e-05,NCT03268005,0,,8.674332216232231e-05
1155,0,0.003918031279110918,NCT03309007,0,,0.003918031279110918
1156,0,0.0010639233354215118,NCT02980276,0,,0.0010639233354215118
1157,0,3.937714984599505e-05,NCT03215056,0,,3.937714984599505e-05
1158,0,0.0004265111940604152,NCT03256903,0,,0.0004265111940604152
1159,0,0.0005038069877511233,NCT02700685,0,,0.0005038069877511233
1160,0,3.441090440496451e-05,NCT03185065,0,,3.441090440496451e-05
1162,0,0.00016831430807539666,NCT03220958,0,,0.00016831430807539666
1163,0,3.695780462146534e-05,NCT03069677,0,,3.695780462146534e-05
1165,0,0.00042166123319869266,NCT03148574,0,,0.00042166123319869266
1166,0,1.9869055991341367e-05,NCT03185065,0,,1.9869055991341367e-05
1167,0,5.6939461840627026e-05,NCT03085797,0,,5.6939461840627026e-05
1168,0,0.03672227293654883,NCT02990286,0,,0.03672227293654883
1169,0,0.0017515468496638084,NCT03156452,0,,0.0017515468496638084
1170,0,0.002445300384495651,NCT03248037,0,,0.002445300384495651
1171,0,3.6519949622946407e-05,NCT03091699,0,,3.6519949622946407e-05
1172,0,0.015449631606136455,NCT02999178,0,,0.015449631606136455
1173,0,0.028329729662398752,NCT03313180,0,,0.028329729662398752
1174,0,0.0009896650703794703,NCT03187769,0,,0.0009896650703794703
1175,0,7.018680104381857e-05,NCT03219710,0,,7.018680104381857e-05
1176,0,0.0006279646503208052,NCT03205228,0,,0.0006279646503208052
1177,0,0.005765788403165727,NCT03352323,0,,0.005765788403165727
1178,0,0.0034033446599201116,NCT02898077,1,cytotoxic_managed_toxicity,0.0034033446599201116
1179,0,0.030123944063279607,NCT03036488,1,cytotoxic_managed_toxicity,0.030123944063279607
1180,0,0.001807387849621648,NCT03038100,1,cytotoxic_managed_toxicity,0.001807387849621648
1181,0,0.0008590258675064905,NCT03064126,1,cytotoxic_managed_toxicity,0.0008590258675064905
1182,0,0.857707743422462,NCT03117049,1,cytotoxic_managed_toxicity,0.15
1183,0,0.08026923335792388,NCT03125902,1,cytotoxic_managed_toxicity,0.08026923335792388
1184,0,0.6416828685006919,NCT03169335,1,cytotoxic_managed_toxicity,0.15
1185,0,0.6416828685006919,NCT03329911,1,cytotoxic_managed_toxicity,0.15
1186,0,0.646413140429791,NCT03875092,1,cytotoxic_managed_toxicity,0.15
1187,0,0.0017569952466057828,NCT06781073,1,cytotoxic_managed_toxicity,0.0017569952466057828
1188,0,0.16091335230139342,NCT03312634,0,,0.16091335230139342
1189,0,0.0014886348970795818,NCT02929563,0,,0.0014886348970795818
1190,0,0.07522854036313434,NCT02864251,1,cytotoxic_managed_toxicity,0.07522854036313434
1191,0,0.00015102500030083886,NCT03134872,1,cytotoxic_managed_toxicity,0.00015102500030083886
1193,0,7.34557414270567e-05,NCT03374956,0,,7.34557414270567e-05
1194,0,0.0007723205280960405,NCT03208933,0,,0.0007723205280960405
1195,0,0.0009050444401801841,NCT03232073,0,,0.0009050444401801841
1196,0,0.0001501297346690078,NCT02961257,0,,0.0001501297346690078
1198,0,0.001648761086771915,NCT03086486,0,,0.001648761086771915
1199,0,0.0003157550335422931,NCT03022240,0,,0.0003157550335422931
1200,0,0.002529923625081075,NCT03425474,0,,0.002529923625081075
1202,0,0.0001878746969966981,NCT02720198,0,,0.0001878746969966981
1203,0,6.601368842880408e-05,NCT03029689,0,,6.601368842880408e-05
1204,0,0.00010831936612856879,NCT03065309,0,,0.00010831936612856879
1205,0,0.016793949912156266,NCT03669484,0,,0.016793949912156266
1206,0,0.002870427574047812,NCT03235479,0,,0.002870427574047812
1207,0,0.002870427574047812,NCT03237845,0,,0.002870427574047812
1208,0,0.003556231740183978,NCT03055026,0,,0.003556231740183978
1209,0,0.0073537094335582405,NCT03181386,0,,0.0073537094335582405
1210,0,0.0021878752559697195,NCT04569279,0,,0.0021878752559697195
1211,0,0.00040013904336457933,NCT02959476,0,,0.00040013904336457933
1212,0,5.3864710784698424e-05,NCT02855944,0,,5.3864710784698424e-05
1213,0,0.09245278352298444,NCT02975934,0,,0.09245278352298444
1214,0,0.0035367969689142987,NCT03112603,0,,0.0035367969689142987
1215,0,0.005923841694191491,NCT03110562,0,,0.005923841694191491
1216,0,0.00016753523671669108,NCT03022240,0,,0.00016753523671669108
1217,0,0.0006137196624778413,NCT02713945,0,,0.0006137196624778413
1218,0,0.003023035962635115,NCT03061214,0,,0.003023035962635115
1219,0,0.0030196909878474616,NCT03076112,0,,0.0030196909878474616
1220,0,0.003023035962635115,NCT03115112,0,,0.003023035962635115
1221,0,0.00010865012468471307,NCT03995485,0,,0.00010865012468471307
1222,0,0.0005788456581427396,NCT03242018,0,,0.0005788456581427396
1223,0,0.0005788456581427396,NCT03242252,0,,0.0005788456581427396
1224,0,0.0005962569643900478,NCT03285594,0,,0.0005962569643900478
1225,0,0.00037848007421307454,NCT03351478,0,,0.00037848007421307454
1226,0,0.006945973204766677,NCT03260894,0,,0.006945973204766677
1227,0,2.322272707036157e-05,NCT03373201,0,,2.322272707036157e-05
1228,0,7.16504936064343e-05,NCT03122262,0,,7.16504936064343e-05
1229,0,4.8132879032662096e-05,NCT03277248,0,,4.8132879032662096e-05
1230,0,4.8132879032662096e-05,NCT03277261,0,,4.8132879032662096e-05
1232,0,0.006727703306189066,NCT02997358,1,cytotoxic_managed_toxicity,0.006727703306189066
1233,0,8.179261138731811e-05,NCT03290378,0,,8.179261138731811e-05
1234,0,0.0004345006325495582,NCT03395808,0,,0.0004345006325495582
1235,0,7.998250261997778e-05,NCT03191903,0,,7.998250261997778e-05
1236,0,7.998250261997778e-05,NCT03390036,0,,7.998250261997778e-05
1237,0,0.002387734450102021,NCT03118297,0,,0.002387734450102021
1238,0,4.087130694418111e-05,NCT03086343,0,,4.087130694418111e-05
1239,0,0.0025712895554593734,NCT03104374,0,,0.0025712895554593734
1240,0,0.0013766853566622612,NCT03104400,0,,0.0013766853566622612
1241,0,0.0006024613840815208,NCT03345836,0,,0.0006024613840815208
1242,0,0.0006024613840815208,NCT03345849,0,,0.0006024613840815208
1243,0,5.666341668262309e-05,NCT02957786,0,,5.666341668262309e-05
1244,0,9.522355239381138e-05,NCT03262662,0,,9.522355239381138e-05
1245,0,0.0037745179309834655,NCT02908672,0,,0.0037745179309834655
1247,0,0.1073215298814247,NCT03112174,0,,0.1073215298814247
1248,0,0.0002904251289463416,NCT03108625,0,,0.0002904251289463416
1250,0,0.0005143869902752976,NCT03067441,0,,0.0005143869902752976
1251,0,1.06679548429322e-05,NCT03275285,0,,1.06679548429322e-05
1253,0,0.0840277353709933,NCT02851797,0,,0.0840277353709933
1254,0,0.1888718558676917,NCT02947347,0,,0.1888718558676917
1256,0,0.014913047800099935,NCT02502175,0,,0.014913047800099935
1257,0,0.37099013808564296,NCT02987543,0,,0.37099013808564296
1258,0,0.00019556446569654853,NCT02629042,0,,0.00019556446569654853
1259,0,0.6841653829435563,NCT03043157,0,,0.6841653829435563
1260,0,6.688073180060636e-05,NCT02964936,0,,6.688073180060636e-05
1261,0,6.688073180060636e-05,NCT02988973,0,,6.688073180060636e-05
1262,0,0.00020247511614404396,NCT03131713,0,,0.00020247511614404396
1263,0,0.017483217235263863,NCT02885636,0,,0.017483217235263863
1265,0,2.5116542406095375e-05,NCT02935530,0,,2.5116542406095375e-05
1266,0,0.016570091330110285,NCT02662569,0,,0.016570091330110285
1268,0,0.06362915985076321,NCT03433196,0,,0.06362915985076321
1269,0,0.00027113017998578573,NCT02870478,0,,0.00027113017998578573
1271,0,0.023031172898411834,NCT03001076,0,,0.023031172898411834
1272,0,0.0007497427447901011,NCT02604173,0,,0.0007497427447901011
1273,0,0.0008466410159072388,NCT02949674,0,,0.0008466410159072388
1274,0,0.0002546666718487547,NCT02634788,0,,0.0002546666718487547
1275,0,0.0018429459706652354,NCT02741791,0,,0.0018429459706652354
1277,0,0.00022497160107537426,NCT02820987,0,,0.00022497160107537426
1278,0,0.0021873464056058707,NCT02514278,1,cytotoxic_managed_toxicity,0.0021873464056058707
1279,0,0.005181762240304945,NCT02551237,1,cytotoxic_managed_toxicity,0.005181762240304945
1280,0,0.00040403674735299837,NCT02700815,0,,0.00040403674735299837
1281,0,0.0018212271295038039,NCT02670538,0,,0.0018212271295038039
1282,0,0.06107440050711775,NCT02670551,0,,0.06107440050711775
1283,0,5.392352858835103e-05,NCT02714595,0,,5.392352858835103e-05
1284,0,4.036009956290527e-05,NCT02659033,0,,4.036009956290527e-05
1285,0,0.00022253544711345316,NCT02688400,0,,0.00022253544711345316
1287,0,0.000267748796808221,NCT02725411,0,,0.000267748796808221
1288,0,4.2011260227998575e-05,NCT02754765,0,,4.2011260227998575e-05
1289,0,8.394403284667394e-05,NCT02655965,0,,8.394403284667394e-05
1291,0,0.0015470406617419396,NCT02737501,0,,0.0015470406617419396
1292,0,0.15783161422059347,NCT02913326,0,,0.15783161422059347
1293,0,2.234256586357865e-05,NCT02681094,0,,2.234256586357865e-05
1295,0,2.4180653851140314e-05,NCT02876835,0,,2.4180653851140314e-05
1296,0,0.0006159720016524308,NCT02879305,0,,0.0006159720016524308
1297,0,0.019147159547861746,NCT02634008,0,,0.019147159547861746
1298,0,0.003588954496119629,NCT02679573,0,,0.003588954496119629
1299,0,0.0004861525112199986,NCT02754765,0,,0.0004861525112199986
1300,0,0.0002907503567564613,NCT02698514,0,,0.0002907503567564613
1301,0,0.00026210566590485106,NCT02830243,0,,0.00026210566590485106
1302,0,0.00026210566590485106,NCT02872389,0,,0.00026210566590485106
1303,0,7.579435114274593e-05,NCT02121262,0,,7.579435114274593e-05
1304,0,2.8055619608068447e-05,NCT02767219,0,,2.8055619608068447e-05
1305,0,2.3352648415979776e-05,NCT02794441,0,,2.3352648415979776e-05
1306,0,2.0737289151011465e-05,NCT02811978,0,,2.0737289151011465e-05
1307,0,7.564857426887156e-05,NCT02904538,0,,7.564857426887156e-05
1309,0,0.0005379495169469746,NCT02700815,0,,0.0005379495169469746
1311,0,0.0014470520844819677,NCT02900378,0,,0.0014470520844819677
1312,0,0.16165234886063776,NCT02677896,0,,0.16165234886063776
1313,0,0.00026319795914082206,NCT02890173,0,,0.00026319795914082206
1314,0,7.361727485170902e-05,NCT02784704,0,,7.361727485170902e-05
1315,0,0.002546230156501299,NCT02995694,0,,0.002546230156501299
1317,0,0.04614645069005898,NCT02763579,1,cytotoxic_managed_toxicity,0.04614645069005898
1318,0,1.5281999820966333e-05,NCT02634580,0,,1.5281999820966333e-05
1319,0,0.00014280856037201706,NCT02748057,0,,0.00014280856037201706
1320,0,1.5241400367335403e-05,NCT02749994,0,,1.5241400367335403e-05
1321,0,0.004988840346117239,NCT02823353,0,,0.004988840346117239
1322,0,0.004449163449014569,NCT03001817,0,,0.004449163449014569
1323,0,0.004449163449014569,NCT03011450,0,,0.004449163449014569
1324,0,0.0005394617762322564,NCT02880540,0,,0.0005394617762322564
1325,0,0.14752669360167298,NCT03025789,0,,0.14752669360167298
1326,0,0.00035476184727015365,NCT02873936,0,,0.00035476184727015365
1327,0,0.00020494475320891292,NCT02886728,0,,0.00020494475320891292
1328,0,0.00023001670089391464,NCT02889796,0,,0.00023001670089391464
1329,0,0.0003107420026708672,NCT02914522,0,,0.0003107420026708672
1330,0,0.0021795033594449666,NCT02914561,0,,0.0021795033594449666
1331,0,0.009688035720604341,NCT03004469,0,,0.009688035720604341
1332,0,0.0038476892467318217,NCT02751632,0,,0.0038476892467318217
1333,0,5.1448972968963406e-05,NCT02980133,0,,5.1448972968963406e-05
1334,0,0.0010666615005591028,NCT02695771,1,cytotoxic_managed_toxicity,0.0010666615005591028
1335,0,0.016174767904291454,NCT02807636,1,cytotoxic_managed_toxicity,0.016174767904291454
1337,0,0.002756666395351096,NCT02993731,1,cytotoxic_managed_toxicity,0.002756666395351096
1338,0,5.001740006753831e-05,NCT02769481,0,,5.001740006753831e-05
1339,0,0.05881926932682048,NCT03062280,0,,0.05881926932682048
1340,0,0.21306853338712442,NCT02950051,0,,0.21306853338712442
1341,0,0.0011410556947118176,NCT03022253,0,,0.0011410556947118176
1342,0,0.031480141691553706,NCT02597361,0,,0.031480141691553706
1343,0,0.00028480670750584555,NCT02980016,0,,0.00028480670750584555
1344,0,0.04553628844009529,NCT02934698,0,,0.04553628844009529
1345,0,0.004240041961583533,NCT02778880,0,,0.004240041961583533
1346,0,0.00448025600002454,NCT02927379,0,,0.00448025600002454
1348,0,0.007171352394381594,NCT02905045,0,,0.007171352394381594
1349,0,0.013890526873392189,NCT02905058,0,,0.013890526873392189
1350,0,0.00010051532780330256,NCT02582866,0,,0.00010051532780330256
1351,0,4.385075848717416e-05,NCT03419975,0,,4.385075848717416e-05
1352,0,0.0005864126546353644,NCT02705534,0,,0.0005864126546353644
1353,0,0.0001876963372420398,NCT02783729,0,,0.0001876963372420398
1354,0,0.004755593998714792,NCT02600923,0,,0.004755593998714792
1355,0,0.0001682340827091876,NCT03241472,0,,0.0001682340827091876
1356,0,0.0002297447401521839,NCT02578368,0,,0.0002297447401521839
1358,0,1.7233817835771743e-05,NCT02754765,0,,1.7233817835771743e-05
1359,0,0.00025882814660070175,NCT02671383,0,,0.00025882814660070175
1360,0,0.0001488931009320499,NCT02651155,0,,0.0001488931009320499
1361,0,0.0023725231245116476,NCT02695719,0,,0.0023725231245116476
1362,0,0.0001488931009320499,NCT02729909,0,,0.0001488931009320499
1363,0,0.03857456928919124,NCT02766777,0,,0.03857456928919124
1364,0,0.000498129763493313,NCT02820987,0,,0.000498129763493313
1365,0,0.0005527179682909128,NCT02931539,0,,0.0005527179682909128
1366,0,0.0093542282780685,NCT02112578,0,,0.0093542282780685
1367,0,7.45169858020534e-05,NCT02386319,0,,7.45169858020534e-05
1368,0,0.00015343363880528901,NCT02536417,0,,0.00015343363880528901
1371,0,0.0017968254252161483,NCT02752412,0,,0.0017968254252161483
1372,0,0.0017119469351235892,NCT02794792,0,,0.0017119469351235892
1373,0,0.005645329253071902,NCT02831361,0,,0.005645329253071902
1374,0,0.005645329253071902,NCT02926950,0,,0.005645329253071902
1375,0,0.001141826318189074,NCT03320694,0,,0.001141826318189074
1376,0,0.0039377596528597045,NCT03792984,0,,0.0039377596528597045
1377,0,0.0002176629246076757,NCT02558010,0,,0.0002176629246076757
1378,0,9.951061049952245e-05,NCT02831569,0,,9.951061049952245e-05
1379,0,5.757053600439873e-05,NCT02634801,1,cytotoxic_managed_toxicity,5.757053600439873e-05
1381,0,1.1882967255815127e-05,NCT03148860,1,cytotoxic_managed_toxicity,1.1882967255815127e-05
1382,0,1.0122027891071538e-05,NCT03332719,1,cytotoxic_managed_toxicity,1.0122027891071538e-05
1383,0,0.0005464576528221857,NCT02346201,0,,0.0005464576528221857
1384,0,0.005555257473094833,NCT02650609,0,,0.005555257473094833
1385,0,0.0009790957499895832,NCT02666703,0,,0.0009790957499895832
1386,0,0.4925450486886588,NCT02887976,0,,0.4925450486886588
1387,0,0.3913972633767121,NCT02985229,0,,0.3913972633767121
1389,0,0.0023716639819959463,NCT02751931,0,,0.0023716639819959463
1390,0,3.272189908749253e-05,NCT02202967,0,,3.272189908749253e-05
1391,0,4.915416134441255e-05,NCT02758340,0,,4.915416134441255e-05
1392,0,0.009450378954907005,NCT02985229,0,,0.009450378954907005
1393,0,0.0005648775113549041,NCT02563327,0,,0.0005648775113549041
1394,0,7.431939502721621e-05,NCT02754765,0,,7.431939502721621e-05
1396,0,0.005921781810161364,NCT02652585,0,,0.005921781810161364
1397,0,0.006522388332702392,NCT02696434,0,,0.006522388332702392
1398,0,3.62042854866938e-05,NCT02521662,0,,3.62042854866938e-05
1399,0,0.013308422229634149,NCT02802345,0,,0.013308422229634149
1400,0,3.36650022751531e-05,NCT03215797,0,,3.36650022751531e-05
1401,0,6.182411596880122e-05,NCT02694328,0,,6.182411596880122e-05
1402,0,0.0009137455974553461,NCT02861859,0,,0.0009137455974553461
1403,0,0.00013954157316963854,NCT02815709,0,,0.00013954157316963854
1404,0,0.00013954157316963854,NCT02820324,0,,0.00013954157316963854
1405,0,0.00033534644484717265,NCT02877927,0,,0.00033534644484717265
1406,0,0.0003954863028370059,NCT04140058,0,,0.0003954863028370059
1407,0,0.007631195975087324,NCT02638337,0,,0.007631195975087324
1408,0,0.646413140429791,NCT02754882,1,cytotoxic_managed_toxicity,0.15
1409,0,0.646413140429791,NCT02775435,1,cytotoxic_managed_toxicity,0.15
1410,0,0.646413140429791,NCT02810457,1,cytotoxic_managed_toxicity,0.15
1411,0,0.0006159206785301044,NCT03998969,0,,0.0006159206785301044
1412,0,0.014096135379383052,NCT02578680,1,cytotoxic_managed_toxicity,0.014096135379383052
1413,0,0.0860015014117708,NCT02657434,1,cytotoxic_managed_toxicity,0.0860015014117708
1414,0,0.001750383917078944,NCT02899299,1,cytotoxic_managed_toxicity,0.001750383917078944
1415,0,0.015126762757359673,NCT03950674,1,cytotoxic_managed_toxicity,0.015126762757359673
1416,0,8.766930971231492e-05,NCT02849626,0,,8.766930971231492e-05
1417,0,0.23048593668248002,NCT02407782,0,,0.23048593668248002
1418,0,0.005060138139404372,NCT01657448,0,,0.005060138139404372
1419,0,0.00026637037254900004,NCT02806713,0,,0.00026637037254900004
1421,0,0.0003196881000664368,NCT02689778,0,,0.0003196881000664368
1422,0,0.006543603171910467,NCT02697331,0,,0.006543603171910467
1423,0,0.0002674358442732634,NCT02736032,0,,0.0002674358442732634
1425,0,2.0026589162499238e-05,NCT02754765,0,,2.0026589162499238e-05
1426,0,0.00010681564529384359,NCT03043820,0,,0.00010681564529384359
1427,0,4.692607952820777e-05,NCT02924727,0,,4.692607952820777e-05
1430,0,0.00016110600545440394,NCT02634008,0,,0.00016110600545440394
1431,0,7.181469527592245e-05,NCT02705534,0,,7.181469527592245e-05
1432,0,0.1327806741691803,NCT02941926,0,,0.1327806741691803
1433,0,0.0010255613888484065,NCT02563327,0,,0.0010255613888484065
1434,0,0.04984317869419237,NCT03020082,0,,0.04984317869419237
1435,0,0.0019221097466670077,NCT02833948,0,,0.0019221097466670077
1436,0,0.004246222071703552,NCT02846532,0,,0.004246222071703552
1437,0,0.007300392887004949,NCT02839642,0,,0.007300392887004949
1438,0,0.00499114547648487,NCT02655965,0,,0.00499114547648487
1439,0,0.0005360765886653896,NCT02949674,0,,0.0005360765886653896
1440,0,0.01285957580407152,NCT03480165,0,,0.01285957580407152
1442,0,0.00016363614229807788,NCT02698514,0,,0.00016363614229807788
1443,0,0.0001595946719578242,NCT02830243,0,,0.0001595946719578242
1444,0,0.0001595946719578242,NCT02872389,0,,0.0001595946719578242
1445,0,0.12478528733749991,NCT02738879,0,,0.12478528733749991
1446,0,0.12478194879662727,NCT02791490,0,,0.12478194879662727
1447,0,0.00012450741466610022,NCT02705534,0,,0.00012450741466610022
1448,0,0.00017468427025994014,NCT02684006,0,,0.00017468427025994014
1449,0,0.8285571385558959,NCT02750306,0,,0.8285571385558959
1450,0,0.01592910975984822,NCT02791230,0,,0.01592910975984822
1451,0,0.08156540264934506,NCT02675998,0,,0.08156540264934506
1452,0,0.012973497595683128,NCT02727751,0,,0.012973497595683128
1453,0,0.012872727737258161,NCT02964273,0,,0.012872727737258161
1454,0,0.01569747338473388,NCT02273804,0,,0.01569747338473388
1455,0,0.005231932287713114,NCT02566993,1,cytotoxic_managed_toxicity,0.005231932287713114
1456,0,0.00919148927517981,NCT02903004,1,cytotoxic_managed_toxicity,0.00919148927517981
1457,0,8.33156261644199e-05,NCT02982161,0,,8.33156261644199e-05
1458,0,8.021543356413962e-05,NCT02578901,0,,8.021543356413962e-05
1459,0,0.0006629964601331817,NCT02650791,0,,0.0006629964601331817
1460,0,0.00015397738808457695,NCT02702128,0,,0.00015397738808457695
1461,0,0.0007845696995764945,NCT02993341,0,,0.0007845696995764945
1462,0,0.00015397738808457695,NCT03060889,0,,0.00015397738808457695
1463,0,0.000274211621000277,NCT02914509,0,,0.000274211621000277
1464,0,0.0009636178789898286,NCT02556424,0,,0.0009636178789898286
1465,0,0.0005803176457720745,NCT02828163,0,,0.0005803176457720745
1466,0,0.0002753105510143796,NCT02828020,0,,0.0002753105510143796
1467,0,0.0002753105510143796,NCT02867709,0,,0.0002753105510143796
1468,0,0.00014277671603085435,NCT02873221,0,,0.00014277671603085435
1469,0,5.5813823613774806e-05,NCT02706847,0,,5.5813823613774806e-05
1470,0,5.2716521361046405e-05,NCT02706873,0,,5.2716521361046405e-05
1471,0,6.790936631386455e-05,NCT02706951,0,,6.790936631386455e-05
1472,0,6.0974234309880515e-05,NCT02680574,0,,6.0974234309880515e-05
1473,0,5.93013650227449e-05,NCT02865850,0,,5.93013650227449e-05
1474,0,5.93013650227449e-05,NCT02892149,0,,5.93013650227449e-05
1475,0,0.10179023738963755,NCT02736955,0,,0.10179023738963755
1476,0,1.4884389905589474e-05,NCT02460900,0,,1.4884389905589474e-05
1477,0,0.00010257394822579455,NCT02755597,0,,0.00010257394822579455
1478,0,6.250249677627568e-05,NCT02756611,0,,6.250249677627568e-05
1479,0,5.6508852179990983e-05,NCT02950051,0,,5.6508852179990983e-05
1480,0,0.0010230135027841608,NCT02980731,0,,0.0010230135027841608
1481,0,9.061472155888687e-05,NCT02861534,0,,9.061472155888687e-05
1482,0,0.017129162569495048,NCT03075241,0,,0.017129162569495048
1483,0,0.0014008641227919037,NCT02900352,0,,0.0014008641227919037
1484,0,0.00016088539141236431,NCT02732912,0,,0.00016088539141236431
1485,0,0.0008990491636897887,NCT03004625,0,,0.0008990491636897887
1487,0,0.00024441136007294915,NCT02988115,0,,0.00024441136007294915
1488,0,0.00024441136007294915,NCT02991118,0,,0.00024441136007294915
1489,0,0.005348578363399465,NCT02946073,0,,0.005348578363399465
1491,0,6.387530877665865e-05,NCT02659033,0,,6.387530877665865e-05
1492,0,0.025847123552812,NCT02869009,0,,0.025847123552812
1493,0,0.000284463927081516,NCT03004625,0,,0.000284463927081516
1494,0,6.90850761607021e-05,NCT02863328,0,,6.90850761607021e-05
1496,0,0.00023450515043923017,NCT02952820,0,,0.00023450515043923017
1497,0,9.162857991514619e-06,NCT02897349,0,,9.162857991514619e-06
1498,0,5.618125157755243e-05,NCT02697734,0,,5.618125157755243e-05
1499,0,0.012822478079914665,NCT03059238,0,,0.012822478079914665
1500,0,3.362662070603193e-05,NCT03215797,0,,3.362662070603193e-05
1501,0,0.0024136403933980423,NCT02611687,0,,0.0024136403933980423
1502,0,0.04615617344162364,NCT02486627,0,,0.04615617344162364
1503,0,0.0042768997560530325,NCT04486690,0,,0.0042768997560530325
1504,0,0.1143027167965092,NCT03096847,0,,0.1143027167965092
1505,0,0.001232530394907556,NCT02410772,0,,0.001232530394907556
1506,0,0.0019247105089909736,NCT02746185,0,,0.0019247105089909736
1507,0,0.00015084319055120495,NCT02779764,0,,0.00015084319055120495
1508,0,7.109170929709948e-05,NCT02780141,0,,7.109170929709948e-05
1509,0,7.109170929709948e-05,NCT02780726,0,,7.109170929709948e-05
1510,0,6.665318506279219e-05,NCT02952092,0,,6.665318506279219e-05
1511,0,0.003023312037397796,NCT02607865,0,,0.003023312037397796
1512,0,0.09593863871820767,NCT02849080,0,,0.09593863871820767
1513,0,7.135485121312961e-05,NCT02629965,0,,7.135485121312961e-05
1514,0,0.01104714825327587,NCT03036813,0,,0.01104714825327587
1515,0,0.05822276877419724,NCT02503306,0,,0.05822276877419724
1516,0,0.00013160876984926836,NCT02315495,0,,0.00013160876984926836
1517,0,0.0005146448211052012,NCT02604342,0,,0.0005146448211052012
1518,0,0.005919864873293365,NCT02437318,0,,0.005919864873293365
1519,0,0.0412353392482876,NCT03587025,0,,0.0412353392482876
1521,0,0.00033808881361332846,NCT02283294,0,,0.00033808881361332846
1522,0,0.0007894693101897192,NCT02369653,0,,0.0007894693101897192
1524,0,0.00044956252340259994,NCT02585713,0,,0.00044956252340259994
1525,0,8.868292603870967e-05,NCT02496078,0,,8.868292603870967e-05
1526,0,0.0637898816460681,NCT02522117,0,,0.0637898816460681
1527,0,0.021880547472639227,NCT02584504,0,,0.021880547472639227
1528,0,0.23277498383539816,NCT02586155,0,,0.23277498383539816
1529,0,0.31746404050854643,NCT02577406,1,cytotoxic_managed_toxicity,0.15
1530,0,0.00024163441073314033,NCT02480764,0,,0.00024163441073314033
1531,0,0.0008744662083133572,NCT02980562,0,,0.0008744662083133572
1532,0,5.5351042613483535e-05,NCT02194933,0,,5.5351042613483535e-05
1533,0,0.0008159449476721479,NCT02665273,0,,0.0008159449476721479
1534,0,0.0008448396861762593,NCT02752971,0,,0.0008448396861762593
1535,0,0.012028858861541404,NCT02187198,0,,0.012028858861541404
1536,0,0.0031849813546411102,NCT02191397,0,,0.0031849813546411102
1537,0,0.013020295636462611,NCT03271918,0,,0.013020295636462611
1538,0,0.0008538475804010422,NCT02395640,1,cytotoxic_managed_toxicity,0.0008538475804010422
1539,0,0.012356371017003983,NCT02494583,1,cytotoxic_managed_toxicity,0.012356371017003983
1540,0,0.002955808413931925,NCT02426775,0,,0.002955808413931925
1541,0,9.02760681424867e-05,NCT02424461,0,,9.02760681424867e-05
1542,0,0.0003771644894737844,NCT02750293,0,,0.0003771644894737844
1543,0,0.06062493116326985,NCT02341417,0,,0.06062493116326985
1544,0,0.007556888266806228,NCT02502032,0,,0.007556888266806228
1546,0,0.01226759983537879,NCT02217501,0,,0.01226759983537879
1547,0,0.012078882813168592,NCT02298088,0,,0.012078882813168592
1548,0,0.010551757093030778,NCT02429271,0,,0.010551757093030778
1549,0,0.0016500528272829558,NCT02545075,1,cytotoxic_managed_toxicity,0.0016500528272829558
1550,0,8.6034896807724e-05,NCT02319031,0,,8.6034896807724e-05
1551,0,9.187854041049603e-05,NCT02496078,0,,9.187854041049603e-05
1552,0,0.00029513346005415427,NCT02596880,0,,0.00029513346005415427
1553,0,0.012766508154360031,NCT03563664,0,,0.012766508154360031
1554,0,3.762674841589599e-05,NCT02419612,0,,3.762674841589599e-05
1555,0,2.977553423587384e-05,NCT02460978,0,,2.977553423587384e-05
1556,0,2.0845310007959124e-05,NCT02518945,0,,2.0845310007959124e-05
1557,0,2.197946049822264e-05,NCT02592421,0,,2.197946049822264e-05
1558,0,0.0005891403347959498,NCT02487563,1,cytotoxic_managed_toxicity,0.0005891403347959498
1559,0,0.002135863505616267,NCT02322502,0,,0.002135863505616267
1560,0,0.0002907503567564613,NCT02609802,0,,0.0002907503567564613
1561,0,2.0690805966081702e-05,NCT02412878,0,,2.0690805966081702e-05
1562,0,7.579435114274593e-05,NCT02445326,0,,7.579435114274593e-05
1563,0,1.3310262722074391e-05,NCT02517021,0,,1.3310262722074391e-05
1564,0,3.0161905498938585e-05,NCT02547623,0,,3.0161905498938585e-05
1565,0,1.2141607253108047e-05,NCT02557035,0,,1.2141607253108047e-05
1567,0,1.80690926537145e-05,NCT02698995,0,,1.80690926537145e-05
1568,0,2.8828657566608914e-05,NCT02725008,0,,2.8828657566608914e-05
1569,0,7.579435114274593e-05,NCT02736175,0,,7.579435114274593e-05
1570,0,7.579435114274593e-05,NCT02988882,0,,7.579435114274593e-05
1571,0,0.0001239245411165302,NCT03674294,0,,0.0001239245411165302
1572,0,0.03846218740309341,NCT02476422,0,,0.03846218740309341
1573,0,0.012408995890832868,NCT02335346,0,,0.012408995890832868
1574,0,0.0031814736072185703,NCT02073682,0,,0.0031814736072185703
1575,0,0.008380853926933492,NCT02099747,0,,0.008380853926933492
1576,0,0.0021075695066091493,NCT02414958,0,,0.0021075695066091493
1577,0,0.0022848593784421936,NCT02580591,0,,0.0022848593784421936
1578,0,0.0014454516711955123,NCT02468232,0,,0.0014454516711955123
1579,0,0.0037297697274417166,NCT02534571,0,,0.0037297697274417166
1580,0,0.0003247548117731888,NCT02354352,0,,0.0003247548117731888
1581,0,7.583718067885527e-05,NCT02191397,0,,7.583718067885527e-05
1582,0,0.06893546362837596,NCT02417064,0,,0.06893546362837596
1583,0,0.06893546362837596,NCT02418585,0,,0.06893546362837596
1585,0,0.002708550639032739,NCT02493868,0,,0.002708550639032739
1586,0,0.006338045681040154,NCT03848234,0,,0.006338045681040154
1587,0,0.01167523510941364,NCT02614482,0,,0.01167523510941364
1588,0,3.112596277881243e-05,NCT02446418,0,,3.112596277881243e-05
1589,0,2.5753614727225102e-05,NCT02502734,0,,2.5753614727225102e-05
1590,0,4.7905423796439385e-05,NCT01960075,0,,4.7905423796439385e-05
1592,0,0.002700999969985857,NCT02345681,0,,0.002700999969985857
1593,0,0.03930254662824966,NCT02480114,0,,0.03930254662824966
1594,0,0.0016031288617667405,NCT03158376,0,,0.0016031288617667405
1595,0,0.013675821921176954,NCT02395016,1,cytotoxic_managed_toxicity,0.013675821921176954
1596,0,0.012492693943350024,NCT02517489,0,,0.012492693943350024
1597,0,0.006565732859053611,NCT02301156,0,,0.006565732859053611
1598,0,0.0007948612078068339,NCT02436668,0,,0.0007948612078068339
1599,0,0.0010520052428274287,NCT02272725,0,,0.0010520052428274287
1600,0,0.000898702192334158,NCT02330926,0,,0.000898702192334158
1601,0,0.002946531448858256,NCT02477007,0,,0.002946531448858256
1602,0,0.023184434917750164,NCT02385188,0,,0.023184434917750164
1603,0,0.0030070160213252523,NCT02394132,0,,0.0030070160213252523
1604,0,0.00011541972415361743,NCT02598505,0,,0.00011541972415361743
1605,0,7.767404141202077e-05,NCT02361216,0,,7.767404141202077e-05
1606,0,5.703708923772781e-05,NCT02789033,0,,5.703708923772781e-05
1607,0,0.008734424493347907,NCT02347657,0,,0.008734424493347907
1608,0,0.05453117650323651,NCT02390219,0,,0.05453117650323651
1609,0,0.008734424493347907,NCT02392234,0,,0.008734424493347907
1610,0,0.004045939895798943,NCT02412111,0,,0.004045939895798943
1611,0,0.008734424493347907,NCT02516410,0,,0.008734424493347907
1612,0,0.004966693254704785,NCT02556606,0,,0.004966693254704785
1613,0,6.703523201514203e-05,NCT02465255,0,,6.703523201514203e-05
1615,0,0.006667528305390869,NCT02388724,0,,0.006667528305390869
1616,0,0.0066902437634877975,NCT02388737,0,,0.0066902437634877975
1617,0,0.00011301635943243835,NCT02565186,0,,0.00011301635943243835
1618,0,4.251884233061107e-05,NCT02322320,0,,4.251884233061107e-05
1619,0,0.00023712126161790767,NCT02297438,0,,0.00023712126161790767
1620,0,0.0017080369750895324,NCT02491320,0,,0.0017080369750895324
1621,0,0.04267710774155503,NCT02900105,0,,0.04267710774155503
1622,0,0.0032346229140434632,NCT02545504,0,,0.0032346229140434632
1623,0,4.912179590004524e-05,NCT01960075,0,,4.912179590004524e-05
1625,0,0.5940407669214413,NCT02525016,0,,0.5940407669214413
1626,0,2.961725216043392e-05,NCT02990364,0,,2.961725216043392e-05
1627,0,4.860995720543536e-06,NCT02453555,0,,4.860995720543536e-06
1629,0,0.0025692364550233128,NCT02333799,0,,0.0025692364550233128
1630,0,0.0015314460833691329,NCT02363998,0,,0.0015314460833691329
1631,0,0.00028892599909095785,NCT02235909,0,,0.00028892599909095785
1632,0,0.0015581012018703031,NCT02481947,0,,0.0015581012018703031
1633,0,0.07981286980179045,NCT02390219,0,,0.07981286980179045
1634,0,0.00034614672074242123,NCT02389621,0,,0.00034614672074242123
1635,0,0.02936138100380086,NCT02558829,0,,0.02936138100380086
1636,0,3.81512085013126e-05,NCT02197221,1,cytotoxic_managed_toxicity,3.81512085013126e-05
1638,0,0.0003917498191794629,NCT02519543,0,,0.0003917498191794629
1639,0,8.574752180939808e-05,NCT02551874,0,,8.574752180939808e-05
1640,0,6.948017259551016e-05,NCT02586129,0,,6.948017259551016e-05
1641,0,0.005645329253071902,NCT02597049,0,,0.005645329253071902
1642,0,0.00021994862550633,NCT02638805,0,,0.00021994862550633
1643,0,5.914474774977496e-05,NCT02345850,1,cytotoxic_managed_toxicity,5.914474774977496e-05
1644,0,1.1882967255815127e-05,NCT02376790,1,cytotoxic_managed_toxicity,1.1882967255815127e-05
1645,0,1.0122027891071538e-05,NCT02504268,1,cytotoxic_managed_toxicity,1.0122027891071538e-05
1646,0,1.0218465728493876e-05,NCT02553018,1,cytotoxic_managed_toxicity,1.0218465728493876e-05
1647,0,0.0006607220921229773,NCT02744196,1,cytotoxic_managed_toxicity,0.0006607220921229773
1648,0,1.1882967255815127e-05,NCT04108468,1,cytotoxic_managed_toxicity,1.1882967255815127e-05
1649,0,0.0005430219780732102,NCT02604225,0,,0.0005430219780732102
1650,0,0.0008960122626361789,NCT02319343,0,,0.0008960122626361789
1651,0,0.0008960122626361789,NCT02332603,0,,0.0008960122626361789
1652,0,0.0008960122626361789,NCT02332616,0,,0.0008960122626361789
1653,0,0.0008960122626361789,NCT02332629,0,,0.0008960122626361789
1654,0,0.0013137386989851912,NCT03308084,0,,0.0013137386989851912
1655,0,0.00025756986221150296,NCT02308007,0,,0.00025756986221150296
1656,0,0.0002537945878686816,NCT02308033,0,,0.0002537945878686816
1657,0,0.0069958707527577714,NCT02163616,0,,0.0069958707527577714
1658,0,0.00011303562663910267,NCT03790371,0,,0.00011303562663910267
1659,0,3.1980025916523195e-05,NCT02498509,0,,3.1980025916523195e-05
1660,0,3.1980025916523195e-05,NCT02554786,0,,3.1980025916523195e-05
1662,0,0.018829544896874696,NCT02383589,0,,0.018829544896874696
1663,0,0.0013333298801110473,NCT02630628,0,,0.0013333298801110473
1664,0,0.0004818668907024109,NCT02505971,0,,0.0004818668907024109
1665,0,0.057797840947858656,NCT02597933,0,,0.057797840947858656
1666,0,3.757569074286752e-05,NCT02612922,0,,3.757569074286752e-05
1667,0,0.003326216854124395,NCT02282020,0,,0.003326216854124395
1669,0,6.319934507563666e-05,NCT02634346,0,,6.319934507563666e-05
1670,0,0.0016013128547349882,NCT02635984,0,,0.0016013128547349882
1671,0,0.7028802602903371,NCT02477644,0,,0.7028802602903371
1672,0,0.00032876672770133303,NCT02378480,0,,0.00032876672770133303
1673,0,0.0003603086945982708,NCT02531438,0,,0.0003603086945982708
1674,0,9.917327656257309e-05,NCT02369159,0,,9.917327656257309e-05
1675,0,0.001164996016823433,NCT02364999,1,cytotoxic_managed_toxicity,0.001164996016823433
1676,0,0.6558281935700612,NCT02366143,1,cytotoxic_managed_toxicity,0.15
1677,0,0.6558281935700612,NCT02367794,1,cytotoxic_managed_toxicity,0.15
1678,0,0.0008863463753255628,NCT02501954,1,cytotoxic_managed_toxicity,0.0008863463753255628
1679,0,0.0003808658779501931,NCT02290327,0,,0.0003808658779501931
1680,0,0.07294634225318311,NCT02367781,1,cytotoxic_managed_toxicity,0.07294634225318311
1681,0,8.766930971231492e-05,NCT02427607,0,,8.766930971231492e-05
1682,0,0.19996287844021587,NCT02572986,0,,0.19996287844021587
1683,0,0.026258212539514603,NCT02371369,0,,0.026258212539514603
1684,0,4.978161905310266e-05,NCT03650270,0,,4.978161905310266e-05
1685,0,0.0006238854965676324,NCT03141970,0,,0.0006238854965676324
1686,0,0.0011130992469306584,NCT03298061,0,,0.0011130992469306584
1687,0,1.639298350428809e-05,NCT02457221,0,,1.639298350428809e-05
1689,0,0.016329055490589058,NCT02290873,0,,0.016329055490589058
1690,0,0.016329055490589058,NCT02296892,0,,0.016329055490589058
1691,0,0.016329055490589058,NCT02532647,0,,0.016329055490589058
1692,0,6.793230297676905e-05,NCT02442284,0,,6.793230297676905e-05
1693,0,0.0011164862788535935,NCT02422615,0,,0.0011164862788535935
1694,0,5.238372908688909e-05,NCT02469155,0,,5.238372908688909e-05
1695,0,0.0020757843021574525,NCT02164578,0,,0.0020757843021574525
1696,0,0.01533474821935255,NCT02486445,0,,0.01533474821935255
1698,0,0.0021183165788179912,NCT04122547,0,,0.0021183165788179912
1699,0,0.01980895792895197,NCT02408393,0,,0.01980895792895197
1700,0,0.000228029828949059,NCT02410317,0,,0.000228029828949059
1701,0,3.485467735624919e-05,NCT02273726,0,,3.485467735624919e-05
1702,0,7.25263121815836e-05,NCT02413346,0,,7.25263121815836e-05
1703,0,0.2529703994476777,NCT02471183,0,,0.2529703994476777
1705,0,0.00016363614229807788,NCT02609802,0,,0.00016363614229807788
1706,0,0.095942259767758,NCT02532855,0,,0.095942259767758
1707,0,0.12484317822428403,NCT02536248,0,,0.12484317822428403
1708,0,0.14358070715434296,NCT02564211,0,,0.14358070715434296
1709,0,0.09594557490586848,NCT02577003,0,,0.09594557490586848
1710,0,0.09594557490586848,NCT02577016,0,,0.09594557490586848
1711,0,0.00013486979827489397,NCT02250807,0,,0.00013486979827489397
1712,0,3.987447013457982e-05,NCT02319031,0,,3.987447013457982e-05
1713,0,0.00012450741466610022,NCT02596880,0,,0.00012450741466610022
1714,0,0.005550596332816272,NCT02384941,0,,0.005550596332816272
1715,0,0.005550596332816272,NCT02421510,0,,0.005550596332816272
1716,0,0.00036405317710904545,NCT02531035,0,,0.00036405317710904545
1717,0,0.002822994396053631,NCT02354352,0,,0.002822994396053631
1718,0,0.6071655271606722,NCT02420821,0,,0.6071655271606722
1719,0,0.339479840009459,NCT02216123,0,,0.339479840009459
1720,0,0.0018722604272875423,NCT02486653,0,,0.0018722604272875423
1722,0,0.004970161163819201,NCT03566316,0,,0.004970161163819201
1723,0,0.003608522161804209,NCT02621892,0,,0.003608522161804209
1724,0,0.003608522161804209,NCT02686138,0,,0.003608522161804209
1725,0,0.00025945978131271653,NCT02354222,0,,0.00025945978131271653
1726,0,0.00025945978131271653,NCT02354235,0,,0.00025945978131271653
1727,0,0.00014865209271643532,NCT02567994,0,,0.00014865209271643532
1728,0,0.00016947016967719597,NCT02587195,0,,0.00016947016967719597
1730,0,2.1004529496561828e-05,NCT02325466,0,,2.1004529496561828e-05
1731,0,7.055507271885335e-05,NCT02429271,0,,7.055507271885335e-05
1732,0,0.00010242398205606332,NCT02675205,0,,0.00010242398205606332
1733,0,7.357501559018137e-05,NCT02518139,0,,7.357501559018137e-05
1734,0,0.0035870185773488007,NCT03803124,0,,0.0035870185773488007
1735,0,0.043015297011087944,NCT02421588,1,cytotoxic_managed_toxicity,0.043015297011087944
1736,0,0.005231932287713114,NCT02481830,1,cytotoxic_managed_toxicity,0.005231932287713114
1737,0,0.011923710627673455,NCT02672527,1,cytotoxic_managed_toxicity,0.011923710627673455
1738,0,0.0007677596296945604,NCT02086500,0,,0.0007677596296945604
1740,0,0.0007855111441127412,NCT02546648,0,,0.0007855111441127412
1741,0,0.004136670946860739,NCT03469947,0,,0.004136670946860739
1742,0,5.5813823613774806e-05,NCT02675426,0,,5.5813823613774806e-05
1743,0,6.0974234309880515e-05,NCT02648347,0,,6.0974234309880515e-05
1744,0,0.00018444467551811407,NCT01960075,0,,0.00018444467551811407
1745,0,0.0017692563733696979,NCT02607618,0,,0.0017692563733696979
1746,0,0.0001495502651577512,NCT02446418,0,,0.0001495502651577512
1748,0,0.0005811259352561226,NCT02436239,0,,0.0005811259352561226
1749,0,0.00011990102360375323,NCT02389816,0,,0.00011990102360375323
1750,0,0.0006721384080179241,NCT02920905,0,,0.0006721384080179241
1751,0,0.0008462962733737618,NCT03687515,0,,0.0008462962733737618
1752,0,0.01849517133141711,NCT02460419,1,cytotoxic_managed_toxicity,0.01849517133141711
1753,0,3.8586748895677364e-05,NCT02551094,0,,3.8586748895677364e-05
1754,0,0.015340001365063222,NCT02476617,0,,0.015340001365063222
1755,0,0.015328352150674473,NCT02582632,0,,0.015328352150674473
1756,0,0.0005850136519013821,NCT02989519,0,,0.0005850136519013821
1757,0,0.0036548095308189797,NCT02395653,0,,0.0036548095308189797
1758,0,0.0017456153192990493,NCT02059499,1,cytotoxic_managed_toxicity,0.0017456153192990493
1760,0,0.027735218919614568,NCT02421939,0,,0.027735218919614568
1761,0,0.0016501528273721662,NCT02059499,1,cytotoxic_managed_toxicity,0.0016501528273721662
1763,0,4.3085178520217264e-05,NCT02570490,0,,4.3085178520217264e-05
1764,0,0.0010639233354215118,NCT02491333,0,,0.0010639233354215118
1765,0,0.001439711292449025,NCT02297945,0,,0.001439711292449025
1767,0,0.0018012176050586602,NCT02370498,1,cytotoxic_managed_toxicity,0.0018012176050586602
1768,0,0.006725747187047697,NCT02425644,0,,0.006725747187047697
1769,0,0.005274839507981702,NCT03349333,1,cytotoxic_managed_toxicity,0.005274839507981702
1770,0,0.003094960178171214,NCT02492282,0,,0.003094960178171214
1771,0,6.499372362428139e-05,NCT02442271,0,,6.499372362428139e-05
1772,0,6.56488183708629e-05,NCT02517528,0,,6.56488183708629e-05
1773,0,6.56488183708629e-05,NCT02609659,0,,6.56488183708629e-05
1775,0,7.448289616335396e-05,NCT02296138,0,,7.448289616335396e-05
1776,0,6.446336894388248e-05,NCT02566967,0,,6.446336894388248e-05
1777,0,0.0017692563733696979,NCT02600611,0,,0.0017692563733696979
1778,0,0.809563460650296,NCT04056754,0,,0.809563460650296
1779,0,0.43741619556068584,NCT02044380,0,,0.43741619556068584
1780,0,0.0005146448211052012,NCT02075840,0,,0.0005146448211052012
1783,0,0.00016316251979527928,NCT02896621,0,,0.00016316251979527928
1784,0,0.0016563071475258779,NCT02066454,0,,0.0016563071475258779
1785,0,0.0016040244408966945,NCT02307513,0,,0.0016040244408966945
1786,0,0.0007889907835973627,NCT01995266,0,,0.0007889907835973627
1787,0,0.013080273593699412,NCT02135029,0,,0.013080273593699412
1788,0,0.19657527897084395,NCT02189837,0,,0.19657527897084395
1789,0,0.00040583175457332683,NCT02203916,0,,0.00040583175457332683
1790,0,0.0001943092805000984,NCT02265705,0,,0.0001943092805000984
1791,0,0.00012304334405561734,NCT02139644,0,,0.00012304334405561734
1792,0,0.0005890398903857574,NCT02130557,0,,0.0005890398903857574
1793,0,5.7155126697824586e-05,NCT02054702,0,,5.7155126697824586e-05
1794,0,0.0010454907792163395,NCT02289352,0,,0.0010454907792163395
1795,0,0.10867975147031958,NCT02087306,0,,0.10867975147031958
1797,0,0.0008538475804010422,NCT02114359,1,cytotoxic_managed_toxicity,0.0008538475804010422
1798,0,0.38492399978420777,NCT02253459,1,cytotoxic_managed_toxicity,0.15
1799,0,0.001955801415895314,NCT02108366,0,,0.001955801415895314
1800,0,0.01490076939330338,NCT02001012,0,,0.01490076939330338
1802,0,5.667304303452128e-05,NCT02068846,0,,5.667304303452128e-05
1804,0,0.005637201761644733,NCT02625753,0,,0.005637201761644733
1805,0,5.919985926723975e-05,NCT02282098,0,,5.919985926723975e-05
1806,0,0.0005568487519485984,NCT02319135,1,cytotoxic_managed_toxicity,0.0005568487519485984
1807,0,0.002234192637144598,NCT01974752,1,cytotoxic_managed_toxicity,0.002234192637144598
1808,0,0.00028287665988922214,NCT01995266,0,,0.00028287665988922214
1809,0,0.0003344617876437246,NCT02032875,0,,0.0003344617876437246
1810,0,0.00014778725775327762,NCT02032888,0,,0.00014778725775327762
1811,0,0.0003328745204514308,NCT02032901,0,,0.0003328745204514308
1812,0,0.00028287665988922214,NCT02282709,0,,0.00028287665988922214
1813,0,0.05491440143667392,NCT02127970,0,,0.05491440143667392
1814,0,2.9989516837246202e-05,NCT02096705,0,,2.9989516837246202e-05
1815,0,2.133034672621303e-05,NCT02229396,0,,2.133034672621303e-05
1816,0,2.977553423587384e-05,NCT02268214,0,,2.977553423587384e-05
1817,0,3.762674841589599e-05,NCT02284893,0,,3.762674841589599e-05
1818,0,3.339117663949562e-05,NCT02383238,0,,3.339117663949562e-05
1819,0,0.014507721921458216,NCT02142075,0,,0.014507721921458216
1820,0,1.65978835770419e-05,NCT02143570,0,,1.65978835770419e-05
1821,0,0.015086866896585362,NCT02216422,0,,0.015086866896585362
1822,0,0.01514267328151946,NCT02219503,0,,0.01514267328151946
1824,0,0.000146476387896945,NCT01825512,0,,0.000146476387896945
1825,0,0.0418277913479828,NCT02035267,0,,0.0418277913479828
1826,0,3.0275694021158052e-05,NCT01971645,0,,3.0275694021158052e-05
1827,0,2.8055619608068447e-05,NCT02034019,0,,2.8055619608068447e-05
1828,0,7.579435114274593e-05,NCT02089113,0,,7.579435114274593e-05
1829,0,1.0783938623401295e-05,NCT02136134,0,,1.0783938623401295e-05
1830,0,2.3057369876864447e-05,NCT02215980,0,,2.3057369876864447e-05
1831,0,0.005930617358021291,NCT02133105,0,,0.005930617358021291
1833,0,0.00418295500156464,NCT02248480,0,,0.00418295500156464
1834,0,0.01993203146856034,NCT02014584,0,,0.01993203146856034
1835,0,0.24794732284691684,NCT02072434,0,,0.24794732284691684
1836,0,0.00020324520140222488,NCT02471963,0,,0.00020324520140222488
1837,0,0.33129405648676136,NCT02288247,0,,0.33129405648676136
1838,0,0.0005294214555408986,NCT02294461,0,,0.0005294214555408986
1839,0,0.001744254108675804,NCT02807298,0,,0.001744254108675804
1840,0,4.010691582116536e-05,NCT01978938,0,,4.010691582116536e-05
1841,0,0.0006452123040324192,NCT02226003,0,,0.0006452123040324192
1842,0,0.00017947718753549494,NCT02157376,0,,0.00017947718753549494
1843,0,0.006338045681040154,NCT02253173,0,,0.006338045681040154
1844,0,0.0002311821623266621,NCT02750917,0,,0.0002311821623266621
1845,0,1.5241400367335403e-05,NCT03288038,0,,1.5241400367335403e-05
1846,0,0.00021840775323020835,NCT02262143,0,,0.00021840775323020835
1847,0,4.064986371245495e-05,NCT02145975,0,,4.064986371245495e-05
1848,0,0.000583952424469055,NCT02327936,0,,0.000583952424469055
1850,0,2.394744649427793e-05,NCT04332978,0,,2.394744649427793e-05
1851,0,0.0003694128789541319,NCT02077192,0,,0.0003694128789541319
1852,0,0.000187626822637431,NCT02076399,0,,0.000187626822637431
1853,0,0.000971940102134845,NCT01964430,1,cytotoxic_managed_toxicity,0.000971940102134845
1854,0,0.054325731988328706,NCT02043288,1,cytotoxic_managed_toxicity,0.054325731988328706
1855,0,0.053740300223082384,NCT03766295,1,cytotoxic_managed_toxicity,0.053740300223082384
1856,0,0.0061173493546709656,NCT01954056,0,,0.0061173493546709656
1857,0,0.0005046775578446965,NCT02095990,0,,0.0005046775578446965
1858,0,0.004229329877472571,NCT01976416,0,,0.004229329877472571
1859,0,0.38623650649603236,NCT02165397,0,,0.38623650649603236
1860,0,0.010552795906822093,NCT02264574,0,,0.010552795906822093
1861,0,0.3285047979234253,NCT02863718,0,,0.3285047979234253
1862,0,0.0009717973532062123,NCT02168842,0,,0.0009717973532062123
1863,0,2.7225458550815535e-05,NCT02181413,0,,2.7225458550815535e-05
1864,0,0.004240041961583533,NCT02021240,0,,0.004240041961583533
1865,0,0.0013148944547945363,NCT01911975,0,,0.0013148944547945363
1866,0,0.00010051532780330256,NCT01964560,0,,0.00010051532780330256
1867,0,0.00010051532780330256,NCT02124564,0,,0.00010051532780330256
1868,0,0.00020248929263397917,NCT02263079,0,,0.00020248929263397917
1871,0,3.4194704909912524e-05,NCT02128061,0,,3.4194704909912524e-05
1872,0,3.633770318726945e-05,NCT02215980,0,,3.633770318726945e-05
1873,0,0.00022602877618443213,NCT02137772,0,,0.00022602877618443213
1874,0,0.0003879408561837811,NCT02739516,0,,0.0003879408561837811
1875,0,0.00012708478668525184,NCT02073773,0,,0.00012708478668525184
1876,0,0.009959225354180992,NCT01838551,0,,0.009959225354180992
1877,0,0.00030917167307046363,NCT02217267,0,,0.00030917167307046363
1878,0,0.0003055254140824043,NCT02726737,0,,0.0003055254140824043
1879,0,0.02533639531182772,NCT02284516,0,,0.02533639531182772
1880,0,6.351643350499683e-06,NCT02015299,0,,6.351643350499683e-06
1881,0,0.0003311568747195434,NCT02066402,0,,0.0003311568747195434
1883,0,0.003197903063378315,NCT02239380,0,,0.003197903063378315
1884,0,0.01900425160382959,NCT02232763,0,,0.01900425160382959
1885,0,0.10268533008783635,NCT02232776,0,,0.10268533008783635
1886,0,0.008369757415657616,NCT02248961,0,,0.008369757415657616
1887,0,0.03857456928919124,NCT02138136,0,,0.03857456928919124
1888,0,0.0010022686586417656,NCT01955187,0,,0.0010022686586417656
1889,0,0.9509896137718113,NCT02112487,0,,0.9509896137718113
1890,0,0.0007711949194803119,NCT02034162,0,,0.0007711949194803119
1891,0,0.013698029051674849,NCT02070757,0,,0.013698029051674849
1892,0,0.012296240589128333,NCT03477422,0,,0.012296240589128333
1893,0,1.5469933879146144e-05,NCT02280629,0,,1.5469933879146144e-05
1894,0,0.005328566749349062,NCT02040376,0,,0.005328566749349062
1895,0,0.00015802192746498355,NCT02045290,0,,0.00015802192746498355
1896,0,8.574752180939808e-05,NCT02058147,0,,8.574752180939808e-05
1897,0,0.00016160747695842176,NCT02152371,0,,0.00016160747695842176
1898,0,8.674332216232231e-05,NCT01386671,0,,8.674332216232231e-05
1899,0,0.0020656080240134597,NCT02068443,0,,0.0020656080240134597
1900,0,3.4623597509991636e-05,NCT01987479,1,cytotoxic_managed_toxicity,3.4623597509991636e-05
1901,0,3.4623597509991636e-05,NCT02001987,1,cytotoxic_managed_toxicity,3.4623597509991636e-05
1902,0,0.006096284222453003,NCT02037191,1,cytotoxic_managed_toxicity,0.006096284222453003
1903,0,0.0002389645969385994,NCT02046603,1,cytotoxic_managed_toxicity,0.0002389645969385994
1904,0,3.4623597509991636e-05,NCT02046616,1,cytotoxic_managed_toxicity,3.4623597509991636e-05
1905,0,1.1882967255815127e-05,NCT02065713,1,cytotoxic_managed_toxicity,1.1882967255815127e-05
1906,0,4.641495085291798e-05,NCT02105636,1,cytotoxic_managed_toxicity,4.641495085291798e-05
1907,0,0.0006607220921229773,NCT02151851,1,cytotoxic_managed_toxicity,0.0006607220921229773
1908,0,5.914474774977496e-05,NCT02152696,1,cytotoxic_managed_toxicity,5.914474774977496e-05
1909,0,0.00042436032771912634,NCT02196701,1,cytotoxic_managed_toxicity,0.00042436032771912634
1910,0,7.401666717393233e-05,NCT02252042,1,cytotoxic_managed_toxicity,7.401666717393233e-05
1911,0,0.0004179209736668769,NCT02277444,1,cytotoxic_managed_toxicity,0.0004179209736668769
1912,0,0.0013543343977315953,NCT03311425,0,,0.0013543343977315953
1913,0,4.433121323886203e-05,NCT02096900,0,,4.433121323886203e-05
1914,0,0.0008756253521877214,NCT02250703,0,,0.0008756253521877214
1915,0,0.0001266641162198118,NCT02325583,0,,0.0001266641162198118
1916,0,0.0007712223411681788,NCT02307565,0,,0.0007712223411681788
1917,0,0.2456128846715619,NCT02012491,0,,0.2456128846715619
1918,0,0.017855775494531084,NCT02011958,0,,0.017855775494531084
1919,0,0.04394032312351954,NCT02193022,0,,0.04394032312351954
1920,0,0.0005921876797023767,NCT02045862,0,,0.0005921876797023767
1921,0,0.0007158889415612008,NCT02336750,0,,0.0007158889415612008
1923,0,0.02879988609308603,NCT01951885,0,,0.02879988609308603
1924,0,0.0003064140353598987,NCT02334488,0,,0.0003064140353598987
1925,0,0.00023648041180781976,NCT01959074,0,,0.00023648041180781976
1926,0,3.995518674452666e-05,NCT02132533,0,,3.995518674452666e-05
1927,0,0.0037819993318122516,NCT02272777,0,,0.0037819993318122516
1928,0,0.0016272796955704078,NCT02323529,0,,0.0016272796955704078
1929,0,0.0013865480595021348,NCT02479529,0,,0.0013865480595021348
1930,0,0.00019231511043771838,NCT03106454,0,,0.00019231511043771838
1931,0,0.0002391041348405239,NCT02116530,0,,0.0002391041348405239
1932,0,0.8549576987739179,NCT02184195,0,,0.8549576987739179
1933,0,0.0004124517832037724,NCT02161146,0,,0.0004124517832037724
1934,0,0.0011036385747066097,NCT03362281,0,,0.0011036385747066097
1935,0,0.00019579781569523585,NCT02294058,0,,0.00019579781569523585
1936,0,0.01570972445598422,NCT02090764,0,,0.01570972445598422
1937,0,0.2304861059577044,NCT01964391,1,cytotoxic_managed_toxicity,0.15
1938,0,0.0008519307536003155,NCT01966471,1,cytotoxic_managed_toxicity,0.0008519307536003155
1939,0,0.9792338444240507,NCT01989676,1,cytotoxic_managed_toxicity,0.15
1940,0,0.030123944063279607,NCT02032277,1,cytotoxic_managed_toxicity,0.030123944063279607
1941,0,0.857707743422462,NCT02106546,1,cytotoxic_managed_toxicity,0.15
1942,0,0.0008519307536003155,NCT02125344,1,cytotoxic_managed_toxicity,0.0008519307536003155
1943,0,0.029642794957691166,NCT02163694,1,cytotoxic_managed_toxicity,0.029642794957691166
1944,0,0.004526581150629845,NCT02178956,1,cytotoxic_managed_toxicity,0.004526581150629845
1945,0,0.08810695114660766,NCT02194166,1,cytotoxic_managed_toxicity,0.08810695114660766
1946,0,0.002327137329810747,NCT02214381,1,cytotoxic_managed_toxicity,0.002327137329810747
1947,0,0.00010163255255131612,NCT02305849,0,,0.00010163255255131612
1948,0,5.7417576752983876e-05,NCT02308163,0,,5.7417576752983876e-05
1949,0,0.00032106515029937715,NCT02304783,0,,0.00032106515029937715
1950,0,0.0004554564268452763,NCT01774838,0,,0.0004554564268452763
1951,0,2.881250780174893e-05,NCT02000336,0,,2.881250780174893e-05
1952,0,0.0922110234055893,NCT03761225,0,,0.0922110234055893
1953,0,5.872210922614638e-05,NCT02259426,0,,5.872210922614638e-05
1954,0,3.604758496186943e-05,NCT02131233,0,,3.604758496186943e-05
1955,0,0.0021207961329877175,NCT03764267,0,,0.0021207961329877175
1956,0,5.4757345112158785e-05,NCT02006745,0,,5.4757345112158785e-05
1957,0,5.557731184076349e-05,NCT02023112,0,,5.557731184076349e-05
1958,0,0.00011778598309471605,NCT02032875,0,,0.00011778598309471605
1959,0,5.6096443286281325e-05,NCT02105701,0,,5.6096443286281325e-05
1960,0,6.451151511160579e-05,NCT03090035,0,,6.451151511160579e-05
1961,0,0.0009671091565066122,NCT02278120,0,,0.0009671091565066122
1962,0,9.38412583449332e-05,NCT02109562,0,,9.38412583449332e-05
1963,0,0.003382214263575245,NCT02123524,0,,0.003382214263575245
1964,0,0.00030266871966517204,NCT02165826,0,,0.00030266871966517204
1965,0,0.0012856558330368488,NCT02340520,0,,0.0012856558330368488
1966,0,0.030730111085613198,NCT02154763,0,,0.030730111085613198
1967,0,0.00023371496260567295,NCT02256228,0,,0.00023371496260567295
1968,0,3.485467735624919e-05,NCT02021318,0,,3.485467735624919e-05
1969,0,3.485467735624919e-05,NCT02052310,0,,3.485467735624919e-05
1970,0,6.481061914106354e-05,NCT02174627,0,,6.481061914106354e-05
1971,0,3.2824777746295165e-05,NCT02174731,0,,3.2824777746295165e-05
1972,0,3.2824777746295165e-05,NCT02278341,0,,3.2824777746295165e-05
1973,0,0.3744033163983177,NCT01968213,0,,0.3744033163983177
1974,0,0.001409484732227527,NCT02038036,0,,0.001409484732227527
1975,0,0.03073637244360141,NCT02087059,0,,0.03073637244360141
1976,0,0.010988763552720963,NCT02292446,0,,0.010988763552720963
1977,0,1.579217111918894e-05,NCT02320149,0,,1.579217111918894e-05
1978,0,1.579217111918894e-05,NCT02322866,0,,1.579217111918894e-05
1979,0,0.00041877304030266387,NCT02067949,0,,0.00041877304030266387
1980,0,0.003023035962635115,NCT02173457,0,,0.003023035962635115
1981,0,0.12477850928221171,NCT02226003,0,,0.12477850928221171
1982,0,0.00026060816751701557,NCT02032875,0,,0.00026060816751701557
1983,0,6.276783232420197e-05,NCT02032888,0,,6.276783232420197e-05
1984,0,0.0002657868558317923,NCT02032901,0,,0.0002657868558317923
1985,0,4.356455918197947e-05,NCT02074514,0,,4.356455918197947e-05
1986,0,0.6201827766899247,NCT02231749,0,,0.6201827766899247
1987,0,0.5973756959365775,NCT01824290,0,,0.5973756959365775
1988,0,3.503404789626146e-05,NCT02019420,0,,3.503404789626146e-05
1990,0,0.00023395775851047166,NCT02203253,0,,0.00023395775851047166
1991,0,2.3126533314099888e-05,NCT01930591,0,,2.3126533314099888e-05
1992,0,7.155708132018646e-05,NCT01911364,0,,7.155708132018646e-05
1993,0,0.0003567934677165272,NCT01976364,0,,0.0003567934677165272
1994,0,2.167289376474817e-05,NCT02281552,0,,2.167289376474817e-05
1995,0,0.06732353552268791,NCT02251275,0,,0.06732353552268791
1996,0,0.005841108027155053,NCT02201251,0,,0.005841108027155053
1997,0,0.003750453650700174,NCT01651182,0,,0.003750453650700174
1998,0,0.005207194306596707,NCT02125890,0,,0.005207194306596707
2000,0,0.0007782583667434611,NCT02393300,0,,0.0007782583667434611
2001,0,2.7484808113272727e-05,NCT02022930,0,,2.7484808113272727e-05
2002,0,0.0012262264415482337,NCT02873026,0,,0.0012262264415482337
2003,0,7.960102072218787e-05,NCT02207829,0,,7.960102072218787e-05
2004,0,0.001992216155315907,NCT01987895,0,,0.001992216155315907
2005,0,0.0051714683258358195,NCT02284126,0,,0.0051714683258358195
2006,0,1.610351228192967e-05,NCT02005471,0,,1.610351228192967e-05
2007,0,2.1200738151880284e-05,NCT02242942,0,,2.1200738151880284e-05
2008,0,0.00019253277669158285,NCT02105974,0,,0.00019253277669158285
2009,0,0.017045754375983543,NCT02282709,0,,0.017045754375983543
2010,0,0.004223905963491932,NCT02079727,0,,0.004223905963491932
2011,0,0.29473777410357327,NCT02197416,0,,0.29473777410357327
2013,0,0.015340001365063222,NCT02207088,0,,0.015340001365063222
2015,0,0.002982979536137503,NCT01984684,0,,0.002982979536137503
2016,0,4.504783922973265e-05,NCT02263326,0,,4.504783922973265e-05
2018,0,0.0005485820809734803,NCT02135419,1,cytotoxic_managed_toxicity,0.0005485820809734803
2019,0,6.714085018307872e-05,NCT01647932,0,,6.714085018307872e-05
2020,0,0.000690940739280852,NCT02135419,1,cytotoxic_managed_toxicity,0.000690940739280852
2021,0,1.7268271370018868e-05,NCT02263326,0,,1.7268271370018868e-05
2022,0,1.399233193255666e-05,NCT02369965,0,,1.399233193255666e-05
2023,0,2.1966597384172592e-05,NCT02180217,0,,2.1966597384172592e-05
2024,0,0.04687495972901513,NCT01970371,0,,0.04687495972901513
2025,0,7.655965469268335e-05,NCT02830906,0,,7.655965469268335e-05
2027,0,5.473617732588893e-05,NCT02265237,0,,5.473617732588893e-05
2028,0,0.0030196909878474616,NCT02254291,0,,0.0030196909878474616
2030,0,9.159004477518216e-05,NCT02085161,0,,9.159004477518216e-05
2031,0,0.0007789999555913319,NCT02312440,0,,0.0007789999555913319
2032,0,0.0019018323007529195,NCT02179658,0,,0.0019018323007529195
2033,0,0.0003848861214179639,NCT02096900,0,,0.0003848861214179639
2034,0,0.809563460650296,NCT01715285,0,,0.809563460650296
2035,0,3.0196343973319175e-05,NCT01606319,0,,3.0196343973319175e-05
2036,0,0.001995176380053889,NCT01406080,0,,0.001995176380053889
2037,0,5.741981539200791e-05,NCT01809743,0,,5.741981539200791e-05
2038,0,0.43741619556068584,NCT01853826,0,,0.43741619556068584
2039,0,9.105446986164816e-05,NCT01856478,0,,9.105446986164816e-05
2040,0,0.43741619556068584,NCT01953913,0,,0.43741619556068584
2041,0,0.00026955876205076617,NCT01825031,0,,0.00026955876205076617
2042,0,0.004225352493410385,NCT01805726,0,,0.004225352493410385
2043,0,0.0002812025814750773,NCT01890122,0,,0.0002812025814750773
2044,0,0.00013864783693497606,NCT01829529,0,,0.00013864783693497606
2045,0,0.0004674937543739213,NCT02974348,0,,0.0004674937543739213
2046,0,0.00033800975050224884,NCT01780987,0,,0.00033800975050224884
2047,0,4.7999244493178645e-05,NCT02563704,0,,4.7999244493178645e-05
2050,0,0.002002632947230143,NCT02342275,0,,0.002002632947230143
2051,0,0.0034267170696842576,NCT01946815,0,,0.0034267170696842576
2052,0,0.27040089654631905,NCT01953328,0,,0.27040089654631905
2053,0,0.23277498383539816,NCT02084069,0,,0.23277498383539816
2054,0,0.0002229531231528112,NCT01663623,0,,0.0002229531231528112
2055,0,8.816129676262222e-05,NCT01697267,0,,8.816129676262222e-05
2056,0,0.0001907866692246814,NCT01721044,0,,0.0001907866692246814
2057,0,0.0001765806683786311,NCT01885078,0,,0.0001765806683786311
2059,0,0.001272257828668119,NCT02548832,0,,0.001272257828668119
2060,0,0.005803118561161803,NCT01838941,0,,0.005803118561161803
2061,0,0.0004936995171474364,NCT01809691,0,,0.0004936995171474364
2062,0,0.6102750033276422,NCT02085252,0,,0.6102750033276422
2063,0,5.7741089916637675e-05,NCT01982240,0,,5.7741089916637675e-05
2064,0,0.0001865666055553417,NCT01945294,0,,0.0001865666055553417
2066,0,0.00016538283534761454,NCT01810783,0,,0.00016538283534761454
2068,0,0.0001552522820348256,NCT01942733,0,,0.0001552522820348256
2069,0,0.0001552522820348256,NCT01942785,0,,0.0001552522820348256
2070,0,0.0001552522820348256,NCT02012218,0,,0.0001552522820348256
2071,0,0.0001552522820348256,NCT02013531,0,,0.0001552522820348256
2072,0,0.0001552522820348256,NCT02013609,0,,0.0001552522820348256
2073,0,0.00016538283534761454,NCT02013622,0,,0.00016538283534761454
2074,0,0.0007448031832511263,NCT01769170,0,,0.0007448031832511263
2075,0,0.00861908048260902,NCT02065219,0,,0.00861908048260902
2076,0,0.00861908048260902,NCT02065804,0,,0.00861908048260902
2077,0,0.0005059304676509238,NCT03013361,0,,0.0005059304676509238
2078,0,0.006229135942884846,NCT01848054,0,,0.006229135942884846
2079,0,0.005717921282016041,NCT01908842,0,,0.005717921282016041
2080,0,0.05291671924582726,NCT03140449,0,,0.05291671924582726
2081,0,0.00028944810980965707,NCT01774786,1,cytotoxic_managed_toxicity,0.00028944810980965707
2082,0,0.002777167370942913,NCT01918852,1,cytotoxic_managed_toxicity,0.002777167370942913
2083,0,0.002777167370942913,NCT01996306,1,cytotoxic_managed_toxicity,0.002777167370942913
2084,0,7.195337284272217e-05,NCT01838876,0,,7.195337284272217e-05
2085,0,0.025137484679841914,NCT01724450,0,,0.025137484679841914
2086,0,0.00030331232287278523,NCT01765296,0,,0.00030331232287278523
2087,0,0.14627131920049816,NCT01828099,0,,0.14627131920049816
2088,0,0.03701721313262425,NCT01828112,0,,0.03701721313262425
2089,0,0.0020718572591039352,NCT02644395,0,,0.0020718572591039352
2090,0,0.0003771644894737844,NCT02069990,0,,0.0003771644894737844
2091,0,0.001852899128652981,NCT02087007,0,,0.001852899128652981
2092,0,0.0031922539283685005,NCT02094469,0,,0.0031922539283685005
2093,0,0.00500510650698945,NCT01896232,0,,0.00500510650698945
2094,0,0.007556888266806228,NCT02481193,0,,0.007556888266806228
2095,0,0.0007669917925705083,NCT01870024,0,,0.0007669917925705083
2096,0,0.0007818468605227359,NCT02181543,0,,0.0007818468605227359
2097,0,0.0003191120418123402,NCT02324413,0,,0.0003191120418123402
2098,0,0.010416000582899305,NCT01758614,0,,0.010416000582899305
2099,0,0.0006083844674058729,NCT01993823,0,,0.0006083844674058729
2100,0,0.007180067436582208,NCT01843530,0,,0.007180067436582208
2102,0,4.172508954110522e-05,NCT01721772,1,cytotoxic_managed_toxicity,4.172508954110522e-05
2103,0,3.322991509734098e-05,NCT01763164,1,cytotoxic_managed_toxicity,3.322991509734098e-05
2104,0,0.0003328745204514308,NCT01741545,0,,0.0003328745204514308
2108,0,0.002982979536137503,NCT01811732,0,,0.002982979536137503
2109,0,0.00036862931096300446,NCT01916967,0,,0.00036862931096300446
2111,0,0.004598611672071468,NCT02023164,0,,0.004598611672071468
2112,0,0.09021360602833497,NCT01855919,0,,0.09021360602833497
2113,0,0.31049014606166186,NCT01914666,0,,0.31049014606166186
2114,0,0.00418295500156464,NCT01931475,0,,0.00418295500156464
2115,0,0.000648467884102517,NCT02004522,0,,0.000648467884102517
2117,0,0.00010059987976791321,NCT01947855,0,,0.00010059987976791321
2118,0,0.16165234886063776,NCT02003924,0,,0.16165234886063776
2119,0,0.0019920891935470237,NCT01861015,0,,0.0019920891935470237
2121,0,7.047170082215458e-05,NCT01844856,0,,7.047170082215458e-05
2122,0,0.0005638847533013217,NCT01986881,0,,0.0005638847533013217
2123,0,0.001316066556760222,NCT02153567,0,,0.001316066556760222
2125,0,0.00018557779687911714,NCT01942668,0,,0.00018557779687911714
2126,0,1.5228162881651086e-05,NCT01763827,0,,1.5228162881651086e-05
2127,0,1.5228162881651086e-05,NCT01763905,0,,1.5228162881651086e-05
2128,0,0.00014289263349184328,NCT01849068,0,,0.00014289263349184328
2129,0,0.0007642017280530594,NCT02004899,0,,0.0007642017280530594
2130,0,0.0018546594429337468,NCT01503515,0,,0.0018546594429337468
2131,0,0.003740690203392706,NCT01806623,0,,0.003740690203392706
2132,0,5.301906496070905e-05,NCT01825031,0,,5.301906496070905e-05
2134,0,0.0002521283159340303,NCT01808651,0,,0.0002521283159340303
2135,0,0.00034015165255873385,NCT01622569,0,,0.00034015165255873385
2136,0,0.00010431713539255021,NCT01623310,0,,0.00010431713539255021
2137,0,0.00010431713539255021,NCT01623323,0,,0.00010431713539255021
2138,0,0.00034015165255873385,NCT01624662,0,,0.00034015165255873385
2139,0,0.0008580871058293282,NCT03359057,0,,0.0008580871058293282
2140,0,0.00020232889632881588,NCT01870024,0,,0.00020232889632881588
2141,0,0.10256572727902832,NCT01942135,0,,0.10256572727902832
2142,0,3.377027531456761e-05,NCT01888497,0,,3.377027531456761e-05
2143,0,0.0005488075114099938,NCT01774721,0,,0.0005488075114099938
2145,0,9.393882985853906e-05,NCT01769378,0,,9.393882985853906e-05
2146,0,0.0004097917086829885,NCT03088670,0,,0.0004097917086829885
2147,0,0.00012475913661405937,NCT01811459,0,,0.00012475913661405937
2148,0,0.0003702375235250653,NCT01862302,0,,0.0003702375235250653
2149,0,0.0057124521366739315,NCT02714543,0,,0.0057124521366739315
2150,0,0.000811257022935616,NCT01949805,0,,0.000811257022935616
2151,0,0.05128903865963249,NCT01722487,0,,0.05128903865963249
2152,0,0.030076073447313306,NCT01724346,0,,0.030076073447313306
2153,0,0.3798270705810845,NCT01776840,0,,0.3798270705810845
2155,0,0.394207701791943,NCT01973387,0,,0.394207701791943
2156,0,0.00022649444520646289,NCT01606319,0,,0.00022649444520646289
2157,0,0.0039744325137782335,NCT01755728,0,,0.0039744325137782335
2158,0,0.001398330233708086,NCT01861535,0,,0.001398330233708086
2159,0,5.789396654315905e-05,NCT02120898,0,,5.789396654315905e-05
2160,0,0.0001236024770932781,NCT01778062,0,,0.0001236024770932781
2161,0,0.0024847965289187977,NCT01839084,0,,0.0024847965289187977
2162,0,5.707529854939923e-05,NCT01825031,0,,5.707529854939923e-05
2163,0,0.04553628844009529,NCT01705145,0,,0.04553628844009529
2164,0,0.05134566562310835,NCT01707290,0,,0.05134566562310835
2165,0,0.008734424493347907,NCT01807923,0,,0.008734424493347907
2166,0,0.008734424493347907,NCT01807949,0,,0.008734424493347907
2167,0,0.05453117650323651,NCT01897233,0,,0.05453117650323651
2168,0,0.008726629400754238,NCT01931839,0,,0.008726629400754238
2169,0,0.05134566562310835,NCT01946412,0,,0.05134566562310835
2170,0,0.0027255652243840414,NCT06310850,0,,0.0027255652243840414
2171,0,0.00010051532780330256,NCT01832038,0,,0.00010051532780330256
2172,0,4.677785326833163e-05,NCT01921205,0,,4.677785326833163e-05
2173,0,0.0005071590233733192,NCT01939561,0,,0.0005071590233733192
2174,0,3.414693898617142e-05,NCT01865110,0,,3.414693898617142e-05
2175,0,3.2676973365528854e-05,NCT01938001,0,,3.2676973365528854e-05
2176,0,0.01099062545261199,NCT01761266,0,,0.01099062545261199
2177,0,0.0029285356157735497,NCT01808131,0,,0.0029285356157735497
2178,0,0.00023712126161790767,NCT01740427,0,,0.00023712126161790767
2179,0,0.0001682340827091876,NCT02304107,0,,0.0001682340827091876
2180,0,0.002068684347190971,NCT01392768,0,,0.002068684347190971
2181,0,0.000625287558822643,NCT01954121,0,,0.000625287558822643
2182,0,2.872893326919902e-05,NCT01944098,0,,2.872893326919902e-05
2183,0,6.077343416202879e-06,NCT01734785,0,,6.077343416202879e-06
2184,0,2.5212881764882486e-05,NCT02376075,0,,2.5212881764882486e-05
2185,0,0.00029490210380070196,NCT01967225,0,,0.00029490210380070196
2186,0,5.716674039554255e-05,NCT01827293,0,,5.716674039554255e-05
2188,0,0.004340701773161935,NCT01475643,0,,0.004340701773161935
2189,0,7.699856106503089e-05,NCT01779271,0,,7.699856106503089e-05
2192,0,0.07983559540612843,NCT01897233,0,,0.07983559540612843
2193,0,0.9509896137718113,NCT01841762,0,,0.9509896137718113
2194,0,3.785459754678406e-05,NCT01916252,1,cytotoxic_managed_toxicity,3.785459754678406e-05
2195,0,0.003131986716026172,NCT02078063,0,,0.003131986716026172
2196,0,0.0012311319229988895,NCT01677923,0,,0.0012311319229988895
2197,0,0.0037389585198333184,NCT01697566,0,,0.0037389585198333184
2200,0,0.005490188456365008,NCT01787396,0,,0.005490188456365008
2201,0,0.00015802192746498355,NCT01808690,0,,0.00015802192746498355
2202,0,0.003800272283133178,NCT01825798,0,,0.003800272283133178
2203,0,0.005645329253071902,NCT02033889,0,,0.005645329253071902
2204,0,0.003800272283133178,NCT02514629,0,,0.003800272283133178
2205,0,0.0012252671091616439,NCT02773927,0,,0.0012252671091616439
2206,0,0.0012252671091616439,NCT02778776,0,,0.0012252671091616439
2207,0,0.0025998359749299675,NCT01958476,0,,0.0025998359749299675
2209,0,0.000604507889748136,NCT01829295,1,cytotoxic_managed_toxicity,0.000604507889748136
2210,0,0.005222622635842647,NCT01884623,1,cytotoxic_managed_toxicity,0.005222622635842647
2211,0,5.7002792240080315e-05,NCT02902861,1,cytotoxic_managed_toxicity,5.7002792240080315e-05
2212,0,0.02866332864631026,NCT01579539,0,,0.02866332864631026
2213,0,0.00032283023238716786,NCT01644643,0,,0.00032283023238716786
2214,0,0.0002676844346892682,NCT02328144,0,,0.0002676844346892682
2215,0,0.0005921876797023767,NCT01972841,0,,0.0005921876797023767
2216,0,0.002354943055786692,NCT02476175,0,,0.002354943055786692
2217,0,0.0004205265532861143,NCT01801410,0,,0.0004205265532861143
2218,0,0.00031796489296836717,NCT02061657,0,,0.00031796489296836717
2219,0,0.0055524152512682326,NCT01969838,0,,0.0055524152512682326
2220,0,0.0006127140570365691,NCT01968733,0,,0.0006127140570365691
2221,0,0.03463142080250088,NCT02494505,0,,0.03463142080250088
2222,0,0.0026262922765936903,NCT01829295,1,cytotoxic_managed_toxicity,0.0026262922765936903
2223,0,0.007928771019756992,NCT01856712,0,,0.007928771019756992
2224,0,1.5021117660025778e-05,NCT05170061,0,,1.5021117660025778e-05
2225,0,0.11447769872230659,NCT01743989,0,,0.11447769872230659
2226,0,0.05308937080360091,NCT01979952,0,,0.05308937080360091
2227,0,3.757569074286752e-05,NCT01610245,0,,3.757569074286752e-05
2228,0,0.008265428814064241,NCT01924533,0,,0.008265428814064241
2229,0,0.012772768367492549,NCT01755156,0,,0.012772768367492549
2231,0,0.007331101790837953,NCT01841697,0,,0.007331101790837953
2232,0,0.004447181354733244,NCT01661101,0,,0.004447181354733244
2233,0,0.0023502296509398577,NCT01855256,0,,0.0023502296509398577
2234,0,0.0014205170657016972,NCT02538302,0,,0.0014205170657016972
2235,0,0.00019579781569523585,NCT02047734,0,,0.00019579781569523585
2236,0,0.0019998634457340605,NCT01763671,1,cytotoxic_managed_toxicity,0.0019998634457340605
2237,0,0.03379420365803341,NCT01822314,1,cytotoxic_managed_toxicity,0.03379420365803341
2238,0,0.001734143511607216,NCT01839773,1,cytotoxic_managed_toxicity,0.001734143511607216
2239,0,0.030123944063279607,NCT01901146,1,cytotoxic_managed_toxicity,0.030123944063279607
2240,0,0.23299168964838907,NCT01940497,1,cytotoxic_managed_toxicity,0.15
2241,0,0.646413140429791,NCT01966003,1,cytotoxic_managed_toxicity,0.15
2242,0,0.9976309287592737,NCT02019277,1,cytotoxic_managed_toxicity,0.15
2243,0,0.004232966488144984,NCT02835586,1,cytotoxic_managed_toxicity,0.004232966488144984
2244,0,0.0005057324874267707,NCT01776424,0,,0.0005057324874267707
2245,0,0.006010561076065096,NCT01790659,0,,0.006010561076065096
2247,0,1.9553124025336253e-05,NCT02222376,0,,1.9553124025336253e-05
2248,0,0.0024136403933980423,NCT01800045,0,,0.0024136403933980423
2249,0,2.410689554157675e-05,NCT01767714,0,,2.410689554157675e-05
2250,0,3.9169494907396766e-05,NCT01734928,0,,3.9169494907396766e-05
2252,0,4.268558072781368e-05,NCT01641510,0,,4.268558072781368e-05
2253,0,0.0016443807467209283,NCT01853072,0,,0.0016443807467209283
2254,0,0.0016443807467209283,NCT01872611,0,,0.0016443807467209283
2256,0,0.00016292170989779504,NCT01924286,0,,0.00016292170989779504
2257,0,0.0006902389379849479,NCT01942668,0,,0.0006902389379849479
2258,0,0.0008358475084167844,NCT01827293,0,,0.0008358475084167844
2260,0,0.003094960178171214,NCT01856998,0,,0.003094960178171214
2261,0,0.0010716736200203298,NCT01864915,0,,0.0010716736200203298
2262,0,0.0004864086943849965,NCT01811459,0,,0.0004864086943849965
2263,0,0.016573470800619855,NCT02563704,0,,0.016573470800619855
2264,0,0.023114305796667664,NCT02974348,0,,0.023114305796667664
2265,0,0.003171186735302899,NCT02135107,0,,0.003171186735302899
2266,0,9.510502714420087e-05,NCT01825031,0,,9.510502714420087e-05
2267,0,0.0014813289971309174,NCT01754259,0,,0.0014813289971309174
2268,0,0.0002802577718233479,NCT01998165,0,,0.0002802577718233479
2269,0,1.774928371131661e-05,NCT01754974,0,,1.774928371131661e-05
2270,0,5.444074889137591e-05,NCT01833533,0,,5.444074889137591e-05
2271,0,0.00020891403651620704,NCT01854528,0,,0.00020891403651620704
2272,0,1.8444880710747246e-05,NCT01854697,0,,1.8444880710747246e-05
2273,0,0.0011164862788535935,NCT01958021,0,,0.0011164862788535935
2274,0,5.6845392742728254e-05,NCT01709084,0,,5.6845392742728254e-05
2275,0,0.005456455567489899,NCT01910402,0,,0.005456455567489899
2276,0,0.00017264120283387637,NCT01431456,0,,0.00017264120283387637
2280,0,0.00034146403421184216,NCT03013361,0,,0.00034146403421184216
2281,0,6.665318506279219e-05,NCT01887600,0,,6.665318506279219e-05
2283,0,0.00022663289399775326,NCT02030041,0,,0.00022663289399775326
2284,0,0.09594032096592704,NCT01652729,0,,0.09594032096592704
2285,0,0.005453305900772176,NCT01937598,0,,0.005453305900772176
2286,0,0.0633670119189309,NCT02043054,0,,0.0633670119189309
2287,0,4.356455918197947e-05,NCT01783678,0,,4.356455918197947e-05
2288,0,0.00010865012468471307,NCT01910636,0,,0.00010865012468471307
2289,0,4.356455918197947e-05,NCT02021643,0,,4.356455918197947e-05
2291,0,0.10552876769534174,NCT01853553,0,,0.10552876769534174
2292,0,0.004626176526012888,NCT01994889,0,,0.004626176526012888
2293,0,0.00877625859687001,NCT01914432,0,,0.00877625859687001
2294,0,0.0004972931930958861,NCT01961336,0,,0.0004972931930958861
2295,0,0.00015050033386187554,NCT01805596,0,,0.00015050033386187554
2297,0,5.0171353712997014e-05,NCT01961856,0,,5.0171353712997014e-05
2298,0,2.2636571858364114e-05,NCT02163954,0,,2.2636571858364114e-05
2299,0,0.00012260464315798613,NCT01882439,0,,0.00012260464315798613
2300,0,0.005447648946696908,NCT01846611,1,cytotoxic_managed_toxicity,0.005447648946696908
2301,0,0.0023116742112689343,NCT01721031,0,,0.0023116742112689343
2302,0,6.195347932219966e-05,NCT01682083,0,,6.195347932219966e-05
2304,0,0.0001542023059944758,NCT01881568,0,,0.0001542023059944758
2305,0,0.00019499662319577473,NCT02150720,0,,0.00019499662319577473
2306,0,0.007718438759629784,NCT01406080,0,,0.007718438759629784
2307,0,0.12437885784781119,NCT02249767,0,,0.12437885784781119
2308,0,0.00050121578086664,NCT02329600,0,,0.00050121578086664
2309,0,0.08051511390330975,NCT02005822,0,,0.08051511390330975
2310,0,0.001992216155315907,NCT01983683,0,,0.001992216155315907
2311,0,8.083697874185633e-05,NCT01756885,0,,8.083697874185633e-05
2312,0,0.0004796478414583759,NCT01689519,0,,0.0004796478414583759
2313,0,0.03804143151452464,NCT01844115,0,,0.03804143151452464
2314,0,0.00030196250553975174,NCT01878292,0,,0.00030196250553975174
2315,0,0.006165596041142569,NCT01871558,0,,0.006165596041142569
2317,0,1.603499257412217e-05,NCT01911780,0,,1.603499257412217e-05
2318,0,0.00595361551481607,NCT01929031,0,,0.00595361551481607
2319,0,0.016701321062368067,NCT01805596,0,,0.016701321062368067
2320,0,0.0027628790354664694,NCT01895777,0,,0.0027628790354664694
2321,0,0.012176878841651893,NCT01762761,0,,0.012176878841651893
2322,0,0.00023449702250398055,NCT02949193,0,,0.00023449702250398055
2324,0,0.01805544032064676,NCT01986361,0,,0.01805544032064676
2327,0,0.00213479345397665,NCT01929031,0,,0.00213479345397665
2328,0,0.0029285356157735497,NCT01808144,0,,0.0029285356157735497
2329,0,0.0048290725208933565,NCT01814553,0,,0.0048290725208933565
2330,0,5.448743870463098e-05,NCT02147548,0,,5.448743870463098e-05
2331,0,0.00139470045109765,NCT01700959,0,,0.00139470045109765
2332,0,0.0017860593955611333,NCT01871415,0,,0.0017860593955611333
2333,0,1.1882967255815127e-05,NCT01871649,1,cytotoxic_managed_toxicity,1.1882967255815127e-05
2334,0,0.0006994172171342712,NCT01995201,1,cytotoxic_managed_toxicity,0.0006994172171342712
2335,0,0.0008960122626361789,NCT01974024,0,,0.0008960122626361789
2336,0,5.436435366519344e-05,NCT02135510,0,,5.436435366519344e-05
2337,0,0.002354943055786692,NCT02468830,0,,0.002354943055786692
2338,0,0.0005616866677133593,NCT02086994,0,,0.0005616866677133593
2339,0,0.9375580753157211,NCT01808573,0,,0.9375580753157211
2340,0,3.971808582306924e-05,NCT01531114,0,,3.971808582306924e-05
2341,0,0.25105152487730287,NCT01729871,0,,0.25105152487730287
2342,0,0.003024422852297774,NCT01455870,0,,0.003024422852297774
2343,0,0.003023035962635115,NCT01930188,0,,0.003023035962635115
2344,0,3.078092700113815e-05,NCT01767519,0,,3.078092700113815e-05
2345,0,0.8002633274817829,NCT01945775,0,,0.8002633274817829
2346,0,0.00013771783817589778,NCT01573442,0,,0.00013771783817589778
2347,0,2.3105158404965966e-05,NCT01531114,0,,2.3105158404965966e-05
2348,0,7.593373142692579e-05,NCT01964352,0,,7.593373142692579e-05
2349,0,8.12725505141283e-05,NCT01969721,0,,8.12725505141283e-05
2350,0,7.593373142692579e-05,NCT02006732,0,,7.593373142692579e-05
2351,0,0.005826274632503706,NCT01909453,0,,0.005826274632503706
2352,0,0.0005308723520718814,NCT01352715,0,,0.0005308723520718814
2353,0,0.10234173727012945,NCT01517802,0,,0.10234173727012945
2354,0,0.8074463119586988,NCT01695135,0,,0.8074463119586988
2355,0,0.0007094443701252046,NCT01605136,0,,0.0007094443701252046
2356,0,9.105446986164816e-05,NCT01345682,0,,9.105446986164816e-05
2358,0,0.0017281019359729846,NCT03238131,0,,0.0017281019359729846
2359,0,0.0006648631148030775,NCT01724528,0,,0.0006648631148030775
2360,0,5.033285833200753e-05,NCT01987570,0,,5.033285833200753e-05
2361,0,0.00027182124160379827,NCT01521962,0,,0.00027182124160379827
2362,0,0.00045400254647304917,NCT01395199,0,,0.00045400254647304917
2363,0,1.5480657870109345e-05,NCT01663233,0,,1.5480657870109345e-05
2364,0,0.0015783551893415425,NCT01690299,0,,0.0015783551893415425
2365,0,0.0008177300099211106,NCT00764478,0,,0.0008177300099211106
2366,0,5.624660398358869e-05,NCT01617187,0,,5.624660398358869e-05
2367,0,0.0002070576414417526,NCT01617200,0,,0.0002070576414417526
2368,0,0.0008822014852613826,NCT01573351,0,,0.0008822014852613826
2369,0,0.00017130193692414163,NCT01718145,0,,0.00017130193692414163
2370,0,0.04036213377813732,NCT01557400,0,,0.04036213377813732
2371,0,0.2839558201210076,NCT01543555,0,,0.2839558201210076
2372,0,0.0014835951905536819,NCT01820767,0,,0.0014835951905536819
2373,0,0.0637898816460681,NCT02355704,0,,0.0637898816460681
2374,0,8.657964539485454e-05,NCT01727193,0,,8.657964539485454e-05
2376,0,0.000117773025864082,NCT01710358,0,,0.000117773025864082
2377,0,0.00012132078956204096,NCT01711359,0,,0.00012132078956204096
2378,0,0.0001907866692246814,NCT01721057,0,,0.0001907866692246814
2380,0,0.0004580467605095961,NCT01583218,0,,0.0004580467605095961
2382,0,4.259249129651554e-05,NCT01516424,0,,4.259249129651554e-05
2383,0,0.00011710261085035346,NCT01544920,0,,0.00011710261085035346
2384,0,0.0004815337440201211,NCT01585584,0,,0.0004815337440201211
2385,0,5.5351042613483535e-05,NCT01668797,0,,5.5351042613483535e-05
2386,0,3.0409659662226224e-05,NCT01727726,0,,3.0409659662226224e-05
2387,0,6.819510943669145e-05,NCT01653262,0,,6.819510943669145e-05
2388,0,6.819510943669145e-05,NCT01728077,0,,6.819510943669145e-05
2389,0,0.015208364862617216,NCT01939314,0,,0.015208364862617216
2390,0,0.0002550290816853636,NCT01633944,0,,0.0002550290816853636
2391,0,0.0002550290816853636,NCT01675167,0,,0.0002550290816853636
2392,0,0.012087924220257324,NCT01535859,0,,0.012087924220257324
2393,0,0.5863889147495466,NCT01718873,1,cytotoxic_managed_toxicity,0.15
2394,0,0.005181762240304945,NCT01804790,1,cytotoxic_managed_toxicity,0.005181762240304945
2396,0,0.0003592760230394103,NCT01499277,0,,0.0003592760230394103
2397,0,0.004494337297630151,NCT01543685,0,,0.004494337297630151
2398,0,0.015601697300180517,NCT01378286,0,,0.015601697300180517
2399,0,0.015601697300180517,NCT01443130,0,,0.015601697300180517
2400,0,0.015092318494834087,NCT01640574,0,,0.015092318494834087
2401,0,0.0007818468605227359,NCT01559012,0,,0.0007818468605227359
2402,0,0.001087977045005502,NCT01543932,0,,0.001087977045005502
2403,0,0.0005886745885867404,NCT01626534,0,,0.0005886745885867404
2404,0,0.015312405881066499,NCT01790997,0,,0.015312405881066499
2405,0,0.0008268901306092213,NCT03021343,0,,0.0008268901306092213
2406,0,0.25073991364748616,NCT01639001,0,,0.25073991364748616
2407,0,0.00014778725775327762,NCT01492426,0,,0.00014778725775327762
2408,0,0.000284463927081516,NCT01573351,0,,0.000284463927081516
2409,0,0.00016172338274505864,NCT01616524,0,,0.00016172338274505864
2410,0,8.6034896807724e-05,NCT01718145,0,,8.6034896807724e-05
2411,0,2.234256586357865e-05,NCT01606007,0,,2.234256586357865e-05
2412,0,3.41423878417507e-05,NCT01619059,0,,3.41423878417507e-05
2413,0,3.41423878417507e-05,NCT01646320,0,,3.41423878417507e-05
2414,0,0.0007767115067637392,NCT01265550,0,,0.0007767115067637392
2415,0,1.0664765731578522e-05,NCT01568866,0,,1.0664765731578522e-05
2416,0,2.813671571141564e-05,NCT01734044,0,,2.813671571141564e-05
2417,0,1.4171227377067213e-05,NCT02351622,0,,1.4171227377067213e-05
2418,0,0.001368545967206075,NCT01510912,0,,0.001368545967206075
2419,0,0.002729484367993103,NCT01532882,0,,0.002729484367993103
2420,0,0.00018725404276472214,NCT01499199,0,,0.00018725404276472214
2421,0,0.31049014606166186,NCT01621191,0,,0.31049014606166186
2422,0,0.0003337656665670364,NCT01516060,0,,0.0003337656665670364
2423,0,0.0003620023934987891,NCT01520909,0,,0.0003620023934987891
2424,0,0.00020633500685113553,NCT01621204,0,,0.00020633500685113553
2425,0,0.0007269893398230952,NCT01553591,0,,0.0007269893398230952
2426,0,0.0007269893398230952,NCT01553747,0,,0.0007269893398230952
2427,0,0.00034510005350919153,NCT01586442,0,,0.00034510005350919153
2428,0,0.0003674915270930752,NCT01631227,0,,0.0003674915270930752
2429,0,1.5281999820966333e-05,NCT01644188,0,,1.5281999820966333e-05
2430,0,1.5281999820966333e-05,NCT01644474,0,,1.5281999820966333e-05
2431,0,1.5281999820966333e-05,NCT01730053,0,,1.5281999820966333e-05
2432,0,0.000289272822642995,NCT01281007,0,,0.000289272822642995
2433,0,0.0002889496249564686,NCT01327144,0,,0.0002889496249564686
2434,0,0.00043343767907684375,NCT01497262,0,,0.00043343767907684375
2435,0,0.0015291520780844052,NCT01625182,0,,0.0015291520780844052
2436,0,2.928382752942605e-05,NCT01691885,0,,2.928382752942605e-05
2437,0,0.0004754638142093205,NCT01622231,0,,0.0004754638142093205
2438,0,2.6087588308530566e-05,NCT01630135,0,,2.6087588308530566e-05
2439,0,5.1448972968963406e-05,NCT01817790,0,,5.1448972968963406e-05
2440,0,5.80041740173906e-05,NCT01857583,0,,5.80041740173906e-05
2441,0,0.17140917367352193,NCT01610284,0,,0.17140917367352193
2442,0,0.00010647474823728979,NCT01459809,0,,0.00010647474823728979
2444,0,0.0029172995207600695,NCT01526135,1,cytotoxic_managed_toxicity,0.0029172995207600695
2445,0,0.002989159590031693,NCT01631136,1,cytotoxic_managed_toxicity,0.002989159590031693
2446,0,0.0024694454782440115,NCT01746979,1,cytotoxic_managed_toxicity,0.0024694454782440115
2447,0,0.0002389931432495258,NCT01585792,0,,0.0002389931432495258
2448,0,5.001740006753831e-05,NCT01644500,0,,5.001740006753831e-05
2450,0,7.153305065156707e-05,NCT01536392,0,,7.153305065156707e-05
2451,0,0.0003702375235250653,NCT01750541,0,,0.0003702375235250653
2452,0,3.4560490281582186e-05,NCT01538875,0,,3.4560490281582186e-05
2453,0,0.007683881841688953,NCT01611090,0,,0.007683881841688953
2454,0,0.3905065887361983,NCT01646021,0,,0.3905065887361983
2455,0,0.00014620511292962602,NCT01562717,0,,0.00014620511292962602
2456,0,0.00014620511292962602,NCT01563289,0,,0.00014620511292962602
2457,0,0.0011291312054075467,NCT01567072,0,,0.0011291312054075467
2458,0,0.0030157932592272093,NCT01630278,0,,0.0030157932592272093
2459,0,0.00293528732551888,NCT02441530,0,,0.00293528732551888
2460,0,0.017050416570184846,NCT01539512,0,,0.017050416570184846
2461,0,0.04495728115154757,NCT01569295,0,,0.04495728115154757
2463,0,0.008734424493347907,NCT01614470,0,,0.008734424493347907
2465,0,7.757208008408183e-05,NCT01465997,0,,7.757208008408183e-05
2466,0,3.1939880779155665e-05,NCT01352715,0,,3.1939880779155665e-05
2467,0,9.812399024308215e-05,NCT01580202,0,,9.812399024308215e-05
2469,0,0.007677578690636695,NCT01456247,0,,0.007677578690636695
2470,0,0.0032622386807112254,NCT01727193,0,,0.0032622386807112254
2471,0,3.256713272970412e-05,NCT01650701,0,,3.256713272970412e-05
2472,0,0.003765530793498204,NCT01510158,0,,0.003765530793498204
2473,0,0.0027693699714398602,NCT01510769,0,,0.0027693699714398602
2474,0,0.0018874442086688568,NCT01563081,0,,0.0018874442086688568
2475,0,5.151291317935967e-05,NCT01640535,0,,5.151291317935967e-05
2476,0,3.214853767077558e-05,NCT01401647,0,,3.214853767077558e-05
2477,0,2.894261650963989e-05,NCT01694134,0,,2.894261650963989e-05
2478,0,0.0010104077646670637,NCT01708330,0,,0.0010104077646670637
2479,0,0.018694483057693338,NCT01636206,0,,0.018694483057693338
2480,0,0.018694483057693338,NCT01743729,0,,0.018694483057693338
2481,0,4.63471120704873e-06,NCT01835678,0,,4.63471120704873e-06
2482,0,0.0015048664608744598,NCT01901003,0,,0.0015048664608744598
2483,0,0.0015581012018703031,NCT01674530,0,,0.0015581012018703031
2484,0,0.00023072842488885558,NCT01459809,0,,0.00023072842488885558
2485,0,0.0013854659420032961,NCT01566474,0,,0.0013854659420032961
2486,0,0.006008888724403171,NCT01705639,0,,0.006008888724403171
2487,0,0.00011972975869891834,NCT02706054,0,,0.00011972975869891834
2488,0,0.013510407102889635,NCT01292031,0,,0.013510407102889635
2489,0,0.0002792656358296153,NCT01551394,0,,0.0002792656358296153
2490,0,0.0017968254252161483,NCT01517412,0,,0.0017968254252161483
2491,0,0.006032944795388287,NCT01545388,0,,0.006032944795388287
2492,0,8.574752180939808e-05,NCT01624259,0,,8.574752180939808e-05
2493,0,0.0017968254252161483,NCT01648582,0,,0.0017968254252161483
2494,0,0.021435460262177283,NCT01702298,0,,0.021435460262177283
2495,0,0.002930023316438947,NCT01792830,0,,0.002930023316438947
2496,0,6.848437224258591e-05,NCT01915550,0,,6.848437224258591e-05
2497,0,0.023171169313634894,NCT01793480,0,,0.023171169313634894
2499,0,0.0001400745322262695,NCT02222220,0,,0.0001400745322262695
2500,0,0.001024519164715913,NCT01837290,0,,0.001024519164715913
2501,0,3.831635453624432e-05,NCT02058485,0,,3.831635453624432e-05
2502,0,2.3372449566923103e-05,NCT01531959,0,,2.3372449566923103e-05
2504,0,0.0005921876797023767,NCT01638000,0,,0.0005921876797023767
2505,0,0.00044430946548144163,NCT01506388,0,,0.00044430946548144163
2506,0,4.1508349736691684e-05,NCT01612065,0,,4.1508349736691684e-05
2508,0,0.0003930536228580458,NCT02053922,0,,0.0003930536228580458
2509,0,3.154407120664492e-05,NCT01372865,0,,3.154407120664492e-05
2510,0,3.1980025916523195e-05,NCT01673659,0,,3.1980025916523195e-05
2511,0,7.424171306558521e-05,NCT01658020,0,,7.424171306558521e-05
2512,0,0.0006127140570365691,NCT01756339,0,,0.0006127140570365691
2514,0,3.1853463742883824e-05,NCT01648634,0,,3.1853463742883824e-05
2515,0,3.6519949622946407e-05,NCT01702532,0,,3.6519949622946407e-05
2516,0,0.09854185514176302,NCT01535391,0,,0.09854185514176302
2517,0,0.059604107630862636,NCT01657604,0,,0.059604107630862636
2518,0,0.11827783526565236,NCT01619085,0,,0.11827783526565236
2519,0,0.007354767250530162,NCT01682759,0,,0.007354767250530162
2520,0,0.01266384513081897,NCT01697592,0,,0.01266384513081897
2521,0,0.007308043327466948,NCT01698775,0,,0.007308043327466948
2522,0,0.007308043327466948,NCT01703221,0,,0.007308043327466948
2523,0,0.012772768367492549,NCT01704261,0,,0.012772768367492549
2524,0,0.012772768367492549,NCT01717313,0,,0.012772768367492549
2525,0,0.00011943678018957321,NCT01536392,0,,0.00011943678018957321
2526,0,0.001487927733153116,NCT01557244,0,,0.001487927733153116
2527,0,0.0037811924196506697,NCT01414608,1,cytotoxic_managed_toxicity,0.0037811924196506697
2528,0,0.9791914241377127,NCT01526369,1,cytotoxic_managed_toxicity,0.15
2529,0,0.005921533510718008,NCT01572038,1,cytotoxic_managed_toxicity,0.005921533510718008
2530,0,0.0008201773280292147,NCT01583426,1,cytotoxic_managed_toxicity,0.0008201773280292147
2531,0,0.03379420365803341,NCT01644890,1,cytotoxic_managed_toxicity,0.03379420365803341
2532,0,0.9937894088417598,NCT01663727,1,cytotoxic_managed_toxicity,0.15
2533,0,0.6416828685006919,NCT01763645,1,cytotoxic_managed_toxicity,0.15
2534,0,0.9792338444240507,NCT01764022,1,cytotoxic_managed_toxicity,0.15
2535,0,0.030123944063279607,NCT02472964,1,cytotoxic_managed_toxicity,0.030123944063279607
2536,0,0.0005601523662935395,NCT02084420,0,,0.0005601523662935395
2537,0,0.00020157235959759835,NCT01638013,0,,0.00020157235959759835
2538,0,0.0004632237802445538,NCT01618695,0,,0.0004632237802445538
2539,0,0.00015245815400232737,NCT01712789,0,,0.00015245815400232737
2540,0,6.32067417481929e-05,NCT01543932,0,,6.32067417481929e-05
2541,0,3.977765995834963e-05,NCT01609647,0,,3.977765995834963e-05
2542,0,0.0002494740091662581,NCT01828437,0,,0.0002494740091662581
2544,0,8.727178970858741e-05,NCT01352715,0,,8.727178970858741e-05
2545,0,0.0006575593062096497,NCT01485978,0,,0.0006575593062096497
2546,0,0.0009403773487638792,NCT01494987,0,,0.0009403773487638792
2548,0,0.0023569805816454005,NCT01735669,0,,0.0023569805816454005
2549,0,6.56488183708629e-05,NCT01466192,0,,6.56488183708629e-05
2550,0,6.903811833342203e-05,NCT01498068,0,,6.903811833342203e-05
2551,0,6.579087451493148e-05,NCT01513941,0,,6.579087451493148e-05
2552,0,6.56488183708629e-05,NCT01571583,0,,6.56488183708629e-05
2553,0,5.471725929652335e-05,NCT01598090,0,,5.471725929652335e-05
2554,0,5.557731184076349e-05,NCT01674725,0,,5.557731184076349e-05
2555,0,5.444074889137591e-05,NCT01715415,0,,5.444074889137591e-05
2556,0,5.444074889137591e-05,NCT01716585,0,,5.444074889137591e-05
2557,0,5.444074889137591e-05,NCT01767116,0,,5.444074889137591e-05
2558,0,0.0006088446556408711,NCT01624675,0,,0.0006088446556408711
2559,0,0.006667855936500128,NCT01448707,0,,0.006667855936500128
2560,0,0.003232136053697974,NCT01499953,0,,0.003232136053697974
2562,0,0.004323762733800612,NCT01499849,0,,0.004323762733800612
2563,0,0.004323762733800612,NCT01500213,0,,0.004323762733800612
2564,0,0.004323762733800612,NCT01500226,0,,0.004323762733800612
2565,0,0.0013183484248055696,NCT01537042,0,,0.0013183484248055696
2567,0,8.211673946685103e-05,NCT01646255,0,,8.211673946685103e-05
2568,0,8.211673946685103e-05,NCT01646268,0,,8.211673946685103e-05
2569,0,0.00014623769413005808,NCT01723904,0,,0.00014623769413005808
2570,0,6.665318506279219e-05,NCT01750190,0,,6.665318506279219e-05
2572,0,0.001450732630357772,NCT01912391,0,,0.001450732630357772
2573,0,0.1248432021631007,NCT01462266,0,,0.1248432021631007
2575,0,0.11248444285527501,NCT01552694,0,,0.11248444285527501
2576,0,0.12478194879662727,NCT01590771,0,,0.12478194879662727
2577,0,0.12478194879662727,NCT01590797,0,,0.12478194879662727
2578,0,0.00010865012468471307,NCT01641640,0,,0.00010865012468471307
2579,0,3.7742748667202166e-05,NCT02670772,0,,3.7742748667202166e-05
2580,0,0.0016880266745703874,NCT01694277,0,,0.0016880266745703874
2581,0,0.0008760435967584921,NCT01553981,0,,0.0008760435967584921
2582,0,0.002784049310650071,NCT01638247,0,,0.002784049310650071
2584,0,0.009135068208779504,NCT01595581,0,,0.009135068208779504
2585,0,0.016184104507071983,NCT01543321,0,,0.016184104507071983
2586,0,0.0012802901672002737,NCT01511471,0,,0.0012802901672002737
2587,0,4.0247640086647256e-05,NCT01543932,0,,4.0247640086647256e-05
2589,0,7.91619756145518e-05,NCT01533922,0,,7.91619756145518e-05
2590,0,7.91619756145518e-05,NCT01533935,0,,7.91619756145518e-05
2591,0,7.135485121312961e-05,NCT01574651,0,,7.135485121312961e-05
2592,0,7.256109980523162e-05,NCT01610037,0,,7.256109980523162e-05
2593,0,6.98314247241139e-05,NCT01613326,0,,6.98314247241139e-05
2594,0,0.00015757007102076636,NCT01694771,0,,0.00015757007102076636
2595,0,0.00015757007102076636,NCT01696058,0,,0.00015757007102076636
2596,0,0.012248052470291006,NCT01618448,0,,0.012248052470291006
2598,0,0.012314789729449946,NCT01651156,0,,0.012314789729449946
2599,0,0.006835489281918948,NCT01692678,1,cytotoxic_managed_toxicity,0.006835489281918948
2601,0,0.007565413493329282,NCT01889979,0,,0.007565413493329282
2602,0,0.0006182613700141062,NCT01584648,0,,0.0006182613700141062
2603,0,0.0006768124756387762,NCT01597908,0,,0.0006768124756387762
2605,0,0.00016861581277370554,NCT01594671,0,,0.00016861581277370554
2606,0,0.00017375650864175925,NCT02684851,0,,0.00017375650864175925
2607,0,4.12145286199034e-05,NCT02086929,0,,4.12145286199034e-05
2608,0,0.0018801419190999404,NCT01597505,0,,0.0018801419190999404
2609,0,0.001992216155315907,NCT01598311,0,,0.001992216155315907
2610,0,0.00033882893264748566,NCT01509547,0,,0.00033882893264748566
2611,0,2.6500166171307512e-05,NCT01694732,0,,2.6500166171307512e-05
2612,0,8.993774392683516e-05,NCT01710137,0,,8.993774392683516e-05
2613,0,0.01019860582475188,NCT01667419,0,,0.01019860582475188
2614,0,0.0003441855399509393,NCT01557712,0,,0.0003441855399509393
2615,0,0.00020524232356301762,NCT01691885,0,,0.00020524232356301762
2616,0,0.03804143151452464,NCT01629966,0,,0.03804143151452464
2617,0,0.03804143151452464,NCT02015546,0,,0.03804143151452464
2618,0,0.054108169174584705,NCT01582230,0,,0.054108169174584705
2619,0,0.009845841244076383,NCT01728805,0,,0.009845841244076383
2620,0,0.00029525827355576605,NCT01516814,0,,0.00029525827355576605
2621,0,0.0002234216722785844,NCT01516840,0,,0.0002234216722785844
2622,0,6.8174630201894e-05,NCT01352715,0,,6.8174630201894e-05
2623,0,0.014480620789524992,NCT01523587,0,,0.014480620789524992
2624,0,0.06838302129479354,NCT01808313,0,,0.06838302129479354
2625,0,0.01989345217848106,NCT01401647,0,,0.01989345217848106
2626,0,8.023491535134845e-05,NCT01395992,0,,8.023491535134845e-05
2627,0,3.358890723023717e-05,NCT01265550,0,,3.358890723023717e-05
2628,0,2.8703250263322394e-05,NCT01743651,0,,2.8703250263322394e-05
2630,0,3.223606214611362e-05,NCT02179268,0,,3.223606214611362e-05
2631,0,0.049268142830590875,NCT01655706,0,,0.049268142830590875
2632,0,0.0011290133454688997,NCT01628731,0,,0.0011290133454688997
2633,0,0.006565732859053611,NCT01578707,0,,0.006565732859053611
2634,0,3.4564045923727226e-05,NCT01556776,0,,3.4564045923727226e-05
2635,0,0.002717457056589509,NCT01508702,0,,0.002717457056589509
2636,0,0.0038400867364391023,NCT01650246,0,,0.0038400867364391023
2637,0,0.0011737850227953013,NCT01606787,0,,0.0011737850227953013
2638,0,0.0002262862394220631,NCT01541215,0,,0.0002262862394220631
2639,0,1.0122027891071538e-05,NCT01587989,1,cytotoxic_managed_toxicity,1.0122027891071538e-05
2640,0,2.1883785960067764e-05,NCT01541605,0,,2.1883785960067764e-05
2641,0,2.9134709284428516e-05,NCT01559727,0,,2.9134709284428516e-05
2642,0,0.026262713758528216,NCT01578655,0,,0.026262713758528216
2643,0,0.00015735202631950138,NCT01556165,0,,0.00015735202631950138
2645,0,0.0005279167811963944,NCT02179268,0,,0.0005279167811963944
2646,0,7.91619756145518e-05,NCT01559116,0,,7.91619756145518e-05
2647,0,0.00044461144432278254,NCT01458951,0,,0.00044461144432278254
2648,0,0.00044461144432278254,NCT01465763,0,,0.00044461144432278254
2649,0,0.000366093608963496,NCT02179268,0,,0.000366093608963496
2651,0,0.0023512110635932376,NCT04578496,0,,0.0023512110635932376
2653,0,2.2145704288020558e-05,NCT01736514,0,,2.2145704288020558e-05
2654,0,2.269911212336409e-05,NCT02082769,0,,2.269911212336409e-05
2655,0,0.0006345651917358622,NCT01456130,0,,0.0006345651917358622
2656,0,0.0006050142094876536,NCT01399723,0,,0.0006050142094876536
2657,0,0.0849927936186233,NCT01529528,0,,0.0849927936186233
2658,0,0.05156237901382062,NCT01529541,0,,0.05156237901382062
2660,0,0.00022246830320991274,NCT01244828,0,,0.00022246830320991274
2661,0,0.01843974152684969,NCT01349907,0,,0.01843974152684969
2662,0,0.0662209174391845,NCT01278459,0,,0.0662209174391845
2663,0,0.001866956644846918,NCT01370603,0,,0.001866956644846918
2664,0,0.002804734948768419,NCT01251393,0,,0.002804734948768419
2665,0,0.00019730263919949298,NCT01425203,0,,0.00019730263919949298
2666,0,0.017347293570506638,NCT01338415,0,,0.017347293570506638
2667,0,6.819510943669145e-05,NCT01339559,0,,6.819510943669145e-05
2668,0,4.6608870263701846e-05,NCT01360021,0,,4.6608870263701846e-05
2669,0,0.0002539344386344567,NCT01407575,0,,0.0002539344386344567
2670,0,0.00286941368779632,NCT01303861,0,,0.00286941368779632
2671,0,0.00286941368779632,NCT01406223,0,,0.00286941368779632
2672,0,0.0006414283556602016,NCT01384539,0,,0.0006414283556602016
2674,0,0.011581982012790672,NCT01234337,1,cytotoxic_managed_toxicity,0.011581982012790672
2675,0,3.634507980102944e-05,NCT01412060,0,,3.634507980102944e-05
2676,0,0.00012494479217558578,NCT01503606,0,,0.00012494479217558578
2677,0,1.1244437097214567e-05,NCT01371838,0,,1.1244437097214567e-05
2678,0,0.0002718601698732207,NCT01354145,0,,0.0002718601698732207
2679,0,0.004494337297630151,NCT01462435,0,,0.004494337297630151
2680,0,4.21148821343564e-05,NCT01484119,0,,4.21148821343564e-05
2681,0,0.0004980021433584804,NCT01292720,0,,0.0004980021433584804
2682,0,0.0005197556976774332,NCT01384539,0,,0.0005197556976774332
2683,0,7.112437544382305e-05,NCT01248065,0,,7.112437544382305e-05
2684,0,3.662547635913859e-05,NCT01455194,0,,3.662547635913859e-05
2685,0,0.0009053555067806889,NCT02266030,0,,0.0009053555067806889
2687,0,0.8122054214781185,NCT01471444,1,cytotoxic_managed_toxicity,0.15
2688,0,0.587290352562924,NCT02085408,1,cytotoxic_managed_toxicity,0.15
2689,0,0.009901234778620984,NCT01439984,0,,0.009901234778620984
2691,0,0.0008752213286059813,NCT01505790,0,,0.0008752213286059813
2692,0,0.03304487260597624,NCT01515345,0,,0.03304487260597624
2693,0,0.00028287665988922214,NCT01389323,0,,0.00028287665988922214
2694,0,0.00028287665988922214,NCT01471574,0,,0.00028287665988922214
2695,0,0.04331864154875516,NCT01339091,0,,0.04331864154875516
2696,0,0.00040623193010321115,NCT01294423,0,,0.00040623193010321115
2697,0,9.500899644506456e-05,NCT01294436,0,,9.500899644506456e-05
2698,0,0.03733418408535778,NCT01303796,1,cytotoxic_managed_toxicity,0.03733418408535778
2699,0,0.03733418408535778,NCT02085408,1,cytotoxic_managed_toxicity,0.03733418408535778
2700,0,1.2907693473814207e-05,NCT01400828,0,,1.2907693473814207e-05
2701,0,0.00023653226817498744,NCT01154192,0,,0.00023653226817498744
2702,0,2.802925072884709e-05,NCT01189292,0,,2.802925072884709e-05
2703,0,5.733080703936783e-05,NCT01248585,0,,5.733080703936783e-05
2704,0,7.579435114274593e-05,NCT01297010,0,,7.579435114274593e-05
2705,0,1.0199191823774926e-05,NCT01339260,0,,1.0199191823774926e-05
2706,0,1.2370009998225596e-05,NCT01363479,0,,1.2370009998225596e-05
2707,0,1.3153742615777558e-05,NCT01376297,0,,1.3153742615777558e-05
2709,0,2.910977512620537e-05,NCT01408082,0,,2.910977512620537e-05
2710,0,0.030608249916666212,NCT01456611,0,,0.030608249916666212
2711,0,0.0006171829693018239,NCT01461369,0,,0.0006171829693018239
2712,0,0.007558048504173473,NCT01264939,0,,0.007558048504173473
2713,0,3.8459689403754006e-05,NCT01263015,0,,3.8459689403754006e-05
2714,0,0.09657040946447193,NCT01179672,0,,0.09657040946447193
2715,0,0.09021360602833497,NCT01226511,0,,0.09021360602833497
2717,0,0.0003337656665670364,NCT01271894,0,,0.0003337656665670364
2718,0,0.0003337656665670364,NCT01451333,0,,0.0003337656665670364
2719,0,0.0009171886186640641,NCT01470144,0,,0.0009171886186640641
2720,0,0.2917978233399069,NCT01454934,0,,0.2917978233399069
2721,0,0.008179781075574847,NCT01370616,0,,0.008179781075574847
2722,0,0.0055154525354969815,NCT01370525,0,,0.0055154525354969815
2723,0,0.0055154525354969815,NCT01370538,0,,0.0055154525354969815
2724,0,2.8118883407096157e-05,NCT01100164,0,,2.8118883407096157e-05
2725,0,0.22800733772463655,NCT01450761,1,cytotoxic_managed_toxicity,0.15
2726,0,0.02192842462414937,NCT01229774,0,,0.02192842462414937
2727,0,0.009387611031011817,NCT01462370,0,,0.009387611031011817
2728,0,0.0001258489675351852,NCT01408186,0,,0.0001258489675351852
2729,0,4.234565407593969e-05,NCT01270659,0,,4.234565407593969e-05
2730,0,0.22069863295272724,NCT01307579,0,,0.22069863295272724
2731,0,0.00014016482398987462,NCT01304706,0,,0.00014016482398987462
2732,0,0.0019066013825918423,NCT01407432,0,,0.0019066013825918423
2734,0,3.332651771520938e-05,NCT01116583,0,,3.332651771520938e-05
2735,0,0.0003284687509267117,NCT02120703,0,,0.0003284687509267117
2736,0,0.380656647197367,NCT01404260,0,,0.380656647197367
2737,0,0.0018959833597795004,NCT01360853,1,cytotoxic_managed_toxicity,0.0018959833597795004
2738,0,7.686511628780117e-05,NCT01211522,0,,7.686511628780117e-05
2739,0,0.012436513440479965,NCT01353313,0,,0.012436513440479965
2740,0,0.028015764640311185,NCT02266589,0,,0.028015764640311185
2742,0,0.002047873129241765,NCT01259856,0,,0.002047873129241765
2743,0,0.0024994217915593033,NCT01462370,0,,0.0024994217915593033
2744,0,0.08882975793941655,NCT01303406,0,,0.08882975793941655
2745,0,0.00014453859696161102,NCT01291511,0,,0.00014453859696161102
2746,0,0.7763928640415906,NCT01392469,0,,0.7763928640415906
2747,0,0.006411098591269819,NCT01511289,0,,0.006411098591269819
2748,0,0.00010058153793283638,NCT01232894,0,,0.00010058153793283638
2749,0,0.026038753693177614,NCT01442987,0,,0.026038753693177614
2750,0,2.118543320405834e-05,NCT00170209,0,,2.118543320405834e-05
2751,0,0.23434285685252396,NCT01474590,0,,0.23434285685252396
2752,0,0.010002155247711463,NCT01326325,0,,0.010002155247711463
2753,0,0.002960993233913555,NCT01387139,0,,0.002960993233913555
2754,0,0.000161044714987697,NCT01983020,0,,0.000161044714987697
2755,0,3.0457068326079623e-05,NCT01243177,0,,3.0457068326079623e-05
2756,0,0.00010051532780330256,NCT01484977,0,,0.00010051532780330256
2757,0,0.005633640908099928,NCT01452711,0,,0.005633640908099928
2758,0,0.007034418953399561,NCT01452724,0,,0.007034418953399561
2759,0,0.007971143849835882,NCT01452750,0,,0.007971143849835882
2760,0,0.007971143849835882,NCT01452763,0,,0.007971143849835882
2761,0,0.007677578690636695,NCT01456260,0,,0.007677578690636695
2762,0,0.0066902437634877975,NCT01459367,0,,0.0066902437634877975
2764,0,0.017484217872334947,NCT01321554,0,,0.017484217872334947
2765,0,0.003750178043619248,NCT01493531,0,,0.003750178043619248
2766,0,0.0012182548007142336,NCT01494506,0,,0.0012182548007142336
2767,0,0.004586168025936152,NCT01292837,0,,0.004586168025936152
2768,0,0.004586168025936152,NCT01398956,0,,0.004586168025936152
2769,0,0.000939630161067495,NCT01458431,0,,0.000939630161067495
2770,0,4.495298023465541e-05,NCT01227655,0,,4.495298023465541e-05
2771,0,4.6786850372576204e-05,NCT01154738,0,,4.6786850372576204e-05
2772,0,5.683456568277243e-05,NCT01983020,0,,5.683456568277243e-05
2773,0,0.01945649785438018,NCT01421498,0,,0.01945649785438018
2774,0,4.292969694368139e-05,NCT01421511,0,,4.292969694368139e-05
2775,0,0.0026806383072090433,NCT01051219,0,,0.0026806383072090433
2776,0,0.0002893315714064344,NCT01307046,0,,0.0002893315714064344
2777,0,0.0002893315714064344,NCT01302691,0,,0.0002893315714064344
2778,0,0.005574557064441105,NCT01324284,0,,0.005574557064441105
2779,0,0.0015581012018703031,NCT01372423,0,,0.0015581012018703031
2780,0,0.000602577707542287,NCT01147289,0,,0.000602577707542287
2781,0,5.6342290331230123e-05,NCT01413178,1,cytotoxic_managed_toxicity,5.6342290331230123e-05
2782,0,0.01013092027763506,NCT01877837,1,cytotoxic_managed_toxicity,0.01013092027763506
2783,0,0.00018709214589723893,NCT01411176,0,,0.00018709214589723893
2784,0,0.0018995147266507167,NCT01411189,0,,0.0018995147266507167
2785,0,0.011475686965129902,NCT01445678,0,,0.011475686965129902
2788,0,0.0017968254252161483,NCT01368081,0,,0.0017968254252161483
2789,0,0.0017119469351235892,NCT01370707,0,,0.0017119469351235892
2790,0,0.005645329253071902,NCT01381900,0,,0.005645329253071902
2791,0,0.00015802192746498355,NCT01483560,0,,0.00015802192746498355
2792,0,0.0010639233354215118,NCT01487993,0,,0.0010639233354215118
2793,0,0.005490188456365008,NCT01760447,0,,0.005490188456365008
2794,0,0.0012373796701361098,NCT03086005,0,,0.0012373796701361098
2795,0,5.7002792240080315e-05,NCT01984099,1,cytotoxic_managed_toxicity,5.7002792240080315e-05
2796,0,3.937714984599505e-05,NCT01420159,0,,3.937714984599505e-05
2797,0,0.0002705591809571032,NCT01275560,0,,0.0002705591809571032
2798,0,0.0027595176598241003,NCT01473836,0,,0.0027595176598241003
2800,0,0.0017258425767818757,NCT02336477,0,,0.0017258425767818757
2801,0,0.1328508091726296,NCT01436279,0,,0.1328508091726296
2802,0,0.12396362439506996,NCT01403662,0,,0.12396362439506996
2803,0,0.0038214658688766707,NCT01429272,0,,0.0038214658688766707
2804,0,0.00040899522299449813,NCT01412073,0,,0.00040899522299449813
2805,0,0.0027619517546123426,NCT01298336,0,,0.0027619517546123426
2806,0,0.0060567578255908095,NCT01342549,0,,0.0060567578255908095
2807,0,0.09854185514176302,NCT01254188,0,,0.09854185514176302
2808,0,0.059604107630862636,NCT01275196,0,,0.059604107630862636
2809,0,0.0003954863028370059,NCT01257672,0,,0.0003954863028370059
2810,0,0.0011174263094713844,NCT01362530,0,,0.0011174263094713844
2811,0,0.00010964337196112978,NCT01395901,0,,0.00010964337196112978
2812,0,4.091845146765077e-05,NCT01442376,0,,4.091845146765077e-05
2813,0,0.00011794133958800705,NCT01231620,0,,0.00011794133958800705
2814,0,0.001487927733153116,NCT01716624,0,,0.001487927733153116
2815,0,0.004810413800439986,NCT01196390,1,cytotoxic_managed_toxicity,0.004810413800439986
2816,0,0.001203391745412223,NCT01248403,1,cytotoxic_managed_toxicity,0.001203391745412223
2817,0,0.03379420365803341,NCT01275677,1,cytotoxic_managed_toxicity,0.03379420365803341
2818,0,0.857707743422462,NCT01285609,1,cytotoxic_managed_toxicity,0.15
2819,0,0.0017342891787554965,NCT01358877,1,cytotoxic_managed_toxicity,0.0017342891787554965
2820,0,0.6416828685006919,NCT01364012,1,cytotoxic_managed_toxicity,0.15
2821,0,0.9431806232771489,NCT01462890,1,cytotoxic_managed_toxicity,0.15
2822,0,0.000861304413768902,NCT04031703,1,cytotoxic_managed_toxicity,0.000861304413768902
2823,0,2.962911758636315e-05,NCT01662310,0,,2.962911758636315e-05
2824,0,0.07294634225318311,NCT01351415,1,cytotoxic_managed_toxicity,0.07294634225318311
2825,0,0.0001845784461755406,NCT01360762,0,,0.0001845784461755406
2826,0,0.0004632237802445538,NCT01393743,0,,0.0004632237802445538
2827,0,5.285530612013325e-05,NCT01413958,0,,5.285530612013325e-05
2828,0,0.00015888386470085531,NCT01366209,0,,0.00015888386470085531
2829,0,2.881600375202271e-05,NCT01146834,0,,2.881600375202271e-05
2830,0,0.000499714577431507,NCT01304472,0,,0.000499714577431507
2831,0,0.0004775476045737059,NCT01327534,0,,0.0004775476045737059
2832,0,0.000534208540668194,NCT01338909,0,,0.000534208540668194
2833,0,3.540069652139022e-05,NCT01272635,0,,3.540069652139022e-05
2834,0,0.026262713758528216,NCT01308567,0,,0.026262713758528216
2835,0,7.051604567561127e-05,NCT01365598,0,,7.051604567561127e-05
2837,0,0.007651590006945705,NCT01349010,0,,0.007651590006945705
2838,0,0.00036483523874692716,NCT01408186,0,,0.00036483523874692716
2839,0,0.00021365015793895582,NCT01573637,0,,0.00021365015793895582
2840,0,0.00013116543806465333,NCT01453192,0,,0.00013116543806465333
2843,0,0.0006435356132483165,NCT01472185,0,,0.0006435356132483165
2844,0,0.0001648347667976497,NCT01736891,0,,0.0001648347667976497
2845,0,1.7895955997896193e-05,NCT01318694,0,,1.7895955997896193e-05
2846,0,0.00011267777736418765,NCT01433887,0,,0.00011267777736418765
2847,0,5.388712647845692e-05,NCT01448044,0,,5.388712647845692e-05
2848,0,6.56488183708629e-05,NCT01468584,0,,6.56488183708629e-05
2849,0,6.56488183708629e-05,NCT01479868,0,,6.56488183708629e-05
2850,0,0.0003984834423555526,NCT00170209,0,,0.0003984834423555526
2851,0,0.0003392902151434189,NCT01266902,0,,0.0003392902151434189
2852,0,5.238372908688909e-05,NCT01295372,0,,5.238372908688909e-05
2853,0,0.04760462509017726,NCT01281813,0,,0.04760462509017726
2854,0,0.05908579373473984,NCT01335698,0,,0.05908579373473984
2855,0,0.00033012795467699527,NCT01313494,0,,0.00033012795467699527
2856,0,2.7955366688771804e-05,NCT01405053,0,,2.7955366688771804e-05
2857,0,0.001003960607083117,NCT01285271,0,,0.001003960607083117
2859,0,3.6306146439206424e-05,NCT01266434,0,,3.6306146439206424e-05
2860,0,0.005518982541271101,NCT01334229,0,,0.005518982541271101
2861,0,2.4446808877931882e-05,NCT01497366,0,,2.4446808877931882e-05
2862,0,1.3648328520839071e-05,NCT01462812,0,,1.3648328520839071e-05
2864,0,0.02180505707697059,NCT01460342,0,,0.02180505707697059
2865,0,0.008886392751454213,NCT02995772,0,,0.008886392751454213
2866,0,0.011501716415285244,NCT01433107,0,,0.011501716415285244
2867,0,0.007013215988218427,NCT01446042,0,,0.007013215988218427
2868,0,0.0001388829823179237,NCT02101359,0,,0.0001388829823179237
2869,0,7.804799370691701e-05,NCT01294462,0,,7.804799370691701e-05
2870,0,8.194229074980872e-05,NCT01360437,0,,8.194229074980872e-05
2871,0,7.130408817365205e-05,NCT01285492,0,,7.130408817365205e-05
2872,0,6.762475205487211e-05,NCT01290874,0,,6.762475205487211e-05
2873,0,7.530489601973559e-05,NCT01395888,0,,7.530489601973559e-05
2874,0,7.598449446640334e-05,NCT01462929,0,,7.598449446640334e-05
2875,0,7.256109980523162e-05,NCT01490125,0,,7.256109980523162e-05
2876,0,0.014306201291928713,NCT01291433,0,,0.014306201291928713
2877,0,0.12140127456282687,NCT01556646,0,,0.12140127456282687
2878,0,0.006835489281918948,NCT01343277,1,cytotoxic_managed_toxicity,0.006835489281918948
2879,0,0.11713658453406314,NCT01379989,1,cytotoxic_managed_toxicity,0.11713658453406314
2880,0,9.454804528931915e-05,NCT01519245,0,,9.454804528931915e-05
2881,0,0.00017375650864175925,NCT02781597,0,,0.00017375650864175925
2882,0,2.7484808113272727e-05,NCT01356602,0,,2.7484808113272727e-05
2883,0,0.0412938825304151,NCT01298323,0,,0.0412938825304151
2884,0,0.00011512283439991547,NCT01184664,0,,0.00011512283439991547
2885,0,0.00011512283439991547,NCT01206010,0,,0.00011512283439991547
2886,0,1.5087783586316475e-05,NCT01303861,0,,1.5087783586316475e-05
2887,0,1.5087783586316475e-05,NCT01406223,0,,1.5087783586316475e-05
2888,0,0.0021184659589445543,NCT01307397,0,,0.0021184659589445543
2889,0,0.00022866304986728973,NCT01336608,0,,0.00022866304986728973
2890,0,0.0009844882465471917,NCT01497522,0,,0.0009844882465471917
2891,0,0.00040420325345175503,NCT01200758,1,cytotoxic_managed_toxicity,0.00040420325345175503
2893,0,0.001559964475238979,NCT01364649,0,,0.001559964475238979
2894,0,0.0013435412799985347,NCT01211522,0,,0.0013435412799985347
2895,0,0.0006677838623001572,NCT01369576,0,,0.0006677838623001572
2896,0,0.00262531174968091,NCT01244815,0,,0.00262531174968091
2897,0,0.0008170569728612262,NCT01396291,0,,0.0008170569728612262
2898,0,0.0004095188311612263,NCT02575729,0,,0.0004095188311612263
2899,0,0.006883705854646964,NCT01223352,0,,0.006883705854646964
2900,0,0.024965920216343637,NCT01423292,0,,0.024965920216343637
2901,0,0.0005257060361675999,NCT01395290,0,,0.0005257060361675999
2902,0,3.657850024311534e-05,NCT01401465,0,,3.657850024311534e-05
2903,0,3.41423878417507e-05,NCT01392677,0,,3.41423878417507e-05
2904,0,0.00018725404276472214,NCT01328041,0,,0.00018725404276472214
2905,0,0.005533587087645556,NCT01504178,0,,0.005533587087645556
2907,0,9.137173172520334e-05,NCT01372150,0,,9.137173172520334e-05
2909,0,2.6087588308530566e-05,NCT01431950,0,,2.6087588308530566e-05
2910,0,0.01500606297393225,NCT01231347,1,cytotoxic_managed_toxicity,0.01500606297393225
2912,0,6.077343416202879e-06,NCT01422876,0,,6.077343416202879e-06
2913,0,0.00014884911484727608,NCT01290939,1,cytotoxic_managed_toxicity,0.00014884911484727608
2914,0,0.00016160747695842176,NCT01505426,0,,0.00016160747695842176
2915,0,3.4623597509991636e-05,NCT01235507,1,cytotoxic_managed_toxicity,3.4623597509991636e-05
2916,0,3.4623597509991636e-05,NCT01353859,1,cytotoxic_managed_toxicity,3.4623597509991636e-05
2917,0,3.1980025916523195e-05,NCT01470053,0,,3.1980025916523195e-05
2918,0,0.002014514896982652,NCT01316107,0,,0.002014514896982652
2919,0,1.5021117660025778e-05,NCT01499134,0,,1.5021117660025778e-05
2920,0,3.696968446719874e-05,NCT01311687,0,,3.696968446719874e-05
2921,0,0.00012936849529556887,NCT01324947,0,,0.00012936849529556887
2922,0,0.007650634907802542,NCT01376349,0,,0.007650634907802542
2925,0,1.771706684896403e-05,NCT01306721,0,,1.771706684896403e-05
2926,0,1.7895955997896193e-05,NCT01370642,0,,1.7895955997896193e-05
2927,0,6.56488183708629e-05,NCT01405560,0,,6.56488183708629e-05
2928,0,5.557731184076349e-05,NCT01405937,0,,5.557731184076349e-05
2929,0,0.0006221622497106663,NCT01296412,0,,0.0006221622497106663
2931,0,0.025003500614732117,NCT01435655,0,,0.025003500614732117
2933,0,0.0004725792483989986,NCT01430754,0,,0.0004725792483989986
2934,0,0.0006522116628943757,NCT01301833,0,,0.0006522116628943757
2935,0,7.095448333722869e-05,NCT01294787,0,,7.095448333722869e-05
2936,0,7.91619756145518e-05,NCT01431274,0,,7.91619756145518e-05
2937,0,7.91619756145518e-05,NCT01431287,0,,7.91619756145518e-05
2939,0,0.0009844882465471917,NCT01357252,0,,0.0009844882465471917
2940,0,1.659790474837171e-05,NCT01115673,0,,1.659790474837171e-05
2941,0,1.659790474837171e-05,NCT01216163,0,,1.659790474837171e-05
2942,0,0.0006899841353190463,NCT04704713,0,,0.0006899841353190463
2943,0,0.001967016079910382,NCT01235637,0,,0.001967016079910382
2944,0,0.0013550123099948823,NCT01151410,0,,0.0013550123099948823
2945,0,0.0016636416927093337,NCT01318395,0,,0.0016636416927093337
2946,0,0.024264304483545624,NCT01715207,0,,0.024264304483545624
2947,0,6.293951545890165e-05,NCT01092221,0,,6.293951545890165e-05
2948,0,0.0005775180769973146,NCT01101035,0,,0.0005775180769973146
2949,0,0.0004521576095564404,NCT01289119,0,,0.0004521576095564404
2950,0,0.04403257871111901,NCT01224210,0,,0.04403257871111901
2951,0,0.027970107277095407,NCT01173809,0,,0.027970107277095407
2952,0,2.223969387270113e-05,NCT01194219,0,,2.223969387270113e-05
2953,0,3.4632045241541744e-05,NCT01232283,0,,3.4632045241541744e-05
2955,0,1.8308121210104445e-05,NCT01072929,0,,1.8308121210104445e-05
2956,0,7.354210349579639e-05,NCT01142596,0,,7.354210349579639e-05
2957,0,0.049859811118718886,NCT01140451,0,,0.049859811118718886
2958,0,0.021880547472639227,NCT01236365,0,,0.021880547472639227
2959,0,0.31171843633796753,NCT01074047,1,cytotoxic_managed_toxicity,0.15
2960,0,8.997568974317644e-05,NCT01133626,0,,8.997568974317644e-05
2961,0,0.0024498889553361655,NCT01059630,1,cytotoxic_managed_toxicity,0.0024498889553361655
2962,0,0.5992639518304369,NCT01073163,1,cytotoxic_managed_toxicity,0.15
2963,0,0.00041362206399257534,NCT01222247,0,,0.00041362206399257534
2964,0,0.09086457231856945,NCT01218607,0,,0.09086457231856945
2965,0,0.10867975147031958,NCT01143181,0,,0.10867975147031958
2966,0,3.506713519572458e-05,NCT01261325,0,,3.506713519572458e-05
2968,0,0.006250134401994967,NCT01100112,0,,0.006250134401994967
2969,0,0.00010796480854489395,NCT01209208,0,,0.00010796480854489395
2970,0,0.006046262295673537,NCT01114308,0,,0.006046262295673537
2972,0,0.0026305648830737237,NCT00943618,0,,0.0026305648830737237
2973,0,0.0008854218074620095,NCT01135212,0,,0.0008854218074620095
2974,0,0.38492399978420777,NCT01026142,1,cytotoxic_managed_toxicity,0.15
2975,0,0.0002133742317041781,NCT01097018,1,cytotoxic_managed_toxicity,0.0002133742317041781
2976,0,0.011732302226165262,NCT01112826,1,cytotoxic_managed_toxicity,0.011732302226165262
2977,0,0.012111512292293682,NCT05029297,0,,0.012111512292293682
2978,0,0.0004904480402734392,NCT01058096,0,,0.0004904480402734392
2979,0,0.0017765184038811856,NCT01058668,0,,0.0017765184038811856
2980,0,0.003515763513321126,NCT01059539,0,,0.003515763513321126
2981,0,2.6728774235727554e-05,NCT01104766,0,,2.6728774235727554e-05
2982,0,3.634507980102944e-05,NCT01104779,0,,3.634507980102944e-05
2983,0,7.280655487934301e-05,NCT01104792,0,,7.280655487934301e-05
2985,0,0.0003771644894737844,NCT01138475,0,,0.0003771644894737844
2986,0,0.00037780662810501495,NCT01190683,0,,0.00037780662810501495
2987,0,2.082542162796287e-05,NCT02005718,0,,2.082542162796287e-05
2988,0,0.012800185847547736,NCT00975221,0,,0.012800185847547736
2989,0,5.173799253001912e-05,NCT01208922,0,,5.173799253001912e-05
2990,0,2.1207006235082802e-05,NCT01179828,0,,2.1207006235082802e-05
2991,0,0.00040623193010321115,NCT01031680,0,,0.00040623193010321115
2992,0,0.00040623193010321115,NCT01042977,0,,0.00040623193010321115
2993,0,3.762674841589599e-05,NCT01095653,0,,3.762674841589599e-05
2994,0,3.742176054505835e-05,NCT01095666,0,,3.742176054505835e-05
2995,0,3.41423878417507e-05,NCT01137474,0,,3.41423878417507e-05
2996,0,3.41423878417507e-05,NCT01195662,0,,3.41423878417507e-05
2997,0,0.0007771575603813648,NCT01184872,0,,0.0007771575603813648
2998,0,0.00016283273248502474,NCT01219881,0,,0.00016283273248502474
2999,0,0.19038118491549189,NCT01527786,0,,0.19038118491549189
3000,0,0.0002199303724614468,NCT01062568,0,,0.0002199303724614468
3002,0,5.8717300050606784e-05,NCT01176240,0,,5.8717300050606784e-05
3004,0,0.00418295500156464,NCT01140906,0,,0.00418295500156464
3005,0,0.0005294214555408986,NCT01212991,0,,0.0005294214555408986
3006,0,0.0005686549849510375,NCT01115855,0,,0.0005686549849510375
3007,0,0.002019456984232243,NCT01319344,0,,0.002019456984232243
3008,0,0.006742942428711693,NCT01069900,0,,0.006742942428711693
3009,0,0.0006790042939827688,NCT01422720,0,,0.0006790042939827688
3010,0,0.00539995404494442,NCT01069939,0,,0.00539995404494442
3011,0,0.000777683924380878,NCT01198834,0,,0.000777683924380878
3012,0,0.1480051614433769,NCT01091675,0,,0.1480051614433769
3013,0,0.00016537520412788798,NCT01199861,0,,0.00016537520412788798
3014,0,0.00043343767907684375,NCT01201356,0,,0.00043343767907684375
3015,0,2.6087588308530566e-05,NCT01086384,0,,2.6087588308530566e-05
3016,0,2.0829645236890952e-05,NCT01159912,0,,2.0829645236890952e-05
3017,0,0.011122645872930643,NCT00981058,1,cytotoxic_managed_toxicity,0.011122645872930643
3018,0,0.0038157541030886936,NCT01072981,1,cytotoxic_managed_toxicity,0.0038157541030886936
3019,0,4.976760912129453e-05,NCT01167881,0,,4.976760912129453e-05
3020,0,4.976760912129453e-05,NCT01189890,0,,4.976760912129453e-05
3021,0,0.00012442257016137903,NCT01087658,0,,0.00012442257016137903
3024,0,0.0011291312054075467,NCT01171794,0,,0.0011291312054075467
3025,0,0.004255626050360983,NCT01151852,0,,0.004255626050360983
3026,0,0.00011366451132919597,NCT01068600,0,,0.00011366451132919597
3027,0,0.00010406563278933165,NCT01079130,0,,0.00010406563278933165
3028,0,7.493918167586514e-05,NCT01089127,0,,7.493918167586514e-05
3029,0,0.04553628844009529,NCT01117012,0,,0.04553628844009529
3031,0,0.0005169485556107008,NCT00770133,0,,0.0005169485556107008
3032,0,0.006667528305390869,NCT01509261,0,,0.006667528305390869
3033,0,8.998199174207838e-05,NCT01029262,0,,8.998199174207838e-05
3034,0,1.6591815078872388e-05,NCT01109004,0,,1.6591815078872388e-05
3035,0,0.00010081943482538032,NCT01243476,0,,0.00010081943482538032
3036,0,0.16094805538808593,NCT01121848,0,,0.16094805538808593
3037,0,0.004586168025936152,NCT01063764,0,,0.004586168025936152
3038,0,0.0013632282022731112,NCT01228747,0,,0.0013632282022731112
3039,0,5.794216628213806e-05,NCT01198834,0,,5.794216628213806e-05
3040,0,7.582541629498191e-06,NCT01087502,0,,7.582541629498191e-06
3041,0,6.077343416202879e-06,NCT01194830,0,,6.077343416202879e-06
3042,0,7.5003990906288975e-06,NCT01204294,0,,7.5003990906288975e-06
3043,0,9.162857991514619e-06,NCT01214239,0,,9.162857991514619e-06
3044,0,9.162857991514619e-06,NCT01215097,0,,9.162857991514619e-06
3045,0,4.292969694368139e-05,NCT01170221,0,,4.292969694368139e-05
3046,0,0.026411999767607885,NCT01060072,0,,0.026411999767607885
3047,0,0.006155168768892397,NCT01298219,0,,0.006155168768892397
3048,0,0.00038821845410658677,NCT01173562,0,,0.00038821845410658677
3049,0,8.93095796564865e-05,NCT01357031,0,,8.93095796564865e-05
3050,0,2.8881332361407723e-05,NCT01209208,0,,2.8881332361407723e-05
3051,0,2.6512392036224108e-05,NCT01412372,0,,2.6512392036224108e-05
3052,0,0.021435460262177283,NCT01034111,0,,0.021435460262177283
3053,0,0.0017860593955611333,NCT01076075,0,,0.0017860593955611333
3054,0,0.00016160747695842176,NCT01106625,0,,0.00016160747695842176
3055,0,0.0017119469351235892,NCT01126580,0,,0.0017119469351235892
3056,0,6.948017259551016e-05,NCT01137812,0,,6.948017259551016e-05
3057,0,0.005645329253071902,NCT01169779,0,,0.005645329253071902
3058,0,3.4623597509991636e-05,NCT01063062,1,cytotoxic_managed_toxicity,3.4623597509991636e-05
3059,0,1.0122027891071538e-05,NCT01142726,1,cytotoxic_managed_toxicity,1.0122027891071538e-05
3060,0,0.0014831532662576692,NCT01188798,1,cytotoxic_managed_toxicity,0.0014831532662576692
3061,0,1.003095977610099e-05,NCT01232920,1,cytotoxic_managed_toxicity,1.003095977610099e-05
3062,0,5.757053600439873e-05,NCT01251614,1,cytotoxic_managed_toxicity,5.757053600439873e-05
3063,0,0.0002177136004990663,NCT01186770,0,,0.0002177136004990663
3064,0,0.2143354916589426,NCT01371565,0,,0.2143354916589426
3065,0,0.0011406891812567109,NCT01302964,0,,0.0011406891812567109
3066,0,2.4379787958717126e-05,NCT02937285,1,cytotoxic_managed_toxicity,2.4379787958717126e-05
3067,0,1.91889004560812e-05,NCT01440621,0,,1.91889004560812e-05
3068,0,5.6939461840627026e-05,NCT01135134,0,,5.6939461840627026e-05
3069,0,0.037130046223250085,NCT01002742,0,,0.037130046223250085
3070,0,0.017979600320301627,NCT01092962,0,,0.017979600320301627
3071,0,0.0013583196974893874,NCT01232920,1,cytotoxic_managed_toxicity,0.0013583196974893874
3072,0,0.010389225391258142,NCT01140217,0,,0.010389225391258142
3073,0,0.00031143886427480703,NCT01065649,0,,0.00031143886427480703
3074,0,0.0005126046546165586,NCT01150162,0,,0.0005126046546165586
3075,0,0.0006279646503208052,NCT01338077,0,,0.0006279646503208052
3076,0,0.00041775591190296906,NCT01121042,0,,0.00041775591190296906
3077,0,0.9792338444240507,NCT01084876,1,cytotoxic_managed_toxicity,0.15
3078,0,0.8592844817065121,NCT01107626,1,cytotoxic_managed_toxicity,0.15
3079,0,0.7611706814004092,NCT01166542,1,cytotoxic_managed_toxicity,0.15
3080,0,0.003495102202318213,NCT01170663,1,cytotoxic_managed_toxicity,0.003495102202318213
3081,0,0.9428803783772899,NCT01204749,1,cytotoxic_managed_toxicity,0.15
3082,0,0.9805434918913418,NCT01239732,1,cytotoxic_managed_toxicity,0.15
3083,0,0.08810695114660766,NCT04127019,1,cytotoxic_managed_toxicity,0.08810695114660766
3084,0,0.007746509877866033,NCT01034163,0,,0.007746509877866033
3085,0,0.0002416695978340575,NCT01188798,1,cytotoxic_managed_toxicity,0.0002416695978340575
3086,0,6.915142867297989e-05,NCT01284556,0,,6.915142867297989e-05
3087,0,5.3798368654483306e-05,NCT01225081,0,,5.3798368654483306e-05
3089,0,0.0006049446767702135,NCT01155765,0,,0.0006049446767702135
3090,0,0.000512386042268055,NCT01336348,0,,0.000512386042268055
3091,0,1.8919602790951336e-05,NCT01353235,0,,1.8919602790951336e-05
3092,0,2.7929954172513763e-05,NCT01124838,0,,2.7929954172513763e-05
3093,0,2.7929954172513763e-05,NCT01138657,0,,2.7929954172513763e-05
3094,0,0.0922110234055893,NCT01193244,0,,0.0922110234055893
3095,0,0.0922110234055893,NCT01193257,0,,0.0922110234055893
3096,0,0.008178987143506584,NCT01143064,0,,0.008178987143506584
3097,0,4.106279019027853e-05,NCT01116206,0,,4.106279019027853e-05
3098,0,2.7312083401758134e-05,NCT01147926,0,,2.7312083401758134e-05
3099,0,2.7312083401758134e-05,NCT01251822,0,,2.7312083401758134e-05
3100,0,0.00031662844386426024,NCT01197846,0,,0.00031662844386426024
3101,0,0.023913671801978093,NCT01258049,0,,0.023913671801978093
3102,0,3.816536487532212e-05,NCT01231516,0,,3.816536487532212e-05
3103,0,0.010066774080472954,NCT01174173,0,,0.010066774080472954
3104,0,5.557731184076349e-05,NCT01241760,0,,5.557731184076349e-05
3105,0,1.8219508090892086e-05,NCT01263860,0,,1.8219508090892086e-05
3106,0,0.007080804282914681,NCT01106586,0,,0.007080804282914681
3107,0,0.014558092802306022,NCT01094886,0,,0.014558092802306022
3109,0,0.000228029828949059,NCT01082744,0,,0.000228029828949059
3110,0,0.00020476642496583243,NCT01151540,0,,0.00020476642496583243
3112,0,0.0004874195250725039,NCT01098318,0,,0.0004874195250725039
3113,0,0.1840918879267277,NCT01214382,0,,0.1840918879267277
3114,0,7.996473223658117e-05,NCT01120405,0,,7.996473223658117e-05
3115,0,7.664410744399492e-05,NCT01219881,0,,7.664410744399492e-05
3117,0,0.0009516732993772247,NCT02134626,0,,0.0009516732993772247
3118,0,0.0009288418561480211,NCT01081834,0,,0.0009288418561480211
3119,0,0.0006273156318570923,NCT01106677,0,,0.0006273156318570923
3120,0,0.0030194149130847807,NCT01177813,0,,0.0030194149130847807
3121,0,0.0030208018027474397,NCT01340768,0,,0.0030208018027474397
3122,0,0.0014713390461892784,NCT00803023,0,,0.0014713390461892784
3124,0,0.002107508657676704,NCT01235637,0,,0.002107508657676704
3125,0,0.6193007729904425,NCT01265901,0,,0.6193007729904425
3126,0,0.010392824520358283,NCT01139762,0,,0.010392824520358283
3127,0,0.009384547360019617,NCT01152190,0,,0.009384547360019617
3128,0,0.0001968138785655014,NCT01222520,0,,0.0001968138785655014
3129,0,0.00015203430768660281,NCT01119937,0,,0.00015203430768660281
3130,0,0.0037555521401025005,NCT01076010,0,,0.0037555521401025005
3131,0,2.3062774549722436e-05,NCT01179828,0,,2.3062774549722436e-05
3132,0,0.06761948866783804,NCT01214421,0,,0.06761948866783804
3133,0,0.01324596167895889,NCT01349348,0,,0.01324596167895889
3134,0,0.013706962773506784,NCT01417754,0,,0.013706962773506784
3135,0,0.0008545321123129624,NCT01306370,0,,0.0008545321123129624
3136,0,0.0001817070212008221,NCT01142258,0,,0.0001817070212008221
3137,0,2.581829405405689e-05,NCT01572350,0,,2.581829405405689e-05
3138,0,0.0007701627799601826,NCT01176409,0,,0.0007701627799601826
3139,0,1.5475881864015833e-05,NCT00943618,0,,1.5475881864015833e-05
3140,0,0.00032443128301190484,NCT01162239,0,,0.00032443128301190484
3141,0,9.185448862992346e-05,NCT01314001,0,,9.185448862992346e-05
3142,0,0.000521571678011029,NCT01006980,0,,0.000521571678011029
3144,0,0.010644630329865516,NCT01122641,0,,0.010644630329865516
3145,0,0.001603237664135514,NCT01159249,0,,0.001603237664135514
3146,0,0.05410759890058322,NCT01224366,0,,0.05410759890058322
3147,0,0.054108169174584705,NCT01233622,0,,0.054108169174584705
3148,0,0.0009844882465471917,NCT01257451,0,,0.0009844882465471917
3149,0,0.00010138214138682182,NCT01262586,0,,0.00010138214138682182
3150,0,0.0005702438664565435,NCT01822548,0,,0.0005702438664565435
3151,0,0.0165616192563143,NCT01152996,0,,0.0165616192563143
3152,0,7.829739484004742e-05,NCT01153009,0,,7.829739484004742e-05
3153,0,0.00011990102360375323,NCT01163266,0,,0.00011990102360375323
3155,0,4.035786132903001e-05,NCT01130025,0,,4.035786132903001e-05
3156,0,0.00033583543849993703,NCT01182441,0,,0.00033583543849993703
3157,0,2.6765467690942996e-05,NCT01758640,0,,2.6765467690942996e-05
3158,0,0.510340014455325,NCT01178073,0,,0.510340014455325
3160,0,0.00021150474751019686,NCT01190267,0,,0.00021150474751019686
3161,0,0.0018393180056968377,NCT01154036,0,,0.0018393180056968377
3162,0,0.00012304334405561734,NCT01113489,0,,0.00012304334405561734
3163,0,0.0008682835869234339,NCT01073930,0,,0.0008682835869234339
3164,0,0.0008682835869234339,NCT01073943,0,,0.0008682835869234339
3165,0,7.535139190368673e-05,NCT01078714,0,,7.535139190368673e-05
3166,0,3.762674841589599e-05,NCT01217892,0,,3.762674841589599e-05
3167,0,0.001940165763197331,NCT01182376,0,,0.001940165763197331
3168,0,0.0065039857157307545,NCT01254344,0,,0.0065039857157307545
3169,0,0.0003900134331141787,NCT01118572,0,,0.0003900134331141787
3170,0,0.0001801580273511919,NCT01197521,0,,0.0001801580273511919
3171,0,0.0001801580273511919,NCT01197534,0,,0.0001801580273511919
3172,0,0.0001801580273511919,NCT01197755,0,,0.0001801580273511919
3173,0,0.00013666821864487404,NCT01002573,0,,0.00013666821864487404
3174,0,0.0013362366253766363,NCT00922233,0,,0.0013362366253766363
3175,0,1.049341931758037e-05,NCT01084005,0,,1.049341931758037e-05
3176,0,5.897767565434977e-06,NCT01243424,0,,5.897767565434977e-06
3177,0,0.00025567416270348627,NCT01090713,0,,0.00025567416270348627
3178,0,0.008389602069838182,NCT00971165,0,,0.008389602069838182
3179,0,0.005490188456365008,NCT01135433,0,,0.005490188456365008
3181,0,0.00026066419541739534,NCT01131273,0,,0.00026066419541739534
3182,0,1.0122027891071538e-05,NCT01034137,1,cytotoxic_managed_toxicity,1.0122027891071538e-05
3183,0,1.0122027891071538e-05,NCT01185301,1,cytotoxic_managed_toxicity,1.0122027891071538e-05
3184,0,0.00015232473793938436,NCT01165424,0,,0.00015232473793938436
3185,0,0.129796666810646,NCT01014442,0,,0.129796666810646
3186,0,0.9938120488062315,NCT01120184,1,cytotoxic_managed_toxicity,0.15
3187,0,0.0019252117183546484,NCT02729441,0,,0.0019252117183546484
3188,0,8.550754954938711e-05,NCT01758640,0,,8.550754954938711e-05
3189,0,0.0005159097467962684,NCT01109784,0,,0.0005159097467962684
3191,0,0.000617971587235602,NCT00532493,0,,0.000617971587235602
3192,0,3.816536487532212e-05,NCT01227824,0,,3.816536487532212e-05
3193,0,7.364163140320939e-05,NCT01048398,0,,7.364163140320939e-05
3194,0,0.0006815836375124182,NCT01719770,0,,0.0006815836375124182
3195,0,0.005454106797648206,NCT01046110,0,,0.005454106797648206
3196,0,0.003023312037397796,NCT01098539,0,,0.003023312037397796
3197,0,0.10552876769534174,NCT01062763,0,,0.10552876769534174
3198,0,0.07064254541744983,NCT01064310,0,,0.07064254541744983
3199,0,0.5118799132743043,NCT01178073,0,,0.5118799132743043
3200,0,0.0003706118815607222,NCT01087671,0,,0.0003706118815607222
3201,0,0.0004725792483989986,NCT01163032,0,,0.0004725792483989986
3202,0,7.095448333722869e-05,NCT01120691,0,,7.095448333722869e-05
3203,0,6.817555478590378e-05,NCT01202188,0,,6.817555478590378e-05
3204,0,0.06732353552268791,NCT01280721,0,,0.06732353552268791
3207,1,0.00393786621959199,NCT01133990,0,,0.00393786621959199
3209,1,0.001087263690452108,NCT06515418,0,,0.001087263690452108
3210,1,0.14546453068517598,NCT06065059,0,,0.14546453068517598
3211,1,0.050501550377286084,NCT04501614,0,,0.050501550377286084
3212,1,0.20630012054345825,NCT05038020,0,,0.20630012054345825
3213,1,0.14201460772087332,NCT04793399,0,,0.14201460772087332
3214,1,0.00034660655037991006,NCT04142658,0,,0.00034660655037991006
3215,1,0.039602816844441315,NCT03976648,0,,0.039602816844441315
3216,1,0.0019703173086306923,NCT04023721,0,,0.0019703173086306923
3217,1,0.015247937091705965,NCT03774745,0,,0.015247937091705965
3218,1,0.015304904197906638,NCT03711162,0,,0.015304904197906638
3219,1,0.015473352238228742,NCT03733444,0,,0.015473352238228742
3220,1,0.38778397583612073,NCT02910882,1,cytotoxic_managed_toxicity,0.15
3221,1,4.396781553352371e-05,NCT02055690,0,,4.396781553352371e-05
3222,1,0.4024455128146721,NCT01717898,0,,0.4024455128146721
3223,1,0.6580020955654324,NCT01796470,0,,0.6580020955654324
3224,1,0.6073820629498651,NCT01796470,0,,0.6073820629498651
3225,1,0.056812764606724686,NCT01402817,0,,0.056812764606724686
3226,1,0.5451619368804713,NCT01453595,0,,0.5451619368804713
3228,1,0.4001157938274149,NCT01453140,0,,0.4001157938274149
3229,1,0.404772994313835,NCT01453140,0,,0.404772994313835
3232,1,0.7911137169741898,NCT01205685,0,,0.7911137169741898
3233,1,0.9203959161985733,NCT01205685,0,,0.9203959161985733
3274,1,0.009143915067747675,NCT01732640,0,,0.009143915067747675
3276,0,0.010547115724105712,NCT02978716,0,,0.010547115724105712
3277,0,0.01888228627998517,NCT02034916,0,,0.01888228627998517
3280,0,0.008990709963110948,NCT04709380,0,,0.008990709963110948
3282,0,0.3667462271846982,NCT04409288,0,,0.3667462271846982
3283,0,0.00014710736295903547,NCT04327401,0,,0.00014710736295903547
3289,0,0.001992216155315907,NCT03796650,0,,0.001992216155315907
3300,0,0.011787293557325626,NCT02735343,0,,0.011787293557325626
3314,0,3.4591208180532466e-05,NCT01287741,0,,3.4591208180532466e-05
3315,0,0.0046000548537841164,NCT01425307,0,,0.0046000548537841164
