row_idx,y,p,NCT_ID,Disease,Drug_Clean,Phase,risk_tolerance,confidence_tier,tier_threshold,safety_cytotoxic_cap,cap_reason,p_adj,cap_applied
133,0,0.00015042299709236073,NCT02847650,Parkinson's Disease,PF-06649751,Phase 2,55.0,B_serious_chronic,0.6,0,,0.00015042299709236073,0
243,1,0.11098852736019371,NCT05695378,Multiple System Atrophy,KM-819,Phase 2,85.0,A_tox_tolerated,0.65,0,,0.11098852736019371,0
244,1,0.8983032021737862,NCT05583110,Metastatic Breast Cancer,tucatinib,Phase 2,88.0,A_tox_tolerated,0.65,0,,0.8983032021737862,0
245,1,0.00015899742335112436,NCT05930938,Neck Cancer,Xevinapant,Phase 3,85.0,A_tox_tolerated,0.65,0,,0.00015899742335112436,0
246,1,0.0015156078317225547,NCT05360264,refracTory pAncreaTic cancEr,decitabine,Phase 2,95.0,A_tox_tolerated,0.65,1,cytotoxic_managed_toxicity,0.0015156078317225547,1
248,1,0.0021995397937777895,NCT04706507,respiratory failure,ganciclovir,Phase 3,90.0,A_tox_tolerated,0.65,0,,0.0021995397937777895,0
249,1,0.0045826485190261605,NCT05055258,"Angioedema, Hereditary, Types I and II",KVD824,Phase 2,55.0,B_serious_chronic,0.6,0,,0.0045826485190261605,0
250,1,0.004853221903767467,NCT04820842,Narcolepsy Type 1 (NT 1),TAK-994,Phase 2,35.0,C_benign,0.5,0,,0.004853221903767467,0
251,1,0.0010598199999821184,NCT04398134,Chronic Hepatitis B,ABI-H2158,Phase 2,55.0,B_serious_chronic,0.6,0,,0.0010598199999821184,0
252,1,0.01949373159870786,NCT04220411,"Dermatitis, Atopic",AR100DP1,Phase 2,20.0,C_benign,0.5,0,,0.01949373159870786,0
254,1,0.2026412947121631,NCT04209621,Ibrutinib-Resistant Chronic Lymphocytic Leukemia,duvelisib,Phase 2,82.0,A_tox_tolerated,0.65,0,,0.2026412947121631,0
256,1,0.4709515922487292,NCT04220632,"GVHD,Acute",Itacitinib,Phase 2,80.0,A_tox_tolerated,0.65,0,,0.4709515922487292,0
258,1,0.004853221903767467,NCT04096560,Narcolepsy Type 1 (NT1); Narcolepsy Type 2 (NT2),TAK-994,Phase 2,35.0,C_benign,0.5,0,,0.004853221903767467,0
259,1,0.39158102890328783,NCT03718143,Acute Myeloid Leukemia,AZD1775 only,Phase 2,90.0,A_tox_tolerated,0.65,0,,0.39158102890328783,0
260,1,0.041396525615103034,NCT03953677,Septic Shock; Vasopressor Resistance,Dexmedetomidine,Phase 3,88.0,A_tox_tolerated,0.65,0,,0.041396525615103034,0
261,1,0.0012733110829484208,NCT03377309,Amyotrophic Lateral Sclerosis,perampanel,Phase 2,95.0,A_tox_tolerated,0.65,0,,0.0012733110829484208,0
262,1,0.0006962341963064652,NCT04165031,Advanced Solid Tumor; Non-Small Cell Lung Cancer; Colorectal Cancer,LY3499446,Phase 2,90.0,A_tox_tolerated,0.65,0,,0.0006962341963064652,0
263,1,0.07731825083658336,NCT03301415,Congenital Cytomegalovirus Infection,valganciclovir,Phase 2,55.0,B_serious_chronic,0.6,0,,0.07731825083658336,0
264,1,0.43435266809059075,NCT03531827,Prostate Cancer,enzalutamide,Phase 2,72.0,A_tox_tolerated,0.65,0,,0.43435266809059075,0
267,1,0.13152101653607562,NCT03729297,Gland Cancer,cabozantinib,Phase 2,75.0,A_tox_tolerated,0.65,0,,0.13152101653607562,0
269,1,0.11825151546836721,NCT03436420,Non-Alcoholic Fatty Liver Disease,Gemcabene,Phase 2,40.0,B_serious_chronic,0.6,0,,0.11825151546836721,0
272,1,0.7685813523541217,NCT03093272,Prostate Cancer,apalutamide,Phase 2,72.0,A_tox_tolerated,0.65,0,,0.7685813523541217,0
273,1,0.01324704542297844,NCT03373422,Endometriosis,BAY1128688,Phase 2,20.0,C_benign,0.5,0,,0.01324704542297844,0
274,1,0.9985867015627559,NCT03131453,Alzheimer's Disease,CNP520,Phase 2/3,60.0,B_serious_chronic,0.6,0,,0.9985867015627559,0
275,1,0.0010108372855936922,NCT03381118,Acute Myeloid Leukemia,cytarabine,Phase 2,90.0,A_tox_tolerated,0.65,1,cytotoxic_managed_toxicity,0.0010108372855936922,1
277,1,0.002391866740021829,NCT02722369,Lung Cancer,hydroxychloroquine,Phase 2,90.0,A_tox_tolerated,0.65,0,,0.002391866740021829,0
278,1,0.06003753958096501,NCT02874651,Nasopharyngeal Carcinoma,Apatinib,Phase 2,85.0,A_tox_tolerated,0.65,0,,0.06003753958096501,0
279,1,0.0016698229263600293,NCT02618577,Atrial High Rate Episodes,edoxaban,Phase 3,40.0,B_serious_chronic,0.6,0,,0.0016698229263600293,0
280,1,0.9968842024598719,NCT02956486,Alzheimer's Disease,Elenbecestat,Phase 3,60.0,B_serious_chronic,0.6,0,,0.9968842024598719,0
281,1,0.08842155287447814,NCT02711137,Solid Tumors,INCB057643,Phase 2,85.0,A_tox_tolerated,0.65,0,,0.08842155287447814,0
282,1,0.010887934305468054,NCT02820519,Neuropathic Pain,loxapine,Phase 2,30.0,C_benign,0.5,0,,0.010887934305468054,0
283,1,0.7967840697522494,NCT02585388,Metastatic Breast Cancer,anastrozole,Phase 2,88.0,A_tox_tolerated,0.65,0,,0.7967840697522494,0
285,1,0.1590719857119018,NCT02439138,Waldenstrom's Macroglobulinemia,idelalisib,Phase 2,72.0,A_tox_tolerated,0.65,0,,0.1590719857119018,0
286,1,0.018255559750646556,NCT02495233,Lung Cancer,gilteritinib,Phase 2,90.0,A_tox_tolerated,0.65,0,,0.018255559750646556,0
287,1,0.8005213431714907,NCT02585388,Metastatic Breast Cancer,letrozole,Phase 2,88.0,A_tox_tolerated,0.65,0,,0.8005213431714907,0
288,1,0.7832175148170792,NCT02457910,Metastatic Breast Cancer,Taselisib,Phase 2,88.0,A_tox_tolerated,0.65,0,,0.7832175148170792,0
289,1,0.002470134365508073,NCT02443194,Depression,duloxetine,Phase 3,40.0,B_serious_chronic,0.6,0,,0.002470134365508073,0
293,1,0.01569205178178046,NCT02173756,Cancer,morphine,Phase 3,85.0,A_tox_tolerated,0.65,0,,0.01569205178178046,0
294,1,0.003122917066879188,NCT01954082,retinopathy of prematurity,myo-Inositol 5%,Phase 3,55.0,B_serious_chronic,0.6,0,,0.003122917066879188,0
295,1,0.17766556780941167,NCT01808950,Cell Carcinoma,0.06% Resiquimod - C,Phase 2,85.0,A_tox_tolerated,0.65,0,,0.17766556780941167,0
296,1,0.022123123682483738,NCT01888965,Colorectal and Pancreas Cancer,Dovitinib,Phase 2,95.0,A_tox_tolerated,0.65,0,,0.022123123682483738,0
297,1,0.064551226100954,NCT01761747,Squamous Cell Lung and Head and Neck Cancer,ponatinib,Phase 2/3,88.0,A_tox_tolerated,0.65,0,,0.064551226100954,0
299,1,0.004274749887160236,NCT01266070,Von Hippel-Lindau Syndrome,Dovitinib,Phase 2,72.0,A_tox_tolerated,0.65,0,,0.004274749887160236,0
300,1,0.9990399885986541,NCT01560585,Alzheimer's Disease,isotretinoin,Phase 2,60.0,B_serious_chronic,0.6,0,,0.9990399885986541,0
301,1,0.0005369505227658261,NCT00978432,Cell Lymphoma,panobinostat,Phase 2,85.0,A_tox_tolerated,0.65,0,,0.0005369505227658261,0
302,1,0.0005824740598143395,NCT01792635,Type 2 Diabetes Mellitus,PF-05175157,Phase 2,40.0,B_serious_chronic,0.6,0,,0.0005824740598143395,0
303,1,0.2073328713142551,NCT01631279,"Unspecified Adult Solid Tumor, Protocol Specific",TH-4000 (Tarloxotinib),Phase 2,88.0,A_tox_tolerated,0.65,0,,0.2073328713142551,0
305,1,0.014520994013014751,NCT01611662,Bladder Cancer,gemcitabine,Phase 2,75.0,A_tox_tolerated,0.65,1,cytotoxic_managed_toxicity,0.014520994013014751,1
306,1,0.029728340983810886,NCT01319539,Breast Cancer,Akt Inhibitor MK2206,Phase 2,75.0,A_tox_tolerated,0.65,0,,0.029728340983810886,0
307,1,0.0002663495573817339,NCT01351675,Type 2 Diabetes,Bardoxolone Methyl:,Phase 3,40.0,B_serious_chronic,0.6,0,,0.0002663495573817339,0
308,1,0.21177712392825104,NCT01491633,Lung Cancer,Dasatinib,Phase 2,90.0,A_tox_tolerated,0.65,0,,0.21177712392825104,0
309,1,0.5989191299380016,NCT01483690,Acute Lymphoblastic Leukemia; Precursor B-Cell Lymphoblastic Leukemia; Precursor T-Cell Lymphoblastic Leukemia,decitabine,Phase 2,90.0,A_tox_tolerated,0.65,1,cytotoxic_managed_toxicity,0.15,1
310,1,0.662691195465112,NCT01483690,Acute Lymphoblastic Leukemia; Precursor B-Cell Lymphoblastic Leukemia; Precursor T-Cell Lymphoblastic Leukemia,vorinostat,Phase 2,90.0,A_tox_tolerated,0.65,1,cytotoxic_managed_toxicity,0.15,1
311,1,0.01451491336269243,NCT01277510,"Chronic Kidney Disease; Hyperparathyroidism; Hyperparathyroidism, Secondary; Kidney Disease; Secondary Hyperparathyroidism",cinacalcet,Phase 3,60.0,B_serious_chronic,0.6,0,,0.01451491336269243,0
312,1,0.10677130519936213,NCT01388647,Operable HER2 Positive Breast Cancer,eribulin,Phase 2,80.0,A_tox_tolerated,0.65,0,,0.10677130519936213,0
313,1,0.001940165763197331,NCT01151137,Atrial Fibrillation,dronedarone,Phase 3,45.0,B_serious_chronic,0.6,0,,0.001940165763197331,0
314,1,0.2601543932081688,NCT01108458,Pancreatic Cancer,Erlotinib,Phase 2,95.0,A_tox_tolerated,0.65,0,,0.2601543932081688,0
315,1,0.00021873658182556413,NCT01127542,Chronic Lymphocytic Leukaemia,lenalidomide,Phase 2,70.0,A_tox_tolerated,0.65,0,,0.00021873658182556413,0
316,1,0.0036493763244998334,NCT01179737,Pulmonary Arterial Hypertension,nilotinib,Phase 2,80.0,A_tox_tolerated,0.65,0,,0.0036493763244998334,0
317,1,0.0008274444373702261,NCT01204853,"Hypertension, Pulmonary",sitaxentan,Phase 3,80.0,A_tox_tolerated,0.65,0,,0.0008274444373702261,0
318,1,0.0008356282379553645,NCT01210443,"Hypertension, Pulmonary",sitaxentan,Phase 3,80.0,A_tox_tolerated,0.65,0,,0.0008356282379553645,0
319,1,0.07168482515061056,NCT00796510,Pulmonary Arterial Hypertension; Pulmonary Hypertension,sitaxentan,Phase 3,80.0,A_tox_tolerated,0.65,0,,0.07168482515061056,0
320,0,0.0004676650143590884,NCT07194694,Pain,bupivacaine,Phase 3,15.0,C_benign,0.5,0,,0.0004676650143590884,0
321,0,0.0006127451836965085,NCT06576882,Helicobacter Pylori Infection; Gastritis; Vonoprazan; Adolescents,amoxicillin,Phase 3,28.0,C_benign,0.5,0,,0.0006127451836965085,0
322,0,0.01041739385997233,NCT06318481,"Stent Thrombosis; Myocardial Infarction, Acute",clopidogrel,Phase 3,82.0,A_tox_tolerated,0.65,0,,0.01041739385997233,0
323,0,2.2939712110329497e-05,NCT06192108,Type 2 Diabetes,dapagliflozin,Phase 3,40.0,B_serious_chronic,0.6,0,,2.2939712110329497e-05,0
324,0,2.234256586357865e-05,NCT06415773,Type 2 Diabetes,dapagliflozin,Phase 3,40.0,B_serious_chronic,0.6,0,,2.234256586357865e-05,0
325,0,0.0006671386229972719,NCT07028697,insomnia,daridorexant,Phase 3,15.0,C_benign,0.5,0,,0.0006671386229972719,0
326,0,0.0001863613437759153,NCT07289945,Early Recovery in Elderly Patients; Cognitive Function,desflurane,Phase 3,10.0,C_benign,0.5,0,,0.0001863613437759153,0
327,0,1.273284247395617e-05,NCT05214911,allergic rhinitis,desloratadine,Phase 3,8.0,C_benign,0.5,0,,1.273284247395617e-05,0
328,0,0.001939479149235183,NCT07326904,Gastro Oesophageal Reflux Disease,esomeprazole,Phase 3,20.0,C_benign,0.5,0,,0.001939479149235183,0
329,0,0.0013437761474908716,NCT06590870,Procedural Pain,fentanyl,Phase 3,8.0,C_benign,0.5,0,,0.0013437761474908716,0
330,0,0.012029023981399777,NCT06206408,hot flashes,fezolinetant,Phase 3,8.0,C_benign,0.5,0,,0.012029023981399777,0
331,0,0.002258981930336272,NCT06685679,"Neonatal Diseases and Abnormalities; Neonatal Mortality; Pulmonary Arterial Hypertension; Pulmonary Arterial Hypertension, Children",melatonin,Phase 3,50.0,B_serious_chronic,0.6,0,,0.002258981930336272,0
332,0,0.003094960178171214,NCT05486416,General Anesthesia,propofol,Phase 3,10.0,C_benign,0.5,0,,0.003094960178171214,0
333,0,0.00020976364147522278,NCT06391931,Anesthesia,propofol,Phase 3,15.0,C_benign,0.5,0,,0.00020976364147522278,0
334,0,0.016329055490589058,NCT06714669,intraoperative hypotension,remimazolam,Phase 3,45.0,B_serious_chronic,0.6,0,,0.016329055490589058,0
335,0,0.0001787228198815077,NCT06744777,Dengue Hemorrhagic Fever,ribavirin,Phase 3,80.0,A_tox_tolerated,0.65,0,,0.0001787228198815077,0
336,0,7.531730239343013e-05,NCT07289945,Early Recovery in Elderly Patients; Cognitive Function,sevoflurane,Phase 3,10.0,C_benign,0.5,0,,7.531730239343013e-05,0
337,0,0.00943404238478413,NCT06466369,BPH With Other Lower Urinary Tract Symptoms,tadalafil,Phase 3,15.0,C_benign,0.5,0,,0.00943404238478413,0
338,0,0.11256616944146222,NCT06258785,postoperative urinary retention,tizanidine,Phase 3,12.0,C_benign,0.5,0,,0.11256616944146222,0
339,0,1.659790474837171e-05,NCT05761574,Pain,acetaminophen,Phase 3,15.0,C_benign,0.5,0,,1.659790474837171e-05,0
340,0,2.3595264306705066e-05,NCT05586971,gout,allopurinol,Phase 3,18.0,C_benign,0.5,0,,2.3595264306705066e-05,0
341,0,2.223969387270113e-05,NCT06088043,plaque psoriasis,apremilast,Phase 3,25.0,C_benign,0.5,0,,2.223969387270113e-05,0
342,0,2.223969387270113e-05,NCT06108544,plaque psoriasis,apremilast,Phase 3,25.0,C_benign,0.5,0,,2.223969387270113e-05,0
343,0,6.51695835756895e-05,NCT05861427,migraine,atogepant,Phase 3,20.0,C_benign,0.5,0,,6.51695835756895e-05,0
344,0,0.0009723660147804017,NCT05878093,Chronic Rhinosinusitis With Nasal Polyps,budesonide,Phase 3,15.0,C_benign,0.5,0,,0.0009723660147804017,0
345,0,0.0005920994190896799,NCT06165679,hemodynamic instability,bupivacaine,Phase 3,80.0,A_tox_tolerated,0.65,0,,0.0005920994190896799,0
346,0,0.0004749328430268456,NCT06616441,postoperative pain,bupivacaine,Phase 3,8.0,C_benign,0.5,0,,0.0004749328430268456,0
347,0,9.853010192760304e-05,NCT05682326,anemia,daprodustat,Phase 3,40.0,B_serious_chronic,0.6,0,,9.853010192760304e-05,0
348,0,0.0006305111226421407,NCT06010693,insomnia,daridorexant,Phase 3,15.0,C_benign,0.5,0,,0.0006305111226421407,0
349,0,2.9137584172974733e-05,NCT05988671,Laparoscopic Cholecystectomy; Postoperative Nausea and Vomiting,dexamethasone,Phase 3,15.0,C_benign,0.5,0,,2.9137584172974733e-05,0
350,0,1.5281999820966333e-05,NCT05763875,Hypercholesterolemia,ezetimibe,Phase 3,38.0,C_benign,0.5,0,,1.5281999820966333e-05,0
351,0,0.00023000376569133927,NCT05692154,seasonal allergic rhinitis,fexofenadine,Phase 3,8.0,C_benign,0.5,0,,0.00023000376569133927,0
352,0,0.00041546309639380475,NCT05690698,Hyperactive Delirium,haloperidol,Phase 3,40.0,B_serious_chronic,0.6,0,,0.00041546309639380475,0
353,0,0.00014141738874032787,NCT05754996,hepatic encephalopathy,lactulose,Phase 3,75.0,A_tox_tolerated,0.65,0,,0.00014141738874032787,0
354,0,2.7385200492804707e-05,NCT05794555,Cirrhosis,lactulose,Phase 3,80.0,A_tox_tolerated,0.65,0,,2.7385200492804707e-05,0
355,0,0.023643361825433036,NCT05763823,Prevention of Cytomegalovirus Infection,letermovir,Phase 3,65.0,B_serious_chronic,0.6,0,,0.023643361825433036,0
356,0,0.00024790147452846516,NCT06846307,traumatic brain injury,mannitol,Phase 3,82.0,A_tox_tolerated,0.65,0,,0.00024790147452846516,0
357,0,0.0011719404984469307,NCT06103188,Anxiety; Preoperative Anxiety,melatonin,Phase 3,15.0,C_benign,0.5,0,,0.0011719404984469307,0
358,0,0.0012679915402349046,NCT05680129,T2DM; Type 2 Diabetes Mellitus,metformin,Phase 3,40.0,B_serious_chronic,0.6,0,,0.0012679915402349046,0
360,0,0.00015063967938652663,NCT06297954,upper gastrointestinal bleeding,metoclopramide,Phase 3,80.0,A_tox_tolerated,0.65,0,,0.00015063967938652663,0
361,0,0.006095740013625379,NCT05458609,Alcohol Use Disorder,naltrexone,Phase 3,40.0,B_serious_chronic,0.6,0,,0.006095740013625379,0
362,0,0.0008009350129104727,NCT05630833,Recurrent urinary tract infections,nitrofurantoin,Phase 3,25.0,C_benign,0.5,0,,0.0008009350129104727,0
363,0,0.00015948967915280663,NCT05680870,in Cancer,omeprazole,Phase 3,85.0,A_tox_tolerated,0.65,0,,0.00015948967915280663,0
364,0,6.531145281605802e-05,NCT06165679,hemodynamic instability,prilocaine,Phase 3,80.0,A_tox_tolerated,0.65,0,,6.531145281605802e-05,0
365,0,0.0002645532985001721,NCT06091436,Infertility,progesterone,Phase 3,8.0,C_benign,0.5,0,,0.0002645532985001721,0
366,0,0.00032442374696752186,NCT05615025,"Anesthesia, General; Neuromuscular Transmission Disorders",propofol,Phase 3,30.0,C_benign,0.5,0,,0.00032442374696752186,0
367,0,0.0006493936859692488,NCT05836545,Healthy,remimazolam,Phase 3,5.0,C_benign,0.5,0,,0.0006493936859692488,0
368,0,0.0008143164609307936,NCT06013345,atrial fibrillation,remimazolam,Phase 3,55.0,B_serious_chronic,0.6,0,,0.0008143164609307936,0
369,0,0.0028701934368874425,NCT05810038,migraine,rimegepant,Phase 3,20.0,C_benign,0.5,0,,0.0028701934368874425,0
370,0,0.0016527835643764615,NCT05779241,Schizophrenia; Schizoaffective Disorder,risperidone,Phase 3,62.0,B_serious_chronic,0.6,0,,0.0016527835643764615,0
371,0,0.01285957580407152,NCT05773846,Post-surgical Pain,ropivacaine,Phase 3,8.0,C_benign,0.5,0,,0.01285957580407152,0
372,0,0.0001570494779852527,NCT05615025,"Anesthesia, General; Neuromuscular Transmission Disorders",sevoflurane,Phase 3,30.0,C_benign,0.5,0,,0.0001570494779852527,0
373,0,0.0005624904294890249,NCT06103825,sleep apnea,solriamfetol,Phase 3,40.0,B_serious_chronic,0.6,0,,0.0005624904294890249,0
374,0,0.001901975174313736,NCT05753670,Postoperative Retention of Urine,tamsulosin,Phase 3,15.0,C_benign,0.5,0,,0.001901975174313736,0
375,0,0.00013247349907376333,NCT06135415,actinic keratosis,tirbanibulin,Phase 3,18.0,C_benign,0.5,0,,0.00013247349907376333,0
376,0,0.0035393962975440113,NCT06278402,Alopecia Areata; Alopecia Totalis; Alopecia Universalis,tofacitinib,Phase 3,10.0,C_benign,0.5,0,,0.0035393962975440113,0
377,0,0.0022832684271153958,NCT06215820,Acute Pain; Post Operative Pain; Pain,tramadol,Phase 3,8.0,C_benign,0.5,0,,0.0022832684271153958,0
378,0,0.0022832684271153958,NCT06215859,Acute Pain; Post Operative Pain; Pain,tramadol,Phase 3,8.0,C_benign,0.5,0,,0.0022832684271153958,0
379,0,0.0007789999555913319,NCT05811676,"Hemorrhage, Postpartum; Placenta Previa",tranexamic acid,Phase 3,80.0,A_tox_tolerated,0.65,0,,0.0007789999555913319,0
380,0,2.7566802900399052e-05,NCT06288685,pain,triamcinolone,Phase 3,20.0,C_benign,0.5,0,,2.7566802900399052e-05,0
381,0,3.4459073403704545e-05,NCT06122649,plaque psoriasis,apremilast,Phase 3,25.0,C_benign,0.5,0,,3.4459073403704545e-05,0
382,0,0.0007403508223385784,NCT05639946,neuropathic pain,brivaracetam,Phase 3,25.0,C_benign,0.5,0,,0.0007403508223385784,0
383,0,0.0009422057594596191,NCT05726097,Colon Cancer; Inflammatory Bowel Diseases; Gastrointestinal Bleed; Colon Polyp,prucalopride,Phase 3,85.0,A_tox_tolerated,0.65,0,,0.0009422057594596191,0
384,0,0.0015351968478500887,NCT05174065,palmoplantar pustulosis,apremilast,Phase 3,15.0,C_benign,0.5,0,,0.0015351968478500887,0
385,0,0.0026179595687742955,NCT05216263,chronic migraine,atogepant,Phase 3,22.0,C_benign,0.5,0,,0.0026179595687742955,0
386,0,8.485046988951651e-05,NCT05311475,seasonal allergic rhinitis,azelastine,Phase 3,8.0,C_benign,0.5,0,,8.485046988951651e-05,0
387,0,8.997568974317644e-05,NCT05292586,asthma,beclomethasone dipropionate,Phase 3,42.0,B_serious_chronic,0.6,0,,8.997568974317644e-05,0
388,0,0.04065882617921271,NCT05656027,presbyopia,brimonidine,Phase 3,5.0,C_benign,0.5,0,,0.04065882617921271,0
389,0,0.0004676650143590884,NCT05624151,pain,bupivacaine,Phase 3,20.0,C_benign,0.5,0,,0.0004676650143590884,0
390,0,0.00027060985145236944,NCT05430217,Vertigo; Autonomic Dysfunction,buspirone,Phase 3,30.0,C_benign,0.5,0,,0.00027060985145236944,0
391,0,0.00017686350526655579,NCT05485805,Pain,caffeine,Phase 3,15.0,C_benign,0.5,0,,0.00017686350526655579,0
392,0,4.721729525342796e-05,NCT05439616,autism spectrum disorder,cariprazine,Phase 3,20.0,C_benign,0.5,0,,4.721729525342796e-05,0
394,0,0.00024130699025642354,NCT05196347,Chronic Kidney Diseases,dapagliflozin,Phase 3,60.0,B_serious_chronic,0.6,0,,0.00024130699025642354,0
395,0,0.008043632324222763,NCT05438875,purpura,eltrombopag,Phase 3,40.0,B_serious_chronic,0.6,0,,0.008043632324222763,0
396,0,0.0011579867926398732,NCT05364190,Chronic Heart Failure; Acute Heart Failure; Diabetes Mellitus,empagliflozin,Phase 3,80.0,A_tox_tolerated,0.65,0,,0.0011579867926398732,0
397,0,0.00011387470759027636,NCT05950061,Major Depressive Disorder,escitalopram,Phase 3,42.0,B_serious_chronic,0.6,0,,0.00011387470759027636,0
398,0,0.002546230156501299,NCT05617820,Dyspareunia,estradiol,Phase 3,12.0,C_benign,0.5,0,,0.002546230156501299,0
399,0,0.000687384699780876,NCT05570292,Gastric Residual Volume,folic acid,Phase 3,8.0,C_benign,0.5,0,,0.000687384699780876,0
400,0,0.0015473355128468728,NCT05620641,Post Operative Nausea and Vomiting; Sleeve Gastrectomy; Morbid Obesity,gabapentin,Phase 3,30.0,C_benign,0.5,0,,0.0015473355128468728,0
402,0,0.0010186721174271546,NCT05475665,Essential Hypertension,irbesartan,Phase 3,40.0,B_serious_chronic,0.6,0,,0.0010186721174271546,0
403,0,0.0010186721174271546,NCT05476354,Essential Hypertension,irbesartan,Phase 3,40.0,B_serious_chronic,0.6,0,,0.0010186721174271546,0
404,0,2.8378926303043863e-05,NCT03941860,Multiple Myeloma,ixazomib citrate,Phase 3,82.0,A_tox_tolerated,0.65,0,,2.8378926303043863e-05,0
405,0,0.009208388095241344,NCT05233566,Postoperative Depression,ketamine,Phase 3,30.0,C_benign,0.5,0,,0.009208388095241344,0
406,0,8.69722865063222e-06,NCT05291598,total hip arthroplasty,ketorolac,Phase 3,25.0,C_benign,0.5,0,,8.69722865063222e-06,0
407,0,0.012858487619492815,NCT05629390,blepharitis,lotilaner,Phase 3,6.0,C_benign,0.5,0,,0.012858487619492815,0
408,0,0.9509896137718113,NCT05167825,Pulmonary Arterial Hypertension,macitentan,Phase 3,80.0,A_tox_tolerated,0.65,0,,0.9509896137718113,0
409,0,0.00013759715649009607,NCT05137717,cytomegalovirus infection,maribavir,Phase 3,55.0,B_serious_chronic,0.6,0,,0.00013759715649009607,0
410,0,0.0038647023874724936,NCT05174416,hypertrophic cardiomyopathy,mavacamten,Phase 3,70.0,A_tox_tolerated,0.65,0,,0.0038647023874724936,0
411,0,0.008001248690266576,NCT05414175,cardiomyopathy,mavacamten,Phase 3,75.0,A_tox_tolerated,0.65,0,,0.008001248690266576,0
413,0,0.011813190133125597,NCT04979806,Complicated Urinary Tract Infection; Acute Pyelonephritis,meropenem,Phase 3,55.0,B_serious_chronic,0.6,0,,0.011813190133125597,0
414,0,0.004142149133799533,NCT04826692,Huntington Disease,metformin,Phase 3,82.0,A_tox_tolerated,0.65,0,,0.004142149133799533,0
415,0,0.0002884874046266794,NCT05280496,Diabetes,metformin,Phase 3,40.0,B_serious_chronic,0.6,0,,0.0002884874046266794,0
416,0,0.0017968254252161483,NCT05413369,Type 2 Diabetes Mellitus,metformin,Phase 3,40.0,B_serious_chronic,0.6,0,,0.0017968254252161483,0
417,0,0.0005743157236275824,NCT05722951,Epilepsy,metformin,Phase 3,58.0,B_serious_chronic,0.6,0,,0.0005743157236275824,0
418,0,0.16650269967408773,NCT05097326,Labor induction,mifepristone,Phase 3,40.0,B_serious_chronic,0.6,0,,0.16650269967408773,0
419,0,0.0004820559457610899,NCT05097326,Labor induction,misoprostol,Phase 3,40.0,B_serious_chronic,0.6,0,,0.0004820559457610899,0
420,0,0.000266385897986577,NCT05424445,Labor induction,misoprostol,Phase 3,40.0,B_serious_chronic,0.6,0,,0.000266385897986577,0
421,0,0.00025523089647934503,NCT05355974,Anesthesia-induced hypotension,norepinephrine,Phase 3,30.0,C_benign,0.5,0,,0.00025523089647934503,0
422,0,0.16235153143682274,NCT05027802,fibrodysplasia ossificans progressiva,palovarotene,Phase 3,75.0,A_tox_tolerated,0.65,0,,0.16235153143682274,0
423,0,0.0024136403933980423,NCT05223166,excessive daytime sleepiness,pitolisant,Phase 3,18.0,C_benign,0.5,0,,0.0024136403933980423,0
424,0,0.0168501342986121,NCT05458128,idiopathic hypersomnia,pitolisant,Phase 3,15.0,C_benign,0.5,0,,0.0168501342986121,0
425,0,0.0030221503284872634,NCT05478174,General Anesthesia,propofol,Phase 3,10.0,C_benign,0.5,0,,0.0030221503284872634,0
426,0,0.0028701934368874425,NCT05399485,migraine,rimegepant,Phase 3,20.0,C_benign,0.5,0,,0.0028701934368874425,0
427,0,0.0001931601363312334,NCT05369793,type 2 diabetes mellitus,roflumilast,Phase 3,40.0,B_serious_chronic,0.6,0,,0.0001931601363312334,0
428,0,3.2824777746295165e-05,NCT05301517,anemia,roxadustat,Phase 3,40.0,B_serious_chronic,0.6,0,,3.2824777746295165e-05,0
429,0,0.0009614035377227085,NCT05950061,Major Depressive Disorder,sertraline,Phase 3,42.0,B_serious_chronic,0.6,0,,0.0009614035377227085,0
430,0,0.0001278831791633579,NCT05072704,total hip arthroplasty,sufentanil,Phase 3,25.0,C_benign,0.5,0,,0.0001278831791633579,0
431,0,3.739153578998908e-05,NCT04937881,HIV infection,tenofovir alafenamide,Phase 3,62.0,B_serious_chronic,0.6,0,,3.739153578998908e-05,0
432,0,0.0027452444654326863,NCT06146478,Transfusion-dependent Beta-Thalassemia,thalidomide,Phase 3,62.0,B_serious_chronic,0.6,0,,0.0027452444654326863,0
433,0,0.06586631634709586,NCT05429671,Total Knee Arthoplasty,tobramycin,Phase 3,18.0,C_benign,0.5,0,,0.06586631634709586,0
434,0,0.004517652572433957,NCT07043049,Shivering,tramadol,Phase 3,6.0,C_benign,0.5,0,,0.004517652572433957,0
435,0,0.0007418207746178417,NCT05601882,atopic dermatitis,upadacitinib,Phase 3,20.0,C_benign,0.5,0,,0.0007418207746178417,0
436,0,5.721946630032591e-05,NCT06248931,migraine,valproic acid,Phase 3,20.0,C_benign,0.5,0,,5.721946630032591e-05,0
437,0,0.42794828108503646,NCT05320575,hemophagocytic lymphohistiocytosis,zanubrutinib,Phase 3,90.0,A_tox_tolerated,0.65,0,,0.42794828108503646,0
438,0,2.3002109759042334e-05,NCT05658380,Anesthesia,atropine,Phase 3,15.0,C_benign,0.5,0,,2.3002109759042334e-05,0
439,0,8.203641927931595e-05,NCT06948513,Pain Management,ibuprofen,Phase 3,15.0,C_benign,0.5,0,,8.203641927931595e-05,0
441,0,2.3595264306705066e-05,NCT04956432,gout,allopurinol,Phase 3,18.0,C_benign,0.5,0,,2.3595264306705066e-05,0
442,0,0.0026179595687742955,NCT04829747,chronic migraine,atogepant,Phase 3,22.0,C_benign,0.5,0,,0.0026179595687742955,0
443,0,0.006014144700459031,NCT04476420,oral submucous fibrosis,betamethasone valerate,Phase 3,30.0,C_benign,0.5,0,,0.006014144700459031,0
444,0,0.0004676650143590884,NCT04825704,Pain,bupivacaine,Phase 3,15.0,C_benign,0.5,0,,0.0004676650143590884,0
445,0,0.0004676650143590884,NCT04974385,pain,bupivacaine,Phase 3,20.0,C_benign,0.5,0,,0.0004676650143590884,0
446,0,0.024801444109338027,NCT05171179,Mammaplasty,bupivacaine,Phase 3,5.0,C_benign,0.5,0,,0.024801444109338027,0
448,0,0.000672545137576006,NCT04345796,Tricuspid Regurgitation; Right Ventricular Dilatation,carvedilol,Phase 3,62.0,B_serious_chronic,0.6,0,,0.000672545137576006,0
449,0,0.0009593984172691075,NCT06754410,Lower Ureteric Stones,cetirizine,Phase 3,20.0,C_benign,0.5,0,,0.0009593984172691075,0
450,0,0.0007255768856987632,NCT04847947,Pre-frail Elderly,vitamin D3,Phase 3,25.0,C_benign,0.5,0,,0.0007255768856987632,0
452,0,0.010577247444336326,NCT06120725,Ischemic Stroke,clopidogrel,Phase 3,82.0,A_tox_tolerated,0.65,0,,0.010577247444336326,0
455,0,1.712124452185099e-05,NCT04765371,Coronavirus Infection,dexamethasone,Phase 3,70.0,A_tox_tolerated,0.65,0,,1.712124452185099e-05,0
456,0,9.956104260512443e-05,NCT04707352,Heart Failure,dapagliflozin,Phase 3,80.0,A_tox_tolerated,0.65,0,,9.956104260512443e-05,0
457,0,1.9428343953030643e-05,NCT04636671,Covid19; Viral Pneumonia Human Coronavirus; Severe Acute Respiratory Syndrome,dexamethasone,Phase 3,85.0,A_tox_tolerated,0.65,0,,1.9428343953030643e-05,0
458,0,7.579435114274593e-05,NCT04655144,Post Uterine Artery Embolization Pain,dexamethasone,Phase 3,10.0,C_benign,0.5,0,,7.579435114274593e-05,0
460,0,2.890040743804606e-05,NCT04976777,Macular Edema,dexamethasone,Phase 3,25.0,C_benign,0.5,0,,2.890040743804606e-05,0
461,0,2.3533657878426188e-05,NCT05564286,Chemoradiotherapy in Cervical Cancer,dexamethasone,Phase 3,85.0,A_tox_tolerated,0.65,0,,2.3533657878426188e-05,0
462,0,0.0010064953703925739,NCT05001555,low back pain,dexketoprofen,Phase 3,12.0,C_benign,0.5,0,,0.0010064953703925739,0
463,0,3.168331539193183e-05,NCT04940390,migraine,dihydroergotamine,Phase 3,20.0,C_benign,0.5,0,,3.168331539193183e-05,0
464,0,0.00020756689063892276,NCT05083923,Multiple Sclerosis,diroximel fumarate,Phase 3,60.0,B_serious_chronic,0.6,0,,0.00020756689063892276,0
465,0,0.03518458825160621,NCT04504812,Improving Outcomes in People With Knee Osteoarthritis Pain,duloxetine,Phase 3,20.0,C_benign,0.5,0,,0.03518458825160621,0
466,0,0.0018054637350724018,NCT04730037,CTEPH,edoxaban,Phase 3,80.0,A_tox_tolerated,0.65,0,,0.0018054637350724018,0
467,0,0.00010996240940468556,NCT04345796,Tricuspid Regurgitation; Right Ventricular Dilatation,empagliflozin,Phase 3,62.0,B_serious_chronic,0.6,0,,0.00010996240940468556,0
468,0,0.16201590860735107,NCT04934722,Prostate Cancer,enzalutamide,Phase 3,72.0,A_tox_tolerated,0.65,0,,0.16201590860735107,0
470,0,0.43243959917662683,NCT04774380,Lung Cancer,etoposide,Phase 3,90.0,A_tox_tolerated,0.65,1,cytotoxic_managed_toxicity,0.15,1
471,0,0.009307920470423305,NCT04878016,SCLC,etoposide,Phase 3,90.0,A_tox_tolerated,0.65,1,cytotoxic_managed_toxicity,0.009307920470423305,1
473,0,1.0999836971224802e-05,NCT05185284,COVID-19,favipiravir,Phase 3,75.0,A_tox_tolerated,0.65,0,,1.0999836971224802e-05,0
474,0,0.0004374218404420962,NCT05137184,Acute Pain; Ambulances,fentanyl,Phase 3,12.0,C_benign,0.5,0,,0.0004374218404420962,0
475,0,0.003965172901422563,NCT05848492,Invasive Candidiases,fluconazole,Phase 3,82.0,A_tox_tolerated,0.65,0,,0.003965172901422563,0
476,0,0.00014077855958263632,NCT04629703,pneumonia,fostamatinib,Phase 3,70.0,A_tox_tolerated,0.65,0,,0.00014077855958263632,0
477,0,5.743629580068299e-05,NCT04615624,preeclampsia,furosemide,Phase 3,75.0,A_tox_tolerated,0.65,0,,5.743629580068299e-05,0
478,0,5.743629580068299e-05,NCT04752475,preeclampsia,furosemide,Phase 3,75.0,A_tox_tolerated,0.65,0,,5.743629580068299e-05,0
479,0,3.069465919816704e-05,NCT05093621,heart failure,furosemide,Phase 3,80.0,A_tox_tolerated,0.65,0,,3.069465919816704e-05,0
480,0,0.01500606297393225,NCT04935359,Metastatic Pancreatic Ductal Adenocarcinoma,gemcitabine,Phase 3,95.0,A_tox_tolerated,0.65,1,cytotoxic_managed_toxicity,0.01500606297393225,1
481,0,0.2497435954652381,NCT04842604,Acute Myeloid Leukemia; Myelodysplastic Syndrome; Chronic Myelomonocytic Leukemia,glasdegib,Phase 3,90.0,A_tox_tolerated,0.65,0,,0.2497435954652381,0
482,0,0.0008364047881018992,NCT04918862,1mg Vs 3 mg of Granisetron,granisetron,Phase 3,10.0,C_benign,0.5,0,,0.0008364047881018992,0
483,0,6.66315667807769e-05,NCT05087615,"Bariatric Surgery Candidate; Perioperative Complication; Nausea; Vomiting, Postoperative; Drug Effect",granisetron,Phase 3,25.0,C_benign,0.5,0,,6.66315667807769e-05,0
484,0,0.018599003909265836,NCT04750707,Sickle Cell Anemia in Children,hydroxyurea,Phase 3,65.0,B_serious_chronic,0.6,0,,0.018599003909265836,0
485,0,0.00013124179230734924,NCT04819776,bipolar I disorder,iloperidone,Phase 3,52.0,B_serious_chronic,0.6,0,,0.00013124179230734924,0
486,0,0.0018402270168915284,NCT04684238,sedation,isoflurane,Phase 3,15.0,C_benign,0.5,0,,0.0018402270168915284,0
488,0,0.00014770602294790678,NCT04955158,Sore Throat,ketamine,Phase 3,5.0,C_benign,0.5,0,,0.00014770602294790678,0
490,0,0.00853458618953444,NCT04874935,Breast Cancer,lansoprazole,Phase 3,75.0,A_tox_tolerated,0.65,0,,0.00853458618953444,0
491,0,0.006667528305390869,NCT07079540,Reflux Esophagitis,lansoprazole,Phase 3,22.0,C_benign,0.5,0,,0.006667528305390869,0
492,0,2.930885541190395e-05,NCT04591353,total hip arthroplasty,lidocaine,Phase 3,25.0,C_benign,0.5,0,,2.930885541190395e-05,0
493,0,0.00031164798494372973,NCT04775225,juvenile idiopathic arthritis,lidocaine,Phase 3,50.0,B_serious_chronic,0.6,0,,0.00031164798494372973,0
494,0,5.4155574851461895e-05,NCT04985942,Major Depressive Disorder,lumateperone,Phase 3,42.0,B_serious_chronic,0.6,0,,5.4155574851461895e-05,0
495,0,5.4155574851461895e-05,NCT05061706,Major Depressive Disorder,lumateperone,Phase 3,42.0,B_serious_chronic,0.6,0,,5.4155574851461895e-05,0
496,0,0.00011239148518335739,NCT05061719,Major Depressive Disorder,lumateperone,Phase 3,42.0,B_serious_chronic,0.6,0,,0.00011239148518335739,0
497,0,0.007487183602717362,NCT04786873,isolated growth hormone deficiency type IA,macimorelin,Phase 3,30.0,C_benign,0.5,0,,0.007487183602717362,0
500,0,0.0012616425007671323,NCT04221750,Frailty; Sarcopenic Obesity; Aging,metformin,Phase 3,30.0,C_benign,0.5,0,,0.0012616425007671323,0
501,0,0.0002262862394220631,NCT04807348,Type 2 Diabetes,metformin,Phase 3,40.0,B_serious_chronic,0.6,0,,0.0002262862394220631,0
502,0,0.00045415285584139855,NCT05137184,Acute Pain; Ambulances,methoxyflurane,Phase 3,12.0,C_benign,0.5,0,,0.00045415285584139855,0
503,0,7.614198227476942e-05,NCT04636671,Covid19; Viral Pneumonia Human Coronavirus; Severe Acute Respiratory Syndrome,methylprednisolone,Phase 3,85.0,A_tox_tolerated,0.65,0,,7.614198227476942e-05,0
505,0,3.0462937678210892e-05,NCT05087615,"Bariatric Surgery Candidate; Perioperative Complication; Nausea; Vomiting, Postoperative; Drug Effect",metoclopramide,Phase 3,25.0,C_benign,0.5,0,,3.0462937678210892e-05,0
506,0,0.002191437859301905,NCT04927312,Complicated Intra-abdominal Infection,metronidazole,Phase 3,65.0,B_serious_chronic,0.6,0,,0.002191437859301905,0
507,0,0.004591898474322212,NCT04624750,myotonic dystrophy type 1,mexiletine,Phase 3,65.0,B_serious_chronic,0.6,0,,0.004591898474322212,0
508,0,0.00019383147082975934,NCT04515186,mania,miltefosine,Phase 3,45.0,B_serious_chronic,0.6,0,,0.00019383147082975934,0
509,0,0.012044380230040112,NCT05065190,"Lung Diseases, Interstitial",nintedanib,Phase 3,75.0,A_tox_tolerated,0.65,0,,0.012044380230040112,0
510,0,2.5405751371346975e-05,NCT05276596,hypotension,norepinephrine,Phase 3,40.0,B_serious_chronic,0.6,0,,2.5405751371346975e-05,0
512,0,0.0003603086945982708,NCT04779242,Community-acquired Pneumonia; Bacterial Pneumonia,omadacycline,Phase 3,60.0,B_serious_chronic,0.6,0,,0.0003603086945982708,0
513,0,0.00017882577378774105,NCT05087615,"Bariatric Surgery Candidate; Perioperative Complication; Nausea; Vomiting, Postoperative; Drug Effect",ondansetron,Phase 3,25.0,C_benign,0.5,0,,0.00017882577378774105,0
514,0,3.2417349741581295e-05,NCT04765371,Coronavirus Infection,prednisolone,Phase 3,70.0,A_tox_tolerated,0.65,0,,3.2417349741581295e-05,0
515,0,0.026262713758528216,NCT04887506,Prostate Cancer,prednisone,Phase 3,72.0,A_tox_tolerated,0.65,0,,0.026262713758528216,0
516,0,0.00010765685295842401,NCT04411836,malaria,primaquine,Phase 3,75.0,A_tox_tolerated,0.65,0,,0.00010765685295842401,0
517,0,0.00021900917498503505,NCT04711837,Anesthesia,propofol,Phase 3,15.0,C_benign,0.5,0,,0.00021900917498503505,0
518,0,0.0060709951690180505,NCT04958746,Gynecological Outpatient Surgery,propofol,Phase 3,12.0,C_benign,0.5,0,,0.0060709951690180505,0
519,0,6.917163917473624e-05,NCT04940689,Anesthesia,remifentanil,Phase 3,15.0,C_benign,0.5,0,,6.917163917473624e-05,0
520,0,0.5186318564863198,NCT04800172,obesity,roflumilast,Phase 3,35.0,C_benign,0.5,0,,0.5186318564863198,0
521,0,0.052987263486636,NCT04676334,Metastatic Castration-Resistant Prostate Cancer; Ovarian Cancer; Epithelial Ovarian Cancer; Fallopian Tube Cancer; Peritoneal Cancer; Other Solid Tumor,rucaparib,Phase 3,92.0,A_tox_tolerated,0.65,0,,0.052987263486636,0
522,0,0.0001270167687825584,NCT04921969,Atopic Dermatitis,ruxolitinib,Phase 3,20.0,C_benign,0.5,0,,0.0001270167687825584,0
523,0,0.39799769053561707,NCT04565990,"Hypertension, Pulmonary",selexipag,Phase 3,80.0,A_tox_tolerated,0.65,0,,0.39799769053561707,0
524,0,0.10863382944324569,NCT04304261,"Diabetes Mellitus, Type 2; Cognitive Functions Confusion",sitagliptin,Phase 3,42.0,B_serious_chronic,0.6,0,,0.10863382944324569,0
525,0,0.0045589537114774665,NCT06413082,Hypertension,spironolactone,Phase 3,40.0,B_serious_chronic,0.6,0,,0.0045589537114774665,0
526,0,0.00724690025560278,NCT04411836,malaria,tafenoquine,Phase 3,75.0,A_tox_tolerated,0.65,0,,0.00724690025560278,0
527,0,4.8132879032662096e-05,NCT05385744,Multiple Sclerosis,teriflunomide,Phase 3,60.0,B_serious_chronic,0.6,0,,4.8132879032662096e-05,0
528,0,1.6469341371983173e-05,NCT05093621,heart failure,torsemide,Phase 3,80.0,A_tox_tolerated,0.65,0,,1.6469341371983173e-05,0
529,0,0.0007782583667434611,NCT04635007,"Cesarean Section Complications; Blood Loss, Surgical; Misoprostol; Tranexamic Acid",tranexamic acid,Phase 3,55.0,B_serious_chronic,0.6,0,,0.0007782583667434611,0
531,0,6.518125843934731e-05,NCT04707768,anemia of chronic kidney disease,vadadustat,Phase 3,48.0,B_serious_chronic,0.6,0,,6.518125843934731e-05,0
534,0,0.013076630989942403,NCT05033886,hot flashes,fezolinetant,Phase 3,8.0,C_benign,0.5,0,,0.013076630989942403,0
536,0,0.0017555576731133609,NCT04472429,Anal Carcinoma,paclitaxel,Phase 3,80.0,A_tox_tolerated,0.65,1,cytotoxic_managed_toxicity,0.0017555576731133609,1
538,0,0.00010352749775222995,NCT04429022,"Pain, Postoperative",acetaminophen,Phase 3,8.0,C_benign,0.5,0,,0.00010352749775222995,0
540,0,0.00017244457280559186,NCT04401579,COVID-19,baricitinib,Phase 3,75.0,A_tox_tolerated,0.65,0,,0.00017244457280559186,0
544,0,0.0043289658653383025,NCT05175066,Cardiomyopathies; Chemotherapy Effect; Diastolic Dysfunction; Systolic Dysfunction,bisoprolol,Phase 3,75.0,A_tox_tolerated,0.65,0,,0.0043289658653383025,0
545,0,0.00015766736755961497,NCT04258839,autism spectrum disorder,brexpiprazole,Phase 3,20.0,C_benign,0.5,0,,0.00015766736755961497,0
546,0,0.1435624246352961,NCT03342027,HIV; Smoking Cessation,bupropion,Phase 3,62.0,B_serious_chronic,0.6,0,,0.1435624246352961,0
547,0,0.008505265357044548,NCT04388319,Smoking Cessation,bupropion,Phase 3,25.0,C_benign,0.5,0,,0.008505265357044548,0
548,0,0.54729361996338,NCT04338269,Cell Carcinoma,cabozantinib,Phase 3,85.0,A_tox_tolerated,0.65,0,,0.54729361996338,0
550,0,0.0009437583697013731,NCT04429022,"Pain, Postoperative",celecoxib,Phase 3,8.0,C_benign,0.5,0,,0.0009437583697013731,0
551,0,0.0011877366670684317,NCT04237090,Breast Cancer; Lung Cancer; Ovarian Cancer; Oesophageal Cancer; Head Cancer Neck; Cervical Cancer; Endometrial Cancer,cetirizine,Phase 3,88.0,A_tox_tolerated,0.65,0,,0.0011877366670684317,0
556,0,0.00027667447158497433,NCT04110340,"Plague, Bubonic; Plague, Pneumonic",ciprofloxacin,Phase 3,95.0,A_tox_tolerated,0.65,0,,0.00027667447158497433,0
560,0,0.26885977347801876,NCT04469465,Paroxysmal Nocturnal Hemoglobinuria,danicopan,Phase 3,80.0,A_tox_tolerated,0.65,0,,0.26885977347801876,0
561,0,0.00025512741150667223,NCT04213677,Polycystic Ovary Syndrome,dapagliflozin,Phase 3,25.0,C_benign,0.5,0,,0.00025512741150667223,0
562,0,0.0005447443807569915,NCT04564742,Acute Myocardial Infarction; Heart Failure,dapagliflozin,Phase 3,82.0,A_tox_tolerated,0.65,0,,0.0005447443807569915,0
563,0,2.234256586357865e-05,NCT04634500,Type 2 Diabetes,dapagliflozin,Phase 3,40.0,B_serious_chronic,0.6,0,,2.234256586357865e-05,0
564,0,6.98898291768478e-05,NCT04189107,"Analgesia; Surgery; Cancer of Head and Neck; Oropharyngeal Cancer; Carcinoma of Unknown Primary; Pain, Postoperative; Postoperative Pain",dexamethasone,Phase 3,80.0,A_tox_tolerated,0.65,0,,6.98898291768478e-05,0
565,0,2.9973807781504957e-05,NCT04509973,Covid19; Hypoxia,dexamethasone,Phase 3,80.0,A_tox_tolerated,0.65,0,,2.9973807781504957e-05,0
567,0,0.00012965061029784414,NCT04890626,SARS-CoV-2 Infection,dexamethasone,Phase 3,55.0,B_serious_chronic,0.6,0,,0.00012965061029784414,0
568,0,3.0192115724432632e-05,NCT05195242,COVID-19; Thrombosis Embolism; Bleeding,dexamethasone,Phase 3,80.0,A_tox_tolerated,0.65,0,,3.0192115724432632e-05,0
569,0,9.466978508040875e-05,NCT04406649,migraine,dihydroergotamine,Phase 3,20.0,C_benign,0.5,0,,9.466978508040875e-05,0
570,0,0.0003230158406046554,NCT04166331,Sepsis,dobutamine,Phase 3,82.0,A_tox_tolerated,0.65,0,,0.0003230158406046554,0
571,0,0.00020055362354647714,NCT04079452,HIV-1 infection,doravirine,Phase 3,62.0,B_serious_chronic,0.6,0,,0.00020055362354647714,0
572,0,0.00012311451442896065,NCT04157751,Heart Failure,empagliflozin,Phase 3,80.0,A_tox_tolerated,0.65,0,,0.00012311451442896065,0
573,0,0.00010083449428547044,NCT04233801,Type 2 Diabetes,empagliflozin,Phase 3,40.0,B_serious_chronic,0.6,0,,0.00010083449428547044,0
575,0,0.0023884142993915287,NCT04032119,Gastric Neoplasm; Early Gastric Cancer,epinephrine,Phase 3,72.0,A_tox_tolerated,0.65,0,,0.0023884142993915287,0
576,0,2.923077341462841e-05,NCT04231331,valvular heart disease,ertugliflozin,Phase 3,65.0,B_serious_chronic,0.6,0,,2.923077341462841e-05,0
577,0,0.006243666312458137,NCT04476446,Esketamine Treatment in Participants With Treatment Resistant Depression,esketamine,Phase 3,55.0,B_serious_chronic,0.6,0,,0.006243666312458137,0
579,0,0.006338045681040154,NCT04192266,PTSD,estradiol,Phase 3,40.0,B_serious_chronic,0.6,0,,0.006338045681040154,0
580,0,0.0460417662472096,NCT04256421,Lung Cancer,etoposide,Phase 3,90.0,A_tox_tolerated,0.65,1,cytotoxic_managed_toxicity,0.0460417662472096,1
581,0,0.4303392541119865,NCT04712903,Lung Cancer,etoposide,Phase 3,90.0,A_tox_tolerated,0.65,1,cytotoxic_managed_toxicity,0.15,1
582,0,0.0420456004143437,NCT03996369,Ulcerative Colitis,etrasimod,Phase 3,58.0,B_serious_chronic,0.6,0,,0.0420456004143437,0
583,0,0.004844669175299339,NCT04706793,Ulcerative Colitis,etrasimod,Phase 3,58.0,B_serious_chronic,0.6,0,,0.004844669175299339,0
586,0,1.0263506523115919e-05,NCT04542694,COVID-19,favipiravir,Phase 3,75.0,A_tox_tolerated,0.65,0,,1.0263506523115919e-05,0
591,0,0.0007997726996585204,NCT04128540,Aortic Coarctation; Erector Spinae Plane Block; Paediatric,fentanyl,Phase 3,55.0,B_serious_chronic,0.6,0,,0.0007997726996585204,0
593,0,0.04812413774193094,NCT04451226,hot flashes,fezolinetant,Phase 3,8.0,C_benign,0.5,0,,0.04812413774193094,0
594,0,0.0016483987084528328,NCT04230980,Post-Operative Pain,gabapentin,Phase 3,8.0,C_benign,0.5,0,,0.0016483987084528328,0
595,0,9.060947240879128e-05,NCT04429022,"Pain, Postoperative",gabapentin,Phase 3,8.0,C_benign,0.5,0,,9.060947240879128e-05,0
596,0,0.0025136348288424854,NCT04391569,status epilepticus,ganaxolone,Phase 3,88.0,A_tox_tolerated,0.65,0,,0.0025136348288424854,0
597,0,0.00042857649206780676,NCT04193176,chronic cough,gefapixant,Phase 3,12.0,C_benign,0.5,0,,0.00042857649206780676,0
598,0,0.00042857649206780676,NCT04193202,chronic cough,gefapixant,Phase 3,12.0,C_benign,0.5,0,,0.00042857649206780676,0
599,0,0.05545944911668418,NCT04182204,Cell Lymphoma,gemcitabine,Phase 3,85.0,A_tox_tolerated,0.65,1,cytotoxic_managed_toxicity,0.05545944911668418,1
621,0,0.00014076555204906109,NCT03588429,Anesthesia,isoflurane,Phase 3,15.0,C_benign,0.5,0,,0.00014076555204906109,0
622,0,0.00026566274967315077,NCT05696509,valvular heart disease,isoflurane,Phase 3,65.0,B_serious_chronic,0.6,0,,0.00026566274967315077,0
623,0,0.0001648571540876033,NCT04312048,pain,isosorbide mononitrate,Phase 3,20.0,C_benign,0.5,0,,0.0001648571540876033,0
624,0,0.0001476161812012222,NCT04646694,Postoperative Pain,ketamine,Phase 3,8.0,C_benign,0.5,0,,0.0001476161812012222,0
625,0,2.240794294026987e-05,NCT04429022,"Pain, Postoperative",ketorolac,Phase 3,8.0,C_benign,0.5,0,,2.240794294026987e-05,0
626,0,0.00010051532780330256,NCT04627285,epilepsy,lacosamide,Phase 3,58.0,B_serious_chronic,0.6,0,,0.00010051532780330256,0
627,0,0.00023327848779977883,NCT04549168,insomnia,lemborexant,Phase 3,15.0,C_benign,0.5,0,,0.00023327848779977883,0
628,0,0.48244457387840256,NCT04199104,Cell Carcinoma,lenvatinib,Phase 3,85.0,A_tox_tolerated,0.65,0,,0.48244457387840256,0
629,0,0.005085273743583533,NCT04889118,Advanced Melanoma,lenvatinib,Phase 3,90.0,A_tox_tolerated,0.65,0,,0.005085273743583533,0
630,0,0.48244457387840256,NCT05523323,Cell Carcinoma,lenvatinib,Phase 3,85.0,A_tox_tolerated,0.65,0,,0.48244457387840256,0
631,0,0.010396328011121768,NCT06486870,PCOS (Polycystic Ovary Syndrome) of Bilateral Ovaries,letrozole,Phase 3,25.0,C_benign,0.5,0,,0.010396328011121768,0
632,0,4.9752856402316014e-05,NCT04500158,Pain,lidocaine,Phase 3,15.0,C_benign,0.5,0,,4.9752856402316014e-05,0
633,0,0.09900124381664127,NCT04285515,Depression,lumateperone,Phase 3,40.0,B_serious_chronic,0.6,0,,0.09900124381664127,0
634,0,0.22642628599042808,NCT04185363,progressive familial intrahepatic cholestasis,maralixibat,Phase 3,75.0,A_tox_tolerated,0.65,0,,0.22642628599042808,0
635,0,0.00374937722042646,NCT04349072,hypertrophic cardiomyopathy,mavacamten,Phase 3,70.0,A_tox_tolerated,0.65,0,,0.00374937722042646,0
636,0,0.01380786687389883,NCT04478721,Bacteremia,meropenem,Phase 3,75.0,A_tox_tolerated,0.65,0,,0.01380786687389883,0
637,0,0.003800272283133178,NCT04264897,Aging; Insulin Sensitivity; Chronic Disease; Mitochondria; Insulin Resistance,metformin,Phase 3,20.0,C_benign,0.5,0,,0.003800272283133178,0
638,0,0.0013319670299970494,NCT05921942,Colon Cancer,metformin,Phase 3,85.0,A_tox_tolerated,0.65,0,,0.0013319670299970494,0
639,0,3.521902736059212e-05,NCT04618497,pain,methoxyflurane,Phase 3,20.0,C_benign,0.5,0,,3.521902736059212e-05,0
641,0,3.5471722961283985e-05,NCT03947827,Treatment Resistant Depression,minocycline,Phase 3,55.0,B_serious_chronic,0.6,0,,3.5471722961283985e-05,0
642,0,0.005743935055529234,NCT04173494,Primary Myelofibrosis; Post-polycythemia Vera Myelofibrosis; Post-essential Thrombocythemia Myelofibrosis,momelotinib,Phase 3,78.0,A_tox_tolerated,0.65,0,,0.005743935055529234,0
643,0,0.00018341706189583303,NCT04433390,constipation,naloxegol,Phase 3,8.0,C_benign,0.5,0,,0.00018341706189583303,0
644,0,0.0001020583575760959,NCT04538534,vasospastic angina,nicardipine,Phase 3,50.0,B_serious_chronic,0.6,0,,0.0001020583575760959,0
645,0,0.01821352880229107,NCT04317430,Diabetic Nephropathies,niclosamide,Phase 3,58.0,B_serious_chronic,0.6,0,,0.01821352880229107,0
646,0,0.0025048934093380324,NCT03925025,organophosphate poisoning,nimodipine,Phase 3,88.0,A_tox_tolerated,0.65,0,,0.0025048934093380324,0
649,0,0.0008009350129104727,NCT04187144,Recurrent urinary tract infections,nitrofurantoin,Phase 3,25.0,C_benign,0.5,0,,0.0008009350129104727,0
650,0,0.0003336864142283398,NCT04501861,Intraoperative hypotension,norepinephrine,Phase 3,25.0,C_benign,0.5,0,,0.0003336864142283398,0
653,0,0.00269369606249145,NCT04540211,Metastatic Esophageal Carcinoma,paclitaxel,Phase 3,92.0,A_tox_tolerated,0.65,1,cytotoxic_managed_toxicity,0.00269369606249145,1
654,0,0.646413140429791,NCT05318443,Lung Cancer,paclitaxel,Phase 3,90.0,A_tox_tolerated,0.65,1,cytotoxic_managed_toxicity,0.15,1
658,0,0.006744705462062671,NCT04414761,IVF; GnRH Antagonist; PPOS,progesterone,Phase 3,10.0,C_benign,0.5,0,,0.006744705462062671,0
659,0,0.0025336875912373843,NCT04400201,sedation,propofol,Phase 3,15.0,C_benign,0.5,0,,0.0025336875912373843,0
660,0,0.003094960178171214,NCT04511728,Induction and Maintenance of General Anesthesia,propofol,Phase 3,25.0,C_benign,0.5,0,,0.003094960178171214,0
661,0,0.003094960178171214,NCT04620031,Sedation in Intensive Care,propofol,Phase 3,40.0,B_serious_chronic,0.6,0,,0.003094960178171214,0
662,0,0.000364023734173447,NCT05696509,valvular heart disease,propofol,Phase 3,65.0,B_serious_chronic,0.6,0,,0.000364023734173447,0
663,0,8.880106870140078e-05,NCT04280705,COVID-19,remdesivir,Phase 3,75.0,A_tox_tolerated,0.65,0,,8.880106870140078e-05,0
664,0,5.211673554783535e-05,NCT04292730,COVID-19,remdesivir,Phase 3,75.0,A_tox_tolerated,0.65,0,,5.211673554783535e-05,0
665,0,9.000881093031278e-05,NCT04292899,COVID-19,remdesivir,Phase 3,75.0,A_tox_tolerated,0.65,0,,9.000881093031278e-05,0
667,0,0.0011375953216756318,NCT04409262,COVID-19 Pneumonia,remdesivir,Phase 3,80.0,A_tox_tolerated,0.65,0,,0.0011375953216756318,0
668,0,8.880106870140078e-05,NCT04492475,COVID-19,remdesivir,Phase 3,75.0,A_tox_tolerated,0.65,0,,8.880106870140078e-05,0
669,0,0.004885210340280991,NCT04546581,COVID; COVID-19; SARS-CoV-2; SARS (Severe Acute Respiratory Syndrome),remdesivir,Phase 3,85.0,A_tox_tolerated,0.65,0,,0.004885210340280991,0
670,0,0.0010765598132286783,NCT04593940,Covid19,remdesivir,Phase 3,75.0,A_tox_tolerated,0.65,0,,0.0010765598132286783,0
671,0,0.024276801392215552,NCT04678739,Covid19; Covid-19 ARDS,remdesivir,Phase 3,90.0,A_tox_tolerated,0.65,0,,0.024276801392215552,0
672,0,0.0011814189906553165,NCT04853901,Covid19,remdesivir,Phase 3,75.0,A_tox_tolerated,0.65,0,,0.0011814189906553165,0
673,0,0.0018424258646979764,NCT04574362,migraine,rimegepant,Phase 3,20.0,C_benign,0.5,0,,0.0018424258646979764,0
675,0,0.01980895792895197,NCT04327063,Breast Cancer,ropivacaine,Phase 3,75.0,A_tox_tolerated,0.65,0,,0.01980895792895197,0
676,0,0.00025049235945820544,NCT04910165,Pain,ropivacaine,Phase 3,15.0,C_benign,0.5,0,,0.00025049235945820544,0
677,0,0.00014306464925312144,NCT04410198,anemia,roxadustat,Phase 3,40.0,B_serious_chronic,0.6,0,,0.00014306464925312144,0
678,0,0.00014306464925312144,NCT04484857,anemia,roxadustat,Phase 3,40.0,B_serious_chronic,0.6,0,,0.00014306464925312144,0
679,0,0.36158919482888213,NCT04227522,Ovarian Cancer,rucaparib,Phase 3,88.0,A_tox_tolerated,0.65,0,,0.36158919482888213,0
681,0,0.0033039137729588136,NCT04472598,Myelofibrosis (MF),ruxolitinib,Phase 3,78.0,A_tox_tolerated,0.65,0,,0.0033039137729588136,0
682,0,0.15639613624157722,NCT04534725,in Cancer,selinexor,Phase 3,85.0,A_tox_tolerated,0.65,0,,0.15639613624157722,0
683,0,0.0001595946719578242,NCT03588429,Anesthesia,sevoflurane,Phase 3,15.0,C_benign,0.5,0,,0.0001595946719578242,0
684,0,0.00015872917394918956,NCT03841812,pain,sevoflurane,Phase 3,20.0,C_benign,0.5,0,,0.00015872917394918956,0
686,0,0.00019188099645324106,NCT05696509,valvular heart disease,sevoflurane,Phase 3,65.0,B_serious_chronic,0.6,0,,0.00019188099645324106,0
688,0,0.004925823075534632,NCT04158076,Hypercholesterolemia; Hypertension,telmisartan,Phase 3,42.0,B_serious_chronic,0.6,0,,0.004925823075534632,0
689,0,4.8132879032662096e-05,NCT04410978,Multiple Sclerosis,teriflunomide,Phase 3,60.0,B_serious_chronic,0.6,0,,4.8132879032662096e-05,0
690,0,0.0007782583667434611,NCT04427618,Postpartum Hemorrhage; Tranexamic Acid,tranexamic acid,Phase 3,80.0,A_tox_tolerated,0.65,0,,0.0007782583667434611,0
691,0,0.0017521477931762334,NCT04195698,atopic dermatitis,upadacitinib,Phase 3,20.0,C_benign,0.5,0,,0.0017521477931762334,0
692,0,5.98122149900557e-05,NCT04313153,anemia,vadadustat,Phase 3,40.0,B_serious_chronic,0.6,0,,5.98122149900557e-05,0
693,0,0.0018801419190999404,NCT04138706,Clostridium Difficile Infection,vancomycin,Phase 3,55.0,B_serious_chronic,0.6,0,,0.0018801419190999404,0
694,0,5.666341668262309e-05,NCT04015414,smoking cessation,varenicline,Phase 3,30.0,C_benign,0.5,0,,5.666341668262309e-05,0
695,0,9.324675488877463e-05,NCT04590404,tobacco use disorder,varenicline,Phase 3,30.0,C_benign,0.5,0,,9.324675488877463e-05,0
696,0,1.610351228192967e-05,NCT04285567,Chronic Lymphocytic Leukemia,venetoclax,Phase 3,70.0,A_tox_tolerated,0.65,0,,1.610351228192967e-05,0
697,0,0.03147432086685322,NCT04509622,Acute Myeloid Leukemia,venetoclax,Phase 3,90.0,A_tox_tolerated,0.65,0,,0.03147432086685322,0
698,0,0.00022655624004557965,NCT05705089,Left Ventricular Thrombus; ST Segment Elevation Myocardial Infarction,warfarin,Phase 3,82.0,A_tox_tolerated,0.65,0,,0.00022655624004557965,0
699,0,0.00010625606330956458,NCT04388319,Smoking Cessation,zonisamide,Phase 3,25.0,C_benign,0.5,0,,0.00010625606330956458,0
700,0,0.0006560169664779644,NCT04123405,rhinosinusitis,acetylcysteine,Phase 3,12.0,C_benign,0.5,0,,0.0006560169664779644,0
701,0,0.0013153087870490048,NCT04271917,Pain,cannabidiol,Phase 3,15.0,C_benign,0.5,0,,0.0013153087870490048,0
702,0,0.005298146261062194,NCT04175834,Multiple Sclerosis; Infusion Reaction,diphenhydramine,Phase 3,60.0,B_serious_chronic,0.6,0,,0.005298146261062194,0
706,0,0.005490188456365008,NCT04218734,Type 2 Diabetes Mellitus,metformin,Phase 3,40.0,B_serious_chronic,0.6,0,,0.005490188456365008,0
707,0,0.00035645759370750695,NCT04536194,congenital heart disease,norepinephrine,Phase 3,68.0,B_serious_chronic,0.6,0,,0.00035645759370750695,0
708,0,0.00016292170989779504,NCT04598451,Pemphigus Vulgaris; Pemphigus Foliaceus,prednisone,Phase 3,70.0,A_tox_tolerated,0.65,0,,0.00016292170989779504,0
709,0,0.006744705462062671,NCT04537078,"Infertility, Female",progesterone,Phase 3,8.0,C_benign,0.5,0,,0.006744705462062671,0
710,0,0.0035986923726244015,NCT04530344,Vitiligo,ruxolitinib,Phase 3,8.0,C_benign,0.5,0,,0.0035986923726244015,0
711,0,0.00017801401456506258,NCT04394975,Cell Cancer,sunitinib,Phase 3,85.0,A_tox_tolerated,0.65,0,,0.00017801401456506258,0
712,0,0.03281561464474055,NCT04008706,Chronic Lymphocytic Leukemia,acalabrutinib,Phase 3,70.0,A_tox_tolerated,0.65,0,,0.03281561464474055,0
713,0,0.36508941059897937,NCT03596866,Lung Cancer,alectinib,Phase 3,90.0,A_tox_tolerated,0.65,0,,0.36508941059897937,0
714,0,0.0002812025814750773,NCT05782192,Type 2 Diabetes,alogliptin,Phase 3,40.0,B_serious_chronic,0.6,0,,0.0002812025814750773,0
715,0,0.0014348094738964585,NCT03545373,Tuberculosis; Respiratory Tract Infections; Pneumonia,amoxicillin,Phase 3,70.0,A_tox_tolerated,0.65,0,,0.0014348094738964585,0
716,0,0.0015783551893415425,NCT03721172,psoriasis,apremilast,Phase 3,25.0,C_benign,0.5,0,,0.0015783551893415425,0
717,0,0.0015783551893415425,NCT03777436,psoriasis,apremilast,Phase 3,25.0,C_benign,0.5,0,,0.0015783551893415425,0
718,0,8.984838833444863e-05,NCT03930186,plaque psoriasis,apremilast,Phase 3,25.0,C_benign,0.5,0,,8.984838833444863e-05,0
719,0,0.005621428972596813,NCT04175613,psoriasis,apremilast,Phase 3,25.0,C_benign,0.5,0,,0.005621428972596813,0
720,0,0.002876333134874425,NCT03735979,ischemic stroke,argatroban,Phase 3,88.0,A_tox_tolerated,0.65,0,,0.002876333134874425,0
721,0,0.0026179595687742955,NCT03939312,episodic migraine,atogepant,Phase 3,18.0,C_benign,0.5,0,,0.0026179595687742955,0
722,0,0.0018521287731835846,NCT03768427,Hypercholesterolemia,atorvastatin,Phase 3,38.0,C_benign,0.5,0,,0.0018521287731835846,0
724,0,0.010280475607902469,NCT03899259,Alopecia Areata,baricitinib,Phase 3,10.0,C_benign,0.5,0,,0.010280475607902469,0
725,0,3.210407153530748e-05,NCT03874494,schizophrenia,brexpiprazole,Phase 3,55.0,B_serious_chronic,0.6,0,,3.210407153530748e-05,0
726,0,0.0010904226343733897,NCT04124614,Post Traumatic Stress Disorder,brexpiprazole,Phase 3,40.0,B_serious_chronic,0.6,0,,0.0010904226343733897,0
727,0,0.012541275240038263,NCT04162522,Depression,brexpiprazole,Phase 3,40.0,B_serious_chronic,0.6,0,,0.012541275240038263,0
730,0,6.819510943669145e-05,NCT03685630,epilepsy,brivaracetam,Phase 3,58.0,B_serious_chronic,0.6,0,,6.819510943669145e-05,0
731,0,0.0004542064481816117,NCT03639389,Pain,bupivacaine,Phase 3,15.0,C_benign,0.5,0,,0.0004542064481816117,0
732,0,0.008518355656909614,NCT05164549,Opioid Use Disorder,buprenorphine,Phase 3,60.0,B_serious_chronic,0.6,0,,0.008518355656909614,0
733,0,0.001656860903786831,NCT03897439,Smoking Cessation,bupropion,Phase 3,25.0,C_benign,0.5,0,,0.001656860903786831,0
734,0,0.00030507280026191477,NCT03802591,Gastric Adenocarcinoma; Gastroesophageal Junction Adenocarcinoma,capecitabine,Phase 3,85.0,A_tox_tolerated,0.65,1,cytotoxic_managed_toxicity,0.00030507280026191477,1
735,0,0.002477740250662395,NCT03813784,Metastatic Gastric Cancer,capecitabine,Phase 3,92.0,A_tox_tolerated,0.65,1,cytotoxic_managed_toxicity,0.002477740250662395,1
736,0,0.0003893975990784452,NCT03794388,breast cancer,capsaicin,Phase 3,80.0,A_tox_tolerated,0.65,0,,0.0003893975990784452,0
737,0,1.335335090182199e-05,NCT04041791,pneumonia,ceftriaxone,Phase 3,70.0,A_tox_tolerated,0.65,0,,1.335335090182199e-05,0
738,0,0.0005799877490227929,NCT03742505,vitamin D deficiency,vitamin D3,Phase 3,15.0,C_benign,0.5,0,,0.0005799877490227929,0
739,0,1.4724462704496922e-05,NCT04121403,Multiple Sclerosis,cladribine,Phase 3,60.0,B_serious_chronic,0.6,1,cytotoxic_managed_toxicity,1.4724462704496922e-05,1
740,0,0.0003191120418123402,NCT03725930,Child Preschool,clonidine,Phase 3,10.0,C_benign,0.5,0,,0.0003191120418123402,0
741,0,0.00014381260700219384,NCT03645057,atopic dermatitis,crisaborole,Phase 3,20.0,C_benign,0.5,0,,0.00014381260700219384,0
742,0,0.00026572968161064166,NCT03723252,Nonalcoholic Steatohepatitis,dapagliflozin,Phase 3,55.0,B_serious_chronic,0.6,0,,0.00026572968161064166,0
744,0,0.0005852488751009903,NCT03877237,Heart Failure With Reduced Ejection Fraction (HFrEF),dapagliflozin,Phase 3,80.0,A_tox_tolerated,0.65,0,,0.0005852488751009903,0
745,0,3.168331539193183e-05,NCT03901482,migraine,dihydroergotamine,Phase 3,20.0,C_benign,0.5,0,,3.168331539193183e-05,0
746,0,0.0001878865363159427,NCT03778931,Advanced Breast Cancer,elacestrant,Phase 3,85.0,A_tox_tolerated,0.65,0,,0.0001878865363159427,0
747,0,0.00017738334577170373,NCT03939637,immune thrombocytopenia,eltrombopag,Phase 3,50.0,B_serious_chronic,0.6,0,,0.00017738334577170373,0
748,0,0.00010083449428547044,NCT03594110,Chronic Kidney Disease,empagliflozin,Phase 3,60.0,B_serious_chronic,0.6,0,,0.00010083449428547044,0
749,0,0.0014454516711955123,NCT03917459,"Heart Failure; Heart Failure, Systolic; Erectile Dysfunction",enalapril,Phase 3,80.0,A_tox_tolerated,0.65,0,,0.0014454516711955123,0
750,0,0.0001299617950133848,NCT03788967,complicated urinary tract infection,ertapenem,Phase 3,52.0,B_serious_chronic,0.6,0,,0.0001299617950133848,0
751,0,4.198215148534363e-05,NCT03717194,Diabetes,ertugliflozin,Phase 3,40.0,B_serious_chronic,0.6,0,,4.198215148534363e-05,0
752,0,0.050958377645947905,NCT04162522,Depression,escitalopram,Phase 3,40.0,B_serious_chronic,0.6,0,,0.050958377645947905,0
753,0,0.23829066448999098,NCT04005716,Lung Cancer,etoposide,Phase 3,90.0,A_tox_tolerated,0.65,1,cytotoxic_managed_toxicity,0.15,1
754,0,0.46436665980978953,NCT04028050,Lung Cancer,etoposide,Phase 3,90.0,A_tox_tolerated,0.65,1,cytotoxic_managed_toxicity,0.15,1
755,0,0.004844669175299339,NCT03945188,Ulcerative Colitis,etrasimod,Phase 3,58.0,B_serious_chronic,0.6,0,,0.004844669175299339,0
756,0,0.041188074717971694,NCT03952039,myelofibrosis,fedratinib,Phase 3,80.0,A_tox_tolerated,0.65,0,,0.041188074717971694,0
757,0,0.01674227667962147,NCT04003142,hot flashes,fezolinetant,Phase 3,8.0,C_benign,0.5,0,,0.01674227667962147,0
758,0,0.00017865033633615045,NCT03764618,anemia,fostamatinib,Phase 3,40.0,B_serious_chronic,0.6,0,,0.00017865033633615045,0
759,0,0.000371357622358414,NCT03806530,End Stage Renal Disease; Restless Legs Syndrome,gabapentin,Phase 3,78.0,A_tox_tolerated,0.65,0,,0.000371357622358414,0
760,0,0.0006135534461767094,NCT03699254,Transplantation Infection; Cytomegalovirus Infections,ganciclovir,Phase 3,68.0,B_serious_chronic,0.6,0,,0.0006135534461767094,0
761,0,0.002988571214674429,NCT03673072,Gallbladder Carcinoma,gemcitabine,Phase 3,90.0,A_tox_tolerated,0.65,1,cytotoxic_managed_toxicity,0.002988571214674429,1
762,0,0.00899047811756894,NCT03924986,Metastatic Nasopharyngeal Cancer,gemcitabine,Phase 3,88.0,A_tox_tolerated,0.65,1,cytotoxic_managed_toxicity,0.00899047811756894,1
764,0,0.013489829170815534,NCT04327843,Schizophrenia; Medication Nonadherence; Schizo Affective Disorder,haloperidol decanoate,Phase 3,62.0,B_serious_chronic,0.6,0,,0.013489829170815534,0
765,0,0.07909241345091844,NCT04197115,Sepsis; Septic Shock,hydrocortisone,Phase 3,85.0,A_tox_tolerated,0.65,0,,0.07909241345091844,0
766,0,0.0016662337345484026,NCT03789591,Sickle Cell Disease; Sickle Cell Anemia,hydroxyurea,Phase 3,65.0,B_serious_chronic,0.6,0,,0.0016662337345484026,0
767,0,0.00015217615970420018,NCT04476069,Pain Management,ibuprofen,Phase 3,15.0,C_benign,0.5,0,,0.00015217615970420018,0
770,0,0.002960993233913555,NCT03831854,Reducing Psychological Side Effects of Ketamine,ketamine,Phase 3,10.0,C_benign,0.5,0,,0.002960993233913555,0
772,0,0.0046258099629038355,NCT06185127,Lung Diseases; Diagnosis; Anesthesia,ketamine,Phase 3,40.0,B_serious_chronic,0.6,0,,0.0046258099629038355,0
773,0,0.00011046971486010552,NCT03678675,Post-cesarean pain,ketorolac,Phase 3,8.0,C_benign,0.5,0,,0.00011046971486010552,0
774,0,0.00010999532351255178,NCT03967847,rotator cuff tear,ketorolac,Phase 3,12.0,C_benign,0.5,0,,0.00010999532351255178,0
775,0,5.91554953251584e-05,NCT04133623,Acute Pain Due to Trauma,ketorolac,Phase 3,15.0,C_benign,0.5,0,,5.91554953251584e-05,0
776,0,1.346176716015021e-05,NCT04246541,Postoperative Pain,ketorolac,Phase 3,8.0,C_benign,0.5,0,,1.346176716015021e-05,0
777,0,1.346176716015021e-05,NCT04246554,Postoperative Pain,ketorolac,Phase 3,8.0,C_benign,0.5,0,,1.346176716015021e-05,0
778,0,0.0011229424881319615,NCT03779178,atrial fibrillation,landiolol,Phase 3,55.0,B_serious_chronic,0.6,0,,0.0011229424881319615,0
779,0,0.0066902437634877975,NCT04124926,Erosive Esophagitis,lansoprazole,Phase 3,25.0,C_benign,0.5,0,,0.0066902437634877975,0
780,0,0.00011301635943243835,NCT03670810,migraine,lasmiditan,Phase 3,20.0,C_benign,0.5,0,,0.00011301635943243835,0
788,0,0.24152643911257893,NCT04716933,Lung Cancer,lenvatinib,Phase 3,90.0,A_tox_tolerated,0.65,0,,0.24152643911257893,0
790,0,0.00026696942875350496,NCT03930615,cytomegalovirus infection,letermovir,Phase 3,55.0,B_serious_chronic,0.6,0,,0.00026696942875350496,0
791,0,0.009681776263230454,NCT03621280,Cushing syndrome,levoketoconazole,Phase 3,55.0,B_serious_chronic,0.6,0,,0.009681776263230454,0
793,0,0.0008213498596804722,NCT03844984,septic shock,lidocaine,Phase 3,90.0,A_tox_tolerated,0.65,0,,0.0008213498596804722,0
795,0,0.3364403439763878,NCT03905330,progressive familial intrahepatic cholestasis,maralixibat,Phase 3,75.0,A_tox_tolerated,0.65,0,,0.3364403439763878,0
796,0,0.02650755632769227,NCT03675139,endometrial hyperplasia,medroxyprogesterone acetate,Phase 3,25.0,C_benign,0.5,0,,0.02650755632769227,0
797,0,0.012876441601937558,NCT03840148,Urinary Tract Infections; Acute Pyelonephritis,meropenem,Phase 3,55.0,B_serious_chronic,0.6,0,,0.012876441601937558,0
798,0,8.574752180939808e-05,NCT03798054,Type 2 Diabetes,metformin,Phase 3,40.0,B_serious_chronic,0.6,0,,8.574752180939808e-05,0
799,0,8.574752180939808e-05,NCT03798080,Type 2 Diabetes,metformin,Phase 3,40.0,B_serious_chronic,0.6,0,,8.574752180939808e-05,0
800,0,0.00021994862550633,NCT03862716,Type 2 Diabetes,metformin,Phase 3,40.0,B_serious_chronic,0.6,0,,0.00021994862550633,0
801,0,0.005645329253071902,NCT04029480,Type 2 Diabetes Mellitus,metformin,Phase 3,40.0,B_serious_chronic,0.6,0,,0.005645329253071902,0
802,0,0.00025838068047427903,NCT05118542,Graves disease,methimazole,Phase 3,40.0,B_serious_chronic,0.6,0,,0.00025838068047427903,0
803,0,0.0005582362021848787,NCT05108597,uterine fibroids,misoprostol,Phase 3,15.0,C_benign,0.5,0,,0.0005582362021848787,0
804,0,0.017709476097858085,NCT03853798,pyruvate kinase deficiency,mitapivat,Phase 3,55.0,B_serious_chronic,0.6,0,,0.017709476097858085,0
805,0,0.01672150175312443,NCT03899103,Steroid-Dependent Nephrotic Syndrome,mycophenolate mofetil,Phase 3,50.0,B_serious_chronic,0.6,0,,0.01672150175312443,0
807,0,0.06078007990921326,NCT03283007,Lung-transplant Recipients,nintedanib,Phase 3,75.0,A_tox_tolerated,0.65,0,,0.06078007990921326,0
808,0,0.028329729662398752,NCT03820726,"Lung Diseases, Interstitial",nintedanib,Phase 3,75.0,A_tox_tolerated,0.65,0,,0.028329729662398752,0
809,0,0.012044380230040112,NCT04093024,"Lung Diseases, Interstitial",nintedanib,Phase 3,75.0,A_tox_tolerated,0.65,0,,0.012044380230040112,0
810,0,0.0008009350129104727,NCT04020341,Recurrent urinary tract infections,nitrofurantoin,Phase 3,25.0,C_benign,0.5,0,,0.0008009350129104727,0
811,0,3.376584756119311e-05,NCT04789005,Spinal anesthesia-induced hypotension,norepinephrine,Phase 3,20.0,C_benign,0.5,0,,3.376584756119311e-05,0
812,0,0.4125450490312825,NCT03834519,Prostate Cancer,olaparib,Phase 3,72.0,A_tox_tolerated,0.65,0,,0.4125450490312825,0
813,0,0.0002702355862189241,NCT03915769,ulcerative colitis,ozanimod,Phase 3,50.0,B_serious_chronic,0.6,0,,0.0002702355862189241,0
816,0,0.8804603722232148,NCT03940196,Ovarian Cancer,paclitaxel,Phase 3,88.0,A_tox_tolerated,0.65,1,cytotoxic_managed_toxicity,0.15,1
817,0,0.0011034009055727234,NCT03943667,Metastatic Pancreatic Adenocarcinoma,paclitaxel,Phase 3,95.0,A_tox_tolerated,0.65,1,cytotoxic_managed_toxicity,0.0011034009055727234,1
818,0,0.7091297896227762,NCT03957590,Cell Carcinoma,paclitaxel,Phase 3,85.0,A_tox_tolerated,0.65,1,cytotoxic_managed_toxicity,0.15,1
819,0,0.004517070546360495,NCT04177108,Participants With Locally Advanced or Metastatic Triple-Negative Breast Cancer,paclitaxel,Phase 3,90.0,A_tox_tolerated,0.65,1,cytotoxic_managed_toxicity,0.004517070546360495,1
820,0,0.001748488396580776,NCT03762018,Pleural Mesothelioma Malignant Advanced,pemetrexed,Phase 3,92.0,A_tox_tolerated,0.65,1,cytotoxic_managed_toxicity,0.001748488396580776,1
821,0,0.00010093292296565249,NCT03802240,NSCLC,pemetrexed,Phase 3,88.0,A_tox_tolerated,0.65,1,cytotoxic_managed_toxicity,0.00010093292296565249,1
822,0,3.383469956308363e-05,NCT04789005,Spinal anesthesia-induced hypotension,phenylephrine,Phase 3,20.0,C_benign,0.5,0,,3.383469956308363e-05,0
824,0,0.0005441446329222209,NCT03893097,schistosomiasis,praziquantel,Phase 3,45.0,B_serious_chronic,0.6,0,,0.0005441446329222209,0
825,0,0.011567926409699659,NCT04209543,Vasomotor Symptoms; Menopausal Symptoms,progesterone,Phase 3,12.0,C_benign,0.5,0,,0.011567926409699659,0
826,0,0.003094960178171214,NCT03808844,Induction of Anesthesia,propofol,Phase 3,25.0,C_benign,0.5,0,,0.003094960178171214,0
827,0,0.003094960178171214,NCT03921775,Anesthesia for Elective Surgery Patients,propofol,Phase 3,12.0,C_benign,0.5,0,,0.003094960178171214,0
828,0,0.003094960178171214,NCT04111159,Sedation or Anesthesia,propofol,Phase 3,15.0,C_benign,0.5,0,,0.003094960178171214,0
829,0,0.00092588970785519,NCT05118542,Graves disease,propylthiouracil,Phase 3,40.0,B_serious_chronic,0.6,0,,0.00092588970785519,0
830,0,0.0001150654600651583,NCT04155515,Cirrhosis,ribavirin,Phase 3,80.0,A_tox_tolerated,0.65,0,,0.0001150654600651583,0
831,0,0.0022290255150462014,NCT03702582,Atrial Fibrillation; Stroke; Bleeding,rivaroxaban,Phase 3,75.0,A_tox_tolerated,0.65,0,,0.0022290255150462014,0
832,0,0.0034172853529340027,NCT03996772,Atrial Fibrillation; Intracerebral Hemorrhage,rivaroxaban,Phase 3,80.0,A_tox_tolerated,0.65,0,,0.0034172853529340027,0
833,0,0.0008010353729110981,NCT03806530,End Stage Renal Disease; Restless Legs Syndrome,ropinirole,Phase 3,78.0,A_tox_tolerated,0.65,0,,0.0008010353729110981,0
834,0,0.065152654240587,NCT03936387,Post-Sternotomy Pain,ropivacaine,Phase 3,12.0,C_benign,0.5,0,,0.065152654240587,0
835,0,0.08359339860108977,NCT05663827,Steroid Refractory GVHD,ruxolitinib,Phase 3,85.0,A_tox_tolerated,0.65,0,,0.08359339860108977,0
836,0,3.6021457744905503e-05,NCT03881371,Parkinson's Disease,safinamide,Phase 3,55.0,B_serious_chronic,0.6,0,,3.6021457744905503e-05,0
837,0,0.0028236984309891787,NCT03988530,motion sickness,scopolamine,Phase 3,5.0,C_benign,0.5,0,,0.0028236984309891787,0
838,0,0.001314867833911938,NCT03935217,trichomoniasis,secnidazole,Phase 3,10.0,C_benign,0.5,0,,0.001314867833911938,0
839,0,0.022783755241772,NCT03623243,multiple sclerosis,siponimod,Phase 3,60.0,B_serious_chronic,0.6,0,,0.022783755241772,0
840,0,0.005458820533993603,NCT04017832,Type 2 Diabetes,sitagliptin,Phase 3,40.0,B_serious_chronic,0.6,0,,0.005458820533993603,0
841,0,9.571864218960089e-05,NCT03883698,hepatitis C virus infection,sofosbuvir,Phase 3,60.0,B_serious_chronic,0.6,0,,9.571864218960089e-05,0
842,0,7.610220093201831e-05,NCT03894046,bacterial pneumonia,sulbactam,Phase 3,72.0,A_tox_tolerated,0.65,0,,7.610220093201831e-05,0
843,0,6.570615843099818e-05,NCT03956355,plaque psoriasis,tapinarof,Phase 3,25.0,C_benign,0.5,0,,6.570615843099818e-05,0
844,0,6.570615843099818e-05,NCT03983980,plaque psoriasis,tapinarof,Phase 3,25.0,C_benign,0.5,0,,6.570615843099818e-05,0
845,0,4.066912369545504e-05,NCT03176134,skin and soft tissue bacterial infection,tedizolid phosphate,Phase 3,45.0,B_serious_chronic,0.6,0,,4.066912369545504e-05,0
846,0,0.008667431314963284,NCT03872232,Hypercholesterolemia; Hypertension,telmisartan,Phase 3,42.0,B_serious_chronic,0.6,0,,0.008667431314963284,0
849,0,0.00107706620522738,NCT03915860,acne vulgaris,trifarotene,Phase 3,8.0,C_benign,0.5,0,,0.00107706620522738,0
850,0,0.0031972411433705676,NCT03725202,giant cell arteritis,upadacitinib,Phase 3,62.0,B_serious_chronic,0.6,0,,0.0031972411433705676,0
851,0,0.003202617475267338,NCT04169373,spondyloarthritis,upadacitinib,Phase 3,40.0,B_serious_chronic,0.6,0,,0.003202617475267338,0
852,0,0.04729181559894906,NCT04102579,"Chorea, Huntington",valbenazine,Phase 3,85.0,A_tox_tolerated,0.65,0,,0.04729181559894906,0
853,0,0.0007382757575296781,NCT03699254,Transplantation Infection; Cytomegalovirus Infections,valganciclovir,Phase 3,68.0,B_serious_chronic,0.6,0,,0.0007382757575296781,0
854,0,0.0018801419190999404,NCT03595553,Clostridium Difficile Infection,vancomycin,Phase 3,55.0,B_serious_chronic,0.6,0,,0.0018801419190999404,0
856,0,0.00013106402290380124,NCT03902080,overactive bladder,vibegron,Phase 3,15.0,C_benign,0.5,0,,0.00013106402290380124,0
857,0,0.0004605273843717744,NCT04103450,overactive bladder,vibegron,Phase 3,15.0,C_benign,0.5,0,,0.0004605273843717744,0
858,0,0.0006168469490520812,NCT03979352,Type1 Diabetes Mellitus,empagliflozin,Phase 3,55.0,B_serious_chronic,0.6,0,,0.0006168469490520812,0
859,0,0.01674227667962147,NCT04003155,hot flashes,fezolinetant,Phase 3,8.0,C_benign,0.5,0,,0.01674227667962147,0
860,0,0.01674227667962147,NCT04003389,hot flashes,fezolinetant,Phase 3,8.0,C_benign,0.5,0,,0.01674227667962147,0
861,0,1.6652530638721026e-05,NCT03349684,"Diabetes Mellitus, Type 2",acarbose,Phase 3,40.0,B_serious_chronic,0.6,0,,1.6652530638721026e-05,0
862,0,1.8658333721663825e-05,NCT03554018,Low Back Pain,acetaminophen,Phase 3,18.0,C_benign,0.5,0,,1.8658333721663825e-05,0
863,0,0.0001111550111555738,NCT03584373,Nephrolithiasis,acetaminophen,Phase 3,20.0,C_benign,0.5,0,,0.0001111550111555738,0
864,0,0.0005727536714358042,NCT04392362,supraventricular tachycardia,adenosine,Phase 3,40.0,B_serious_chronic,0.6,0,,0.0005727536714358042,0
865,0,0.001957908310522086,NCT03474276,acute malnutrition,albendazole,Phase 3,70.0,A_tox_tolerated,0.65,0,,0.001957908310522086,0
866,0,0.5489614204296719,NCT03439046,Breast Cancer,alpelisib,Phase 3,75.0,A_tox_tolerated,0.65,0,,0.5489614204296719,0
867,0,0.0005224379779767473,NCT05437224,pulmonary arterial hypertension,ambrisentan,Phase 3,82.0,A_tox_tolerated,0.65,0,,0.0005224379779767473,0
868,0,0.0004253199768990681,NCT06416735,essential hypertension,amiloride,Phase 3,42.0,B_serious_chronic,0.6,0,,0.0004253199768990681,0
869,0,0.0001465296878219836,NCT03153150,"Intracranial Hemorrhages; Intracranial Hemorrhage, Hypertensive; Subarachnoid Hemorrhage; Subdural Hematoma; Intraventricular Hemorrhage; Atrial Fibrillation; Atrial Flutter; Small Vessel Cerebrovascular Disease; Microhaemorrhage",apixaban,Phase 3,88.0,A_tox_tolerated,0.65,0,,0.0001465296878219836,0
870,0,0.0003325985677399218,NCT05208398,Left Ventricular Thrombus,apixaban,Phase 3,70.0,A_tox_tolerated,0.65,0,,0.0003325985677399218,0
871,0,0.000717637740848952,NCT03611751,psoriasis,apremilast,Phase 3,25.0,C_benign,0.5,0,,0.000717637740848952,0
872,0,0.000717637740848952,NCT03624127,psoriasis,apremilast,Phase 3,25.0,C_benign,0.5,0,,0.000717637740848952,0
874,0,0.00020267491120127412,NCT03700320,episodic migraine,atogepant,Phase 3,18.0,C_benign,0.5,0,,0.00020267491120127412,0
875,0,0.0009357636625047736,NCT03777059,episodic migraine,atogepant,Phase 3,18.0,C_benign,0.5,0,,0.0009357636625047736,0
876,0,0.02967589372930448,NCT03415178,Hypercholesterolaemia,atorvastatin,Phase 3,38.0,C_benign,0.5,0,,0.02967589372930448,0
877,0,0.0005326795996554941,NCT03334253,Myopia,atropine,Phase 3,8.0,C_benign,0.5,0,,0.0005326795996554941,0
878,0,9.049028899461696e-05,NCT03164473,Eosinophilic Granulomatosis With Polyangiitis,azathioprine,Phase 3,70.0,A_tox_tolerated,0.65,0,,9.049028899461696e-05,0
879,0,0.0011611529452846396,NCT03334435,Atopic Dermatitis,baricitinib,Phase 3,20.0,C_benign,0.5,0,,0.0011611529452846396,0
880,0,0.0011611529452846396,NCT03428100,Atopic Dermatitis,baricitinib,Phase 3,20.0,C_benign,0.5,0,,0.0011611529452846396,0
881,0,0.0011535323943487302,NCT03435081,Atopic Dermatitis,baricitinib,Phase 3,20.0,C_benign,0.5,0,,0.0011535323943487302,0
883,0,0.0011578334812544274,NCT03733301,Atopic Dermatitis,baricitinib,Phase 3,20.0,C_benign,0.5,0,,0.0011578334812544274,0
884,0,0.008020578636009435,NCT03773978,Juvenile Idiopathic Arthritis,baricitinib,Phase 3,50.0,B_serious_chronic,0.6,0,,0.008020578636009435,0
887,0,0.0008658638356639371,NCT03548584,Alzheimer disease,brexpiprazole,Phase 3,60.0,B_serious_chronic,0.6,0,,0.0008658638356639371,0
888,0,0.005855923322437319,NCT03594123,Alzheimer's disease biomarker measurement,brexpiprazole,Phase 3,55.0,B_serious_chronic,0.6,0,,0.005855923322437319,0
889,0,0.006702823847320213,NCT03724942,Alzheimer disease,brexpiprazole,Phase 3,60.0,B_serious_chronic,0.6,0,,0.006702823847320213,0
890,0,0.0001552522820348256,NCT03737474,Major Depressive Disorder,brexpiprazole,Phase 3,42.0,B_serious_chronic,0.6,0,,0.0001552522820348256,0
891,0,0.0032635566749301403,NCT03615326,Gastric Neoplasms; Gastroesophageal Junction Adenocarcinoma,capecitabine,Phase 3,85.0,A_tox_tolerated,0.65,1,cytotoxic_managed_toxicity,0.0032635566749301403,1
892,0,0.00016756979509975267,NCT03745170,Gastric Cancer,capecitabine,Phase 3,85.0,A_tox_tolerated,0.65,1,cytotoxic_managed_toxicity,0.00016756979509975267,1
893,0,0.011559895837626653,NCT03777657,Junction Carcinoma,capecitabine,Phase 3,82.0,A_tox_tolerated,0.65,1,cytotoxic_managed_toxicity,0.011559895837626653,1
895,0,3.575916384843795e-05,NCT03738215,Major Depressive Disorder,cariprazine,Phase 3,42.0,B_serious_chronic,0.6,0,,3.575916384843795e-05,0
896,0,3.575916384843795e-05,NCT03739203,Major Depressive Disorder,cariprazine,Phase 3,42.0,B_serious_chronic,0.6,0,,3.575916384843795e-05,0
897,0,0.0025110583305493167,NCT03678753,combined generalized and focal epilepsy,cenobamate,Phase 3,60.0,B_serious_chronic,0.6,0,,0.0025110583305493167,0
899,0,8.362570450484778e-06,NCT04476511,vitamin D deficiency,vitamin D3,Phase 3,15.0,C_benign,0.5,0,,8.362570450484778e-06,0
900,0,0.005105446104142397,NCT03299244,Secondary Hyperparathyroidism; Chronic Kidney Disease,cinacalcet,Phase 3,55.0,B_serious_chronic,0.6,0,,0.005105446104142397,0
901,0,5.173799253001912e-05,NCT03354598,Uncomplicated Urinary Tract Infection,ciprofloxacin,Phase 3,22.0,C_benign,0.5,0,,5.173799253001912e-05,0
903,0,0.0009598997671226451,NCT03357874,Acute Coronary Syndrome,clopidogrel,Phase 3,80.0,A_tox_tolerated,0.65,0,,0.0009598997671226451,0
907,0,0.060859405464025185,NCT03379727,Acute Myeloid Leukemia,cytarabine,Phase 3,90.0,A_tox_tolerated,0.65,1,cytotoxic_managed_toxicity,0.060859405464025185,1
908,0,3.714996220142463e-05,NCT03619213,Heart Failure With Preserved Ejection Fraction,dapagliflozin,Phase 3,75.0,A_tox_tolerated,0.65,0,,3.714996220142463e-05,0
909,0,0.002114937600182405,NCT03138733,Staphylococcus Aureus Bacteremia,daptomycin,Phase 3,82.0,A_tox_tolerated,0.65,0,,0.002114937600182405,0
910,0,0.0006305111226421407,NCT03575104,insomnia,daridorexant,Phase 3,15.0,C_benign,0.5,0,,0.0006305111226421407,0
911,0,6.605982624574988e-05,NCT03100786,Tuberculosis; Tuberculous Meningitis; Drug-Induced Liver Injury,dexamethasone,Phase 3,88.0,A_tox_tolerated,0.65,0,,6.605982624574988e-05,0
912,0,2.8828657566608914e-05,NCT03396107,Cesarean Section Complications,dexamethasone,Phase 3,45.0,B_serious_chronic,0.6,0,,2.8828657566608914e-05,0
913,0,7.394275242916565e-05,NCT03555929,Hand Wound; Wrist Wound; Forearm Wound; Hand Fracture; Wrist Fracture; Forearm Fracture,dexamethasone,Phase 3,12.0,C_benign,0.5,0,,7.394275242916565e-05,0
914,0,2.920933404441188e-05,NCT03598426,Hypersensitivity Reactions,dexamethasone,Phase 3,40.0,B_serious_chronic,0.6,0,,2.920933404441188e-05,0
915,0,0.0009749725712847556,NCT03718273,Atrial Fibrillation; Heart Diseases,digoxin,Phase 3,50.0,B_serious_chronic,0.6,0,,0.0009749725712847556,0
916,0,0.014208716885809838,NCT05761418,uterine fibroids,dinoprostone,Phase 3,15.0,C_benign,0.5,0,,0.014208716885809838,0
917,0,3.348833923676291e-05,NCT03048422,HIV infection,dolutegravir,Phase 3,62.0,B_serious_chronic,0.6,0,,3.348833923676291e-05,0
918,0,3.850964214159537e-05,NCT03249181,HIV-1 infection,dolutegravir,Phase 3,62.0,B_serious_chronic,0.6,0,,3.850964214159537e-05,0
919,0,0.00019715804125333816,NCT03153150,"Intracranial Hemorrhages; Intracranial Hemorrhage, Hypertensive; Subarachnoid Hemorrhage; Subdural Hematoma; Intraventricular Hemorrhage; Atrial Fibrillation; Atrial Flutter; Small Vessel Cerebrovascular Disease; Microhaemorrhage",edoxaban,Phase 3,88.0,A_tox_tolerated,0.65,0,,0.00019715804125333816,0
920,0,0.0017424491258800343,NCT03395639,Cardiac Disease,edoxaban,Phase 3,75.0,A_tox_tolerated,0.65,0,,0.0017424491258800343,0
921,0,0.0008802946471321682,NCT03515096,Thrombocytopenia,eltrombopag,Phase 3,45.0,B_serious_chronic,0.6,0,,0.0008802946471321682,0
923,0,0.00015931114866220704,NCT03429543,Diabetes,empagliflozin,Phase 3,40.0,B_serious_chronic,0.6,0,,0.00015931114866220704,0
926,0,3.014526237861185e-05,NCT03434197,Osteoarthritis,esflurbiprofen,Phase 3,25.0,C_benign,0.5,0,,3.014526237861185e-05,0
927,0,5.8746464811278845e-05,NCT03569475,Major Depressive Disorder,fluoxetine,Phase 3,42.0,B_serious_chronic,0.6,0,,5.8746464811278845e-05,0
928,0,0.003698598425198002,NCT03591068,nasal polyps,fluticasone propionate,Phase 3,10.0,C_benign,0.5,0,,0.003698598425198002,0
929,0,0.0005012020317710357,NCT03439046,Breast Cancer,fulvestrant,Phase 3,75.0,A_tox_tolerated,0.65,0,,0.0005012020317710357,0
930,0,3.069465919816704e-05,NCT03296813,heart failure,furosemide,Phase 3,80.0,A_tox_tolerated,0.65,0,,3.069465919816704e-05,0
931,0,0.00042857649206780676,NCT03449134,chronic cough,gefapixant,Phase 3,12.0,C_benign,0.5,0,,0.00042857649206780676,0
932,0,0.00042857649206780676,NCT03696108,chronic cough,gefapixant,Phase 3,12.0,C_benign,0.5,0,,0.00042857649206780676,0
933,0,0.002469554041803635,NCT03126435,Metastatic Pancreas Cancer; Locally Advanced Pancreatic Cancer; Pancreatic Adenocarcinoma,gemcitabine,Phase 3,95.0,A_tox_tolerated,0.65,1,cytotoxic_managed_toxicity,0.002469554041803635,1
934,0,0.0029172995207600695,NCT03377491,Pancreas Adenocarcinoma,gemcitabine,Phase 3,95.0,A_tox_tolerated,0.65,1,cytotoxic_managed_toxicity,0.0029172995207600695,1
935,0,0.0001081137824287175,NCT03629925,NSCLC,gemcitabine,Phase 3,88.0,A_tox_tolerated,0.65,1,cytotoxic_managed_toxicity,0.0001081137824287175,1
936,0,4.157649734892387e-05,NCT04613726,"Vomiting, Postoperative; Postoperative Complications; Hypotension",granisetron,Phase 3,35.0,C_benign,0.5,0,,4.157649734892387e-05,0
937,0,0.00029198232497271837,NCT03509350,Sepsis,hydrocortisone,Phase 3,82.0,A_tox_tolerated,0.65,0,,0.00029198232497271837,0
938,0,0.0013704685186880891,NCT03375515,Severe Cancer,hydromorphone,Phase 3,90.0,A_tox_tolerated,0.65,0,,0.0013704685186880891,0
939,0,0.450302885209512,NCT03474679,Graft vs Host Disease,ibrutinib,Phase 3,78.0,A_tox_tolerated,0.65,0,,0.450302885209512,0
940,0,0.0011255032488674394,NCT03404518,"Outpatient Surgery; Pain, Postoperative",ibuprofen,Phase 3,8.0,C_benign,0.5,0,,0.0011255032488674394,0
941,0,0.0010472778265182428,NCT03571737,Acute Musculoskeletal Disease; Sprains; Sprains and Strains; Injuries; Emergencies; Trauma; Acute Pain,ibuprofen,Phase 3,15.0,C_benign,0.5,0,,0.0010472778265182428,0
942,0,0.00011426371483205179,NCT03729973,Sore Throat,ketamine,Phase 3,5.0,C_benign,0.5,0,,0.00011426371483205179,0
943,0,0.007776152552073498,NCT03585374,Acute Traumatic Pain,ketoprofen,Phase 3,15.0,C_benign,0.5,0,,0.007776152552073498,0
944,0,1.4233654901570712e-05,NCT03485625,pain,ketorolac,Phase 3,20.0,C_benign,0.5,0,,1.4233654901570712e-05,0
945,0,7.75921073322431e-05,NCT03311945,HIV-1 infection,lamivudine,Phase 3,62.0,B_serious_chronic,0.6,0,,7.75921073322431e-05,0
946,0,0.017384594808415036,NCT03517449,Advanced Endometrial Cancer,lenvatinib,Phase 3,82.0,A_tox_tolerated,0.65,0,,0.017384594808415036,0
947,0,0.006795106257272611,NCT03443869,CMV Disease,letermovir,Phase 3,70.0,A_tox_tolerated,0.65,0,,0.006795106257272611,0
948,0,0.010396328011121768,NCT02912988,Subfertility,letrozole,Phase 3,8.0,C_benign,0.5,0,,0.010396328011121768,0
949,0,0.11851140997550946,NCT03439046,Breast Cancer,letrozole,Phase 3,75.0,A_tox_tolerated,0.65,0,,0.11851140997550946,0
950,0,7.395109553864977e-05,NCT03750786,Advanced Colorectal Cancer,leucovorin,Phase 3,85.0,A_tox_tolerated,0.65,0,,7.395109553864977e-05,0
951,0,0.0056300719697757245,NCT03898622,TSH Control in Patients With Chronic Kidney Disease,levothyroxine,Phase 3,45.0,B_serious_chronic,0.6,0,,0.0056300719697757245,0
952,0,3.363886388715853e-05,NCT03729973,Sore Throat,lidocaine,Phase 3,5.0,C_benign,0.5,0,,3.363886388715853e-05,0
953,0,1.5106920063656863e-05,NCT03429543,Diabetes,linagliptin,Phase 3,40.0,B_serious_chronic,0.6,0,,1.5106920063656863e-05,0
954,0,1.6773547239723334e-05,NCT03583333,bacterial pneumonia,linezolid,Phase 3,72.0,A_tox_tolerated,0.65,0,,1.6773547239723334e-05,0
955,0,0.19116171887748074,NCT03719313,Hepatitis Delta Virus,lonafarnib,Phase 3,68.0,B_serious_chronic,0.6,0,,0.19116171887748074,0
956,0,0.0019262711072277762,NCT02705573,"Kidney Transplantation, Mannitol",mannitol,Phase 3,62.0,B_serious_chronic,0.6,0,,0.0019262711072277762,0
957,0,0.00014397321764215615,NCT03505489,asthma,mannitol,Phase 3,42.0,B_serious_chronic,0.6,0,,0.00014397321764215615,0
958,0,8.574752180939808e-05,NCT03529123,Type 2 Diabetes,metformin,Phase 3,40.0,B_serious_chronic,0.6,0,,8.574752180939808e-05,0
959,0,6.848437224258591e-05,NCT03841591,Diabetes,metformin,Phase 3,40.0,B_serious_chronic,0.6,0,,6.848437224258591e-05,0
960,0,6.848437224258591e-05,NCT05451147,Diabetes Mellitus,metformin,Phase 3,42.0,B_serious_chronic,0.6,0,,6.848437224258591e-05,0
961,0,5.564816869228256e-05,NCT03505489,asthma,methacholine,Phase 3,42.0,B_serious_chronic,0.6,0,,5.564816869228256e-05,0
962,0,0.0009748663236998536,NCT03794505,Shoulder Arthritis,methylprednisolone acetate,Phase 3,15.0,C_benign,0.5,0,,0.0009748663236998536,0
963,0,0.000475322268764071,NCT03729362,late-onset Pompe disease,miglustat,Phase 3,70.0,A_tox_tolerated,0.65,0,,0.000475322268764071,0
965,0,0.0005648562308245279,NCT05761418,uterine fibroids,misoprostol,Phase 3,15.0,C_benign,0.5,0,,0.0005648562308245279,0
966,0,0.001707323796657326,NCT03825887,Mucositis Pain,nalbuphine,Phase 3,15.0,C_benign,0.5,0,,0.001707323796657326,0
967,0,0.0003469353188974584,NCT03542552,Placenta previa,nifedipine,Phase 3,70.0,A_tox_tolerated,0.65,0,,0.0003469353188974584,0
971,0,0.002141849691721555,NCT03367572,Breast Cancer,olanzapine,Phase 3,75.0,A_tox_tolerated,0.65,0,,0.002141849691721555,0
973,0,0.8731972351663299,NCT03286842,Metastatic Breast Cancer,olaparib,Phase 3,88.0,A_tox_tolerated,0.65,0,,0.8731972351663299,0
974,0,0.8495923122759892,NCT03402841,Ovarian Cancer,olaparib,Phase 3,88.0,A_tox_tolerated,0.65,0,,0.8495923122759892,0
977,0,0.646413140429791,NCT03296163,Lung Cancer,paclitaxel,Phase 3,90.0,A_tox_tolerated,0.65,1,cytotoxic_managed_toxicity,0.15,1
978,0,0.08248849602617778,NCT03337724,Breast Cancer,paclitaxel,Phase 3,75.0,A_tox_tolerated,0.65,1,cytotoxic_managed_toxicity,0.08248849602617778,1
979,0,0.03379420365803341,NCT03493854,Breast Cancer,paclitaxel,Phase 3,75.0,A_tox_tolerated,0.65,1,cytotoxic_managed_toxicity,0.03379420365803341,1
980,0,0.029642794957691166,NCT03556358,Breast Cancer,paclitaxel,Phase 3,75.0,A_tox_tolerated,0.65,1,cytotoxic_managed_toxicity,0.029642794957691166,1
981,0,0.0019998634457340605,NCT03594747,Advanced Lung Cancer,paclitaxel,Phase 3,90.0,A_tox_tolerated,0.65,1,cytotoxic_managed_toxicity,0.0019998634457340605,1
983,0,0.001807387849621648,NCT03635489,Primary Peritoneal Cancer,paclitaxel,Phase 3,90.0,A_tox_tolerated,0.65,1,cytotoxic_managed_toxicity,0.001807387849621648,1
984,0,0.0043368248829452494,NCT03635567,Metastatic Cervical Cancer,paclitaxel,Phase 3,90.0,A_tox_tolerated,0.65,1,cytotoxic_managed_toxicity,0.0043368248829452494,1
985,0,0.857707743422462,NCT03866993,Lung Cancer,paclitaxel,Phase 3,90.0,A_tox_tolerated,0.65,1,cytotoxic_managed_toxicity,0.15,1
986,0,0.0006470132717505829,NCT03374800,"Gastrointestinal Hemorrhage (Clinically Important, Upper)",pantoprazole,Phase 3,72.0,A_tox_tolerated,0.65,0,,0.0006470132717505829,0
988,0,7.59232960646656e-05,NCT03660059,Rheumatoid Arthritis,peficitinib,Phase 3,58.0,B_serious_chronic,0.6,0,,7.59232960646656e-05,0
989,0,0.0002980088020968238,NCT03607539,NSCLC,pemetrexed,Phase 3,88.0,A_tox_tolerated,0.65,1,cytotoxic_managed_toxicity,0.0002980088020968238,1
990,0,0.07658542025937838,NCT03663205,Lung Cancer,pemetrexed,Phase 3,90.0,A_tox_tolerated,0.65,1,cytotoxic_managed_toxicity,0.07658542025937838,1
991,0,0.000514501660012221,NCT03153150,"Intracranial Hemorrhages; Intracranial Hemorrhage, Hypertensive; Subarachnoid Hemorrhage; Subdural Hematoma; Intraventricular Hemorrhage; Atrial Fibrillation; Atrial Flutter; Small Vessel Cerebrovascular Disease; Microhaemorrhage",phenindione,Phase 3,88.0,A_tox_tolerated,0.65,0,,0.000514501660012221,0
992,0,0.0014350147865483246,NCT03575052,neuropsychiatric symptoms of neurodegenerative disease,pimavanserin,Phase 3,55.0,B_serious_chronic,0.6,0,,0.0014350147865483246,0
993,0,0.003251815953754503,NCT03623321,neuropsychiatric symptoms of neurodegenerative disease,pimavanserin,Phase 3,55.0,B_serious_chronic,0.6,0,,0.003251815953754503,0
994,0,0.05820868516083529,NCT03367572,Breast Cancer,prochlorperazine,Phase 3,75.0,A_tox_tolerated,0.65,0,,0.05820868516083529,0
995,0,0.0022856297281610887,NCT01519154,sedation,propofol,Phase 3,15.0,C_benign,0.5,0,,0.0022856297281610887,0
996,0,0.003094960178171214,NCT03674008,Sedation or Anesthesia,propofol,Phase 3,15.0,C_benign,0.5,0,,0.003094960178171214,0
997,0,0.002529923625081075,NCT03779061,sedation,propofol,Phase 3,15.0,C_benign,0.5,0,,0.002529923625081075,0
998,0,0.003473386044209765,NCT04034771,traumatic brain injury,propofol,Phase 3,82.0,A_tox_tolerated,0.65,0,,0.003473386044209765,0
999,0,0.0001496501858029358,NCT03311945,HIV-1 infection,raltegravir,Phase 3,62.0,B_serious_chronic,0.6,0,,0.0001496501858029358,0
1000,0,0.01670040192468327,NCT03661489,"Anesthesia, Intravenous",remimazolam,Phase 3,15.0,C_benign,0.5,0,,0.01670040192468327,0
1001,0,0.09697976152955393,NCT03439046,Breast Cancer,ribociclib,Phase 3,75.0,A_tox_tolerated,0.65,0,,0.09697976152955393,0
1003,0,0.002870427574047812,NCT03461757,migraine,rimegepant,Phase 3,20.0,C_benign,0.5,0,,0.002870427574047812,0
1004,0,0.00014934847851756953,NCT03153150,"Intracranial Hemorrhages; Intracranial Hemorrhage, Hypertensive; Subarachnoid Hemorrhage; Subdural Hematoma; Intraventricular Hemorrhage; Atrial Fibrillation; Atrial Flutter; Small Vessel Cerebrovascular Disease; Microhaemorrhage",rivaroxaban,Phase 3,88.0,A_tox_tolerated,0.65,0,,0.00014934847851756953,0
1005,0,2.2337221552782227e-05,NCT03387670,Multiple Sclerosis,simvastatin,Phase 3,60.0,B_serious_chronic,0.6,0,,2.2337221552782227e-05,0
1007,0,0.0052436775919960064,NCT05576675,Gastrointestinal Surgery,sufentanil,Phase 3,25.0,C_benign,0.5,0,,0.0052436775919960064,0
1008,0,0.0029765325310222037,NCT02802501,malaria,tafenoquine,Phase 3,75.0,A_tox_tolerated,0.65,0,,0.0029765325310222037,0
1010,0,0.04701556542786914,NCT03427125,hyperphosphatemia,tenapanor,Phase 3,45.0,B_serious_chronic,0.6,0,,0.04701556542786914,0
1011,0,0.00015102620032696437,NCT03354429,Acute Ischaemic Stroke; Transient Ischaemic Attack,ticagrelor,Phase 3,80.0,A_tox_tolerated,0.65,0,,0.00015102620032696437,0
1012,0,3.666406660148457e-05,NCT03357874,Acute Coronary Syndrome,ticagrelor,Phase 3,80.0,A_tox_tolerated,0.65,0,,3.666406660148457e-05,0
1013,0,0.00012260464315798613,NCT03486457,Psoriatic Arthritis,tofacitinib,Phase 3,55.0,B_serious_chronic,0.6,0,,0.00012260464315798613,0
1014,0,0.001164185494199096,NCT03502616,Ankylosing Spondylitis,tofacitinib,Phase 3,40.0,B_serious_chronic,0.6,0,,0.001164185494199096,0
1015,0,0.06889748384389478,NCT03255226,Pediatric Congestive Heart Failure (CHF) Patients With Volume Overload,tolvaptan,Phase 3,80.0,A_tox_tolerated,0.65,0,,0.06889748384389478,0
1016,0,0.005231932287713114,NCT03088813,Lung Cancer,topotecan,Phase 3,90.0,A_tox_tolerated,0.65,1,cytotoxic_managed_toxicity,0.005231932287713114,1
1017,0,1.6469341371983173e-05,NCT03296813,heart failure,torsemide,Phase 3,80.0,A_tox_tolerated,0.65,0,,1.6469341371983173e-05,0
1018,0,0.02750528344113266,NCT03551626,Malignant Melanoma,trametinib,Phase 3,80.0,A_tox_tolerated,0.65,0,,0.02750528344113266,0
1019,0,0.00016839865907300887,NCT02775773,Post Partum Haemorrhage,tranexamic acid,Phase 3,80.0,A_tox_tolerated,0.65,0,,0.00016839865907300887,0
1022,0,0.00017375650864175925,NCT03505723,Perioperative Bleeding; Venous Thrombosis; Arterial Thrombosis,tranexamic acid,Phase 3,70.0,A_tox_tolerated,0.65,0,,0.00017375650864175925,0
1023,0,0.0051834387722522225,NCT03565276,Post Partum Hemorrhage,tranexamic acid,Phase 3,80.0,A_tox_tolerated,0.65,0,,0.0051834387722522225,0
1024,0,0.0007782583667434611,NCT03846973,Tranexamic Acid,tranexamic acid,Phase 3,30.0,C_benign,0.5,0,,0.0007782583667434611,0
1026,0,5.5813823613774806e-05,NCT02955212,Rheumatoid Arthritis,upadacitinib,Phase 3,58.0,B_serious_chronic,0.6,0,,5.5813823613774806e-05,0
1027,0,0.0006024613840815208,NCT03569293,atopic dermatitis,upadacitinib,Phase 3,20.0,C_benign,0.5,0,,0.0006024613840815208,0
1028,0,0.0006024613840815208,NCT03607422,atopic dermatitis,upadacitinib,Phase 3,20.0,C_benign,0.5,0,,0.0006024613840815208,0
1029,0,5.532272175731e-05,NCT03653026,ulcerative colitis,upadacitinib,Phase 3,50.0,B_serious_chronic,0.6,0,,5.532272175731e-05,0
1030,0,0.0006024613840815208,NCT03661138,atopic dermatitis,upadacitinib,Phase 3,20.0,C_benign,0.5,0,,0.0006024613840815208,0
1032,0,7.651210441068476e-05,NCT03583372,overactive bladder,vibegron,Phase 3,15.0,C_benign,0.5,0,,7.651210441068476e-05,0
1033,0,7.889054354782746e-05,NCT03153150,"Intracranial Hemorrhages; Intracranial Hemorrhage, Hypertensive; Subarachnoid Hemorrhage; Subdural Hematoma; Intraventricular Hemorrhage; Atrial Fibrillation; Atrial Flutter; Small Vessel Cerebrovascular Disease; Microhaemorrhage",warfarin,Phase 3,88.0,A_tox_tolerated,0.65,0,,7.889054354782746e-05,0
1034,0,0.00023262791104189498,NCT03232398,Acute Myocardial Infarction; Left Ventricular Thrombosis; Anticoagulants and Bleeding Disorders,warfarin,Phase 3,80.0,A_tox_tolerated,0.65,0,,0.00023262791104189498,0
1035,0,0.002097472693420668,NCT03734016,Chronic Lymphocytic Leukemia,zanubrutinib,Phase 3,70.0,A_tox_tolerated,0.65,0,,0.002097472693420668,0
1036,0,0.0011298549017231285,NCT03465722,GIST,avapritinib,Phase 3,72.0,A_tox_tolerated,0.65,0,,0.0011298549017231285,0
1037,0,0.006212497423270906,NCT03675737,Stomach Neoplasms,capecitabine,Phase 3,85.0,A_tox_tolerated,0.65,1,cytotoxic_managed_toxicity,0.006212497423270906,1
1039,0,0.06060505261645427,NCT03572933,CDKL5 deficiency disorder,ganaxolone,Phase 3,70.0,A_tox_tolerated,0.65,0,,0.06060505261645427,0
1041,0,9.813239798480652e-05,NCT03553498,pain,hydromorphone,Phase 3,20.0,C_benign,0.5,0,,9.813239798480652e-05,0
1042,0,0.007596124337895154,NCT03665779,Induction of Labor Affected Fetus / Newborn; Rupture of Membranes Prior to Onset of Labor,isosorbide mononitrate,Phase 3,50.0,B_serious_chronic,0.6,0,,0.007596124337895154,0
1043,0,0.008851632368090853,NCT03713593,Advanced Hepatocellular Carcinoma,lenvatinib,Phase 3,90.0,A_tox_tolerated,0.65,0,,0.008851632368090853,0
1044,0,0.03710118205248504,NCT03422328,Pulmonary Arterial Hypertension; Chronic Thromboembolic Pulmonary Hypertension,macitentan,Phase 3,80.0,A_tox_tolerated,0.65,0,,0.03710118205248504,0
1045,0,0.003955872662563547,NCT03470545,hypertrophic cardiomyopathy,mavacamten,Phase 3,70.0,A_tox_tolerated,0.65,0,,0.003955872662563547,0
1046,0,5.757053600439873e-05,NCT03219437,Psoriasis,methotrexate,Phase 3,45.0,B_serious_chronic,0.6,1,cytotoxic_managed_toxicity,5.757053600439873e-05,1
1047,0,8.948124909959377e-05,NCT04613726,"Vomiting, Postoperative; Postoperative Complications; Hypotension",ondansetron,Phase 3,35.0,C_benign,0.5,0,,8.948124909959377e-05,0
1048,0,0.0018320337791172612,NCT03691090,Advanced Esophageal Cancer,paclitaxel,Phase 3,90.0,A_tox_tolerated,0.65,1,cytotoxic_managed_toxicity,0.0018320337791172612,1
1049,0,0.0218702477027305,NCT03515837,Lung Cancer,pemetrexed,Phase 3,90.0,A_tox_tolerated,0.65,1,cytotoxic_managed_toxicity,0.0218702477027305,1
1050,0,0.000768774240156035,NCT03149809,Urinary Symptoms in Parkinson Disease,solifenacin,Phase 3,40.0,B_serious_chronic,0.6,0,,0.000768774240156035,0
1051,0,0.0019524906884022745,NCT03334682,acne vulgaris,spironolactone,Phase 3,8.0,C_benign,0.5,0,,0.0019524906884022745,0
1052,0,7.651210441068476e-05,NCT03492281,overactive bladder,vibegron,Phase 3,15.0,C_benign,0.5,0,,7.651210441068476e-05,0
1053,0,0.0009849476042253663,NCT03009981,Relapsed Prostate Cancer,abiraterone acetate,Phase 3,85.0,A_tox_tolerated,0.65,0,,0.0009849476042253663,0
1054,0,0.0014419729857539558,NCT03014167,filariasis,albendazole,Phase 3,35.0,C_benign,0.5,0,,0.0014419729857539558,0
1055,0,0.00020158854301169666,NCT03137303,COPD,albuterol,Phase 3,60.0,B_serious_chronic,0.6,0,,0.00020158854301169666,0
1056,0,3.2942785152279303e-05,NCT03185065,Multiple Sclerosis,amantadine,Phase 3,60.0,B_serious_chronic,0.6,0,,3.2942785152279303e-05,0
1057,0,0.0283038347419347,NCT02924285,Therapy of Premature Ventricular Contractions in Patients With Structural Heart Disease,amiodarone,Phase 3,60.0,B_serious_chronic,0.6,0,,0.0283038347419347,0
1058,0,0.0004695408698899664,NCT03009981,Relapsed Prostate Cancer,apalutamide,Phase 3,85.0,A_tox_tolerated,0.65,0,,0.0004695408698899664,0
1059,0,0.00035823156303661124,NCT02933697,Atrial Fibrillation; End-stage Kidney Disease,apixaban,Phase 3,70.0,A_tox_tolerated,0.65,0,,0.00035823156303661124,0
1060,0,0.00010569285760355844,NCT03045406,With Cancer,apixaban,Phase 3,85.0,A_tox_tolerated,0.65,0,,0.00010569285760355844,0
1061,0,0.000857993959991543,NCT03080883,Secondary Cancer,apixaban,Phase 3,82.0,A_tox_tolerated,0.65,0,,0.000857993959991543,0
1062,0,0.0015783551893415425,NCT03123471,psoriasis,apremilast,Phase 3,25.0,C_benign,0.5,0,,0.0015783551893415425,0
1063,0,0.00013797089864608345,NCT03106779,Chronic Myelogenous Leukemia,asciminib,Phase 3,70.0,A_tox_tolerated,0.65,0,,0.00013797089864608345,0
1064,0,0.023696637753766,NCT03179631,"Muscular Dystrophy, Duchenne; Muscular Dystrophies; Muscular Disorders, Atrophic; Muscular Diseases; Musculoskeletal Disease; Neuromuscular Diseases; Nervous System Diseases; Genetic Diseases, X-Linked; Genetic Diseases, Inborn",ataluren,Phase 3,80.0,A_tox_tolerated,0.65,0,,0.023696637753766,0
1066,0,0.003880439560736148,NCT03268954,Participants With Higher-Risk Myelodysplastic Syndrome,azacitidine,Phase 3,85.0,A_tox_tolerated,0.65,1,cytotoxic_managed_toxicity,0.003880439560736148,1
1067,0,0.0011611529452846396,NCT03334396,Atopic Dermatitis,baricitinib,Phase 3,20.0,C_benign,0.5,0,,0.0011611529452846396,0
1068,0,0.0011578334812544274,NCT03334422,Atopic Dermatitis,baricitinib,Phase 3,20.0,C_benign,0.5,0,,0.0011578334812544274,0
1069,0,0.0023269595358692036,NCT03337308,Hyperlipidemias,bempedoic acid,Phase 3,38.0,C_benign,0.5,0,,0.0023269595358692036,0
1070,0,0.004228523682092908,NCT03100318,hyperuricemia,benzbromarone,Phase 3,25.0,C_benign,0.5,0,,0.004228523682092908,0
1073,0,5.597075643698584e-05,NCT03287869,bipolar I disorder,brexpiprazole,Phase 3,52.0,B_serious_chronic,0.6,0,,5.597075643698584e-05,0
1074,0,3.506713519572458e-05,NCT03083665,epilepsy,brivaracetam,Phase 3,58.0,B_serious_chronic,0.6,0,,3.506713519572458e-05,0
1075,0,6.819510943669145e-05,NCT03250377,epilepsy,brivaracetam,Phase 3,58.0,B_serious_chronic,0.6,0,,6.819510943669145e-05,0
1077,0,0.0004676650143590884,NCT03027661,Pain,bupivacaine,Phase 3,15.0,C_benign,0.5,0,,0.0004676650143590884,0
1078,0,0.007567331560147479,NCT02526212,opioid use disorder,buprenorphine,Phase 3,45.0,B_serious_chronic,0.6,0,,0.007567331560147479,0
1079,0,0.012505423992561718,NCT03232346,opioid use disorder,buprenorphine,Phase 3,45.0,B_serious_chronic,0.6,0,,0.012505423992561718,0
1080,0,0.0002934553766186905,NCT03006705,Gastric Cancer,capecitabine,Phase 3,85.0,A_tox_tolerated,0.65,1,cytotoxic_managed_toxicity,0.0002934553766186905,1
1081,0,0.38492399978420777,NCT03084939,Metastatic Breast Cancer,capecitabine,Phase 3,88.0,A_tox_tolerated,0.65,1,cytotoxic_managed_toxicity,0.15,1
1082,0,9.933291387012762e-05,NCT03032380,Healthcare-associated Pneumonia (HCAP); Hospital Acquired Pneumonia (HAP); Ventilator Associated Pneumonia (VAP),cefiderocol,Phase 3,80.0,A_tox_tolerated,0.65,0,,9.933291387012762e-05,0
1083,0,0.00019105906756727392,NCT03269994,pancreatic cancer,cefoxitin,Phase 3,95.0,A_tox_tolerated,0.65,0,,0.00019105906756727392,0
1084,0,0.00040128221319936516,NCT03294395,gonorrhea,ceftriaxone,Phase 3,22.0,C_benign,0.5,0,,0.00040128221319936516,0
1085,0,8.406168488146859e-05,NCT03396588,neonatal abstinence syndrome,clonidine,Phase 3,40.0,B_serious_chronic,0.6,0,,8.406168488146859e-05,0
1086,0,0.04791490111672286,NCT02814916,Methicillin-Resistant Staphylococcus Aureus; Bacterial Infections; Staphylococcal Skin Infections,dalbavancin,Phase 3,65.0,B_serious_chronic,0.6,0,,0.04791490111672286,0
1087,0,0.00021193108092815616,NCT02984644,Type II; Diabetes,dapagliflozin,Phase 3,40.0,B_serious_chronic,0.6,0,,0.00021193108092815616,0
1088,0,0.0005403106234799467,NCT03036124,Chronic Heart Failure With Reduced Ejection Fraction (HFrEF),dapagliflozin,Phase 3,80.0,A_tox_tolerated,0.65,0,,0.0005403106234799467,0
1089,0,3.039632241820077e-05,NCT03036150,Chronic Kidney Disease,dapagliflozin,Phase 3,60.0,B_serious_chronic,0.6,0,,3.039632241820077e-05,0
1090,0,0.00040623193010321115,NCT03199053,Type 2 Diabetes Mellitus,dapagliflozin,Phase 3,40.0,B_serious_chronic,0.6,0,,0.00040623193010321115,0
1091,0,2.4180653851140314e-05,NCT03029208,anemia,daprodustat,Phase 3,40.0,B_serious_chronic,0.6,0,,2.4180653851140314e-05,0
1092,0,8.278583559475306e-05,NCT03011905,"Brachial Plexus Block; Pain, Postoperative",dexamethasone,Phase 3,10.0,C_benign,0.5,0,,8.278583559475306e-05,0
1093,0,5.8910763747020925e-05,NCT03029234,Multiple Myeloma,dexamethasone,Phase 3,82.0,A_tox_tolerated,0.65,0,,5.8910763747020925e-05,0
1095,0,1.064477262960025e-05,NCT03158688,Multiple Myeloma,dexamethasone,Phase 3,82.0,A_tox_tolerated,0.65,0,,1.064477262960025e-05,0
1097,0,2.0737289151011465e-05,NCT03234972,Multiple Myeloma,dexamethasone,Phase 3,82.0,A_tox_tolerated,0.65,0,,2.0737289151011465e-05,0
1098,0,0.019210516389184713,NCT03001661,Induction of Labor Affected Fetus / Newborn,dinoprostone,Phase 3,45.0,B_serious_chronic,0.6,0,,0.019210516389184713,0
1099,0,0.005614030135323829,NCT03067597,cervical ripening,dinoprostone,Phase 3,8.0,C_benign,0.5,0,,0.005614030135323829,0
1100,0,0.0022283692488107554,NCT03067727,cervical ripening,dinoprostone,Phase 3,8.0,C_benign,0.5,0,,0.0022283692488107554,0
1101,0,0.00016176862257649618,NCT02976259,HIV infection,dolutegravir,Phase 3,62.0,B_serious_chronic,0.6,0,,0.00016176862257649618,0
1103,0,4.6766537622423765e-05,NCT03122262,HIV-1 infection,dolutegravir,Phase 3,62.0,B_serious_chronic,0.6,0,,4.6766537622423765e-05,0
1104,0,0.0001672365981102672,NCT03176693,pheochromocytoma and paraganglioma,doxazosin,Phase 3,70.0,A_tox_tolerated,0.65,0,,0.0001672365981102672,0
1105,0,0.003974545303685862,NCT02798471,Venous Thromboembolism (VTE); Pulmonary Embolism; Deep Vein Thrombosis (DVT),edoxaban,Phase 3,76.0,A_tox_tolerated,0.65,0,,0.003974545303685862,0
1106,0,0.26248550799574133,NCT02866175,Atrial Fibrillation,edoxaban,Phase 3,45.0,B_serious_chronic,0.6,0,,0.26248550799574133,0
1107,0,0.22600436030111654,NCT02942576,Atrial Fibrillation,edoxaban,Phase 3,45.0,B_serious_chronic,0.6,0,,0.22600436030111654,0
1108,0,0.0017083578747753552,NCT03244319,MV(Mitral Valve) Repair,edoxaban,Phase 3,60.0,B_serious_chronic,0.6,0,,0.0017083578747753552,0
1109,0,0.00012311451442896065,NCT03057951,Heart Failure,empagliflozin,Phase 3,80.0,A_tox_tolerated,0.65,0,,0.00012311451442896065,0
1110,0,0.00012311451442896065,NCT03057977,Heart Failure,empagliflozin,Phase 3,80.0,A_tox_tolerated,0.65,0,,0.00012311451442896065,0
1112,0,0.00014725196303374386,NCT03066804,Heart Failure With Preserved Ejection Fraction,enalapril,Phase 3,75.0,A_tox_tolerated,0.65,0,,0.00014725196303374386,0
1114,0,0.019684906126595146,NCT03016312,Prostrate Cancer,enzalutamide,Phase 3,72.0,A_tox_tolerated,0.65,0,,0.019684906126595146,0
1115,0,4.018662471998531e-05,NCT03032510,complicated urinary tract infection,eravacycline,Phase 3,52.0,B_serious_chronic,0.6,0,,4.018662471998531e-05,0
1116,0,0.016797748415243605,NCT03264547,Breast Cancer,eribulin,Phase 3,75.0,A_tox_tolerated,0.65,0,,0.016797748415243605,0
1117,0,7.196118405657964e-05,NCT03039192,Major Depressive Disorder,esketamine,Phase 3,42.0,B_serious_chronic,0.6,0,,7.196118405657964e-05,0
1118,0,7.196118405657964e-05,NCT03097133,Major Depressive Disorder,esketamine,Phase 3,42.0,B_serious_chronic,0.6,0,,7.196118405657964e-05,0
1119,0,0.0013616703460942153,NCT03066778,Participants With Extensive Stage Small Cell Lung Cancer,etoposide,Phase 3,92.0,A_tox_tolerated,0.65,1,cytotoxic_managed_toxicity,0.0013616703460942153,1
1120,0,3.645512455844558e-05,NCT03337308,Hyperlipidemias,ezetimibe,Phase 3,38.0,C_benign,0.5,0,,3.645512455844558e-05,0
1121,0,0.00025770512042206224,NCT04414800,"Multiple Trauma; Pain, Acute",fentanyl,Phase 3,70.0,A_tox_tolerated,0.65,0,,0.00025770512042206224,0
1122,0,0.00035422456597031173,NCT03025308,Rheumatoid Arthritis,filgotinib,Phase 3,58.0,B_serious_chronic,0.6,0,,0.00035422456597031173,0
1123,0,4.7109402430771316e-05,NCT03143153,Esophageal Cancer,fluorouracil,Phase 3,88.0,A_tox_tolerated,0.65,1,cytotoxic_managed_toxicity,4.7109402430771316e-05,1
1124,0,0.0010576882026458706,NCT04628325,congestive heart failure,furosemide,Phase 3,80.0,A_tox_tolerated,0.65,0,,0.0010576882026458706,0
1126,0,0.0017715633304287194,NCT03128515,Sickle Cell Anemia; Sickle Cell Disease; Malaria,hydroxyurea,Phase 3,68.0,B_serious_chronic,0.6,0,,0.0017715633304287194,0
1127,0,0.34668926507690456,NCT03053440,Waldenström's Macroglobulinemia,ibrutinib,Phase 3,72.0,A_tox_tolerated,0.65,0,,0.34668926507690456,0
1128,0,0.3798270705810845,NCT03112174,Cell Lymphoma,ibrutinib,Phase 3,85.0,A_tox_tolerated,0.65,0,,0.3798270705810845,0
1129,0,8.06740716352901e-05,NCT02863575,Pain,ibuprofen,Phase 3,15.0,C_benign,0.5,0,,8.06740716352901e-05,0
1130,0,0.0011881284126624176,NCT04037514,Patent Ductus Arteriosus After Premature Birth,ibuprofen,Phase 3,60.0,B_serious_chronic,0.6,0,,0.0011881284126624176,0
1131,0,0.008734424493347907,NCT03068312,cystic fibrosis,ivacaftor,Phase 3,68.0,B_serious_chronic,0.6,0,,0.008734424493347907,0
1132,0,0.00873579507849947,NCT03150719,cystic fibrosis,ivacaftor,Phase 3,68.0,B_serious_chronic,0.6,0,,0.00873579507849947,0
1134,0,0.009208388095241344,NCT02920528,Treatment of Acute Pain,ketamine,Phase 3,12.0,C_benign,0.5,0,,0.009208388095241344,0
1135,0,0.000488494987619962,NCT03104140,Septic Shock,ketamine,Phase 3,85.0,A_tox_tolerated,0.65,0,,0.000488494987619962,0
1136,0,0.0026405666677766443,NCT04414800,"Multiple Trauma; Pain, Acute",ketamine,Phase 3,70.0,A_tox_tolerated,0.65,0,,0.0026405666677766443,0
1137,0,0.016825863979188924,NCT03320486,tinea pedis,ketoconazole,Phase 3,5.0,C_benign,0.5,0,,0.016825863979188924,0
1138,0,0.020551079261931112,NCT03050307,Gastric Ulcer,lansoprazole,Phase 3,30.0,C_benign,0.5,0,,0.020551079261931112,0
1139,0,0.03316323293391856,NCT03050359,Duodenal Ulcer,lansoprazole,Phase 3,30.0,C_benign,0.5,0,,0.03316323293391856,0
1140,0,0.017484217872334947,NCT02966093,Thyroid Cancer,lenvatinib,Phase 3,60.0,B_serious_chronic,0.6,0,,0.017484217872334947,0
1141,0,0.0022656177818321916,NCT02818738,Maintaining Remission After the First Flare of Steroid Sensitive Nephrotic Syndrome,levamisole hydrochloride,Phase 3,45.0,B_serious_chronic,0.6,0,,0.0022656177818321916,0
1142,0,0.0042737410732608125,NCT03340064,Partial Seizures,levetiracetam,Phase 3,55.0,B_serious_chronic,0.6,0,,0.0042737410732608125,0
1143,0,0.003767144813372898,NCT03277690,Cushing syndrome,levoketoconazole,Phase 3,55.0,B_serious_chronic,0.6,0,,0.003767144813372898,0
1144,0,7.156090528449796e-05,NCT02720198,Major Depressive Disorder,levomilnacipran,Phase 3,42.0,B_serious_chronic,0.6,0,,7.156090528449796e-05,0
1146,0,0.001243205962911864,NCT03086486,tuberculosis,linezolid,Phase 3,72.0,A_tox_tolerated,0.65,0,,0.001243205962911864,0
1147,0,0.0016623107545390887,NCT03097861,chronic idiopathic constipation,lubiprostone,Phase 3,12.0,C_benign,0.5,0,,0.0016623107545390887,0
1148,0,0.09861120298386042,NCT03249376,Depression,lumateperone,Phase 3,40.0,B_serious_chronic,0.6,0,,0.09861120298386042,0
1149,0,0.8718027007635992,NCT02932410,Pulmonary Arterial Hypertension,macitentan,Phase 3,80.0,A_tox_tolerated,0.65,0,,0.8718027007635992,0
1150,0,0.0004769426236488672,NCT02927067,Cytomegalovirus (CMV),maribavir,Phase 3,50.0,B_serious_chronic,0.6,0,,0.0004769426236488672,0
1151,0,0.005645329253071902,NCT03066830,Type 2 Diabetes Mellitus,metformin,Phase 3,40.0,B_serious_chronic,0.6,0,,0.005645329253071902,0
1152,0,0.00021994862550633,NCT03130426,Type 2 Diabetes,metformin,Phase 3,40.0,B_serious_chronic,0.6,0,,0.00021994862550633,0
1153,0,8.674332216232231e-05,NCT03214380,Type 2 Diabetes,metformin,Phase 3,40.0,B_serious_chronic,0.6,0,,8.674332216232231e-05,0
1154,0,8.674332216232231e-05,NCT03268005,Type 2 Diabetes,metformin,Phase 3,40.0,B_serious_chronic,0.6,0,,8.674332216232231e-05,0
1155,0,0.003918031279110918,NCT03309007,diabetes,metformin,Phase 3,42.0,B_serious_chronic,0.6,0,,0.003918031279110918,0
1156,0,0.0010639233354215118,NCT02980276,Reduction of Gestational Diabetes,metformin,Phase 3,40.0,B_serious_chronic,0.6,0,,0.0010639233354215118,0
1157,0,3.937714984599505e-05,NCT03215056,Pain,methoxyflurane,Phase 3,15.0,C_benign,0.5,0,,3.937714984599505e-05,0
1158,0,0.0004265111940604152,NCT03256903,Trauma Pain,methoxyflurane,Phase 3,18.0,C_benign,0.5,0,,0.0004265111940604152,0
1159,0,0.0005038069877511233,NCT02700685,attention deficit hyperactivity disorder,methylphenidate,Phase 3,22.0,C_benign,0.5,0,,0.0005038069877511233,0
1160,0,3.441090440496451e-05,NCT03185065,Multiple Sclerosis,methylphenidate,Phase 3,60.0,B_serious_chronic,0.6,0,,3.441090440496451e-05,0
1162,0,0.00016831430807539666,NCT03220958,Post-Traumatic Headache,metoclopramide,Phase 3,15.0,C_benign,0.5,0,,0.00016831430807539666,0
1163,0,3.695780462146534e-05,NCT03069677,Anxiety,midazolam,Phase 3,20.0,C_benign,0.5,0,,3.695780462146534e-05,0
1165,0,0.00042166123319869266,NCT03148574,postpartum hemorrhage,misoprostol,Phase 3,85.0,A_tox_tolerated,0.65,0,,0.00042166123319869266,0
1166,0,1.9869055991341367e-05,NCT03185065,Multiple Sclerosis,modafinil,Phase 3,60.0,B_serious_chronic,0.6,0,,1.9869055991341367e-05,0
1167,0,5.6939461840627026e-05,NCT03085797,chronic rhinosinusitis with nasal polyps,mometasone furoate,Phase 3,18.0,C_benign,0.5,0,,5.6939461840627026e-05,0
1168,0,0.03672227293654883,NCT02990286,"Lung Disease, Interstitial",mycophenolate mofetil,Phase 3,75.0,A_tox_tolerated,0.65,0,,0.03672227293654883,0
1169,0,0.0017515468496638084,NCT03156452,Immune Thrombocytopenia,mycophenolate mofetil,Phase 3,50.0,B_serious_chronic,0.6,0,,0.0017515468496638084,0
1170,0,0.002445300384495651,NCT03248037,Fuchs' endothelial dystrophy,netarsudil,Phase 3,20.0,C_benign,0.5,0,,0.002445300384495651,0
1171,0,3.6519949622946407e-05,NCT03091699,smoking cessation,nicotine,Phase 3,30.0,C_benign,0.5,0,,3.6519949622946407e-05,0
1172,0,0.015449631606136455,NCT02999178,"Lung Diseases, Interstitial",nintedanib,Phase 3,75.0,A_tox_tolerated,0.65,0,,0.015449631606136455,0
1173,0,0.028329729662398752,NCT03313180,"Lung Diseases, Interstitial",nintedanib,Phase 3,75.0,A_tox_tolerated,0.65,0,,0.028329729662398752,0
1174,0,0.0009896650703794703,NCT03187769,Schizophrenia; Schizophreniform Disorders; Bipolar I Disorder,olanzapine,Phase 3,62.0,B_serious_chronic,0.6,0,,0.0009896650703794703,0
1175,0,7.018680104381857e-05,NCT03219710,Chemotherapy-induced Nausea and Vomiting,olanzapine,Phase 3,20.0,C_benign,0.5,0,,7.018680104381857e-05,0
1176,0,0.0006279646503208052,NCT03205228,Globus,omeprazole,Phase 3,8.0,C_benign,0.5,0,,0.0006279646503208052,0
1177,0,0.005765788403165727,NCT03352323,rosacea,oxymetazoline,Phase 3,5.0,C_benign,0.5,0,,0.005765788403165727,0
1178,0,0.0034033446599201116,NCT02898077,Gastroesophageal Cancer,paclitaxel,Phase 3,85.0,A_tox_tolerated,0.65,1,cytotoxic_managed_toxicity,0.0034033446599201116,1
1179,0,0.030123944063279607,NCT03036488,Breast Cancer,paclitaxel,Phase 3,75.0,A_tox_tolerated,0.65,1,cytotoxic_managed_toxicity,0.030123944063279607,1
1180,0,0.001807387849621648,NCT03038100,Primary Peritoneal Cancer,paclitaxel,Phase 3,90.0,A_tox_tolerated,0.65,1,cytotoxic_managed_toxicity,0.001807387849621648,1
1181,0,0.0008590258675064905,NCT03064126,"Peripheral Artery Disease; Atherosclerosis; Artery Diseases, Peripheral; Plaque, Atherosclerotic; Occlusive Arterial Disease",paclitaxel,Phase 3,50.0,B_serious_chronic,0.6,1,cytotoxic_managed_toxicity,0.0008590258675064905,1
1182,0,0.857707743422462,NCT03117049,Lung Cancer,paclitaxel,Phase 3,90.0,A_tox_tolerated,0.65,1,cytotoxic_managed_toxicity,0.15,1
1183,0,0.08026923335792388,NCT03125902,Breast Cancer,paclitaxel,Phase 3,75.0,A_tox_tolerated,0.65,1,cytotoxic_managed_toxicity,0.08026923335792388,1
1184,0,0.6416828685006919,NCT03169335,Lung Cancer,paclitaxel,Phase 3,90.0,A_tox_tolerated,0.65,1,cytotoxic_managed_toxicity,0.15,1
1185,0,0.6416828685006919,NCT03329911,Lung Cancer,paclitaxel,Phase 3,90.0,A_tox_tolerated,0.65,1,cytotoxic_managed_toxicity,0.15,1
1186,0,0.646413140429791,NCT03875092,Lung Cancer,paclitaxel,Phase 3,90.0,A_tox_tolerated,0.65,1,cytotoxic_managed_toxicity,0.15,1
1187,0,0.0017569952466057828,NCT06781073,Cervical Carcinoma,paclitaxel,Phase 3,85.0,A_tox_tolerated,0.65,1,cytotoxic_managed_toxicity,0.0017569952466057828,1
1188,0,0.16091335230139342,NCT03312634,fibrodysplasia ossificans progressiva,palovarotene,Phase 3,75.0,A_tox_tolerated,0.65,0,,0.16091335230139342,0
1189,0,0.0014886348970795818,NCT02929563,Gastrointestinal Hemorrhage,pantoprazole,Phase 3,68.0,B_serious_chronic,0.6,0,,0.0014886348970795818,0
1190,0,0.07522854036313434,NCT02864251,Lung Cancer,pemetrexed,Phase 3,90.0,A_tox_tolerated,0.65,1,cytotoxic_managed_toxicity,0.07522854036313434,1
1191,0,0.00015102500030083886,NCT03134872,NSCLC,pemetrexed,Phase 3,88.0,A_tox_tolerated,0.65,1,cytotoxic_managed_toxicity,0.00015102500030083886,1
1193,0,7.34557414270567e-05,NCT03374956,Obesity,phentermine,Phase 3,35.0,C_benign,0.5,0,,7.34557414270567e-05,0
1194,0,0.0007723205280960405,NCT03208933,Idiopathic Pulmonary Fibrosis,pirfenidone,Phase 3,88.0,A_tox_tolerated,0.65,0,,0.0007723205280960405,0
1195,0,0.0009050444401801841,NCT03232073,Multiple Sclerosis,ponesimod,Phase 3,60.0,B_serious_chronic,0.6,0,,0.0009050444401801841,0
1196,0,0.0001501297346690078,NCT02961257,Prostate Cancer Metastatic,prednisone,Phase 3,88.0,A_tox_tolerated,0.65,0,,0.0001501297346690078,0
1198,0,0.001648761086771915,NCT03086486,tuberculosis,pretomanid,Phase 3,72.0,A_tox_tolerated,0.65,0,,0.001648761086771915,0
1199,0,0.0003157550335422931,NCT03022240,Cognitive Change; Behavior,propofol,Phase 3,30.0,C_benign,0.5,0,,0.0003157550335422931,0
1200,0,0.002529923625081075,NCT03425474,sedation,propofol,Phase 3,15.0,C_benign,0.5,0,,0.002529923625081075,0
1202,0,0.0001878746969966981,NCT02720198,Major Depressive Disorder,quetiapine,Phase 3,42.0,B_serious_chronic,0.6,0,,0.0001878746969966981,0
1203,0,6.601368842880408e-05,NCT03029689,HIV infection,raltegravir,Phase 3,62.0,B_serious_chronic,0.6,0,,6.601368842880408e-05,0
1204,0,0.00010831936612856879,NCT03065309,hypotension,remifentanil,Phase 3,40.0,B_serious_chronic,0.6,0,,0.00010831936612856879,0
1205,0,0.016793949912156266,NCT03669484,General Anaesthesia,remimazolam,Phase 3,10.0,C_benign,0.5,0,,0.016793949912156266,0
1206,0,0.002870427574047812,NCT03235479,migraine,rimegepant,Phase 3,20.0,C_benign,0.5,0,,0.002870427574047812,0
1207,0,0.002870427574047812,NCT03237845,migraine,rimegepant,Phase 3,20.0,C_benign,0.5,0,,0.002870427574047812,0
1208,0,0.003556231740183978,NCT03055026,Extended Antithrombotic Prophylaxis After Laparoscopic Surgery for Colorectal Cancer,rivaroxaban,Phase 3,65.0,B_serious_chronic,0.6,0,,0.003556231740183978,0
1209,0,0.0073537094335582405,NCT03181386,Atrial Fibrillation; Periodontal Disease; Hemorrhage,rivaroxaban,Phase 3,45.0,B_serious_chronic,0.6,0,,0.0073537094335582405,0
1210,0,0.0021878752559697195,NCT04569279,Cerebral Vein Thrombosis,rivaroxaban,Phase 3,80.0,A_tox_tolerated,0.65,0,,0.0021878752559697195,0
1211,0,0.00040013904336457933,NCT02959476,Pain,ropivacaine,Phase 3,15.0,C_benign,0.5,0,,0.00040013904336457933,0
1212,0,5.3864710784698424e-05,NCT02855944,Primary Peritoneal Cancer,rucaparib,Phase 3,90.0,A_tox_tolerated,0.65,0,,5.3864710784698424e-05,0
1213,0,0.09245278352298444,NCT02975934,Prostate Cancer,rucaparib,Phase 3,72.0,A_tox_tolerated,0.65,0,,0.09245278352298444,0
1214,0,0.0035367969689142987,NCT03112603,Graft-versus-host Disease (GVHD),ruxolitinib,Phase 3,78.0,A_tox_tolerated,0.65,0,,0.0035367969689142987,0
1215,0,0.005923841694191491,NCT03110562,Multiple Myeloma,selinexor,Phase 3,82.0,A_tox_tolerated,0.65,0,,0.005923841694191491,0
1216,0,0.00016753523671669108,NCT03022240,Cognitive Change; Behavior,sevoflurane,Phase 3,30.0,C_benign,0.5,0,,0.00016753523671669108,0
1217,0,0.0006137196624778413,NCT02713945,Noonan Syndrome,simvastatin,Phase 3,55.0,B_serious_chronic,0.6,0,,0.0006137196624778413,0
1218,0,0.003023035962635115,NCT03061214,Type 2 Diabetes,sitagliptin,Phase 3,40.0,B_serious_chronic,0.6,0,,0.003023035962635115,0
1219,0,0.0030196909878474616,NCT03076112,Type 2 Diabetes,sitagliptin,Phase 3,40.0,B_serious_chronic,0.6,0,,0.0030196909878474616,0
1220,0,0.003023035962635115,NCT03115112,Type 2 Diabetes,sitagliptin,Phase 3,40.0,B_serious_chronic,0.6,0,,0.003023035962635115,0
1221,0,0.00010865012468471307,NCT03995485,hepatitis C virus infection,sofosbuvir,Phase 3,60.0,B_serious_chronic,0.6,0,,0.00010865012468471307,0
1222,0,0.0005788456581427396,NCT03242018,Type 2 Diabetes,sotagliflozin,Phase 3,40.0,B_serious_chronic,0.6,0,,0.0005788456581427396,0
1223,0,0.0005788456581427396,NCT03242252,Type 2 Diabetes,sotagliflozin,Phase 3,40.0,B_serious_chronic,0.6,0,,0.0005788456581427396,0
1224,0,0.0005962569643900478,NCT03285594,Type 2 Diabetes Mellitus,sotagliflozin,Phase 3,40.0,B_serious_chronic,0.6,0,,0.0005962569643900478,0
1225,0,0.00037848007421307454,NCT03351478,Type 2 Diabetes Mellitus,sotagliflozin,Phase 3,40.0,B_serious_chronic,0.6,0,,0.00037848007421307454,0
1226,0,0.006945973204766677,NCT03260894,Renal Cell Carcinoma (RCC),sunitinib,Phase 3,80.0,A_tox_tolerated,0.65,0,,0.006945973204766677,0
1227,0,2.322272707036157e-05,NCT03373201,insomnia,tasimelteon,Phase 3,15.0,C_benign,0.5,0,,2.322272707036157e-05,0
1228,0,7.16504936064343e-05,NCT03122262,HIV-1 infection,tenofovir alafenamide,Phase 3,62.0,B_serious_chronic,0.6,0,,7.16504936064343e-05,0
1229,0,4.8132879032662096e-05,NCT03277248,Multiple Sclerosis,teriflunomide,Phase 3,60.0,B_serious_chronic,0.6,0,,4.8132879032662096e-05,0
1230,0,4.8132879032662096e-05,NCT03277261,Multiple Sclerosis,teriflunomide,Phase 3,60.0,B_serious_chronic,0.6,0,,4.8132879032662096e-05,0
1232,0,0.006727703306189066,NCT02997358,leiomyosarcoma,trabectedin,Phase 3,90.0,A_tox_tolerated,0.65,1,cytotoxic_managed_toxicity,0.006727703306189066,1
1233,0,8.179261138731811e-05,NCT03290378,Pain Management,tramadol,Phase 3,15.0,C_benign,0.5,0,,8.179261138731811e-05,0
1234,0,0.0004345006325495582,NCT03395808,Pain Management,tramadol,Phase 3,15.0,C_benign,0.5,0,,0.0004345006325495582,0
1235,0,7.998250261997778e-05,NCT03191903,Osteoarthritis,triamcinolone hexacetonide,Phase 3,25.0,C_benign,0.5,0,,7.998250261997778e-05,0
1236,0,7.998250261997778e-05,NCT03390036,Osteoarthritis,triamcinolone hexacetonide,Phase 3,25.0,C_benign,0.5,0,,7.998250261997778e-05,0
1237,0,0.002387734450102021,NCT03118297,contraception,ulipristal acetate,Phase 3,5.0,C_benign,0.5,0,,0.002387734450102021,0
1238,0,4.087130694418111e-05,NCT03086343,Rheumatoid Arthritis,upadacitinib,Phase 3,58.0,B_serious_chronic,0.6,0,,4.087130694418111e-05,0
1239,0,0.0025712895554593734,NCT03104374,Psoriatic Arthritis,upadacitinib,Phase 3,55.0,B_serious_chronic,0.6,0,,0.0025712895554593734,0
1240,0,0.0013766853566622612,NCT03104400,Psoriatic Arthritis,upadacitinib,Phase 3,55.0,B_serious_chronic,0.6,0,,0.0013766853566622612,0
1241,0,0.0006024613840815208,NCT03345836,Crohn's disease,upadacitinib,Phase 3,55.0,B_serious_chronic,0.6,0,,0.0006024613840815208,0
1242,0,0.0006024613840815208,NCT03345849,Crohn's disease,upadacitinib,Phase 3,55.0,B_serious_chronic,0.6,0,,0.0006024613840815208,0
1243,0,5.666341668262309e-05,NCT02957786,smoking cessation,varenicline,Phase 3,30.0,C_benign,0.5,0,,5.666341668262309e-05,0
1244,0,9.522355239381138e-05,NCT03262662,tobacco use disorder,varenicline,Phase 3,30.0,C_benign,0.5,0,,9.522355239381138e-05,0
1245,0,0.0037745179309834655,NCT02908672,Advanced Melanoma,vemurafenib,Phase 3,90.0,A_tox_tolerated,0.65,0,,0.0037745179309834655,0
1247,0,0.1073215298814247,NCT03112174,Cell Lymphoma,venetoclax,Phase 3,85.0,A_tox_tolerated,0.65,0,,0.1073215298814247,0
1248,0,0.0002904251289463416,NCT03108625,Major Depressive Disorder,vortioxetine,Phase 3,42.0,B_serious_chronic,0.6,0,,0.0002904251289463416,0
1250,0,0.0005143869902752976,NCT03067441,Hypercholesterolemia,bempedoic acid,Phase 3,38.0,C_benign,0.5,0,,0.0005143869902752976,0
1251,0,1.06679548429322e-05,NCT03275285,Multiple Myeloma,dexamethasone,Phase 3,82.0,A_tox_tolerated,0.65,0,,1.06679548429322e-05,0
1253,0,0.0840277353709933,NCT02851797,Duchenne muscular dystrophy,givinostat,Phase 3,80.0,A_tox_tolerated,0.65,0,,0.0840277353709933,0
1254,0,0.1888718558676917,NCT02947347,Follicular Lymphoma,ibrutinib,Phase 3,68.0,B_serious_chronic,0.6,0,,0.1888718558676917,0
1256,0,0.014913047800099935,NCT02502175,Medication-assisted Treatment of Opioid Use Disorder,methadone,Phase 3,55.0,B_serious_chronic,0.6,0,,0.014913047800099935,0
1257,0,0.37099013808564296,NCT02987543,Prostate Cancer,olaparib,Phase 3,72.0,A_tox_tolerated,0.65,0,,0.37099013808564296,0
1258,0,0.00019556446569654853,NCT02629042,Pulpitis,prednisolone,Phase 3,8.0,C_benign,0.5,0,,0.00019556446569654853,0
1259,0,0.6841653829435563,NCT03043157,Muscle Relaxation,rocuronium,Phase 3,15.0,C_benign,0.5,0,,0.6841653829435563,0
1260,0,6.688073180060636e-05,NCT02964936,chronic kidney disease,roxadustat,Phase 3,62.0,B_serious_chronic,0.6,0,,6.688073180060636e-05,0
1261,0,6.688073180060636e-05,NCT02988973,chronic kidney disease,roxadustat,Phase 3,62.0,B_serious_chronic,0.6,0,,6.688073180060636e-05,0
1262,0,0.00020247511614404396,NCT03131713,Non-melanoma Skin Cancer,acetaminophen,Phase 3,40.0,B_serious_chronic,0.6,0,,0.00020247511614404396,0
1263,0,0.017483217235263863,NCT02885636,Congestive heart failure,albuterol,Phase 3,80.0,A_tox_tolerated,0.65,0,,0.017483217235263863,0
1265,0,2.5116542406095375e-05,NCT02935530,venous thromboembolism,argatroban,Phase 3,72.0,A_tox_tolerated,0.65,0,,2.5116542406095375e-05,0
1266,0,0.016570091330110285,NCT02662569,Diabetes,atorvastatin,Phase 3,40.0,B_serious_chronic,0.6,0,,0.016570091330110285,0
1268,0,0.06362915985076321,NCT03433196,Hypercholesterolemia in Coronaory Heart Disease,atorvastatin,Phase 3,58.0,B_serious_chronic,0.6,0,,0.06362915985076321,0
1269,0,0.00027113017998578573,NCT02870478,Myopia,atropine,Phase 3,8.0,C_benign,0.5,0,,0.00027113017998578573,0
1271,0,0.023031172898411834,NCT03001076,Hypercholesterolemia; Atherosclerosis; Statin Adverse Reaction,bempedoic acid,Phase 3,45.0,B_serious_chronic,0.6,0,,0.023031172898411834,0
1272,0,0.0007497427447901011,NCT02604173,Acute Mountain Sickness,budesonide,Phase 3,25.0,C_benign,0.5,0,,0.0007497427447901011,0
1273,0,0.0008466410159072388,NCT02949674,Pain,bupivacaine,Phase 3,15.0,C_benign,0.5,0,,0.0008466410159072388,0
1274,0,0.0002546666718487547,NCT02634788,Pain,buprenorphine,Phase 3,15.0,C_benign,0.5,0,,0.0002546666718487547,0
1275,0,0.0018429459706652354,NCT02741791,Major Depressive Disorder,bupropion,Phase 3,42.0,B_serious_chronic,0.6,0,,0.0018429459706652354,0
1277,0,0.00022497160107537426,NCT02820987,Septic Shock,cefepime,Phase 3,85.0,A_tox_tolerated,0.65,0,,0.00022497160107537426,0
1278,0,0.0021873464056058707,NCT02514278,Organ Preservation in Rectal Cancer,capecitabine,Phase 3,80.0,A_tox_tolerated,0.65,1,cytotoxic_managed_toxicity,0.0021873464056058707,1
1279,0,0.005181762240304945,NCT02551237,Advanced Rectal Carcinoma,capecitabine,Phase 3,85.0,A_tox_tolerated,0.65,1,cytotoxic_managed_toxicity,0.005181762240304945,1
1280,0,0.00040403674735299837,NCT02700815,Acute Pain,capsaicin,Phase 3,10.0,C_benign,0.5,0,,0.00040403674735299837,0
1281,0,0.0018212271295038039,NCT02670538,Treatment of the Depressive Episode in Participants With Bipolar I Disorder,cariprazine,Phase 3,55.0,B_serious_chronic,0.6,0,,0.0018212271295038039,0
1282,0,0.06107440050711775,NCT02670551,Depression,cariprazine,Phase 3,40.0,B_serious_chronic,0.6,0,,0.06107440050711775,0
1283,0,5.392352858835103e-05,NCT02714595,Sepsis,cefiderocol,Phase 3,82.0,A_tox_tolerated,0.65,0,,5.392352858835103e-05,0
1284,0,4.036009956290527e-05,NCT02659033,bacterial infection,cefotaxime,Phase 3,50.0,B_serious_chronic,0.6,0,,4.036009956290527e-05,0
1285,0,0.00022253544711345316,NCT02688400,Osteoarthritis,celecoxib,Phase 3,25.0,C_benign,0.5,0,,0.00022253544711345316,0
1287,0,0.000267748796808221,NCT02725411,Low Back Pain,celecoxib,Phase 3,18.0,C_benign,0.5,0,,0.000267748796808221,0
1288,0,4.2011260227998575e-05,NCT02754765,"Tuberculosis, Multidrug-Resistant; Infection, Bacterial; Pulmonary Tuberculoses",clofazimine,Phase 3,80.0,A_tox_tolerated,0.65,0,,4.2011260227998575e-05,0
1289,0,8.394403284667394e-05,NCT02655965,Locoregional Analgesia in Breast Surgery,clonidine,Phase 3,12.0,C_benign,0.5,0,,8.394403284667394e-05,0
1291,0,0.0015470406617419396,NCT02737501,Anaplastic Lymphoma,crizotinib,Phase 3,85.0,A_tox_tolerated,0.65,0,,0.0015470406617419396,0
1292,0,0.15783161422059347,NCT02913326,Thromboembolism,dabigatran etexilate,Phase 3,72.0,A_tox_tolerated,0.65,0,,0.15783161422059347,0
1293,0,2.234256586357865e-05,NCT02681094,Type 2 Diabetes,dapagliflozin,Phase 3,40.0,B_serious_chronic,0.6,0,,2.234256586357865e-05,0
1295,0,2.4180653851140314e-05,NCT02876835,anemia,daprodustat,Phase 3,40.0,B_serious_chronic,0.6,0,,2.4180653851140314e-05,0
1296,0,0.0006159720016524308,NCT02879305,aspergillosis,daprodustat,Phase 3,78.0,A_tox_tolerated,0.65,0,,0.0006159720016524308,0
1297,0,0.019147159547861746,NCT02634008,hepatitis C virus infection,dasabuvir,Phase 3,60.0,B_serious_chronic,0.6,0,,0.019147159547861746,0
1298,0,0.003588954496119629,NCT02679573,Community Acquired Bacterial Pneumonia,delafloxacin,Phase 3,60.0,B_serious_chronic,0.6,0,,0.003588954496119629,0
1299,0,0.0004861525112199986,NCT02754765,"Tuberculosis, Multidrug-Resistant; Infection, Bacterial; Pulmonary Tuberculoses",delamanid,Phase 3,80.0,A_tox_tolerated,0.65,0,,0.0004861525112199986,0
1300,0,0.0002907503567564613,NCT02698514,"Anesthesia, General",desflurane,Phase 3,15.0,C_benign,0.5,0,,0.0002907503567564613,0
1301,0,0.00026210566590485106,NCT02830243,Anesthesia,desflurane,Phase 3,15.0,C_benign,0.5,0,,0.00026210566590485106,0
1302,0,0.00026210566590485106,NCT02872389,Anesthesia,desflurane,Phase 3,15.0,C_benign,0.5,0,,0.00026210566590485106,0
1303,0,7.579435114274593e-05,NCT02121262,Macular Edema,dexamethasone,Phase 3,25.0,C_benign,0.5,0,,7.579435114274593e-05,0
1304,0,2.8055619608068447e-05,NCT02767219,Glaucoma,dexamethasone,Phase 3,28.0,C_benign,0.5,0,,2.8055619608068447e-05,0
1305,0,2.3352648415979776e-05,NCT02794441,Migraine,dexamethasone,Phase 3,20.0,C_benign,0.5,0,,2.3352648415979776e-05,0
1306,0,2.0737289151011465e-05,NCT02811978,Multiple Myeloma,dexamethasone,Phase 3,82.0,A_tox_tolerated,0.65,0,,2.0737289151011465e-05,0
1307,0,7.564857426887156e-05,NCT02904538,Pain Management After Surgery,dexamethasone,Phase 3,8.0,C_benign,0.5,0,,7.564857426887156e-05,0
1309,0,0.0005379495169469746,NCT02700815,Acute Pain,diclofenac,Phase 3,10.0,C_benign,0.5,0,,0.0005379495169469746,0
1311,0,0.0014470520844819677,NCT02900378,Chronic Heart Failure With Reduced Ejection Fraction,enalapril,Phase 3,80.0,A_tox_tolerated,0.65,0,,0.0014470520844819677,0
1312,0,0.16165234886063776,NCT02677896,Prostate Cancer,enzalutamide,Phase 3,72.0,A_tox_tolerated,0.65,0,,0.16165234886063776,0
1313,0,0.00026319795914082206,NCT02890173,Essential Hypertension,eplerenone,Phase 3,40.0,B_serious_chronic,0.6,0,,0.00026319795914082206,0
1314,0,7.361727485170902e-05,NCT02784704,Complicated Intra-abdominal Infections; Complicated Appendicitis,eravacycline,Phase 3,65.0,B_serious_chronic,0.6,0,,7.361727485170902e-05,0
1315,0,0.002546230156501299,NCT02995694,Atrophic Vaginitis,estradiol,Phase 3,8.0,C_benign,0.5,0,,0.002546230156501299,0
1317,0,0.04614645069005898,NCT02763579,Lung Cancer,etoposide,Phase 3,90.0,A_tox_tolerated,0.65,1,cytotoxic_managed_toxicity,0.04614645069005898,1
1318,0,1.5281999820966333e-05,NCT02634580,Hypercholesterolemia,ezetimibe,Phase 3,38.0,C_benign,0.5,0,,1.5281999820966333e-05,0
1319,0,0.00014280856037201706,NCT02748057,Hypercholesterolemia; Familial Hypercholesterolemia,ezetimibe,Phase 3,48.0,B_serious_chronic,0.6,0,,0.00014280856037201706,0
1320,0,1.5241400367335403e-05,NCT02749994,Hypercholesterolemia,ezetimibe,Phase 3,38.0,C_benign,0.5,0,,1.5241400367335403e-05,0
1321,0,0.004988840346117239,NCT02823353,primary biliary cirrhosis,fenofibrate,Phase 3,65.0,B_serious_chronic,0.6,0,,0.004988840346117239,0
1322,0,0.004449163449014569,NCT03001817,severe hypertriglyceridemia,fenofibrate,Phase 3,50.0,B_serious_chronic,0.6,0,,0.004449163449014569,0
1323,0,0.004449163449014569,NCT03011450,severe hypertriglyceridemia,fenofibrate,Phase 3,50.0,B_serious_chronic,0.6,0,,0.004449163449014569,0
1324,0,0.0005394617762322564,NCT02880540,Obesity,fentanyl,Phase 3,35.0,C_benign,0.5,0,,0.0005394617762322564,0
1325,0,0.14752669360167298,NCT03025789,"Trypanosomiasis, African; Sleeping Sickness; Trypanosomiasis; Gambian",fexinidazole,Phase 3,92.0,A_tox_tolerated,0.65,0,,0.14752669360167298,0
1326,0,0.00035476184727015365,NCT02873936,Rheumatoid Arthritis,filgotinib,Phase 3,58.0,B_serious_chronic,0.6,0,,0.00035476184727015365,0
1327,0,0.00020494475320891292,NCT02886728,Rheumatoid Arthritis,filgotinib,Phase 3,58.0,B_serious_chronic,0.6,0,,0.00020494475320891292,0
1328,0,0.00023001670089391464,NCT02889796,Rheumatoid Arthritis,filgotinib,Phase 3,58.0,B_serious_chronic,0.6,0,,0.00023001670089391464,0
1329,0,0.0003107420026708672,NCT02914522,ulcerative colitis,filgotinib,Phase 3,50.0,B_serious_chronic,0.6,0,,0.0003107420026708672,0
1330,0,0.0021795033594449666,NCT02914561,Crohn's disease,filgotinib,Phase 3,55.0,B_serious_chronic,0.6,0,,0.0021795033594449666,0
1331,0,0.009688035720604341,NCT03004469,androgenetic alopecia,finasteride,Phase 3,6.0,C_benign,0.5,0,,0.009688035720604341,0
1332,0,0.0038476892467318217,NCT02751632,Psychotic Disorders; Personality Disorders; Clinical High Risk,fluoxetine,Phase 3,58.0,B_serious_chronic,0.6,0,,0.0038476892467318217,0
1333,0,5.1448972968963406e-05,NCT02980133,asthma,fluticasone propionate,Phase 3,42.0,B_serious_chronic,0.6,0,,5.1448972968963406e-05,0
1334,0,0.0010666615005591028,NCT02695771,Urinary Bladder Neoplasms,gemcitabine,Phase 3,78.0,A_tox_tolerated,0.65,1,cytotoxic_managed_toxicity,0.0010666615005591028,1
1335,0,0.016174767904291454,NCT02807636,Metastatic Urothelial Carcinoma,gemcitabine,Phase 3,90.0,A_tox_tolerated,0.65,1,cytotoxic_managed_toxicity,0.016174767904291454,1
1337,0,0.002756666395351096,NCT02993731,"Carcinoma, Pancreatic Ductal",gemcitabine,Phase 3,95.0,A_tox_tolerated,0.65,1,cytotoxic_managed_toxicity,0.002756666395351096,1
1338,0,5.001740006753831e-05,NCT02769481,Type 2 Diabetes,glimepiride,Phase 3,40.0,B_serious_chronic,0.6,0,,5.001740006753831e-05,0
1339,0,0.05881926932682048,NCT03062280,Congenital Adrenal Hyperplasia,hydrocortisone,Phase 3,50.0,B_serious_chronic,0.6,0,,0.05881926932682048,0
1340,0,0.21306853338712442,NCT02950051,Previously Untreated Chronic Lymphocytic Leukemia,ibrutinib,Phase 3,70.0,A_tox_tolerated,0.65,0,,0.21306853338712442,0
1341,0,0.0011410556947118176,NCT03022253,Patent Ductus Arteriosus,ibuprofen,Phase 3,55.0,B_serious_chronic,0.6,0,,0.0011410556947118176,0
1342,0,0.031480141691553706,NCT02597361,"Ehlers-Danlos Syndrome, Vascular Type",irbesartan,Phase 3,78.0,A_tox_tolerated,0.65,0,,0.031480141691553706,0
1343,0,0.00028480670750584555,NCT02980016,Tuberculosis; HIV,isoniazid,Phase 3,78.0,A_tox_tolerated,0.65,0,,0.00028480670750584555,0
1344,0,0.04553628844009529,NCT02934698,cystic fibrosis,ivacaftor,Phase 3,68.0,B_serious_chronic,0.6,0,,0.04553628844009529,0
1345,0,0.004240041961583533,NCT02778880,Pain; Traumatic Limb Injury,ketamine,Phase 3,25.0,C_benign,0.5,0,,0.004240041961583533,0
1346,0,0.00448025600002454,NCT02927379,Abdominal Cancer,ketamine,Phase 3,85.0,A_tox_tolerated,0.65,0,,0.00448025600002454,0
1348,0,0.007171352394381594,NCT02905045,Pain Relief,ketoprofen,Phase 3,15.0,C_benign,0.5,0,,0.007171352394381594,0
1349,0,0.013890526873392189,NCT02905058,Pain Relief,ketoprofen,Phase 3,15.0,C_benign,0.5,0,,0.013890526873392189,0
1350,0,0.00010051532780330256,NCT02582866,epilepsy,lacosamide,Phase 3,58.0,B_serious_chronic,0.6,0,,0.00010051532780330256,0
1351,0,4.385075848717416e-05,NCT03419975,open-angle glaucoma,latanoprost,Phase 3,30.0,C_benign,0.5,0,,4.385075848717416e-05,0
1352,0,0.0005864126546353644,NCT02705534,Cirrhosis,ledipasvir,Phase 3,80.0,A_tox_tolerated,0.65,0,,0.0005864126546353644,0
1353,0,0.0001876963372420398,NCT02783729,insomnia,lemborexant,Phase 3,15.0,C_benign,0.5,0,,0.0001876963372420398,0
1354,0,0.004755593998714792,NCT02600923,Advanced Breast Cancer,letrozole,Phase 3,85.0,A_tox_tolerated,0.65,0,,0.004755593998714792,0
1355,0,0.0001682340827091876,NCT03241472,Infertility,letrozole,Phase 3,8.0,C_benign,0.5,0,,0.0001682340827091876,0
1356,0,0.0002297447401521839,NCT02578368,gastric cancer,leucovorin,Phase 3,85.0,A_tox_tolerated,0.65,0,,0.0002297447401521839,0
1358,0,1.7233817835771743e-05,NCT02754765,"Tuberculosis, Multidrug-Resistant; Infection, Bacterial; Pulmonary Tuberculoses",linezolid,Phase 3,80.0,A_tox_tolerated,0.65,0,,1.7233817835771743e-05,0
1359,0,0.00025882814660070175,NCT02671383,HIV infection,lopinavir,Phase 3,62.0,B_serious_chronic,0.6,0,,0.00025882814660070175,0
1360,0,0.0001488931009320499,NCT02651155,constipation,lubiprostone,Phase 3,8.0,C_benign,0.5,0,,0.0001488931009320499,0
1361,0,0.0023725231245116476,NCT02695719,chronic idiopathic constipation,lubiprostone,Phase 3,12.0,C_benign,0.5,0,,0.0023725231245116476,0
1362,0,0.0001488931009320499,NCT02729909,constipation,lubiprostone,Phase 3,8.0,C_benign,0.5,0,,0.0001488931009320499,0
1363,0,0.03857456928919124,NCT02766777,functional constipation,lubiprostone,Phase 3,8.0,C_benign,0.5,0,,0.03857456928919124,0
1364,0,0.000498129763493313,NCT02820987,Septic Shock,meropenem,Phase 3,85.0,A_tox_tolerated,0.65,0,,0.000498129763493313,0
1365,0,0.0005527179682909128,NCT02931539,Cytomegalovirus (CMV),maribavir,Phase 3,50.0,B_serious_chronic,0.6,0,,0.0005527179682909128,0
1366,0,0.0093542282780685,NCT02112578,Vertigo,meclizine,Phase 3,15.0,C_benign,0.5,0,,0.0093542282780685,0
1367,0,7.45169858020534e-05,NCT02386319,Anxiety,melatonin,Phase 3,20.0,C_benign,0.5,0,,7.45169858020534e-05,0
1368,0,0.00015343363880528901,NCT02536417,Delirium,melatonin,Phase 3,45.0,B_serious_chronic,0.6,0,,0.00015343363880528901,0
1371,0,0.0017968254252161483,NCT02752412,Type 2 Diabetes Mellitus,metformin,Phase 3,40.0,B_serious_chronic,0.6,0,,0.0017968254252161483,0
1372,0,0.0017119469351235892,NCT02794792,Type 2 Diabetes Mellitus,metformin,Phase 3,40.0,B_serious_chronic,0.6,0,,0.0017119469351235892,0
1373,0,0.005645329253071902,NCT02831361,Type 2 Diabetes Mellitus,metformin,Phase 3,40.0,B_serious_chronic,0.6,0,,0.005645329253071902,0
1374,0,0.005645329253071902,NCT02926950,Type 2 Diabetes Mellitus,metformin,Phase 3,40.0,B_serious_chronic,0.6,0,,0.005645329253071902,0
1375,0,0.001141826318189074,NCT03320694,Management of Gestational Diabetes,metformin,Phase 3,40.0,B_serious_chronic,0.6,0,,0.001141826318189074,0
1376,0,0.0039377596528597045,NCT03792984,Polycystic Ovary Syndrome; Vitamin D Deficiency/Insufficiency,metformin,Phase 3,25.0,C_benign,0.5,0,,0.0039377596528597045,0
1377,0,0.0002176629246076757,NCT02558010,Pain,methadone,Phase 3,15.0,C_benign,0.5,0,,0.0002176629246076757,0
1378,0,9.951061049952245e-05,NCT02831569,Pain,methocarbamol,Phase 3,15.0,C_benign,0.5,0,,9.951061049952245e-05,0
1379,0,5.757053600439873e-05,NCT02634801,Plaque Psoriasis,methotrexate,Phase 3,35.0,C_benign,0.5,1,cytotoxic_managed_toxicity,5.757053600439873e-05,1
1381,0,1.1882967255815127e-05,NCT03148860,Psoriatic Arthritis,methotrexate,Phase 3,55.0,B_serious_chronic,0.6,1,cytotoxic_managed_toxicity,1.1882967255815127e-05,1
1382,0,1.0122027891071538e-05,NCT03332719,Rheumatoid Arthritis,methotrexate,Phase 3,58.0,B_serious_chronic,0.6,1,cytotoxic_managed_toxicity,1.0122027891071538e-05,1
1383,0,0.0005464576528221857,NCT02346201,Apathy,methylphenidate,Phase 3,10.0,C_benign,0.5,0,,0.0005464576528221857,0
1384,0,0.005555257473094833,NCT02650609,Chronic Subdural Hematomas,methylprednisolone,Phase 3,65.0,B_serious_chronic,0.6,0,,0.005555257473094833,0
1385,0,0.0009790957499895832,NCT02666703,Cardiopulmonary Bypass,methylprednisolone,Phase 3,60.0,B_serious_chronic,0.6,0,,0.0009790957499895832,0
1386,0,0.4925450486886588,NCT02887976,Prostate Cancer,methylprednisolone,Phase 3,72.0,A_tox_tolerated,0.65,0,,0.4925450486886588,0
1387,0,0.3913972633767121,NCT02985229,medical abortion,mifepristone,Phase 3,15.0,C_benign,0.5,0,,0.3913972633767121,0
1389,0,0.0023716639819959463,NCT02751931,Neurogenic Detrusor Overactivity,mirabegron,Phase 3,30.0,C_benign,0.5,0,,0.0023716639819959463,0
1390,0,3.272189908749253e-05,NCT02202967,anemia,misoprostol,Phase 3,40.0,B_serious_chronic,0.6,0,,3.272189908749253e-05,0
1391,0,4.915416134441255e-05,NCT02758340,Labor pain,misoprostol,Phase 3,15.0,C_benign,0.5,0,,4.915416134441255e-05,0
1392,0,0.009450378954907005,NCT02985229,medical abortion,misoprostol,Phase 3,15.0,C_benign,0.5,0,,0.009450378954907005,0
1393,0,0.0005648775113549041,NCT02563327,Tuberculosis,moxifloxacin,Phase 3,68.0,B_serious_chronic,0.6,0,,0.0005648775113549041,0
1394,0,7.431939502721621e-05,NCT02754765,"Tuberculosis, Multidrug-Resistant; Infection, Bacterial; Pulmonary Tuberculoses",moxifloxacin,Phase 3,80.0,A_tox_tolerated,0.65,0,,7.431939502721621e-05,0
1396,0,0.005921781810161364,NCT02652585,Alcoholism,naltrexone,Phase 3,40.0,B_serious_chronic,0.6,0,,0.005921781810161364,0
1397,0,0.006522388332702392,NCT02696434,Use in Conjunction With Buprenorphine in Adults With Opioid Use Disorder,naltrexone,Phase 3,55.0,B_serious_chronic,0.6,0,,0.006522388332702392,0
1398,0,3.62042854866938e-05,NCT02521662,smoking cessation,nicotine,Phase 3,30.0,C_benign,0.5,0,,3.62042854866938e-05,0
1399,0,0.013308422229634149,NCT02802345,Idiopathic Pulmonary Fibrosis,nintedanib,Phase 3,88.0,A_tox_tolerated,0.65,0,,0.013308422229634149,0
1400,0,3.36650022751531e-05,NCT03215797,hypotension,norepinephrine,Phase 3,40.0,B_serious_chronic,0.6,0,,3.36650022751531e-05,0
1401,0,6.182411596880122e-05,NCT02694328,Schizophrenia,olanzapine,Phase 3,62.0,B_serious_chronic,0.6,0,,6.182411596880122e-05,0
1402,0,0.0009137455974553461,NCT02861859,Breast Cancer,olanzapine,Phase 3,75.0,A_tox_tolerated,0.65,0,,0.0009137455974553461,0
1403,0,0.00013954157316963854,NCT02815709,pain,oliceridine,Phase 3,20.0,C_benign,0.5,0,,0.00013954157316963854,0
1404,0,0.00013954157316963854,NCT02820324,pain,oliceridine,Phase 3,20.0,C_benign,0.5,0,,0.00013954157316963854,0
1405,0,0.00033534644484717265,NCT02877927,skin and soft tissue Staphylococcus aureus infection,omadacycline,Phase 3,45.0,B_serious_chronic,0.6,0,,0.00033534644484717265,0
1406,0,0.0003954863028370059,NCT04140058,Hypotension; Nausea; Vomiting,ondansetron,Phase 3,25.0,C_benign,0.5,0,,0.0003954863028370059,0
1407,0,0.007631195975087324,NCT02638337,vaginal dryness,ospemifene,Phase 3,5.0,C_benign,0.5,0,,0.007631195975087324,0
1408,0,0.646413140429791,NCT02754882,Lung Cancer,paclitaxel,Phase 3,90.0,A_tox_tolerated,0.65,1,cytotoxic_managed_toxicity,0.15,1
1409,0,0.646413140429791,NCT02775435,Lung Cancer,paclitaxel,Phase 3,90.0,A_tox_tolerated,0.65,1,cytotoxic_managed_toxicity,0.15,1
1410,0,0.646413140429791,NCT02810457,Lung Cancer,paclitaxel,Phase 3,90.0,A_tox_tolerated,0.65,1,cytotoxic_managed_toxicity,0.15,1
1411,0,0.0006159206785301044,NCT03998969,Esophageal Disease,pantoprazole,Phase 3,35.0,C_benign,0.5,0,,0.0006159206785301044,0
1412,0,0.014096135379383052,NCT02578680,Lung Cancer,pemetrexed,Phase 3,90.0,A_tox_tolerated,0.65,1,cytotoxic_managed_toxicity,0.014096135379383052,1
1413,0,0.0860015014117708,NCT02657434,Lung Cancer,pemetrexed,Phase 3,90.0,A_tox_tolerated,0.65,1,cytotoxic_managed_toxicity,0.0860015014117708,1
1414,0,0.001750383917078944,NCT02899299,Mesothelioma,pemetrexed,Phase 3,92.0,A_tox_tolerated,0.65,1,cytotoxic_managed_toxicity,0.001750383917078944,1
1415,0,0.015126762757359673,NCT03950674,Lung Cancer,pemetrexed,Phase 3,90.0,A_tox_tolerated,0.65,1,cytotoxic_managed_toxicity,0.015126762757359673,1
1416,0,8.766930971231492e-05,NCT02849626,epilepsy,perampanel,Phase 3,58.0,B_serious_chronic,0.6,0,,8.766930971231492e-05,0
1417,0,0.23048593668248002,NCT02407782,scabies,permethrin,Phase 3,8.0,C_benign,0.5,0,,0.23048593668248002,0
1418,0,0.005060138139404372,NCT01657448,dysuria,phenazopyridine,Phase 3,10.0,C_benign,0.5,0,,0.005060138139404372,0
1419,0,0.00026637037254900004,NCT02806713,pain,phenazopyridine,Phase 3,20.0,C_benign,0.5,0,,0.00026637037254900004,0
1421,0,0.0003196881000664368,NCT02689778,diabetic nephropathy,pirfenidone,Phase 3,58.0,B_serious_chronic,0.6,0,,0.0003196881000664368,0
1422,0,0.006543603171910467,NCT02697331,Preterm Birth; Twin Dichorionic Diamniotic Placenta,progesterone,Phase 3,75.0,A_tox_tolerated,0.65,0,,0.006543603171910467,0
1423,0,0.0002674358442732634,NCT02736032,Infertility,progesterone,Phase 3,8.0,C_benign,0.5,0,,0.0002674358442732634,0
1425,0,2.0026589162499238e-05,NCT02754765,"Tuberculosis, Multidrug-Resistant; Infection, Bacterial; Pulmonary Tuberculoses",pyrazinamide,Phase 3,80.0,A_tox_tolerated,0.65,0,,2.0026589162499238e-05,0
1426,0,0.00010681564529384359,NCT03043820,schizophrenia,raloxifene,Phase 3,55.0,B_serious_chronic,0.6,0,,0.00010681564529384359,0
1427,0,4.692607952820777e-05,NCT02924727,Acute Myocardial Infarction,ramipril,Phase 3,80.0,A_tox_tolerated,0.65,0,,4.692607952820777e-05,0
1430,0,0.00016110600545440394,NCT02634008,hepatitis C virus infection,ribavirin,Phase 3,60.0,B_serious_chronic,0.6,0,,0.00016110600545440394,0
1431,0,7.181469527592245e-05,NCT02705534,Cirrhosis,ribavirin,Phase 3,80.0,A_tox_tolerated,0.65,0,,7.181469527592245e-05,0
1432,0,0.1327806741691803,NCT02941926,Breast Cancer,ribociclib,Phase 3,75.0,A_tox_tolerated,0.65,0,,0.1327806741691803,0
1433,0,0.0010255613888484065,NCT02563327,Tuberculosis,rifapentine,Phase 3,68.0,B_serious_chronic,0.6,0,,0.0010255613888484065,0
1434,0,0.04984317869419237,NCT03020082,Chronic Hepatitis C,ritonavir,Phase 3,55.0,B_serious_chronic,0.6,0,,0.04984317869419237,0
1435,0,0.0019221097466670077,NCT02833948,Aortic Valve Stenosis; Cardiovascular Diseases; Heart Valve Diseases; Ventricular Outflow Obstruction; Thrombosis,rivaroxaban,Phase 3,70.0,A_tox_tolerated,0.65,0,,0.0019221097466670077,0
1436,0,0.004246222071703552,NCT02846532,Thrombosis,rivaroxaban,Phase 3,68.0,B_serious_chronic,0.6,0,,0.004246222071703552,0
1437,0,0.007300392887004949,NCT02839642,Classical progressive supranuclear palsy,rivastigmine,Phase 3,80.0,A_tox_tolerated,0.65,0,,0.007300392887004949,0
1438,0,0.00499114547648487,NCT02655965,Locoregional Analgesia in Breast Surgery,ropivacaine,Phase 3,12.0,C_benign,0.5,0,,0.00499114547648487,0
1439,0,0.0005360765886653896,NCT02949674,Pain,ropivacaine,Phase 3,15.0,C_benign,0.5,0,,0.0005360765886653896,0
1440,0,0.01285957580407152,NCT03480165,Anesthesia; Functional; Anesthesia,ropivacaine,Phase 3,15.0,C_benign,0.5,0,,0.01285957580407152,0
1442,0,0.00016363614229807788,NCT02698514,"Anesthesia, General",sevoflurane,Phase 3,15.0,C_benign,0.5,0,,0.00016363614229807788,0
1443,0,0.0001595946719578242,NCT02830243,Anesthesia,sevoflurane,Phase 3,15.0,C_benign,0.5,0,,0.0001595946719578242,0
1444,0,0.0001595946719578242,NCT02872389,Anesthesia,sevoflurane,Phase 3,15.0,C_benign,0.5,0,,0.0001595946719578242,0
1445,0,0.12478528733749991,NCT02738879,Type 2 Diabetes Mellitus,sitagliptin,Phase 3,40.0,B_serious_chronic,0.6,0,,0.12478528733749991,0
1446,0,0.12478194879662727,NCT02791490,Type 2 Diabetes Mellitus,sitagliptin,Phase 3,40.0,B_serious_chronic,0.6,0,,0.12478194879662727,0
1447,0,0.00012450741466610022,NCT02705534,Cirrhosis,sofosbuvir,Phase 3,80.0,A_tox_tolerated,0.65,0,,0.00012450741466610022,0
1448,0,0.00017468427025994014,NCT02684006,Cell Cancer,sunitinib,Phase 3,85.0,A_tox_tolerated,0.65,0,,0.00017468427025994014,0
1449,0,0.8285571385558959,NCT02750306,Alzheimer's Disease,suvorexant,Phase 3,60.0,B_serious_chronic,0.6,0,,0.8285571385558959,0
1450,0,0.01592910975984822,NCT02791230,transthyretin amyloid cardiomyopathy,tafamidis,Phase 3,78.0,A_tox_tolerated,0.65,0,,0.01592910975984822,0
1451,0,0.08156540264934506,NCT02675998,hyperphosphatemia,tenapanor,Phase 3,45.0,B_serious_chronic,0.6,0,,0.08156540264934506,0
1452,0,0.012973497595683128,NCT02727751,irritable bowel syndrome,tenapanor,Phase 3,15.0,C_benign,0.5,0,,0.012973497595683128,0
1453,0,0.012872727737258161,NCT02964273,Autosomal Dominant Polycystic Kidney Disease (ADPKD),tolvaptan,Phase 3,55.0,B_serious_chronic,0.6,0,,0.012872727737258161,0
1454,0,0.01569747338473388,NCT02273804,Obese Children and Adolescents,topiramate,Phase 3,30.0,C_benign,0.5,0,,0.01569747338473388,0
1455,0,0.005231932287713114,NCT02566993,Lung Cancer,topotecan,Phase 3,90.0,A_tox_tolerated,0.65,1,cytotoxic_managed_toxicity,0.005231932287713114,1
1456,0,0.00919148927517981,NCT02903004,Tube Cancer,trabectedin,Phase 3,82.0,A_tox_tolerated,0.65,1,cytotoxic_managed_toxicity,0.00919148927517981,1
1457,0,8.33156261644199e-05,NCT02982161,Acute Pain,tramadol,Phase 3,10.0,C_benign,0.5,0,,8.33156261644199e-05,0
1458,0,8.021543356413962e-05,NCT02578901,Thrombocytopenia,tranexamic acid,Phase 3,45.0,B_serious_chronic,0.6,0,,8.021543356413962e-05,0
1459,0,0.0006629964601331817,NCT02650791,Hematologic Neoplasms,tranexamic acid,Phase 3,85.0,A_tox_tolerated,0.65,0,,0.0006629964601331817,0
1460,0,0.00015397738808457695,NCT02702128,Peri-operative Hemorrhage or Hematoma; Surgery; Retrognathism,tranexamic acid,Phase 3,40.0,B_serious_chronic,0.6,0,,0.00015397738808457695,0
1461,0,0.0007845696995764945,NCT02993341,Hip Fracture; Anemia,tranexamic acid,Phase 3,55.0,B_serious_chronic,0.6,0,,0.0007845696995764945,0
1462,0,0.00015397738808457695,NCT03060889,Placenta Previa,tranexamic acid,Phase 3,70.0,A_tox_tolerated,0.65,0,,0.00015397738808457695,0
1463,0,0.000274211621000277,NCT02914509,open-angle glaucoma,travoprost,Phase 3,30.0,C_benign,0.5,0,,0.000274211621000277,0
1464,0,0.0009636178789898286,NCT02556424,Inflammatory Macular Edema,triamcinolone,Phase 3,25.0,C_benign,0.5,0,,0.0009636178789898286,0
1465,0,0.0005803176457720745,NCT02828163,pemphigus vulgaris,triamcinolone acetonide,Phase 3,65.0,B_serious_chronic,0.6,0,,0.0005803176457720745,0
1466,0,0.0002753105510143796,NCT02828020,migraine,ubrogepant,Phase 3,20.0,C_benign,0.5,0,,0.0002753105510143796,0
1467,0,0.0002753105510143796,NCT02867709,migraine,ubrogepant,Phase 3,20.0,C_benign,0.5,0,,0.0002753105510143796,0
1468,0,0.00014277671603085435,NCT02873221,migraine,ubrogepant,Phase 3,20.0,C_benign,0.5,0,,0.00014277671603085435,0
1469,0,5.5813823613774806e-05,NCT02706847,Rheumatoid Arthritis,upadacitinib,Phase 3,58.0,B_serious_chronic,0.6,0,,5.5813823613774806e-05,0
1470,0,5.2716521361046405e-05,NCT02706873,Rheumatoid Arthritis,upadacitinib,Phase 3,58.0,B_serious_chronic,0.6,0,,5.2716521361046405e-05,0
1471,0,6.790936631386455e-05,NCT02706951,Rheumatoid Arthritis,upadacitinib,Phase 3,58.0,B_serious_chronic,0.6,0,,6.790936631386455e-05,0
1472,0,6.0974234309880515e-05,NCT02680574,anemia,vadadustat,Phase 3,40.0,B_serious_chronic,0.6,0,,6.0974234309880515e-05,0
1473,0,5.93013650227449e-05,NCT02865850,anemia,vadadustat,Phase 3,40.0,B_serious_chronic,0.6,0,,5.93013650227449e-05,0
1474,0,5.93013650227449e-05,NCT02892149,anemia,vadadustat,Phase 3,40.0,B_serious_chronic,0.6,0,,5.93013650227449e-05,0
1475,0,0.10179023738963755,NCT02736955,Tardive Dyskinesia,valbenazine,Phase 3,30.0,C_benign,0.5,0,,0.10179023738963755,0
1476,0,1.4884389905589474e-05,NCT02460900,HIV infection,varenicline,Phase 3,62.0,B_serious_chronic,0.6,0,,1.4884389905589474e-05,0
1477,0,0.00010257394822579455,NCT02755597,Multiple Myeloma,venetoclax,Phase 3,82.0,A_tox_tolerated,0.65,0,,0.00010257394822579455,0
1478,0,6.250249677627568e-05,NCT02756611,Chronic Lymphocytic Leukemia,venetoclax,Phase 3,70.0,A_tox_tolerated,0.65,0,,6.250249677627568e-05,0
1479,0,5.6508852179990983e-05,NCT02950051,Previously Untreated Chronic Lymphocytic Leukemia,venetoclax,Phase 3,70.0,A_tox_tolerated,0.65,0,,5.6508852179990983e-05,0
1480,0,0.0010230135027841608,NCT02980731,Your Cancer,venetoclax,Phase 3,85.0,A_tox_tolerated,0.65,0,,0.0010230135027841608,0
1481,0,9.061472155888687e-05,NCT02861534,heart failure,vericiguat,Phase 3,80.0,A_tox_tolerated,0.65,0,,9.061472155888687e-05,0
1482,0,0.017129162569495048,NCT03075241,Sleep Disorder,zolpidem,Phase 3,15.0,C_benign,0.5,0,,0.017129162569495048,0
1483,0,0.0014008641227919037,NCT02900352,alcohol use disorder measurement,zonisamide,Phase 3,48.0,B_serious_chronic,0.6,0,,0.0014008641227919037,0
1484,0,0.00016088539141236431,NCT02732912,sleep disorder,zopiclone,Phase 3,15.0,C_benign,0.5,0,,0.00016088539141236431,0
1485,0,0.0008990491636897887,NCT03004625,hepatitis C virus infection,asunaprevir,Phase 3,60.0,B_serious_chronic,0.6,0,,0.0008990491636897887,0
1487,0,0.00024441136007294915,NCT02988115,Hypercholesterolemia,bempedoic acid,Phase 3,38.0,C_benign,0.5,0,,0.00024441136007294915,0
1488,0,0.00024441136007294915,NCT02991118,Hypercholesterolemia,bempedoic acid,Phase 3,38.0,C_benign,0.5,0,,0.00024441136007294915,0
1489,0,0.005348578363399465,NCT02946073,Chronic pain,buprenorphine,Phase 3,20.0,C_benign,0.5,0,,0.005348578363399465,0
1491,0,6.387530877665865e-05,NCT02659033,bacterial infection,ceftriaxone,Phase 3,50.0,B_serious_chronic,0.6,0,,6.387530877665865e-05,0
1492,0,0.025847123552812,NCT02869009,Ischemic Stroke,clopidogrel,Phase 3,82.0,A_tox_tolerated,0.65,0,,0.025847123552812,0
1493,0,0.000284463927081516,NCT03004625,hepatitis C virus infection,daclatasvir,Phase 3,60.0,B_serious_chronic,0.6,0,,0.000284463927081516,0
1494,0,6.90850761607021e-05,NCT02863328,Type 2 Diabetes Mellitus,empagliflozin,Phase 3,40.0,B_serious_chronic,0.6,0,,6.90850761607021e-05,0
1496,0,0.00023450515043923017,NCT02952820,insomnia,lemborexant,Phase 3,15.0,C_benign,0.5,0,,0.00023450515043923017,0
1497,0,9.162857991514619e-06,NCT02897349,"Diabetes Mellitus, Type 2",linagliptin,Phase 3,40.0,B_serious_chronic,0.6,0,,9.162857991514619e-06,0
1498,0,5.618125157755243e-05,NCT02697734,pituitary-dependent Cushing's disease,osilodrostat,Phase 3,60.0,B_serious_chronic,0.6,0,,5.618125157755243e-05,0
1499,0,0.012822478079914665,NCT03059238,liver cancer,parecoxib sodium,Phase 3,92.0,A_tox_tolerated,0.65,0,,0.012822478079914665,0
1500,0,3.362662070603193e-05,NCT03215797,hypotension,phenylephrine,Phase 3,40.0,B_serious_chronic,0.6,0,,3.362662070603193e-05,0
1501,0,0.0024136403933980423,NCT02611687,narcolepsy without cataplexy,pitolisant,Phase 3,18.0,C_benign,0.5,0,,0.0024136403933980423,0
1502,0,0.04615617344162364,NCT02486627,Complicated Urinary Tract Infection; Acute Pyelonephritis,plazomicin,Phase 3,55.0,B_serious_chronic,0.6,0,,0.04615617344162364,0
1503,0,0.0042768997560530325,NCT04486690,Open Heart Surgery,propofol,Phase 3,70.0,A_tox_tolerated,0.65,0,,0.0042768997560530325,0
1504,0,0.1143027167965092,NCT03096847,Women and Men With Hormone-receptor Positive Locally Advanced or Metastatic Breast Cancer,ribociclib,Phase 3,88.0,A_tox_tolerated,0.65,0,,0.1143027167965092,0
1505,0,0.001232530394907556,NCT02410772,Tuberculosis,rifapentine,Phase 3,68.0,B_serious_chronic,0.6,0,,0.001232530394907556,0
1506,0,0.0019247105089909736,NCT02746185,Neoplasm; Venous Thromboembolism,rivaroxaban,Phase 3,82.0,A_tox_tolerated,0.65,0,,0.0019247105089909736,0
1507,0,0.00015084319055120495,NCT02779764,anemia of chronic kidney disease,roxadustat,Phase 3,48.0,B_serious_chronic,0.6,0,,0.00015084319055120495,0
1508,0,7.109170929709948e-05,NCT02780141,anemia of chronic kidney disease,roxadustat,Phase 3,48.0,B_serious_chronic,0.6,0,,7.109170929709948e-05,0
1509,0,7.109170929709948e-05,NCT02780726,anemia of chronic kidney disease,roxadustat,Phase 3,48.0,B_serious_chronic,0.6,0,,7.109170929709948e-05,0
1510,0,6.665318506279219e-05,NCT02952092,anemia of chronic kidney disease,roxadustat,Phase 3,48.0,B_serious_chronic,0.6,0,,6.665318506279219e-05,0
1511,0,0.003023312037397796,NCT02607865,Type 2 Diabetes,sitagliptin,Phase 3,40.0,B_serious_chronic,0.6,0,,0.003023312037397796,0
1512,0,0.09593863871820767,NCT02849080,Type 2 Diabetes Mellitus,sitagliptin,Phase 3,40.0,B_serious_chronic,0.6,0,,0.09593863871820767,0
1513,0,7.135485121312961e-05,NCT02629965,COPD,tiotropium,Phase 3,60.0,B_serious_chronic,0.6,0,,7.135485121312961e-05,0
1514,0,0.01104714825327587,NCT03036813,sickle cell disease,voxelotor,Phase 3,65.0,B_serious_chronic,0.6,0,,0.01104714825327587,0
1515,0,0.05822276877419724,NCT02503306,erectile dysfunction,avanafil,Phase 3,8.0,C_benign,0.5,0,,0.05822276877419724,0
1516,0,0.00013160876984926836,NCT02315495,Type 2 Diabetes,acarbose,Phase 3,40.0,B_serious_chronic,0.6,0,,0.00013160876984926836,0
1517,0,0.0005146448211052012,NCT02604342,Anaplastic Lymphoma,alectinib,Phase 3,85.0,A_tox_tolerated,0.65,0,,0.0005146448211052012,0
1518,0,0.005919864873293365,NCT02437318,Advanced Breast Cancer,alpelisib,Phase 3,85.0,A_tox_tolerated,0.65,0,,0.005919864873293365,0
1519,0,0.0412353392482876,NCT03587025,Prevention of Pain,amitriptyline,Phase 3,12.0,C_benign,0.5,0,,0.0412353392482876,0
1521,0,0.00033808881361332846,NCT02283294,Transient Ischemic Attack; Stroke; Atrial Fibrillation,apixaban,Phase 3,80.0,A_tox_tolerated,0.65,0,,0.00033808881361332846,0
1522,0,0.0007894693101897192,NCT02369653,With Leukemia,apixaban,Phase 3,90.0,A_tox_tolerated,0.65,0,,0.0007894693101897192,0
1524,0,0.00044956252340259994,NCT02585713,With Cancer,apixaban,Phase 3,85.0,A_tox_tolerated,0.65,0,,0.00044956252340259994,0
1525,0,8.868292603870967e-05,NCT02496078,hepatitis C virus infection,asunaprevir,Phase 3,60.0,B_serious_chronic,0.6,0,,8.868292603870967e-05,0
1526,0,0.0637898816460681,NCT02522117,Renal Insufficiency,atorvastatin,Phase 3,55.0,B_serious_chronic,0.6,0,,0.0637898816460681,0
1527,0,0.021880547472639227,NCT02584504,Hypercholesterolemia,atorvastatin,Phase 3,38.0,C_benign,0.5,0,,0.021880547472639227,0
1528,0,0.23277498383539816,NCT02586155,"Diabetes Mellitus, Type 2; Coronary Artery Disease",atorvastatin,Phase 3,62.0,B_serious_chronic,0.6,0,,0.23277498383539816,0
1529,0,0.31746404050854643,NCT02577406,Acute Myeloid Leukemia,azacitidine,Phase 3,90.0,A_tox_tolerated,0.65,1,cytotoxic_managed_toxicity,0.15,1
1530,0,0.00024163441073314033,NCT02480764,essential hypertension,azilsartan medoxomil,Phase 3,42.0,B_serious_chronic,0.6,0,,0.00024163441073314033,0
1531,0,0.0008744662083133572,NCT02980562,inflammatory bowel disease,bisacodyl,Phase 3,55.0,B_serious_chronic,0.6,0,,0.0008744662083133572,0
1532,0,5.5351042613483535e-05,NCT02194933,schizophrenia,brexpiprazole,Phase 3,55.0,B_serious_chronic,0.6,0,,5.5351042613483535e-05,0
1533,0,0.0008159449476721479,NCT02665273,migraine,bupivacaine,Phase 3,20.0,C_benign,0.5,0,,0.0008159449476721479,0
1534,0,0.0008448396861762593,NCT02752971,Postoperative Pain,bupivacaine,Phase 3,8.0,C_benign,0.5,0,,0.0008448396861762593,0
1535,0,0.012028858861541404,NCT02187198,opioid dependence,buprenorphine,Phase 3,45.0,B_serious_chronic,0.6,0,,0.012028858861541404,0
1536,0,0.0031849813546411102,NCT02191397,Major Depressive Disorder,bupropion,Phase 3,42.0,B_serious_chronic,0.6,0,,0.0031849813546411102,0
1537,0,0.013020295636462611,NCT03271918,non-functioning pituitary adenoma,cabergoline,Phase 3,40.0,B_serious_chronic,0.6,0,,0.013020295636462611,0
1538,0,0.0008538475804010422,NCT02395640,Advanced Gastric Cancer,capecitabine,Phase 3,88.0,A_tox_tolerated,0.65,1,cytotoxic_managed_toxicity,0.0008538475804010422,1
1539,0,0.012356371017003983,NCT02494583,Gastric Adenocarcinoma,capecitabine,Phase 3,85.0,A_tox_tolerated,0.65,1,cytotoxic_managed_toxicity,0.012356371017003983,1
1540,0,0.002955808413931925,NCT02426775,methylmalonic acidemia or propionic acidemia,carglumic acid,Phase 3,80.0,A_tox_tolerated,0.65,0,,0.002955808413931925,0
1541,0,9.02760681424867e-05,NCT02424461,urinary tract infection,ceftriaxone,Phase 3,30.0,C_benign,0.5,0,,9.02760681424867e-05,0
1542,0,0.0003771644894737844,NCT02750293,vitamin D deficiency,vitamin D3,Phase 3,15.0,C_benign,0.5,0,,0.0003771644894737844,0
1543,0,0.06062493116326985,NCT02341417,"Secondary Hyperparathyroidism, Chronic Kidney Disease",cinacalcet,Phase 3,55.0,B_serious_chronic,0.6,0,,0.06062493116326985,0
1544,0,0.007556888266806228,NCT02502032,fasciculation,cisatracurium,Phase 3,10.0,C_benign,0.5,0,,0.007556888266806228,0
1546,0,0.01226759983537879,NCT02217501,Peripheral Arterial Disease,clopidogrel,Phase 3,55.0,B_serious_chronic,0.6,0,,0.01226759983537879,0
1547,0,0.012078882813168592,NCT02298088,Acute ST Segment Elevation Myocardial Infarction; Thrombolysis in Myocardial Infarction Flow,clopidogrel,Phase 3,82.0,A_tox_tolerated,0.65,0,,0.012078882813168592,0
1548,0,0.010551757093030778,NCT02429271,Myocardial Infarction; ST Segment Elevation Myocardial Infarction (STEMI),clopidogrel,Phase 3,85.0,A_tox_tolerated,0.65,0,,0.010551757093030778,0
1549,0,0.0016500528272829558,NCT02545075,IV Melanoma,dacarbazine,Phase 3,90.0,A_tox_tolerated,0.65,1,cytotoxic_managed_toxicity,0.0016500528272829558,1
1550,0,8.6034896807724e-05,NCT02319031,hepatitis C virus infection,daclatasvir,Phase 3,60.0,B_serious_chronic,0.6,0,,8.6034896807724e-05,0
1551,0,9.187854041049603e-05,NCT02496078,hepatitis C virus infection,daclatasvir,Phase 3,60.0,B_serious_chronic,0.6,0,,9.187854041049603e-05,0
1552,0,0.00029513346005415427,NCT02596880,Cirrhosis,daclatasvir,Phase 3,80.0,A_tox_tolerated,0.65,0,,0.00029513346005415427,0
1553,0,0.012766508154360031,NCT03563664,Unexplained Infertility,danazol,Phase 3,12.0,C_benign,0.5,0,,0.012766508154360031,0
1554,0,3.762674841589599e-05,NCT02419612,Type 2 Diabetes,dapagliflozin,Phase 3,40.0,B_serious_chronic,0.6,0,,3.762674841589599e-05,0
1555,0,2.977553423587384e-05,NCT02460978,Type 1 Diabetes,dapagliflozin,Phase 3,55.0,B_serious_chronic,0.6,0,,2.977553423587384e-05,0
1556,0,2.0845310007959124e-05,NCT02518945,Type 1 Diabetes,dapagliflozin,Phase 3,55.0,B_serious_chronic,0.6,0,,2.0845310007959124e-05,0
1557,0,2.197946049822264e-05,NCT02592421,Type II Diabetes Mellitus,dapagliflozin,Phase 3,40.0,B_serious_chronic,0.6,0,,2.197946049822264e-05,0
1558,0,0.0005891403347959498,NCT02487563,Thrombocytopenia; Hematologic Diseases,decitabine,Phase 3,50.0,B_serious_chronic,0.6,1,cytotoxic_managed_toxicity,0.0005891403347959498,1
1559,0,0.002135863505616267,NCT02322502,Anesthesia With Use of LMA (Laryngeal Mask Airway),desflurane,Phase 3,15.0,C_benign,0.5,0,,0.002135863505616267,0
1560,0,0.0002907503567564613,NCT02609802,Orthopedic Disorders,desflurane,Phase 3,25.0,C_benign,0.5,0,,0.0002907503567564613,0
1561,0,2.0690805966081702e-05,NCT02412878,Multiple Myeloma,dexamethasone,Phase 3,82.0,A_tox_tolerated,0.65,0,,2.0690805966081702e-05,0
1562,0,7.579435114274593e-05,NCT02445326,Chronic Allergic Conjunctivitis,dexamethasone,Phase 3,8.0,C_benign,0.5,0,,7.579435114274593e-05,0
1563,0,1.3310262722074391e-05,NCT02517021,Chemotherapy-Induced Nausea and Vomiting,dexamethasone,Phase 3,20.0,C_benign,0.5,0,,1.3310262722074391e-05,0
1564,0,3.0161905498938585e-05,NCT02547623,Cataract,dexamethasone,Phase 3,10.0,C_benign,0.5,0,,3.0161905498938585e-05,0
1565,0,1.2141607253108047e-05,NCT02557035,Chemotherapy-Induced Nausea and Vomiting,dexamethasone,Phase 3,20.0,C_benign,0.5,0,,1.2141607253108047e-05,0
1567,0,1.80690926537145e-05,NCT02698995,Postoperative Pain,dexamethasone,Phase 3,8.0,C_benign,0.5,0,,1.80690926537145e-05,0
1568,0,2.8828657566608914e-05,NCT02725008,Pediatric Asthma,dexamethasone,Phase 3,40.0,B_serious_chronic,0.6,0,,2.8828657566608914e-05,0
1569,0,7.579435114274593e-05,NCT02736175,Post-Surgical Ocular Pain; Post-Surgical Ocular Inflammation,dexamethasone,Phase 3,10.0,C_benign,0.5,0,,7.579435114274593e-05,0
1570,0,7.579435114274593e-05,NCT02988882,Chronic Allergic Conjunctivitis,dexamethasone,Phase 3,8.0,C_benign,0.5,0,,7.579435114274593e-05,0
1571,0,0.0001239245411165302,NCT03674294,Gastrointestinal Neoplasms; Chemotherapy-induced Nausea and Vomiting,dexamethasone,Phase 3,82.0,A_tox_tolerated,0.65,0,,0.0001239245411165302,0
1572,0,0.03846218740309341,NCT02476422,Post Operative Dental Pain,diclofenac,Phase 3,8.0,C_benign,0.5,0,,0.03846218740309341,0
1573,0,0.012408995890832868,NCT02335346,Osteoarthritis,duloxetine,Phase 3,25.0,C_benign,0.5,0,,0.012408995890832868,0
1574,0,0.0031814736072185703,NCT02073682,Venous Thromboembolism (VTE); Deep Vein Thrombosis (DVT); Pulmonary Embolism (PE); Cancer,edoxaban,Phase 3,85.0,A_tox_tolerated,0.65,0,,0.0031814736072185703,0
1575,0,0.008380853926933492,NCT02099747,severe aplastic anemia,eltrombopag,Phase 3,85.0,A_tox_tolerated,0.65,0,,0.008380853926933492,0
1576,0,0.0021075695066091493,NCT02414958,Type 1 Diabetes Mellitus,empagliflozin,Phase 3,55.0,B_serious_chronic,0.6,0,,0.0021075695066091493,0
1577,0,0.0022848593784421936,NCT02580591,"Diabetes Mellitus, Type 1",empagliflozin,Phase 3,48.0,B_serious_chronic,0.6,0,,0.0022848593784421936,0
1578,0,0.0014454516711955123,NCT02468232,Heart Failure With Reduced Ejection Fraction (HF-rEF),enalapril,Phase 3,80.0,A_tox_tolerated,0.65,0,,0.0014454516711955123,0
1579,0,0.0037297697274417166,NCT02534571,Acute Upper Gastrointestinal Bleeding,epinephrine,Phase 3,75.0,A_tox_tolerated,0.65,0,,0.0037297697274417166,0
1580,0,0.0003247548117731888,NCT02354352,Duchenne Muscular Dystrophy,eplerenone,Phase 3,80.0,A_tox_tolerated,0.65,0,,0.0003247548117731888,0
1581,0,7.583718067885527e-05,NCT02191397,Major Depressive Disorder,escitalopram,Phase 3,42.0,B_serious_chronic,0.6,0,,7.583718067885527e-05,0
1582,0,0.06893546362837596,NCT02417064,Depression,esketamine,Phase 3,40.0,B_serious_chronic,0.6,0,,0.06893546362837596,0
1583,0,0.06893546362837596,NCT02418585,Depression,esketamine,Phase 3,40.0,B_serious_chronic,0.6,0,,0.06893546362837596,0
1585,0,0.002708550639032739,NCT02493868,Relapse Prevention in Adult Participants With Treatment-resistant Depression,esketamine,Phase 3,55.0,B_serious_chronic,0.6,0,,0.002708550639032739,0
1586,0,0.006338045681040154,NCT03848234,Schizophrenia; Schizoaffective Disorder; Schizophreniform Disorders,estradiol,Phase 3,62.0,B_serious_chronic,0.6,0,,0.006338045681040154,0
1587,0,0.01167523510941364,NCT02614482,Overactive Bladder Syndrome,fesoterodine,Phase 3,18.0,C_benign,0.5,0,,0.01167523510941364,0
1588,0,3.112596277881243e-05,NCT02446418,Asthma,fluticasone furoate,Phase 3,40.0,B_serious_chronic,0.6,0,,3.112596277881243e-05,0
1589,0,2.5753614727225102e-05,NCT02502734,asthma,fluticasone furoate,Phase 3,42.0,B_serious_chronic,0.6,0,,2.5753614727225102e-05,0
1590,0,4.7905423796439385e-05,NCT01960075,Benzodiazepine Refractory Status Epilepticus,fosphenytoin,Phase 3,90.0,A_tox_tolerated,0.65,0,,4.7905423796439385e-05,0
1592,0,0.002700999969985857,NCT02345681,fluid overload,furosemide,Phase 3,55.0,B_serious_chronic,0.6,0,,0.002700999969985857,0
1593,0,0.03930254662824966,NCT02480114,Neck Cancer,gabapentin,Phase 3,85.0,A_tox_tolerated,0.65,0,,0.03930254662824966,0
1594,0,0.0016031288617667405,NCT03158376,Chronic Pain,gabapentin,Phase 3,20.0,C_benign,0.5,0,,0.0016031288617667405,0
1595,0,0.013675821921176954,NCT02395016,Metastatic Pancreatic Cancer,gemcitabine,Phase 3,95.0,A_tox_tolerated,0.65,1,cytotoxic_managed_toxicity,0.013675821921176954,1
1596,0,0.012492693943350024,NCT02517489,Community Acquired Pneumonia,hydrocortisone,Phase 3,60.0,B_serious_chronic,0.6,0,,0.012492693943350024,0
1597,0,0.006565732859053611,NCT02301156,Chronic Lymphocytic Leukemia,ibrutinib,Phase 3,70.0,A_tox_tolerated,0.65,0,,0.006565732859053611,0
1598,0,0.0007948612078068339,NCT02436668,Metastatic Pancreatic Adenocarcinoma,ibrutinib,Phase 3,95.0,A_tox_tolerated,0.65,0,,0.0007948612078068339,0
1599,0,0.0010520052428274287,NCT02272725,Acute Kidney Injury; Exercise-associated Hyponatremia; Perceived Exertion,ibuprofen,Phase 3,70.0,A_tox_tolerated,0.65,0,,0.0010520052428274287,0
1600,0,0.000898702192334158,NCT02330926,Cachexia in Advanced Cancer,ibuprofen,Phase 3,90.0,A_tox_tolerated,0.65,0,,0.000898702192334158,0
1601,0,0.002946531448858256,NCT02477007,Pain; Long-bone Fractures,ibuprofen,Phase 3,20.0,C_benign,0.5,0,,0.002946531448858256,0
1602,0,0.023184434917750164,NCT02385188,extramammary Paget disease,imiquimod,Phase 3,45.0,B_serious_chronic,0.6,0,,0.023184434917750164,0
1603,0,0.0030070160213252523,NCT02394132,lentigo maligna melanoma,imiquimod,Phase 3,70.0,A_tox_tolerated,0.65,0,,0.0030070160213252523,0
1604,0,0.00011541972415361743,NCT02598505,heart failure,indacaterol,Phase 3,80.0,A_tox_tolerated,0.65,0,,0.00011541972415361743,0
1605,0,7.767404141202077e-05,NCT02361216,actinic keratosis,ingenol mebutate,Phase 3,18.0,C_benign,0.5,0,,7.767404141202077e-05,0
1606,0,5.703708923772781e-05,NCT02789033,diabetic foot ulcer,isosorbide dinitrate,Phase 3,50.0,B_serious_chronic,0.6,0,,5.703708923772781e-05,0
1607,0,0.008734424493347907,NCT02347657,cystic fibrosis,ivacaftor,Phase 3,68.0,B_serious_chronic,0.6,0,,0.008734424493347907,0
1608,0,0.05453117650323651,NCT02390219,cystic fibrosis,ivacaftor,Phase 3,68.0,B_serious_chronic,0.6,0,,0.05453117650323651,0
1609,0,0.008734424493347907,NCT02392234,cystic fibrosis,ivacaftor,Phase 3,68.0,B_serious_chronic,0.6,0,,0.008734424493347907,0
1610,0,0.004045939895798943,NCT02412111,cystic fibrosis,ivacaftor,Phase 3,68.0,B_serious_chronic,0.6,0,,0.004045939895798943,0
1611,0,0.008734424493347907,NCT02516410,cystic fibrosis,ivacaftor,Phase 3,68.0,B_serious_chronic,0.6,0,,0.008734424493347907,0
1612,0,0.004966693254704785,NCT02556606,Treatment Resistant Late-Life Depression,ketamine,Phase 3,55.0,B_serious_chronic,0.6,0,,0.004966693254704785,0
1613,0,6.703523201514203e-05,NCT02465255,Acute Abdominal Pain,ketorolac,Phase 3,30.0,C_benign,0.5,0,,6.703523201514203e-05,0
1615,0,0.006667528305390869,NCT02388724,Erosive Esophagitis,lansoprazole,Phase 3,25.0,C_benign,0.5,0,,0.006667528305390869,0
1616,0,0.0066902437634877975,NCT02388737,Erosive Esophagitis,lansoprazole,Phase 3,25.0,C_benign,0.5,0,,0.0066902437634877975,0
1617,0,0.00011301635943243835,NCT02565186,migraine,lasmiditan,Phase 3,20.0,C_benign,0.5,0,,0.00011301635943243835,0
1618,0,4.251884233061107e-05,NCT02322320,Multiple Myeloma,lenalidomide,Phase 3,82.0,A_tox_tolerated,0.65,0,,4.251884233061107e-05,0
1619,0,0.00023712126161790767,NCT02297438,Advanced Breast Cancer,letrozole,Phase 3,85.0,A_tox_tolerated,0.65,0,,0.00023712126161790767,0
1620,0,0.0017080369750895324,NCT02491320,Polycystic Ovary Syndrome,letrozole,Phase 3,25.0,C_benign,0.5,0,,0.0017080369750895324,0
1621,0,0.04267710774155503,NCT02900105,"Azoospermia, Nonobstructive; Oligozoospermia",letrozole,Phase 3,10.0,C_benign,0.5,0,,0.04267710774155503,0
1622,0,0.0032346229140434632,NCT02545504,gastric adenocarcinoma,leucovorin,Phase 3,85.0,A_tox_tolerated,0.65,0,,0.0032346229140434632,0
1623,0,4.912179590004524e-05,NCT01960075,Benzodiazepine Refractory Status Epilepticus,levetiracetam,Phase 3,90.0,A_tox_tolerated,0.65,0,,4.912179590004524e-05,0
1625,0,0.5940407669214413,NCT02525016,obesity,lidocaine,Phase 3,35.0,C_benign,0.5,0,,0.5940407669214413,0
1626,0,2.961725216043392e-05,NCT02990364,pain,lidocaine,Phase 3,20.0,C_benign,0.5,0,,2.961725216043392e-05,0
1627,0,4.860995720543536e-06,NCT02453555,Type 2 Diabetes Mellitus,linagliptin,Phase 3,40.0,B_serious_chronic,0.6,0,,4.860995720543536e-06,0
1629,0,0.0025692364550233128,NCT02333799,pulmonary tuberculosis,linezolid,Phase 3,72.0,A_tox_tolerated,0.65,0,,0.0025692364550233128,0
1630,0,0.0015314460833691329,NCT02363998,opioid withdrawal,lofexidine,Phase 3,30.0,C_benign,0.5,0,,0.0015314460833691329,0
1631,0,0.00028892599909095785,NCT02235909,Hypertension,losartan,Phase 3,40.0,B_serious_chronic,0.6,0,,0.00028892599909095785,0
1632,0,0.0015581012018703031,NCT02481947,chronic idiopathic constipation,lubiprostone,Phase 3,12.0,C_benign,0.5,0,,0.0015581012018703031,0
1633,0,0.07981286980179045,NCT02390219,cystic fibrosis,lumacaftor,Phase 3,68.0,B_serious_chronic,0.6,0,,0.07981286980179045,0
1634,0,0.00034614672074242123,NCT02389621,Thrombocytopenia in Patients With Chronic Liver Disease,lusutrombopag,Phase 3,55.0,B_serious_chronic,0.6,0,,0.00034614672074242123,0
1635,0,0.02936138100380086,NCT02558829,growth hormone deficiency,macimorelin,Phase 3,25.0,C_benign,0.5,0,,0.02936138100380086,0
1636,0,3.81512085013126e-05,NCT02197221,Multiple Myeloma,melphalan,Phase 3,82.0,A_tox_tolerated,0.65,1,cytotoxic_managed_toxicity,3.81512085013126e-05,1
1638,0,0.0003917498191794629,NCT02519543,Bipolar Disorder,metformin,Phase 3,40.0,B_serious_chronic,0.6,0,,0.0003917498191794629,0
1639,0,8.574752180939808e-05,NCT02551874,Type 2 Diabetes,metformin,Phase 3,40.0,B_serious_chronic,0.6,0,,8.574752180939808e-05,0
1640,0,6.948017259551016e-05,NCT02586129,Diabetes,metformin,Phase 3,40.0,B_serious_chronic,0.6,0,,6.948017259551016e-05,0
1641,0,0.005645329253071902,NCT02597049,Type 2 Diabetes Mellitus,metformin,Phase 3,40.0,B_serious_chronic,0.6,0,,0.005645329253071902,0
1642,0,0.00021994862550633,NCT02638805,Type 2 Diabetes,metformin,Phase 3,40.0,B_serious_chronic,0.6,0,,0.00021994862550633,0
1643,0,5.914474774977496e-05,NCT02345850,Prevention of Graft-versus-Host Disease,methotrexate,Phase 3,80.0,A_tox_tolerated,0.65,1,cytotoxic_managed_toxicity,5.914474774977496e-05,1
1644,0,1.1882967255815127e-05,NCT02376790,Psoriatic Arthritis,methotrexate,Phase 3,55.0,B_serious_chronic,0.6,1,cytotoxic_managed_toxicity,1.1882967255815127e-05,1
1645,0,1.0122027891071538e-05,NCT02504268,Rheumatoid Arthritis,methotrexate,Phase 3,58.0,B_serious_chronic,0.6,1,cytotoxic_managed_toxicity,1.0122027891071538e-05,1
1646,0,1.0218465728493876e-05,NCT02553018,Rheumatoid Arthritis,methotrexate,Phase 3,58.0,B_serious_chronic,0.6,1,cytotoxic_managed_toxicity,1.0218465728493876e-05,1
1647,0,0.0006607220921229773,NCT02744196,Rheumatoid Arthritis,methotrexate,Phase 3,58.0,B_serious_chronic,0.6,1,cytotoxic_managed_toxicity,0.0006607220921229773,1
1648,0,1.1882967255815127e-05,NCT04108468,Psoriatic Arthritis,methotrexate,Phase 3,55.0,B_serious_chronic,0.6,1,cytotoxic_managed_toxicity,1.1882967255815127e-05,1
1649,0,0.0005430219780732102,NCT02604225,cancer,methoxyflurane,Phase 3,85.0,A_tox_tolerated,0.65,0,,0.0005430219780732102,0
1650,0,0.0008960122626361789,NCT02319343,Osteoarthrosis,methylprednisolone,Phase 3,25.0,C_benign,0.5,0,,0.0008960122626361789,0
1651,0,0.0008960122626361789,NCT02332603,Osteoarthrosis,methylprednisolone,Phase 3,25.0,C_benign,0.5,0,,0.0008960122626361789,0
1652,0,0.0008960122626361789,NCT02332616,Osteoarthrosis,methylprednisolone,Phase 3,25.0,C_benign,0.5,0,,0.0008960122626361789,0
1653,0,0.0008960122626361789,NCT02332629,Osteoarthrosis,methylprednisolone,Phase 3,25.0,C_benign,0.5,0,,0.0008960122626361789,0
1654,0,0.0013137386989851912,NCT03308084,Dysphasia,methylprednisolone,Phase 3,28.0,C_benign,0.5,0,,0.0013137386989851912,0
1655,0,0.00025756986221150296,NCT02308007,Vaginal Infection,metronidazole,Phase 3,12.0,C_benign,0.5,0,,0.00025756986221150296,0
1656,0,0.0002537945878686816,NCT02308033,Vaginal Infection,metronidazole,Phase 3,12.0,C_benign,0.5,0,,0.0002537945878686816,0
1657,0,0.0069958707527577714,NCT02163616,postpartum hemorrhage,misoprostol,Phase 3,85.0,A_tox_tolerated,0.65,0,,0.0069958707527577714,0
1658,0,0.00011303562663910267,NCT03790371,contraception,misoprostol,Phase 3,5.0,C_benign,0.5,0,,0.00011303562663910267,0
1659,0,3.1980025916523195e-05,NCT02498509,perennial allergic rhinitis,mometasone furoate,Phase 3,8.0,C_benign,0.5,0,,3.1980025916523195e-05,0
1660,0,3.1980025916523195e-05,NCT02554786,asthma,mometasone furoate,Phase 3,42.0,B_serious_chronic,0.6,0,,3.1980025916523195e-05,0
1662,0,0.018829544896874696,NCT02383589,Pemphigus Vulgaris,mycophenolate mofetil,Phase 3,70.0,A_tox_tolerated,0.65,0,,0.018829544896874696,0
1663,0,0.0013333298801110473,NCT02630628,Lupus Nephritis,mycophenolate mofetil,Phase 3,68.0,B_serious_chronic,0.6,0,,0.0013333298801110473,0
1664,0,0.0004818668907024109,NCT02505971,capillary infantile hemangioma,nadolol,Phase 3,20.0,C_benign,0.5,0,,0.0004818668907024109,0
1665,0,0.057797840947858656,NCT02597933,Patients With Scleroderma Related Lung Fibrosis,nintedanib,Phase 3,82.0,A_tox_tolerated,0.65,0,,0.057797840947858656,0
1666,0,3.757569074286752e-05,NCT02612922,Influenza,nitazoxanide,Phase 3,40.0,B_serious_chronic,0.6,0,,3.757569074286752e-05,0
1667,0,0.003326216854124395,NCT02282020,Breast Cancer,olaparib,Phase 3,75.0,A_tox_tolerated,0.65,0,,0.003326216854124395,0
1669,0,6.319934507563666e-05,NCT02634346,Schizophrenia,olanzapine,Phase 3,62.0,B_serious_chronic,0.6,0,,6.319934507563666e-05,0
1670,0,0.0016013128547349882,NCT02635984,Complications of Bone Marrow Transplant; Hematologic Neoplasms,olanzapine,Phase 3,90.0,A_tox_tolerated,0.65,0,,0.0016013128547349882,0
1671,0,0.7028802602903371,NCT02477644,Ovarian Cancer,olaparib,Phase 3,88.0,A_tox_tolerated,0.65,0,,0.7028802602903371,0
1672,0,0.00032876672770133303,NCT02378480,skin and soft tissue Staphylococcus aureus infection,omadacycline,Phase 3,45.0,B_serious_chronic,0.6,0,,0.00032876672770133303,0
1673,0,0.0003603086945982708,NCT02531438,Bacterial Pneumonia; Community-Acquired Infections,omadacycline,Phase 3,65.0,B_serious_chronic,0.6,0,,0.0003603086945982708,0
1674,0,9.917327656257309e-05,NCT02369159,Influenza,oseltamivir,Phase 3,40.0,B_serious_chronic,0.6,0,,9.917327656257309e-05,0
1675,0,0.001164996016823433,NCT02364999,NSCLC,paclitaxel,Phase 3,88.0,A_tox_tolerated,0.65,1,cytotoxic_managed_toxicity,0.001164996016823433,1
1676,0,0.6558281935700612,NCT02366143,Lung Cancer,paclitaxel,Phase 3,90.0,A_tox_tolerated,0.65,1,cytotoxic_managed_toxicity,0.15,1
1677,0,0.6558281935700612,NCT02367794,Lung Cancer,paclitaxel,Phase 3,90.0,A_tox_tolerated,0.65,1,cytotoxic_managed_toxicity,0.15,1
1678,0,0.0008863463753255628,NCT02501954,Endometrial Clear Cell Adenocarcinoma; Endometrial Serous Adenocarcinoma; Stage IIIA Uterine Corpus Cancer; Stage IIIB Uterine Corpus Cancer; Stage IIIC Uterine Corpus Cancer; Stage IVA Uterine Corpus Cancer,paclitaxel,Phase 3,88.0,A_tox_tolerated,0.65,1,cytotoxic_managed_toxicity,0.0008863463753255628,1
1679,0,0.0003808658779501931,NCT02290327,Stress Ulcer Prophylaxis,pantoprazole,Phase 3,40.0,B_serious_chronic,0.6,0,,0.0003808658779501931,0
1680,0,0.07294634225318311,NCT02367781,Lung Cancer,pemetrexed,Phase 3,90.0,A_tox_tolerated,0.65,1,cytotoxic_managed_toxicity,0.07294634225318311,1
1681,0,8.766930971231492e-05,NCT02427607,epilepsy,perampanel,Phase 3,58.0,B_serious_chronic,0.6,0,,8.766930971231492e-05,0
1682,0,0.19996287844021587,NCT02572986,scabies,permethrin,Phase 3,8.0,C_benign,0.5,0,,0.19996287844021587,0
1683,0,0.026258212539514603,NCT02371369,tenosynovial giant cell tumor,pexidartinib,Phase 3,35.0,C_benign,0.5,0,,0.026258212539514603,0
1684,0,4.978161905310266e-05,NCT03650270,status epilepticus,phenobarbital,Phase 3,88.0,A_tox_tolerated,0.65,0,,4.978161905310266e-05,0
1685,0,0.0006238854965676324,NCT03141970,Nephrotic Syndrome,prednisolone,Phase 3,55.0,B_serious_chronic,0.6,0,,0.0006238854965676324,0
1686,0,0.0011130992469306584,NCT03298061,Churg-Strauss Syndrome; Eosinophilic Granulomatosis With Polyangiitis,prednisolone,Phase 3,70.0,A_tox_tolerated,0.65,0,,0.0011130992469306584,0
1687,0,1.639298350428809e-05,NCT02457221,Lupus Nephritis,prednisone,Phase 3,68.0,B_serious_chronic,0.6,0,,1.639298350428809e-05,0
1689,0,0.016329055490589058,NCT02290873,Colonoscopy,remimazolam,Phase 3,8.0,C_benign,0.5,0,,0.016329055490589058,0
1690,0,0.016329055490589058,NCT02296892,Bronchoscopy,remimazolam,Phase 3,15.0,C_benign,0.5,0,,0.016329055490589058,0
1691,0,0.016329055490589058,NCT02532647,Colonoscopy,remimazolam,Phase 3,8.0,C_benign,0.5,0,,0.016329055490589058,0
1692,0,6.793230297676905e-05,NCT02442284,Cirrhosis,ribavirin,Phase 3,80.0,A_tox_tolerated,0.65,0,,6.793230297676905e-05,0
1693,0,0.0011164862788535935,NCT02422615,Advanced Breast Cancer,ribociclib,Phase 3,85.0,A_tox_tolerated,0.65,0,,0.0011164862788535935,0
1694,0,5.238372908688909e-05,NCT02469155,Schizophrenia,risperidone,Phase 3,62.0,B_serious_chronic,0.6,0,,5.238372908688909e-05,0
1695,0,0.0020757843021574525,NCT02164578,Type 2 Diabetic Patients,rivaroxaban,Phase 3,40.0,B_serious_chronic,0.6,0,,0.0020757843021574525,0
1696,0,0.01533474821935255,NCT02486445,Deep Venous Thrombosis,rivaroxaban,Phase 3,55.0,B_serious_chronic,0.6,0,,0.01533474821935255,0
1698,0,0.0021183165788179912,NCT04122547,bronchiectasis,roflumilast,Phase 3,50.0,B_serious_chronic,0.6,0,,0.0021183165788179912,0
1699,0,0.01980895792895197,NCT02408393,Breast Cancer,ropivacaine,Phase 3,75.0,A_tox_tolerated,0.65,0,,0.01980895792895197,0
1700,0,0.000228029828949059,NCT02410317,pain,ropivacaine,Phase 3,20.0,C_benign,0.5,0,,0.000228029828949059,0
1701,0,3.485467735624919e-05,NCT02273726,anemia of chronic kidney disease,roxadustat,Phase 3,48.0,B_serious_chronic,0.6,0,,3.485467735624919e-05,0
1702,0,7.25263121815836e-05,NCT02413346,acne vulgaris,sarecycline,Phase 3,8.0,C_benign,0.5,0,,7.25263121815836e-05,0
1703,0,0.2529703994476777,NCT02471183,Pulmonary Arterial Hypertension,selexipag,Phase 3,80.0,A_tox_tolerated,0.65,0,,0.2529703994476777,0
1705,0,0.00016363614229807788,NCT02609802,Orthopedic Disorders,sevoflurane,Phase 3,25.0,C_benign,0.5,0,,0.00016363614229807788,0
1706,0,0.095942259767758,NCT02532855,Type 2 Diabetes Mellitus,sitagliptin,Phase 3,40.0,B_serious_chronic,0.6,0,,0.095942259767758,0
1707,0,0.12484317822428403,NCT02536248,Type 2 Diabetes Mellitus,sitagliptin,Phase 3,40.0,B_serious_chronic,0.6,0,,0.12484317822428403,0
1708,0,0.14358070715434296,NCT02564211,Type 2 Diabetes Mellitus,sitagliptin,Phase 3,40.0,B_serious_chronic,0.6,0,,0.14358070715434296,0
1709,0,0.09594557490586848,NCT02577003,Type 2 Diabetes Mellitus,sitagliptin,Phase 3,40.0,B_serious_chronic,0.6,0,,0.09594557490586848,0
1710,0,0.09594557490586848,NCT02577016,Type 2 Diabetes Mellitus,sitagliptin,Phase 3,40.0,B_serious_chronic,0.6,0,,0.09594557490586848,0
1711,0,0.00013486979827489397,NCT02250807,hepatitis C virus infection,sofosbuvir,Phase 3,60.0,B_serious_chronic,0.6,0,,0.00013486979827489397,0
1712,0,3.987447013457982e-05,NCT02319031,hepatitis C virus infection,sofosbuvir,Phase 3,60.0,B_serious_chronic,0.6,0,,3.987447013457982e-05,0
1713,0,0.00012450741466610022,NCT02596880,Cirrhosis,sofosbuvir,Phase 3,80.0,A_tox_tolerated,0.65,0,,0.00012450741466610022,0
1714,0,0.005550596332816272,NCT02384941,Type 1 Diabetes Mellitus,sotagliflozin,Phase 3,55.0,B_serious_chronic,0.6,0,,0.005550596332816272,0
1715,0,0.005550596332816272,NCT02421510,Type 1 Diabetes Mellitus,sotagliflozin,Phase 3,55.0,B_serious_chronic,0.6,0,,0.005550596332816272,0
1716,0,0.00036405317710904545,NCT02531035,Type 1 Diabetes,sotagliflozin,Phase 3,55.0,B_serious_chronic,0.6,0,,0.00036405317710904545,0
1717,0,0.002822994396053631,NCT02354352,Duchenne Muscular Dystrophy,spironolactone,Phase 3,80.0,A_tox_tolerated,0.65,0,,0.002822994396053631,0
1718,0,0.6071655271606722,NCT02420821,Cell Carcinoma,sunitinib,Phase 3,85.0,A_tox_tolerated,0.65,0,,0.6071655271606722,0
1719,0,0.339479840009459,NCT02216123,"Malaria, Vivax",tafenoquine,Phase 3,50.0,B_serious_chronic,0.6,0,,0.339479840009459,0
1720,0,0.0018722604272875423,NCT02486653,Urinary Retention; Urinary Tract Infections,tamsulosin,Phase 3,30.0,C_benign,0.5,0,,0.0018722604272875423,0
1722,0,0.004970161163819201,NCT03566316,Hypertension With Hyperlipidemia,telmisartan,Phase 3,40.0,B_serious_chronic,0.6,0,,0.004970161163819201,0
1723,0,0.003608522161804209,NCT02621892,irritable bowel syndrome,tenapanor,Phase 3,15.0,C_benign,0.5,0,,0.003608522161804209,0
1724,0,0.003608522161804209,NCT02686138,irritable bowel syndrome,tenapanor,Phase 3,15.0,C_benign,0.5,0,,0.003608522161804209,0
1725,0,0.00025945978131271653,NCT02354222,Type 2 Diabetes,teneligliptin,Phase 3,40.0,B_serious_chronic,0.6,0,,0.00025945978131271653,0
1726,0,0.00025945978131271653,NCT02354235,Type 2 Diabetes,teneligliptin,Phase 3,40.0,B_serious_chronic,0.6,0,,0.00025945978131271653,0
1727,0,0.00014865209271643532,NCT02567994,type 2 diabetes mellitus,teneligliptin,Phase 3,40.0,B_serious_chronic,0.6,0,,0.00014865209271643532,0
1728,0,0.00016947016967719597,NCT02587195,Multiple Sclerosis,teriflunomide,Phase 3,60.0,B_serious_chronic,0.6,0,,0.00016947016967719597,0
1730,0,2.1004529496561828e-05,NCT02325466,Type 2 Diabetes,ticagrelor,Phase 3,40.0,B_serious_chronic,0.6,0,,2.1004529496561828e-05,0
1731,0,7.055507271885335e-05,NCT02429271,Myocardial Infarction; ST Segment Elevation Myocardial Infarction (STEMI),ticagrelor,Phase 3,85.0,A_tox_tolerated,0.65,0,,7.055507271885335e-05,0
1732,0,0.00010242398205606332,NCT02675205,Cerebral Aneurysm,ticagrelor,Phase 3,85.0,A_tox_tolerated,0.65,0,,0.00010242398205606332,0
1733,0,7.357501559018137e-05,NCT02518139,Chronic Obstructive Pulmonary Disease,tiotropium,Phase 3,60.0,B_serious_chronic,0.6,0,,7.357501559018137e-05,0
1734,0,0.0035870185773488007,NCT03803124,"Polycystic Kidney, Autosomal Dominant",tolvaptan,Phase 3,55.0,B_serious_chronic,0.6,0,,0.0035870185773488007,0
1735,0,0.043015297011087944,NCT02421588,Ovarian Cancer,topotecan,Phase 3,88.0,A_tox_tolerated,0.65,1,cytotoxic_managed_toxicity,0.043015297011087944,1
1736,0,0.005231932287713114,NCT02481830,Lung Cancer,topotecan,Phase 3,90.0,A_tox_tolerated,0.65,1,cytotoxic_managed_toxicity,0.005231932287713114,1
1737,0,0.011923710627673455,NCT02672527,With Sarcoma,trabectedin,Phase 3,82.0,A_tox_tolerated,0.65,1,cytotoxic_managed_toxicity,0.011923710627673455,1
1738,0,0.0007677596296945604,NCT02086500,Traumatic Hemorrhage,tranexamic acid,Phase 3,85.0,A_tox_tolerated,0.65,0,,0.0007677596296945604,0
1740,0,0.0007855111441127412,NCT02546648,Atherosclerotic Disease; Perioperative Bleeding,tranexamic acid,Phase 3,55.0,B_serious_chronic,0.6,0,,0.0007855111441127412,0
1741,0,0.004136670946860739,NCT03469947,Hemorrhagic Shock; Trauma Injury,tranexamic acid,Phase 3,90.0,A_tox_tolerated,0.65,0,,0.004136670946860739,0
1742,0,5.5813823613774806e-05,NCT02675426,Rheumatoid Arthritis,upadacitinib,Phase 3,58.0,B_serious_chronic,0.6,0,,5.5813823613774806e-05,0
1743,0,6.0974234309880515e-05,NCT02648347,anemia,vadadustat,Phase 3,40.0,B_serious_chronic,0.6,0,,6.0974234309880515e-05,0
1744,0,0.00018444467551811407,NCT01960075,Benzodiazepine Refractory Status Epilepticus,valproic acid,Phase 3,90.0,A_tox_tolerated,0.65,0,,0.00018444467551811407,0
1745,0,0.0017692563733696979,NCT02607618,Skin Structures and Soft Tissue Infections,vancomycin,Phase 3,42.0,B_serious_chronic,0.6,0,,0.0017692563733696979,0
1746,0,0.0001495502651577512,NCT02446418,Asthma,vilanterol,Phase 3,40.0,B_serious_chronic,0.6,0,,0.0001495502651577512,0
1748,0,0.0005811259352561226,NCT02436239,Major Depressive Disorder,vilazodone,Phase 3,42.0,B_serious_chronic,0.6,0,,0.0005811259352561226,0
1749,0,0.00011990102360375323,NCT02389816,Major Depressive Disorder,vortioxetine,Phase 3,42.0,B_serious_chronic,0.6,0,,0.00011990102360375323,0
1750,0,0.0006721384080179241,NCT02920905,postoperative pain,atracurium,Phase 3,8.0,C_benign,0.5,0,,0.0006721384080179241,0
1751,0,0.0008462962733737618,NCT03687515,Chronic Rhinosinusitis With Polyposis,budesonide,Phase 3,15.0,C_benign,0.5,0,,0.0008462962733737618,0
1752,0,0.01849517133141711,NCT02460419,Metastatic Nasopharyngeal Carcinoma,capecitabine,Phase 3,88.0,A_tox_tolerated,0.65,1,cytotoxic_managed_toxicity,0.01849517133141711,1
1753,0,3.8586748895677364e-05,NCT02551094,coronary artery disease,colchicine,Phase 3,68.0,B_serious_chronic,0.6,0,,3.8586748895677364e-05,0
1754,0,0.015340001365063222,NCT02476617,hepatitis C virus infection,dasabuvir,Phase 3,60.0,B_serious_chronic,0.6,0,,0.015340001365063222,0
1755,0,0.015328352150674473,NCT02582632,hepatitis C virus infection,dasabuvir,Phase 3,60.0,B_serious_chronic,0.6,0,,0.015328352150674473,0
1756,0,0.0005850136519013821,NCT02989519,preterm labor and delivery,dydrogesterone,Phase 3,65.0,B_serious_chronic,0.6,0,,0.0005850136519013821,0
1757,0,0.0036548095308189797,NCT02395653,Acute Post-op Pain,fentanyl,Phase 3,8.0,C_benign,0.5,0,,0.0036548095308189797,0
1758,0,0.0017456153192990493,NCT02059499,Anal Intraepithelial Neoplasia; High-grade Squamous Intraepithelial Lesion; HIV Infection,fluorouracil,Phase 3,60.0,B_serious_chronic,0.6,1,cytotoxic_managed_toxicity,0.0017456153192990493,1
1760,0,0.027735218919614568,NCT02421939,Acute Myeloid Leukemia,gilteritinib,Phase 3,90.0,A_tox_tolerated,0.65,0,,0.027735218919614568,0
1761,0,0.0016501528273721662,NCT02059499,Anal Intraepithelial Neoplasia; High-grade Squamous Intraepithelial Lesion; HIV Infection,imiquimod,Phase 3,60.0,B_serious_chronic,0.6,1,cytotoxic_managed_toxicity,0.0016501528273721662,1
1763,0,4.3085178520217264e-05,NCT02570490,skin and soft tissue bacterial infection,linezolid,Phase 3,45.0,B_serious_chronic,0.6,0,,4.3085178520217264e-05,0
1764,0,0.0010639233354215118,NCT02491333,Polycystic Ovary Syndrome; Insulin Resistance,metformin,Phase 3,25.0,C_benign,0.5,0,,0.0010639233354215118,0
1765,0,0.001439711292449025,NCT02297945,Cushing syndrome,metyrapone,Phase 3,55.0,B_serious_chronic,0.6,0,,0.001439711292449025,0
1767,0,0.0018012176050586602,NCT02370498,Gastric Adenocarcinoma; Gastroesophageal Junction Adenocarcinoma,paclitaxel,Phase 3,85.0,A_tox_tolerated,0.65,1,cytotoxic_managed_toxicity,0.0018012176050586602,1
1768,0,0.006725747187047697,NCT02425644,MUltiple Sclerosis,ponesimod,Phase 3,60.0,B_serious_chronic,0.6,0,,0.006725747187047697,0
1769,0,0.005274839507981702,NCT03349333,unspecified peripheral T-cell lymphoma,pralatrexate,Phase 3,90.0,A_tox_tolerated,0.65,1,cytotoxic_managed_toxicity,0.005274839507981702,1
1770,0,0.003094960178171214,NCT02492282,"Anesthesia, General; Anesthesia, Intravenous",propofol,Phase 3,15.0,C_benign,0.5,0,,0.003094960178171214,0
1771,0,6.499372362428139e-05,NCT02442271,hepatitis C virus infection,ribavirin,Phase 3,60.0,B_serious_chronic,0.6,0,,6.499372362428139e-05,0
1772,0,6.56488183708629e-05,NCT02517528,hepatitis C virus infection,ribavirin,Phase 3,60.0,B_serious_chronic,0.6,0,,6.56488183708629e-05,0
1773,0,6.56488183708629e-05,NCT02609659,hepatitis C virus infection,ribavirin,Phase 3,60.0,B_serious_chronic,0.6,0,,6.56488183708629e-05,0
1775,0,7.448289616335396e-05,NCT02296138,Chronic Obstructive Pulmonary Disease,tiotropium,Phase 3,60.0,B_serious_chronic,0.6,0,,7.448289616335396e-05,0
1776,0,6.446336894388248e-05,NCT02566967,Rheumatoid Arthritis,tofacitinib,Phase 3,58.0,B_serious_chronic,0.6,0,,6.446336894388248e-05,0
1777,0,0.0017692563733696979,NCT02600611,Skin Structures and Soft Tissue Infections,vancomycin,Phase 3,42.0,B_serious_chronic,0.6,0,,0.0017692563733696979,0
1778,0,0.809563460650296,NCT04056754,Prostate Cancer,abiraterone acetate,Phase 3,72.0,A_tox_tolerated,0.65,0,,0.809563460650296,0
1779,0,0.43741619556068584,NCT02044380,Lung Cancer,afatinib,Phase 3,90.0,A_tox_tolerated,0.65,0,,0.43741619556068584,0
1780,0,0.0005146448211052012,NCT02075840,Anaplastic Lymphoma,alectinib,Phase 3,85.0,A_tox_tolerated,0.65,0,,0.0005146448211052012,0
1783,0,0.00016316251979527928,NCT02896621,Hypertension; Sleep Apnea,amlodipine,Phase 3,40.0,B_serious_chronic,0.6,0,,0.00016316251979527928,0
1784,0,0.0016563071475258779,NCT02066454,Myeloma; Venous Thromboembolism,apixaban,Phase 3,82.0,A_tox_tolerated,0.65,0,,0.0016563071475258779,0
1785,0,0.0016040244408966945,NCT02307513,Behcet syndrome,apremilast,Phase 3,55.0,B_serious_chronic,0.6,0,,0.0016040244408966945,0
1786,0,0.0007889907835973627,NCT01995266,hepatitis C virus infection,asunaprevir,Phase 3,60.0,B_serious_chronic,0.6,0,,0.0007889907835973627,0
1787,0,0.013080273593699412,NCT02135029,Hyperlipidemia,atorvastatin,Phase 3,38.0,C_benign,0.5,0,,0.013080273593699412,0
1788,0,0.19657527897084395,NCT02189837,Primary Hyperlipidemia and Mixed Dyslipidemia,atorvastatin,Phase 3,38.0,C_benign,0.5,0,,0.19657527897084395,0
1789,0,0.00040583175457332683,NCT02203916,essential hypertension,azilsartan medoxomil,Phase 3,42.0,B_serious_chronic,0.6,0,,0.00040583175457332683,0
1790,0,0.0001943092805000984,NCT02265705,Rheumatoid Arthritis,baricitinib,Phase 3,58.0,B_serious_chronic,0.6,0,,0.0001943092805000984,0
1791,0,0.00012304334405561734,NCT02139644,asthma,beclomethasone dipropionate,Phase 3,42.0,B_serious_chronic,0.6,0,,0.00012304334405561734,0
1792,0,0.0005890398903857574,NCT02130557,Chronic Myelogenous Leukemia,bosutinib,Phase 3,70.0,A_tox_tolerated,0.65,0,,0.0005890398903857574,0
1793,0,5.7155126697824586e-05,NCT02054702,schizophrenia,brexpiprazole,Phase 3,55.0,B_serious_chronic,0.6,0,,5.7155126697824586e-05,0
1794,0,0.0010454907792163395,NCT02289352,rosacea,brimonidine,Phase 3,5.0,C_benign,0.5,0,,0.0010454907792163395,0
1795,0,0.10867975147031958,NCT02087306,adenovirus infection,brincidofovir,Phase 3,30.0,C_benign,0.5,0,,0.10867975147031958,0
1797,0,0.0008538475804010422,NCT02114359,Advanced Gastric Cancer,capecitabine,Phase 3,88.0,A_tox_tolerated,0.65,1,cytotoxic_managed_toxicity,0.0008538475804010422,1
1798,0,0.38492399978420777,NCT02253459,Metastatic Breast Cancer,capecitabine,Phase 3,88.0,A_tox_tolerated,0.65,1,cytotoxic_managed_toxicity,0.15,1
1799,0,0.001955801415895314,NCT02108366,"Influenza, Human",celecoxib,Phase 3,40.0,B_serious_chronic,0.6,0,,0.001955801415895314,0
1800,0,0.01490076939330338,NCT02001012,Uncomplicated Knowlesi Malaria,chloroquine,Phase 3,62.0,B_serious_chronic,0.6,0,,0.01490076939330338,0
1802,0,5.667304303452128e-05,NCT02068846,HIV; Salivary Gland Disease; Benign Lymphoepithelial Lesion,ciprofloxacin,Phase 3,62.0,B_serious_chronic,0.6,0,,5.667304303452128e-05,0
1804,0,0.005637201761644733,NCT02625753,PRK Post-operative Pain,codeine,Phase 3,8.0,C_benign,0.5,0,,0.005637201761644733,0
1805,0,5.919985926723975e-05,NCT02282098,atrial fibrillation,colchicine,Phase 3,55.0,B_serious_chronic,0.6,0,,5.919985926723975e-05,0
1806,0,0.0005568487519485984,NCT02319135,Acute Myeloid Leukemia,cytarabine,Phase 3,90.0,A_tox_tolerated,0.65,1,cytotoxic_managed_toxicity,0.0005568487519485984,1
1807,0,0.002234192637144598,NCT01974752,Metastatic Uveal Melanoma,dacarbazine,Phase 3,92.0,A_tox_tolerated,0.65,1,cytotoxic_managed_toxicity,0.002234192637144598,1
1808,0,0.00028287665988922214,NCT01995266,hepatitis C virus infection,daclatasvir,Phase 3,60.0,B_serious_chronic,0.6,0,,0.00028287665988922214,0
1809,0,0.0003344617876437246,NCT02032875,hepatitis C virus infection,daclatasvir,Phase 3,60.0,B_serious_chronic,0.6,0,,0.0003344617876437246,0
1810,0,0.00014778725775327762,NCT02032888,hepatitis C virus infection,daclatasvir,Phase 3,60.0,B_serious_chronic,0.6,0,,0.00014778725775327762,0
1811,0,0.0003328745204514308,NCT02032901,hepatitis C virus infection,daclatasvir,Phase 3,60.0,B_serious_chronic,0.6,0,,0.0003328745204514308,0
1812,0,0.00028287665988922214,NCT02282709,hepatitis C virus infection,daclatasvir,Phase 3,60.0,B_serious_chronic,0.6,0,,0.00028287665988922214,0
1813,0,0.05491440143667392,NCT02127970,Cellulitis,dalbavancin,Phase 3,35.0,C_benign,0.5,0,,0.05491440143667392,0
1814,0,2.9989516837246202e-05,NCT02096705,Diabetes,dapagliflozin,Phase 3,40.0,B_serious_chronic,0.6,0,,2.9989516837246202e-05,0
1815,0,2.133034672621303e-05,NCT02229396,Diabetes Mellitus,dapagliflozin,Phase 3,42.0,B_serious_chronic,0.6,0,,2.133034672621303e-05,0
1816,0,2.977553423587384e-05,NCT02268214,Type 1 Diabetes,dapagliflozin,Phase 3,55.0,B_serious_chronic,0.6,0,,2.977553423587384e-05,0
1817,0,3.762674841589599e-05,NCT02284893,Type 2 Diabetes,dapagliflozin,Phase 3,40.0,B_serious_chronic,0.6,0,,3.762674841589599e-05,0
1818,0,3.339117663949562e-05,NCT02383238,Diabetes Mellitus Type 2,dapagliflozin,Phase 3,40.0,B_serious_chronic,0.6,0,,3.339117663949562e-05,0
1819,0,0.014507721921458216,NCT02142075,Renal Failure; Critical Care; Gram Positive Bacteria,daptomycin,Phase 3,82.0,A_tox_tolerated,0.65,0,,0.014507721921458216,0
1820,0,1.65978835770419e-05,NCT02143570,overactive bladder,darifenacin,Phase 3,15.0,C_benign,0.5,0,,1.65978835770419e-05,0
1821,0,0.015086866896585362,NCT02216422,hepatitis C virus infection,dasabuvir,Phase 3,60.0,B_serious_chronic,0.6,0,,0.015086866896585362,0
1822,0,0.01514267328151946,NCT02219503,hepatitis C virus infection,dasabuvir,Phase 3,60.0,B_serious_chronic,0.6,0,,0.01514267328151946,0
1824,0,0.000146476387896945,NCT01825512,microcytic anemia with liver iron overload,deferiprone,Phase 3,50.0,B_serious_chronic,0.6,0,,0.000146476387896945,0
1825,0,0.0418277913479828,NCT02035267,submental fat,deoxycholic acid,Phase 3,3.0,C_benign,0.5,0,,0.0418277913479828,0
1826,0,3.0275694021158052e-05,NCT01971645,Knee Injury,dexamethasone,Phase 3,15.0,C_benign,0.5,0,,3.0275694021158052e-05,0
1827,0,2.8055619608068447e-05,NCT02034019,Treatment of Ocular Inflammation and Pain,dexamethasone,Phase 3,18.0,C_benign,0.5,0,,2.8055619608068447e-05,0
1828,0,7.579435114274593e-05,NCT02089113,Post-Surgical Ocular Pain; Post-Surgical Ocular Inflammation,dexamethasone,Phase 3,10.0,C_benign,0.5,0,,7.579435114274593e-05,0
1829,0,1.0783938623401295e-05,NCT02136134,Multiple Myeloma,dexamethasone,Phase 3,82.0,A_tox_tolerated,0.65,0,,1.0783938623401295e-05,0
1830,0,2.3057369876864447e-05,NCT02215980,MULTIPLE MYELOMA,dexamethasone,Phase 3,82.0,A_tox_tolerated,0.65,0,,2.3057369876864447e-05,0
1831,0,0.005930617358021291,NCT02133105,cardiorenal syndrome,dobutamine,Phase 3,80.0,A_tox_tolerated,0.65,0,,0.005930617358021291,0
1833,0,0.00418295500156464,NCT02248480,Osteoarthritis,duloxetine,Phase 3,25.0,C_benign,0.5,0,,0.00418295500156464,0
1834,0,0.01993203146856034,NCT02014584,alopecia,dutasteride,Phase 3,6.0,C_benign,0.5,0,,0.01993203146856034,0
1835,0,0.24794732284691684,NCT02072434,Atrial Fibrillation,edoxaban,Phase 3,45.0,B_serious_chronic,0.6,0,,0.24794732284691684,0
1836,0,0.00020324520140222488,NCT02471963,Diabetes Mellitus Type 2,empagliflozin,Phase 3,40.0,B_serious_chronic,0.6,0,,0.00020324520140222488,0
1837,0,0.33129405648676136,NCT02288247,Prostate Cancer,enzalutamide,Phase 3,72.0,A_tox_tolerated,0.65,0,,0.33129405648676136,0
1838,0,0.0005294214555408986,NCT02294461,Metastatic Prostate Cancer,enzalutamide,Phase 3,82.0,A_tox_tolerated,0.65,0,,0.0005294214555408986,0
1839,0,0.001744254108675804,NCT02807298,Irreversible Pulpitis,epinephrine,Phase 3,8.0,C_benign,0.5,0,,0.001744254108675804,0
1840,0,4.010691582116536e-05,NCT01978938,complicated urinary tract infection,eravacycline,Phase 3,52.0,B_serious_chronic,0.6,0,,4.010691582116536e-05,0
1841,0,0.0006452123040324192,NCT02226003,Type 2 Diabetes Mellitus,ertugliflozin,Phase 3,40.0,B_serious_chronic,0.6,0,,0.0006452123040324192,0
1842,0,0.00017947718753549494,NCT02157376,Stress Ulcer Prophylaxis,esomeprazole,Phase 3,40.0,B_serious_chronic,0.6,0,,0.00017947718753549494,0
1843,0,0.006338045681040154,NCT02253173,Vulvovaginal Atrophy; Menopause; Dyspareunia; Painful Intercourse,estradiol,Phase 3,10.0,C_benign,0.5,0,,0.006338045681040154,0
1844,0,0.0002311821623266621,NCT02750917,pain,etoricoxib,Phase 3,20.0,C_benign,0.5,0,,0.0002311821623266621,0
1845,0,1.5241400367335403e-05,NCT03288038,Hypercholesterolemia,ezetimibe,Phase 3,38.0,C_benign,0.5,0,,1.5241400367335403e-05,0
1846,0,0.00021840775323020835,NCT02262143,mixed dyslipidemia,fenofibrate,Phase 3,40.0,B_serious_chronic,0.6,0,,0.00021840775323020835,0
1847,0,4.064986371245495e-05,NCT02145975,Postoperative Pain,fentanyl,Phase 3,8.0,C_benign,0.5,0,,4.064986371245495e-05,0
1848,0,0.000583952424469055,NCT02327936,Overactive Bladder Syndrome,fesoterodine,Phase 3,18.0,C_benign,0.5,0,,0.000583952424469055,0
1850,0,2.394744649427793e-05,NCT04332978,perennial allergic rhinitis,fluticasone propionate,Phase 3,8.0,C_benign,0.5,0,,2.394744649427793e-05,0
1851,0,0.0003694128789541319,NCT02077192,immune thrombocytopenia,fostamatinib,Phase 3,50.0,B_serious_chronic,0.6,0,,0.0003694128789541319,0
1852,0,0.000187626822637431,NCT02076399,immune thrombocytopenia,fostamatinib,Phase 3,50.0,B_serious_chronic,0.6,0,,0.000187626822637431,0
1853,0,0.000971940102134845,NCT01964430,Patients With Resected Pancreatic Cancer,gemcitabine,Phase 3,90.0,A_tox_tolerated,0.65,1,cytotoxic_managed_toxicity,0.000971940102134845,1
1854,0,0.054325731988328706,NCT02043288,Pancreatic Cancer,gemcitabine,Phase 3,95.0,A_tox_tolerated,0.65,1,cytotoxic_managed_toxicity,0.054325731988328706,1
1855,0,0.053740300223082384,NCT03766295,Pancreatic Cancer,gemcitabine,Phase 3,95.0,A_tox_tolerated,0.65,1,cytotoxic_managed_toxicity,0.053740300223082384,1
1856,0,0.0061173493546709656,NCT01954056,"Infant, Newborn, Diseases; Cardiovascular Insufficiency",hydrocortisone,Phase 3,80.0,A_tox_tolerated,0.65,0,,0.0061173493546709656,0
1857,0,0.0005046775578446965,NCT02095990,melasma,hydroquinone,Phase 3,5.0,C_benign,0.5,0,,0.0005046775578446965,0
1858,0,0.004229329877472571,NCT01976416,Sickle Cell Anemia; Sickle Cell Disease; Malaria,hydroxyurea,Phase 3,68.0,B_serious_chronic,0.6,0,,0.004229329877472571,0
1859,0,0.38623650649603236,NCT02165397,Waldenström's Macroglobulinemia,ibrutinib,Phase 3,72.0,A_tox_tolerated,0.65,0,,0.38623650649603236,0
1860,0,0.010552795906822093,NCT02264574,Chronic Lymphocytic Leukemia,ibrutinib,Phase 3,70.0,A_tox_tolerated,0.65,0,,0.010552795906822093,0
1861,0,0.3285047979234253,NCT02863718,Risk of Disease,ibrutinib,Phase 3,30.0,C_benign,0.5,0,,0.3285047979234253,0
1862,0,0.0009717973532062123,NCT02168842,Parkinson Disease,isradipine,Phase 3,55.0,B_serious_chronic,0.6,0,,0.0009717973532062123,0
1863,0,2.7225458550815535e-05,NCT02181413,Multiple Myeloma,ixazomib citrate,Phase 3,82.0,A_tox_tolerated,0.65,0,,2.7225458550815535e-05,0
1864,0,0.004240041961583533,NCT02021240,Post-operative Pain,ketamine,Phase 3,8.0,C_benign,0.5,0,,0.004240041961583533,0
1865,0,0.0013148944547945363,NCT01911975,sodium channelopathy-related small fiber neuropathy,lacosamide,Phase 3,25.0,C_benign,0.5,0,,0.0013148944547945363,0
1866,0,0.00010051532780330256,NCT01964560,epilepsy,lacosamide,Phase 3,58.0,B_serious_chronic,0.6,0,,0.00010051532780330256,0
1867,0,0.00010051532780330256,NCT02124564,epilepsy,lacosamide,Phase 3,58.0,B_serious_chronic,0.6,0,,0.00010051532780330256,0
1868,0,0.00020248929263397917,NCT02263079,chronic hepatitis B virus infection,lamivudine,Phase 3,62.0,B_serious_chronic,0.6,0,,0.00020248929263397917,0
1871,0,3.4194704909912524e-05,NCT02128061,Diffuse Large B Cell Lymphoma,lenalidomide,Phase 3,85.0,A_tox_tolerated,0.65,0,,3.4194704909912524e-05,0
1872,0,3.633770318726945e-05,NCT02215980,MULTIPLE MYELOMA,lenalidomide,Phase 3,82.0,A_tox_tolerated,0.65,0,,3.633770318726945e-05,0
1873,0,0.00022602877618443213,NCT02137772,cytomegalovirus infection,letermovir,Phase 3,55.0,B_serious_chronic,0.6,0,,0.00022602877618443213,0
1874,0,0.0003879408561837811,NCT02739516,Unexplained Infertility,letrozole,Phase 3,12.0,C_benign,0.5,0,,0.0003879408561837811,0
1875,0,0.00012708478668525184,NCT02073773,Ischaemic Stroke,levodopa,Phase 3,82.0,A_tox_tolerated,0.65,0,,0.00012708478668525184,0
1876,0,0.009959225354180992,NCT01838551,Cushing syndrome,levoketoconazole,Phase 3,55.0,B_serious_chronic,0.6,0,,0.009959225354180992,0
1877,0,0.00030917167307046363,NCT02217267,peripheral neuropathy,lidocaine,Phase 3,25.0,C_benign,0.5,0,,0.00030917167307046363,0
1878,0,0.0003055254140824043,NCT02726737,Local Anesthesia,lidocaine,Phase 3,8.0,C_benign,0.5,0,,0.0003055254140824043,0
1879,0,0.02533639531182772,NCT02284516,dry eye syndrome,lifitegrast,Phase 3,8.0,C_benign,0.5,0,,0.02533639531182772,0
1880,0,6.351643350499683e-06,NCT02015299,Diabetes,linagliptin,Phase 3,40.0,B_serious_chronic,0.6,0,,6.351643350499683e-06,0
1881,0,0.0003311568747195434,NCT02066402,gram-positive bacterial infections,linezolid,Phase 3,55.0,B_serious_chronic,0.6,0,,0.0003311568747195434,0
1883,0,0.003197903063378315,NCT02239380,Status Epilepticus,lorazepam,Phase 3,82.0,A_tox_tolerated,0.65,0,,0.003197903063378315,0
1884,0,0.01900425160382959,NCT02232763,Proteinuria,losartan,Phase 3,40.0,B_serious_chronic,0.6,0,,0.01900425160382959,0
1885,0,0.10268533008783635,NCT02232776,"Glomerulonephritis, IGA",losartan,Phase 3,55.0,B_serious_chronic,0.6,0,,0.10268533008783635,0
1886,0,0.008369757415657616,NCT02248961,Arterial Hypertension,losartan,Phase 3,40.0,B_serious_chronic,0.6,0,,0.008369757415657616,0
1887,0,0.03857456928919124,NCT02138136,functional constipation,lubiprostone,Phase 3,8.0,C_benign,0.5,0,,0.03857456928919124,0
1888,0,0.0010022686586417656,NCT01955187,MEMBRANOUS NEPHROPATHY,methylprednisolone,Phase 3,55.0,B_serious_chronic,0.6,0,,0.0010022686586417656,0
1889,0,0.9509896137718113,NCT02112487,Pulmonary Arterial Hypertension,macitentan,Phase 3,80.0,A_tox_tolerated,0.65,0,,0.9509896137718113,0
1890,0,0.0007711949194803119,NCT02034162,helminth infection,mebendazole,Phase 3,30.0,C_benign,0.5,0,,0.0007711949194803119,0
1891,0,0.013698029051674849,NCT02070757,Healthcare-Associated Pneumonia; Ventilator-Associated Pneumonia; Lung Diseases,meropenem,Phase 3,80.0,A_tox_tolerated,0.65,0,,0.013698029051674849,0
1892,0,0.012296240589128333,NCT03477422,Urinary Tract Infection Complicated; Acute Pyelonephritis,meropenem,Phase 3,55.0,B_serious_chronic,0.6,0,,0.012296240589128333,0
1893,0,1.5469933879146144e-05,NCT02280629,ulcerative colitis,mesalamine,Phase 3,50.0,B_serious_chronic,0.6,0,,1.5469933879146144e-05,0
1894,0,0.005328566749349062,NCT02040376,Brain Tumor Treated With Cranial or Cranial-Spinal Radiation,metformin,Phase 3,80.0,A_tox_tolerated,0.65,0,,0.005328566749349062,0
1895,0,0.00015802192746498355,NCT02045290,Type 1 Diabetes,metformin,Phase 3,55.0,B_serious_chronic,0.6,0,,0.00015802192746498355,0
1896,0,8.574752180939808e-05,NCT02058147,Type 2 Diabetes,metformin,Phase 3,40.0,B_serious_chronic,0.6,0,,8.574752180939808e-05,0
1897,0,0.00016160747695842176,NCT02152371,Diabetes,metformin,Phase 3,40.0,B_serious_chronic,0.6,0,,0.00016160747695842176,0
1898,0,8.674332216232231e-05,NCT01386671,Type 2 Diabetes,metformin,Phase 3,40.0,B_serious_chronic,0.6,0,,8.674332216232231e-05,0
1899,0,0.0020656080240134597,NCT02068443,Type 2 Diabetes Mellitus,metformin,Phase 3,40.0,B_serious_chronic,0.6,0,,0.0020656080240134597,0
1900,0,3.4623597509991636e-05,NCT01987479,Rheumatoid Arthritis,methotrexate,Phase 3,58.0,B_serious_chronic,0.6,1,cytotoxic_managed_toxicity,3.4623597509991636e-05,1
1901,0,3.4623597509991636e-05,NCT02001987,Rheumatoid Arthritis,methotrexate,Phase 3,58.0,B_serious_chronic,0.6,1,cytotoxic_managed_toxicity,3.4623597509991636e-05,1
1902,0,0.006096284222453003,NCT02037191,ALOPECIA AREATA,methotrexate,Phase 3,10.0,C_benign,0.5,1,cytotoxic_managed_toxicity,0.006096284222453003,1
1903,0,0.0002389645969385994,NCT02046603,Rheumatoid Arthritis,methotrexate,Phase 3,58.0,B_serious_chronic,0.6,1,cytotoxic_managed_toxicity,0.0002389645969385994,1
1904,0,3.4623597509991636e-05,NCT02046616,Rheumatoid Arthritis,methotrexate,Phase 3,58.0,B_serious_chronic,0.6,1,cytotoxic_managed_toxicity,3.4623597509991636e-05,1
1905,0,1.1882967255815127e-05,NCT02065713,Psoriatic Arthritis,methotrexate,Phase 3,55.0,B_serious_chronic,0.6,1,cytotoxic_managed_toxicity,1.1882967255815127e-05,1
1906,0,4.641495085291798e-05,NCT02105636,Neck Carcinoma,methotrexate,Phase 3,85.0,A_tox_tolerated,0.65,1,cytotoxic_managed_toxicity,4.641495085291798e-05,1
1907,0,0.0006607220921229773,NCT02151851,Rheumatoid Arthritis,methotrexate,Phase 3,58.0,B_serious_chronic,0.6,1,cytotoxic_managed_toxicity,0.0006607220921229773,1
1908,0,5.914474774977496e-05,NCT02152696,Persistent Pregnancy of Unknown Location; Ectopic Pregnancy,methotrexate,Phase 3,80.0,A_tox_tolerated,0.65,1,cytotoxic_managed_toxicity,5.914474774977496e-05,1
1909,0,0.00042436032771912634,NCT02196701,Psoriasis,methotrexate,Phase 3,45.0,B_serious_chronic,0.6,1,cytotoxic_managed_toxicity,0.00042436032771912634,1
1910,0,7.401666717393233e-05,NCT02252042,Recurrent or Metastatic Head and Neck Cancer,methotrexate,Phase 3,90.0,A_tox_tolerated,0.65,1,cytotoxic_managed_toxicity,7.401666717393233e-05,1
1911,0,0.0004179209736668769,NCT02277444,"Arthritis, Juvenile",methotrexate,Phase 3,45.0,B_serious_chronic,0.6,1,cytotoxic_managed_toxicity,0.0004179209736668769,1
1912,0,0.0013543343977315953,NCT03311425,Dysphagia,methylprednisolone,Phase 3,30.0,C_benign,0.5,0,,0.0013543343977315953,0
1913,0,4.433121323886203e-05,NCT02096900,Parental/Caregiver Anxiety; Child's Anxiety,midazolam,Phase 3,10.0,C_benign,0.5,0,,4.433121323886203e-05,0
1914,0,0.0008756253521877214,NCT02250703,Preoperative Sedation,midazolam,Phase 3,8.0,C_benign,0.5,0,,0.0008756253521877214,0
1915,0,0.0001266641162198118,NCT02325583,epilepsy,midazolam,Phase 3,58.0,B_serious_chronic,0.6,0,,0.0001266641162198118,0
1916,0,0.0007712223411681788,NCT02307565,spinal cord injury,midodrine,Phase 3,70.0,A_tox_tolerated,0.65,0,,0.0007712223411681788,0
1917,0,0.2456128846715619,NCT02012491,spontaneous abortion,mifepristone,Phase 3,25.0,C_benign,0.5,0,,0.2456128846715619,0
1918,0,0.017855775494531084,NCT02011958,visceral Leishmaniasis,miltefosine,Phase 3,85.0,A_tox_tolerated,0.65,0,,0.017855775494531084,0
1919,0,0.04394032312351954,NCT02193022,post-kala-azar dermal leishmaniasis,miltefosine,Phase 3,30.0,C_benign,0.5,0,,0.04394032312351954,0
1920,0,0.0005921876797023767,NCT02045862,Urinary Bladder Overactive; Overactive Bladder; Urgency Incontinence; Urinary Bladder Diseases\Urologic Diseases,mirabegron,Phase 3,18.0,C_benign,0.5,0,,0.0005921876797023767,0
1921,0,0.0007158889415612008,NCT02336750,Breast Cancer,mirtazapine,Phase 3,75.0,A_tox_tolerated,0.65,0,,0.0007158889415612008,0
1923,0,0.02879988609308603,NCT01951885,Chronic Myelogenous Leukemia; Acute Lymphoblastic Leukemia; Acute Myeloid Leukemia; Acute Biphenotypic Leukemia; Myelodysplastic Syndrome; Myeloproliferative Neoplasm; Non-Hodgkin Lymphoma; Hodgkins Disease; Chronic Lymphocytic Leukemia; Multiple Myeloma,mycophenolate mofetil,Phase 3,95.0,A_tox_tolerated,0.65,0,,0.02879988609308603,0
1924,0,0.0003064140353598987,NCT02334488,Chronic Kidney Disease,mycophenolic acid,Phase 3,60.0,B_serious_chronic,0.6,0,,0.0003064140353598987,0
1925,0,0.00023648041180781976,NCT01959074,ureteral stent-related symptoms,naftopidil,Phase 3,8.0,C_benign,0.5,0,,0.00023648041180781976,0
1926,0,3.995518674452666e-05,NCT02132533,preterm labor and delivery,nifedipine,Phase 3,65.0,B_serious_chronic,0.6,0,,3.995518674452666e-05,0
1927,0,0.0037819993318122516,NCT02272777,Chronic Myelogenous Leukemia,nilotinib,Phase 3,70.0,A_tox_tolerated,0.65,0,,0.0037819993318122516,0
1928,0,0.0016272796955704078,NCT02323529,tyrosinemia type I,nitisinone,Phase 3,80.0,A_tox_tolerated,0.65,0,,0.0016272796955704078,0
1929,0,0.0013865480595021348,NCT02479529,Vasoplegic syndrome,norepinephrine,Phase 3,82.0,A_tox_tolerated,0.65,0,,0.0013865480595021348,0
1930,0,0.00019231511043771838,NCT03106454,contraception,norethindrone,Phase 3,5.0,C_benign,0.5,0,,0.00019231511043771838,0
1931,0,0.0002391041348405239,NCT02116530,With Cancer,olanzapine,Phase 3,85.0,A_tox_tolerated,0.65,0,,0.0002391041348405239,0
1932,0,0.8549576987739179,NCT02184195,Pancreatic Cancer,olaparib,Phase 3,95.0,A_tox_tolerated,0.65,0,,0.8549576987739179,0
1933,0,0.0004124517832037724,NCT02161146,allergic conjunctivitis,olopatadine,Phase 3,8.0,C_benign,0.5,0,,0.0004124517832037724,0
1934,0,0.0011036385747066097,NCT03362281,Peptic Ulcer Hemorrhage,omeprazole,Phase 3,70.0,A_tox_tolerated,0.65,0,,0.0011036385747066097,0
1935,0,0.00019579781569523585,NCT02294058,Multiple Sclerosis,ozanimod,Phase 3,60.0,B_serious_chronic,0.6,0,,0.00019579781569523585,0
1936,0,0.01570972445598422,NCT02090764,impetigo,ozenoxacin,Phase 3,8.0,C_benign,0.5,0,,0.01570972445598422,0
1937,0,0.2304861059577044,NCT01964391,Breast Cancer,paclitaxel,Phase 3,75.0,A_tox_tolerated,0.65,1,cytotoxic_managed_toxicity,0.15,1
1938,0,0.0008519307536003155,NCT01966471,Primary Breast Cancer,paclitaxel,Phase 3,80.0,A_tox_tolerated,0.65,1,cytotoxic_managed_toxicity,0.0008519307536003155,1
1939,0,0.9792338444240507,NCT01989676,Metastatic Breast Cancer,paclitaxel,Phase 3,88.0,A_tox_tolerated,0.65,1,cytotoxic_managed_toxicity,0.15,1
1940,0,0.030123944063279607,NCT02032277,Breast Cancer,paclitaxel,Phase 3,75.0,A_tox_tolerated,0.65,1,cytotoxic_managed_toxicity,0.030123944063279607,1
1941,0,0.857707743422462,NCT02106546,Lung Cancer,paclitaxel,Phase 3,90.0,A_tox_tolerated,0.65,1,cytotoxic_managed_toxicity,0.15,1
1942,0,0.0008519307536003155,NCT02125344,Neoadjuvant Treatment of Patients With High-risk Early Breast Cancer,paclitaxel,Phase 3,80.0,A_tox_tolerated,0.65,1,cytotoxic_managed_toxicity,0.0008519307536003155,1
1943,0,0.029642794957691166,NCT02163694,Breast Cancer,paclitaxel,Phase 3,75.0,A_tox_tolerated,0.65,1,cytotoxic_managed_toxicity,0.029642794957691166,1
1944,0,0.004526581150629845,NCT02178956,Junction Cancer,paclitaxel,Phase 3,82.0,A_tox_tolerated,0.65,1,cytotoxic_managed_toxicity,0.004526581150629845,1
1945,0,0.08810695114660766,NCT02194166,Breast Cancer,paclitaxel,Phase 3,75.0,A_tox_tolerated,0.65,1,cytotoxic_managed_toxicity,0.08810695114660766,1
1946,0,0.002327137329810747,NCT02214381,Early Primary Breast Cancer,paclitaxel,Phase 3,70.0,A_tox_tolerated,0.65,1,cytotoxic_managed_toxicity,0.002327137329810747,1
1947,0,0.00010163255255131612,NCT02305849,Rheumatoid Arthritis,peficitinib,Phase 3,58.0,B_serious_chronic,0.6,0,,0.00010163255255131612,0
1948,0,5.7417576752983876e-05,NCT02308163,Rheumatoid Arthritis,peficitinib,Phase 3,58.0,B_serious_chronic,0.6,0,,5.7417576752983876e-05,0
1949,0,0.00032106515029937715,NCT02304783,Renal Colic,piroxicam,Phase 3,18.0,C_benign,0.5,0,,0.00032106515029937715,0
1950,0,0.0004554564268452763,NCT01774838,Acute Coronary Syndrome; Unstable Angina,prasugrel,Phase 3,80.0,A_tox_tolerated,0.65,0,,0.0004554564268452763,0
1951,0,2.881250780174893e-05,NCT02000336,Rheumatoid Arthritis,prednisolone,Phase 3,58.0,B_serious_chronic,0.6,0,,2.881250780174893e-05,0
1952,0,0.0922110234055893,NCT03761225,Prostate Cancer,prednisone,Phase 3,72.0,A_tox_tolerated,0.65,0,,0.0922110234055893,0
1953,0,5.872210922614638e-05,NCT02259426,malaria,primaquine,Phase 3,75.0,A_tox_tolerated,0.65,0,,5.872210922614638e-05,0
1954,0,3.604758496186943e-05,NCT02131233,HIV infection,raltegravir,Phase 3,62.0,B_serious_chronic,0.6,0,,3.604758496186943e-05,0
1955,0,0.0021207961329877175,NCT03764267,Breast Diseases,remifentanil,Phase 3,40.0,B_serious_chronic,0.6,0,,0.0021207961329877175,0
1956,0,5.4757345112158785e-05,NCT02006745,HIV infection,ribavirin,Phase 3,62.0,B_serious_chronic,0.6,0,,5.4757345112158785e-05,0
1957,0,5.557731184076349e-05,NCT02023112,hepatitis C virus infection,ribavirin,Phase 3,60.0,B_serious_chronic,0.6,0,,5.557731184076349e-05,0
1958,0,0.00011778598309471605,NCT02032875,hepatitis C virus infection,ribavirin,Phase 3,60.0,B_serious_chronic,0.6,0,,0.00011778598309471605,0
1959,0,5.6096443286281325e-05,NCT02105701,hepatitis C virus infection,ribavirin,Phase 3,60.0,B_serious_chronic,0.6,0,,5.6096443286281325e-05,0
1960,0,6.451151511160579e-05,NCT03090035,hepatitis C virus infection,ribavirin,Phase 3,60.0,B_serious_chronic,0.6,0,,6.451151511160579e-05,0
1961,0,0.0009671091565066122,NCT02278120,Advanced Breast Cancer,ribociclib,Phase 3,85.0,A_tox_tolerated,0.65,0,,0.0009671091565066122,0
1962,0,9.38412583449332e-05,NCT02109562,Schizophrenia,risperidone,Phase 3,62.0,B_serious_chronic,0.6,0,,9.38412583449332e-05,0
1963,0,0.003382214263575245,NCT02123524,Symptomatic Superficial Vein Thrombosis,rivaroxaban,Phase 3,25.0,C_benign,0.5,0,,0.003382214263575245,0
1964,0,0.00030266871966517204,NCT02165826,COPD,roflumilast,Phase 3,60.0,B_serious_chronic,0.6,0,,0.00030266871966517204,0
1965,0,0.0012856558330368488,NCT02340520,COPD,roflumilast,Phase 3,60.0,B_serious_chronic,0.6,0,,0.0012856558330368488,0
1966,0,0.030730111085613198,NCT02154763,Bariatric Surgery Candidate,ropivacaine,Phase 3,30.0,C_benign,0.5,0,,0.030730111085613198,0
1967,0,0.00023371496260567295,NCT02256228,Pain,ropivacaine,Phase 3,15.0,C_benign,0.5,0,,0.00023371496260567295,0
1968,0,3.485467735624919e-05,NCT02021318,anemia of chronic kidney disease,roxadustat,Phase 3,48.0,B_serious_chronic,0.6,0,,3.485467735624919e-05,0
1969,0,3.485467735624919e-05,NCT02052310,anemia of chronic kidney disease,roxadustat,Phase 3,48.0,B_serious_chronic,0.6,0,,3.485467735624919e-05,0
1970,0,6.481061914106354e-05,NCT02174627,anemia,roxadustat,Phase 3,40.0,B_serious_chronic,0.6,0,,6.481061914106354e-05,0
1971,0,3.2824777746295165e-05,NCT02174731,anemia,roxadustat,Phase 3,40.0,B_serious_chronic,0.6,0,,3.2824777746295165e-05,0
1972,0,3.2824777746295165e-05,NCT02278341,anemia,roxadustat,Phase 3,40.0,B_serious_chronic,0.6,0,,3.2824777746295165e-05,0
1973,0,0.3744033163983177,NCT01968213,Ovarian Cancer,rucaparib,Phase 3,88.0,A_tox_tolerated,0.65,0,,0.3744033163983177,0
1974,0,0.001409484732227527,NCT02038036,Polycythemia Vera,ruxolitinib,Phase 3,65.0,B_serious_chronic,0.6,0,,0.001409484732227527,0
1975,0,0.03073637244360141,NCT02087059,Primary Myelofibrosis (MF),ruxolitinib,Phase 3,78.0,A_tox_tolerated,0.65,0,,0.03073637244360141,0
1976,0,0.010988763552720963,NCT02292446,Polycythemia Vera,ruxolitinib,Phase 3,65.0,B_serious_chronic,0.6,0,,0.010988763552720963,0
1977,0,1.579217111918894e-05,NCT02320149,acne vulgaris,sarecycline,Phase 3,8.0,C_benign,0.5,0,,1.579217111918894e-05,0
1978,0,1.579217111918894e-05,NCT02322866,acne vulgaris,sarecycline,Phase 3,8.0,C_benign,0.5,0,,1.579217111918894e-05,0
1979,0,0.00041877304030266387,NCT02067949,Critical Illness,simvastatin,Phase 3,85.0,A_tox_tolerated,0.65,0,,0.00041877304030266387,0
1980,0,0.003023035962635115,NCT02173457,Type 2 Diabetes,sitagliptin,Phase 3,40.0,B_serious_chronic,0.6,0,,0.003023035962635115,0
1981,0,0.12477850928221171,NCT02226003,Type 2 Diabetes Mellitus,sitagliptin,Phase 3,40.0,B_serious_chronic,0.6,0,,0.12477850928221171,0
1982,0,0.00026060816751701557,NCT02032875,hepatitis C virus infection,sofosbuvir,Phase 3,60.0,B_serious_chronic,0.6,0,,0.00026060816751701557,0
1983,0,6.276783232420197e-05,NCT02032888,hepatitis C virus infection,sofosbuvir,Phase 3,60.0,B_serious_chronic,0.6,0,,6.276783232420197e-05,0
1984,0,0.0002657868558317923,NCT02032901,hepatitis C virus infection,sofosbuvir,Phase 3,60.0,B_serious_chronic,0.6,0,,0.0002657868558317923,0
1985,0,4.356455918197947e-05,NCT02074514,hepatitis C virus infection,sofosbuvir,Phase 3,60.0,B_serious_chronic,0.6,0,,4.356455918197947e-05,0
1986,0,0.6201827766899247,NCT02231749,Cell Carcinoma,sunitinib,Phase 3,85.0,A_tox_tolerated,0.65,0,,0.6201827766899247,0
1987,0,0.5973756959365775,NCT01824290,"Hypertension, Pulmonary",tadalafil,Phase 3,80.0,A_tox_tolerated,0.65,0,,0.5973756959365775,0
1988,0,3.503404789626146e-05,NCT02019420,pneumonia,tedizolid phosphate,Phase 3,70.0,A_tox_tolerated,0.65,0,,3.503404789626146e-05,0
1990,0,0.00023395775851047166,NCT02203253,Neoplasms,thalidomide,Phase 3,82.0,A_tox_tolerated,0.65,0,,0.00023395775851047166,0
1991,0,2.3126533314099888e-05,NCT01930591,Acute Myocardial Infarction,ticagrelor,Phase 3,80.0,A_tox_tolerated,0.65,0,,2.3126533314099888e-05,0
1992,0,7.155708132018646e-05,NCT01911364,Chronic Obstructive Pulmonary Disease,tiotropium,Phase 3,60.0,B_serious_chronic,0.6,0,,7.155708132018646e-05,0
1993,0,0.0003567934677165272,NCT01976364,Psoriatic Arthritis,tofacitinib,Phase 3,55.0,B_serious_chronic,0.6,0,,0.0003567934677165272,0
1994,0,2.167289376474817e-05,NCT02281552,Rheumatoid Arthritis,tofacitinib,Phase 3,58.0,B_serious_chronic,0.6,0,,2.167289376474817e-05,0
1995,0,0.06732353552268791,NCT02251275,"Polycystic Kidney, Autosomal Dominant",tolvaptan,Phase 3,55.0,B_serious_chronic,0.6,0,,0.06732353552268791,0
1996,0,0.005841108027155053,NCT02201251,Epilepsy,topiramate,Phase 3,58.0,B_serious_chronic,0.6,0,,0.005841108027155053,0
1997,0,0.003750453650700174,NCT01651182,Cancer; Tumour; Surgery,tranexamic acid,Phase 3,85.0,A_tox_tolerated,0.65,0,,0.003750453650700174,0
1998,0,0.005207194306596707,NCT02125890,Abdominal Aortic Aneurysms,tranexamic acid,Phase 3,75.0,A_tox_tolerated,0.65,0,,0.005207194306596707,0
2000,0,0.0007782583667434611,NCT02393300,Total Blood Loss,tranexamic acid,Phase 3,40.0,B_serious_chronic,0.6,0,,0.0007782583667434611,0
2001,0,2.7484808113272727e-05,NCT02022930,Osteoarthritis,triamcinolone acetonide,Phase 3,25.0,C_benign,0.5,0,,2.7484808113272727e-05,0
2002,0,0.0012262264415482337,NCT02873026,ocular trauma,triamcinolone acetonide,Phase 3,40.0,B_serious_chronic,0.6,0,,0.0012262264415482337,0
2003,0,7.960102072218787e-05,NCT02207829,Chronic Obstructive Pulmonary Disease,umeclidinium,Phase 3,60.0,B_serious_chronic,0.6,0,,7.960102072218787e-05,0
2004,0,0.001992216155315907,NCT01987895,Clostridium Difficile Infection,vancomycin,Phase 3,55.0,B_serious_chronic,0.6,0,,0.001992216155315907,0
2005,0,0.0051714683258358195,NCT02284126,Infection; Surgery; Nervous System Diseases,vancomycin,Phase 3,60.0,B_serious_chronic,0.6,0,,0.0051714683258358195,0
2006,0,1.610351228192967e-05,NCT02005471,Chronic Lymphocytic Leukemia,venetoclax,Phase 3,70.0,A_tox_tolerated,0.65,0,,1.610351228192967e-05,0
2007,0,2.1200738151880284e-05,NCT02242942,Chronic Lymphocytic Leukemia,venetoclax,Phase 3,70.0,A_tox_tolerated,0.65,0,,2.1200738151880284e-05,0
2008,0,0.00019253277669158285,NCT02105974,Chronic Obstructive Pulmonary Disease,vilanterol,Phase 3,60.0,B_serious_chronic,0.6,0,,0.00019253277669158285,0
2009,0,0.017045754375983543,NCT02282709,chronic hepatitis C virus infection,asunaprevir,Phase 3,62.0,B_serious_chronic,0.6,0,,0.017045754375983543,0
2010,0,0.004223905963491932,NCT02079727,Knee Osteoarthritis,celecoxib,Phase 3,20.0,C_benign,0.5,0,,0.004223905963491932,0
2011,0,0.29473777410357327,NCT02197416,Venous Thromboembolism; Secondary Prevention,dabigatran etexilate,Phase 3,72.0,A_tox_tolerated,0.65,0,,0.29473777410357327,0
2013,0,0.015340001365063222,NCT02207088,hepatitis C virus infection,dasabuvir,Phase 3,60.0,B_serious_chronic,0.6,0,,0.015340001365063222,0
2015,0,0.002982979536137503,NCT01984684,Skin and Subcutaneous Tissue Bacterial Infections; Skin Structures and Soft Tissue Infections,delafloxacin,Phase 3,42.0,B_serious_chronic,0.6,0,,0.002982979536137503,0
2016,0,4.504783922973265e-05,NCT02263326,HIV infection,dolutegravir,Phase 3,62.0,B_serious_chronic,0.6,0,,4.504783922973265e-05,0
2018,0,0.0005485820809734803,NCT02135419,Anal Cancer,fluorouracil,Phase 3,80.0,A_tox_tolerated,0.65,1,cytotoxic_managed_toxicity,0.0005485820809734803,1
2019,0,6.714085018307872e-05,NCT01647932,heart failure,hydrochlorothiazide,Phase 3,80.0,A_tox_tolerated,0.65,0,,6.714085018307872e-05,0
2020,0,0.000690940739280852,NCT02135419,Anal Cancer,imiquimod,Phase 3,80.0,A_tox_tolerated,0.65,1,cytotoxic_managed_toxicity,0.000690940739280852,1
2021,0,1.7268271370018868e-05,NCT02263326,HIV infection,lamivudine,Phase 3,62.0,B_serious_chronic,0.6,0,,1.7268271370018868e-05,0
2022,0,1.399233193255666e-05,NCT02369965,HIV infection,lamivudine,Phase 3,62.0,B_serious_chronic,0.6,0,,1.399233193255666e-05,0
2023,0,2.1966597384172592e-05,NCT02180217,Cushing syndrome,osilodrostat,Phase 3,55.0,B_serious_chronic,0.6,0,,2.1966597384172592e-05,0
2024,0,0.04687495972901513,NCT01970371,Bloodstream Infections (BSI) Due to CRE; Hospital-Acquired Bacterial Pneumonia (HABP) Due to CRE; Ventilator-Associated Bacterial Pneumonia (VABP) Due to CRE; Complicated Urinary Tract Infection (cUTI) Due to CRE; Acute Pyelonephritis (AP) Due to CRE,plazomicin,Phase 3,90.0,A_tox_tolerated,0.65,0,,0.04687495972901513,0
2025,0,7.655965469268335e-05,NCT02830906,Postoperative Nausea and Vomiting,ramosetron,Phase 3,10.0,C_benign,0.5,0,,7.655965469268335e-05,0
2027,0,5.473617732588893e-05,NCT02265237,hepatitis C virus infection,ribavirin,Phase 3,60.0,B_serious_chronic,0.6,0,,5.473617732588893e-05,0
2028,0,0.0030196909878474616,NCT02254291,Type 2 Diabetes,sitagliptin,Phase 3,40.0,B_serious_chronic,0.6,0,,0.0030196909878474616,0
2030,0,9.159004477518216e-05,NCT02085161,chronic obstructive pulmonary disease,tiotropium,Phase 3,60.0,B_serious_chronic,0.6,0,,9.159004477518216e-05,0
2031,0,0.0007789999555913319,NCT02312440,Blood Loss,tranexamic acid,Phase 3,40.0,B_serious_chronic,0.6,0,,0.0007789999555913319,0
2032,0,0.0019018323007529195,NCT02179658,Clostridium Difficile,vancomycin,Phase 3,55.0,B_serious_chronic,0.6,0,,0.0019018323007529195,0
2033,0,0.0003848861214179639,NCT02096900,Parental/Caregiver Anxiety; Child's Anxiety,zolpidem,Phase 3,10.0,C_benign,0.5,0,,0.0003848861214179639,0
2034,0,0.809563460650296,NCT01715285,Prostate Cancer,abiraterone acetate,Phase 3,72.0,A_tox_tolerated,0.65,0,,0.809563460650296,0
2035,0,3.0196343973319175e-05,NCT01606319,Asthma; Wheezing,acetaminophen,Phase 3,40.0,B_serious_chronic,0.6,0,,3.0196343973319175e-05,0
2036,0,0.001995176380053889,NCT01406080,photoaging,adapalene,Phase 3,5.0,C_benign,0.5,0,,0.001995176380053889,0
2037,0,5.741981539200791e-05,NCT01809743,coronary artery disease,adenosine,Phase 3,68.0,B_serious_chronic,0.6,0,,5.741981539200791e-05,0
2038,0,0.43741619556068584,NCT01853826,Lung Cancer,afatinib,Phase 3,90.0,A_tox_tolerated,0.65,0,,0.43741619556068584,0
2039,0,9.105446986164816e-05,NCT01856478,Cell Cancer,afatinib,Phase 3,85.0,A_tox_tolerated,0.65,0,,9.105446986164816e-05,0
2040,0,0.43741619556068584,NCT01953913,Lung Cancer,afatinib,Phase 3,90.0,A_tox_tolerated,0.65,0,,0.43741619556068584,0
2041,0,0.00026955876205076617,NCT01825031,Human Immunodeficiency Virus,albendazole,Phase 3,62.0,B_serious_chronic,0.6,0,,0.00026955876205076617,0
2042,0,0.004225352493410385,NCT01805726,Bronchoscopy; Conscious Sedation,alfentanil,Phase 3,15.0,C_benign,0.5,0,,0.004225352493410385,0
2043,0,0.0002812025814750773,NCT01890122,Type 2 Diabetes,alogliptin,Phase 3,40.0,B_serious_chronic,0.6,0,,0.0002812025814750773,0
2044,0,0.00013864783693497606,NCT01829529,Healthy,amoxicillin,Phase 3,5.0,C_benign,0.5,0,,0.00013864783693497606,0
2045,0,0.0004674937543739213,NCT02974348,Drug Resistant Malaria Due to Plasmodium Falciparum,amoxicillin,Phase 3,85.0,A_tox_tolerated,0.65,0,,0.0004674937543739213,0
2046,0,0.00033800975050224884,NCT01780987,Deep Vein Thrombosis; Pulmonary Embolism,apixaban,Phase 3,75.0,A_tox_tolerated,0.65,0,,0.00033800975050224884,0
2047,0,4.7999244493178645e-05,NCT02563704,malaria,artesunate,Phase 3,75.0,A_tox_tolerated,0.65,0,,4.7999244493178645e-05,0
2050,0,0.002002632947230143,NCT02342275,hemangioma,atenolol,Phase 3,15.0,C_benign,0.5,0,,0.002002632947230143,0
2051,0,0.0034267170696842576,NCT01946815,Coronary Artery Disease,atorvastatin,Phase 3,65.0,B_serious_chronic,0.6,0,,0.0034267170696842576,0
2052,0,0.27040089654631905,NCT01953328,Hyperlipidemia or Mixed Dyslipidemia at High Risk for Cardiovascular Events,atorvastatin,Phase 3,48.0,B_serious_chronic,0.6,0,,0.27040089654631905,0
2053,0,0.23277498383539816,NCT02084069,Heart Valve Diseases,atorvastatin,Phase 3,65.0,B_serious_chronic,0.6,0,,0.23277498383539816,0
2054,0,0.0002229531231528112,NCT01663623,Vasculitis,azathioprine,Phase 3,68.0,B_serious_chronic,0.6,0,,0.0002229531231528112,0
2055,0,8.816129676262222e-05,NCT01697267,Anti-Neutrophil Cytoplasmic Antibody-Associated Vasculitis; Microscopic Polyangiitis; Wegener Granulomatosis,azathioprine,Phase 3,80.0,A_tox_tolerated,0.65,0,,8.816129676262222e-05,0
2056,0,0.0001907866692246814,NCT01721044,Rheumatoid Arthritis,baricitinib,Phase 3,58.0,B_serious_chronic,0.6,0,,0.0001907866692246814,0
2057,0,0.0001765806683786311,NCT01885078,Rheumatoid Arthritis,baricitinib,Phase 3,58.0,B_serious_chronic,0.6,0,,0.0001765806683786311,0
2059,0,0.001272257828668119,NCT02548832,mixed dyslipidemia,berberine,Phase 3,40.0,B_serious_chronic,0.6,0,,0.001272257828668119,0
2060,0,0.005803118561161803,NCT01838941,peroxisome biogenesis disorder,betaine,Phase 3,80.0,A_tox_tolerated,0.65,0,,0.005803118561161803,0
2061,0,0.0004936995171474364,NCT01809691,Metastatic Prostate Cancer,bicalutamide,Phase 3,82.0,A_tox_tolerated,0.65,0,,0.0004936995171474364,0
2062,0,0.6102750033276422,NCT02085252,Prostate Cancer,bicalutamide,Phase 3,72.0,A_tox_tolerated,0.65,0,,0.6102750033276422,0
2063,0,5.7741089916637675e-05,NCT01982240,chronic idiopathic constipation,bisacodyl,Phase 3,12.0,C_benign,0.5,0,,5.7741089916637675e-05,0
2064,0,0.0001865666055553417,NCT01945294,hepatitis C virus infection,boceprevir,Phase 3,60.0,B_serious_chronic,0.6,0,,0.0001865666055553417,0
2066,0,0.00016538283534761454,NCT01810783,schizophrenia,brexpiprazole,Phase 3,55.0,B_serious_chronic,0.6,0,,0.00016538283534761454,0
2068,0,0.0001552522820348256,NCT01942733,Major Depressive Disorder,brexpiprazole,Phase 3,42.0,B_serious_chronic,0.6,0,,0.0001552522820348256,0
2069,0,0.0001552522820348256,NCT01942785,Major Depressive Disorder,brexpiprazole,Phase 3,42.0,B_serious_chronic,0.6,0,,0.0001552522820348256,0
2070,0,0.0001552522820348256,NCT02012218,Major Depressive Disorder,brexpiprazole,Phase 3,42.0,B_serious_chronic,0.6,0,,0.0001552522820348256,0
2071,0,0.0001552522820348256,NCT02013531,Major Depressive Disorder,brexpiprazole,Phase 3,42.0,B_serious_chronic,0.6,0,,0.0001552522820348256,0
2072,0,0.0001552522820348256,NCT02013609,Major Depressive Disorder,brexpiprazole,Phase 3,42.0,B_serious_chronic,0.6,0,,0.0001552522820348256,0
2073,0,0.00016538283534761454,NCT02013622,schizophrenia,brexpiprazole,Phase 3,55.0,B_serious_chronic,0.6,0,,0.00016538283534761454,0
2074,0,0.0007448031832511263,NCT01769170,cytomegalovirus infection,brincidofovir,Phase 3,55.0,B_serious_chronic,0.6,0,,0.0007448031832511263,0
2075,0,0.00861908048260902,NCT02065219,Chronic pain,bupivacaine,Phase 3,20.0,C_benign,0.5,0,,0.00861908048260902,0
2076,0,0.00861908048260902,NCT02065804,Chronic pain,bupivacaine,Phase 3,20.0,C_benign,0.5,0,,0.00861908048260902,0
2077,0,0.0005059304676509238,NCT03013361,Functional Endoscopic Sinus Surgery (FESS),bupivacaine,Phase 3,12.0,C_benign,0.5,0,,0.0005059304676509238,0
2078,0,0.006229135942884846,NCT01848054,opioid use disorder,buprenorphine,Phase 3,45.0,B_serious_chronic,0.6,0,,0.006229135942884846,0
2079,0,0.005717921282016041,NCT01908842,opioid dependence,buprenorphine,Phase 3,45.0,B_serious_chronic,0.6,0,,0.005717921282016041,0
2080,0,0.05291671924582726,NCT03140449,facial angiofibroma,calcitriol,Phase 3,12.0,C_benign,0.5,0,,0.05291671924582726,0
2081,0,0.00028944810980965707,NCT01774786,Gastric Cancer,capecitabine,Phase 3,85.0,A_tox_tolerated,0.65,1,cytotoxic_managed_toxicity,0.00028944810980965707,1
2082,0,0.002777167370942913,NCT01918852,Colorectal Cancer; Metastases,capecitabine,Phase 3,95.0,A_tox_tolerated,0.65,1,cytotoxic_managed_toxicity,0.002777167370942913,1
2083,0,0.002777167370942913,NCT01996306,Colorectal Neoplasms; Neoplasm Metastasis; Intestinal Neoplasms; Gastrointestinal Neoplasms; Digestive System Neoplasms,capecitabine,Phase 3,95.0,A_tox_tolerated,0.65,1,cytotoxic_managed_toxicity,0.002777167370942913,1
2084,0,7.195337284272217e-05,NCT01838876,Major Depressive Disorder,cariprazine,Phase 3,42.0,B_serious_chronic,0.6,0,,7.195337284272217e-05,0
2085,0,0.025137484679841914,NCT01724450,Breast Cancer; Heart Failure; Cardiotoxicity,carvedilol,Phase 3,80.0,A_tox_tolerated,0.65,0,,0.025137484679841914,0
2086,0,0.00030331232287278523,NCT01765296,Osteoarthritis,celecoxib,Phase 3,25.0,C_benign,0.5,0,,0.00030331232287278523,0
2087,0,0.14627131920049816,NCT01828099,Lung Cancer,ceritinib,Phase 3,90.0,A_tox_tolerated,0.65,0,,0.14627131920049816,0
2088,0,0.03701721313262425,NCT01828112,Non-Small Cell Lung Cancer,ceritinib,Phase 3,88.0,A_tox_tolerated,0.65,0,,0.03701721313262425,0
2089,0,0.0020718572591039352,NCT02644395,Hypertension; Kidney Transplantation,chlorthalidone,Phase 3,62.0,B_serious_chronic,0.6,0,,0.0020718572591039352,0
2090,0,0.0003771644894737844,NCT02069990,vitamin D deficiency,vitamin D3,Phase 3,15.0,C_benign,0.5,0,,0.0003771644894737844,0
2091,0,0.001852899128652981,NCT02087007,vasospastic angina,cilostazol,Phase 3,50.0,B_serious_chronic,0.6,0,,0.001852899128652981,0
2092,0,0.0031922539283685005,NCT02094469,vasospastic angina,cilostazol,Phase 3,50.0,B_serious_chronic,0.6,0,,0.0031922539283685005,0
2093,0,0.00500510650698945,NCT01896232,Secondary Hyperparathyroidism; Chronic Kidney Disease,cinacalcet,Phase 3,55.0,B_serious_chronic,0.6,0,,0.00500510650698945,0
2094,0,0.007556888266806228,NCT02481193,fasciculation,cisatracurium,Phase 3,10.0,C_benign,0.5,0,,0.007556888266806228,0
2095,0,0.0007669917925705083,NCT01870024,Status Epilepticus; Epilepsy,clonazepam,Phase 3,82.0,A_tox_tolerated,0.65,0,,0.0007669917925705083,0
2096,0,0.0007818468605227359,NCT02181543,Is an Only Child,clonidine,Phase 3,5.0,C_benign,0.5,0,,0.0007818468605227359,0
2097,0,0.0003191120418123402,NCT02324413,Negative Behaviour Change,clonidine,Phase 3,10.0,C_benign,0.5,0,,0.0003191120418123402,0
2098,0,0.010416000582899305,NCT01758614,Carotid Artery Occlusion; Middle Cerebral Artery Occlusion; Stroke,clopidogrel,Phase 3,85.0,A_tox_tolerated,0.65,0,,0.010416000582899305,0
2099,0,0.0006083844674058729,NCT01993823,otomycosis,clotrimazole,Phase 3,8.0,C_benign,0.5,0,,0.0006083844674058729,0
2100,0,0.007180067436582208,NCT01843530,ACE inhibitor-induced angioedema,cortisone acetate,Phase 3,45.0,B_serious_chronic,0.6,0,,0.007180067436582208,0
2102,0,4.172508954110522e-05,NCT01721772,Metastatic Melanoma,dacarbazine,Phase 3,90.0,A_tox_tolerated,0.65,1,cytotoxic_managed_toxicity,4.172508954110522e-05,1
2103,0,3.322991509734098e-05,NCT01763164,positive Melanoma,dacarbazine,Phase 3,90.0,A_tox_tolerated,0.65,1,cytotoxic_managed_toxicity,3.322991509734098e-05,1
2104,0,0.0003328745204514308,NCT01741545,hepatitis C virus infection,daclatasvir,Phase 3,60.0,B_serious_chronic,0.6,0,,0.0003328745204514308,0
2108,0,0.002982979536137503,NCT01811732,Skin and Subcutaneous Tissue Bacterial Infections,delafloxacin,Phase 3,42.0,B_serious_chronic,0.6,0,,0.002982979536137503,0
2109,0,0.00036862931096300446,NCT01916967,urticaria,desloratadine,Phase 3,10.0,C_benign,0.5,0,,0.00036862931096300446,0
2111,0,0.004598611672071468,NCT02023164,Acute Urticaria,diphenhydramine,Phase 3,10.0,C_benign,0.5,0,,0.004598611672071468,0
2112,0,0.09021360602833497,NCT01855919,Back Pain Lower Back Chronic,duloxetine,Phase 3,15.0,C_benign,0.5,0,,0.09021360602833497,0
2113,0,0.31049014606166186,NCT01914666,Back Pain Lower Back Chronic,duloxetine,Phase 3,15.0,C_benign,0.5,0,,0.31049014606166186,0
2114,0,0.00418295500156464,NCT01931475,Osteoarthritis,duloxetine,Phase 3,25.0,C_benign,0.5,0,,0.00418295500156464,0
2115,0,0.000648467884102517,NCT02004522,Chronic Lymphocytic Leukemia; Small Lymphocytic Lymphoma,duvelisib,Phase 3,70.0,A_tox_tolerated,0.65,0,,0.000648467884102517,0
2117,0,0.00010059987976791321,NCT01947855,Type 2 Diabetes Mellitus,empagliflozin,Phase 3,40.0,B_serious_chronic,0.6,0,,0.00010059987976791321,0
2118,0,0.16165234886063776,NCT02003924,Prostate Cancer,enzalutamide,Phase 3,72.0,A_tox_tolerated,0.65,0,,0.16165234886063776,0
2119,0,0.0019920891935470237,NCT01861015,Uterine Myomas,epinephrine,Phase 3,20.0,C_benign,0.5,0,,0.0019920891935470237,0
2121,0,7.047170082215458e-05,NCT01844856,complicated intra-abdominal infection,eravacycline,Phase 3,75.0,A_tox_tolerated,0.65,0,,7.047170082215458e-05,0
2122,0,0.0005638847533013217,NCT01986881,Type 2 Diabetes Mellitus,ertugliflozin,Phase 3,40.0,B_serious_chronic,0.6,0,,0.0005638847533013217,0
2123,0,0.001316066556760222,NCT02153567,Dyspepsia; Anxiety; Depression,escitalopram,Phase 3,30.0,C_benign,0.5,0,,0.001316066556760222,0
2125,0,0.00018557779687911714,NCT01942668,Menopause,estradiol,Phase 3,12.0,C_benign,0.5,0,,0.00018557779687911714,0
2126,0,1.5228162881651086e-05,NCT01763827,Hyperlipidemia,ezetimibe,Phase 3,38.0,C_benign,0.5,0,,1.5228162881651086e-05,0
2127,0,1.5228162881651086e-05,NCT01763905,Hyperlipidemia,ezetimibe,Phase 3,38.0,C_benign,0.5,0,,1.5228162881651086e-05,0
2128,0,0.00014289263349184328,NCT01849068,Metabolic Syndrome X,ezetimibe,Phase 3,35.0,C_benign,0.5,0,,0.00014289263349184328,0
2129,0,0.0007642017280530594,NCT02004899,"Anesthetic, Sedative or Analgesic Complications in Labor or Delivery",fentanyl,Phase 3,35.0,C_benign,0.5,0,,0.0007642017280530594,0
2130,0,0.0018546594429337468,NCT01503515,Fungal Infection; Hematopoietic and Lymphoid Cell Neoplasm,fluconazole,Phase 3,85.0,A_tox_tolerated,0.65,0,,0.0018546594429337468,0
2131,0,0.003740690203392706,NCT01806623,Vulvovaginal Candidiasis,fluconazole,Phase 3,8.0,C_benign,0.5,0,,0.003740690203392706,0
2132,0,5.301906496070905e-05,NCT01825031,Human Immunodeficiency Virus,fluconazole,Phase 3,62.0,B_serious_chronic,0.6,0,,5.301906496070905e-05,0
2134,0,0.0002521283159340303,NCT01808651,Major Depressive Disorder,fluoxetine,Phase 3,42.0,B_serious_chronic,0.6,0,,0.0002521283159340303,0
2135,0,0.00034015165255873385,NCT01622569,nasal polyps,fluticasone propionate,Phase 3,10.0,C_benign,0.5,0,,0.00034015165255873385,0
2136,0,0.00010431713539255021,NCT01623310,chronic rhinosinusitis with nasal polyps,fluticasone propionate,Phase 3,18.0,C_benign,0.5,0,,0.00010431713539255021,0
2137,0,0.00010431713539255021,NCT01623323,chronic rhinosinusitis with nasal polyps,fluticasone propionate,Phase 3,18.0,C_benign,0.5,0,,0.00010431713539255021,0
2138,0,0.00034015165255873385,NCT01624662,nasal polyps,fluticasone propionate,Phase 3,10.0,C_benign,0.5,0,,0.00034015165255873385,0
2139,0,0.0008580871058293282,NCT03359057,contraception,folic acid,Phase 3,5.0,C_benign,0.5,0,,0.0008580871058293282,0
2140,0,0.00020232889632881588,NCT01870024,Status Epilepticus; Epilepsy,fosphenytoin,Phase 3,82.0,A_tox_tolerated,0.65,0,,0.00020232889632881588,0
2141,0,0.10256572727902832,NCT01942135,Metastatic Breast Cancer,fulvestrant,Phase 3,88.0,A_tox_tolerated,0.65,0,,0.10256572727902832,0
2142,0,3.377027531456761e-05,NCT01888497,Healthy,gabapentin,Phase 3,5.0,C_benign,0.5,0,,3.377027531456761e-05,0
2143,0,0.0005488075114099938,NCT01774721,NSCLC,gefitinib,Phase 3,88.0,A_tox_tolerated,0.65,0,,0.0005488075114099938,0
2145,0,9.393882985853906e-05,NCT01769378,Type 2 Diabetes,glimepiride,Phase 3,40.0,B_serious_chronic,0.6,0,,9.393882985853906e-05,0
2146,0,0.0004097917086829885,NCT03088670,"Diabetes Mellitus, Type 2",gosogliptin,Phase 3,40.0,B_serious_chronic,0.6,0,,0.0004097917086829885,0
2147,0,0.00012475913661405937,NCT01811459,Delirium,haloperidol,Phase 3,45.0,B_serious_chronic,0.6,0,,0.00012475913661405937,0
2148,0,0.0003702375235250653,NCT01862302,Postoperative Confusion,haloperidol,Phase 3,20.0,C_benign,0.5,0,,0.0003702375235250653,0
2149,0,0.0057124521366739315,NCT02714543,Oral SubMucous Fibrosis,hydrocortisone,Phase 3,40.0,B_serious_chronic,0.6,0,,0.0057124521366739315,0
2150,0,0.000811257022935616,NCT01949805,Polycythemia Vera,hydroxyurea,Phase 3,65.0,B_serious_chronic,0.6,0,,0.000811257022935616,0
2151,0,0.05128903865963249,NCT01722487,Chronic Lymphocytic Leukemia; Small Lymphocytic Lymphoma,ibrutinib,Phase 3,70.0,A_tox_tolerated,0.65,0,,0.05128903865963249,0
2152,0,0.030076073447313306,NCT01724346,Chronic Lymphocytic Leukemia,ibrutinib,Phase 3,70.0,A_tox_tolerated,0.65,0,,0.030076073447313306,0
2153,0,0.3798270705810845,NCT01776840,Cell Lymphoma,ibrutinib,Phase 3,85.0,A_tox_tolerated,0.65,0,,0.3798270705810845,0
2155,0,0.394207701791943,NCT01973387,Refractory Chronic Leukemia,ibrutinib,Phase 3,85.0,A_tox_tolerated,0.65,0,,0.394207701791943,0
2156,0,0.00022649444520646289,NCT01606319,Asthma; Wheezing,ibuprofen,Phase 3,40.0,B_serious_chronic,0.6,0,,0.00022649444520646289,0
2157,0,0.0039744325137782335,NCT01755728,PDA,ibuprofen,Phase 3,55.0,B_serious_chronic,0.6,0,,0.0039744325137782335,0
2158,0,0.001398330233708086,NCT01861535,cervical intraepithelial neoplasia,imiquimod,Phase 3,28.0,C_benign,0.5,0,,0.001398330233708086,0
2159,0,5.789396654315905e-05,NCT02120898,actinic keratosis,imiquimod,Phase 3,18.0,C_benign,0.5,0,,5.789396654315905e-05,0
2160,0,0.0001236024770932781,NCT01778062,COPD,indacaterol,Phase 3,60.0,B_serious_chronic,0.6,0,,0.0001236024770932781,0
2161,0,0.0024847965289187977,NCT01839084,Renal Function After Partial Nephrectomy,isoflurane,Phase 3,30.0,C_benign,0.5,0,,0.0024847965289187977,0
2162,0,5.707529854939923e-05,NCT01825031,Human Immunodeficiency Virus,isoniazid,Phase 3,62.0,B_serious_chronic,0.6,0,,5.707529854939923e-05,0
2163,0,0.04553628844009529,NCT01705145,cystic fibrosis,ivacaftor,Phase 3,68.0,B_serious_chronic,0.6,0,,0.04553628844009529,0
2164,0,0.05134566562310835,NCT01707290,cystic fibrosis,ivacaftor,Phase 3,68.0,B_serious_chronic,0.6,0,,0.05134566562310835,0
2165,0,0.008734424493347907,NCT01807923,cystic fibrosis,ivacaftor,Phase 3,68.0,B_serious_chronic,0.6,0,,0.008734424493347907,0
2166,0,0.008734424493347907,NCT01807949,cystic fibrosis,ivacaftor,Phase 3,68.0,B_serious_chronic,0.6,0,,0.008734424493347907,0
2167,0,0.05453117650323651,NCT01897233,cystic fibrosis,ivacaftor,Phase 3,68.0,B_serious_chronic,0.6,0,,0.05453117650323651,0
2168,0,0.008726629400754238,NCT01931839,cystic fibrosis,ivacaftor,Phase 3,68.0,B_serious_chronic,0.6,0,,0.008726629400754238,0
2169,0,0.05134566562310835,NCT01946412,cystic fibrosis,ivacaftor,Phase 3,68.0,B_serious_chronic,0.6,0,,0.05134566562310835,0
2170,0,0.0027255652243840414,NCT06310850,Epidural Catheterization; Thoracic; Procedural Pain,ketamine,Phase 3,10.0,C_benign,0.5,0,,0.0027255652243840414,0
2171,0,0.00010051532780330256,NCT01832038,epilepsy,lacosamide,Phase 3,58.0,B_serious_chronic,0.6,0,,0.00010051532780330256,0
2172,0,4.677785326833163e-05,NCT01921205,epilepsy,lacosamide,Phase 3,58.0,B_serious_chronic,0.6,0,,4.677785326833163e-05,0
2173,0,0.0005071590233733192,NCT01939561,Dystrophia Myotonica Type 1; Myotonia Congenita; Paramyotonia Congenita; Hyperkalemic Periodic Paralysis; Potassium-Aggravated Myotonia,lamotrigine,Phase 3,62.0,B_serious_chronic,0.6,0,,0.0005071590233733192,0
2174,0,3.414693898617142e-05,NCT01865110,Mantle Cell Lymphoma,lenalidomide,Phase 3,80.0,A_tox_tolerated,0.65,0,,3.414693898617142e-05,0
2175,0,3.2676973365528854e-05,NCT01938001,Follicular Lymphoma,lenalidomide,Phase 3,68.0,B_serious_chronic,0.6,0,,3.2676973365528854e-05,0
2176,0,0.01099062545261199,NCT01761266,Hepatocellular Carcinoma,lenvatinib,Phase 3,88.0,A_tox_tolerated,0.65,0,,0.01099062545261199,0
2177,0,0.0029285356157735497,NCT01808131,gout,lesinurad,Phase 3,18.0,C_benign,0.5,0,,0.0029285356157735497,0
2178,0,0.00023712126161790767,NCT01740427,Advanced Breast Cancer,letrozole,Phase 3,85.0,A_tox_tolerated,0.65,0,,0.00023712126161790767,0
2179,0,0.0001682340827091876,NCT02304107,Infertility,letrozole,Phase 3,8.0,C_benign,0.5,0,,0.0001682340827091876,0
2180,0,0.002068684347190971,NCT01392768,Epilepsy; Partial Seizures,levetiracetam,Phase 3,56.0,B_serious_chronic,0.6,0,,0.002068684347190971,0
2181,0,0.000625287558822643,NCT01954121,Epilepsy; Partial Seizures,levetiracetam,Phase 3,56.0,B_serious_chronic,0.6,0,,0.000625287558822643,0
2182,0,2.872893326919902e-05,NCT01944098,Postoperative Pain,lidocaine,Phase 3,8.0,C_benign,0.5,0,,2.872893326919902e-05,0
2183,0,6.077343416202879e-06,NCT01734785,Type 2 Diabetes,linagliptin,Phase 3,40.0,B_serious_chronic,0.6,0,,6.077343416202879e-06,0
2184,0,2.5212881764882486e-05,NCT02376075,Arterial Hypertension; Albuminuria,linagliptin,Phase 3,42.0,B_serious_chronic,0.6,0,,2.5212881764882486e-05,0
2185,0,0.00029490210380070196,NCT01967225,skin infection,linezolid,Phase 3,35.0,C_benign,0.5,0,,0.00029490210380070196,0
2186,0,5.716674039554255e-05,NCT01827293,Peripheral Vertigo.,lorazepam,Phase 3,15.0,C_benign,0.5,0,,5.716674039554255e-05,0
2188,0,0.004340701773161935,NCT01475643,cataract,loteprednol etabonate,Phase 3,10.0,C_benign,0.5,0,,0.004340701773161935,0
2189,0,7.699856106503089e-05,NCT01779271,Fever,loxoprofen,Phase 3,12.0,C_benign,0.5,0,,7.699856106503089e-05,0
2192,0,0.07983559540612843,NCT01897233,cystic fibrosis,lumacaftor,Phase 3,68.0,B_serious_chronic,0.6,0,,0.07983559540612843,0
2193,0,0.9509896137718113,NCT01841762,Pulmonary Arterial Hypertension,macitentan,Phase 3,80.0,A_tox_tolerated,0.65,0,,0.9509896137718113,0
2194,0,3.785459754678406e-05,NCT01916252,Multiple Myeloma,melphalan,Phase 3,82.0,A_tox_tolerated,0.65,1,cytotoxic_managed_toxicity,3.785459754678406e-05,1
2195,0,0.003131986716026172,NCT02078063,Insertion of Intrauterine Contraception,mepivacaine,Phase 3,5.0,C_benign,0.5,0,,0.003131986716026172,0
2196,0,0.0012311319229988895,NCT01677923,Obesity,metformin,Phase 3,35.0,C_benign,0.5,0,,0.0012311319229988895,0
2197,0,0.0037389585198333184,NCT01697566,Endometrial Cancer,metformin,Phase 3,72.0,A_tox_tolerated,0.65,0,,0.0037389585198333184,0
2200,0,0.005490188456365008,NCT01787396,Type 2 Diabetes Mellitus,metformin,Phase 3,40.0,B_serious_chronic,0.6,0,,0.005490188456365008,0
2201,0,0.00015802192746498355,NCT01808690,Type 1 Diabetes,metformin,Phase 3,55.0,B_serious_chronic,0.6,0,,0.00015802192746498355,0
2202,0,0.003800272283133178,NCT01825798,Overweight; Autism Spectrum Disorder,metformin,Phase 3,25.0,C_benign,0.5,0,,0.003800272283133178,0
2203,0,0.005645329253071902,NCT02033889,Type 2 Diabetes Mellitus,metformin,Phase 3,40.0,B_serious_chronic,0.6,0,,0.005645329253071902,0
2204,0,0.003800272283133178,NCT02514629,Hypogonadism; Obesity,metformin,Phase 3,30.0,C_benign,0.5,0,,0.003800272283133178,0
2205,0,0.0012252671091616439,NCT02773927,Metabolic Syndrome,metformin,Phase 3,35.0,C_benign,0.5,0,,0.0012252671091616439,0
2206,0,0.0012252671091616439,NCT02778776,Metabolic Syndrome,metformin,Phase 3,35.0,C_benign,0.5,0,,0.0012252671091616439,0
2207,0,0.0025998359749299675,NCT01958476,neonatal abstinence syndrome,methadone,Phase 3,40.0,B_serious_chronic,0.6,0,,0.0025998359749299675,0
2209,0,0.000604507889748136,NCT01829295,Uveitis,methotrexate,Phase 3,40.0,B_serious_chronic,0.6,1,cytotoxic_managed_toxicity,0.000604507889748136,1
2210,0,0.005222622635842647,NCT01884623,Neck Cancer,methotrexate,Phase 3,85.0,A_tox_tolerated,0.65,1,cytotoxic_managed_toxicity,0.005222622635842647,1
2211,0,5.7002792240080315e-05,NCT02902861,Psoriasis Vulgaris,methotrexate,Phase 3,45.0,B_serious_chronic,0.6,1,cytotoxic_managed_toxicity,5.7002792240080315e-05,1
2212,0,0.02866332864631026,NCT01579539,Thyroid-associated Ophthalmopathy; Dry Eye Syndrome,methylprednisolone,Phase 3,30.0,C_benign,0.5,0,,0.02866332864631026,0
2213,0,0.00032283023238716786,NCT01644643,Complicated Urinary Tract Infection; Complicated Intra-abdominal Infection,metronidazole,Phase 3,65.0,B_serious_chronic,0.6,0,,0.00032283023238716786,0
2214,0,0.0002676844346892682,NCT02328144,Hemorrhoids,metronidazole,Phase 3,8.0,C_benign,0.5,0,,0.0002676844346892682,0
2215,0,0.0005921876797023767,NCT01972841,Urinary Bladder Overactive; Urinary Bladder Diseases\Urologic Diseases; Overactive Bladder; Urgency Incontinence,mirabegron,Phase 3,18.0,C_benign,0.5,0,,0.0005921876797023767,0
2216,0,0.002354943055786692,NCT02476175,Overactive Bladder; Urinary Incontinence,mirabegron,Phase 3,18.0,C_benign,0.5,0,,0.002354943055786692,0
2217,0,0.0004205265532861143,NCT01801410,Pre-eclampsia; Fetus or Newborn; Effects of Induction of Labor,misoprostol,Phase 3,80.0,A_tox_tolerated,0.65,0,,0.0004205265532861143,0
2218,0,0.00031796489296836717,NCT02061657,uterine fibroids,misoprostol,Phase 3,15.0,C_benign,0.5,0,,0.00031796489296836717,0
2219,0,0.0055524152512682326,NCT01969838,Primary Myelofibrosis; Post-Polycythemia Vera Myelofibrosis; Post-Essential Thrombocythemia Myelofibrosis,momelotinib,Phase 3,78.0,A_tox_tolerated,0.65,0,,0.0055524152512682326,0
2220,0,0.0006127140570365691,NCT01968733,Community-acquired Bacterial Pneumonia,moxifloxacin,Phase 3,60.0,B_serious_chronic,0.6,0,,0.0006127140570365691,0
2221,0,0.03463142080250088,NCT02494505,Chronic Inflammatory Demyelinating Polyradiculopathy,mycophenolate mofetil,Phase 3,55.0,B_serious_chronic,0.6,0,,0.03463142080250088,0
2222,0,0.0026262922765936903,NCT01829295,Uveitis,mycophenolate mofetil,Phase 3,40.0,B_serious_chronic,0.6,1,cytotoxic_managed_toxicity,0.0026262922765936903,1
2223,0,0.007928771019756992,NCT01856712,Alcohol Dependence,naltrexone,Phase 3,40.0,B_serious_chronic,0.6,0,,0.007928771019756992,0
2224,0,1.5021117660025778e-05,NCT05170061,Hypertension,nebivolol,Phase 3,40.0,B_serious_chronic,0.6,0,,1.5021117660025778e-05,0
2225,0,0.11447769872230659,NCT01743989,Philadelphia Chromosome Positive (PH+) Chronic Myelogenous Leukemia in Chronic Phase (CML-CP),nilotinib,Phase 3,75.0,A_tox_tolerated,0.65,0,,0.11447769872230659,0
2226,0,0.05308937080360091,NCT01979952,Idiopathic Pulmonary Fibrosis,nintedanib,Phase 3,88.0,A_tox_tolerated,0.65,0,,0.05308937080360091,0
2227,0,3.757569074286752e-05,NCT01610245,Influenza,nitazoxanide,Phase 3,40.0,B_serious_chronic,0.6,0,,3.757569074286752e-05,0
2228,0,0.008265428814064241,NCT01924533,Advanced Gastric Cancer,olaparib,Phase 3,88.0,A_tox_tolerated,0.65,0,,0.008265428814064241,0
2229,0,0.012772768367492549,NCT01755156,Type 2 Diabetes Mellitus,omarigliptin,Phase 3,40.0,B_serious_chronic,0.6,0,,0.012772768367492549,0
2231,0,0.007331101790837953,NCT01841697,Type 2 Diabetes Mellitus,omarigliptin,Phase 3,40.0,B_serious_chronic,0.6,0,,0.007331101790837953,0
2232,0,0.004447181354733244,NCT01661101,Myocardial Injury After Noncardiac Surgery (MINS),omeprazole,Phase 3,65.0,B_serious_chronic,0.6,0,,0.004447181354733244,0
2233,0,0.0023502296509398577,NCT01855256,hyperhidrosis,oxybutynin,Phase 3,8.0,C_benign,0.5,0,,0.0023502296509398577,0
2234,0,0.0014205170657016972,NCT02538302,nocturnal enuresis,oxybutynin,Phase 3,8.0,C_benign,0.5,0,,0.0014205170657016972,0
2235,0,0.00019579781569523585,NCT02047734,Multiple Sclerosis,ozanimod,Phase 3,60.0,B_serious_chronic,0.6,0,,0.00019579781569523585,0
2236,0,0.0019998634457340605,NCT01763671,Advanced Lung Cancer,paclitaxel,Phase 3,90.0,A_tox_tolerated,0.65,1,cytotoxic_managed_toxicity,0.0019998634457340605,1
2237,0,0.03379420365803341,NCT01822314,Breast Cancer,paclitaxel,Phase 3,75.0,A_tox_tolerated,0.65,1,cytotoxic_managed_toxicity,0.03379420365803341,1
2238,0,0.001734143511607216,NCT01839773,Gastric Cancer,paclitaxel,Phase 3,85.0,A_tox_tolerated,0.65,1,cytotoxic_managed_toxicity,0.001734143511607216,1
2239,0,0.030123944063279607,NCT01901146,Breast Cancer,paclitaxel,Phase 3,75.0,A_tox_tolerated,0.65,1,cytotoxic_managed_toxicity,0.030123944063279607,1
2240,0,0.23299168964838907,NCT01940497,Breast Cancer,paclitaxel,Phase 3,75.0,A_tox_tolerated,0.65,1,cytotoxic_managed_toxicity,0.15,1
2241,0,0.646413140429791,NCT01966003,Lung Cancer,paclitaxel,Phase 3,90.0,A_tox_tolerated,0.65,1,cytotoxic_managed_toxicity,0.15,1
2242,0,0.9976309287592737,NCT02019277,Metastatic Breast Cancer,paclitaxel,Phase 3,88.0,A_tox_tolerated,0.65,1,cytotoxic_managed_toxicity,0.15,1
2243,0,0.004232966488144984,NCT02835586,Critical Ischemia,paclitaxel,Phase 3,80.0,A_tox_tolerated,0.65,1,cytotoxic_managed_toxicity,0.004232966488144984,1
2244,0,0.0005057324874267707,NCT01776424,Prevention & Control,pantoprazole,Phase 3,15.0,C_benign,0.5,0,,0.0005057324874267707,0
2245,0,0.006010561076065096,NCT01790659,cutaneous Leishmaniasis,paromomycin,Phase 3,30.0,C_benign,0.5,0,,0.006010561076065096,0
2247,0,1.9553124025336253e-05,NCT02222376,diabetic foot ulcer,pirfenidone,Phase 3,50.0,B_serious_chronic,0.6,0,,1.9553124025336253e-05,0
2248,0,0.0024136403933980423,NCT01800045,narcolepsy,pitolisant,Phase 3,18.0,C_benign,0.5,0,,0.0024136403933980423,0
2249,0,2.410689554157675e-05,NCT01767714,Non-Hodgkin's Lymphoma,plerixafor,Phase 3,82.0,A_tox_tolerated,0.65,0,,2.410689554157675e-05,0
2250,0,3.9169494907396766e-05,NCT01734928,Multiple Myeloma,pomalidomide,Phase 3,82.0,A_tox_tolerated,0.65,0,,3.9169494907396766e-05,0
2252,0,4.268558072781368e-05,NCT01641510,Acute Coronary Syndromes,prasugrel,Phase 3,80.0,A_tox_tolerated,0.65,0,,4.268558072781368e-05,0
2253,0,0.0016443807467209283,NCT01853072,Non-Proliferative Diabetic Retinopathy; Cataract,prednisolone acetate,Phase 3,25.0,C_benign,0.5,0,,0.0016443807467209283,0
2254,0,0.0016443807467209283,NCT01872611,Non-Proliferative Diabetic Retinopathy; Cataract,prednisolone acetate,Phase 3,25.0,C_benign,0.5,0,,0.0016443807467209283,0
2256,0,0.00016292170989779504,NCT01924286,Immune Reconstitution Inflammatory Syndrome; HIV; Tuberculosis,prednisone,Phase 3,80.0,A_tox_tolerated,0.65,0,,0.00016292170989779504,0
2257,0,0.0006902389379849479,NCT01942668,Menopause,progesterone,Phase 3,12.0,C_benign,0.5,0,,0.0006902389379849479,0
2258,0,0.0008358475084167844,NCT01827293,Peripheral Vertigo.,promethazine,Phase 3,15.0,C_benign,0.5,0,,0.0008358475084167844,0
2260,0,0.003094960178171214,NCT01856998,General Anesthesia; Elective Surgery,propofol,Phase 3,10.0,C_benign,0.5,0,,0.003094960178171214,0
2261,0,0.0010716736200203298,NCT01864915,Bowel Cleansing; Colon Capsule Completion Times,prucalopride,Phase 3,5.0,C_benign,0.5,0,,0.0010716736200203298,0
2262,0,0.0004864086943849965,NCT01811459,Delirium,quetiapine,Phase 3,45.0,B_serious_chronic,0.6,0,,0.0004864086943849965,0
2263,0,0.016573470800619855,NCT02563704,malaria,quinine,Phase 3,75.0,A_tox_tolerated,0.65,0,,0.016573470800619855,0
2264,0,0.023114305796667664,NCT02974348,Drug Resistant Malaria Due to Plasmodium Falciparum,quinine,Phase 3,85.0,A_tox_tolerated,0.65,0,,0.023114305796667664,0
2265,0,0.003171186735302899,NCT02135107,PPI Resistant Gastroesophageal Reflux Disease,rabeprazole,Phase 3,18.0,C_benign,0.5,0,,0.003171186735302899,0
2266,0,9.510502714420087e-05,NCT01825031,Human Immunodeficiency Virus,raltegravir,Phase 3,62.0,B_serious_chronic,0.6,0,,9.510502714420087e-05,0
2267,0,0.0014813289971309174,NCT01754259,"Diabetes, Type I; Diabetes, Type II; Angina; Coronary Artery Disease",ranolazine,Phase 3,62.0,B_serious_chronic,0.6,0,,0.0014813289971309174,0
2268,0,0.0002802577718233479,NCT01998165,Anesthesia,remifentanil,Phase 3,15.0,C_benign,0.5,0,,0.0002802577718233479,0
2269,0,1.774928371131661e-05,NCT01754974,hepatitis C virus infection,ribavirin,Phase 3,60.0,B_serious_chronic,0.6,0,,1.774928371131661e-05,0
2270,0,5.444074889137591e-05,NCT01833533,hepatitis C virus infection,ribavirin,Phase 3,60.0,B_serious_chronic,0.6,0,,5.444074889137591e-05,0
2271,0,0.00020891403651620704,NCT01854528,Treatment of Chronic Hepatitis C Infection,ribavirin,Phase 3,58.0,B_serious_chronic,0.6,0,,0.00020891403651620704,0
2272,0,1.8444880710747246e-05,NCT01854697,hepatitis C virus infection,ribavirin,Phase 3,60.0,B_serious_chronic,0.6,0,,1.8444880710747246e-05,0
2273,0,0.0011164862788535935,NCT01958021,Advanced Breast Cancer,ribociclib,Phase 3,85.0,A_tox_tolerated,0.65,0,,0.0011164862788535935,0
2274,0,5.6845392742728254e-05,NCT01709084,HIV-1 infection,rilpivirine,Phase 3,62.0,B_serious_chronic,0.6,0,,5.6845392742728254e-05,0
2275,0,0.005456455567489899,NCT01910402,"Infection, Human Immunodeficiency Virus; HIV Infections",ritonavir,Phase 3,62.0,B_serious_chronic,0.6,0,,0.005456455567489899,0
2276,0,0.00017264120283387637,NCT01431456,Venous Thromboembolism,rivaroxaban,Phase 3,75.0,A_tox_tolerated,0.65,0,,0.00017264120283387637,0
2280,0,0.00034146403421184216,NCT03013361,Functional Endoscopic Sinus Surgery (FESS),ropivacaine,Phase 3,12.0,C_benign,0.5,0,,0.00034146403421184216,0
2281,0,6.665318506279219e-05,NCT01887600,anemia of chronic kidney disease,roxadustat,Phase 3,48.0,B_serious_chronic,0.6,0,,6.665318506279219e-05,0
2283,0,0.00022663289399775326,NCT02030041,Dyslipidemias,simvastatin,Phase 3,38.0,C_benign,0.5,0,,0.00022663289399775326,0
2284,0,0.09594032096592704,NCT01652729,Type 2 Diabetes Mellitus,sitagliptin,Phase 3,40.0,B_serious_chronic,0.6,0,,0.09594032096592704,0
2285,0,0.005453305900772176,NCT01937598,Type 2 Diabetes,sitagliptin,Phase 3,40.0,B_serious_chronic,0.6,0,,0.005453305900772176,0
2286,0,0.0633670119189309,NCT02043054,Type 2 DIAbetes,sitagliptin,Phase 3,40.0,B_serious_chronic,0.6,0,,0.0633670119189309,0
2287,0,4.356455918197947e-05,NCT01783678,hepatitis C virus infection,sofosbuvir,Phase 3,60.0,B_serious_chronic,0.6,0,,4.356455918197947e-05,0
2288,0,0.00010865012468471307,NCT01910636,hepatitis C virus infection,sofosbuvir,Phase 3,60.0,B_serious_chronic,0.6,0,,0.00010865012468471307,0
2289,0,4.356455918197947e-05,NCT02021643,hepatitis C virus infection,sofosbuvir,Phase 3,60.0,B_serious_chronic,0.6,0,,4.356455918197947e-05,0
2291,0,0.10552876769534174,NCT01853553,autosomal dominant polycystic kidney disease,spironolactone,Phase 3,62.0,B_serious_chronic,0.6,0,,0.10552876769534174,0
2292,0,0.004626176526012888,NCT01994889,transthyretin amyloid cardiomyopathy,tafamidis,Phase 3,78.0,A_tox_tolerated,0.65,0,,0.004626176526012888,0
2293,0,0.00877625859687001,NCT01914432,Hyperlipidemia; Hypertension,telmisartan,Phase 3,42.0,B_serious_chronic,0.6,0,,0.00877625859687001,0
2294,0,0.0004972931930958861,NCT01961336,infertility,testosterone,Phase 3,10.0,C_benign,0.5,0,,0.0004972931930958861,0
2295,0,0.00015050033386187554,NCT01805596,Coronary Artery Disease; Endothelial Function,ticagrelor,Phase 3,60.0,B_serious_chronic,0.6,0,,0.00015050033386187554,0
2297,0,5.0171353712997014e-05,NCT01961856,Platelet Reactivity,ticagrelor,Phase 3,55.0,B_serious_chronic,0.6,0,,5.0171353712997014e-05,0
2298,0,2.2636571858364114e-05,NCT02163954,Chronic Kidney Disease,ticagrelor,Phase 3,60.0,B_serious_chronic,0.6,0,,2.2636571858364114e-05,0
2299,0,0.00012260464315798613,NCT01882439,Psoriatic Arthritis,tofacitinib,Phase 3,55.0,B_serious_chronic,0.6,0,,0.00012260464315798613,0
2300,0,0.005447648946696908,NCT01846611,Tube Cancer,trabectedin,Phase 3,82.0,A_tox_tolerated,0.65,1,cytotoxic_managed_toxicity,0.005447648946696908,1
2301,0,0.0023116742112689343,NCT01721031,Indwelling Urinary Catheter; Male Patients; General Anesthesia,tramadol,Phase 3,25.0,C_benign,0.5,0,,0.0023116742112689343,0
2302,0,6.195347932219966e-05,NCT01682083,positive Melanoma,trametinib,Phase 3,90.0,A_tox_tolerated,0.65,0,,6.195347932219966e-05,0
2304,0,0.0001542023059944758,NCT01881568,Blood Loss,tranexamic acid,Phase 3,40.0,B_serious_chronic,0.6,0,,0.0001542023059944758,0
2305,0,0.00019499662319577473,NCT02150720,Hip Fracture; Blood Loss,tranexamic acid,Phase 3,55.0,B_serious_chronic,0.6,0,,0.00019499662319577473,0
2306,0,0.007718438759629784,NCT01406080,photoaging,tretinoin,Phase 3,5.0,C_benign,0.5,0,,0.007718438759629784,0
2307,0,0.12437885784781119,NCT02249767,acne,tretinoin,Phase 3,8.0,C_benign,0.5,0,,0.12437885784781119,0
2308,0,0.00050121578086664,NCT02329600,oral lichen planus,triamcinolone acetonide,Phase 3,15.0,C_benign,0.5,0,,0.00050121578086664,0
2309,0,0.08051511390330975,NCT02005822,Congenital Cytomegalovirus Infection; Sensorineural Hearing Loss,valganciclovir,Phase 3,55.0,B_serious_chronic,0.6,0,,0.08051511390330975,0
2310,0,0.001992216155315907,NCT01983683,Clostridium Difficile Infection,vancomycin,Phase 3,55.0,B_serious_chronic,0.6,0,,0.001992216155315907,0
2311,0,8.083697874185633e-05,NCT01756885,Smoking Among Cancer,varenicline,Phase 3,30.0,C_benign,0.5,0,,8.083697874185633e-05,0
2312,0,0.0004796478414583759,NCT01689519,Metastatic Melanoma,vemurafenib,Phase 3,90.0,A_tox_tolerated,0.65,0,,0.0004796478414583759,0
2313,0,0.03804143151452464,NCT01844115,generalized anxiety disorder,vilazodone,Phase 3,18.0,C_benign,0.5,0,,0.03804143151452464,0
2314,0,0.00030196250553975174,NCT01878292,Major Depressive Disorder,vilazodone,Phase 3,42.0,B_serious_chronic,0.6,0,,0.00030196250553975174,0
2315,0,0.006165596041142569,NCT01871558,Type 2 Diabetes Mellitus (T2DM),vildagliptin,Phase 3,40.0,B_serious_chronic,0.6,0,,0.006165596041142569,0
2317,0,1.603499257412217e-05,NCT01911780,Hypertension,amlodipine,Phase 3,40.0,B_serious_chronic,0.6,0,,1.603499257412217e-05,0
2318,0,0.00595361551481607,NCT01929031,"Pain, Postoperative; Tooth Diseases",caffeine,Phase 3,8.0,C_benign,0.5,0,,0.00595361551481607,0
2319,0,0.016701321062368067,NCT01805596,Coronary Artery Disease; Endothelial Function,clopidogrel,Phase 3,60.0,B_serious_chronic,0.6,0,,0.016701321062368067,0
2320,0,0.0027628790354664694,NCT01895777,Venous Thromboembolism,dabigatran etexilate,Phase 3,75.0,A_tox_tolerated,0.65,0,,0.0027628790354664694,0
2321,0,0.012176878841651893,NCT01762761,purpura,eltrombopag,Phase 3,40.0,B_serious_chronic,0.6,0,,0.012176878841651893,0
2322,0,0.00023449702250398055,NCT02949193,Diabetes,evogliptin,Phase 3,40.0,B_serious_chronic,0.6,0,,0.00023449702250398055,0
2324,0,0.01805544032064676,NCT01986361,acute pharyngitis,flurbiprofen,Phase 3,10.0,C_benign,0.5,0,,0.01805544032064676,0
2327,0,0.00213479345397665,NCT01929031,"Pain, Postoperative; Tooth Diseases",ibuprofen,Phase 3,8.0,C_benign,0.5,0,,0.00213479345397665,0
2328,0,0.0029285356157735497,NCT01808144,gout,lesinurad,Phase 3,18.0,C_benign,0.5,0,,0.0029285356157735497,0
2329,0,0.0048290725208933565,NCT01814553,"Carcinoma, Non-Small-Cell Lung",loperamide,Phase 3,90.0,A_tox_tolerated,0.65,0,,0.0048290725208933565,0
2330,0,5.448743870463098e-05,NCT02147548,Healthy Volunteers,lorazepam,Phase 3,5.0,C_benign,0.5,0,,5.448743870463098e-05,0
2331,0,0.00139470045109765,NCT01700959,Cancer Malignancies,melatonin,Phase 3,85.0,A_tox_tolerated,0.65,0,,0.00139470045109765,0
2332,0,0.0017860593955611333,NCT01871415,Type 2 Diabetes Mellitus,metformin,Phase 3,40.0,B_serious_chronic,0.6,0,,0.0017860593955611333,0
2333,0,1.1882967255815127e-05,NCT01871649,Psoriatic Arthritis,methotrexate,Phase 3,55.0,B_serious_chronic,0.6,1,cytotoxic_managed_toxicity,1.1882967255815127e-05,1
2334,0,0.0006994172171342712,NCT01995201,Rheumatoid Arthritis,methotrexate,Phase 3,58.0,B_serious_chronic,0.6,1,cytotoxic_managed_toxicity,0.0006994172171342712,1
2335,0,0.0008960122626361789,NCT01974024,Dexamethasone-induced Hiccup in Chemotherapy,methylprednisolone,Phase 3,8.0,C_benign,0.5,0,,0.0008960122626361789,0
2336,0,5.436435366519344e-05,NCT02135510,solid tumor,metoclopramide,Phase 3,85.0,A_tox_tolerated,0.65,0,,5.436435366519344e-05,0
2337,0,0.002354943055786692,NCT02468830,Overactive Bladder; Urinary Incontinence,mirabegron,Phase 3,18.0,C_benign,0.5,0,,0.002354943055786692,0
2338,0,0.0005616866677133593,NCT02086994,Pre-eclampsia,misoprostol,Phase 3,80.0,A_tox_tolerated,0.65,0,,0.0005616866677133593,0
2339,0,0.9375580753157211,NCT01808573,Metastatic Breast Cancer,neratinib,Phase 3,88.0,A_tox_tolerated,0.65,0,,0.9375580753157211,0
2340,0,3.971808582306924e-05,NCT01531114,Diabetes Mellitus,prasugrel,Phase 3,42.0,B_serious_chronic,0.6,0,,3.971808582306924e-05,0
2341,0,0.25105152487730287,NCT01729871,Atrial Fibrillation,rivaroxaban,Phase 3,45.0,B_serious_chronic,0.6,0,,0.25105152487730287,0
2342,0,0.003024422852297774,NCT01455870,Type 2 Diabetes,sitagliptin,Phase 3,40.0,B_serious_chronic,0.6,0,,0.003024422852297774,0
2343,0,0.003023035962635115,NCT01930188,Type 2 Diabetes,sitagliptin,Phase 3,40.0,B_serious_chronic,0.6,0,,0.003023035962635115,0
2344,0,3.078092700113815e-05,NCT01767519,overactive bladder,solifenacin,Phase 3,15.0,C_benign,0.5,0,,3.078092700113815e-05,0
2345,0,0.8002633274817829,NCT01945775,Metastatic Breast Cancer,talazoparib,Phase 3,88.0,A_tox_tolerated,0.65,0,,0.8002633274817829,0
2346,0,0.00013771783817589778,NCT01573442,breast cancer,testosterone,Phase 3,80.0,A_tox_tolerated,0.65,0,,0.00013771783817589778,0
2347,0,2.3105158404965966e-05,NCT01531114,Diabetes Mellitus,ticagrelor,Phase 3,42.0,B_serious_chronic,0.6,0,,2.3105158404965966e-05,0
2348,0,7.593373142692579e-05,NCT01964352,Chronic Obstructive Pulmonary Disease,tiotropium,Phase 3,60.0,B_serious_chronic,0.6,0,,7.593373142692579e-05,0
2349,0,8.12725505141283e-05,NCT01969721,COPD,tiotropium,Phase 3,60.0,B_serious_chronic,0.6,0,,8.12725505141283e-05,0
2350,0,7.593373142692579e-05,NCT02006732,Chronic Obstructive Pulmonary Disease,tiotropium,Phase 3,60.0,B_serious_chronic,0.6,0,,7.593373142692579e-05,0
2351,0,0.005826274632503706,NCT01909453,Mutant Melanoma,vemurafenib,Phase 3,82.0,A_tox_tolerated,0.65,0,,0.005826274632503706,0
2352,0,0.0005308723520718814,NCT01352715,HIV-1 infection,abacavir,Phase 3,62.0,B_serious_chronic,0.6,0,,0.0005308723520718814,0
2353,0,0.10234173727012945,NCT01517802,Metastatic Castration-resistant Prostate Cancer; Metastatic Breast Cancer,abiraterone acetate,Phase 3,90.0,A_tox_tolerated,0.65,0,,0.10234173727012945,0
2354,0,0.8074463119586988,NCT01695135,Prostate Cancer,abiraterone acetate,Phase 3,72.0,A_tox_tolerated,0.65,0,,0.8074463119586988,0
2355,0,0.0007094443701252046,NCT01605136,erythropoietic protoporphyria,afamelanotide,Phase 3,30.0,C_benign,0.5,0,,0.0007094443701252046,0
2356,0,9.105446986164816e-05,NCT01345682,Cell Cancer,afatinib,Phase 3,85.0,A_tox_tolerated,0.65,0,,9.105446986164816e-05,0
2358,0,0.0017281019359729846,NCT03238131,onchocerciasis,albendazole,Phase 3,45.0,B_serious_chronic,0.6,0,,0.0017281019359729846,0
2359,0,0.0006648631148030775,NCT01724528,Tumor Lysis Syndrome,allopurinol,Phase 3,80.0,A_tox_tolerated,0.65,0,,0.0006648631148030775,0
2360,0,5.033285833200753e-05,NCT01987570,ankle sprain,allopurinol,Phase 3,5.0,C_benign,0.5,0,,5.033285833200753e-05,0
2361,0,0.00027182124160379827,NCT01521962,Diabetes Mellitus,alogliptin,Phase 3,42.0,B_serious_chronic,0.6,0,,0.00027182124160379827,0
2362,0,0.00045400254647304917,NCT01395199,Thalassemia; Iron Overload,amlodipine,Phase 3,60.0,B_serious_chronic,0.6,0,,0.00045400254647304917,0
2363,0,1.5480657870109345e-05,NCT01663233,Essential Hypertension,amlodipine,Phase 3,40.0,B_serious_chronic,0.6,0,,1.5480657870109345e-05,0
2364,0,0.0015783551893415425,NCT01690299,psoriasis,apremilast,Phase 3,25.0,C_benign,0.5,0,,0.0015783551893415425,0
2365,0,0.0008177300099211106,NCT00764478,bipolar disorder,asenapine,Phase 3,52.0,B_serious_chronic,0.6,0,,0.0008177300099211106,0
2366,0,5.624660398358869e-05,NCT01617187,Schizophrenia,asenapine,Phase 3,62.0,B_serious_chronic,0.6,0,,5.624660398358869e-05,0
2367,0,0.0002070576414417526,NCT01617200,Schizophrenia,asenapine,Phase 3,62.0,B_serious_chronic,0.6,0,,0.0002070576414417526,0
2368,0,0.0008822014852613826,NCT01573351,hepatitis C virus infection,asunaprevir,Phase 3,60.0,B_serious_chronic,0.6,0,,0.0008822014852613826,0
2369,0,0.00017130193692414163,NCT01718145,hepatitis C virus infection,asunaprevir,Phase 3,60.0,B_serious_chronic,0.6,0,,0.00017130193692414163,0
2370,0,0.04036213377813732,NCT01557400,Duchenne Muscular Dystrophy; Becker Muscular Dystrophy; Dystrophinopathy,ataluren,Phase 3,80.0,A_tox_tolerated,0.65,0,,0.04036213377813732,0
2371,0,0.2839558201210076,NCT01543555,Myocardial Infarction; Peripheral Vascular Disease; Aortic Aneurism,atorvastatin,Phase 3,82.0,A_tox_tolerated,0.65,0,,0.2839558201210076,0
2372,0,0.0014835951905536819,NCT01820767,Chronic Kidney Disease,atorvastatin,Phase 3,60.0,B_serious_chronic,0.6,0,,0.0014835951905536819,0
2373,0,0.0637898816460681,NCT02355704,Renal Insufficiency,atorvastatin,Phase 3,55.0,B_serious_chronic,0.6,0,,0.0637898816460681,0
2374,0,8.657964539485454e-05,NCT01727193,Myasthenia Gravis,azathioprine,Phase 3,58.0,B_serious_chronic,0.6,0,,8.657964539485454e-05,0
2376,0,0.000117773025864082,NCT01710358,Rheumatoid Arthritis,baricitinib,Phase 3,58.0,B_serious_chronic,0.6,0,,0.000117773025864082,0
2377,0,0.00012132078956204096,NCT01711359,Rheumatoid Arthritis,baricitinib,Phase 3,58.0,B_serious_chronic,0.6,0,,0.00012132078956204096,0
2378,0,0.0001907866692246814,NCT01721057,Rheumatoid Arthritis,baricitinib,Phase 3,58.0,B_serious_chronic,0.6,0,,0.0001907866692246814,0
2380,0,0.0004580467605095961,NCT01583218,venous thromboembolism,betrixaban,Phase 3,72.0,A_tox_tolerated,0.65,0,,0.0004580467605095961,0
2382,0,4.259249129651554e-05,NCT01516424,Schizophrenia,blonanserin,Phase 3,62.0,B_serious_chronic,0.6,0,,4.259249129651554e-05,0
2383,0,0.00011710261085035346,NCT01544920,hepatitis C virus infection,boceprevir,Phase 3,60.0,B_serious_chronic,0.6,0,,0.00011710261085035346,0
2384,0,0.0004815337440201211,NCT01585584,hepatitis C virus infection,boceprevir,Phase 3,60.0,B_serious_chronic,0.6,0,,0.0004815337440201211,0
2385,0,5.5351042613483535e-05,NCT01668797,schizophrenia,brexpiprazole,Phase 3,55.0,B_serious_chronic,0.6,0,,5.5351042613483535e-05,0
2386,0,3.0409659662226224e-05,NCT01727726,Major Depressive Disorder,brexpiprazole,Phase 3,42.0,B_serious_chronic,0.6,0,,3.0409659662226224e-05,0
2387,0,6.819510943669145e-05,NCT01653262,epilepsy,brivaracetam,Phase 3,58.0,B_serious_chronic,0.6,0,,6.819510943669145e-05,0
2388,0,6.819510943669145e-05,NCT01728077,epilepsy,brivaracetam,Phase 3,58.0,B_serious_chronic,0.6,0,,6.819510943669145e-05,0
2389,0,0.015208364862617216,NCT01939314,Headache,bupivacaine,Phase 3,12.0,C_benign,0.5,0,,0.015208364862617216,0
2390,0,0.0002550290816853636,NCT01633944,Low back pain,buprenorphine,Phase 3,18.0,C_benign,0.5,0,,0.0002550290816853636,0
2391,0,0.0002550290816853636,NCT01675167,Low back pain,buprenorphine,Phase 3,18.0,C_benign,0.5,0,,0.0002550290816853636,0
2392,0,0.012087924220257324,NCT01535859,Prevention of Ovarian Hyperstimulation Syndrome,cabergoline,Phase 3,50.0,B_serious_chronic,0.6,0,,0.012087924220257324,0
2393,0,0.5863889147495466,NCT01718873,Metastatic Colorectal Cancer,capecitabine,Phase 3,90.0,A_tox_tolerated,0.65,1,cytotoxic_managed_toxicity,0.15,1
2394,0,0.005181762240304945,NCT01804790,Advanced Rectal Cancer,capecitabine,Phase 3,85.0,A_tox_tolerated,0.65,1,cytotoxic_managed_toxicity,0.005181762240304945,1
2396,0,0.0003592760230394103,NCT01499277,Complicated Skin and Soft Tissue Infection,ceftaroline fosamil,Phase 3,50.0,B_serious_chronic,0.6,0,,0.0003592760230394103,0
2397,0,0.004494337297630151,NCT01543685,Other Acute Postoperative Pain,celecoxib,Phase 3,8.0,C_benign,0.5,0,,0.004494337297630151,0
2398,0,0.015601697300180517,NCT01378286,Malaria,chloroquine,Phase 3,65.0,B_serious_chronic,0.6,0,,0.015601697300180517,0
2399,0,0.015601697300180517,NCT01443130,Malaria,chloroquine,Phase 3,65.0,B_serious_chronic,0.6,0,,0.015601697300180517,0
2400,0,0.015092318494834087,NCT01640574,Vivax Malaria,chloroquine,Phase 3,60.0,B_serious_chronic,0.6,0,,0.015092318494834087,0
2401,0,0.0007818468605227359,NCT01559012,hyperemesis gravidarum,clonidine,Phase 3,35.0,C_benign,0.5,0,,0.0007818468605227359,0
2402,0,0.001087977045005502,NCT01543932,Coronary Artery Disease,clopidogrel,Phase 3,65.0,B_serious_chronic,0.6,0,,0.001087977045005502,0
2403,0,0.0005886745885867404,NCT01626534,Acute Coronary Syndrome,clopidogrel,Phase 3,80.0,A_tox_tolerated,0.65,0,,0.0005886745885867404,0
2404,0,0.015312405881066499,NCT01790997,Acute Ischemic Stroke,clopidogrel,Phase 3,80.0,A_tox_tolerated,0.65,0,,0.015312405881066499,0
2405,0,0.0008268901306092213,NCT03021343,arrhythmia,colchicine,Phase 3,62.0,B_serious_chronic,0.6,0,,0.0008268901306092213,0
2406,0,0.25073991364748616,NCT01639001,Lung Cancer,crizotinib,Phase 3,90.0,A_tox_tolerated,0.65,0,,0.25073991364748616,0
2407,0,0.00014778725775327762,NCT01492426,hepatitis C virus infection,daclatasvir,Phase 3,60.0,B_serious_chronic,0.6,0,,0.00014778725775327762,0
2408,0,0.000284463927081516,NCT01573351,hepatitis C virus infection,daclatasvir,Phase 3,60.0,B_serious_chronic,0.6,0,,0.000284463927081516,0
2409,0,0.00016172338274505864,NCT01616524,hepatitis C virus infection,daclatasvir,Phase 3,60.0,B_serious_chronic,0.6,0,,0.00016172338274505864,0
2410,0,8.6034896807724e-05,NCT01718145,hepatitis C virus infection,daclatasvir,Phase 3,60.0,B_serious_chronic,0.6,0,,8.6034896807724e-05,0
2411,0,2.234256586357865e-05,NCT01606007,Type 2 Diabetes,dapagliflozin,Phase 3,40.0,B_serious_chronic,0.6,0,,2.234256586357865e-05,0
2412,0,3.41423878417507e-05,NCT01619059,Type 2 Diabetes,dapagliflozin,Phase 3,40.0,B_serious_chronic,0.6,0,,3.41423878417507e-05,0
2413,0,3.41423878417507e-05,NCT01646320,Type 2 Diabetes,dapagliflozin,Phase 3,40.0,B_serious_chronic,0.6,0,,3.41423878417507e-05,0
2414,0,0.0007767115067637392,NCT01265550,gastroesophageal reflux disease,desipramine,Phase 3,15.0,C_benign,0.5,0,,0.0007767115067637392,0
2415,0,1.0664765731578522e-05,NCT01568866,Multiple Myeloma,dexamethasone,Phase 3,82.0,A_tox_tolerated,0.65,0,,1.0664765731578522e-05,0
2416,0,2.813671571141564e-05,NCT01734044,Purpura; Idiopathic Thrombocytopenic Purpura,dexamethasone,Phase 3,50.0,B_serious_chronic,0.6,0,,2.813671571141564e-05,0
2417,0,1.4171227377067213e-05,NCT02351622,Immune Thrombocytopenia,dexamethasone,Phase 3,50.0,B_serious_chronic,0.6,0,,1.4171227377067213e-05,0
2418,0,0.001368545967206075,NCT01510912,Osteoarthritis,diclofenac,Phase 3,25.0,C_benign,0.5,0,,0.001368545967206075,0
2419,0,0.002729484367993103,NCT01532882,chronic venous disease,diosmin,Phase 3,18.0,C_benign,0.5,0,,0.002729484367993103,0
2420,0,0.00018725404276472214,NCT01499199,infection,dolutegravir,Phase 3,60.0,B_serious_chronic,0.6,0,,0.00018725404276472214,0
2421,0,0.31049014606166186,NCT01621191,Fibromyalgia,duloxetine,Phase 3,18.0,C_benign,0.5,0,,0.31049014606166186,0
2422,0,0.0003337656665670364,NCT01516060,HIV infection,efavirenz,Phase 3,62.0,B_serious_chronic,0.6,0,,0.0003337656665670364,0
2423,0,0.0003620023934987891,NCT01520909,immune thrombocytopenia,eltrombopag,Phase 3,50.0,B_serious_chronic,0.6,0,,0.0003620023934987891,0
2424,0,0.00020633500685113553,NCT01621204,immune thrombocytopenia,eltrombopag,Phase 3,50.0,B_serious_chronic,0.6,0,,0.00020633500685113553,0
2425,0,0.0007269893398230952,NCT01553591,irritable bowel syndrome,eluxadoline,Phase 3,15.0,C_benign,0.5,0,,0.0007269893398230952,0
2426,0,0.0007269893398230952,NCT01553747,irritable bowel syndrome,eluxadoline,Phase 3,15.0,C_benign,0.5,0,,0.0007269893398230952,0
2427,0,0.00034510005350919153,NCT01586442,Type 2 Diabetes,eplerenone,Phase 3,40.0,B_serious_chronic,0.6,0,,0.00034510005350919153,0
2428,0,0.0003674915270930752,NCT01631227,Essential Hypertension,eprosartan,Phase 3,40.0,B_serious_chronic,0.6,0,,0.0003674915270930752,0
2429,0,1.5281999820966333e-05,NCT01644188,Hypercholesterolemia,ezetimibe,Phase 3,38.0,C_benign,0.5,0,,1.5281999820966333e-05,0
2430,0,1.5281999820966333e-05,NCT01644474,Hypercholesterolemia,ezetimibe,Phase 3,38.0,C_benign,0.5,0,,1.5281999820966333e-05,0
2431,0,1.5281999820966333e-05,NCT01730053,Hypercholesterolemia,ezetimibe,Phase 3,38.0,C_benign,0.5,0,,1.5281999820966333e-05,0
2432,0,0.000289272822642995,NCT01281007,genital herpes,famciclovir,Phase 3,12.0,C_benign,0.5,0,,0.000289272822642995,0
2433,0,0.0002889496249564686,NCT01327144,Herpes Zoster,famciclovir,Phase 3,22.0,C_benign,0.5,0,,0.0002889496249564686,0
2434,0,0.00043343767907684375,NCT01497262,Multiple Sclerosis,fingolimod,Phase 3,60.0,B_serious_chronic,0.6,0,,0.00043343767907684375,0
2435,0,0.0015291520780844052,NCT01625182,chronic inflammatory demyelinating polyradiculoneuropathy,fingolimod,Phase 3,55.0,B_serious_chronic,0.6,0,,0.0015291520780844052,0
2436,0,2.928382752942605e-05,NCT01691885,chronic obstructive pulmonary disease,fluticasone furoate,Phase 3,60.0,B_serious_chronic,0.6,0,,2.928382752942605e-05,0
2437,0,0.0004754638142093205,NCT01622231,rhinitis,fluticasone furoate,Phase 3,8.0,C_benign,0.5,0,,0.0004754638142093205,0
2438,0,2.6087588308530566e-05,NCT01630135,perennial allergic rhinitis,fluticasone furoate,Phase 3,8.0,C_benign,0.5,0,,2.6087588308530566e-05,0
2439,0,5.1448972968963406e-05,NCT01817790,allergic rhinitis,fluticasone propionate,Phase 3,8.0,C_benign,0.5,0,,5.1448972968963406e-05,0
2440,0,5.80041740173906e-05,NCT01857583,venous thromboembolism,fondaparinux,Phase 3,72.0,A_tox_tolerated,0.65,0,,5.80041740173906e-05,0
2441,0,0.17140917367352193,NCT01610284,Metastatic Breast Cancer,fulvestrant,Phase 3,88.0,A_tox_tolerated,0.65,0,,0.17140917367352193,0
2442,0,0.00010647474823728979,NCT01459809,Type 2 Diabetes,glimepiride,Phase 3,40.0,B_serious_chronic,0.6,0,,0.00010647474823728979,0
2444,0,0.0029172995207600695,NCT01526135,Pancreatic Adenocarcinoma (Ductal Adenocarcinoma),gemcitabine,Phase 3,95.0,A_tox_tolerated,0.65,1,cytotoxic_managed_toxicity,0.0029172995207600695,1
2445,0,0.002989159590031693,NCT01631136,Maintenance Therapies in Advanced Non Small Cell Lung Cancer,gemcitabine,Phase 3,90.0,A_tox_tolerated,0.65,1,cytotoxic_managed_toxicity,0.002989159590031693,1
2446,0,0.0024694454782440115,NCT01746979,Metastatic or Locally Advanced Unresectable Pancreatic Adenocarcinoma,gemcitabine,Phase 3,95.0,A_tox_tolerated,0.65,1,cytotoxic_managed_toxicity,0.0024694454782440115,1
2447,0,0.0002389931432495258,NCT01585792,Diabetic Patients,glimepiride,Phase 3,40.0,B_serious_chronic,0.6,0,,0.0002389931432495258,0
2448,0,5.001740006753831e-05,NCT01644500,Type 2 Diabetes Mellitus,glimepiride,Phase 3,40.0,B_serious_chronic,0.6,0,,5.001740006753831e-05,0
2450,0,7.153305065156707e-05,NCT01536392,Vaginal Cancer,granisetron,Phase 3,82.0,A_tox_tolerated,0.65,0,,7.153305065156707e-05,0
2451,0,0.0003702375235250653,NCT01750541,Psychomotor Agitation,haloperidol,Phase 3,35.0,C_benign,0.5,0,,0.0003702375235250653,0
2452,0,3.4560490281582186e-05,NCT01538875,preeclampsia,hydralazine,Phase 3,75.0,A_tox_tolerated,0.65,0,,3.4560490281582186e-05,0
2453,0,0.007683881841688953,NCT01611090,Chronic Lymphocytic Leukemia,ibrutinib,Phase 3,70.0,A_tox_tolerated,0.65,0,,0.007683881841688953,0
2454,0,0.3905065887361983,NCT01646021,Cell Lymphoma,ibrutinib,Phase 3,85.0,A_tox_tolerated,0.65,0,,0.3905065887361983,0
2455,0,0.00014620511292962602,NCT01562717,Pain,ibuprofen,Phase 3,15.0,C_benign,0.5,0,,0.00014620511292962602,0
2456,0,0.00014620511292962602,NCT01563289,Pain,ibuprofen,Phase 3,15.0,C_benign,0.5,0,,0.00014620511292962602,0
2457,0,0.0011291312054075467,NCT01567072,Forearm Fracture,ibuprofen,Phase 3,12.0,C_benign,0.5,0,,0.0011291312054075467,0
2458,0,0.0030157932592272093,NCT01630278,Patent Ductus Arteriosus,ibuprofen,Phase 3,55.0,B_serious_chronic,0.6,0,,0.0030157932592272093,0
2459,0,0.00293528732551888,NCT02441530,Primary Dysmenorrhoea,ibuprofen,Phase 3,12.0,C_benign,0.5,0,,0.00293528732551888,0
2460,0,0.017050416570184846,NCT01539512,Previously Treated Chronic Lymphocytic Leukemia,idelalisib,Phase 3,72.0,A_tox_tolerated,0.65,0,,0.017050416570184846,0
2461,0,0.04495728115154757,NCT01569295,Previously Treated Chronic Lymphocytic Leukemia,idelalisib,Phase 3,72.0,A_tox_tolerated,0.65,0,,0.04495728115154757,0
2463,0,0.008734424493347907,NCT01614470,cystic fibrosis,ivacaftor,Phase 3,68.0,B_serious_chronic,0.6,0,,0.008734424493347907,0
2465,0,7.757208008408183e-05,NCT01465997,epilepsy,lacosamide,Phase 3,58.0,B_serious_chronic,0.6,0,,7.757208008408183e-05,0
2466,0,3.1939880779155665e-05,NCT01352715,HIV-1 infection,lamivudine,Phase 3,62.0,B_serious_chronic,0.6,0,,3.1939880779155665e-05,0
2467,0,9.812399024308215e-05,NCT01580202,chronic hepatitis B virus infection,lamivudine,Phase 3,62.0,B_serious_chronic,0.6,0,,9.812399024308215e-05,0
2469,0,0.007677578690636695,NCT01456247,Gastric Ulcers; Duodenal Ulcers,lansoprazole,Phase 3,30.0,C_benign,0.5,0,,0.007677578690636695,0
2470,0,0.0032622386807112254,NCT01727193,Myasthenia Gravis,leflunomide,Phase 3,58.0,B_serious_chronic,0.6,0,,0.0032622386807112254,0
2471,0,3.256713272970412e-05,NCT01650701,Follicular Lymphoma,lenalidomide,Phase 3,68.0,B_serious_chronic,0.6,0,,3.256713272970412e-05,0
2472,0,0.003765530793498204,NCT01510158,gout,lesinurad,Phase 3,18.0,C_benign,0.5,0,,0.003765530793498204,0
2473,0,0.0027693699714398602,NCT01510769,gout,lesinurad,Phase 3,18.0,C_benign,0.5,0,,0.0027693699714398602,0
2474,0,0.0018874442086688568,NCT01563081,rhinitis,levocetirizine,Phase 3,8.0,C_benign,0.5,0,,0.0018874442086688568,0
2475,0,5.151291317935967e-05,NCT01640535,perennial allergic rhinitis,levocetirizine,Phase 3,8.0,C_benign,0.5,0,,5.151291317935967e-05,0
2476,0,3.214853767077558e-05,NCT01401647,cardiac arrest,lidocaine,Phase 3,95.0,A_tox_tolerated,0.65,0,,3.214853767077558e-05,0
2477,0,2.894261650963989e-05,NCT01694134,Low back pain,lidocaine,Phase 3,18.0,C_benign,0.5,0,,2.894261650963989e-05,0
2478,0,0.0010104077646670637,NCT01708330,Nonviable pregnancy,lidocaine,Phase 3,40.0,B_serious_chronic,0.6,0,,0.0010104077646670637,0
2479,0,0.018694483057693338,NCT01636206,dry eye syndrome,lifitegrast,Phase 3,8.0,C_benign,0.5,0,,0.018694483057693338,0
2480,0,0.018694483057693338,NCT01743729,dry eye syndrome,lifitegrast,Phase 3,8.0,C_benign,0.5,0,,0.018694483057693338,0
2481,0,4.63471120704873e-06,NCT01835678,Type 2 Diabetes,linagliptin,Phase 3,40.0,B_serious_chronic,0.6,0,,4.63471120704873e-06,0
2482,0,0.0015048664608744598,NCT01901003,Perioperative Anxiety,lorazepam,Phase 3,8.0,C_benign,0.5,0,,0.0015048664608744598,0
2483,0,0.0015581012018703031,NCT01674530,chronic idiopathic constipation,lubiprostone,Phase 3,12.0,C_benign,0.5,0,,0.0015581012018703031,0
2484,0,0.00023072842488885558,NCT01459809,Type 2 Diabetes,metformin,Phase 3,40.0,B_serious_chronic,0.6,0,,0.00023072842488885558,0
2485,0,0.0013854659420032961,NCT01566474,Barrett's Esophagus,melatonin,Phase 3,30.0,C_benign,0.5,0,,0.0013854659420032961,0
2486,0,0.006008888724403171,NCT01705639,Diabetes; Glucose Tolerance,melatonin,Phase 3,38.0,C_benign,0.5,0,,0.006008888724403171,0
2487,0,0.00011972975869891834,NCT02706054,Low Back Pain,meloxicam,Phase 3,18.0,C_benign,0.5,0,,0.00011972975869891834,0
2488,0,0.013510407102889635,NCT01292031,Ventilator-associated Bacterial Pneumonia,meropenem,Phase 3,82.0,A_tox_tolerated,0.65,0,,0.013510407102889635,0
2489,0,0.0002792656358296153,NCT01551394,Sepsis,meropenem,Phase 3,82.0,A_tox_tolerated,0.65,0,,0.0002792656358296153,0
2490,0,0.0017968254252161483,NCT01517412,Type 2 Diabetes Mellitus,metformin,Phase 3,40.0,B_serious_chronic,0.6,0,,0.0017968254252161483,0
2491,0,0.006032944795388287,NCT01545388,Type 2 Diabetes Mellitus,metformin,Phase 3,40.0,B_serious_chronic,0.6,0,,0.006032944795388287,0
2492,0,8.574752180939808e-05,NCT01624259,Type 2 Diabetes,metformin,Phase 3,40.0,B_serious_chronic,0.6,0,,8.574752180939808e-05,0
2493,0,0.0017968254252161483,NCT01648582,Type 2 Diabetes Mellitus,metformin,Phase 3,40.0,B_serious_chronic,0.6,0,,0.0017968254252161483,0
2494,0,0.021435460262177283,NCT01702298,Type 2 Diabetes Mellitus,metformin,Phase 3,40.0,B_serious_chronic,0.6,0,,0.021435460262177283,0
2495,0,0.002930023316438947,NCT01792830,Poor Glycemic Control,metformin,Phase 3,40.0,B_serious_chronic,0.6,0,,0.002930023316438947,0
2496,0,6.848437224258591e-05,NCT01915550,Diabetes Mellitus,metformin,Phase 3,42.0,B_serious_chronic,0.6,0,,6.848437224258591e-05,0
2497,0,0.023171169313634894,NCT01793480,of Cancer,methadone,Phase 3,85.0,A_tox_tolerated,0.65,0,,0.023171169313634894,0
2499,0,0.0001400745322262695,NCT02222220,sialorrhea,metoclopramide,Phase 3,10.0,C_benign,0.5,0,,0.0001400745322262695,0
2500,0,0.001024519164715913,NCT01837290,hip fracture,midazolam,Phase 3,55.0,B_serious_chronic,0.6,0,,0.001024519164715913,0
2501,0,3.831635453624432e-05,NCT02058485,Hypertension,midazolam,Phase 3,40.0,B_serious_chronic,0.6,0,,3.831635453624432e-05,0
2502,0,2.3372449566923103e-05,NCT01531959,hypotension,midodrine,Phase 3,40.0,B_serious_chronic,0.6,0,,2.3372449566923103e-05,0
2504,0,0.0005921876797023767,NCT01638000,"Urologic Diseases; Urinary Bladder, Overactive; Urinary Bladder Diseases",mirabegron,Phase 3,18.0,C_benign,0.5,0,,0.0005921876797023767,0
2505,0,0.00044430946548144163,NCT01506388,Failed labor induction,misoprostol,Phase 3,30.0,C_benign,0.5,0,,0.00044430946548144163,0
2506,0,4.1508349736691684e-05,NCT01612065,infertility,misoprostol,Phase 3,10.0,C_benign,0.5,0,,4.1508349736691684e-05,0
2508,0,0.0003930536228580458,NCT02053922,postpartum hemorrhage,misoprostol,Phase 3,85.0,A_tox_tolerated,0.65,0,,0.0003930536228580458,0
2509,0,3.154407120664492e-05,NCT01372865,allergic rhinitis,mometasone furoate,Phase 3,8.0,C_benign,0.5,0,,3.154407120664492e-05,0
2510,0,3.1980025916523195e-05,NCT01673659,seasonal allergic rhinitis,mometasone furoate,Phase 3,8.0,C_benign,0.5,0,,3.1980025916523195e-05,0
2511,0,7.424171306558521e-05,NCT01658020,Chronic Obstructive Pulmonary Disease,moxifloxacin,Phase 3,60.0,B_serious_chronic,0.6,0,,7.424171306558521e-05,0
2512,0,0.0006127140570365691,NCT01756339,Community-acquired Bacterial Pneumonia,moxifloxacin,Phase 3,60.0,B_serious_chronic,0.6,0,,0.0006127140570365691,0
2514,0,3.1853463742883824e-05,NCT01648634,cardiomyopathy,nebivolol,Phase 3,75.0,A_tox_tolerated,0.65,0,,3.1853463742883824e-05,0
2515,0,3.6519949622946407e-05,NCT01702532,smoking cessation,nicotine,Phase 3,30.0,C_benign,0.5,0,,3.6519949622946407e-05,0
2516,0,0.09854185514176302,NCT01535391,Chronic Myeloid Leukemia,nilotinib,Phase 3,70.0,A_tox_tolerated,0.65,0,,0.09854185514176302,0
2517,0,0.059604107630862636,NCT01657604,Chronic Myeloid Leukemia,nilotinib,Phase 3,70.0,A_tox_tolerated,0.65,0,,0.059604107630862636,0
2518,0,0.11827783526565236,NCT01619085,Idiopathic Pulmonary Fibrosis,nintedanib,Phase 3,88.0,A_tox_tolerated,0.65,0,,0.11827783526565236,0
2519,0,0.007354767250530162,NCT01682759,Type 2 Diabetes Mellitus,omarigliptin,Phase 3,40.0,B_serious_chronic,0.6,0,,0.007354767250530162,0
2520,0,0.01266384513081897,NCT01697592,Type 2 Diabetes Mellitus,omarigliptin,Phase 3,40.0,B_serious_chronic,0.6,0,,0.01266384513081897,0
2521,0,0.007308043327466948,NCT01698775,Type 2 Diabetes Mellitus,omarigliptin,Phase 3,40.0,B_serious_chronic,0.6,0,,0.007308043327466948,0
2522,0,0.007308043327466948,NCT01703221,Type 2 Diabetes Mellitus,omarigliptin,Phase 3,40.0,B_serious_chronic,0.6,0,,0.007308043327466948,0
2523,0,0.012772768367492549,NCT01704261,Type 2 Diabetes Mellitus,omarigliptin,Phase 3,40.0,B_serious_chronic,0.6,0,,0.012772768367492549,0
2524,0,0.012772768367492549,NCT01717313,Type 2 Diabetes Mellitus,omarigliptin,Phase 3,40.0,B_serious_chronic,0.6,0,,0.012772768367492549,0
2525,0,0.00011943678018957321,NCT01536392,Vaginal Cancer,ondansetron,Phase 3,82.0,A_tox_tolerated,0.65,0,,0.00011943678018957321,0
2526,0,0.001487927733153116,NCT01557244,neurogenic bladder,oxybutynin,Phase 3,30.0,C_benign,0.5,0,,0.001487927733153116,0
2527,0,0.0037811924196506697,NCT01414608,Advanced Cervical Cancer,paclitaxel,Phase 3,85.0,A_tox_tolerated,0.65,1,cytotoxic_managed_toxicity,0.0037811924196506697,1
2528,0,0.9791914241377127,NCT01526369,Metastatic Breast Cancer,paclitaxel,Phase 3,88.0,A_tox_tolerated,0.65,1,cytotoxic_managed_toxicity,0.15,1
2529,0,0.005921533510718008,NCT01572038,Advanced Breast Cancer,paclitaxel,Phase 3,85.0,A_tox_tolerated,0.65,1,cytotoxic_managed_toxicity,0.005921533510718008,1
2530,0,0.0008201773280292147,NCT01583426,Early Breast Cancer,paclitaxel,Phase 3,70.0,A_tox_tolerated,0.65,1,cytotoxic_managed_toxicity,0.0008201773280292147,1
2531,0,0.03379420365803341,NCT01644890,Breast Cancer,paclitaxel,Phase 3,75.0,A_tox_tolerated,0.65,1,cytotoxic_managed_toxicity,0.03379420365803341,1
2532,0,0.9937894088417598,NCT01663727,Metastatic Breast Cancer,paclitaxel,Phase 3,88.0,A_tox_tolerated,0.65,1,cytotoxic_managed_toxicity,0.15,1
2533,0,0.6416828685006919,NCT01763645,Lung Cancer,paclitaxel,Phase 3,90.0,A_tox_tolerated,0.65,1,cytotoxic_managed_toxicity,0.15,1
2534,0,0.9792338444240507,NCT01764022,Metastatic Breast Cancer,paclitaxel,Phase 3,88.0,A_tox_tolerated,0.65,1,cytotoxic_managed_toxicity,0.15,1
2535,0,0.030123944063279607,NCT02472964,Breast Cancer,paclitaxel,Phase 3,75.0,A_tox_tolerated,0.65,1,cytotoxic_managed_toxicity,0.030123944063279607,1
2536,0,0.0005601523662935395,NCT02084420,Peptic Ulcer,pantoprazole,Phase 3,35.0,C_benign,0.5,0,,0.0005601523662935395,0
2537,0,0.00020157235959759835,NCT01638013,Rheumatoid Arthritis,peficitinib,Phase 3,58.0,B_serious_chronic,0.6,0,,0.00020157235959759835,0
2538,0,0.0004632237802445538,NCT01618695,focal epilepsy,perampanel,Phase 3,58.0,B_serious_chronic,0.6,0,,0.0004632237802445538,0
2539,0,0.00015245815400232737,NCT01712789,Multiple Myeloma,pomalidomide,Phase 3,82.0,A_tox_tolerated,0.65,0,,0.00015245815400232737,0
2540,0,6.32067417481929e-05,NCT01543932,Coronary Artery Disease,prasugrel,Phase 3,65.0,B_serious_chronic,0.6,0,,6.32067417481929e-05,0
2541,0,3.977765995834963e-05,NCT01609647,Acute Coronary Syndrome,prasugrel,Phase 3,80.0,A_tox_tolerated,0.65,0,,3.977765995834963e-05,0
2542,0,0.0002494740091662581,NCT01828437,Infantile Spasms,prednisolone,Phase 3,70.0,A_tox_tolerated,0.65,0,,0.0002494740091662581,0
2544,0,8.727178970858741e-05,NCT01352715,HIV-1 infection,raltegravir,Phase 3,62.0,B_serious_chronic,0.6,0,,8.727178970858741e-05,0
2545,0,0.0006575593062096497,NCT01485978,"Renal Insufficiency, Chronic",ramipril,Phase 3,58.0,B_serious_chronic,0.6,0,,0.0006575593062096497,0
2546,0,0.0009403773487638792,NCT01494987,Type 2 Diabetes Mellitus,ranolazine,Phase 3,40.0,B_serious_chronic,0.6,0,,0.0009403773487638792,0
2548,0,0.0023569805816454005,NCT01735669,Non-cephalic Presentation; Inhalation of Nitrous Oxide; Pregnancy Complications; Complications; Cesarean Section; Fetus or Neonate Affected by External Version Before Labor,remifentanil,Phase 3,50.0,B_serious_chronic,0.6,0,,0.0023569805816454005,0
2549,0,6.56488183708629e-05,NCT01466192,hepatitis C virus infection,ribavirin,Phase 3,60.0,B_serious_chronic,0.6,0,,6.56488183708629e-05,0
2550,0,6.903811833342203e-05,NCT01498068,hepatitis C virus infection,ribavirin,Phase 3,60.0,B_serious_chronic,0.6,0,,6.903811833342203e-05,0
2551,0,6.579087451493148e-05,NCT01513941,hepatitis C virus infection,ribavirin,Phase 3,60.0,B_serious_chronic,0.6,0,,6.579087451493148e-05,0
2552,0,6.56488183708629e-05,NCT01571583,hepatitis C virus infection,ribavirin,Phase 3,60.0,B_serious_chronic,0.6,0,,6.56488183708629e-05,0
2553,0,5.471725929652335e-05,NCT01598090,hepatitis C virus infection,ribavirin,Phase 3,60.0,B_serious_chronic,0.6,0,,5.471725929652335e-05,0
2554,0,5.557731184076349e-05,NCT01674725,hepatitis C virus infection,ribavirin,Phase 3,60.0,B_serious_chronic,0.6,0,,5.557731184076349e-05,0
2555,0,5.444074889137591e-05,NCT01715415,hepatitis C virus infection,ribavirin,Phase 3,60.0,B_serious_chronic,0.6,0,,5.444074889137591e-05,0
2556,0,5.444074889137591e-05,NCT01716585,hepatitis C virus infection,ribavirin,Phase 3,60.0,B_serious_chronic,0.6,0,,5.444074889137591e-05,0
2557,0,5.444074889137591e-05,NCT01767116,hepatitis C virus infection,ribavirin,Phase 3,60.0,B_serious_chronic,0.6,0,,5.444074889137591e-05,0
2558,0,0.0006088446556408711,NCT01624675,Autistic Disorder in Children and Adolescents,risperidone,Phase 3,20.0,C_benign,0.5,0,,0.0006088446556408711,0
2559,0,0.006667855936500128,NCT01448707,Human Immunodeficiency Virus (HIV) Infections; Acquired Immunodeficiency Syndrome (AIDS) Virus,ritonavir,Phase 3,72.0,A_tox_tolerated,0.65,0,,0.006667855936500128,0
2560,0,0.003232136053697974,NCT01499953,Superficial Vein Thrombosis,rivaroxaban,Phase 3,25.0,C_benign,0.5,0,,0.003232136053697974,0
2562,0,0.004323762733800612,NCT01499849,Chemotherapy-induced Nausea and Vomiting,rolapitant,Phase 3,20.0,C_benign,0.5,0,,0.004323762733800612,0
2563,0,0.004323762733800612,NCT01500213,Chemotherapy-induced Nausea and Vomiting,rolapitant,Phase 3,20.0,C_benign,0.5,0,,0.004323762733800612,0
2564,0,0.004323762733800612,NCT01500226,Chemotherapy-induced Nausea and Vomiting,rolapitant,Phase 3,20.0,C_benign,0.5,0,,0.004323762733800612,0
2565,0,0.0013183484248055696,NCT01537042,restless legs syndrome,rotigotine,Phase 3,10.0,C_benign,0.5,0,,0.0013183484248055696,0
2567,0,8.211673946685103e-05,NCT01646255,Parkinson's Disease,rotigotine,Phase 3,55.0,B_serious_chronic,0.6,0,,8.211673946685103e-05,0
2568,0,8.211673946685103e-05,NCT01646268,Parkinson's Disease,rotigotine,Phase 3,55.0,B_serious_chronic,0.6,0,,8.211673946685103e-05,0
2569,0,0.00014623769413005808,NCT01723904,Parkinson's Disease,rotigotine,Phase 3,55.0,B_serious_chronic,0.6,0,,0.00014623769413005808,0
2570,0,6.665318506279219e-05,NCT01750190,anemia of chronic kidney disease,roxadustat,Phase 3,48.0,B_serious_chronic,0.6,0,,6.665318506279219e-05,0
2572,0,0.001450732630357772,NCT01912391,Borderline personality disorder,selegiline,Phase 3,40.0,B_serious_chronic,0.6,0,,0.001450732630357772,0
2573,0,0.1248432021631007,NCT01462266,Type 2 Diabetes Mellitus,sitagliptin,Phase 3,40.0,B_serious_chronic,0.6,0,,0.1248432021631007,0
2575,0,0.11248444285527501,NCT01552694,Inflammation; Macrophage Infiltration; Cardiovascular Disease,sitagliptin,Phase 3,55.0,B_serious_chronic,0.6,0,,0.11248444285527501,0
2576,0,0.12478194879662727,NCT01590771,Type 2 Diabetes Mellitus,sitagliptin,Phase 3,40.0,B_serious_chronic,0.6,0,,0.12478194879662727,0
2577,0,0.12478194879662727,NCT01590797,Type 2 Diabetes Mellitus,sitagliptin,Phase 3,40.0,B_serious_chronic,0.6,0,,0.12478194879662727,0
2578,0,0.00010865012468471307,NCT01641640,hepatitis C virus infection,sofosbuvir,Phase 3,60.0,B_serious_chronic,0.6,0,,0.00010865012468471307,0
2579,0,3.7742748667202166e-05,NCT02670772,HIV infection,stavudine,Phase 3,62.0,B_serious_chronic,0.6,0,,3.7742748667202166e-05,0
2580,0,0.0016880266745703874,NCT01694277,Gastrointestinal Stromal Tumors,sunitinib,Phase 3,72.0,A_tox_tolerated,0.65,0,,0.0016880266745703874,0
2581,0,0.0008760435967584921,NCT01553981,"Lung Diseases, Interstitial",tadalafil,Phase 3,75.0,A_tox_tolerated,0.65,0,,0.0008760435967584921,0
2582,0,0.002784049310650071,NCT01638247,Breast Cancer,tamoxifen,Phase 3,75.0,A_tox_tolerated,0.65,0,,0.002784049310650071,0
2584,0,0.009135068208779504,NCT01595581,osteoarthritis,testosterone,Phase 3,20.0,C_benign,0.5,0,,0.009135068208779504,0
2585,0,0.016184104507071983,NCT01543321,tardive dyskinesia,tetrabenazine,Phase 3,20.0,C_benign,0.5,0,,0.016184104507071983,0
2586,0,0.0012802901672002737,NCT01511471,Platelet Reactivity,ticagrelor,Phase 3,55.0,B_serious_chronic,0.6,0,,0.0012802901672002737,0
2587,0,4.0247640086647256e-05,NCT01543932,Coronary Artery Disease,ticagrelor,Phase 3,65.0,B_serious_chronic,0.6,0,,4.0247640086647256e-05,0
2589,0,7.91619756145518e-05,NCT01533922,COPD,tiotropium,Phase 3,60.0,B_serious_chronic,0.6,0,,7.91619756145518e-05,0
2590,0,7.91619756145518e-05,NCT01533935,COPD,tiotropium,Phase 3,60.0,B_serious_chronic,0.6,0,,7.91619756145518e-05,0
2591,0,7.135485121312961e-05,NCT01574651,Chronic Obstructive Pulmonary Disease,tiotropium,Phase 3,60.0,B_serious_chronic,0.6,0,,7.135485121312961e-05,0
2592,0,7.256109980523162e-05,NCT01610037,Chronic Obstructive Pulmonary Disease,tiotropium,Phase 3,60.0,B_serious_chronic,0.6,0,,7.256109980523162e-05,0
2593,0,6.98314247241139e-05,NCT01613326,Chronic Obstructive Pulmonary Disease,tiotropium,Phase 3,60.0,B_serious_chronic,0.6,0,,6.98314247241139e-05,0
2594,0,0.00015757007102076636,NCT01694771,chronic obstructive pulmonary disease,tiotropium,Phase 3,60.0,B_serious_chronic,0.6,0,,0.00015757007102076636,0
2595,0,0.00015757007102076636,NCT01696058,chronic obstructive pulmonary disease,tiotropium,Phase 3,60.0,B_serious_chronic,0.6,0,,0.00015757007102076636,0
2596,0,0.012248052470291006,NCT01618448,Cardiac-induced Edema,tolvaptan,Phase 3,55.0,B_serious_chronic,0.6,0,,0.012248052470291006,0
2598,0,0.012314789729449946,NCT01651156,Cardiac Edema,tolvaptan,Phase 3,55.0,B_serious_chronic,0.6,0,,0.012314789729449946,0
2599,0,0.006835489281918948,NCT01692678,liposarcoma or leiomyosarcoma,trabectedin,Phase 3,90.0,A_tox_tolerated,0.65,1,cytotoxic_managed_toxicity,0.006835489281918948,1
2601,0,0.007565413493329282,NCT01889979,Pain During Labour,tramadol,Phase 3,15.0,C_benign,0.5,0,,0.007565413493329282,0
2602,0,0.0006182613700141062,NCT01584648,mutant Melanoma,trametinib,Phase 3,90.0,A_tox_tolerated,0.65,0,,0.0006182613700141062,0
2603,0,0.0006768124756387762,NCT01597908,Cutaneous Melanoma,trametinib,Phase 3,80.0,A_tox_tolerated,0.65,0,,0.0006768124756387762,0
2605,0,0.00016861581277370554,NCT01594671,Blood Loss,tranexamic acid,Phase 3,40.0,B_serious_chronic,0.6,0,,0.00016861581277370554,0
2606,0,0.00017375650864175925,NCT02684851,Acetabular Fractures,tranexamic acid,Phase 3,25.0,C_benign,0.5,0,,0.00017375650864175925,0
2607,0,4.12145286199034e-05,NCT02086929,Major Depression,trazodone,Phase 3,42.0,B_serious_chronic,0.6,0,,4.12145286199034e-05,0
2608,0,0.0018801419190999404,NCT01597505,Clostridium Difficile Infection,vancomycin,Phase 3,55.0,B_serious_chronic,0.6,0,,0.0018801419190999404,0
2609,0,0.001992216155315907,NCT01598311,Clostridium Difficile Infection,vancomycin,Phase 3,55.0,B_serious_chronic,0.6,0,,0.001992216155315907,0
2610,0,0.00033882893264748566,NCT01509547,nicotine dependence,varenicline,Phase 3,30.0,C_benign,0.5,0,,0.00033882893264748566,0
2611,0,2.6500166171307512e-05,NCT01694732,Chronic Obstructive Pulmonary Disease,varenicline,Phase 3,60.0,B_serious_chronic,0.6,0,,2.6500166171307512e-05,0
2612,0,8.993774392683516e-05,NCT01710137,nicotine dependence,varenicline,Phase 3,30.0,C_benign,0.5,0,,8.993774392683516e-05,0
2613,0,0.01019860582475188,NCT01667419,Mutant Melanoma,vemurafenib,Phase 3,82.0,A_tox_tolerated,0.65,0,,0.01019860582475188,0
2614,0,0.0003441855399509393,NCT01557712,Major Depressive Disorder,venlafaxine,Phase 3,42.0,B_serious_chronic,0.6,0,,0.0003441855399509393,0
2615,0,0.00020524232356301762,NCT01691885,chronic obstructive pulmonary disease,vilanterol,Phase 3,60.0,B_serious_chronic,0.6,0,,0.00020524232356301762,0
2616,0,0.03804143151452464,NCT01629966,generalized anxiety disorder,vilazodone,Phase 3,18.0,C_benign,0.5,0,,0.03804143151452464,0
2617,0,0.03804143151452464,NCT02015546,major depressive disorder,vilazodone,Phase 3,45.0,B_serious_chronic,0.6,0,,0.03804143151452464,0
2618,0,0.054108169174584705,NCT01582230,Type 2 Diabetes Mellitus,vildagliptin,Phase 3,40.0,B_serious_chronic,0.6,0,,0.054108169174584705,0
2619,0,0.009845841244076383,NCT01728805,Cutaneous T-Cell Lymphoma,vorinostat,Phase 3,70.0,A_tox_tolerated,0.65,0,,0.009845841244076383,0
2620,0,0.00029525827355576605,NCT01516814,Pulmonary Embolism,warfarin,Phase 3,78.0,A_tox_tolerated,0.65,0,,0.00029525827355576605,0
2621,0,0.0002234216722785844,NCT01516840,Deep Vein Thrombosis,warfarin,Phase 3,55.0,B_serious_chronic,0.6,0,,0.0002234216722785844,0
2622,0,6.8174630201894e-05,NCT01352715,HIV-1 infection,zidovudine,Phase 3,62.0,B_serious_chronic,0.6,0,,6.8174630201894e-05,0
2623,0,0.014480620789524992,NCT01523587,Lung Cancer,afatinib,Phase 3,90.0,A_tox_tolerated,0.65,0,,0.014480620789524992,0
2624,0,0.06838302129479354,NCT01808313,vascular disease,ambrisentan,Phase 3,55.0,B_serious_chronic,0.6,0,,0.06838302129479354,0
2625,0,0.01989345217848106,NCT01401647,cardiac arrest,amiodarone,Phase 3,95.0,A_tox_tolerated,0.65,0,,0.01989345217848106,0
2626,0,8.023491535134845e-05,NCT01395992,bipolar I disorder,asenapine,Phase 3,52.0,B_serious_chronic,0.6,0,,8.023491535134845e-05,0
2627,0,3.358890723023717e-05,NCT01265550,gastroesophageal reflux disease,baclofen,Phase 3,15.0,C_benign,0.5,0,,3.358890723023717e-05,0
2628,0,2.8703250263322394e-05,NCT01743651,Multiple Sclerosis,baclofen,Phase 3,60.0,B_serious_chronic,0.6,0,,2.8703250263322394e-05,0
2630,0,3.223606214611362e-05,NCT02179268,Bone Mineral Density Quantitative Trait Locus 7,citalopram,Phase 3,15.0,C_benign,0.5,0,,3.223606214611362e-05,0
2631,0,0.049268142830590875,NCT01655706,Depression,escitalopram,Phase 3,40.0,B_serious_chronic,0.6,0,,0.049268142830590875,0
2632,0,0.0011290133454688997,NCT01628731,fluid overload,furosemide,Phase 3,55.0,B_serious_chronic,0.6,0,,0.0011290133454688997,0
2633,0,0.006565732859053611,NCT01578707,Chronic Lymphocytic Leukemia,ibrutinib,Phase 3,70.0,A_tox_tolerated,0.65,0,,0.006565732859053611,0
2634,0,3.4564045923727226e-05,NCT01556776,Chronic Lymphocytic Leukemia,lenalidomide,Phase 3,70.0,A_tox_tolerated,0.65,0,,3.4564045923727226e-05,0
2635,0,0.002717457056589509,NCT01508702,gout,lesinurad,Phase 3,18.0,C_benign,0.5,0,,0.002717457056589509,0
2636,0,0.0038400867364391023,NCT01650246,gout,lesinurad,Phase 3,18.0,C_benign,0.5,0,,0.0038400867364391023,0
2637,0,0.0011737850227953013,NCT01606787,renal cell carcinoma,mannitol,Phase 3,85.0,A_tox_tolerated,0.65,0,,0.0011737850227953013,0
2638,0,0.0002262862394220631,NCT01541215,Type 2 Diabetes,metformin,Phase 3,40.0,B_serious_chronic,0.6,0,,0.0002262862394220631,0
2639,0,1.0122027891071538e-05,NCT01587989,Rheumatoid Arthritis,methotrexate,Phase 3,58.0,B_serious_chronic,0.6,1,cytotoxic_managed_toxicity,1.0122027891071538e-05,1
2640,0,2.1883785960067764e-05,NCT01541605,mania,methylphenidate,Phase 3,45.0,B_serious_chronic,0.6,0,,2.1883785960067764e-05,0
2641,0,2.9134709284428516e-05,NCT01559727,Heart Failure,prednisone,Phase 3,80.0,A_tox_tolerated,0.65,0,,2.9134709284428516e-05,0
2642,0,0.026262713758528216,NCT01578655,Prostate Cancer,prednisone,Phase 3,72.0,A_tox_tolerated,0.65,0,,0.026262713758528216,0
2643,0,0.00015735202631950138,NCT01556165,Parkinson's Disease,rasagiline,Phase 3,55.0,B_serious_chronic,0.6,0,,0.00015735202631950138,0
2645,0,0.0005279167811963944,NCT02179268,Bone Mineral Density Quantitative Trait Locus 7,sertraline,Phase 3,15.0,C_benign,0.5,0,,0.0005279167811963944,0
2646,0,7.91619756145518e-05,NCT01559116,Chronic Obstructive Pulmonary Disease,tiotropium,Phase 3,60.0,B_serious_chronic,0.6,0,,7.91619756145518e-05,0
2647,0,0.00044461144432278254,NCT01458951,Ulcerative Colitis,tofacitinib,Phase 3,58.0,B_serious_chronic,0.6,0,,0.00044461144432278254,0
2648,0,0.00044461144432278254,NCT01465763,Ulcerative Colitis,tofacitinib,Phase 3,58.0,B_serious_chronic,0.6,0,,0.00044461144432278254,0
2649,0,0.000366093608963496,NCT02179268,Bone Mineral Density Quantitative Trait Locus 7,venlafaxine,Phase 3,15.0,C_benign,0.5,0,,0.000366093608963496,0
2651,0,0.0023512110635932376,NCT04578496,erythropoietic protoporphyria,afamelanotide,Phase 3,30.0,C_benign,0.5,0,,0.0023512110635932376,0
2653,0,2.2145704288020558e-05,NCT01736514,gout,allopurinol,Phase 3,18.0,C_benign,0.5,0,,2.2145704288020558e-05,0
2654,0,2.269911212336409e-05,NCT02082769,gout,allopurinol,Phase 3,18.0,C_benign,0.5,0,,2.269911212336409e-05,0
2655,0,0.0006345651917358622,NCT01456130,Type 2 Diabetes,alogliptin,Phase 3,40.0,B_serious_chronic,0.6,0,,0.0006345651917358622,0
2656,0,0.0006050142094876536,NCT01399723,Pneumonia,amoxicillin,Phase 3,65.0,B_serious_chronic,0.6,0,,0.0006050142094876536,0
2657,0,0.0849927936186233,NCT01529528,Type 2 Diabetes Mellitus,anagliptin,Phase 3,40.0,B_serious_chronic,0.6,0,,0.0849927936186233,0
2658,0,0.05156237901382062,NCT01529541,Type 2 Diabetes Mellitus,anagliptin,Phase 3,40.0,B_serious_chronic,0.6,0,,0.05156237901382062,0
2660,0,0.00022246830320991274,NCT01244828,schizophrenia,asenapine,Phase 3,55.0,B_serious_chronic,0.6,0,,0.00022246830320991274,0
2661,0,0.01843974152684969,NCT01349907,Pediatric Bipolar Disorder,asenapine,Phase 3,50.0,B_serious_chronic,0.6,0,,0.01843974152684969,0
2662,0,0.0662209174391845,NCT01278459,Pre-Eclampsia,atorvastatin,Phase 3,80.0,A_tox_tolerated,0.65,0,,0.0662209174391845,0
2663,0,0.001866956644846918,NCT01370603,Hypercholesterolemia,atorvastatin,Phase 3,38.0,C_benign,0.5,0,,0.001866956644846918,0
2664,0,0.002804734948768419,NCT01251393,cocaine dependence,biperiden,Phase 3,40.0,B_serious_chronic,0.6,0,,0.002804734948768419,0
2665,0,0.00019730263919949298,NCT01425203,hepatitis C virus infection,boceprevir,Phase 3,60.0,B_serious_chronic,0.6,0,,0.00019730263919949298,0
2666,0,0.017347293570506638,NCT01338415,pulmonary arterial hypertension,bosentan,Phase 3,82.0,A_tox_tolerated,0.65,0,,0.017347293570506638,0
2667,0,6.819510943669145e-05,NCT01339559,epilepsy,brivaracetam,Phase 3,58.0,B_serious_chronic,0.6,0,,6.819510943669145e-05,0
2668,0,4.6608870263701846e-05,NCT01360021,Asthma,budesonide,Phase 3,40.0,B_serious_chronic,0.6,0,,4.6608870263701846e-05,0
2669,0,0.0002539344386344567,NCT01407575,Treatment Resistant Depression,buprenorphine,Phase 3,55.0,B_serious_chronic,0.6,0,,0.0002539344386344567,0
2670,0,0.00286941368779632,NCT01303861,Nicotine Dependence,bupropion,Phase 3,25.0,C_benign,0.5,0,,0.00286941368779632,0
2671,0,0.00286941368779632,NCT01406223,Nicotine Dependence,bupropion,Phase 3,25.0,C_benign,0.5,0,,0.00286941368779632,0
2672,0,0.0006414283556602016,NCT01384539,chronic kidney disease,calcitriol,Phase 3,62.0,B_serious_chronic,0.6,0,,0.0006414283556602016,0
2674,0,0.011581982012790672,NCT01234337,Breast Cancer,capecitabine,Phase 3,75.0,A_tox_tolerated,0.65,1,cytotoxic_managed_toxicity,0.011581982012790672,1
2675,0,3.634507980102944e-05,NCT01412060,schizophrenia,cariprazine,Phase 3,55.0,B_serious_chronic,0.6,0,,3.634507980102944e-05,0
2676,0,0.00012494479217558578,NCT01503606,Preterm premature rupture of membranes,cefazolin,Phase 3,70.0,A_tox_tolerated,0.65,0,,0.00012494479217558578,0
2677,0,1.1244437097214567e-05,NCT01371838,bacterial pneumonia,ceftriaxone,Phase 3,72.0,A_tox_tolerated,0.65,0,,1.1244437097214567e-05,0
2678,0,0.0002718601698732207,NCT01354145,Osteoarthritis,celecoxib,Phase 3,25.0,C_benign,0.5,0,,0.0002718601698732207,0
2679,0,0.004494337297630151,NCT01462435,Other Acute Postoperative Pain,celecoxib,Phase 3,8.0,C_benign,0.5,0,,0.004494337297630151,0
2680,0,4.21148821343564e-05,NCT01484119,seasonal allergic rhinitis,cetirizine,Phase 3,8.0,C_benign,0.5,0,,4.21148821343564e-05,0
2681,0,0.0004980021433584804,NCT01292720,heart failure,vitamin D3,Phase 3,80.0,A_tox_tolerated,0.65,0,,0.0004980021433584804,0
2682,0,0.0005197556976774332,NCT01384539,chronic kidney disease,vitamin D3,Phase 3,62.0,B_serious_chronic,0.6,0,,0.0005197556976774332,0
2683,0,7.112437544382305e-05,NCT01248065,asthma,ciclesonide,Phase 3,42.0,B_serious_chronic,0.6,0,,7.112437544382305e-05,0
2684,0,3.662547635913859e-05,NCT01455194,asthma,ciclesonide,Phase 3,42.0,B_serious_chronic,0.6,0,,3.662547635913859e-05,0
2685,0,0.0009053555067806889,NCT02266030,coronary artery disease,cilostazol,Phase 3,68.0,B_serious_chronic,0.6,0,,0.0009053555067806889,0
2687,0,0.8122054214781185,NCT01471444,Acute Myeloid Leukemia,clofarabine,Phase 3,90.0,A_tox_tolerated,0.65,1,cytotoxic_managed_toxicity,0.15,1
2688,0,0.587290352562924,NCT02085408,Acute Myeloid Leukemia,clofarabine,Phase 3,90.0,A_tox_tolerated,0.65,1,cytotoxic_managed_toxicity,0.15,1
2689,0,0.009901234778620984,NCT01439984,premature ejaculation,clomipramine,Phase 3,5.0,C_benign,0.5,0,,0.009901234778620984,0
2691,0,0.0008752213286059813,NCT01505790,Acute Coronary Syndromes,clopidogrel,Phase 3,80.0,A_tox_tolerated,0.65,0,,0.0008752213286059813,0
2692,0,0.03304487260597624,NCT01515345,Platelet Inhibition; Coronary Stent Implantation,clopidogrel,Phase 3,70.0,A_tox_tolerated,0.65,0,,0.03304487260597624,0
2693,0,0.00028287665988922214,NCT01389323,hepatitis C virus infection,daclatasvir,Phase 3,60.0,B_serious_chronic,0.6,0,,0.00028287665988922214,0
2694,0,0.00028287665988922214,NCT01471574,hepatitis C virus infection,daclatasvir,Phase 3,60.0,B_serious_chronic,0.6,0,,0.00028287665988922214,0
2695,0,0.04331864154875516,NCT01339091,Cellulitis,dalbavancin,Phase 3,35.0,C_benign,0.5,0,,0.04331864154875516,0
2696,0,0.00040623193010321115,NCT01294423,Type 2 Diabetes Mellitus,dapagliflozin,Phase 3,40.0,B_serious_chronic,0.6,0,,0.00040623193010321115,0
2697,0,9.500899644506456e-05,NCT01294436,diabetes Mellitus,dapagliflozin,Phase 3,42.0,B_serious_chronic,0.6,0,,9.500899644506456e-05,0
2698,0,0.03733418408535778,NCT01303796,Acute Myeloid Leukemia,decitabine,Phase 3,90.0,A_tox_tolerated,0.65,1,cytotoxic_managed_toxicity,0.03733418408535778,1
2699,0,0.03733418408535778,NCT02085408,Acute Myeloid Leukemia,decitabine,Phase 3,90.0,A_tox_tolerated,0.65,1,cytotoxic_managed_toxicity,0.03733418408535778,1
2700,0,1.2907693473814207e-05,NCT01400828,seasonal allergic rhinitis,desloratadine,Phase 3,8.0,C_benign,0.5,0,,1.2907693473814207e-05,0
2701,0,0.00023653226817498744,NCT01154192,PCOS,dexamethasone,Phase 3,25.0,C_benign,0.5,0,,0.00023653226817498744,0
2702,0,2.802925072884709e-05,NCT01189292,Thyroidectomy; Thyroid Diseases,dexamethasone,Phase 3,35.0,C_benign,0.5,0,,2.802925072884709e-05,0
2703,0,5.733080703936783e-05,NCT01248585,Bone Metastases,dexamethasone,Phase 3,80.0,A_tox_tolerated,0.65,0,,5.733080703936783e-05,0
2704,0,7.579435114274593e-05,NCT01297010,Vomiting Postoperative,dexamethasone,Phase 3,8.0,C_benign,0.5,0,,7.579435114274593e-05,0
2705,0,1.0199191823774926e-05,NCT01339260,Chemotherapy-Induced Nausea and Vomiting,dexamethasone,Phase 3,20.0,C_benign,0.5,0,,1.0199191823774926e-05,0
2706,0,1.2370009998225596e-05,NCT01363479,Chemotherapy-Induced Nausea and Vomiting,dexamethasone,Phase 3,20.0,C_benign,0.5,0,,1.2370009998225596e-05,0
2707,0,1.3153742615777558e-05,NCT01376297,Chemotherapy-Induced Nausea and Vomiting,dexamethasone,Phase 3,20.0,C_benign,0.5,0,,1.3153742615777558e-05,0
2709,0,2.910977512620537e-05,NCT01408082,Blepharitis,dexamethasone,Phase 3,5.0,C_benign,0.5,0,,2.910977512620537e-05,0
2710,0,0.030608249916666212,NCT01456611,Osteo Arthritis of the Knee,diclofenac,Phase 3,25.0,C_benign,0.5,0,,0.030608249916666212,0
2711,0,0.0006171829693018239,NCT01461369,Osteoarthritis,diclofenac,Phase 3,25.0,C_benign,0.5,0,,0.0006171829693018239,0
2712,0,0.007558048504173473,NCT01264939,Chronic Idiopathic Urticaria,diphenhydramine,Phase 3,15.0,C_benign,0.5,0,,0.007558048504173473,0
2713,0,3.8459689403754006e-05,NCT01263015,infection,dolutegravir,Phase 3,60.0,B_serious_chronic,0.6,0,,3.8459689403754006e-05,0
2714,0,0.09657040946447193,NCT01179672,"Diabetic Neuropathy, Painful",duloxetine,Phase 3,35.0,C_benign,0.5,0,,0.09657040946447193,0
2715,0,0.09021360602833497,NCT01226511,"Anxiety Neuroses; Anxiety States, Neurotic; Neuroses, Anxiety",duloxetine,Phase 3,20.0,C_benign,0.5,0,,0.09021360602833497,0
2717,0,0.0003337656665670364,NCT01271894,HIV infection,efavirenz,Phase 3,62.0,B_serious_chronic,0.6,0,,0.0003337656665670364,0
2718,0,0.0003337656665670364,NCT01451333,HIV infection,efavirenz,Phase 3,62.0,B_serious_chronic,0.6,0,,0.0003337656665670364,0
2719,0,0.0009171886186640641,NCT01470144,pulmonary arterial hypertension,epoprostenol,Phase 3,82.0,A_tox_tolerated,0.65,0,,0.0009171886186640641,0
2720,0,0.2917978233399069,NCT01454934,Lung Cancer,eribulin,Phase 3,90.0,A_tox_tolerated,0.65,0,,0.2917978233399069,0
2721,0,0.008179781075574847,NCT01370616,diabetic foot infection,ertapenem,Phase 3,60.0,B_serious_chronic,0.6,0,,0.008179781075574847,0
2722,0,0.0055154525354969815,NCT01370525,Heartburn,esomeprazole,Phase 3,12.0,C_benign,0.5,0,,0.0055154525354969815,0
2723,0,0.0055154525354969815,NCT01370538,Heartburn,esomeprazole,Phase 3,12.0,C_benign,0.5,0,,0.0055154525354969815,0
2724,0,2.8118883407096157e-05,NCT01100164,insomnia,eszopiclone,Phase 3,15.0,C_benign,0.5,0,,2.8118883407096157e-05,0
2725,0,0.22800733772463655,NCT01450761,Lung Cancer,etoposide,Phase 3,90.0,A_tox_tolerated,0.65,1,cytotoxic_managed_toxicity,0.15,1
2726,0,0.02192842462414937,NCT01229774,Coxarthrosis; Arthroplasties Hip Replacement; Perioperative Blood Loss,etoricoxib,Phase 3,30.0,C_benign,0.5,0,,0.02192842462414937,0
2727,0,0.009387611031011817,NCT01462370,Dysmenorrhea,etoricoxib,Phase 3,15.0,C_benign,0.5,0,,0.009387611031011817,0
2728,0,0.0001258489675351852,NCT01408186,Upper Gastrointestinal Bleeding,famotidine,Phase 3,80.0,A_tox_tolerated,0.65,0,,0.0001258489675351852,0
2729,0,4.234565407593969e-05,NCT01270659,Pain,fentanyl,Phase 3,15.0,C_benign,0.5,0,,4.234565407593969e-05,0
2730,0,0.22069863295272724,NCT01307579,Acute Myeloid Leukemia,fluconazole,Phase 3,90.0,A_tox_tolerated,0.65,0,,0.22069863295272724,0
2731,0,0.00014016482398987462,NCT01304706,diabetic macular edema,fluocinolone acetonide,Phase 3,30.0,C_benign,0.5,0,,0.00014016482398987462,0
2732,0,0.0019066013825918423,NCT01407432,male infertility,folic acid,Phase 3,10.0,C_benign,0.5,0,,0.0019066013825918423,0
2734,0,3.332651771520938e-05,NCT01116583,"Pain, Postoperative",gabapentin,Phase 3,8.0,C_benign,0.5,0,,3.332651771520938e-05,0
2735,0,0.0003284687509267117,NCT02120703,Intervertebral Disc Prolapse,gabapentin,Phase 3,20.0,C_benign,0.5,0,,0.0003284687509267117,0
2736,0,0.380656647197367,NCT01404260,Lung Cancer,gefitinib,Phase 3,90.0,A_tox_tolerated,0.65,0,,0.380656647197367,0
2737,0,0.0018959833597795004,NCT01360853,Metastatic Pancreatic Cancer,gemcitabine,Phase 3,95.0,A_tox_tolerated,0.65,1,cytotoxic_managed_toxicity,0.0018959833597795004,1
2738,0,7.686511628780117e-05,NCT01211522,Delirium; Impaired Cognition; Long Term Psychologic Disorders,haloperidol,Phase 3,45.0,B_serious_chronic,0.6,0,,7.686511628780117e-05,0
2739,0,0.012436513440479965,NCT01353313,"Infant, Newborn; Infant, Small for Gestational Age; Infant, Very Low Birth Weight; Infant, Premature; Bronchopulmonary Dysplasia",hydrocortisone,Phase 3,80.0,A_tox_tolerated,0.65,0,,0.012436513440479965,0
2740,0,0.028015764640311185,NCT02266589,Septic Shock; Sepsis,hydrocortisone,Phase 3,85.0,A_tox_tolerated,0.65,0,,0.028015764640311185,0
2742,0,0.002047873129241765,NCT01259856,High Risk Polycythemia Vera; High Risk Essential Thrombocythemia,hydroxyurea,Phase 3,62.0,B_serious_chronic,0.6,0,,0.002047873129241765,0
2743,0,0.0024994217915593033,NCT01462370,Dysmenorrhea,ibuprofen,Phase 3,15.0,C_benign,0.5,0,,0.0024994217915593033,0
2744,0,0.08882975793941655,NCT01303406,Friedreich ataxia,idebenone,Phase 3,70.0,A_tox_tolerated,0.65,0,,0.08882975793941655,0
2745,0,0.00014453859696161102,NCT01291511,schizophrenia,iloperidone,Phase 3,55.0,B_serious_chronic,0.6,0,,0.00014453859696161102,0
2746,0,0.7763928640415906,NCT01392469,Pulmonary Arterial Hypertension,imatinib,Phase 3,80.0,A_tox_tolerated,0.65,0,,0.7763928640415906,0
2747,0,0.006411098591269819,NCT01511289,Chronic Myeloid Leukemia,imatinib,Phase 3,70.0,A_tox_tolerated,0.65,0,,0.006411098591269819,0
2748,0,0.00010058153793283638,NCT01232894,chronic obstructive pulmonary disease,indacaterol,Phase 3,60.0,B_serious_chronic,0.6,0,,0.00010058153793283638,0
2749,0,0.026038753693177614,NCT01442987,Hypertension; Hyperlipidemia,irbesartan,Phase 3,40.0,B_serious_chronic,0.6,0,,0.026038753693177614,0
2750,0,2.118543320405834e-05,NCT00170209,Latent Tuberculosis Infection,isoniazid,Phase 3,35.0,C_benign,0.5,0,,2.118543320405834e-05,0
2751,0,0.23434285685252396,NCT01474590,Acne,isotretinoin,Phase 3,5.0,C_benign,0.5,0,,0.23434285685252396,0
2752,0,0.010002155247711463,NCT01326325,Refractory Cancer,ketamine,Phase 3,92.0,A_tox_tolerated,0.65,0,,0.010002155247711463,0
2753,0,0.002960993233913555,NCT01387139,Procedural Sedation and Analgesia,ketamine,Phase 3,12.0,C_benign,0.5,0,,0.002960993233913555,0
2754,0,0.000161044714987697,NCT01983020,Postoperative Pain,ketamine,Phase 3,8.0,C_benign,0.5,0,,0.000161044714987697,0
2755,0,3.0457068326079623e-05,NCT01243177,epilepsy,lacosamide,Phase 3,58.0,B_serious_chronic,0.6,0,,3.0457068326079623e-05,0
2756,0,0.00010051532780330256,NCT01484977,epilepsy,lacosamide,Phase 3,58.0,B_serious_chronic,0.6,0,,0.00010051532780330256,0
2757,0,0.005633640908099928,NCT01452711,Gastric Ulcer,lansoprazole,Phase 3,30.0,C_benign,0.5,0,,0.005633640908099928,0
2758,0,0.007034418953399561,NCT01452724,Duodenal Ulcer,lansoprazole,Phase 3,30.0,C_benign,0.5,0,,0.007034418953399561,0
2759,0,0.007971143849835882,NCT01452750,Gastric Ulcers; Duodenal Ulcers,lansoprazole,Phase 3,30.0,C_benign,0.5,0,,0.007971143849835882,0
2760,0,0.007971143849835882,NCT01452763,Gastric Ulcers; Duodenal Ulcers,lansoprazole,Phase 3,30.0,C_benign,0.5,0,,0.007971143849835882,0
2761,0,0.007677578690636695,NCT01456260,Gastric Ulcers; Duodenal Ulcers,lansoprazole,Phase 3,30.0,C_benign,0.5,0,,0.007677578690636695,0
2762,0,0.0066902437634877975,NCT01459367,Erosive Esophagitis,lansoprazole,Phase 3,25.0,C_benign,0.5,0,,0.0066902437634877975,0
2764,0,0.017484217872334947,NCT01321554,Thyroid Cancer,lenvatinib,Phase 3,60.0,B_serious_chronic,0.6,0,,0.017484217872334947,0
2765,0,0.003750178043619248,NCT01493531,gout,lesinurad,Phase 3,18.0,C_benign,0.5,0,,0.003750178043619248,0
2766,0,0.0012182548007142336,NCT01494506,Metastatic Pancreatic Cancer,leucovorin,Phase 3,95.0,A_tox_tolerated,0.65,0,,0.0012182548007142336,0
2767,0,0.004586168025936152,NCT01292837,Epilepsy; Generalized Tonic-clonic Seizures,levetiracetam,Phase 3,60.0,B_serious_chronic,0.6,0,,0.004586168025936152,0
2768,0,0.004586168025936152,NCT01398956,Epilepsy; Generalized Tonic-clonic Seizures,levetiracetam,Phase 3,60.0,B_serious_chronic,0.6,0,,0.004586168025936152,0
2769,0,0.000939630161067495,NCT01458431,pain,levobupivacaine,Phase 3,20.0,C_benign,0.5,0,,0.000939630161067495,0
2770,0,4.495298023465541e-05,NCT01227655,Parkinson's Disease,levodopa,Phase 3,55.0,B_serious_chronic,0.6,0,,4.495298023465541e-05,0
2771,0,4.6786850372576204e-05,NCT01154738,Anesthesia,lidocaine,Phase 3,15.0,C_benign,0.5,0,,4.6786850372576204e-05,0
2772,0,5.683456568277243e-05,NCT01983020,Postoperative Pain,lidocaine,Phase 3,8.0,C_benign,0.5,0,,5.683456568277243e-05,0
2773,0,0.01945649785438018,NCT01421498,dry eye syndrome,lifitegrast,Phase 3,8.0,C_benign,0.5,0,,0.01945649785438018,0
2774,0,4.292969694368139e-05,NCT01421511,skin and soft tissue bacterial infection,linezolid,Phase 3,45.0,B_serious_chronic,0.6,0,,4.292969694368139e-05,0
2775,0,0.0026806383072090433,NCT01051219,Nonalcoholic Steatohepatitis,losartan,Phase 3,55.0,B_serious_chronic,0.6,0,,0.0026806383072090433,0
2776,0,0.0002893315714064344,NCT01307046,Hypertension,losartan,Phase 3,40.0,B_serious_chronic,0.6,0,,0.0002893315714064344,0
2777,0,0.0002893315714064344,NCT01302691,Hypertension,losartan,Phase 3,40.0,B_serious_chronic,0.6,0,,0.0002893315714064344,0
2778,0,0.005574557064441105,NCT01324284,colorectal carcinoma,lubiprostone,Phase 3,82.0,A_tox_tolerated,0.65,0,,0.005574557064441105,0
2779,0,0.0015581012018703031,NCT01372423,chronic idiopathic constipation,lubiprostone,Phase 3,12.0,C_benign,0.5,0,,0.0015581012018703031,0
2780,0,0.000602577707542287,NCT01147289,Lumbar Sciatic Pain,meloxicam,Phase 3,18.0,C_benign,0.5,0,,0.000602577707542287,0
2781,0,5.6342290331230123e-05,NCT01413178,Multiple Myeloma,melphalan,Phase 3,82.0,A_tox_tolerated,0.65,1,cytotoxic_managed_toxicity,5.6342290331230123e-05,1
2782,0,0.01013092027763506,NCT01877837,Sickle Cell Disease,melphalan,Phase 3,65.0,B_serious_chronic,0.6,1,cytotoxic_managed_toxicity,0.01013092027763506,1
2783,0,0.00018709214589723893,NCT01411176,gastric cancer,menthol,Phase 3,85.0,A_tox_tolerated,0.65,0,,0.00018709214589723893,0
2784,0,0.0018995147266507167,NCT01411189,gastric cancer,menthol,Phase 3,85.0,A_tox_tolerated,0.65,0,,0.0018995147266507167,0
2785,0,0.011475686965129902,NCT01445678,Complicated Intra-abdominal Infection,meropenem,Phase 3,65.0,B_serious_chronic,0.6,0,,0.011475686965129902,0
2788,0,0.0017968254252161483,NCT01368081,Type 2 Diabetes Mellitus,metformin,Phase 3,40.0,B_serious_chronic,0.6,0,,0.0017968254252161483,0
2789,0,0.0017119469351235892,NCT01370707,Type 2 Diabetes Mellitus,metformin,Phase 3,40.0,B_serious_chronic,0.6,0,,0.0017119469351235892,0
2790,0,0.005645329253071902,NCT01381900,Type 2 Diabetes Mellitus,metformin,Phase 3,40.0,B_serious_chronic,0.6,0,,0.005645329253071902,0
2791,0,0.00015802192746498355,NCT01483560,Type 1 Diabetes,metformin,Phase 3,55.0,B_serious_chronic,0.6,0,,0.00015802192746498355,0
2792,0,0.0010639233354215118,NCT01487993,Obesity; Insulin Resistance,metformin,Phase 3,35.0,C_benign,0.5,0,,0.0010639233354215118,0
2793,0,0.005490188456365008,NCT01760447,Type 2 Diabetes Mellitus,metformin,Phase 3,40.0,B_serious_chronic,0.6,0,,0.005490188456365008,0
2794,0,0.0012373796701361098,NCT03086005,Polycystic Ovary Syndrome,metformin,Phase 3,25.0,C_benign,0.5,0,,0.0012373796701361098,0
2795,0,5.7002792240080315e-05,NCT01984099,Hydatidiform Mole,methotrexate,Phase 3,55.0,B_serious_chronic,0.6,1,cytotoxic_managed_toxicity,5.7002792240080315e-05,1
2796,0,3.937714984599505e-05,NCT01420159,pain,methoxyflurane,Phase 3,20.0,C_benign,0.5,0,,3.937714984599505e-05,0
2797,0,0.0002705591809571032,NCT01275560,Anal Incontinence,metronidazole,Phase 3,15.0,C_benign,0.5,0,,0.0002705591809571032,0
2798,0,0.0027595176598241003,NCT01473836,Intra-abdominal Infections,metronidazole,Phase 3,72.0,A_tox_tolerated,0.65,0,,0.0027595176598241003,0
2800,0,0.0017258425767818757,NCT02336477,non-dystrophic myotonia,mexiletine,Phase 3,30.0,C_benign,0.5,0,,0.0017258425767818757,0
2801,0,0.1328508091726296,NCT01436279,cervical ripening,mifepristone,Phase 3,8.0,C_benign,0.5,0,,0.1328508091726296,0
2802,0,0.12396362439506996,NCT01403662,Depression,minocycline,Phase 3,40.0,B_serious_chronic,0.6,0,,0.12396362439506996,0
2803,0,0.0038214658688766707,NCT01429272,Depression,minocycline,Phase 3,40.0,B_serious_chronic,0.6,0,,0.0038214658688766707,0
2804,0,0.00040899522299449813,NCT01412073,Cesarean complications,misoprostol,Phase 3,45.0,B_serious_chronic,0.6,0,,0.00040899522299449813,0
2805,0,0.0027619517546123426,NCT01298336,"Atypical; Mycobacterium, Pulmonary, Tuberculous",moxifloxacin,Phase 3,65.0,B_serious_chronic,0.6,0,,0.0027619517546123426,0
2806,0,0.0060567578255908095,NCT01342549,Alcohol Use Disorder,naltrexone,Phase 3,40.0,B_serious_chronic,0.6,0,,0.0060567578255908095,0
2807,0,0.09854185514176302,NCT01254188,Chronic Myeloid Leukemia,nilotinib,Phase 3,70.0,A_tox_tolerated,0.65,0,,0.09854185514176302,0
2808,0,0.059604107630862636,NCT01275196,Chronic Myeloid Leukemia,nilotinib,Phase 3,70.0,A_tox_tolerated,0.65,0,,0.059604107630862636,0
2809,0,0.0003954863028370059,NCT01257672,Gastroenteritis; Vomiting; Acute Gastroenteritis,ondansetron,Phase 3,20.0,C_benign,0.5,0,,0.0003954863028370059,0
2810,0,0.0011174263094713844,NCT01362530,Chemotherapy Induced Nausea and Vomiting,ondansetron,Phase 3,20.0,C_benign,0.5,0,,0.0011174263094713844,0
2811,0,0.00010964337196112978,NCT01395901,Postoperative Nausea and Vomiting,ondansetron,Phase 3,10.0,C_benign,0.5,0,,0.00010964337196112978,0
2812,0,4.091845146765077e-05,NCT01442376,Chemotherapy-Induced Nausea and Vomiting,ondansetron,Phase 3,20.0,C_benign,0.5,0,,4.091845146765077e-05,0
2813,0,0.00011794133958800705,NCT01231620,"Influenza, Human",oseltamivir,Phase 3,40.0,B_serious_chronic,0.6,0,,0.00011794133958800705,0
2814,0,0.001487927733153116,NCT01716624,neurogenic bladder,oxybutynin,Phase 3,30.0,C_benign,0.5,0,,0.001487927733153116,0
2815,0,0.004810413800439986,NCT01196390,Esophageal Cancer,paclitaxel,Phase 3,88.0,A_tox_tolerated,0.65,1,cytotoxic_managed_toxicity,0.004810413800439986,1
2816,0,0.001203391745412223,NCT01248403,Gastric Carcinoma,paclitaxel,Phase 3,85.0,A_tox_tolerated,0.65,1,cytotoxic_managed_toxicity,0.001203391745412223,1
2817,0,0.03379420365803341,NCT01275677,Breast Cancer,paclitaxel,Phase 3,75.0,A_tox_tolerated,0.65,1,cytotoxic_managed_toxicity,0.03379420365803341,1
2818,0,0.857707743422462,NCT01285609,Lung Cancer,paclitaxel,Phase 3,90.0,A_tox_tolerated,0.65,1,cytotoxic_managed_toxicity,0.15,1
2819,0,0.0017342891787554965,NCT01358877,Primary Breast Cancer,paclitaxel,Phase 3,80.0,A_tox_tolerated,0.65,1,cytotoxic_managed_toxicity,0.0017342891787554965,1
2820,0,0.6416828685006919,NCT01364012,Lung Cancer,paclitaxel,Phase 3,90.0,A_tox_tolerated,0.65,1,cytotoxic_managed_toxicity,0.15,1
2821,0,0.9431806232771489,NCT01462890,Ovarian Cancer,paclitaxel,Phase 3,88.0,A_tox_tolerated,0.65,1,cytotoxic_managed_toxicity,0.15,1
2822,0,0.000861304413768902,NCT04031703,Triple Negative Breast Cancer,paclitaxel,Phase 3,85.0,A_tox_tolerated,0.65,1,cytotoxic_managed_toxicity,0.000861304413768902,1
2823,0,2.962911758636315e-05,NCT01662310,schizophrenia,paliperidone,Phase 3,55.0,B_serious_chronic,0.6,0,,2.962911758636315e-05,0
2824,0,0.07294634225318311,NCT01351415,Lung Cancer,pemetrexed,Phase 3,90.0,A_tox_tolerated,0.65,1,cytotoxic_managed_toxicity,0.07294634225318311,1
2825,0,0.0001845784461755406,NCT01360762,HIV infection,pentamidine,Phase 3,62.0,B_serious_chronic,0.6,0,,0.0001845784461755406,0
2826,0,0.0004632237802445538,NCT01393743,generalized tonic-clonic seizures,perampanel,Phase 3,62.0,B_serious_chronic,0.6,0,,0.0004632237802445538,0
2827,0,5.285530612013325e-05,NCT01413958,seasonal allergic rhinitis,phenylephrine,Phase 3,8.0,C_benign,0.5,0,,5.285530612013325e-05,0
2828,0,0.00015888386470085531,NCT01366209,Idiopathic Pulmonary Fibrosis,pirfenidone,Phase 3,88.0,A_tox_tolerated,0.65,0,,0.00015888386470085531,0
2829,0,2.881600375202271e-05,NCT01146834,Multiple Myeloma,plerixafor,Phase 3,82.0,A_tox_tolerated,0.65,0,,2.881600375202271e-05,0
2830,0,0.000499714577431507,NCT01304472,Coronary Artery Disease (CAD),prasugrel,Phase 3,65.0,B_serious_chronic,0.6,0,,0.000499714577431507,0
2831,0,0.0004775476045737059,NCT01327534,Myocardial Infarction; STEMI,prasugrel,Phase 3,85.0,A_tox_tolerated,0.65,0,,0.0004775476045737059,0
2832,0,0.000534208540668194,NCT01338909,Myocardial Infarction,prasugrel,Phase 3,82.0,A_tox_tolerated,0.65,0,,0.000534208540668194,0
2833,0,3.540069652139022e-05,NCT01272635,Asthma; Wheezing,prednisolone,Phase 3,40.0,B_serious_chronic,0.6,0,,3.540069652139022e-05,0
2834,0,0.026262713758528216,NCT01308567,Prostate Cancer,prednisone,Phase 3,72.0,A_tox_tolerated,0.65,0,,0.026262713758528216,0
2835,0,7.051604567561127e-05,NCT01365598,Plasmodium falciparum malaria,primaquine,Phase 3,85.0,A_tox_tolerated,0.65,0,,7.051604567561127e-05,0
2837,0,0.007651590006945705,NCT01349010,hyperlipidemia,probucol,Phase 3,40.0,B_serious_chronic,0.6,0,,0.007651590006945705,0
2838,0,0.00036483523874692716,NCT01408186,Upper Gastrointestinal Bleeding,rabeprazole,Phase 3,80.0,A_tox_tolerated,0.65,0,,0.00036483523874692716,0
2839,0,0.00021365015793895582,NCT01573637,schizophrenia,raloxifene,Phase 3,55.0,B_serious_chronic,0.6,0,,0.00021365015793895582,0
2840,0,0.00013116543806465333,NCT01453192,HIV-1 infection,raltegravir,Phase 3,62.0,B_serious_chronic,0.6,0,,0.00013116543806465333,0
2843,0,0.0006435356132483165,NCT01472185,Type 2 Diabetes Mellitus,ranolazine,Phase 3,40.0,B_serious_chronic,0.6,0,,0.0006435356132483165,0
2844,0,0.0001648347667976497,NCT01736891,Parkinson's Disease,rasagiline,Phase 3,55.0,B_serious_chronic,0.6,0,,0.0001648347667976497,0
2845,0,1.7895955997896193e-05,NCT01318694,hepatitis C virus infection,ribavirin,Phase 3,60.0,B_serious_chronic,0.6,0,,1.7895955997896193e-05,0
2846,0,0.00011267777736418765,NCT01433887,hepatitis C virus infection,ribavirin,Phase 3,60.0,B_serious_chronic,0.6,0,,0.00011267777736418765,0
2847,0,5.388712647845692e-05,NCT01448044,hepatitis C virus infection,ribavirin,Phase 3,60.0,B_serious_chronic,0.6,0,,5.388712647845692e-05,0
2848,0,6.56488183708629e-05,NCT01468584,hepatitis C virus infection,ribavirin,Phase 3,60.0,B_serious_chronic,0.6,0,,6.56488183708629e-05,0
2849,0,6.56488183708629e-05,NCT01479868,hepatitis C virus infection,ribavirin,Phase 3,60.0,B_serious_chronic,0.6,0,,6.56488183708629e-05,0
2850,0,0.0003984834423555526,NCT00170209,Latent Tuberculosis Infection,rifampin,Phase 3,35.0,C_benign,0.5,0,,0.0003984834423555526,0
2851,0,0.0003392902151434189,NCT01266902,HIV-1 infection,rilpivirine,Phase 3,62.0,B_serious_chronic,0.6,0,,0.0003392902151434189,0
2852,0,5.238372908688909e-05,NCT01295372,Schizophrenia,risperidone,Phase 3,62.0,B_serious_chronic,0.6,0,,5.238372908688909e-05,0
2853,0,0.04760462509017726,NCT01281813,HIV-1 Infections,ritonavir,Phase 3,62.0,B_serious_chronic,0.6,0,,0.04760462509017726,0
2854,0,0.05908579373473984,NCT01335698,HIV,ritonavir,Phase 3,62.0,B_serious_chronic,0.6,0,,0.05908579373473984,0
2855,0,0.00033012795467699527,NCT01313494,Chronic Obstructive Pulmonary Disease,roflumilast,Phase 3,60.0,B_serious_chronic,0.6,0,,0.00033012795467699527,0
2856,0,2.7955366688771804e-05,NCT01405053,Lennox-Gastaut syndrome,rufinamide,Phase 3,68.0,B_serious_chronic,0.6,0,,2.7955366688771804e-05,0
2857,0,0.001003960607083117,NCT01285271,coronary artery bypass,sevoflurane,Phase 3,72.0,A_tox_tolerated,0.65,0,,0.001003960607083117,0
2859,0,3.6306146439206424e-05,NCT01266434,Asthma,simvastatin,Phase 3,40.0,B_serious_chronic,0.6,0,,3.6306146439206424e-05,0
2860,0,0.005518982541271101,NCT01334229,Type 2 Diabetes,sitagliptin,Phase 3,40.0,B_serious_chronic,0.6,0,,0.005518982541271101,0
2861,0,2.4446808877931882e-05,NCT01497366,hepatitis C virus infection,sofosbuvir,Phase 3,60.0,B_serious_chronic,0.6,0,,2.4446808877931882e-05,0
2862,0,1.3648328520839071e-05,NCT01462812,migraine,sumatriptan,Phase 3,20.0,C_benign,0.5,0,,1.3648328520839071e-05,0
2864,0,0.02180505707697059,NCT01460342,Benign Prostatic Hyperplasia,tadalafil,Phase 3,15.0,C_benign,0.5,0,,0.02180505707697059,0
2865,0,0.008886392751454213,NCT02995772,Breast Cancer,tamoxifen,Phase 3,75.0,A_tox_tolerated,0.65,0,,0.008886392751454213,0
2866,0,0.011501716415285244,NCT01433107,tinea pedis,terbinafine,Phase 3,5.0,C_benign,0.5,0,,0.011501716415285244,0
2867,0,0.007013215988218427,NCT01446042,male hypogonadism,testosterone,Phase 3,15.0,C_benign,0.5,0,,0.007013215988218427,0
2868,0,0.0001388829823179237,NCT02101359,cataract,tetracaine,Phase 3,10.0,C_benign,0.5,0,,0.0001388829823179237,0
2869,0,7.804799370691701e-05,NCT01294462,Acute Coronary Syndrome; Percutaneous Coronary Intervention,ticagrelor,Phase 3,80.0,A_tox_tolerated,0.65,0,,7.804799370691701e-05,0
2870,0,8.194229074980872e-05,NCT01360437,Coronary Artery Disease; Acute Coronary Syndrome,ticagrelor,Phase 3,80.0,A_tox_tolerated,0.65,0,,8.194229074980872e-05,0
2871,0,7.130408817365205e-05,NCT01285492,Chronic Obstructive Pulmonary Disease,tiotropium,Phase 3,60.0,B_serious_chronic,0.6,0,,7.130408817365205e-05,0
2872,0,6.762475205487211e-05,NCT01290874,asthma,tiotropium,Phase 3,42.0,B_serious_chronic,0.6,0,,6.762475205487211e-05,0
2873,0,7.530489601973559e-05,NCT01395888,COPD,tiotropium,Phase 3,60.0,B_serious_chronic,0.6,0,,7.530489601973559e-05,0
2874,0,7.598449446640334e-05,NCT01462929,Chronic Obstructive Pulmonary Disease,tiotropium,Phase 3,60.0,B_serious_chronic,0.6,0,,7.598449446640334e-05,0
2875,0,7.256109980523162e-05,NCT01490125,Chronic Obstructive Pulmonary Disease,tiotropium,Phase 3,60.0,B_serious_chronic,0.6,0,,7.256109980523162e-05,0
2876,0,0.014306201291928713,NCT01291433,radiation-induced brachial plexopathy,tocopherol acetate,Phase 3,30.0,C_benign,0.5,0,,0.014306201291928713,0
2877,0,0.12140127456282687,NCT01556646,Cirrhosis; Hepatic Encephalopathy; Hyponatremia,tolvaptan,Phase 3,85.0,A_tox_tolerated,0.65,0,,0.12140127456282687,0
2878,0,0.006835489281918948,NCT01343277,liposarcoma or leiomyosarcoma,trabectedin,Phase 3,90.0,A_tox_tolerated,0.65,1,cytotoxic_managed_toxicity,0.006835489281918948,1
2879,0,0.11713658453406314,NCT01379989,Ovarian Cancer,trabectedin,Phase 3,88.0,A_tox_tolerated,0.65,1,cytotoxic_managed_toxicity,0.11713658453406314,1
2880,0,9.454804528931915e-05,NCT01519245,Coronary Artery Disease,tranexamic acid,Phase 3,65.0,B_serious_chronic,0.6,0,,9.454804528931915e-05,0
2881,0,0.00017375650864175925,NCT02781597,Hemoptysis,tranexamic acid,Phase 3,55.0,B_serious_chronic,0.6,0,,0.00017375650864175925,0
2882,0,2.7484808113272727e-05,NCT01356602,gout,triamcinolone acetonide,Phase 3,18.0,C_benign,0.5,0,,2.7484808113272727e-05,0
2883,0,0.0412938825304151,NCT01298323,Locally Advanced or Metastatic Medullary Thyroid Cancer; Medullary Thyroid Cancer,vandetanib,Phase 3,82.0,A_tox_tolerated,0.65,0,,0.0412938825304151,0
2884,0,0.00011512283439991547,NCT01184664,smoking cessation,varenicline,Phase 3,30.0,C_benign,0.5,0,,0.00011512283439991547,0
2885,0,0.00011512283439991547,NCT01206010,smoking cessation,varenicline,Phase 3,30.0,C_benign,0.5,0,,0.00011512283439991547,0
2886,0,1.5087783586316475e-05,NCT01303861,Nicotine Dependence,varenicline,Phase 3,25.0,C_benign,0.5,0,,1.5087783586316475e-05,0
2887,0,1.5087783586316475e-05,NCT01406223,Nicotine Dependence,varenicline,Phase 3,25.0,C_benign,0.5,0,,1.5087783586316475e-05,0
2888,0,0.0021184659589445543,NCT01307397,Metastatic Melanoma,vemurafenib,Phase 3,90.0,A_tox_tolerated,0.65,0,,0.0021184659589445543,0
2889,0,0.00022866304986728973,NCT01336608,COPD,vilanterol,Phase 3,60.0,B_serious_chronic,0.6,0,,0.00022866304986728973,0
2890,0,0.0009844882465471917,NCT01497522,Type 2 Diabetes,vildagliptin,Phase 3,40.0,B_serious_chronic,0.6,0,,0.0009844882465471917,0
2891,0,0.00040420325345175503,NCT01200758,Non-Hodgkin's Lymphoma,vincristine,Phase 3,82.0,A_tox_tolerated,0.65,1,cytotoxic_managed_toxicity,0.00040420325345175503,1
2893,0,0.001559964475238979,NCT01364649,Treatment of Major Depressive Disorder,vortioxetine,Phase 3,45.0,B_serious_chronic,0.6,0,,0.001559964475238979,0
2894,0,0.0013435412799985347,NCT01211522,Delirium; Impaired Cognition; Long Term Psychologic Disorders,ziprasidone,Phase 3,45.0,B_serious_chronic,0.6,0,,0.0013435412799985347,0
2895,0,0.0006677838623001572,NCT01369576,obstructive sleep apnea,zopiclone,Phase 3,40.0,B_serious_chronic,0.6,0,,0.0006677838623001572,0
2896,0,0.00262531174968091,NCT01244815,Pediatric Bipolar Disorder,asenapine,Phase 3,50.0,B_serious_chronic,0.6,0,,0.00262531174968091,0
2897,0,0.0008170569728612262,NCT01396291,bipolar disorder,asenapine,Phase 3,52.0,B_serious_chronic,0.6,0,,0.0008170569728612262,0
2898,0,0.0004095188311612263,NCT02575729,Carpal Tunnel Syndrome,betamethasone,Phase 3,15.0,C_benign,0.5,0,,0.0004095188311612263,0
2899,0,0.006883705854646964,NCT01223352,pulmonary arterial hypertension,bosentan,Phase 3,82.0,A_tox_tolerated,0.65,0,,0.006883705854646964,0
2900,0,0.024965920216343637,NCT01423292,Laparoscopic Colecctomy,bupivacaine,Phase 3,25.0,C_benign,0.5,0,,0.024965920216343637,0
2901,0,0.0005257060361675999,NCT01395290,Diabetes,vitamin D3,Phase 3,40.0,B_serious_chronic,0.6,0,,0.0005257060361675999,0
2902,0,3.657850024311534e-05,NCT01401465,perennial allergic rhinitis,ciclesonide,Phase 3,8.0,C_benign,0.5,0,,3.657850024311534e-05,0
2903,0,3.41423878417507e-05,NCT01392677,Type 2 Diabetes,dapagliflozin,Phase 3,40.0,B_serious_chronic,0.6,0,,3.41423878417507e-05,0
2904,0,0.00018725404276472214,NCT01328041,infection,dolutegravir,Phase 3,60.0,B_serious_chronic,0.6,0,,0.00018725404276472214,0
2905,0,0.005533587087645556,NCT01504178,Parkinson's Disease,duloxetine,Phase 3,55.0,B_serious_chronic,0.6,0,,0.005533587087645556,0
2907,0,9.137173172520334e-05,NCT01372150,Major Depressive Disorder,fluoxetine,Phase 3,42.0,B_serious_chronic,0.6,0,,9.137173172520334e-05,0
2909,0,2.6087588308530566e-05,NCT01431950,asthma,fluticasone furoate,Phase 3,42.0,B_serious_chronic,0.6,0,,2.6087588308530566e-05,0
2910,0,0.01500606297393225,NCT01231347,Adenocarcinoma of the Pancreas; Advanced Solid Tumors; Cancer; Cancer of Pancreas; Cancer of the Pancreas; Metastases; Metastatic Cancer; Metastatic Pancreatic Cancer; Pancreas Cancer; Pancreatic Cancer; Bone Metastases; Endocrine Cancer; Oncology; Oncology Patients; Solid Tumors; Advanced Malignancy,gemcitabine,Phase 3,95.0,A_tox_tolerated,0.65,1,cytotoxic_managed_toxicity,0.01500606297393225,1
2912,0,6.077343416202879e-06,NCT01422876,Type 2 Diabetes,linagliptin,Phase 3,40.0,B_serious_chronic,0.6,0,,6.077343416202879e-06,0
2913,0,0.00014884911484727608,NCT01290939,glioblastoma multiforme,lomustine,Phase 3,95.0,A_tox_tolerated,0.65,1,cytotoxic_managed_toxicity,0.00014884911484727608,1
2914,0,0.00016160747695842176,NCT01505426,Diabetes,metformin,Phase 3,40.0,B_serious_chronic,0.6,0,,0.00016160747695842176,0
2915,0,3.4623597509991636e-05,NCT01235507,Rheumatoid Arthritis,methotrexate,Phase 3,58.0,B_serious_chronic,0.6,1,cytotoxic_managed_toxicity,3.4623597509991636e-05,1
2916,0,3.4623597509991636e-05,NCT01353859,Rheumatoid Arthritis,methotrexate,Phase 3,58.0,B_serious_chronic,0.6,1,cytotoxic_managed_toxicity,3.4623597509991636e-05,1
2917,0,3.1980025916523195e-05,NCT01470053,perennial allergic rhinitis,mometasone furoate,Phase 3,8.0,C_benign,0.5,0,,3.1980025916523195e-05,0
2918,0,0.002014514896982652,NCT01316107,type 2 diabetes mellitus,nateglinide,Phase 3,40.0,B_serious_chronic,0.6,0,,0.002014514896982652,0
2919,0,1.5021117660025778e-05,NCT01499134,Hypertension,nebivolol,Phase 3,40.0,B_serious_chronic,0.6,0,,1.5021117660025778e-05,0
2920,0,3.696968446719874e-05,NCT01311687,Multiple Myeloma,pomalidomide,Phase 3,82.0,A_tox_tolerated,0.65,0,,3.696968446719874e-05,0
2921,0,0.00012936849529556887,NCT01324947,Multiple Myeloma,pomalidomide,Phase 3,82.0,A_tox_tolerated,0.65,0,,0.00012936849529556887,0
2922,0,0.007650634907802542,NCT01376349,Postmenopausal Cancer,prasterone,Phase 3,82.0,A_tox_tolerated,0.65,0,,0.007650634907802542,0
2925,0,1.771706684896403e-05,NCT01306721,seasonal allergic rhinitis,pseudoephedrine,Phase 3,8.0,C_benign,0.5,0,,1.771706684896403e-05,0
2926,0,1.7895955997896193e-05,NCT01370642,hepatitis C virus infection,ribavirin,Phase 3,60.0,B_serious_chronic,0.6,0,,1.7895955997896193e-05,0
2927,0,6.56488183708629e-05,NCT01405560,hepatitis C virus infection,ribavirin,Phase 3,60.0,B_serious_chronic,0.6,0,,6.56488183708629e-05,0
2928,0,5.557731184076349e-05,NCT01405937,hepatitis C virus infection,ribavirin,Phase 3,60.0,B_serious_chronic,0.6,0,,5.557731184076349e-05,0
2929,0,0.0006221622497106663,NCT01296412,"Diabetes Mellitus, Type 2",sitagliptin,Phase 3,40.0,B_serious_chronic,0.6,0,,0.0006221622497106663,0
2931,0,0.025003500614732117,NCT01435655,transthyretin amyloid polyneuropathy,tafamidis,Phase 3,65.0,B_serious_chronic,0.6,0,,0.025003500614732117,0
2933,0,0.0004725792483989986,NCT01430754,non-24-hour sleep-wake disorder,tasimelteon,Phase 3,15.0,C_benign,0.5,0,,0.0004725792483989986,0
2934,0,0.0006522116628943757,NCT01301833,Type 2 Diabetes,teneligliptin,Phase 3,40.0,B_serious_chronic,0.6,0,,0.0006522116628943757,0
2935,0,7.095448333722869e-05,NCT01294787,Chronic Obstructive Pulmonary Disease,tiotropium,Phase 3,60.0,B_serious_chronic,0.6,0,,7.095448333722869e-05,0
2936,0,7.91619756145518e-05,NCT01431274,Chronic Obstructive Pulmonary Disease,tiotropium,Phase 3,60.0,B_serious_chronic,0.6,0,,7.91619756145518e-05,0
2937,0,7.91619756145518e-05,NCT01431287,Chronic Obstructive Pulmonary Disease,tiotropium,Phase 3,60.0,B_serious_chronic,0.6,0,,7.91619756145518e-05,0
2939,0,0.0009844882465471917,NCT01357252,Type 2 Diabetes,vildagliptin,Phase 3,40.0,B_serious_chronic,0.6,0,,0.0009844882465471917,0
2940,0,1.659790474837171e-05,NCT01115673,Pain,acetaminophen,Phase 3,15.0,C_benign,0.5,0,,1.659790474837171e-05,0
2941,0,1.659790474837171e-05,NCT01216163,Pain,acetaminophen,Phase 3,15.0,C_benign,0.5,0,,1.659790474837171e-05,0
2942,0,0.0006899841353190463,NCT04704713,polymorphic light eruption,afamelanotide,Phase 3,5.0,C_benign,0.5,0,,0.0006899841353190463,0
2943,0,0.001967016079910382,NCT01235637,Child Comfort; Morphine; Intensive Care Units; Pediatric,alfentanil,Phase 3,60.0,B_serious_chronic,0.6,0,,0.001967016079910382,0
2944,0,0.0013550123099948823,NCT01151410,Hypertension,aliskiren,Phase 3,40.0,B_serious_chronic,0.6,0,,0.0013550123099948823,0
2945,0,0.0016636416927093337,NCT01318395,pulmonary arterial hypertension,aliskiren,Phase 3,82.0,A_tox_tolerated,0.65,0,,0.0016636416927093337,0
2946,0,0.024264304483545624,NCT01715207,Marfan syndrome,aliskiren,Phase 3,60.0,B_serious_chronic,0.6,0,,0.024264304483545624,0
2947,0,6.293951545890165e-05,NCT01092221,mania,allopurinol,Phase 3,45.0,B_serious_chronic,0.6,0,,6.293951545890165e-05,0
2948,0,0.0005775180769973146,NCT01101035,cardiovascular disease,allopurinol,Phase 3,68.0,B_serious_chronic,0.6,0,,0.0005775180769973146,0
2949,0,0.0004521576095564404,NCT01289119,Type 2 Diabetes,alogliptin,Phase 3,40.0,B_serious_chronic,0.6,0,,0.0004521576095564404,0
2950,0,0.04403257871111901,NCT01224210,portopulmonary hypertension,ambrisentan,Phase 3,82.0,A_tox_tolerated,0.65,0,,0.04403257871111901,0
2951,0,0.027970107277095407,NCT01173809,atrial fibrillation,amiodarone,Phase 3,55.0,B_serious_chronic,0.6,0,,0.027970107277095407,0
2952,0,2.223969387270113e-05,NCT01194219,plaque psoriasis,apremilast,Phase 3,25.0,C_benign,0.5,0,,2.223969387270113e-05,0
2953,0,3.4632045241541744e-05,NCT01232283,plaque psoriasis,apremilast,Phase 3,25.0,C_benign,0.5,0,,3.4632045241541744e-05,0
2955,0,1.8308121210104445e-05,NCT01072929,Major Depression,armodafinil,Phase 3,42.0,B_serious_chronic,0.6,0,,1.8308121210104445e-05,0
2956,0,7.354210349579639e-05,NCT01142596,schizophrenia,asenapine,Phase 3,55.0,B_serious_chronic,0.6,0,,7.354210349579639e-05,0
2957,0,0.049859811118718886,NCT01140451,Cystic Fibrosis,ataluren,Phase 3,70.0,A_tox_tolerated,0.65,0,,0.049859811118718886,0
2958,0,0.021880547472639227,NCT01236365,Type 1 Diabetes,atorvastatin,Phase 3,55.0,B_serious_chronic,0.6,0,,0.021880547472639227,0
2959,0,0.31171843633796753,NCT01074047,Acute Myeloid Leukemia,azacitidine,Phase 3,90.0,A_tox_tolerated,0.65,1,cytotoxic_managed_toxicity,0.15,1
2960,0,8.997568974317644e-05,NCT01133626,perennial allergic rhinitis,beclomethasone dipropionate,Phase 3,8.0,C_benign,0.5,0,,8.997568974317644e-05,0
2961,0,0.0024498889553361655,NCT01059630,Non-Hodgkin's Lymphoma,bendamustine,Phase 3,82.0,A_tox_tolerated,0.65,1,cytotoxic_managed_toxicity,0.0024498889553361655,1
2962,0,0.5992639518304369,NCT01073163,Cell Lymphoma,bendamustine,Phase 3,85.0,A_tox_tolerated,0.65,1,cytotoxic_managed_toxicity,0.15,1
2963,0,0.00041362206399257534,NCT01222247,Pregnancy; Respiratory Distress Syndrome; Pregnancy Outcomes; Preterm Birth,betamethasone,Phase 3,80.0,A_tox_tolerated,0.65,0,,0.00041362206399257534,0
2964,0,0.09086457231856945,NCT01218607,Mild Pulmonary Vascular Disease,bosentan,Phase 3,45.0,B_serious_chronic,0.6,0,,0.09086457231856945,0
2965,0,0.10867975147031958,NCT01143181,adenovirus infection,brincidofovir,Phase 3,30.0,C_benign,0.5,0,,0.10867975147031958,0
2966,0,3.506713519572458e-05,NCT01261325,epilepsy,brivaracetam,Phase 3,58.0,B_serious_chronic,0.6,0,,3.506713519572458e-05,0
2968,0,0.006250134401994967,NCT01100112,"Colitis, Ulcerative",budesonide,Phase 3,55.0,B_serious_chronic,0.6,0,,0.006250134401994967,0
2969,0,0.00010796480854489395,NCT01209208,Lymphocytic Colitis,budesonide,Phase 3,18.0,C_benign,0.5,0,,0.00010796480854489395,0
2970,0,0.006046262295673537,NCT01114308,opioid use disorder,buprenorphine,Phase 3,45.0,B_serious_chronic,0.6,0,,0.006046262295673537,0
2972,0,0.0026305648830737237,NCT00943618,Smoking Cessation,bupropion,Phase 3,25.0,C_benign,0.5,0,,0.0026305648830737237,0
2973,0,0.0008854218074620095,NCT01135212,essential hypertension,candesartan cilexetil,Phase 3,42.0,B_serious_chronic,0.6,0,,0.0008854218074620095,0
2974,0,0.38492399978420777,NCT01026142,Metastatic Breast Cancer,capecitabine,Phase 3,88.0,A_tox_tolerated,0.65,1,cytotoxic_managed_toxicity,0.15,1
2975,0,0.0002133742317041781,NCT01097018,Advanced Colorectal Cancer,capecitabine,Phase 3,85.0,A_tox_tolerated,0.65,1,cytotoxic_managed_toxicity,0.0002133742317041781,1
2976,0,0.011732302226165262,NCT01112826,Breast Cancer,capecitabine,Phase 3,75.0,A_tox_tolerated,0.65,1,cytotoxic_managed_toxicity,0.011732302226165262,1
2977,0,0.012111512292293682,NCT05029297,diabetic neuropathy,capsaicin,Phase 3,30.0,C_benign,0.5,0,,0.012111512292293682,0
2978,0,0.0004904480402734392,NCT01058096,bipolar disorder,cariprazine,Phase 3,52.0,B_serious_chronic,0.6,0,,0.0004904480402734392,0
2979,0,0.0017765184038811856,NCT01058668,Bipolar I Disorder,cariprazine,Phase 3,40.0,B_serious_chronic,0.6,0,,0.0017765184038811856,0
2980,0,0.003515763513321126,NCT01059539,Bipolar I Disorder,cariprazine,Phase 3,40.0,B_serious_chronic,0.6,0,,0.003515763513321126,0
2981,0,2.6728774235727554e-05,NCT01104766,schizophrenia,cariprazine,Phase 3,55.0,B_serious_chronic,0.6,0,,2.6728774235727554e-05,0
2982,0,3.634507980102944e-05,NCT01104779,schizophrenia,cariprazine,Phase 3,55.0,B_serious_chronic,0.6,0,,3.634507980102944e-05,0
2983,0,7.280655487934301e-05,NCT01104792,schizophrenia,cariprazine,Phase 3,55.0,B_serious_chronic,0.6,0,,7.280655487934301e-05,0
2985,0,0.0003771644894737844,NCT01138475,Gastric Bypass; Parathyroid Hormone,vitamin D3,Phase 3,25.0,C_benign,0.5,0,,0.0003771644894737844,0
2986,0,0.00037780662810501495,NCT01190683,vitamin D deficiency,vitamin D3,Phase 3,15.0,C_benign,0.5,0,,0.00037780662810501495,0
2987,0,2.082542162796287e-05,NCT02005718,chronic kidney disease,vitamin D3,Phase 3,62.0,B_serious_chronic,0.6,0,,2.082542162796287e-05,0
2988,0,0.012800185847547736,NCT00975221,"Hyperparathyroidism, Primary; Hypercalcemia",cinacalcet,Phase 3,45.0,B_serious_chronic,0.6,0,,0.012800185847547736,0
2989,0,5.173799253001912e-05,NCT01208922,Traveler's Diarrhea,ciprofloxacin,Phase 3,12.0,C_benign,0.5,0,,5.173799253001912e-05,0
2990,0,2.1207006235082802e-05,NCT01179828,Low back pain,clobazam,Phase 3,18.0,C_benign,0.5,0,,2.1207006235082802e-05,0
2991,0,0.00040623193010321115,NCT01031680,Type 2 Diabetes Mellitus,dapagliflozin,Phase 3,40.0,B_serious_chronic,0.6,0,,0.00040623193010321115,0
2992,0,0.00040623193010321115,NCT01042977,Type 2 Diabetes Mellitus,dapagliflozin,Phase 3,40.0,B_serious_chronic,0.6,0,,0.00040623193010321115,0
2993,0,3.762674841589599e-05,NCT01095653,Type 2 Diabetes,dapagliflozin,Phase 3,40.0,B_serious_chronic,0.6,0,,3.762674841589599e-05,0
2994,0,3.742176054505835e-05,NCT01095666,Type 2 Diabetes,dapagliflozin,Phase 3,40.0,B_serious_chronic,0.6,0,,3.742176054505835e-05,0
2995,0,3.41423878417507e-05,NCT01137474,Type 2 Diabetes,dapagliflozin,Phase 3,40.0,B_serious_chronic,0.6,0,,3.41423878417507e-05,0
2996,0,3.41423878417507e-05,NCT01195662,Type 2 Diabetes,dapagliflozin,Phase 3,40.0,B_serious_chronic,0.6,0,,3.41423878417507e-05,0
2997,0,0.0007771575603813648,NCT01184872,Infections,daptomycin,Phase 3,55.0,B_serious_chronic,0.6,0,,0.0007771575603813648,0
2998,0,0.00016283273248502474,NCT01219881,Cystoscopes; Baxter Anaesthesia Brand of Desflurane; Sevoflurane,desflurane,Phase 3,10.0,C_benign,0.5,0,,0.00016283273248502474,0
2999,0,0.19038118491549189,NCT01527786,Depression,desvenlafaxine,Phase 3,40.0,B_serious_chronic,0.6,0,,0.19038118491549189,0
3000,0,0.0002199303724614468,NCT01062568,Development,dexamethasone,Phase 3,10.0,C_benign,0.5,0,,0.0002199303724614468,0
3002,0,5.8717300050606784e-05,NCT01176240,Parkinson's Disease,droxidopa,Phase 3,55.0,B_serious_chronic,0.6,0,,5.8717300050606784e-05,0
3004,0,0.00418295500156464,NCT01140906,Major Depressive Disorder,duloxetine,Phase 3,42.0,B_serious_chronic,0.6,0,,0.00418295500156464,0
3005,0,0.0005294214555408986,NCT01212991,Metastatic Prostate Cancer,enzalutamide,Phase 3,82.0,A_tox_tolerated,0.65,0,,0.0005294214555408986,0
3006,0,0.0005686549849510375,NCT01115855,Heart Failure,eplerenone,Phase 3,80.0,A_tox_tolerated,0.65,0,,0.0005686549849510375,0
3007,0,0.002019456984232243,NCT01319344,Metabolic Syndrome; Endothelial Dysfunction,eplerenone,Phase 3,38.0,C_benign,0.5,0,,0.002019456984232243,0
3008,0,0.006742942428711693,NCT01069900,intra-abdominal infection,ertapenem,Phase 3,75.0,A_tox_tolerated,0.65,0,,0.006742942428711693,0
3009,0,0.0006790042939827688,NCT01422720,epilepsy,eslicarbazepine acetate,Phase 3,58.0,B_serious_chronic,0.6,0,,0.0006790042939827688,0
3010,0,0.00539995404494442,NCT01069939,Prevention,esomeprazole,Phase 3,15.0,C_benign,0.5,0,,0.00539995404494442,0
3011,0,0.000777683924380878,NCT01198834,ankle sprain,etodolac,Phase 3,5.0,C_benign,0.5,0,,0.000777683924380878,0
3012,0,0.1480051614433769,NCT01091675,ankylosing spondylitis,etoricoxib,Phase 3,52.0,B_serious_chronic,0.6,0,,0.1480051614433769,0
3013,0,0.00016537520412788798,NCT01199861,Multiple Sclerosis,fingolimod,Phase 3,60.0,B_serious_chronic,0.6,0,,0.00016537520412788798,0
3014,0,0.00043343767907684375,NCT01201356,Multiple Sclerosis,fingolimod,Phase 3,60.0,B_serious_chronic,0.6,0,,0.00043343767907684375,0
3015,0,2.6087588308530566e-05,NCT01086384,asthma,fluticasone furoate,Phase 3,42.0,B_serious_chronic,0.6,0,,2.6087588308530566e-05,0
3016,0,2.0829645236890952e-05,NCT01159912,asthma,fluticasone furoate,Phase 3,42.0,B_serious_chronic,0.6,0,,2.0829645236890952e-05,0
3017,0,0.011122645872930643,NCT00981058,Lung Cancer,gemcitabine,Phase 3,90.0,A_tox_tolerated,0.65,1,cytotoxic_managed_toxicity,0.011122645872930643,1
3018,0,0.0038157541030886936,NCT01072981,Surgically Resected Pancreatic Cancer,gemcitabine,Phase 3,85.0,A_tox_tolerated,0.65,1,cytotoxic_managed_toxicity,0.0038157541030886936,1
3019,0,4.976760912129453e-05,NCT01167881,Type 2 Diabetes,glimepiride,Phase 3,40.0,B_serious_chronic,0.6,0,,4.976760912129453e-05,0
3020,0,4.976760912129453e-05,NCT01189890,Type 2 Diabetes Mellitus,glimepiride,Phase 3,40.0,B_serious_chronic,0.6,0,,4.976760912129453e-05,0
3021,0,0.00012442257016137903,NCT01087658,colorectal cancer,glutamine,Phase 3,82.0,A_tox_tolerated,0.65,0,,0.00012442257016137903,0
3024,0,0.0011291312054075467,NCT01171794,Altitude Sickness,ibuprofen,Phase 3,25.0,C_benign,0.5,0,,0.0011291312054075467,0
3025,0,0.004255626050360983,NCT01151852,Gastrointestinal Stromal Tumors,imatinib,Phase 3,72.0,A_tox_tolerated,0.65,0,,0.004255626050360983,0
3026,0,0.00011366451132919597,NCT01068600,chronic obstructive pulmonary disease,indacaterol,Phase 3,60.0,B_serious_chronic,0.6,0,,0.00011366451132919597,0
3027,0,0.00010406563278933165,NCT01079130,asthma,indacaterol,Phase 3,42.0,B_serious_chronic,0.6,0,,0.00010406563278933165,0
3028,0,7.493918167586514e-05,NCT01089127,Chronic Obstructive Pulmonary Disease,indacaterol,Phase 3,60.0,B_serious_chronic,0.6,0,,7.493918167586514e-05,0
3029,0,0.04553628844009529,NCT01117012,cystic fibrosis,ivacaftor,Phase 3,68.0,B_serious_chronic,0.6,0,,0.04553628844009529,0
3031,0,0.0005169485556107008,NCT00770133,allergic conjunctivitis,ketotifen,Phase 3,8.0,C_benign,0.5,0,,0.0005169485556107008,0
3032,0,0.006667528305390869,NCT01509261,Erosive Esophagitis; GERD,lansoprazole,Phase 3,25.0,C_benign,0.5,0,,0.006667528305390869,0
3033,0,8.998199174207838e-05,NCT01029262,Anemia,lenalidomide,Phase 3,30.0,C_benign,0.5,0,,8.998199174207838e-05,0
3034,0,1.6591815078872388e-05,NCT01109004,Multiple Myeloma,lenalidomide,Phase 3,82.0,A_tox_tolerated,0.65,0,,1.6591815078872388e-05,0
3035,0,0.00010081943482538032,NCT01243476,Myelodysplastic Syndrome,lenalidomide,Phase 3,75.0,A_tox_tolerated,0.65,0,,0.00010081943482538032,0
3036,0,0.16094805538808593,NCT01121848,Pancreatic Cancer,leucovorin,Phase 3,95.0,A_tox_tolerated,0.65,0,,0.16094805538808593,0
3037,0,0.004586168025936152,NCT01063764,Epilepsy; Partial Seizures,levetiracetam,Phase 3,56.0,B_serious_chronic,0.6,0,,0.004586168025936152,0
3038,0,0.0013632282022731112,NCT01228747,Epilepsy; Generalized Tonic-Clonic Seizures,levetiracetam,Phase 3,60.0,B_serious_chronic,0.6,0,,0.0013632282022731112,0
3039,0,5.794216628213806e-05,NCT01198834,ankle sprain,lidocaine,Phase 3,5.0,C_benign,0.5,0,,5.794216628213806e-05,0
3040,0,7.582541629498191e-06,NCT01087502,diabetes Mellitus,linagliptin,Phase 3,42.0,B_serious_chronic,0.6,0,,7.582541629498191e-06,0
3041,0,6.077343416202879e-06,NCT01194830,Type 2 Diabetes,linagliptin,Phase 3,40.0,B_serious_chronic,0.6,0,,6.077343416202879e-06,0
3042,0,7.5003990906288975e-06,NCT01204294,"Diabetes Mellitus, Type 2",linagliptin,Phase 3,40.0,B_serious_chronic,0.6,0,,7.5003990906288975e-06,0
3043,0,9.162857991514619e-06,NCT01214239,"Diabetes Mellitus, Type 2",linagliptin,Phase 3,40.0,B_serious_chronic,0.6,0,,9.162857991514619e-06,0
3044,0,9.162857991514619e-06,NCT01215097,"Diabetes Mellitus, Type 2",linagliptin,Phase 3,40.0,B_serious_chronic,0.6,0,,9.162857991514619e-06,0
3045,0,4.292969694368139e-05,NCT01170221,skin and soft tissue bacterial infection,linezolid,Phase 3,45.0,B_serious_chronic,0.6,0,,4.292969694368139e-05,0
3046,0,0.026411999767607885,NCT01060072,inflammation,loteprednol etabonate,Phase 3,30.0,C_benign,0.5,0,,0.026411999767607885,0
3047,0,0.006155168768892397,NCT01298219,opioid-induced constipation,lubiprostone,Phase 3,12.0,C_benign,0.5,0,,0.006155168768892397,0
3048,0,0.00038821845410658677,NCT01173562,Healthy Volunteers,mebendazole,Phase 3,5.0,C_benign,0.5,0,,0.00038821845410658677,0
3049,0,8.93095796564865e-05,NCT01357031,Migraine,melatonin,Phase 3,20.0,C_benign,0.5,0,,8.93095796564865e-05,0
3050,0,2.8881332361407723e-05,NCT01209208,Lymphocytic Colitis,mesalamine,Phase 3,18.0,C_benign,0.5,0,,2.8881332361407723e-05,0
3051,0,2.6512392036224108e-05,NCT01412372,irritable bowel syndrome,mesalamine,Phase 3,15.0,C_benign,0.5,0,,2.6512392036224108e-05,0
3052,0,0.021435460262177283,NCT01034111,Type 2 Diabetes Mellitus,metformin,Phase 3,40.0,B_serious_chronic,0.6,0,,0.021435460262177283,0
3053,0,0.0017860593955611333,NCT01076075,Type 2 Diabetes Mellitus,metformin,Phase 3,40.0,B_serious_chronic,0.6,0,,0.0017860593955611333,0
3054,0,0.00016160747695842176,NCT01106625,"Diabetes Mellitus, Type 2",metformin,Phase 3,40.0,B_serious_chronic,0.6,0,,0.00016160747695842176,0
3055,0,0.0017119469351235892,NCT01126580,Type 2 Diabetes Mellitus,metformin,Phase 3,40.0,B_serious_chronic,0.6,0,,0.0017119469351235892,0
3056,0,6.948017259551016e-05,NCT01137812,"Diabetes Mellitus, Type 2",metformin,Phase 3,40.0,B_serious_chronic,0.6,0,,6.948017259551016e-05,0
3057,0,0.005645329253071902,NCT01169779,Type 2 Diabetes Mellitus,metformin,Phase 3,40.0,B_serious_chronic,0.6,0,,0.005645329253071902,0
3058,0,3.4623597509991636e-05,NCT01063062,Rheumatoid Arthritis,methotrexate,Phase 3,58.0,B_serious_chronic,0.6,1,cytotoxic_managed_toxicity,3.4623597509991636e-05,1
3059,0,1.0122027891071538e-05,NCT01142726,Rheumatoid Arthritis,methotrexate,Phase 3,58.0,B_serious_chronic,0.6,1,cytotoxic_managed_toxicity,1.0122027891071538e-05,1
3060,0,0.0014831532662576692,NCT01188798,Graft-versus-host Disease,methotrexate,Phase 3,78.0,A_tox_tolerated,0.65,1,cytotoxic_managed_toxicity,0.0014831532662576692,1
3061,0,1.003095977610099e-05,NCT01232920,Uveitis,methotrexate,Phase 3,40.0,B_serious_chronic,0.6,1,cytotoxic_managed_toxicity,1.003095977610099e-05,1
3062,0,5.757053600439873e-05,NCT01251614,Plaque Psoriasis,methotrexate,Phase 3,35.0,C_benign,0.5,1,cytotoxic_managed_toxicity,5.757053600439873e-05,1
3063,0,0.0002177136004990663,NCT01186770,constipation,methylnaltrexone,Phase 3,8.0,C_benign,0.5,0,,0.0002177136004990663,0
3064,0,0.2143354916589426,NCT01371565,pituitary-dependent Cushing's disease,mifepristone,Phase 3,60.0,B_serious_chronic,0.6,0,,0.2143354916589426,0
3065,0,0.0011406891812567109,NCT01302964,Autism Spectrum Disorders,mirtazapine,Phase 3,20.0,C_benign,0.5,0,,0.0011406891812567109,0
3066,0,2.4379787958717126e-05,NCT02937285,Multiple Sclerosis,mitoxantrone,Phase 3,60.0,B_serious_chronic,0.6,1,cytotoxic_managed_toxicity,2.4379787958717126e-05,1
3067,0,1.91889004560812e-05,NCT01440621,in Cancer,modafinil,Phase 3,85.0,A_tox_tolerated,0.65,0,,1.91889004560812e-05,0
3068,0,5.6939461840627026e-05,NCT01135134,perennial allergic rhinitis,mometasone furoate,Phase 3,8.0,C_benign,0.5,0,,5.6939461840627026e-05,0
3069,0,0.037130046223250085,NCT01002742,Graft-versus-Host Disease; Immune System Disorders,mycophenolate mofetil,Phase 3,78.0,A_tox_tolerated,0.65,0,,0.037130046223250085,0
3070,0,0.017979600320301627,NCT01092962,Idiopathic Nephrotic Syndrome,mycophenolate mofetil,Phase 3,55.0,B_serious_chronic,0.6,0,,0.017979600320301627,0
3071,0,0.0013583196974893874,NCT01232920,Uveitis,mycophenolate mofetil,Phase 3,40.0,B_serious_chronic,0.6,1,cytotoxic_managed_toxicity,0.0013583196974893874,1
3072,0,0.010389225391258142,NCT01140217,Contraceptive Usage,norethindrone acetate,Phase 3,5.0,C_benign,0.5,0,,0.010389225391258142,0
3073,0,0.00031143886427480703,NCT01065649,gastroesophageal reflux disease,nortriptyline,Phase 3,15.0,C_benign,0.5,0,,0.00031143886427480703,0
3074,0,0.0005126046546165586,NCT01150162,Gastric Ulcer,omeprazole,Phase 3,30.0,C_benign,0.5,0,,0.0005126046546165586,0
3075,0,0.0006279646503208052,NCT01338077,Gastroesophageal Reflux Disease; Heartburn,omeprazole,Phase 3,20.0,C_benign,0.5,0,,0.0006279646503208052,0
3076,0,0.00041775591190296906,NCT01121042,Schizoaffective and Schizophreniform Disorders; Schizophrenia,ondansetron,Phase 3,62.0,B_serious_chronic,0.6,0,,0.00041775591190296906,0
3077,0,0.9792338444240507,NCT01084876,Metastatic Breast Cancer,paclitaxel,Phase 3,88.0,A_tox_tolerated,0.65,1,cytotoxic_managed_toxicity,0.15,1
3078,0,0.8592844817065121,NCT01107626,Lung Cancer,paclitaxel,Phase 3,90.0,A_tox_tolerated,0.65,1,cytotoxic_managed_toxicity,0.15,1
3079,0,0.7611706814004092,NCT01166542,Neck Cancer,paclitaxel,Phase 3,85.0,A_tox_tolerated,0.65,1,cytotoxic_managed_toxicity,0.15,1
3080,0,0.003495102202318213,NCT01170663,Gastric Cancer,paclitaxel,Phase 3,85.0,A_tox_tolerated,0.65,1,cytotoxic_managed_toxicity,0.003495102202318213,1
3081,0,0.9428803783772899,NCT01204749,Ovarian Cancer,paclitaxel,Phase 3,88.0,A_tox_tolerated,0.65,1,cytotoxic_managed_toxicity,0.15,1
3082,0,0.9805434918913418,NCT01239732,Ovarian Cancer,paclitaxel,Phase 3,88.0,A_tox_tolerated,0.65,1,cytotoxic_managed_toxicity,0.15,1
3083,0,0.08810695114660766,NCT04127019,Breast Cancer,paclitaxel,Phase 3,75.0,A_tox_tolerated,0.65,1,cytotoxic_managed_toxicity,0.08810695114660766,1
3084,0,0.007746509877866033,NCT01034163,Hodgkin lymphoma,panobinostat,Phase 3,75.0,A_tox_tolerated,0.65,0,,0.007746509877866033,0
3085,0,0.0002416695978340575,NCT01188798,Graft-versus-host Disease,pentostatin,Phase 3,78.0,A_tox_tolerated,0.65,1,cytotoxic_managed_toxicity,0.0002416695978340575,1
3086,0,6.915142867297989e-05,NCT01284556,epilepsy,phenobarbital,Phase 3,58.0,B_serious_chronic,0.6,0,,6.915142867297989e-05,0
3087,0,5.3798368654483306e-05,NCT01225081,Type 2 Diabetes Mellitus,pioglitazone,Phase 3,40.0,B_serious_chronic,0.6,0,,5.3798368654483306e-05,0
3089,0,0.0006049446767702135,NCT01155765,Hemodialysis; Chronic Renal Failure,prasugrel,Phase 3,78.0,A_tox_tolerated,0.65,0,,0.0006049446767702135,0
3090,0,0.000512386042268055,NCT01336348,ST Segment Elevation Myocardial Infarction,prasugrel,Phase 3,82.0,A_tox_tolerated,0.65,0,,0.000512386042268055,0
3091,0,1.8919602790951336e-05,NCT01353235,Chronic Obstructive Pulmonary Disease,prednisolone,Phase 3,60.0,B_serious_chronic,0.6,0,,1.8919602790951336e-05,0
3092,0,2.7929954172513763e-05,NCT01124838,Uveitis,prednisone,Phase 3,40.0,B_serious_chronic,0.6,0,,2.7929954172513763e-05,0
3093,0,2.7929954172513763e-05,NCT01138657,Uveitis,prednisone,Phase 3,40.0,B_serious_chronic,0.6,0,,2.7929954172513763e-05,0
3094,0,0.0922110234055893,NCT01193244,Prostate Cancer,prednisone,Phase 3,72.0,A_tox_tolerated,0.65,0,,0.0922110234055893,0
3095,0,0.0922110234055893,NCT01193257,Prostate Cancer,prednisone,Phase 3,72.0,A_tox_tolerated,0.65,0,,0.0922110234055893,0
3096,0,0.008178987143506584,NCT01143064,Brain Injuries,progesterone,Phase 3,70.0,A_tox_tolerated,0.65,0,,0.008178987143506584,0
3097,0,4.106279019027853e-05,NCT01116206,constipation,prucalopride,Phase 3,8.0,C_benign,0.5,0,,4.106279019027853e-05,0
3098,0,2.7312083401758134e-05,NCT01147926,constipation,prucalopride,Phase 3,8.0,C_benign,0.5,0,,2.7312083401758134e-05,0
3099,0,2.7312083401758134e-05,NCT01251822,constipation,prucalopride,Phase 3,8.0,C_benign,0.5,0,,2.7312083401758134e-05,0
3100,0,0.00031662844386426024,NCT01197846,Bipolar Disorder,quetiapine,Phase 3,40.0,B_serious_chronic,0.6,0,,0.00031662844386426024,0
3101,0,0.023913671801978093,NCT01258049,Plasmodium falciparum malaria,quinine,Phase 3,85.0,A_tox_tolerated,0.65,0,,0.023913671801978093,0
3102,0,3.816536487532212e-05,NCT01231516,infection,raltegravir,Phase 3,60.0,B_serious_chronic,0.6,0,,3.816536487532212e-05,0
3103,0,0.010066774080472954,NCT01174173,Angina; Pulmonary Arterial Hypertension,ranolazine,Phase 3,80.0,A_tox_tolerated,0.65,0,,0.010066774080472954,0
3104,0,5.557731184076349e-05,NCT01241760,hepatitis C virus infection,ribavirin,Phase 3,60.0,B_serious_chronic,0.6,0,,5.557731184076349e-05,0
3105,0,1.8219508090892086e-05,NCT01263860,hepatitis C virus infection,ribavirin,Phase 3,60.0,B_serious_chronic,0.6,0,,1.8219508090892086e-05,0
3106,0,0.007080804282914681,NCT01106586,HIV; HIV Infections,ritonavir,Phase 3,62.0,B_serious_chronic,0.6,0,,0.007080804282914681,0
3107,0,0.014558092802306022,NCT01094886,"Arthritis; Osteoarthritis, Knee; Osteoarthritis, Hip; Thromboembolism",rivaroxaban,Phase 3,40.0,B_serious_chronic,0.6,0,,0.014558092802306022,0
3109,0,0.000228029828949059,NCT01082744,Pain,ropivacaine,Phase 3,15.0,C_benign,0.5,0,,0.000228029828949059,0
3110,0,0.00020476642496583243,NCT01151540,Lennox-Gastaut syndrome,rufinamide,Phase 3,68.0,B_serious_chronic,0.6,0,,0.00020476642496583243,0
3112,0,0.0004874195250725039,NCT01098318,Major Depressive Disorder,sertraline,Phase 3,42.0,B_serious_chronic,0.6,0,,0.0004874195250725039,0
3113,0,0.1840918879267277,NCT01214382,Roux en Y Gastric Bypass Surgery,sertraline,Phase 3,35.0,C_benign,0.5,0,,0.1840918879267277,0
3114,0,7.996473223658117e-05,NCT01120405,coronary artery disease,sevoflurane,Phase 3,68.0,B_serious_chronic,0.6,0,,7.996473223658117e-05,0
3115,0,7.664410744399492e-05,NCT01219881,Cystoscopes; Baxter Anaesthesia Brand of Desflurane; Sevoflurane,sevoflurane,Phase 3,10.0,C_benign,0.5,0,,7.664410744399492e-05,0
3117,0,0.0009516732993772247,NCT02134626,Portal Hypertension; Esophageal Varices; Liver Cirrhosis,simvastatin,Phase 3,82.0,A_tox_tolerated,0.65,0,,0.0009516732993772247,0
3118,0,0.0009288418561480211,NCT01081834,"Diabetes Mellitus, Type 2",sitagliptin,Phase 3,40.0,B_serious_chronic,0.6,0,,0.0009288418561480211,0
3119,0,0.0006273156318570923,NCT01106677,"Diabetes Mellitus, Type 2",sitagliptin,Phase 3,40.0,B_serious_chronic,0.6,0,,0.0006273156318570923,0
3120,0,0.0030194149130847807,NCT01177813,Type 2 Diabetes,sitagliptin,Phase 3,40.0,B_serious_chronic,0.6,0,,0.0030194149130847807,0
3121,0,0.0030208018027474397,NCT01340768,Type 2 Diabetes,sitagliptin,Phase 3,40.0,B_serious_chronic,0.6,0,,0.0030208018027474397,0
3122,0,0.0014713390461892784,NCT00803023,fibromyalgia,sodium oxybate,Phase 3,15.0,C_benign,0.5,0,,0.0014713390461892784,0
3124,0,0.002107508657676704,NCT01235637,Child Comfort; Morphine; Intensive Care Units; Pediatric,sufentanil,Phase 3,60.0,B_serious_chronic,0.6,0,,0.002107508657676704,0
3125,0,0.6193007729904425,NCT01265901,Cell Carcinoma,sunitinib,Phase 3,85.0,A_tox_tolerated,0.65,0,,0.6193007729904425,0
3126,0,0.010392824520358283,NCT01139762,Benign Prostatic Hyperplasia; Enlarged Prostate,tadalafil,Phase 3,15.0,C_benign,0.5,0,,0.010392824520358283,0
3127,0,0.009384547360019617,NCT01152190,Benign Prostatic Hyperplasia,tadalafil,Phase 3,15.0,C_benign,0.5,0,,0.009384547360019617,0
3128,0,0.0001968138785655014,NCT01222520,Hypertension,telmisartan,Phase 3,40.0,B_serious_chronic,0.6,0,,0.0001968138785655014,0
3129,0,0.00015203430768660281,NCT01119937,chronic obstructive pulmonary disease,tiotropium,Phase 3,60.0,B_serious_chronic,0.6,0,,0.00015203430768660281,0
3130,0,0.0037555521401025005,NCT01076010,Subjects Who Have Participated in a Study of Tivozanib Versus Sorafenib in Kidney Carcinoma,tivozanib,Phase 3,80.0,A_tox_tolerated,0.65,0,,0.0037555521401025005,0
3131,0,2.3062774549722436e-05,NCT01179828,Low back pain,tolterodine,Phase 3,18.0,C_benign,0.5,0,,2.3062774549722436e-05,0
3132,0,0.06761948866783804,NCT01214421,Autosomal Dominant Polycystic Kidney Disease (ADPKD),tolvaptan,Phase 3,55.0,B_serious_chronic,0.6,0,,0.06761948866783804,0
3133,0,0.01324596167895889,NCT01349348,Ascites; Hepatic Cirrhosis,tolvaptan,Phase 3,80.0,A_tox_tolerated,0.65,0,,0.01324596167895889,0
3134,0,0.013706962773506784,NCT01417754,Circulatory; Change,toremifene,Phase 3,30.0,C_benign,0.5,0,,0.013706962773506784,0
3135,0,0.0008545321123129624,NCT01306370,Knee Arthropathy,tranexamic acid,Phase 3,20.0,C_benign,0.5,0,,0.0008545321123129624,0
3136,0,0.0001817070212008221,NCT01142258,Sleep Disorder,trazodone,Phase 3,15.0,C_benign,0.5,0,,0.0001817070212008221,0
3137,0,2.581829405405689e-05,NCT01572350,diabetic macular edema,triamcinolone acetonide,Phase 3,30.0,C_benign,0.5,0,,2.581829405405689e-05,0
3138,0,0.0007701627799601826,NCT01176409,Human Immunodeficiency Virus; Herpes Simplex,valacyclovir,Phase 3,62.0,B_serious_chronic,0.6,0,,0.0007701627799601826,0
3139,0,1.5475881864015833e-05,NCT00943618,Smoking Cessation,varenicline,Phase 3,25.0,C_benign,0.5,0,,1.5475881864015833e-05,0
3140,0,0.00032443128301190484,NCT01162239,nicotine dependence,varenicline,Phase 3,30.0,C_benign,0.5,0,,0.00032443128301190484,0
3141,0,9.185448862992346e-05,NCT01314001,nicotine dependence,varenicline,Phase 3,30.0,C_benign,0.5,0,,9.185448862992346e-05,0
3142,0,0.000521571678011029,NCT01006980,Metastatic Melanoma,vemurafenib,Phase 3,90.0,A_tox_tolerated,0.65,0,,0.000521571678011029,0
3144,0,0.010644630329865516,NCT01122641,Insulin Resistance; Microvascular Disease,vildagliptin,Phase 3,40.0,B_serious_chronic,0.6,0,,0.010644630329865516,0
3145,0,0.001603237664135514,NCT01159249,Type 2 Diabetes,vildagliptin,Phase 3,40.0,B_serious_chronic,0.6,0,,0.001603237664135514,0
3146,0,0.05410759890058322,NCT01224366,Type 2 Diabetes Mellitus,vildagliptin,Phase 3,40.0,B_serious_chronic,0.6,0,,0.05410759890058322,0
3147,0,0.054108169174584705,NCT01233622,Type 2 Diabetes Mellitus,vildagliptin,Phase 3,40.0,B_serious_chronic,0.6,0,,0.054108169174584705,0
3148,0,0.0009844882465471917,NCT01257451,Type 2 Diabetes,vildagliptin,Phase 3,40.0,B_serious_chronic,0.6,0,,0.0009844882465471917,0
3149,0,0.00010138214138682182,NCT01262586,Type II Diabetes Mellitus,vildagliptin,Phase 3,40.0,B_serious_chronic,0.6,0,,0.00010138214138682182,0
3150,0,0.0005702438664565435,NCT01822548,Type 2 Diabetes,vildagliptin,Phase 3,40.0,B_serious_chronic,0.6,0,,0.0005702438664565435,0
3151,0,0.0165616192563143,NCT01152996,depressive disorder,vortioxetine,Phase 3,40.0,B_serious_chronic,0.6,0,,0.0165616192563143,0
3152,0,7.829739484004742e-05,NCT01153009,Major Depressive Disorder,vortioxetine,Phase 3,42.0,B_serious_chronic,0.6,0,,7.829739484004742e-05,0
3153,0,0.00011990102360375323,NCT01163266,Major Depressive Disorder,vortioxetine,Phase 3,42.0,B_serious_chronic,0.6,0,,0.00011990102360375323,0
3155,0,4.035786132903001e-05,NCT01130025,in Cancer,warfarin,Phase 3,85.0,A_tox_tolerated,0.65,0,,4.035786132903001e-05,0
3156,0,0.00033583543849993703,NCT01182441,Atrial Fibrillation; Stroke,warfarin,Phase 3,75.0,A_tox_tolerated,0.65,0,,0.00033583543849993703,0
3157,0,2.6765467690942996e-05,NCT01758640,Anticoagulation in Pregnancy,warfarin,Phase 3,45.0,B_serious_chronic,0.6,0,,2.6765467690942996e-05,0
3158,0,0.510340014455325,NCT01178073,"Hypertension, Pulmonary",ambrisentan,Phase 3,80.0,A_tox_tolerated,0.65,0,,0.510340014455325,0
3160,0,0.00021150474751019686,NCT01190267,schizophrenia,asenapine,Phase 3,55.0,B_serious_chronic,0.6,0,,0.00021150474751019686,0
3161,0,0.0018393180056968377,NCT01154036,Hypercholesterolemia,atorvastatin,Phase 3,38.0,C_benign,0.5,0,,0.0018393180056968377,0
3162,0,0.00012304334405561734,NCT01113489,allergic rhinitis,beclomethasone dipropionate,Phase 3,8.0,C_benign,0.5,0,,0.00012304334405561734,0
3163,0,0.0008682835869234339,NCT01073930,Bowel Preparation,bisacodyl,Phase 3,5.0,C_benign,0.5,0,,0.0008682835869234339,0
3164,0,0.0008682835869234339,NCT01073943,Bowel Preparation,bisacodyl,Phase 3,5.0,C_benign,0.5,0,,0.0008682835869234339,0
3165,0,7.535139190368673e-05,NCT01078714,autism spectrum disorder,bumetanide,Phase 3,20.0,C_benign,0.5,0,,7.535139190368673e-05,0
3166,0,3.762674841589599e-05,NCT01217892,Type 2 Diabetes,dapagliflozin,Phase 3,40.0,B_serious_chronic,0.6,0,,3.762674841589599e-05,0
3167,0,0.001940165763197331,NCT01182376,Atrial Fibrillation,dronedarone,Phase 3,45.0,B_serious_chronic,0.6,0,,0.001940165763197331,0
3168,0,0.0065039857157307545,NCT01254344,Infection; Surgical Site Infection,ertapenem,Phase 3,40.0,B_serious_chronic,0.6,0,,0.0065039857157307545,0
3169,0,0.0003900134331141787,NCT01118572,postoperative pain,etodolac,Phase 3,8.0,C_benign,0.5,0,,0.0003900134331141787,0
3170,0,0.0001801580273511919,NCT01197521,Rheumatoid Arthritis,fostamatinib,Phase 3,58.0,B_serious_chronic,0.6,0,,0.0001801580273511919,0
3171,0,0.0001801580273511919,NCT01197534,Rheumatoid Arthritis,fostamatinib,Phase 3,58.0,B_serious_chronic,0.6,0,,0.0001801580273511919,0
3172,0,0.0001801580273511919,NCT01197755,Rheumatoid Arthritis,fostamatinib,Phase 3,58.0,B_serious_chronic,0.6,0,,0.0001801580273511919,0
3173,0,0.00013666821864487404,NCT01002573,Fever,ibuprofen,Phase 3,12.0,C_benign,0.5,0,,0.00013666821864487404,0
3174,0,0.0013362366253766363,NCT00922233,Healthy,levonorgestrel,Phase 3,5.0,C_benign,0.5,0,,0.0013362366253766363,0
3175,0,1.049341931758037e-05,NCT01084005,Type 2 Diabetes,linagliptin,Phase 3,40.0,B_serious_chronic,0.6,0,,1.049341931758037e-05,0
3176,0,5.897767565434977e-06,NCT01243424,Type 2 Diabetes,linagliptin,Phase 3,40.0,B_serious_chronic,0.6,0,,5.897767565434977e-06,0
3177,0,0.00025567416270348627,NCT01090713,binge eating disorder,lisdexamfetamine,Phase 3,22.0,C_benign,0.5,0,,0.00025567416270348627,0
3178,0,0.008389602069838182,NCT00971165,Hypertension; Cardiovascular Disease,losartan,Phase 3,55.0,B_serious_chronic,0.6,0,,0.008389602069838182,0
3179,0,0.005490188456365008,NCT01135433,Type 2 Diabetes Mellitus,metformin,Phase 3,40.0,B_serious_chronic,0.6,0,,0.005490188456365008,0
3181,0,0.00026066419541739534,NCT01131273,HIV infection,methadone,Phase 3,62.0,B_serious_chronic,0.6,0,,0.00026066419541739534,0
3182,0,1.0122027891071538e-05,NCT01034137,Rheumatoid Arthritis,methotrexate,Phase 3,58.0,B_serious_chronic,0.6,1,cytotoxic_managed_toxicity,1.0122027891071538e-05,1
3183,0,1.0122027891071538e-05,NCT01185301,Rheumatoid Arthritis,methotrexate,Phase 3,58.0,B_serious_chronic,0.6,1,cytotoxic_managed_toxicity,1.0122027891071538e-05,1
3184,0,0.00015232473793938436,NCT01165424,perennial allergic rhinitis,mometasone furoate,Phase 3,8.0,C_benign,0.5,0,,0.00015232473793938436,0
3185,0,0.129796666810646,NCT01014442,Lung Transplantation,mycophenolate mofetil,Phase 3,80.0,A_tox_tolerated,0.65,0,,0.129796666810646,0
3186,0,0.9938120488062315,NCT01120184,Metastatic Breast Cancer,paclitaxel,Phase 3,88.0,A_tox_tolerated,0.65,1,cytotoxic_managed_toxicity,0.15,1
3187,0,0.0019252117183546484,NCT02729441,Diabetes; Microalbuminuria,perindopril,Phase 3,45.0,B_serious_chronic,0.6,0,,0.0019252117183546484,0
3188,0,8.550754954938711e-05,NCT01758640,Anticoagulation in Pregnancy,phenindione,Phase 3,45.0,B_serious_chronic,0.6,0,,8.550754954938711e-05,0
3189,0,0.0005159097467962684,NCT01109784,Coronary Artery Disease (CAD); Acute Coronary Syndrome (ACS),prasugrel,Phase 3,80.0,A_tox_tolerated,0.65,0,,0.0005159097467962684,0
3191,0,0.000617971587235602,NCT00532493,post-traumatic stress disorder,prazosin,Phase 3,40.0,B_serious_chronic,0.6,0,,0.000617971587235602,0
3192,0,3.816536487532212e-05,NCT01227824,infection,raltegravir,Phase 3,60.0,B_serious_chronic,0.6,0,,3.816536487532212e-05,0
3193,0,7.364163140320939e-05,NCT01048398,Labor pain,remifentanil,Phase 3,15.0,C_benign,0.5,0,,7.364163140320939e-05,0
3194,0,0.0006815836375124182,NCT01719770,cardiac arrest,rocuronium,Phase 3,95.0,A_tox_tolerated,0.65,0,,0.0006815836375124182,0
3195,0,0.005454106797648206,NCT01046110,Type 2 Diabetes,sitagliptin,Phase 3,40.0,B_serious_chronic,0.6,0,,0.005454106797648206,0
3196,0,0.003023312037397796,NCT01098539,Type 2 Diabetes,sitagliptin,Phase 3,40.0,B_serious_chronic,0.6,0,,0.003023312037397796,0
3197,0,0.10552876769534174,NCT01062763,diabetes mellitus,spironolactone,Phase 3,42.0,B_serious_chronic,0.6,0,,0.10552876769534174,0
3198,0,0.07064254541744983,NCT01064310,Metastatic Kidney Cancer,sunitinib,Phase 3,88.0,A_tox_tolerated,0.65,0,,0.07064254541744983,0
3199,0,0.5118799132743043,NCT01178073,"Hypertension, Pulmonary",tadalafil,Phase 3,80.0,A_tox_tolerated,0.65,0,,0.5118799132743043,0
3200,0,0.0003706118815607222,NCT01087671,open-angle glaucoma,tafluprost,Phase 3,30.0,C_benign,0.5,0,,0.0003706118815607222,0
3201,0,0.0004725792483989986,NCT01163032,non-24-hour sleep-wake disorder,tasimelteon,Phase 3,15.0,C_benign,0.5,0,,0.0004725792483989986,0
3202,0,7.095448333722869e-05,NCT01120691,COPD,tiotropium,Phase 3,60.0,B_serious_chronic,0.6,0,,7.095448333722869e-05,0
3203,0,6.817555478590378e-05,NCT01202188,Chronic Obstructive Pulmonary Disease,tiotropium,Phase 3,60.0,B_serious_chronic,0.6,0,,6.817555478590378e-05,0
3204,0,0.06732353552268791,NCT01280721,Autosomal Dominant Polycystic Kidney Disease （ADPKD),tolvaptan,Phase 3,55.0,B_serious_chronic,0.6,0,,0.06732353552268791,0
3207,1,0.00393786621959199,NCT01133990,Metastatic Colorectal Cancer,E7820,Phase 2,90.0,A_tox_tolerated,0.65,0,,0.00393786621959199,0
3209,1,0.001087263690452108,NCT06515418,obesity,Oral Azelaprag (BGE-105),Phase 2,35.0,C_benign,0.5,0,,0.001087263690452108,0
3210,1,0.14546453068517598,NCT06065059,Breast Cancer; Ovarian Cancer; Pancreas Cancer; Prostate Cancer; BRCA1 Mutation; BRCA-Mutated Ovarian Carcinoma; BRCA-Associated Breast Carcinoma; HRD Positive Advanced Ovarian Cancer,TNG348,Phase 2,90.0,A_tox_tolerated,0.65,0,,0.14546453068517598,0
3211,1,0.050501550377286084,NCT04501614,Acute Lymphoblastic Leukemia,ponatinib,Phase 2,90.0,A_tox_tolerated,0.65,0,,0.050501550377286084,0
3212,1,0.20630012054345825,NCT05038020,Diabetic Retinopathy,AKST4290,Phase 2,40.0,B_serious_chronic,0.6,0,,0.20630012054345825,0
3213,1,0.14201460772087332,NCT04793399,Chronic Leukemia,bosutinib,Phase 2,75.0,A_tox_tolerated,0.65,0,,0.14201460772087332,0
3214,1,0.00034660655037991006,NCT04142658,Aortic Valve Disease; Aortic Valve Stenosis; Aortic Valve Failure,apixaban,Phase 3,70.0,A_tox_tolerated,0.65,0,,0.00034660655037991006,0
3215,1,0.039602816844441315,NCT03976648,Systemic Sclerosis,GLPG1690,Phase 2,70.0,A_tox_tolerated,0.65,0,,0.039602816844441315,0
3216,1,0.0019703173086306923,NCT04023721,"Hepatitis B; HBV; Hepatitis B, Chronic",Inarigivir soproxil,Phase 2,58.0,B_serious_chronic,0.6,0,,0.0019703173086306923,0
3217,1,0.015247937091705965,NCT03774745,"Pregnancy, Unwanted",progesterone,Phase 2,20.0,C_benign,0.5,0,,0.015247937091705965,0
3218,1,0.015304904197906638,NCT03711162,Subjects With Idiopathic Pulmonary Fibrosis,GLPG1690,Phase 3,82.0,A_tox_tolerated,0.65,0,,0.015304904197906638,0
3219,1,0.015473352238228742,NCT03733444,Participants With Idiopathic Pulmonary Fibrosis,GLPG1690,Phase 3,85.0,A_tox_tolerated,0.65,0,,0.015473352238228742,0
3220,1,0.38778397583612073,NCT02910882,Pancreatic Cancer,gemcitabine,Phase 2,95.0,A_tox_tolerated,0.65,1,cytotoxic_managed_toxicity,0.15,1
3221,1,4.396781553352371e-05,NCT02055690,Ovarian Cancer,Fosbretabulin,Phase 2,88.0,A_tox_tolerated,0.65,0,,4.396781553352371e-05,0
3222,1,0.4024455128146721,NCT01717898,Prostate Cancer,BEZ235,Phase 2,72.0,A_tox_tolerated,0.65,0,,0.4024455128146721,0
3223,1,0.6580020955654324,NCT01796470,Chronic Lymphocytic Leukemia; Mantle Cell Lymphoma; Diffuse Large B-cell Lymphoma; Indolent Non-Hodgkin's Lymphoma,Entospletinib,Phase 2,85.0,A_tox_tolerated,0.65,0,,0.6580020955654324,0
3224,1,0.6073820629498651,NCT01796470,Chronic Lymphocytic Leukemia; Mantle Cell Lymphoma; Diffuse Large B-cell Lymphoma; Indolent Non-Hodgkin's Lymphoma,idelalisib,Phase 2,85.0,A_tox_tolerated,0.65,0,,0.6073820629498651,0
3225,1,0.056812764606724686,NCT01402817,Neurofibromatosis; NF1; Plexiform Neurofibromas,sunitinib,Phase 2,60.0,B_serious_chronic,0.6,0,,0.056812764606724686,0
3226,1,0.5451619368804713,NCT01453595,Cell Carcinoma,BEZ235,Phase 2,85.0,A_tox_tolerated,0.65,0,,0.5451619368804713,0
3228,1,0.4001157938274149,NCT01453140,Graft Versus Host Disease,cyclophosphamide,Phase 2,78.0,A_tox_tolerated,0.65,0,,0.4001157938274149,0
3229,1,0.404772994313835,NCT01453140,Graft Versus Host Disease,azacitidine,Phase 2,78.0,A_tox_tolerated,0.65,0,,0.404772994313835,0
3232,1,0.7911137169741898,NCT01205685,Hormone-Sensitive Metastatic Breast Cancer,Erlotinib,Phase 2,88.0,A_tox_tolerated,0.65,0,,0.7911137169741898,0
3233,1,0.9203959161985733,NCT01205685,Hormone-Sensitive Metastatic Breast Cancer,OSI-906,Phase 2,88.0,A_tox_tolerated,0.65,0,,0.9203959161985733,0
3274,1,0.009143915067747675,NCT01732640,Squamous Cell Carcinoma of the Head and Neck,afatinib,Phase 2,85.0,A_tox_tolerated,0.65,0,,0.009143915067747675,0
3276,0,0.010547115724105712,NCT02978716,Triple-Negative Breast Neoplasms; Breast Neoplasm; Breast Cancer; Triple-Negative Breast Cancer,carboplatin,Phase 2,85.0,A_tox_tolerated,0.65,0,,0.010547115724105712,0
3277,0,0.01888228627998517,NCT02034916,Breast Neoplasms; BRCA 1 Gene Mutation; BRCA 2 Gene Mutation,talazoparib,Phase 2,75.0,A_tox_tolerated,0.65,0,,0.01888228627998517,0
3280,0,0.008990709963110948,NCT04709380,Radiotherapy; Toripalimab; Sorafenib; Advanced Hepatocellular Carcinoma,Sorafenib,Phase 3,90.0,A_tox_tolerated,0.65,0,,0.008990709963110948,0
3282,0,0.3667462271846982,NCT04409288,Prostate Cancer,apalutamide,Phase 3,72.0,A_tox_tolerated,0.65,0,,0.3667462271846982,0
3283,0,0.00014710736295903547,NCT04327401,"Coronavirus Infection; Pneumonia, Viral; Acute Respiratory Distress Syndrome",dexamethasone,Phase 3,90.0,A_tox_tolerated,0.65,0,,0.00014710736295903547,0
3289,0,0.001992216155315907,NCT03796650,Clostridium Difficile Infection,vancomycin,Phase 3,55.0,B_serious_chronic,0.6,0,,0.001992216155315907,0
3300,0,0.011787293557325626,NCT02735343,Headache,prochlorperazine,Phase 3,12.0,C_benign,0.5,0,,0.011787293557325626,0
3314,0,3.4591208180532466e-05,NCT01287741,Diffuse Large B-Cell Lymphoma,cyclophosphamide,Phase 3,85.0,A_tox_tolerated,0.65,0,,3.4591208180532466e-05,0
3315,0,0.0046000548537841164,NCT01425307,Sickle Cell Anemia,hydroxyurea,Phase 3,65.0,B_serious_chronic,0.6,0,,0.0046000548537841164,0
