row_idx,y,p,NCT_ID,Disease,Drug_Clean,Arm_Label,Phase,disease_is_oncology,is_combination,is_surrogate_pass,is_onc_cytotoxic_mono,efficacy_surgical_pass,surgical_reason,endpoint_physiology_score,is_offmech,effect_size_uncertainty,confidence_tier,p_adj
0,0,0.5127256805997169,NCT00532493,post-traumatic stress disorder,prazosin,Prazosin Group,Phase 3,0,0,0,0,0,,0.0,0,78.0,low_confidence,0.5127256805997169
1,0,0.0917104825093242,NCT00764478,bipolar disorder,Asenapine,Asenapine 10 mg BID,Phase 3,0,0,0,0,0,,0.0,0,75.0,low_confidence,0.0917104825093242
2,0,0.21125195904609778,NCT00770133,allergic conjunctivitis,Ketotifen,Ketotifen/naphazoline,Phase 3,0,1,0,0,0,,0.0,0,54.0,low_confidence,0.21125195904609778
4,0,0.6419190090070777,NCT00803023,fibromyalgia,Sodium Oxybate,1,Phase 3,0,0,0,0,0,,0.0,0,90.0,low_confidence,0.6419190090070777
6,1,0.4457939324321528,NCT00860977,HIV Infection; Herpes Simplex Type II; HIV Infections,valacyclovir,Valacyclovir,Phase 3,0,0,0,0,0,,0.0,0,18.0,reliable,0.4457939324321528
7,0,0.5119049582229109,NCT00922233,Contraception,levonorgestrel,Levonorgestrel,Phase 3,0,0,0,0,0,,0.0,0,,unscored,0.5119049582229109
8,0,0.02778957635105584,NCT00943618,Smoking Cessation,Bupropion,Group 1,Phase 3,0,1,0,0,0,,0.0,0,59.0,low_confidence,0.02778957635105584
9,1,0.06264237451896816,NCT00946998,Chronic Kidney Disease; Depression,Sertraline,Sertraline,Phase 3,0,0,0,0,0,,0.0,0,78.0,low_confidence,0.06264237451896816
10,1,0.15708181562942242,NCT00963872,Hematologic Cancer,cyclophosphamide; fludarabine phosphate; Umbilical cord blood unit with C3a fragment; Unmanipulated UCB Unit,Complement Fragment A - Larger Cell Dose,Phase 2,1,1,0,0,0,,,0,,unscored,0.15708181562942242
11,0,0.11229304695785258,NCT00971165,Hypertension; Cardiovascular Disease,Chlorthalidone; amiloride,Chlorthalidone plus amiloride,Phase 3,0,1,0,0,0,,0.0,0,18.0,reliable,0.11229304695785258
12,0,0.014039363052170887,NCT00971165,Hypertension; Cardiovascular Disease,losartan,losartan,Phase 3,0,0,0,0,0,,0.0,0,18.0,reliable,0.014039363052170887
13,0,0.17065266522184597,NCT00975221,"Hyperparathyroidism, Primary; Hypercalcemia",Cinacalcet,Cinacalcet,Phase 3,0,0,0,0,0,,0.0,0,29.0,reliable,0.17065266522184597
14,1,0.3354401348076933,NCT00979121,Sepsis; Acute Lung Injury,Rosuvastatin,Rosuvastatin,Phase 3,0,0,0,0,0,,,0,,unscored,0.3354401348076933
15,0,0.0033969182870606735,NCT01002573,Fever,ibuprofen,ibuprofen,Phase 3,0,0,0,0,0,,0.0,0,44.0,reliable,0.0033969182870606735
16,0,0.008331632726469354,NCT01002573,Fever,acetaminophen,Acetaminophen,Phase 3,0,0,0,0,0,,0.0,0,44.0,reliable,0.008331632726469354
17,0,0.23420201672269583,NCT01002742,Graft-versus-Host Disease; Immune System Disorders,Mycophenolate Mofetil,Mycophenolate Mofetil,Phase 3,0,0,0,0,0,,0.0,0,22.0,reliable,0.23420201672269583
18,0,0.04025480894330478,NCT01006980,Metastatic Melanoma,Vemurafenib,Vemurafenib,Phase 3,1,0,0,0,0,,0.0,0,15.0,reliable,0.04025480894330478
19,0,0.00776741814502372,NCT01006980,Metastatic Melanoma,Dacarbazine,Dacarbazine,Phase 3,1,0,0,0,0,,0.0,0,15.0,reliable,0.00776741814502372
20,0,0.2209628887268961,NCT01013649,Pancreatic Cancer,Erlotinib Hydrochloride,"Arm II (gemcitabine hydrochloride, erlotinib hydrochloride)",Phase 3,1,1,0,0,0,,,0,22.0,reliable,0.2209628887268961
21,0,0.2840236505968772,NCT01013649,Pancreatic Cancer,Capecitabine,"Arm IV (chemotherapy, chemoradiotherapy) [Capecitabine]",Phase 3,1,1,0,0,0,,,0,22.0,reliable,0.2840236505968772
22,0,0.08611738515230136,NCT01013649,Pancreatic Cancer,Fluorouracil,"Arm IV (chemotherapy, chemoradiotherapy) [Fluorouracil]",Phase 3,1,1,0,0,0,,,0,22.0,reliable,0.08611738515230136
23,0,0.23420201672269583,NCT01014442,Lung Transplantation,mycophenolate mofetil,Mycophenolate Mofetil; Cystic Fibrosis,Phase 3,0,0,0,0,0,,0.0,0,22.0,reliable,0.23420201672269583
25,0,0.004053941680843484,NCT01015456,Lupus Nephritis,cyclophosphamide,2,Phase 3,0,0,0,0,0,,,0,44.0,reliable,0.004053941680843484
26,0,0.2775476671736435,NCT01029262,Anemia,Lenalidomide,Arm #1 - Lenalidomide plus placebo,Phase 3,0,0,0,0,0,,0.0,0,29.0,reliable,0.2775476671736435
27,0,0.0021342757923046144,NCT01031680,Type 2 Diabetes Mellitus,Dapagliflozin,1,Phase 3,0,0,1,0,1,endpoint_surrogate_pass,0.0,0,25.0,reliable,0.0021342757923046144
28,0,0.0831147865114203,NCT01034111,Type 2 Diabetes Mellitus,Sitagliptin,Sitagliptin,Phase 3,0,1,0,0,0,,0.0,0,25.0,reliable,0.0831147865114203
29,0,0.22766051757474098,NCT01034137,Rheumatoid Arthritis,methotrexate,Tocilizumab + Methotrexate,Phase 3,0,1,0,0,0,,0.0,0,52.0,low_confidence,0.22766051757474098
30,0,0.28091920998127123,NCT01034163,Hodgkin lymphoma,Panobinostat,Panobinostat (PAN),Phase 3,1,0,0,0,0,,0.0,0,18.0,reliable,0.28091920998127123
31,1,0.32465939969341717,NCT01035190,Bronchopulmonary Dysplasia,Budesonide,inhaled Budesonide,Phase 3,0,0,0,0,0,,0.0,0,44.0,reliable,0.32465939969341717
32,1,0.16388711951117532,NCT01038739,Diverticulitis,Mesalazine,A,Phase 3,0,0,0,0,0,,0.0,0,44.0,reliable,0.16388711951117532
33,0,0.0021342757923046144,NCT01042977,Type 2 Diabetes Mellitus,Dapagliflozin,1,Phase 3,0,0,1,0,1,endpoint_surrogate_pass,0.0,0,25.0,reliable,0.0021342757923046144
34,0,0.06738167245185026,NCT01046110,Type 2 Diabetes,sitagliptin,DPP-IV inhibitor,Phase 3,0,0,1,0,1,endpoint_surrogate_pass,0.0,0,25.0,reliable,0.06738167245185026
35,0,0.15732924500301104,NCT01048398,Labor pain,remifentanil,Remifentanil,Phase 3,0,0,0,0,0,,0.0,0,81.0,low_confidence,0.15732924500301104
36,0,0.07116109890872287,NCT01048398,Labor pain,paracetamol,Paracetamol,Phase 3,0,0,0,0,0,,0.0,0,81.0,low_confidence,0.07116109890872287
37,0,0.07973975911204607,NCT01051219,Nonalcoholic Steatohepatitis,Losartan,"Losartan, daily medication",Phase 3,0,0,0,0,0,,0.0,0,29.0,reliable,0.07973975911204607
38,1,0.45996698462986985,NCT01055067,Non-CNS Germ Cell Tumors (Seminomas and Nonseminomas),Tivantinib (ARQ 197),Tivantinib (ARQ 197),Phase 2,1,0,0,0,0,,0.0,0,15.0,reliable,0.45996698462986985
39,0,0.039625629527857656,NCT01058096,bipolar disorder,Cariprazine,Cariprazine,Phase 3,0,0,0,0,0,,0.0,0,75.0,low_confidence,0.039625629527857656
40,0,0.4167701867339491,NCT01058668,Bipolar I Disorder,Cariprazine,Cariprazine (3-6 mg/day),Phase 3,0,0,0,0,0,,0.0,0,78.0,low_confidence,0.4167701867339491
41,1,0.321640288031107,NCT01059136,myocardial infarction,Spironolactone,1:Spironolactone,Phase 3,0,0,0,0,0,,0.0,0,22.0,reliable,0.321640288031107
42,0,0.4167701867339491,NCT01059539,Bipolar I Disorder,Cariprazine,Cariprazine 3-12 mg/day for 16 weeks,Phase 3,0,0,0,0,0,,0.0,0,78.0,low_confidence,0.4167701867339491
43,1,0.7971184949860534,NCT01059682,Cardiovascular Disease,Dalcetrapib,Dalcetrapib,Phase 3,0,0,0,0,0,,,0,44.0,reliable,0.7971184949860534
44,0,0.6313175175899841,NCT01060072,inflammation,Loteprednol etabonate,Loteprednol etabonate,Phase 3,0,0,0,0,0,,0.0,0,44.0,reliable,0.6313175175899841
45,0,0.321640288031107,NCT01062763,diabetes mellitus,spironolactone,addition of spironolactone,Phase 3,0,0,1,0,1,endpoint_surrogate_pass,0.0,0,19.0,reliable,0.15
46,0,0.009835947954066861,NCT01063764,Epilepsy; Partial Seizures,Levetiracetam,Levetiracetam,Phase 3,0,0,0,0,0,,0.0,0,44.0,reliable,0.009835947954066861
47,0,0.351363908066458,NCT01064310,Metastatic Kidney Cancer,pazopanib; sunitinib,pazopanib followed by sunitinib,Phase 3,1,1,0,0,0,,0.0,0,15.0,reliable,0.351363908066458
48,0,0.29025455070661277,NCT01065649,gastroesophageal reflux disease,Nortriptyline,Nortriptyline,Phase 3,0,0,0,0,0,,0.0,0,44.0,reliable,0.29025455070661277
49,1,0.03817971007899831,NCT01067144,Postoperative Pain,Gabapentin,Gabapentin,Phase 3,0,0,0,0,0,,0.0,0,81.0,low_confidence,0.03817971007899831
50,0,0.02294876178790749,NCT01068600,chronic obstructive pulmonary disease,Indacaterol,Indacaterol 75 µg,Phase 3,0,0,1,0,1,endpoint_surrogate_pass,1.0,0,50.0,low_confidence,0.02294876178790749
52,0,0.4074034630771616,NCT01069939,Prevention,Esomeprazole,Esomeprazole 20mg,Phase 3,0,0,0,0,0,,0.0,0,15.0,reliable,0.4074034630771616
53,1,0.20462469029448993,NCT01072630,Major Depression,Armodafinil,Armodafinil 150 mg/day,Phase 3,0,0,0,0,0,,0.0,0,90.0,low_confidence,0.20462469029448993
55,0,0.20462469029448993,NCT01072929,Major Depression,Armodafinil,Armodafinil 150 mg/day,Phase 3,0,0,0,0,0,,0.0,0,90.0,low_confidence,0.20462469029448993
56,0,0.7196116312724965,NCT01074047,Acute Myeloid Leukemia,Azacitidine,Azacitidine,Phase 3,1,0,0,1,1,oncology_cytotoxic_monotherapy,0.0,0,24.0,reliable,0.15
59,0,0.3478329659718784,NCT01076010,Renal Cell Carcinoma,Tivozanib,First line tivozanib.,Phase 3,1,0,0,0,0,,0.0,0,,unscored,0.3478329659718784
60,0,0.04888748838099876,NCT01076075,Type 2 Diabetes Mellitus,Sitagliptin phosphate,Sitagliptin,Phase 3,0,1,1,0,1,endpoint_surrogate_pass,0.0,0,25.0,reliable,0.04888748838099876
61,0,0.6851014312928012,NCT01076764,Acute Coronary Syndrome,Otamixaban,Otamixaban - 0.080 mg/kg bolus + 0.100 mg/kg/h infusion,Phase 3,0,0,0,0,0,,,0,22.0,reliable,0.6851014312928012
62,1,0.4568792759678272,NCT01077518,"Lymphoma, Follicular",Bendamustine infusions (Arm A,Ofatumumab and Bendamustine (Arm A),Phase 3,1,0,0,0,0,,,0,,unscored,0.4568792759678272
63,0,0.20469690666058987,NCT01077518,"Lymphoma, Follicular",Bendamustine infusion; Bendamustine infusion (Arm B),Bendamustine (Arm B),Phase 3,1,1,0,0,0,,,0,,unscored,0.20469690666058987
64,0,0.06710802882458355,NCT01078454,Light Chain Deposition Disease; Primary Systemic Amyloidosis,bortezomib,ARM B (B-Mel-Dex),Phase 3,0,1,0,0,0,,,0,,unscored,0.06710802882458355
65,0,0.13733493524324214,NCT01078675,Familial Hypercholesterolaemia,rosuvastatin calcium,1,Phase 3,0,0,0,0,0,,,0,,unscored,0.13733493524324214
66,0,0.5852913126390065,NCT01078714,autism spectrum disorder,bumetanide,Bumetanide,Phase 3,0,0,0,0,0,,0.0,0,62.0,low_confidence,0.5852913126390065
67,0,0.05277591230699676,NCT01079130,asthma,Indacaterol,Indacaterol 150 µg,Phase 3,0,0,1,0,1,endpoint_surrogate_pass,1.0,0,50.0,low_confidence,0.05277591230699676
68,0,0.21543196095503378,NCT01079130,asthma,Salmeterol,Salmeterol,Phase 3,0,0,1,0,1,endpoint_surrogate_pass,1.0,0,50.0,low_confidence,0.15
69,0,0.014187635105160887,NCT01080391,Multiple Myeloma,Carfilzomib,"Carfilzomib, Lenalidomide, and Dexamethasone (CRd)",Phase 3,1,1,0,0,0,,,0,24.0,reliable,0.014187635105160887
70,0,0.011583257631556067,NCT01081834,"Diabetes Mellitus, Type 2",Canagliflozin,Canagliflozin 100 mg,Phase 3,0,0,1,0,1,endpoint_surrogate_pass,0.0,0,19.0,reliable,0.011583257631556067
71,0,0.022427141098288167,NCT01081834,"Diabetes Mellitus, Type 2",Sitagliptin,Placebo/Sitagliptin,Phase 3,0,0,1,0,1,endpoint_surrogate_pass,0.0,0,19.0,reliable,0.022427141098288167
72,0,0.037858038192266665,NCT01082744,Pain,Sufentanil,Continuous paravertebral block with ropivacaine and sufentanil,Phase 3,0,1,0,0,0,,0.0,0,88.0,low_confidence,0.037858038192266665
74,0,0.003063108513458055,NCT01084005,Type 2 Diabetes,linagliptin,linagliptin,Phase 3,0,0,1,0,1,endpoint_surrogate_pass,0.0,0,25.0,reliable,0.003063108513458055
75,0,0.178356878582763,NCT01086384,asthma,Fluticasone Furoate/GW642444,Fluticasone furoate/GW642444,Phase 3,0,0,0,0,0,,1.0,0,50.0,low_confidence,0.178356878582763
76,0,0.28322905404227827,NCT01086384,asthma,Fluticasone furoate,fluticasone furoate,Phase 3,0,0,0,0,0,,1.0,0,50.0,low_confidence,0.28322905404227827
77,0,0.0022310277203512,NCT01087502,diabetes Mellitus,Linagliptin,Linagliptin,Phase 3,0,0,0,0,0,,0.0,0,19.0,reliable,0.0022310277203512
78,0,0.0038767263428681393,NCT01087502,diabetes Mellitus,Glimepiride,Glimepiride,Phase 3,0,0,0,0,0,,0.0,0,19.0,reliable,0.0038767263428681393
79,0,0.3842334343244479,NCT01087658,Chemotherapy-Induced Peripheral Neuropathy,Glutamine,Glutamine and calcium magnesium,Phase 3,0,1,0,0,0,,0.0,0,,unscored,0.3842334343244479
80,0,0.24787877771782174,NCT01089127,Chronic Obstructive Pulmonary Disease,Indacaterol,Indacaterol 150 μg,Phase 3,0,0,1,0,1,endpoint_surrogate_pass,1.0,0,50.0,low_confidence,0.15
81,0,0.15795916895949202,NCT01089127,Chronic Obstructive Pulmonary Disease,Salmeterol 50 μg,Salmeterol 50 μg,Phase 3,0,0,1,0,1,endpoint_surrogate_pass,1.0,0,50.0,low_confidence,0.15
82,1,0.6767687205423019,NCT01089556,"Diabetic Neuropathy, Painful",Duloxetine,Duloxetine,Phase 3,0,0,0,0,0,,0.0,0,19.0,reliable,0.6767687205423019
83,1,0.8008629766754872,NCT01089556,"Diabetic Neuropathy, Painful",Pregabalin,Pregabalin,Phase 3,0,0,0,0,0,,0.0,0,19.0,reliable,0.8008629766754872
84,1,0.610649022616597,NCT01089556,"Diabetic Neuropathy, Painful",Duloxetine; Pregabalin,Duloxetine + Pregabalin,Phase 3,0,1,0,0,0,,0.0,0,19.0,reliable,0.610649022616597
85,0,0.4085600017502252,NCT01090713,binge eating disorder,lisdexamfetamine,Lisdexamfetamine,Phase 3,0,0,0,0,0,,0.0,0,44.0,reliable,0.4085600017502252
86,0,0.5000645031914981,NCT01091675,ankylosing spondylitis,Etoricoxib,etoricoxib,Phase 3,0,0,0,0,0,,0.0,0,44.0,reliable,0.5000645031914981
87,0,0.02903624555046641,NCT01092221,mania,Allopurinol,Allopurinol,Phase 3,0,0,0,0,0,,0.0,0,78.0,low_confidence,0.02903624555046641
88,0,0.0834419295176915,NCT01092962,Idiopathic Nephrotic Syndrome,Mycophenolate mofetil,Mycophenolate mofetil,Phase 3,0,0,0,0,0,,0.0,0,44.0,reliable,0.0834419295176915
89,0,0.14070302726326314,NCT01092962,Idiopathic Nephrotic Syndrome,Cyclophosphamide,Cyclophosphamide,Phase 3,0,0,0,0,0,,0.0,0,44.0,reliable,0.14070302726326314
90,0,0.2857822834466067,NCT01094886,"Arthritis; Osteoarthritis, Knee; Osteoarthritis, Hip; Thromboembolism",Rivaroxaban,001,Phase 3,0,0,0,0,0,,0.0,0,22.0,reliable,0.2857822834466067
91,0,0.012539870030005871,NCT01095653,Type 2 Diabetes,Dapagliflozin,Group 1,Phase 3,0,1,1,0,1,endpoint_surrogate_pass,0.0,0,25.0,reliable,0.012539870030005871
92,0,0.009730779740592454,NCT01095666,Type 2 Diabetes,Dapagliflozin,Group 1,Phase 3,0,1,1,0,1,endpoint_surrogate_pass,0.0,0,25.0,reliable,0.009730779740592454
93,1,0.14292714766247056,NCT01097707,Benign Prostatic Hyperplasia,Erteberel,10mg LY500307,Phase 2,0,0,0,0,0,,0.0,0,54.0,low_confidence,0.14292714766247056
94,0,0.32465939969341717,NCT01100112,"Colitis, Ulcerative",Budesonide,Budesonide,Phase 3,0,0,0,0,0,,0.0,0,44.0,reliable,0.32465939969341717
95,0,0.0050502207805832615,NCT01100164,insomnia,Eszopiclone,eszopiclone 3 mg,Phase 3,0,0,1,0,1,endpoint_surrogate_pass,0.0,0,82.0,low_confidence,0.0050502207805832615
96,0,0.020685677885446833,NCT01100164,insomnia,Zopiclone,"zopiclone 7,5mg",Phase 3,0,0,1,0,1,endpoint_surrogate_pass,0.0,0,82.0,low_confidence,0.020685677885446833
97,0,0.008391419808136544,NCT01101035,cardiovascular disease,Febuxostat,Febuxostat,Phase 3,0,0,0,0,0,,0.0,0,44.0,reliable,0.008391419808136544
98,0,0.005923722387699499,NCT01101035,cardiovascular disease,Allopurinol,Allopurinol,Phase 3,0,0,0,0,0,,0.0,0,44.0,reliable,0.005923722387699499
99,1,0.1237024840735876,NCT01101438,Breast Cancer,metformin hydrochloride,Arm I,Phase 3,1,0,0,0,0,,0.0,0,22.0,reliable,0.1237024840735876
100,1,0.040267063073897574,NCT01103583,Multiple Sclerosis,Hydroxyurea,Hydroxyurea,Phase 2/3,0,0,0,0,0,,0.0,0,50.0,low_confidence,0.040267063073897574
101,0,0.29855993112107654,NCT01104766,schizophrenia,Cariprazine,Cariprazine 3mg,Phase 3,0,0,0,0,0,,0.0,0,70.0,low_confidence,0.29855993112107654
102,0,0.3569336271854901,NCT01104766,schizophrenia,Aripiprazole,Aripiprazole 10mg,Phase 3,0,0,0,0,0,,0.0,0,70.0,low_confidence,0.3569336271854901
103,0,0.29855993112107654,NCT01104779,schizophrenia,Cariprazine,Cariprazine (3-6 mg/day),Phase 3,0,0,0,0,0,,0.0,0,70.0,low_confidence,0.29855993112107654
104,0,0.29855993112107654,NCT01104792,schizophrenia,Cariprazine,Cariprazine,Phase 3,0,0,0,0,0,,0.0,0,70.0,low_confidence,0.29855993112107654
106,0,0.00309282791964626,NCT01106625,"Diabetes Mellitus, Type 2",Canagliflozin,Canagliflozin 100 mg,Phase 3,0,1,1,0,1,endpoint_surrogate_pass,0.0,0,19.0,reliable,0.00309282791964626
107,0,0.006555563447349345,NCT01106677,"Diabetes Mellitus, Type 2",Canagliflozin,Canagliflozin 100 mg,Phase 3,0,1,1,0,1,endpoint_surrogate_pass,0.0,0,19.0,reliable,0.006555563447349345
108,0,0.019515636157389615,NCT01106677,"Diabetes Mellitus, Type 2",Sitagliptin,Sitagliptin 100 mg,Phase 3,0,1,1,0,1,endpoint_surrogate_pass,0.0,0,19.0,reliable,0.019515636157389615
109,0,0.00309282791964626,NCT01106690,"Diabetes Mellitus, Type 2",Canagliflozin,Canagliflozin 100 mg,Phase 3,0,1,0,0,0,,,0,19.0,reliable,0.00309282791964626
110,0,0.1586417094474756,NCT01107626,Lung Cancer,Pemetrexed Disodium Heptahydrate,Arm B (Induction then Maintenance with Pemetrexed),Phase 3,1,1,0,1,1,oncology_cytotoxic_monotherapy,0.0,0,22.0,reliable,0.15
111,0,0.11980130704515841,NCT01109784,Coronary Artery Disease (CAD); Acute Coronary Syndrome (ACS),prasugrel,prasugrel,Phase 3,0,0,1,0,1,endpoint_surrogate_pass,0.0,0,22.0,reliable,0.11980130704515841
112,0,0.09310755992996442,NCT01109784,Coronary Artery Disease (CAD); Acute Coronary Syndrome (ACS),clopidogrel,clopidogrel,Phase 3,0,0,1,0,1,endpoint_surrogate_pass,0.0,0,22.0,reliable,0.09310755992996442
113,0,0.440219995422919,NCT01112826,Breast Cancer,Capecitabine,Capecitabine,Phase 3,1,0,0,1,1,oncology_cytotoxic_monotherapy,0.0,0,22.0,reliable,0.15
114,0,0.014933753858776894,NCT01113489,allergic rhinitis,beclomethasone dipropionate,beclomethasone dipropionate suspension for nebulization,Phase 3,0,0,0,0,0,,0.0,0,54.0,low_confidence,0.014933753858776894
115,0,0.007709897603397101,NCT01114308,opioid use disorder,Probuphine (buprenorphine implant),Probuphine,Phase 3,0,0,0,0,0,,0.0,0,59.0,low_confidence,0.007709897603397101
116,0,0.008285479900419319,NCT01114308,opioid use disorder,Buprenorphine,sublingual buprenorphine,Phase 3,0,0,0,0,0,,0.0,0,59.0,low_confidence,0.008285479900419319
117,0,0.2654949021037566,NCT01114529,Kidney Transplantation,Prograf or Neoral,"Calcineurin inhibitor, Prograf or Neoral",Phase 3,0,0,0,0,0,,,0,,unscored,0.2654949021037566
118,1,0.5558067714770452,NCT01114737,Phenylketonuria,Sapropterin dihydrochloride,Sapropterin dihydrochloride,Phase 3,0,0,0,0,0,,,0,,unscored,0.5558067714770452
119,0,0.01591579641957452,NCT01115673,Pain,Acetaminophen,ACE-1000,Phase 3,0,0,0,0,0,,0.0,0,88.0,low_confidence,0.01591579641957452
120,0,0.21190288153334863,NCT01115855,Heart Failure,Eplerenone,Eplerenone arm,Phase 3,0,0,0,0,0,,0.0,0,40.0,reliable,0.21190288153334863
121,0,0.011470901763279348,NCT01116206,constipation,Prucalopride,Prucalopride,Phase 3,0,0,0,0,0,,0.0,0,75.0,low_confidence,0.011470901763279348
122,0,0.764140189251945,NCT01116583,"Pain, Postoperative",Gabapentin,Gabapentin,Phase 3,0,0,0,0,0,,0.0,0,81.0,low_confidence,0.764140189251945
123,0,0.0036561365363690737,NCT01117012,cystic fibrosis,Ivacaftor,VX-770,Phase 3,0,0,0,0,0,,0.0,0,38.0,reliable,0.0036561365363690737
124,0,0.08172789183648003,NCT01117441,Acute Lymphoblastic Leukemia,fludarabine; daunoxome,R-HR experimental arm,Phase 3,1,1,0,0,0,,,0,,unscored,0.08172789183648003
125,0,0.0063430295776877015,NCT01118572,postoperative pain,etodolac,etodolac group,Phase 3,0,0,0,0,0,,0.0,0,81.0,low_confidence,0.0063430295776877015
126,0,0.031866766576593916,NCT01119937,chronic obstructive pulmonary disease,Glycopyrronium Bromide,NVA237,Phase 3,0,0,0,0,0,,0.0,0,50.0,low_confidence,0.031866766576593916
127,0,0.01600393871773149,NCT01119937,chronic obstructive pulmonary disease,Tiotropium,Tiotropium,Phase 3,0,0,0,0,0,,0.0,0,50.0,low_confidence,0.01600393871773149
128,0,0.019995751553433777,NCT01120405,coronary artery disease,Xenon,Xenon,Phase 3,0,0,0,0,0,,0.0,0,22.0,reliable,0.019995751553433777
129,0,0.029798997592448896,NCT01120405,coronary artery disease,Sevoflurane,sevoflurane,Phase 3,0,0,0,0,0,,0.0,0,22.0,reliable,0.029798997592448896
130,0,0.08108035711149128,NCT01120691,COPD,Glycopyrronium Bromide,NVA237,Phase 3,0,1,0,0,0,,1.0,0,50.0,low_confidence,0.08108035711149128
131,0,0.11131891586625908,NCT01120691,COPD,tiotropium,open-label tiotropium,Phase 3,0,1,0,0,0,,1.0,0,50.0,low_confidence,0.11131891586625908
132,0,0.26484404894966673,NCT01121042,Schizoaffective and Schizophreniform Disorders; Schizophrenia,Ondansetron,Ondansetron,Phase 3,0,0,0,0,0,,0.0,0,65.0,low_confidence,0.26484404894966673
133,1,0.4500806214640429,NCT01121536,Depression,Armodafinil,Armodafinil 150-200 mg/day,Phase 3,0,0,0,0,0,,0.0,0,90.0,low_confidence,0.4500806214640429
134,0,0.13845705995047594,NCT01121848,Pancreatic Cancer,Oxaliplatin,XELOX or modified FOLFOX-6,Phase 3,1,1,0,0,0,,0.0,0,22.0,reliable,0.13845705995047594
135,0,0.27084391015616405,NCT01122641,Insulin Resistance; Microvascular Disease,Vildagliptin,Vildagliptin,Phase 3,0,0,0,0,0,,0.0,0,44.0,reliable,0.27084391015616405
136,0,0.4537194062583678,NCT01122927,"Adolescent Schizophrenia; Child or Adolescent Bipolar I Disorder, Manic or Mixed Episode With or Without Psychotic Features",Aripiprazole,Phase 1 and Phase 2,Phase 3,0,0,0,0,0,,,0,,unscored,0.4537194062583678
137,0,0.06657209404155182,NCT01125566,Metastatic Breast Cancer,Afatinib,Arm A: BIBW 2992 with vinorelbine,Phase 3,1,1,0,0,0,,,0,15.0,reliable,0.06657209404155182
138,1,0.0062875603084073415,NCT01126216,Neck Cancer,Paclitaxel,Reduced RT + Pacitaxel/Cisplatin,Phase 3,1,1,0,0,0,,,0,15.0,reliable,0.0062875603084073415
139,0,0.46522719548682073,NCT01126216,Neck Cancer,5-Fluorouracil,Standard RT + 5-Fluorouracil/Cisplatin,Phase 3,1,1,0,0,0,,,0,15.0,reliable,0.46522719548682073
140,0,0.010601580445234201,NCT01126580,Type 2 Diabetes Mellitus,Metformin,Metformin,Phase 3,0,0,1,0,1,endpoint_surrogate_pass,0.0,0,25.0,reliable,0.010601580445234201
142,1,0.5220594162281083,NCT01129674,Schizophrenia,Pomaglumetad Methionil Anhydrous,LY2140023,Phase 2/3,0,0,0,0,0,,,0,70.0,low_confidence,0.5220594162281083
143,0,0.11692500525998444,NCT01130025,Venous Thromboembolism,Warfarin,Warfarin,Phase 3,0,0,0,0,0,,0.0,0,22.0,reliable,0.11692500525998444
144,1,0.2555441363597547,NCT01130181,vitamin D deficiency,Cholecalciferol,Cholecalciferol,Phase 3,0,0,0,0,0,,0.0,0,29.0,reliable,0.2555441363597547
145,1,0.013058937664700435,NCT01130246,Acute Coronary Syndrome,"A-002, varespladib methyl",A-002 500 mg,Phase 3,0,0,0,0,0,,0.0,0,22.0,reliable,0.013058937664700435
147,0,0.016962573088677546,NCT01133626,perennial allergic rhinitis,Beclomethasone dipropionate,BDP HFA 320 µg/day,Phase 3,0,0,0,0,0,,0.0,0,54.0,low_confidence,0.016962573088677546
148,0,0.010322373908763971,NCT01133626,perennial allergic rhinitis,Prednisone capsules,Prednisone,Phase 3,0,0,0,0,0,,0.0,0,54.0,low_confidence,0.010322373908763971
150,0,0.06155625351755871,NCT01135433,Type 2 Diabetes Mellitus,ipragliflozin,ASP group,Phase 3,0,1,1,0,1,endpoint_surrogate_pass,0.0,0,25.0,reliable,0.06155625351755871
151,0,0.008312365651379716,NCT01137474,Type 2 Diabetes,Dapagliflozin,"Dapagliflozin, 10 mg",Phase 3,0,0,0,0,0,,0.0,0,25.0,reliable,0.008312365651379716
152,0,0.00309282791964626,NCT01137812,"Diabetes Mellitus, Type 2",Canagliflozin,Canagliflozin 300 mg,Phase 3,0,1,1,0,1,endpoint_surrogate_pass,0.0,0,19.0,reliable,0.00309282791964626
153,0,0.014642228751140147,NCT01137812,"Diabetes Mellitus, Type 2",Sitagliptin,Sitagliptin 100 mg,Phase 3,0,1,1,0,1,endpoint_surrogate_pass,0.0,0,19.0,reliable,0.014642228751140147
154,0,0.14815575231534564,NCT01138475,Secondary Hyperparathyroidism,Paricalcitol,Paricalcitol,Phase 3,0,0,0,0,0,,0.0,0,,unscored,0.14815575231534564
155,0,0.085667316858668,NCT01138475,Secondary Hyperparathyroidism,Cholecalciferol,cholecalciferol,Phase 3,0,0,0,0,0,,0.0,0,,unscored,0.085667316858668
156,0,0.2810380808833624,NCT01139762,Benign Prostatic Hyperplasia; Enlarged Prostate,Tadalafil,Tadalafil,Phase 3,0,1,0,0,0,,0.0,0,54.0,low_confidence,0.2810380808833624
157,0,0.7218021293929536,NCT01140217,Contraceptive Usage,Norethindrone Acetate,Active treatment,Phase 3,0,0,0,0,0,,0.0,0,44.0,reliable,0.7218021293929536
158,0,0.46087367789895567,NCT01140451,Cystic Fibrosis,Ataluren,Ataluren/Ataluren,Phase 3,0,0,0,0,0,,0.0,0,38.0,reliable,0.46087367789895567
159,0,0.16886147084788466,NCT01140906,Major Depressive Disorder,Vortioxetine (Lu AA21004),Vortioxetine: 15 mg,Phase 3,0,0,0,0,0,,0.0,0,90.0,low_confidence,0.16886147084788466
160,0,0.1324599271159341,NCT01142258,Sleep Disorder,Trazodone,Trazodone,Phase 3,0,0,1,0,1,endpoint_surrogate_pass,0.0,0,67.0,low_confidence,0.1324599271159341
161,1,0.2099988103652107,NCT01142505,wheezing,Montelukast,Montelukast,Phase 3,0,0,0,0,0,,,0,,unscored,0.2099988103652107
162,0,0.288851139237906,NCT01142596,schizophrenia,Asenapine,Asenapine 10 mg BID,Phase 3,0,0,0,0,0,,0.0,0,70.0,low_confidence,0.288851139237906
164,0,0.01699796721808501,NCT01146834,Multiple Myeloma,bortezomib (Velcade); cyclophosphamide,"Arm A: VELCADE, CYCLOPHOSPHAMIDE, & G-CSF",Phase 3,1,1,0,0,0,,0.0,0,24.0,reliable,0.01699796721808501
165,0,0.03492705373121356,NCT01146834,Multiple Myeloma,bortezomib (Velcade),Arm B: VELCADE & G-CSF,Phase 3,1,1,0,0,0,,0.0,0,24.0,reliable,0.03492705373121356
166,0,0.002794549338192905,NCT01146834,Multiple Myeloma,cyclophosphamide,Arm C: CYCLOPHOSPHAMIDE & G-CSF,Phase 3,1,1,0,0,0,,0.0,0,24.0,reliable,0.002794549338192905
167,0,0.030149288466465196,NCT01146834,Multiple Myeloma,Plerixafor,Arm D: PLERIXAFOR & G-CSF,Phase 3,1,1,0,0,0,,0.0,0,24.0,reliable,0.030149288466465196
168,0,0.02168083621794369,NCT01146834,Multiple Myeloma,bortezomib (Velcade); Plerixafor,"Arm E: PLERIXAFOR, VELCADE, & G-CSF",Phase 3,1,1,0,0,0,,0.0,0,24.0,reliable,0.02168083621794369
169,0,0.3142802463133235,NCT01147289,Lumbar Sciatic Pain,Meloxicam,Meloxicam,Phase 3,0,0,0,0,0,,0.0,0,81.0,low_confidence,0.3142802463133235
170,0,0.011470901763279348,NCT01147926,constipation,Prucalopride,Prucalopride,Phase 3,0,0,0,0,0,,0.0,0,75.0,low_confidence,0.011470901763279348
171,1,0.004684065353133898,NCT01148043,Osteoarthritis,Hydroxychloroquine,Hydroxychloroquine,Phase 3,0,0,0,0,0,,0.0,0,80.0,low_confidence,0.004684065353133898
172,0,0.010353165627356015,NCT01150162,Gastric Ulcer,Rebamipide,Mucosta and Omeprazole,Phase 3,0,1,0,0,0,,0.0,0,44.0,reliable,0.010353165627356015
174,1,0.5102608360021715,NCT01151215,Breast Cancer,Sapitinib,1,Phase 2,1,1,0,0,0,,0.0,0,22.0,reliable,0.5102608360021715
175,0,0.00794415072562718,NCT01151410,Hypertension,Aliskiren,Aliskiren,Phase 3,0,0,1,0,1,endpoint_surrogate_pass,0.0,0,25.0,reliable,0.00794415072562718
176,0,0.015274398287086387,NCT01151410,Hypertension,Enalapril,Enalapril,Phase 3,0,0,1,0,1,endpoint_surrogate_pass,0.0,0,25.0,reliable,0.015274398287086387
177,0,0.2169775028906165,NCT01151540,Lennox-Gastaut syndrome,Rufinamide,Rufinamide,Phase 3,0,0,0,0,0,,0.0,0,44.0,reliable,0.2169775028906165
178,0,0.006238712649216832,NCT01151852,Gastrointestinal Stromal Tumors,Imatinib,Imatinib,Phase 3,1,0,0,0,0,,0.0,0,15.0,reliable,0.006238712649216832
179,0,0.7117526504702384,NCT01152190,Benign Prostatic Hyperplasia,Tadalafil,5 milligrams (mg) Tadalafil,Phase 3,0,0,0,0,0,,0.0,0,54.0,low_confidence,0.7117526504702384
180,0,0.1265057385979282,NCT01152996,depressive disorder,Vortioxetine,Vortioxetine,Phase 3,0,0,0,0,0,,0.0,0,78.0,low_confidence,0.1265057385979282
181,0,0.15002210216469594,NCT01153009,Major Depressive Disorder,Vortioxetine,Vortioxetine 15 mg,Phase 3,0,0,0,0,0,,0.0,0,90.0,low_confidence,0.15002210216469594
182,0,0.27896118370139733,NCT01153009,Major Depressive Disorder,Duloxetine,Duloxetine 60 mg,Phase 3,0,0,0,0,0,,0.0,0,90.0,low_confidence,0.27896118370139733
183,0,0.01972531548527417,NCT01154036,Hypercholesterolemia,Ezetimibe,Phase I: ezetimibe (EZ) 10 mg + atorvastatin (Atorva) 10 mg,Phase 3,0,1,1,0,1,endpoint_surrogate_pass,0.0,0,22.0,reliable,0.01972531548527417
184,1,0.11298966569288371,NCT01155310,Chronic Obstructive Pulmonary Disease,Helium/Oxygen 78%/22%,Helium/Oxygen,Phase 3,0,0,0,0,0,,,0,50.0,low_confidence,0.11298966569288371
185,0,0.11980130704515841,NCT01155765,Hemodialysis; Chronic Renal Failure,Prasugrel,Prasugrel,Phase 3,0,0,1,0,1,endpoint_surrogate_pass,0.0,0,29.0,reliable,0.11980130704515841
186,0,0.09310755992996442,NCT01155765,Hemodialysis; Chronic Renal Failure,Clopidogrel,Clopidogrel,Phase 3,0,0,1,0,1,endpoint_surrogate_pass,0.0,0,29.0,reliable,0.09310755992996442
187,0,0.28322905404227827,NCT01159912,asthma,Fluticasone furoate,Fluticasone Furoate OD and Placebo BID,Phase 3,0,0,1,0,1,endpoint_surrogate_pass,1.0,0,50.0,low_confidence,0.15
188,0,0.16562651368670475,NCT01159912,asthma,Fluticasone propionate,Fluticasone Propionate BID and Placebo OD,Phase 3,0,0,1,0,1,endpoint_surrogate_pass,1.0,0,50.0,low_confidence,0.15
189,1,0.006439068183357327,NCT01160380,Multiple Myeloma,armodafinil,Armodafinil,Phase 3,1,0,0,0,0,,0.0,0,24.0,reliable,0.006439068183357327
190,0,0.05385119514571646,NCT01162239,nicotine dependence,Varenicline,Extended Brief Contact,Phase 3,0,0,0,0,0,,0.0,0,59.0,low_confidence,0.05385119514571646
191,0,0.2826388356260193,NCT01163032,non-24-hour sleep-wake disorder,tasimelteon,tasimelteon,Phase 3,0,0,0,0,0,,0.0,0,67.0,low_confidence,0.2826388356260193
192,0,0.15002210216469594,NCT01163266,Major Depressive Disorder,Vortioxetine,Vortioxetine 10 mg,Phase 3,0,0,0,0,0,,0.0,0,90.0,low_confidence,0.15002210216469594
193,0,0.05924084042130358,NCT01167881,Type 2 Diabetes,Empagliflozin,BI 10773 dose plus metformin,Phase 3,0,0,1,0,1,endpoint_surrogate_pass,0.0,0,25.0,reliable,0.05924084042130358
194,0,0.008595867867404048,NCT01167881,Type 2 Diabetes,Glimepiride,Glimepiride 1-4 mg plus metformin,Phase 3,0,0,1,0,1,endpoint_surrogate_pass,0.0,0,25.0,reliable,0.008595867867404048
195,0,0.06301906860814284,NCT01170221,skin and soft tissue bacterial infection,TR-701 FA,TR-701 FA,Phase 3,0,0,0,0,0,,0.0,0,20.0,reliable,0.06301906860814284
197,1,0.07640153094947538,NCT01170780,Inguinal Hernia; Femoral Hernia,Dexamethasone,Dexamethasone,Phase 3,0,0,0,0,0,,0.0,0,44.0,reliable,0.07640153094947538
198,0,0.09751445706799856,NCT01171794,Altitude Sickness,Ibuprofen,ibuprofen,Phase 3,0,0,0,0,0,,0.0,0,44.0,reliable,0.09751445706799856
199,0,0.3940665971632399,NCT01174173,Angina; Pulmonary Arterial Hypertension,Ranolazine,Ranolazine,Phase 3,0,0,0,0,0,,0.0,0,22.0,reliable,0.3940665971632399
200,0,0.4869655176080153,NCT01176240,Parkinson's Disease,Droxidopa,Droxidopa,Phase 3,0,0,0,0,0,,0.0,0,58.0,low_confidence,0.4869655176080153
201,0,0.4457939324321528,NCT01176409,Human Immunodeficiency Virus; Herpes Simplex,Valacyclovir,High dose valacyclovir,Phase 3,0,0,0,0,0,,0.0,0,18.0,reliable,0.4457939324321528
202,0,0.0423400953427033,NCT01177384,Type 2 Diabetes Mellitus,Sitagliptin phosphate,Sitagliptin,Phase 3,0,1,0,0,0,,,0,25.0,reliable,0.0423400953427033
203,0,0.05924084042130358,NCT01177813,Type 2 Diabetes,Empagliflozin,BI 10773 high dose,Phase 3,0,0,1,0,1,endpoint_surrogate_pass,0.0,0,25.0,reliable,0.05924084042130358
204,0,0.06738167245185026,NCT01177813,Type 2 Diabetes,Sitagliptin,Sitagliptin 100 mg,Phase 3,0,0,1,0,1,endpoint_surrogate_pass,0.0,0,25.0,reliable,0.06738167245185026
205,1,0.2622127692300645,NCT01178281,Primary Myelofibrosis; MPN-associated Myelofibrosis,Pomalidomide,China Extension: Pomalidomide 0.5 mg,Phase 3,0,0,0,0,0,,0.0,0,18.0,reliable,0.2622127692300645
206,1,0.15002210216469594,NCT01179516,Major Depressive Disorder,Vortioxetine,Vortioxetine 10 mg,Phase 3,0,0,0,0,0,,0.0,0,90.0,low_confidence,0.15002210216469594
207,0,0.6767687205423019,NCT01179672,"Diabetic Neuropathy, Painful",Duloxetine,Duloxetine,Phase 3,0,0,0,0,0,,0.0,0,19.0,reliable,0.6767687205423019
209,0,0.6015336428762988,NCT01179828,Low back pain,Oxycodone,1,Phase 3,0,0,0,0,0,,0.0,0,84.0,low_confidence,0.6015336428762988
210,0,0.5971746669520941,NCT01179828,Low back pain,Clobazam,2,Phase 3,0,0,0,0,0,,0.0,0,84.0,low_confidence,0.5971746669520941
211,1,0.046760150751408734,NCT01181895,asthma,Vilanterol,Vilanterol,Phase 3,0,0,0,0,0,,1.0,0,50.0,low_confidence,0.046760150751408734
212,0,0.21212652141529187,NCT01181895,asthma,Salmeterol Inhalation Powder,Salmeterol,Phase 3,0,0,0,0,0,,1.0,0,50.0,low_confidence,0.21212652141529187
213,0,0.00994654292674969,NCT01182376,Atrial Fibrillation,dronedarone,Multaq® (dronedarone),Phase 3,0,0,0,0,0,,0.0,0,22.0,reliable,0.00994654292674969
214,0,0.022487779904110397,NCT01184664,smoking cessation,Nicotine Patch,Varenicline + Active Patch,Phase 3,0,1,0,0,0,,0.0,0,59.0,low_confidence,0.022487779904110397
215,0,0.015022878222379726,NCT01186770,constipation,Methylnaltrexone,MNTX 150 mg,Phase 3,0,0,0,0,0,,0.0,0,75.0,low_confidence,0.015022878222379726
216,0,0.07820829727075304,NCT01188798,Graft-versus-host Disease,Methotrexate,Transplant recipients receiving Methotrexate,Phase 3,0,0,0,0,0,,0.0,0,22.0,reliable,0.07820829727075304
217,0,0.1849946515148207,NCT01188798,Graft-versus-host Disease,Pentostatin,Transplant recipients receiving Pentostatin,Phase 3,0,0,0,0,0,,0.0,0,22.0,reliable,0.1849946515148207
218,0,0.019180815896870852,NCT01188928,Psoriasis Vulgaris,Calcipotriol; betamethasone,LEO 80185,Phase 3,0,1,0,0,0,,,0,52.0,low_confidence,0.019180815896870852
219,1,0.3375326050732962,NCT01189253,Sarcoma,trabectedin,Trabectedin IV 24 hours every 3 weeks,Phase 2/3,1,0,0,0,0,,,0,,unscored,0.3375326050732962
220,0,0.07640153094947538,NCT01189292,Thyroidectomy; Thyroid Diseases,Dexamethasone,Dexamethasone injection,Phase 3,0,0,0,0,0,,0.0,0,29.0,reliable,0.07640153094947538
221,0,0.07081673069774559,NCT01189890,Type 2 Diabetes Mellitus,sitagliptin phosphate,Sitagliptin,Phase 3,0,0,1,0,1,endpoint_surrogate_pass,0.0,0,25.0,reliable,0.07081673069774559
222,0,0.0036199943557381894,NCT01189890,Type 2 Diabetes Mellitus,Glimepiride,Glimepiride,Phase 3,0,0,1,0,1,endpoint_surrogate_pass,0.0,0,25.0,reliable,0.0036199943557381894
223,0,0.288851139237906,NCT01190267,schizophrenia,asenapine,Asenapine,Phase 3,0,0,0,0,0,,0.0,0,70.0,low_confidence,0.288851139237906
224,0,0.24183553073578928,NCT01190683,vitamin D deficiency,Cholecalciferol; Calcium Carbonate,cholecalciferol,Phase 3,0,1,0,0,0,,0.0,0,29.0,reliable,0.24183553073578928
225,0,0.5746219082071184,NCT01193244,Prostate Cancer,Orteronel,Orteronel + prednisone,Phase 3,1,1,0,0,0,,0.0,0,22.0,reliable,0.5746219082071184
226,0,0.5746219082071184,NCT01193257,Prostate Cancer,Orteronel,Orteronel + prednisone,Phase 3,1,1,0,0,0,,0.0,0,22.0,reliable,0.5746219082071184
227,0,0.003063108513458055,NCT01194830,Type 2 Diabetes,Linagliptin,Linagliptin,Phase 3,0,0,1,0,1,endpoint_surrogate_pass,0.0,0,25.0,reliable,0.003063108513458055
228,0,0.008312365651379716,NCT01195662,Type 2 Diabetes,Dapagliflozin,Dapagliflozin 10 mg,Phase 3,0,0,0,0,0,,0.0,0,25.0,reliable,0.008312365651379716
229,0,0.3650880802907037,NCT01197521,Rheumatoid Arthritis,fostamatinib,Dosing Regimen A,Phase 3,0,0,0,0,0,,0.0,0,52.0,low_confidence,0.3650880802907037
230,0,0.3650880802907037,NCT01197534,Rheumatoid Arthritis,fostamatinib,Dosing Regimen A,Phase 3,0,0,0,0,0,,0.0,0,52.0,low_confidence,0.3650880802907037
231,0,0.3650880802907037,NCT01197755,Rheumatoid Arthritis,fostamatinib,Dosing Regimen A,Phase 3,0,0,0,0,0,,0.0,0,52.0,low_confidence,0.3650880802907037
232,0,0.6731815031598375,NCT01197846,Bipolar Disorder,Quetiapine,Quetiapine,Phase 3,0,0,0,0,0,,0.0,0,75.0,low_confidence,0.6731815031598375
233,1,0.38284791774334687,NCT01198145,"Diarrhea; Gastrointestinal Complications; Unspecified Adult Solid Tumor, Protocol Specific",sulfasalazine,Arm I: Sulfasalazine,Phase 3,1,0,0,0,0,,0.0,0,,unscored,0.38284791774334687
234,0,0.0018830825140864274,NCT01198834,ankle sprain,Lidocaine,Lidocaine Patch,Phase 3,0,0,0,0,0,,0.0,0,81.0,low_confidence,0.0018830825140864274
235,0,0.006938722540704198,NCT01198834,ankle sprain,Etodolac,Etodolac Patch,Phase 3,0,0,0,0,0,,0.0,0,81.0,low_confidence,0.006938722540704198
238,0,0.027961785244144645,NCT01199861,Multiple Sclerosis,Fingolimod,Fingolimod,Phase 3,0,1,0,0,0,,0.0,0,50.0,low_confidence,0.027961785244144645
239,0,0.04765821577191406,NCT01201356,Multiple Sclerosis,Fingolimod,Fingolimod 0.5 mg/day,Phase 3,0,0,0,0,0,,0.0,0,50.0,low_confidence,0.04765821577191406
240,0,0.23104175538355293,NCT01202188,Chronic Obstructive Pulmonary Disease,indacaterol; glycopyrronium (QVA149,indacaterol and glycopyrronium (QVA149),Phase 3,0,1,0,0,0,,1.0,0,50.0,low_confidence,0.23104175538355293
241,0,0.24787877771782174,NCT01202188,Chronic Obstructive Pulmonary Disease,indacaterol (QAB149),indacaterol (QAB149),Phase 3,0,0,0,0,0,,1.0,0,50.0,low_confidence,0.24787877771782174
242,0,0.369670669315014,NCT01202188,Chronic Obstructive Pulmonary Disease,tiotropium,tiotropium,Phase 3,0,0,0,0,0,,1.0,0,50.0,low_confidence,0.369670669315014
243,0,0.0015513248729254563,NCT01204294,"Diabetes Mellitus, Type 2",Linagliptin,A-GI+Lina,Phase 3,0,0,0,0,0,,0.0,0,19.0,reliable,0.0015513248729254563
244,0,0.003102854110075382,NCT01204294,"Diabetes Mellitus, Type 2",Metformin,SU+Met,Phase 3,0,0,0,0,0,,0.0,0,19.0,reliable,0.003102854110075382
245,0,0.003102854110075382,NCT01204294,"Diabetes Mellitus, Type 2",Metformin,A-GI+Met,Phase 3,0,0,0,0,0,,0.0,0,19.0,reliable,0.003102854110075382
246,0,0.4952921185326559,NCT01204749,Ovarian Cancer,Amg-517,AMG 386,Phase 3,1,1,0,1,1,oncology_cytotoxic_monotherapy,0.0,0,22.0,reliable,0.15
249,1,0.23745307931805884,NCT01205828,Liver Cancer,Veliparib; Temozolomide,Temozolomide and ABT-888 in HCC patients,Phase 2,1,1,0,0,0,,0.0,0,15.0,reliable,0.23745307931805884
250,0,0.02003669483400309,NCT01206010,smoking cessation,Varenicline,Varenicline + Active Tailored Dose,Phase 3,0,0,0,0,0,,0.0,0,59.0,low_confidence,0.02003669483400309
251,0,0.2922987223470499,NCT01208922,Traveler's Diarrhea,Ciprofloxacin,Group B,Phase 3,0,0,0,0,0,,0.0,0,44.0,reliable,0.2922987223470499
252,0,0.08379385505159376,NCT01209208,Lymphocytic Colitis,Budesonide,A,Phase 3,0,0,0,0,0,,0.0,0,44.0,reliable,0.08379385505159376
253,0,0.08783564525040043,NCT01209208,Lymphocytic Colitis,Mesalamine,B,Phase 3,0,0,0,0,0,,0.0,0,44.0,reliable,0.08783564525040043
255,0,0.010468329033059599,NCT01211522,Delirium; Impaired Cognition; Long Term Psychologic Disorders,Haloperidol,Haloperidol,Phase 3,0,0,0,0,0,,0.0,0,18.0,reliable,0.010468329033059599
256,0,0.09023266723218015,NCT01211522,Delirium; Impaired Cognition; Long Term Psychologic Disorders,Ziprasidone,Ziprasidone,Phase 3,0,0,0,0,0,,0.0,0,18.0,reliable,0.09023266723218015
257,0,0.003233366964747951,NCT01212991,Metastatic Prostate Cancer,Enzalutamide,Enzalutamide,Phase 3,1,0,0,0,0,,0.0,0,15.0,reliable,0.003233366964747951
258,0,0.0015513248729254563,NCT01214239,"Diabetes Mellitus, Type 2",Linagliptin,Linagliptin,Phase 3,0,0,1,0,1,endpoint_surrogate_pass,0.0,0,19.0,reliable,0.0015513248729254563
259,0,0.06264237451896816,NCT01214382,Roux en Y Gastric Bypass Surgery,Sertraline,Sertraline,Phase 3,0,0,0,0,0,,0.0,0,42.0,reliable,0.06264237451896816
260,0,0.42810522619858765,NCT01214421,Autosomal Dominant Polycystic Kidney Disease (ADPKD),Tolvaptan,Tolvaptan,Phase 3,0,0,0,0,0,,1.0,0,29.0,reliable,0.42810522619858765
261,0,0.0015513248729254563,NCT01215097,"Diabetes Mellitus, Type 2",Linagliptin,Linagliptin,Phase 3,0,0,1,0,1,endpoint_surrogate_pass,0.0,0,19.0,reliable,0.0015513248729254563
262,1,0.3940665971632399,NCT01215253,Ischemic Cardiomyopathy; Nonischemic Cardiomyopathy; Heart Failure,Ranolazine,Ranolazine,Phase 3,0,0,0,0,0,,0.0,0,22.0,reliable,0.3940665971632399
263,0,0.01591579641957452,NCT01216163,Pain,Acetaminophen,Treatment B,Phase 3,0,0,0,0,0,,0.0,0,88.0,low_confidence,0.01591579641957452
264,0,0.012539870030005871,NCT01217892,Type 2 Diabetes,dapagliflozin,1,Phase 3,0,1,1,0,1,endpoint_surrogate_pass,0.0,0,25.0,reliable,0.012539870030005871
265,0,0.25383664360209013,NCT01218607,Mild Pulmonary Vascular Disease,Bosentan,Active,Phase 3,0,0,0,0,0,,1.0,0,44.0,reliable,0.25383664360209013
266,0,0.09697548855806024,NCT01222247,Pregnancy; Respiratory Distress Syndrome; Pregnancy Outcomes; Preterm Birth,Betamethasone,Betamethasone,Phase 3,0,0,0,0,0,,0.0,0,44.0,reliable,0.09697548855806024
267,0,0.011583698788549798,NCT01222520,Hypertension,amlodipine,Telmisartan and amlodipine FDC,Phase 3,0,1,0,0,0,,0.0,0,25.0,reliable,0.011583698788549798
268,0,0.004523902185411663,NCT01223352,pulmonary arterial hypertension,bosentan,Bosentan 2 mg/Kg b.i.d.,Phase 3,0,0,0,0,0,,0.0,0,45.0,reliable,0.004523902185411663
269,0,0.0064697178750914314,NCT01224366,Type 2 Diabetes Mellitus,Vildagliptin,Vildagliptin,Phase 3,0,0,1,0,1,endpoint_surrogate_pass,0.0,0,25.0,reliable,0.0064697178750914314
270,0,0.06155625351755871,NCT01225081,Type 2 Diabetes Mellitus,ipragliflozin,ASP group,Phase 3,0,1,1,0,1,endpoint_surrogate_pass,0.0,0,25.0,reliable,0.06155625351755871
271,0,0.2667157584971564,NCT01226511,"Anxiety Neuroses; Anxiety States, Neurotic; Neuroses, Anxiety",Duloxetine,Duloxetine,Phase 3,0,0,0,0,0,,0.0,0,78.0,low_confidence,0.2667157584971564
272,1,0.42810522619858765,NCT01227512,Hyponatremia; Dilutional Hyponatremia; Inappropriate ADH Syndrome,tolvaptan,Tolvaptan 15-60mg,Phase 3,0,0,0,0,0,,0.0,0,44.0,reliable,0.42810522619858765
273,0,0.6018454015515007,NCT01227655,Parkinson's Disease,BIA 9-1067,BIA 9-1067 25 mg once daily (QD).,Phase 3,0,1,0,0,0,,0.0,0,58.0,low_confidence,0.6018454015515007
276,0,0.4792557622645822,NCT01228747,Epilepsy; Generalized Tonic-Clonic Seizures,Levetiracetam,Levetiracetam,Phase 3,0,0,0,0,0,,0.0,0,44.0,reliable,0.4792557622645822
277,0,0.22774563682765375,NCT01229774,Coxarthrosis; Arthroplasties Hip Replacement; Perioperative Blood Loss,Etoricoxib,Etoricoxib,Phase 3,0,0,0,0,0,,0.0,0,22.0,reliable,0.22774563682765375
278,0,0.1572906645538465,NCT01229774,Coxarthrosis; Arthroplasties Hip Replacement; Perioperative Blood Loss,Diclofenac,Diclofenac,Phase 3,0,0,0,0,0,,0.0,0,22.0,reliable,0.1572906645538465
279,0,0.41877939875672665,NCT01231347,Adenocarcinoma of the Pancreas; Advanced Solid Tumors; Cancer; Cancer of Pancreas; Cancer of the Pancreas; Metastases; Metastatic Cancer; Metastatic Pancreatic Cancer; Pancreas Cancer; Pancreatic Cancer; Bone Metastases; Endocrine Cancer; Oncology; Oncology Patients; Solid Tumors; Advanced Malignancy,Amg-517,AMG 479 12 mg/kg dose + gemcitabine,Phase 3,1,1,0,1,1,oncology_cytotoxic_monotherapy,0.0,0,15.0,reliable,0.15
284,0,0.01432423580362679,NCT01232283,plaque psoriasis,Apremilast,Apremilast,Phase 3,0,0,1,0,1,endpoint_surrogate_pass,0.0,0,45.0,reliable,0.01432423580362679
285,0,0.02294876178790749,NCT01232894,chronic obstructive pulmonary disease,Indacaterol,Indacaterol,Phase 3,0,0,0,0,0,,0.0,0,50.0,low_confidence,0.02294876178790749
286,0,0.0064697178750914314,NCT01233622,Type 2 Diabetes Mellitus,Vildagliptin,Vildagliptin (metformin + glimepiride),Phase 3,0,0,1,0,1,endpoint_surrogate_pass,0.0,0,25.0,reliable,0.0064697178750914314
287,0,0.24059614745124686,NCT01234337,Breast Cancer,"Sorafenib (Nexavar, BAY43-9006)","Sorafenib (Nexavar, BAY43-9006) + Capecitabine",Phase 3,1,1,0,1,1,oncology_cytotoxic_monotherapy,0.0,0,22.0,reliable,0.15
288,0,0.011345333216327826,NCT01235637,Procedural Pain,Alfentanil,Alfentanil,Phase 3,0,0,0,0,0,,0.0,0,81.0,low_confidence,0.011345333216327826
289,0,0.25962643731236174,NCT01236365,Type 1 Diabetes,Atorvastatin,Atorvastatin,Phase 3,0,0,0,0,0,,0.0,0,25.0,reliable,0.25962643731236174
290,1,0.9700879481737626,NCT01237587,Fibromyalgia,Duloxetine,Duloxetine,Phase 3,0,0,0,0,0,,0.0,0,90.0,low_confidence,0.9700879481737626
291,0,0.5501560568453698,NCT01237678,Patients With Advanced Solid Tumors and Extensive Stage Small Cell Lung Cancer,Carboplatin; Etoposide,Carboplatin and Etoposide,Phase 2,1,1,0,0,0,,,0,,unscored,0.5501560568453698
292,0,0.00252937834417379,NCT01239797,Multiple Myeloma,Dexamethasone,Lenalidomide + Dexamethasone,Phase 3,1,1,0,0,0,,,0,24.0,reliable,0.00252937834417379
294,0,0.02466853898586559,NCT01243177,epilepsy,Lacosamide,Lacosamide,Phase 3,0,0,0,0,0,,0.0,0,48.0,reliable,0.02466853898586559
295,0,0.003063108513458055,NCT01243424,Type 2 Diabetes,linagliptin,linagliptin,Phase 3,0,0,0,0,0,,0.0,0,25.0,reliable,0.003063108513458055
296,0,0.008595867867404048,NCT01243424,Type 2 Diabetes,glimepiride,glimepiride 1-4 mg QD,Phase 3,0,0,0,0,0,,0.0,0,25.0,reliable,0.008595867867404048
297,0,0.2775476671736435,NCT01243476,Myelodysplastic Syndrome,Lenalidomide,lenalidomide,Phase 3,0,0,0,0,0,,0.0,0,18.0,reliable,0.2775476671736435
298,0,0.38995443610409314,NCT01244815,Pediatric Bipolar Disorder,asenapine,Asenapine 10.0 mg BID,Phase 3,0,0,0,0,0,,0.0,0,78.0,low_confidence,0.38995443610409314
299,0,0.288851139237906,NCT01244828,schizophrenia,Asenapine,Asenapine,Phase 3,0,0,0,0,0,,0.0,0,70.0,low_confidence,0.288851139237906
301,0,0.07640153094947538,NCT01248585,Bone Metastases,Dexamethasone,Dexamethasone,Phase 3,0,0,0,0,0,,0.0,0,15.0,reliable,0.07640153094947538
302,1,0.8335787364266313,NCT01251354,Endometrial Cancer,Irosustat,BN83495,Phase 2,1,0,0,0,0,,0.0,0,15.0,reliable,0.8335787364266313
303,0,0.32881126244920356,NCT01251393,cocaine dependence,Biperiden,Biperiden,Phase 3,0,0,0,0,0,,0.0,0,59.0,low_confidence,0.32881126244920356
304,0,0.5132946751144793,NCT01251614,Plaque Psoriasis,Methotrexate,Methotrexate,Phase 3,0,0,0,0,0,,0.0,0,45.0,reliable,0.5132946751144793
305,0,0.011470901763279348,NCT01251822,constipation,Prucalopride,Prucalopride,Phase 3,0,0,0,0,0,,0.0,0,75.0,low_confidence,0.011470901763279348
306,0,0.08621441094405419,NCT01254188,Chronic Myeloid Leukemia,Nilotinib,Nilotinib,Phase 3,1,0,0,0,0,,0.0,0,18.0,reliable,0.08621441094405419
307,0,0.08849580994967826,NCT01254344,Infection; Surgical Site Infection,ertapenem sodium,Ertapenem sodium 1 g,Phase 3,0,0,0,0,0,,0.0,0,20.0,reliable,0.08849580994967826
308,0,0.034755356196943185,NCT01254344,Infection; Surgical Site Infection,ceftriaxone sodium; metronidazole,Ceftriaxone sodium 2 g,Phase 3,0,1,0,0,0,,0.0,0,20.0,reliable,0.034755356196943185
309,1,0.007947648035409588,NCT01256450,Low back pain,Buprenorphine,BEMA Buprenorphine,Phase 3,0,0,0,0,0,,0.0,0,84.0,low_confidence,0.007947648035409588
310,0,0.011484390892262107,NCT01257451,Type 2 Diabetes,Vildagliptin,Vildagliptin,Phase 3,0,0,1,0,1,endpoint_surrogate_pass,0.0,0,25.0,reliable,0.011484390892262107
311,0,0.007033656697157659,NCT01257672,Gastroenteritis; Vomiting; Acute Gastroenteritis,Ondansetron,ondansetron,Phase 3,0,0,0,0,0,,0.0,0,75.0,low_confidence,0.007033656697157659
312,0,0.010626714294796436,NCT01257672,Gastroenteritis; Vomiting; Acute Gastroenteritis,Domperidone,domperidon,Phase 3,0,0,0,0,0,,0.0,0,75.0,low_confidence,0.010626714294796436
313,1,0.5214258847312937,NCT01257828,cervical spondylotic myelopathy,riluzole,Riluzole,Phase 3,0,0,0,0,0,,0.0,0,44.0,reliable,0.5214258847312937
315,0,0.29280158928932304,NCT01258049,Plasmodium falciparum malaria,Quinine,Quinine,Phase 3,0,0,0,0,0,,0.0,0,20.0,reliable,0.29280158928932304
316,0,0.4414219384386092,NCT01259856,High Risk Polycythemia Vera; High Risk Essential Thrombocythemia,Hydroxyurea,Hydroxyurea,Phase 3,0,1,0,0,0,,0.0,0,18.0,reliable,0.4414219384386092
317,0,0.010817294678821077,NCT01261325,epilepsy,Brivaracetam,Brivaracetam 100 mg/ day,Phase 3,0,1,0,0,0,,0.0,0,48.0,reliable,0.010817294678821077
319,0,0.08968123940176073,NCT01262586,Type II Diabetes Mellitus,Vildagliptin,Vildagliptin,Phase 3,0,0,0,0,0,,0.0,0,19.0,reliable,0.08968123940176073
320,0,0.040272210304031324,NCT01262586,Type II Diabetes Mellitus,Glimepiride,Glimepiride,Phase 3,0,0,0,0,0,,0.0,0,19.0,reliable,0.040272210304031324
324,0,0.10437814270039705,NCT01270659,Pain,Fentanyl,High-FBT,Phase 3,0,0,1,0,1,endpoint_surrogate_pass,0.0,0,88.0,low_confidence,0.10437814270039705
325,0,0.01476139345082902,NCT01270659,Pain,Acetaminophen,Low control,Phase 3,0,1,1,0,1,endpoint_surrogate_pass,0.0,0,88.0,low_confidence,0.01476139345082902
326,0,0.01476139345082902,NCT01270659,Pain,Acetaminophen,High control,Phase 3,0,1,1,0,1,endpoint_surrogate_pass,0.0,0,88.0,low_confidence,0.01476139345082902
328,0,0.003971322265500847,NCT01272635,Asthma; Wheezing,Prednisolone,Azythromycin (APRIL) and Prednisolone (OCELOT),Phase 3,0,1,0,0,0,,0.0,0,42.0,reliable,0.003971322265500847
329,1,0.6277246337209696,NCT01274559,Primary Hypercholesterolemia; Mixed Dyslipidemia,laropiprant,Extended-release niacin/laropiprant,Phase 3,0,1,0,0,0,,,0,,unscored,0.6277246337209696
330,0,0.08621441094405419,NCT01275196,Chronic Myeloid Leukemia,Nilotinib,Nilotinib,Phase 3,1,0,0,0,0,,0.0,0,18.0,reliable,0.08621441094405419
331,0,0.04040267797610238,NCT01275196,Chronic Myeloid Leukemia,Imatinib,Imatinib,Phase 3,1,0,0,0,0,,0.0,0,18.0,reliable,0.04040267797610238
332,1,0.2625221622244064,NCT01275248,Obsessive-compulsive Disorder,Ondansetron,Ondansetron 0.5 mg,Phase 2,0,0,0,0,0,,0.0,0,78.0,low_confidence,0.2625221622244064
333,0,0.21328162106867338,NCT01275560,Anal Incontinence,Metronidazole,Metronidazole,Phase 3,0,0,0,0,0,,0.0,0,54.0,low_confidence,0.21328162106867338
335,0,0.24784568878071317,NCT01278459,Pre-Eclampsia,Atorvastatin,Atorvastatin first,Phase 3,0,0,0,0,0,,0.0,0,44.0,reliable,0.24784568878071317
336,0,0.42810522619858765,NCT01280721,Autosomal Dominant Polycystic Kidney Disease （ADPKD),tolvaptan,tolvaptan,Phase 3,0,0,0,0,0,,1.0,0,29.0,reliable,0.42810522619858765
337,0,0.5154539830179353,NCT01281007,genital herpes,Famciclovir,Famciclovir 125 mg,Phase 3,0,0,0,0,0,,0.0,0,18.0,reliable,0.5154539830179353
338,1,0.32958605843513833,NCT01283009,Community Acquired Respiratory Disease Syndrome,Methylprednisolone,Arm 2: Methylprednisolone,Phase 3,0,0,0,0,0,,0.0,0,44.0,reliable,0.32958605843513833
339,1,0.6457567584776929,NCT01284517,Depression,Lurasidone,Lurasidone 20-120 mg flexible dose,Phase 3,0,0,0,0,0,,,0,90.0,low_confidence,0.6457567584776929
340,0,0.012201991342983075,NCT01284556,epilepsy,Phenobarbital,100 mg group,Phase 3,0,0,0,0,0,,0.0,0,48.0,reliable,0.012201991342983075
341,0,0.13687032177296105,NCT01285271,coronary artery bypass,Xenon,Xenon,Phase 3,0,0,0,0,0,,0.0,0,22.0,reliable,0.13687032177296105
342,0,0.0999977762535327,NCT01285271,coronary artery bypass,Sevoflurane,Sevoflurane,Phase 3,0,0,0,0,0,,0.0,0,22.0,reliable,0.0999977762535327
343,1,0.3494769391744613,NCT01285310,Patients With Rheumatoid Arthritis,Apremilast,Apremilast 20 mg,Phase 2,0,0,0,0,0,,0.0,0,44.0,reliable,0.3494769391744613
344,0,0.369670669315014,NCT01285492,Chronic Obstructive Pulmonary Disease,Tiotropium,Tiotropium,Phase 3,0,0,0,0,0,,0.0,0,50.0,low_confidence,0.369670669315014
346,0,0.008806094747436762,NCT01289119,Type 2 Diabetes,Alogliptin,Alogliptin Monotherapy,Phase 3,0,0,1,0,1,endpoint_surrogate_pass,0.0,0,25.0,reliable,0.008806094747436762
347,0,0.06381211263254215,NCT01290874,asthma,Tiotropium,Tiotropium,Phase 3,0,0,0,0,0,,1.0,0,50.0,low_confidence,0.06381211263254215
348,0,0.21543196095503378,NCT01290874,asthma,Salmeterol,Salmeterol or Formoterol [Salmeterol],Phase 3,0,0,0,0,0,,1.0,0,50.0,low_confidence,0.21543196095503378
349,0,0.2791333313834318,NCT01290874,asthma,Formoterol,Salmeterol or Formoterol [Formoterol],Phase 3,0,0,0,0,0,,1.0,0,50.0,low_confidence,0.2791333313834318
350,0,0.49429755155304295,NCT01291433,radiation-induced brachial plexopathy,Pentoxifylline; Tocopherol acetate; Clodronic Acid,PENTOCLO,Phase 3,0,1,0,0,0,,0.0,0,44.0,reliable,0.49429755155304295
351,0,0.09112289242202001,NCT01291511,schizophrenia,Iloperidone,Iloperidone,Phase 3,0,0,0,0,0,,0.0,0,70.0,low_confidence,0.09112289242202001
353,0,0.004941594078660256,NCT01292720,heart failure,Cholecalciferol,Vitamin D,Phase 3,0,0,0,0,0,,-1.0,1,40.0,reliable,0.5
354,0,0.4792557622645822,NCT01292837,Epilepsy; Generalized Tonic-clonic Seizures,Levetiracetam,Levetiracetam,Phase 3,0,0,0,0,0,,0.0,0,44.0,reliable,0.4792557622645822
355,0,0.019995751553433777,NCT01294163,coronary artery disease,Xenon,Xenon,Phase 3,0,0,0,0,0,,,0,22.0,reliable,0.019995751553433777
356,0,0.029798997592448896,NCT01294163,coronary artery disease,Sevoflurane,Sevoflurane,Phase 3,0,0,0,0,0,,,0,22.0,reliable,0.029798997592448896
357,0,0.009852569533961514,NCT01294163,coronary artery disease,Propofol,Total intravenous anaesthesia,Phase 3,0,0,0,0,0,,,0,22.0,reliable,0.009852569533961514
358,0,0.0021342757923046144,NCT01294423,Type 2 Diabetes Mellitus,Dapagliflozin,1,Phase 3,0,0,1,0,1,endpoint_surrogate_pass,0.0,0,25.0,reliable,0.0021342757923046144
359,0,0.003243727806678854,NCT01294436,diabetes Mellitus,Dapagliflozin,Open label treatment,Phase 3,0,0,0,0,0,,0.0,0,19.0,reliable,0.003243727806678854
360,0,0.033355712701021514,NCT01294462,Acute Coronary Syndrome; Percutaneous Coronary Intervention,Ticagrelor,1,Phase 3,0,1,0,0,0,,0.0,0,22.0,reliable,0.033355712701021514
361,0,0.005652702628016639,NCT01294462,Acute Coronary Syndrome; Percutaneous Coronary Intervention,Clopidogrel,2,Phase 3,0,1,0,0,0,,0.0,0,22.0,reliable,0.005652702628016639
362,0,0.23104175538355293,NCT01294787,Chronic Obstructive Pulmonary Disease,indacaterol; glycopyrronium bromide (QVA149,indacaterol and glycopyrronium bromide (QVA149),Phase 3,0,1,0,0,0,,0.0,0,50.0,low_confidence,0.23104175538355293
363,0,0.369670669315014,NCT01294787,Chronic Obstructive Pulmonary Disease,tiotropium,tiotropium,Phase 3,0,0,0,0,0,,0.0,0,50.0,low_confidence,0.369670669315014
364,0,0.4963399827544306,NCT01295372,Schizophrenia,Zicronapine,Zicronapine,Phase 3,0,0,1,0,1,endpoint_surrogate_pass,0.0,0,70.0,low_confidence,0.15
365,0,0.501107671084318,NCT01295372,Schizophrenia,Risperidone,Risperidone,Phase 3,0,0,1,0,1,endpoint_surrogate_pass,0.0,0,70.0,low_confidence,0.15
366,0,0.006276509738477055,NCT01296412,"Diabetes Mellitus, Type 2",sitagliptin; glimepiride,Sitagliptin +/- glimepiride,Phase 3,0,1,1,0,1,endpoint_surrogate_pass,0.0,0,19.0,reliable,0.006276509738477055
367,0,0.012929399900209599,NCT01296412,"Diabetes Mellitus, Type 2",liraglutide,Liraglutide,Phase 3,0,1,1,0,1,endpoint_surrogate_pass,0.0,0,19.0,reliable,0.012929399900209599
368,0,0.3160559374841825,NCT01298219,opioid-induced constipation,Lubiprostone,Lubiprostone,Phase 3,0,0,0,0,0,,0.0,0,75.0,low_confidence,0.3160559374841825
369,0,0.4842393900137007,NCT01298323,Locally Advanced or Metastatic Medullary Thyroid Cancer; Medullary Thyroid Cancer,Vandetanib,Experimental,Phase 3,1,0,0,0,0,,0.0,0,15.0,reliable,0.4842393900137007
370,1,0.31129325083214116,NCT01300351,Advanced Breast Cancer,Fulvestrant,Fulvestrant 500mg,Phase 3,1,0,0,0,0,,0.0,0,15.0,reliable,0.31129325083214116
371,1,0.26181642737117283,NCT01301079,Pain; Hyperalgesia; Inflammatory Response,Ketamine,Ketamine,Phase 3,0,0,0,0,0,,0.0,0,81.0,low_confidence,0.26181642737117283
372,0,0.0082898950162852,NCT01302691,Hypertension,hydrochlorothiazide; amlodipine besylate (MK-0954E,L50/H12.5/A5,Phase 3,0,1,0,0,0,,0.0,0,25.0,reliable,0.0082898950162852
373,0,0.010115016830821357,NCT01302691,Hypertension,Amlodipine besylate,L50 + A5,Phase 3,0,1,0,0,0,,0.0,0,25.0,reliable,0.010115016830821357
374,0,0.35888034790562934,NCT01302964,Autism Spectrum Disorders,Mirtazapine,Mirtazapine,Phase 3,0,0,0,0,0,,0.0,0,62.0,low_confidence,0.35888034790562934
375,0,0.5074415319185848,NCT01303406,Friedreich ataxia,Idebenone,idebenone,Phase 3,0,0,0,0,0,,0.0,0,44.0,reliable,0.5074415319185848
376,0,0.8864287771543576,NCT01303679,First Line Metastatic Breast Cancer,Paclitaxel,paclitaxel-bevacizumab,Phase 3,1,1,0,0,0,,,0,,unscored,0.8864287771543576
377,1,0.06957601336145766,NCT01303679,First Line Metastatic Breast Cancer,Exemestane,exemestane-bevacizumab,Phase 3,1,1,0,0,0,,,0,,unscored,0.06957601336145766
378,0,0.8393006022696069,NCT01303796,Acute Myeloid Leukemia,Sapacitabine,Sapacitabine-decitabine alternating,Phase 3,1,1,0,1,1,oncology_cytotoxic_monotherapy,0.0,0,24.0,reliable,0.15
379,0,0.11980130704515841,NCT01304472,Coronary Artery Disease (CAD),Prasugrel,Prasugrel,Phase 3,0,0,1,0,1,endpoint_surrogate_pass,0.0,0,22.0,reliable,0.11980130704515841
380,0,0.09310755992996442,NCT01304472,Coronary Artery Disease (CAD),Clopidogrel,Clopidogrel,Phase 3,0,0,1,0,1,endpoint_surrogate_pass,0.0,0,22.0,reliable,0.09310755992996442
381,0,0.4961771021213523,NCT01304589,Vestibulodynia; Vulvodynia,Milnacipran,Milnacipran,Phase 3,0,0,0,0,0,,,0,,unscored,0.4961771021213523
382,0,0.00804495898016571,NCT01304706,diabetic macular edema,Fluocinolone Acetonide,Fluocinolone Acetonide,Phase 3,0,0,0,0,0,,0.0,0,19.0,reliable,0.00804495898016571
383,1,0.20462469029448993,NCT01305408,Major Depression,Armodafinil,Armodafinil 150 mg/day,Phase 3,0,0,0,0,0,,0.0,0,90.0,low_confidence,0.20462469029448993
384,0,0.5697563999273383,NCT01306370,Knee Arthropathy,Tranexamic Acid,Tranexamic acid,Phase 3,0,0,0,0,0,,0.0,0,44.0,reliable,0.5697563999273383
385,0,0.13663072522239356,NCT01306721,seasonal allergic rhinitis,fexofenadine HCL (M016455); pseudoephedrine,FEX 60 mg/PSE 120 mg,Phase 3,0,1,0,0,0,,0.0,0,54.0,low_confidence,0.13663072522239356
386,0,0.004054524467173404,NCT01307046,Hypertension,Losartan,Losartan,Phase 3,0,0,0,0,0,,0.0,0,25.0,reliable,0.004054524467173404
387,0,0.04025480894330478,NCT01307397,Metastatic Melanoma,Vemurafenib,Vemurafenib,Phase 3,1,0,0,0,0,,0.0,0,15.0,reliable,0.04025480894330478
388,0,0.7357539468683315,NCT01307579,Acute Myeloid Leukemia,Fluconazole,Arm II (fluconazole),Phase 3,1,0,0,0,0,,0.0,0,24.0,reliable,0.7357539468683315
389,1,0.5220594162281083,NCT01307800,Schizophrenia,Pomaglumetad Methionil Anhydrous,"10 mg LY2140023, BID",Phase 3,0,0,0,0,0,,,0,70.0,low_confidence,0.5220594162281083
390,0,0.5774609830369223,NCT01308567,Prostate Cancer,Cabazitaxel (XRP6258),Cabazitaxel 20 mg/m^2,Phase 3,1,1,0,0,0,,0.0,0,22.0,reliable,0.5774609830369223
391,0,0.01631015924282233,NCT01311687,Multiple Myeloma,pomalidomide,Pomalidomide + Low-Dose Dexamethasone,Phase 3,1,1,0,0,0,,0.0,0,24.0,reliable,0.01631015924282233
392,0,0.015103574306261237,NCT01313494,Chronic Obstructive Pulmonary Disease,Roflumilast,Roflumilast,Phase 3,0,1,1,0,1,endpoint_surrogate_pass,0.0,0,50.0,low_confidence,0.015103574306261237
393,0,0.05385119514571646,NCT01314001,nicotine dependence,Varenicline,Varenicline (Normal Metabolizers),Phase 3,0,0,0,0,0,,0.0,0,59.0,low_confidence,0.05385119514571646
394,0,0.0689641347496701,NCT01314001,nicotine dependence,Transdermal Nicotine,Transdermal Nicotine (Normal Metabolizers),Phase 3,0,0,0,0,0,,0.0,0,59.0,low_confidence,0.0689641347496701
395,0,0.004766616376570021,NCT01316107,type 2 diabetes mellitus,ipragliflozin; nateglinide,ASP group,Phase 3,0,1,1,0,1,endpoint_surrogate_pass,0.0,0,25.0,reliable,0.004766616376570021
396,1,0.9965383554537597,NCT01316939,Crohn's Disease,GSK1605786A,GSK1605786A once daily,Phase 3,0,0,0,0,0,,0.0,0,52.0,low_confidence,0.9965383554537597
397,0,0.013817665997102708,NCT01318395,pulmonary arterial hypertension,Aliskiren,Aliskiren,Phase 3,0,0,0,0,0,,0.0,0,45.0,reliable,0.013817665997102708
398,1,0.41877939875672665,NCT01318642,Adenocarcinoma of the Pancreas; Locally Advanced; Unresectable,Amg-517,AMG 479 20 mg/kg + Gemcitabine,Phase 2,1,1,0,0,0,,0.0,0,15.0,reliable,0.41877939875672665
400,1,0.9267792863245881,NCT01320722,hypertension,Probenecid,Probenecid,Phase 3,0,0,0,0,0,,-1.0,1,25.0,reliable,0.9267792863245881
401,1,0.852465178262644,NCT01320722,hypertension,Allopurinol,Allopurinol,Phase 3,0,0,0,0,0,,-1.0,1,25.0,reliable,0.852465178262644
402,0,0.5102487691868538,NCT01321554,Thyroid Cancer,Lenvatinib,Lenvatinib (Randomization Phase),Phase 3,1,0,0,0,0,,0.0,0,15.0,reliable,0.5102487691868538
403,0,0.3160559374841825,NCT01324284,Bowel Preparation,Lubiprostone,Lubiprostone,Phase 3,0,0,0,0,0,,0.0,0,44.0,reliable,0.3160559374841825
404,0,0.02167272401417431,NCT01324947,Multiple Myeloma,pomalidomide,Pomalidomide,Phase 3,1,0,0,0,0,,0.0,0,24.0,reliable,0.02167272401417431
405,0,0.06997631582374379,NCT01326325,Cancer Pain,Ketamine,Ketamine,Phase 3,1,0,0,0,0,,0.0,0,,unscored,0.06997631582374379
406,0,0.5154539830179353,NCT01327144,Herpes Zoster,Famciclovir,Famciclovir 500mg,Phase 3,0,0,0,0,0,,0.0,0,18.0,reliable,0.5154539830179353
407,0,0.11980130704515841,NCT01327534,Myocardial Infarction; STEMI,Prasugrel,prasugrel,Phase 3,0,0,1,0,1,endpoint_surrogate_pass,0.0,0,22.0,reliable,0.11980130704515841
408,0,0.09310755992996442,NCT01327534,Myocardial Infarction; STEMI,Clopidogrel,clopidogrel,Phase 3,0,0,1,0,1,endpoint_surrogate_pass,0.0,0,22.0,reliable,0.09310755992996442
410,0,0.4208224672768651,NCT01328093,Schizophrenia,Aripiprazole,Aripiprazole,Phase 3,0,1,0,0,0,,,0,70.0,low_confidence,0.4208224672768651
412,1,0.2504494485870111,NCT01330381,functional constipation,prucalopride,prucalopride,Phase 3,0,0,0,0,0,,0.0,0,75.0,low_confidence,0.2504494485870111
413,1,0.09995368707306865,NCT01334125,Diabetes,Metformin,Metformin,Phase 3,0,0,1,0,1,endpoint_surrogate_pass,0.0,0,25.0,reliable,0.09995368707306865
414,0,0.06738167245185026,NCT01334229,Type 2 Diabetes,Sitagliptin,Sitagliptin,Phase 3,0,0,0,0,0,,0.0,0,25.0,reliable,0.06738167245185026
416,0,0.38835070594090115,NCT01336348,ST Segment Elevation Myocardial Infarction,Prasugrel,prasugrel,Phase 3,0,0,1,0,1,endpoint_surrogate_pass,0.0,0,22.0,reliable,0.15
417,0,0.08289629600791408,NCT01336608,COPD,Fluticasone Furoate,Fluticasone Furoate/Vilanterol,Phase 3,0,1,0,0,0,,0.0,0,50.0,low_confidence,0.08289629600791408
418,0,0.35869966216115645,NCT01338077,Gastroesophageal Reflux Disease; Heartburn,Omeprazole,Omeprazole,Phase 3,0,0,0,0,0,,0.0,0,81.0,low_confidence,0.35869966216115645
419,0,0.004523902185411663,NCT01338415,pulmonary arterial hypertension,Bosentan,bosentan 2mg/kg b.i.d.,Phase 3,0,0,0,0,0,,0.0,0,45.0,reliable,0.004523902185411663
420,0,0.7501194339902336,NCT01338909,Myocardial Infarction,Prasugrel,Prasugrel,Phase 3,0,0,1,0,1,endpoint_surrogate_pass,0.0,0,22.0,reliable,0.15
421,0,0.7298737681146932,NCT01338909,Myocardial Infarction,Clopidogrel,Clopidogrel,Phase 3,0,0,1,0,1,endpoint_surrogate_pass,0.0,0,22.0,reliable,0.15
422,0,0.003328872018827824,NCT01339260,Chemotherapy-Induced Nausea and Vomiting,Netupitant,Netupitant and Palonosetron+dexamethasone-cycle 1,Phase 3,0,1,0,0,0,,0.0,0,75.0,low_confidence,0.003328872018827824
423,0,0.018509810597716298,NCT01339559,epilepsy,Brivaracetam,Brivaracetam,Phase 3,0,0,0,0,0,,0.0,0,48.0,reliable,0.018509810597716298
424,0,0.09797686875833278,NCT01340768,Type 2 Diabetes,Sitagliptin,Sitagliptin,Phase 3,0,1,0,0,0,,0.0,0,25.0,reliable,0.09797686875833278
425,0,0.05919625249547027,NCT01343277,liposarcoma or leiomyosarcoma,Trabectedin,Trabectedin,Phase 3,1,0,0,0,0,,0.0,0,15.0,reliable,0.05919625249547027
426,0,0.03177752886441175,NCT01343277,liposarcoma or leiomyosarcoma,Dacarbazine,Dacarbazine,Phase 3,1,0,0,0,0,,0.0,0,15.0,reliable,0.03177752886441175
427,1,0.006354604341382587,NCT01345058,Epilepsy,lacosamide,Lacosamide + Low-Dose Levetiracetam,Phase 3,0,1,0,0,0,,0.0,0,48.0,reliable,0.006354604341382587
428,0,0.7856608549647994,NCT01345682,Head and Neck Cancer,Afatinib,Afatinib (BIBW 2992),Phase 3,1,0,0,0,0,,0.0,0,,unscored,0.7856608549647994
429,0,0.7579625114780759,NCT01345682,Head and Neck Cancer,Methotrexate,Methotrexate,Phase 3,1,0,0,0,0,,0.0,0,,unscored,0.7579625114780759
430,0,0.4255833946848432,NCT01349010,hyperlipidemia,Probucol,Probucol,Phase 3,0,0,0,0,0,,0.0,0,22.0,reliable,0.4255833946848432
431,0,0.42810522619858765,NCT01349348,Ascites; Hepatic Cirrhosis,Tolvaptan,Tolvaptan 15mg,Phase 3,0,0,1,0,1,endpoint_surrogate_pass,0.0,0,29.0,reliable,0.15
432,0,0.36564918762670534,NCT01349673,Proctitis; Proctosigmoiditis,Budesonide Foam,Budesonide Foam,Phase 3,0,0,0,0,0,,,0,,unscored,0.36564918762670534
433,0,0.38995443610409314,NCT01349907,Pediatric Bipolar Disorder,Asenapine,Asenapine/Asenapine,Phase 3,0,0,0,0,0,,0.0,0,78.0,low_confidence,0.38995443610409314
437,0,0.24105117507133306,NCT01353235,Chronic Obstructive Pulmonary Disease,Prednisolone,Prednisolone,Phase 3,0,0,0,0,0,,0.0,0,50.0,low_confidence,0.24105117507133306
439,1,0.0032468090731631247,NCT01353391,Type 2 Diabetes,Metformin,Metformin,Phase 3,0,0,0,0,0,,0.0,0,25.0,reliable,0.0032468090731631247
440,0,0.045144848290685505,NCT01354145,Osteoarthritis,Chondroitin sulfate,Chondroitin sulfate (Condrosan),Phase 3,0,0,0,0,0,,0.0,0,80.0,low_confidence,0.045144848290685505
441,0,0.09075237810925377,NCT01354145,Osteoarthritis,Celecoxib,Celecoxib,Phase 3,0,0,0,0,0,,0.0,0,80.0,low_confidence,0.09075237810925377
442,1,0.02067738271837487,NCT01355081,Treatment of Major Depressive Disorder,Vortioxetine,Vortioxetine 10 mg,Phase 3,0,0,0,0,0,,0.0,0,78.0,low_confidence,0.02067738271837487
443,1,0.482782948805074,NCT01355874,Internal Hemorrhoids,Iferanserin,Iferanserin,Phase 3,0,0,0,0,0,,0.0,0,44.0,reliable,0.482782948805074
444,0,0.011022995017802975,NCT01356602,gout,Triamcinolone Acetonide,Triamcinolone Acetonide,Phase 3,0,0,0,0,0,,0.0,0,44.0,reliable,0.011022995017802975
446,0,0.3288587482302726,NCT01357031,Migraine,Amitriptyline,Amitriptyline,Phase 3,0,0,0,0,0,,0.0,0,78.0,low_confidence,0.3288587482302726
447,0,0.011484390892262107,NCT01357252,Type 2 Diabetes,vildagliptin,vildagliptin,Phase 3,0,0,1,0,1,endpoint_surrogate_pass,0.0,0,25.0,reliable,0.011484390892262107
448,1,0.023590047368670417,NCT01358357,Bipolar I Disorder,Lurasidone,Lurasidone 20-80 mg flexible dose,Phase 3,0,0,0,0,0,,,0,78.0,low_confidence,0.023590047368670417
449,0,0.13376045123477331,NCT01360437,Coronary Artery Disease; Acute Coronary Syndrome,Prasugrel,Prasugrel,Phase 3,0,0,1,0,1,endpoint_surrogate_pass,0.0,0,22.0,reliable,0.13376045123477331
450,0,0.18586692736083146,NCT01360437,Coronary Artery Disease; Acute Coronary Syndrome,Ticagrelor,Ticagrelor,Phase 3,0,0,1,0,1,endpoint_surrogate_pass,0.0,0,22.0,reliable,0.15
451,0,0.9966225615778415,NCT01360762,Visceral Leishmaniasis,Pentamidine,Pentamidine Secondary Prophylaxis (PSP),Phase 3,0,0,0,0,0,,0.0,0,20.0,reliable,0.9966225615778415
452,0,0.1653955496457476,NCT01360853,Metastatic Pancreatic Cancer,ON 01910.Na,Arm A: Combination,Phase 3,1,1,0,1,1,oncology_cytotoxic_monotherapy,0.0,0,15.0,reliable,0.15
453,0,0.24623516622100908,NCT01360866,Major Depressive Disorder,Brexpiprazole,OPC-34712 (Brexpiprazole) and Escitalopram,Phase 3,0,1,0,0,0,,,0,90.0,low_confidence,0.24623516622100908
454,1,0.3454417097390851,NCT01362348,wet macular degeneration,pazopanib eye drops,pazopanib eye drops,Phase 2,0,0,0,0,0,,0.0,0,49.0,low_confidence,0.3454417097390851
455,0,0.18839727172056098,NCT01362530,Chemotherapy Induced Nausea and Vomiting,Aprepitant; Aprepitant powder for suspension (PFS),Aprepitant Regimen,Phase 3,0,1,0,0,0,,0.0,0,75.0,low_confidence,0.18839727172056098
456,0,0.3356013772797821,NCT01363349,Schizophrenia; Cognitive Effect on Schizophrenic Patients,Risperidone,Risperidone,Phase 2/3,0,0,0,0,0,,,0,,unscored,0.3356013772797821
457,0,0.006840430179724318,NCT01363479,Chemotherapy-Induced Nausea and Vomiting,Oral palonosetron,Oral palonosteron plus dexamethasone,Phase 3,0,1,0,0,0,,0.0,0,75.0,low_confidence,0.006840430179724318
458,0,0.02067738271837487,NCT01364649,Treatment of Major Depressive Disorder,Vortioxetine,Vortioxetine,Phase 3,0,0,0,0,0,,0.0,0,78.0,low_confidence,0.02067738271837487
459,0,0.3415975422636288,NCT01364649,Treatment of Major Depressive Disorder,Escitalopram,Escitalopram,Phase 3,0,0,0,0,0,,0.0,0,78.0,low_confidence,0.3415975422636288
460,0,0.25162474994802014,NCT01365481,Hypertension; Chronic Kidney Disease,Valsartan,valsartan,Phase 3,0,1,0,0,0,,,0,,unscored,0.25162474994802014
462,1,0.26646404901746906,NCT01365910,Refractory Colorectal Cancer,linifanib,Treatment (enzyme inhibitor),Phase 2,1,0,0,0,0,,0.0,0,15.0,reliable,0.26646404901746906
463,0,0.015449705759353588,NCT01366209,Idiopathic Pulmonary Fibrosis,Pirfenidone,Active Arm,Phase 3,0,0,0,0,0,,0.0,0,40.0,reliable,0.015449705759353588
464,0,0.020043791655948336,NCT01368081,Type 2 Diabetes Mellitus,Empagliflozin,BI 10773 high dose,Phase 3,0,0,0,0,0,,0.0,0,25.0,reliable,0.020043791655948336
465,0,0.010601580445234201,NCT01368081,Type 2 Diabetes Mellitus,Metformin,Metformin,Phase 3,0,0,0,0,0,,0.0,0,25.0,reliable,0.010601580445234201
466,0,0.3017885418635737,NCT01369576,obstructive sleep apnea,Zopiclone,zopiclone,Phase 3,0,0,0,0,0,,0.0,0,67.0,low_confidence,0.3017885418635737
467,0,0.4074034630771616,NCT01370525,Heartburn,Esomeprazole,Esomeprazole 20 mg,Phase 3,0,0,0,0,0,,0.0,0,81.0,low_confidence,0.4074034630771616
468,0,0.4074034630771616,NCT01370538,Heartburn,Esomeprazole,Esomeprazole 20 mg,Phase 3,0,0,0,0,0,,0.0,0,81.0,low_confidence,0.4074034630771616
469,0,0.011244564757204138,NCT01370590,Hypercholesterolemia,Ezetimibe; atorvastatin,Ezetimibe/atorvastatin combination,Phase 3,0,1,0,0,0,,,0,22.0,reliable,0.011244564757204138
470,0,0.011244564757204138,NCT01370603,Hypercholesterolemia,Ezetimibe; atorvastatin,Ezetimibe/atorvastatin combination,Phase 3,0,1,1,0,1,endpoint_surrogate_pass,0.0,0,22.0,reliable,0.011244564757204138
473,0,0.010601580445234201,NCT01370707,Type 2 Diabetes Mellitus,Metformin,Metformin,Phase 3,0,0,1,0,1,endpoint_surrogate_pass,0.0,0,25.0,reliable,0.010601580445234201
474,0,0.18300775246909926,NCT01371838,bacterial pneumonia,Ceftaroline,Ceftaroline,Phase 3,0,0,0,0,0,,0.0,0,20.0,reliable,0.18300775246909926
475,0,0.05585571458596004,NCT01371838,bacterial pneumonia,Ceftriaxone,Ceftriaxone plus placebo,Phase 3,0,0,0,0,0,,0.0,0,20.0,reliable,0.05585571458596004
476,0,0.5587537129971718,NCT01372150,Major Depressive Disorder,desvenlafaxine succinate sustained release,DVS SR,Phase 3,0,0,0,0,0,,0.0,0,90.0,low_confidence,0.5587537129971718
477,0,0.007377682834855989,NCT01372423,chronic idiopathic constipation,Lubiprostone,Lubiprostone,Phase 3,0,0,0,0,0,,0.0,0,75.0,low_confidence,0.007377682834855989
478,1,0.8694832396556352,NCT01375920,Depression,Metyrapone,"Metyrapone, daily medication",Phase 3,0,0,0,0,0,,0.0,0,90.0,low_confidence,0.8694832396556352
479,0,0.003328872018827824,NCT01376297,Chemotherapy-Induced Nausea and Vomiting,Netupitant,Netupitant and Palonosetron plus dexamethasone,Phase 3,0,1,0,0,0,,0.0,0,75.0,low_confidence,0.003328872018827824
480,0,0.0026455548342837745,NCT01376297,Chemotherapy-Induced Nausea and Vomiting,Aprepitant,Aprepitant and Palonosetron plus dexamethasone,Phase 3,0,1,0,0,0,,0.0,0,75.0,low_confidence,0.0026455548342837745
481,0,0.5824636619834132,NCT01376349,Vaginal Atrophy,prasterone,Arm I low dose DHEA,Phase 3,0,0,0,0,0,,0.0,0,,unscored,0.5824636619834132
484,0,0.3649788503953382,NCT01379989,Ovarian Cancer,Carboplatin,Carboplatin plus PLD,Phase 3,1,1,0,0,0,,0.0,0,22.0,reliable,0.3649788503953382
485,0,0.3611836141932487,NCT01379989,Ovarian Cancer,Trabectedin,Trabectedin plus PLD,Phase 3,1,1,0,0,0,,0.0,0,22.0,reliable,0.3611836141932487
486,0,0.005428323710694944,NCT01381900,Type 2 Diabetes Mellitus,Canagliflozin,Canagliflozin 100mg,Phase 3,0,1,1,0,1,endpoint_surrogate_pass,0.0,0,25.0,reliable,0.005428323710694944
487,0,0.005045965065271297,NCT01384539,chronic kidney disease,Cholecalciferol,Cholecalciferol,Phase 3,0,0,0,0,0,,0.0,0,29.0,reliable,0.005045965065271297
489,1,0.3776194662992119,NCT01385293,Prostate Cancer,Buparlisib,Study arm,Phase 2,1,0,0,0,0,,0.0,0,22.0,reliable,0.3776194662992119
490,0,0.0030656037144064416,NCT01386671,Type 2 Diabetes,Metformin glycinate,Metformin glycinate,Phase 3,0,0,1,0,1,endpoint_surrogate_pass,0.0,0,25.0,reliable,0.0030656037144064416
491,0,0.0030656037144064416,NCT01386671,Type 2 Diabetes,Metformin hydrochloride,Metformin Hydrochloride,Phase 3,0,0,1,0,1,endpoint_surrogate_pass,0.0,0,25.0,reliable,0.0030656037144064416
492,0,0.26181642737117283,NCT01387139,Procedural Sedation and Analgesia,Ketamine,Ketamine Alone,Phase 3,0,0,0,0,0,,0.0,0,81.0,low_confidence,0.26181642737117283
493,0,0.26181642737117283,NCT01387139,Procedural Sedation and Analgesia,Ketamine Co-administered with Propofol,Ketamine Co-Administered with Propofol,Phase 3,0,0,0,0,0,,0.0,0,81.0,low_confidence,0.26181642737117283
494,1,0.35134482892965635,NCT01387958,Hepatitis C,Pradigastat,LCQ908,Phase 2,0,0,0,0,0,,0.0,0,18.0,reliable,0.35134482892965635
496,1,0.3669196660691612,NCT01391611,Gastrointestinal Stromal Tumor (GIST),Pazopanib,Pazopanib arm,Phase 2,1,0,0,0,0,,0.0,0,15.0,reliable,0.3669196660691612
497,1,0.07556543710459554,NCT01391793,Children With Febrile Urinary Tract Infection,Dexamethasone,Adjuvant dexamethasone,Phase 3,0,0,0,0,0,,0.0,0,20.0,reliable,0.07556543710459554
498,0,0.6255843804285559,NCT01392469,Pulmonary Arterial Hypertension,Imatinib; Sildenafil; Bosentan,Imatinib + Bosentan + Sildenafil,Phase 3,0,1,0,0,0,,0.0,0,45.0,reliable,0.6255843804285559
499,0,0.008312365651379716,NCT01392677,Type 2 Diabetes,dapagliflozin,Dapagliflozin 10 mg tablet,Phase 3,0,0,1,0,1,endpoint_surrogate_pass,0.0,0,25.0,reliable,0.008312365651379716
500,0,0.009835947954066861,NCT01392768,Epilepsy; Partial Seizures,Levetiracetam,Levetiracetam,Phase 3,0,0,1,0,1,endpoint_surrogate_pass,0.0,0,44.0,reliable,0.009835947954066861
501,0,0.4303951975909128,NCT01393743,generalized tonic-clonic seizures,Perampanel,Perampanel,Phase 3,0,0,0,0,0,,0.0,0,44.0,reliable,0.4303951975909128
502,0,0.5251385564774933,NCT01395199,Thalassemia; Iron Overload,Amlodipine,Amlodipine,Phase 3,0,0,0,0,0,,0.0,0,32.0,reliable,0.5251385564774933
503,0,0.23362373833746183,NCT01395290,Diabetes,cholecalciferol,cholecalciferol,Phase 3,0,0,0,0,0,,0.0,0,25.0,reliable,0.23362373833746183
504,0,0.2856285503076462,NCT01395888,COPD,fluticasone furoate (FF; GW685698)/vilanterol (VI; GW642444) 100/25 mcg Novel Dry,Relovair,Phase 3,0,0,0,0,0,,0.0,0,50.0,low_confidence,0.2856285503076462
505,0,0.24803220983020396,NCT01395888,COPD,Tiotropium,Tiotropium,Phase 3,0,0,0,0,0,,0.0,0,50.0,low_confidence,0.24803220983020396
506,0,0.010510512454342088,NCT01395901,Postoperative Nausea and Vomiting,Palonosetron,Palonosetron and placebo to Ondansetron,Phase 3,0,0,0,0,0,,0.0,0,75.0,low_confidence,0.010510512454342088
507,0,0.011119320370053953,NCT01395901,Postoperative Nausea and Vomiting,Ondansetron,Ondansetron and placebo to Palonosetron,Phase 3,0,0,0,0,0,,0.0,0,75.0,low_confidence,0.011119320370053953
508,0,0.86752702771792,NCT01395992,bipolar I disorder,asenapine,Asenapine 10 mg,Phase 3,0,0,0,0,0,,0.0,0,78.0,low_confidence,0.86752702771792
509,0,0.0917104825093242,NCT01396291,bipolar disorder,asenapine,Asenapine,Phase 3,0,0,0,0,0,,0.0,0,75.0,low_confidence,0.0917104825093242
510,0,0.4792557622645822,NCT01398956,Epilepsy; Generalized Tonic-clonic Seizures,Levetiracetam,Levetiracetam,Phase 3,0,0,0,0,0,,0.0,0,44.0,reliable,0.4792557622645822
512,0,0.4021401464367512,NCT01399723,Pneumonia,Benzyl penicillin,"Benzyl Penicillin 50,000IU/kg 6 hourly",Phase 3,0,0,0,0,0,,0.0,0,20.0,reliable,0.4021401464367512
513,0,0.203269194680052,NCT01400828,seasonal allergic rhinitis,Bilastine,Bilastine,Phase 3,0,0,0,0,0,,0.0,0,54.0,low_confidence,0.203269194680052
514,0,0.28031200426827896,NCT01400828,seasonal allergic rhinitis,Desloratadine,Desloratadine,Phase 3,0,0,0,0,0,,0.0,0,54.0,low_confidence,0.28031200426827896
515,0,0.006869063937407821,NCT01401465,perennial allergic rhinitis,ciclesonide,Ciclesonide Nasal Aerosol,Phase 3,0,0,0,0,0,,0.0,0,54.0,low_confidence,0.006869063937407821
516,0,0.11742973450734943,NCT01401647,cardiac arrest,Lidocaine,Lidocaine,Phase 3,0,0,0,0,0,,0.0,0,22.0,reliable,0.11742973450734943
518,1,0.5575295458703862,NCT01402882,Traumatic Brain Injury,Tranexamic Acid,Tranexamic acid,Phase 3,0,0,0,0,0,,0.0,0,44.0,reliable,0.5575295458703862
519,0,0.29667299117273016,NCT01404260,Lung Cancer,Gefitinib,Gemcitabine +Carboplatin +Gefitinib,Phase 3,1,1,0,0,0,,0.0,0,22.0,reliable,0.29667299117273016
521,1,0.16842201529597617,NCT01405846,Lung Cancer; Head and Neck Cancer,Gefitinib,Gefitinib,Phase 2,1,0,0,0,0,,0.0,0,15.0,reliable,0.16842201529597617
523,0,0.34369136479190293,NCT01406223,Nicotine Dependence,Bupropion,varenicline + bupropion,Phase 3,0,1,0,0,0,,0.0,0,59.0,low_confidence,0.34369136479190293
524,0,0.24307364800190215,NCT01407432,male infertility,Folic acid,Folic acid,Phase 3,0,0,0,0,0,,0.0,0,44.0,reliable,0.24307364800190215
525,0,0.4185066052378019,NCT01407575,Treatment Resistant Depression,Buprenorphine,Buprenorphine,Phase 3,0,0,0,0,0,,0.0,0,78.0,low_confidence,0.4185066052378019
526,0,0.07640153094947538,NCT01408082,Blepharitis,Dexamethasone,Dexamethasone,Phase 3,0,0,0,0,0,,0.0,0,44.0,reliable,0.07640153094947538
527,0,0.06934281912283388,NCT01410448,Kidney Transplantation,Mycophenolate sodium,Delayed Everolimus,Phase 3,0,1,0,0,0,,,0,,unscored,0.06934281912283388
528,0,0.3801108167624796,NCT01411176,Peristalsis Suppression for Endoscopy,Menthol,Menthol,Phase 3,0,0,0,0,0,,0.0,0,,unscored,0.3801108167624796
529,0,0.29855993112107654,NCT01412060,schizophrenia,Cariprazine,Cariprazine - Double-blind Treatment Phase,Phase 3,0,0,0,0,0,,0.0,0,70.0,low_confidence,0.29855993112107654
530,0,0.16388711951117532,NCT01412372,irritable bowel syndrome,Mesalamine,Mesalamine,Phase 3,0,0,0,0,0,,0.0,0,87.0,low_confidence,0.16388711951117532
531,0,0.020917383958587943,NCT01413178,Multiple Myeloma,Busulfan; Melphalan,Busulfan + Melphalan,Phase 3,1,1,0,0,0,,0.0,0,24.0,reliable,0.020917383958587943
532,0,0.03151489066999972,NCT01413178,Multiple Myeloma,High Dose Melphalan,Melphalan,Phase 3,1,1,0,0,0,,0.0,0,24.0,reliable,0.03151489066999972
533,0,0.222074652611061,NCT01413958,seasonal allergic rhinitis,Phenylephrine,Phenylephrine,Phase 3,0,1,0,0,0,,0.0,0,54.0,low_confidence,0.222074652611061
534,0,0.1344024886718165,NCT01414608,Advanced Cervical Cancer,Carboplatin; Paclitaxel,"Arm II (cisplatin, radiation therapy, brachytherapy, chemo)",Phase 3,1,1,0,1,1,oncology_cytotoxic_monotherapy,0.0,0,15.0,reliable,0.1344024886718165
535,0,0.010241469724926797,NCT01420159,pain,Methoxyflurane,Methoxyflurane,Phase 3,0,0,0,0,0,,0.0,0,88.0,low_confidence,0.010241469724926797
536,0,0.00436775625867457,NCT01420653,Dental Pain,Acetaminophen,Acetaminophen,Phase 3,0,0,0,0,0,,,0,,unscored,0.00436775625867457
537,0,0.001956223871150257,NCT01420653,Dental Pain,Ibuprofen,Ibuprofen,Phase 3,0,0,0,0,0,,,0,,unscored,0.001956223871150257
538,0,0.31263513722973996,NCT01421134,Major Depressive Disorder,Lurasidone,Lurasidone,Phase 3,0,0,0,0,0,,,0,90.0,low_confidence,0.31263513722973996
539,0,0.15401671077379003,NCT01421498,dry eye syndrome,Lifitegrast,5.0% Lifitegrast,Phase 3,0,0,0,0,0,,0.0,0,49.0,low_confidence,0.15401671077379003
540,0,0.06301906860814284,NCT01421511,skin and soft tissue bacterial infection,TR-701 FA,TR-701 FA,Phase 3,0,0,0,0,0,,0.0,0,20.0,reliable,0.06301906860814284
542,0,0.010476646057159231,NCT01422720,epilepsy,Eslicarbazepine Acetate,Eslicarbazepine Acetate tablets (800 mg),Phase 3,0,0,0,0,0,,0.0,0,48.0,reliable,0.010476646057159231
543,0,0.003063108513458055,NCT01422876,Type 2 Diabetes,linagliptin,Linagliptin,Phase 3,0,0,1,0,1,endpoint_surrogate_pass,0.0,0,25.0,reliable,0.003063108513458055
544,0,0.31263513722973996,NCT01423253,Major Depressive Disorder,Lurasidone,"Lurasidone 20, 40, 60 mg",Phase 3,0,0,0,0,0,,,0,90.0,low_confidence,0.31263513722973996
545,0,0.3868351793624509,NCT01423292,Laparoscopic Colecctomy,bupivacaine,an odd numbered patients,Phase 3,0,0,0,0,0,,0.0,0,44.0,reliable,0.3868351793624509
547,0,0.457243117883786,NCT01425307,Sickle Cell Anemia,Hydroxyurea,Treatment Arm,Phase 3,0,0,0,0,0,,0.0,0,32.0,reliable,0.457243117883786
548,1,0.994827329352311,NCT01427478,Squamous Cell Carcinoma,Afatinib,AFATINIB,Phase 3,1,0,0,0,0,,0.0,0,,unscored,0.994827329352311
549,0,0.4251365014032172,NCT01429272,Depression,Minocycline; Aspirin,minocycline & aspirin,Phase 3,0,1,0,0,0,,0.0,0,90.0,low_confidence,0.4251365014032172
550,0,0.2826388356260193,NCT01430754,non-24-hour sleep-wake disorder,tasimelteon,tasimelteon,Phase 3,0,0,0,0,0,,0.0,0,67.0,low_confidence,0.2826388356260193
551,0,0.2554712643393825,NCT01431274,Chronic Obstructive Pulmonary Disease,tiotropium,tiotropium+olodaterol high dose FDC,Phase 3,0,1,0,0,0,,1.0,0,50.0,low_confidence,0.2554712643393825
552,0,0.2554712643393825,NCT01431287,Chronic Obstructive Pulmonary Disease,tiotropium,tiotropium+olodaterol high dose FDC,Phase 3,0,1,0,0,0,,1.0,0,50.0,low_confidence,0.2554712643393825
553,0,0.20535383320186867,NCT01431950,asthma,fluticasone furoate,FF 100mcg once daily,Phase 3,0,1,1,0,1,endpoint_surrogate_pass,1.0,0,50.0,low_confidence,0.15
554,0,0.11746378905776447,NCT01431950,asthma,fluticasone furoate; albuterol; salbutamol,FF 200mcg once daily,Phase 3,0,1,1,0,1,endpoint_surrogate_pass,1.0,0,50.0,low_confidence,0.11746378905776447
555,0,0.1018677378020539,NCT01433107,tinea pedis,Terbinafine,Terbinafine,Phase 3,0,0,0,0,0,,0.0,0,52.0,low_confidence,0.1018677378020539
556,0,0.4348315623981486,NCT01435655,transthyretin amyloid polyneuropathy,tafamidis,open,Phase 3,0,0,0,0,0,,0.0,0,44.0,reliable,0.4348315623981486
557,0,0.25394306581223125,NCT01435928,Schizophrenia,Lurasidone,Lurasidone,Phase 3,0,0,0,0,0,,,0,70.0,low_confidence,0.25394306581223125
558,0,0.547310660152512,NCT01436279,cervical ripening,Mifepristone,Mifepristone + misoprostol,Phase 3,0,0,0,0,0,,0.0,0,44.0,reliable,0.547310660152512
559,0,0.2760162013585973,NCT01439984,premature ejaculation,Clomipramine,PED-1,Phase 3,0,0,0,0,0,,0.0,0,44.0,reliable,0.2760162013585973
560,0,0.5091057880957127,NCT01440621,Cancer Related Fatigue,Modafinil,Arm M,Phase 3,1,0,0,0,0,,0.0,0,,unscored,0.5091057880957127
561,1,0.3940665971632399,NCT01442038,Coronary Artery Disease; Angina Pectoris,Ranolazine,Ranolazine,Phase 3,0,0,0,0,0,,0.0,0,22.0,reliable,0.3940665971632399
562,0,0.008062863661766671,NCT01442376,Chemotherapy-Induced Nausea and Vomiting,Palonosetron,Palonosetron 10 mcg/kg,Phase 3,0,0,0,0,0,,0.0,0,75.0,low_confidence,0.008062863661766671
563,0,0.010842880018874984,NCT01442376,Chemotherapy-Induced Nausea and Vomiting,Ondansetron,Ondansetron,Phase 3,0,0,0,0,0,,0.0,0,75.0,low_confidence,0.010842880018874984
564,0,0.204466199945103,NCT01442987,Hypertension; Hyperlipidemia,Atorvastatin A,Irbesartan/Atorvastatin A,Phase 3,0,1,1,0,1,endpoint_surrogate_pass,0.0,0,18.0,reliable,0.15
565,0,0.204466199945103,NCT01442987,Hypertension; Hyperlipidemia,Atorvastatin B,Irbesartan/Atorvastatin B,Phase 3,0,1,1,0,1,endpoint_surrogate_pass,0.0,0,18.0,reliable,0.15
567,1,0.3097934878515784,NCT01444651,Cardiovascular Disease; Insulin Resistance; Glucose Intolerance; Obesity,Tadalafil,Tadalafil,Phase 3,0,0,1,0,1,endpoint_surrogate_pass,0.0,0,37.0,reliable,0.15
573,0,0.019573146292116327,NCT01452711,Gastric Ulcer,Vonoprazan Fumarate,TAK-438 20 mg QD,Phase 3,0,0,0,0,0,,0.0,0,44.0,reliable,0.019573146292116327
574,0,0.008646340701165612,NCT01452711,Gastric Ulcer,Lansoprazole,Lansoprazole 30 mg QD,Phase 3,0,0,0,0,0,,0.0,0,44.0,reliable,0.008646340701165612
575,0,0.018233291344842296,NCT01452724,Duodenal Ulcer,Vonoprazan Fumarate,TAK-438 20 mg QD,Phase 3,0,0,0,0,0,,0.0,0,44.0,reliable,0.018233291344842296
576,0,0.007980833446743432,NCT01452724,Duodenal Ulcer,Lansoprazole,Lansoprazole 30 mg QD,Phase 3,0,0,0,0,0,,0.0,0,44.0,reliable,0.007980833446743432
577,0,0.020855206168008504,NCT01452750,Gastric Ulcers; Duodenal Ulcers,Vonoprazan Fumarate,TAK-438 10 mg QD,Phase 3,0,0,0,0,0,,0.0,0,44.0,reliable,0.020855206168008504
578,0,0.00807779052486433,NCT01452750,Gastric Ulcers; Duodenal Ulcers,Lansoprazole,Lansoprazole 15 mg QD,Phase 3,0,0,0,0,0,,0.0,0,44.0,reliable,0.00807779052486433
579,0,0.020855206168008504,NCT01452763,Gastric Ulcers; Duodenal Ulcers,Vonoprazan Fumarate,TAK-438 10 mg QD,Phase 3,0,0,0,0,0,,0.0,0,44.0,reliable,0.020855206168008504
580,0,0.00807779052486433,NCT01452763,Gastric Ulcers; Duodenal Ulcers,Lansoprazole,Lansoprazole 15 mg QD,Phase 3,0,0,0,0,0,,0.0,0,44.0,reliable,0.00807779052486433
584,0,0.9440391088810054,NCT01454934,Lung Cancer,Eribulin,Arm A,Phase 3,1,0,0,1,1,oncology_cytotoxic_monotherapy,0.0,0,22.0,reliable,0.15
585,0,0.44959051706639974,NCT01454934,Lung Cancer,Pemetrexed,Arm B [Pemetrexed],Phase 3,1,0,0,1,1,oncology_cytotoxic_monotherapy,0.0,0,22.0,reliable,0.15
586,0,0.06738167245185026,NCT01455870,Type 2 Diabetes,sitagliptin,sitagliptin,Phase 3,0,0,1,0,1,endpoint_surrogate_pass,0.0,0,25.0,reliable,0.06738167245185026
587,0,0.005026059352986274,NCT01456130,Type 2 Diabetes,Alogliptin,Alogliptin,Phase 3,0,1,0,0,0,,0.0,0,25.0,reliable,0.005026059352986274
588,0,0.020855206168008504,NCT01456247,Gastric Ulcers; Duodenal Ulcers,Vonoprazan Fumarate,TAK-438 10 mg QD,Phase 3,0,0,0,0,0,,0.0,0,44.0,reliable,0.020855206168008504
589,0,0.00807779052486433,NCT01456247,Gastric Ulcers; Duodenal Ulcers,Lansoprazole,AG-1749 15 mg QD,Phase 3,0,0,0,0,0,,0.0,0,44.0,reliable,0.00807779052486433
590,0,0.020855206168008504,NCT01456260,Gastric Ulcers; Duodenal Ulcers,Vonoprazan Fumarate,TAK-438 10 mg QD,Phase 3,0,0,0,0,0,,0.0,0,44.0,reliable,0.020855206168008504
591,0,0.00807779052486433,NCT01456260,Gastric Ulcers; Duodenal Ulcers,Lansoprazole,Lansoprazole 15 mg QD,Phase 3,0,0,0,0,0,,0.0,0,44.0,reliable,0.00807779052486433
592,0,0.24136832675109582,NCT01456611,Osteo Arthritis of the Knee,Diclofenac,Diclofenac Sodium Gel,Phase 3,0,0,0,0,0,,0.0,0,44.0,reliable,0.24136832675109582
593,0,0.009822362996082936,NCT01458431,pain,Levobupivacaine,Levobupivacaine,Phase 3,0,0,0,0,0,,0.0,0,88.0,low_confidence,0.009822362996082936
594,0,0.39827857124372146,NCT01458951,Ulcerative Colitis,tofacitinib,tofacitinib 10 mg BID,Phase 3,0,0,0,0,0,,0.0,0,50.0,low_confidence,0.39827857124372146
595,0,0.014589419509066748,NCT01459367,Erosive Esophagitis,Vonoprazan Fumarate,TAK-438 10 mg QD,Phase 3,0,0,0,0,0,,0.0,0,44.0,reliable,0.014589419509066748
596,0,0.007700442478119696,NCT01459367,Erosive Esophagitis,Lansoprazole,Lansoprazole 15 mg QD,Phase 3,0,0,0,0,0,,0.0,0,44.0,reliable,0.007700442478119696
597,0,0.008595867867404048,NCT01459809,Type 2 Diabetes,Glimepiride,ARM 1: glimepiride alone,Phase 3,0,0,1,0,1,endpoint_surrogate_pass,0.0,0,25.0,reliable,0.008595867867404048
598,0,0.0032468090731631247,NCT01459809,Type 2 Diabetes,Metformin,ARM 2: metformin alone,Phase 3,0,0,1,0,1,endpoint_surrogate_pass,0.0,0,25.0,reliable,0.0032468090731631247
599,0,0.046387100047254395,NCT01459809,Type 2 Diabetes,Glimepiride; Metformin,ARM3: Glimepiride/metformin free combination,Phase 3,0,1,1,0,1,endpoint_surrogate_pass,0.0,0,25.0,reliable,0.046387100047254395
600,0,0.7117526504702384,NCT01460342,Benign Prostatic Hyperplasia,Tadalafil,Tadalafil,Phase 3,0,0,0,0,0,,0.0,0,54.0,low_confidence,0.7117526504702384
601,0,0.06549647186522091,NCT01461369,Osteoarthritis,Diclofenac,Diclofenac Capsules 35 mg bid,Phase 3,0,0,0,0,0,,0.0,0,80.0,low_confidence,0.06549647186522091
602,0,0.04888748838099876,NCT01462266,Type 2 Diabetes Mellitus,Sitagliptin,Sitagliptin,Phase 3,0,1,0,0,0,,0.0,0,25.0,reliable,0.04888748838099876
603,0,0.015882845960614355,NCT01462370,Dysmenorrhea,Etoricoxib,Etoricoxib+placebo ibuprofen then placebo etorcoxib+ibuprofen [Etoricoxib],Phase 3,0,0,0,0,0,,0.0,0,44.0,reliable,0.015882845960614355
604,0,0.003552953432873791,NCT01462370,Dysmenorrhea,Ibuprofen,Etoricoxib+placebo ibuprofen then placebo etorcoxib+ibuprofen [Ibuprofen],Phase 3,0,0,0,0,0,,0.0,0,44.0,reliable,0.003552953432873791
605,0,0.008760749806366572,NCT01462370,Dysmenorrhea,Acetaminophen,Etoricoxib+placebo ibuprofen then placebo etorcoxib+ibuprofen [Acetaminophen],Phase 3,0,0,0,0,0,,0.0,0,44.0,reliable,0.008760749806366572
606,0,0.0035641338387271864,NCT01462370,Dysmenorrhea,Etoricoxib; Ibuprofen; Acetaminophen,Ibuprofen+placebo etoricoxib then etoricoxib+placebo ibuprofen,Phase 3,0,1,0,0,0,,0.0,0,44.0,reliable,0.0035641338387271864
607,0,0.028750677718232708,NCT01462435,Other Acute Postoperative Pain,Diclofenac Test (lower dose),Diclofenac Test (lower dose),Phase 3,0,0,0,0,0,,0.0,0,81.0,low_confidence,0.028750677718232708
608,0,0.028750677718232708,NCT01462435,Other Acute Postoperative Pain,Diclofenac Test (upper dose),Diclofenac Test (upper dose),Phase 3,0,0,0,0,0,,0.0,0,81.0,low_confidence,0.028750677718232708
609,0,0.0365431753790689,NCT01462435,Other Acute Postoperative Pain,Celecoxib,Celecoxib,Phase 3,0,0,0,0,0,,0.0,0,81.0,low_confidence,0.0365431753790689
610,0,0.020610855423572848,NCT01462812,migraine,Sumatriptan,Sumatriptan,Phase 3,0,0,0,0,0,,0.0,0,78.0,low_confidence,0.020610855423572848
611,0,0.3990040739133149,NCT01462929,Chronic Obstructive Pulmonary Disease,Aclidinium bromide,Aclidinium bromide,Phase 3,0,0,0,0,0,,1.0,0,50.0,low_confidence,0.3990040739133149
612,0,0.369670669315014,NCT01462929,Chronic Obstructive Pulmonary Disease,Tiotropium,Tiotropium,Phase 3,0,0,0,0,0,,1.0,0,50.0,low_confidence,0.369670669315014
613,0,0.39827857124372146,NCT01465763,Ulcerative Colitis,tofacitinib,tofacitinib 10 mg BID,Phase 3,0,0,0,0,0,,0.0,0,50.0,low_confidence,0.39827857124372146
614,0,0.02466853898586559,NCT01465997,epilepsy,Lacosamide,Lacosamide,Phase 3,0,0,0,0,0,,0.0,0,48.0,reliable,0.02466853898586559
615,1,0.5038206924739483,NCT01467076,newborn respiratory distress syndrome,Inhaled PGE1,Inhaled PGE1 (150 ng/kg/min),Phase 2,0,0,0,0,0,,0.0,0,44.0,reliable,0.5038206924739483
616,0,0.02099081806365373,NCT01470053,perennial allergic rhinitis,azelastine HCl,mometasone furoate + azelastin HCl,Phase 3,0,1,0,0,0,,0.0,0,54.0,low_confidence,0.02099081806365373
618,0,0.7402766440412042,NCT01471444,Acute Myeloid Leukemia,Clofarabine,Flu +Clo + Bu,Phase 3,1,1,0,0,0,,0.0,0,24.0,reliable,0.7402766440412042
620,0,0.014327389129323635,NCT01472185,Type 2 Diabetes Mellitus,Ranolazine,Ranolazine,Phase 3,0,0,1,0,1,endpoint_surrogate_pass,0.0,0,25.0,reliable,0.014327389129323635
621,0,0.2592622444131458,NCT01473836,Intra-abdominal Infections,Metronidazole; Ceftriaxone sodium,Metronidazole,Phase 3,0,1,0,0,0,,0.0,0,20.0,reliable,0.2592622444131458
622,0,0.15879210811762948,NCT01474590,Acne,Isotretinoin,Isotretinoin + vehicle gel,Phase 3,0,0,0,0,0,,0.0,0,52.0,low_confidence,0.15879210811762948
623,0,0.6313175175899841,NCT01475643,cataract,Loteprednol etabonate,Loteprednol etabonate,Phase 3,0,0,0,0,0,,0.0,0,44.0,reliable,0.6313175175899841
626,0,0.00250191708118169,NCT01481116,"Diabetes Mellitus, Type 2",Glimepiride,Glimepiride 1-2 mg QD,Phase 3,0,0,0,0,0,,,0,19.0,reliable,0.00250191708118169
627,0,0.1978023385218863,NCT01482962,Cell Lymphoma,Alisertib,Alisertib,Phase 3,1,0,0,0,0,,,0,18.0,reliable,0.1978023385218863
628,1,0.3921533167568547,NCT01483144,Familial adenomatous polyposis,Sulindac,Eflornithine plus Sulindac,Phase 3,0,1,0,0,0,,0.0,0,44.0,reliable,0.3921533167568547
629,0,0.27230666981082996,NCT01483560,Type 1 Diabetes,Metformin,Metformin,Phase 3,0,0,0,0,0,,0.0,0,25.0,reliable,0.27230666981082996
630,0,0.03321027501338718,NCT01484119,seasonal allergic rhinitis,Cetirizine,Reference Drug,Phase 3,0,0,0,0,0,,0.0,0,54.0,low_confidence,0.03321027501338718
631,0,0.02466853898586559,NCT01484977,epilepsy,Lacosamide,Lacosamide,Phase 3,0,0,0,0,0,,0.0,0,48.0,reliable,0.02466853898586559
632,1,0.6282518880489498,NCT01485614,Treatment of Type 2 Diabetes,Sitagliptin,Sitagliptin,Phase 3,0,1,1,0,1,endpoint_surrogate_pass,0.0,0,19.0,reliable,0.15
633,0,0.23238182818275196,NCT01485640,Schizophrenia; Bipolar Disorder,Lurasidone,Lurasidone,Phase 3,0,0,0,0,0,,,0,,unscored,0.23238182818275196
634,0,0.22656005487778397,NCT01485978,"Renal Insufficiency, Chronic",Ramipril,Ramipril blinded,Phase 3,0,0,0,0,0,,0.0,0,29.0,reliable,0.22656005487778397
635,1,0.4598266374582457,NCT01487083,Schizophrenia,Pomaglumetad methionil,Pomaglumetad methionil,Phase 3,0,0,0,0,0,,,0,70.0,low_confidence,0.4598266374582457
636,0,0.1828579274181893,NCT01487993,Obesity; Insulin Resistance,Metformin,Metformin,Phase 3,0,0,1,0,1,endpoint_surrogate_pass,0.0,0,37.0,reliable,0.15
637,0,0.13503770251860883,NCT01490125,Chronic Obstructive Pulmonary Disease,Tiotropium,Tiotropium + placebo to QVA149,Phase 3,0,1,0,0,0,,0.0,0,50.0,low_confidence,0.13503770251860883
640,0,0.014848678344182447,NCT01493531,gout,Lesinurad,lesinurad 200 mg + allopurinol,Phase 3,0,1,0,0,0,,0.0,0,44.0,reliable,0.014848678344182447
641,0,0.013132304990564822,NCT01494987,Type 2 Diabetes Mellitus,Ranolazine,Ranolazine+glimepiride,Phase 3,0,1,1,0,1,endpoint_surrogate_pass,0.0,0,25.0,reliable,0.013132304990564822
642,0,0.04765821577191406,NCT01497262,Multiple Sclerosis,Fingolimod,Fingolimod,Phase 3,0,0,0,0,0,,0.0,0,50.0,low_confidence,0.04765821577191406
644,0,0.011484390892262107,NCT01497522,Type 2 Diabetes,Vildagliptin,Vildagliptin,Phase 3,0,0,1,0,1,endpoint_surrogate_pass,0.0,0,25.0,reliable,0.011484390892262107
646,0,0.008350271278030067,NCT01499134,Hypertension,nebivolol,nebivolol,Phase 3,0,0,0,0,0,,0.0,0,25.0,reliable,0.008350271278030067
647,0,0.021807963022072673,NCT01499134,Hypertension,Metoprolol succinate,metoprolol succinate,Phase 3,0,0,0,0,0,,0.0,0,25.0,reliable,0.021807963022072673
650,0,0.16133094385243527,NCT01499290,Hospitalized Adults With Complicated Intra-Abdominal Infection,Ceftazidime; Metronidazole,CAZ-AVI + Metronidazole,Phase 3,0,1,0,0,0,,,0,,unscored,0.16133094385243527
652,0,0.059078138423096935,NCT01499368,Erosive Esophagitis,Famotidine,Famotidine,Phase 3,0,0,0,0,0,,,0,44.0,reliable,0.059078138423096935
653,0,0.5374025372966496,NCT01499849,Chemotherapy-induced Nausea and Vomiting,Rolapitant,Rolapitant,Phase 3,0,1,0,0,0,,0.0,0,75.0,low_confidence,0.5374025372966496
654,0,0.2857822834466067,NCT01499953,Superficial Vein Thrombosis,Rivaroxaban,Rivaroxaban,Phase 3,0,0,0,0,0,,0.0,0,22.0,reliable,0.2857822834466067
655,0,0.5374025372966496,NCT01500213,Chemotherapy-induced Nausea and Vomiting,Rolapitant,Rolapitant,Phase 3,0,1,0,0,0,,0.0,0,75.0,low_confidence,0.5374025372966496
656,0,0.5374025372966496,NCT01500226,Chemotherapy-induced Nausea and Vomiting,Rolapitant,Rolapitant,Phase 3,0,1,0,0,0,,0.0,0,75.0,low_confidence,0.5374025372966496
657,0,0.24580955167122037,NCT01503515,Fungal Infection; Hematopoietic and Lymphoid Cell Neoplasm,Fluconazole,Arm II (fluconazole or voriconazole) [Fluconazole],Phase 3,1,0,0,0,0,,0.0,0,15.0,reliable,0.24580955167122037
658,0,0.34725479691766437,NCT01504178,Parkinson's Disease,duloxetine,duloxetine,Phase 3,0,1,1,0,1,endpoint_surrogate_pass,0.0,0,58.0,low_confidence,0.15
661,0,0.09490010071819607,NCT01505790,Acute Coronary Syndromes,Clopidogrel,CLOPIDOGREL GROUP,Phase 3,0,0,0,0,0,,0.0,0,22.0,reliable,0.09490010071819607
662,0,0.12301360595457127,NCT01505790,Acute Coronary Syndromes,Prasugrel,PRASUGREL GROUP,Phase 3,0,0,0,0,0,,0.0,0,22.0,reliable,0.12301360595457127
663,0,0.33201914708434016,NCT01506388,Failed labor induction,Misoprostol,Misoprostol vaginally,Phase 3,0,0,0,0,0,,0.0,0,44.0,reliable,0.33201914708434016
664,0,0.01887257985141449,NCT01508702,gout,lesinurad,lesinurad 400 mg,Phase 3,0,0,0,0,0,,0.0,0,44.0,reliable,0.01887257985141449
665,0,0.24758317080014347,NCT01509261,Erosive Esophagitis; GERD,Ilaprazole,Ilaprazole,Phase 3,0,0,0,0,0,,0.0,0,44.0,reliable,0.24758317080014347
666,0,0.29077243980782724,NCT01509261,Erosive Esophagitis; GERD,Lansoprazole,lansoprazole,Phase 3,0,0,0,0,0,,0.0,0,44.0,reliable,0.29077243980782724
667,0,0.05385119514571646,NCT01509547,nicotine dependence,Varenicline,varenicline,Phase 3,0,0,0,0,0,,0.0,0,59.0,low_confidence,0.05385119514571646
668,1,0.021425244930852926,NCT01509677,Chronic Obstructive Pulmonary Disease,Roflumilast,Roflumilast,Phase 3,0,0,0,0,0,,0.0,0,50.0,low_confidence,0.021425244930852926
669,0,0.014848678344182447,NCT01510158,gout,Lesinurad,lesinurad 200 mg + allopurinol,Phase 3,0,1,0,0,0,,0.0,0,44.0,reliable,0.014848678344182447
670,0,0.014848678344182447,NCT01510769,gout,Lesinurad,lesinurad 200 mg + febuxostat 80 mg,Phase 3,0,1,0,0,0,,0.0,0,44.0,reliable,0.014848678344182447
671,0,0.06549647186522091,NCT01510912,Osteoarthritis,Diclofenac,Diclofenac Capsules 35 mg bid or tid,Phase 3,0,0,0,0,0,,0.0,0,80.0,low_confidence,0.06549647186522091
672,0,0.04040267797610238,NCT01511289,Chronic Myeloid Leukemia,Imatinib,Imatinib,Phase 3,1,0,0,0,0,,0.0,0,18.0,reliable,0.04040267797610238
673,0,0.15943110321226242,NCT01511289,Chronic Myeloid Leukemia,Radotinib,Radotinib 600mg,Phase 3,1,0,0,0,0,,0.0,0,18.0,reliable,0.15943110321226242
674,0,0.03479639855366136,NCT01511471,Platelet Reactivity,Ticagrelor,Ticagrelor,Phase 3,0,0,1,0,1,endpoint_surrogate_pass,0.0,0,44.0,reliable,0.03479639855366136
676,1,0.3618301638110266,NCT01514864,Advanced Cancer,Dasatinib,"Dasatinib, 140 mg (NSCLC With DDR2 Mutation)",Phase 2,1,0,0,0,0,,0.0,0,15.0,reliable,0.3618301638110266
677,0,0.09310755992996442,NCT01515345,Platelet Inhibition; Coronary Stent Implantation,Clopidogrel,standard therapy,Phase 3,0,0,0,0,0,,0.0,0,44.0,reliable,0.09310755992996442
678,0,0.12284347308405044,NCT01515345,Platelet Inhibition; Coronary Stent Implantation,prasugrel or ticagrelor,individualized therapy,Phase 3,0,0,0,0,0,,0.0,0,44.0,reliable,0.12284347308405044
680,0,0.2577987724893864,NCT01516424,Schizophrenia,Blonanserin,Blonanserin,Phase 3,0,0,0,0,0,,0.0,0,70.0,low_confidence,0.2577987724893864
681,0,0.501107671084318,NCT01516424,Schizophrenia,Risperidone,Risperidone,Phase 3,0,0,0,0,0,,0.0,0,70.0,low_confidence,0.501107671084318
682,0,0.004151581761638834,NCT01516814,Pulmonary Embolism,"Rivaroxaban (Xarelto, BAY59-7939)",Arm 1,Phase 3,0,0,0,0,0,,0.0,0,22.0,reliable,0.004151581761638834
683,0,0.0019286266716571358,NCT01516814,Pulmonary Embolism,Warfarin,Arm 3,Phase 3,0,0,0,0,0,,0.0,0,22.0,reliable,0.0019286266716571358
684,0,0.004151581761638834,NCT01516840,Deep Vein Thrombosis,"Rivaroxaban (Xarelto, BAY59-7939)",Arm 1,Phase 3,0,0,0,0,0,,0.0,0,22.0,reliable,0.004151581761638834
685,0,0.0019286266716571358,NCT01516840,Deep Vein Thrombosis,Warfarin,Arm 4,Phase 3,0,0,0,0,0,,0.0,0,22.0,reliable,0.0019286266716571358
686,0,0.40554482008649606,NCT01517802,Metastatic Castration-resistant Prostate Cancer; Metastatic Breast Cancer,Abiraterone acetate,Abiraterone acetate,Phase 3,1,1,0,0,0,,0.0,0,15.0,reliable,0.40554482008649606
687,0,0.005054640984790313,NCT01519154,sedation,Propofol,Propofol,Phase 3,0,0,0,0,0,,0.0,0,34.0,reliable,0.005054640984790313
688,0,0.02350497952437719,NCT01519245,Coronary Artery Disease,Tranexamic Acid,Trial Drug,Phase 3,0,0,0,0,0,,0.0,0,22.0,reliable,0.02350497952437719
689,0,0.3895834296684212,NCT01520909,immune thrombocytopenia,Eltrombopag,Eltrombopag plus standard of care,Phase 3,0,0,1,0,1,endpoint_surrogate_pass,0.0,0,29.0,reliable,0.15
690,0,0.032699697840112146,NCT01521962,Diabetes Mellitus,Alogliptin,SYR-322 (Alogliptin) QD,Phase 3,0,0,1,0,1,endpoint_surrogate_pass,0.0,0,19.0,reliable,0.032699697840112146
691,1,0.07966554219018326,NCT01522443,Prostate Cancer; Castration Resistant Prostate Cancer; Pain; Prostatic Neoplasms,cabozantinib,Cabozantinib,Phase 3,1,0,0,0,0,,0.0,0,15.0,reliable,0.07966554219018326
692,0,0.8392315325308021,NCT01522443,Prostate Cancer; Castration Resistant Prostate Cancer; Pain; Prostatic Neoplasms,mitoxantrone; prednisone,Mitoxantrone/prednisone,Phase 3,1,1,0,0,0,,0.0,0,15.0,reliable,0.8392315325308021
693,0,0.6509576750042889,NCT01523587,Lung Cancer,afatinib,Afatinib,Phase 3,1,0,0,0,0,,0.0,0,22.0,reliable,0.6509576750042889
694,0,0.19812867418946845,NCT01523587,Lung Cancer,erlotinib,Erlotinib,Phase 3,1,0,0,0,0,,0.0,0,22.0,reliable,0.19812867418946845
695,0,0.5581068267717977,NCT01526135,Pancreatic Adenocarcinoma (Ductal Adenocarcinoma),Gemcitabine,Arm A GEMCITABINE,Phase 3,1,0,0,1,1,oncology_cytotoxic_monotherapy,0.0,0,15.0,reliable,0.15
696,0,0.07250110906679194,NCT01526369,Metastatic Breast Cancer,Lapatinib,"Paclitaxel, Trastuzumab and Lapatinib",Phase 3,1,1,0,1,1,oncology_cytotoxic_monotherapy,0.0,0,15.0,reliable,0.07250110906679194
697,0,0.8909577924351939,NCT01527786,Depression,Desvenlafaxine,SNRI treatment,Phase 3,0,0,0,0,0,,0.0,0,90.0,low_confidence,0.8909577924351939
698,0,0.005759008911822977,NCT01529528,Type 2 Diabetes Mellitus,Anagliptin,CWP-0403 100mg,Phase 3,0,0,1,0,1,endpoint_surrogate_pass,0.0,0,25.0,reliable,0.005759008911822977
699,0,0.07081673069774559,NCT01529541,Type 2 Diabetes Mellitus,Sitagliptin,Sitagliptin,Phase 3,0,0,1,0,1,endpoint_surrogate_pass,0.0,0,25.0,reliable,0.07081673069774559
700,0,0.005759008911822977,NCT01529541,Type 2 Diabetes Mellitus,Anagliptin,CWP-0403,Phase 3,0,0,1,0,1,endpoint_surrogate_pass,0.0,0,25.0,reliable,0.005759008911822977
701,0,0.010561520791970393,NCT01531114,Diabetes Mellitus,prasugrel,Prasugrel loading dose,Phase 3,0,1,1,0,1,endpoint_surrogate_pass,0.0,0,19.0,reliable,0.010561520791970393
702,0,0.14233174332979978,NCT01531959,hypotension,Midodrine,Midodrine,Phase 3,0,0,0,0,0,,0.0,0,18.0,reliable,0.14233174332979978
703,0,0.4298507625437634,NCT01532882,chronic venous disease,Diosmin,Diosmin,Phase 3,0,0,0,0,0,,0.0,0,44.0,reliable,0.4298507625437634
704,0,0.16606434760315933,NCT01533935,COPD,tiotropium,Tiotropium + olodaterol high dose,Phase 3,0,1,0,0,0,,0.0,0,50.0,low_confidence,0.16606434760315933
705,0,0.44441083938323916,NCT01535053,Choriocarcinoma; FIGO Stage I Gestational Trophoblastic Tumor; FIGO Stage II Gestational Trophoblastic Tumor; FIGO Stage III Gestational Trophoblastic Tumor; Hydatidiform Mole,Methotrexate,Arm II (leucovorin calcium and methotrexate),Phase 3,1,1,0,0,0,,,0,,unscored,0.44441083938323916
706,0,0.6988138135984517,NCT01535859,Prevention of Ovarian Hyperstimulation Syndrome,Cabergoline,Cabergoline,Phase 3,0,0,0,0,0,,0.0,0,15.0,reliable,0.6988138135984517
707,0,0.03032435933273635,NCT01536392,Cancer of the Cervix,Granisetron,Granisetron,Phase 3,1,0,0,0,0,,0.0,0,,unscored,0.03032435933273635
708,0,0.007033656697157659,NCT01536392,Cancer of the Cervix,Ondansetron,Ondansetron,Phase 3,1,0,0,0,0,,0.0,0,,unscored,0.007033656697157659
709,1,0.513411068900193,NCT01536483,Very Low Birth Weight Preterms,Butyrate enemas,Butyrate,Phase 2/3,0,0,0,0,0,,,0,,unscored,0.513411068900193
710,0,0.27455372585546656,NCT01537042,restless legs syndrome,Rotigotine,Rotigotine,Phase 3,0,0,0,0,0,,0.0,0,67.0,low_confidence,0.27455372585546656
711,0,0.012783850363840277,NCT01538875,preeclampsia,Hydralazine,Hydralazine,Phase 3,0,0,0,0,0,,0.0,0,44.0,reliable,0.012783850363840277
712,0,0.05259808946946075,NCT01538875,preeclampsia,Labetalol,Labetalol,Phase 3,0,0,0,0,0,,0.0,0,44.0,reliable,0.05259808946946075
713,0,0.0026143990729730316,NCT01539083,Multiple Myeloma,Bortezomib; Cyclophosphamide; Dexamethasone,Bortezomib + Cyclophosphamide + Dexamethasone [VCD Induction],Phase 3,1,1,0,0,0,,,0,24.0,reliable,0.0026143990729730316
714,0,0.003755569596527159,NCT01539083,Multiple Myeloma,Thalidomide; Prednisolone,Thalidomide + Prednisolone [TP Consolidation],Phase 3,1,1,0,0,0,,,0,24.0,reliable,0.003755569596527159
715,0,0.003023581413857568,NCT01539083,Multiple Myeloma,Thalidomide; Bortezomib; Prednisolone,Bortezomib + Thalidomide + Prednisolone [VTP Consolidation],Phase 3,1,1,0,0,0,,,0,24.0,reliable,0.003023581413857568
716,0,0.10732175662736372,NCT01539512,Previously Treated Chronic Lymphocytic Leukemia,Idelalisib,Idelalisib + rituximab,Phase 3,1,1,0,0,0,,0.0,0,18.0,reliable,0.10732175662736372
717,0,0.026391287897757083,NCT01541215,Type 2 Diabetes,liraglutide,Lira + Met,Phase 3,0,1,1,0,1,endpoint_surrogate_pass,0.0,0,25.0,reliable,0.026391287897757083
718,0,0.07157972643118404,NCT01541605,mania,methylphenidate,methylphenidate,Phase 3,0,0,0,0,0,,0.0,0,78.0,low_confidence,0.07157972643118404
719,0,0.026128731232975988,NCT01541943,Essential Hypertension; Hyperlipidemia,Atorvastatin,Atorvastatin,Phase 3,0,0,0,0,0,,,0,,unscored,0.026128731232975988
720,0,0.07976542088009866,NCT01541943,Essential Hypertension; Hyperlipidemia,Losartan,Losartan,Phase 3,0,0,0,0,0,,,0,,unscored,0.07976542088009866
721,0,0.4397254086582554,NCT01543321,tardive dyskinesia,Tetrabenazine,Tetrabenazine group,Phase 3,0,0,0,0,0,,0.0,0,44.0,reliable,0.4397254086582554
722,0,0.24784568878071317,NCT01543555,Myocardial Infarction; Peripheral Vascular Disease; Aortic Aneurism,Atorvastatin,Atorvastatin active,Phase 3,0,0,0,0,0,,0.0,0,22.0,reliable,0.24784568878071317
723,0,0.049947138977573004,NCT01543685,Other Acute Postoperative Pain,Indomethacin,Indomethacin 20 mg TID,Phase 3,0,0,0,0,0,,0.0,0,81.0,low_confidence,0.049947138977573004
724,0,0.0365431753790689,NCT01543685,Other Acute Postoperative Pain,Celecoxib,Celecoxib 200 mg,Phase 3,0,0,0,0,0,,0.0,0,81.0,low_confidence,0.0365431753790689
725,0,0.012297226781341927,NCT01543932,Coronary Artery Disease,Prasugrel,Prasugrel standard dose,Phase 3,0,0,1,0,1,endpoint_surrogate_pass,0.0,0,22.0,reliable,0.012297226781341927
726,0,0.017822767805509187,NCT01543932,Coronary Artery Disease,Clopidogrel,high clopidogrel dose,Phase 3,0,0,1,0,1,endpoint_surrogate_pass,0.0,0,22.0,reliable,0.017822767805509187
727,0,0.02700257129754586,NCT01543932,Coronary Artery Disease,Ticagrelor,Ticagrelor standard dose,Phase 3,0,0,1,0,1,endpoint_surrogate_pass,0.0,0,22.0,reliable,0.02700257129754586
728,1,0.0024311829247391833,NCT01544179,Non-Small Cell Lung Cancer,Gefitinib,Gefitinib,Phase 3,1,1,0,0,0,,0.0,0,15.0,reliable,0.0024311829247391833
729,0,0.008799393331788485,NCT01545388,Type 2 Diabetes Mellitus,Metformin,Metformin 250 mg b.i.d.,Phase 3,0,1,1,0,1,endpoint_surrogate_pass,0.0,0,25.0,reliable,0.008799393331788485
731,0,0.8405648526039954,NCT01549964,Glycemic Control,Sitagliptin,Sitagliptin 100 mg,Phase 3,0,0,0,0,0,,,0,,unscored,0.8405648526039954
733,0,0.8405648526039954,NCT01552694,Inflammation; Macrophage Infiltration; Cardiovascular Disease,Sitagliptin,Sitagliptin,Phase 3,0,0,0,0,0,,0.0,0,44.0,reliable,0.8405648526039954
734,0,0.5646961559178947,NCT01553318,fibromyalgia,Ketotifen,Active Ketotifen,Phase 3,0,0,0,0,0,,0.0,0,90.0,low_confidence,0.5646961559178947
735,0,0.0738658476569555,NCT01553981,"Lung Diseases, Interstitial",Tadalafil,Tadalafil,Phase 3,0,0,0,0,0,,-1.0,1,29.0,reliable,0.5
736,1,0.005260307011168791,NCT01555164,Type 2 Diabetes,Ranolazine,Ranolazine+metformin,Phase 3,0,1,1,0,1,endpoint_surrogate_pass,0.0,0,25.0,reliable,0.005260307011168791
737,0,0.5008393834921506,NCT01556165,Parkinson's Disease,rasagiline,rasagiline,Phase 3,0,0,0,0,0,,0.0,0,58.0,low_confidence,0.5008393834921506
738,0,0.42810522619858765,NCT01556646,Cirrhosis; Hepatic Encephalopathy; Hyponatremia,Tolvaptan,Tolvaptan,Phase 3,0,0,0,0,0,,0.0,0,29.0,reliable,0.42810522619858765
739,0,0.005441318054069874,NCT01556776,Chronic Lymphocytic Leukemia,lenalidomide,Lenalidomide,Phase 3,1,0,0,0,0,,0.0,0,24.0,reliable,0.005441318054069874
740,0,0.015429782076395854,NCT01557244,neurogenic bladder,Oxybutynin,Oxybutynin,Phase 3,0,1,0,0,0,,1.0,0,54.0,low_confidence,0.015429782076395854
741,0,0.0278424599058838,NCT01557244,neurogenic bladder,Fesoterodine,Fesoterodine BIC 2 mg,Phase 3,0,0,0,0,0,,1.0,0,54.0,low_confidence,0.0278424599058838
742,0,0.46087367789895567,NCT01557400,Duchenne Muscular Dystrophy; Becker Muscular Dystrophy; Dystrophinopathy,Ataluren,Ataluren,Phase 3,0,0,0,0,0,,0.0,0,32.0,reliable,0.46087367789895567
743,0,0.2891499970307675,NCT01557712,Major Depressive Disorder,ketamine venlafaxine,Ketamine+venlafaxine,Phase 3,0,0,1,0,1,endpoint_surrogate_pass,0.0,0,90.0,low_confidence,0.15
744,0,0.35533607320115157,NCT01557712,Major Depressive Disorder,Venlafaxine,venlafaxine,Phase 3,0,0,1,0,1,endpoint_surrogate_pass,0.0,0,90.0,low_confidence,0.15
745,0,0.6444256123271523,NCT01559727,Heart Failure,prednisone,15 mg prednisone group,Phase 3,0,0,0,0,0,,0.0,0,40.0,reliable,0.6444256123271523
747,1,0.38835070594090115,NCT01560780,Coronary Artery Bypass,Prasugrel,Arm 1: Prasugrel,Phase 3,0,0,0,0,0,,0.0,0,22.0,reliable,0.38835070594090115
748,0,0.008826582742569537,NCT01562717,Pain,Ibuprofen,Ibuprofen,Phase 3,0,0,0,0,0,,0.0,0,88.0,low_confidence,0.008826582742569537
749,0,0.05838515625171829,NCT01563081,rhinitis,Levocetirizine,Levocetirizine,Phase 3,0,0,0,0,0,,0.0,0,54.0,low_confidence,0.05838515625171829
750,0,0.008826582742569537,NCT01563289,Pain,Ibuprofen,Ibuprofen,Phase 3,0,0,0,0,0,,0.0,0,88.0,low_confidence,0.008826582742569537
751,1,0.3327097136624626,NCT01564095,Terminal Liver Disease; Ischemia Reperfusion Injury; Graft Dysfunction; Graft Failure; Poor Graft Quality,Tacrolimus,Tacrolimus + HTK,Phase 2/3,0,0,0,0,0,,,0,,unscored,0.3327097136624626
752,0,0.1466415752519407,NCT01564823,Crohn´s Disease,Azathioprine,Metronidazole + Azathioprine.,Phase 3,0,1,0,0,0,,,0,,unscored,0.1466415752519407
753,0,0.25394306581223125,NCT01566162,Schizophrenia,Lurasidone,Lurasidone,Phase 3,0,0,0,0,0,,,0,70.0,low_confidence,0.25394306581223125
755,0,0.35869966216115645,NCT01566474,Barrett's Esophagus,Omeprazole,omeprazole,Phase 3,0,0,0,0,0,,0.0,0,44.0,reliable,0.35869966216115645
756,0,0.09751445706799856,NCT01567072,Forearm Fracture,Ibuprofen,NSAIDs in 7 days,Phase 3,0,0,0,0,0,,0.0,0,25.0,reliable,0.09751445706799856
757,0,0.6018454015515007,NCT01568073,Parkinson's Disease,BIA 9-1067,BIA 9-1067,Phase 3,0,1,0,0,0,,,0,58.0,low_confidence,0.6018454015515007
758,0,0.07162219504617667,NCT01568073,Parkinson's Disease,Entacapone,Entacapone,Phase 3,0,1,0,0,0,,,0,58.0,low_confidence,0.07162219504617667
759,0,0.01483508178564765,NCT01568866,Multiple Myeloma,Carfilzomib,Carfilzomib plus Dexamethasone,Phase 3,1,1,0,0,0,,0.0,0,24.0,reliable,0.01483508178564765
760,0,0.006565308093922563,NCT01568866,Multiple Myeloma,Bortezomib,Bortezomib plus Dexamethasone,Phase 3,1,1,0,0,0,,0.0,0,24.0,reliable,0.006565308093922563
761,0,0.08037007453981876,NCT01569295,Previously Treated Chronic Lymphocytic Leukemia,Idelalisib,Idelalisib+bendamustine+rituximab,Phase 3,1,1,0,0,0,,0.0,0,18.0,reliable,0.08037007453981876
762,1,0.27455372585546656,NCT01569464,restless legs syndrome,Rotigotine,Rotigotine,Phase 3,0,0,0,0,0,,0.0,0,67.0,low_confidence,0.27455372585546656
764,1,0.4053825471338806,NCT01571895,Bullous Pemphigoid,Ladarixin,DF2156A 150 mg,Phase 2,0,0,0,0,0,,0.0,0,44.0,reliable,0.4053825471338806
765,0,0.007545879541886603,NCT01572350,diabetic macular edema,Triamcinolone Acetonide,Triamcinolone 4 mg,Phase 3,0,0,0,0,0,,0.0,0,19.0,reliable,0.007545879541886603
768,0,0.4865455058312178,NCT01573637,schizophrenia,Raloxifene,Raloxifene hydrochloride 60 mg,Phase 3,0,0,0,0,0,,0.0,0,70.0,low_confidence,0.4865455058312178
769,0,0.2420999050176448,NCT01574651,Chronic Obstructive Pulmonary Disease,Tiotropium; Formoterol,Tiotropium plus Formoterol and placebo to QVA149,Phase 3,0,1,0,0,0,,0.0,0,50.0,low_confidence,0.2420999050176448
770,0,0.023590047368670417,NCT01575561,Bipolar I Disorder,Lurasidone,Lurasidone,Phase 3,0,0,0,0,0,,,0,78.0,low_confidence,0.023590047368670417
771,0,0.07557766330676405,NCT01578499,Cell Lymphoma,Methotrexate,Methotrexate or Bexarotene [Methotrexate],Phase 3,1,0,0,0,0,,,0,18.0,reliable,0.07557766330676405
772,0,0.1249078197808701,NCT01578499,Cell Lymphoma,Bexarotene,Methotrexate or Bexarotene [Bexarotene],Phase 3,1,0,0,0,0,,,0,18.0,reliable,0.1249078197808701
773,0,0.008995539501143086,NCT01578707,Chronic Lymphocytic Leukemia,ibrutinib,ibrutinib (Arm B),Phase 3,1,0,0,0,0,,0.0,0,24.0,reliable,0.008995539501143086
774,0,0.35955198638196606,NCT01579539,Thyroid-associated Ophthalmopathy; Dry Eye Syndrome,Esomeprazole,Patients,Phase 3,0,1,0,0,0,,0.0,0,49.0,low_confidence,0.35955198638196606
777,0,0.0064697178750914314,NCT01582230,Type 2 Diabetes Mellitus,Vildagliptin,Vildagliptin,Phase 3,0,0,1,0,1,endpoint_surrogate_pass,0.0,0,25.0,reliable,0.0064697178750914314
778,0,0.07312002669001151,NCT01583218,venous thromboembolism,Betrixaban,Betrixaban,Phase 3,0,0,0,0,0,,0.0,0,22.0,reliable,0.07312002669001151
779,0,0.3883430617476967,NCT01583426,Early Breast Cancer,nab-Paclitaxel,nab-Paclitaxel,Phase 3,1,0,0,1,1,oncology_cytotoxic_monotherapy,0.0,0,15.0,reliable,0.15
780,0,0.40176807102878537,NCT01583426,Early Breast Cancer,Paclitaxel,Paclitaxel,Phase 3,1,0,0,1,1,oncology_cytotoxic_monotherapy,0.0,0,15.0,reliable,0.15
781,0,0.6105303547308678,NCT01584648,mutant Melanoma,Trametinib,Dabrafenib + Trametinib,Phase 3,1,1,0,0,0,,0.0,0,15.0,reliable,0.6105303547308678
783,0,0.30054339403593044,NCT01585792,Diabetic Patients,Fasiglifam,TAK-875 25 mg,Phase 3,0,0,1,0,1,endpoint_surrogate_pass,0.0,0,19.0,reliable,0.15
784,0,0.11327245781624687,NCT01585792,Diabetic Patients,Glimepiride,Glimepiride,Phase 3,0,0,1,0,1,endpoint_surrogate_pass,0.0,0,19.0,reliable,0.11327245781624687
785,0,0.021101010487645327,NCT01586442,Type 2 Diabetes,Spironolactone,Spironolactone,Phase 3,0,0,0,0,0,,-1.0,1,25.0,reliable,0.5
786,0,0.007523096641182779,NCT01586442,Type 2 Diabetes,Eplerenone,Eplerenone,Phase 3,0,0,0,0,0,,-1.0,1,25.0,reliable,0.5
787,0,0.04932592659650064,NCT01590771,Type 2 Diabetes Mellitus,Sitagliptin,Sitagliptin,Phase 3,0,1,1,0,1,endpoint_surrogate_pass,0.0,0,25.0,reliable,0.04932592659650064
788,0,0.04888748838099876,NCT01590797,Type 2 Diabetes Mellitus,Sitagliptin,Sitagliptin,Phase 3,0,1,1,0,1,endpoint_surrogate_pass,0.0,0,25.0,reliable,0.04888748838099876
789,1,0.7867284192253207,NCT01594333,Cardiovascular Disease,Methotrexate,Methotrexate,Phase 3,0,0,0,0,0,,0.0,0,44.0,reliable,0.7867284192253207
790,0,0.5697563999273383,NCT01594671,Blood Loss,Tranexamic Acid,Topical Tranexamic acid,Phase 3,0,0,0,0,0,,0.0,0,22.0,reliable,0.5697563999273383
794,0,0.5069220010171789,NCT01597505,Clostridium Difficile Infection,Surotomycin,Surotomycin,Phase 3,0,0,0,0,0,,0.0,0,20.0,reliable,0.5069220010171789
795,0,0.021626545968457093,NCT01597908,Cutaneous Melanoma,Dabrafenib; Trametinib,Dabrafenib plus Trametinib,Phase 3,1,1,0,0,0,,0.0,0,15.0,reliable,0.021626545968457093
796,0,0.02724002698671718,NCT01597908,Cutaneous Melanoma,Vemurafenib,Vemurafenib,Phase 3,1,0,0,0,0,,0.0,0,15.0,reliable,0.02724002698671718
797,0,0.5069220010171789,NCT01598311,Clostridium Difficile Infection,"CB-183,315","CB-183,315",Phase 3,0,0,0,0,0,,0.0,0,20.0,reliable,0.5069220010171789
798,1,0.7954034137468312,NCT01598753,Fibromyalgia,Tramadol,Tramadol,Phase 3,0,0,0,0,0,,0.0,0,90.0,low_confidence,0.7954034137468312
799,1,0.6536101921170845,NCT01599754,Clear Cell Renal Carcinoma,Axitinib,Axitinib,Phase 3,1,0,0,0,0,,,0,,unscored,0.6536101921170845
800,1,0.25984468279407613,NCT01601028,Autoimmune Diseases; Sjogren's Syndrome; Dry Eye,Hydroxychloroquine,Hydroxychloroquine,Phase 3,0,0,0,0,0,,0.0,0,44.0,reliable,0.25984468279407613
801,1,0.4794285442704279,NCT01602510,Bipolar Disorder,Lamotrigine,Lamotrigine CD,Phase 3,0,0,0,0,0,,0.0,0,75.0,low_confidence,0.4794285442704279
802,1,0.28423774217600545,NCT01605227,Prostate Cancer,cabozantinib,cabozantinib,Phase 3,1,0,0,0,0,,0.0,0,22.0,reliable,0.28423774217600545
803,0,0.36649316830893097,NCT01605227,Prostate Cancer,prednisone,prednisone,Phase 3,1,0,0,0,0,,0.0,0,22.0,reliable,0.36649316830893097
804,0,0.00595746169554149,NCT01606007,Type 2 Diabetes,Dapagliflozin,Arm 3: Saxagliptin+Dapagliflozin+Metformin XR,Phase 3,0,1,1,0,1,endpoint_surrogate_pass,0.0,0,25.0,reliable,0.00595746169554149
805,0,0.007799743703586222,NCT01606319,Asthma; Wheezing,Acetaminophen,acetaminophen,Phase 3,0,0,0,0,0,,-1.0,1,42.0,reliable,0.5
806,0,0.0026529239444370344,NCT01606319,Asthma; Wheezing,Ibuprofen,ibuprofen,Phase 3,0,0,0,0,0,,-1.0,1,42.0,reliable,0.5
807,0,0.3805323797195106,NCT01606787,Renal Ischemia During Partial Nephrectomy,mannitol,mannitol arm,Phase 3,0,0,0,0,0,,0.0,0,,unscored,0.3805323797195106
809,0,0.4145595530803249,NCT01609647,Acute Coronary Syndrome,Prasugrel,Prasugrel,Phase 3,0,0,1,0,1,endpoint_surrogate_pass,0.0,0,22.0,reliable,0.15
810,0,0.4995313852731357,NCT01609647,Acute Coronary Syndrome,Clopidogrel,Clopidogrel,Phase 3,0,0,1,0,1,endpoint_surrogate_pass,0.0,0,22.0,reliable,0.15
811,0,0.369670669315014,NCT01610037,Chronic Obstructive Pulmonary Disease,Tiotropium,Tiotropium,Phase 3,0,0,0,0,0,,0.0,0,50.0,low_confidence,0.369670669315014
813,0,0.17616281433040054,NCT01610284,Metastatic Breast Cancer,Buparlisib,BKM120 100mg + Fulvestrant,Phase 3,1,1,0,0,0,,0.0,0,15.0,reliable,0.17616281433040054
814,0,0.003432388128566976,NCT01611090,Chronic Lymphocytic Leukemia,Ibrutinib,Ibrutinib + BR,Phase 3,1,1,0,0,0,,0.0,0,24.0,reliable,0.003432388128566976
816,0,0.004351117769872645,NCT01613209,Hypertension,Olmesartan; Amlodipin,Olmesartan/Amlodipin fixed combination,Phase 3,0,1,0,0,0,,0.0,0,25.0,reliable,0.004351117769872645
817,0,0.11756261842912097,NCT01613326,Chronic Obstructive Pulmonary Disease,Glycopyrronium Bromide,NVA237,Phase 3,0,1,0,0,0,,1.0,0,50.0,low_confidence,0.11756261842912097
818,0,0.369670669315014,NCT01613326,Chronic Obstructive Pulmonary Disease,Tiotropium,Tiotropium,Phase 3,0,0,0,0,0,,1.0,0,50.0,low_confidence,0.369670669315014
819,1,0.0036561365363690737,NCT01614457,cystic fibrosis,Ivacaftor,Ivacaftor,Phase 3,0,0,1,0,1,endpoint_surrogate_pass,1.0,0,38.0,reliable,0.0036561365363690737
820,0,0.0036561365363690737,NCT01614470,cystic fibrosis,Ivacaftor,"Part 1: Ivacaftor First, Then Placebo",Phase 3,0,0,1,0,1,endpoint_surrogate_pass,1.0,0,38.0,reliable,0.0036561365363690737
822,0,0.4102411363298815,NCT01617187,Schizophrenia,Asenapine,Asenapine 2.5 mg BID,Phase 3,0,0,0,0,0,,0.0,0,70.0,low_confidence,0.4102411363298815
823,0,0.36338115021362877,NCT01617187,Schizophrenia,Olanzapine,Olanzapine 15 mg QD,Phase 3,0,0,0,0,0,,0.0,0,70.0,low_confidence,0.36338115021362877
824,0,0.4102411363298815,NCT01617200,Schizophrenia,Asenapine,Asenapine 2.5 mg BID,Phase 3,0,0,0,0,0,,0.0,0,70.0,low_confidence,0.4102411363298815
825,0,0.36338115021362877,NCT01617200,Schizophrenia,Olanzapine,Olanzapine 15 mg QD,Phase 3,0,0,0,0,0,,0.0,0,70.0,low_confidence,0.36338115021362877
826,0,0.42810522619858765,NCT01618448,Cardiac-induced Edema,Tolvaptan,Tolvaptan,Phase 3,0,0,1,0,1,endpoint_surrogate_pass,0.0,0,44.0,reliable,0.15
827,0,0.8511543145840083,NCT01618695,focal epilepsy,Perampanel,Perampanel,Phase 3,0,0,0,0,0,,0.0,0,44.0,reliable,0.8511543145840083
828,0,0.00970185301906749,NCT01619085,Idiopathic Pulmonary Fibrosis,Nintedanib,All subjects,Phase 3,0,0,0,0,0,,0.0,0,40.0,reliable,0.00970185301906749
829,0,0.5837335267067003,NCT01620528,Endometriosis,elagolix,Elagolix 150 mg QD,Phase 3,0,0,0,0,0,,,0,,unscored,0.5837335267067003
830,0,0.9700879481737626,NCT01621191,Fibromyalgia,Duloxetine,60 mg Duloxetine,Phase 3,0,0,0,0,0,,0.0,0,90.0,low_confidence,0.9700879481737626
831,0,0.3895834296684212,NCT01621204,immune thrombocytopenia,Eltrombopag,Eltrombopag,Phase 3,0,0,1,0,1,endpoint_surrogate_pass,0.0,0,29.0,reliable,0.15
832,1,0.9649555820544427,NCT01622088,Amyotrophic Lateral Sclerosis,Dexpramipexole,Dexpramipexole,Phase 3,0,0,0,0,0,,,0,44.0,reliable,0.9649555820544427
833,0,0.04269637123088814,NCT01622231,rhinitis,Fluticasone furoate,GW685698X,Phase 3,0,0,0,0,0,,0.0,0,54.0,low_confidence,0.04269637123088814
834,0,0.5679713576140782,NCT01622569,nasal polyps,Fluticasone Propionate,OPN-375 100 μg BID,Phase 3,0,0,0,0,0,,0.0,0,42.0,reliable,0.5679713576140782
835,0,0.5679713576140782,NCT01623310,chronic rhinosinusitis with nasal polyps,Fluticasone Propionate,OPN-375 400 μg BID,Phase 3,0,0,0,0,0,,0.0,0,42.0,reliable,0.5679713576140782
836,0,0.026391287897757083,NCT01624259,Type 2 Diabetes,Liraglutide,Liraglutide,Phase 3,0,1,1,0,1,endpoint_surrogate_pass,0.0,0,25.0,reliable,0.026391287897757083
837,0,0.5679713576140782,NCT01624662,nasal polyps,Fluticasone propionate,OPN-375 100 mcg,Phase 3,0,0,0,0,0,,0.0,0,42.0,reliable,0.5679713576140782
838,0,0.3349842920888081,NCT01624675,Autistic Disorder in Children and Adolescents,Risperidone,Risperidone,Phase 3,0,0,0,0,0,,0.0,0,44.0,reliable,0.3349842920888081
839,1,0.2162066050538113,NCT01625091,Alcohol Use Disorder,Naltrexone,naltrexone,Phase 3,0,0,0,0,0,,0.0,0,59.0,low_confidence,0.2162066050538113
840,0,0.24896315197809932,NCT01625182,chronic inflammatory demyelinating polyradiculoneuropathy,Fingolimod,Fingolimod (FTY720),Phase 3,0,0,0,0,0,,0.0,0,44.0,reliable,0.24896315197809932
841,0,0.4995313852731357,NCT01626534,Acute Coronary Syndrome,Clopidogrel,clopidogrel group,Phase 3,0,0,0,0,0,,0.0,0,22.0,reliable,0.4995313852731357
842,0,0.4262624984564899,NCT01629966,generalized anxiety disorder,Vilazodone,Vilazadone 20mg,Phase 3,0,0,0,0,0,,0.0,0,85.0,low_confidence,0.4262624984564899
843,0,0.009291014700939553,NCT01630135,perennial allergic rhinitis,Fluticasone furoate,GW685698X,Phase 3,0,0,0,0,0,,0.0,0,54.0,low_confidence,0.009291014700939553
844,0,0.09751445706799856,NCT01630278,Patent Ductus Arteriosus,Ibuprofen,Large ductus ibuprofen,Phase 3,0,0,0,0,0,,0.0,0,44.0,reliable,0.09751445706799856
845,0,0.21867751569865912,NCT01631136,Non-Small Cell Lung Cancer,Gemcitabine,Maintenance according to the response of induction,Phase 3,1,1,0,0,0,,0.0,0,15.0,reliable,0.21867751569865912
846,0,0.0039005567920704053,NCT01631227,Essential Hypertension,Eprosartan,Eprosartan,Phase 3,0,0,0,0,0,,0.0,0,18.0,reliable,0.0039005567920704053
847,0,0.005376584107409812,NCT01631227,Essential Hypertension,Eprosartan Mesylate,Eprosartan Mesylate,Phase 3,0,0,0,0,0,,0.0,0,18.0,reliable,0.005376584107409812
849,1,0.015102754598799405,NCT01632904,Polycythemia Vera,Ruxolitinib,ruxolitinib and hydroxyurea (HU)-placebo,Phase 3,0,0,0,0,0,,0.0,0,18.0,reliable,0.015102754598799405
850,0,0.619471655717738,NCT01632904,Polycythemia Vera,Hydroxyurea (HU),HU and ruxolitinib-placebo,Phase 3,0,0,0,0,0,,0.0,0,18.0,reliable,0.619471655717738
851,0,0.007947648035409588,NCT01633944,Low back pain,Buprenorphine,Buprenorphine HCl Buccal Film,Phase 3,0,0,0,0,0,,0.0,0,84.0,low_confidence,0.007947648035409588
852,0,0.15401671077379003,NCT01636206,dry eye syndrome,Lifitegrast,Lifitegrast,Phase 3,0,0,0,0,0,,0.0,0,49.0,low_confidence,0.15401671077379003
853,0,0.17104384548374094,NCT01638000,"Urologic Diseases; Urinary Bladder, Overactive; Urinary Bladder Diseases",Mirabegron,Mirabegron 50 mg,Phase 3,0,0,0,0,0,,0.0,0,54.0,low_confidence,0.17104384548374094
854,0,0.08737060861997407,NCT01638000,"Urologic Diseases; Urinary Bladder, Overactive; Urinary Bladder Diseases",Solifenacin succinate,Solifenacin 5 mg,Phase 3,0,0,0,0,0,,0.0,0,54.0,low_confidence,0.08737060861997407
855,0,0.08590443088545063,NCT01638013,Rheumatoid Arthritis,Peficitinib,Participants who completed 015K-CL-RAJ1,Phase 3,0,0,0,0,0,,0.0,0,52.0,low_confidence,0.08590443088545063
856,0,0.17179139032043378,NCT01638247,Breast Cancer,GnRH analogue,Tamoxifen and GnRH analogue,Phase 3,1,1,0,0,0,,0.0,0,22.0,reliable,0.17179139032043378
857,0,0.40056728847717576,NCT01638247,Breast Cancer,Exemestane; GnRH analogue,Exemestane and GnRH analogue,Phase 3,1,1,0,0,0,,0.0,0,22.0,reliable,0.40056728847717576
858,0,0.7134443324518656,NCT01639001,Lung Cancer,Crizotinib,Crizotinib,Phase 3,1,0,0,0,0,,0.0,0,22.0,reliable,0.7134443324518656
859,0,0.006486529747696819,NCT01640535,perennial allergic rhinitis,Montelukast,Test arm,Phase 3,0,1,0,0,0,,0.0,0,54.0,low_confidence,0.006486529747696819
862,0,0.12301360595457127,NCT01641510,Acute Coronary Syndromes,Prasugrel,Prasugrel,Phase 3,0,0,1,0,1,endpoint_surrogate_pass,0.0,0,22.0,reliable,0.12301360595457127
863,0,0.09490010071819607,NCT01641510,Acute Coronary Syndromes,Clopidogrel,Clopidogrel,Phase 3,0,0,1,0,1,endpoint_surrogate_pass,0.0,0,22.0,reliable,0.09490010071819607
865,0,0.01972531548527417,NCT01644188,Hypercholesterolemia,Ezetimibe,Ezetimibe 10 mg,Phase 3,0,1,0,0,0,,0.0,0,22.0,reliable,0.01972531548527417
866,1,0.42810522619858765,NCT01644331,Heart Failure; Dyspnea,Tolvaptan,Tolvaptan,Phase 3,0,0,0,0,0,,0.0,0,22.0,reliable,0.42810522619858765
867,0,0.017455465847294686,NCT01644474,Hypercholesterolemia,Ezetimibe,Ezetimibe 10 mg,Phase 3,0,0,0,0,0,,0.0,0,22.0,reliable,0.017455465847294686
868,0,0.0036199943557381894,NCT01644500,Type 2 Diabetes Mellitus,Glimepiride,Glimepiride,Phase 3,0,0,1,0,1,endpoint_surrogate_pass,0.0,0,25.0,reliable,0.0036199943557381894
870,0,0.30107484640912374,NCT01644890,Breast Cancer,Paclitaxel,Paclitaxel,Phase 3,1,0,0,1,1,oncology_cytotoxic_monotherapy,0.0,0,22.0,reliable,0.15
871,0,0.009428001717089348,NCT01646021,Mantle Cell Lymphoma,Ibrutinib,Ibrutinib,Phase 3,1,0,0,0,0,,0.0,0,18.0,reliable,0.009428001717089348
872,1,0.5468874154659893,NCT01646125,NSCLC,Luminespib,AUY922 arm,Phase 2,1,0,0,0,0,,0.0,0,15.0,reliable,0.5468874154659893
873,0,0.8504950175254175,NCT01646125,NSCLC,Pemetrexed,chemotherapy arm [Pemetrexed],Phase 2,1,0,0,0,0,,0.0,0,15.0,reliable,0.8504950175254175
874,0,0.3583705162833783,NCT01646255,Parkinson's Disease,Rotigotine,Rotigotine,Phase 3,0,1,0,0,0,,0.0,0,58.0,low_confidence,0.3583705162833783
875,0,0.39206020562319754,NCT01646268,Parkinson's Disease,Rotigotine,Rotigotine,Phase 3,0,0,0,0,0,,0.0,0,58.0,low_confidence,0.39206020562319754
876,0,0.00595746169554149,NCT01646320,Type 2 Diabetes,Dapagliflozin,Arm1: Dapagliflozin (10 mg) + Saxagliptin + Metformin IR,Phase 3,0,1,1,0,1,endpoint_surrogate_pass,0.0,0,25.0,reliable,0.00595746169554149
877,0,0.5215068308420265,NCT01646515,Systolic Heart Failure,Udenafil (Zydena),Udenafil,Phase 3,0,0,0,0,0,,,0,,unscored,0.5215068308420265
879,0,0.003892523092444146,NCT01647932,heart failure,hydrochlorothiazide,Loop plus thiazide-type diuretic,Phase 3,0,0,0,0,0,,0.0,0,40.0,reliable,0.003892523092444146
880,0,0.5179407125500927,NCT01648634,cardiomyopathy,Nebivolol,Nebivolol,Phase 3,0,0,1,0,1,endpoint_surrogate_pass,0.0,0,22.0,reliable,0.15
881,0,0.01887257985141449,NCT01650246,gout,lesinurad,lesinurad 400 mg,Phase 3,0,0,0,0,0,,0.0,0,44.0,reliable,0.01887257985141449
883,0,0.04040267797610238,NCT01650805,Chronic Myeloid Leukemia,imatinib (Gleevec/ Glivec),imatinib,Phase 3,1,0,0,0,0,,,0,18.0,reliable,0.04040267797610238
884,0,0.42810522619858765,NCT01651156,Cardiac Edema,Tolvaptan,Tolvaptan,Phase 3,0,0,1,0,1,endpoint_surrogate_pass,0.0,0,44.0,reliable,0.15
885,0,0.5697563999273383,NCT01651182,Perioperative Bleeding,Tranexamic Acid,Dose 1,Phase 3,0,0,0,0,0,,0.0,0,,unscored,0.5697563999273383
886,0,0.07081673069774559,NCT01652729,Type 2 Diabetes Mellitus,Sitagliptin,Sitagliptin 100mg,Phase 3,0,0,1,0,1,endpoint_surrogate_pass,0.0,0,25.0,reliable,0.07081673069774559
887,0,0.018509810597716298,NCT01653262,epilepsy,Brivaracetam,Brivaracetam,Phase 3,0,0,0,0,0,,0.0,0,48.0,reliable,0.018509810597716298
888,1,0.29365000636744043,NCT01656252,Acute Myeloid Leukemia,Phase I- Cytarabine & Eltrombopag,Phase I- Cytarabine & Eltrombopag,Phase 2,1,0,0,0,0,,,0,24.0,reliable,0.29365000636744043
889,0,0.10160071322810471,NCT01657448,dysuria,Methenamine; Methylthioninium chloride,"Methenamine, Methylthioninium",Phase 3,0,1,0,0,0,,0.0,0,44.0,reliable,0.10160071322810471
890,0,0.30380368449406187,NCT01657448,dysuria,Phenazopyridine,Phenazopyridine,Phase 3,0,0,0,0,0,,0.0,0,44.0,reliable,0.30380368449406187
891,0,0.08621441094405419,NCT01657604,Chronic Myeloid Leukemia,Nilotinib,Nilotinib,Phase 3,1,0,0,0,0,,0.0,0,18.0,reliable,0.08621441094405419
892,1,0.5697563999273383,NCT01658124,Gastrointestinal Bleeding,Tranexamic Acid,Tranexamic acid,Phase 3,0,0,0,0,0,,0.0,0,22.0,reliable,0.5697563999273383
893,0,0.1270118783392472,NCT01661101,Myocardial Injury After Noncardiac Surgery (MINS),Dabigatran,Dabigatran,Phase 3,0,0,0,0,0,,0.0,0,22.0,reliable,0.1270118783392472
894,0,0.19058847312824745,NCT01661101,Myocardial Injury After Noncardiac Surgery (MINS),Omeprazole,Omeprazole,Phase 3,0,0,0,0,0,,0.0,0,22.0,reliable,0.19058847312824745
895,0,0.15318840222820312,NCT01662310,schizophrenia,Paliperidone,Paliperidone: Double blind (DB) phase,Phase 3,0,0,0,0,0,,0.0,0,70.0,low_confidence,0.15318840222820312
896,0,0.012092281237924165,NCT01663233,Essential Hypertension,Sacubitril; Valsartan,LCZ696 and amlodipine,Phase 3,0,1,1,0,1,endpoint_surrogate_pass,0.0,0,18.0,reliable,0.012092281237924165
897,1,0.4735802735447354,NCT01664637,Diabetic Gastroparesis,Tzp-102,TZP-102 three times a day,Phase 2,0,0,0,0,0,,,0,,unscored,0.4735802735447354
898,0,0.1681594629517572,NCT01667419,Mutant Melanoma,Vemurafenib,Cohort 1 Vemurafenib,Phase 3,1,0,0,0,0,,0.0,0,15.0,reliable,0.1681594629517572
899,0,0.08639792510684692,NCT01668797,schizophrenia,Brexpiprazole,Brexpiprazole (OPC-34712),Phase 3,0,0,0,0,0,,0.0,0,70.0,low_confidence,0.08639792510684692
900,0,0.007377682834855989,NCT01674530,chronic idiopathic constipation,Lubiprostone,Lubiprostone,Phase 3,0,0,0,0,0,,0.0,0,75.0,low_confidence,0.007377682834855989
902,0,0.0029089254055998763,NCT01675076,Hematoma,Dabigatran,Continued NOAC [Dabigatran],Phase 3,0,0,0,0,0,,,0,,unscored,0.0029089254055998763
903,0,0.006716523545034847,NCT01675076,Hematoma,Rivaroxaban,Continued NOAC [Rivaroxaban],Phase 3,0,0,0,0,0,,,0,,unscored,0.006716523545034847
904,0,0.00671974996026814,NCT01675076,Hematoma,Apixaban,Continued NOAC [Apixaban],Phase 3,0,0,0,0,0,,,0,,unscored,0.00671974996026814
905,0,0.007947648035409588,NCT01675167,Low back pain,Buprenorphine,Buprenorphine HCl Buccal Film,Phase 3,0,0,0,0,0,,0.0,0,84.0,low_confidence,0.007947648035409588
906,1,0.5303729029567628,NCT01677182,Bipolar Disorder,Ramelteon,Ramelteon (Dose 2),Phase 3,0,0,0,0,0,,,0,75.0,low_confidence,0.5303729029567628
907,0,0.003755715600472906,NCT01677923,Obesity,Metformin,Control with Metformin,Phase 3,0,0,0,0,0,,0.0,0,37.0,reliable,0.003755715600472906
908,1,0.10079547128172872,NCT01679951,Rheumatoid Arthritis,Toreforant,JNJ-38518168 (10 mg/d),Phase 2,0,1,0,0,0,,0.0,0,52.0,low_confidence,0.10079547128172872
909,0,0.17348123257362072,NCT01682083,Melanoma,Dabrafenib; Trametinib,Dabrafenib and trametinib,Phase 3,1,1,0,0,0,,0.0,0,,unscored,0.17348123257362072
910,0,0.003647422989644703,NCT01682759,Type 2 Diabetes Mellitus,Omarigliptin,Omarigliptin,Phase 3,0,1,1,0,1,endpoint_surrogate_pass,0.0,0,25.0,reliable,0.003647422989644703
911,0,0.005462779686917638,NCT01682759,Type 2 Diabetes Mellitus,Glimepiride,Glimepiride,Phase 3,0,1,1,0,1,endpoint_surrogate_pass,0.0,0,25.0,reliable,0.005462779686917638
912,1,0.3061944508718052,NCT01687478,Treatment-resistant Depression,Olanzapine,Olanzapine + Fluoxetine,Phase 3,0,1,0,0,0,,0.0,0,78.0,low_confidence,0.3061944508718052
913,1,0.5514549706767999,NCT01687998,Cardiovascular Diseases,Evacetrapib,Evacetrapib,Phase 3,0,0,0,0,0,,0.0,0,44.0,reliable,0.5514549706767999
914,0,0.009815523530700988,NCT01689519,Metastatic Melanoma,Cobimetinib,Cobimetinib + Vemurafenib,Phase 3,1,1,0,0,0,,0.0,0,15.0,reliable,0.009815523530700988
915,0,0.054192760671583406,NCT01690299,psoriasis,Apremilast,Apremilast 30 mg plus placebo injection,Phase 3,0,0,1,0,1,endpoint_surrogate_pass,0.0,0,45.0,reliable,0.054192760671583406
916,0,0.007966026780358905,NCT01691885,chronic obstructive pulmonary disease,Fluticasone Furoate; Vilanterol,A/B,Phase 3,0,1,0,0,0,,0.0,0,50.0,low_confidence,0.007966026780358905
917,0,0.05919625249547027,NCT01692678,liposarcoma or leiomyosarcoma,Trabectedin,Trabectedin (Part 1 and Part 2),Phase 3,1,0,0,0,0,,0.0,0,15.0,reliable,0.05919625249547027
918,0,0.03177752886441175,NCT01692678,liposarcoma or leiomyosarcoma,Dacarbazine,Dacarbazine (Part 2),Phase 3,1,0,0,0,0,,0.0,0,15.0,reliable,0.03177752886441175
919,0,0.018130208498598463,NCT01694277,Gastrointestinal Stromal Tumors,Masitinib,Masitinib,Phase 3,1,0,0,0,0,,0.0,0,15.0,reliable,0.018130208498598463
920,0,0.008980010485149296,NCT01694277,Gastrointestinal Stromal Tumors,Sunitinib,Sunitinib,Phase 3,1,0,0,0,0,,0.0,0,15.0,reliable,0.008980010485149296
921,0,0.19153694655293405,NCT01694732,Chronic Obstructive Pulmonary Disease,Varenicline,varenicline with counselling,Phase 3,0,0,0,0,0,,0.0,0,50.0,low_confidence,0.19153694655293405
922,0,0.4899815313245709,NCT01695135,Prostate Cancer,Abiraterone acetate,Abiraterone acetate plus prednisone,Phase 3,1,1,0,0,0,,0.0,0,22.0,reliable,0.4899815313245709
923,0,0.7510321355476672,NCT01696643,Opioid-Induced Constipation,Bevenopran,CB-5945,Phase 3,0,0,0,0,0,,,0,,unscored,0.7510321355476672
924,0,0.1835342765881904,NCT01697267,Anti-Neutrophil Cytoplasmic Antibody-Associated Vasculitis; Microscopic Polyangiitis; Wegener Granulomatosis,Azathioprine,Azathioprine Maintenance,Phase 3,0,0,0,0,0,,0.0,0,44.0,reliable,0.1835342765881904
925,0,0.980845164375593,NCT01697566,Endometrial Cancer,Metformin,Metformin,Phase 3,1,0,1,0,1,endpoint_surrogate_pass,0.0,0,15.0,reliable,0.15
927,0,0.0831147865114203,NCT01702298,Type 2 Diabetes Mellitus,Sitagliptin; Simvastatin,Sitagliptin 100 mg/simvastatin 40 mg FDC,Phase 3,0,1,1,0,1,endpoint_surrogate_pass,0.0,0,25.0,reliable,0.0831147865114203
928,0,0.022290655906716843,NCT01702532,smoking cessation,Nicotine,Nicotine Mouth Film,Phase 3,0,0,0,0,0,,0.0,0,59.0,low_confidence,0.022290655906716843
929,0,0.062405680550125,NCT01703221,Type 2 Diabetes Mellitus,Sitagliptin,Sitagliptin (Phase A) switching to Omarigliptin (Phase B),Phase 3,0,1,1,0,1,endpoint_surrogate_pass,0.0,0,25.0,reliable,0.062405680550125
930,0,0.003647422989644703,NCT01704261,Type 2 Diabetes Mellitus,Omarigliptin,Omarigliptin,Phase 3,0,1,1,0,1,endpoint_surrogate_pass,0.0,0,25.0,reliable,0.003647422989644703
931,1,0.5146184377087457,NCT01704651,Ovarian Cancer; Fallopian Tube Cancer; Peritoneal Cancer,Alvimopan,Alvimopan,Phase 3,1,0,0,0,0,,,0,,unscored,0.5146184377087457
932,0,0.0036561365363690737,NCT01705145,cystic fibrosis,Ivacaftor,Ivacaftor,Phase 3,0,0,0,0,0,,0.0,0,38.0,reliable,0.0036561365363690737
934,0,0.0036561365363690737,NCT01707290,cystic fibrosis,Ivacaftor,Ivacaftor,Phase 3,0,0,0,0,0,,0.0,0,38.0,reliable,0.0036561365363690737
935,1,0.2593586539811642,NCT01707953,orthostatic hypotension,Midodrine,Midodrine,Phase 3,0,0,0,0,0,,0.0,0,18.0,reliable,0.2593586539811642
936,0,0.11742973450734943,NCT01708330,Nonviable pregnancy,Lidocaine,Lidocaine gel,Phase 3,0,0,0,0,0,,0.0,0,44.0,reliable,0.11742973450734943
937,1,0.389694428501525,NCT01708798,Anthracycline-Induced Cardiotoxicity,Eplerenone,Eplerenone,Phase 2/3,0,0,0,0,0,,,0,,unscored,0.389694428501525
940,0,0.017455465847294686,NCT01709513,Hypercholesterolemia,Ezetimibe,Ezetimibe,Phase 3,0,0,0,0,0,,,0,22.0,reliable,0.017455465847294686
941,1,0.15311130692508465,NCT01709734,Prostate Cancer,galeterone,Dose Confirmation,Phase 2,1,0,0,0,0,,0.0,0,22.0,reliable,0.15311130692508465
942,0,0.05385119514571646,NCT01710137,nicotine dependence,Varenicline,Varenicline,Phase 3,0,0,0,0,0,,0.0,0,59.0,low_confidence,0.05385119514571646
943,0,0.19676887933156761,NCT01710358,Rheumatoid Arthritis,Baricitinib,Baricitinib,Phase 3,0,1,0,0,0,,0.0,0,52.0,low_confidence,0.19676887933156761
944,0,0.10509398905806829,NCT01711359,Rheumatoid Arthritis,Baricitinib; Methotrexate,Baricitinib + MTX,Phase 3,0,1,0,0,0,,0.0,0,52.0,low_confidence,0.10509398905806829
945,0,0.19676887933156761,NCT01711359,Rheumatoid Arthritis,Baricitinib,Baricitinib,Phase 3,0,1,0,0,0,,0.0,0,52.0,low_confidence,0.19676887933156761
946,1,0.9645074661333952,NCT01712074,Alzheimer's Disease,PF-05212377 (SAM-760),30 mg QD of PF-05212377,Phase 2,0,0,0,0,0,,0.0,0,60.0,low_confidence,0.9645074661333952
947,0,0.01631015924282233,NCT01712789,Multiple Myeloma,Pomalidomide,Pomalidomide plus Dexamethasone,Phase 3,1,1,0,0,0,,0.0,0,24.0,reliable,0.01631015924282233
948,0,0.5025252788936306,NCT01715207,Marfan syndrome,Aliskiren,Atenolol & Aliskiren,Phase 3,0,1,1,0,1,endpoint_surrogate_pass,0.0,0,44.0,reliable,0.15
949,0,0.4899815313245709,NCT01715285,Prostate Cancer,Abiraterone acetate,Abiraterone acetate + Prednisone + ADT,Phase 3,1,1,0,0,0,,0.0,0,22.0,reliable,0.4899815313245709
951,1,0.3150237597131543,NCT01715805,Major Depressive Disorder,Cariprazine,Cariprazine + ADT (Double-Blind),Phase 3,0,0,0,0,0,,0.0,0,90.0,low_confidence,0.3150237597131543
953,0,0.019300925092380822,NCT01716624,neurogenic bladder,Oxybutynin,Oxybutynin,Phase 3,0,0,0,0,0,,0.0,0,54.0,low_confidence,0.019300925092380822
954,0,0.003647422989644703,NCT01717313,Type 2 Diabetes Mellitus,Omarigliptin,Omarigliptin,Phase 3,0,1,1,0,1,endpoint_surrogate_pass,0.0,0,25.0,reliable,0.003647422989644703
957,0,0.6564008283104539,NCT01719770,Post-operative Shivering (Hypothermia),rocuronium,Rocuronium,Phase 3,0,0,0,0,0,,0.0,0,,unscored,0.6564008283104539
958,1,0.702910629969748,NCT01719861,Lung Cancer,Desipramine HCL,Desipramine HCl,Phase 2,1,0,0,0,0,,0.0,0,22.0,reliable,0.702910629969748
959,0,0.19676887933156761,NCT01721044,Rheumatoid Arthritis,Baricitinib,Baricitinib 2 mg,Phase 3,0,1,0,0,0,,0.0,0,52.0,low_confidence,0.19676887933156761
960,0,0.19676887933156761,NCT01721057,Rheumatoid Arthritis,Baricitinib,Baricitinib 2 mg,Phase 3,0,1,0,0,0,,0.0,0,52.0,low_confidence,0.19676887933156761
961,0,0.00776741814502372,NCT01721772,Metastatic Melanoma,Dacarbazine,"Dacarbazine, 1000 mg/m^2",Phase 3,1,0,0,0,0,,0.0,0,15.0,reliable,0.00776741814502372
962,0,0.004391230289422007,NCT01722487,Chronic Lymphocytic Leukemia; Small Lymphocytic Lymphoma,Ibrutinib,Ibrutinib,Phase 3,1,0,0,0,0,,0.0,0,18.0,reliable,0.004391230289422007
963,0,0.011421342404319204,NCT01722487,Chronic Lymphocytic Leukemia; Small Lymphocytic Lymphoma,Chlorambucil,Chlorambucil,Phase 3,1,0,0,0,0,,0.0,0,18.0,reliable,0.011421342404319204
964,0,0.39206020562319754,NCT01723904,Parkinson's Disease,Rotigotine,Rotigotine,Phase 3,0,0,0,0,0,,0.0,0,58.0,low_confidence,0.39206020562319754
965,0,0.008995539501143086,NCT01724346,Chronic Lymphocytic Leukemia,Ibrutinib,Chlorambucil,Phase 3,1,0,0,0,0,,0.0,0,24.0,reliable,0.008995539501143086
966,0,0.9408177099141982,NCT01724450,Anthracycline-Induced Cardiotoxicity,Carvedilol,Carvedilol,Phase 3,0,0,1,0,1,endpoint_surrogate_pass,1.0,0,,unscored,0.15
967,0,0.008391419808136544,NCT01724528,Tumor Lysis Syndrome,Febuxostat,Febuxostat,Phase 3,1,0,0,0,0,,0.0,0,15.0,reliable,0.008391419808136544
968,0,0.005923722387699499,NCT01724528,Tumor Lysis Syndrome,Allopurinol,Allopurinol,Phase 3,1,0,0,0,0,,0.0,0,15.0,reliable,0.005923722387699499
971,0,0.24364519040378507,NCT01727726,Major Depressive Disorder,Brexpiprazole,Brexpiprazole + ADT,Phase 3,0,0,1,0,1,endpoint_surrogate_pass,0.0,0,90.0,low_confidence,0.15
972,0,0.018509810597716298,NCT01728077,epilepsy,Brivaracetam,Brivaracetam,Phase 3,0,0,0,0,0,,0.0,0,48.0,reliable,0.018509810597716298
973,0,0.07487669083661899,NCT01728805,Cutaneous T-Cell Lymphoma,Vorinostat,Vorinostat,Phase 3,1,0,0,0,0,,0.0,0,18.0,reliable,0.07487669083661899
974,0,0.009390291977022514,NCT01729871,Atrial Fibrillation,rivaroxaban,rivaroxaban,Phase 3,0,0,0,0,0,,0.0,0,22.0,reliable,0.009390291977022514
975,0,0.01972531548527417,NCT01730040,Hypercholesterolemia,Ezetimibe,Ezetimibe 10 mg + Atorvastatin 20 mg,Phase 3,0,1,0,0,0,,,0,22.0,reliable,0.01972531548527417
976,0,0.02555843618943158,NCT01730040,Hypercholesterolemia,Rosuvastatin,Rosuvastatin 40 mg,Phase 3,0,0,0,0,0,,,0,22.0,reliable,0.02555843618943158
977,0,0.01972531548527417,NCT01730040,Hypercholesterolemia,Ezetimibe,Ezetimibe 10 mg + Atorvastatin 40 mg,Phase 3,0,1,0,0,0,,,0,22.0,reliable,0.01972531548527417
978,0,0.01972531548527417,NCT01730053,Hypercholesterolemia,Ezetimibe,Ezetimibe 10 mg + Rosuvastatin 10 mg,Phase 3,0,1,0,0,0,,0.0,0,22.0,reliable,0.01972531548527417
979,0,0.01972531548527417,NCT01730053,Hypercholesterolemia,Ezetimibe,Ezetimibe 10 mg + Rosuvastatin 20 mg,Phase 3,0,1,0,0,0,,0.0,0,22.0,reliable,0.01972531548527417
980,1,0.024664285323553775,NCT01731431,Diabetes,Glyburide,Glyburide,Phase 3,0,0,0,0,0,,0.0,0,25.0,reliable,0.024664285323553775
982,1,0.03479639855366136,NCT01732822,Peripheral Artery Disease,Ticagrelor,Ticagrelor,Phase 3,0,0,0,0,0,,0.0,0,22.0,reliable,0.03479639855366136
983,0,0.9937294668586102,NCT01732822,Peripheral Artery Disease,Clopidogrel,Clopidogrel,Phase 3,0,0,0,0,0,,0.0,0,22.0,reliable,0.9937294668586102
984,0,0.07640153094947538,NCT01734044,Purpura; Idiopathic Thrombocytopenic Purpura,Dexamethasone,single treatment group,Phase 3,0,0,0,0,0,,0.0,0,29.0,reliable,0.07640153094947538
985,0,0.05435424218766949,NCT01734785,Type 2 Diabetes,Empagliflozin,Empagliflozin + Linagliptin high dose,Phase 3,0,1,1,0,1,endpoint_surrogate_pass,0.0,0,25.0,reliable,0.05435424218766949
986,0,0.005285397014684596,NCT01734928,Multiple Myeloma,Pomalidomide,"Pomalidomide, Bortezomib and Low Dose Dexamethasone",Phase 3,1,1,0,0,0,,0.0,0,24.0,reliable,0.005285397014684596
987,0,0.6191139585286711,NCT01735669,Non-cephalic Presentation; Inhalation of Nitrous Oxide; Pregnancy Complications; Complications; Cesarean Section; Fetus or Neonate Affected by External Version Before Labor,Remifentanil,Remifentanil,Phase 3,0,0,0,0,0,,0.0,0,44.0,reliable,0.6191139585286711
988,0,0.019353243874912694,NCT01736514,gout,febuxostat,febuxostat group,Phase 3,0,0,0,0,0,,0.0,0,44.0,reliable,0.019353243874912694
989,0,0.013609683513357807,NCT01736514,gout,Allopurinol,allopurinol group,Phase 3,0,0,0,0,0,,0.0,0,44.0,reliable,0.013609683513357807
990,0,0.5008393834921506,NCT01736891,Parkinson's Disease,Rasagiline,Rasagiline,Phase 3,0,0,0,0,0,,0.0,0,58.0,low_confidence,0.5008393834921506
991,1,0.2988055172393958,NCT01738178,Parkinson's Disease,Caffeine,Caffeine group,Phase 3,0,0,0,0,0,,0.0,0,58.0,low_confidence,0.2988055172393958
992,1,0.6666149961602692,NCT01738282,alcohol dependence,Baclofen,Baclofen,Phase 3,0,0,0,0,0,,0.0,0,59.0,low_confidence,0.6666149961602692
993,1,0.7703704759389594,NCT01739400,Pulmonary Arterial Hypertension,Macitentan,Macitentan,Phase 3,0,0,0,0,0,,,0,45.0,reliable,0.7703704759389594
994,0,0.3924946683437237,NCT01740427,Advanced Breast Cancer,Palbociclib,PD-0332991 + Letrozole,Phase 3,1,1,0,0,0,,0.0,0,15.0,reliable,0.3924946683437237
995,1,0.7246060172248407,NCT01741155,Patients With Non Small-cell Lung Cancer,Sovatelitide,Randomized Part: SPI-1620 & Docetaxel,Phase 2,1,1,0,0,0,,,0,,unscored,0.7246060172248407
996,0,0.0337532850253456,NCT01743651,Multiple Sclerosis,baclofen,Baclofen,Phase 3,0,0,0,0,0,,0.0,0,50.0,low_confidence,0.0337532850253456
997,0,0.052010008050611976,NCT01743651,Multiple Sclerosis,arbaclofen,Arbaclofen,Phase 3,0,0,0,0,0,,0.0,0,50.0,low_confidence,0.052010008050611976
998,0,0.15401671077379003,NCT01743729,dry eye syndrome,Lifitegrast,Lifitegrast,Phase 3,0,0,0,0,0,,0.0,0,49.0,low_confidence,0.15401671077379003
999,0,0.6529743839788431,NCT01746979,Metastatic or Locally Advanced Unresectable Pancreatic Adenocarcinoma,Evofosfamide,Gemcitabine plus TH-302,Phase 3,1,1,0,1,1,oncology_cytotoxic_monotherapy,0.0,0,15.0,reliable,0.15
1000,0,0.0035197145070463994,NCT01750190,anemia of chronic kidney disease,Roxadustat,Roxadustat,Phase 3,0,0,1,0,1,endpoint_surrogate_pass,0.0,0,29.0,reliable,0.0035197145070463994
1001,0,0.3940665971632399,NCT01754259,"Diabetes, Type I; Diabetes, Type II; Angina; Coronary Artery Disease",Ranolazine,Ranolazine,Phase 3,0,0,0,0,0,,0.0,0,22.0,reliable,0.3940665971632399
1002,0,0.003647422989644703,NCT01755156,Type 2 Diabetes Mellitus,Omarigliptin,Omarigliptin (Phase A) → Omarigliptin (Phase B),Phase 3,0,1,0,0,0,,0.0,0,25.0,reliable,0.003647422989644703
1003,0,0.001956223871150257,NCT01755728,PDA,Ibuprofen,Ibuprofen,Phase 3,0,0,0,0,0,,0.0,0,44.0,reliable,0.001956223871150257
1004,0,0.005545686757229547,NCT01755728,PDA,Paracetamol,Paracetamol,Phase 3,0,0,0,0,0,,0.0,0,44.0,reliable,0.005545686757229547
1005,1,0.41931410269589797,NCT01756053,Nicotine Addiction,Pozanicline,ABT-089,Phase 2,0,0,0,0,0,,0.0,0,59.0,low_confidence,0.41931410269589797
1006,0,0.5837335267067003,NCT01760954,Endometriosis,Elagolix,Elagolix 150 mg QD,Phase 3,0,0,0,0,0,,,0,,unscored,0.5837335267067003
1008,0,0.08588069427071877,NCT01762761,purpura,eltrombopag,Eltrombopag (ETB115),Phase 3,0,0,1,0,1,endpoint_surrogate_pass,0.0,0,44.0,reliable,0.08588069427071877
1009,0,0.0709510730792116,NCT01763164,Melanoma,Binimetinib,MEK162,Phase 3,1,0,0,0,0,,0.0,0,,unscored,0.0709510730792116
1010,0,0.031025196455647646,NCT01763164,Melanoma,Dacarbazine,Dacarbazine,Phase 3,1,0,0,0,0,,0.0,0,,unscored,0.031025196455647646
1011,0,0.009944530408207081,NCT01763827,Hyperlipidemia,Ezetimibe,Ezetimibe (Q2W),Phase 3,0,0,1,0,1,endpoint_surrogate_pass,0.0,0,22.0,reliable,0.009944530408207081
1012,0,0.009944530408207081,NCT01763827,Hyperlipidemia,Ezetimibe,Ezetimibe (QM),Phase 3,0,0,1,0,1,endpoint_surrogate_pass,0.0,0,22.0,reliable,0.009944530408207081
1013,0,0.011074144537027526,NCT01763866,Hyperlipidemia,Ezetimibe,A10 EZE (Q2W),Phase 3,0,1,0,0,0,,,0,22.0,reliable,0.011074144537027526
1014,0,0.011074144537027526,NCT01763866,Hyperlipidemia,Ezetimibe,A10 EZE (QM),Phase 3,0,1,0,0,0,,,0,22.0,reliable,0.011074144537027526
1015,0,0.011074144537027526,NCT01763866,Hyperlipidemia,Ezetimibe,A80 EZE (Q2W),Phase 3,0,1,0,0,0,,,0,22.0,reliable,0.011074144537027526
1016,0,0.011074144537027526,NCT01763866,Hyperlipidemia,Ezetimibe,A80 EZE (QM),Phase 3,0,1,0,0,0,,,0,22.0,reliable,0.011074144537027526
1017,0,0.009944530408207081,NCT01763905,Hyperlipidemia,Ezetimibe,Ezetimibe (Q2W),Phase 3,0,0,0,0,0,,0.0,0,22.0,reliable,0.009944530408207081
1018,0,0.009944530408207081,NCT01763905,Hyperlipidemia,Ezetimibe,Ezetimibe (QM),Phase 3,0,0,0,0,0,,0.0,0,22.0,reliable,0.009944530408207081
1019,0,0.09075237810925377,NCT01765296,Osteoarthritis,Celecoxib,Celecoxib,Phase 3,0,0,0,0,0,,0.0,0,80.0,low_confidence,0.09075237810925377
1021,0,0.01742200244194647,NCT01767519,overactive bladder,solifenacin,solifenacin,Phase 3,0,1,0,0,0,,0.0,0,72.0,low_confidence,0.01742200244194647
1022,1,0.6886812741785792,NCT01773785,Biliary Cancer,Sovatelitide; Docetaxel,SPI-1620 & Docetaxel,Phase 2,1,1,0,0,0,,,0,,unscored,0.6886812741785792
1023,1,0.3219677559294553,NCT01774604,Post-ERCP Acute Pancreatitis,Indomethacin,Indomethacin,Phase 3,0,0,0,0,0,,0.0,0,44.0,reliable,0.3219677559294553
1024,0,0.6865576808012681,NCT01774721,NSCLC,Dacomitinib (PF-00299804),Dacomitinib (PF-00299804),Phase 3,1,0,0,0,0,,0.0,0,15.0,reliable,0.6865576808012681
1025,0,0.39954382114491394,NCT01774721,NSCLC,Gefitinib,gefitinib,Phase 3,1,0,0,0,0,,0.0,0,15.0,reliable,0.39954382114491394
1026,0,0.11980130704515841,NCT01774838,Acute Coronary Syndrome; Unstable Angina,Prasugrel,Prasugrel,Phase 3,0,0,0,0,0,,0.0,0,22.0,reliable,0.11980130704515841
1027,0,0.09310755992996442,NCT01774838,Acute Coronary Syndrome; Unstable Angina,Clopidogrel,Clopidogrel,Phase 3,0,0,0,0,0,,0.0,0,22.0,reliable,0.09310755992996442
1028,0,0.17188944368058473,NCT01776424,Prevention & Control,"Rivaroxaban (Xarelto, BAY59-7939)",Rivaroxaban 2.5mg + Aspirin 100mg,Phase 3,0,1,0,0,0,,0.0,0,15.0,reliable,0.17188944368058473
1029,0,0.004705856370674248,NCT01776840,Mantle Cell Lymphoma,Ibrutinib,Treatment Arm B,Phase 3,1,1,0,0,0,,0.0,0,18.0,reliable,0.004705856370674248
1030,1,0.714849640551261,NCT01777256,Systemic Lupus Erythematosus,Solcitinib,GSK2586184 100 mg Arm,Phase 2,0,0,0,0,0,,0.0,0,44.0,reliable,0.714849640551261
1031,0,0.1862619654702658,NCT01778062,COPD,Indacaterol,Indacaterol,Phase 3,0,0,1,0,1,endpoint_surrogate_pass,1.0,0,50.0,low_confidence,0.15
1032,0,0.010854715431426394,NCT01779271,Fever,Pelubiprofen,Pelubiprofen,Phase 3,0,0,0,0,0,,0.0,0,44.0,reliable,0.010854715431426394
1033,0,0.012110470317023036,NCT01779271,Fever,Loxoprofen,Loxoprofen,Phase 3,0,0,0,0,0,,0.0,0,44.0,reliable,0.012110470317023036
1034,0,0.014666199515266532,NCT01780987,Deep Vein Thrombosis; Pulmonary Embolism,Apixaban,Apixaban,Phase 3,0,0,0,0,0,,0.0,0,22.0,reliable,0.014666199515266532
1035,0,0.036203902929708195,NCT01780987,Deep Vein Thrombosis; Pulmonary Embolism,Warfarin,UFH/Warfarin,Phase 3,0,1,0,0,0,,0.0,0,22.0,reliable,0.036203902929708195
1037,0,0.008245450741865237,NCT01787396,Type 2 Diabetes Mellitus,Gemigliptin; Metformin,Arm1,Phase 3,0,1,1,0,1,endpoint_surrogate_pass,0.0,0,25.0,reliable,0.008245450741865237
1038,0,0.4495022539939617,NCT01790659,cutaneous Leishmaniasis,Paromomycin,Paromomycin,Phase 3,0,0,0,0,0,,0.0,0,20.0,reliable,0.4495022539939617
1039,0,0.15181948063336587,NCT01790997,Acute Ischemic Stroke,Aspirin,Treatment II,Phase 3,0,0,0,0,0,,0.0,0,22.0,reliable,0.15181948063336587
1040,0,0.1793568538379478,NCT01790997,Acute Ischemic Stroke,Clopidogrel,Treatment III,Phase 3,0,0,0,0,0,,0.0,0,22.0,reliable,0.1793568538379478
1042,0,0.012028510337346966,NCT01792804,Staphylococcus Aureus Infection,Clindamycin,Orally administered antibiotic [Clindamycin],Phase 3,0,0,0,0,0,,,0,,unscored,0.012028510337346966
1044,0,0.01230952190508313,NCT01792804,Staphylococcus Aureus Infection,Cloxacillin,Intravenously administered antibiotic [Cloxacillin],Phase 3,0,0,0,0,0,,,0,,unscored,0.01230952190508313
1045,0,0.010072356349516915,NCT01792804,Staphylococcus Aureus Infection,Cefazolin,Intravenously administered antibiotic [Cefazolin],Phase 3,0,0,0,0,0,,,0,,unscored,0.010072356349516915
1046,1,0.531897072360375,NCT01793298,Asthma,ASM-024,Healthy Subjects - ASM-024 Repeat Administration,Phase 2,0,0,0,0,0,,0.0,0,50.0,low_confidence,0.531897072360375
1047,0,0.3508492966380449,NCT01793480,Pain Related to Cancer,Methadone,fixed-dose of methadone,Phase 3,1,0,0,0,0,,0.0,0,,unscored,0.3508492966380449
1048,1,0.7695104390872762,NCT01794000,Sickle Cell Disease,Prasugrel,Prasugrel,Phase 3,0,0,0,0,0,,0.0,0,32.0,reliable,0.7695104390872762
1050,1,0.3019921682514017,NCT01798485,NSCLC,Ganetespib,Ganetespib and Docetaxel,Phase 3,1,1,0,0,0,,0.0,0,15.0,reliable,0.3019921682514017
1051,0,0.3026782367583781,NCT01800045,narcolepsy,Pitolisant,Pitolisant,Phase 3,0,0,0,0,0,,0.0,0,67.0,low_confidence,0.3026782367583781
1052,0,0.8111298672059999,NCT01802333,Acute Myeloid Leukemia,Idarubicin,"Arm II (high-dose cytarabine, idarubicin)",Phase 3,1,1,0,0,0,,0.0,0,24.0,reliable,0.8111298672059999
1053,0,0.7373971059595016,NCT01802333,Acute Myeloid Leukemia,Idarubicin; Vorinostat,"Arm III (vorinostat, high-dose cytarabine, idarubicin)",Phase 3,1,1,0,0,0,,0.0,0,24.0,reliable,0.7373971059595016
1054,0,0.06219862972179755,NCT01802385,Cryptococcal Meningitis; Fungal Meningitis,Sertraline,Sertraline 400mg,Phase 3,0,0,0,0,0,,0.0,0,20.0,reliable,0.06219862972179755
1055,1,0.20509997942301844,NCT01805453,Newly-diagnosed Glioblastoma,Losartan,Arm A: Losartan,Phase 3,1,0,0,0,0,,0.0,0,15.0,reliable,0.20509997942301844
1056,0,0.12103840027934339,NCT01805726,Bronchoscopy; Conscious Sedation,Alfentanil,Alfentanil Group + Xylocain (A),Phase 3,0,0,0,0,0,,0.0,0,34.0,reliable,0.12103840027934339
1057,0,0.1663561205335558,NCT01805726,Bronchoscopy; Conscious Sedation,Dexmedetomidine,Dexmedetomidine Group + Xylocain (D),Phase 3,0,0,0,0,0,,0.0,0,34.0,reliable,0.1663561205335558
1058,1,0.03150528891077588,NCT01805791,Ulcerative Colitis,Andrographolide,HMPL-004 1800 mg/day,Phase 3,0,0,0,0,0,,0.0,0,50.0,low_confidence,0.03150528891077588
1059,0,0.25443161978225043,NCT01806623,Vulvovaginal Candidiasis,Fluconazole,Fluconazole,Phase 3,0,0,0,0,0,,0.0,0,20.0,reliable,0.25443161978225043
1060,0,0.09879153423046373,NCT01807923,cystic fibrosis,Lumacaftor; Ivacaftor,LUM 400 mg q12h/ IVA 250 mg q12h,Phase 3,0,1,1,0,1,endpoint_surrogate_pass,1.0,0,38.0,reliable,0.09879153423046373
1061,0,0.09879153423046373,NCT01807949,cystic fibrosis,Lumacaftor; Ivacaftor,LUM 400 mg q12h/ IVA 250 mg q12h,Phase 3,0,1,1,0,1,endpoint_surrogate_pass,1.0,0,38.0,reliable,0.09879153423046373
1062,0,0.01887257985141449,NCT01808131,gout,Lesinurad,lesinurad 200 mg + allopurinol,Phase 3,0,0,0,0,0,,0.0,0,44.0,reliable,0.01887257985141449
1063,0,0.014848678344182447,NCT01808144,gout,lesinurad; febuxostat,lesinurad 200 mg + febuxostat 80 mg,Phase 3,0,1,0,0,0,,0.0,0,44.0,reliable,0.014848678344182447
1064,0,0.3080461006923777,NCT01808313,vascular disease,ambrisentan,ambrisentan,Phase 3,0,0,0,0,0,,0.0,0,44.0,reliable,0.3080461006923777
1065,0,0.22433487117485282,NCT01808573,Metastatic Breast Cancer,neratinib,neratinib plus capecitabine,Phase 3,1,1,0,0,0,,0.0,0,15.0,reliable,0.22433487117485282
1066,0,0.15808863544957835,NCT01808573,Metastatic Breast Cancer,lapatinib,lapatinib plus capecitabine,Phase 3,1,1,0,0,0,,0.0,0,15.0,reliable,0.15808863544957835
1067,1,0.5337206171984828,NCT01808612,Major Depressive Disorder,Fluoxetine,20 mg Fluoxetine,Phase 3,0,0,0,0,0,,0.0,0,90.0,low_confidence,0.5337206171984828
1068,0,0.5337206171984828,NCT01808651,Major Depressive Disorder,Fluoxetine,Fluoxetine,Phase 3,0,0,0,0,0,,0.0,0,90.0,low_confidence,0.5337206171984828
1069,0,0.27230666981082996,NCT01808690,Type 1 Diabetes,Metformin,Metformin,Phase 3,0,0,0,0,0,,0.0,0,25.0,reliable,0.27230666981082996
1071,0,0.01211230567604476,NCT01809691,Metastatic Prostate Cancer,Orteronel,ADT + TAK-700,Phase 3,1,0,0,0,0,,0.0,0,15.0,reliable,0.01211230567604476
1072,0,0.030471687810079466,NCT01809691,Metastatic Prostate Cancer,Bicalutamide,ADT + Bicalutamide,Phase 3,1,0,0,0,0,,0.0,0,15.0,reliable,0.030471687810079466
1073,1,0.08639792510684692,NCT01810380,schizophrenia,Brexpiprazole,Brexpiprazole,Phase 3,0,0,0,0,0,,0.0,0,70.0,low_confidence,0.08639792510684692
1074,0,0.08639792510684692,NCT01810783,schizophrenia,Brexpiprazole,Brexpiprazole,Phase 3,0,0,0,0,0,,0.0,0,70.0,low_confidence,0.08639792510684692
1075,0,0.3447810683756337,NCT01811459,Delirium,Quetiapine,Quetiapine,Phase 3,0,0,0,0,0,,0.0,0,18.0,reliable,0.3447810683756337
1076,0,0.39089775716942243,NCT01811459,Delirium,Haloperidol,Haloperidol,Phase 3,0,0,0,0,0,,0.0,0,18.0,reliable,0.39089775716942243
1079,1,0.00527762318235577,NCT01814748,Type 2 Diabetes Mellitus,Omarigliptin,Omarigliptin 25 mg,Phase 3,0,1,1,0,1,endpoint_surrogate_pass,0.0,0,25.0,reliable,0.00527762318235577
1080,0,0.01021516785175169,NCT01817790,allergic rhinitis,Fluticasone propionate,Fluticasone propionate nasal spray,Phase 3,0,0,0,0,0,,0.0,0,54.0,low_confidence,0.01021516785175169
1081,0,0.014187635105160887,NCT01818752,Multiple Myeloma,Carfilzomib,"Carfilzomib, Melphalan, Prednisone",Phase 3,1,1,0,0,0,,,0,24.0,reliable,0.014187635105160887
1082,0,0.0063035159446337904,NCT01818752,Multiple Myeloma,Bortezomib,"Bortezomib, Melphalan, Prednisone",Phase 3,1,1,0,0,0,,,0,24.0,reliable,0.0063035159446337904
1083,0,0.2448803596299086,NCT01820572,Kidney Transplantation,Tacrolimus,CNI [Tacrolimus],Phase 3,0,0,0,0,0,,,0,,unscored,0.2448803596299086
1084,0,0.5018381150386907,NCT01820767,Chronic Kidney Disease,Paricalcitol,Paricalcitol,Phase 3,0,0,0,0,0,,0.0,0,29.0,reliable,0.5018381150386907
1085,0,0.10914722119806204,NCT01820767,Chronic Kidney Disease,Atorvastatin,Atorvastatin,Phase 3,0,0,0,0,0,,0.0,0,29.0,reliable,0.10914722119806204
1086,0,0.25394306581223125,NCT01821378,Schizophrenia,Lurasidone,Lurasidone 20 mg,Phase 3,0,0,0,0,0,,,0,70.0,low_confidence,0.25394306581223125
1087,0,0.30107484640912374,NCT01822314,Breast Cancer,Paclitaxel,Paclitaxel,Phase 3,1,0,0,1,1,oncology_cytotoxic_monotherapy,0.0,0,22.0,reliable,0.15
1088,0,0.3081645719897062,NCT01822314,Breast Cancer,Abraxane,Abraxane,Phase 3,1,0,0,1,1,oncology_cytotoxic_monotherapy,0.0,0,22.0,reliable,0.15
1089,0,0.013472760595664707,NCT01822548,Type 2 Diabetes,Vildagliptin,Vildagliptin & metformin,Phase 3,0,1,0,0,0,,0.0,0,25.0,reliable,0.013472760595664707
1090,0,0.011447792333321041,NCT01822548,Type 2 Diabetes,Glibenclamide,Glibenclamide & metformin,Phase 3,0,1,0,0,0,,0.0,0,25.0,reliable,0.011447792333321041
1091,0,0.13029489563102267,NCT01824290,"Hypertension, Pulmonary",Tadalafil,Tadalafil,Phase 3,0,1,0,0,0,,1.0,0,18.0,reliable,0.13029489563102267
1094,0,0.37125423588945977,NCT01825512,microcytic anemia with liver iron overload,Deferiprone,Deferiprone,Phase 3,0,0,0,0,0,,0.0,0,29.0,reliable,0.37125423588945977
1095,0,0.1828579274181893,NCT01825798,Overweight; Autism Spectrum Disorder,Metformin,Metformin,Phase 3,0,0,0,0,0,,0.0,0,62.0,low_confidence,0.1828579274181893
1096,1,0.46087367789895567,NCT01826487,"Muscular Dystrophy, Duchenne; Muscular Dystrophies; Muscular Disorders, Atrophic; Muscular Diseases; Musculoskeletal Diseases; Neuromuscular Diseases; Nervous System Diseases; Genetic Diseases, X-Linked; Genetic Diseases, Inborn",Ataluren,Ataluren,Phase 3,0,0,0,0,0,,0.0,0,81.0,low_confidence,0.46087367789895567
1097,0,0.7438218135420028,NCT01828099,Lung Cancer,Ceritinib,Ceritinib,Phase 3,1,0,0,0,0,,0.0,0,22.0,reliable,0.7438218135420028
1098,0,0.38056092232310446,NCT01828112,Non-Small Cell Lung Cancer,Ceritinib,Ceritinib,Phase 3,1,0,0,0,0,,0.0,0,15.0,reliable,0.38056092232310446
1099,0,0.09438753996305659,NCT01828112,Non-Small Cell Lung Cancer,Pemetrexed,Chemotherapy [Pemetrexed],Phase 3,1,0,0,0,0,,0.0,0,15.0,reliable,0.09438753996305659
1100,0,0.45454400424510466,NCT01828437,Infantile Spasms,Pyridoxine,Pyridoxine plus prednisolone,Phase 3,0,1,0,0,0,,0.0,0,44.0,reliable,0.45454400424510466
1101,0,0.4961771021213523,NCT01829243,Fibromyalgia; Neurocognition,Milnacipran,Milnacipran,Phase 3,0,0,0,0,0,,,0,,unscored,0.4961771021213523
1102,0,0.2201908307376849,NCT01829295,Uveitis,Methotrexate,Methotrexate,Phase 3,0,1,0,0,0,,0.0,0,44.0,reliable,0.2201908307376849
1103,0,0.07818614236300067,NCT01829295,Uveitis,Mycophenolate mofetil,Mycophenolate Mofetil,Phase 3,0,1,0,0,0,,0.0,0,44.0,reliable,0.07818614236300067
1107,0,0.14251623659383855,NCT01830543,Atrial Fibrillation; Percutaneous Coronary Intervention,Rivaroxaban,rivaroxaban 15 mg once daily,Phase 3,0,1,0,0,0,,,0,,unscored,0.14251623659383855
1108,0,0.02466853898586559,NCT01832038,epilepsy,Lacosamide,Lacosamide,Phase 3,0,0,0,0,0,,0.0,0,48.0,reliable,0.02466853898586559
1111,0,0.025459742547454322,NCT01834274,"Diabetes Mellitus, Type 2",Sitagliptin,Sitagliptin 100 mg,Phase 3,0,1,0,0,0,,,0,19.0,reliable,0.025459742547454322
1112,0,0.003063108513458055,NCT01835678,Type 2 Diabetes,Linagliptin,Linagliptin,Phase 3,0,0,0,0,0,,0.0,0,25.0,reliable,0.003063108513458055
1113,0,0.4493868058556553,NCT01837290,hip fracture,dexmedetomidine infusion for premedication,Group Dexmedetomidine (Group D),Phase 3,0,1,0,0,0,,0.0,0,25.0,reliable,0.4493868058556553
1114,0,0.009896981540980457,NCT01838551,Cushing syndrome,Levoketoconazole,Levoketoconazole DL0,Phase 3,0,0,1,0,1,endpoint_surrogate_pass,0.0,0,29.0,reliable,0.009896981540980457
1115,0,0.10341407207992452,NCT01838668,Multiple Sclerosis,dimethyl fumarate,Part I BG00012,Phase 3,0,0,0,0,0,,,0,50.0,low_confidence,0.10341407207992452
1116,1,0.24623516622100908,NCT01838681,Major Depressive Disorder,Brexpiprazole,Brexpiprazole,Phase 3,0,1,1,0,1,endpoint_surrogate_pass,0.0,0,90.0,low_confidence,0.15
1117,0,0.3150237597131543,NCT01838876,Major Depressive Disorder,Cariprazine,Cariprazine + ADT,Phase 3,0,0,0,0,0,,0.0,0,90.0,low_confidence,0.3150237597131543
1118,0,0.22743936632822917,NCT01838941,peroxisome biogenesis disorder,Betaine,Betaine,Phase 3,0,0,0,0,0,,0.0,0,44.0,reliable,0.22743936632822917
1119,0,0.23544377404577754,NCT01839084,Renal Function After Partial Nephrectomy,Xenon,Xenon,Phase 3,0,0,0,0,0,,0.0,0,29.0,reliable,0.23544377404577754
1120,0,0.301067689999968,NCT01839084,Renal Function After Partial Nephrectomy,Isoflurane,Isoflurane,Phase 3,0,0,0,0,0,,0.0,0,29.0,reliable,0.301067689999968
1121,0,0.09417582240504345,NCT01839773,Gastric Cancer,Paclitaxel,DHP107 (oral paclitaxel),Phase 3,1,0,0,1,1,oncology_cytotoxic_monotherapy,0.0,0,22.0,reliable,0.09417582240504345
1122,0,0.003388672725312013,NCT01841697,Type 2 Diabetes Mellitus,Omarigliptin,Omarigliptin 25 mg once weekly,Phase 3,0,1,1,0,1,endpoint_surrogate_pass,0.0,0,25.0,reliable,0.003388672725312013
1123,0,0.0423400953427033,NCT01841697,Type 2 Diabetes Mellitus,Sitagliptin,Sitagliptin 100 mg once daily,Phase 3,0,1,1,0,1,endpoint_surrogate_pass,0.0,0,25.0,reliable,0.0423400953427033
1124,0,0.7703704759389594,NCT01841762,Pulmonary Arterial Hypertension,Macitentan,Macitentan,Phase 3,0,0,0,0,0,,0.0,0,45.0,reliable,0.7703704759389594
1125,0,0.4262624984564899,NCT01844115,generalized anxiety disorder,Vilazodone,Vilazodone,Phase 3,0,0,0,0,0,,0.0,0,85.0,low_confidence,0.4262624984564899
1126,0,0.45979945759936713,NCT01844856,complicated intra-abdominal infection,Ertapenem,"Ertapenem, 1.0 g q24h",Phase 3,0,0,0,0,0,,0.0,0,20.0,reliable,0.45979945759936713
1127,0,0.25405657619230004,NCT01846611,Ovarian Cancer,Trabectedin; DOXIL,Arm A: trabectedin + DOXIL,Phase 3,1,1,0,0,0,,0.0,0,22.0,reliable,0.25405657619230004
1128,0,0.013974232002311907,NCT01848054,opioid use disorder,naloxone sublingual tablets,BNX Sublingual Tablets Induction,Phase 3,0,1,0,0,0,,0.0,0,59.0,low_confidence,0.013974232002311907
1129,1,0.321640288031107,NCT01848639,end-stage kidney disease,Spironolactone,Spironolactone,Phase 3,0,0,0,0,0,,0.0,0,29.0,reliable,0.321640288031107
1130,0,0.48288125711635227,NCT01849068,Metabolic Syndrome X,Ezetimibe,Ezetimibe,Phase 3,0,0,0,0,0,,0.0,0,29.0,reliable,0.48288125711635227
1131,1,0.2425225673310129,NCT01849874,Peritoneal Cancer,"MEK162, MEK inhibitor; oral",MEK162,Phase 3,1,1,0,0,0,,0.0,0,15.0,reliable,0.2425225673310129
1132,1,0.31029051475779285,NCT01850303,Lung Cancer,Pemetrexed,Maintenance [Pemetrexed],Phase 3,1,1,0,0,0,,0.0,0,22.0,reliable,0.31029051475779285
1133,1,0.5711510550049101,NCT01850303,Lung Cancer,Gemcitabine,Maintenance [Gemcitabine],Phase 3,1,1,0,0,0,,0.0,0,22.0,reliable,0.5711510550049101
1134,1,0.9858415408754047,NCT01852110,Alzheimer's Disease,Mk-7622,MK-7622 High Dose - 45 mg (Stage 1),Phase 2,0,1,0,0,0,,0.0,0,60.0,low_confidence,0.9858415408754047
1135,0,0.26680440850953546,NCT01853072,Non-Proliferative Diabetic Retinopathy; Cataract,"Nepafenac Ophthalmic Suspension, 0.3%",Nepafenac,Phase 3,0,1,0,0,0,,0.0,0,19.0,reliable,0.26680440850953546
1136,0,0.6509576750042889,NCT01853826,Lung Cancer,Afatinib,Afatinib treated-patients,Phase 3,1,0,0,0,0,,0.0,0,22.0,reliable,0.6509576750042889
1139,0,0.6205055422973406,NCT01855256,hyperhidrosis,Oxybutynin,oxybutynin,Phase 3,0,0,0,0,0,,0.0,0,44.0,reliable,0.6205055422973406
1140,1,0.3130104525846887,NCT01855750,Diffuse Large B-Cell Lymphoma,Ibrutinib,Treatment Arm B: ibrutinib + R-CHOP,Phase 3,1,1,0,0,0,,0.0,0,18.0,reliable,0.3130104525846887
1141,0,0.2530203779792031,NCT01855919,Back Pain Lower Back Chronic,Duloxetine,Duloxetine,Phase 3,0,0,0,0,0,,0.0,0,81.0,low_confidence,0.2530203779792031
1142,0,0.2172264655888516,NCT01856478,Head and Neck Neoplasms,Afatinib,Afatinib 40 mg,Phase 3,1,0,0,0,0,,0.0,0,,unscored,0.2172264655888516
1143,0,0.29935345536691293,NCT01856478,Head and Neck Neoplasms,Methotrexate,Methotrexate 40 mg,Phase 3,1,0,0,0,0,,0.0,0,,unscored,0.29935345536691293
1144,0,0.5175320291592826,NCT01856712,Alcohol Dependence,Naltrexone,injectable naltrexone,Phase 3,0,0,0,0,0,,0.0,0,59.0,low_confidence,0.5175320291592826
1145,1,0.2099988103652107,NCT01857063,Seasonal Allergic Rhinitis,Montelukast,Montelukast/Placebo,Phase 3,0,0,0,0,0,,,0,,unscored,0.2099988103652107
1146,1,0.11468781565214022,NCT01857856,Phospholamban R14del Mutation-related Cardiomyopathy,Eplerenone,Eplerenone,Phase 3,0,0,1,0,1,endpoint_surrogate_pass,-1.0,1,22.0,reliable,0.11468781565214022
1148,0,0.41352562224859896,NCT01861535,cervical intraepithelial neoplasia,Imiquimod,Primary Imiquimod,Phase 3,0,0,0,0,0,,0.0,0,15.0,reliable,0.41352562224859896
1149,1,0.10079547128172872,NCT01862224,Rheumatoid Arthritis,JNJ-38518168,JNJ-38518168,Phase 2,0,1,0,0,0,,0.0,0,52.0,low_confidence,0.10079547128172872
1150,0,0.12873962853520327,NCT01862302,Postoperative Confusion,Haloperidol,Haloperidol,Phase 3,0,0,0,0,0,,0.0,0,42.0,reliable,0.12873962853520327
1151,0,0.1424592152587943,NCT01864915,Bowel Cleansing; Colon Capsule Completion Times,Prucalopride,No Booster-low dose prucalopride booster,Phase 3,0,0,0,0,0,,0.0,0,44.0,reliable,0.1424592152587943
1152,1,0.3097934878515784,NCT01865084,"Muscular Dystrophy, Duchenne",Tadalafil,0.3 mg/kg Tadalafil,Phase 3,0,0,0,0,0,,-1.0,1,32.0,reliable,0.5
1153,0,0.10065009556265239,NCT01865110,Mantle Cell Lymphoma,Lenalidomide,Maintenance experimental arm,Phase 3,1,1,0,0,0,,0.0,0,18.0,reliable,0.10065009556265239
1154,1,0.33201914708434016,NCT01866241,postpartum hemorrhage,Misoprostol,Arm A: sublingual misoprostol 600µg,Phase 3,0,0,0,0,0,,0.0,0,22.0,reliable,0.33201914708434016
1155,1,0.5333783304944587,NCT01870609,Malignant Pleural Mesothelioma,defactinib (VS-6063),defactinib (VS-6063),Phase 2,1,0,0,0,0,,0.0,0,15.0,reliable,0.5333783304944587
1156,0,0.13027054301712346,NCT01871558,Type 2 Diabetes Mellitus (T2DM),Vildagliptin,Metformin/vildagliptin + Basal Insulin,Phase 3,0,1,0,0,0,,0.0,0,19.0,reliable,0.13027054301712346
1157,0,0.028633355801628922,NCT01871649,Psoriatic Arthritis,methotrexate,methotrexate,Phase 3,0,0,0,0,0,,0.0,0,52.0,low_confidence,0.028633355801628922
1158,0,0.26680440850953546,NCT01872611,Non-Proliferative Diabetic Retinopathy; Cataract,"Nepafenac Ophthalmic Suspension, 0.3%",Nepafenac,Phase 3,0,1,0,0,0,,0.0,0,19.0,reliable,0.26680440850953546
1159,1,0.4074034630771616,NCT01873079,Bleeding; ERCP,Esomeprazole,Esomeprazole,Phase 3,0,0,0,0,0,,0.0,0,22.0,reliable,0.4074034630771616
1160,1,0.2857822834466067,NCT01877915,Heart Failure; Coronary Artery Disease,Rivaroxaban,Rivaroxaban 2.5 mg,Phase 3,0,0,0,0,0,,0.0,0,22.0,reliable,0.2857822834466067
1161,0,0.38472215104941204,NCT01878292,Major Depressive Disorder,Vilazodone,Vilazodone 15 mg,Phase 3,0,0,0,0,0,,0.0,0,90.0,low_confidence,0.38472215104941204
1163,0,0.5697563999273383,NCT01881568,Blood Loss,Tranexamic Acid,Experimental,Phase 3,0,0,0,0,0,,0.0,0,22.0,reliable,0.5697563999273383
1164,0,0.0323807438424589,NCT01882439,Psoriatic Arthritis,Tofacitinib,Treatment Sequence A,Phase 3,0,0,0,0,0,,0.0,0,52.0,low_confidence,0.0323807438424589
1165,0,0.6069566441744731,NCT01884623,Neck Cancer,Methotrexate,Methotrexate,Phase 3,1,0,0,1,1,oncology_cytotoxic_monotherapy,0.0,0,15.0,reliable,0.15
1166,0,0.21351205767979525,NCT01885078,Rheumatoid Arthritis,Baricitinib,2 mg Baricitinib,Phase 3,0,0,0,0,0,,0.0,0,52.0,low_confidence,0.21351205767979525
1167,0,0.0035197145070463994,NCT01887600,anemia of chronic kidney disease,Roxadustat,Roxadustat,Phase 3,0,0,0,0,0,,0.0,0,29.0,reliable,0.0035197145070463994
1168,0,0.03503500883774362,NCT01888497,Healthy,Gabapentin,Arm A,Phase 3,0,0,0,0,0,,0.0,0,34.0,reliable,0.03503500883774362
1169,0,0.012660471675244483,NCT01888497,Healthy,Diphenhydramine citrate,Arm B,Phase 3,0,0,0,0,0,,0.0,0,34.0,reliable,0.012660471675244483
1170,0,0.02764138185160968,NCT01888497,Healthy,Triazolam,Arm C,Phase 3,0,0,0,0,0,,0.0,0,34.0,reliable,0.02764138185160968
1172,0,0.342986490358799,NCT01889979,Pain During Labour,Tramadol,Tramadol,Phase 3,0,0,0,0,0,,0.0,0,81.0,low_confidence,0.342986490358799
1173,0,0.002480429672229012,NCT01890122,Type 2 Diabetes,Metformin HCl,Metformin HCl 500 mg,Phase 3,0,1,1,0,1,endpoint_surrogate_pass,0.0,0,25.0,reliable,0.002480429672229012
1174,0,0.0030656037144064416,NCT01890122,Type 2 Diabetes,Metformin Fixed-Dose Combination (FDC,Alogliptin 12.5 mg + Metformin HCl 500 mg FDC,Phase 3,0,0,1,0,1,endpoint_surrogate_pass,0.0,0,25.0,reliable,0.0030656037144064416
1175,0,0.2339756610195864,NCT01895777,Venous Thromboembolism,dabigatran etexilate,dabigatran etexilate,Phase 3,0,0,0,0,0,,0.0,0,22.0,reliable,0.2339756610195864
1176,0,0.654724034269889,NCT01895972,Glaucoma; Ocular Hypertension,Latanoprostene bunod,Latanoprostene Bunod,Phase 3,0,0,0,0,0,,,0,,unscored,0.654724034269889
1177,0,0.0037699753305343053,NCT01896232,Secondary Hyperparathyroidism; Chronic Kidney Disease,Cinacalcet,Cinacalcet,Phase 3,0,0,0,0,0,,0.0,0,29.0,reliable,0.0037699753305343053
1178,0,0.02051577788709706,NCT01896232,Secondary Hyperparathyroidism; Chronic Kidney Disease,Etelcalcetide,Etelcalcetide,Phase 3,0,0,0,0,0,,0.0,0,29.0,reliable,0.02051577788709706
1179,0,0.09879153423046373,NCT01897233,cystic fibrosis,Lumacaftor; Ivacaftor,Lumacaftor/Ivacaftor (LUM/IVA),Phase 3,0,1,0,0,0,,0.0,0,38.0,reliable,0.09879153423046373
1180,1,0.4214438835334313,NCT01897519,Cardiothoracic Surgery; Vascular Surgery,Abt-719,Arm 1 lower dose ABT-719,Phase 2,0,0,0,0,0,,0.0,0,42.0,reliable,0.4214438835334313
1181,0,0.5456637605152774,NCT01901003,Perioperative Anxiety,Lorazepam,Lorazepam group,Phase 3,0,0,0,0,0,,0.0,0,78.0,low_confidence,0.5456637605152774
1182,1,0.6676695943215296,NCT01907815,Acute Myeloid Leukemia,Akt Inhibitor GSK2141795; Trametinib,"Treatment (trametinib, Akt inhibitor GSK2141795)",Phase 2,1,1,0,0,0,,0.0,0,24.0,reliable,0.6676695943215296
1183,0,0.317329924225108,NCT01908842,opioid dependence,Buprenorphine,"Buprenorphine; then OL BNX film, then BNX tablets",Phase 3,0,1,0,0,0,,0.0,0,59.0,low_confidence,0.317329924225108
1184,0,0.1681594629517572,NCT01909453,Mutant Melanoma,vemurafenib,Vemurafenib,Phase 3,1,0,0,0,0,,0.0,0,15.0,reliable,0.1681594629517572
1185,0,0.10588481320996616,NCT01909453,Mutant Melanoma,Encorafenib; Binimetinib,LGX818 300 mg + MEK162,Phase 3,1,1,0,0,0,,0.0,0,15.0,reliable,0.10588481320996616
1186,0,0.1168630999292772,NCT01909453,Mutant Melanoma,Encorafenib,LGX818,Phase 3,1,0,0,0,0,,0.0,0,15.0,reliable,0.1168630999292772
1189,1,0.23238182818275196,NCT01911442,Autism,Lurasidone,Lurasidone 20 mg,Phase 3,0,0,0,0,0,,,0,,unscored,0.23238182818275196
1190,0,0.010127837615124875,NCT01911780,Hypertension,amlodipine,telmisartan + HCTZ + amlodipine,Phase 3,0,1,0,0,0,,0.0,0,25.0,reliable,0.010127837615124875
1191,0,0.4065675122809084,NCT01911975,sodium channelopathy-related small fiber neuropathy,Lacosamide,Lacosamide,Phase 3,0,0,0,0,0,,0.0,0,44.0,reliable,0.4065675122809084
1192,0,0.33708144401538165,NCT01912391,Borderline personality disorder,Selegiline,Selegiline,Phase 3,0,0,0,0,0,,0.0,0,65.0,low_confidence,0.33708144401538165
1193,0,0.10550023343293909,NCT01914432,Hyperlipidemia; Hypertension,Rosuvastatin,Rosuvastatin,Phase 3,0,0,1,0,1,endpoint_surrogate_pass,0.0,0,18.0,reliable,0.10550023343293909
1194,0,0.16261643232676373,NCT01914432,Hyperlipidemia; Hypertension,Telmisartan,Telmisartan,Phase 3,0,0,1,0,1,endpoint_surrogate_pass,0.0,0,18.0,reliable,0.15
1195,0,0.2530203779792031,NCT01914666,Back Pain Lower Back Chronic,Duloxetine,Duloxetine,Phase 3,0,0,0,0,0,,0.0,0,81.0,low_confidence,0.2530203779792031
1196,0,0.3086015723173944,NCT01916967,urticaria,Desloratadine,Desloratadine 10 mg,Phase 3,0,0,0,0,0,,0.0,0,52.0,low_confidence,0.3086015723173944
1197,1,0.014579471377623304,NCT01918306,Metastatic Breast Cancer,GDC -0941,1PHIbA Arm A - cisplatin + GDC - 0941,Phase 2,1,1,0,0,0,,,0,15.0,reliable,0.014579471377623304
1198,0,0.4453015825088613,NCT01918852,Colorectal Cancer; Metastases,Capecitabine,Capecitabine,Phase 3,1,1,0,1,1,oncology_cytotoxic_monotherapy,0.0,0,15.0,reliable,0.15
1199,0,0.02466853898586559,NCT01921205,epilepsy,Lacosamide,Lacosamide,Phase 3,0,0,0,0,0,,0.0,0,48.0,reliable,0.02466853898586559
1200,0,0.3647711959603752,NCT01924286,Immune Reconstitution Inflammatory Syndrome; HIV; Tuberculosis,Prednisone,Prednisone,Phase 3,0,0,0,0,0,,0.0,0,18.0,reliable,0.3647711959603752
1201,0,0.4535914026650533,NCT01924533,Advanced Gastric Cancer,Olaparib,Olaparib+ paclitaxel,Phase 3,1,1,0,0,0,,0.0,0,15.0,reliable,0.4535914026650533
1202,0,0.9789147720338056,NCT01926197,Advanced Pancreatic Cancer,Oxaliplatin; Irinotecan; 5FU,Modified FOLFIRINOX plus Stereotactic Body Radiotherapy,Phase 3,1,1,0,0,0,,,0,15.0,reliable,0.9789147720338056
1203,1,0.633436286685342,NCT01928446,"Depressive Disorder; Bipolar Disorder; Suicide; Suicide, Attempted",Lithium,Lithium,Phase 2/3,0,0,0,0,0,,,0,,unscored,0.633436286685342
1204,0,0.06738167245185026,NCT01930188,Type 2 Diabetes,sitagliptin,Sitagliptin 100 mg + semaglutide placebo 1.0 mg,Phase 3,0,0,1,0,1,endpoint_surrogate_pass,0.0,0,25.0,reliable,0.06738167245185026
1205,0,0.06738167245185026,NCT01930188,Type 2 Diabetes,sitagliptin,Sitagliptin 100 mg + semaglutide placebo 0.5 mg,Phase 3,0,0,1,0,1,endpoint_surrogate_pass,0.0,0,25.0,reliable,0.06738167245185026
1206,0,0.009984709479090973,NCT01930591,Acute Myocardial Infarction,Clopidogrel,Clopidogrel arm,Phase 3,0,0,0,0,0,,0.0,0,22.0,reliable,0.009984709479090973
1207,0,0.025950451714095314,NCT01930591,Acute Myocardial Infarction,Ticagrelor,Ticagrelor arm,Phase 3,0,0,0,0,0,,0.0,0,22.0,reliable,0.025950451714095314
1208,0,0.019423087579018988,NCT01931475,Osteoarthritis,Duloxetine,Duloxetine,Phase 3,0,0,0,0,0,,0.0,0,80.0,low_confidence,0.019423087579018988
1209,1,0.9766938303354019,NCT01931566,Alzheimer's Disease,Pioglitazone,High Risk Pioglitazone,Phase 3,0,0,0,0,0,,0.0,0,60.0,low_confidence,0.9766938303354019
1210,0,0.5837335267067003,NCT01931670,Endometriosis,Elagolix,Elagolix 150 mg QD,Phase 3,0,0,0,0,0,,,0,,unscored,0.5837335267067003
1211,0,0.09879153423046373,NCT01931839,cystic fibrosis,Lumacaftor; Ivacaftor,Arm 1 Part A: LUM 600 mg qd/ IVA 250 mg q12h,Phase 3,0,1,0,0,0,,0.0,0,38.0,reliable,0.09879153423046373
1212,0,0.013381811172425265,NCT01937598,Type 2 Diabetes,Liraglutide; Sitagliptin,"Placebo, then Sitagliptin",Phase 3,0,1,1,0,1,endpoint_surrogate_pass,0.0,0,25.0,reliable,0.013381811172425265
1213,0,0.09870735937491633,NCT01938001,Follicular Lymphoma,Lenalidomide,Rituximab and Lenalidomide,Phase 3,1,1,0,0,0,,0.0,0,18.0,reliable,0.09870735937491633
1214,0,0.017094447600364403,NCT01939314,Headache,Bupivacaine,Bupivacaine,Phase 3,0,0,0,0,0,,0.0,0,81.0,low_confidence,0.017094447600364403
1215,0,0.5059469116240577,NCT01939561,Dystrophia Myotonica Type 1; Myotonia Congenita; Paramyotonia Congenita; Hyperkalemic Periodic Paralysis; Potassium-Aggravated Myotonia,Lamotrigine,Lamotrigine,Phase 3,0,0,0,0,0,,0.0,0,29.0,reliable,0.5059469116240577
1216,0,0.309429372677311,NCT01942135,Metastatic Breast Cancer,Palbociclib,Arm A,Phase 3,1,1,0,0,0,,0.0,0,15.0,reliable,0.309429372677311
1218,0,0.24364519040378507,NCT01942733,Major Depressive Disorder,Brexpiprazole,Brexpiprazole,Phase 3,0,0,1,0,1,endpoint_surrogate_pass,0.0,0,90.0,low_confidence,0.15
1219,0,0.24364519040378507,NCT01942785,Major Depressive Disorder,Brexpiprazole,Brexpiprazole,Phase 3,0,0,0,0,0,,0.0,0,90.0,low_confidence,0.24364519040378507
1220,0,0.009925109049225781,NCT01944098,Postoperative Pain,Lidocaine,Lidocaine,Phase 3,0,0,0,0,0,,0.0,0,81.0,low_confidence,0.009925109049225781
1221,1,0.3640103355466756,NCT01944943,B-Cell Lymphoma,Vismodegib,Vismodegib,Phase 2,1,0,0,0,0,,0.0,0,,unscored,0.3640103355466756
1223,0,0.1826986686366582,NCT01945775,Metastatic Breast Cancer,talazoparib,talazoparib,Phase 3,1,0,0,0,0,,0.0,0,15.0,reliable,0.1826986686366582
1224,0,0.0036561365363690737,NCT01946412,cystic fibrosis,Ivacaftor,Ivacaftor,Phase 3,0,0,0,0,0,,0.0,0,38.0,reliable,0.0036561365363690737
1225,0,0.003941113840122669,NCT01946815,Coronary Artery Disease,Atorvastatin,Atorvastatin,Phase 3,0,0,0,0,0,,0.0,0,22.0,reliable,0.003941113840122669
1226,0,0.020043791655948336,NCT01947855,Type 2 Diabetes Mellitus,Empagliflozin,Empagliflozin high dose,Phase 3,0,0,1,0,1,endpoint_surrogate_pass,0.0,0,25.0,reliable,0.020043791655948336
1227,0,0.5614674683832499,NCT01949805,Polycythemia Vera,Hydroxyurea,Hydroxyurea,Phase 3,0,0,0,0,0,,0.0,0,18.0,reliable,0.5614674683832499
1228,0,0.2201908307376849,NCT01951885,Graft-versus-Host Disease,methotrexate,"Group A (tacrolimus, methotrexate)",Phase 3,0,1,0,0,0,,0.0,0,,unscored,0.2201908307376849
1229,0,0.0470556331709451,NCT01951885,Graft-versus-Host Disease,Mycophenolate mofetil; Methotrexate (low dose),"Group B (tacrolimus, methotrexate, mycophenolate mofetil)",Phase 3,0,1,0,0,0,,0.0,0,,unscored,0.0470556331709451
1230,1,0.0042257111000281585,NCT01953744,Cutaneous Leishmaniasis,Fluconazole,Fluconazole,Phase 3,0,0,0,0,0,,0.0,0,20.0,reliable,0.0042257111000281585
1231,0,0.6509576750042889,NCT01953913,Lung Cancer,Afatinib,Afatinib,Phase 3,1,0,0,0,0,,0.0,0,22.0,reliable,0.6509576750042889
1234,0,0.009835947954066861,NCT01954121,Epilepsy; Partial Seizures,Levetiracetam,Levetiracetam,Phase 3,0,0,0,0,0,,0.0,0,44.0,reliable,0.009835947954066861
1235,0,0.003965241621214787,NCT01954121,Epilepsy; Partial Seizures,Carbamazepine,Carbamazepine,Phase 3,0,0,0,0,0,,0.0,0,44.0,reliable,0.003965241621214787
1236,0,0.2662157761511229,NCT01955187,MEMBRANOUS NEPHROPATHY,METHYLPREDNISOLONE; CYCLOPHOSPHAMIDE,Cyclical therapy: Corticosteroids and Cyclophosphamide,Phase 3,0,1,0,0,0,,0.0,0,29.0,reliable,0.2662157761511229
1237,0,0.39575165226001874,NCT01958021,Advanced Breast Cancer,Ribociclib,Ribociclib+ letrozole,Phase 3,1,1,0,0,0,,0.0,0,15.0,reliable,0.39575165226001874
1238,0,0.032484671348515584,NCT01958671,Type 2 Diabetes Mellitus,Ertugliflozin,Ertugliflozin 15 mg/Ertugliflozin 15 mg,Phase 3,0,1,0,0,0,,,0,25.0,reliable,0.032484671348515584
1239,0,0.47850810074765115,NCT01959074,ureteral stent-related symptoms,Naftopidil,Naftopidil,Phase 3,0,1,0,0,0,,0.0,0,44.0,reliable,0.47850810074765115
1241,0,0.005652702628016639,NCT01961856,Platelet Reactivity,Clopidogrel,Clopidogrel and Ticagrelor,Phase 3,0,1,1,0,1,endpoint_surrogate_pass,0.0,0,44.0,reliable,0.005652702628016639
1242,1,0.6396949259772902,NCT01963208,drug-resistant focal epilepsy,ganaxolone,Double Blind - Cohort 1 - Ganaxolone,Phase 3,0,0,0,0,0,,0.0,0,44.0,reliable,0.6396949259772902
1243,0,0.3320950090038722,NCT01964430,Patients With Resected Pancreatic Cancer,nab-Paclitaxel,nab-Paclitaxel 125 mg/m^2 plus gemcitabine 1000 mg/m2,Phase 3,1,1,0,1,1,oncology_cytotoxic_monotherapy,0.0,0,15.0,reliable,0.15
1244,0,0.02466853898586559,NCT01964560,epilepsy,Lacosamide,Lacosamide,Phase 3,0,0,0,0,0,,0.0,0,48.0,reliable,0.02466853898586559
1247,0,0.43408655927777523,NCT01968213,Ovarian Cancer,Rucaparib,Rucaparib,Phase 3,1,0,0,0,0,,0.0,0,22.0,reliable,0.43408655927777523
1248,0,0.16606434760315933,NCT01969721,COPD,olodaterol; tiotropium,T+O FDC dosage 1,Phase 3,0,1,0,0,0,,1.0,0,50.0,low_confidence,0.16606434760315933
1249,0,0.13944870456406644,NCT01969721,COPD,fluticasone propionate; salmeterol,ICS/LABA FDC Dosage 1,Phase 3,0,1,0,0,0,,1.0,0,50.0,low_confidence,0.13944870456406644
1250,0,0.13944870456406644,NCT01969721,COPD,fluticasone propionate; salmeterol,ICS/LABA FDC Dosage 2,Phase 3,0,1,0,0,0,,1.0,0,50.0,low_confidence,0.13944870456406644
1251,0,0.10979911727506506,NCT01969838,Primary Myelofibrosis; Post-Polycythemia Vera Myelofibrosis; Post-Essential Thrombocythemia Myelofibrosis,Momelotinib,Momelotinib,Phase 3,0,0,0,0,0,,0.0,0,18.0,reliable,0.10979911727506506
1252,0,0.06506253783345173,NCT01969838,Primary Myelofibrosis; Post-Polycythemia Vera Myelofibrosis; Post-Essential Thrombocythemia Myelofibrosis,Ruxolitinib,Ruxolitinib,Phase 3,0,0,0,0,0,,0.0,0,18.0,reliable,0.06506253783345173
1254,0,0.05061963300912449,NCT01971645,Knee Injury,Dexamethasone,Group D,Phase 3,0,1,0,0,0,,0.0,0,44.0,reliable,0.05061963300912449
1255,0,0.5911976806214734,NCT01972841,Urinary Bladder Overactive; Urinary Bladder Diseases\Urologic Diseases; Overactive Bladder; Urgency Incontinence,Mirabegron,1: Solifenacin 5 mg + Mirabegron 25 mg,Phase 3,0,1,0,0,0,,0.0,0,54.0,low_confidence,0.5911976806214734
1256,0,0.008995539501143086,NCT01973387,Chronic Lymphocytic Leukemia,Ibrutinib,Treatment Arm B,Phase 3,1,0,0,0,0,,0.0,0,24.0,reliable,0.008995539501143086
1257,1,0.021425244930852926,NCT01973998,Chronic Obstructive Pulmonary Disease,Roflumilast,Roflumilast,Phase 3,0,0,0,0,0,,0.0,0,50.0,low_confidence,0.021425244930852926
1258,0,0.32958605843513833,NCT01974024,Dexamethasone-induced Hiccup in Chemotherapy,methylprednisolone,Methylprednisolone,Phase 3,0,0,0,0,0,,0.0,0,44.0,reliable,0.32958605843513833
1259,0,0.006339402426796312,NCT01974440,Hodgkin Lymphoma,PCI-32765 (Ibrutinib),Treatment Arm B,Phase 3,1,1,0,0,0,,,0,18.0,reliable,0.006339402426796312
1260,0,0.002571187068890577,NCT01975246,Hypertension,hydrochlorothiazide,Telmisartan+amlodipine+HCTZ,Phase 3,0,1,0,0,0,,0.0,0,25.0,reliable,0.002571187068890577
1261,1,0.07640153094947538,NCT01975727,Postoperative Nausea and Vomiting; Vomiting,Dexamethasone,Dexamethasone 12 mg,Phase 2,0,0,0,0,0,,0.0,0,75.0,low_confidence,0.07640153094947538
1262,0,0.033634890545259304,NCT01976364,Psoriatic Arthritis,Tofacitinib,Tofacitinib,Phase 3,0,1,0,0,0,,0.0,0,52.0,low_confidence,0.033634890545259304
1263,0,0.45817760088285747,NCT01976416,Sickle Cell Anemia; Sickle Cell Disease; Malaria,Hydroxyurea,Hydroxyurea,Phase 3,0,0,0,0,0,,0.0,0,20.0,reliable,0.45817760088285747
1264,0,0.00970185301906749,NCT01979952,Idiopathic Pulmonary Fibrosis,Nintedanib,Nintedanib,Phase 3,0,0,0,0,0,,0.0,0,40.0,reliable,0.00970185301906749
1265,1,0.0027186524357495937,NCT01980199,Visceral Leishmaniasis,Fexinidazole,Fexinidazole,Phase 2,0,0,0,0,0,,0.0,0,20.0,reliable,0.0027186524357495937
1266,0,0.6255758075032412,NCT01982240,chronic idiopathic constipation,Plecanatide,Plecanatide 3.0 mg,Phase 3,0,0,0,0,0,,0.0,0,75.0,low_confidence,0.6255758075032412
1267,0,0.028327314000061093,NCT01983020,Postoperative Pain,Ketamine,Ketamine,Phase 3,0,0,0,0,0,,0.0,0,81.0,low_confidence,0.028327314000061093
1268,0,0.009925109049225781,NCT01983020,Postoperative Pain,Lidocaine,Lidocaine,Phase 3,0,0,0,0,0,,0.0,0,81.0,low_confidence,0.009925109049225781
1269,0,0.010914364920452549,NCT01983020,Postoperative Pain,Lidocaine; Ketamine,Ketamine and Lidocaine,Phase 3,0,1,0,0,0,,0.0,0,81.0,low_confidence,0.010914364920452549
1270,0,0.5132946751144793,NCT01984099,Hydatidiform Mole,Methotrexate,Chemoprohylaxis Group,Phase 3,0,0,0,0,0,,0.0,0,44.0,reliable,0.5132946751144793
1271,0,0.009944530408207081,NCT01984424,Hyperlipidemia,Ezetimibe,Part B: Ezetimibe,Phase 3,0,0,0,0,0,,,0,22.0,reliable,0.009944530408207081
1273,0,0.1608107943301576,NCT01986361,acute pharyngitis,flurbiprofen,flurbiprofen 8.75 mg lozenge,Phase 3,0,0,0,0,0,,0.0,0,81.0,low_confidence,0.1608107943301576
1274,0,0.0777487145392417,NCT01986881,Type 2 Diabetes Mellitus,Ertugliflozin,"Ertugliflozin, 15 mg",Phase 3,0,1,0,0,0,,0.0,0,25.0,reliable,0.0777487145392417
1275,0,0.006042467599399399,NCT01987570,ankle sprain,Allopurinol,Allopurinol,Phase 3,0,0,0,0,0,,0.0,0,81.0,low_confidence,0.006042467599399399
1276,0,0.7155903997068941,NCT01993823,otomycosis,Clotrimazole,Clotrimazole,Phase 3,0,0,0,0,0,,0.0,0,44.0,reliable,0.7155903997068941
1277,1,0.007377682834855989,NCT01993875,chronic idiopathic constipation,Lubiprostone,Lubiprostone,Phase 3,0,0,0,0,0,,0.0,0,75.0,low_confidence,0.007377682834855989
1278,1,0.16726042750287307,NCT01994720,Acute Ischaemic Stroke; Transient Ischaemic Attack,ticagrelor,ticagrelor,Phase 3,0,0,0,0,0,,0.0,0,22.0,reliable,0.16726042750287307
1279,0,0.5599781149994475,NCT01994720,Acute Ischaemic Stroke; Transient Ischaemic Attack,Acetylsalicylic acid (ASA),Acetylsalicylic acid (ASA),Phase 3,0,0,0,0,0,,0.0,0,22.0,reliable,0.5599781149994475
1280,0,0.4348315623981486,NCT01994889,transthyretin amyloid cardiomyopathy,Tafamidis,Tafamidis - 20 mg,Phase 3,0,0,0,0,0,,0.0,0,22.0,reliable,0.4348315623981486
1282,0,0.3104123955773307,NCT01996306,Colorectal Neoplasms; Neoplasm Metastasis; Intestinal Neoplasms; Gastrointestinal Neoplasms; Digestive System Neoplasms,Capecitabine,XELIRI +/- Bevacizumab,Phase 3,1,1,0,1,1,oncology_cytotoxic_monotherapy,0.0,0,15.0,reliable,0.15
1283,0,0.032484671348515584,NCT01999218,Type 2 Diabetes Mellitus,Ertugliflozin,Ertugliflozin 15 mg,Phase 3,0,1,0,0,0,,,0,25.0,reliable,0.032484671348515584
1284,0,0.23020316757893938,NCT02000336,Rheumatoid Arthritis,Prednisolone,Prednisolone 10,Phase 3,0,0,0,0,0,,0.0,0,52.0,low_confidence,0.23020316757893938
1285,0,0.43467693214021763,NCT02003924,Prostate Cancer,Enzalutamide,Enzalutamide,Phase 3,1,0,0,0,0,,0.0,0,22.0,reliable,0.43467693214021763
1286,0,0.01613846037931268,NCT02004522,Chronic Lymphocytic Leukemia; Small Lymphocytic Lymphoma,Duvelisib,Duvelisib,Phase 3,1,0,0,0,0,,0.0,0,18.0,reliable,0.01613846037931268
1287,0,0.5221927367084469,NCT02004899,"Anesthetic, Sedative or Analgesic Complications in Labor or Delivery",Fentanyl,F100,Phase 3,0,0,0,0,0,,0.0,0,81.0,low_confidence,0.5221927367084469
1288,0,0.011458796710405492,NCT02005471,Chronic Lymphocytic Leukemia,Bendamustine,Bendamustine + Rituximab,Phase 3,1,1,0,0,0,,0.0,0,24.0,reliable,0.011458796710405492
1289,0,0.02330288965023523,NCT02005471,Chronic Lymphocytic Leukemia,Venetoclax,Bendamustine + Rituximab Crossover Substudy,Phase 3,1,1,0,0,0,,0.0,0,24.0,reliable,0.02330288965023523
1291,0,0.5967259129013297,NCT02007434,Moderate or Severe Submental Fullness,Deoxycholic Acid Injection,Paradigm 1 / Deoxycholic Acid Injection,Phase 3,0,0,0,0,0,,,0,,unscored,0.5967259129013297
1293,1,0.6857116916158449,NCT02008565,fecal incontinence,Loperamide,Loperamide - Education Only,Phase 3,0,0,0,0,0,,0.0,0,54.0,low_confidence,0.6857116916158449
1294,0,0.3703426806398723,NCT02011958,visceral Leishmaniasis,Miltefosine,Liposomal Amphotericin B / Miltefosine,Phase 3,0,1,0,0,0,,0.0,0,20.0,reliable,0.3703426806398723
1295,0,0.24623516622100908,NCT02012218,Major Depressive Disorder,Brexpiprazole,ADT and Brexpiprazole,Phase 3,0,1,1,0,1,endpoint_surrogate_pass,0.0,0,90.0,low_confidence,0.15
1296,0,0.24364519040378507,NCT02013531,Major Depressive Disorder,Brexpiprazole,Brexpiprazole,Phase 3,0,0,1,0,1,endpoint_surrogate_pass,0.0,0,90.0,low_confidence,0.15
1297,0,0.24364519040378507,NCT02013609,Major Depressive Disorder,Brexpiprazole,Brexpiprazole,Phase 3,0,0,1,0,1,endpoint_surrogate_pass,0.0,0,90.0,low_confidence,0.15
1298,0,0.08639792510684692,NCT02013622,schizophrenia,Brexpiprazole,Brexpiprazole,Phase 3,0,0,0,0,0,,0.0,0,70.0,low_confidence,0.08639792510684692
1299,0,0.18878996385864022,NCT02013648,Acute Myeloid Leukemia (AML),Dasatinib,Investigational arm,Phase 3,1,1,0,0,0,,,0,,unscored,0.18878996385864022
1300,0,0.2837297290338488,NCT02014584,alopecia,Dutasteride,Dutasteride Arm,Phase 3,0,0,0,0,0,,0.0,0,52.0,low_confidence,0.2837297290338488
1301,0,0.09819329332674946,NCT02015299,Diabetes,Linagliptin,Linagliptin,Phase 3,0,0,0,0,0,,0.0,0,25.0,reliable,0.09819329332674946
1302,0,0.42984102187633644,NCT02015546,major depressive disorder,Vilazodone,Vilazodone 10mg,Phase 3,0,0,1,0,1,endpoint_surrogate_pass,0.0,0,90.0,low_confidence,0.15
1303,1,0.07186254896150718,NCT02017171,Type 1 Diabetes,Allopurinol,Allopurinol,Phase 3,0,0,0,0,0,,0.0,0,25.0,reliable,0.07186254896150718
1306,0,0.16228377772408398,NCT02021240,Post-operative Pain,Ketamine,Ketamine,Phase 3,0,0,0,0,0,,0.0,0,81.0,low_confidence,0.16228377772408398
1307,0,0.04899351987024873,NCT02021240,Post-operative Pain,Dexamethasone,Dexamethasone,Phase 3,0,0,0,0,0,,0.0,0,81.0,low_confidence,0.04899351987024873
1308,0,0.0035197145070463994,NCT02021318,anemia of chronic kidney disease,Roxadustat,Roxadustat,Phase 3,0,0,0,0,0,,0.0,0,29.0,reliable,0.0035197145070463994
1310,0,0.2195665336731901,NCT02023164,Acute Urticaria,Diphenhydramine,Control,Phase 3,0,0,0,0,0,,0.0,0,52.0,low_confidence,0.2195665336731901
1312,0,0.309429372677311,NCT02028507,Metastatic Breast Cancer,Palbociclib; Exemestane,Cohort 1: Palbociclib plus Exemestane,Phase 3,1,1,0,0,0,,,0,15.0,reliable,0.309429372677311
1313,0,0.17617823428362328,NCT02028507,Metastatic Breast Cancer,Capecitabine,Cohort 1:Capecitabine,Phase 3,1,0,0,0,0,,,0,15.0,reliable,0.17617823428362328
1314,0,0.35783975801889345,NCT02028507,Metastatic Breast Cancer,Palbociclib; Fulvestrant,Cohort 2: Palbociclib plus Fulvestrant,Phase 3,1,1,0,0,0,,,0,15.0,reliable,0.35783975801889345
1315,0,0.17617823428362328,NCT02028507,Metastatic Breast Cancer,Capecitabine,Cohort 2:Capecitabine,Phase 3,1,0,0,0,0,,,0,15.0,reliable,0.17617823428362328
1316,1,0.19484833108748545,NCT02029274,Active Dermatomyositis,Siponimod,BAF312 0.5mg,Phase 2,0,0,0,0,0,,0.0,0,44.0,reliable,0.19484833108748545
1317,1,0.01959708553126,NCT02031640,asthma,Beclomethasone dipropionate,BDP 320 mcg BAI,Phase 3,0,1,1,0,1,endpoint_surrogate_pass,1.0,0,50.0,low_confidence,0.01959708553126
1318,0,0.060519641219534924,NCT02032277,Breast Cancer,Veliparib,Arm A,Phase 3,1,1,0,1,1,oncology_cytotoxic_monotherapy,0.0,0,22.0,reliable,0.060519641219534924
1322,0,0.032484671348515584,NCT02033889,Type 2 Diabetes Mellitus,Ertugliflozin,Ertugliflozin 15 mg,Phase 3,0,1,1,0,1,endpoint_surrogate_pass,0.0,0,25.0,reliable,0.032484671348515584
1323,0,0.05061963300912449,NCT02034019,Treatment of Ocular Inflammation and Pain,Dexamethasone,OTX-DP (Dexamethasone Punctum Plug),Phase 3,0,1,0,0,0,,0.0,0,81.0,low_confidence,0.05061963300912449
1324,0,0.3690641160601362,NCT02034162,helminth infection,Mebendazole,Mebendazole,Phase 3,0,0,0,0,0,,0.0,0,20.0,reliable,0.3690641160601362
1325,0,0.6075470879487667,NCT02034916,Breast Neoplasms; BRCA 1 Gene Mutation; BRCA 2 Gene Mutation,talazoparib,talazoparib,Phase 2,1,0,0,0,0,,0.0,0,15.0,reliable,0.6075470879487667
1326,0,0.5967259129013297,NCT02035267,submental fat,Deoxycholic Acid,ATX-101 deoxycholic acid injection - Grade 1,Phase 3,0,0,0,0,0,,0.0,0,44.0,reliable,0.5967259129013297
1327,0,0.028105474323120494,NCT02036515,Type 2 Diabetes Mellitus,Ertugliflozin,Ertugliflozin 15 mg,Phase 3,0,1,0,0,0,,,0,25.0,reliable,0.028105474323120494
1328,0,0.015102754598799405,NCT02038036,Polycythemia Vera,Ruxolitinib,Ruxolitinib,Phase 3,0,0,0,0,0,,0.0,0,18.0,reliable,0.015102754598799405
1329,0,0.19415231066528063,NCT02040376,Radiation-Induced Brain Injury,Metformin,Group A (Crossover Group 1),Phase 3,0,0,0,0,0,,0.0,0,,unscored,0.19415231066528063
1330,1,0.8754671663454024,NCT02042183,functional constipation,Lubiprostone,Lubiprostone,Phase 3,0,0,0,0,0,,0.0,0,75.0,low_confidence,0.8754671663454024
1331,0,0.1645779539206508,NCT02043054,Type 2 DIAbetes,Liraglutide,Liraglutide,Phase 3,0,0,0,0,0,,0.0,0,25.0,reliable,0.1645779539206508
1332,0,0.1966590856225227,NCT02043054,Type 2 DIAbetes,Sitagliptin,Sitagliptin,Phase 3,0,0,0,0,0,,0.0,0,25.0,reliable,0.1966590856225227
1333,0,0.6509576750042889,NCT02044380,Lung Cancer,Afatinib,Afatinib,Phase 3,1,0,0,0,0,,0.0,0,22.0,reliable,0.6509576750042889
1334,0,0.27230666981082996,NCT02045290,Type 1 Diabetes,Metformin,Metformin,Phase 3,0,0,1,0,1,endpoint_surrogate_pass,0.0,0,25.0,reliable,0.15
1335,0,0.26890319870809887,NCT02045862,Urinary Bladder Overactive; Overactive Bladder; Urgency Incontinence; Urinary Bladder Diseases\Urologic Diseases,Solifenacin succinate,Solifenacin 5 mg + Mirabegron 50 mg,Phase 3,0,1,0,0,0,,0.0,0,54.0,low_confidence,0.26890319870809887
1336,0,0.23238182818275196,NCT02046369,Bipolar I Depression,Lurasidone,Luradisone,Phase 3,0,0,0,0,0,,,0,,unscored,0.23238182818275196
1337,0,0.019386900070917524,NCT02047734,Multiple Sclerosis,Ozanimod,Ozanimod 0.5 mg,Phase 3,0,0,0,0,0,,0.0,0,50.0,low_confidence,0.019386900070917524
1338,0,0.0035197145070463994,NCT02052310,anemia of chronic kidney disease,Roxadustat,Roxadustat,Phase 3,0,0,0,0,0,,0.0,0,29.0,reliable,0.0035197145070463994
1339,0,0.08639792510684692,NCT02054702,schizophrenia,Brexpiprazole,Brexpiprazole,Phase 3,0,0,0,0,0,,0.0,0,70.0,low_confidence,0.08639792510684692
1340,0,0.3569336271854901,NCT02054702,schizophrenia,Aripiprazole,Aripiprazole,Phase 3,0,0,0,0,0,,0.0,0,70.0,low_confidence,0.3569336271854901
1342,1,0.6917515996679712,NCT02057666,"Prostatic Neoplasms, Castration-Resistant",Tasquinimod,Tasquinimod,Phase 3,1,0,0,0,0,,,0,,unscored,0.6917515996679712
1344,0,0.013414295427730927,NCT02058485,Hypertension,Dexmedetomidine,Group HD,Phase 3,0,0,0,0,0,,0.0,0,25.0,reliable,0.013414295427730927
1345,0,0.0029488069544482505,NCT02058485,Hypertension,Midazolam,Group HM,Phase 3,0,0,0,0,0,,0.0,0,25.0,reliable,0.0029488069544482505
1346,0,0.012814645420023469,NCT02059499,Anal Intraepithelial Neoplasia; High-grade Squamous Intraepithelial Lesion; HIV Infection,imiquimod,Arm A (imiquimod),Phase 3,0,0,0,0,0,,0.0,0,15.0,reliable,0.012814645420023469
1347,0,0.013027797866603344,NCT02059499,Anal Intraepithelial Neoplasia; High-grade Squamous Intraepithelial Lesion; HIV Infection,fluorouracil,Arm B (fluorouracil),Phase 3,0,0,0,0,0,,0.0,0,15.0,reliable,0.013027797866603344
1348,0,0.33201914708434016,NCT02061657,uterine fibroids,Misoprostol,"Myomectomy, rectal Misoprostol",Phase 3,0,0,0,0,0,,0.0,0,44.0,reliable,0.33201914708434016
1350,0,0.28007568955945866,NCT02062879,Acute Pain; Multiple Trauma; Fractures,Hydromorphone,Hydromorphone,Phase 3,0,0,0,0,0,,,0,,unscored,0.28007568955945866
1351,0,0.13331319717861417,NCT02065219,Chronic pain,Bupivacaine,Bupivacaine,Phase 3,0,0,0,0,0,,0.0,0,81.0,low_confidence,0.13331319717861417
1352,0,0.13331319717861417,NCT02065804,Chronic pain,Bupivacaine,Active drug,Phase 3,0,0,0,0,0,,0.0,0,81.0,low_confidence,0.13331319717861417
1355,0,0.11805437499869978,NCT02066454,Venous Thromboembolism,Apixaban,Apixaban,Phase 3,0,0,0,0,0,,0.0,0,22.0,reliable,0.11805437499869978
1356,0,0.00798349371450996,NCT02068443,Type 2 Diabetes Mellitus,Metformin hydrochloride,Alogliptin + Metformin Hydrochloride QD,Phase 3,0,1,1,0,1,endpoint_surrogate_pass,0.0,0,25.0,reliable,0.00798349371450996
1357,0,0.29105963387041445,NCT02068846,HIV; Salivary Gland Disease; Benign Lymphoepithelial Lesion,Ciprofloxacin,Ciprofloxacin,Phase 3,0,0,0,0,0,,0.0,0,18.0,reliable,0.29105963387041445
1358,0,0.2555441363597547,NCT02069990,vitamin D deficiency,Cholecalciferol,30000IU cholecalcipherol once a month,Phase 3,0,0,0,0,0,,0.0,0,29.0,reliable,0.2555441363597547
1361,0,0.007513009148367658,NCT02072434,Atrial Fibrillation,Edoxaban,Edoxaban,Phase 3,0,0,0,0,0,,0.0,0,22.0,reliable,0.007513009148367658
1362,0,0.0024675723958331166,NCT02072434,Atrial Fibrillation,Warfarin,Warfarin,Phase 3,0,1,0,0,0,,0.0,0,22.0,reliable,0.0024675723958331166
1363,0,0.22099472505621032,NCT02073682,Venous Thromboembolism (VTE); Deep Vein Thrombosis (DVT); Pulmonary Embolism (PE); Cancer,Edoxaban,Edoxaban group,Phase 3,1,1,0,0,0,,0.0,0,15.0,reliable,0.22099472505621032
1364,1,0.07640153094947538,NCT02073734,Pelvic Organ Prolapse; PONV,Dexamethasone,Dexamethasone,Phase 3,0,0,0,0,0,,0.0,0,44.0,reliable,0.07640153094947538
1365,0,0.49353348685052956,NCT02073773,Ischaemic Stroke,Levodopa,"Virtual Reality based therapy, levodopa",Phase 3,0,0,0,0,0,,0.0,0,22.0,reliable,0.49353348685052956
1366,1,0.4387880546044558,NCT02074007,Acute Otitis Media,AR01,AR01 - Topical Otic Solution,Phase 3,0,0,0,0,0,,,0,,unscored,0.4387880546044558
1368,0,0.20556871604264315,NCT02075840,Non-Small Cell Lung Cancer,Alectinib,Alectinib,Phase 3,1,0,0,0,0,,0.0,0,15.0,reliable,0.20556871604264315
1369,0,0.4095231834375177,NCT02075840,Non-Small Cell Lung Cancer,Crizotinib,Crizotinib,Phase 3,1,0,0,0,0,,0.0,0,15.0,reliable,0.4095231834375177
1370,0,0.1964230756107048,NCT02076399,immune thrombocytopenia,Fostamatinib disodium,Fostamatinib Disodium,Phase 3,0,0,1,0,1,endpoint_surrogate_pass,0.0,0,29.0,reliable,0.15
1371,1,0.1964230756107048,NCT02076412,immune thrombocytopenia,Fostamatinib Disodium,Fostamatinib Disodium,Phase 3,0,0,1,0,1,endpoint_surrogate_pass,0.0,0,29.0,reliable,0.15
1372,0,0.1964230756107048,NCT02077192,immune thrombocytopenia,Fostamatinib Disodium,Fostamatinib Disodium,Phase 3,0,0,1,0,1,endpoint_surrogate_pass,0.0,0,29.0,reliable,0.15
1373,0,0.19886365027517552,NCT02078063,Insertion of Intrauterine Contraception,Mepivacaine,Mepivacaine,Phase 3,0,0,0,0,0,,0.0,0,44.0,reliable,0.19886365027517552
1374,0,0.1317777973882871,NCT02079727,Knee Osteoarthritis,chondroitin sulfate,Condrosulf (Chondroitin 4&6 sulfate),Phase 3,0,0,0,0,0,,0.0,0,81.0,low_confidence,0.1317777973882871
1375,0,0.07950829037235686,NCT02079727,Knee Osteoarthritis,celecoxib,Celebrex 200 mg capsule,Phase 3,0,0,0,0,0,,0.0,0,81.0,low_confidence,0.07950829037235686
1376,1,0.9949123411221956,NCT02080364,Alzheimer's Disease,Azeliragon,Azeliragon 5mg,Phase 3,0,0,0,0,0,,0.0,0,60.0,low_confidence,0.9949123411221956
1377,0,0.019353243874912694,NCT02082769,gout,Febuxostat,Febuxostat 40 mg QD,Phase 3,0,0,0,0,0,,0.0,0,44.0,reliable,0.019353243874912694
1378,0,0.013609683513357807,NCT02082769,gout,Allopurinol,Allopurinol 100mg QD,Phase 3,0,0,0,0,0,,0.0,0,44.0,reliable,0.013609683513357807
1379,0,0.24784568878071317,NCT02084069,Heart Valve Diseases,Atorvastatin,Treatment,Phase 3,0,0,0,0,0,,0.0,0,44.0,reliable,0.24784568878071317
1380,0,0.24758317080014347,NCT02084420,Peptic Ulcer,Ilaprazole,Ilaprazole or Pantoprazole placebo,Phase 3,0,0,0,0,0,,0.0,0,44.0,reliable,0.24758317080014347
1381,0,0.2566675492522346,NCT02084420,Peptic Ulcer,Pantoprazole,Ilaprazole placebo or Pantoprazole,Phase 3,0,0,0,0,0,,0.0,0,44.0,reliable,0.2566675492522346
1382,0,0.01600393871773149,NCT02085161,chronic obstructive pulmonary disease,tiotropium +olodaterol,tiotropium + olodaterol high dose with BM,Phase 3,0,0,0,0,0,,0.0,0,50.0,low_confidence,0.01600393871773149
1383,0,0.01600393871773149,NCT02085161,chronic obstructive pulmonary disease,tiotropium,tiotropium,Phase 3,0,0,0,0,0,,0.0,0,50.0,low_confidence,0.01600393871773149
1384,0,0.6570053330755472,NCT02085408,Acute Myeloid Leukemia,Daunorubicin; Cytarabine,A (Induction:daunorubicin/cytarabine; consolidation:cytarabine; maintenance:observation/transplant),Phase 3,1,1,0,0,0,,0.0,0,24.0,reliable,0.6570053330755472
1385,0,0.8804104456432805,NCT02085408,Acute Myeloid Leukemia,Clofarabine; Decitabine,B (Induction: clofarabine; Consolidation: clofarabine; Maintenance: decitabine or transplant),Phase 3,1,1,0,0,0,,0.0,0,24.0,reliable,0.8804104456432805
1386,0,0.5697563999273383,NCT02086500,Traumatic Hemorrhage,Tranexamic Acid,Prehospital Tranexamic Acid,Phase 3,0,0,0,0,0,,0.0,0,22.0,reliable,0.5697563999273383
1387,0,0.8386355614804542,NCT02086929,Major Depression,Trazodone,Trazodone,Phase 3,0,0,0,0,0,,0.0,0,90.0,low_confidence,0.8386355614804542
1388,0,0.8835694860144659,NCT02086929,Major Depression,Venlafaxine,Venlafaxine XR,Phase 3,0,0,0,0,0,,0.0,0,90.0,low_confidence,0.8835694860144659
1389,0,0.010579323778181608,NCT02087007,vasospastic angina,Cilostazol,group 1,Phase 3,0,0,0,0,0,,0.0,0,22.0,reliable,0.010579323778181608
1390,0,0.246754699051708,NCT02087059,Primary Myelofibrosis (MF),Ruxolitinib,Ruxolitinib,Phase 3,0,0,0,0,0,,0.0,0,18.0,reliable,0.246754699051708
1391,0,0.07640153094947538,NCT02089113,Post-Surgical Ocular Pain; Post-Surgical Ocular Inflammation,Dexamethasone,OTX-DP,Phase 3,0,0,0,0,0,,0.0,0,81.0,low_confidence,0.07640153094947538
1392,0,0.1687338231811589,NCT02090764,impetigo,Ozenoxacin,Ozenoxacin,Phase 3,0,0,0,0,0,,0.0,0,44.0,reliable,0.1687338231811589
1393,1,0.8240009688658889,NCT02093962,Lung Cancer,TH-302 combination with pemetrexed,TH-302 and pemetrexed,Phase 2,1,0,0,0,0,,,0,22.0,reliable,0.8240009688658889
1394,1,0.19718559112051146,NCT02095717,Prostate Cancer,Curcumin,Curcumin,Phase 2,1,1,0,0,0,,0.0,0,22.0,reliable,0.19718559112051146
1395,0,0.31940994661796884,NCT02095990,melasma,Hydroquinone,Hydroquinone,Phase 3,0,0,0,0,0,,0.0,0,44.0,reliable,0.31940994661796884
1396,0,0.3612055588833575,NCT02096705,Diabetes,Dapagliflozin,Group 1: Dapagliflozin,Phase 3,0,0,1,0,1,endpoint_surrogate_pass,0.0,0,25.0,reliable,0.15
1397,0,0.1150539162246311,NCT02099747,severe aplastic anemia,Eltrombopag,hATG + CsA + Eltrombopag,Phase 3,0,1,0,0,0,,0.0,0,29.0,reliable,0.1150539162246311
1398,1,0.3836873015968075,NCT02100007,Solid Tumors,Me-344; Topotecan,ME-344,Phase 2,1,1,0,0,0,,0.0,0,15.0,reliable,0.3836873015968075
1399,1,0.451915287349456,NCT02101268,primary myelofibrosis,Momelotinib,Arm 1: Momelotinib,Phase 3,0,0,0,0,0,,0.0,0,18.0,reliable,0.451915287349456
1401,0,0.20415617671124214,NCT02105974,Chronic Obstructive Pulmonary Disease,Fluticasone Furoate,Fluticasone Furoate/Vilanterol 100/25 Inhalation Powder,Phase 3,0,1,0,0,0,,1.0,0,50.0,low_confidence,0.20415617671124214
1402,0,0.444165487888298,NCT02106494,Chemotherapy-induced Nausea and Vomiting,Granisetron,APF530 500 mg SC,Phase 3,0,1,0,0,0,,,0,75.0,low_confidence,0.444165487888298
1403,0,0.2051760046017909,NCT02106494,Chemotherapy-induced Nausea and Vomiting,Ondansetron,ondansetron 0.15 mg/kg IV,Phase 3,0,1,0,0,0,,,0,75.0,low_confidence,0.2051760046017909
1404,0,0.2069688227210557,NCT02106546,Lung Cancer,Veliparib,Veliparib + Carboplatin + Paclitaxel,Phase 3,1,1,0,1,1,oncology_cytotoxic_monotherapy,0.0,0,22.0,reliable,0.15
1405,1,0.46087367789895567,NCT02107859,Cystic Fibrosis,Ataluren,Ataluren,Phase 3,0,0,0,0,0,,0.0,0,38.0,reliable,0.46087367789895567
1407,0,0.7703704759389594,NCT02112487,Pulmonary Arterial Hypertension,Macitentan,Macitentan,Phase 3,0,0,0,0,0,,0.0,0,45.0,reliable,0.7703704759389594
1408,0,0.3351180038037497,NCT02112578,Vertigo,Meclizine,Meclizine,Phase 3,0,0,0,0,0,,0.0,0,81.0,low_confidence,0.3351180038037497
1411,0,0.02801519345770805,NCT02116530,Chemotherapy-Induced Nausea and Vomiting,Olanzapine,Olanzapine + Chemotherapy + Antiemetic treatment,Phase 3,0,1,0,0,0,,0.0,0,75.0,low_confidence,0.02801519345770805
1412,1,0.012914850970609779,NCT02119663,Pancreatic Cancer,Ruxolitinib,Ruxolitinib plus capecitabine,Phase 3,1,1,0,0,0,,0.0,0,22.0,reliable,0.012914850970609779
1413,1,0.5691966264714705,NCT02120027,Irritable Bowel Syndrome With Diarrhea,Ibodutant,Ibodutant 10 mg,Phase 3,0,0,0,0,0,,,0,,unscored,0.5691966264714705
1414,0,0.017462237766905708,NCT02120898,actinic keratosis,Imiquimod,Generic Imiquimod Cream 2.5%,Phase 3,0,0,0,0,0,,0.0,0,52.0,low_confidence,0.017462237766905708
1415,0,0.018241628219679125,NCT02120898,actinic keratosis,Zyclara®,Zyclara® (Imiquimod) Cream 2.5%,Phase 3,0,0,0,0,0,,0.0,0,52.0,low_confidence,0.018241628219679125
1416,0,0.07640153094947538,NCT02121262,Macular Edema,Dexamethasone,Dexamethasone,Phase 3,0,0,0,0,0,,0.0,0,49.0,low_confidence,0.07640153094947538
1417,0,0.2857822834466067,NCT02123524,Symptomatic Superficial Vein Thrombosis,Rivaroxaban,Rivaroxaban,Phase 3,0,0,0,0,0,,0.0,0,22.0,reliable,0.2857822834466067
1419,0,0.02466853898586559,NCT02124564,epilepsy,Lacosamide,Lacosamide,Phase 3,0,0,0,0,0,,0.0,0,48.0,reliable,0.02466853898586559
1420,0,0.0857633838760903,NCT02125344,Breast Cancer,non-pegylated liposomal doxorubicin; Carboplatin,PM(Cb),Phase 3,1,1,0,1,1,oncology_cytotoxic_monotherapy,0.0,0,22.0,reliable,0.0857633838760903
1421,0,0.11733801915465862,NCT02125344,Breast Cancer,Epirubicin; Cyclophosphamide,ETC,Phase 3,1,1,0,1,1,oncology_cytotoxic_monotherapy,0.0,0,22.0,reliable,0.11733801915465862
1422,0,0.5697563999273383,NCT02125890,Abdominal Aortic Aneurysms,Tranexamic Acid,Tranexamic Acid,Phase 3,0,0,0,0,0,,0.0,0,44.0,reliable,0.5697563999273383
1423,0,0.2607393898654869,NCT02128061,Diffuse Large B Cell Lymphoma,Lenalidomide,R2-miniCHOP,Phase 3,1,1,0,0,0,,0.0,0,18.0,reliable,0.2607393898654869
1424,1,0.5647008558511528,NCT02128685,threatened miscarriage,Dydrogesterone,Dydrogesterone,Phase 3,0,0,0,0,0,,0.0,0,44.0,reliable,0.5647008558511528
1425,0,0.006316737289389397,NCT02130557,Chronic Myelogenous Leukemia,Bosutinib,Bosutinib,Phase 3,1,0,0,0,0,,0.0,0,18.0,reliable,0.006316737289389397
1426,0,0.0069746077792621946,NCT02130557,Chronic Myelogenous Leukemia,Imatinib,Imatinib,Phase 3,1,0,0,0,0,,0.0,0,18.0,reliable,0.0069746077792621946
1428,0,0.011401659356110438,NCT02132533,preterm labor and delivery,Nifedipine,Nifedipine,Phase 3,0,0,0,0,0,,0.0,0,44.0,reliable,0.011401659356110438
1429,0,0.0056975371068728456,NCT02135029,Hyperlipidemia,Atorvastatin,Atorvastatin,Phase 3,0,0,1,0,1,endpoint_surrogate_pass,0.0,0,22.0,reliable,0.0056975371068728456
1430,0,0.012991528177029213,NCT02135419,Anal Cancer,imiquimod,Arm I (treatment) [imiquimod],Phase 3,1,0,0,0,0,,0.0,0,15.0,reliable,0.012991528177029213
1431,0,0.013027797866603344,NCT02135419,Anal Cancer,fluorouracil,Arm I (treatment) [fluorouracil],Phase 3,1,0,0,0,0,,0.0,0,15.0,reliable,0.013027797866603344
1433,0,0.8754671663454024,NCT02138136,functional constipation,Lubiprostone,Lubiprostone,Phase 3,0,0,0,0,0,,0.0,0,75.0,low_confidence,0.8754671663454024
1434,1,0.6904620934420282,NCT02138786,Richter's Transformation,selinexor,selinexor,Phase 2,0,0,0,0,0,,0.0,0,44.0,reliable,0.6904620934420282
1435,0,0.2158736919052588,NCT02139046,Gout,Febuxostat IR,Febuxostat IR 40 mg,Phase 3,0,1,0,0,0,,,0,,unscored,0.2158736919052588
1436,0,0.2158736919052588,NCT02139046,Gout,Febuxostat IR,Febuxostat IR 80 mg,Phase 3,0,1,0,0,0,,,0,,unscored,0.2158736919052588
1437,0,0.2158736919052588,NCT02139046,Gout,Febuxostat XR,Febuxostat XR 40 mg,Phase 3,0,1,0,0,0,,,0,,unscored,0.2158736919052588
1438,0,0.47713659349808013,NCT02142738,Lung Cancer,Paclitaxel,Paclitaxel+Carboplatin,Phase 3,1,1,0,0,0,,,0,22.0,reliable,0.47713659349808013
1439,0,0.40943505813440506,NCT02142738,Lung Cancer,Cisplatin,Pemetrexed+Cisplatin,Phase 3,1,1,0,0,0,,,0,22.0,reliable,0.40943505813440506
1440,0,0.5171648729497128,NCT02142738,Lung Cancer,Gemcitabine,Gemcitabine+Carboplatin,Phase 3,1,1,0,0,0,,,0,22.0,reliable,0.5171648729497128
1441,0,0.5171648729497128,NCT02142738,Lung Cancer,Gemcitabine,Gemcitabine+Cisplatin,Phase 3,1,1,0,0,0,,,0,22.0,reliable,0.5171648729497128
1442,0,0.0470114509013603,NCT02143570,overactive bladder,Darifenacin,Darifenacin + Physiotherapy,Phase 3,0,0,0,0,0,,0.0,0,72.0,low_confidence,0.0470114509013603
1443,0,0.5837335267067003,NCT02143713,Endometriosis,Elagolix,Elagolix 150 mg QD,Phase 3,0,0,0,0,0,,,0,,unscored,0.5837335267067003
1444,0,0.0672834113745486,NCT02145975,Postoperative Pain,Fentanyl,Fentanyl,Phase 3,0,0,0,0,0,,0.0,0,81.0,low_confidence,0.0672834113745486
1445,0,0.1455475899803705,NCT02145975,Postoperative Pain,Morphine,Morphine,Phase 3,0,0,0,0,0,,0.0,0,81.0,low_confidence,0.1455475899803705
1446,0,0.023590047368670417,NCT02147379,Bipolar I Disorder,Lurasidone,Lurasidone,Phase 3,0,0,0,0,0,,,0,78.0,low_confidence,0.023590047368670417
1447,1,0.4633946957239898,NCT02147873,Myelodysplastic Syndrome (MDS); Chronic Myelomonocytic Leukemia (CMML),birinapant,azacitidine with birinapant,Phase 2,1,1,0,0,0,,0.0,0,18.0,reliable,0.4633946957239898
1448,0,0.5697563999273383,NCT02150720,Hip Fracture; Blood Loss,Tranexamic Acid,Tranexamic acid,Phase 3,0,0,0,0,0,,0.0,0,22.0,reliable,0.5697563999273383
1449,0,0.1603998852676456,NCT02153567,Dyspepsia; Anxiety; Depression,Escitalopram,Escitalopram,Phase 3,0,0,0,0,0,,0.0,0,78.0,low_confidence,0.1603998852676456
1450,0,0.31366442492631,NCT02154763,Bariatric Surgery Candidate,Ropivacaine,Intraperitoneal ropivacaine,Phase 3,0,0,1,0,1,endpoint_surrogate_pass,0.0,0,42.0,reliable,0.15
1451,1,0.006859781825596681,NCT02155881,seasonal allergic rhinitis,Ciclesonide,Ciclesonide 200 mcg,Phase 3,0,0,0,0,0,,0.0,0,54.0,low_confidence,0.006859781825596681
1452,0,0.007305617159182517,NCT02157376,Stress Ulcer Prophylaxis,Esomeprazole,Esomeprazole active treatment,Phase 3,0,0,0,0,0,,0.0,0,44.0,reliable,0.007305617159182517
1453,0,0.12702730713857027,NCT02161146,allergic conjunctivitis,Olopatadine,Olopatadine,Phase 3,0,0,0,0,0,,0.0,0,54.0,low_confidence,0.12702730713857027
1454,0,0.33201914708434016,NCT02163616,postpartum hemorrhage,Misoprostol,PPH Treatment,Phase 3,0,0,0,0,0,,0.0,0,22.0,reliable,0.33201914708434016
1455,0,0.10014837098532259,NCT02163694,Breast Cancer,Veliparib,Veliparib with Carboplatin and Paclitaxel,Phase 3,1,1,0,1,1,oncology_cytotoxic_monotherapy,0.0,0,22.0,reliable,0.10014837098532259
1456,0,0.2058737804076018,NCT02163954,Chronic Kidney Disease,Ticagrelor,Ticagrelor,Phase 3,0,1,0,0,0,,0.0,0,29.0,reliable,0.2058737804076018
1457,0,0.005153590962677755,NCT02164578,Type 2 Diabetic Patients,Rivaroxaban,Rivaroxaban,Phase 3,0,0,0,0,0,,0.0,0,19.0,reliable,0.005153590962677755
1458,0,0.007590619480288793,NCT02164578,Type 2 Diabetic Patients,Aspirin,Aspirin,Phase 3,0,0,0,0,0,,0.0,0,19.0,reliable,0.007590619480288793
1459,0,0.00951366699227734,NCT02165397,Waldenström's Macroglobulinemia,Ibrutinib,Open-Label Substudy (Ibrutinib),Phase 3,0,0,0,0,0,,0.0,0,18.0,reliable,0.00951366699227734
1460,0,0.11111927822090531,NCT02165826,COPD,Roflumilast,Roflumilast 250 μg once daily,Phase 3,0,0,0,0,0,,0.0,0,50.0,low_confidence,0.11111927822090531
1461,0,0.4473783746258969,NCT02168842,Parkinson Disease,Isradipine,Isradipine,Phase 3,0,0,0,0,0,,0.0,0,44.0,reliable,0.4473783746258969
1462,0,0.5925679762894447,NCT02173158,Familial Hypercholesterolemia - Homozygous,lomitapide,lomitapide,Phase 3,0,0,0,0,0,,,0,,unscored,0.5925679762894447
1463,0,0.06738167245185026,NCT02173457,Type 2 Diabetes,Sitagliptin,Arm 3,Phase 3,0,0,1,0,1,endpoint_surrogate_pass,0.0,0,25.0,reliable,0.06738167245185026
1465,0,0.005953565269237777,NCT02174627,anemia,Roxadustat,Roxadustat,Phase 3,0,0,0,0,0,,0.0,0,29.0,reliable,0.005953565269237777
1466,0,0.005953565269237777,NCT02174731,anemia,Roxadustat,Roxadustat,Phase 3,0,0,0,0,0,,0.0,0,29.0,reliable,0.005953565269237777
1467,0,0.5392461999913152,NCT02178956,Junction Cancer,Napabucasin,BBI608 plus Paclitaxel,Phase 3,1,1,0,1,1,oncology_cytotoxic_monotherapy,0.0,0,15.0,reliable,0.15
1468,0,0.0066731748216176025,NCT02180217,Cushing syndrome,osilodrostat,osilodrostat (LCI699),Phase 3,0,0,0,0,0,,0.0,0,29.0,reliable,0.0066731748216176025
1469,0,0.009328916715733148,NCT02181413,Multiple Myeloma,Ixazomib Citrate,Ixazomib Citrate,Phase 3,1,0,0,0,0,,0.0,0,24.0,reliable,0.009328916715733148
1470,0,0.1455463618632526,NCT02181543,Is an Only Child,Clonidine,Clonidine,Phase 3,0,0,0,0,0,,0.0,0,44.0,reliable,0.1455463618632526
1471,0,0.540712850447723,NCT02184195,Pancreatic Cancer,Olaparib,Olaparib,Phase 3,1,0,0,0,0,,0.0,0,22.0,reliable,0.540712850447723
1472,1,0.5697563999273383,NCT02187120,Wounds and Injuries; Acute Coagulopathy,Tranexamic Acid,Tranexamic Acid,Phase 3,0,0,0,0,0,,0.0,0,42.0,reliable,0.5697563999273383
1473,0,0.4185066052378019,NCT02187198,opioid dependence,Buprenorphine,Buprenorphine high dose,Phase 3,0,0,0,0,0,,0.0,0,59.0,low_confidence,0.4185066052378019
1474,0,0.522814801803619,NCT02191397,Major Depressive Disorder,Bupropion,Bupropion Treatment Arm,Phase 3,0,0,0,0,0,,0.0,0,90.0,low_confidence,0.522814801803619
1475,0,0.14538689261315735,NCT02191397,Major Depressive Disorder,Escitalopram,Escitalopram Treatment Arm,Phase 3,0,0,0,0,0,,0.0,0,90.0,low_confidence,0.14538689261315735
1476,0,0.09075237810925377,NCT02192190,Osteoarthritis,Celecoxib,Celecoxib + Placebo,Phase 2,0,0,0,0,0,,,0,80.0,low_confidence,0.09075237810925377
1477,0,0.39993371334502614,NCT02193022,post-kala-azar dermal leishmaniasis,Miltefosine,Miltefosine,Phase 3,0,0,0,0,0,,0.0,0,20.0,reliable,0.39993371334502614
1478,0,0.23627532398561332,NCT02194166,Breast Cancer,Paclitaxel; Docetaxel,Pre-Randomization (Trastuzumab IV),Phase 3,1,1,0,1,1,oncology_cytotoxic_monotherapy,0.0,0,22.0,reliable,0.15
1479,0,0.08639792510684692,NCT02194933,schizophrenia,Brexpiprazole,Brexpiprazole 2 mg,Phase 3,0,0,0,0,0,,0.0,0,70.0,low_confidence,0.08639792510684692
1480,0,0.03743529774106428,NCT02197221,Multiple Myeloma,Melphalan,Melphalan,Phase 3,1,0,0,0,0,,0.0,0,24.0,reliable,0.03743529774106428
1481,0,0.32558953525636314,NCT02197416,Venous Thromboembolism; Secondary Prevention,dabigatran etexilate,dabigatran etexilate,Phase 3,0,0,0,0,0,,0.0,0,22.0,reliable,0.32558953525636314
1482,1,0.092847351363106,NCT02201108,Multiple Sclerosis,Teriflunomide,Teriflunomide,Phase 3,0,0,0,0,0,,0.0,0,50.0,low_confidence,0.092847351363106
1483,0,0.7715223903124988,NCT02201251,Epilepsy,Topiramate,Topiramate,Phase 3,0,0,1,0,1,endpoint_surrogate_pass,0.0,0,48.0,reliable,0.15
1484,0,0.5551978177831801,NCT02201251,Epilepsy,Levetiracetam,Levetiracetam,Phase 3,0,0,1,0,1,endpoint_surrogate_pass,0.0,0,48.0,reliable,0.15
1485,0,0.00676956114477417,NCT02202967,anemia,Misoprostol,Misoprostol,Phase 3,0,0,0,0,0,,0.0,0,29.0,reliable,0.00676956114477417
1486,0,0.06236136912246111,NCT02203253,Neoplasms,Thalidomide,Thalidomide Group,Phase 3,1,1,0,0,0,,0.0,0,15.0,reliable,0.06236136912246111
1487,0,0.06224656307139692,NCT02203916,essential hypertension,Azilsartan medoxomil,Azilsartan Medoxomil 40 mg,Phase 3,0,0,1,0,1,endpoint_surrogate_pass,0.0,0,18.0,reliable,0.06224656307139692
1488,1,0.009241191126029499,NCT02204332,Metastatic Colorectal Cancer,Cabazitaxel,Cabazitaxel,Phase 2,1,0,0,1,1,oncology_cytotoxic_monotherapy,0.0,0,15.0,reliable,0.009241191126029499
1490,0,0.46857084111108477,NCT02207829,Chronic Obstructive Pulmonary Disease,Umeclidinium,Umeclidinium 62.5 mcg + placebo,Phase 3,0,0,0,0,0,,1.0,0,50.0,low_confidence,0.46857084111108477
1491,0,0.369670669315014,NCT02207829,Chronic Obstructive Pulmonary Disease,Tiotropium,Tiotropium 18mcg + placebo,Phase 3,0,0,0,0,0,,1.0,0,50.0,low_confidence,0.369670669315014
1492,0,0.12494610233886486,NCT02210325,Uncomplicated Urogenital Gonorrhea,ceftriaxone; azithromycin,Ceftriaxone plus Azithromycin,Phase 3,0,1,0,0,0,,,0,,unscored,0.12494610233886486
1493,1,0.8239586277514016,NCT02214407,MDS,Decitabine,ARM A: DECITABINE (DACOGEN),Phase 3,0,0,0,0,0,,0.0,0,44.0,reliable,0.8239586277514016
1494,1,0.8179744024945066,NCT02214407,MDS,Hydroxyurea,ARM B: HYDROXYUREA,Phase 3,0,0,0,0,0,,0.0,0,44.0,reliable,0.8179744024945066
1495,0,0.2607393898654869,NCT02215980,MULTIPLE MYELOMA,Lenalidomide,A,Phase 3,1,1,0,0,0,,0.0,0,24.0,reliable,0.2607393898654869
1499,0,0.11742973450734943,NCT02217267,peripheral neuropathy,Lidocaine,Lidocaine group,Phase 3,0,0,0,0,0,,0.0,0,44.0,reliable,0.11742973450734943
1500,0,0.27145070998406445,NCT02217501,Peripheral Arterial Disease,Clopidogrel; Acetylsalicylic acid (ASA),DAPT - clinically indicated duration+12m,Phase 3,0,1,0,0,0,,0.0,0,22.0,reliable,0.27145070998406445
1502,0,0.20973558080818688,NCT02222220,sialorrhea,Metoclopramide,metocliopramide,Phase 3,0,0,0,0,0,,0.0,0,44.0,reliable,0.20973558080818688
1503,0,0.45772540878921497,NCT02222376,diabetic foot ulcer,Pirfenidone,Pirfenidone,Phase 3,0,0,0,0,0,,0.0,0,19.0,reliable,0.45772540878921497
1504,0,0.0330035410652716,NCT02226003,Type 2 Diabetes Mellitus,Ertugliflozin; Sitagliptin,Ertugliflozin 15 mg and Sitagliptin 100 mg,Phase 3,0,1,1,0,1,endpoint_surrogate_pass,0.0,0,25.0,reliable,0.0330035410652716
1505,0,0.004295892708438832,NCT02229396,Diabetes Mellitus,Dapagliflozin,Dapagliflozin Once Daily 10 mg Alone,Phase 3,0,0,1,0,1,endpoint_surrogate_pass,0.0,0,19.0,reliable,0.004295892708438832
1506,0,0.33874034324451774,NCT02231749,Cell Carcinoma,Sunitinib,Arm B: Sunitinib 50 mg,Phase 3,1,1,0,0,0,,0.0,0,15.0,reliable,0.33874034324451774
1507,0,0.20509997942301844,NCT02232763,Proteinuria,Losartan,Losartan,Phase 3,0,0,0,0,0,,0.0,0,29.0,reliable,0.20509997942301844
1508,0,0.20509997942301844,NCT02232776,"Glomerulonephritis, IGA",Losartan,Losartan treatement,Phase 3,0,0,0,0,0,,0.0,0,29.0,reliable,0.20509997942301844
1509,0,0.0029355591045186835,NCT02235909,Hypertension,Azilsartan Medoxomil Low-dose,Double-blind: Azilsartan Medoxomil - Low dose,Phase 3,0,0,0,0,0,,0.0,0,25.0,reliable,0.0029355591045186835
1510,0,0.004054524467173404,NCT02235909,Hypertension,Losartan,Double blind phase: Losartan,Phase 3,0,0,0,0,0,,0.0,0,25.0,reliable,0.004054524467173404
1511,0,0.004054524467173404,NCT02235909,Hypertension,Losartan,Withdrawal Phase: Losartan 50 mg,Phase 3,0,0,0,0,0,,0.0,0,25.0,reliable,0.004054524467173404
1512,0,0.0029355591045186835,NCT02235909,Hypertension,Azilsartan,Double-blind: Azilsartan Medoxomil - High dose (AZM-H),Phase 3,0,0,0,0,0,,0.0,0,25.0,reliable,0.0029355591045186835
1513,1,0.09455577351237203,NCT02239120,Stroke; Secondary Prevention,optional ASA as comedication; dabigatran etexilate,dabigatran etexilate 110 or 150 mg,Phase 3,0,1,0,0,0,,0.0,0,22.0,reliable,0.09455577351237203
1514,0,0.8299619612226854,NCT02239120,Stroke; Secondary Prevention,ASA,ASA 100 mg,Phase 3,0,0,0,0,0,,0.0,0,22.0,reliable,0.8299619612226854
1515,0,0.5456637605152774,NCT02239380,Status Epilepticus,Lorazepam,Lorazepam,Phase 3,0,0,0,0,0,,0.0,0,44.0,reliable,0.5456637605152774
1516,0,0.012087341504982335,NCT02242942,Chronic Lymphocytic Leukemia,Chlorambucil,Obinutuzumab + Chlorambucil,Phase 3,1,1,0,0,0,,0.0,0,24.0,reliable,0.012087341504982335
1517,0,0.02330288965023523,NCT02242942,Chronic Lymphocytic Leukemia,Venetoclax,Obinutuzumab + Venetoclax,Phase 3,1,1,0,0,0,,0.0,0,24.0,reliable,0.02330288965023523
1518,1,0.9637115786941945,NCT02245737,Alzheimer's Disease,Lanabecestat,Lanabecestat 20 milligrams (mg),Phase 2/3,0,0,0,0,0,,0.0,0,60.0,low_confidence,0.9637115786941945
1519,0,0.019423087579018988,NCT02248480,Osteoarthritis,Duloxetine,Duloxetine,Phase 3,0,0,0,0,0,,0.0,0,80.0,low_confidence,0.019423087579018988
1520,0,0.2123573350087074,NCT02248961,Arterial Hypertension,Fimasartan,Kanarb (Fimasartan),Phase 3,0,0,1,0,1,endpoint_surrogate_pass,0.0,0,18.0,reliable,0.15
1521,0,0.07230580579368179,NCT02248961,Arterial Hypertension,Losartan,Cozaar® (Losartan),Phase 3,0,0,1,0,1,endpoint_surrogate_pass,0.0,0,18.0,reliable,0.07230580579368179
1522,0,0.23965420978685154,NCT02249767,acne,Tretinoin,Brand Tretinoin,Phase 3,0,0,0,0,0,,0.0,0,52.0,low_confidence,0.23965420978685154
1523,0,0.002917872060472036,NCT02250703,Preoperative Sedation,Midazolam,Midazolam,Phase 3,0,0,1,0,1,endpoint_surrogate_pass,0.0,0,34.0,reliable,0.002917872060472036
1524,0,0.013719467877798774,NCT02250703,Preoperative Sedation,Dexmedetomidine,Dexmedetomidine,Phase 3,0,0,1,0,1,endpoint_surrogate_pass,0.0,0,34.0,reliable,0.013719467877798774
1526,0,0.9881552302115161,NCT02251275,"Polycystic Kidney, Autosomal Dominant",Tolvaptan,Tolvaptan,Phase 3,0,0,0,0,0,,0.0,0,44.0,reliable,0.9881552302115161
1528,0,0.06738167245185026,NCT02254291,Type 2 Diabetes,sitagliptin,Sitagliptin 100 mg,Phase 3,0,0,0,0,0,,0.0,0,25.0,reliable,0.06738167245185026
1529,0,0.01260771020176632,NCT02256228,Pain,Ropivacaine,Group R,Phase 3,0,0,0,0,0,,0.0,0,88.0,low_confidence,0.01260771020176632
1531,0,0.01335068916592591,NCT02262143,mixed dyslipidemia,Fenofibrate,Experimental,Phase 3,0,1,1,0,1,endpoint_surrogate_pass,0.0,0,18.0,reliable,0.01335068916592591
1535,0,0.005458531579079917,NCT02264574,Chronic Lymphocytic Leukemia,Ibrutinib,IBR + OB,Phase 3,1,1,0,0,0,,0.0,0,24.0,reliable,0.005458531579079917
1536,0,0.012087341504982335,NCT02264574,Chronic Lymphocytic Leukemia,Chlorambucil,CLB + OB,Phase 3,1,1,0,0,0,,0.0,0,24.0,reliable,0.012087341504982335
1537,0,0.06521380024062774,NCT02264990,Metastatic or Advanced Non-Squamous Non-Small Cell Lung Cancer,Veliparib,Veliparib + Carboplatin + Paclitaxel,Phase 3,1,1,0,0,0,,,0,,unscored,0.06521380024062774
1539,0,0.21351205767979525,NCT02265705,Rheumatoid Arthritis,Baricitinib,Baricitinib,Phase 3,0,0,0,0,0,,0.0,0,52.0,low_confidence,0.21351205767979525
1540,0,0.029145820529601407,NCT02266030,coronary artery disease,Cilostazol,Cilostazol,Phase 3,0,0,0,0,0,,0.0,0,22.0,reliable,0.029145820529601407
1541,0,0.012224944866257113,NCT02266030,coronary artery disease,Aspirin,Aspirin,Phase 3,0,0,0,0,0,,0.0,0,22.0,reliable,0.012224944866257113
1543,0,0.5765826388682441,NCT02268214,Type 1 Diabetes,Dapagliflozin,Arm A: Dapagliflozin,Phase 3,0,0,1,0,1,endpoint_surrogate_pass,0.0,0,25.0,reliable,0.15
1544,0,0.09751445706799856,NCT02272725,Acute Kidney Injury; Exercise-associated Hyponatremia; Perceived Exertion,Ibuprofen,Ibuprofen,Phase 3,0,0,0,0,0,,0.0,0,44.0,reliable,0.09751445706799856
1545,0,0.0069746077792621946,NCT02272777,Chronic Myelogenous Leukemia,Imatinib,Imatinib,Phase 3,1,0,0,0,0,,0.0,0,18.0,reliable,0.0069746077792621946
1546,0,0.026225607308293302,NCT02272777,Chronic Myelogenous Leukemia,Nilotinib,Nilotinib,Phase 3,1,0,0,0,0,,0.0,0,18.0,reliable,0.026225607308293302
1547,0,0.0035197145070463994,NCT02273726,anemia of chronic kidney disease,Roxadustat,Roxadustat,Phase 3,0,0,0,0,0,,0.0,0,29.0,reliable,0.0035197145070463994
1548,0,0.5878256818294659,NCT02273804,Obese Children and Adolescents,Topiramate,topiramate,Phase 3,0,0,1,0,1,endpoint_surrogate_pass,0.0,0,44.0,reliable,0.15
1550,1,0.5558138432538959,NCT02277132,Fetal Growth Restriction,Sildenafil,Sildenafil,Phase 2/3,0,0,0,0,0,,,0,,unscored,0.5558138432538959
1551,0,0.3388357638568359,NCT02278120,Advanced Breast Cancer,Ribociclib,Ribociclib + NSAI/tamoxifen + goserelin,Phase 3,1,1,0,0,0,,0.0,0,15.0,reliable,0.3388357638568359
1552,0,0.004751463403242713,NCT02278341,anemia,Roxadustat,Roxadustat,Phase 3,0,1,0,0,0,,0.0,0,29.0,reliable,0.004751463403242713
1553,0,0.005921381029826615,NCT02280629,ulcerative colitis,Mesalamine,Mesalamine,Phase 3,0,0,0,0,0,,0.0,0,50.0,low_confidence,0.005921381029826615
1554,0,0.18899379728533014,NCT02281552,Rheumatoid Arthritis,Tofacitinib,tofacitinib modified release tablet,Phase 3,0,0,0,0,0,,0.0,0,52.0,low_confidence,0.18899379728533014
1556,0,0.6022172505457405,NCT02282020,Breast Cancer,Olaparib,1/OLAPARIB,Phase 3,1,0,0,0,0,,0.0,0,22.0,reliable,0.6022172505457405
1557,0,0.5476434900609604,NCT02282098,atrial fibrillation,Colchicine,Active Colchicine,Phase 3,0,0,0,0,0,,0.0,0,22.0,reliable,0.5476434900609604
1560,0,0.03146716091857804,NCT02282813,chronic kidney disease,Doxercalciferol,CTAP101 Capsules +doxercalciferol,Phase 3,0,1,0,0,0,,,0,29.0,reliable,0.03146716091857804
1561,0,0.019772254789539846,NCT02282813,chronic kidney disease,Paricalcitol,CTAP101 Capsules +paricalcitol,Phase 3,0,1,0,0,0,,,0,29.0,reliable,0.019772254789539846
1562,0,0.014666199515266532,NCT02283294,Transient Ischemic Attack; Stroke; Atrial Fibrillation,Apixaban,Apixaban,Phase 3,0,0,0,0,0,,0.0,0,22.0,reliable,0.014666199515266532
1563,0,0.041597057449749945,NCT02283294,Transient Ischemic Attack; Stroke; Atrial Fibrillation,Warfarin,Warfarin,Phase 3,0,0,0,0,0,,0.0,0,22.0,reliable,0.041597057449749945
1564,0,0.10341407207992452,NCT02283853,Multiple Sclerosis,dimethyl fumarate,BG00012,Phase 3,0,0,0,0,0,,,0,50.0,low_confidence,0.10341407207992452
1565,0,0.15401671077379003,NCT02284516,dry eye syndrome,Lifitegrast,Lifitegrast,Phase 3,0,0,0,0,0,,0.0,0,49.0,low_confidence,0.15401671077379003
1566,0,0.007700426611349601,NCT02284893,Type 2 Diabetes,Saxagliptin; Dapagliflozin,A1:Saxagliptin / Placebo + Dapagliflozin / Placebo,Phase 3,0,1,1,0,1,endpoint_surrogate_pass,0.0,0,25.0,reliable,0.007700426611349601
1567,0,0.06738167245185026,NCT02284893,Type 2 Diabetes,Sitagliptin,A2: Sitagliptin / placebo,Phase 3,0,0,1,0,1,endpoint_surrogate_pass,0.0,0,25.0,reliable,0.06738167245185026
1568,1,0.8869263706777801,NCT02284906,Alzheimer Disease,Pioglitazone,Pioglitazone 0.8 mg,Phase 3,0,0,0,0,0,,0.0,0,44.0,reliable,0.8869263706777801
1569,0,0.9531552741594647,NCT02285062,Diffuse Large B-Cell Lymphoma,lenalidomide,R2-CHOP,Phase 3,1,1,0,0,0,,0.0,0,18.0,reliable,0.9531552741594647
1570,0,0.18667757708172864,NCT02288247,Prostate Cancer,Enzalutamide,Enzalutamide,Phase 3,1,1,0,0,0,,0.0,0,22.0,reliable,0.18667757708172864
1571,0,0.064416636822807,NCT02289352,rosacea,Brimonidine,brimonidine 0.33% gel,Phase 3,0,0,0,0,0,,0.0,0,52.0,low_confidence,0.064416636822807
1572,0,0.01193624385142499,NCT02290327,Stress Ulcer Prophylaxis,Pantoprazole,Pantoprazole,Phase 3,0,0,0,0,0,,0.0,0,44.0,reliable,0.01193624385142499
1573,0,0.2924304567239945,NCT02290873,Colonoscopy,Remimazolam,Remimazolam,Phase 3,0,0,0,0,0,,0.0,0,44.0,reliable,0.2924304567239945
1574,0,0.14020202990213654,NCT02290873,Colonoscopy,Midazolam,Midazolam,Phase 3,0,0,0,0,0,,0.0,0,44.0,reliable,0.14020202990213654
1575,0,0.015102754598799405,NCT02292446,Polycythemia Vera,Ruxolitinib,All patients,Phase 3,0,0,0,0,0,,0.0,0,18.0,reliable,0.015102754598799405
1576,0,0.6213955081544431,NCT02292784,"Obstetric Labour, Premature",Retosiban,Retosiban (200719 and 200721 study),Phase 3,0,0,0,0,0,,,0,,unscored,0.6213955081544431
1577,0,0.019386900070917524,NCT02294058,Multiple Sclerosis,Ozanimod,Ozanimod 0.5 mg,Phase 3,0,0,0,0,0,,0.0,0,50.0,low_confidence,0.019386900070917524
1578,0,0.003233366964747951,NCT02294461,Metastatic Prostate Cancer,Enzalutamide,Enzalutamide,Phase 3,1,0,0,0,0,,0.0,0,15.0,reliable,0.003233366964747951
1579,0,0.2845770840663005,NCT02296892,Bronchoscopy,Remimazolam,Remimazolam,Phase 3,0,0,0,0,0,,0.0,0,44.0,reliable,0.2845770840663005
1580,0,0.1393166281181528,NCT02296892,Bronchoscopy,Midazolam,Midazolam,Phase 3,0,0,0,0,0,,0.0,0,44.0,reliable,0.1393166281181528
1581,0,0.3924946683437237,NCT02297438,Advanced Breast Cancer,Palbociclib,Palbociclib + Letrozole,Phase 3,1,1,0,0,0,,0.0,0,15.0,reliable,0.3924946683437237
1582,0,0.03455270999465039,NCT02297945,Cushing syndrome,metyrapone,Metyrapone,Phase 3,0,0,0,0,0,,0.0,0,29.0,reliable,0.03455270999465039
1583,1,0.02608956397185385,NCT02300220,COPD,Ciprofloxacin,Ciprofloxacin,Phase 3,0,0,0,0,0,,0.0,0,50.0,low_confidence,0.02608956397185385
1584,1,0.5697563999273383,NCT02302456,Immediate Postpartum Hemorrhage,Tranexamic Acid,TXA,Phase 3,0,0,0,0,0,,0.0,0,22.0,reliable,0.5697563999273383
1585,0,0.006669059451307779,NCT02304783,Renal Colic,Piroxicam,Oral Piroxicam,Phase 3,0,0,0,0,0,,0.0,0,29.0,reliable,0.006669059451307779
1586,0,0.005545686757229547,NCT02304783,Renal Colic,paracetamol,paracetamol,Phase 3,0,0,0,0,0,,0.0,0,29.0,reliable,0.005545686757229547
1587,0,0.05740110886541707,NCT02305849,Rheumatoid Arthritis,Peficitinib,Peficitinib 100 mg,Phase 3,0,1,0,0,0,,0.0,0,52.0,low_confidence,0.05740110886541707
1588,0,0.3494769391744613,NCT02307513,Behcet syndrome,Apremilast,Apremilast,Phase 3,0,0,0,0,0,,0.0,0,44.0,reliable,0.3494769391744613
1589,0,0.2593586539811642,NCT02307565,spinal cord injury,Midodrine,Midodrine,Phase 3,0,0,1,0,1,endpoint_surrogate_pass,0.0,0,44.0,reliable,0.15
1590,0,0.20959646404532192,NCT02308033,Vaginal Infection,Metronidazole,Metronidazole vaginal gel,Phase 3,0,0,0,0,0,,0.0,0,20.0,reliable,0.20959646404532192
1591,0,0.08590443088545063,NCT02308163,Rheumatoid Arthritis,Peficitinib,Peficitinib 100 mg,Phase 3,0,0,0,0,0,,0.0,0,52.0,low_confidence,0.08590443088545063
1592,0,0.5697563999273383,NCT02312440,Blood Loss,tranexamic acid,Group 3,Phase 3,0,0,0,0,0,,0.0,0,22.0,reliable,0.5697563999273383
1593,1,0.8258614527381356,NCT02313909,Stroke,"Rivaroxaban (Xarelto, BAY59-7939)",Rivaroxaban,Phase 3,0,0,0,0,0,,0.0,0,22.0,reliable,0.8258614527381356
1594,0,0.9468741034132124,NCT02313909,Stroke,"Acetylsalicylic acid (Aspirin, BAY1019036)",Aspirin,Phase 3,0,0,0,0,0,,0.0,0,22.0,reliable,0.9468741034132124
1595,0,0.006423448692166815,NCT02315495,Type 2 Diabetes,Saxagliptin; Acarbose,5 mg saxagliptin + 100 mg acarbose,Phase 3,0,1,1,0,1,endpoint_surrogate_pass,0.0,0,25.0,reliable,0.006423448692166815
1596,0,0.012246187505696624,NCT02315495,Type 2 Diabetes,Acarbose,100 mg acarbose,Phase 3,0,0,1,0,1,endpoint_surrogate_pass,0.0,0,25.0,reliable,0.012246187505696624
1597,0,0.32958605843513833,NCT02319343,Osteoarthrosis,Methylprednisolone,Methylprednisolone,Phase 3,0,0,0,0,0,,0.0,0,81.0,low_confidence,0.32958605843513833
1598,0,0.6387766749359021,NCT02323529,tyrosinemia type I,Nitisinone,Nitisinone treatment group,Phase 3,0,0,0,0,0,,0.0,0,44.0,reliable,0.6387766749359021
1599,0,0.1455463618632526,NCT02324413,Negative Behaviour Change,Clonidine,clonidine,Phase 3,0,0,0,0,0,,0.0,0,44.0,reliable,0.1455463618632526
1600,0,0.06411033510560937,NCT02325466,Type 2 Diabetes,Ticagrelor,Aspirin/Ticagrelor,Phase 3,0,1,0,0,0,,0.0,0,25.0,reliable,0.06411033510560937
1601,0,0.0062977582403897555,NCT02326311,"Leukemia, Chronic Myeloid",imatinib,Progressive INTERIM TKI [imatinib],Phase 3,1,0,0,0,0,,,0,,unscored,0.0062977582403897555
1602,0,0.013601009667358721,NCT02326311,"Leukemia, Chronic Myeloid",nilotinib,Progressive INTERIM TKI [nilotinib],Phase 3,1,0,0,0,0,,,0,,unscored,0.013601009667358721
1603,0,0.0028190588852698467,NCT02326311,"Leukemia, Chronic Myeloid",dasatinib,Progressive INTERIM TKI [dasatinib],Phase 3,1,0,0,0,0,,,0,,unscored,0.0028190588852698467
1604,1,0.9944821028443576,NCT02327182,Alzheimer's Disease,Encenicline,MT-4666 high dose,Phase 3,0,0,0,0,0,,,0,60.0,low_confidence,0.9944821028443576
1605,0,0.0266872154131163,NCT02327936,Overactive Bladder Syndrome,Fesoterodine,Fesoterodine 4mg,Phase 3,0,0,0,0,0,,0.0,0,54.0,low_confidence,0.0266872154131163
1606,0,0.02466199370667644,NCT02327936,Overactive Bladder Syndrome,Oxybutynin XL,Oxybutynin XL 10mg,Phase 3,0,0,0,0,0,,0.0,0,54.0,low_confidence,0.02466199370667644
1607,0,0.21328162106867338,NCT02328144,Hemorrhoids,Metronidazole,Metronidazole,Phase 3,0,0,0,0,0,,0.0,0,44.0,reliable,0.21328162106867338
1608,0,0.09751445706799856,NCT02330926,Cachexia in Advanced Cancer,Ibuprofen,multimodal intervention,Phase 3,1,0,1,0,1,endpoint_surrogate_pass,0.0,0,15.0,reliable,0.09751445706799856
1609,1,0.006481806417827421,NCT02332447,epilepsy,naloxone,NALOXONE,Phase 3,0,0,0,0,0,,0.0,0,48.0,reliable,0.006481806417827421
1610,0,0.32958605843513833,NCT02332603,Osteoarthrosis,Methylprednisolone,Methylprednisolone,Phase 3,0,0,1,0,1,endpoint_surrogate_pass,0.0,0,81.0,low_confidence,0.15
1611,0,0.32958605843513833,NCT02332616,Osteoarthrosis,Methylprednisolone,Methylprednisolone,Phase 3,0,0,0,0,0,,0.0,0,81.0,low_confidence,0.32958605843513833
1614,0,0.2391179855470332,NCT02334488,Chronic Kidney Disease,Tacrolimus,Everolimus-Tacrolimus,Phase 3,0,1,0,0,0,,0.0,0,29.0,reliable,0.2391179855470332
1615,0,0.18527176060144382,NCT02334488,Chronic Kidney Disease,Mycophenolate sodium,Everolimus-Mycophenolate sodium,Phase 3,0,1,0,0,0,,0.0,0,29.0,reliable,0.18527176060144382
1616,0,0.019423087579018988,NCT02335346,Osteoarthritis,Duloxetine,Duloxetine,Phase 3,0,0,0,0,0,,0.0,0,80.0,low_confidence,0.019423087579018988
1617,0,0.278613462369923,NCT02336477,non-dystrophic myotonia,Mexiletine,1,Phase 3,0,0,0,0,0,,0.0,0,44.0,reliable,0.278613462369923
1618,0,0.02982259329214628,NCT02336750,Chemotherapy-Induced Nausea and Vomiting,Mirtazapine,treatment group,Phase 3,0,1,0,0,0,,0.0,0,75.0,low_confidence,0.02982259329214628
1619,1,0.5040991329804456,NCT02340221,Breast Cancer,Taselisib,Taselisib + Fulvestrant,Phase 3,1,1,0,0,0,,,0,22.0,reliable,0.5040991329804456
1620,0,0.08466603996292241,NCT02340520,COPD,Theophylline; Roflumilast,thophylline and roflumilast,Phase 3,0,1,1,0,1,endpoint_surrogate_pass,0.0,0,50.0,low_confidence,0.08466603996292241
1621,0,0.17065266522184597,NCT02341417,"Secondary Hyperparathyroidism, Chronic Kidney Disease",Cinacalcet,Cinacalcet,Phase 3,0,0,0,0,0,,0.0,0,29.0,reliable,0.17065266522184597
1622,1,0.712069029414668,NCT02342548,huntington disease,Mardepodect,20 mg BID PF-02545920 non-titrated,Phase 2,0,0,0,0,0,,0.0,0,44.0,reliable,0.712069029414668
1623,0,0.43495525440769195,NCT02343276,Cardiac Catheterisation,Nitroglycerin,Intervention,Phase 3,0,0,0,0,0,,,0,,unscored,0.43495525440769195
1624,0,0.013472760595664707,NCT02343926,Type 2 Diabetes,vildagliptin,Vildagliptin,Phase 3,0,1,0,0,0,,,0,25.0,reliable,0.013472760595664707
1625,0,0.8134189786223518,NCT02344290,Cardiovascular Disease,Pitavastatin,Pitavastatin,Phase 3,0,0,0,0,0,,,0,44.0,reliable,0.8134189786223518
1626,0,0.2777182245803881,NCT02345681,fluid overload,Furosemide,Test Furosemide,Phase 3,0,0,0,0,0,,0.0,0,44.0,reliable,0.2777182245803881
1627,0,0.004208857201024973,NCT02345850,Prevention of Graft-versus-Host Disease,Tacrolimus; Methotrexate,Tacrolimus/Methotrexate Control Arm,Phase 3,0,1,0,0,0,,0.0,0,22.0,reliable,0.004208857201024973
1628,0,0.004173053628052295,NCT02345850,Prevention of Graft-versus-Host Disease,Cyclophosphamide,Post Transplant Cyclophosphamide,Phase 3,0,0,0,0,0,,0.0,0,22.0,reliable,0.004173053628052295
1629,0,0.2775180023283782,NCT02346201,Apathy,Methylphenidate,Methylphenidate,Phase 3,0,0,0,0,0,,0.0,0,44.0,reliable,0.2775180023283782
1630,0,0.6069566441744731,NCT02347332,Neck Cancer,Methotrexate,Methotrexate,Phase 3,1,0,0,0,0,,,0,15.0,reliable,0.6069566441744731
1631,0,0.0033644713680463364,NCT02347657,cystic fibrosis,Ivacaftor,VX-661/IVA,Phase 3,0,1,1,0,1,endpoint_surrogate_pass,1.0,0,38.0,reliable,0.0033644713680463364
1632,0,0.006088716255372833,NCT02351622,Immune Thrombocytopenia,Caffeic acid,caffeic acid tablet and dexamethasone,Phase 3,0,1,0,0,0,,0.0,0,29.0,reliable,0.006088716255372833
1633,0,0.010985777999030825,NCT02354222,Type 2 Diabetes,Teneligliptin,Teneligliptin + Canagliflozin,Phase 3,0,1,1,0,1,endpoint_surrogate_pass,0.0,0,25.0,reliable,0.010985777999030825
1634,0,0.009560665930813162,NCT02354235,Type 2 Diabetes,Canagliflozin,Canagliflozin + Teneligliptin,Phase 3,0,1,1,0,1,endpoint_surrogate_pass,0.0,0,25.0,reliable,0.009560665930813162
1635,0,0.24784568878071317,NCT02355704,Renal Insufficiency,Atorvastatin,Atorvastatin,Phase 3,0,0,0,0,0,,0.0,0,29.0,reliable,0.24784568878071317
1636,0,0.0803349461305925,NCT02361216,actinic keratosis,Ingenol Mebutate,Ingenol mebutate gel,Phase 3,0,0,0,0,0,,0.0,0,52.0,low_confidence,0.0803349461305925
1638,0,0.1586417094474756,NCT02367781,Lung Cancer,Pemetrexed,Arm B (Nab-Paclitaxel+Carboplatin),Phase 3,1,1,0,1,1,oncology_cytotoxic_monotherapy,0.0,0,22.0,reliable,0.15
1639,1,0.258576023682685,NCT02368691,Breast Cancer,GTx-024,GTx-024,Phase 2,1,0,0,0,0,,0.0,0,22.0,reliable,0.258576023682685
1640,0,0.8120327437781872,NCT02369159,Influenza,Peramivir,Peramivir (IV),Phase 3,0,0,0,0,0,,0.0,0,18.0,reliable,0.8120327437781872
1642,0,0.11805437499869978,NCT02369653,Venous Thromboembolism,Apixaban,Apixaban,Phase 3,0,0,0,0,0,,0.0,0,22.0,reliable,0.11805437499869978
1643,0,0.6990011120763725,NCT02369965,HIV infection,albuvirtide,"albuvirtide, lopinavir-ritonavir",Phase 3,0,1,0,0,0,,0.0,0,20.0,reliable,0.6990011120763725
1645,0,0.40176807102878537,NCT02370498,Gastric Adenocarcinoma; Gastroesophageal Junction Adenocarcinoma,paclitaxel,Paclitaxel,Phase 3,1,0,0,1,1,oncology_cytotoxic_monotherapy,0.0,0,15.0,reliable,0.15
1646,0,0.514673409798043,NCT02371369,tenosynovial giant cell tumor,Pexidartinib,Part 1 - Pexidartinib,Phase 3,1,0,0,0,0,,0.0,0,15.0,reliable,0.514673409798043
1647,1,0.12325163028311766,NCT02372578,Painful Diabetic Peripheral Neuropathy (PDPN),Clofutriben,ASP3662,Phase 2,0,0,0,0,0,,0.0,0,19.0,reliable,0.12325163028311766
1648,0,0.9172242951651217,NCT02372578,Painful Diabetic Peripheral Neuropathy (PDPN),pregabalin,pregabalin,Phase 2,0,0,0,0,0,,0.0,0,19.0,reliable,0.9172242951651217
1649,1,0.38472215104941204,NCT02372799,Major Depressive Disorder,Vilazodone,Vilazodone,Phase 3,0,0,0,0,0,,0.0,0,90.0,low_confidence,0.38472215104941204
1650,0,0.5337206171984828,NCT02372799,Major Depressive Disorder,Fluoxetine,Fluoxetine,Phase 3,0,0,0,0,0,,0.0,0,90.0,low_confidence,0.5337206171984828
1651,0,0.17333179821489306,NCT02373202,Rheumatoid Arthritis,Sulfasalazine; Leflunomide; Bucillamine; Tacrolimus; Mizoribine,Sarilumab 200 mg q2w + DMARDs,Phase 3,0,1,0,0,0,,,0,52.0,low_confidence,0.17333179821489306
1652,0,0.11318423596186507,NCT02376075,Arterial Hypertension; Albuminuria,Linagliptin,Linagliptin,Phase 3,0,0,0,0,0,,0.0,0,18.0,reliable,0.11318423596186507
1655,0,0.23148443537739022,NCT02383238,Diabetes Mellitus Type 2,Dapagliflozin,Dapagliflozin,Phase 3,0,0,0,0,0,,0.0,0,19.0,reliable,0.23148443537739022
1656,0,0.23420201672269583,NCT02383589,Pemphigus Vulgaris,Mycophenolate Mofetil,Mycophenolate Mofetil (MMF),Phase 3,0,0,0,0,0,,0.0,0,44.0,reliable,0.23420201672269583
1657,0,0.018755778937095784,NCT02384941,Type 1 Diabetes Mellitus,Sotagliflozin,Sotagliflozin 200 milligrams (mg),Phase 3,0,0,1,0,1,endpoint_surrogate_pass,0.0,0,19.0,reliable,0.018755778937095784
1658,0,0.24801868726878165,NCT02385188,extramammary Paget disease,Imiquimod,Imiquimod,Phase 3,0,1,0,0,0,,0.0,0,25.0,reliable,0.24801868726878165
1660,0,0.04282555637777375,NCT02388724,Erosive Esophagitis,Vonoprazan,Vonoprazan 20 mg,Phase 3,0,0,0,0,0,,0.0,0,44.0,reliable,0.04282555637777375
1661,0,0.007700442478119696,NCT02388724,Erosive Esophagitis,Lansoprazole,Lansoprazole 30 mg,Phase 3,0,0,0,0,0,,0.0,0,44.0,reliable,0.007700442478119696
1662,0,0.03702636102738834,NCT02388737,Erosive Esophagitis,Vonoprazan,Vonoprazan 10 mg,Phase 3,0,1,0,0,0,,0.0,0,44.0,reliable,0.03702636102738834
1663,0,0.8231306763935233,NCT02389621,Thrombocytopenia in Patients With Chronic Liver Disease,Lusutrombopag,Lusutrombopag,Phase 3,0,0,0,0,0,,0.0,0,29.0,reliable,0.8231306763935233
1664,0,0.15002210216469594,NCT02389816,Major Depressive Disorder,Vortioxetine,Vortioxetine 10 mg,Phase 3,0,0,0,0,0,,0.0,0,90.0,low_confidence,0.15002210216469594
1665,0,0.09879153423046373,NCT02390219,cystic fibrosis,Lumacaftor; Ivacaftor,Lumacaftor/Ivacaftor combination,Phase 3,0,1,0,0,0,,0.0,0,38.0,reliable,0.09879153423046373
1666,0,0.5697563999273383,NCT02393300,Total Blood Loss,Tranexamic Acid,Group 3,Phase 3,0,0,0,0,0,,0.0,0,22.0,reliable,0.5697563999273383
1667,0,0.41352562224859896,NCT02394132,lentigo maligna melanoma,Imiquimod,Imiquimod,Phase 3,1,0,0,0,0,,0.0,0,15.0,reliable,0.41352562224859896
1668,1,0.18843403216054622,NCT02395627,Breast Neoplasms,Tamoxifen,Pembrolizumab Cycle 1 (Group A),Phase 2,1,1,0,0,0,,,0,,unscored,0.18843403216054622
1669,0,0.5221927367084469,NCT02395653,Acute Post-op Pain,fentanyl,SSEC Fentanyl,Phase 3,0,0,0,0,0,,0.0,0,81.0,low_confidence,0.5221927367084469
1670,0,0.0063068223883883685,NCT02406144,Multiple Myeloma,Ixazomib Citrate,MLN9708 plus Lenalidomide,Phase 3,1,1,0,0,0,,,0,24.0,reliable,0.0063068223883883685
1671,0,0.6954521684683154,NCT02407782,scabies,Permethrin,Permethrin,Phase 3,0,0,0,0,0,,0.0,0,52.0,low_confidence,0.6954521684683154
1672,0,0.31366442492631,NCT02408393,Chronic Post-Surgical Pain,Ropivacaine,Ropivacaine,Phase 3,0,0,0,0,0,,0.0,0,,unscored,0.31366442492631
1673,0,0.012523199317692265,NCT02410317,pain,Ropivacaine,Continuous wound infusion group,Phase 3,0,0,0,0,0,,0.0,0,88.0,low_confidence,0.012523199317692265
1674,0,0.0706181682919122,NCT02410317,pain,Morphine,Epidural morphine group,Phase 3,0,0,0,0,0,,0.0,0,88.0,low_confidence,0.0706181682919122
1677,0,0.01483508178564765,NCT02412878,Multiple Myeloma,Carfilzomib,Once-weekly Carfilzomib 20/70 mg/m² + Dexamethasone,Phase 3,1,1,0,0,0,,0.0,0,24.0,reliable,0.01483508178564765
1678,0,0.016093137159047494,NCT02414958,Type 1 Diabetes Mellitus,Empagliflozin,Empagliflozin high dose,Phase 3,0,0,1,0,1,endpoint_surrogate_pass,0.0,0,19.0,reliable,0.016093137159047494
1679,0,0.28935739959216084,NCT02417064,Depression,Esketamine,Esketamine 56 mg plus Oral Antidepressant,Phase 3,0,1,1,0,1,endpoint_surrogate_pass,0.0,0,90.0,low_confidence,0.15
1680,1,0.6983940976056007,NCT02418000,AML; MDS; CMML,E6201,E6201 160 mg/m^2 IV twice weekly,Phase 2,0,0,0,0,0,,0.0,0,15.0,reliable,0.6983940976056007
1681,1,0.2895662573798253,NCT02418572,Infertility; Poor Ovarian Response,Testosterone gel,Transdermal testosterone gel,Phase 3,0,0,0,0,0,,0.0,0,44.0,reliable,0.2895662573798253
1682,0,0.28935739959216084,NCT02418585,Depression,Esketamine,Intranasal Esketamine plus oral antidepressant,Phase 3,0,1,1,0,1,endpoint_surrogate_pass,0.0,0,90.0,low_confidence,0.15
1683,0,0.007700426611349601,NCT02419612,Type 2 Diabetes,Saxagliptin; Dapagliflozin,Saxagliptin 5 mg/ dapagliflozin 10mg or Placebo,Phase 3,0,1,1,0,1,endpoint_surrogate_pass,0.0,0,25.0,reliable,0.007700426611349601
1684,0,0.008595867867404048,NCT02419612,Type 2 Diabetes,Glimepiride,Glimepiride or Placebo,Phase 3,0,0,1,0,1,endpoint_surrogate_pass,0.0,0,25.0,reliable,0.008595867867404048
1685,0,0.44999012527007415,NCT02420821,Cell Carcinoma,Sunitinib,Sunitinib,Phase 3,1,0,0,0,0,,0.0,0,15.0,reliable,0.44999012527007415
1686,0,0.018755778937095784,NCT02421510,Type 1 Diabetes Mellitus,Sotagliflozin,Sotagliflozin 200 mg,Phase 3,0,0,1,0,1,endpoint_surrogate_pass,0.0,0,19.0,reliable,0.018755778937095784
1687,0,0.7878507535810413,NCT02421588,Ovarian Cancer,Lurbinectedin (PM01183),Arm A,Phase 3,1,0,0,1,1,oncology_cytotoxic_monotherapy,0.0,0,22.0,reliable,0.15
1688,0,0.8934624668417672,NCT02421939,Acute Myeloid Leukemia,gilteritinib,Gilteritinib,Phase 3,1,0,0,0,0,,0.0,0,24.0,reliable,0.8934624668417672
1689,1,0.28935739959216084,NCT02422186,Depression,Esketamine,Intranasal Esketamine plus Oral Antidepressant,Phase 3,0,1,1,0,1,endpoint_surrogate_pass,0.0,0,90.0,low_confidence,0.15
1690,0,0.39575165226001874,NCT02422615,Advanced Breast Cancer,Ribociclib,Ribociclib + fulvestrant,Phase 3,1,1,0,0,0,,0.0,0,15.0,reliable,0.39575165226001874
1691,0,0.15579188166003272,NCT02425644,MUltiple Sclerosis,ponesimod,Ponesimod,Phase 3,0,0,0,0,0,,0.0,0,50.0,low_confidence,0.15579188166003272
1692,0,0.11944620193195801,NCT02425644,MUltiple Sclerosis,teriflunomide,Teriflunomide,Phase 3,0,0,0,0,0,,0.0,0,50.0,low_confidence,0.11944620193195801
1693,0,0.6532089845540131,NCT02426775,methylmalonic acidemia or propionic acidemia,Carglumic Acid,Methylmalonic Acidemia Active arm,Phase 3,0,0,0,0,0,,0.0,0,44.0,reliable,0.6532089845540131
1694,1,0.014666199515266532,NCT02427126,Embolic Stroke of Undetermined Source,Apixaban,Apixaban,Phase 3,0,0,0,0,0,,0.0,0,22.0,reliable,0.014666199515266532
1695,0,0.8654921658693242,NCT02427126,Embolic Stroke of Undetermined Source,Aspirin,Aspirin,Phase 3,0,0,0,0,0,,0.0,0,22.0,reliable,0.8654921658693242
1696,0,0.04967719076993196,NCT02427607,epilepsy,Perampanel,Perampanel,Phase 3,0,0,0,0,0,,0.0,0,48.0,reliable,0.04967719076993196
1697,0,0.17785790940382842,NCT02431702,Schizophrenia; Psychotic Disorders,Paliperidone Palmitate Injection (PP1M),Part-2: Paliperidone Palmitate (PP) [Paliperidone Palmitate Injection (PP1M)],Phase 3,0,0,0,0,0,,,0,,unscored,0.17785790940382842
1698,0,0.17785790940382842,NCT02431702,Schizophrenia; Psychotic Disorders,Paliperidone Palmitate Injection (PP3M),Part-2: Paliperidone Palmitate (PP) [Paliperidone Palmitate Injection (PP3M)],Phase 3,0,0,0,0,0,,,0,,unscored,0.17785790940382842
1699,1,0.34802813146973044,NCT02431806,Major Depressive Disorder,Levomilnacipran,Levomilnacipran 40 mg,Phase 3,0,0,0,0,0,,0.0,0,90.0,low_confidence,0.34802813146973044
1700,0,0.5337206171984828,NCT02431806,Major Depressive Disorder,Fluoxetine,Fluoxetine 20 mg,Phase 3,0,0,0,0,0,,0.0,0,90.0,low_confidence,0.5337206171984828
1701,0,0.38472215104941204,NCT02436239,Major Depressive Disorder,Vilazodone,Vilazodone,Phase 3,0,0,0,0,0,,0.0,0,90.0,low_confidence,0.38472215104941204
1702,0,0.014045026671215372,NCT02436668,Metastatic Pancreatic Adenocarcinoma,Ibrutinib,Ibrutinib,Phase 3,1,1,0,0,0,,0.0,0,15.0,reliable,0.014045026671215372
1703,0,0.40296054701436035,NCT02437318,Advanced Breast Cancer,Alpelisib,Fulvestrant + alpelisib,Phase 3,1,1,0,0,0,,0.0,0,15.0,reliable,0.40296054701436035
1705,0,0.09751445706799856,NCT02441530,Primary Dysmenorrhoea,Ibuprofen,ibuprofen,Phase 3,0,0,0,0,0,,0.0,0,44.0,reliable,0.09751445706799856
1710,0,0.07640153094947538,NCT02445326,Chronic Allergic Conjunctivitis,Dexamethasone,OTX-DP,Phase 3,0,0,0,0,0,,0.0,0,54.0,low_confidence,0.07640153094947538
1711,0,0.6964765624025111,NCT02446418,Asthma,Fluticasone Furoate; Vilanterol,Fluticasone Furoate/Vilanterol,Phase 3,0,1,0,0,0,,0.0,0,50.0,low_confidence,0.6964765624025111
1712,1,0.09480368364841371,NCT02449655,Advanced Gastric Adenocarcinoma,Capivasertib,AZD5363 plus paclitaxel,Phase 2,1,1,0,0,0,,0.0,0,15.0,reliable,0.09480368364841371
1713,0,0.9228881597294969,NCT02449655,Advanced Gastric Adenocarcinoma,Vistusertib,AZD2014 plus paclitaxel,Phase 2,1,1,0,0,0,,0.0,0,15.0,reliable,0.9228881597294969
1714,1,0.9964874859821713,NCT02449681,Squamous Cell Carcinoma,TH-4000 (Tarloxotinib),TH-4000 (Tarloxotinib),Phase 2,1,0,0,0,0,,0.0,0,,unscored,0.9964874859821713
1717,1,0.4795644927761046,NCT02454842,Lung Cancer,TH-4000 (Tarloxotinib),TH-4000 (Tarloxotinib),Phase 2,1,0,0,0,0,,0.0,0,22.0,reliable,0.4795644927761046
1719,0,0.0050120904959208,NCT02457221,Lupus Nephritis,Tacrolimus capsules,Tacrolimus group,Phase 3,0,1,0,0,0,,0.0,0,44.0,reliable,0.0050120904959208
1720,0,0.0028088158134109043,NCT02457221,Lupus Nephritis,Cyclophosphamide injections,Cyclophosphamide group,Phase 3,0,1,0,0,0,,0.0,0,44.0,reliable,0.0028088158134109043
1722,0,0.5039465564489936,NCT02460419,Metastatic Nasopharyngeal Carcinoma,capecitabine,maintenance capecitabine,Phase 3,1,0,0,1,1,oncology_cytotoxic_monotherapy,0.0,0,15.0,reliable,0.15
1723,0,0.013479686513619572,NCT02460900,Smoking Cessation,Varenicline,Positively Smoke Free and Varenicline,Phase 3,0,0,0,0,0,,0.0,0,59.0,low_confidence,0.013479686513619572
1724,0,0.5765826388682441,NCT02460978,Type 1 Diabetes,Dapagliflozin,Dapagliflozin 10 mg,Phase 3,0,0,1,0,1,endpoint_surrogate_pass,0.0,0,25.0,reliable,0.15
1725,0,0.13816954939086923,NCT02465255,Acute Abdominal Pain,Ketorolac,Ketorolac,Phase 3,0,0,0,0,0,,0.0,0,81.0,low_confidence,0.13816954939086923
1726,0,0.07674451881816932,NCT02465255,Acute Abdominal Pain,Tramadol,Tramadol,Phase 3,0,0,0,0,0,,0.0,0,81.0,low_confidence,0.07674451881816932
1727,0,0.09539465748289258,NCT02465255,Acute Abdominal Pain,Acetaminophen,Acetaminophen (paracetamol),Phase 3,0,0,0,0,0,,0.0,0,81.0,low_confidence,0.09539465748289258
1728,0,0.410078857414236,NCT02466022,Post-operative Pain for Total Knee Arthroplasty,Dexmedetomidine,Dexmedetomidine,Phase 3,0,1,0,0,0,,,0,,unscored,0.410078857414236
1729,0,0.09149077530549515,NCT02468232,Heart Failure With Reduced Ejection Fraction (HF-rEF),Sacubitril; Valsartan,LCZ696,Phase 3,0,1,0,0,0,,0.0,0,22.0,reliable,0.09149077530549515
1730,0,0.06244219166162973,NCT02468232,Heart Failure With Reduced Ejection Fraction (HF-rEF),Enalapril,Enalapril,Phase 3,0,0,0,0,0,,0.0,0,22.0,reliable,0.06244219166162973
1731,0,0.6772861780378332,NCT02468830,Overactive Bladder; Urinary Incontinence,mirabegron,Mirabegron,Phase 3,0,0,0,0,0,,0.0,0,54.0,low_confidence,0.6772861780378332
1732,0,0.2788428402527672,NCT02469155,Schizophrenia,Lumateperone,Lumateperone 14 mg (ITI-007 20 mg Tosylate),Phase 3,0,0,0,0,0,,0.0,0,70.0,low_confidence,0.2788428402527672
1733,0,0.501107671084318,NCT02469155,Schizophrenia,Risperidone,Risperidone,Phase 3,0,0,0,0,0,,0.0,0,70.0,low_confidence,0.501107671084318
1734,0,0.6372538461511419,NCT02471183,Pulmonary Arterial Hypertension,Selexipag,"Selexipag, Open Label",Phase 3,0,0,0,0,0,,0.0,0,45.0,reliable,0.6372538461511419
1735,0,0.46687525962567145,NCT02471963,Diabetes Mellitus Type 2,Empagliflozin,Empagliflozin,Phase 3,0,0,0,0,0,,0.0,0,19.0,reliable,0.46687525962567145
1736,0,0.6772861780378332,NCT02476175,Overactive Bladder; Urinary Incontinence,Mirabegron,Add-on Mirabegron,Phase 3,0,0,0,0,0,,0.0,0,54.0,low_confidence,0.6772861780378332
1737,0,0.07613836623628381,NCT02476422,Post Operative Dental Pain,Diclofenac potassium,Dilcofenac potassium + placebo to Ibuprofen,Phase 3,0,0,0,0,0,,0.0,0,81.0,low_confidence,0.07613836623628381
1738,0,0.011665434797921207,NCT02476422,Post Operative Dental Pain,Ibuprofen,Ibuprofen + placebo to diclofenac potassium,Phase 3,0,0,0,0,0,,0.0,0,81.0,low_confidence,0.011665434797921207
1740,0,0.2907550650855998,NCT02477007,Pain; Long-bone Fractures,paracetamol,Paracetamol + ibuprofen,Phase 3,0,1,0,0,0,,0.0,0,81.0,low_confidence,0.2907550650855998
1741,0,0.4668631106174275,NCT02477644,Ovarian Cancer,Olaparib,Olaparib,Phase 3,1,0,0,0,0,,0.0,0,22.0,reliable,0.4668631106174275
1742,1,0.11806209871523436,NCT02477839,focal epilepsy,Lacosamide,Lacosamide,Phase 3,0,0,0,0,0,,0.0,0,44.0,reliable,0.11806209871523436
1744,0,0.5102175211300173,NCT02480114,Oral Mucositis,Gabapentin,Arm II Standard of Care Plus Gabapentin,Phase 3,0,1,0,0,0,,0.0,0,,unscored,0.5102175211300173
1745,0,0.06224656307139692,NCT02480764,essential hypertension,Azilsartan medoxomil,Azilsartan medoxomil 40 mg,Phase 3,0,0,1,0,1,endpoint_surrogate_pass,0.0,0,18.0,reliable,0.06224656307139692
1746,0,0.04170290125244192,NCT02480764,essential hypertension,Valsartan,Valsartan 160 mg,Phase 3,0,0,1,0,1,endpoint_surrogate_pass,0.0,0,18.0,reliable,0.04170290125244192
1747,0,0.007377682834855989,NCT02481947,chronic idiopathic constipation,Lubiprostone,Lubiprostone,Phase 3,0,0,0,0,0,,0.0,0,75.0,low_confidence,0.007377682834855989
1748,1,0.017478936991094124,NCT02484911,Chemotherapy-induced Nausea and Vomiting,Olanzapine,Olanzapine regimen,Phase 3,0,1,0,0,0,,0.0,0,75.0,low_confidence,0.017478936991094124
1749,0,0.2857822834466067,NCT02486445,Deep Venous Thrombosis,Rivaroxaban,Rivaroxaban,Phase 3,0,0,0,0,0,,0.0,0,22.0,reliable,0.2857822834466067
1752,0,0.5916116396200994,NCT02486653,Urinary Retention; Urinary Tract Infections,Tamsulosin,Tamsulosin,Phase 3,0,0,0,0,0,,0.0,0,20.0,reliable,0.5916116396200994
1754,0,0.00704636432902124,NCT02491320,Polycystic Ovary Syndrome,Letrozole,Pre-treatment acupuncture + letrozole,Phase 3,0,0,0,0,0,,0.0,0,44.0,reliable,0.00704636432902124
1757,0,0.08418788827602912,NCT02493868,Relapse Prevention in Adult Participants With Treatment-resistant Depression,Esketamine,Intranasal Esketamine plus oral antidepressant,Phase 3,0,1,0,0,0,,0.0,0,78.0,low_confidence,0.08418788827602912
1758,0,0.23420201672269583,NCT02494505,Chronic Inflammatory Demyelinating Polyradiculopathy,Mycophenolate Mofetil,mycophenolate mofetil,Phase 3,0,0,0,0,0,,0.0,0,44.0,reliable,0.23420201672269583
1762,0,0.15374522120006381,NCT02501954,Endometrial Clear Cell Adenocarcinoma; Endometrial Serous Adenocarcinoma; Stage IIIA Uterine Corpus Cancer; Stage IIIB Uterine Corpus Cancer; Stage IIIC Uterine Corpus Cancer; Stage IVA Uterine Corpus Cancer,Cisplatin,Regimen I,Phase 3,1,1,0,1,1,oncology_cytotoxic_monotherapy,0.0,0,15.0,reliable,0.15
1763,0,0.3508492966380449,NCT02502175,Medication-assisted Treatment of Opioid Use Disorder,methadone,methadone,Phase 3,0,0,0,0,0,,0.0,0,59.0,low_confidence,0.3508492966380449
1764,0,0.26209776682618247,NCT02502734,asthma,Fluticasone furoate,Sequence 1: Fluticasone furoate 50 μg and then placebo,Phase 3,0,1,0,0,0,,0.0,0,50.0,low_confidence,0.26209776682618247
1765,0,0.1537140711191916,NCT02502734,asthma,Fluticasone furoate; Salbutamol,Sequence 2: Placebo and then fluticasone furoate 50 μg,Phase 3,0,1,0,0,0,,0.0,0,50.0,low_confidence,0.1537140711191916
1766,0,0.6614418213661757,NCT02503306,erectile dysfunction,Avanafil,Avanafil dose 1,Phase 3,0,0,0,0,0,,0.0,0,54.0,low_confidence,0.6614418213661757
1767,0,0.1828579274181893,NCT02514629,Hypogonadism; Obesity,Metformin,Metformin,Phase 3,0,0,1,0,1,endpoint_surrogate_pass,0.0,0,37.0,reliable,0.15
1770,0,0.0033644713680463364,NCT02516410,cystic fibrosis,Tezacaftor; ivacaftor,VX-661/IVA,Phase 3,0,1,1,0,1,endpoint_surrogate_pass,1.0,0,38.0,reliable,0.0033644713680463364
1771,0,0.003328872018827824,NCT02517021,Chemotherapy-Induced Nausea and Vomiting,Netupitant,Netupitant/Palonosetron plus Dexamethasone,Phase 3,0,1,0,0,0,,0.0,0,75.0,low_confidence,0.003328872018827824
1774,0,0.369670669315014,NCT02518139,Chronic Obstructive Pulmonary Disease,Tiotropium,Tiotropium,Phase 3,0,0,0,0,0,,0.0,0,50.0,low_confidence,0.369670669315014
1775,0,0.3460036975714264,NCT02518945,Type 1 Diabetes,Dapagliflozin,Active drugs,Phase 3,0,1,1,0,1,endpoint_surrogate_pass,0.0,0,25.0,reliable,0.15
1776,1,0.5947077568799285,NCT02518971,Postoperative Urinary Retention,Tamsulosin,tamsulosin,Phase 3,0,0,0,0,0,,0.0,0,54.0,low_confidence,0.5947077568799285
1777,0,0.5720582620488213,NCT02519543,Bipolar Disorder,Metformin,Metformin,Phase 3,0,0,1,0,1,endpoint_surrogate_pass,0.0,0,75.0,low_confidence,0.15
1778,0,0.24784568878071317,NCT02522117,Renal Insufficiency,Atorvastatin,Atorvastatin,Phase 3,0,0,0,0,0,,0.0,0,29.0,reliable,0.24784568878071317
1779,1,0.005921381029826615,NCT02522767,ulcerative colitis,Mesalamine,Mesalamine,Phase 3,0,0,0,0,0,,0.0,0,50.0,low_confidence,0.005921381029826615
1780,1,0.005921381029826615,NCT02522780,ulcerative colitis,Mesalamine,Mesalamine,Phase 3,0,0,0,0,0,,0.0,0,50.0,low_confidence,0.005921381029826615
1781,1,0.5679713576140782,NCT02523820,stridor,fluticasone propionate,fluticasone propionate,Phase 3,0,0,0,0,0,,0.0,0,44.0,reliable,0.5679713576140782
1782,0,0.013643461798507913,NCT02525016,obesity,Lidocaine,assessment of plasmatic lidocaine rate,Phase 3,0,1,0,0,0,,0.0,0,37.0,reliable,0.013643461798507913
1783,0,0.10341407207992452,NCT02525874,Multiple Sclerosis,dimethyl fumarate,dimethyl fumarate,Phase 3,0,0,0,0,0,,,0,50.0,low_confidence,0.10341407207992452
1784,0,0.008285479900419319,NCT02526212,opioid use disorder,Buprenorphine,"G-BMT, Buprenorphine",Phase 3,0,0,0,0,0,,0.0,0,59.0,low_confidence,0.008285479900419319
1785,0,0.7175014523204687,NCT02531035,Type 1 Diabetes,Sotagliflozin,Sotagliflozin 400 mg,Phase 3,0,0,0,0,0,,0.0,0,25.0,reliable,0.7175014523204687
1787,0,0.2924304567239945,NCT02532647,Colonoscopy,Remimazolam,Remimazolam,Phase 3,0,0,0,0,0,,0.0,0,44.0,reliable,0.2924304567239945
1788,0,0.14020202990213654,NCT02532647,Colonoscopy,Midazolam,Midazolam,Phase 3,0,0,0,0,0,,0.0,0,44.0,reliable,0.14020202990213654
1789,0,0.04888748838099876,NCT02532855,Type 2 Diabetes Mellitus,Sitagliptin,Sitagliptin,Phase 3,0,1,1,0,1,endpoint_surrogate_pass,0.0,0,25.0,reliable,0.04888748838099876
1790,0,0.0019234127051352076,NCT02532855,Type 2 Diabetes Mellitus,Dapagliflozin,Dapagliflozin,Phase 3,0,1,1,0,1,endpoint_surrogate_pass,0.0,0,25.0,reliable,0.0019234127051352076
1791,1,0.2194998269699994,NCT02533336,Malaria,abamectin; fenpyroximate,DL+LLINs,Phase 3,0,1,0,0,0,,,0,20.0,reliable,0.2194998269699994
1792,0,0.07081673069774559,NCT02536248,Type 2 Diabetes Mellitus,Sitagliptin,"Sitagliptin first, then Placebo",Phase 3,0,0,0,0,0,,0.0,0,25.0,reliable,0.07081673069774559
1794,0,0.0886826517164539,NCT02538302,nocturnal enuresis,Minirin,Minirin,Phase 3,0,0,0,0,0,,0.0,0,44.0,reliable,0.0886826517164539
1795,0,0.11898428086156014,NCT02538302,nocturnal enuresis,Oxybutynin,Oxybutynin,Phase 3,0,0,0,0,0,,0.0,0,44.0,reliable,0.11898428086156014
1796,0,0.021969860719524323,NCT02539537,Advanced Pancreatic Carcinoma,Gemcitabine,Arm A: Gemcitabine,Phase 3,1,0,0,0,0,,,0,,unscored,0.021969860719524323
1797,0,0.003260471391075908,NCT02539537,Advanced Pancreatic Carcinoma,5-Fluoro-uracil; Oxaliplatin; Irinotecan; L-folinic,Arm B: Folfirinox,Phase 3,1,1,0,0,0,,,0,,unscored,0.003260471391075908
1798,0,0.24642517683802673,NCT02545075,IV Melanoma,Dacarbazine,Dacarbazine,Phase 3,1,0,0,0,0,,0.0,0,15.0,reliable,0.24642517683802673
1799,1,0.7849970180722097,NCT02545283,Acute Myeloid Leukemia,Idasanutlin,Idasanutlin plus Cytarabine,Phase 3,1,1,0,0,0,,0.0,0,24.0,reliable,0.7849970180722097
1800,0,0.5697563999273383,NCT02546648,Atherosclerotic Disease; Perioperative Bleeding,Tranexamic Acid,Tranexamic Acid vs. matching placebo,Phase 3,0,0,0,0,0,,0.0,0,22.0,reliable,0.5697563999273383
1801,0,0.009396043360943076,NCT02548832,mixed dyslipidemia,Berberine,Berberine,Phase 3,0,0,1,0,1,endpoint_surrogate_pass,0.0,0,18.0,reliable,0.009396043360943076
1802,0,0.024548748586788512,NCT02548832,mixed dyslipidemia,Bezafibrate,Bezafibrate,Phase 3,0,0,1,0,1,endpoint_surrogate_pass,0.0,0,18.0,reliable,0.024548748586788512
1803,0,0.005011240284851707,NCT02548832,mixed dyslipidemia,Berberine; Bezafibrate,Berberine plus Bezafibrate,Phase 3,0,1,1,0,1,endpoint_surrogate_pass,0.0,0,18.0,reliable,0.005011240284851707
1804,0,0.015163961819699057,NCT02551094,coronary artery disease,colchicine,colchicine,Phase 3,0,0,0,0,0,,0.0,0,22.0,reliable,0.015163961819699057
1805,0,0.011251933958131413,NCT02551874,Type 2 Diabetes,Saxagliptin; Dapagliflozin,Saxagliptin/Dapagliflozin/Metformin,Phase 3,0,1,1,0,1,endpoint_surrogate_pass,0.0,0,25.0,reliable,0.011251933958131413
1806,0,0.25220007085848156,NCT02553018,Rheumatoid Arthritis,Methotrexate,Auto-injector of methotrexate,Phase 3,0,0,0,0,0,,0.0,0,52.0,low_confidence,0.25220007085848156
1807,0,0.04789095541468609,NCT02554786,asthma,Indacaterol acetate,QMF149 150/160 µg,Phase 3,0,1,0,0,0,,1.0,0,50.0,low_confidence,0.04789095541468609
1808,0,0.09496625202432873,NCT02554786,asthma,Salmeterol xinafoate; fluticasone propionate,Salmeterol /fluticasone 50/500 μg,Phase 3,0,1,0,0,0,,1.0,0,50.0,low_confidence,0.09496625202432873
1809,0,0.10341407207992452,NCT02555215,Multiple Sclerosis,dimethyl fumarate,dimethyl fumarate,Phase 3,0,0,0,0,0,,,0,50.0,low_confidence,0.10341407207992452
1810,1,0.012391695659444067,NCT02555878,Venous Thromboembolism,Rivaroxaban,Rivaroxaban,Phase 3,0,0,0,0,0,,0.0,0,22.0,reliable,0.012391695659444067
1811,1,0.004382084473810149,NCT02556203,Transcatheter Aortic Valve Replacement,"Rivaroxaban (Xarelto, BAY59-7939)","Rivaroxaban (Xarelto, BAY59-7939)",Phase 3,0,1,0,0,0,,,0,,unscored,0.004382084473810149
1812,0,0.9881452384070288,NCT02556203,Transcatheter Aortic Valve Replacement,Clopidogrel,Antiplatelet,Phase 3,0,1,0,0,0,,,0,,unscored,0.9881452384070288
1813,0,0.04899351987024873,NCT02556424,Inflammatory Macular Edema,Dexamethasone,Reference Drug,Phase 3,0,0,0,0,0,,0.0,0,49.0,low_confidence,0.04899351987024873
1814,0,0.13558200492264574,NCT02556424,Inflammatory Macular Edema,Triamcinolone,Tested Drug,Phase 3,0,0,0,0,0,,0.0,0,49.0,low_confidence,0.13558200492264574
1815,0,0.06503616124611343,NCT02556606,Treatment Resistant Late-Life Depression,Ketamine,Ketamine 0.10 mg/kg,Phase 3,0,0,0,0,0,,0.0,0,78.0,low_confidence,0.06503616124611343
1816,0,0.09275557423028695,NCT02556606,Treatment Resistant Late-Life Depression,Midazolam,Midazolam 0.03 mg/kg,Phase 3,0,0,0,0,0,,0.0,0,78.0,low_confidence,0.09275557423028695
1817,0,0.0069713005733243365,NCT02557035,Chemotherapy-Induced Nausea and Vomiting,Palonosetron; Dexamethasone,I.V. palonosetron infusion plus dexamethasone,Phase 3,0,1,0,0,0,,0.0,0,75.0,low_confidence,0.0069713005733243365
1818,0,0.02243524852154658,NCT02558010,Pain,Methadone,Methadone Group,Phase 3,0,1,0,0,0,,0.0,0,88.0,low_confidence,0.02243524852154658
1819,1,0.5278241303518716,NCT02558231,Pulmonary Arterial Hypertension,Selexipag,Triple oral combination treatment,Phase 3,0,1,0,0,0,,1.0,0,45.0,reliable,0.5278241303518716
1820,1,0.7742856486401055,NCT02562443,Myelodysplastic Syndrome; MDS; Refractory Anemia With Excess Blasts; RAEB,rigosertib,rigosertib + best supportive care (BSC),Phase 3,0,0,0,0,0,,,0,,unscored,0.7742856486401055
1824,0,0.039870070609234996,NCT02564211,Type 2 Diabetes Mellitus,Ipragliflozin; Sitagliptin,Ipragliflozin,Phase 3,0,1,0,0,0,,0.0,0,25.0,reliable,0.039870070609234996
1825,0,0.026646497146865844,NCT02565186,migraine,Lasmiditan,Lasmiditan 100mg,Phase 3,0,0,0,0,0,,0.0,0,78.0,low_confidence,0.026646497146865844
1826,0,0.9078718274661464,NCT02566993,Lung Cancer,Lurbinectedin (PM01183),Experimental Arm,Phase 3,1,1,0,1,1,oncology_cytotoxic_monotherapy,0.0,0,22.0,reliable,0.15
1827,0,0.006119939785797499,NCT02567994,type 2 diabetes mellitus,Teneligliptin,Teneligliptin,Phase 3,0,0,0,0,0,,0.0,0,25.0,reliable,0.006119939785797499
1829,0,0.18607633000219323,NCT02570490,skin and soft tissue bacterial infection,sodium fusidate,CEM-102 (Sodium fusidate),Phase 3,0,0,0,0,0,,0.0,0,20.0,reliable,0.18607633000219323
1831,0,0.6954521684683154,NCT02572986,scabies,Permethrin,Permethrin cream 5%,Phase 3,0,0,0,0,0,,0.0,0,52.0,low_confidence,0.6954521684683154
1832,0,0.09697548855806024,NCT02575729,Carpal Tunnel Syndrome,betamethasone,Inject betamethasone by sonography,Phase 3,0,0,0,0,0,,0.0,0,44.0,reliable,0.09697548855806024
1833,0,0.0538013468414791,NCT02577003,Type 2 Diabetes Mellitus,Ipragliflozin,Ipragliflozin + Sitagliptin,Phase 3,0,1,0,0,0,,0.0,0,25.0,reliable,0.0538013468414791
1834,0,0.062405680550125,NCT02577016,Type 2 Diabetes Mellitus,Sitagliptin,Sitagliptin + Ipragliflozin,Phase 3,0,1,1,0,1,endpoint_surrogate_pass,0.0,0,25.0,reliable,0.062405680550125
1835,0,0.013025625351058348,NCT02578901,Thrombocytopenia,Tranexamic Acid,Tranexamic Acid (TXA),Phase 3,0,0,0,0,0,,0.0,0,29.0,reliable,0.013025625351058348
1836,0,0.10341407207992452,NCT02579681,Multiple Sclerosis,dimethyl fumarate,BG00012,Phase 3,0,0,0,0,0,,,0,50.0,low_confidence,0.10341407207992452
1837,0,0.49824674892491255,NCT02580591,"Diabetes Mellitus, Type 1",Empagliflozin,Empagliflozin high dose,Phase 3,0,0,1,0,1,endpoint_surrogate_pass,0.0,0,19.0,reliable,0.15
1840,0,0.02466853898586559,NCT02582866,epilepsy,Lacosamide,Lacosamide,Phase 3,0,0,0,0,0,,0.0,0,48.0,reliable,0.02466853898586559
1841,0,0.1266584305410258,NCT02585713,Cerebral Vein Thrombosis; Deep Vein Thrombosis; Gonadal Thrombosis; Hepatic Thrombosis; Malignant Neoplasm; Mesenteric Thrombosis; Metastatic Malignant Neoplasm; Portal Vein Thrombosis; Pulmonary Embolism; Renal Vein Thrombosis; Splenic Thrombosis; Venous Thromboembolism,Apixaban,Arm I (apixaban),Phase 3,1,0,0,0,0,,0.0,0,,unscored,0.1266584305410258
1842,0,0.09995368707306865,NCT02586129,Diabetes,Metformin,Metformin,Phase 3,0,0,1,0,1,endpoint_surrogate_pass,0.0,0,25.0,reliable,0.09995368707306865
1843,0,0.28436635506455693,NCT02586129,Diabetes,Rosuvastatin,Rosuvastatin,Phase 3,0,0,1,0,1,endpoint_surrogate_pass,0.0,0,25.0,reliable,0.15
1844,0,0.27886921443136803,NCT02586155,"Diabetes Mellitus, Type 2; Coronary Artery Disease",Apabetalone,High-Intensity statin therapy+RVX000222,Phase 3,0,1,0,0,0,,0.0,0,22.0,reliable,0.27886921443136803
1845,1,0.9915774924931773,NCT02586909,Alzheimer's Disease,Intepirdine,RVT-101 35 mg tablets,Phase 3,0,0,0,0,0,,,0,60.0,low_confidence,0.9915774924931773
1846,0,0.092847351363106,NCT02587195,Multiple Sclerosis,Teriflunomide,Teriflunomide,Phase 3,0,0,0,0,0,,0.0,0,50.0,low_confidence,0.092847351363106
1847,1,0.12525621687329855,NCT02587351,Chronic Obstructive Pulmonary Disease,Metoprolol succinate,Metoprolol succinate,Phase 3,0,0,0,0,0,,-1.0,1,50.0,low_confidence,0.5
1848,1,0.013204233907353993,NCT02588261,Non-small Cell Lung Cancer (NSCLC),naquotinib mesilate,ASP8273,Phase 3,1,0,0,0,0,,,0,,unscored,0.013204233907353993
1849,0,0.12481810349759356,NCT02588261,Non-small Cell Lung Cancer (NSCLC),Erlotinib,erlotinib or gefitinib [Erlotinib],Phase 3,1,0,0,0,0,,,0,,unscored,0.12481810349759356
1850,0,0.3963938581066672,NCT02588261,Non-small Cell Lung Cancer (NSCLC),Gefitinib,erlotinib or gefitinib [Gefitinib],Phase 3,1,0,0,0,0,,,0,,unscored,0.3963938581066672
1851,0,0.05119746008016377,NCT02592421,Type II Diabetes Mellitus,Dapagliflozin,Dapagliflozin,Phase 3,0,0,1,0,1,endpoint_surrogate_pass,0.0,0,19.0,reliable,0.05119746008016377
1852,1,0.007236728243512343,NCT02593097,Migraine,Metformin,"Matching placebo first, then Metformin",Phase 3,0,0,0,0,0,,0.0,0,78.0,low_confidence,0.007236728243512343
1855,0,0.41917001096096645,NCT02597361,"Ehlers-Danlos Syndrome, Vascular Type",Irbesartan,Irbesartan,Phase 3,0,0,0,0,0,,0.0,0,32.0,reliable,0.41917001096096645
1856,0,0.3483287279946364,NCT02597933,Patients With Scleroderma Related Lung Fibrosis,Nintedanib,Nintedanib,Phase 3,0,0,0,0,0,,1.0,0,44.0,reliable,0.3483287279946364
1857,0,0.0109489837369066,NCT02598505,heart failure,Indacaterol,Indacaterol,Phase 3,0,0,0,0,0,,0.0,0,40.0,reliable,0.0109489837369066
1858,1,0.5930328688059628,NCT02599961,Glucose Transporter Type 1 Deficiency Syndrome,Triheptanoin,UX007,Phase 2,0,0,0,0,0,,0.0,0,44.0,reliable,0.5930328688059628
1859,0,0.6260920530191725,NCT02600611,Skin Structures and Soft Tissue Infections,iclaprim,iclaprim,Phase 3,0,0,0,0,0,,0.0,0,20.0,reliable,0.6260920530191725
1860,0,0.5001399838214169,NCT02600923,Advanced Breast Cancer,Palbociclib; Letrozole,Palbociclib + Letrozole,Phase 3,1,1,0,0,0,,0.0,0,15.0,reliable,0.5001399838214169
1861,0,0.2122416115147519,NCT02601027,Breast - Female,Bupivacaine infusion,0.125% Bupivacaine,Phase 3,0,1,0,0,0,,,0,,unscored,0.2122416115147519
1862,1,0.19915460931795304,NCT02603146,Rheumatoid Arthritis,Hydroxychloroquine,Hydroxychloroquine Group,Phase 2,0,0,0,0,0,,0.0,0,52.0,low_confidence,0.19915460931795304
1863,0,0.006051831257431937,NCT02604173,Acute Mountain Sickness,Budesonide,Budesonide,Phase 3,0,0,0,0,0,,0.0,0,44.0,reliable,0.006051831257431937
1864,0,0.007105735755905851,NCT02604173,Acute Mountain Sickness,Acetazolamide,Acetazolamide,Phase 3,0,0,0,0,0,,0.0,0,44.0,reliable,0.007105735755905851
1865,0,0.017426213249249055,NCT02604225,Procedural Pain,Methoxyflurane,Penthrox,Phase 3,0,0,0,0,0,,0.0,0,81.0,low_confidence,0.017426213249249055
1866,0,0.20556871604264315,NCT02604342,Non-Small Cell Lung Cancer,Alectinib,Alectinib,Phase 3,1,0,0,0,0,,0.0,0,15.0,reliable,0.20556871604264315
1867,0,0.07167277183294686,NCT02604342,Non-Small Cell Lung Cancer,Docetaxel; Pemetrexed,Premetrexed/Docetaxel,Phase 3,1,1,0,0,0,,0.0,0,15.0,reliable,0.07167277183294686
1868,1,0.026242399096234777,NCT02604446,Pre- and Postoperative Pain,Tapentadol,Tapentadol,Phase 3,0,1,0,0,0,,0.0,0,81.0,low_confidence,0.026242399096234777
1869,0,0.8819136976800174,NCT02604446,Pre- and Postoperative Pain,Oxycodone,Oxycodone,Phase 3,0,1,0,0,0,,0.0,0,81.0,low_confidence,0.8819136976800174
1870,0,0.4121049450818874,NCT02605265,Locally Advanced Rectal Cancer,Irinotecan,Capecitabine with Irinotecan,Phase 3,1,1,0,0,0,,,0,,unscored,0.4121049450818874
1871,0,0.6260920530191725,NCT02607618,Skin Structures and Soft Tissue Infections,Iclaprim,iclaprim,Phase 3,0,0,0,0,0,,0.0,0,20.0,reliable,0.6260920530191725
1872,0,0.06738167245185026,NCT02607865,Type 2 Diabetes,sitagliptin,Sitagliptin 100 mg,Phase 3,0,0,1,0,1,endpoint_surrogate_pass,0.0,0,25.0,reliable,0.06738167245185026
1874,0,0.3026782367583781,NCT02611687,narcolepsy without cataplexy,pitolisant,pitolisant,Phase 3,0,0,0,0,0,,0.0,0,67.0,low_confidence,0.3026782367583781
1876,0,0.0266872154131163,NCT02614482,Overactive Bladder Syndrome,Fesoterodine,Fesoterodine 4mg,Phase 3,0,0,0,0,0,,0.0,0,54.0,low_confidence,0.0266872154131163
1877,1,0.07640153094947538,NCT02615262,Cardiac Surgery; Congenital Heart Defects; Cardiopulmonary Bypass,Dexamethasone,Experimental,Phase 3,0,0,0,0,0,,0.0,0,32.0,reliable,0.07640153094947538
1878,1,0.2879638145042371,NCT02617017,Parkinson' Disease,Buspirone,Buspirone,Phase 3,0,0,0,0,0,,0.0,0,44.0,reliable,0.2879638145042371
1879,1,0.03479639855366136,NCT02617290,Coronary Artery Disease; Myocardial Ischemia; Myocardial Infarction; Stent Thrombosis; Cardiovascular Diseases,Ticagrelor,Ticagrelor Arm,Phase 3,0,0,0,0,0,,0.0,0,22.0,reliable,0.03479639855366136
1880,0,0.9937294668586102,NCT02617290,Coronary Artery Disease; Myocardial Ischemia; Myocardial Infarction; Stent Thrombosis; Cardiovascular Diseases,Clopidogrel,Clopidogrel Arm,Phase 3,0,0,0,0,0,,0.0,0,22.0,reliable,0.9937294668586102
1881,1,0.10866291083353193,NCT02618577,Atrial High Rate Episodes,Edoxaban,Edoxaban,Phase 3,0,0,0,0,0,,0.0,0,44.0,reliable,0.10866291083353193
1882,0,0.8654473834862824,NCT02618577,Atrial High Rate Episodes,ASA,ASA or Placebo,Phase 3,0,0,0,0,0,,0.0,0,44.0,reliable,0.8654473834862824
1884,0,0.12288139194694676,NCT02625623,Gastric Cancer,Irinotecan,Physician choice chemotherapy+Best Supportive Care (BSC) [Irinotecan],Phase 3,1,0,0,0,0,,,0,22.0,reliable,0.12288139194694676
1885,0,0.09417582240504345,NCT02625623,Gastric Cancer,Paclitaxel,Physician choice chemotherapy+Best Supportive Care (BSC) [Paclitaxel],Phase 3,1,0,0,0,0,,,0,22.0,reliable,0.09417582240504345
1886,0,0.2907550650855998,NCT02625753,PRK Post-operative Pain,paracetamol,Codeine plus paracetamol,Phase 3,0,1,0,0,0,,0.0,0,81.0,low_confidence,0.2907550650855998
1887,1,0.3461278937079023,NCT02626455,"Lymphoma, Non-Hodgkin",Copanlisib (BAY80-6946),Copanlisib + R-B or R-CHOP / Arm 1,Phase 3,1,1,0,0,0,,0.0,0,18.0,reliable,0.3461278937079023
1889,1,0.6159897444096367,NCT02628626,fecal incontinence,Clonidine,Colesevelam and Clonidine,Phase 3,0,1,0,0,0,,0.0,0,54.0,low_confidence,0.6159897444096367
1890,0,0.34365378705319427,NCT02629042,Pulpitis,prednisolone,Experimental,Phase 3,0,0,0,0,0,,0.0,0,44.0,reliable,0.34365378705319427
1891,0,0.007554730388481988,NCT02630628,Lupus Nephritis,Tacrolimus,Tacrolimus,Phase 3,0,0,0,0,0,,0.0,0,44.0,reliable,0.007554730388481988
1892,0,0.0074751169621554234,NCT02630628,Lupus Nephritis,Mycophenolate mofetil,Mycophenolate Mofetil,Phase 3,0,0,0,0,0,,0.0,0,44.0,reliable,0.0074751169621554234
1893,0,0.024418030281064047,NCT02630706,Type 2 Diabetes,Ertugliflozin,Ertugliflozin 15 mg,Phase 3,0,1,0,0,0,,,0,25.0,reliable,0.024418030281064047
1894,0,0.46660669101413277,NCT02631876,Ovarian Cancer,Paclitaxel; Pegylated liposomal doxorubicin; Topotecan,Investigator's Choice (IC) Chemotherapy,Phase 3,1,1,0,0,0,,,0,22.0,reliable,0.46660669101413277
1896,0,0.36338115021362877,NCT02634346,Schizophrenia,Olanzapine,Olanzapine,Phase 3,0,0,0,0,0,,0.0,0,70.0,low_confidence,0.36338115021362877
1897,0,0.01972531548527417,NCT02634580,Hypercholesterolemia,Ezetimibe,Ezetimibe (Q2W),Phase 3,0,1,1,0,1,endpoint_surrogate_pass,0.0,0,22.0,reliable,0.01972531548527417
1898,0,0.01972531548527417,NCT02634580,Hypercholesterolemia,Ezetimibe,Ezetimibe (QM),Phase 3,0,1,1,0,1,endpoint_surrogate_pass,0.0,0,22.0,reliable,0.01972531548527417
1899,0,0.01623406753711849,NCT02634788,Pain,Buprenorphine,Buprenorphine 0.125 mg TID,Phase 3,0,0,0,0,0,,0.0,0,88.0,low_confidence,0.01623406753711849
1900,0,0.44441083938323916,NCT02634801,Plaque Psoriasis,Methotrexate,Methotrexate,Phase 3,0,1,0,0,0,,0.0,0,45.0,reliable,0.44441083938323916
1901,0,0.0315716956143618,NCT02635984,Chemotherapy-Induced Nausea and Vomiting,Olanzapine,Triplet Therapy Plus Olanzapine,Phase 3,0,0,0,0,0,,0.0,0,75.0,low_confidence,0.0315716956143618
1902,0,0.3316591153350573,NCT02638337,vaginal dryness,Ospemifene,Ospemifene,Phase 3,0,0,0,0,0,,0.0,0,44.0,reliable,0.3316591153350573
1904,1,0.3365698528367006,NCT02641639,Ovarian Cancer,Fosbretabulin tromethamine,Fosbretabulin tromethamine,Phase 2/3,1,0,0,1,1,oncology_cytotoxic_monotherapy,0.0,0,22.0,reliable,0.15
1905,0,0.09886382695705878,NCT02644395,Hypertension; Kidney Transplantation,Amlodipine,Amlodipine,Phase 3,0,0,0,0,0,,0.0,0,18.0,reliable,0.09886382695705878
1906,0,0.05406159780725397,NCT02644395,Hypertension; Kidney Transplantation,Chlorthalidone,Chlorthalidone,Phase 3,0,0,0,0,0,,0.0,0,18.0,reliable,0.05406159780725397
1907,1,0.3079750128992,NCT02644525,Loiasis,Imatinib Mesylate,Imatinib 200mg,Phase 2,0,0,0,0,0,,0.0,0,44.0,reliable,0.3079750128992
1908,1,0.058423733932296384,NCT02647762,Rheumatoid Arthritis,Piclidenoson,CF101 1mg,Phase 3,0,0,0,0,0,,,0,52.0,low_confidence,0.058423733932296384
1909,0,0.0019304507344641425,NCT02648347,anemia,Vadadustat,Vadadustat,Phase 3,0,0,0,0,0,,0.0,0,29.0,reliable,0.0019304507344641425
1910,0,0.32958605843513833,NCT02650609,Chronic Subdural Hematomas,Methylprednisolone,Methylprednisolone,Phase 3,0,0,0,0,0,,0.0,0,22.0,reliable,0.32958605843513833
1911,0,0.5697563999273383,NCT02650791,Hematologic Neoplasms,Tranexamic Acid,Prophylactic Tranexamic Acid,Phase 3,1,0,0,0,0,,0.0,0,15.0,reliable,0.5697563999273383
1912,0,0.011278659859784042,NCT02651155,constipation,Lubiprostone,Lubiprostone 24 μg,Phase 3,0,0,0,0,0,,0.0,0,75.0,low_confidence,0.011278659859784042
1914,0,0.17168738245189427,NCT02655965,Locoregional Analgesia in Breast Surgery,Ropivacaine; Clonidine,Ropivacaine + Clonidine,Phase 3,0,1,0,0,0,,0.0,0,81.0,low_confidence,0.17168738245189427
1915,1,0.1266584305410258,NCT02664649,Symptomatic Aortic Stenosis; Eligible for Transcatheter Aortic Valve Replacement,Apixaban,Apixaban,Phase 3,0,0,0,0,0,,0.0,0,22.0,reliable,0.1266584305410258
1916,0,0.2840898764731683,NCT02670538,Treatment of the Depressive Episode in Participants With Bipolar I Disorder,Cariprazine,Cariprazine 1.5 mg,Phase 3,0,0,1,0,1,endpoint_surrogate_pass,0.0,0,78.0,low_confidence,0.15
1917,0,0.8311002916617302,NCT02670551,Depression,Cariprazine,Cariprazine 1.5 mg,Phase 3,0,0,1,0,1,endpoint_surrogate_pass,0.0,0,90.0,low_confidence,0.15
1918,1,0.5564004470993703,NCT02670720,Hereditary Angioedema; HAE,avoralstat,avoralstat,Phase 3,0,0,0,0,0,,,0,,unscored,0.5564004470993703
1919,0,0.29900467875326087,NCT02672527,Soft Tissue Sarcoma,Trabectedin,TRA,Phase 3,1,1,0,0,0,,0.0,0,,unscored,0.29900467875326087
1920,0,0.005652702628016639,NCT02675205,Cerebral Aneurysm,Clopidogrel,clopidogrel-aspirin,Phase 3,0,1,0,0,0,,0.0,0,44.0,reliable,0.005652702628016639
1921,0,0.033355712701021514,NCT02675205,Cerebral Aneurysm,Ticagrelor,ticagrelor-aspirin,Phase 3,0,1,0,0,0,,0.0,0,44.0,reliable,0.033355712701021514
1922,0,0.09313242549973831,NCT02675426,Rheumatoid Arthritis,Upadacitinib,Placebo / Upadacitinib 15 mg,Phase 3,0,0,0,0,0,,0.0,0,52.0,low_confidence,0.09313242549973831
1923,0,0.43467693214021763,NCT02677896,Prostate Cancer,Enzalutamide,Enzalutamide + Androgen Deprivation Therapy (ADT),Phase 3,1,0,0,0,0,,0.0,0,22.0,reliable,0.43467693214021763
1924,1,0.24784568878071317,NCT02679261,Bicuspid Aortic Valve,Atorvastatin,Atorvastatin,Phase 3,0,0,0,0,0,,0.0,0,22.0,reliable,0.24784568878071317
1927,0,0.0019304507344641425,NCT02680574,anemia,Vadadustat,Vadadustat,Phase 3,0,0,0,0,0,,0.0,0,29.0,reliable,0.0019304507344641425
1928,1,0.848561752663804,NCT02683213,Stroke,Fluoxetine,Fluoxetine,Phase 3,0,0,0,0,0,,0.0,0,22.0,reliable,0.848561752663804
1929,0,0.44999012527007415,NCT02684006,Cell Cancer,Sunitinib,Sunitinib,Phase 3,1,0,0,0,0,,0.0,0,15.0,reliable,0.44999012527007415
1930,0,0.5697563999273383,NCT02684851,Acetabular Fractures,Tranexamic Acid,Tranexamic,Phase 3,0,0,0,0,0,,0.0,0,25.0,reliable,0.5697563999273383
1931,1,0.3790758254387129,NCT02687542,Parkinson's Disease,Tavapadon,PF-06649751 high dose (15 mg QD),Phase 2,0,0,0,0,0,,0.0,0,58.0,low_confidence,0.3790758254387129
1932,1,0.526048247290362,NCT02687815,Asthma,Cholecalciferol,vitamin D3,Phase 2,0,0,0,0,0,,-1.0,1,50.0,low_confidence,0.526048247290362
1933,0,0.16473783975062894,NCT02688140,Acute Promyelocytic Leukemia,Arsenic trioxide,Arm A,Phase 3,1,1,0,0,0,,,0,,unscored,0.16473783975062894
1934,0,0.07983470429137636,NCT02688400,Osteoarthritis,Diacerein,Diacerein,Phase 3,0,0,0,0,0,,0.0,0,80.0,low_confidence,0.07983470429137636
1935,0,0.09075237810925377,NCT02688400,Osteoarthritis,Celecoxib,Celecoxib,Phase 3,0,0,0,0,0,,0.0,0,80.0,low_confidence,0.09075237810925377
1936,0,0.45772540878921497,NCT02689778,diabetic nephropathy,Pirfenidone,Pirfenidone,Phase 3,0,0,0,0,0,,0.0,0,19.0,reliable,0.45772540878921497
1937,1,0.4628741770129182,NCT02691182,Attention Deficit Hyperactivity Disorder (ADHD),Molindone,Open-label treatment with SPN-810,Phase 3,0,0,0,0,0,,0.0,0,62.0,low_confidence,0.4628741770129182
1939,0,0.36338115021362877,NCT02694328,Schizophrenia,Olanzapine,Olanzapine,Phase 3,0,0,1,0,1,endpoint_surrogate_pass,0.0,0,70.0,low_confidence,0.15
1940,0,0.007377682834855989,NCT02695719,chronic idiopathic constipation,Lubiprostone,Lubiprostone 24 μg,Phase 3,0,0,0,0,0,,0.0,0,75.0,low_confidence,0.007377682834855989
1941,0,0.01574339554217017,NCT02695771,Urinary Bladder Neoplasms,Mitomycin C,Mitomycin C,Phase 3,1,0,0,1,1,oncology_cytotoxic_monotherapy,0.0,0,15.0,reliable,0.01574339554217017
1942,0,0.021969860719524323,NCT02695771,Urinary Bladder Neoplasms,Gemcitabine,Gemcitabine,Phase 3,1,0,0,1,1,oncology_cytotoxic_monotherapy,0.0,0,15.0,reliable,0.021969860719524323
1943,0,0.44070459621613106,NCT02696434,Use in Conjunction With Buprenorphine in Adults With Opioid Use Disorder,Naltrexone,NTX + BUP,Phase 3,0,1,0,0,0,,0.0,0,59.0,low_confidence,0.44070459621613106
1944,0,0.2664216319054199,NCT02697734,pituitary-dependent Cushing's disease,osilodrostat,osilodrostat Group,Phase 3,0,0,0,0,0,,0.0,0,29.0,reliable,0.2664216319054199
1945,0,0.0028093313930325414,NCT02698995,Postoperative Pain,Dexamethasone,Group B,Phase 3,0,1,0,0,0,,0.0,0,81.0,low_confidence,0.0028093313930325414
1946,1,0.4078582905956217,NCT02699385,Gastroenteritis,Domperidone,Oral Rehydration Therapy (ORT) + Domperidone,Phase 3,0,0,0,0,0,,0.0,0,44.0,reliable,0.4078582905956217
1947,0,0.0021975099892138977,NCT02700815,Acute Pain,Capsaicin,Diclofenac and capsaicin,Phase 3,0,1,0,0,0,,0.0,0,81.0,low_confidence,0.0021975099892138977
1948,0,0.5697563999273383,NCT02702128,Peri-operative Hemorrhage or Hematoma; Surgery; Retrognathism,Tranexamic Acid,Tranexamic acid,Phase 3,0,0,0,0,0,,0.0,0,22.0,reliable,0.5697563999273383
1949,1,0.6449829519568925,NCT02703363,Depression,Celecoxib,Celecoxib with TAU,Phase 3,0,0,0,0,0,,0.0,0,90.0,low_confidence,0.6449829519568925
1950,1,0.6958752193405655,NCT02703363,Depression,Minocycline; Celecoxib,Minocycline and celecoxib with TAU,Phase 3,0,1,0,0,0,,0.0,0,90.0,low_confidence,0.6958752193405655
1951,1,0.38380335925333087,NCT02704403,Nonalcoholic Steatohepatitis (NASH) With Fibrosis,Elafibranor,120 mg Elafibranor,Phase 3,0,0,0,0,0,,0.0,0,29.0,reliable,0.38380335925333087
1953,0,0.3805323797195106,NCT02705573,"Kidney Transplantation, Mannitol",Mannitol,Mannitol 20%,Phase 3,0,0,0,0,0,,0.0,0,22.0,reliable,0.3805323797195106
1954,0,0.004420472300843803,NCT02706054,Low Back Pain,Meloxicam,M-group,Phase 3,0,0,0,0,0,,0.0,0,84.0,low_confidence,0.004420472300843803
1955,1,0.07640153094947538,NCT02706730,Meniere's Disease,Dexamethasone,OTO-104,Phase 3,0,0,0,0,0,,,0,,unscored,0.07640153094947538
1956,0,0.09313242549973831,NCT02706847,Rheumatoid Arthritis,Upadacitinib,Upadacitinib 15 mg,Phase 3,0,0,0,0,0,,0.0,0,52.0,low_confidence,0.09313242549973831
1957,0,0.25220007085848156,NCT02706873,Rheumatoid Arthritis,Methotrexate,Methotrexate,Phase 3,0,0,0,0,0,,0.0,0,52.0,low_confidence,0.25220007085848156
1958,0,0.09313242549973831,NCT02706873,Rheumatoid Arthritis,Upadacitinib,Upadacitinib 15 mg,Phase 3,0,0,0,0,0,,0.0,0,52.0,low_confidence,0.09313242549973831
1959,0,0.22766051757474098,NCT02706951,Rheumatoid Arthritis,Methotrexate,Methotrexate / Upadacitinib 15 mg,Phase 3,0,1,0,0,0,,0.0,0,52.0,low_confidence,0.22766051757474098
1960,0,0.012672473082660623,NCT02715726,Hypercholesterolemia,ezetimibe,Ezetimibe 10 mg,Phase 3,0,1,0,0,0,,,0,22.0,reliable,0.012672473082660623
1961,0,0.501107671084318,NCT02717195,Schizophrenia,Risperidone,"DBT Period, Continued treatment from PC Period [Risperidone]",Phase 3,0,0,0,0,0,,,0,70.0,low_confidence,0.501107671084318
1962,0,0.36338115021362877,NCT02717195,Schizophrenia,Olanzapine,"DBT Period, Continued treatment from PC Period [Olanzapine]",Phase 3,0,0,0,0,0,,,0,70.0,low_confidence,0.36338115021362877
1963,1,0.07640153094947538,NCT02717442,Meniere's Disease,Dexamethasone,OTO-104,Phase 3,0,0,0,0,0,,,0,,unscored,0.07640153094947538
1964,1,0.24226153747010368,NCT02722369,Lung Cancer,Hydroxychloroquine,Investigational Arm,Phase 2,1,1,0,0,0,,0.0,0,22.0,reliable,0.24226153747010368
1965,1,0.17595125348112642,NCT02723383,alcohol use disorder,Baclofen,BACLOFEN,Phase 3,0,0,0,0,0,,0.0,0,59.0,low_confidence,0.17595125348112642
1966,0,0.07640153094947538,NCT02725008,Pediatric Asthma,Dexamethasone,Investigational,Phase 3,0,0,0,0,0,,0.0,0,42.0,reliable,0.07640153094947538
1967,0,0.024986386845624407,NCT02725411,Low Back Pain,Celecoxib,Celecoxib,Phase 3,0,0,0,0,0,,0.0,0,84.0,low_confidence,0.024986386845624407
1968,1,0.0021342757923046144,NCT02725593,Type 2 Diabetes Mellitus,Dapagliflozin,Dapagliflozin,Phase 3,0,0,1,0,1,endpoint_surrogate_pass,0.0,0,25.0,reliable,0.0021342757923046144
1969,0,0.027891516516447817,NCT02729441,Diabetes; Microalbuminuria,ramipril,Ramipril,Phase 3,0,0,0,0,0,,0.0,0,19.0,reliable,0.027891516516447817
1970,0,0.11395996734746312,NCT02729441,Diabetes; Microalbuminuria,perindopril,Perindopril,Phase 3,0,0,0,0,0,,0.0,0,19.0,reliable,0.11395996734746312
1971,0,0.011278659859784042,NCT02729909,constipation,Lubiprostone,Lubiprostone 24 μg,Phase 3,0,0,0,0,0,,0.0,0,75.0,low_confidence,0.011278659859784042
1972,0,0.8440899067880581,NCT02731612,Bipolar Disorder,lurasidone,Lurasidone,Phase 3,0,0,0,0,0,,,0,75.0,low_confidence,0.8440899067880581
1973,0,0.3017885418635737,NCT02732912,sleep disorder,Zopiclone,Eye mask and ear plugs,Phase 3,0,0,0,0,0,,0.0,0,67.0,low_confidence,0.3017885418635737
1974,0,0.00895583710169202,NCT02735343,Headache,Compazine,Standard treatment arm,Phase 3,0,0,0,0,0,,0.0,0,81.0,low_confidence,0.00895583710169202
1975,0,0.008771082985146075,NCT02735343,Headache,Ketamine,Research arm,Phase 3,0,0,0,0,0,,0.0,0,81.0,low_confidence,0.008771082985146075
1976,0,0.07640153094947538,NCT02736175,Post-Surgical Ocular Pain; Post-Surgical Ocular Inflammation,Dexamethasone,OTX-DP,Phase 3,0,0,0,0,0,,0.0,0,81.0,low_confidence,0.07640153094947538
1977,0,0.5159529567795137,NCT02736955,Tardive Dyskinesia,Valbenazine,Valbenazine,Phase 3,0,0,0,0,0,,0.0,0,44.0,reliable,0.5159529567795137
1978,0,0.4095231834375177,NCT02737501,Non-Small Cell Lung Cancer,Crizotinib,Randomized Phase: Crizotinib 250 mg BID,Phase 3,1,0,0,0,0,,0.0,0,15.0,reliable,0.4095231834375177
1979,0,0.5145467712392746,NCT02737501,Non-Small Cell Lung Cancer,Brigatinib,Crossover Phase: Brigatinib 90 mg QD/180 mg QD,Phase 3,1,0,0,0,0,,0.0,0,15.0,reliable,0.5145467712392746
1980,0,0.04932592659650064,NCT02738879,Type 2 Diabetes Mellitus,Sitagliptin,Sitagliptin,Phase 3,0,1,1,0,1,endpoint_surrogate_pass,0.0,0,25.0,reliable,0.04932592659650064
1981,0,0.522814801803619,NCT02741791,Major Depressive Disorder,Bupropion,Bupropion,Phase 3,0,0,0,0,0,,0.0,0,90.0,low_confidence,0.522814801803619
1982,0,0.4240990203370574,NCT02744495,postoperative nausea and vomiting,Droperidol,postoperative nausea and vomiting risk factors,Phase 3,0,1,0,0,0,,,0,,unscored,0.4240990203370574
1983,0,0.012391695659444067,NCT02746185,Venous Thromboembolism,rivaroxaban,Rivaroxaban,Phase 3,0,0,0,0,0,,0.0,0,22.0,reliable,0.012391695659444067
1984,0,0.10341407207992452,NCT02746744,Multiple Sclerosis,Dimethyl fumarate,Dimethyl Fumarate,Phase 3,0,0,0,0,0,,,0,50.0,low_confidence,0.10341407207992452
1985,0,0.4551469296911371,NCT02748057,Hypercholesterolemia; Familial Hypercholesterolemia,Ezetimibe; Rosuvastatin,Ezetimibe 10 mg + Rosuvastatin 2.5 mg,Phase 3,0,1,0,0,0,,0.0,0,18.0,reliable,0.4551469296911371
1986,0,0.0011759345987241714,NCT02749162,pain,Dexamethasone phosphate,Group B,Phase 3,0,1,0,0,0,,,0,88.0,low_confidence,0.0011759345987241714
1987,0,0.01972531548527417,NCT02749994,Hypercholesterolemia,Ezetimibe,R10/E10,Phase 3,0,1,1,0,1,endpoint_surrogate_pass,0.0,0,22.0,reliable,0.01972531548527417
1988,0,0.2555441363597547,NCT02750293,vitamin D deficiency,Cholecalciferol,cholecalciferol,Phase 3,0,0,0,0,0,,0.0,0,29.0,reliable,0.2555441363597547
1989,0,0.9921205820147627,NCT02750306,Alzheimer's Disease,Suvorexant,Suvorexant,Phase 3,0,0,1,0,1,endpoint_surrogate_pass,0.0,0,60.0,low_confidence,0.15
1990,0,0.008951736152372144,NCT02750917,pain,Lornoxicam,GROUP LORNOXICAM,Phase 3,0,0,0,0,0,,0.0,0,88.0,low_confidence,0.008951736152372144
1991,0,0.0183340126484205,NCT02750917,pain,Etoricoxib,GROUP ETORICOXIB,Phase 3,0,0,0,0,0,,0.0,0,88.0,low_confidence,0.0183340126484205
1992,0,0.48233762167194455,NCT02751632,Psychotic Disorders; Personality Disorders; Clinical High Risk,Fluoxetine,Step 3- Regular CBCM + Fluoxetine,Phase 3,0,0,0,0,0,,0.0,0,65.0,low_confidence,0.48233762167194455
1993,0,0.6772861780378332,NCT02751931,Neurogenic Detrusor Overactivity,Mirabegron,Adolescents (12 to < 18 Years),Phase 3,0,0,0,0,0,,1.0,0,44.0,reliable,0.6772861780378332
1994,0,0.887527373237193,NCT02752035,Acute Myeloid Leukemia,gilteritinib,Randomized Cohort: AZA,Phase 3,1,1,0,0,0,,0.0,0,24.0,reliable,0.887527373237193
1995,0,0.08272452507481858,NCT02752971,Postoperative Pain,Bupivacaine,Bupivacaine,Phase 3,0,0,0,0,0,,0.0,0,81.0,low_confidence,0.08272452507481858
1996,0,0.06273374454270962,NCT02752971,Postoperative Pain,Bupivacaine; Sodium diclofenac,"Bupivacaine, sodium diclofenac",Phase 3,0,1,0,0,0,,0.0,0,81.0,low_confidence,0.06273374454270962
1997,0,0.05606926044210407,NCT02752971,Postoperative Pain,Sodium diclofenac,Sodium diclofenac,Phase 3,0,0,0,0,0,,0.0,0,81.0,low_confidence,0.05606926044210407
1998,0,0.35241948572889603,NCT02753127,Metastatic Colorectal Cancer,Napabucasin,Napabucasin plus FOLFIRI,Phase 3,1,1,0,0,0,,,0,15.0,reliable,0.35241948572889603
2004,0,0.017170930608313418,NCT02755597,Multiple Myeloma,Venetoclax,Venetoclax + Bortezomib and Dexamethasone,Phase 3,1,1,0,0,0,,0.0,0,24.0,reliable,0.017170930608313418
2005,0,0.030684080763576305,NCT02756611,Chronic Lymphocytic Leukemia,Venetoclax,Venetoclax,Phase 3,1,0,0,0,0,,0.0,0,24.0,reliable,0.030684080763576305
2006,0,0.07275054956666713,NCT02758340,Labor pain,Misoprostol,M+F=MISOPROSTOL+FOLEY'S BALLOON CATHETER,Phase 3,0,0,0,0,0,,0.0,0,81.0,low_confidence,0.07275054956666713
2007,0,0.8754671663454024,NCT02766777,functional constipation,Lubiprostone,Lubiprostone,Phase 3,0,0,0,0,0,,0.0,0,75.0,low_confidence,0.8754671663454024
2008,1,0.07640153094947538,NCT02768662,Meniere's Disease,Dexamethasone,OTO-104,Phase 3,0,0,0,0,0,,,0,,unscored,0.07640153094947538
2009,1,0.5132946751144793,NCT02772965,Pediatric Crohn's Disease,Methotrexate,Methotrexate,Phase 3,0,0,0,0,0,,0.0,0,44.0,reliable,0.5132946751144793
2010,0,0.5697563999273383,NCT02775773,Post Partum Haemorrhage,Tranexamic Acid,arm A (TXA),Phase 3,0,0,0,0,0,,0.0,0,22.0,reliable,0.5697563999273383
2011,0,0.006751693758271582,NCT02778880,Pain; Traumatic Limb Injury,Ketamine,Ketamine,Phase 3,0,0,0,0,0,,0.0,0,81.0,low_confidence,0.006751693758271582
2012,0,0.018743952967538186,NCT02778880,Pain; Traumatic Limb Injury,Fentanyl,Fentanyl,Phase 3,0,0,0,0,0,,0.0,0,81.0,low_confidence,0.018743952967538186
2013,0,0.0035197145070463994,NCT02779764,anemia of chronic kidney disease,roxadustat,ASP1517 Group,Phase 3,0,0,0,0,0,,0.0,0,29.0,reliable,0.0035197145070463994
2014,1,0.4099278303856003,NCT02779777,Myelodysplastic Syndromes,Tipifarnib,Regimen 1: Tipifarnib,Phase 2,0,0,0,0,0,,0.0,0,18.0,reliable,0.4099278303856003
2015,0,0.0035197145070463994,NCT02780141,anemia of chronic kidney disease,roxadustat,ASP1517 High dose Group,Phase 3,0,0,0,0,0,,0.0,0,29.0,reliable,0.0035197145070463994
2016,0,0.0035197145070463994,NCT02780726,anemia of chronic kidney disease,roxadustat,ASP1517 ESAs Treated Group,Phase 3,0,0,0,0,0,,0.0,0,29.0,reliable,0.0035197145070463994
2017,0,0.5697563999273383,NCT02781597,Hemoptysis,Tranexamic Acid,Tranexamic acid,Phase 3,0,0,0,0,0,,0.0,0,44.0,reliable,0.5697563999273383
2018,1,0.9637115786941945,NCT02783573,Alzheimer's Disease,Lanabecestat,Lanabecestat 20 milligrams (mg),Phase 3,0,0,0,0,0,,0.0,0,60.0,low_confidence,0.9637115786941945
2019,0,0.2267115629495088,NCT02783729,insomnia,Lemborexant,Lemborexant 10 mg,Phase 3,0,0,0,0,0,,0.0,0,82.0,low_confidence,0.2267115629495088
2020,0,0.045090011684873164,NCT02783729,insomnia,Zolpidem tartrate,Zolpidem tartrate,Phase 3,0,0,0,0,0,,0.0,0,82.0,low_confidence,0.045090011684873164
2022,1,0.3303987896262502,NCT02790034,Rett Syndrome,Sarizotan low dose,Sarizotan low dose,Phase 2/3,0,0,0,0,0,,,0,,unscored,0.3303987896262502
2023,1,0.3303987896262502,NCT02790034,Rett Syndrome,Sarizotan high dose,Sarizotan high dose,Phase 2/3,0,0,0,0,0,,,0,,unscored,0.3303987896262502
2024,0,0.4348315623981486,NCT02791230,transthyretin amyloid cardiomyopathy,Tafamidis,Tafamidis,Phase 3,0,0,0,0,0,,0.0,0,22.0,reliable,0.4348315623981486
2025,0,0.062405680550125,NCT02791490,Type 2 Diabetes Mellitus,Sitagliptin,Sitagliptin,Phase 3,0,1,1,0,1,endpoint_surrogate_pass,0.0,0,25.0,reliable,0.062405680550125
2026,0,0.008349975530346276,NCT02793375,Pain,Montelukast,Study group,Phase 3,0,0,0,0,0,,,0,88.0,low_confidence,0.008349975530346276
2027,0,0.07077536979698987,NCT02794441,Migraine,Dexamethasone,Dexamethasone,Phase 3,0,0,0,0,0,,0.0,0,78.0,low_confidence,0.07077536979698987
2028,0,0.2575625921902386,NCT02798471,Venous Thromboembolism (VTE); Pulmonary Embolism; Deep Vein Thrombosis (DVT),Edoxaban,Edoxaban,Phase 3,0,0,0,0,0,,0.0,0,22.0,reliable,0.2575625921902386
2029,0,0.006351698890816601,NCT02802345,Idiopathic Pulmonary Fibrosis,Sildenafil,Nintedanib + Sildenafil,Phase 3,0,1,0,0,0,,0.0,0,40.0,reliable,0.006351698890816601
2032,0,0.00836852115968961,NCT02806713,pain,Phenazopyridine,phenazopyridine,Phase 3,0,0,0,0,0,,0.0,0,88.0,low_confidence,0.00836852115968961
2033,0,0.006565308093922563,NCT02811978,Multiple Myeloma,Bortezomib,Group 1 : Intravenous Bortezomib plus Dexamethasone,Phase 3,1,1,0,0,0,,0.0,0,24.0,reliable,0.006565308093922563
2034,1,0.5074415319185848,NCT02814019,Duchenne Muscular Dystrophy (DMD),Idebenone,idebenone 150 mg film-coated tablets,Phase 3,0,0,0,0,0,,0.0,0,32.0,reliable,0.5074415319185848
2035,0,0.024028833768696262,NCT02815709,pain,Oliceridine,Treatment 1 Oliceridine,Phase 3,0,0,0,0,0,,0.0,0,88.0,low_confidence,0.024028833768696262
2036,0,0.0706181682919122,NCT02815709,pain,Morphine,Morphine,Phase 3,0,0,0,0,0,,0.0,0,88.0,low_confidence,0.0706181682919122
2037,1,0.9790117366786093,NCT02817906,Alzheimer's Disease,Lumateperone,ITI-007,Phase 3,0,0,0,0,0,,0.0,0,60.0,low_confidence,0.9790117366786093
2038,0,0.43823480125772585,NCT02818738,Maintaining Remission After the First Flare of Steroid Sensitive Nephrotic Syndrome,Levamisole Hydrochloride,Levamisole Hydrochloride,Phase 3,0,0,0,0,0,,0.0,0,44.0,reliable,0.43823480125772585
2039,0,0.024028833768696262,NCT02820324,pain,Oliceridine,Treatment 1 Oliceridine,Phase 3,0,0,0,0,0,,0.0,0,88.0,low_confidence,0.024028833768696262
2040,0,0.0706181682919122,NCT02820324,pain,Morphine,Treatment 5 Morphine,Phase 3,0,0,0,0,0,,0.0,0,88.0,low_confidence,0.0706181682919122
2042,1,0.01260771020176632,NCT02821169,Pain,ropivacaine,ropivacaine (2mg/ml),Phase 3,0,0,0,0,0,,0.0,0,88.0,low_confidence,0.01260771020176632
2043,0,0.4009410372386816,NCT02823353,primary biliary cirrhosis,Fenofibrate,Fenofibrate + UDCA,Phase 3,0,1,0,0,0,,0.0,0,29.0,reliable,0.4009410372386816
2044,0,0.0036547552513872365,NCT02828020,migraine,Ubrogepant,Ubrogepant 100 mg,Phase 3,0,0,0,0,0,,0.0,0,78.0,low_confidence,0.0036547552513872365
2045,0,0.019247534877692672,NCT02830906,Postoperative Nausea and Vomiting,ramosetron,ramosetron group,Phase 3,0,0,0,0,0,,0.0,0,75.0,low_confidence,0.019247534877692672
2046,0,0.011119320370053953,NCT02830906,Postoperative Nausea and Vomiting,Ondansetron,ondansetron group,Phase 3,0,0,0,0,0,,0.0,0,75.0,low_confidence,0.011119320370053953
2047,0,0.014885076166967798,NCT02831569,Pain,Loxoprofen sodium; Methocarbamol,Loxoprofen sodium/methocarbamol FDC,Phase 3,0,1,0,0,0,,0.0,0,88.0,low_confidence,0.014885076166967798
2048,0,0.005652702628016639,NCT02833948,Aortic Valve Stenosis; Cardiovascular Diseases; Heart Valve Diseases; Ventricular Outflow Obstruction; Thrombosis,Clopidogrel,ASA + Clopidogrel,Phase 3,0,1,0,0,0,,0.0,0,22.0,reliable,0.005652702628016639
2049,0,0.005872276278667381,NCT02833948,Aortic Valve Stenosis; Cardiovascular Diseases; Heart Valve Diseases; Ventricular Outflow Obstruction; Thrombosis,Rivaroxaban,Rivaroxaban + ASA,Phase 3,0,1,0,0,0,,0.0,0,22.0,reliable,0.005872276278667381
2050,0,0.40176807102878537,NCT02835586,Critical Ischemia,Paclitaxel,paclitaxel delivery in femoropopliteal artery,Phase 3,0,0,0,0,0,,0.0,0,22.0,reliable,0.40176807102878537
2051,0,0.40870862316990636,NCT02839642,Classical progressive supranuclear palsy,Rivastigmine,Rivastigmine,Phase 3,0,0,0,0,0,,0.0,0,44.0,reliable,0.40870862316990636
2052,0,0.005153590962677755,NCT02846532,Thrombosis,Rivaroxaban,Rivaroxaban,Phase 3,0,0,0,0,0,,0.0,0,22.0,reliable,0.005153590962677755
2053,0,0.007590619480288793,NCT02846532,Thrombosis,Acetylsalicylic Acid,Acetylsalicylic Acid,Phase 3,0,0,0,0,0,,0.0,0,22.0,reliable,0.007590619480288793
2054,0,0.3790758254387129,NCT02847650,Parkinson's Disease,PF-06649751,PF-06649751,Phase 2,0,0,0,0,0,,0.0,0,58.0,low_confidence,0.3790758254387129
2055,0,0.07081673069774559,NCT02849080,Type 2 Diabetes Mellitus,sitagliptin,Sitagliptin 100 mg,Phase 3,0,0,1,0,1,endpoint_surrogate_pass,0.0,0,25.0,reliable,0.07081673069774559
2056,0,0.04967719076993196,NCT02849626,epilepsy,Perampanel,Perampanel,Phase 3,0,0,0,0,0,,0.0,0,48.0,reliable,0.04967719076993196
2057,1,0.11318423596186507,NCT02851745,Type 2 DiAbetes Mellitus,Linagliptin,Linagliptin,Phase 3,0,0,0,0,0,,0.0,0,25.0,reliable,0.11318423596186507
2058,0,0.620501005885312,NCT02851797,Duchenne muscular dystrophy,givinostat,givinostat,Phase 3,0,0,0,0,0,,0.0,0,32.0,reliable,0.620501005885312
2059,0,0.37255974409371423,NCT02855944,Primary Peritoneal Cancer,Rucaparib,Rucaparib,Phase 3,1,0,0,0,0,,0.0,0,15.0,reliable,0.37255974409371423
2060,1,0.990934714126775,NCT02858362,Duchenne Muscular Dystrophy,Ezutromid,Cohort 1: SMT C1100 Formulation 1,Phase 2,0,0,0,0,0,,0.0,0,32.0,reliable,0.990934714126775
2061,0,0.4423205375809215,NCT02859727,Activated PI3Kdelta Syndrome (APDS); PASLI Disease,Leniolisib Phosphate,CDZ173,Phase 2/3,0,0,0,0,0,,,0,,unscored,0.4423205375809215
2062,0,0.012736692952787685,NCT02861534,heart failure,Vericiguat,Vericiguat,Phase 3,0,0,0,0,0,,0.0,0,40.0,reliable,0.012736692952787685
2063,0,0.0315716956143618,NCT02861859,Chemotherapy-Induced Nausea and Vomiting,Olanzapine,Olanzapine,Phase 3,0,0,0,0,0,,0.0,0,75.0,low_confidence,0.0315716956143618
2064,1,0.6516922762888615,NCT02862600,"Cardiomyopathy, Hypertrophic; Cardiomyopathy, Hypertrophic, Familial",Perhexiline,Perhexiline,Phase 2,0,0,0,0,0,,0.0,0,22.0,reliable,0.6516922762888615
2065,0,0.020043791655948336,NCT02863328,Type 2 Diabetes Mellitus,empagliflozin,25 mg empagliflozin,Phase 3,0,0,1,0,1,endpoint_surrogate_pass,0.0,0,25.0,reliable,0.020043791655948336
2066,0,0.04301521186516487,NCT02863575,Pain,Caffeine,Ibuprofen/Caffeine,Phase 3,0,1,0,0,0,,0.0,0,88.0,low_confidence,0.04301521186516487
2067,0,0.008995539501143086,NCT02863718,Chronic Lymphocytic Leukemia,Ibrutinib,Ibrutinib 420mg/d,Phase 3,1,0,0,0,0,,0.0,0,24.0,reliable,0.008995539501143086
2068,0,0.0019304507344641425,NCT02865850,anemia,Vadadustat,Vadadustat,Phase 3,0,0,0,0,0,,0.0,0,29.0,reliable,0.0019304507344641425
2069,0,0.007387060334731616,NCT02866175,Atrial Fibrillation,Edoxaban,Edoxaban Regimen,Phase 3,0,1,0,0,0,,0.0,0,22.0,reliable,0.007387060334731616
2070,1,0.32069374940378503,NCT02867280,Hepatocellular Carcinoma; Recurrence,Sorafenib,Sorafenib,Phase 3,1,0,0,0,0,,0.0,0,15.0,reliable,0.32069374940378503
2071,0,0.0036547552513872365,NCT02867709,migraine,Ubrogepant,Ubrogepant 25 mg,Phase 3,0,0,0,0,0,,0.0,0,78.0,low_confidence,0.0036547552513872365
2072,0,0.3160507875843094,NCT02869009,Ischemic Stroke,clopidogrel,clopidogrel plus aspirin group,Phase 3,0,1,0,0,0,,0.0,0,22.0,reliable,0.3160507875843094
2073,0,0.38841878946497915,NCT02870478,Myopia,Atropine,0.01% atropine twice per week,Phase 3,0,0,0,0,0,,0.0,0,44.0,reliable,0.38841878946497915
2074,1,0.8080886761569236,NCT02871297,"Depressive Disorder, Major",Vortioxetine,Vortioxetine,Phase 3,0,0,0,0,0,,0.0,0,78.0,low_confidence,0.8080886761569236
2075,0,0.3919852562189375,NCT02873026,ocular trauma,Triamcinolone Acetonide,Triamcinolone acetonide,Phase 3,0,0,0,0,0,,0.0,0,49.0,low_confidence,0.3919852562189375
2076,0,0.0036547552513872365,NCT02873221,migraine,Ubrogepant,Ubrogepant 100 mg,Phase 3,0,0,0,0,0,,0.0,0,78.0,low_confidence,0.0036547552513872365
2077,1,0.5418126179566006,NCT02873689,Heartburn; Gastroesophageal Reflux Disease,Dexlansoprazole,Dexlansoprazole 30 mg,Phase 3,0,0,0,0,0,,0.0,0,81.0,low_confidence,0.5418126179566006
2078,0,0.10202561223980189,NCT02873936,Rheumatoid Arthritis,Filgotinib,Filgotinib 100 mg,Phase 3,0,1,0,0,0,,0.0,0,52.0,low_confidence,0.10202561223980189
2080,0,0.011341904706569173,NCT02876835,anemia,Daprodustat,Daprodustat,Phase 3,0,1,0,0,0,,0.0,0,29.0,reliable,0.011341904706569173
2083,0,0.45379427915448084,NCT02879305,aspergillosis,Daprodustat,Daprodustat,Phase 3,0,1,0,0,0,,0.0,0,44.0,reliable,0.45379427915448084
2084,0,0.017582231354447732,NCT02880540,Obesity,Dexmedetomidine,Dexmedetomidine Treated,Phase 3,0,0,1,0,1,endpoint_surrogate_pass,0.0,0,37.0,reliable,0.017582231354447732
2085,0,0.16350149953706047,NCT02881086,Acute Lymphoblastic Leukemia,Methotrexate,Rand I - B-Lin + i.th. MTX,Phase 3,1,0,0,0,0,,,0,,unscored,0.16350149953706047
2086,0,0.27284359961305854,NCT02885636,Congestive heart failure,Albuterol,Inhaled albuterol,Phase 3,0,0,0,0,0,,-1.0,1,22.0,reliable,0.5
2087,0,0.10202561223980189,NCT02886728,Rheumatoid Arthritis,Filgotinib,Filgotinib 100 mg + MTX,Phase 3,0,1,0,0,0,,0.0,0,52.0,low_confidence,0.10202561223980189
2088,0,0.10202561223980189,NCT02889796,Rheumatoid Arthritis,Filgotinib,Filgotinib 100 mg,Phase 3,0,1,0,0,0,,0.0,0,52.0,low_confidence,0.10202561223980189
2089,0,0.004779945258641797,NCT02890173,Essential Hypertension,Eplerenone,Eplerenone,Phase 3,0,0,1,0,1,endpoint_surrogate_pass,0.0,0,18.0,reliable,0.004779945258641797
2090,0,0.0019304507344641425,NCT02892149,anemia,Vadadustat,Vadadustat,Phase 3,0,0,0,0,0,,0.0,0,29.0,reliable,0.0019304507344641425
2091,1,0.26181642737117283,NCT02892916,Post Operative Cognitive Dysfunction,Ketamine,Ketamine,Phase 3,0,0,0,0,0,,0.0,0,44.0,reliable,0.26181642737117283
2092,1,0.23420201672269583,NCT02896205,Systemic Sclerosis; Scleroderma; Interstitial Lung Disease,Mycophenolate mofetil,Mycophenolate mofetil,Phase 3,0,0,0,0,0,,0.0,0,44.0,reliable,0.23420201672269583
2093,0,0.11229304695785258,NCT02896621,Hypertension; Sleep Apnea,Chlorthalidone; amiloride,Chlorthalidone plus amiloride,Phase 3,0,1,0,0,0,,0.0,0,18.0,reliable,0.11229304695785258
2094,0,0.09886382695705878,NCT02896621,Hypertension; Sleep Apnea,Amlodipine,Amlodipine,Phase 3,0,0,0,0,0,,0.0,0,18.0,reliable,0.09886382695705878
2095,0,0.0015513248729254563,NCT02897349,"Diabetes Mellitus, Type 2",linagliptin,linagliptin,Phase 3,0,0,1,0,1,endpoint_surrogate_pass,0.0,0,19.0,reliable,0.0015513248729254563
2096,1,0.39118757443448465,NCT02898610,stroke,Colchicine,Colchicine treatment,Phase 3,0,0,0,0,0,,0.0,0,22.0,reliable,0.39118757443448465
2097,0,0.30088185934776523,NCT02900105,"Azoospermia, Nonobstructive; Oligozoospermia",Letrozole,Letrozole,Phase 3,0,0,0,0,0,,0.0,0,44.0,reliable,0.30088185934776523
2098,0,0.318391982990346,NCT02900352,alcohol use disorder measurement,Zonisamide,Zonisamide,Phase 3,0,0,0,0,0,,0.0,0,59.0,low_confidence,0.318391982990346
2099,0,0.09149077530549515,NCT02900378,Chronic Heart Failure With Reduced Ejection Fraction,Sacubitril; Valsartan,LCZ696 (Sacubitril/Valsartan),Phase 3,0,1,0,0,0,,0.0,0,22.0,reliable,0.09149077530549515
2100,0,0.06244219166162973,NCT02900378,Chronic Heart Failure With Reduced Ejection Fraction,Enalapril,Enalapril,Phase 3,0,0,0,0,0,,0.0,0,22.0,reliable,0.06244219166162973
2101,1,0.6608949843300241,NCT02901041,alcohol dependence,Zonisamide,Zonisamide & Computerized Psychotherapy,Phase 3,0,0,0,0,0,,0.0,0,59.0,low_confidence,0.6608949843300241
2102,1,0.5974493200614222,NCT02901431,Autism Spectrum Disorder,Balovaptan,Balovaptan (RO5285119) 10 mg/d equivalent,Phase 2,0,0,0,0,0,,0.0,0,62.0,low_confidence,0.5974493200614222
2103,1,0.006115929155733143,NCT02902484,Advanced Pancreatic Cancer,Nintedanib,Nintedanib Monotherapy,Phase 2,1,0,0,0,0,,0.0,0,15.0,reliable,0.006115929155733143
2104,0,0.07317358361807803,NCT02902861,Psoriasis Vulgaris,Methotrexate,methotrexate,Phase 3,0,0,0,0,0,,0.0,0,52.0,low_confidence,0.07317358361807803
2105,0,0.3375326050732962,NCT02903004,Ovarian Neoplasms,Trabectedin,Trabectedin,Phase 3,1,0,0,0,0,,0.0,0,,unscored,0.3375326050732962
2106,0,0.07640153094947538,NCT02904538,Pain Management After Surgery,Dexamethasone,Perineural group,Phase 3,0,0,0,0,0,,0.0,0,81.0,low_confidence,0.07640153094947538
2107,0,0.09982821159607243,NCT02905045,Pain Relief,Ketoprofen,Ketoprofen,Phase 3,0,0,0,0,0,,0.0,0,81.0,low_confidence,0.09982821159607243
2108,0,0.09982821159607243,NCT02905058,Pain Relief,Ketoprofen,Ketoprofen,Phase 3,0,0,0,0,0,,0.0,0,81.0,low_confidence,0.09982821159607243
2109,1,0.16336627585198538,NCT02906020,Parkinson's Disease,venglustat GZ/SAR402671,GZ/SAR402671,Phase 2,0,0,0,0,0,,,0,58.0,low_confidence,0.16336627585198538
2110,0,0.30088185934776523,NCT02912988,Subfertility,Letrozole,Letrozole group,Phase 3,0,0,0,0,0,,0.0,0,44.0,reliable,0.30088185934776523
2111,0,0.11844100483376434,NCT02913326,Thromboembolism,Dabigatran etexilate,Dabigatran etexilate,Phase 3,0,0,0,0,0,,0.0,0,22.0,reliable,0.11844100483376434
2112,0,0.010593353957319373,NCT02913326,Thromboembolism,Warfarin,Warfarin,Phase 3,0,0,0,0,0,,0.0,0,22.0,reliable,0.010593353957319373
2113,0,0.00774705007586469,NCT02914509,open-angle glaucoma,Travoprost,OTX-TP (sustained release travoprost) Intracanalicular Depot,Phase 3,0,0,0,0,0,,1.0,0,49.0,low_confidence,0.00774705007586469
2114,0,0.5206258771344845,NCT02914522,ulcerative colitis,Filgotinib,Induction Study (Cohort A): Filgotinib 100 mg,Phase 3,0,1,0,0,0,,0.0,0,50.0,low_confidence,0.5206258771344845
2115,0,0.053640631689361486,NCT02914561,Crohn's disease,Filgotinib,Cohort A: Filgotinib 100 mg (Induction Study),Phase 3,0,0,0,0,0,,0.0,0,52.0,low_confidence,0.053640631689361486
2116,0,0.26181642737117283,NCT02920528,Treatment of Acute Pain,Ketamine,low dose ketamine,Phase 3,0,0,0,0,0,,0.0,0,81.0,low_confidence,0.26181642737117283
2117,0,0.012351072150794054,NCT02924727,Acute Myocardial Infarction,Sacubitril; Valsartan,LCZ696 (sacubitril/valsartan),Phase 3,0,1,0,0,0,,0.0,0,22.0,reliable,0.012351072150794054
2118,0,0.008014967960679005,NCT02924727,Acute Myocardial Infarction,Ramipril,Ramipril,Phase 3,0,0,0,0,0,,0.0,0,22.0,reliable,0.008014967960679005
2120,1,0.2857822834466067,NCT02926170,Patients With Antiphospholipid Syndrome,Rivaroxaban,rivaroxaban,Phase 3,0,0,0,0,0,,0.0,0,18.0,reliable,0.2857822834466067
2121,0,0.05009439374753101,NCT02926950,Type 2 Diabetes Mellitus,Sotagliflozin (SAR439954),Sotagliflozin 400 mg + Metformin,Phase 3,0,1,1,0,1,endpoint_surrogate_pass,0.0,0,25.0,reliable,0.05009439374753101
2124,0,0.18566257483549597,NCT02928224,Metastatic Colorectal Cancer,Encorafenib; Binimetinib,"Safety Lead-in, Triplet Arm",Phase 3,1,1,0,0,0,,,0,15.0,reliable,0.18566257483549597
2125,0,0.39864828491650367,NCT02928224,Metastatic Colorectal Cancer,Encorafenib,Doublet Arm,Phase 3,1,1,0,0,0,,,0,15.0,reliable,0.39864828491650367
2126,1,0.4506234071333905,NCT02928445,Dementia With Lewy Bodies,Intepirdine,RVT-101 35 mg,Phase 2/3,0,0,0,0,0,,,0,,unscored,0.4506234071333905
2127,0,0.5768461741184868,NCT02929563,Gastrointestinal Hemorrhage,Pantoprazole,pantoprazole,Phase 3,0,0,0,0,0,,0.0,0,22.0,reliable,0.5768461741184868
2129,0,0.7703704759389594,NCT02932410,Pulmonary Arterial Hypertension,Macitentan,Macitentan,Phase 3,0,0,1,0,1,endpoint_surrogate_pass,0.0,0,45.0,reliable,0.15
2130,0,0.3204339865263246,NCT02934529,Metastatic Colorectal Cancer,regorafenib,A2 (third line),Phase 3,1,0,0,0,0,,,0,15.0,reliable,0.3204339865263246
2131,0,0.028929761574634765,NCT02935530,venous thromboembolism,Argatroban,Argatroban,Phase 3,0,0,0,0,0,,0.0,0,22.0,reliable,0.028929761574634765
2132,0,0.06040641687514349,NCT02937285,Multiple Sclerosis,Mitoxantrone,Experimental group,Phase 3,0,1,0,0,0,,0.0,0,50.0,low_confidence,0.06040641687514349
2135,0,0.23624758207753588,NCT02941926,Breast Cancer,Ribociclib; Letrozole; Goserelin; Leuprolide,Ribociclib + letrozole+goserelin/leuprolide,Phase 3,1,1,0,0,0,,0.0,0,22.0,reliable,0.23624758207753588
2136,0,0.007513009148367658,NCT02942576,Atrial Fibrillation,Edoxaban,Edoxaban-based regimen,Phase 3,0,0,0,0,0,,0.0,0,22.0,reliable,0.007513009148367658
2137,0,0.10040025531930996,NCT02946073,Chronic pain,buprenorphine,CAM2038,Phase 3,0,0,0,0,0,,0.0,0,81.0,low_confidence,0.10040025531930996
2138,1,0.1424592152587943,NCT02947269,postoperative ileus,Prucalopride,Intervention group,Phase 3,0,0,0,0,0,,0.0,0,42.0,reliable,0.1424592152587943
2139,0,0.00684641283677499,NCT02947347,Follicular Lymphoma,Ibrutinib Oral Capsule,(Arm A) ibrutinib + rituximab,Phase 3,1,1,0,0,0,,0.0,0,18.0,reliable,0.00684641283677499
2141,0,0.19342696232313478,NCT02949193,Diabetes,evogliptin,evogliptin,Phase 3,0,0,1,0,1,endpoint_surrogate_pass,0.0,0,25.0,reliable,0.15
2142,0,0.7686737735504783,NCT02949193,Diabetes,Sitagliptin,sitagliptin,Phase 3,0,0,1,0,1,endpoint_surrogate_pass,0.0,0,25.0,reliable,0.15
2143,0,0.08204390560559871,NCT02949674,Pain,Bupivacaine,Bupivacaine,Phase 3,0,0,0,0,0,,0.0,0,88.0,low_confidence,0.08204390560559871
2144,0,0.01260771020176632,NCT02949674,Pain,Ropivacaine,Ropivacaine,Phase 3,0,0,0,0,0,,0.0,0,88.0,low_confidence,0.01260771020176632
2145,0,0.5598257173654413,NCT02950051,Previously Untreated Chronic Lymphocytic Leukemia,Venetoclax,Rituximab + Venetoclax (RVe),Phase 3,1,1,0,0,0,,0.0,0,18.0,reliable,0.5598257173654413
2146,0,0.0035197145070463994,NCT02952092,anemia of chronic kidney disease,roxadustat,ASP1517 Group,Phase 3,0,0,0,0,0,,0.0,0,29.0,reliable,0.0035197145070463994
2147,0,0.2267115629495088,NCT02952820,insomnia,lemborexant,lemborexant 10 mg,Phase 3,0,0,0,0,0,,0.0,0,82.0,low_confidence,0.2267115629495088
2149,0,0.01435892135656482,NCT02954484,Pain,pregabalin,PREGABALIN,Phase 3,0,1,0,0,0,,,0,88.0,low_confidence,0.01435892135656482
2150,0,0.09313242549973831,NCT02955212,Rheumatoid Arthritis,Upadacitinib,Upadacitinib 15 mg,Phase 3,0,0,0,0,0,,0.0,0,52.0,low_confidence,0.09313242549973831
2151,1,0.9872378856619963,NCT02956486,Alzheimer's Disease,Elenbecestat,Core Study: Elenbecestat 50 mg,Phase 3,0,0,0,0,0,,0.0,0,60.0,low_confidence,0.9872378856619963
2152,0,0.022300547771545214,NCT02956590,obesity,Pitavastatin,Pitavastatin,Phase 3,0,0,0,0,0,,,0,37.0,reliable,0.022300547771545214
2153,0,0.1575364917325957,NCT02957786,smoking cessation,Cytisine,Cytisine plus behavioural support,Phase 3,0,0,0,0,0,,0.0,0,59.0,low_confidence,0.1575364917325957
2154,0,0.02003669483400309,NCT02957786,smoking cessation,Varenicline,Varenicline plus behavioural support,Phase 3,0,0,0,0,0,,0.0,0,59.0,low_confidence,0.02003669483400309
2155,0,0.01260771020176632,NCT02959476,Pain,Ropivacaine,Ropivacaine 0.2%,Phase 3,0,0,0,0,0,,0.0,0,88.0,low_confidence,0.01260771020176632
2156,1,0.1271268496208891,NCT02959944,Chronic Graft Versus Host Disease,ibrutinib,Ibrutinib + Prednisone,Phase 3,0,1,0,0,0,,0.0,0,22.0,reliable,0.1271268496208891
2157,1,0.5930328688059628,NCT02960217,Glucose Transporter Type 1 Deficiency Syndrome (Glut1 DS),Triheptanoin,Double Blind Placebo Followed by UX007,Phase 3,0,0,0,0,0,,0.0,0,44.0,reliable,0.5930328688059628
2158,0,0.42810522619858765,NCT02964273,Autosomal Dominant Polycystic Kidney Disease (ADPKD),Tolvaptan,Phase A: Tolvaptan,Phase 3,0,0,0,0,0,,0.0,0,29.0,reliable,0.42810522619858765
2159,0,0.004569348459987643,NCT02964936,chronic kidney disease,roxadustat,ASP1517 High dose group,Phase 3,0,0,0,0,0,,0.0,0,29.0,reliable,0.004569348459987643
2160,0,0.5102487691868538,NCT02966093,Thyroid Cancer,Lenvatinib,Lenvatinib,Phase 3,1,0,0,0,0,,0.0,0,15.0,reliable,0.5102487691868538
2161,0,0.24596084580523483,NCT02967289,Colon Cancer,Irinotecan,Arm A,Phase 3,1,1,0,0,0,,,0,15.0,reliable,0.24596084580523483
2162,1,0.07002552663273756,NCT02970292,schizophrenia,Pimavanserin,Pimavanserin,Phase 3,0,0,0,0,0,,0.0,0,70.0,low_confidence,0.07002552663273756
2163,1,0.9637115786941945,NCT02972658,Alzheimer's Disease,Lanabecestat,AZES Lanabecestat 20 milligrams (mg)/AZFD Lanabecestat 20 mg,Phase 3,0,0,0,0,0,,0.0,0,60.0,low_confidence,0.9637115786941945
2164,0,0.5610699284164907,NCT02975934,Prostate Cancer,Rucaparib,Rucaparib,Phase 3,1,0,0,0,0,,0.0,0,22.0,reliable,0.5610699284164907
2165,0,0.7297366557277097,NCT02975934,Prostate Cancer,Abiraterone acetate or Enzalutamide or Docetaxel,Abiraterone acetate or Enzalutamide or Docetaxel,Phase 3,1,0,0,0,0,,0.0,0,22.0,reliable,0.7297366557277097
2167,0,0.5362137439817802,NCT02978716,Triple-Negative Breast Neoplasms; Breast Neoplasm; Breast Cancer; Triple-Negative Breast Cancer,Trilaciclib,Group 2: Trilaciclib + Gemcitabine/ Carboplatin (Days 1 and 8),Phase 2,1,1,0,0,0,,0.0,0,15.0,reliable,0.5362137439817802
2168,0,0.1432784164707047,NCT02980133,asthma,Salmeterol,FS MDPI 50/12.5 mcg BID,Phase 3,0,1,0,0,0,,1.0,0,50.0,low_confidence,0.1432784164707047
2169,0,0.19052193229575765,NCT02980276,Reduction of Gestational Diabetes,Metformin Hydrochloride,Treatment,Phase 3,0,0,0,0,0,,0.0,0,19.0,reliable,0.19052193229575765
2170,0,0.030684080763576305,NCT02980731,Chronic Lymphocytic Leukemia,Venetoclax,Venetoclax,Phase 3,1,0,1,0,1,endpoint_surrogate_pass,0.0,0,24.0,reliable,0.030684080763576305
2171,0,0.0060012948189959395,NCT02982161,Acute Pain,Tramadol,Tramadol 100 mg qid,Phase 3,0,0,0,0,0,,0.0,0,81.0,low_confidence,0.0060012948189959395
2172,0,0.25825780577451446,NCT02984644,Type II; Diabetes,Dapagliflozin,Dapagliflozin,Phase 3,0,0,1,0,1,endpoint_surrogate_pass,0.0,0,19.0,reliable,0.15
2173,0,0.7524158282646646,NCT02985229,medical abortion,Mifepristone; Misoprostol,All participants,Phase 3,0,1,0,0,0,,0.0,0,44.0,reliable,0.7524158282646646
2175,0,0.6675295788279623,NCT02987543,Prostate Cancer,olaparib,Olaparib,Phase 3,1,0,0,0,0,,0.0,0,22.0,reliable,0.6675295788279623
2176,0,0.43467693214021763,NCT02987543,Prostate Cancer,enzalutamide,Enzalutamide OR abiraterone acetate [enzalutamide],Phase 3,1,0,0,0,0,,0.0,0,22.0,reliable,0.43467693214021763
2177,0,0.5176650544018344,NCT02987543,Prostate Cancer,abiraterone acetate,Enzalutamide OR abiraterone acetate [abiraterone acetate],Phase 3,1,0,0,0,0,,0.0,0,22.0,reliable,0.5176650544018344
2178,0,0.6728540386545504,NCT02987985,Depression,Acetaminophen,Opioid-sparing anesthesia,Phase 3,0,1,0,0,0,,,0,90.0,low_confidence,0.6728540386545504
2179,0,0.015508177490948637,NCT02988115,Hypercholesterolemia,bempedoic acid,bempedoic acid,Phase 3,0,0,1,0,1,endpoint_surrogate_pass,0.0,0,22.0,reliable,0.015508177490948637
2180,0,0.07640153094947538,NCT02988882,Chronic Allergic Conjunctivitis,Dexamethasone,OTX-DP,Phase 3,0,0,0,0,0,,0.0,0,54.0,low_confidence,0.07640153094947538
2181,0,0.004569348459987643,NCT02988973,chronic kidney disease,roxadustat,Epoetin beta pegol to ASP1517,Phase 3,0,0,0,0,0,,0.0,0,29.0,reliable,0.004569348459987643
2182,0,0.026700446581982794,NCT02989519,preterm labor and delivery,dydrogesterone,oral progesterone,Phase 3,0,0,0,0,0,,0.0,0,44.0,reliable,0.026700446581982794
2183,0,0.008493605493714697,NCT02989519,preterm labor and delivery,Micronized progesterone,vaginal progesterone,Phase 3,0,0,0,0,0,,0.0,0,44.0,reliable,0.008493605493714697
2184,0,0.015508177490948637,NCT02991118,Hypercholesterolemia,bempedoic acid,bempedoic acid,Phase 3,0,0,1,0,1,endpoint_surrogate_pass,0.0,0,22.0,reliable,0.015508177490948637
2185,0,0.5697563999273383,NCT02993341,Hip Fracture; Anemia,Tranexamic Acid,Tranexamic Acid Wash,Phase 3,0,0,1,0,1,endpoint_surrogate_pass,0.0,0,25.0,reliable,0.15
2186,0,0.4325610361617306,NCT02993731,"Carcinoma, Pancreatic Ductal",Napabucasin,Arm 1: Napabucasin plus Nab-paclitaxel with Gemcitabine,Phase 3,1,1,0,1,1,oncology_cytotoxic_monotherapy,0.0,0,15.0,reliable,0.15
2187,0,0.09145242049509508,NCT02994927,ANCA-Associated Vasculitis,Prednisone,Prednisone group,Phase 3,0,1,0,0,0,,,0,,unscored,0.09145242049509508
2188,0,0.1551046852758165,NCT02994927,ANCA-Associated Vasculitis,Avacopan,Avacopan group,Phase 3,0,1,0,0,0,,,0,,unscored,0.1551046852758165
2190,1,0.8934624668417672,NCT02997202,Acute Myeloid Leukemia,gilteritinib,Gilteritinib,Phase 3,1,0,0,0,0,,0.0,0,24.0,reliable,0.8934624668417672
2191,0,0.2901275060612906,NCT02997358,leiomyosarcoma,Trabectedin,doxorubicin + trabectedin followed by maintenance trabectedin,Phase 3,1,1,0,0,0,,0.0,0,15.0,reliable,0.2901275060612906
2192,0,0.06934518785821718,NCT02999178,"Lung Diseases, Interstitial",Nintedanib,Nintedanib,Phase 3,0,0,0,0,0,,1.0,0,29.0,reliable,0.06934518785821718
2193,0,0.4627471766081951,NCT03001076,Hypercholesterolemia; Atherosclerosis,Bempedoic acid,bempedoic acid,Phase 3,0,1,1,0,1,endpoint_surrogate_pass,0.0,0,,unscored,0.15
2194,0,0.4009410372386816,NCT03001817,severe hypertriglyceridemia,Fenofibrate,40 Week Extension,Phase 3,0,1,1,0,1,endpoint_surrogate_pass,0.0,0,18.0,reliable,0.15
2195,1,0.33653643069130335,NCT03003000,Back Pain; Neck Pain,caffeine,ibuprofen + caffeine,Phase 3,0,1,0,0,0,,0.0,0,81.0,low_confidence,0.33653643069130335
2196,0,0.4790817570087052,NCT03004469,androgenetic alopecia,Finasteride,Oral Finasteride + P-3074 Vehicle,Phase 3,0,1,0,0,0,,0.0,0,52.0,low_confidence,0.4790817570087052
2198,0,0.25369304486705446,NCT03009981,Relapsed Prostate Cancer,Apalutamide,Arm B: Degarelix/Apalutamide,Phase 3,1,1,0,0,0,,0.0,0,15.0,reliable,0.25369304486705446
2199,0,0.281897506581503,NCT03009981,Relapsed Prostate Cancer,Apalutamide; Abiraterone Acetate; Prednisone,Arm C: Degarelix/Apalutamide/Abiraterone/Prednisone,Phase 3,1,1,0,0,0,,0.0,0,15.0,reliable,0.281897506581503
2200,0,0.4009410372386816,NCT03011450,severe hypertriglyceridemia,Fenofibrate,40 week extension,Phase 3,0,1,0,0,0,,0.0,0,18.0,reliable,0.4009410372386816
2201,0,0.02232425215132217,NCT03011905,"Brachial Plexus Block; Pain, Postoperative",Dexamethasone,Dexamethasone,Phase 3,0,1,0,0,0,,0.0,0,81.0,low_confidence,0.02232425215132217
2202,0,0.01427264340993103,NCT03013361,Functional Endoscopic Sinus Surgery (FESS),Bupivacaine,Group B (n=20),Phase 3,0,0,0,0,0,,0.0,0,75.0,low_confidence,0.01427264340993103
2203,0,0.009439653645673401,NCT03013361,Functional Endoscopic Sinus Surgery (FESS),Ropivacaine,Group R (n=20):,Phase 3,0,0,0,0,0,,0.0,0,75.0,low_confidence,0.009439653645673401
2204,0,0.2887868333788378,NCT03014167,filariasis,Albendazole,Community-wide deworming,Phase 3,0,0,0,0,0,,0.0,0,44.0,reliable,0.2887868333788378
2205,1,0.3907827890710087,NCT03015831,Atrial Fibrillation; Cardiac Surgery,Colchicine,Colchicine,Phase 3,0,0,0,0,0,,0.0,0,,unscored,0.3907827890710087
2206,0,0.3907827890710087,NCT03021343,arrhythmia,Colchicine,Colchicine,Phase 3,0,0,0,0,0,,0.0,0,22.0,reliable,0.3907827890710087
2207,0,0.0035055193624889416,NCT03022240,Cognitive Change; Behavior,Sevoflurane,Inhalational Technique,Phase 3,0,1,0,0,0,,0.0,0,44.0,reliable,0.0035055193624889416
2208,0,0.0024110101291170477,NCT03022240,Cognitive Change; Behavior,Propofol,Total Intravenous Anesthetic Technique,Phase 3,0,1,0,0,0,,0.0,0,44.0,reliable,0.0024110101291170477
2209,0,0.0030089647286937055,NCT03025113,Musculoskeletal Pain,ketoprofen; cyclobenzaprine association,EMS association,Phase 3,0,1,0,0,0,,0.0,0,81.0,low_confidence,0.0030089647286937055
2210,0,0.01675869288550631,NCT03025113,Musculoskeletal Pain,Cyclobenzaprine,Miosan®,Phase 3,0,0,0,0,0,,0.0,0,81.0,low_confidence,0.01675869288550631
2211,0,0.13153763511637598,NCT03025308,Rheumatoid Arthritis,Filgotinib,Blinded Phase: Filgotinib 100 mg,Phase 3,0,0,0,0,0,,0.0,0,52.0,low_confidence,0.13153763511637598
2212,0,0.208561516516315,NCT03025789,"Trypanosomiasis, African; Sleeping Sickness; Trypanosomiasis; Gambian",Fexinidazole,Inpatients,Phase 3,0,0,0,0,0,,0.0,0,44.0,reliable,0.208561516516315
2213,0,0.08204390560559871,NCT03027661,Pain,Bupivacaine,Study Group,Phase 3,0,0,0,0,0,,0.0,0,88.0,low_confidence,0.08204390560559871
2214,0,0.011341904706569173,NCT03029208,anemia,Daprodustat,Daprodustat treated anemic subjects,Phase 3,0,1,0,0,0,,0.0,0,29.0,reliable,0.011341904706569173
2215,0,0.01483508178564765,NCT03029234,Multiple Myeloma,Carfilzomib,Carfilzomib with Dexamethasone,Phase 3,1,1,0,0,0,,0.0,0,24.0,reliable,0.01483508178564765
2217,1,0.35888034790562934,NCT03031184,Dementia,Mirtazapine,Mirtazapine,Phase 3,0,0,0,0,0,,0.0,0,44.0,reliable,0.35888034790562934
2219,0,0.3615303034264199,NCT03032510,complicated urinary tract infection,Ertapenem,Ertapenem (Intravenous)/Levofloxacin (Oral),Phase 3,0,1,0,0,0,,0.0,0,20.0,reliable,0.3615303034264199
2220,0,0.25825780577451446,NCT03036124,Chronic Heart Failure With Reduced Ejection Fraction (HFrEF),Dapagliflozin,Dapagliflozin,Phase 3,0,0,0,0,0,,0.0,0,22.0,reliable,0.25825780577451446
2221,0,0.27775546665208944,NCT03036150,Chronic Kidney Disease,Dapagliflozin,Dapagliflozin,Phase 3,0,0,0,0,0,,0.0,0,29.0,reliable,0.27775546665208944
2222,0,0.6344115601754693,NCT03036813,sickle cell disease,voxelotor,Dose 1,Phase 3,0,0,0,0,0,,0.0,0,32.0,reliable,0.6344115601754693
2223,0,0.19593626119912108,NCT03039192,Major Depressive Disorder,Esketamine,Esketamine + Standard of care,Phase 3,0,0,1,0,1,endpoint_surrogate_pass,0.0,0,90.0,low_confidence,0.15
2224,0,0.4865455058312178,NCT03043820,schizophrenia,Raloxifene,Raloxifene,Phase 3,0,0,0,0,0,,0.0,0,70.0,low_confidence,0.4865455058312178
2225,1,0.6553534034517263,NCT03044249,Psychosis; Dementia; Aggression; Agitation; Alzheimer Dementia,Ly2979165,MP-101,Phase 2,0,0,0,0,0,,,0,,unscored,0.6553534034517263
2226,0,0.11805437499869978,NCT03045406,Venous Thromboembolism,Apixaban,Apixaban,Phase 3,0,0,0,0,0,,0.0,0,22.0,reliable,0.11805437499869978
2230,1,0.356170725803978,NCT03048825,ST Elevation Myocardial Infarction,Colchicine,Colchicine + Spironolactone +/- SYNERGY Stent,Phase 3,0,1,0,0,0,,0.0,0,22.0,reliable,0.356170725803978
2231,0,0.01957854663514403,NCT03050307,Gastric Ulcer,Vonoprazan Fumarate,TAK-438 20 mg,Phase 3,0,1,0,0,0,,0.0,0,44.0,reliable,0.01957854663514403
2232,0,0.007915085977219072,NCT03050307,Gastric Ulcer,Lansoprazole,Lansoprazole 30 mg,Phase 3,0,1,0,0,0,,0.0,0,44.0,reliable,0.007915085977219072
2233,0,0.01783611718926825,NCT03050359,Duodenal Ulcer,Vonoprazan Fumarate,TAK-438 20 mg,Phase 3,0,1,0,0,0,,0.0,0,44.0,reliable,0.01783611718926825
2234,0,0.007558388201171179,NCT03050359,Duodenal Ulcer,Lansoprazole,Lansoprazole 30 mg,Phase 3,0,1,0,0,0,,0.0,0,44.0,reliable,0.007558388201171179
2236,0,0.00951366699227734,NCT03053440,Waldenström's Macroglobulinemia,Ibrutinib,Arm A : Ibrutinib,Phase 3,0,0,0,0,0,,0.0,0,18.0,reliable,0.00951366699227734
2237,0,0.06627505873634441,NCT03053440,Waldenström's Macroglobulinemia,Zanubrutinib,Arm B: Zanubrutinib,Phase 3,0,0,0,0,0,,0.0,0,18.0,reliable,0.06627505873634441
2238,0,0.012391695659444067,NCT03055026,Venous Thromboembolism,Rivaroxaban,Rivaroxaban,Phase 3,0,0,0,0,0,,0.0,0,22.0,reliable,0.012391695659444067
2239,0,0.014994005093532003,NCT03057951,Heart Failure,Empagliflozin,10 mg Empagliflozin,Phase 3,0,0,0,0,0,,0.0,0,40.0,reliable,0.014994005093532003
2240,0,0.014994005093532003,NCT03057977,Heart Failure,Empagliflozin,Empagliflozin,Phase 3,0,0,0,0,0,,0.0,0,40.0,reliable,0.014994005093532003
2241,0,0.09187684684434233,NCT03059238,Cancer Pain,Celecoxib,Celecoxib group,Phase 3,1,0,0,0,0,,0.0,0,,unscored,0.09187684684434233
2242,0,0.14300144502647702,NCT03059238,Cancer Pain,parecoxib sodium,Parecoxib group,Phase 3,1,0,0,0,0,,0.0,0,,unscored,0.14300144502647702
2243,0,0.5697563999273383,NCT03060889,Placenta Previa,Tranexamic acid,Cases,Phase 3,0,0,0,0,0,,0.0,0,44.0,reliable,0.5697563999273383
2244,0,0.06738167245185026,NCT03061214,Type 2 Diabetes,Sitagliptin,Sitagliptin OD + semaglutide placebo 0.5 mg OW,Phase 3,0,0,1,0,1,endpoint_surrogate_pass,0.0,0,25.0,reliable,0.06738167245185026
2245,0,0.06738167245185026,NCT03061214,Type 2 Diabetes,Sitagliptin,Sitagliptin OD + semaglutide placebo 1 mg OW,Phase 3,0,0,1,0,1,endpoint_surrogate_pass,0.0,0,25.0,reliable,0.06738167245185026
2247,1,0.4824409281386545,NCT03062540,PTSD,TNX-102 SL,"TNX-102 SL Tablet, 5.6 mg",Phase 3,0,0,0,0,0,,,0,78.0,low_confidence,0.4824409281386545
2248,1,0.3990477950956022,NCT03063203,Acute Myeloid Leukemia,Decitabine,Decitabine,Phase 2,1,0,0,1,1,oncology_cytotoxic_monotherapy,0.0,0,24.0,reliable,0.15
2249,0,0.40176807102878537,NCT03064126,"Peripheral Artery Disease; Atherosclerosis; Artery Diseases, Peripheral; Plaque, Atherosclerotic; Occlusive Arterial Disease",Paclitaxel,RANGER™ Paclitaxel Coated Balloon,Phase 3,0,0,0,0,0,,0.0,0,22.0,reliable,0.40176807102878537
2250,1,0.6263265725597478,NCT03065075,urinary retention,Phenazopyridine,Phenazopyridine,Phase 3,0,0,0,0,0,,0.0,0,54.0,low_confidence,0.6263265725597478
2251,0,0.31358392868463736,NCT03065309,hypotension,Remifentanil,Single Arm,Phase 3,0,0,0,0,0,,0.0,0,18.0,reliable,0.31358392868463736
2252,0,0.010705064645316583,NCT03066804,Heart Failure With Preserved Ejection Fraction,Sacubitril,sacubitril/valsartan (LCZ696),Phase 3,0,1,0,0,0,,0.0,0,22.0,reliable,0.010705064645316583
2253,0,0.013584125871972556,NCT03066804,Heart Failure With Preserved Ejection Fraction,Enalapril,Comparator,Phase 3,0,1,0,0,0,,0.0,0,22.0,reliable,0.013584125871972556
2254,0,0.05712951263535868,NCT03066830,Type 2 Diabetes Mellitus,Sotagliflozin (SAR439954),Sotagliflozin 400 mg,Phase 3,0,0,1,0,1,endpoint_surrogate_pass,0.0,0,25.0,reliable,0.05712951263535868
2255,0,0.015508177490948637,NCT03067441,Hypercholesterolemia,bempedoic acid,Open-Label bempedoic acid,Phase 3,0,0,0,0,0,,0.0,0,22.0,reliable,0.015508177490948637
2258,0,0.0036561365363690737,NCT03068312,cystic fibrosis,Ivacaftor,Sequence 1: First Ivacaftor (IVA) Then Placebo,Phase 3,0,0,0,0,0,,0.0,0,38.0,reliable,0.0036561365363690737
2259,1,0.8619902052987157,NCT03069352,Acute Myeloid Leukemia,Venetoclax,Venetoclax + Low Dose Cytarabine (LDAC),Phase 3,1,1,0,0,0,,0.0,0,24.0,reliable,0.8619902052987157
2260,1,0.8134189786223518,NCT03070223,Cardiovascular Disease,Pitavastatin,Pitavastatin,Phase 3,0,0,0,0,0,,,0,44.0,reliable,0.8134189786223518
2261,1,0.3701172461718868,NCT03070522,Cystic Fibrosis Pulmonary Exacerbation,Prednisone,Treatment,Phase 3,0,0,0,0,0,,-1.0,1,29.0,reliable,0.5
2262,1,0.46274422846665536,NCT03071692,diabeTes,K-877,Treatment Group,Phase 3,0,0,0,0,0,,0.0,0,25.0,reliable,0.46274422846665536
2263,0,0.2710891710493962,NCT03075241,Sleep Disorder,Zolpidem,Zolpidem,Phase 3,0,0,1,0,1,endpoint_surrogate_pass,0.0,0,67.0,low_confidence,0.15
2264,0,0.02568878572922196,NCT03076112,Type 2 Diabetes,Ipragliflozin,Ipragliflozin,Phase 3,0,0,1,0,1,endpoint_surrogate_pass,0.0,0,25.0,reliable,0.02568878572922196
2265,0,0.06738167245185026,NCT03076112,Type 2 Diabetes,Sitagliptin,Sitagliptin,Phase 3,0,0,1,0,1,endpoint_surrogate_pass,0.0,0,25.0,reliable,0.06738167245185026
2266,0,0.11805437499869978,NCT03080883,Venous Thromboembolism,Apixaban,Group I (lower dose apixaban),Phase 3,0,0,0,0,0,,0.0,0,22.0,reliable,0.11805437499869978
2267,1,0.26181642737117283,NCT03081416,Headache; Intranasal Ketamine,Ketamine,Intranasal Ketamine arm,Phase 3,0,0,0,0,0,,0.0,0,81.0,low_confidence,0.26181642737117283
2268,0,0.018509810597716298,NCT03083665,epilepsy,Brivaracetam,BRV 200 mg/day,Phase 3,0,0,0,0,0,,0.0,0,48.0,reliable,0.018509810597716298
2269,0,0.04825623632283237,NCT03084939,Metastatic Breast Cancer,Lapatinib; Capecitabine,Control (lapatinib + capecitabine),Phase 3,1,1,0,1,1,oncology_cytotoxic_monotherapy,0.0,0,15.0,reliable,0.04825623632283237
2270,0,0.004119315224003798,NCT03086005,Polycystic Ovary Syndrome,Metformin,Metformin,Phase 3,0,0,0,0,0,,0.0,0,44.0,reliable,0.004119315224003798
2272,0,0.0019391539186398347,NCT03088670,"Diabetes Mellitus, Type 2",Gosogliptin,Gosogliptin treatment group,Phase 3,0,1,1,0,1,endpoint_surrogate_pass,0.0,0,19.0,reliable,0.0019391539186398347
2273,0,0.004856604527512161,NCT03088670,"Diabetes Mellitus, Type 2",Vildagliptin,Vildagliptin treatment group,Phase 3,0,1,1,0,1,endpoint_surrogate_pass,0.0,0,19.0,reliable,0.004856604527512161
2274,0,0.6788539479379117,NCT03088813,Lung Cancer,Irinotecan liposome injection,"Part 1: Experimental Arm, dose level 1",Phase 3,1,0,0,1,1,oncology_cytotoxic_monotherapy,0.0,0,22.0,reliable,0.15
2275,1,0.07556543710459554,NCT03092817,Tuberculosis; Tuberculous Meningitis; Drug-Induced Liver Injury; HIV; IRIS,Dexamethasone,Dexamethasone,Phase 3,0,0,0,0,0,,0.0,0,18.0,reliable,0.07556543710459554
2276,0,0.18569837549081075,NCT03093324,Multiple Sclerosis,Diroximel Fumarate,ALKS 8700,Phase 3,0,0,0,0,0,,,0,50.0,low_confidence,0.18569837549081075
2277,0,0.10341407207992452,NCT03093324,Multiple Sclerosis,Dimethyl Fumarate,Dimethyl Fumarate,Phase 3,0,0,0,0,0,,,0,50.0,low_confidence,0.10341407207992452
2278,0,0.25601733534237053,NCT03095456,COPD,Spiriva Handihaler®,Spiriva Handihaler®,Phase 3,0,0,0,0,0,,,0,50.0,low_confidence,0.25601733534237053
2279,0,0.2101828879365745,NCT03096847,Breast Cancer,ribociclib; letrozole,ribociclib + letrozole cohort A,Phase 3,1,1,0,0,0,,0.0,0,22.0,reliable,0.2101828879365745
2280,0,0.2101828879365745,NCT03096847,Breast Cancer,ribociclib; letrozole; goserelin,ribociclib + letrozole cohort B1,Phase 3,1,1,0,0,0,,0.0,0,22.0,reliable,0.2101828879365745
2281,0,0.19593626119912108,NCT03097133,Major Depressive Disorder,Esketamine,Esketamine + Standard of care,Phase 3,0,0,1,0,1,endpoint_surrogate_pass,0.0,0,90.0,low_confidence,0.15
2282,0,0.007377682834855989,NCT03097861,chronic idiopathic constipation,Lubiprostone,Lubiprostone Sprinkle,Phase 3,0,0,0,0,0,,0.0,0,75.0,low_confidence,0.007377682834855989
2283,0,0.013005521318184004,NCT03100318,hyperuricemia,Dotinurad,FYU-981,Phase 3,0,0,0,0,0,,0.0,0,29.0,reliable,0.013005521318184004
2284,0,0.0037434742500682843,NCT03100318,hyperuricemia,Benzbromarone,Benzbromarone,Phase 3,0,0,0,0,0,,0.0,0,29.0,reliable,0.0037434742500682843
2285,0,0.07556543710459554,NCT03100786,Tuberculosis; Tuberculous Meningitis; Drug-Induced Liver Injury,Dexamethasone,Dexamethasone,Phase 3,0,0,0,0,0,,0.0,0,20.0,reliable,0.07556543710459554
2286,0,0.10024465192189455,NCT03104140,Septic Shock,Ketamine,Ketamine group,Phase 3,0,0,0,0,0,,0.0,0,20.0,reliable,0.10024465192189455
2287,0,0.15505412722970138,NCT03104140,Septic Shock,Thiopental,Thiopental group,Phase 3,0,0,0,0,0,,0.0,0,20.0,reliable,0.15505412722970138
2288,0,0.0052148495048069485,NCT03104374,Psoriatic Arthritis,Upadacitinib,Upadacitinib 15 mg,Phase 3,0,0,0,0,0,,0.0,0,52.0,low_confidence,0.0052148495048069485
2289,0,0.0052148495048069485,NCT03104400,Psoriatic Arthritis,Upadacitinib,Upadacitinib 15 mg,Phase 3,0,0,0,0,0,,0.0,0,52.0,low_confidence,0.0052148495048069485
2290,0,0.04485246085312119,NCT03106454,contraception,Norethindrone,Progestin only pill,Phase 3,0,0,0,0,0,,0.0,0,44.0,reliable,0.04485246085312119
2291,0,0.004819645734042319,NCT03106779,Chronic Myelogenous Leukemia,Asciminib,Asciminib,Phase 3,1,0,0,0,0,,0.0,0,18.0,reliable,0.004819645734042319
2292,0,0.006316737289389397,NCT03106779,Chronic Myelogenous Leukemia,Bosutinib,Bosutinib,Phase 3,1,0,0,0,0,,0.0,0,18.0,reliable,0.006316737289389397
2293,0,0.15002210216469594,NCT03108625,Major Depressive Disorder,Vortioxetine,Vortioxetine,Phase 3,0,0,0,0,0,,0.0,0,90.0,low_confidence,0.15002210216469594
2294,0,0.007240401682368005,NCT03110562,Multiple Myeloma,Selinexor; Bortezomib,SVd Arm: Selinexor + Bortezomib + Dexamethasone,Phase 3,1,1,0,0,0,,0.0,0,24.0,reliable,0.007240401682368005
2295,0,0.006565308093922563,NCT03110562,Multiple Myeloma,Bortezomib,Vd Arm: Bortezomib + Dexamethasone,Phase 3,1,1,0,0,0,,0.0,0,24.0,reliable,0.006565308093922563
2296,0,0.016082210272807967,NCT03110562,Multiple Myeloma,Selinexor,SdX Arm: Selinexor + Dexamethasone,Phase 3,1,1,0,0,0,,0.0,0,24.0,reliable,0.016082210272807967
2297,1,0.4824409281386545,NCT03110575,PTSD,TNX-102 SL,TNX-102 SL,Phase 3,0,0,0,0,0,,,0,78.0,low_confidence,0.4824409281386545
2298,1,0.8600997415331856,NCT03111212,acute respiratory distress syndrome,Iloprost,Iloprost,Phase 3,0,0,0,0,0,,0.0,0,18.0,reliable,0.8600997415331856
2299,0,0.16493000351174664,NCT03112174,Mantle Cell Lymphoma,Venetoclax,Randomization Phase: Ibrutinb + Venetoclax,Phase 3,1,1,0,0,0,,0.0,0,18.0,reliable,0.16493000351174664
2300,0,0.246754699051708,NCT03112603,Graft-versus-host Disease (GVHD),Ruxolitinib,Ruxolitinib,Phase 3,0,0,0,0,0,,0.0,0,22.0,reliable,0.246754699051708
2303,0,0.023133818873034576,NCT03118297,contraception,Ulipristal Acetate,Ulipristal Acetate,Phase 3,0,0,0,0,0,,0.0,0,44.0,reliable,0.023133818873034576
2304,1,0.7606865942467314,NCT03123393,Diffuse Large B-Cell Lymphoma,Mivavotinib Citrate,Cohort A: TAK-659 100 mg,Phase 2,1,0,0,0,0,,0.0,0,18.0,reliable,0.7606865942467314
2305,0,0.054192760671583406,NCT03123471,psoriasis,Apremilast,Apremilast 30 mg BID,Phase 3,0,0,0,0,0,,0.0,0,45.0,reliable,0.054192760671583406
2306,0,0.45817760088285747,NCT03128515,Sickle Cell Anemia; Sickle Cell Disease; Malaria,Hydroxyurea,MTD Dose Escalation,Phase 3,0,0,0,0,0,,0.0,0,20.0,reliable,0.45817760088285747
2307,1,0.5324856673092534,NCT03131206,Lung Cancer,Alectinib,Cohort A,Phase 2,1,0,0,0,0,,0.0,0,22.0,reliable,0.5324856673092534
2309,0,0.026060694847795118,NCT03131713,Postoperative Pain,Acetaminophen,Intervention,Phase 3,0,0,0,0,0,,0.0,0,81.0,low_confidence,0.026060694847795118
2310,0,0.18021402391469357,NCT03137303,COPD,Albuterol,Patient-Subject Intervention,Phase 3,0,0,0,0,0,,0.0,0,50.0,low_confidence,0.18021402391469357
2311,0,0.3613052862859219,NCT03138733,Staphylococcus Aureus Bacteremia,Ceftobiprole medocaril,Ceftobiprole medocaril,Phase 3,0,0,0,0,0,,0.0,0,44.0,reliable,0.3613052862859219
2312,0,0.46590261933273813,NCT03139604,Treatment of Acute Graft-Versus-Host Disease,Itacitinib,Itacitinib,Phase 3,0,1,0,0,0,,,0,,unscored,0.46590261933273813
2314,0,0.34365378705319427,NCT03141970,Nephrotic Syndrome,Prednisolone,Intervention: Prednisolone,Phase 3,0,0,0,0,0,,0.0,0,44.0,reliable,0.34365378705319427
2315,0,0.33201914708434016,NCT03148574,postpartum hemorrhage,Misoprostol,misoprostol,Phase 3,0,0,0,0,0,,0.0,0,22.0,reliable,0.33201914708434016
2316,0,0.025075646770099363,NCT03148860,Psoriatic Arthritis,Methotrexate,Methotrexate naive - Ustekinumab and Methotrexate,Phase 3,0,1,0,0,0,,0.0,0,52.0,low_confidence,0.025075646770099363
2317,1,0.26554334411141056,NCT03149679,Colorectal Cancer,Cyclophosphamide,Cyclophosphamide arm,Phase 2,1,0,0,0,0,,0.0,0,15.0,reliable,0.26554334411141056
2318,0,0.0033644713680463364,NCT03150719,cystic fibrosis,Tezacaftor; Ivacaftor,TEZ/IVA,Phase 3,0,1,0,0,0,,0.0,0,38.0,reliable,0.0033644713680463364
2319,1,0.49824674892491255,NCT03151343,Type2 Diabetes Mellitus,Empagliflozin,Empagliflozin,Phase 3,0,0,0,0,0,,0.0,0,19.0,reliable,0.49824674892491255
2320,1,0.7139513026626194,NCT03151408,Acute Myeloid Leukemia,Pracinostat,Pracinostat plus AZA,Phase 3,1,1,0,0,0,,0.0,0,24.0,reliable,0.7139513026626194
2321,0,0.011091899874993804,NCT03153150,"Intracranial Hemorrhages; Intracranial Hemorrhage, Hypertensive; Subarachnoid Hemorrhage; Subdural Hematoma; Intraventricular Hemorrhage; Atrial Fibrillation; Atrial Flutter; Small Vessel Cerebrovascular Disease; Microhaemorrhage",Apixaban,Start oral anticoagulant (OAC) [Apixaban],Phase 3,0,0,0,0,0,,0.0,0,22.0,reliable,0.011091899874993804
2322,0,0.012829845316936766,NCT03153150,"Intracranial Hemorrhages; Intracranial Hemorrhage, Hypertensive; Subarachnoid Hemorrhage; Subdural Hematoma; Intraventricular Hemorrhage; Atrial Fibrillation; Atrial Flutter; Small Vessel Cerebrovascular Disease; Microhaemorrhage",Rivaroxaban,Start oral anticoagulant (OAC) [Rivaroxaban],Phase 3,0,0,0,0,0,,0.0,0,22.0,reliable,0.012829845316936766
2323,0,0.007022208482049645,NCT03153150,"Intracranial Hemorrhages; Intracranial Hemorrhage, Hypertensive; Subarachnoid Hemorrhage; Subdural Hematoma; Intraventricular Hemorrhage; Atrial Fibrillation; Atrial Flutter; Small Vessel Cerebrovascular Disease; Microhaemorrhage",Edoxaban,Start oral anticoagulant (OAC) [Edoxaban],Phase 3,0,0,0,0,0,,0.0,0,22.0,reliable,0.007022208482049645
2324,0,0.0045493526897092285,NCT03153150,"Intracranial Hemorrhages; Intracranial Hemorrhage, Hypertensive; Subarachnoid Hemorrhage; Subdural Hematoma; Intraventricular Hemorrhage; Atrial Fibrillation; Atrial Flutter; Small Vessel Cerebrovascular Disease; Microhaemorrhage",Dabigatran,Start oral anticoagulant (OAC) [Dabigatran],Phase 3,0,0,0,0,0,,0.0,0,22.0,reliable,0.0045493526897092285
2325,0,0.015139368847863008,NCT03153150,"Intracranial Hemorrhages; Intracranial Hemorrhage, Hypertensive; Subarachnoid Hemorrhage; Subdural Hematoma; Intraventricular Hemorrhage; Atrial Fibrillation; Atrial Flutter; Small Vessel Cerebrovascular Disease; Microhaemorrhage",Phenindione,Start oral anticoagulant (OAC) [Phenindione],Phase 3,0,0,0,0,0,,0.0,0,22.0,reliable,0.015139368847863008
2326,0,0.002876430319917825,NCT03153150,"Intracranial Hemorrhages; Intracranial Hemorrhage, Hypertensive; Subarachnoid Hemorrhage; Subdural Hematoma; Intraventricular Hemorrhage; Atrial Fibrillation; Atrial Flutter; Small Vessel Cerebrovascular Disease; Microhaemorrhage",Warfarin,Start oral anticoagulant (OAC) [Warfarin],Phase 3,0,0,0,0,0,,0.0,0,22.0,reliable,0.002876430319917825
2327,1,0.49531820719439956,NCT03154333,epidermolysis bullosa,diacerein 1% ointment,diacerein 1% ointment,Phase 2,0,0,0,0,0,,0.0,0,44.0,reliable,0.49531820719439956
2328,0,0.0050570621786594685,NCT03156452,Immune Thrombocytopenia,Mycophenolate Mofetil,Steroid & Mycophenolate mofetil 1st line,Phase 3,0,0,0,0,0,,0.0,0,29.0,reliable,0.0050570621786594685
2329,0,0.0051073115054007055,NCT03156452,Immune Thrombocytopenia,Prednisolone,Prednisolone (Steroid) alone 1st line,Phase 3,0,0,0,0,0,,0.0,0,29.0,reliable,0.0051073115054007055
2330,0,0.764140189251945,NCT03158376,Chronic Pain,Gabapentin,gabapentin group,Phase 3,0,0,0,0,0,,0.0,0,81.0,low_confidence,0.764140189251945
2331,0,0.06412584397286814,NCT03159897,Hodgkin Lymphoma,Doxorubicin; Bleomycin; Vinblastine; Dacarbazine,Comparator arm,Phase 3,1,1,0,0,0,,,0,18.0,reliable,0.06412584397286814
2332,0,0.1835342765881904,NCT03164473,Eosinophilic Granulomatosis With Polyangiitis,Azathioprine,Azathioprine,Phase 3,0,0,0,0,0,,0.0,0,44.0,reliable,0.1835342765881904
2334,1,0.5759663846569745,NCT03176277,Acute Leukemia,Tamnorzatinib,ONO-7475 10mg once daily,Phase 2,1,0,0,0,0,,0.0,0,18.0,reliable,0.5759663846569745
2335,0,0.1227278282969603,NCT03176693,pheochromocytoma and paraganglioma,Phenoxybenzamine,Phenoxybenzamine,Phase 3,1,0,0,0,0,,0.0,0,15.0,reliable,0.1227278282969603
2336,0,0.07343649981481971,NCT03176693,pheochromocytoma and paraganglioma,Doxazosin,Doxazosin,Phase 3,1,0,0,0,0,,0.0,0,15.0,reliable,0.07343649981481971
2337,0,0.46087367789895567,NCT03179631,"Muscular Dystrophy, Duchenne; Muscular Dystrophies; Muscular Disorders, Atrophic; Muscular Diseases; Musculoskeletal Disease; Neuromuscular Diseases; Nervous System Diseases; Genetic Diseases, X-Linked; Genetic Diseases, Inborn",Ataluren,Ataluren,Phase 3,0,0,0,0,0,,0.0,0,81.0,low_confidence,0.46087367789895567
2338,0,0.009390291977022514,NCT03181386,Atrial Fibrillation,Rivaroxaban,Rivaroxaban,Phase 3,0,0,0,0,0,,0.0,0,22.0,reliable,0.009390291977022514
2339,0,0.002825534013131066,NCT03181386,Atrial Fibrillation,Dabigatran,Dabigatran and Apixaban [Dabigatran],Phase 3,0,0,0,0,0,,0.0,0,22.0,reliable,0.002825534013131066
2340,0,0.005286098518224746,NCT03181386,Atrial Fibrillation,Apixaban,Dabigatran and Apixaban [Apixaban],Phase 3,0,0,0,0,0,,0.0,0,22.0,reliable,0.005286098518224746
2341,0,0.0027935999760655976,NCT03181386,Atrial Fibrillation,Warfarin,Warfarin,Phase 3,0,0,0,0,0,,0.0,0,22.0,reliable,0.0027935999760655976
2342,0,0.02485550308994018,NCT03185065,Multiple Sclerosis,Amantadine,Arm A [Amantadine],Phase 3,0,0,0,0,0,,0.0,0,50.0,low_confidence,0.02485550308994018
2343,0,0.2583838046388434,NCT03185065,Multiple Sclerosis,Modafinil,Arm A [Modafinil],Phase 3,0,0,0,0,0,,0.0,0,50.0,low_confidence,0.2583838046388434
2344,0,0.01924877611269097,NCT03185065,Multiple Sclerosis,Methylphenidate,Arm A [Methylphenidate],Phase 3,0,0,0,0,0,,0.0,0,50.0,low_confidence,0.01924877611269097
2345,0,0.007937099042964432,NCT03185065,Multiple Sclerosis,Amantadine; Modafinil; Methylphenidate,Arm B,Phase 3,0,1,0,0,0,,0.0,0,50.0,low_confidence,0.007937099042964432
2346,0,0.3073838528253968,NCT03187769,Schizophrenia; Schizophreniform Disorders; Bipolar I Disorder,Olanzapine,Olanzapine,Phase 3,0,0,1,0,1,endpoint_surrogate_pass,0.0,0,78.0,low_confidence,0.15
2347,0,0.6768651599473287,NCT03191786,Lung Cancer,Gemcitabine,Single Agent Chemotherapy (Vinorelbine or Gemcitabine) [Gemcitabine],Phase 3,1,0,0,0,0,,,0,22.0,reliable,0.6768651599473287
2348,0,0.0759639639803421,NCT03191903,Osteoarthritis,Triamcinolone Hexacetonide,Triamcinolone Hexacetonide (TH),Phase 3,0,0,0,0,0,,0.0,0,80.0,low_confidence,0.0759639639803421
2349,1,0.5126767641765405,NCT03192215,Stroke,Apixaban,Active agent: Apixaban,Phase 3,0,0,0,0,0,,0.0,0,22.0,reliable,0.5126767641765405
2350,0,0.9468741034132124,NCT03192215,Stroke,Aspirin,Active control: Aspirin,Phase 3,0,0,0,0,0,,0.0,0,22.0,reliable,0.9468741034132124
2352,0,0.0021342757923046144,NCT03199053,Type 2 Diabetes Mellitus,Dapagliflozin,Low dose Dapagliflozin,Phase 3,0,0,1,0,1,endpoint_surrogate_pass,0.0,0,25.0,reliable,0.0021342757923046144
2353,0,0.35869966216115645,NCT03205228,Globus,Omeprazole,Proton pump inhibitor & placebo,Phase 3,0,0,0,0,0,,0.0,0,44.0,reliable,0.35869966216115645
2354,0,0.015449705759353588,NCT03208933,Idiopathic Pulmonary Fibrosis,Pirfenidone,Pirfenidone,Phase 3,0,0,0,0,0,,0.0,0,40.0,reliable,0.015449705759353588
2356,0,0.020432440292290747,NCT03215056,Pain,Methoxyflurane,PENTHROX® (methoxyflurane),Phase 3,0,0,0,0,0,,0.0,0,88.0,low_confidence,0.020432440292290747
2357,1,0.07640153094947538,NCT03218553,Major Non-cardiac Surgery,Dexamethasone,Dexamethasone,Phase 3,0,0,0,0,0,,0.0,0,42.0,reliable,0.07640153094947538
2358,0,0.5132946751144793,NCT03219437,Psoriasis,methotrexate,Methotrexate,Phase 3,0,0,0,0,0,,0.0,0,45.0,reliable,0.5132946751144793
2359,0,0.017478936991094124,NCT03219710,Chemotherapy-induced Nausea and Vomiting,Olanzapine,Arm B,Phase 3,0,1,0,0,0,,0.0,0,75.0,low_confidence,0.017478936991094124
2360,0,0.2691570777237452,NCT03220958,Post-Traumatic Headache,Metoclopramide,Metoclopramide,Phase 3,0,1,0,0,0,,0.0,0,81.0,low_confidence,0.2691570777237452
2361,1,0.5960476487340198,NCT03222622,Mild to Moderate Psoriasis,Icotinib hydrochloride cream,Cohort 1,Phase 2,0,0,0,0,0,,,0,,unscored,0.5960476487340198
2362,1,0.32958605843513833,NCT03229538,Congenital Heart Disease in Children; Inflammatory Response,Methylprednisolone,Methylprednisolone Arm,Phase 3,0,0,0,0,0,,0.0,0,32.0,reliable,0.32958605843513833
2363,1,0.9909527726616432,NCT03230864,Treatment-resistant Schizophrenia,Risperidone,"DBT Period, Continued treatment from PC Period [Risperidone]",Phase 3,0,0,0,0,0,,,0,,unscored,0.9909527726616432
2364,1,0.9877532647645693,NCT03230864,Treatment-resistant Schizophrenia,Olanzapine,"DBT Period, Continued treatment from PC Period [Olanzapine]",Phase 3,0,0,0,0,0,,,0,,unscored,0.9877532647645693
2365,1,0.15244716779628925,NCT03231722,METASTATIC COLORECTAL CANCER,Oxaliplatin,mFOLFOXIRI + Panitumumab,Phase 3,1,1,0,0,0,,,0,,unscored,0.15244716779628925
2366,0,0.17713529748367038,NCT03232073,Multiple Sclerosis,Ponesimod,Ponesimod,Phase 3,0,0,0,0,0,,0.0,0,50.0,low_confidence,0.17713529748367038
2367,0,0.015789813394795148,NCT03232346,opioid use disorder,Vivitrol,Regimen 1,Phase 3,0,0,0,0,0,,0.0,0,59.0,low_confidence,0.015789813394795148
2368,0,0.008285479900419319,NCT03232346,opioid use disorder,Buprenorphine,Regimen 2,Phase 3,0,0,0,0,0,,0.0,0,59.0,low_confidence,0.008285479900419319
2369,0,0.00426900370321383,NCT03235479,migraine,Rimegepant,Rimegepant 75 mg,Phase 3,0,0,1,0,1,endpoint_surrogate_pass,0.0,0,78.0,low_confidence,0.00426900370321383
2370,0,0.00426900370321383,NCT03237845,migraine,Rimegepant,Rimegepant 75 mg,Phase 3,0,0,1,0,1,endpoint_surrogate_pass,0.0,0,78.0,low_confidence,0.00426900370321383
2371,0,0.018692844802176256,NCT03238131,onchocerciasis,Albendazole,IVM plus ALB twice annually,Phase 3,0,1,0,0,0,,0.0,0,44.0,reliable,0.018692844802176256
2373,0,0.30088185934776523,NCT03241472,Infertility,Letrozole,Lertozole,Phase 3,0,0,0,0,0,,0.0,0,44.0,reliable,0.30088185934776523
2374,0,0.03366954015711467,NCT03242018,Type 2 Diabetes,Sotagliflozin,Sotagliflozin 200 mg,Phase 3,0,0,1,0,1,endpoint_surrogate_pass,0.0,0,25.0,reliable,0.03366954015711467
2375,0,0.03366954015711467,NCT03242252,Type 2 Diabetes,Sotagliflozin,Sotagliflozin 200 mg,Phase 3,0,0,1,0,1,endpoint_surrogate_pass,0.0,0,25.0,reliable,0.03366954015711467
2376,0,0.10866291083353193,NCT03244319,MV(Mitral Valve) Repair,Edoxaban,Edoxaban,Phase 3,0,0,0,0,0,,0.0,0,44.0,reliable,0.10866291083353193
2377,0,0.036203902929708195,NCT03244319,MV(Mitral Valve) Repair,Warfarin,Warfarin,Phase 3,0,1,0,0,0,,0.0,0,44.0,reliable,0.036203902929708195
2378,0,0.4878218765709027,NCT03248037,Fuchs' endothelial dystrophy,Netarsudil,Netarsudil,Phase 3,0,0,0,0,0,,0.0,0,44.0,reliable,0.4878218765709027
2380,0,0.879400761255782,NCT03249376,Depression,Lumateperone,Lumateperone,Phase 3,0,0,0,0,0,,0.0,0,90.0,low_confidence,0.879400761255782
2381,0,0.018509810597716298,NCT03250377,epilepsy,Brivaracetam,Brivaracetam,Phase 3,0,0,0,0,0,,0.0,0,48.0,reliable,0.018509810597716298
2382,0,0.42810522619858765,NCT03255226,Pediatric Congestive Heart Failure (CHF) Patients With Volume Overload,Tolvaptan,Tolvaptan,Phase 3,0,0,1,0,1,endpoint_surrogate_pass,0.0,0,22.0,reliable,0.15
2383,0,0.47463443942599814,NCT03256903,Trauma Pain,Methoxyflurane,Methoxyflurane,Phase 3,0,0,0,0,0,,0.0,0,81.0,low_confidence,0.47463443942599814
2384,1,0.6092892330587114,NCT03257865,bipolar I disorder,Brexpiprazole,Brexpiprazole,Phase 3,0,0,1,0,1,endpoint_surrogate_pass,0.0,0,78.0,low_confidence,0.15
2385,1,0.6092892330587114,NCT03259555,bipolar I disorder,Brexpiprazole,Brexpiprazole,Phase 3,0,0,1,0,1,endpoint_surrogate_pass,0.0,0,78.0,low_confidence,0.15
2386,0,0.11407143847129513,NCT03260894,Renal Cell Carcinoma (RCC),Sunitinib,SoC (Sunitinib or Pazopanib) [Sunitinib],Phase 3,1,0,0,0,0,,0.0,0,15.0,reliable,0.11407143847129513
2387,0,0.13434349058301057,NCT03260894,Renal Cell Carcinoma (RCC),Pazopanib,SoC (Sunitinib or Pazopanib) [Pazopanib],Phase 3,1,0,0,0,0,,0.0,0,15.0,reliable,0.13434349058301057
2388,0,0.05385119514571646,NCT03262662,tobacco use disorder,Varenicline,Extended Run-In,Phase 3,0,0,0,0,0,,0.0,0,59.0,low_confidence,0.05385119514571646
2389,1,0.1867266055045225,NCT03263091,"Primary MDS (Very Low, Low or Intermediate IPSS-R With <5% Blasts); Anemia",Roxadustat,Roxadustat,Phase 3,0,0,0,0,0,,0.0,0,29.0,reliable,0.1867266055045225
2390,0,0.24180091657649488,NCT03264547,Breast Cancer,Docetaxel; Paclitaxel,Arm A,Phase 3,1,1,0,0,0,,0.0,0,22.0,reliable,0.24180091657649488
2391,0,0.648739727572554,NCT03264547,Breast Cancer,Eribulin,Arm B,Phase 3,1,1,0,0,0,,0.0,0,22.0,reliable,0.648739727572554
2392,1,0.6855470172572871,NCT03265574,Anthracycline-Induced Cardiotoxicity,Enalapril,Intervention,Phase 3,0,0,0,0,0,,0.0,0,,unscored,0.6855470172572871
2393,1,0.764140189251945,NCT03269344,Oral Mucositis Pain,Gabapentin,Experimental Arm,Phase 3,0,0,0,0,0,,0.0,0,,unscored,0.764140189251945
2395,0,0.6988138135984517,NCT03271918,non-functioning pituitary adenoma,Cabergoline,Study Group,Phase 3,0,0,0,0,0,,0.0,0,44.0,reliable,0.6988138135984517
2396,0,0.092847351363106,NCT03277248,Multiple Sclerosis,Teriflunomide,Teriflunomide + IV Placebo,Phase 3,0,0,0,0,0,,0.0,0,50.0,low_confidence,0.092847351363106
2397,0,0.092847351363106,NCT03277261,Multiple Sclerosis,Teriflunomide,Teriflunomide + IV Placebo,Phase 3,0,0,0,0,0,,0.0,0,50.0,low_confidence,0.092847351363106
2398,0,0.009896981540980457,NCT03277690,Cushing syndrome,Levoketoconazole,Levoketoconazole,Phase 3,0,0,0,0,0,,0.0,0,29.0,reliable,0.009896981540980457
2399,0,0.3483287279946364,NCT03283007,Bronchiolitis Obliterans Syndrome,Nintedanib,Nintedanib,Phase 3,0,0,0,0,0,,0.0,0,,unscored,0.3483287279946364
2400,0,0.027344074712349953,NCT03285594,Type 2 Diabetes Mellitus,Sotagliflozin,Sotagliflozin 200 mg,Phase 3,0,1,1,0,1,endpoint_surrogate_pass,0.0,0,25.0,reliable,0.027344074712349953
2401,0,0.16693506422846724,NCT03286842,Metastatic Breast Cancer,Olaparib,Olaparib,Phase 3,1,0,0,0,0,,0.0,0,15.0,reliable,0.16693506422846724
2402,0,0.6092892330587114,NCT03287869,bipolar I disorder,Brexpiprazole,Brexpiprazole,Phase 3,0,0,0,0,0,,0.0,0,78.0,low_confidence,0.6092892330587114
2403,0,0.01972531548527417,NCT03288038,Hypercholesterolemia,Ezetimibe,RSV10mg + EZE10mg,Phase 3,0,1,1,0,1,endpoint_surrogate_pass,0.0,0,22.0,reliable,0.01972531548527417
2404,0,0.013234731955769925,NCT03290378,Pain Management,Tramadol,AVE-901 25 mg,Phase 3,0,0,0,0,0,,0.0,0,81.0,low_confidence,0.013234731955769925
2405,0,0.01683949257083572,NCT03294395,gonorrhea,Ceftriaxone,Ceftriaxone im,Phase 3,0,0,0,0,0,,0.0,0,20.0,reliable,0.01683949257083572
2406,0,0.0898669827975511,NCT03294395,gonorrhea,Ertapenem,Ertapenem im,Phase 3,0,0,0,0,0,,0.0,0,20.0,reliable,0.0898669827975511
2407,0,0.1342853748999699,NCT03294395,gonorrhea,Fosfomycin Oral Suspension,Fosfomycin po,Phase 3,0,0,0,0,0,,0.0,0,20.0,reliable,0.1342853748999699
2408,0,0.0037699753305343053,NCT03299244,Secondary Hyperparathyroidism; Chronic Kidney Disease,Cinacalcet,Cinacalcet,Phase 3,0,0,0,0,0,,0.0,0,29.0,reliable,0.0037699753305343053
2409,0,0.02051577788709706,NCT03299244,Secondary Hyperparathyroidism; Chronic Kidney Disease,Etelcalcetide,Etelcalcetide,Phase 3,0,0,0,0,0,,0.0,0,29.0,reliable,0.02051577788709706
2411,0,0.3198220589882326,NCT03308084,Dysphasia,Methylprednisolone,Local Depomedrol plus IV dexamethasone,Phase 3,0,1,0,0,0,,0.0,0,44.0,reliable,0.3198220589882326
2412,0,0.1828579274181893,NCT03309007,diabetes,Metformin,Metformin,Phase 3,0,0,0,0,0,,0.0,0,25.0,reliable,0.1828579274181893
2413,1,0.5476434900609604,NCT03310125,atrial fibrillation,Colchicine,Colchicine,Phase 3,0,0,0,0,0,,0.0,0,22.0,reliable,0.5476434900609604
2414,0,0.3198220589882326,NCT03311425,Dysphagia,Methylprednisolone,Local Depomedrol plus IV dexamethasone,Phase 3,0,1,0,0,0,,0.0,0,44.0,reliable,0.3198220589882326
2416,0,0.535877494032689,NCT03312634,fibrodysplasia ossificans progressiva,Palovarotene,Palovarotene Chronic/Flare-Up Regimen,Phase 3,0,0,0,0,0,,0.0,0,44.0,reliable,0.535877494032689
2417,0,0.06934518785821718,NCT03313180,"Lung Diseases, Interstitial",Nintedanib,Nintedanib,Phase 3,0,0,0,0,0,,0.0,0,29.0,reliable,0.06934518785821718
2418,0,0.1539311586007472,NCT03320486,tinea pedis,Dapaconazole,Group 1 - dapaconazole cream 2%,Phase 3,0,0,0,0,0,,0.0,0,52.0,low_confidence,0.1539311586007472
2419,0,0.11241456607335683,NCT03320486,tinea pedis,Ketoconazole,Group 2 - ketoconazole cream 2%,Phase 3,0,0,0,0,0,,0.0,0,52.0,low_confidence,0.11241456607335683
2420,0,0.1828579274181893,NCT03320694,Management of Gestational Diabetes,Metformin,metformin,Phase 3,0,0,1,0,1,endpoint_surrogate_pass,0.0,0,19.0,reliable,0.15
2421,1,0.9781002089765571,NCT03325296,Alopecia Areata,Leonuriside,LEO 124249 ointment 30 mg/g,Phase 2,0,0,0,0,0,,,0,52.0,low_confidence,0.9781002089765571
2422,1,0.014994005093532003,NCT03332212,Heart Failure,Empagliflozin,Cohort A (Empagliflozin + Placebo),Phase 3,0,0,0,0,0,,-1.0,1,40.0,reliable,0.5
2423,0,0.05009439374753101,NCT03332771,Type 2 Diabetes Mellitus,Sotagliflozin (SAR439954),Sotagliflozin 200 mg,Phase 3,0,1,0,0,0,,,0,25.0,reliable,0.05009439374753101
2424,0,0.005541812828076791,NCT03332771,Type 2 Diabetes Mellitus,Glimepiride,Glimepiride,Phase 3,0,1,0,0,0,,,0,25.0,reliable,0.005541812828076791
2425,1,0.30502022341255863,NCT03333486,Blood Cancer,Cyclophosphamide; Fludarabine Phosphate,"Treatment (fludarabine, cyclophosphamide, TBI, PBSCT)",Phase 2,1,1,0,0,0,,,0,,unscored,0.30502022341255863
2426,0,0.38841878946497915,NCT03334253,Myopia,Atropine,Atropine Group,Phase 3,0,0,0,0,0,,0.0,0,44.0,reliable,0.38841878946497915
2427,0,0.4716139847881619,NCT03334396,Atopic Dermatitis,Baricitinib,1 mg Baricitinib,Phase 3,0,0,0,0,0,,0.0,0,52.0,low_confidence,0.4716139847881619
2428,0,0.4716139847881619,NCT03334422,Atopic Dermatitis,Baricitinib,1mg Baricitinib,Phase 3,0,0,0,0,0,,0.0,0,52.0,low_confidence,0.4716139847881619
2429,0,0.4716139847881619,NCT03334435,Atopic Dermatitis,Baricitinib,Bari 1 mg,Phase 3,0,0,0,0,0,,0.0,0,52.0,low_confidence,0.4716139847881619
2430,0,0.03139506860383971,NCT03334682,acne vulgaris,spironolactone,spironolactone,Phase 3,0,0,0,0,0,,0.0,0,52.0,low_confidence,0.03139506860383971
2432,0,0.49172586524734924,NCT03337308,Hyperlipidemias,Ezetimibe Fixed-Dose,BA 180 mg + EZE 10 mg FDC,Phase 3,0,1,1,0,1,endpoint_surrogate_pass,0.0,0,18.0,reliable,0.15
2433,0,0.48288125711635227,NCT03337308,Hyperlipidemias,Ezetimibe,EZE 10 mg,Phase 3,0,0,1,0,1,endpoint_surrogate_pass,0.0,0,18.0,reliable,0.15
2434,0,0.3701876389134956,NCT03337724,Breast Cancer,Ipatasertib,Ipatasertib + Paclitaxel,Phase 3,1,1,0,1,1,oncology_cytotoxic_monotherapy,0.0,0,22.0,reliable,0.15
2435,0,0.4792557622645822,NCT03340064,Partial Seizures,Levetiracetam,Levetiracetam,Phase 3,0,0,0,0,0,,0.0,0,44.0,reliable,0.4792557622645822
2436,1,0.4126578050260255,NCT03340727,Apnea of Prematurity,Caffeine Citrate,Caffeine Citrate,Phase 3,0,0,0,0,0,,0.0,0,44.0,reliable,0.4126578050260255
2437,0,0.03321561649341843,NCT03342027,Smoking Cessation,Bupropion,Bupropion + Positively Smoke Free,Phase 3,0,0,0,0,0,,0.0,0,59.0,low_confidence,0.03321561649341843
2439,0,0.07120872080343674,NCT03345836,Crohn's disease,Upadacitinib,Part 1 (Double-blind): Upadacitinib 45 mg,Phase 3,0,0,1,0,1,endpoint_surrogate_pass,0.0,0,52.0,low_confidence,0.07120872080343674
2440,0,0.07120872080343674,NCT03345849,Crohn's disease,Upadacitinib,Upadacitinib,Phase 3,0,0,0,0,0,,0.0,0,52.0,low_confidence,0.07120872080343674
2441,1,0.5214258847312937,NCT03347344,spinocerebellar ataxia type 2,Riluzole,RILUZOLE,Phase 3,0,0,0,0,0,,0.0,0,44.0,reliable,0.5214258847312937
2442,0,0.2288741416971538,NCT03349333,unspecified peripheral T-cell lymphoma,pralatrexate,pralatrexate,Phase 3,1,0,0,1,1,oncology_cytotoxic_monotherapy,0.0,0,18.0,reliable,0.15
2443,0,0.0055608784402638575,NCT03349684,"Diabetes Mellitus, Type 2",Acarbose,Acarbose plus metformin arm,Phase 3,0,1,1,0,1,endpoint_surrogate_pass,0.0,0,19.0,reliable,0.0055608784402638575
2444,0,0.05712951263535868,NCT03351478,Type 2 Diabetes Mellitus,Sotagliflozin,Sotagliflozin 400 mg,Phase 3,0,0,1,0,1,endpoint_surrogate_pass,0.0,0,25.0,reliable,0.05712951263535868
2445,0,0.020043791655948336,NCT03351478,Type 2 Diabetes Mellitus,Empagliflozin,Empagliflozin 25 mg,Phase 3,0,0,1,0,1,endpoint_surrogate_pass,0.0,0,25.0,reliable,0.020043791655948336
2446,0,0.05033332487909564,NCT03352323,rosacea,Oxymetazoline,oxymetazoline cream,Phase 3,0,0,0,0,0,,0.0,0,52.0,low_confidence,0.05033332487909564
2447,1,0.9872883224338229,NCT03354039,Duchenne Muscular Dystrophy,Tamoxifen,Tamoxifen 20 mg once daily,Phase 3,0,0,0,0,0,,0.0,0,32.0,reliable,0.9872883224338229
2448,0,0.16726042750287307,NCT03354429,Acute Ischaemic Stroke; Transient Ischaemic Attack,Ticagrelor,TICAGRELOR,Phase 3,0,0,0,0,0,,0.0,0,22.0,reliable,0.16726042750287307
2450,0,0.29105963387041445,NCT03354598,Uncomplicated Urinary Tract Infection,Ciprofloxacin,Ciprofloxacin,Phase 3,0,0,0,0,0,,0.0,0,20.0,reliable,0.29105963387041445
2451,1,0.8367531335931236,NCT03354637,Alopecia Areata,ATI-50002 high dose,ATI-50002 high dose Topical Solution,Phase 2,0,0,0,0,0,,0.0,0,52.0,low_confidence,0.8367531335931236
2452,1,0.8367531335931236,NCT03354637,Alopecia Areata,ATI-50002 low dose,ATI-50002 low dose Topical Solution,Phase 2,0,0,0,0,0,,0.0,0,52.0,low_confidence,0.8367531335931236
2454,0,0.4995313852731357,NCT03357874,Acute Coronary Syndrome,Clopidogrel,Clopidogrel group,Phase 3,0,0,0,0,0,,0.0,0,22.0,reliable,0.4995313852731357
2455,0,0.42495724206900964,NCT03357874,Acute Coronary Syndrome,Ticagrelor,Ticagrelor group,Phase 3,0,0,0,0,0,,0.0,0,22.0,reliable,0.42495724206900964
2457,0,0.016885377042184613,NCT03359057,contraception,ethinyl estradiol; levonorgestrel,Estradiol + levonorgestrel + folic acid,Phase 3,0,1,0,0,0,,0.0,0,44.0,reliable,0.016885377042184613
2460,1,0.5697563999273383,NCT03364491,Obstetrical Complications; Hemorrhage; Labor and Delivery,Tranexamic Acid,Tranexamic Acid,Phase 3,0,0,0,0,0,,0.0,0,22.0,reliable,0.5697563999273383
2461,0,0.02057346561602654,NCT03367572,Chemotherapy-Induced Nausea and Vomiting,Prochlorperazine,"Group II (net/pal hydro, dexa, prochlorperazine, placebo)",Phase 3,0,1,0,0,0,,0.0,0,75.0,low_confidence,0.02057346561602654
2462,0,0.016287106450292483,NCT03367572,Chemotherapy-Induced Nausea and Vomiting,Olanzapine,"Group III (net/pal hydro, dexa, olanzapine, placebo)",Phase 3,0,1,0,0,0,,0.0,0,75.0,low_confidence,0.016287106450292483
2463,0,0.21240336923755837,NCT03372473,Asthma in Children,Montelukast mixed with Loratadine,Montelukast mixed with Loratadine,Phase 3,0,0,0,0,0,,,0,,unscored,0.21240336923755837
2464,0,0.2099988103652107,NCT03372473,Asthma in Children,Montelukast,Montelukast,Phase 3,0,0,0,0,0,,,0,,unscored,0.2099988103652107
2465,1,0.3301359852000881,NCT03372603,Cough,Gsk2798745,Treatment Sequence AB,Phase 2,0,0,0,0,0,,0.0,0,42.0,reliable,0.3301359852000881
2466,0,0.02668147138437064,NCT03373201,insomnia,Tasimelteon,Tasimelteon,Phase 3,0,0,1,0,1,endpoint_surrogate_pass,0.0,0,82.0,low_confidence,0.02668147138437064
2468,0,0.5768461741184868,NCT03374800,"Gastrointestinal Hemorrhage (Clinically Important, Upper)",Pantoprazole,Stress Ulcer Prophylaxis (Pantoprazole),Phase 3,0,0,0,0,0,,0.0,0,22.0,reliable,0.5768461741184868
2469,0,0.001906799208434351,NCT03374956,Obesity,Phentermine,Control Group,Phase 3,0,1,1,0,1,endpoint_surrogate_pass,0.0,0,37.0,reliable,0.001906799208434351
2470,0,0.07151326014304062,NCT03375515,Cancer Pain,Hydromorphone,PCA IV Hydromorphone titration,Phase 3,1,0,0,0,0,,0.0,0,,unscored,0.07151326014304062
2471,1,0.7051657336958332,NCT03376321,Influenza A,Pimodivir,Treatment Arm 1 (pimodivir + Standard-of-Care [SOC] treatment),Phase 3,0,0,0,0,0,,,0,,unscored,0.7051657336958332
2473,1,0.7051657336958332,NCT03381196,Influenza A,Pimodivir,Treatment Arm 1 (pimodivir + SOC treatment),Phase 3,0,0,0,0,0,,,0,,unscored,0.7051657336958332
2474,0,0.0759639639803421,NCT03390036,Osteoarthritis,Triamcinolone Hexacetonide,Triamcinolone Hexacetonide (TH),Phase 3,0,0,0,0,0,,0.0,0,80.0,low_confidence,0.0759639639803421
2475,1,0.502607908506264,NCT03395288,Urinary Tract Infections,D-Mannose,Observational arm,Phase 2/3,0,0,0,0,0,,0.0,0,20.0,reliable,0.502607908506264
2476,0,0.2575625921902386,NCT03395639,Cardiac Disease,Edoxaban,Edoxaban,Phase 3,0,0,0,0,0,,0.0,0,44.0,reliable,0.2575625921902386
2477,0,0.07640153094947538,NCT03396107,Cesarean Section Complications,Dexamethasone,Dexamethasone,Phase 3,0,0,0,0,0,,0.0,0,44.0,reliable,0.07640153094947538
2480,0,0.4668631106174275,NCT03402841,Ovarian Cancer,Olaparib,Olaparib,Phase 3,1,0,0,0,0,,0.0,0,22.0,reliable,0.4668631106174275
2481,0,0.09751445706799856,NCT03404518,"Outpatient Surgery; Pain, Postoperative",Ibuprofen,Ibuprofen and Norco,Phase 3,0,0,0,0,0,,0.0,0,81.0,low_confidence,0.09751445706799856
2483,1,0.20901184028976338,NCT03416179,Acute Myeloid Leukemia,glasdegib,Arm A (Intensive Study),Phase 3,1,1,0,0,0,,0.0,0,24.0,reliable,0.20901184028976338
2484,0,0.017446190070264274,NCT03419975,open-angle glaucoma,Latanoprost,latanoprost,Phase 3,0,0,0,0,0,,1.0,0,49.0,low_confidence,0.017446190070264274
2485,0,0.39769445082413596,NCT03422328,Pulmonary Arterial Hypertension; Chronic Thromboembolic Pulmonary Hypertension,macitentan,Open-label macitentan 10 mg,Phase 3,0,0,0,0,0,,0.0,0,22.0,reliable,0.39769445082413596
2486,0,0.022027129357982053,NCT03425474,sedation,Remimazolam Tosilate,Remimazolam Tosilate,Phase 3,0,0,0,0,0,,0.0,0,34.0,reliable,0.022027129357982053
2487,0,0.005054640984790313,NCT03425474,sedation,Propofol,Propofol,Phase 3,0,0,0,0,0,,0.0,0,34.0,reliable,0.005054640984790313
2488,0,0.4546900079270387,NCT03428100,Atopic Dermatitis,Baricitinib,1 mg Baricitinib,Phase 3,0,1,0,0,0,,0.0,0,52.0,low_confidence,0.4546900079270387
2489,0,0.06263524982681545,NCT03429543,Diabetes,Linagliptin,Linagliptin 5 mg - DINAMOᵀᴹ & DINAMOᵀᴹ Mono,Phase 3,0,1,1,0,1,endpoint_surrogate_pass,0.0,0,25.0,reliable,0.06263524982681545
2490,0,0.38171207886878233,NCT03429543,Diabetes,Empagliflozin,Empagliflozin 10 mg - DINAMOᵀᴹ & DINAMOᵀᴹ Mono,Phase 3,0,1,1,0,1,endpoint_surrogate_pass,0.0,0,25.0,reliable,0.15
2491,0,0.020070294130151906,NCT03434197,Osteoarthritis,Esflurbiprofen,SFPP (Esflurbiprofen plaster),Phase 3,0,0,0,0,0,,0.0,0,80.0,low_confidence,0.020070294130151906
2492,0,0.058457858541740994,NCT03434197,Osteoarthritis,Diclofenac diethylamine,Diclofenac gel,Phase 3,0,0,0,0,0,,0.0,0,80.0,low_confidence,0.058457858541740994
2493,0,0.4716139847881619,NCT03435081,Atopic Dermatitis,Baricitinib,1 mg Baricitinib,Phase 3,0,0,0,0,0,,0.0,0,52.0,low_confidence,0.4716139847881619
2494,1,0.6943252461398006,NCT03436420,Non-Alcoholic Fatty Liver Disease,Gemcabene,Gemcabene,Phase 2,0,0,0,0,0,,0.0,0,29.0,reliable,0.6943252461398006
2495,0,0.2843615259886351,NCT03439046,Breast Cancer,Ribociclib; Letrozole,ribociclib+letrozole,Phase 3,1,1,0,0,0,,0.0,0,22.0,reliable,0.2843615259886351
2496,0,0.40092334249222067,NCT03439046,Breast Cancer,Alpelisib; Fulvestrant,alpelisib+fulvestrant,Phase 3,1,1,0,0,0,,0.0,0,22.0,reliable,0.40092334249222067
2497,1,0.17581262583543658,NCT03440385,Crohn disease,Ozanimod,Administration of oral Ozanimod,Phase 3,0,0,0,0,0,,0.0,0,44.0,reliable,0.17581262583543658
2500,1,0.014994005093532003,NCT03448406,Heart Failure,Empagliflozin,Empagliflozin,Phase 3,0,0,0,0,0,,-1.0,1,40.0,reliable,0.5
2501,1,0.014994005093532003,NCT03448419,Heart Failure,Empagliflozin,Empagliflozin,Phase 3,0,0,0,0,0,,-1.0,1,40.0,reliable,0.5
2502,0,0.49406334524166906,NCT03449134,chronic cough,Gefapixant,Gefapixant 15 mg BID,Phase 3,0,0,0,0,0,,0.0,0,42.0,reliable,0.49406334524166906
2504,1,0.4031858031369227,NCT03452865,Sepsis; Septic Shock,Esomeprazole,Esomeprazole,Phase 3,0,0,0,0,0,,-1.0,1,20.0,reliable,0.5
2505,0,0.00426900370321383,NCT03461757,migraine,Rimegepant,Arm 1: Rimegepant 75 mg,Phase 3,0,0,1,0,1,endpoint_surrogate_pass,0.0,0,78.0,low_confidence,0.00426900370321383
2507,0,0.06976237867452234,NCT03465722,GIST,avapritinib,avapritinib,Phase 3,0,0,0,0,0,,0.0,0,15.0,reliable,0.06976237867452234
2508,0,0.054560975053488406,NCT03465722,GIST,regorafenib,regorafenib,Phase 3,0,0,0,0,0,,0.0,0,15.0,reliable,0.054560975053488406
2509,1,0.19588806374570003,NCT03467217,NAFLD - Nonalcoholic Fatty Liver Disease,Losartan potassium,Losartan potassium capsule,Phase 2,0,0,0,0,0,,0.0,0,29.0,reliable,0.19588806374570003
2510,0,0.5697563999273383,NCT03469947,Hemorrhagic Shock; Trauma Injury,Tranexamic Acid,Prehospital Tranexamic Acid,Phase 3,0,0,0,0,0,,0.0,0,22.0,reliable,0.5697563999273383
2511,0,0.5635835700616144,NCT03470545,hypertrophic cardiomyopathy,mavacamten,mavacamten (MYK-461),Phase 3,0,0,0,0,0,,0.0,0,22.0,reliable,0.5635835700616144
2512,0,0.17809996797858985,NCT03474679,Graft vs Host Disease,Ibrutinib,Ibrutinib,Phase 3,0,0,0,0,0,,0.0,0,22.0,reliable,0.17809996797858985
2513,1,0.26111940861028443,NCT03475225,drug-resistant epilepsy,Cholecalciferol,Experimental Arm,Phase 3,0,0,0,0,0,,0.0,0,44.0,reliable,0.26111940861028443
2514,1,0.5697563999273383,NCT03475342,Intrapartum - Moderate and Severe Anaemia,Tranexamic Acid,Tranexamic acid,Phase 3,0,0,0,0,0,,0.0,0,29.0,reliable,0.5697563999273383
2516,0,0.4062087782139767,NCT03477422,Urinary Tract Infection Complicated; Acute Pyelonephritis,CSE-1034 (Ceftriaxone; Sulbactam; EDTA,CSE-1034 (Ceftriaxone + Sulbactam + EDTA),Phase 3,0,0,0,0,0,,0.0,0,20.0,reliable,0.4062087782139767
2518,0,0.03858277763273267,NCT03485625,pain,Ketorolac,Lidocaine+ Ketorolac,Phase 3,0,1,0,0,0,,0.0,0,88.0,low_confidence,0.03858277763273267
2519,0,0.007373608505284781,NCT03485625,pain,paracetamol,Lidocaine+Paracetamol,Phase 3,0,1,0,0,0,,0.0,0,88.0,low_confidence,0.007373608505284781
2520,0,0.0323807438424589,NCT03486457,Psoriatic Arthritis,Tofacitinib,Treatment Sequence A,Phase 3,0,0,0,0,0,,0.0,0,52.0,low_confidence,0.0323807438424589
2521,1,0.6451790064223465,NCT03491462,amyotrophic lateral sclerosis,Arimoclomol,Arimoclomol,Phase 3,0,0,0,0,0,,0.0,0,44.0,reliable,0.6451790064223465
2522,0,0.029547200718017086,NCT03492281,overactive bladder,vibegron,Vibegron + Placebo to match Tolterodine,Phase 3,0,0,0,0,0,,0.0,0,72.0,low_confidence,0.029547200718017086
2523,0,0.01635561808564665,NCT03492281,overactive bladder,Tolterodine Tartrate ER,Tolterodine + Placebo to match vibegron,Phase 3,0,0,0,0,0,,0.0,0,72.0,low_confidence,0.01635561808564665
2525,0,0.5158504659919958,NCT03502616,Ankylosing Spondylitis,Tofacitinib,Tofacitinib,Phase 3,0,0,0,0,0,,0.0,0,44.0,reliable,0.5158504659919958
2526,1,0.21732526969184124,NCT03504410,Relapsed/Refractory Acute Myeloid Leukemia,Cpi 613,CPI-613 + HD Cytarabine and Mitoxantrone,Phase 3,1,1,0,0,0,,,0,,unscored,0.21732526969184124
2527,1,0.5974493200614222,NCT03504917,Autism Spectrum Disorder,Balovaptan,Balovaptan,Phase 3,0,0,0,0,0,,0.0,0,62.0,low_confidence,0.5974493200614222
2528,0,0.058582255564530714,NCT03505489,asthma,Mannitol,Mannitol challenge,Phase 3,0,0,0,0,0,,0.0,0,50.0,low_confidence,0.058582255564530714
2529,0,0.01723768243526937,NCT03505489,asthma,Methacholine,Methacholine challenge,Phase 3,0,0,0,0,0,,0.0,0,50.0,low_confidence,0.01723768243526937
2530,0,0.5697563999273383,NCT03505723,Perioperative Bleeding; Venous Thrombosis; Arterial Thrombosis,Tranexamic Acid,Tranexamic Acid (TXA),Phase 3,0,0,0,0,0,,0.0,0,22.0,reliable,0.5697563999273383
2531,1,0.11613493161851951,NCT03506373,Recurrent Waldenstrom Macroglobulinemia; Refractory Waldenstrom Macroglobulinemia; Waldenstrom Macroglobulinemia,Ibrutinib; Ixazomib Citrate,"Treatment (ixazomib citrate, ibrutinib)",Phase 2,0,1,0,0,0,,0.0,0,18.0,reliable,0.11613493161851951
2533,0,0.004410510316481117,NCT03515096,Thrombocytopenia,Eltrombopag,Eltrombopag,Phase 3,0,0,0,0,0,,0.0,0,29.0,reliable,0.004410510316481117
2534,1,0.018787086399111686,NCT03517566,Atopic Dermatitis,Adriforant,ZPL389 10 mg,Phase 2,0,0,0,0,0,,0.0,0,52.0,low_confidence,0.018787086399111686
2535,1,0.00607428160729116,NCT03523728,"Polycystic Kidney, Autosomal Dominant",Venglustat,Stage 1- Venglustat 15 mg,Phase 2/3,0,0,0,0,0,,-1.0,1,44.0,reliable,0.5
2536,1,0.5159529567795137,NCT03530293,Tourette Syndrome,Valbenazine,Pre-randomization Valbenazine,Phase 2,0,0,0,0,0,,0.0,0,62.0,low_confidence,0.5159529567795137
2537,1,0.37486421834317396,NCT03534284,Insomnia; End Stage Renal Disease,Trazodone,Medication- Trazodone,Phase 3,0,0,0,0,0,,0.0,0,67.0,low_confidence,0.37486421834317396
2538,1,0.24364519040378507,NCT03538691,Major Depressive Disorder,Brexpiprazole,Phase A: Brexpiprazole + ADT,Phase 3,0,0,0,0,0,,0.0,0,90.0,low_confidence,0.24364519040378507
2540,0,0.25714595025948467,NCT03548584,Alzheimer disease,Brexpiprazole,Brexpiprazole 2 mg,Phase 3,0,0,0,0,0,,0.0,0,44.0,reliable,0.25714595025948467
2541,1,0.6221530899720004,NCT03550443,Diabetic Kidney Disease,Bardoxolone methyl,RTA 402(Bardoxolone methyl),Phase 3,0,0,0,0,0,,,0,,unscored,0.6221530899720004
2542,0,0.63810249822838,NCT03551626,Malignant Melanoma,Dabrafenib; Trametinib,Dabrafenib and trametinib combination therapy,Phase 3,1,1,0,0,0,,0.0,0,15.0,reliable,0.63810249822838
2543,0,0.007373608505284781,NCT03553498,pain,IV acetaminophen,IV hydromorphone and IV acetaminophen,Phase 3,0,1,0,0,0,,0.0,0,88.0,low_confidence,0.007373608505284781
2544,0,0.005678833623259612,NCT03554018,Low Back Pain,Acetaminophen,Acetaminophen,Phase 3,0,1,0,0,0,,0.0,0,84.0,low_confidence,0.005678833623259612
2545,1,0.2625221622244064,NCT03555188,IBS - Irritable Bowel Syndrome,Ondansetron,Ondansetron,Phase 3,0,0,0,0,0,,0.0,0,75.0,low_confidence,0.2625221622244064
2546,0,0.07640153094947538,NCT03555929,Hand Wound; Wrist Wound; Forearm Wound; Hand Fracture; Wrist Fracture; Forearm Fracture,Dexamethasone,Dexamethasone,Phase 3,0,0,0,0,0,,0.0,0,25.0,reliable,0.07640153094947538
2547,0,0.5001757074475928,NCT03563664,Unexplained Infertility,Danazol,Study group,Phase 3,0,0,0,0,0,,0.0,0,44.0,reliable,0.5001757074475928
2548,0,0.5697563999273383,NCT03565276,Post Partum Hemorrhage,Tranexamic Acid,Experimental: TXA,Phase 3,0,0,0,0,0,,0.0,0,22.0,reliable,0.5697563999273383
2549,0,0.10884362127449543,NCT03566316,Hypertension With Hyperlipidemia,Rosuvastatin,Telmisartan/Amlodipine+Rosuvastatin,Phase 3,0,1,1,0,1,endpoint_surrogate_pass,0.0,0,18.0,reliable,0.10884362127449543
2551,0,0.004510577364676109,NCT03569293,atopic dermatitis,Upadacitinib,Upadacitinib 15 mg QD,Phase 3,0,0,0,0,0,,0.0,0,52.0,low_confidence,0.004510577364676109
2552,0,0.367028831900572,NCT03569475,Major Depressive Disorder,Levomilnacipran ER,Levomilnacipran ER 40-80 mg/day,Phase 3,0,0,0,0,0,,0.0,0,90.0,low_confidence,0.367028831900572
2553,0,0.5337206171984828,NCT03569475,Major Depressive Disorder,Fluoxetine,Fluoxetine 20 mg/day,Phase 3,0,0,0,0,0,,0.0,0,90.0,low_confidence,0.5337206171984828
2554,0,0.10162856360038278,NCT03571737,Acute Musculoskeletal Disease; Sprains; Sprains and Strains; Injuries; Emergencies; Trauma; Acute Pain,Lidocaine Patch 4%,Ibuprofen & Lidocaine Patch 4%,Phase 3,0,1,0,0,0,,0.0,0,81.0,low_confidence,0.10162856360038278
2555,1,0.7510446925834234,NCT03572478,Endometrial Cancer,Rucaparib,Rucaparib (Phase 2b Randomized Cohort),Phase 2,1,0,0,0,0,,0.0,0,15.0,reliable,0.7510446925834234
2556,0,0.6396949259772902,NCT03572933,CDKL5 deficiency disorder,ganaxolone,Ganaxolone,Phase 3,0,0,1,0,1,endpoint_surrogate_pass,0.0,0,44.0,reliable,0.15
2557,1,0.6522278502120573,NCT03573297,bipolar I disorder,Cariprazine,Double-Blind Cariprazine 1.5 mg/day,Phase 3,0,0,0,0,0,,0.0,0,78.0,low_confidence,0.6522278502120573
2558,0,0.439405867149683,NCT03575052,neuropsychiatric symptoms of neurodegenerative disease,Pimavanserin,Drug - Pimavanserin,Phase 3,0,0,0,0,0,,0.0,0,44.0,reliable,0.439405867149683
2559,0,0.010848275318936862,NCT03575104,insomnia,Daridorexant,Daridorexant 10 mg,Phase 3,0,0,1,0,1,endpoint_surrogate_pass,0.0,0,82.0,low_confidence,0.010848275318936862
2563,0,0.029547200718017086,NCT03583372,overactive bladder,Vibegron,Vibegron + Placebo to match Tolterodine,Phase 3,0,0,0,0,0,,0.0,0,72.0,low_confidence,0.029547200718017086
2564,0,0.01635561808564665,NCT03583372,overactive bladder,Tolterodine Tartrate ER,Tolterodine + Placebo to match vibegron,Phase 3,0,0,0,0,0,,0.0,0,72.0,low_confidence,0.01635561808564665
2565,0,0.015239210439108048,NCT03584373,Nephrolithiasis,Ketorolac Oral Tablet,Non-Opioid Analgesia,Phase 3,0,1,0,0,0,,0.0,0,44.0,reliable,0.015239210439108048
2566,0,0.013308958439016055,NCT03584373,Nephrolithiasis,Oxycodone,Opioid Analgesia,Phase 3,0,1,0,0,0,,0.0,0,44.0,reliable,0.013308958439016055
2567,1,0.46590261933273813,NCT03584516,Chronic Graft-Versus-Host Disease,Itacitinib,Part 1 : Dose determination of itacitinib,Phase 2/3,0,1,0,0,0,,0.0,0,22.0,reliable,0.46590261933273813
2568,0,0.01396542518981973,NCT03585374,Acute Traumatic Pain,Methoxyflurane,A_test drug_Methoxyflurane (Penthrox®),Phase 3,0,0,0,0,0,,0.0,0,81.0,low_confidence,0.01396542518981973
2569,0,0.007214596977936605,NCT03585374,Acute Traumatic Pain,Paracetamol,B_comparator_Morphine/Paracetamol/Ketoprofen [Paracetamol],Phase 3,0,1,0,0,0,,0.0,0,81.0,low_confidence,0.007214596977936605
2570,0,0.002641201780989008,NCT03585374,Acute Traumatic Pain,Ketoprofen,B_comparator_Morphine/Paracetamol/Ketoprofen [Ketoprofen],Phase 3,0,1,0,0,0,,0.0,0,81.0,low_confidence,0.002641201780989008
2571,0,0.3990897440654525,NCT03587025,Prevention of Pain,Amitriptyline,Amitryptyline,Phase 3,0,0,0,0,0,,0.0,0,81.0,low_confidence,0.3990897440654525
2572,0,0.5679713576140782,NCT03591068,nasal polyps,Fluticasone Propionate,OPN-375 186 mcg BID,Phase 3,0,0,0,0,0,,0.0,0,42.0,reliable,0.5679713576140782
2573,1,0.5292813565147607,NCT03591874,Graft Versus Host Disease; Ocular Surface Disease; oGVHD; Ocular Graft vs Host Disease; Lubricant Eye Drops; Ophthalmic Solutions; Graft vs Host Disease,Brimonidine Tartrate,OCU-300,Phase 3,0,0,0,0,0,,0.0,0,,unscored,0.5292813565147607
2574,0,0.42499143454203814,NCT03594110,Chronic Kidney Disease,Empagliflozin,Empagliflozin 10 mg,Phase 3,0,0,0,0,0,,0.0,0,29.0,reliable,0.42499143454203814
2575,0,0.25714595025948467,NCT03594123,Alzheimer's disease biomarker measurement,Brexpiprazole,Prior Brexpiprazole,Phase 3,0,0,0,0,0,,0.0,0,44.0,reliable,0.25714595025948467
2576,0,0.7982640150856474,NCT03596866,Lung Cancer,Brigatinib,Brigatinib,Phase 3,1,0,0,0,0,,0.0,0,22.0,reliable,0.7982640150856474
2577,0,0.5324856673092534,NCT03596866,Lung Cancer,Alectinib,Alectinib,Phase 3,1,0,0,0,0,,0.0,0,22.0,reliable,0.5324856673092534
2578,1,0.773032685402024,NCT03599622,Granulomatous Colitis; Crohn's Disease; Crohn's Enteritis; Granulomatous Enteritis,Deucravacitinib,BMS-986165 Dose 1,Phase 2,0,0,0,0,0,,0.0,0,44.0,reliable,0.773032685402024
2580,0,0.004510577364676109,NCT03607422,atopic dermatitis,Upadacitinib,Upadacitinib 15 mg QD,Phase 3,0,0,0,0,0,,0.0,0,52.0,low_confidence,0.004510577364676109
2581,0,0.21280511025537727,NCT03611751,psoriasis,Deucravacitinib,BMS-986165,Phase 3,0,0,1,0,1,endpoint_surrogate_pass,0.0,0,45.0,reliable,0.15
2582,0,0.054192760671583406,NCT03611751,psoriasis,Apremilast,Active comparator,Phase 3,0,0,1,0,1,endpoint_surrogate_pass,0.0,0,45.0,reliable,0.054192760671583406
2583,1,0.7827391835077152,NCT03616912,Systemic Lupus Erythematosus,Baricitinib,2 mg Baricitinib,Phase 3,0,0,0,0,0,,0.0,0,44.0,reliable,0.7827391835077152
2584,1,0.7827391835077152,NCT03616964,Systemic Lupus Erythematosus,Baricitinib,2 milligram (mg) Baricitinib,Phase 3,0,0,0,0,0,,0.0,0,44.0,reliable,0.7827391835077152
2585,0,0.003194916853494456,NCT03619213,Heart Failure With Preserved Ejection Fraction,Dapagliflozin,Dapagliflozin,Phase 3,0,0,0,0,0,,0.0,0,22.0,reliable,0.003194916853494456
2586,0,0.009896981540980457,NCT03621280,Cushing syndrome,Levoketoconazole,Levoketoconazole,Phase 3,0,0,0,0,0,,0.0,0,29.0,reliable,0.009896981540980457
2587,0,0.43495525440769195,NCT03622060,carotid artery occlusion,Nitroglycerin,Nitroglycerin,Phase 3,0,0,0,0,0,,,0,,unscored,0.43495525440769195
2588,0,0.19484833108748545,NCT03623243,multiple sclerosis,Siponimod,Siponimod,Phase 3,0,0,0,0,0,,0.0,0,50.0,low_confidence,0.19484833108748545
2589,0,0.439405867149683,NCT03623321,neuropsychiatric symptoms of neurodegenerative disease,Pimavanserin,Drug - pimavanserin,Phase 3,0,0,0,0,0,,0.0,0,44.0,reliable,0.439405867149683
2590,0,0.21280511025537727,NCT03624127,psoriasis,Deucravacitinib,BMS-986165,Phase 3,0,0,0,0,0,,0.0,0,45.0,reliable,0.21280511025537727
2591,0,0.054192760671583406,NCT03624127,psoriasis,Apremilast,Apremilast,Phase 3,0,0,0,0,0,,0.0,0,45.0,reliable,0.054192760671583406
2592,1,0.12873962853520327,NCT03628391,Delirium; Critical Illness; Intensive Care Psychosis; Cognitive Impairment; Cognitive Decline,Haloperidol,haloperidol,Phase 3,0,0,0,0,0,,0.0,0,65.0,low_confidence,0.12873962853520327
2594,0,0.08204390560559871,NCT03639389,Pain,Bupivacaine,Bupivacaine,Phase 3,0,0,0,0,0,,0.0,0,88.0,low_confidence,0.08204390560559871
2595,1,0.6075470879487667,NCT03642132,Advanced Ovarian Cancer,talazoparib,"chemotherapy, and talazoparib",Phase 3,1,0,0,0,0,,,0,,unscored,0.6075470879487667
2597,0,0.028886362221527805,NCT03645057,atopic dermatitis,Crisaborole,Crisaborole,Phase 3,0,0,0,0,0,,0.0,0,52.0,low_confidence,0.028886362221527805
2598,0,0.007107134707533963,NCT03645057,atopic dermatitis,Tacrolimus 0.03% Ointment,Tacrolimus 0.03%,Phase 3,0,0,0,0,0,,0.0,0,52.0,low_confidence,0.007107134707533963
2599,1,0.5525155418453858,NCT03645603,Withdrawal Syndrome,Dexmedetomidine,Dexmedetomidine,Phase 2,0,0,0,0,0,,0.0,0,59.0,low_confidence,0.5525155418453858
2600,0,0.5901853193813793,NCT03649659,Cavities of Teeth,Silver Diamine Fluoride,Silver Diamine Fluoride (SDF),Phase 3,0,0,0,0,0,,,0,,unscored,0.5901853193813793
2601,0,0.004522166160593147,NCT03650270,status epilepticus,Phenobarbital,Phenobarbital,Phase 3,0,0,0,0,0,,0.0,0,44.0,reliable,0.004522166160593147
2602,0,0.5442092891344348,NCT03653026,ulcerative colitis,Upadacitinib,Upadacitinib 45 mg,Phase 3,0,0,0,0,0,,0.0,0,50.0,low_confidence,0.5442092891344348
2603,1,0.6977860766005616,NCT03653832,critical illness,Dexmedetomidine,Dexmedetomidine Group,Phase 3,0,0,0,0,0,,0.0,0,18.0,reliable,0.6977860766005616
2604,1,0.36986477795203515,NCT03653832,critical illness,Clonidine,Clonidine Group,Phase 3,0,0,0,0,0,,0.0,0,18.0,reliable,0.36986477795203515
2605,0,0.9862538861479282,NCT03653832,critical illness,Propofol,Usual Care (Propofol) Group,Phase 3,0,0,0,0,0,,0.0,0,18.0,reliable,0.9862538861479282
2606,0,0.003270199788691077,NCT03661138,atopic dermatitis,Upadacitinib,Arm A,Phase 3,0,1,0,0,0,,0.0,0,52.0,low_confidence,0.003270199788691077
2607,0,0.003270199788691077,NCT03661138,atopic dermatitis,Upadacitinib; Topical Corticosteroids (TCS),Arm B,Phase 3,0,1,0,0,0,,0.0,0,52.0,low_confidence,0.003270199788691077
2608,0,0.5402966504775144,NCT03665779,Induction of Labor Affected Fetus / Newborn; Rupture of Membranes Prior to Onset of Labor,isosorbide mononitrate,isosorbide mono-nitrate group,Phase 3,0,0,0,0,0,,0.0,0,44.0,reliable,0.5402966504775144
2609,0,0.3248830305306589,NCT03667690,Candidemia; Mycoses; Fungal Infection; Invasive Candidiases,Caspofungin; Fluconazole,Group 2: Caspofungin,Phase 3,0,1,0,0,0,,,0,,unscored,0.3248830305306589
2610,0,0.026646497146865844,NCT03670810,migraine,Lasmiditan,100 mg Lasmiditan Maximum Extended Enrollment (MEE),Phase 3,0,0,0,0,0,,0.0,0,78.0,low_confidence,0.026646497146865844
2611,0,0.22942122588620126,NCT03673072,Gallbladder Carcinoma,Gemcitabine; Cisplatin,Arm A (gemcitabine plus cisplatin),Phase 3,1,1,0,1,1,oncology_cytotoxic_monotherapy,0.0,0,15.0,reliable,0.15
2612,0,0.21455727242688236,NCT03674294,Gastrointestinal Neoplasms; Chemotherapy-induced Nausea and Vomiting,Aprepitant,Palonosetron/Dexamethasone/Aprepitant,Phase 3,1,1,0,0,0,,0.0,0,15.0,reliable,0.21455727242688236
2613,0,0.00698175479565326,NCT03675139,endometrial hyperplasia,Medroxyprogesterone Acetate,Medroxyprogesterone Acetate,Phase 3,0,0,0,0,0,,0.0,0,44.0,reliable,0.00698175479565326
2614,0,0.01954266034772372,NCT03675139,endometrial hyperplasia,Dydrogesterone,dydrogesterone,Phase 3,0,0,0,0,0,,0.0,0,44.0,reliable,0.01954266034772372
2615,1,0.11742973450734943,NCT03677817,Improved Postoperative Pain,Lidocaine,Lidocaine,Phase 3,0,0,0,0,0,,0.0,0,81.0,low_confidence,0.11742973450734943
2616,0,0.614075493666811,NCT03678675,Post-cesarean pain,Ketorolac,Ketorolac Protocol,Phase 3,0,0,0,0,0,,0.0,0,81.0,low_confidence,0.614075493666811
2617,0,0.45354097075325084,NCT03678753,combined generalized and focal epilepsy,Cenobamate,Cenobamate,Phase 3,0,0,0,0,0,,0.0,0,44.0,reliable,0.45354097075325084
2618,1,0.6943973967864958,NCT03682055,Nasopharyngeal Carcinoma,VK-2019,Phase 1 Dose Escalation (Accelerated Titration),Phase 2,1,0,0,0,0,,0.0,0,15.0,reliable,0.6943973967864958
2619,0,0.018509810597716298,NCT03685630,epilepsy,Brivaracetam,Brivaracetam,Phase 3,0,0,0,0,0,,0.0,0,48.0,reliable,0.018509810597716298
2620,0,0.006051831257431937,NCT03687515,Chronic Rhinosinusitis With Polyposis,budesonide,budesonide inhalation suspension,Phase 3,0,0,0,0,0,,0.0,0,42.0,reliable,0.006051831257431937
2621,0,0.005802790112147881,NCT03687515,Chronic Rhinosinusitis With Polyposis,Prednisone,oral steroids,Phase 3,0,0,0,0,0,,0.0,0,42.0,reliable,0.005802790112147881
2622,1,0.6790025013567712,NCT03689244,Chronic Thromboembolic Pulmonary Hypertension,Selexipag,Selexipag DB,Phase 3,0,0,0,0,0,,1.0,0,22.0,reliable,0.6790025013567712
2623,1,0.321057271983581,NCT03690141,Prostate Cancer,eFT508,tomivosertib (eFT508),Phase 2,1,0,0,0,0,,0.0,0,22.0,reliable,0.321057271983581
2624,0,0.49406334524166906,NCT03696108,chronic cough,Gefapixant,Gefapixant 15 mg BID,Phase 3,0,0,0,0,0,,0.0,0,42.0,reliable,0.49406334524166906
2626,0,0.6622446709015131,NCT03700320,episodic migraine,Atogepant,Atogepant 60 mg,Phase 3,0,0,0,0,0,,0.0,0,78.0,low_confidence,0.6622446709015131
2627,0,0.009390291977022514,NCT03702582,Atrial Fibrillation,Rivaroxaban,Rivaroxaban,Phase 3,0,0,0,0,0,,0.0,0,22.0,reliable,0.009390291977022514
2628,0,0.0027935999760655976,NCT03702582,Atrial Fibrillation,Warfarin,Warfarin,Phase 3,0,0,0,0,0,,0.0,0,22.0,reliable,0.0027935999760655976
2629,0,0.3536567018184838,NCT03717194,Diabetes,Ertugliflozin,Ertugliflozin,Phase 3,0,0,0,0,0,,0.0,0,25.0,reliable,0.3536567018184838
2630,0,0.8710836448768147,NCT03718143,Acute Myeloid Leukemia,AZD1775 only,"Arm C: Relapsed AML, MDS and MF",Phase 2,1,0,0,0,0,,0.0,0,24.0,reliable,0.8710836448768147
2631,0,0.061912276174110936,NCT03718273,Atrial Fibrillation; Heart Diseases,Digoxin,Digoxin,Phase 3,0,0,0,0,0,,0.0,0,22.0,reliable,0.061912276174110936
2632,0,0.07667520159699463,NCT03718273,Atrial Fibrillation; Heart Diseases,Ivabradine,Ivabradine,Phase 3,0,0,0,0,0,,0.0,0,22.0,reliable,0.07667520159699463
2633,0,0.6913517962720942,NCT03719313,Hepatitis Delta Virus,Lonafarnib; Ritonavir,Group 1,Phase 3,0,1,0,0,0,,0.0,0,18.0,reliable,0.6913517962720942
2635,0,0.054192760671583406,NCT03721172,psoriasis,Apremilast,Extension Phase: Apremilast 30 mg,Phase 3,0,0,0,0,0,,0.0,0,45.0,reliable,0.054192760671583406
2636,1,0.35322684516690156,NCT03722108,Adenocarcinoma of the Stomach; Adenocarcinoma of the Gastroesophageal Junction,Regorafenib,Regorafenib and Irinotecan,Phase 2,1,1,0,0,0,,,0,,unscored,0.35322684516690156
2637,0,0.029647422746410596,NCT03723252,Nonalcoholic Steatohepatitis,Dapagliflozin,Dapagliflozin group,Phase 3,0,0,0,0,0,,0.0,0,29.0,reliable,0.029647422746410596
2638,0,0.25714595025948467,NCT03724942,Alzheimer disease,Brexpiprazole,Brexpiprazole,Phase 3,0,0,0,0,0,,0.0,0,44.0,reliable,0.25714595025948467
2639,0,0.11982795084880138,NCT03725202,giant cell arteritis,Upadacitinib,15 mg Upadacitinib + 26-week CS taper,Phase 3,0,1,0,0,0,,0.0,0,44.0,reliable,0.11982795084880138
2640,0,0.1455463618632526,NCT03725930,Child Preschool,Clonidine,Clonidine,Phase 3,0,0,0,0,0,,0.0,0,44.0,reliable,0.1455463618632526
2642,0,0.4546900079270387,NCT03733301,Atopic Dermatitis,Baricitinib,2 mg Baricitinib,Phase 3,0,1,0,0,0,,0.0,0,52.0,low_confidence,0.4546900079270387
2643,0,0.0039032907667422554,NCT03734016,Chronic Lymphocytic Leukemia,Zanubrutinib,Zanubrutinib,Phase 3,1,0,0,0,0,,0.0,0,24.0,reliable,0.0039032907667422554
2644,0,0.008995539501143086,NCT03734016,Chronic Lymphocytic Leukemia,Ibrutinib,Ibrutinib,Phase 3,1,0,0,0,0,,0.0,0,24.0,reliable,0.008995539501143086
2645,0,0.034477934527110024,NCT03735979,ischemic stroke,Argatroban,Argatroban,Phase 3,0,0,0,0,0,,0.0,0,22.0,reliable,0.034477934527110024
2646,0,0.09910285994104265,NCT03735979,ischemic stroke,Eptifibatide,Eptifibatide,Phase 3,0,0,0,0,0,,0.0,0,22.0,reliable,0.09910285994104265
2647,0,0.24364519040378507,NCT03737474,Major Depressive Disorder,Brexpiprazole,Brexpiprazole,Phase 3,0,0,0,0,0,,0.0,0,90.0,low_confidence,0.24364519040378507
2648,0,0.3150237597131543,NCT03738215,Major Depressive Disorder,Cariprazine,Cariprazine 1.5 mg/Day + ADT,Phase 3,0,0,1,0,1,endpoint_surrogate_pass,0.0,0,90.0,low_confidence,0.15
2649,0,0.3150237597131543,NCT03739203,Major Depressive Disorder,Cariprazine,Cariprazine 1.5 mg/day + ADT,Phase 3,0,0,1,0,1,endpoint_surrogate_pass,0.0,0,90.0,low_confidence,0.15
2650,1,0.5358883570186121,NCT03739840,Drug-Resistant Epilepsy; Focal-Onset Seizures,Padsevonil,Padsevonil dosing regimen 1,Phase 3,0,0,0,0,0,,,0,,unscored,0.5358883570186121
2651,0,0.2555441363597547,NCT03742505,vitamin D deficiency,Cholecalciferol,Vitamin D,Phase 3,0,0,0,0,0,,0.0,0,29.0,reliable,0.2555441363597547
2652,1,0.6221530899720004,NCT03749447,Chronic Kidney Diseases; Alport Syndrome; Autosomal Dominant Polycystic Kidney,Bardoxolone methyl,Bardoxolone methyl,Phase 3,0,0,0,0,0,,,0,,unscored,0.6221530899720004
2653,0,0.38337609660783667,NCT03750786,Advanced Colorectal Cancer,Leucovorin,Group B,Phase 3,1,0,0,0,0,,0.0,0,15.0,reliable,0.38337609660783667
2655,0,0.4161411490268437,NCT03761225,Prostate Cancer,Masitinib,Masitinib & docetaxel,Phase 3,1,1,0,0,0,,0.0,0,22.0,reliable,0.4161411490268437
2656,0,0.011503837933461316,NCT03764618,anemia,Fostamatinib disodium,Fostamatinib,Phase 3,0,0,1,0,1,endpoint_surrogate_pass,0.0,0,29.0,reliable,0.011503837933461316
2657,0,0.5915574055893768,NCT03766295,Pancreatic Cancer,Masitinib,Masitinib & gemcitabine,Phase 3,1,1,0,1,1,oncology_cytotoxic_monotherapy,0.0,0,22.0,reliable,0.15
2658,0,0.004306926379328977,NCT03768427,Hypercholesterolemia,Atorvastatin,Atorvastatin 20 mg,Phase 3,0,0,0,0,0,,0.0,0,22.0,reliable,0.004306926379328977
2659,0,0.004306926379328977,NCT03768427,Hypercholesterolemia,Atorvastatin,Atorvastatin 40 mg,Phase 3,0,0,0,0,0,,0.0,0,22.0,reliable,0.004306926379328977
2660,0,0.35184348323094117,NCT03773978,Juvenile Idiopathic Arthritis,Baricitinib,Baricitinib,Phase 3,0,0,0,0,0,,0.0,0,44.0,reliable,0.35184348323094117
2662,0,0.6622446709015131,NCT03777059,episodic migraine,Atogepant,Atogepant 10 mg,Phase 3,0,0,0,0,0,,0.0,0,78.0,low_confidence,0.6622446709015131
2663,0,0.054192760671583406,NCT03777436,psoriasis,Apremilast,Arm A- Apremilast with Placebo,Phase 3,0,0,0,0,0,,0.0,0,45.0,reliable,0.054192760671583406
2664,0,0.8890108954616942,NCT03778931,Advanced Breast Cancer,Elacestrant,Elacestrant,Phase 3,1,0,0,0,0,,0.0,0,15.0,reliable,0.8890108954616942
2665,0,0.022027129357982053,NCT03779061,sedation,Remimazolam Tosilate,Remimazolam Tosilate,Phase 3,0,0,0,0,0,,0.0,0,34.0,reliable,0.022027129357982053
2666,0,0.005054640984790313,NCT03779061,sedation,Propofol,Propofol,Phase 3,0,0,0,0,0,,0.0,0,34.0,reliable,0.005054640984790313
2667,0,0.6380729380980101,NCT03779178,atrial fibrillation,Landiolol,Landiolol group,Phase 3,0,0,0,0,0,,0.0,0,22.0,reliable,0.6380729380980101
2668,1,0.17676447545793283,NCT03788837,septic shock,Iloprost,intravenous ILOPROST,Phase 3,0,0,0,0,0,,-1.0,1,20.0,reliable,0.5
2669,0,0.29353113420747645,NCT03788967,complicated urinary tract infection,TBPM-PI-HBr; Dummy Infusion,TBPM-PI-HBr 600 mg,Phase 3,0,1,0,0,0,,0.0,0,20.0,reliable,0.29353113420747645
2670,0,0.3615303034264199,NCT03788967,complicated urinary tract infection,Ertapenem,Ertapenem 1 g,Phase 3,0,1,0,0,0,,0.0,0,20.0,reliable,0.3615303034264199
2671,0,0.457243117883786,NCT03789591,Sickle Cell Disease; Sickle Cell Anemia,Hydroxyurea,Alternative Arm,Phase 3,0,0,0,0,0,,0.0,0,32.0,reliable,0.457243117883786
2672,0,0.011734047512964299,NCT03790371,contraception,Misoprostol,misoprostol group,Phase 3,0,0,0,0,0,,0.0,0,44.0,reliable,0.011734047512964299
2673,1,0.3952995142943356,NCT03791398,metastatic colorectal cancer,Dose level 1 ONC201,ONC201 Level 1 (Starting Dose Level),Phase 2,1,0,0,0,0,,0.0,0,15.0,reliable,0.3952995142943356
2674,0,0.04197040359392553,NCT03794388,Neuropathic Pain,Capsaicin,Arm CAPSAICINE topical,Phase 3,0,0,0,0,0,,0.0,0,,unscored,0.04197040359392553
2675,0,0.11175032525949717,NCT03794388,Neuropathic Pain,Pregabalin,Arm PREGABALINE,Phase 3,0,0,0,0,0,,0.0,0,,unscored,0.11175032525949717
2676,0,0.020438312227916575,NCT03794505,Shoulder Arthritis,Lidocaine 2% Injectable Solution,Shoulder infiltration,Phase 3,0,1,0,0,0,,0.0,0,44.0,reliable,0.020438312227916575
2677,0,0.01248452721551566,NCT03794505,Shoulder Arthritis,Ropivacaine,Suprascapular nerve block,Phase 3,0,1,0,0,0,,0.0,0,44.0,reliable,0.01248452721551566
2678,0,0.9881552302115161,NCT03803124,"Polycystic Kidney, Autosomal Dominant",Tolvaptan,Tolvaptan,Phase 3,0,0,0,0,0,,1.0,0,44.0,reliable,0.9881552302115161
2679,0,0.20874254435669362,NCT03806530,End Stage Renal Disease; Restless Legs Syndrome,Ropinirole,Gabapentin + Ropinirole,Phase 3,0,1,0,0,0,,0.0,0,67.0,low_confidence,0.20874254435669362
2680,0,0.06934518785821718,NCT03820726,"Lung Diseases, Interstitial",Nintedanib,Nintedanib,Phase 3,0,0,0,0,0,,0.0,0,29.0,reliable,0.06934518785821718
2681,1,0.42638966696099434,NCT03820986,Advance Melanoma,Lenvatinib,Pembrolizumab+Lenvatinib,Phase 3,1,1,0,0,0,,0.0,0,15.0,reliable,0.42638966696099434
2682,0,0.18106602364120003,NCT03825887,Mucositis Pain,Morphine,Group A-PCA Morphine,Phase 3,0,0,0,0,0,,0.0,0,81.0,low_confidence,0.18106602364120003
2683,0,0.21110408690812413,NCT03825887,Mucositis Pain,Nalbuphine,Group B-PCA Nalbuphine,Phase 3,0,0,0,0,0,,0.0,0,81.0,low_confidence,0.21110408690812413
2684,1,0.25695090641513846,NCT03829319,Lung Cancer,Lenvatinib,Pemetrexed+Platinum Chemotherapy+Pembrolizumab+Lenvatinib,Phase 3,1,1,0,0,0,,0.0,0,22.0,reliable,0.25695090641513846
2685,1,0.5352062590740018,NCT03829332,Lung Cancer,Lenvatinib,Pembrolizumab + Lenvatinib,Phase 3,1,1,0,0,0,,0.0,0,22.0,reliable,0.5352062590740018
2688,0,0.4506038624031369,NCT03831854,Reducing Psychological Side Effects of Ketamine,Lamotrigine,lamotrigine,Phase 3,0,1,0,0,0,,0.0,0,44.0,reliable,0.4506038624031369
2690,1,0.4824409281386545,NCT03841773,PTSD,TNX-102 SL,TNX-102 SL Tablet 2.8 mg,Phase 3,0,0,0,0,0,,,0,78.0,low_confidence,0.4824409281386545
2691,0,0.0008300292491417781,NCT03841812,pain,Sevoflurane; Propofol,Propofol & Sevoflurane,Phase 3,0,1,0,0,0,,0.0,0,88.0,low_confidence,0.0008300292491417781
2692,0,0.8231247326624669,NCT03844984,septic shock,ketamine full dose,Ketamine group,Phase 3,0,1,0,0,0,,0.0,0,20.0,reliable,0.8231247326624669
2693,0,0.8302280216057722,NCT03844984,septic shock,ketamine half dose; Lidocaine,Lidocaine-ketamine group,Phase 3,0,1,0,0,0,,0.0,0,20.0,reliable,0.8302280216057722
2694,0,0.5697563999273383,NCT03846973,Tranexamic Acid,Tranexamic Acid,Tranexamic acid,Phase 3,0,0,0,0,0,,0.0,0,44.0,reliable,0.5697563999273383
2696,0,0.39089815813368867,NCT03853798,pyruvate kinase deficiency,Mitapivat,Cohort 1,Phase 3,0,0,0,0,0,,0.0,0,44.0,reliable,0.39089815813368867
2697,0,0.10026011978259322,NCT03872232,Hypercholesterolemia; Hypertension,Telmisartan,Ezetimibe/Rosuvastatin and Telmisartan,Phase 3,0,1,1,0,1,endpoint_surrogate_pass,0.0,0,18.0,reliable,0.10026011978259322
2698,0,0.08639792510684692,NCT03874494,schizophrenia,Brexpiprazole,Brexpiprazole,Phase 3,0,0,0,0,0,,0.0,0,70.0,low_confidence,0.08639792510684692
2699,0,0.3569336271854901,NCT03874494,schizophrenia,Aripiprazole,Aripiprazole,Phase 3,0,0,0,0,0,,0.0,0,70.0,low_confidence,0.3569336271854901
2700,1,0.7122011648443952,NCT03877224,Heart Failure With Preserved Ejection Fraction (HFpEF),Dapagliflozin,Dapagliflozin,Phase 3,0,0,0,0,0,,-1.0,1,22.0,reliable,0.7122011648443952
2701,0,0.25825780577451446,NCT03877237,Heart Failure With Reduced Ejection Fraction (HFrEF),Dapagliflozin,Dapagliflozin,Phase 3,0,0,0,0,0,,-1.0,1,22.0,reliable,0.5
2702,0,0.6468063457062287,NCT03881371,Parkinson's Disease,Safinamide,Safinamide,Phase 3,0,0,0,0,0,,0.0,0,58.0,low_confidence,0.6468063457062287
2704,0,0.35557602582750647,NCT03884101,Endometrial Carcinoma,Paclitaxel; Carboplatin,Paclitaxel + Carboplatin,Phase 3,1,1,0,0,0,,0.0,0,15.0,reliable,0.35557602582750647
2705,1,0.7185126448367287,NCT03890120,Primary Sclerosing Cholangitis,Cilofexor,Cilofexor 100 mg (Blinded Phase),Phase 3,0,0,0,0,0,,0.0,0,44.0,reliable,0.7185126448367287
2706,0,0.5904585787718734,NCT03893097,schistosomiasis,Praziquantel,Praziquantel,Phase 3,0,0,0,0,0,,0.0,0,44.0,reliable,0.5904585787718734
2709,0,0.2663371149245536,NCT03896009,Migraine,Meloxicam,Meloxicam,Phase 3,0,0,0,0,0,,,0,78.0,low_confidence,0.2663371149245536
2710,0,0.3245279797768828,NCT03896009,Migraine,Rizatriptan,Rizatriptan,Phase 3,0,0,0,0,0,,,0,78.0,low_confidence,0.3245279797768828
2711,0,0.010626233782219663,NCT03897439,Smoking Cessation,Varenicline Tartrate,Optimized Care (OPT) [Varenicline Tartrate],Phase 3,0,1,0,0,0,,0.0,0,59.0,low_confidence,0.010626233782219663
2712,0,0.02778957635105584,NCT03897439,Smoking Cessation,Bupropion,Optimized Care (OPT) [Bupropion],Phase 3,0,1,0,0,0,,0.0,0,59.0,low_confidence,0.02778957635105584
2713,1,0.42638966696099434,NCT03898180,Urothelial Carcinoma,Lenvatinib,Pembrolizumab + Lenvatinib,Phase 3,1,1,0,0,0,,0.0,0,15.0,reliable,0.42638966696099434
2715,0,0.18288905282787657,NCT03899103,Steroid-Dependent Nephrotic Syndrome,Mycophenolate Mofetil,Rituximab and Mycophenolate Mofetil,Phase 3,0,1,0,0,0,,0.0,0,44.0,reliable,0.18288905282787657
2716,0,0.9889029327798611,NCT03899259,Alopecia Areata,Baricitinib,2 mg Baricitinib,Phase 3,0,0,0,0,0,,0.0,0,52.0,low_confidence,0.9889029327798611
2717,0,0.029547200718017086,NCT03902080,overactive bladder,Vibegron,Vibegron 75 mg,Phase 3,0,0,0,0,0,,0.0,0,72.0,low_confidence,0.029547200718017086
2718,0,0.011624098050882095,NCT03907176,Analgesia,Bupivacaine; Ibuprofen; Acetaminophen,Cohort 1,Phase 3,0,1,0,0,0,,,0,,unscored,0.011624098050882095
2719,1,0.6891209277723294,NCT03909295,Heart Failure With Preserved Ejection Fraction (HFpEF),Sacubitril; Valsartan,LCZ696,Phase 3,0,1,0,0,0,,,0,22.0,reliable,0.6891209277723294
2720,0,0.3435224660288111,NCT03915769,ulcerative colitis,Ozanimod,0.46 mg ozanimod oral capsule once daily (QD),Phase 3,0,0,0,0,0,,0.0,0,50.0,low_confidence,0.3435224660288111
2721,0,0.10071428007796523,NCT03915860,acne vulgaris,Trifarotene,Trifarotene,Phase 3,0,0,0,0,0,,0.0,0,52.0,low_confidence,0.10071428007796523
2722,0,0.09149077530549515,NCT03917459,"Heart Failure; Heart Failure, Systolic; Erectile Dysfunction",Sacubitril; Valsartan,LCZ696,Phase 3,0,1,0,0,0,,0.0,0,54.0,low_confidence,0.09149077530549515
2723,0,0.06244219166162973,NCT03917459,"Heart Failure; Heart Failure, Systolic; Erectile Dysfunction",Enalapril,Enalapril,Phase 3,0,0,0,0,0,,0.0,0,54.0,low_confidence,0.06244219166162973
2724,1,0.9935907349665711,NCT03917719,Duchenne Muscular Dystrophy,Edasalonexent,Dose 1,Phase 3,0,0,0,0,0,,0.0,0,32.0,reliable,0.9935907349665711
2725,1,0.08826713966145419,NCT03917914,COPD,Bisoprolol,Bisoprolol,Phase 3,0,0,0,0,0,,-1.0,1,50.0,low_confidence,0.5
2726,1,0.6130496542042245,NCT03918447,Autosomal Dominant Polycystic Kidney; ADPKD,Bardoxolone methyl oral capsule,Maximum bardoxolone methyl dose 30 mg,Phase 3,0,0,0,0,0,,,0,,unscored,0.6130496542042245
2727,0,0.5201016963879359,NCT03925025,organophosphate poisoning,Nimodipine,Nimodipine,Phase 3,0,0,0,0,0,,0.0,0,44.0,reliable,0.5201016963879359
2728,1,0.48872552128203617,NCT03926624,"Leukemia, Myeloid, Acute",DFP-10917,Experimental,Phase 3,1,0,0,0,0,,0.0,0,18.0,reliable,0.48872552128203617
2729,0,0.010821362120425951,NCT03930186,plaque psoriasis,Apremilast,Apremilast,Phase 3,0,1,0,0,0,,0.0,0,45.0,reliable,0.010821362120425951
2731,0,0.25284366969294714,NCT03935217,trichomoniasis,Secnidazole,Solosec (containing 2 grams of secnidazole),Phase 3,0,0,0,0,0,,0.0,0,44.0,reliable,0.25284366969294714
2732,0,0.31366442492631,NCT03936387,Post-Sternotomy Pain,Ropivacaine,Bilateral erector spinae blocks,Phase 3,0,0,0,0,0,,0.0,0,81.0,low_confidence,0.31366442492631
2733,0,0.6622446709015131,NCT03939312,episodic migraine,Atogepant,Atogepant 60 mg,Phase 3,0,0,0,0,0,,0.0,0,78.0,low_confidence,0.6622446709015131
2734,0,0.3895834296684212,NCT03939637,immune thrombocytopenia,Eltrombopag,Eltrombopag,Phase 3,0,0,0,0,0,,0.0,0,29.0,reliable,0.3895834296684212
2735,0,0.5634585307912697,NCT03940196,Ovarian Cancer,Paclitaxel,NovoTTF-100L(O),Phase 3,1,0,0,1,1,oncology_cytotoxic_monotherapy,0.0,0,22.0,reliable,0.15
2736,0,0.009432060785786227,NCT03941860,Multiple Myeloma,Ixazomib Citrate,"Arm A (lenalidomide, ixazomib citrate)",Phase 3,1,1,0,0,0,,0.0,0,24.0,reliable,0.009432060785786227
2737,1,0.38841878946497915,NCT03942419,Myopia,Atropine 0.1% Ophthalmic Solution,Atropine 0.1% Ophthalmic Solution,Phase 3,0,0,0,0,0,,0.0,0,44.0,reliable,0.38841878946497915
2738,1,0.38841878946497915,NCT03942419,Myopia,Atropine 0.01% Ophthalmic Solution,Atropine 0.01% Ophthalmic Solution,Phase 3,0,0,0,0,0,,0.0,0,44.0,reliable,0.38841878946497915
2739,0,0.11440870051952165,NCT03943667,Metastatic Pancreatic Adenocarcinoma,Paclitaxel,GEMPAX,Phase 3,1,1,0,0,0,,0.0,0,15.0,reliable,0.11440870051952165
2740,0,0.3762478760738351,NCT03945188,Ulcerative Colitis,Etrasimod,Etrasimod 2 mg,Phase 3,0,0,0,0,0,,0.0,0,50.0,low_confidence,0.3762478760738351
2741,0,0.5031281846085952,NCT03952039,myelofibrosis,Fedratinib,Fedratinib 400mg/day,Phase 3,0,0,0,0,0,,0.0,0,18.0,reliable,0.5031281846085952
2743,0,0.0024392409831006335,NCT03956355,plaque psoriasis,Tapinarof,Tapinarof (DMVT-505),Phase 3,0,0,0,0,0,,0.0,0,45.0,reliable,0.0024392409831006335
2744,0,0.029730460569226336,NCT03959241,Prevention of Graft-versus-Host Disease,Methotrexate,Tacrolimus/Methotrexate,Phase 3,0,1,0,0,0,,,0,22.0,reliable,0.029730460569226336
2745,0,0.0024949803481830344,NCT03959241,Prevention of Graft-versus-Host Disease,Mycophenolate Mofetil; Cyclophosphamide,Tacrolimus/MMF/PTCY,Phase 3,0,1,0,0,0,,,0,22.0,reliable,0.0024949803481830344
2746,0,0.005887631350864575,NCT03959527,Gonorrhea,zoliflodacin,zoliflodacin,Phase 3,0,0,0,0,0,,,0,,unscored,0.005887631350864575
2747,0,0.0025897157237501633,NCT03959527,Gonorrhea,ceftriaxone; azithromycin,ceftriaxone and azithromycin combination,Phase 3,0,1,0,0,0,,,0,,unscored,0.0025897157237501633
2748,0,0.614075493666811,NCT03967847,rotator cuff tear,Ketorolac,Ketorolac,Phase 3,0,0,0,0,0,,0.0,0,44.0,reliable,0.614075493666811
2749,1,0.41884484277539735,NCT03968159,Major Depressive Disorder,Pimavanserin,Drug - pimavanserin,Phase 3,0,0,0,0,0,,0.0,0,90.0,low_confidence,0.41884484277539735
2750,0,0.5158504659919958,NCT03970837,"Arthritis, Rheumatoid",Tofacitinib,Tofacitinib 5mg + csDMARD (Global Cohort),Phase 3,0,0,0,0,0,,,0,,unscored,0.5158504659919958
2751,0,0.5158504659919958,NCT03970837,"Arthritis, Rheumatoid",Tofacitinib,Tofacitinib 5mg + csDMARD (Asia Cohort),Phase 3,0,0,0,0,0,,,0,,unscored,0.5158504659919958
2752,0,0.017385862737507876,NCT03974932,Analgesia,Celecoxib,Cohort 1,Phase 3,0,1,0,0,0,,,0,,unscored,0.017385862737507876
2753,0,0.024358417028299873,NCT03974932,Analgesia,HTX-011,Cohort 3,Phase 3,0,1,0,0,0,,,0,,unscored,0.024358417028299873
2754,1,0.6233726409320055,NCT03976375,Lung Cancer,Lenvatinib,Lenvatinib Monotherapy,Phase 3,1,0,0,0,0,,0.0,0,22.0,reliable,0.6233726409320055
2755,0,0.49824674892491255,NCT03979352,Type1 Diabetes Mellitus,empagliflozin,Empagliflozin arm,Phase 3,0,0,1,0,1,endpoint_surrogate_pass,0.0,0,19.0,reliable,0.15
2756,0,0.0024392409831006335,NCT03983980,plaque psoriasis,Tapinarof,Tapinarof (DMVT-505) Cream Group,Phase 3,0,0,0,0,0,,0.0,0,45.0,reliable,0.0024392409831006335
2757,0,0.598243244773393,NCT03988530,motion sickness,Scopolamine,DPI-386 Nasal Gel,Phase 3,0,0,0,0,0,,0.0,0,44.0,reliable,0.598243244773393
2759,0,0.3762478760738351,NCT03996369,Ulcerative Colitis,Etrasimod,Etrasimod 2 mg,Phase 3,0,0,0,0,0,,0.0,0,50.0,low_confidence,0.3762478760738351
2760,0,0.004924561424374548,NCT03996772,Atrial Fibrillation; Intracerebral Hemorrhage,Apixaban Oral Tablet,Direct Oral Anticoagulant [Apixaban Oral Tablet],Phase 3,0,0,0,0,0,,0.0,0,22.0,reliable,0.004924561424374548
2761,0,0.0039979661849715385,NCT03996772,Atrial Fibrillation; Intracerebral Hemorrhage,Dabigatran,Direct Oral Anticoagulant [Dabigatran],Phase 3,0,0,0,0,0,,0.0,0,22.0,reliable,0.0039979661849715385
2762,0,0.005687050206690799,NCT03996772,Atrial Fibrillation; Intracerebral Hemorrhage,Edoxaban Tablets,Direct Oral Anticoagulant [Edoxaban Tablets],Phase 3,0,0,0,0,0,,0.0,0,22.0,reliable,0.005687050206690799
2763,0,0.009498488181320286,NCT03996772,Atrial Fibrillation; Intracerebral Hemorrhage,Rivaroxaban,Direct Oral Anticoagulant [Rivaroxaban],Phase 3,0,0,0,0,0,,0.0,0,22.0,reliable,0.009498488181320286
2764,0,0.4634545291504547,NCT04003142,hot flashes,Fezolinetant,Double-blind Period: Fezolinetant 30 mg/Extension Period: Fezolinetant 30 mg,Phase 3,0,0,0,0,0,,0.0,0,62.0,low_confidence,0.4634545291504547
2765,0,0.4634545291504547,NCT04003155,hot flashes,fezolinetant,Double-blind Period: Fezolinetant 30 mg/Extension Period: Fezolinetant 30 mg,Phase 3,0,0,0,0,0,,0.0,0,62.0,low_confidence,0.4634545291504547
2766,0,0.4634545291504547,NCT04003389,hot flashes,fezolinetant,Fezolinetant 30 mg,Phase 3,0,0,0,0,0,,0.0,0,62.0,low_confidence,0.4634545291504547
2767,0,0.01330500345652757,NCT04008706,Chronic Lymphocytic Leukemia,Acalabrutinib,Acalabrutinib,Phase 3,1,0,0,0,0,,0.0,0,24.0,reliable,0.01330500345652757
2768,0,0.018439969433260588,NCT04010539,Gonorrhea,Gepotidacin,Participants receiving Gepotidacin,Phase 3,0,0,0,0,0,,,0,,unscored,0.018439969433260588
2769,0,0.0025897157237501633,NCT04010539,Gonorrhea,Ceftriaxone; Azithromycin,Participants receiving Ceftriaxone plus Azithromycin,Phase 3,0,1,0,0,0,,,0,,unscored,0.0025897157237501633
2770,0,0.06738167245185026,NCT04017832,Type 2 Diabetes,Sitagliptin,Sitagliptin 100 mg and placebo (oral semaglutide),Phase 3,0,0,1,0,1,endpoint_surrogate_pass,0.0,0,25.0,reliable,0.06738167245185026
2771,0,0.18011880883497106,NCT04020341,Recurrent urinary tract infections,Gepotidacin,Gepotidacin,Phase 3,0,0,0,0,0,,0.0,0,20.0,reliable,0.18011880883497106
2772,0,0.05243345941434261,NCT04020341,Recurrent urinary tract infections,Nitrofurantoin,Nitrofurantoin,Phase 3,0,0,0,0,0,,0.0,0,20.0,reliable,0.05243345941434261
2773,0,0.032484671348515584,NCT04029480,Type 2 Diabetes Mellitus,Ertugliflozin,Ertugliflozin 5 mg,Phase 3,0,1,1,0,1,endpoint_surrogate_pass,0.0,0,25.0,reliable,0.032484671348515584
2774,0,0.35557602582750647,NCT04031703,Triple Negative Breast Cancer,Paclitaxel; Carboplatin,6 cycles of PC adjuvant chemotherapy,Phase 3,1,1,0,1,1,oncology_cytotoxic_monotherapy,0.0,0,15.0,reliable,0.15
2777,0,0.005545686757229547,NCT04037514,Patent Ductus Arteriosus After Premature Birth,Paracetamol,Paracetamol,Phase 3,0,0,0,0,0,,0.0,0,44.0,reliable,0.005545686757229547
2778,0,0.001956223871150257,NCT04037514,Patent Ductus Arteriosus After Premature Birth,Ibuprofen,Ibuprofen,Phase 3,0,0,0,0,0,,0.0,0,44.0,reliable,0.001956223871150257
2779,0,0.0025096230900604967,NCT04041791,pneumonia,Ceftriaxone,Ceftriaxone and IV fluids,Phase 3,0,0,0,0,0,,0.0,0,20.0,reliable,0.0025096230900604967
2781,0,0.006053164370693303,NCT04041791,pneumonia,Benzyl penicillin; Gentamicin Sulfate; Ampicillin,Benzyl penicillin/ampicillin + gentamicin & NG feeds,Phase 3,0,1,0,0,0,,0.0,0,20.0,reliable,0.006053164370693303
2782,1,0.6451790064223465,NCT04049097,Inclusion Body Myositis,Arimoclomol,Arimoclomol,Phase 3,0,0,0,0,0,,0.0,0,44.0,reliable,0.6451790064223465
2783,0,0.4899815313245709,NCT04056754,Prostate Cancer,Abiraterone Acetate,Abiraterone acetate group,Phase 3,1,1,0,0,0,,0.0,0,22.0,reliable,0.4899815313245709
2784,0,0.20983594793736185,NCT04074551,Hypertension; Dyslipidemias,Amlodipine,Active Comparator 1,Phase 3,0,1,0,0,0,,,0,,unscored,0.20983594793736185
2785,0,0.2315765744065729,NCT04074551,Hypertension; Dyslipidemias,Rosuvastatin; Ezetimibe,Active Comparator 2,Phase 3,0,1,0,0,0,,,0,,unscored,0.2315765744065729
2786,1,0.26181642737117283,NCT04075006,Critical Illness; Sedation; Mechanical Ventilation,Ketamine,Ketamine Group,Phase 3,0,0,0,0,0,,0.0,0,18.0,reliable,0.26181642737117283
2788,0,0.12289830736616081,NCT04083235,Metastatic Pancreatic Cancer,Irinotecan Liposomal Injection; Oxaliplatin; 5Fluorouracil,Irinotecan liposome injection + Oxaliplatin + 5-FU/LV,Phase 3,1,1,0,0,0,,,0,15.0,reliable,0.12289830736616081
2789,0,0.08341473502699379,NCT04083235,Metastatic Pancreatic Cancer,Nab-paclitaxel; Gemcitabine,Nab-paclitaxel + Gemcitabine,Phase 3,1,1,0,0,0,,,0,15.0,reliable,0.08341473502699379
2790,0,0.06934518785821718,NCT04093024,"Lung Diseases, Interstitial",Nintedanib,Double-blind period (DBP) + open-label Nintedanib period (OLNP): Randomised Nintedanib,Phase 3,0,0,0,0,0,,0.0,0,29.0,reliable,0.06934518785821718
2792,0,0.5159529567795137,NCT04102579,"Chorea, Huntington",Valbenazine,Valbenazine,Phase 3,0,0,0,0,0,,0.0,0,44.0,reliable,0.5159529567795137
2793,0,0.029547200718017086,NCT04103450,overactive bladder,Vibegron,Vibegron,Phase 3,0,0,0,0,0,,0.0,0,72.0,low_confidence,0.029547200718017086
2794,0,0.5358690098680764,NCT04104178,MRSA; MRSA Colonization,Clindamycin,Clindamycin,Phase 3,0,0,0,0,0,,,0,,unscored,0.5358690098680764
2795,0,0.1940632335178559,NCT04122547,bronchiectasis,Roflumilast,Roflumilast,Phase 3,0,0,0,0,0,,0.0,0,44.0,reliable,0.1940632335178559
2796,0,0.3282272339132502,NCT04123405,rhinosinusitis,acetylcysteine,Group A: 600 mg acetylcysteine,Phase 3,0,0,0,0,0,,0.0,0,42.0,reliable,0.3282272339132502
2797,0,0.2603492197240945,NCT04124614,Post Traumatic Stress Disorder,Brexpiprazole,Brexpiprazole + Sertraline,Phase 3,0,1,0,0,0,,0.0,0,78.0,low_confidence,0.2603492197240945
2798,0,0.04282555637777375,NCT04124926,Erosive Esophagitis,Vonoprazan,Healing Phase: Vonoprazan 20 mg,Phase 3,0,0,0,0,0,,0.0,0,44.0,reliable,0.04282555637777375
2799,0,0.007700442478119696,NCT04124926,Erosive Esophagitis,Lansoprazole,Healing Phase: Lansoprazole 30 mg,Phase 3,0,0,0,0,0,,0.0,0,44.0,reliable,0.007700442478119696
2800,0,0.007700442478119696,NCT04124926,Erosive Esophagitis,Lansoprazole,Maintenance Phase: Lansoprazole 15 mg,Phase 3,0,0,0,0,0,,0.0,0,44.0,reliable,0.007700442478119696
2801,0,0.03243218675685836,NCT04127019,Breast Cancer,Docetaxel; Epirubicin; 5-fluorouracil,CEF*3-T*3,Phase 3,1,1,0,1,1,oncology_cytotoxic_monotherapy,0.0,0,22.0,reliable,0.03243218675685836
2802,0,0.24988267559449778,NCT04127019,Breast Cancer,Paclitaxel; Epirubicin,EC*4-wP*12,Phase 3,1,1,0,1,1,oncology_cytotoxic_monotherapy,0.0,0,22.0,reliable,0.15
2803,0,0.02325349282038574,NCT04127513,xerosis cutis,Ammonium Lactate,12% AMMONIUM LACTATE,Phase 3,0,0,0,0,0,,,0,,unscored,0.02325349282038574
2804,0,0.007054347100117696,NCT04127513,xerosis cutis,Urea,10% UREA,Phase 3,0,0,0,0,0,,,0,,unscored,0.007054347100117696
2805,0,0.018420722187207784,NCT04133623,Acute Pain Due to Trauma,Ketorolac,Ketorolac,Phase 3,0,0,0,0,0,,0.0,0,81.0,low_confidence,0.018420722187207784
2806,0,0.001956223871150257,NCT04133623,Acute Pain Due to Trauma,Ibuprofen,Ibuprofen,Phase 3,0,0,0,0,0,,0.0,0,81.0,low_confidence,0.001956223871150257
2807,0,0.2625221622244064,NCT04140058,Hypotension; Nausea; Vomiting,Ondansetron,group O4,Phase 3,0,0,0,0,0,,0.0,0,18.0,reliable,0.2625221622244064
2809,0,0.14837531693657682,NCT04142658,Aortic Valve Disease; Aortic Valve Stenosis; Aortic Valve Failure,Warfarin,Warfarin,Phase 3,0,0,0,0,0,,0.0,0,,unscored,0.14837531693657682
2810,0,0.6383387686148311,NCT04155203,Secondarily Infected Traumatic Skin Lesions,Mupirocin Calcium,Perrigo active,Phase 3,0,0,0,0,0,,,0,,unscored,0.6383387686148311
2811,0,0.014994005093532003,NCT04157751,Heart Failure,Empagliflozin,Empagliflozin,Phase 3,0,0,0,0,0,,0.0,0,40.0,reliable,0.014994005093532003
2812,0,0.10515457847890938,NCT04158076,Hypercholesterolemia; Hypertension,Ezetimibe; Rosuvastatin,Co-administered of AD-2071 and AD-2073,Phase 3,0,1,1,0,1,endpoint_surrogate_pass,0.0,0,18.0,reliable,0.10515457847890938
2813,1,0.2061176670712524,NCT04163900,Biliary Tract Cancer,Fosgemcitabine Palabenamide,A - NUC-1031 and cisplatin,Phase 3,1,1,0,0,0,,0.0,0,,unscored,0.2061176670712524
2814,0,0.8174718095899479,NCT04163900,Biliary Tract Cancer,Gemcitabine,B - gemcitabine and cisplatin,Phase 3,1,1,0,0,0,,0.0,0,,unscored,0.8174718095899479
2816,0,0.40567206689403984,NCT04166331,Sepsis,Dobutamine,Experimental,Phase 3,0,0,0,0,0,,1.0,0,20.0,reliable,0.40567206689403984
2819,0,0.16396040088741898,NCT04169373,spondyloarthritis,Upadacitinib,Study 1: Upadacitinib 15 mg,Phase 3,0,0,0,0,0,,0.0,0,44.0,reliable,0.16396040088741898
2820,1,0.992330122856681,NCT04173273,Crohn's Disease,Etrasimod,Etrasimod Dose A,Phase 3,0,0,0,0,0,,0.0,0,52.0,low_confidence,0.992330122856681
2821,0,0.18483224335012385,NCT04173494,Primary Myelofibrosis; Post-polycythemia Vera Myelofibrosis; Post-essential Thrombocythemia Myelofibrosis,Momelotinib,Momelotinib,Phase 3,0,0,0,0,0,,0.0,0,18.0,reliable,0.18483224335012385
2822,0,0.15796895202960415,NCT04173494,Primary Myelofibrosis; Post-polycythemia Vera Myelofibrosis; Post-essential Thrombocythemia Myelofibrosis,Danazol,Danazol,Phase 3,0,0,0,0,0,,0.0,0,18.0,reliable,0.15796895202960415
2823,1,0.2603492197240945,NCT04174170,Post Traumatic Stress Disorder,Brexpiprazole,Brexpiprazole (2 mg) + Sertraline,Phase 3,0,1,0,0,0,,0.0,0,78.0,low_confidence,0.2603492197240945
2824,1,0.009788611229953868,NCT04174365,autism spectrum disorder,Brexpiprazole,Brexpiprazole,Phase 3,0,0,0,0,0,,0.0,0,62.0,low_confidence,0.009788611229953868
2825,0,0.054192760671583406,NCT04175613,psoriasis,Apremilast,Patients treated with Apremilast,Phase 3,0,0,0,0,0,,0.0,0,45.0,reliable,0.054192760671583406
2826,0,0.35781263568503263,NCT04177108,Participants With Locally Advanced or Metastatic Triple-Negative Breast Cancer,Ipatasertib,Cohort 1 Arm B: Ipatasertib + Placebo + Paclitaxel,Phase 3,1,1,0,1,1,oncology_cytotoxic_monotherapy,0.0,0,15.0,reliable,0.15
2827,0,0.18011880883497106,NCT04187144,Recurrent urinary tract infections,Gepotidacin,Gepotidacin,Phase 3,0,0,0,0,0,,0.0,0,20.0,reliable,0.18011880883497106
2828,0,0.05243345941434261,NCT04187144,Recurrent urinary tract infections,Nitrofurantoin,Nitrofurantoin,Phase 3,0,0,0,0,0,,0.0,0,20.0,reliable,0.05243345941434261
2829,0,0.011386793807182731,NCT04189107,Postoperative Pain,Dexamethasone,Experimental,Phase 3,0,0,0,0,0,,0.0,0,81.0,low_confidence,0.011386793807182731
2831,0,0.49406334524166906,NCT04193176,chronic cough,Gefapixant,Gefapixant,Phase 3,0,0,0,0,0,,0.0,0,42.0,reliable,0.49406334524166906
2832,0,0.49406334524166906,NCT04193202,chronic cough,Gefapixant,Gefapixant,Phase 3,0,0,0,0,0,,0.0,0,42.0,reliable,0.49406334524166906
2833,1,0.4163919919436472,NCT04193878,Pneumonia; Hypoxemia; Acute Respiratory Failure; COVID-19 Pneumonia,formoterol,Intervention,Phase 3,0,1,0,0,0,,,0,,unscored,0.4163919919436472
2834,0,0.004510577364676109,NCT04195698,atopic dermatitis,Upadacitinib,Upadacitinib,Phase 3,0,0,0,0,0,,0.0,0,52.0,low_confidence,0.004510577364676109
2838,0,0.9953188468057125,NCT04199104,Head and Neck Squamous Cell Carcinoma,Lenvatinib,Pembrolizumab with Lenvatinib,Phase 3,1,1,0,0,0,,0.0,0,,unscored,0.9953188468057125
2841,0,0.003087353363004923,NCT04213677,Polycystic Ovary Syndrome,Dapagliflozin,Dapagliflozin,Phase 3,0,0,1,0,1,endpoint_surrogate_pass,0.0,0,44.0,reliable,0.003087353363004923
2845,1,0.2377746217303463,NCT04221451,Tay-Sachs Disease; Sandhoff Disease,venglustat GZ402671,GZ402671,Phase 3,0,0,0,0,0,,,0,,unscored,0.2377746217303463
2846,0,0.19052193229575765,NCT04221750,Frailty; Sarcopenic Obesity,Metformin Hydrochloride,Lifestyle Therapy plus Metformin,Phase 3,0,0,0,0,0,,0.0,0,,unscored,0.19052193229575765
2847,0,0.43408655927777523,NCT04227522,Ovarian Cancer,Rucaparib,Arm A (Rucaparib),Phase 3,1,0,0,0,0,,0.0,0,22.0,reliable,0.43408655927777523
2848,0,0.764140189251945,NCT04230980,Post-Operative Pain,Gabapentin,Gabapentin,Phase 3,0,0,1,0,1,endpoint_surrogate_pass,0.0,0,81.0,low_confidence,0.15
2849,0,0.34282953452689857,NCT04231331,valvular heart disease,Ertugliflozin,Ertugliflozin,Phase 3,0,0,0,0,0,,0.0,0,22.0,reliable,0.34282953452689857
2850,0,0.05924084042130358,NCT04233801,Type 2 Diabetes,Empagliflozin,Empagliflozin 10 mg,Phase 3,0,0,0,0,0,,0.0,0,25.0,reliable,0.05924084042130358
2851,1,0.4634545291504547,NCT04234204,hot flashes,Fezolinetant,Fezolinetant group,Phase 3,0,0,0,0,0,,0.0,0,62.0,low_confidence,0.4634545291504547
2852,0,0.015002520407730749,NCT04237090,Breast Cancer; Lung Cancer; Ovarian Cancer; Oesophageal Cancer; Head Cancer Neck; Cervical Cancer; Endometrial Cancer,Diphenhydramine,Diphenhydramine + placebo,Phase 3,1,1,0,0,0,,0.0,0,15.0,reliable,0.015002520407730749
2853,0,0.007972981387950339,NCT04237090,Breast Cancer; Lung Cancer; Ovarian Cancer; Oesophageal Cancer; Head Cancer Neck; Cervical Cancer; Endometrial Cancer,Cetirizine,Cetirizine + placebo,Phase 3,1,0,0,0,0,,0.0,0,15.0,reliable,0.007972981387950339
2854,0,0.11134045348053827,NCT04246541,Postoperative Pain,Ketorolac,Ketorolac,Phase 3,0,0,0,0,0,,0.0,0,81.0,low_confidence,0.11134045348053827
2855,0,0.11134045348053827,NCT04246554,Postoperative Pain,Ketorolac,Ketorolac,Phase 3,0,0,0,0,0,,0.0,0,81.0,low_confidence,0.11134045348053827
2856,0,0.009788611229953868,NCT04258839,autism spectrum disorder,Brexpiprazole,Brexpiprazole,Phase 3,0,0,0,0,0,,0.0,0,62.0,low_confidence,0.009788611229953868
2858,0,0.1828579274181893,NCT04264897,Insulin Sensitivity; Insulin Resistance,Metformin,Metformin - Insulin Resistant,Phase 3,0,0,0,0,0,,0.0,0,,unscored,0.1828579274181893
2859,1,0.6434350255399776,NCT04271475,Chronic Thromboembolic Pulmonary Hypertension,Macitentan,Macitentan,Phase 3,0,0,0,0,0,,1.0,0,22.0,reliable,0.6434350255399776
2860,0,0.007272503763857424,NCT04271917,Pain,Acetaminophen; Ibuprofen,Treatment As Usual (TAU),Phase 3,0,1,0,0,0,,0.0,0,88.0,low_confidence,0.007272503763857424
2861,0,0.020820731303376187,NCT04271917,Pain,cannabidiol,CBD 17mg/mL,Phase 3,0,0,0,0,0,,0.0,0,88.0,low_confidence,0.020820731303376187
2862,0,0.879400761255782,NCT04285515,Depression,Lumateperone,Lumateperone 42mg,Phase 3,0,0,0,0,0,,0.0,0,90.0,low_confidence,0.879400761255782
2863,0,0.1401726682419216,NCT04304261,"Diabetes Mellitus, Type 2; Cognitive Functions Confusion",Canagliflozin,Canagliflozin,Phase 3,0,0,0,0,0,,0.0,0,19.0,reliable,0.1401726682419216
2864,0,0.20521691946975476,NCT04304261,"Diabetes Mellitus, Type 2; Cognitive Functions Confusion",Sitagliptin,Sitagliptin,Phase 3,0,0,0,0,0,,0.0,0,19.0,reliable,0.20521691946975476
2868,0,0.18713441998663466,NCT04311671,onchocerciasis,Moxidectin,Moxidectin,Phase 3,0,0,0,0,0,,,0,44.0,reliable,0.18713441998663466
2869,0,0.018692844802176256,NCT04311671,onchocerciasis,Albendazole,Ivermectin with concomitant Albendazole,Phase 3,0,1,0,0,0,,,0,44.0,reliable,0.018692844802176256
2870,0,0.01647214528945758,NCT04312048,pain,Isosorbide mononitrate,Isosorbide Mononitrate,Phase 3,0,0,0,0,0,,0.0,0,88.0,low_confidence,0.01647214528945758
2871,0,0.0019304507344641425,NCT04313153,anemia,Vadadustat,Vadadustat once daily (QD),Phase 3,0,0,0,0,0,,0.0,0,29.0,reliable,0.0019304507344641425
2873,1,0.4876124166164638,NCT04315948,Corona Virus Infection,Lopinavir; Ritonavir,"Lopinavir/ritonavir (stopped on June 29, 2020)",Phase 3,0,1,0,0,0,,0.0,0,18.0,reliable,0.4876124166164638
2875,0,0.27313948894047324,NCT04317430,Diabetic Nephropathies,Niclosamide,Treatment group,Phase 3,0,0,0,0,0,,0.0,0,19.0,reliable,0.27313948894047324
2877,1,0.9896712071778835,NCT04324463,Coronavirus; Severe Acute Respiratory Syndrome,Colchicine,Colchicine,Phase 3,0,0,0,0,0,,0.0,0,18.0,reliable,0.9896712071778835
2878,1,0.9473238520642437,NCT04324463,Coronavirus; Severe Acute Respiratory Syndrome,Aspirin,Aspirin (ASA),Phase 3,0,0,0,0,0,,0.0,0,18.0,reliable,0.9473238520642437
2879,1,0.9906014251021903,NCT04324463,Coronavirus; Severe Acute Respiratory Syndrome,Rivaroxaban,Rivaroxaban,Phase 3,0,0,0,0,0,,0.0,0,18.0,reliable,0.9906014251021903
2880,0,0.31366442492631,NCT04327063,Acute Post-Surgical Pain,Ropivacaine,Ropivacaïne,Phase 3,0,0,0,0,0,,0.0,0,,unscored,0.31366442492631
2881,0,0.07556543710459554,NCT04327401,"Coronavirus Infection; Pneumonia, Viral; Acute Respiratory Distress Syndrome",Dexamethasone,Intervention group,Phase 3,0,0,0,0,0,,0.0,0,18.0,reliable,0.07556543710459554
2882,0,0.24388940058427983,NCT04327843,Schizophrenia; Schizo Affective Disorder,Haloperidol Decanoate,CAE + LAI,Phase 3,0,0,0,0,0,,0.0,0,,unscored,0.24388940058427983
2884,1,0.9714573977656134,NCT04328480,COVID-19,Colchicine,Local standard of care plus colchicine,Phase 3,0,0,0,0,0,,0.0,0,35.0,reliable,0.9714573977656134
2885,1,0.3038042266046516,NCT04329949,Metastatic Pancreatic Ductal Adenocarcinoma,Relacorilant; 25 mg; Nab-paclitaxel,Relacorilant with nab-paclitaxel,Phase 3,1,1,0,0,0,,,0,15.0,reliable,0.3038042266046516
2886,0,0.010444253808499844,NCT04332978,perennial allergic rhinitis,Fluticasone Propionate,Group I,Phase 3,0,0,0,0,0,,0.0,0,54.0,low_confidence,0.010444253808499844
2890,0,0.7720881937054285,NCT04338022,Relapsing Multiple Sclerosis,Teriflunomide,Teriflunomide,Phase 3,0,0,0,0,0,,,0,,unscored,0.7720881937054285
2891,1,0.34556890110884825,NCT04338022,Relapsing Multiple Sclerosis,Evobrutinib,Evobrutinib,Phase 3,0,0,0,0,0,,,0,,unscored,0.34556890110884825
2892,0,0.7720881937054285,NCT04338061,Relapsing Multiple Sclerosis,Teriflunomide,Teriflunomide,Phase 3,0,0,0,0,0,,,0,,unscored,0.7720881937054285
2893,1,0.34556890110884825,NCT04338061,Relapsing Multiple Sclerosis,Evobrutinib,Evobrutinib,Phase 3,0,0,0,0,0,,,0,,unscored,0.34556890110884825
2896,0,0.1654650953513533,NCT04345796,Tricuspid Regurgitation; Right Ventricular Dilatation,Carvedilol,carvedilol alone,Phase 3,0,0,0,0,0,,0.0,0,44.0,reliable,0.1654650953513533
2897,0,0.04349432439129541,NCT04345796,Tricuspid Regurgitation; Right Ventricular Dilatation,Empagliflozin,empagliflozin alone,Phase 3,0,0,0,0,0,,0.0,0,44.0,reliable,0.04349432439129541
2898,0,0.5635835700616144,NCT04349072,hypertrophic cardiomyopathy,Mavacamten,Drug: Mavacamten,Phase 3,0,0,0,0,0,,0.0,0,22.0,reliable,0.5635835700616144
2901,1,0.5149263015797093,NCT04355962,COVID-19; ards,Sevoflurane,Sevoflurane Sedation,Phase 3,0,0,0,0,0,,0.0,0,18.0,reliable,0.5149263015797093
2903,1,0.24756492539760022,NCT04362137,Cytokine Storm (Covid-19); cytokine release syndrome,Ruxolitinib,Ruxolitinib 5 mg,Phase 3,0,0,0,0,0,,0.0,0,18.0,reliable,0.24756492539760022
2905,1,0.9126034899454627,NCT04377711,COVID-19,Ciclesonide,Group 1,Phase 3,0,0,0,0,0,,0.0,0,35.0,reliable,0.9126034899454627
2906,0,0.010495768453341757,NCT04388319,Smoking Cessation,Zonisamide; Bupropion,Combination zonisamide and bupropion with e-cigarette,Phase 3,0,1,0,0,0,,0.0,0,59.0,low_confidence,0.010495768453341757
2907,1,0.994044790377805,NCT04390594,COVID-19,Nafamostat Mesilate,Standard of Care + Nafamostat mesilate,Phase 3,0,0,0,0,0,,,0,35.0,reliable,0.994044790377805
2909,0,0.015765561924693233,NCT04391569,status epilepticus,Ganaxolone,IV ganaxolone active,Phase 3,0,0,0,0,0,,0.0,0,44.0,reliable,0.015765561924693233
2910,1,0.9716747911507391,NCT04393038,COVID-19,Obefazimod,ABX464,Phase 2/3,0,0,0,0,0,,0.0,0,35.0,reliable,0.9716747911507391
2911,1,0.9748242178068827,NCT04394416,COVID-19,Imatinib,Imatinib,Phase 3,0,0,0,0,0,,0.0,0,35.0,reliable,0.9748242178068827
2912,0,0.44999012527007415,NCT04394975,Cell Cancer,sunitinib,Control group,Phase 3,1,0,0,0,0,,0.0,0,15.0,reliable,0.44999012527007415
2914,0,0.022027129357982053,NCT04400201,sedation,Remimazolam Tosilate,Remimazolam Tosilate,Phase 3,0,0,0,0,0,,0.0,0,34.0,reliable,0.022027129357982053
2915,0,0.005054640984790313,NCT04400201,sedation,Propofol,Propofol,Phase 3,0,0,0,0,0,,0.0,0,34.0,reliable,0.005054640984790313
2916,0,0.9851803408807498,NCT04401579,COVID-19,Baricitinib,Remdesivir plus Baricitinib,Phase 3,0,1,0,0,0,,0.0,0,35.0,reliable,0.9851803408807498
2917,0,0.22447391168440545,NCT04409288,Prostate Cancer,Apalutamide; Enzalutamide,Group A,Phase 3,1,1,0,0,0,,0.0,0,22.0,reliable,0.22447391168440545
2918,0,0.005953565269237777,NCT04410198,anemia,Roxadustat,Roxadustat,Phase 3,0,0,0,0,0,,0.0,0,29.0,reliable,0.005953565269237777
2920,0,0.092847351363106,NCT04410978,Multiple Sclerosis,Teriflunomide,Teriflunomide,Phase 3,0,0,0,0,0,,0.0,0,50.0,low_confidence,0.092847351363106
2923,0,0.263052340055925,NCT04414761,IVF; PPOS,GnRH Antagonist,Antagonist group,Phase 3,0,0,0,0,0,,0.0,0,,unscored,0.263052340055925
2925,0,0.006751693758271582,NCT04414800,"Multiple Trauma; Pain, Acute",Ketamine,Ketamine + Standard of Care,Phase 3,0,0,0,0,0,,0.0,0,81.0,low_confidence,0.006751693758271582
2926,0,0.018743952967538186,NCT04414800,"Multiple Trauma; Pain, Acute",Fentanyl,Fentanyl + Standard of Care,Phase 3,0,0,0,0,0,,0.0,0,81.0,low_confidence,0.018743952967538186
2928,0,0.3907827890710087,NCT04420624,"Myocardial Infarction, Acute",Colchicine,Colchicine,Phase 2/3,0,0,0,0,0,,,0,,unscored,0.3907827890710087
2929,1,0.9863310699503757,NCT04421027,COVID-19,Baricitinib,Baricitinib + Standard of Care (SOC),Phase 3,0,0,0,0,0,,0.0,0,35.0,reliable,0.9863310699503757
2930,0,0.5697563999273383,NCT04427618,Postpartum Hemorrhage,Tranexamic acid,Intervention group,Phase 3,0,0,1,0,1,endpoint_surrogate_pass,0.0,0,,unscored,0.15
2931,0,0.022930485495222048,NCT04433390,constipation,Naloxegol,Naloxegol group,Phase 3,0,0,0,0,0,,0.0,0,75.0,low_confidence,0.022930485495222048
2933,1,0.3224922336182784,NCT04438980,Covid-19 Pneumonia,Methylprednisolone,Methylprednisolone Arm,Phase 3,0,0,0,0,0,,0.0,0,18.0,reliable,0.3224922336182784
2934,1,0.970120397614551,NCT04447235,COVID-19,Ivermectin; Losartan,ARM B: Ivermectin plus losartan,Phase 2,0,1,0,0,0,,0.0,0,35.0,reliable,0.970120397614551
2935,0,0.4634545291504547,NCT04451226,hot flashes,Fezolinetant,Fezolinetant,Phase 3,0,0,0,0,0,,0.0,0,62.0,low_confidence,0.4634545291504547
2936,0,0.693590957984779,NCT04456699,Metastatic Colorectal Cancer,Olaparib,Olaparib,Phase 3,1,0,0,0,0,,0.0,0,15.0,reliable,0.693590957984779
2937,1,0.025922790835780966,NCT04459715,Head and Neck Squamous Cell Carcinoma,Xevinapant (Debio 1143),Xevinapant (Debio 1143),Phase 3,1,1,0,0,0,,0.0,0,,unscored,0.025922790835780966
2938,0,0.6455841936766179,NCT04469465,Paroxysmal Nocturnal Hemoglobinuria,Danicopan,Danicopan + C5 Inhibitor,Phase 3,0,1,0,0,0,,0.0,0,29.0,reliable,0.6455841936766179
2939,0,0.0022408667592964597,NCT04476069,Pain Management,Ibuprofen,Ibuprofen,Phase 3,0,0,0,0,0,,0.0,0,81.0,low_confidence,0.0022408667592964597
2940,0,0.1043523460871029,NCT04478266,Advanced Breast Cancer,Letrozole,Letrozole + Palbociclib,Phase 3,1,1,0,0,0,,0.0,0,15.0,reliable,0.1043523460871029
2941,1,0.11208564894936815,NCT04478266,Advanced Breast Cancer,Amcenestrant,Amcenestrant + Palbociclib,Phase 3,1,1,0,0,0,,0.0,0,15.0,reliable,0.11208564894936815
2942,0,0.7077134233408648,NCT04478721,Bacteremia,Temocillin,Temocillin,Phase 3,0,0,0,0,0,,0.0,0,44.0,reliable,0.7077134233408648
2944,0,0.005953565269237777,NCT04484857,anemia,Roxadustat,Roxadustat,Phase 3,0,0,0,0,0,,0.0,0,29.0,reliable,0.005953565269237777
2946,0,0.3591370739221767,NCT04486690,Open Heart Surgery,propofol,propofol group,Phase 3,0,0,0,0,0,,0.0,0,42.0,reliable,0.3591370739221767
2947,1,0.008521277532404458,NCT04492722,Chronic Kidney Disease,AZD5718,AZD5718 Dose 1 + Dapagliflozin 10 mg,Phase 2,0,1,0,0,0,,0.0,0,29.0,reliable,0.008521277532404458
2948,0,0.005374759408357436,NCT04500158,Pain,Lidocaine,Local anesthesia,Phase 3,0,0,0,0,0,,0.0,0,88.0,low_confidence,0.005374759408357436
2950,1,0.9820245930440679,NCT04504032,COVID-19,Rivaroxaban,Rivaroxaban,Phase 2,0,0,0,0,0,,0.0,0,35.0,reliable,0.9820245930440679
2951,1,0.9873451778161858,NCT04504734,Covid19,Bucillamine,Bucillamine high dose,Phase 3,0,0,0,0,0,,0.0,0,18.0,reliable,0.9873451778161858
2952,0,0.8512610886316555,NCT04509622,Acute Myeloid Leukemia,Venetoclax; Cytarabine,Venetoclax + Low-Dose Cytarabine (LDAC),Phase 3,1,1,0,0,0,,0.0,0,24.0,reliable,0.8512610886316555
2953,1,0.016093137159047494,NCT04509674,Myocardial Infarction,Empagliflozin,Empagliflozin 10 mg,Phase 3,0,0,0,0,0,,0.0,0,22.0,reliable,0.016093137159047494
2954,0,0.07556543710459554,NCT04509973,Covid19; Hypoxia,Dexamethasone,Dexamethasone 12 mg,Phase 3,0,0,0,0,0,,0.0,0,18.0,reliable,0.07556543710459554
2955,1,0.16039996304725357,NCT04510194,SARS-CoV-2 Infection,Metformin,Metformin + Fluvoxamine,Phase 3,0,1,0,0,0,,0.0,0,18.0,reliable,0.16039996304725357
2956,0,0.9931891696625528,NCT04515186,Cutaneous Leishmaniasis,Miltefosine,Thermotherapy + miltefosine,Phase 3,0,0,0,0,0,,0.0,0,20.0,reliable,0.9931891696625528
2957,1,0.35184348323094117,NCT04517253,Nakajo-Nishimura Syndrome; Chronic Atypical Neutrophilic Dermatosis With Lipodystrophy and Elevated Temperature Syndrome; STING-Associated Vasculopathy With Onset in Infancy; Aicardi Goutieres Syndrome,Baricitinib,Aicardi-Goutières Syndrome (AGS),Phase 2/3,0,0,0,0,0,,,0,,unscored,0.35184348323094117
2960,0,0.246754699051708,NCT04530344,Vitiligo,ruxolitinib,Cohort A : ruxolitinib cream,Phase 3,0,0,0,0,0,,0.0,0,52.0,low_confidence,0.246754699051708
2961,1,0.07002552663273756,NCT04531982,schizophrenia,Pimavanserin,Drug - Pimavanserin,Phase 3,0,0,0,0,0,,0.0,0,70.0,low_confidence,0.07002552663273756
2962,1,0.9237475477350443,NCT04532749,"Depressive Disorder, Major",Seltorexant,Seltorexant,Phase 3,0,0,0,0,0,,,0,78.0,low_confidence,0.9237475477350443
2963,1,0.4189425823169587,NCT04534283,Cancer; Cancer Metastatic; BRAF V600E; MEK1 Gene Mutation; MEK2 Gene Mutation; ERK Mutation; RAF1 Gene Mutation,Abemaciclib; Temuterkib,Abemaciclib + LY3214996,Phase 2,1,1,0,0,0,,0.0,0,15.0,reliable,0.4189425823169587
2964,0,0.6904620934420282,NCT04534725,Cancer; Covid19; Respiratory Viral Infection,Selinexor,Moderate COVID-19 infection,Phase 3,1,0,0,0,0,,0.0,0,,unscored,0.6904620934420282
2965,1,0.9031233966208763,NCT04535791,COVID-19,Cholecalciferol,cholecalciferol (Vitamin D),Phase 3,0,0,0,0,0,,0.0,0,35.0,reliable,0.9031233966208763
2968,1,0.6790267016336647,NCT04537299,Covid19; SARS-CoV Infection,Fisetin,Treatment Group,Phase 2,0,0,0,0,0,,0.0,0,18.0,reliable,0.6790267016336647
2969,0,0.012539963459147135,NCT04538534,vasospastic angina,Nicardipine,nicardipine and isosorbide dinitrate,Phase 3,0,0,0,0,0,,0.0,0,22.0,reliable,0.012539963459147135
2971,0,0.2267115629495088,NCT04549168,insomnia,Lemborexant,Lemborexant 10 mg,Phase 3,0,0,1,0,1,endpoint_surrogate_pass,0.0,0,82.0,low_confidence,0.15
2972,1,0.341798719858327,NCT04551053,Myelofibrosis; Primary Myelofibrosis; Post Essential Thrombocythemia Myelofibrosis; Post Polycythemia Vera Myelofibrosis,parsaclisib,Group A : ruxolitinib +parsaclisib,Phase 3,0,1,0,0,0,,0.0,0,18.0,reliable,0.341798719858327
2973,1,0.341798719858327,NCT04551066,Myelofibrosis; Primary Myelofibrosis; Post Essential Thrombocythemia Myelofibrosis; Post Polycythemia Vera Myelofibrosis,parsaclisib,Group A : parsaclisib + ruxolitinib,Phase 3,0,1,0,0,0,,0.0,0,18.0,reliable,0.341798719858327
2974,0,0.25825780577451446,NCT04564742,Acute Myocardial Infarction; Heart Failure,Dapagliflozin,Dapagliflozin,Phase 3,0,0,0,0,0,,0.0,0,22.0,reliable,0.25825780577451446
2975,0,0.2380861120799537,NCT04565990,"Hypertension, Pulmonary",Selexipag,Selexipag,Phase 3,0,0,0,0,0,,0.0,0,18.0,reliable,0.2380861120799537
2976,0,0.0019286266716571358,NCT04569279,Cerebral Vein Thrombosis,Warfarin,Warfarin arm,Phase 3,0,0,0,0,0,,0.0,0,22.0,reliable,0.0019286266716571358
2977,0,0.005153590962677755,NCT04569279,Cerebral Vein Thrombosis,Rivaroxaban,Rivaroxaban arm,Phase 3,0,0,0,0,0,,0.0,0,22.0,reliable,0.005153590962677755
2978,0,0.6509598712375523,NCT04571060,Migraine,Zavegepant,Zavegepant,Phase 3,0,0,0,0,0,,,0,78.0,low_confidence,0.6509598712375523
2979,1,0.0033150707120402417,NCT04571944,Delirium,Suvorexant,Suvorexant,Phase 3,0,0,0,0,0,,0.0,0,18.0,reliable,0.0033150707120402417
2980,0,0.00426900370321383,NCT04574362,migraine,Rimegepant,Rimegepant 75mg,Phase 3,0,0,0,0,0,,0.0,0,78.0,low_confidence,0.00426900370321383
2981,1,0.4202308340210516,NCT04578548,Autosomal Dominant Polycystic Kidney Disease,Glpg-2737,GLPG2737 During DB + During OLE,Phase 2,0,0,0,0,0,,-1.0,1,29.0,reliable,0.5
2982,1,0.42519688811178113,NCT04578886,delirium,Guanfacine,Guanfacine,Phase 3,0,0,0,0,0,,0.0,0,18.0,reliable,0.42519688811178113
2983,0,0.0674741962293864,NCT04590404,tobacco use disorder,Nicotine Replacement Therapy,MIST (Metabolism-Informed Smoking Treatment) [Nicotine Replacement Therapy],Phase 3,0,0,0,0,0,,0.0,0,59.0,low_confidence,0.0674741962293864
2984,0,0.05385119514571646,NCT04590404,tobacco use disorder,Varenicline,MIST (Metabolism-Informed Smoking Treatment) [Varenicline],Phase 3,0,0,0,0,0,,0.0,0,59.0,low_confidence,0.05385119514571646
2985,1,0.9804355596364498,NCT04590586,COVID-19,Apremilast,Apremilast + Standard of Care,Phase 3,0,0,0,0,0,,0.0,0,35.0,reliable,0.9804355596364498
2986,0,0.0026750688166000355,NCT04591353,total hip arthroplasty,Lidocaine,Control group,Phase 3,0,0,0,0,0,,0.0,0,42.0,reliable,0.0026750688166000355
2988,1,0.6380729380980101,NCT04607122,atrial fibrillation,Landiolol,Landiolol group,Phase 3,0,0,0,0,0,,0.0,0,22.0,reliable,0.6380729380980101
2989,1,0.16093034969222286,NCT04607252,Atypical Endometrial Hyperplasia,Metformin,Metformin plus megestrol acetate,Phase 2/3,0,1,0,0,0,,,0,,unscored,0.16093034969222286
2990,0,0.007033656697157659,NCT04613726,"Vomiting, Postoperative; Postoperative Complications; Hypotension",ondansetron,IV 8 mg ondansetron in 10 ml of normal saline,Phase 3,0,0,0,0,0,,0.0,0,18.0,reliable,0.007033656697157659
2991,0,0.03032435933273635,NCT04613726,"Vomiting, Postoperative; Postoperative Complications; Hypotension",Granisetron,IV 3 mg granisetron in 10 ml of normal saline,Phase 3,0,0,0,0,0,,0.0,0,18.0,reliable,0.03032435933273635
2992,0,0.01150110874640282,NCT04615624,preeclampsia,Furosemide,Furosemide,Phase 3,0,0,1,0,1,endpoint_surrogate_pass,0.0,0,44.0,reliable,0.01150110874640282
2993,0,0.010241469724926797,NCT04618497,pain,Methoxyflurane,Inhalational methoxyflurane (Penthrox),Phase 3,0,0,0,0,0,,0.0,0,88.0,low_confidence,0.010241469724926797
2994,0,0.048987359977375314,NCT04618497,pain,Ketorolac,Intramuscular ketorolac,Phase 3,0,0,0,0,0,,0.0,0,88.0,low_confidence,0.048987359977375314
2995,0,0.09937813553769029,NCT04620031,Sedation in Intensive Care,Cipepofol,HSK3486,Phase 3,0,0,0,0,0,,0.0,0,18.0,reliable,0.09937813553769029
2996,0,0.11756840158675859,NCT04620031,Sedation in Intensive Care,Propofol,Propofol,Phase 3,0,0,0,0,0,,0.0,0,18.0,reliable,0.11756840158675859
2997,0,0.02466853898586559,NCT04627285,epilepsy,Lacosamide,Lacosamide,Phase 3,0,0,0,0,0,,0.0,0,48.0,reliable,0.02466853898586559
2998,0,0.2777182245803881,NCT04628325,congestive heart failure,Furosemide,high dose furosemide plus HSS,Phase 3,0,0,0,0,0,,0.0,0,22.0,reliable,0.2777182245803881
2999,1,0.25579844329279433,NCT04628481,Type 1 Diabetes,Ladarixin,Ladarixin,Phase 2,0,0,0,0,0,,0.0,0,25.0,reliable,0.25579844329279433
3000,0,0.010518156942773686,NCT04629703,pneumonia,Fostamatinib,Fostamatinib (150 mg twice daily for 14 days) + Standard of Care,Phase 3,0,0,0,0,0,,0.0,0,20.0,reliable,0.010518156942773686
3001,0,0.008312365651379716,NCT04634500,Type 2 Diabetes,Dapagliflozin,Study group,Phase 3,0,0,1,0,1,endpoint_surrogate_pass,0.0,0,25.0,reliable,0.008312365651379716
3002,0,0.2473820507289129,NCT04635007,"Cesarean Section Complications; Blood Loss, Surgical",Tranexamic acid,Group 1: Tranexamic acid group,Phase 3,0,0,0,0,0,,0.0,0,,unscored,0.2473820507289129
3003,0,0.17663727703300852,NCT04635007,"Cesarean Section Complications; Blood Loss, Surgical",Misoprostol,Group 2: Misoprostol group,Phase 3,0,0,0,0,0,,0.0,0,,unscored,0.17663727703300852
3004,0,0.11130202008176468,NCT04636671,Covid19; Viral Pneumonia Human Coronavirus; Severe Acute Respiratory Syndrome,Methylprednisolone,Methylprednisolone,Phase 3,0,0,0,0,0,,0.0,0,18.0,reliable,0.11130202008176468
3005,0,0.023120812313948046,NCT04636671,Covid19; Viral Pneumonia Human Coronavirus; Severe Acute Respiratory Syndrome,Dexamethasone,Dexamethasone,Phase 3,0,0,0,0,0,,0.0,0,18.0,reliable,0.023120812313948046
3006,1,0.5001757074475928,NCT04638517,Adults and Children With Pulmonary Fibrosis,Danazol,Danazol,Phase 2,0,0,0,0,0,,0.0,0,29.0,reliable,0.5001757074475928
3007,1,0.9851803408807498,NCT04640168,COVID-19,Baricitinib,Remdesivir plus Baricitinib,Phase 3,0,1,0,0,0,,0.0,0,35.0,reliable,0.9851803408807498
3008,1,0.9308557970305633,NCT04640168,COVID-19,Dexamethasone,Remdesivir plus Dexamethasone,Phase 3,0,1,0,0,0,,0.0,0,35.0,reliable,0.9308557970305633
3009,1,0.08799620683599858,NCT04641273,Participants With Diabetic Neuropathic Pain,Eliapixant,Part A: BAY1817080 150 mg BID,Phase 2,0,0,0,0,0,,0.0,0,19.0,reliable,0.08799620683599858
3010,0,0.9412255848220645,NCT04641273,Participants With Diabetic Neuropathic Pain,Pregabalin,Part B: Pregabalin,Phase 2,0,0,0,0,0,,0.0,0,19.0,reliable,0.9412255848220645
3011,0,0.02416435225959989,NCT04641338,Pain,Dipyrone,Dipyrone,Phase 3,0,0,0,0,0,,,0,88.0,low_confidence,0.02416435225959989
3012,0,0.11675694770604435,NCT04643093,Primary Hypercholesterolemia; Mixed Dyslipidemias,Pitavastatin,Pitavastatin,Phase 3,0,0,0,0,0,,,0,,unscored,0.11675694770604435
3013,0,0.13884154497926668,NCT04643093,Primary Hypercholesterolemia; Mixed Dyslipidemias,Ezetimibe,Ezetimibe,Phase 3,0,0,0,0,0,,,0,,unscored,0.13884154497926668
3015,0,0.028327314000061093,NCT04646694,Postoperative Pain,Ketamine,Study Group 1,Phase 3,0,0,0,0,0,,0.0,0,81.0,low_confidence,0.028327314000061093
3016,1,0.17060212869375152,NCT04648020,Chemoradiotherapy-Induced Severe Oral Mucositis,Clonidine HCl Mucoadhesive Buccal Tablet,Clonidine HCl Mucoadhesive Buccal Tablet (MBT),Phase 2/3,0,0,0,0,0,,,0,,unscored,0.17060212869375152
3017,0,0.07640153094947538,NCT04655144,Post Uterine Artery Embolization Pain,Dexamethasone,Dexamethasone Arm,Phase 3,0,0,0,0,0,,0.0,0,81.0,low_confidence,0.07640153094947538
3018,0,0.37255974409371423,NCT04676334,Metastatic Castration-Resistant Prostate Cancer; Ovarian Cancer; Epithelial Ovarian Cancer; Fallopian Tube Cancer; Peritoneal Cancer; Other Solid Tumor,Rucaparib,Rucaparib,Phase 3,1,0,0,0,0,,0.0,0,15.0,reliable,0.37255974409371423
3019,0,0.5352062590740018,NCT04676412,Lung Cancer,Lenvatinib,Pembrolizumab + Lenvatinib,Phase 3,1,1,0,0,0,,0.0,0,22.0,reliable,0.5352062590740018
3020,0,0.003370963019169875,NCT04684238,sedation,Midazolam,Drug: Midazolam,Phase 3,0,0,0,0,0,,0.0,0,34.0,reliable,0.003370963019169875
3021,0,0.02175872472514702,NCT04684238,sedation,Isoflurane,Drug: Isoflurane,Phase 3,0,0,0,0,0,,0.0,0,34.0,reliable,0.02175872472514702
3023,0,0.3762478760738351,NCT04706793,Ulcerative Colitis,Etrasimod,Etrasimod 2 mg,Phase 3,0,0,0,0,0,,0.0,0,50.0,low_confidence,0.3762478760738351
3024,0,0.12095362023382675,NCT04707352,Heart Failure,Dapagliflozin,Dapagliflozin,Phase 3,0,0,0,0,0,,0.0,0,40.0,reliable,0.12095362023382675
3025,0,0.0022661120206208295,NCT04707768,anemia of chronic kidney disease,Vadadustat,Vadadustat high dose,Phase 3,0,0,0,0,0,,0.0,0,29.0,reliable,0.0022661120206208295
3026,0,0.25695090641513846,NCT04716933,Lung Cancer,Lenvatinib,Pemetrexed+Platinum Chemotherapy+Pembrolizumab+Lenvatinib,Phase 3,1,1,0,0,0,,0.0,0,22.0,reliable,0.25695090641513846
3027,1,0.054998203840896154,NCT04720664,Breast Cancer,SM-88,oral SM-88,Phase 2,1,0,0,0,0,,0.0,0,22.0,reliable,0.054998203840896154
3028,1,0.3907827890710087,NCT04724629,COVID-19; cytokine release syndrome,Colchicine,Indirect IL-6 inhibitor (Colchicine),Phase 3,0,0,0,0,0,,0.0,0,18.0,reliable,0.3907827890710087
3029,1,0.059444849866118754,NCT04729179,fibromyalgia,Cannabidiol,Cannabidiol,Phase 3,0,0,0,0,0,,0.0,0,90.0,low_confidence,0.059444849866118754
3030,1,0.9907609677794047,NCT04729595,Covid19,Tempol,Active Treatment,Phase 2/3,0,0,0,0,0,,,0,18.0,reliable,0.9907609677794047
3031,0,0.01150110874640282,NCT04752475,preeclampsia,Furosemide,Lasix (furosemide),Phase 3,0,0,0,0,0,,0.0,0,44.0,reliable,0.01150110874640282
3032,1,0.1424592152587943,NCT04759833,Constipation,Prucalopride,Part A: High Dose Prucalopride,Phase 3,0,0,0,0,0,,0.0,0,75.0,low_confidence,0.1424592152587943
3033,0,0.11742973450734943,NCT04775225,juvenile idiopathic arthritis,Lidocaine,Hip denervation group,Phase 3,0,0,0,0,0,,0.0,0,44.0,reliable,0.11742973450734943
3034,0,0.8507530853935471,NCT04778397,Acute Myeloid Leukemia,Venetoclax; Azacitidine,Control Arm: Venetoclax + Azacitidine,Phase 3,1,1,0,0,0,,,0,24.0,reliable,0.8507530853935471
3036,1,0.3266236507204396,NCT04781543,limited cutaneous systemic sclerosis,Fipaxalparant,HZN-825 300 mg once daily (QD),Phase 2,0,0,0,0,0,,0.0,0,44.0,reliable,0.3266236507204396
3037,1,0.5362137439817802,NCT04799249,Metastatic Triple-Negative Breast Cancer,Trilaciclib,Trilaciclib + gemcitabine + carboplatin,Phase 3,1,1,0,0,0,,0.0,0,15.0,reliable,0.5362137439817802
3038,0,0.051284174974518745,NCT04800172,obesity,Roflumilast,Roflumilast arm,Phase 3,0,0,1,0,1,endpoint_surrogate_pass,0.0,0,37.0,reliable,0.051284174974518745
3040,0,0.7174978588773435,NCT04819776,bipolar I disorder,Iloperidone,Iloperidone,Phase 3,0,0,0,0,0,,0.0,0,78.0,low_confidence,0.7174978588773435
3042,0,0.08204390560559871,NCT04825704,Pain,Bupivacaine,Bupivacaine,Phase 3,0,0,0,0,0,,0.0,0,88.0,low_confidence,0.08204390560559871
3043,0,0.1828579274181893,NCT04826692,Huntington Disease,Metformin,Metformin,Phase 3,0,0,0,0,0,,0.0,0,44.0,reliable,0.1828579274181893
3044,0,0.6622446709015131,NCT04829747,chronic migraine,Atogepant,Atogepant,Phase 3,0,0,0,0,0,,0.0,0,67.0,low_confidence,0.6622446709015131
3046,0,0.580274790929554,NCT04842604,Acute Myeloid Leukemia; Myelodysplastic Syndrome; Chronic Myelomonocytic Leukemia,Glasdegib; Azacitidine,Participants from B1371019 and B1371012,Phase 3,1,1,0,0,0,,0.0,0,18.0,reliable,0.580274790929554
3047,0,0.2555441363597547,NCT04847947,Pre-frail Elderly,Cholecalciferol,Interventional group,Phase 3,0,0,0,0,0,,0.0,0,44.0,reliable,0.2555441363597547
3048,1,0.4074198890438997,NCT04857840,Hypertension (HTN),Firibastat (QGC001) Period 1,"Arm A: Investigational Product /Period 1,2 and 3 if any (open label)",Phase 3,0,0,0,0,0,,,0,,unscored,0.4074198890438997
3049,1,0.9807968077574332,NCT04858425,Covid19,Niclosamide,Niclosamide,Phase 2,0,0,0,0,0,,0.0,0,18.0,reliable,0.9807968077574332
3050,0,0.35557602582750647,NCT04865289,Endometrial Carcinoma,Paclitaxel; Carboplatin,Paclitaxel + Carboplatin,Phase 3,1,1,0,0,0,,0.0,0,15.0,reliable,0.35557602582750647
3051,0,0.3330337783899192,NCT04874935,Breast Cancer,Lansoprazole,Lansoprazole arm,Phase 3,1,0,0,0,0,,0.0,0,22.0,reliable,0.3330337783899192
3052,1,0.9755033331872174,NCT04885530,Covid19,Fluvoxamine,Arm B - Fluvoxamine,Phase 3,0,0,0,0,0,,0.0,0,18.0,reliable,0.9755033331872174
3053,1,0.9968795096527139,NCT04885530,Covid19,Fluticasone,Arm C - Fluticasone,Phase 3,0,0,0,0,0,,0.0,0,18.0,reliable,0.9968795096527139
3054,1,0.943142317636853,NCT04885530,Covid19,Montelukast,Arm F - Montelukast,Phase 3,0,0,0,0,0,,0.0,0,18.0,reliable,0.943142317636853
3055,1,0.9798594486351682,NCT04885530,Covid19,Metformin,Arm G - Metformin,Phase 3,0,0,0,0,0,,0.0,0,18.0,reliable,0.9798594486351682
3056,1,0.9547624380625894,NCT04886063,Alzheimer Disease,Fosgonimeton,Treatment,Phase 2/3,0,0,0,0,0,,,0,44.0,reliable,0.9547624380625894
3057,0,0.646553715090961,NCT04887506,Prostate Cancer,Zytiga,Reference abiraterone acetate (Zytiga®) - R-AA,Phase 3,1,1,0,0,0,,0.0,0,22.0,reliable,0.646553715090961
3058,0,0.42638966696099434,NCT04889118,Advanced Melanoma,Lenvatinib,Pembrolizumab+Lenvatinib,Phase 3,1,1,0,0,0,,0.0,0,15.0,reliable,0.42638966696099434
3060,1,0.347828239881221,NCT04891133,COVID-19; Emerging Infectious Disease,Baricitinib,Active arm,Phase 2/3,0,0,0,0,0,,,0,,unscored,0.347828239881221
3061,0,0.08969035852564261,NCT04910165,Pain,Exparel,Exparel,Phase 3,0,0,0,0,0,,0.0,0,88.0,low_confidence,0.08969035852564261
3062,0,0.01260771020176632,NCT04910165,Pain,Ropivacaine,Control,Phase 3,0,0,0,0,0,,0.0,0,88.0,low_confidence,0.01260771020176632
3063,0,0.2061111522680875,NCT04921969,Atopic Dermatitis,Ruxolitinib,Ruxolitinib (0.75% cream),Phase 3,0,0,0,0,0,,0.0,0,52.0,low_confidence,0.2061111522680875
3064,1,0.47111543473026096,NCT04925960,Pmm2-CDG; Phosphomannomutase 2 Deficiency; Phosphomannomutase 2 Congenital Disorder of Glycosylation; Phosphomannomutase II Congenital Disorder of Glycosylation; Phosphomannomutase II Deficiency,Epalrestat,Epalrestat,Phase 3,0,0,0,0,0,,0.0,0,32.0,reliable,0.47111543473026096
3065,0,0.2683671712206035,NCT04927312,Complicated Intra-abdominal Infection,PF-06947386; Metronidazole,PF-06947386 + Metronidazole,Phase 3,0,1,0,0,0,,0.0,0,20.0,reliable,0.2683671712206035
3066,0,0.246754699051708,NCT04934670,Treatment of Steroid-Refractory Acute Graft-vs-Host Disease,Ruxolitinib,Ruxolitinib,Phase 3,0,0,0,0,0,,,0,,unscored,0.246754699051708
3067,1,0.3163979617208435,NCT04939649,Major Depression,Ketamine,Ketamine,Phase 3,0,0,0,0,0,,0.0,0,90.0,low_confidence,0.3163979617208435
3068,0,0.647655502804462,NCT04939649,Major Depression,Midazolam,Midazolam,Phase 3,0,0,0,0,0,,0.0,0,90.0,low_confidence,0.647655502804462
3069,1,0.9984122846059735,NCT04944784,Amyotrophic Lateral Sclerosis,Reldesemtiv,"Delayed Start Group, Active Drug Period",Phase 3,0,0,0,0,0,,0.0,0,44.0,reliable,0.9984122846059735
3070,0,0.3340576745374101,NCT04947631,Benign Prostatic Hyperplasia,Dutasteride,Dutasteride,Phase 3,0,0,0,0,0,,,0,54.0,low_confidence,0.3340576745374101
3071,0,0.7117526504702384,NCT04947631,Benign Prostatic Hyperplasia,Tadalafil,Tadalafil,Phase 3,0,0,0,0,0,,,0,54.0,low_confidence,0.7117526504702384
3072,1,0.21717768248734864,NCT04952519,Patients With Moderate or Severe COVID-19,Amantadine,Amantadine,Phase 3,0,0,0,0,0,,0.0,0,18.0,reliable,0.21717768248734864
3073,0,0.1663561205335558,NCT04955158,Sore Throat,Dexmedetomidine,Dexmedetomidine,Phase 3,0,0,0,0,0,,0.0,0,81.0,low_confidence,0.1663561205335558
3074,0,0.047999875917518545,NCT04955158,Sore Throat,Ketamine,Ketamine,Phase 3,0,0,0,0,0,,0.0,0,81.0,low_confidence,0.047999875917518545
3075,0,0.005094320427767381,NCT04956432,gout,Shr-4640,Treatment group A,Phase 3,0,0,0,0,0,,0.0,0,44.0,reliable,0.005094320427767381
3076,0,0.013609683513357807,NCT04956432,gout,Allopurinol,Treatment group B,Phase 3,0,0,0,0,0,,0.0,0,44.0,reliable,0.013609683513357807
3077,0,0.4273392167827598,NCT04958746,Gynecological Outpatient Surgery,Ciprofol,Ciprofol,Phase 3,0,0,0,0,0,,0.0,0,42.0,reliable,0.4273392167827598
3078,1,0.25205704461796835,NCT04968184,Chronic Kidney Diseases,Ocedurenone,KBP-5074,Phase 3,0,0,0,0,0,,0.0,0,29.0,reliable,0.25205704461796835
3079,0,0.044230714110811836,NCT04974385,pain,Liposomal bupivacaine,Liposomal Bupivacaine,Phase 3,0,1,0,0,0,,0.0,0,88.0,low_confidence,0.044230714110811836
3080,0,0.07640153094947538,NCT04976777,Macular Edema,Dexamethasone,Updated Dexamethasone Posterior Segment Drug Delivery System (DEX PS DDS) 0.7 mg,Phase 3,0,0,0,0,0,,0.0,0,49.0,low_confidence,0.07640153094947538
3082,0,0.2866338224030322,NCT04985942,Major Depressive Disorder,Lumateperone,Lumateperone 42 mg,Phase 3,0,0,0,0,0,,0.0,0,90.0,low_confidence,0.2866338224030322
3083,1,0.23326609066810566,NCT04989413,"Chronic Migraine, Headache; Overuse Headache Medication",Cannabidiol; Cannabigerol; Dronabinol,Cannabidiol + Cannabigerol + Tetrahydrocannabinol 133/66/4mg,Phase 2/3,0,1,0,0,0,,,0,,unscored,0.23326609066810566
3084,1,0.9706033711968409,NCT05007678,COVID-19,leflunomide,leflunomide,Phase 3,0,0,0,0,0,,0.0,0,35.0,reliable,0.9706033711968409
3085,1,0.7426261131449995,NCT05019521,Geographic Atrophy,Danicopan,Danicopan: 100 mg,Phase 2,0,0,0,0,0,,0.0,0,44.0,reliable,0.7426261131449995
3086,0,0.535877494032689,NCT05027802,fibrodysplasia ossificans progressiva,Palovarotene,Palovarotene Chronic/Flare-Up Regimen,Phase 3,0,0,0,0,0,,0.0,0,44.0,reliable,0.535877494032689
3087,0,0.17762988101828592,NCT05029297,diabetic neuropathy,Capsaicin,CAPSAICIN 0.75 mg/g topical solution applicable in roll-on,Phase 3,0,0,0,0,0,,0.0,0,19.0,reliable,0.17762988101828592
3088,0,0.4634545291504547,NCT05033886,hot flashes,fezolinetant,fezolinetant,Phase 3,0,0,0,0,0,,0.0,0,62.0,low_confidence,0.4634545291504547
3089,1,0.49748399228361884,NCT05036135,Pulmonary Arterial Hypertension,Av-101,AV-101 10 mg,Phase 2/3,0,0,0,0,0,,,0,45.0,reliable,0.49748399228361884
3090,1,0.49824674892491255,NCT05036317,Postprandial Hypoglycemia,Empagliflozin (Jardiance®;,Empagliflozin,Phase 3,0,0,0,0,0,,0.0,0,19.0,reliable,0.49824674892491255
3093,0,0.2866338224030322,NCT05061706,Major Depressive Disorder,Lumateperone,Lumateperone 42 mg,Phase 3,0,0,0,0,0,,0.0,0,90.0,low_confidence,0.2866338224030322
3094,0,0.2866338224030322,NCT05061719,Major Depressive Disorder,Lumateperone,Lumateperone 42 mg,Phase 3,0,0,0,0,0,,0.0,0,90.0,low_confidence,0.2866338224030322
3095,0,0.06934518785821718,NCT05065190,"Lung Diseases, Interstitial",Nintedanib,150 mg Nintedanib,Phase 3,0,0,0,0,0,,1.0,0,29.0,reliable,0.06934518785821718
3096,1,0.05061963300912449,NCT05070247,"Pancreatic Cancer; Hepatocellular Cancer; Mesothelioma; Breast Cancer; Gastric Cancer; Esophageal Cancer; Nasopharyngeal Cancer; Kidney Cancer; Squamous Cell Cancer of Head and Neck (SCCHN); Non-small Cell Lung Cancer (NSCLC), Non-squamous",Dexamethasone,Single Agent Dose Escalation: TAK-500 16 µg/kg + 1 DEX,Phase 2,1,1,0,0,0,,,0,,unscored,0.05061963300912449
3097,0,0.033193499409890095,NCT05072704,total hip arthroplasty,Sufentanil,Control group,Phase 3,0,0,0,0,0,,0.0,0,42.0,reliable,0.033193499409890095
3098,0,0.020309345468477263,NCT05072704,total hip arthroplasty,Dexmedetomidine,OFA group,Phase 3,0,0,0,0,0,,0.0,0,42.0,reliable,0.020309345468477263
3099,0,0.18569837549081075,NCT05083923,Multiple Sclerosis,Diroximel fumarate,Diroximel Fumarate (DRF),Phase 3,0,0,0,0,0,,0.0,0,50.0,low_confidence,0.18569837549081075
3100,0,0.005032127895188568,NCT05087615,"Bariatric Surgery Candidate; Perioperative Complication; Nausea; Vomiting, Postoperative",Metoclopramide,MA,Phase 3,0,0,0,0,0,,0.0,0,,unscored,0.005032127895188568
3101,0,0.009867715431266386,NCT05087615,"Bariatric Surgery Candidate; Perioperative Complication; Nausea; Vomiting, Postoperative",Ondansetron,OA,Phase 3,0,0,0,0,0,,0.0,0,,unscored,0.009867715431266386
3102,0,0.007121065685742769,NCT05087615,"Bariatric Surgery Candidate; Perioperative Complication; Nausea; Vomiting, Postoperative",Metoclopramide; Ondanteron,MO,Phase 3,0,1,0,0,0,,0.0,0,,unscored,0.007121065685742769
3103,0,0.05140009345801013,NCT05087615,"Bariatric Surgery Candidate; Perioperative Complication; Nausea; Vomiting, Postoperative",Granisetron,GA,Phase 3,0,0,0,0,0,,0.0,0,,unscored,0.05140009345801013
3104,1,0.49599131809178215,NCT05093933,heart failure with reduced ejection fraction,Vericiguat,Vericiguat,Phase 3,0,0,0,0,0,,0.0,0,22.0,reliable,0.49599131809178215
3105,0,0.33201914708434016,NCT05108597,uterine fibroids,Misoprostol,Misoprostol (Study Group),Phase 3,0,0,0,0,0,,0.0,0,44.0,reliable,0.33201914708434016
3106,1,0.4956676645843416,NCT05110157,Schizophrenia,Valbenazine,Vesicular monoamine transporter 2 (VMAT2) inhibitor,Phase 3,0,0,0,0,0,,0.0,0,70.0,low_confidence,0.4956676645843416
3107,0,0.01635742862170113,NCT05137184,Acute Pain; Ambulances,Methoxyflurane,Methoxyflurane,Phase 3,0,0,0,0,0,,0.0,0,81.0,low_confidence,0.01635742862170113
3108,0,0.0242991494128111,NCT05137184,Acute Pain; Ambulances,Fentanyl,Fentanyl IN,Phase 3,0,0,0,0,0,,0.0,0,81.0,low_confidence,0.0242991494128111
3109,0,0.04448583818531043,NCT05137184,Acute Pain; Ambulances,Morphine hydrochloride,Morphine IV,Phase 3,0,0,0,0,0,,0.0,0,81.0,low_confidence,0.04448583818531043
3111,0,0.3160559374841825,NCT05144295,Functional Constipation,Lubiprostone Pill,Investigational Arm,Phase 3,0,0,0,0,0,,,0,,unscored,0.3160559374841825
3112,1,0.5731685483081819,NCT05163314,Dravet Syndrome (DS); Lennox Gastaut Syndrome (LGS),Soticlestat,Soticlestat,Phase 3,0,0,0,0,0,,,0,,unscored,0.5731685483081819
3113,0,0.007709897603397101,NCT05164549,Opioid Use Disorder,Buprenorphine Injectable Product,XR-Bup,Phase 3,0,0,0,0,0,,0.0,0,59.0,low_confidence,0.007709897603397101
3114,0,0.012747981991707725,NCT05164549,Opioid Use Disorder,Methadone,Bup/Met [Methadone],Phase 3,0,0,0,0,0,,0.0,0,59.0,low_confidence,0.012747981991707725
3115,0,0.008285479900419319,NCT05164549,Opioid Use Disorder,Buprenorphine,Bup/Met [Buprenorphine],Phase 3,0,0,0,0,0,,0.0,0,59.0,low_confidence,0.008285479900419319
3116,0,0.012747981991707725,NCT05164549,Opioid Use Disorder,Methadone,Bup/Met + PSI [Methadone],Phase 3,0,0,0,0,0,,0.0,0,59.0,low_confidence,0.012747981991707725
3117,0,0.008285479900419319,NCT05164549,Opioid Use Disorder,Buprenorphine,Bup/Met + PSI [Buprenorphine],Phase 3,0,0,0,0,0,,0.0,0,59.0,low_confidence,0.008285479900419319
3118,0,0.7703704759389594,NCT05167825,Pulmonary Arterial Hypertension,Macitentan,Macitentan,Phase 3,0,0,0,0,0,,1.0,0,45.0,reliable,0.7703704759389594
3119,0,0.3347275921636726,NCT05171179,Mammaplasty,Exparel,Blocks+Bupivacaine+Exparel,Phase 3,0,1,0,0,0,,0.0,0,44.0,reliable,0.3347275921636726
3120,0,0.3494769391744613,NCT05174065,palmoplantar pustulosis,Apremilast,Apremilast,Phase 3,0,0,0,0,0,,0.0,0,44.0,reliable,0.3494769391744613
3121,0,0.5635835700616144,NCT05174416,hypertrophic cardiomyopathy,Mavacamten,Mavacamten,Phase 3,0,0,1,0,1,endpoint_surrogate_pass,1.0,0,22.0,reliable,0.15
3122,0,0.3737400599883534,NCT05175066,Cardiomyopathies; Chemotherapy Effect; Diastolic Dysfunction; Systolic Dysfunction,Bisoprolol,Bisoprolol,Phase 3,0,0,1,0,1,endpoint_surrogate_pass,0.0,0,44.0,reliable,0.15
3123,1,0.6097547585016906,NCT05182476,Schizophrenia,Luvadaxistat,Luvadaxistat treatment schedule 1,Phase 2,0,0,0,0,0,,0.0,0,70.0,low_confidence,0.6097547585016906
3126,0,0.9753342784212892,NCT05195242,COVID-19,Dexamethasone,Dexamethasone 12 mg,Phase 3,0,0,0,0,0,,0.0,0,35.0,reliable,0.9753342784212892
3127,0,0.7122011648443952,NCT05196347,Chronic Kidney Diseases,Dapagliflozin,dapagliflozin + integrated CKD care program,Phase 3,0,0,0,0,0,,0.0,0,29.0,reliable,0.7122011648443952
3128,0,0.014666199515266532,NCT05208398,Left Ventricular Thrombus,Apixaban,Apixaban,Phase 3,0,0,0,0,0,,1.0,0,22.0,reliable,0.014666199515266532
3129,0,0.040410851629663305,NCT05208398,Left Ventricular Thrombus,Warfarin,Warfarin,Phase 3,0,0,0,0,0,,1.0,0,22.0,reliable,0.040410851629663305
3130,0,0.012894865956140453,NCT05214911,allergic rhinitis,"Desloratadine , Prednisolone",Experimental drug (Desloratadine 0.5 mg/mL/Prednisolone 4 mg/mL),Phase 3,0,0,0,0,0,,0.0,0,54.0,low_confidence,0.012894865956140453
3131,0,0.012894865956140453,NCT05214911,allergic rhinitis,Desloratadine,Active Comparator: Desalex® (Desloratadine 0.5 mg/mL),Phase 3,0,0,0,0,0,,0.0,0,54.0,low_confidence,0.012894865956140453
3132,0,0.6622446709015131,NCT05216263,chronic migraine,Atogepant,Atogepant,Phase 3,0,0,0,0,0,,0.0,0,67.0,low_confidence,0.6622446709015131
3133,0,0.3026782367583781,NCT05223166,excessive daytime sleepiness,Pitolisant,Pitolisant,Phase 3,0,0,0,0,0,,0.0,0,44.0,reliable,0.3026782367583781
3134,1,0.8912791377463556,NCT05228834,Sickle Cell Disease,Voxelotor Only Product in Oral Dose Form,Active Drug,Phase 3,0,0,0,0,0,,,0,32.0,reliable,0.8912791377463556
3135,0,0.26181642737117283,NCT05233566,Postoperative Depression,Ketamine,Ketamine Arm,Phase 3,0,0,0,0,0,,0.0,0,78.0,low_confidence,0.26181642737117283
3136,1,0.9970444699434904,NCT05237284,Amyotrophic Lateral Sclerosis,Oditrasertib,SAR443820,Phase 2,0,0,0,0,0,,0.0,0,44.0,reliable,0.9970444699434904
3137,1,0.2978989691042445,NCT05253209,Ventricular Septal Defect; Atrioventricular Septal Defect; Primum Atrial Septal Defect,L-citrulline,Active,Phase 3,0,0,0,0,0,,0.0,0,44.0,reliable,0.2978989691042445
3138,1,0.42735147908182647,NCT05254990,Infectious Pneumonia; Severe COVID-19,Reparixin,Reparixin + standard of care (SoC),Phase 3,0,0,0,0,0,,0.0,0,18.0,reliable,0.42735147908182647
3139,1,0.7483420749858436,NCT05267106,Glioblastoma; Adult-type Diffuse Gliomas,Pemigatinib,Cohort A: IDH-wild-type GBM,Phase 2,1,0,0,0,0,,0.0,0,15.0,reliable,0.7483420749858436
3141,0,0.09995368707306865,NCT05280496,Diabetes,Metformin,Metformin,Phase 3,0,0,1,0,1,endpoint_surrogate_pass,0.0,0,25.0,reliable,0.09995368707306865
3142,0,0.0326767275308038,NCT05291598,total hip arthroplasty,Ketorolac,Ketorolac group,Phase 3,0,0,0,0,0,,0.0,0,42.0,reliable,0.0326767275308038
3143,0,0.005148270405040188,NCT05291598,total hip arthroplasty,IV meloxicam,IV meloxicam group,Phase 3,0,0,0,0,0,,0.0,0,42.0,reliable,0.005148270405040188
3144,0,0.005953565269237777,NCT05301517,anemia,Roxadustat,Roxadustat,Phase 3,0,0,1,0,1,endpoint_surrogate_pass,0.0,0,29.0,reliable,0.005953565269237777
3145,0,0.16651333258392825,NCT05311475,seasonal allergic rhinitis,Azelastine,Mometasone + Azelastine,Phase 3,0,1,0,0,0,,0.0,0,54.0,low_confidence,0.16651333258392825
3146,0,0.34369542253155955,NCT05320575,hemophagocytic lymphohistiocytosis,Zanubrutinib,zanubrutinib,Phase 3,0,0,1,0,1,endpoint_surrogate_pass,0.0,0,44.0,reliable,0.15
3147,1,0.6396949259772902,NCT05323734,tuberous sclerosis,Ganaxolone,Ganaxolone (GNX),Phase 3,0,0,0,0,0,,0.0,0,44.0,reliable,0.6396949259772902
3148,1,0.5989287812016018,NCT05327803,MAC Lung Disease; Treatment Refractory MAC Lung Disease,Epetraborole,epetraborole + OBR,Phase 2/3,0,0,0,0,0,,,0,,unscored,0.5989287812016018
3149,1,0.7822141976239569,NCT05342623,Chronic Kidney Diseases; Pruritus,Difelikefalin,Difelikefalin 1 mg Oral Tablet,Phase 3,0,0,0,0,0,,,0,,unscored,0.7822141976239569
3150,1,0.7822141976239569,NCT05356403,Chronic Kidney Diseases; Pruritus,Difelikefalin,Difelikefalin 1 mg Oral Tablet,Phase 3,0,0,0,0,0,,,0,,unscored,0.7822141976239569
3152,0,0.1401726682419216,NCT05364190,Chronic Heart Failure; Acute Heart Failure; Diabetes Mellitus,Canagliflozin,Group A(Intervention group),Phase 3,0,0,0,0,0,,0.0,0,19.0,reliable,0.1401726682419216
3153,0,0.13786692530500658,NCT05364190,Chronic Heart Failure; Acute Heart Failure; Diabetes Mellitus,Empagliflozin,Group B,Phase 3,0,0,0,0,0,,0.0,0,19.0,reliable,0.13786692530500658
3154,0,0.007599092027281572,NCT05369793,type 2 diabetes mellitus,Roflumilast,Roflumilast arm,Phase 3,0,0,1,0,1,endpoint_surrogate_pass,0.0,0,25.0,reliable,0.007599092027281572
3155,0,0.092847351363106,NCT05385744,Multiple Sclerosis,Teriflunomide,"Teriflunomide, 14 mg orally",Phase 3,0,0,0,0,0,,0.0,0,50.0,low_confidence,0.092847351363106
3156,1,0.1838934582780877,NCT05386550,Head and Neck Cancer,Xevinapant,Xevinapant + IMRT,Phase 3,1,0,0,0,0,,,0,,unscored,0.1838934582780877
3157,1,0.6553790612602839,NCT05387707,Pruritus; Atopic Dermatitis,Difelikefalin,Difelikefalin 0.25 mg tablets plus TCS cream,Phase 3,0,1,0,0,0,,,0,,unscored,0.6553790612602839
3158,1,0.9140583680878483,NCT05395494,Fibromyalgia,D-Cycloserine,D-Cycloserine,Phase 2,0,0,0,0,0,,0.0,0,90.0,low_confidence,0.9140583680878483
3159,0,0.00426900370321383,NCT05399485,migraine,Rimegepant,Rimegepant,Phase 3,0,0,0,0,0,,0.0,0,78.0,low_confidence,0.00426900370321383
3160,0,0.1067507038269117,NCT05414175,cardiomyopathy,Mavacamten,Mavacamten,Phase 3,0,0,1,0,1,endpoint_surrogate_pass,0.0,0,22.0,reliable,0.1067507038269117
3161,0,0.33201914708434016,NCT05424445,Labor induction,Misoprostol,Cytotec®,Phase 3,0,0,0,0,0,,0.0,0,44.0,reliable,0.33201914708434016
3162,0,0.28675756379502965,NCT05430217,Vertigo; Autonomic Dysfunction,Buspirone,"Buspirone, sustained-release tablets, 15 mg",Phase 3,0,0,0,0,0,,0.0,0,81.0,low_confidence,0.28675756379502965
3163,0,0.008887092661119162,NCT05437224,pulmonary arterial hypertension,Ambrisentan,ambrisentan,Phase 3,0,0,0,0,0,,1.0,0,45.0,reliable,0.008887092661119162
3164,0,0.08951073947875578,NCT05438875,purpura,all-trans retinoic acid,ATRA and Eltrombopag,Phase 3,0,1,1,0,1,endpoint_surrogate_pass,0.0,0,44.0,reliable,0.08951073947875578
3165,1,0.39118757443448465,NCT05439356,Ischemic stroke,Colchicine,Colchicine Group,Phase 3,0,0,0,0,0,,0.0,0,22.0,reliable,0.39118757443448465
3166,0,0.49721913538417706,NCT05439616,autism spectrum disorder,Cariprazine,Cariprazine,Phase 3,0,0,0,0,0,,0.0,0,62.0,low_confidence,0.49721913538417706
3167,0,0.004957489028956468,NCT05451147,Diabetes Mellitus,Metformin Hydrochloride,GROUP B,Phase 3,0,0,0,0,0,,0.0,0,19.0,reliable,0.004957489028956468
3168,0,0.8362713805870012,NCT05458609,Alcohol Use Disorder,Lemborexant,Lemborexant plus Naltrexone,Phase 3,0,1,0,0,0,,0.0,0,59.0,low_confidence,0.8362713805870012
3169,0,0.5404512435470747,NCT05461573,Contraception; Change in Bone Mineral Density,Drospirenone,"Part A - An investigation of the efficacy, safety, and tolerability of LPRI-CF113",Phase 3,0,0,0,0,0,,,0,,unscored,0.5404512435470747
3170,0,0.012432634604972395,NCT05475665,Essential Hypertension,Amlodipine,Irbesartan/Amlodipine,Phase 3,0,1,1,0,1,endpoint_surrogate_pass,0.0,0,18.0,reliable,0.012432634604972395
3171,0,0.012432634604972395,NCT05476354,Essential Hypertension,Amlodipine low,Irbesartan/Amlodipine low,Phase 3,0,1,1,0,1,endpoint_surrogate_pass,0.0,0,18.0,reliable,0.012432634604972395
3172,0,0.012432634604972395,NCT05476354,Essential Hypertension,Amlodipine high,Irbesartan/Amlodipine high,Phase 3,0,1,1,0,1,endpoint_surrogate_pass,0.0,0,18.0,reliable,0.012432634604972395
3173,0,0.02873381093356924,NCT05485805,Pain,Naproxen sodium; caffeine (BAY2880376,Naproxen sodium/caffeine - Dose 1,Phase 3,0,0,0,0,0,,0.0,0,88.0,low_confidence,0.02873381093356924
3174,0,0.02512943991171255,NCT05485805,Pain,Naproxen sodium (Aleve),Naproxen sodium,Phase 3,0,0,0,0,0,,0.0,0,88.0,low_confidence,0.02512943991171255
3175,0,0.026796431781434975,NCT05485805,Pain,Caffeine,Caffeine,Phase 3,0,0,0,0,0,,0.0,0,88.0,low_confidence,0.026796431781434975
3176,1,0.24794657515555918,NCT05517668,Acetaminophen Poisoning,Intravenous infusion of Fomepizole (4-MP),N-acetylcysteine (NAC) and Fomepizole (4-MP) (Study),Phase 2,0,1,0,0,0,,0.0,0,,unscored,0.24794657515555918
3177,0,0.9953188468057125,NCT05523323,Head and Neck Squamous Cell Carcinoma,Lenvatinib,Pembrolizumab + Lenvatinib,Phase 3,1,1,0,0,0,,0.0,0,,unscored,0.9953188468057125
3178,1,0.9873496031280362,NCT05543707,COVID-19,PBI-0451 (Pomotrelvir),PBI-0451 (Pomotrelvir),Phase 2,0,0,0,0,0,,0.0,0,35.0,reliable,0.9873496031280362
3179,1,0.49748399228361884,NCT05557942,Pulmonary Arterial Hypertension,Av-101,Continuing AV-101 10 mg,Phase 3,0,0,0,0,0,,,0,45.0,reliable,0.49748399228361884
3180,0,0.3154029327668025,NCT05564286,Chemoradiotherapy in Cervical Cancer,Fosaprepitant,fosaprepitant group,Phase 3,1,1,0,0,0,,0.0,0,15.0,reliable,0.3154029327668025
3181,1,0.5007321304985957,NCT05568225,"Very Low Risk, Low Risk, or Intermediate Risk MDS Per IPSS-R",Etavopivat,Etavopivat 400 mg QD daily,Phase 2,0,0,0,0,0,,0.0,0,44.0,reliable,0.5007321304985957
3182,0,0.4078582905956217,NCT05570292,Gastric Residual Volume,Domperidone,Domperidone,Phase 3,0,0,0,0,0,,0.0,0,44.0,reliable,0.4078582905956217
3183,0,0.009033396997751787,NCT05576675,Gastrointestinal Surgery,sufentanil; nalbuphine,SN group,Phase 3,0,1,0,0,0,,0.0,0,42.0,reliable,0.009033396997751787
3184,0,0.015218371672335588,NCT05576675,Gastrointestinal Surgery,hydromorphone; nalbuphine,HN group,Phase 3,0,1,0,0,0,,0.0,0,42.0,reliable,0.015218371672335588
3185,0,0.01389916232159264,NCT05576675,Gastrointestinal Surgery,Sufentanil,S group,Phase 3,0,0,0,0,0,,0.0,0,42.0,reliable,0.01389916232159264
3186,1,0.1067507038269117,NCT05582395,cardiomyopathy,Mavacamten,Mavacamten,Phase 3,0,0,0,0,0,,0.0,0,22.0,reliable,0.1067507038269117
3187,0,0.013609683513357807,NCT05586971,gout,Allopurinol,Titrated allopurinol (100-800mg),Phase 3,0,0,0,0,0,,0.0,0,44.0,reliable,0.013609683513357807
3188,1,0.4845392733786921,NCT05593770,COVID-19; SARS-CoV2 Infection; Coronavirus Infection,Fostamatinib,Fostamatinib,Phase 2/3,0,0,0,0,0,,,0,,unscored,0.4845392733786921
3189,0,0.004510577364676109,NCT05601882,atopic dermatitis,Upadacitinib,Dupilumab -> Upadacitinib (Period 2),Phase 3,0,0,0,0,0,,0.0,0,52.0,low_confidence,0.004510577364676109
3190,1,0.9933178331961511,NCT05603143,COVID-19,Obeldesivir,Obeldesivir,Phase 3,0,0,0,0,0,,,0,35.0,reliable,0.9933178331961511
3191,1,0.30989039197080326,NCT05605093,Respiratory Infection,Shionogi Protease Inhibitor (S-217622),S-217622 (ensitrelvir) plus standard of care (SOC),Phase 3,0,0,0,0,0,,0.0,0,20.0,reliable,0.30989039197080326
3193,0,0.3975700733051212,NCT05617820,Dyspareunia,Imvexxy,IMVEXXY® (estradiol vaginal inserts) 4 mcg,Phase 3,0,0,0,0,0,,0.0,0,44.0,reliable,0.3975700733051212
3194,0,0.007033656697157659,NCT05620641,Post Operative Nausea and Vomiting; Sleeve Gastrectomy; Morbid Obesity,Ondansetron,Group 1,Phase 3,0,0,0,0,0,,0.0,0,75.0,low_confidence,0.007033656697157659
3195,0,0.029571096567456434,NCT05620641,Post Operative Nausea and Vomiting; Sleeve Gastrectomy; Morbid Obesity,Gabapentin,Group 2,Phase 3,0,0,0,0,0,,0.0,0,75.0,low_confidence,0.029571096567456434
3196,0,0.18011880883497106,NCT05630833,Recurrent urinary tract infections,Gepotidacin,Gepotidacin + Placebo,Phase 3,0,0,0,0,0,,0.0,0,20.0,reliable,0.18011880883497106
3197,0,0.05243345941434261,NCT05630833,Recurrent urinary tract infections,Nitrofurantoin,Nitrofurantoin + Placebo,Phase 3,0,0,0,0,0,,0.0,0,20.0,reliable,0.05243345941434261
3198,0,0.34850428279243706,NCT05639946,neuropathic pain,brivaracetam,Experimental group,Phase 3,0,0,0,0,0,,0.0,0,81.0,low_confidence,0.34850428279243706
3199,1,0.47811942083459574,NCT05650567,Dermatomyositis; Polymyositis,M5049 high dose,Double-blind Placebo Controlled (DBPC) Period: M5049 high dose,Phase 2,0,0,0,0,0,,0.0,0,44.0,reliable,0.47811942083459574
3200,0,0.13046178333165862,NCT05656027,presbyopia,Aceclidine ophthalmic solution,Aceclidine Ophthalmic Solution (LNZ100) dosed bilaterally,Phase 3,0,0,0,0,0,,0.0,0,44.0,reliable,0.13046178333165862
3201,0,0.2840366502124457,NCT05656027,presbyopia,Brimonidine,Brimonidine ophthalmic solution dosed bilaterally,Phase 3,0,0,0,0,0,,0.0,0,44.0,reliable,0.2840366502124457
3202,0,0.246754699051708,NCT05663827,Steroid Refractory GVHD,Ruxolitinib,Ruxolitinib add-on group,Phase 3,0,0,0,0,0,,0.0,0,22.0,reliable,0.246754699051708
3203,0,0.36829762918923137,NCT05680870,Chemotherapy Induced Peripheral Neuropathy,Omeprazole,Intervention group,Phase 3,0,0,0,0,0,,0.0,0,,unscored,0.36829762918923137
3204,0,0.014401922455963584,NCT05682326,anemia,Daprodustat,Daprodustat,Phase 3,0,0,0,0,0,,0.0,0,29.0,reliable,0.014401922455963584
3205,0,0.12873962853520327,NCT05690698,Hyperactive Delirium,Haloperidol,Haloperidol group (n=50),Phase 3,0,0,0,0,0,,0.0,0,18.0,reliable,0.12873962853520327
3206,0,0.316370827624679,NCT05692154,seasonal allergic rhinitis,Fexofenadine,Arm A (active-active),Phase 3,0,0,0,0,0,,0.0,0,54.0,low_confidence,0.316370827624679
3208,0,0.005153590962677755,NCT05705089,Left Ventricular Thrombus; ST Segment Elevation Myocardial Infarction,Rivaroxaban,Rivaroxaban-based antithrombotic regimen,Phase 3,0,0,0,0,0,,1.0,0,22.0,reliable,0.005153590962677755
3209,0,0.0019286266716571358,NCT05705089,Left Ventricular Thrombus; ST Segment Elevation Myocardial Infarction,Warfarin,warfarin-based antithrombotic regimen,Phase 3,0,0,0,0,0,,1.0,0,22.0,reliable,0.0019286266716571358
3210,0,0.2559881518350088,NCT05722951,Epilepsy,Metformin,Treatment group,Phase 3,0,1,0,0,0,,0.0,0,48.0,reliable,0.2559881518350088
3211,1,0.26643275067966166,NCT05732454,"Atopic Dermatitis; Atopic Dermatitis, Unspecified; Eczema; Eczema, Atopic",etrasimod,etrasimod,Phase 2/3,0,0,0,0,0,,0.0,0,52.0,low_confidence,0.26643275067966166
3212,0,0.5947077568799285,NCT05753670,Postoperative Retention of Urine,Tamsulosin,Tamsulosin,Phase 3,0,0,0,0,0,,0.0,0,42.0,reliable,0.5947077568799285
3213,0,0.2547379871042041,NCT05754996,hepatic encephalopathy,Nifuroxazide,lactulose plus Rifaximin plus nifuroxazide,Phase 3,0,1,0,0,0,,0.0,0,29.0,reliable,0.2547379871042041
3215,0,0.33201914708434016,NCT05761418,uterine fibroids,Misoprostol,Misoprostol,Phase 3,0,0,0,0,0,,0.0,0,44.0,reliable,0.33201914708434016
3216,0,0.018932003702373253,NCT05761574,Pain,Naproxen Sodium Fixed Combination,Acetaminophen/Naproxen Sodium Fixed Combination,Phase 3,0,1,0,0,0,,0.0,0,88.0,low_confidence,0.018932003702373253
3218,0,0.017455465847294686,NCT05763875,Hypercholesterolemia,Ezetimibe,Ezetimibe,Phase 3,0,0,0,0,0,,0.0,0,22.0,reliable,0.017455465847294686
3219,0,0.31366442492631,NCT05773846,Post-surgical Pain,Ropivacaine,PRF-110,Phase 3,0,0,1,0,1,endpoint_surrogate_pass,0.0,0,81.0,low_confidence,0.15
3220,0,0.3356013772797821,NCT05779241,Schizophrenia; Schizoaffective Disorder,LYN-005,LYN-005 Containing 15-mg Risperidone,Phase 3,0,0,0,0,0,,0.0,0,65.0,low_confidence,0.3356013772797821
3221,0,0.3356013772797821,NCT05779241,Schizophrenia; Schizoaffective Disorder,Risperidone,LYN-005 Containing 45-mg Risperidone,Phase 3,0,0,0,0,0,,0.0,0,65.0,low_confidence,0.3356013772797821
3222,0,0.008806094747436762,NCT05782192,Type 2 Diabetes,Alogliptin,Alogliptin,Phase 3,0,0,1,0,1,endpoint_surrogate_pass,0.0,0,25.0,reliable,0.008806094747436762
3223,0,0.3809989268929481,NCT05782894,Sedative; Mechanical Ventilation,Remimazolam besylate,Remimazolam besylate,Phase 3,0,1,0,0,0,,,0,,unscored,0.3809989268929481
3224,0,0.18005834155619885,NCT05782894,Sedative; Mechanical Ventilation,Propofol,Propofol,Phase 3,0,1,0,0,0,,,0,,unscored,0.18005834155619885
3225,0,0.5575105581740964,NCT05794555,Cirrhosis,Lactulose,Treatment (Lactulose) plus Enhanced Usual Care then TeleTai-Chi exercise classes,Phase 3,0,0,0,0,0,,0.0,0,29.0,reliable,0.5575105581740964
3226,0,0.00426900370321383,NCT05810038,migraine,Rimegepant,DBT Rimegepant/OLE Rimegepant,Phase 3,0,0,0,0,0,,0.0,0,78.0,low_confidence,0.00426900370321383
3227,0,0.5697563999273383,NCT05811676,"Hemorrhage, Postpartum; Placenta Previa",Tranexamic acid,study group,Phase 3,0,0,0,0,0,,0.0,0,22.0,reliable,0.5697563999273383
3228,0,0.1393166281181528,NCT05836545,Procedural Sedation,Midazolam,Midazolam,Phase 3,0,0,0,0,0,,0.0,0,,unscored,0.1393166281181528
3229,0,0.2845770840663005,NCT05836545,Procedural Sedation,Remimazolam,Remimazolam,Phase 3,0,0,0,0,0,,0.0,0,,unscored,0.2845770840663005
3230,0,0.25443161978225043,NCT05848492,Invasive Candidiases,Fluconazole,Prophylactic Fluconazole,Phase 3,0,0,0,0,0,,0.0,0,20.0,reliable,0.25443161978225043
3231,0,0.08855251029525936,NCT05861427,migraine,Atogepant,Atogepant Dose A,Phase 3,0,0,0,0,0,,0.0,0,78.0,low_confidence,0.08855251029525936
3232,1,0.943142317636853,NCT05894577,Covid19,Montelukast,Arm F - Montelukast,Phase 3,0,0,0,0,0,,,0,18.0,reliable,0.943142317636853
3233,0,0.08550456081823307,NCT05921942,Colon Cancer,Metformin,Group B,Phase 3,1,0,0,0,0,,0.0,0,15.0,reliable,0.08550456081823307
3235,0,0.07706353972149108,NCT05950061,Major Depressive Disorder,Sertraline,Sertraline,Phase 3,0,0,0,0,0,,0.0,0,90.0,low_confidence,0.07706353972149108
3236,0,0.14538689261315735,NCT05950061,Major Depressive Disorder,Escitalopram,Escitalopram,Phase 3,0,0,0,0,0,,0.0,0,90.0,low_confidence,0.14538689261315735
3237,1,0.7822141976239569,NCT05978063,Pruritus; Notalgia Paresthetica,Difelikefalin,Difelikefalin 0.25 mg tablets,Phase 2/3,0,0,0,0,0,,,0,,unscored,0.7822141976239569
3238,0,0.07640153094947538,NCT05988671,Laparoscopic Cholecystectomy; Postoperative Nausea and Vomiting,Dexamethasone,dexamethasone group,Phase 3,0,0,0,0,0,,0.0,0,75.0,low_confidence,0.07640153094947538
3239,0,0.6509598712375523,NCT05989048,Migraine,Zavegepant,Zavegepant,Phase 3,0,0,0,0,0,,,0,78.0,low_confidence,0.6509598712375523
3240,1,0.9933178331961511,NCT05996744,COVID-19,Obeldesivir,"ODV 175 mg Twice Daily, Cohort 2: ≥ 6 Years to < 18 Years and Weight ≥ 20 kg to < 40 kg",Phase 2/3,0,0,0,0,0,,,0,35.0,reliable,0.9933178331961511
3241,0,0.010848275318936862,NCT06010693,insomnia,Daridorexant,Daridorexant,Phase 3,0,0,1,0,1,endpoint_surrogate_pass,0.0,0,82.0,low_confidence,0.010848275318936862
3242,0,0.6064986394716921,NCT06013345,atrial fibrillation,Propofol,Arm P,Phase 3,0,0,0,0,0,,0.0,0,22.0,reliable,0.6064986394716921
3243,0,0.8648384142875909,NCT06013345,atrial fibrillation,Remimazolam,Arm R,Phase 3,0,0,0,0,0,,0.0,0,22.0,reliable,0.8648384142875909
3244,0,0.6064986394716921,NCT06013345,atrial fibrillation,Propofol,Arm TIVA (Total Intravenous Anesthesia),Phase 3,0,0,0,0,0,,0.0,0,22.0,reliable,0.6064986394716921
3245,1,0.4907069397087122,NCT06013371,Seborrheic Dermatitis; Papulopustular Rosacea,PF-07038124,PF-07038124,Phase 2,0,0,0,0,0,,0.0,0,52.0,low_confidence,0.4907069397087122
3246,1,0.9798594486351682,NCT06042855,Covid19,Metformin,Arm G - Metformin,Phase 3,0,0,0,0,0,,0.0,0,18.0,reliable,0.9798594486351682
3248,0,0.5837335267067003,NCT06076486,Endometriosis,Elagolix,Elagolix 200 mg BID,Phase 3,0,0,0,0,0,,,0,,unscored,0.5837335267067003
3249,0,0.010793711137452738,NCT06088043,plaque psoriasis,Zasocitinib,TAK-279,Phase 3,0,0,0,0,0,,0.0,0,45.0,reliable,0.010793711137452738
3250,0,0.01432423580362679,NCT06088043,plaque psoriasis,Apremilast,Apremilast,Phase 3,0,0,0,0,0,,0.0,0,45.0,reliable,0.01432423580362679
3252,0,0.5534336772162907,NCT06103825,sleep apnea,Solriamfetol,"Strengths of solriamfetol (JZP-110) strengths: 37.5 mg，75 mg, 150 mg",Phase 3,0,0,0,0,0,,0.0,0,67.0,low_confidence,0.5534336772162907
3253,0,0.010793711137452738,NCT06108544,plaque psoriasis,Zasocitinib,TAK-279,Phase 3,0,0,0,0,0,,0.0,0,45.0,reliable,0.010793711137452738
3254,0,0.01432423580362679,NCT06108544,plaque psoriasis,Apremilast,Apremilast,Phase 3,0,0,0,0,0,,0.0,0,45.0,reliable,0.01432423580362679
3255,1,0.26606401812662517,NCT06108739,Hematologic Malignancy,Cyclophosphamid,ATG-PTCy cohort,Phase 3,0,1,0,0,0,,,0,,unscored,0.26606401812662517
3256,0,0.01432423580362679,NCT06122649,plaque psoriasis,apremilast,Active Treatment Phase,Phase 3,0,0,0,0,0,,0.0,0,45.0,reliable,0.01432423580362679
3257,0,0.008329419472604153,NCT06135415,actinic keratosis,Tirbanibulin,Tirbanibulin 10 mg/g,Phase 3,0,0,0,0,0,,0.0,0,52.0,low_confidence,0.008329419472604153
3258,0,0.12690232553923142,NCT06146478,Transfusion-dependent Beta-Thalassemia,Thalidomide,Thalidomide Group,Phase 3,0,0,0,0,0,,0.0,0,32.0,reliable,0.12690232553923142
3261,0,0.008312365651379716,NCT06192108,Type 2 Diabetes,Dapagliflozin,Dapagliflozin,Phase 3,0,0,1,0,1,endpoint_surrogate_pass,0.0,0,25.0,reliable,0.008312365651379716
3262,0,0.4634545291504547,NCT06206408,hot flashes,Fezolinetant,Fezolinetant high dose,Phase 3,0,0,0,0,0,,0.0,0,62.0,low_confidence,0.4634545291504547
3263,0,0.342986490358799,NCT06215820,Acute Pain; Post Operative Pain; Pain,Tramadol,Tramadol,Phase 3,0,0,0,0,0,,0.0,0,81.0,low_confidence,0.342986490358799
3264,0,0.342986490358799,NCT06215859,Acute Pain; Post Operative Pain; Pain,Tramadol,Tramadol,Phase 3,0,0,0,0,0,,0.0,0,81.0,low_confidence,0.342986490358799
3265,0,0.682923365116534,NCT06258785,postoperative urinary retention,Tizanidine,Tizanidine,Phase 3,0,0,0,0,0,,0.0,0,54.0,low_confidence,0.682923365116534
3266,0,0.5158504659919958,NCT06278402,Alopecia Areata; Alopecia Totalis; Alopecia Universalis,Tofacitinib,Tofacitinib,Phase 3,0,0,0,0,0,,0.0,0,52.0,low_confidence,0.5158504659919958
3267,0,0.010569021803890948,NCT06288685,pain,Triamcinolone,group1,Phase 3,0,0,0,0,0,,0.0,0,88.0,low_confidence,0.010569021803890948
3268,0,0.20973558080818688,NCT06297954,upper gastrointestinal bleeding,Metoclopramide,Metoclopramide,Phase 3,0,0,0,0,0,,0.0,0,22.0,reliable,0.20973558080818688
3269,0,0.26181642737117283,NCT06310850,Epidural Catheterization; Thoracic; Procedural Pain,Ketamine,Group Ketamine,Phase 3,0,0,0,0,0,,0.0,0,81.0,low_confidence,0.26181642737117283
3270,1,0.4420938267692103,NCT06313632,Pleural Disease; Postoperative Pain,Bupivacaine injection,ESP with Bupivacaine Group,Phase 3,0,0,0,0,0,,,0,,unscored,0.4420938267692103
3271,0,0.03479639855366136,NCT06318481,"Stent Thrombosis; Myocardial Infarction, Acute",Ticagrelor,Treatment Group,Phase 3,0,0,0,0,0,,0.0,0,22.0,reliable,0.03479639855366136
3272,0,0.00689090176580813,NCT06318481,"Stent Thrombosis; Myocardial Infarction, Acute",Clopidogrel,Control Group,Phase 3,0,0,0,0,0,,0.0,0,22.0,reliable,0.00689090176580813
3274,0,0.005820215220954427,NCT06413082,Hypertension,Torasemide,Torasemide,Phase 3,0,0,1,0,1,endpoint_surrogate_pass,0.0,0,25.0,reliable,0.005820215220954427
3275,0,0.006445073054237476,NCT06413082,Hypertension,Spironolactone,Spironolactone,Phase 3,0,0,1,0,1,endpoint_surrogate_pass,0.0,0,25.0,reliable,0.006445073054237476
3276,0,0.008312365651379716,NCT06415773,Type 2 Diabetes,Dapagliflozin,Dapagliflozin,Phase 3,0,0,1,0,1,endpoint_surrogate_pass,0.0,0,25.0,reliable,0.008312365651379716
3277,0,0.09478028254844412,NCT06416735,essential hypertension,Amiloride,patients carriers of variant T (GT or TT),Phase 3,0,0,0,0,0,,0.0,0,18.0,reliable,0.09478028254844412
3279,0,0.006227215471458816,NCT06450366,Hypercholesterolemia,Enlicitide,Enlicitide,Phase 3,0,0,0,0,0,,,0,22.0,reliable,0.006227215471458816
3280,0,0.012305680427419946,NCT06450366,Hypercholesterolemia,Bempedoic Acid,Ezetimibe + Bempedoic Acid,Phase 3,0,1,0,0,0,,,0,22.0,reliable,0.012305680427419946
3281,0,0.3097934878515784,NCT06466369,BPH With Other Lower Urinary Tract Symptoms,Tadalafil,High-dose intervention group,Phase 3,0,0,0,0,0,,0.0,0,54.0,low_confidence,0.3097934878515784
3282,0,0.30088185934776523,NCT06486870,PCOS (Polycystic Ovary Syndrome) of Bilateral Ovaries,Letrozole,letrozole,Phase 3,0,0,0,0,0,,0.0,0,44.0,reliable,0.30088185934776523
3283,1,0.3485578128402395,NCT06514742,Major Depressive Disorder,Aticaprant,Aticaprant,Phase 3,0,0,0,0,0,,0.0,0,90.0,low_confidence,0.3485578128402395
3286,0,0.027206351919819682,NCT06590870,Procedural Pain,Fentanyl,Intranasal fentanyl plus standard of care,Phase 3,0,0,0,0,0,,0.0,0,81.0,low_confidence,0.027206351919819682
3287,0,0.01427264340993103,NCT06616441,postoperative pain,Bupivacaine,Grouo A,Phase 3,0,0,0,0,0,,0.0,0,81.0,low_confidence,0.01427264340993103
3289,0,0.4088804576934691,NCT06714669,intraoperative hypotension,Remimazolam,Experimental Arm: Remimazolam Group,Phase 3,0,0,0,0,0,,0.0,0,18.0,reliable,0.4088804576934691
3290,0,0.20572042005947386,NCT06714669,intraoperative hypotension,propofol,Control Arm: Propofol Group,Phase 3,0,0,0,0,0,,0.0,0,18.0,reliable,0.20572042005947386
3292,0,0.12866294094123248,NCT06754410,Lower Ureteric Stones,Cetirizine,Cetirizine + Tamsulosin,Phase 3,0,1,0,0,0,,0.0,0,44.0,reliable,0.12866294094123248
3294,0,0.03170572107697488,NCT06948513,Pain Management,Naproxen,Naproxen,Phase 3,0,0,0,0,0,,0.0,0,81.0,low_confidence,0.03170572107697488
3295,0,0.0022408667592964597,NCT06948513,Pain Management,ibuprofen,Control,Phase 3,0,0,0,0,0,,0.0,0,81.0,low_confidence,0.0022408667592964597
3296,1,0.35456728526923076,NCT06964165,Ovarian Cancer,Niraparib,Cohort C (Niraparib),Phase 2,1,0,0,0,0,,0.0,0,22.0,reliable,0.35456728526923076
3297,1,0.12426903700558219,NCT06964165,Ovarian Cancer,Carboplatin; Paclitaxel,Cohort C (Carboplatin + Paclitaxel),Phase 2,1,1,0,0,0,,0.0,0,22.0,reliable,0.12426903700558219
3298,0,0.010848275318936862,NCT07028697,insomnia,Daridorexant,Daridorexant,Phase 3,0,0,1,0,1,endpoint_surrogate_pass,0.0,0,82.0,low_confidence,0.010848275318936862
3299,0,0.0060012948189959395,NCT07043049,Shivering,Tramadol,Tramadol Group,Phase 3,0,0,0,0,0,,0.0,0,44.0,reliable,0.0060012948189959395
3300,0,0.006740599462599144,NCT07043049,Shivering,Ketamine,Ketamine Group,Phase 3,0,0,0,0,0,,0.0,0,44.0,reliable,0.006740599462599144
3301,0,0.45370848379206397,NCT07079540,Reflux Esophagitis,Lansoprazole,lansoprazole 30mg QD,Phase 3,0,0,0,0,0,,0.0,0,44.0,reliable,0.45370848379206397
3302,0,0.02258017768590626,NCT07194694,Pain,Dexmedetomidine & Bupivacaine.,DEX on TAP,Phase 3,0,0,1,0,1,endpoint_surrogate_pass,0.0,0,88.0,low_confidence,0.02258017768590626
3303,0,0.014576481461739838,NCT07194694,Pain,ketamine,KET on TAP,Phase 3,0,1,1,0,1,endpoint_surrogate_pass,0.0,0,88.0,low_confidence,0.014576481461739838
3304,0,0.007522912209146568,NCT07326904,Gastro Oesophageal Reflux Disease,Fexuprazan,Fexuprazan 40 mg,Phase 3,0,0,0,0,0,,0.0,0,44.0,reliable,0.007522912209146568
3305,0,0.007305617159182517,NCT07326904,Gastro Oesophageal Reflux Disease,Esomeprazole,Esomeprazole 40 mg,Phase 3,0,0,0,0,0,,0.0,0,44.0,reliable,0.007305617159182517
